   1              	 .syntax unified
   2              	 .cpu cortex-m4
   3              	 .eabi_attribute 27,3
   4              	 .fpu fpv4-sp-d16
   5              	 .eabi_attribute 20,1
   6              	 .eabi_attribute 21,1
   7              	 .eabi_attribute 23,3
   8              	 .eabi_attribute 24,1
   9              	 .eabi_attribute 25,1
  10              	 .eabi_attribute 26,1
  11              	 .eabi_attribute 30,6
  12              	 .eabi_attribute 34,1
  13              	 .eabi_attribute 18,4
  14              	 .thumb
  15              	 .file "spi_slave_conf.c"
  16              	 .text
  17              	.Ltext0:
  18              	 .cfi_sections .debug_frame
  19              	 .section .text.__NVIC_GetPriorityGrouping,"ax",%progbits
  20              	 .align 2
  21              	 .thumb
  22              	 .thumb_func
  24              	__NVIC_GetPriorityGrouping:
  25              	.LFB106:
  26              	 .file 1 "D:/Projekty/TrinityTrack6000/MainControlBoard/Infineon/XMC4200/Libraries/CMSIS/Include/core_cm4.h"
   1:D:/Projekty/TrinityTrack6000/MainControlBoard/Infineon/XMC4200/Libraries/CMSIS/Include\core_cm4.h **** /**************************************************************************//**
   2:D:/Projekty/TrinityTrack6000/MainControlBoard/Infineon/XMC4200/Libraries/CMSIS/Include\core_cm4.h ****  * @file     core_cm4.h
   3:D:/Projekty/TrinityTrack6000/MainControlBoard/Infineon/XMC4200/Libraries/CMSIS/Include\core_cm4.h ****  * @brief    CMSIS Cortex-M4 Core Peripheral Access Layer Header File
   4:D:/Projekty/TrinityTrack6000/MainControlBoard/Infineon/XMC4200/Libraries/CMSIS/Include\core_cm4.h ****  * @version  V5.1.1
   5:D:/Projekty/TrinityTrack6000/MainControlBoard/Infineon/XMC4200/Libraries/CMSIS/Include\core_cm4.h ****  * @date     27. March 2020
   6:D:/Projekty/TrinityTrack6000/MainControlBoard/Infineon/XMC4200/Libraries/CMSIS/Include\core_cm4.h ****  ******************************************************************************/
   7:D:/Projekty/TrinityTrack6000/MainControlBoard/Infineon/XMC4200/Libraries/CMSIS/Include\core_cm4.h **** /*
   8:D:/Projekty/TrinityTrack6000/MainControlBoard/Infineon/XMC4200/Libraries/CMSIS/Include\core_cm4.h ****  * Copyright (c) 2009-2020 Arm Limited. All rights reserved.
   9:D:/Projekty/TrinityTrack6000/MainControlBoard/Infineon/XMC4200/Libraries/CMSIS/Include\core_cm4.h ****  *
  10:D:/Projekty/TrinityTrack6000/MainControlBoard/Infineon/XMC4200/Libraries/CMSIS/Include\core_cm4.h ****  * SPDX-License-Identifier: Apache-2.0
  11:D:/Projekty/TrinityTrack6000/MainControlBoard/Infineon/XMC4200/Libraries/CMSIS/Include\core_cm4.h ****  *
  12:D:/Projekty/TrinityTrack6000/MainControlBoard/Infineon/XMC4200/Libraries/CMSIS/Include\core_cm4.h ****  * Licensed under the Apache License, Version 2.0 (the License); you may
  13:D:/Projekty/TrinityTrack6000/MainControlBoard/Infineon/XMC4200/Libraries/CMSIS/Include\core_cm4.h ****  * not use this file except in compliance with the License.
  14:D:/Projekty/TrinityTrack6000/MainControlBoard/Infineon/XMC4200/Libraries/CMSIS/Include\core_cm4.h ****  * You may obtain a copy of the License at
  15:D:/Projekty/TrinityTrack6000/MainControlBoard/Infineon/XMC4200/Libraries/CMSIS/Include\core_cm4.h ****  *
  16:D:/Projekty/TrinityTrack6000/MainControlBoard/Infineon/XMC4200/Libraries/CMSIS/Include\core_cm4.h ****  * www.apache.org/licenses/LICENSE-2.0
  17:D:/Projekty/TrinityTrack6000/MainControlBoard/Infineon/XMC4200/Libraries/CMSIS/Include\core_cm4.h ****  *
  18:D:/Projekty/TrinityTrack6000/MainControlBoard/Infineon/XMC4200/Libraries/CMSIS/Include\core_cm4.h ****  * Unless required by applicable law or agreed to in writing, software
  19:D:/Projekty/TrinityTrack6000/MainControlBoard/Infineon/XMC4200/Libraries/CMSIS/Include\core_cm4.h ****  * distributed under the License is distributed on an AS IS BASIS, WITHOUT
  20:D:/Projekty/TrinityTrack6000/MainControlBoard/Infineon/XMC4200/Libraries/CMSIS/Include\core_cm4.h ****  * WARRANTIES OR CONDITIONS OF ANY KIND, either express or implied.
  21:D:/Projekty/TrinityTrack6000/MainControlBoard/Infineon/XMC4200/Libraries/CMSIS/Include\core_cm4.h ****  * See the License for the specific language governing permissions and
  22:D:/Projekty/TrinityTrack6000/MainControlBoard/Infineon/XMC4200/Libraries/CMSIS/Include\core_cm4.h ****  * limitations under the License.
  23:D:/Projekty/TrinityTrack6000/MainControlBoard/Infineon/XMC4200/Libraries/CMSIS/Include\core_cm4.h ****  */
  24:D:/Projekty/TrinityTrack6000/MainControlBoard/Infineon/XMC4200/Libraries/CMSIS/Include\core_cm4.h **** 
  25:D:/Projekty/TrinityTrack6000/MainControlBoard/Infineon/XMC4200/Libraries/CMSIS/Include\core_cm4.h **** #if   defined ( __ICCARM__ )
  26:D:/Projekty/TrinityTrack6000/MainControlBoard/Infineon/XMC4200/Libraries/CMSIS/Include\core_cm4.h ****   #pragma system_include         /* treat file as system include file for MISRA check */
  27:D:/Projekty/TrinityTrack6000/MainControlBoard/Infineon/XMC4200/Libraries/CMSIS/Include\core_cm4.h **** #elif defined (__clang__)
  28:D:/Projekty/TrinityTrack6000/MainControlBoard/Infineon/XMC4200/Libraries/CMSIS/Include\core_cm4.h ****   #pragma clang system_header   /* treat file as system include file */
  29:D:/Projekty/TrinityTrack6000/MainControlBoard/Infineon/XMC4200/Libraries/CMSIS/Include\core_cm4.h **** #endif
  30:D:/Projekty/TrinityTrack6000/MainControlBoard/Infineon/XMC4200/Libraries/CMSIS/Include\core_cm4.h **** 
  31:D:/Projekty/TrinityTrack6000/MainControlBoard/Infineon/XMC4200/Libraries/CMSIS/Include\core_cm4.h **** #ifndef __CORE_CM4_H_GENERIC
  32:D:/Projekty/TrinityTrack6000/MainControlBoard/Infineon/XMC4200/Libraries/CMSIS/Include\core_cm4.h **** #define __CORE_CM4_H_GENERIC
  33:D:/Projekty/TrinityTrack6000/MainControlBoard/Infineon/XMC4200/Libraries/CMSIS/Include\core_cm4.h **** 
  34:D:/Projekty/TrinityTrack6000/MainControlBoard/Infineon/XMC4200/Libraries/CMSIS/Include\core_cm4.h **** #include <stdint.h>
  35:D:/Projekty/TrinityTrack6000/MainControlBoard/Infineon/XMC4200/Libraries/CMSIS/Include\core_cm4.h **** 
  36:D:/Projekty/TrinityTrack6000/MainControlBoard/Infineon/XMC4200/Libraries/CMSIS/Include\core_cm4.h **** #ifdef __cplusplus
  37:D:/Projekty/TrinityTrack6000/MainControlBoard/Infineon/XMC4200/Libraries/CMSIS/Include\core_cm4.h ****  extern "C" {
  38:D:/Projekty/TrinityTrack6000/MainControlBoard/Infineon/XMC4200/Libraries/CMSIS/Include\core_cm4.h **** #endif
  39:D:/Projekty/TrinityTrack6000/MainControlBoard/Infineon/XMC4200/Libraries/CMSIS/Include\core_cm4.h **** 
  40:D:/Projekty/TrinityTrack6000/MainControlBoard/Infineon/XMC4200/Libraries/CMSIS/Include\core_cm4.h **** /**
  41:D:/Projekty/TrinityTrack6000/MainControlBoard/Infineon/XMC4200/Libraries/CMSIS/Include\core_cm4.h ****   \page CMSIS_MISRA_Exceptions  MISRA-C:2004 Compliance Exceptions
  42:D:/Projekty/TrinityTrack6000/MainControlBoard/Infineon/XMC4200/Libraries/CMSIS/Include\core_cm4.h ****   CMSIS violates the following MISRA-C:2004 rules:
  43:D:/Projekty/TrinityTrack6000/MainControlBoard/Infineon/XMC4200/Libraries/CMSIS/Include\core_cm4.h **** 
  44:D:/Projekty/TrinityTrack6000/MainControlBoard/Infineon/XMC4200/Libraries/CMSIS/Include\core_cm4.h ****    \li Required Rule 8.5, object/function definition in header file.<br>
  45:D:/Projekty/TrinityTrack6000/MainControlBoard/Infineon/XMC4200/Libraries/CMSIS/Include\core_cm4.h ****      Function definitions in header files are used to allow 'inlining'.
  46:D:/Projekty/TrinityTrack6000/MainControlBoard/Infineon/XMC4200/Libraries/CMSIS/Include\core_cm4.h **** 
  47:D:/Projekty/TrinityTrack6000/MainControlBoard/Infineon/XMC4200/Libraries/CMSIS/Include\core_cm4.h ****    \li Required Rule 18.4, declaration of union type or object of union type: '{...}'.<br>
  48:D:/Projekty/TrinityTrack6000/MainControlBoard/Infineon/XMC4200/Libraries/CMSIS/Include\core_cm4.h ****      Unions are used for effective representation of core registers.
  49:D:/Projekty/TrinityTrack6000/MainControlBoard/Infineon/XMC4200/Libraries/CMSIS/Include\core_cm4.h **** 
  50:D:/Projekty/TrinityTrack6000/MainControlBoard/Infineon/XMC4200/Libraries/CMSIS/Include\core_cm4.h ****    \li Advisory Rule 19.7, Function-like macro defined.<br>
  51:D:/Projekty/TrinityTrack6000/MainControlBoard/Infineon/XMC4200/Libraries/CMSIS/Include\core_cm4.h ****      Function-like macros are used to allow more efficient code.
  52:D:/Projekty/TrinityTrack6000/MainControlBoard/Infineon/XMC4200/Libraries/CMSIS/Include\core_cm4.h ****  */
  53:D:/Projekty/TrinityTrack6000/MainControlBoard/Infineon/XMC4200/Libraries/CMSIS/Include\core_cm4.h **** 
  54:D:/Projekty/TrinityTrack6000/MainControlBoard/Infineon/XMC4200/Libraries/CMSIS/Include\core_cm4.h **** 
  55:D:/Projekty/TrinityTrack6000/MainControlBoard/Infineon/XMC4200/Libraries/CMSIS/Include\core_cm4.h **** /*******************************************************************************
  56:D:/Projekty/TrinityTrack6000/MainControlBoard/Infineon/XMC4200/Libraries/CMSIS/Include\core_cm4.h ****  *                 CMSIS definitions
  57:D:/Projekty/TrinityTrack6000/MainControlBoard/Infineon/XMC4200/Libraries/CMSIS/Include\core_cm4.h ****  ******************************************************************************/
  58:D:/Projekty/TrinityTrack6000/MainControlBoard/Infineon/XMC4200/Libraries/CMSIS/Include\core_cm4.h **** /**
  59:D:/Projekty/TrinityTrack6000/MainControlBoard/Infineon/XMC4200/Libraries/CMSIS/Include\core_cm4.h ****   \ingroup Cortex_M4
  60:D:/Projekty/TrinityTrack6000/MainControlBoard/Infineon/XMC4200/Libraries/CMSIS/Include\core_cm4.h ****   @{
  61:D:/Projekty/TrinityTrack6000/MainControlBoard/Infineon/XMC4200/Libraries/CMSIS/Include\core_cm4.h ****  */
  62:D:/Projekty/TrinityTrack6000/MainControlBoard/Infineon/XMC4200/Libraries/CMSIS/Include\core_cm4.h **** 
  63:D:/Projekty/TrinityTrack6000/MainControlBoard/Infineon/XMC4200/Libraries/CMSIS/Include\core_cm4.h **** #include "cmsis_version.h"
  64:D:/Projekty/TrinityTrack6000/MainControlBoard/Infineon/XMC4200/Libraries/CMSIS/Include\core_cm4.h **** 
  65:D:/Projekty/TrinityTrack6000/MainControlBoard/Infineon/XMC4200/Libraries/CMSIS/Include\core_cm4.h **** /* CMSIS CM4 definitions */
  66:D:/Projekty/TrinityTrack6000/MainControlBoard/Infineon/XMC4200/Libraries/CMSIS/Include\core_cm4.h **** #define __CM4_CMSIS_VERSION_MAIN  (__CM_CMSIS_VERSION_MAIN)              /*!< \deprecated [31:16] C
  67:D:/Projekty/TrinityTrack6000/MainControlBoard/Infineon/XMC4200/Libraries/CMSIS/Include\core_cm4.h **** #define __CM4_CMSIS_VERSION_SUB   (__CM_CMSIS_VERSION_SUB)               /*!< \deprecated [15:0]  C
  68:D:/Projekty/TrinityTrack6000/MainControlBoard/Infineon/XMC4200/Libraries/CMSIS/Include\core_cm4.h **** #define __CM4_CMSIS_VERSION       ((__CM4_CMSIS_VERSION_MAIN << 16U) | \
  69:D:/Projekty/TrinityTrack6000/MainControlBoard/Infineon/XMC4200/Libraries/CMSIS/Include\core_cm4.h ****                                     __CM4_CMSIS_VERSION_SUB           )  /*!< \deprecated CMSIS HAL
  70:D:/Projekty/TrinityTrack6000/MainControlBoard/Infineon/XMC4200/Libraries/CMSIS/Include\core_cm4.h **** 
  71:D:/Projekty/TrinityTrack6000/MainControlBoard/Infineon/XMC4200/Libraries/CMSIS/Include\core_cm4.h **** #define __CORTEX_M                (4U)                                   /*!< Cortex-M Core */
  72:D:/Projekty/TrinityTrack6000/MainControlBoard/Infineon/XMC4200/Libraries/CMSIS/Include\core_cm4.h **** 
  73:D:/Projekty/TrinityTrack6000/MainControlBoard/Infineon/XMC4200/Libraries/CMSIS/Include\core_cm4.h **** /** __FPU_USED indicates whether an FPU is used or not.
  74:D:/Projekty/TrinityTrack6000/MainControlBoard/Infineon/XMC4200/Libraries/CMSIS/Include\core_cm4.h ****     For this, __FPU_PRESENT has to be checked prior to making use of FPU specific registers and fun
  75:D:/Projekty/TrinityTrack6000/MainControlBoard/Infineon/XMC4200/Libraries/CMSIS/Include\core_cm4.h **** */
  76:D:/Projekty/TrinityTrack6000/MainControlBoard/Infineon/XMC4200/Libraries/CMSIS/Include\core_cm4.h **** #if defined ( __CC_ARM )
  77:D:/Projekty/TrinityTrack6000/MainControlBoard/Infineon/XMC4200/Libraries/CMSIS/Include\core_cm4.h ****   #if defined __TARGET_FPU_VFP
  78:D:/Projekty/TrinityTrack6000/MainControlBoard/Infineon/XMC4200/Libraries/CMSIS/Include\core_cm4.h ****     #if defined (__FPU_PRESENT) && (__FPU_PRESENT == 1U)
  79:D:/Projekty/TrinityTrack6000/MainControlBoard/Infineon/XMC4200/Libraries/CMSIS/Include\core_cm4.h ****       #define __FPU_USED       1U
  80:D:/Projekty/TrinityTrack6000/MainControlBoard/Infineon/XMC4200/Libraries/CMSIS/Include\core_cm4.h ****     #else
  81:D:/Projekty/TrinityTrack6000/MainControlBoard/Infineon/XMC4200/Libraries/CMSIS/Include\core_cm4.h ****       #error "Compiler generates FPU instructions for a device without an FPU (check __FPU_PRESENT)
  82:D:/Projekty/TrinityTrack6000/MainControlBoard/Infineon/XMC4200/Libraries/CMSIS/Include\core_cm4.h ****       #define __FPU_USED       0U
  83:D:/Projekty/TrinityTrack6000/MainControlBoard/Infineon/XMC4200/Libraries/CMSIS/Include\core_cm4.h ****     #endif
  84:D:/Projekty/TrinityTrack6000/MainControlBoard/Infineon/XMC4200/Libraries/CMSIS/Include\core_cm4.h ****   #else
  85:D:/Projekty/TrinityTrack6000/MainControlBoard/Infineon/XMC4200/Libraries/CMSIS/Include\core_cm4.h ****     #define __FPU_USED         0U
  86:D:/Projekty/TrinityTrack6000/MainControlBoard/Infineon/XMC4200/Libraries/CMSIS/Include\core_cm4.h ****   #endif
  87:D:/Projekty/TrinityTrack6000/MainControlBoard/Infineon/XMC4200/Libraries/CMSIS/Include\core_cm4.h **** 
  88:D:/Projekty/TrinityTrack6000/MainControlBoard/Infineon/XMC4200/Libraries/CMSIS/Include\core_cm4.h **** #elif defined (__ARMCC_VERSION) && (__ARMCC_VERSION >= 6010050)
  89:D:/Projekty/TrinityTrack6000/MainControlBoard/Infineon/XMC4200/Libraries/CMSIS/Include\core_cm4.h ****   #if defined __ARM_FP
  90:D:/Projekty/TrinityTrack6000/MainControlBoard/Infineon/XMC4200/Libraries/CMSIS/Include\core_cm4.h ****     #if defined (__FPU_PRESENT) && (__FPU_PRESENT == 1U)
  91:D:/Projekty/TrinityTrack6000/MainControlBoard/Infineon/XMC4200/Libraries/CMSIS/Include\core_cm4.h ****       #define __FPU_USED       1U
  92:D:/Projekty/TrinityTrack6000/MainControlBoard/Infineon/XMC4200/Libraries/CMSIS/Include\core_cm4.h ****     #else
  93:D:/Projekty/TrinityTrack6000/MainControlBoard/Infineon/XMC4200/Libraries/CMSIS/Include\core_cm4.h ****       #warning "Compiler generates FPU instructions for a device without an FPU (check __FPU_PRESEN
  94:D:/Projekty/TrinityTrack6000/MainControlBoard/Infineon/XMC4200/Libraries/CMSIS/Include\core_cm4.h ****       #define __FPU_USED       0U
  95:D:/Projekty/TrinityTrack6000/MainControlBoard/Infineon/XMC4200/Libraries/CMSIS/Include\core_cm4.h ****     #endif
  96:D:/Projekty/TrinityTrack6000/MainControlBoard/Infineon/XMC4200/Libraries/CMSIS/Include\core_cm4.h ****   #else
  97:D:/Projekty/TrinityTrack6000/MainControlBoard/Infineon/XMC4200/Libraries/CMSIS/Include\core_cm4.h ****     #define __FPU_USED         0U
  98:D:/Projekty/TrinityTrack6000/MainControlBoard/Infineon/XMC4200/Libraries/CMSIS/Include\core_cm4.h ****   #endif
  99:D:/Projekty/TrinityTrack6000/MainControlBoard/Infineon/XMC4200/Libraries/CMSIS/Include\core_cm4.h **** 
 100:D:/Projekty/TrinityTrack6000/MainControlBoard/Infineon/XMC4200/Libraries/CMSIS/Include\core_cm4.h **** #elif defined ( __GNUC__ )
 101:D:/Projekty/TrinityTrack6000/MainControlBoard/Infineon/XMC4200/Libraries/CMSIS/Include\core_cm4.h ****   #if defined (__VFP_FP__) && !defined(__SOFTFP__)
 102:D:/Projekty/TrinityTrack6000/MainControlBoard/Infineon/XMC4200/Libraries/CMSIS/Include\core_cm4.h ****     #if defined (__FPU_PRESENT) && (__FPU_PRESENT == 1U)
 103:D:/Projekty/TrinityTrack6000/MainControlBoard/Infineon/XMC4200/Libraries/CMSIS/Include\core_cm4.h ****       #define __FPU_USED       1U
 104:D:/Projekty/TrinityTrack6000/MainControlBoard/Infineon/XMC4200/Libraries/CMSIS/Include\core_cm4.h ****     #else
 105:D:/Projekty/TrinityTrack6000/MainControlBoard/Infineon/XMC4200/Libraries/CMSIS/Include\core_cm4.h ****       #error "Compiler generates FPU instructions for a device without an FPU (check __FPU_PRESENT)
 106:D:/Projekty/TrinityTrack6000/MainControlBoard/Infineon/XMC4200/Libraries/CMSIS/Include\core_cm4.h ****       #define __FPU_USED       0U
 107:D:/Projekty/TrinityTrack6000/MainControlBoard/Infineon/XMC4200/Libraries/CMSIS/Include\core_cm4.h ****     #endif
 108:D:/Projekty/TrinityTrack6000/MainControlBoard/Infineon/XMC4200/Libraries/CMSIS/Include\core_cm4.h ****   #else
 109:D:/Projekty/TrinityTrack6000/MainControlBoard/Infineon/XMC4200/Libraries/CMSIS/Include\core_cm4.h ****     #define __FPU_USED         0U
 110:D:/Projekty/TrinityTrack6000/MainControlBoard/Infineon/XMC4200/Libraries/CMSIS/Include\core_cm4.h ****   #endif
 111:D:/Projekty/TrinityTrack6000/MainControlBoard/Infineon/XMC4200/Libraries/CMSIS/Include\core_cm4.h **** 
 112:D:/Projekty/TrinityTrack6000/MainControlBoard/Infineon/XMC4200/Libraries/CMSIS/Include\core_cm4.h **** #elif defined ( __ICCARM__ )
 113:D:/Projekty/TrinityTrack6000/MainControlBoard/Infineon/XMC4200/Libraries/CMSIS/Include\core_cm4.h ****   #if defined __ARMVFP__
 114:D:/Projekty/TrinityTrack6000/MainControlBoard/Infineon/XMC4200/Libraries/CMSIS/Include\core_cm4.h ****     #if defined (__FPU_PRESENT) && (__FPU_PRESENT == 1U)
 115:D:/Projekty/TrinityTrack6000/MainControlBoard/Infineon/XMC4200/Libraries/CMSIS/Include\core_cm4.h ****       #define __FPU_USED       1U
 116:D:/Projekty/TrinityTrack6000/MainControlBoard/Infineon/XMC4200/Libraries/CMSIS/Include\core_cm4.h ****     #else
 117:D:/Projekty/TrinityTrack6000/MainControlBoard/Infineon/XMC4200/Libraries/CMSIS/Include\core_cm4.h ****       #error "Compiler generates FPU instructions for a device without an FPU (check __FPU_PRESENT)
 118:D:/Projekty/TrinityTrack6000/MainControlBoard/Infineon/XMC4200/Libraries/CMSIS/Include\core_cm4.h ****       #define __FPU_USED       0U
 119:D:/Projekty/TrinityTrack6000/MainControlBoard/Infineon/XMC4200/Libraries/CMSIS/Include\core_cm4.h ****     #endif
 120:D:/Projekty/TrinityTrack6000/MainControlBoard/Infineon/XMC4200/Libraries/CMSIS/Include\core_cm4.h ****   #else
 121:D:/Projekty/TrinityTrack6000/MainControlBoard/Infineon/XMC4200/Libraries/CMSIS/Include\core_cm4.h ****     #define __FPU_USED         0U
 122:D:/Projekty/TrinityTrack6000/MainControlBoard/Infineon/XMC4200/Libraries/CMSIS/Include\core_cm4.h ****   #endif
 123:D:/Projekty/TrinityTrack6000/MainControlBoard/Infineon/XMC4200/Libraries/CMSIS/Include\core_cm4.h **** 
 124:D:/Projekty/TrinityTrack6000/MainControlBoard/Infineon/XMC4200/Libraries/CMSIS/Include\core_cm4.h **** #elif defined ( __TI_ARM__ )
 125:D:/Projekty/TrinityTrack6000/MainControlBoard/Infineon/XMC4200/Libraries/CMSIS/Include\core_cm4.h ****   #if defined __TI_VFP_SUPPORT__
 126:D:/Projekty/TrinityTrack6000/MainControlBoard/Infineon/XMC4200/Libraries/CMSIS/Include\core_cm4.h ****     #if defined (__FPU_PRESENT) && (__FPU_PRESENT == 1U)
 127:D:/Projekty/TrinityTrack6000/MainControlBoard/Infineon/XMC4200/Libraries/CMSIS/Include\core_cm4.h ****       #define __FPU_USED       1U
 128:D:/Projekty/TrinityTrack6000/MainControlBoard/Infineon/XMC4200/Libraries/CMSIS/Include\core_cm4.h ****     #else
 129:D:/Projekty/TrinityTrack6000/MainControlBoard/Infineon/XMC4200/Libraries/CMSIS/Include\core_cm4.h ****       #error "Compiler generates FPU instructions for a device without an FPU (check __FPU_PRESENT)
 130:D:/Projekty/TrinityTrack6000/MainControlBoard/Infineon/XMC4200/Libraries/CMSIS/Include\core_cm4.h ****       #define __FPU_USED       0U
 131:D:/Projekty/TrinityTrack6000/MainControlBoard/Infineon/XMC4200/Libraries/CMSIS/Include\core_cm4.h ****     #endif
 132:D:/Projekty/TrinityTrack6000/MainControlBoard/Infineon/XMC4200/Libraries/CMSIS/Include\core_cm4.h ****   #else
 133:D:/Projekty/TrinityTrack6000/MainControlBoard/Infineon/XMC4200/Libraries/CMSIS/Include\core_cm4.h ****     #define __FPU_USED         0U
 134:D:/Projekty/TrinityTrack6000/MainControlBoard/Infineon/XMC4200/Libraries/CMSIS/Include\core_cm4.h ****   #endif
 135:D:/Projekty/TrinityTrack6000/MainControlBoard/Infineon/XMC4200/Libraries/CMSIS/Include\core_cm4.h **** 
 136:D:/Projekty/TrinityTrack6000/MainControlBoard/Infineon/XMC4200/Libraries/CMSIS/Include\core_cm4.h **** #elif defined ( __TASKING__ )
 137:D:/Projekty/TrinityTrack6000/MainControlBoard/Infineon/XMC4200/Libraries/CMSIS/Include\core_cm4.h ****   #if defined __FPU_VFP__
 138:D:/Projekty/TrinityTrack6000/MainControlBoard/Infineon/XMC4200/Libraries/CMSIS/Include\core_cm4.h ****     #if defined (__FPU_PRESENT) && (__FPU_PRESENT == 1U)
 139:D:/Projekty/TrinityTrack6000/MainControlBoard/Infineon/XMC4200/Libraries/CMSIS/Include\core_cm4.h ****       #define __FPU_USED       1U
 140:D:/Projekty/TrinityTrack6000/MainControlBoard/Infineon/XMC4200/Libraries/CMSIS/Include\core_cm4.h ****     #else
 141:D:/Projekty/TrinityTrack6000/MainControlBoard/Infineon/XMC4200/Libraries/CMSIS/Include\core_cm4.h ****       #error "Compiler generates FPU instructions for a device without an FPU (check __FPU_PRESENT)
 142:D:/Projekty/TrinityTrack6000/MainControlBoard/Infineon/XMC4200/Libraries/CMSIS/Include\core_cm4.h ****       #define __FPU_USED       0U
 143:D:/Projekty/TrinityTrack6000/MainControlBoard/Infineon/XMC4200/Libraries/CMSIS/Include\core_cm4.h ****     #endif
 144:D:/Projekty/TrinityTrack6000/MainControlBoard/Infineon/XMC4200/Libraries/CMSIS/Include\core_cm4.h ****   #else
 145:D:/Projekty/TrinityTrack6000/MainControlBoard/Infineon/XMC4200/Libraries/CMSIS/Include\core_cm4.h ****     #define __FPU_USED         0U
 146:D:/Projekty/TrinityTrack6000/MainControlBoard/Infineon/XMC4200/Libraries/CMSIS/Include\core_cm4.h ****   #endif
 147:D:/Projekty/TrinityTrack6000/MainControlBoard/Infineon/XMC4200/Libraries/CMSIS/Include\core_cm4.h **** 
 148:D:/Projekty/TrinityTrack6000/MainControlBoard/Infineon/XMC4200/Libraries/CMSIS/Include\core_cm4.h **** #elif defined ( __CSMC__ )
 149:D:/Projekty/TrinityTrack6000/MainControlBoard/Infineon/XMC4200/Libraries/CMSIS/Include\core_cm4.h ****   #if ( __CSMC__ & 0x400U)
 150:D:/Projekty/TrinityTrack6000/MainControlBoard/Infineon/XMC4200/Libraries/CMSIS/Include\core_cm4.h ****     #if defined (__FPU_PRESENT) && (__FPU_PRESENT == 1U)
 151:D:/Projekty/TrinityTrack6000/MainControlBoard/Infineon/XMC4200/Libraries/CMSIS/Include\core_cm4.h ****       #define __FPU_USED       1U
 152:D:/Projekty/TrinityTrack6000/MainControlBoard/Infineon/XMC4200/Libraries/CMSIS/Include\core_cm4.h ****     #else
 153:D:/Projekty/TrinityTrack6000/MainControlBoard/Infineon/XMC4200/Libraries/CMSIS/Include\core_cm4.h ****       #error "Compiler generates FPU instructions for a device without an FPU (check __FPU_PRESENT)
 154:D:/Projekty/TrinityTrack6000/MainControlBoard/Infineon/XMC4200/Libraries/CMSIS/Include\core_cm4.h ****       #define __FPU_USED       0U
 155:D:/Projekty/TrinityTrack6000/MainControlBoard/Infineon/XMC4200/Libraries/CMSIS/Include\core_cm4.h ****     #endif
 156:D:/Projekty/TrinityTrack6000/MainControlBoard/Infineon/XMC4200/Libraries/CMSIS/Include\core_cm4.h ****   #else
 157:D:/Projekty/TrinityTrack6000/MainControlBoard/Infineon/XMC4200/Libraries/CMSIS/Include\core_cm4.h ****     #define __FPU_USED         0U
 158:D:/Projekty/TrinityTrack6000/MainControlBoard/Infineon/XMC4200/Libraries/CMSIS/Include\core_cm4.h ****   #endif
 159:D:/Projekty/TrinityTrack6000/MainControlBoard/Infineon/XMC4200/Libraries/CMSIS/Include\core_cm4.h **** 
 160:D:/Projekty/TrinityTrack6000/MainControlBoard/Infineon/XMC4200/Libraries/CMSIS/Include\core_cm4.h **** #endif
 161:D:/Projekty/TrinityTrack6000/MainControlBoard/Infineon/XMC4200/Libraries/CMSIS/Include\core_cm4.h **** 
 162:D:/Projekty/TrinityTrack6000/MainControlBoard/Infineon/XMC4200/Libraries/CMSIS/Include\core_cm4.h **** #include "cmsis_compiler.h"               /* CMSIS compiler specific defines */
 163:D:/Projekty/TrinityTrack6000/MainControlBoard/Infineon/XMC4200/Libraries/CMSIS/Include\core_cm4.h **** 
 164:D:/Projekty/TrinityTrack6000/MainControlBoard/Infineon/XMC4200/Libraries/CMSIS/Include\core_cm4.h **** 
 165:D:/Projekty/TrinityTrack6000/MainControlBoard/Infineon/XMC4200/Libraries/CMSIS/Include\core_cm4.h **** #ifdef __cplusplus
 166:D:/Projekty/TrinityTrack6000/MainControlBoard/Infineon/XMC4200/Libraries/CMSIS/Include\core_cm4.h **** }
 167:D:/Projekty/TrinityTrack6000/MainControlBoard/Infineon/XMC4200/Libraries/CMSIS/Include\core_cm4.h **** #endif
 168:D:/Projekty/TrinityTrack6000/MainControlBoard/Infineon/XMC4200/Libraries/CMSIS/Include\core_cm4.h **** 
 169:D:/Projekty/TrinityTrack6000/MainControlBoard/Infineon/XMC4200/Libraries/CMSIS/Include\core_cm4.h **** #endif /* __CORE_CM4_H_GENERIC */
 170:D:/Projekty/TrinityTrack6000/MainControlBoard/Infineon/XMC4200/Libraries/CMSIS/Include\core_cm4.h **** 
 171:D:/Projekty/TrinityTrack6000/MainControlBoard/Infineon/XMC4200/Libraries/CMSIS/Include\core_cm4.h **** #ifndef __CMSIS_GENERIC
 172:D:/Projekty/TrinityTrack6000/MainControlBoard/Infineon/XMC4200/Libraries/CMSIS/Include\core_cm4.h **** 
 173:D:/Projekty/TrinityTrack6000/MainControlBoard/Infineon/XMC4200/Libraries/CMSIS/Include\core_cm4.h **** #ifndef __CORE_CM4_H_DEPENDANT
 174:D:/Projekty/TrinityTrack6000/MainControlBoard/Infineon/XMC4200/Libraries/CMSIS/Include\core_cm4.h **** #define __CORE_CM4_H_DEPENDANT
 175:D:/Projekty/TrinityTrack6000/MainControlBoard/Infineon/XMC4200/Libraries/CMSIS/Include\core_cm4.h **** 
 176:D:/Projekty/TrinityTrack6000/MainControlBoard/Infineon/XMC4200/Libraries/CMSIS/Include\core_cm4.h **** #ifdef __cplusplus
 177:D:/Projekty/TrinityTrack6000/MainControlBoard/Infineon/XMC4200/Libraries/CMSIS/Include\core_cm4.h ****  extern "C" {
 178:D:/Projekty/TrinityTrack6000/MainControlBoard/Infineon/XMC4200/Libraries/CMSIS/Include\core_cm4.h **** #endif
 179:D:/Projekty/TrinityTrack6000/MainControlBoard/Infineon/XMC4200/Libraries/CMSIS/Include\core_cm4.h **** 
 180:D:/Projekty/TrinityTrack6000/MainControlBoard/Infineon/XMC4200/Libraries/CMSIS/Include\core_cm4.h **** /* check device defines and use defaults */
 181:D:/Projekty/TrinityTrack6000/MainControlBoard/Infineon/XMC4200/Libraries/CMSIS/Include\core_cm4.h **** #if defined __CHECK_DEVICE_DEFINES
 182:D:/Projekty/TrinityTrack6000/MainControlBoard/Infineon/XMC4200/Libraries/CMSIS/Include\core_cm4.h ****   #ifndef __CM4_REV
 183:D:/Projekty/TrinityTrack6000/MainControlBoard/Infineon/XMC4200/Libraries/CMSIS/Include\core_cm4.h ****     #define __CM4_REV               0x0000U
 184:D:/Projekty/TrinityTrack6000/MainControlBoard/Infineon/XMC4200/Libraries/CMSIS/Include\core_cm4.h ****     #warning "__CM4_REV not defined in device header file; using default!"
 185:D:/Projekty/TrinityTrack6000/MainControlBoard/Infineon/XMC4200/Libraries/CMSIS/Include\core_cm4.h ****   #endif
 186:D:/Projekty/TrinityTrack6000/MainControlBoard/Infineon/XMC4200/Libraries/CMSIS/Include\core_cm4.h **** 
 187:D:/Projekty/TrinityTrack6000/MainControlBoard/Infineon/XMC4200/Libraries/CMSIS/Include\core_cm4.h ****   #ifndef __FPU_PRESENT
 188:D:/Projekty/TrinityTrack6000/MainControlBoard/Infineon/XMC4200/Libraries/CMSIS/Include\core_cm4.h ****     #define __FPU_PRESENT             0U
 189:D:/Projekty/TrinityTrack6000/MainControlBoard/Infineon/XMC4200/Libraries/CMSIS/Include\core_cm4.h ****     #warning "__FPU_PRESENT not defined in device header file; using default!"
 190:D:/Projekty/TrinityTrack6000/MainControlBoard/Infineon/XMC4200/Libraries/CMSIS/Include\core_cm4.h ****   #endif
 191:D:/Projekty/TrinityTrack6000/MainControlBoard/Infineon/XMC4200/Libraries/CMSIS/Include\core_cm4.h **** 
 192:D:/Projekty/TrinityTrack6000/MainControlBoard/Infineon/XMC4200/Libraries/CMSIS/Include\core_cm4.h ****   #ifndef __MPU_PRESENT
 193:D:/Projekty/TrinityTrack6000/MainControlBoard/Infineon/XMC4200/Libraries/CMSIS/Include\core_cm4.h ****     #define __MPU_PRESENT             0U
 194:D:/Projekty/TrinityTrack6000/MainControlBoard/Infineon/XMC4200/Libraries/CMSIS/Include\core_cm4.h ****     #warning "__MPU_PRESENT not defined in device header file; using default!"
 195:D:/Projekty/TrinityTrack6000/MainControlBoard/Infineon/XMC4200/Libraries/CMSIS/Include\core_cm4.h ****   #endif
 196:D:/Projekty/TrinityTrack6000/MainControlBoard/Infineon/XMC4200/Libraries/CMSIS/Include\core_cm4.h **** 
 197:D:/Projekty/TrinityTrack6000/MainControlBoard/Infineon/XMC4200/Libraries/CMSIS/Include\core_cm4.h ****   #ifndef __VTOR_PRESENT
 198:D:/Projekty/TrinityTrack6000/MainControlBoard/Infineon/XMC4200/Libraries/CMSIS/Include\core_cm4.h ****     #define __VTOR_PRESENT             1U
 199:D:/Projekty/TrinityTrack6000/MainControlBoard/Infineon/XMC4200/Libraries/CMSIS/Include\core_cm4.h ****     #warning "__VTOR_PRESENT not defined in device header file; using default!"
 200:D:/Projekty/TrinityTrack6000/MainControlBoard/Infineon/XMC4200/Libraries/CMSIS/Include\core_cm4.h ****   #endif
 201:D:/Projekty/TrinityTrack6000/MainControlBoard/Infineon/XMC4200/Libraries/CMSIS/Include\core_cm4.h ****   
 202:D:/Projekty/TrinityTrack6000/MainControlBoard/Infineon/XMC4200/Libraries/CMSIS/Include\core_cm4.h ****   #ifndef __NVIC_PRIO_BITS
 203:D:/Projekty/TrinityTrack6000/MainControlBoard/Infineon/XMC4200/Libraries/CMSIS/Include\core_cm4.h ****     #define __NVIC_PRIO_BITS          3U
 204:D:/Projekty/TrinityTrack6000/MainControlBoard/Infineon/XMC4200/Libraries/CMSIS/Include\core_cm4.h ****     #warning "__NVIC_PRIO_BITS not defined in device header file; using default!"
 205:D:/Projekty/TrinityTrack6000/MainControlBoard/Infineon/XMC4200/Libraries/CMSIS/Include\core_cm4.h ****   #endif
 206:D:/Projekty/TrinityTrack6000/MainControlBoard/Infineon/XMC4200/Libraries/CMSIS/Include\core_cm4.h **** 
 207:D:/Projekty/TrinityTrack6000/MainControlBoard/Infineon/XMC4200/Libraries/CMSIS/Include\core_cm4.h ****   #ifndef __Vendor_SysTickConfig
 208:D:/Projekty/TrinityTrack6000/MainControlBoard/Infineon/XMC4200/Libraries/CMSIS/Include\core_cm4.h ****     #define __Vendor_SysTickConfig    0U
 209:D:/Projekty/TrinityTrack6000/MainControlBoard/Infineon/XMC4200/Libraries/CMSIS/Include\core_cm4.h ****     #warning "__Vendor_SysTickConfig not defined in device header file; using default!"
 210:D:/Projekty/TrinityTrack6000/MainControlBoard/Infineon/XMC4200/Libraries/CMSIS/Include\core_cm4.h ****   #endif
 211:D:/Projekty/TrinityTrack6000/MainControlBoard/Infineon/XMC4200/Libraries/CMSIS/Include\core_cm4.h **** #endif
 212:D:/Projekty/TrinityTrack6000/MainControlBoard/Infineon/XMC4200/Libraries/CMSIS/Include\core_cm4.h **** 
 213:D:/Projekty/TrinityTrack6000/MainControlBoard/Infineon/XMC4200/Libraries/CMSIS/Include\core_cm4.h **** /* IO definitions (access restrictions to peripheral registers) */
 214:D:/Projekty/TrinityTrack6000/MainControlBoard/Infineon/XMC4200/Libraries/CMSIS/Include\core_cm4.h **** /**
 215:D:/Projekty/TrinityTrack6000/MainControlBoard/Infineon/XMC4200/Libraries/CMSIS/Include\core_cm4.h ****     \defgroup CMSIS_glob_defs CMSIS Global Defines
 216:D:/Projekty/TrinityTrack6000/MainControlBoard/Infineon/XMC4200/Libraries/CMSIS/Include\core_cm4.h **** 
 217:D:/Projekty/TrinityTrack6000/MainControlBoard/Infineon/XMC4200/Libraries/CMSIS/Include\core_cm4.h ****     <strong>IO Type Qualifiers</strong> are used
 218:D:/Projekty/TrinityTrack6000/MainControlBoard/Infineon/XMC4200/Libraries/CMSIS/Include\core_cm4.h ****     \li to specify the access to peripheral variables.
 219:D:/Projekty/TrinityTrack6000/MainControlBoard/Infineon/XMC4200/Libraries/CMSIS/Include\core_cm4.h ****     \li for automatic generation of peripheral register debug information.
 220:D:/Projekty/TrinityTrack6000/MainControlBoard/Infineon/XMC4200/Libraries/CMSIS/Include\core_cm4.h **** */
 221:D:/Projekty/TrinityTrack6000/MainControlBoard/Infineon/XMC4200/Libraries/CMSIS/Include\core_cm4.h **** #ifdef __cplusplus
 222:D:/Projekty/TrinityTrack6000/MainControlBoard/Infineon/XMC4200/Libraries/CMSIS/Include\core_cm4.h ****   #define   __I     volatile             /*!< Defines 'read only' permissions */
 223:D:/Projekty/TrinityTrack6000/MainControlBoard/Infineon/XMC4200/Libraries/CMSIS/Include\core_cm4.h **** #else
 224:D:/Projekty/TrinityTrack6000/MainControlBoard/Infineon/XMC4200/Libraries/CMSIS/Include\core_cm4.h ****   #define   __I     volatile const       /*!< Defines 'read only' permissions */
 225:D:/Projekty/TrinityTrack6000/MainControlBoard/Infineon/XMC4200/Libraries/CMSIS/Include\core_cm4.h **** #endif
 226:D:/Projekty/TrinityTrack6000/MainControlBoard/Infineon/XMC4200/Libraries/CMSIS/Include\core_cm4.h **** #define     __O     volatile             /*!< Defines 'write only' permissions */
 227:D:/Projekty/TrinityTrack6000/MainControlBoard/Infineon/XMC4200/Libraries/CMSIS/Include\core_cm4.h **** #define     __IO    volatile             /*!< Defines 'read / write' permissions */
 228:D:/Projekty/TrinityTrack6000/MainControlBoard/Infineon/XMC4200/Libraries/CMSIS/Include\core_cm4.h **** 
 229:D:/Projekty/TrinityTrack6000/MainControlBoard/Infineon/XMC4200/Libraries/CMSIS/Include\core_cm4.h **** /* following defines should be used for structure members */
 230:D:/Projekty/TrinityTrack6000/MainControlBoard/Infineon/XMC4200/Libraries/CMSIS/Include\core_cm4.h **** #define     __IM     volatile const      /*! Defines 'read only' structure member permissions */
 231:D:/Projekty/TrinityTrack6000/MainControlBoard/Infineon/XMC4200/Libraries/CMSIS/Include\core_cm4.h **** #define     __OM     volatile            /*! Defines 'write only' structure member permissions */
 232:D:/Projekty/TrinityTrack6000/MainControlBoard/Infineon/XMC4200/Libraries/CMSIS/Include\core_cm4.h **** #define     __IOM    volatile            /*! Defines 'read / write' structure member permissions */
 233:D:/Projekty/TrinityTrack6000/MainControlBoard/Infineon/XMC4200/Libraries/CMSIS/Include\core_cm4.h **** 
 234:D:/Projekty/TrinityTrack6000/MainControlBoard/Infineon/XMC4200/Libraries/CMSIS/Include\core_cm4.h **** /*@} end of group Cortex_M4 */
 235:D:/Projekty/TrinityTrack6000/MainControlBoard/Infineon/XMC4200/Libraries/CMSIS/Include\core_cm4.h **** 
 236:D:/Projekty/TrinityTrack6000/MainControlBoard/Infineon/XMC4200/Libraries/CMSIS/Include\core_cm4.h **** 
 237:D:/Projekty/TrinityTrack6000/MainControlBoard/Infineon/XMC4200/Libraries/CMSIS/Include\core_cm4.h **** 
 238:D:/Projekty/TrinityTrack6000/MainControlBoard/Infineon/XMC4200/Libraries/CMSIS/Include\core_cm4.h **** /*******************************************************************************
 239:D:/Projekty/TrinityTrack6000/MainControlBoard/Infineon/XMC4200/Libraries/CMSIS/Include\core_cm4.h ****  *                 Register Abstraction
 240:D:/Projekty/TrinityTrack6000/MainControlBoard/Infineon/XMC4200/Libraries/CMSIS/Include\core_cm4.h ****   Core Register contain:
 241:D:/Projekty/TrinityTrack6000/MainControlBoard/Infineon/XMC4200/Libraries/CMSIS/Include\core_cm4.h ****   - Core Register
 242:D:/Projekty/TrinityTrack6000/MainControlBoard/Infineon/XMC4200/Libraries/CMSIS/Include\core_cm4.h ****   - Core NVIC Register
 243:D:/Projekty/TrinityTrack6000/MainControlBoard/Infineon/XMC4200/Libraries/CMSIS/Include\core_cm4.h ****   - Core SCB Register
 244:D:/Projekty/TrinityTrack6000/MainControlBoard/Infineon/XMC4200/Libraries/CMSIS/Include\core_cm4.h ****   - Core SysTick Register
 245:D:/Projekty/TrinityTrack6000/MainControlBoard/Infineon/XMC4200/Libraries/CMSIS/Include\core_cm4.h ****   - Core Debug Register
 246:D:/Projekty/TrinityTrack6000/MainControlBoard/Infineon/XMC4200/Libraries/CMSIS/Include\core_cm4.h ****   - Core MPU Register
 247:D:/Projekty/TrinityTrack6000/MainControlBoard/Infineon/XMC4200/Libraries/CMSIS/Include\core_cm4.h ****   - Core FPU Register
 248:D:/Projekty/TrinityTrack6000/MainControlBoard/Infineon/XMC4200/Libraries/CMSIS/Include\core_cm4.h ****  ******************************************************************************/
 249:D:/Projekty/TrinityTrack6000/MainControlBoard/Infineon/XMC4200/Libraries/CMSIS/Include\core_cm4.h **** /**
 250:D:/Projekty/TrinityTrack6000/MainControlBoard/Infineon/XMC4200/Libraries/CMSIS/Include\core_cm4.h ****   \defgroup CMSIS_core_register Defines and Type Definitions
 251:D:/Projekty/TrinityTrack6000/MainControlBoard/Infineon/XMC4200/Libraries/CMSIS/Include\core_cm4.h ****   \brief Type definitions and defines for Cortex-M processor based devices.
 252:D:/Projekty/TrinityTrack6000/MainControlBoard/Infineon/XMC4200/Libraries/CMSIS/Include\core_cm4.h **** */
 253:D:/Projekty/TrinityTrack6000/MainControlBoard/Infineon/XMC4200/Libraries/CMSIS/Include\core_cm4.h **** 
 254:D:/Projekty/TrinityTrack6000/MainControlBoard/Infineon/XMC4200/Libraries/CMSIS/Include\core_cm4.h **** /**
 255:D:/Projekty/TrinityTrack6000/MainControlBoard/Infineon/XMC4200/Libraries/CMSIS/Include\core_cm4.h ****   \ingroup    CMSIS_core_register
 256:D:/Projekty/TrinityTrack6000/MainControlBoard/Infineon/XMC4200/Libraries/CMSIS/Include\core_cm4.h ****   \defgroup   CMSIS_CORE  Status and Control Registers
 257:D:/Projekty/TrinityTrack6000/MainControlBoard/Infineon/XMC4200/Libraries/CMSIS/Include\core_cm4.h ****   \brief      Core Register type definitions.
 258:D:/Projekty/TrinityTrack6000/MainControlBoard/Infineon/XMC4200/Libraries/CMSIS/Include\core_cm4.h ****   @{
 259:D:/Projekty/TrinityTrack6000/MainControlBoard/Infineon/XMC4200/Libraries/CMSIS/Include\core_cm4.h ****  */
 260:D:/Projekty/TrinityTrack6000/MainControlBoard/Infineon/XMC4200/Libraries/CMSIS/Include\core_cm4.h **** 
 261:D:/Projekty/TrinityTrack6000/MainControlBoard/Infineon/XMC4200/Libraries/CMSIS/Include\core_cm4.h **** /**
 262:D:/Projekty/TrinityTrack6000/MainControlBoard/Infineon/XMC4200/Libraries/CMSIS/Include\core_cm4.h ****   \brief  Union type to access the Application Program Status Register (APSR).
 263:D:/Projekty/TrinityTrack6000/MainControlBoard/Infineon/XMC4200/Libraries/CMSIS/Include\core_cm4.h ****  */
 264:D:/Projekty/TrinityTrack6000/MainControlBoard/Infineon/XMC4200/Libraries/CMSIS/Include\core_cm4.h **** typedef union
 265:D:/Projekty/TrinityTrack6000/MainControlBoard/Infineon/XMC4200/Libraries/CMSIS/Include\core_cm4.h **** {
 266:D:/Projekty/TrinityTrack6000/MainControlBoard/Infineon/XMC4200/Libraries/CMSIS/Include\core_cm4.h ****   struct
 267:D:/Projekty/TrinityTrack6000/MainControlBoard/Infineon/XMC4200/Libraries/CMSIS/Include\core_cm4.h ****   {
 268:D:/Projekty/TrinityTrack6000/MainControlBoard/Infineon/XMC4200/Libraries/CMSIS/Include\core_cm4.h ****     uint32_t _reserved0:16;              /*!< bit:  0..15  Reserved */
 269:D:/Projekty/TrinityTrack6000/MainControlBoard/Infineon/XMC4200/Libraries/CMSIS/Include\core_cm4.h ****     uint32_t GE:4;                       /*!< bit: 16..19  Greater than or Equal flags */
 270:D:/Projekty/TrinityTrack6000/MainControlBoard/Infineon/XMC4200/Libraries/CMSIS/Include\core_cm4.h ****     uint32_t _reserved1:7;               /*!< bit: 20..26  Reserved */
 271:D:/Projekty/TrinityTrack6000/MainControlBoard/Infineon/XMC4200/Libraries/CMSIS/Include\core_cm4.h ****     uint32_t Q:1;                        /*!< bit:     27  Saturation condition flag */
 272:D:/Projekty/TrinityTrack6000/MainControlBoard/Infineon/XMC4200/Libraries/CMSIS/Include\core_cm4.h ****     uint32_t V:1;                        /*!< bit:     28  Overflow condition code flag */
 273:D:/Projekty/TrinityTrack6000/MainControlBoard/Infineon/XMC4200/Libraries/CMSIS/Include\core_cm4.h ****     uint32_t C:1;                        /*!< bit:     29  Carry condition code flag */
 274:D:/Projekty/TrinityTrack6000/MainControlBoard/Infineon/XMC4200/Libraries/CMSIS/Include\core_cm4.h ****     uint32_t Z:1;                        /*!< bit:     30  Zero condition code flag */
 275:D:/Projekty/TrinityTrack6000/MainControlBoard/Infineon/XMC4200/Libraries/CMSIS/Include\core_cm4.h ****     uint32_t N:1;                        /*!< bit:     31  Negative condition code flag */
 276:D:/Projekty/TrinityTrack6000/MainControlBoard/Infineon/XMC4200/Libraries/CMSIS/Include\core_cm4.h ****   } b;                                   /*!< Structure used for bit  access */
 277:D:/Projekty/TrinityTrack6000/MainControlBoard/Infineon/XMC4200/Libraries/CMSIS/Include\core_cm4.h ****   uint32_t w;                            /*!< Type      used for word access */
 278:D:/Projekty/TrinityTrack6000/MainControlBoard/Infineon/XMC4200/Libraries/CMSIS/Include\core_cm4.h **** } APSR_Type;
 279:D:/Projekty/TrinityTrack6000/MainControlBoard/Infineon/XMC4200/Libraries/CMSIS/Include\core_cm4.h **** 
 280:D:/Projekty/TrinityTrack6000/MainControlBoard/Infineon/XMC4200/Libraries/CMSIS/Include\core_cm4.h **** /* APSR Register Definitions */
 281:D:/Projekty/TrinityTrack6000/MainControlBoard/Infineon/XMC4200/Libraries/CMSIS/Include\core_cm4.h **** #define APSR_N_Pos                         31U                                            /*!< APSR
 282:D:/Projekty/TrinityTrack6000/MainControlBoard/Infineon/XMC4200/Libraries/CMSIS/Include\core_cm4.h **** #define APSR_N_Msk                         (1UL << APSR_N_Pos)                            /*!< APSR
 283:D:/Projekty/TrinityTrack6000/MainControlBoard/Infineon/XMC4200/Libraries/CMSIS/Include\core_cm4.h **** 
 284:D:/Projekty/TrinityTrack6000/MainControlBoard/Infineon/XMC4200/Libraries/CMSIS/Include\core_cm4.h **** #define APSR_Z_Pos                         30U                                            /*!< APSR
 285:D:/Projekty/TrinityTrack6000/MainControlBoard/Infineon/XMC4200/Libraries/CMSIS/Include\core_cm4.h **** #define APSR_Z_Msk                         (1UL << APSR_Z_Pos)                            /*!< APSR
 286:D:/Projekty/TrinityTrack6000/MainControlBoard/Infineon/XMC4200/Libraries/CMSIS/Include\core_cm4.h **** 
 287:D:/Projekty/TrinityTrack6000/MainControlBoard/Infineon/XMC4200/Libraries/CMSIS/Include\core_cm4.h **** #define APSR_C_Pos                         29U                                            /*!< APSR
 288:D:/Projekty/TrinityTrack6000/MainControlBoard/Infineon/XMC4200/Libraries/CMSIS/Include\core_cm4.h **** #define APSR_C_Msk                         (1UL << APSR_C_Pos)                            /*!< APSR
 289:D:/Projekty/TrinityTrack6000/MainControlBoard/Infineon/XMC4200/Libraries/CMSIS/Include\core_cm4.h **** 
 290:D:/Projekty/TrinityTrack6000/MainControlBoard/Infineon/XMC4200/Libraries/CMSIS/Include\core_cm4.h **** #define APSR_V_Pos                         28U                                            /*!< APSR
 291:D:/Projekty/TrinityTrack6000/MainControlBoard/Infineon/XMC4200/Libraries/CMSIS/Include\core_cm4.h **** #define APSR_V_Msk                         (1UL << APSR_V_Pos)                            /*!< APSR
 292:D:/Projekty/TrinityTrack6000/MainControlBoard/Infineon/XMC4200/Libraries/CMSIS/Include\core_cm4.h **** 
 293:D:/Projekty/TrinityTrack6000/MainControlBoard/Infineon/XMC4200/Libraries/CMSIS/Include\core_cm4.h **** #define APSR_Q_Pos                         27U                                            /*!< APSR
 294:D:/Projekty/TrinityTrack6000/MainControlBoard/Infineon/XMC4200/Libraries/CMSIS/Include\core_cm4.h **** #define APSR_Q_Msk                         (1UL << APSR_Q_Pos)                            /*!< APSR
 295:D:/Projekty/TrinityTrack6000/MainControlBoard/Infineon/XMC4200/Libraries/CMSIS/Include\core_cm4.h **** 
 296:D:/Projekty/TrinityTrack6000/MainControlBoard/Infineon/XMC4200/Libraries/CMSIS/Include\core_cm4.h **** #define APSR_GE_Pos                        16U                                            /*!< APSR
 297:D:/Projekty/TrinityTrack6000/MainControlBoard/Infineon/XMC4200/Libraries/CMSIS/Include\core_cm4.h **** #define APSR_GE_Msk                        (0xFUL << APSR_GE_Pos)                         /*!< APSR
 298:D:/Projekty/TrinityTrack6000/MainControlBoard/Infineon/XMC4200/Libraries/CMSIS/Include\core_cm4.h **** 
 299:D:/Projekty/TrinityTrack6000/MainControlBoard/Infineon/XMC4200/Libraries/CMSIS/Include\core_cm4.h **** 
 300:D:/Projekty/TrinityTrack6000/MainControlBoard/Infineon/XMC4200/Libraries/CMSIS/Include\core_cm4.h **** /**
 301:D:/Projekty/TrinityTrack6000/MainControlBoard/Infineon/XMC4200/Libraries/CMSIS/Include\core_cm4.h ****   \brief  Union type to access the Interrupt Program Status Register (IPSR).
 302:D:/Projekty/TrinityTrack6000/MainControlBoard/Infineon/XMC4200/Libraries/CMSIS/Include\core_cm4.h ****  */
 303:D:/Projekty/TrinityTrack6000/MainControlBoard/Infineon/XMC4200/Libraries/CMSIS/Include\core_cm4.h **** typedef union
 304:D:/Projekty/TrinityTrack6000/MainControlBoard/Infineon/XMC4200/Libraries/CMSIS/Include\core_cm4.h **** {
 305:D:/Projekty/TrinityTrack6000/MainControlBoard/Infineon/XMC4200/Libraries/CMSIS/Include\core_cm4.h ****   struct
 306:D:/Projekty/TrinityTrack6000/MainControlBoard/Infineon/XMC4200/Libraries/CMSIS/Include\core_cm4.h ****   {
 307:D:/Projekty/TrinityTrack6000/MainControlBoard/Infineon/XMC4200/Libraries/CMSIS/Include\core_cm4.h ****     uint32_t ISR:9;                      /*!< bit:  0.. 8  Exception number */
 308:D:/Projekty/TrinityTrack6000/MainControlBoard/Infineon/XMC4200/Libraries/CMSIS/Include\core_cm4.h ****     uint32_t _reserved0:23;              /*!< bit:  9..31  Reserved */
 309:D:/Projekty/TrinityTrack6000/MainControlBoard/Infineon/XMC4200/Libraries/CMSIS/Include\core_cm4.h ****   } b;                                   /*!< Structure used for bit  access */
 310:D:/Projekty/TrinityTrack6000/MainControlBoard/Infineon/XMC4200/Libraries/CMSIS/Include\core_cm4.h ****   uint32_t w;                            /*!< Type      used for word access */
 311:D:/Projekty/TrinityTrack6000/MainControlBoard/Infineon/XMC4200/Libraries/CMSIS/Include\core_cm4.h **** } IPSR_Type;
 312:D:/Projekty/TrinityTrack6000/MainControlBoard/Infineon/XMC4200/Libraries/CMSIS/Include\core_cm4.h **** 
 313:D:/Projekty/TrinityTrack6000/MainControlBoard/Infineon/XMC4200/Libraries/CMSIS/Include\core_cm4.h **** /* IPSR Register Definitions */
 314:D:/Projekty/TrinityTrack6000/MainControlBoard/Infineon/XMC4200/Libraries/CMSIS/Include\core_cm4.h **** #define IPSR_ISR_Pos                        0U                                            /*!< IPSR
 315:D:/Projekty/TrinityTrack6000/MainControlBoard/Infineon/XMC4200/Libraries/CMSIS/Include\core_cm4.h **** #define IPSR_ISR_Msk                       (0x1FFUL /*<< IPSR_ISR_Pos*/)                  /*!< IPSR
 316:D:/Projekty/TrinityTrack6000/MainControlBoard/Infineon/XMC4200/Libraries/CMSIS/Include\core_cm4.h **** 
 317:D:/Projekty/TrinityTrack6000/MainControlBoard/Infineon/XMC4200/Libraries/CMSIS/Include\core_cm4.h **** 
 318:D:/Projekty/TrinityTrack6000/MainControlBoard/Infineon/XMC4200/Libraries/CMSIS/Include\core_cm4.h **** /**
 319:D:/Projekty/TrinityTrack6000/MainControlBoard/Infineon/XMC4200/Libraries/CMSIS/Include\core_cm4.h ****   \brief  Union type to access the Special-Purpose Program Status Registers (xPSR).
 320:D:/Projekty/TrinityTrack6000/MainControlBoard/Infineon/XMC4200/Libraries/CMSIS/Include\core_cm4.h ****  */
 321:D:/Projekty/TrinityTrack6000/MainControlBoard/Infineon/XMC4200/Libraries/CMSIS/Include\core_cm4.h **** typedef union
 322:D:/Projekty/TrinityTrack6000/MainControlBoard/Infineon/XMC4200/Libraries/CMSIS/Include\core_cm4.h **** {
 323:D:/Projekty/TrinityTrack6000/MainControlBoard/Infineon/XMC4200/Libraries/CMSIS/Include\core_cm4.h ****   struct
 324:D:/Projekty/TrinityTrack6000/MainControlBoard/Infineon/XMC4200/Libraries/CMSIS/Include\core_cm4.h ****   {
 325:D:/Projekty/TrinityTrack6000/MainControlBoard/Infineon/XMC4200/Libraries/CMSIS/Include\core_cm4.h ****     uint32_t ISR:9;                      /*!< bit:  0.. 8  Exception number */
 326:D:/Projekty/TrinityTrack6000/MainControlBoard/Infineon/XMC4200/Libraries/CMSIS/Include\core_cm4.h ****     uint32_t _reserved0:1;               /*!< bit:      9  Reserved */
 327:D:/Projekty/TrinityTrack6000/MainControlBoard/Infineon/XMC4200/Libraries/CMSIS/Include\core_cm4.h ****     uint32_t ICI_IT_1:6;                 /*!< bit: 10..15  ICI/IT part 1 */
 328:D:/Projekty/TrinityTrack6000/MainControlBoard/Infineon/XMC4200/Libraries/CMSIS/Include\core_cm4.h ****     uint32_t GE:4;                       /*!< bit: 16..19  Greater than or Equal flags */
 329:D:/Projekty/TrinityTrack6000/MainControlBoard/Infineon/XMC4200/Libraries/CMSIS/Include\core_cm4.h ****     uint32_t _reserved1:4;               /*!< bit: 20..23  Reserved */
 330:D:/Projekty/TrinityTrack6000/MainControlBoard/Infineon/XMC4200/Libraries/CMSIS/Include\core_cm4.h ****     uint32_t T:1;                        /*!< bit:     24  Thumb bit */
 331:D:/Projekty/TrinityTrack6000/MainControlBoard/Infineon/XMC4200/Libraries/CMSIS/Include\core_cm4.h ****     uint32_t ICI_IT_2:2;                 /*!< bit: 25..26  ICI/IT part 2 */
 332:D:/Projekty/TrinityTrack6000/MainControlBoard/Infineon/XMC4200/Libraries/CMSIS/Include\core_cm4.h ****     uint32_t Q:1;                        /*!< bit:     27  Saturation condition flag */
 333:D:/Projekty/TrinityTrack6000/MainControlBoard/Infineon/XMC4200/Libraries/CMSIS/Include\core_cm4.h ****     uint32_t V:1;                        /*!< bit:     28  Overflow condition code flag */
 334:D:/Projekty/TrinityTrack6000/MainControlBoard/Infineon/XMC4200/Libraries/CMSIS/Include\core_cm4.h ****     uint32_t C:1;                        /*!< bit:     29  Carry condition code flag */
 335:D:/Projekty/TrinityTrack6000/MainControlBoard/Infineon/XMC4200/Libraries/CMSIS/Include\core_cm4.h ****     uint32_t Z:1;                        /*!< bit:     30  Zero condition code flag */
 336:D:/Projekty/TrinityTrack6000/MainControlBoard/Infineon/XMC4200/Libraries/CMSIS/Include\core_cm4.h ****     uint32_t N:1;                        /*!< bit:     31  Negative condition code flag */
 337:D:/Projekty/TrinityTrack6000/MainControlBoard/Infineon/XMC4200/Libraries/CMSIS/Include\core_cm4.h ****   } b;                                   /*!< Structure used for bit  access */
 338:D:/Projekty/TrinityTrack6000/MainControlBoard/Infineon/XMC4200/Libraries/CMSIS/Include\core_cm4.h ****   uint32_t w;                            /*!< Type      used for word access */
 339:D:/Projekty/TrinityTrack6000/MainControlBoard/Infineon/XMC4200/Libraries/CMSIS/Include\core_cm4.h **** } xPSR_Type;
 340:D:/Projekty/TrinityTrack6000/MainControlBoard/Infineon/XMC4200/Libraries/CMSIS/Include\core_cm4.h **** 
 341:D:/Projekty/TrinityTrack6000/MainControlBoard/Infineon/XMC4200/Libraries/CMSIS/Include\core_cm4.h **** /* xPSR Register Definitions */
 342:D:/Projekty/TrinityTrack6000/MainControlBoard/Infineon/XMC4200/Libraries/CMSIS/Include\core_cm4.h **** #define xPSR_N_Pos                         31U                                            /*!< xPSR
 343:D:/Projekty/TrinityTrack6000/MainControlBoard/Infineon/XMC4200/Libraries/CMSIS/Include\core_cm4.h **** #define xPSR_N_Msk                         (1UL << xPSR_N_Pos)                            /*!< xPSR
 344:D:/Projekty/TrinityTrack6000/MainControlBoard/Infineon/XMC4200/Libraries/CMSIS/Include\core_cm4.h **** 
 345:D:/Projekty/TrinityTrack6000/MainControlBoard/Infineon/XMC4200/Libraries/CMSIS/Include\core_cm4.h **** #define xPSR_Z_Pos                         30U                                            /*!< xPSR
 346:D:/Projekty/TrinityTrack6000/MainControlBoard/Infineon/XMC4200/Libraries/CMSIS/Include\core_cm4.h **** #define xPSR_Z_Msk                         (1UL << xPSR_Z_Pos)                            /*!< xPSR
 347:D:/Projekty/TrinityTrack6000/MainControlBoard/Infineon/XMC4200/Libraries/CMSIS/Include\core_cm4.h **** 
 348:D:/Projekty/TrinityTrack6000/MainControlBoard/Infineon/XMC4200/Libraries/CMSIS/Include\core_cm4.h **** #define xPSR_C_Pos                         29U                                            /*!< xPSR
 349:D:/Projekty/TrinityTrack6000/MainControlBoard/Infineon/XMC4200/Libraries/CMSIS/Include\core_cm4.h **** #define xPSR_C_Msk                         (1UL << xPSR_C_Pos)                            /*!< xPSR
 350:D:/Projekty/TrinityTrack6000/MainControlBoard/Infineon/XMC4200/Libraries/CMSIS/Include\core_cm4.h **** 
 351:D:/Projekty/TrinityTrack6000/MainControlBoard/Infineon/XMC4200/Libraries/CMSIS/Include\core_cm4.h **** #define xPSR_V_Pos                         28U                                            /*!< xPSR
 352:D:/Projekty/TrinityTrack6000/MainControlBoard/Infineon/XMC4200/Libraries/CMSIS/Include\core_cm4.h **** #define xPSR_V_Msk                         (1UL << xPSR_V_Pos)                            /*!< xPSR
 353:D:/Projekty/TrinityTrack6000/MainControlBoard/Infineon/XMC4200/Libraries/CMSIS/Include\core_cm4.h **** 
 354:D:/Projekty/TrinityTrack6000/MainControlBoard/Infineon/XMC4200/Libraries/CMSIS/Include\core_cm4.h **** #define xPSR_Q_Pos                         27U                                            /*!< xPSR
 355:D:/Projekty/TrinityTrack6000/MainControlBoard/Infineon/XMC4200/Libraries/CMSIS/Include\core_cm4.h **** #define xPSR_Q_Msk                         (1UL << xPSR_Q_Pos)                            /*!< xPSR
 356:D:/Projekty/TrinityTrack6000/MainControlBoard/Infineon/XMC4200/Libraries/CMSIS/Include\core_cm4.h **** 
 357:D:/Projekty/TrinityTrack6000/MainControlBoard/Infineon/XMC4200/Libraries/CMSIS/Include\core_cm4.h **** #define xPSR_ICI_IT_2_Pos                  25U                                            /*!< xPSR
 358:D:/Projekty/TrinityTrack6000/MainControlBoard/Infineon/XMC4200/Libraries/CMSIS/Include\core_cm4.h **** #define xPSR_ICI_IT_2_Msk                  (3UL << xPSR_ICI_IT_2_Pos)                     /*!< xPSR
 359:D:/Projekty/TrinityTrack6000/MainControlBoard/Infineon/XMC4200/Libraries/CMSIS/Include\core_cm4.h **** 
 360:D:/Projekty/TrinityTrack6000/MainControlBoard/Infineon/XMC4200/Libraries/CMSIS/Include\core_cm4.h **** #define xPSR_T_Pos                         24U                                            /*!< xPSR
 361:D:/Projekty/TrinityTrack6000/MainControlBoard/Infineon/XMC4200/Libraries/CMSIS/Include\core_cm4.h **** #define xPSR_T_Msk                         (1UL << xPSR_T_Pos)                            /*!< xPSR
 362:D:/Projekty/TrinityTrack6000/MainControlBoard/Infineon/XMC4200/Libraries/CMSIS/Include\core_cm4.h **** 
 363:D:/Projekty/TrinityTrack6000/MainControlBoard/Infineon/XMC4200/Libraries/CMSIS/Include\core_cm4.h **** #define xPSR_GE_Pos                        16U                                            /*!< xPSR
 364:D:/Projekty/TrinityTrack6000/MainControlBoard/Infineon/XMC4200/Libraries/CMSIS/Include\core_cm4.h **** #define xPSR_GE_Msk                        (0xFUL << xPSR_GE_Pos)                         /*!< xPSR
 365:D:/Projekty/TrinityTrack6000/MainControlBoard/Infineon/XMC4200/Libraries/CMSIS/Include\core_cm4.h **** 
 366:D:/Projekty/TrinityTrack6000/MainControlBoard/Infineon/XMC4200/Libraries/CMSIS/Include\core_cm4.h **** #define xPSR_ICI_IT_1_Pos                  10U                                            /*!< xPSR
 367:D:/Projekty/TrinityTrack6000/MainControlBoard/Infineon/XMC4200/Libraries/CMSIS/Include\core_cm4.h **** #define xPSR_ICI_IT_1_Msk                  (0x3FUL << xPSR_ICI_IT_1_Pos)                  /*!< xPSR
 368:D:/Projekty/TrinityTrack6000/MainControlBoard/Infineon/XMC4200/Libraries/CMSIS/Include\core_cm4.h **** 
 369:D:/Projekty/TrinityTrack6000/MainControlBoard/Infineon/XMC4200/Libraries/CMSIS/Include\core_cm4.h **** #define xPSR_ISR_Pos                        0U                                            /*!< xPSR
 370:D:/Projekty/TrinityTrack6000/MainControlBoard/Infineon/XMC4200/Libraries/CMSIS/Include\core_cm4.h **** #define xPSR_ISR_Msk                       (0x1FFUL /*<< xPSR_ISR_Pos*/)                  /*!< xPSR
 371:D:/Projekty/TrinityTrack6000/MainControlBoard/Infineon/XMC4200/Libraries/CMSIS/Include\core_cm4.h **** 
 372:D:/Projekty/TrinityTrack6000/MainControlBoard/Infineon/XMC4200/Libraries/CMSIS/Include\core_cm4.h **** 
 373:D:/Projekty/TrinityTrack6000/MainControlBoard/Infineon/XMC4200/Libraries/CMSIS/Include\core_cm4.h **** /**
 374:D:/Projekty/TrinityTrack6000/MainControlBoard/Infineon/XMC4200/Libraries/CMSIS/Include\core_cm4.h ****   \brief  Union type to access the Control Registers (CONTROL).
 375:D:/Projekty/TrinityTrack6000/MainControlBoard/Infineon/XMC4200/Libraries/CMSIS/Include\core_cm4.h ****  */
 376:D:/Projekty/TrinityTrack6000/MainControlBoard/Infineon/XMC4200/Libraries/CMSIS/Include\core_cm4.h **** typedef union
 377:D:/Projekty/TrinityTrack6000/MainControlBoard/Infineon/XMC4200/Libraries/CMSIS/Include\core_cm4.h **** {
 378:D:/Projekty/TrinityTrack6000/MainControlBoard/Infineon/XMC4200/Libraries/CMSIS/Include\core_cm4.h ****   struct
 379:D:/Projekty/TrinityTrack6000/MainControlBoard/Infineon/XMC4200/Libraries/CMSIS/Include\core_cm4.h ****   {
 380:D:/Projekty/TrinityTrack6000/MainControlBoard/Infineon/XMC4200/Libraries/CMSIS/Include\core_cm4.h ****     uint32_t nPRIV:1;                    /*!< bit:      0  Execution privilege in Thread mode */
 381:D:/Projekty/TrinityTrack6000/MainControlBoard/Infineon/XMC4200/Libraries/CMSIS/Include\core_cm4.h ****     uint32_t SPSEL:1;                    /*!< bit:      1  Stack to be used */
 382:D:/Projekty/TrinityTrack6000/MainControlBoard/Infineon/XMC4200/Libraries/CMSIS/Include\core_cm4.h ****     uint32_t FPCA:1;                     /*!< bit:      2  FP extension active flag */
 383:D:/Projekty/TrinityTrack6000/MainControlBoard/Infineon/XMC4200/Libraries/CMSIS/Include\core_cm4.h ****     uint32_t _reserved0:29;              /*!< bit:  3..31  Reserved */
 384:D:/Projekty/TrinityTrack6000/MainControlBoard/Infineon/XMC4200/Libraries/CMSIS/Include\core_cm4.h ****   } b;                                   /*!< Structure used for bit  access */
 385:D:/Projekty/TrinityTrack6000/MainControlBoard/Infineon/XMC4200/Libraries/CMSIS/Include\core_cm4.h ****   uint32_t w;                            /*!< Type      used for word access */
 386:D:/Projekty/TrinityTrack6000/MainControlBoard/Infineon/XMC4200/Libraries/CMSIS/Include\core_cm4.h **** } CONTROL_Type;
 387:D:/Projekty/TrinityTrack6000/MainControlBoard/Infineon/XMC4200/Libraries/CMSIS/Include\core_cm4.h **** 
 388:D:/Projekty/TrinityTrack6000/MainControlBoard/Infineon/XMC4200/Libraries/CMSIS/Include\core_cm4.h **** /* CONTROL Register Definitions */
 389:D:/Projekty/TrinityTrack6000/MainControlBoard/Infineon/XMC4200/Libraries/CMSIS/Include\core_cm4.h **** #define CONTROL_FPCA_Pos                    2U                                            /*!< CONT
 390:D:/Projekty/TrinityTrack6000/MainControlBoard/Infineon/XMC4200/Libraries/CMSIS/Include\core_cm4.h **** #define CONTROL_FPCA_Msk                   (1UL << CONTROL_FPCA_Pos)                      /*!< CONT
 391:D:/Projekty/TrinityTrack6000/MainControlBoard/Infineon/XMC4200/Libraries/CMSIS/Include\core_cm4.h **** 
 392:D:/Projekty/TrinityTrack6000/MainControlBoard/Infineon/XMC4200/Libraries/CMSIS/Include\core_cm4.h **** #define CONTROL_SPSEL_Pos                   1U                                            /*!< CONT
 393:D:/Projekty/TrinityTrack6000/MainControlBoard/Infineon/XMC4200/Libraries/CMSIS/Include\core_cm4.h **** #define CONTROL_SPSEL_Msk                  (1UL << CONTROL_SPSEL_Pos)                     /*!< CONT
 394:D:/Projekty/TrinityTrack6000/MainControlBoard/Infineon/XMC4200/Libraries/CMSIS/Include\core_cm4.h **** 
 395:D:/Projekty/TrinityTrack6000/MainControlBoard/Infineon/XMC4200/Libraries/CMSIS/Include\core_cm4.h **** #define CONTROL_nPRIV_Pos                   0U                                            /*!< CONT
 396:D:/Projekty/TrinityTrack6000/MainControlBoard/Infineon/XMC4200/Libraries/CMSIS/Include\core_cm4.h **** #define CONTROL_nPRIV_Msk                  (1UL /*<< CONTROL_nPRIV_Pos*/)                 /*!< CONT
 397:D:/Projekty/TrinityTrack6000/MainControlBoard/Infineon/XMC4200/Libraries/CMSIS/Include\core_cm4.h **** 
 398:D:/Projekty/TrinityTrack6000/MainControlBoard/Infineon/XMC4200/Libraries/CMSIS/Include\core_cm4.h **** /*@} end of group CMSIS_CORE */
 399:D:/Projekty/TrinityTrack6000/MainControlBoard/Infineon/XMC4200/Libraries/CMSIS/Include\core_cm4.h **** 
 400:D:/Projekty/TrinityTrack6000/MainControlBoard/Infineon/XMC4200/Libraries/CMSIS/Include\core_cm4.h **** 
 401:D:/Projekty/TrinityTrack6000/MainControlBoard/Infineon/XMC4200/Libraries/CMSIS/Include\core_cm4.h **** /**
 402:D:/Projekty/TrinityTrack6000/MainControlBoard/Infineon/XMC4200/Libraries/CMSIS/Include\core_cm4.h ****   \ingroup    CMSIS_core_register
 403:D:/Projekty/TrinityTrack6000/MainControlBoard/Infineon/XMC4200/Libraries/CMSIS/Include\core_cm4.h ****   \defgroup   CMSIS_NVIC  Nested Vectored Interrupt Controller (NVIC)
 404:D:/Projekty/TrinityTrack6000/MainControlBoard/Infineon/XMC4200/Libraries/CMSIS/Include\core_cm4.h ****   \brief      Type definitions for the NVIC Registers
 405:D:/Projekty/TrinityTrack6000/MainControlBoard/Infineon/XMC4200/Libraries/CMSIS/Include\core_cm4.h ****   @{
 406:D:/Projekty/TrinityTrack6000/MainControlBoard/Infineon/XMC4200/Libraries/CMSIS/Include\core_cm4.h ****  */
 407:D:/Projekty/TrinityTrack6000/MainControlBoard/Infineon/XMC4200/Libraries/CMSIS/Include\core_cm4.h **** 
 408:D:/Projekty/TrinityTrack6000/MainControlBoard/Infineon/XMC4200/Libraries/CMSIS/Include\core_cm4.h **** /**
 409:D:/Projekty/TrinityTrack6000/MainControlBoard/Infineon/XMC4200/Libraries/CMSIS/Include\core_cm4.h ****   \brief  Structure type to access the Nested Vectored Interrupt Controller (NVIC).
 410:D:/Projekty/TrinityTrack6000/MainControlBoard/Infineon/XMC4200/Libraries/CMSIS/Include\core_cm4.h ****  */
 411:D:/Projekty/TrinityTrack6000/MainControlBoard/Infineon/XMC4200/Libraries/CMSIS/Include\core_cm4.h **** typedef struct
 412:D:/Projekty/TrinityTrack6000/MainControlBoard/Infineon/XMC4200/Libraries/CMSIS/Include\core_cm4.h **** {
 413:D:/Projekty/TrinityTrack6000/MainControlBoard/Infineon/XMC4200/Libraries/CMSIS/Include\core_cm4.h ****   __IOM uint32_t ISER[8U];               /*!< Offset: 0x000 (R/W)  Interrupt Set Enable Register */
 414:D:/Projekty/TrinityTrack6000/MainControlBoard/Infineon/XMC4200/Libraries/CMSIS/Include\core_cm4.h ****         uint32_t RESERVED0[24U];
 415:D:/Projekty/TrinityTrack6000/MainControlBoard/Infineon/XMC4200/Libraries/CMSIS/Include\core_cm4.h ****   __IOM uint32_t ICER[8U];               /*!< Offset: 0x080 (R/W)  Interrupt Clear Enable Register 
 416:D:/Projekty/TrinityTrack6000/MainControlBoard/Infineon/XMC4200/Libraries/CMSIS/Include\core_cm4.h ****         uint32_t RESERVED1[24U];
 417:D:/Projekty/TrinityTrack6000/MainControlBoard/Infineon/XMC4200/Libraries/CMSIS/Include\core_cm4.h ****   __IOM uint32_t ISPR[8U];               /*!< Offset: 0x100 (R/W)  Interrupt Set Pending Register *
 418:D:/Projekty/TrinityTrack6000/MainControlBoard/Infineon/XMC4200/Libraries/CMSIS/Include\core_cm4.h ****         uint32_t RESERVED2[24U];
 419:D:/Projekty/TrinityTrack6000/MainControlBoard/Infineon/XMC4200/Libraries/CMSIS/Include\core_cm4.h ****   __IOM uint32_t ICPR[8U];               /*!< Offset: 0x180 (R/W)  Interrupt Clear Pending Register
 420:D:/Projekty/TrinityTrack6000/MainControlBoard/Infineon/XMC4200/Libraries/CMSIS/Include\core_cm4.h ****         uint32_t RESERVED3[24U];
 421:D:/Projekty/TrinityTrack6000/MainControlBoard/Infineon/XMC4200/Libraries/CMSIS/Include\core_cm4.h ****   __IOM uint32_t IABR[8U];               /*!< Offset: 0x200 (R/W)  Interrupt Active bit Register */
 422:D:/Projekty/TrinityTrack6000/MainControlBoard/Infineon/XMC4200/Libraries/CMSIS/Include\core_cm4.h ****         uint32_t RESERVED4[56U];
 423:D:/Projekty/TrinityTrack6000/MainControlBoard/Infineon/XMC4200/Libraries/CMSIS/Include\core_cm4.h ****   __IOM uint8_t  IP[240U];               /*!< Offset: 0x300 (R/W)  Interrupt Priority Register (8Bi
 424:D:/Projekty/TrinityTrack6000/MainControlBoard/Infineon/XMC4200/Libraries/CMSIS/Include\core_cm4.h ****         uint32_t RESERVED5[644U];
 425:D:/Projekty/TrinityTrack6000/MainControlBoard/Infineon/XMC4200/Libraries/CMSIS/Include\core_cm4.h ****   __OM  uint32_t STIR;                   /*!< Offset: 0xE00 ( /W)  Software Trigger Interrupt Regis
 426:D:/Projekty/TrinityTrack6000/MainControlBoard/Infineon/XMC4200/Libraries/CMSIS/Include\core_cm4.h **** }  NVIC_Type;
 427:D:/Projekty/TrinityTrack6000/MainControlBoard/Infineon/XMC4200/Libraries/CMSIS/Include\core_cm4.h **** 
 428:D:/Projekty/TrinityTrack6000/MainControlBoard/Infineon/XMC4200/Libraries/CMSIS/Include\core_cm4.h **** /* Software Triggered Interrupt Register Definitions */
 429:D:/Projekty/TrinityTrack6000/MainControlBoard/Infineon/XMC4200/Libraries/CMSIS/Include\core_cm4.h **** #define NVIC_STIR_INTID_Pos                 0U                                         /*!< STIR: I
 430:D:/Projekty/TrinityTrack6000/MainControlBoard/Infineon/XMC4200/Libraries/CMSIS/Include\core_cm4.h **** #define NVIC_STIR_INTID_Msk                (0x1FFUL /*<< NVIC_STIR_INTID_Pos*/)        /*!< STIR: I
 431:D:/Projekty/TrinityTrack6000/MainControlBoard/Infineon/XMC4200/Libraries/CMSIS/Include\core_cm4.h **** 
 432:D:/Projekty/TrinityTrack6000/MainControlBoard/Infineon/XMC4200/Libraries/CMSIS/Include\core_cm4.h **** /*@} end of group CMSIS_NVIC */
 433:D:/Projekty/TrinityTrack6000/MainControlBoard/Infineon/XMC4200/Libraries/CMSIS/Include\core_cm4.h **** 
 434:D:/Projekty/TrinityTrack6000/MainControlBoard/Infineon/XMC4200/Libraries/CMSIS/Include\core_cm4.h **** 
 435:D:/Projekty/TrinityTrack6000/MainControlBoard/Infineon/XMC4200/Libraries/CMSIS/Include\core_cm4.h **** /**
 436:D:/Projekty/TrinityTrack6000/MainControlBoard/Infineon/XMC4200/Libraries/CMSIS/Include\core_cm4.h ****   \ingroup  CMSIS_core_register
 437:D:/Projekty/TrinityTrack6000/MainControlBoard/Infineon/XMC4200/Libraries/CMSIS/Include\core_cm4.h ****   \defgroup CMSIS_SCB     System Control Block (SCB)
 438:D:/Projekty/TrinityTrack6000/MainControlBoard/Infineon/XMC4200/Libraries/CMSIS/Include\core_cm4.h ****   \brief    Type definitions for the System Control Block Registers
 439:D:/Projekty/TrinityTrack6000/MainControlBoard/Infineon/XMC4200/Libraries/CMSIS/Include\core_cm4.h ****   @{
 440:D:/Projekty/TrinityTrack6000/MainControlBoard/Infineon/XMC4200/Libraries/CMSIS/Include\core_cm4.h ****  */
 441:D:/Projekty/TrinityTrack6000/MainControlBoard/Infineon/XMC4200/Libraries/CMSIS/Include\core_cm4.h **** 
 442:D:/Projekty/TrinityTrack6000/MainControlBoard/Infineon/XMC4200/Libraries/CMSIS/Include\core_cm4.h **** /**
 443:D:/Projekty/TrinityTrack6000/MainControlBoard/Infineon/XMC4200/Libraries/CMSIS/Include\core_cm4.h ****   \brief  Structure type to access the System Control Block (SCB).
 444:D:/Projekty/TrinityTrack6000/MainControlBoard/Infineon/XMC4200/Libraries/CMSIS/Include\core_cm4.h ****  */
 445:D:/Projekty/TrinityTrack6000/MainControlBoard/Infineon/XMC4200/Libraries/CMSIS/Include\core_cm4.h **** typedef struct
 446:D:/Projekty/TrinityTrack6000/MainControlBoard/Infineon/XMC4200/Libraries/CMSIS/Include\core_cm4.h **** {
 447:D:/Projekty/TrinityTrack6000/MainControlBoard/Infineon/XMC4200/Libraries/CMSIS/Include\core_cm4.h ****   __IM  uint32_t CPUID;                  /*!< Offset: 0x000 (R/ )  CPUID Base Register */
 448:D:/Projekty/TrinityTrack6000/MainControlBoard/Infineon/XMC4200/Libraries/CMSIS/Include\core_cm4.h ****   __IOM uint32_t ICSR;                   /*!< Offset: 0x004 (R/W)  Interrupt Control and State Regi
 449:D:/Projekty/TrinityTrack6000/MainControlBoard/Infineon/XMC4200/Libraries/CMSIS/Include\core_cm4.h ****   __IOM uint32_t VTOR;                   /*!< Offset: 0x008 (R/W)  Vector Table Offset Register */
 450:D:/Projekty/TrinityTrack6000/MainControlBoard/Infineon/XMC4200/Libraries/CMSIS/Include\core_cm4.h ****   __IOM uint32_t AIRCR;                  /*!< Offset: 0x00C (R/W)  Application Interrupt and Reset 
 451:D:/Projekty/TrinityTrack6000/MainControlBoard/Infineon/XMC4200/Libraries/CMSIS/Include\core_cm4.h ****   __IOM uint32_t SCR;                    /*!< Offset: 0x010 (R/W)  System Control Register */
 452:D:/Projekty/TrinityTrack6000/MainControlBoard/Infineon/XMC4200/Libraries/CMSIS/Include\core_cm4.h ****   __IOM uint32_t CCR;                    /*!< Offset: 0x014 (R/W)  Configuration Control Register *
 453:D:/Projekty/TrinityTrack6000/MainControlBoard/Infineon/XMC4200/Libraries/CMSIS/Include\core_cm4.h ****   __IOM uint8_t  SHP[12U];               /*!< Offset: 0x018 (R/W)  System Handlers Priority Registe
 454:D:/Projekty/TrinityTrack6000/MainControlBoard/Infineon/XMC4200/Libraries/CMSIS/Include\core_cm4.h ****   __IOM uint32_t SHCSR;                  /*!< Offset: 0x024 (R/W)  System Handler Control and State
 455:D:/Projekty/TrinityTrack6000/MainControlBoard/Infineon/XMC4200/Libraries/CMSIS/Include\core_cm4.h ****   __IOM uint32_t CFSR;                   /*!< Offset: 0x028 (R/W)  Configurable Fault Status Regist
 456:D:/Projekty/TrinityTrack6000/MainControlBoard/Infineon/XMC4200/Libraries/CMSIS/Include\core_cm4.h ****   __IOM uint32_t HFSR;                   /*!< Offset: 0x02C (R/W)  HardFault Status Register */
 457:D:/Projekty/TrinityTrack6000/MainControlBoard/Infineon/XMC4200/Libraries/CMSIS/Include\core_cm4.h ****   __IOM uint32_t DFSR;                   /*!< Offset: 0x030 (R/W)  Debug Fault Status Register */
 458:D:/Projekty/TrinityTrack6000/MainControlBoard/Infineon/XMC4200/Libraries/CMSIS/Include\core_cm4.h ****   __IOM uint32_t MMFAR;                  /*!< Offset: 0x034 (R/W)  MemManage Fault Address Register
 459:D:/Projekty/TrinityTrack6000/MainControlBoard/Infineon/XMC4200/Libraries/CMSIS/Include\core_cm4.h ****   __IOM uint32_t BFAR;                   /*!< Offset: 0x038 (R/W)  BusFault Address Register */
 460:D:/Projekty/TrinityTrack6000/MainControlBoard/Infineon/XMC4200/Libraries/CMSIS/Include\core_cm4.h ****   __IOM uint32_t AFSR;                   /*!< Offset: 0x03C (R/W)  Auxiliary Fault Status Register 
 461:D:/Projekty/TrinityTrack6000/MainControlBoard/Infineon/XMC4200/Libraries/CMSIS/Include\core_cm4.h ****   __IM  uint32_t PFR[2U];                /*!< Offset: 0x040 (R/ )  Processor Feature Register */
 462:D:/Projekty/TrinityTrack6000/MainControlBoard/Infineon/XMC4200/Libraries/CMSIS/Include\core_cm4.h ****   __IM  uint32_t DFR;                    /*!< Offset: 0x048 (R/ )  Debug Feature Register */
 463:D:/Projekty/TrinityTrack6000/MainControlBoard/Infineon/XMC4200/Libraries/CMSIS/Include\core_cm4.h ****   __IM  uint32_t ADR;                    /*!< Offset: 0x04C (R/ )  Auxiliary Feature Register */
 464:D:/Projekty/TrinityTrack6000/MainControlBoard/Infineon/XMC4200/Libraries/CMSIS/Include\core_cm4.h ****   __IM  uint32_t MMFR[4U];               /*!< Offset: 0x050 (R/ )  Memory Model Feature Register */
 465:D:/Projekty/TrinityTrack6000/MainControlBoard/Infineon/XMC4200/Libraries/CMSIS/Include\core_cm4.h ****   __IM  uint32_t ISAR[5U];               /*!< Offset: 0x060 (R/ )  Instruction Set Attributes Regis
 466:D:/Projekty/TrinityTrack6000/MainControlBoard/Infineon/XMC4200/Libraries/CMSIS/Include\core_cm4.h ****         uint32_t RESERVED0[5U];
 467:D:/Projekty/TrinityTrack6000/MainControlBoard/Infineon/XMC4200/Libraries/CMSIS/Include\core_cm4.h ****   __IOM uint32_t CPACR;                  /*!< Offset: 0x088 (R/W)  Coprocessor Access Control Regis
 468:D:/Projekty/TrinityTrack6000/MainControlBoard/Infineon/XMC4200/Libraries/CMSIS/Include\core_cm4.h **** } SCB_Type;
 469:D:/Projekty/TrinityTrack6000/MainControlBoard/Infineon/XMC4200/Libraries/CMSIS/Include\core_cm4.h **** 
 470:D:/Projekty/TrinityTrack6000/MainControlBoard/Infineon/XMC4200/Libraries/CMSIS/Include\core_cm4.h **** /* SCB CPUID Register Definitions */
 471:D:/Projekty/TrinityTrack6000/MainControlBoard/Infineon/XMC4200/Libraries/CMSIS/Include\core_cm4.h **** #define SCB_CPUID_IMPLEMENTER_Pos          24U                                            /*!< SCB 
 472:D:/Projekty/TrinityTrack6000/MainControlBoard/Infineon/XMC4200/Libraries/CMSIS/Include\core_cm4.h **** #define SCB_CPUID_IMPLEMENTER_Msk          (0xFFUL << SCB_CPUID_IMPLEMENTER_Pos)          /*!< SCB 
 473:D:/Projekty/TrinityTrack6000/MainControlBoard/Infineon/XMC4200/Libraries/CMSIS/Include\core_cm4.h **** 
 474:D:/Projekty/TrinityTrack6000/MainControlBoard/Infineon/XMC4200/Libraries/CMSIS/Include\core_cm4.h **** #define SCB_CPUID_VARIANT_Pos              20U                                            /*!< SCB 
 475:D:/Projekty/TrinityTrack6000/MainControlBoard/Infineon/XMC4200/Libraries/CMSIS/Include\core_cm4.h **** #define SCB_CPUID_VARIANT_Msk              (0xFUL << SCB_CPUID_VARIANT_Pos)               /*!< SCB 
 476:D:/Projekty/TrinityTrack6000/MainControlBoard/Infineon/XMC4200/Libraries/CMSIS/Include\core_cm4.h **** 
 477:D:/Projekty/TrinityTrack6000/MainControlBoard/Infineon/XMC4200/Libraries/CMSIS/Include\core_cm4.h **** #define SCB_CPUID_ARCHITECTURE_Pos         16U                                            /*!< SCB 
 478:D:/Projekty/TrinityTrack6000/MainControlBoard/Infineon/XMC4200/Libraries/CMSIS/Include\core_cm4.h **** #define SCB_CPUID_ARCHITECTURE_Msk         (0xFUL << SCB_CPUID_ARCHITECTURE_Pos)          /*!< SCB 
 479:D:/Projekty/TrinityTrack6000/MainControlBoard/Infineon/XMC4200/Libraries/CMSIS/Include\core_cm4.h **** 
 480:D:/Projekty/TrinityTrack6000/MainControlBoard/Infineon/XMC4200/Libraries/CMSIS/Include\core_cm4.h **** #define SCB_CPUID_PARTNO_Pos                4U                                            /*!< SCB 
 481:D:/Projekty/TrinityTrack6000/MainControlBoard/Infineon/XMC4200/Libraries/CMSIS/Include\core_cm4.h **** #define SCB_CPUID_PARTNO_Msk               (0xFFFUL << SCB_CPUID_PARTNO_Pos)              /*!< SCB 
 482:D:/Projekty/TrinityTrack6000/MainControlBoard/Infineon/XMC4200/Libraries/CMSIS/Include\core_cm4.h **** 
 483:D:/Projekty/TrinityTrack6000/MainControlBoard/Infineon/XMC4200/Libraries/CMSIS/Include\core_cm4.h **** #define SCB_CPUID_REVISION_Pos              0U                                            /*!< SCB 
 484:D:/Projekty/TrinityTrack6000/MainControlBoard/Infineon/XMC4200/Libraries/CMSIS/Include\core_cm4.h **** #define SCB_CPUID_REVISION_Msk             (0xFUL /*<< SCB_CPUID_REVISION_Pos*/)          /*!< SCB 
 485:D:/Projekty/TrinityTrack6000/MainControlBoard/Infineon/XMC4200/Libraries/CMSIS/Include\core_cm4.h **** 
 486:D:/Projekty/TrinityTrack6000/MainControlBoard/Infineon/XMC4200/Libraries/CMSIS/Include\core_cm4.h **** /* SCB Interrupt Control State Register Definitions */
 487:D:/Projekty/TrinityTrack6000/MainControlBoard/Infineon/XMC4200/Libraries/CMSIS/Include\core_cm4.h **** #define SCB_ICSR_NMIPENDSET_Pos            31U                                            /*!< SCB 
 488:D:/Projekty/TrinityTrack6000/MainControlBoard/Infineon/XMC4200/Libraries/CMSIS/Include\core_cm4.h **** #define SCB_ICSR_NMIPENDSET_Msk            (1UL << SCB_ICSR_NMIPENDSET_Pos)               /*!< SCB 
 489:D:/Projekty/TrinityTrack6000/MainControlBoard/Infineon/XMC4200/Libraries/CMSIS/Include\core_cm4.h **** 
 490:D:/Projekty/TrinityTrack6000/MainControlBoard/Infineon/XMC4200/Libraries/CMSIS/Include\core_cm4.h **** #define SCB_ICSR_PENDSVSET_Pos             28U                                            /*!< SCB 
 491:D:/Projekty/TrinityTrack6000/MainControlBoard/Infineon/XMC4200/Libraries/CMSIS/Include\core_cm4.h **** #define SCB_ICSR_PENDSVSET_Msk             (1UL << SCB_ICSR_PENDSVSET_Pos)                /*!< SCB 
 492:D:/Projekty/TrinityTrack6000/MainControlBoard/Infineon/XMC4200/Libraries/CMSIS/Include\core_cm4.h **** 
 493:D:/Projekty/TrinityTrack6000/MainControlBoard/Infineon/XMC4200/Libraries/CMSIS/Include\core_cm4.h **** #define SCB_ICSR_PENDSVCLR_Pos             27U                                            /*!< SCB 
 494:D:/Projekty/TrinityTrack6000/MainControlBoard/Infineon/XMC4200/Libraries/CMSIS/Include\core_cm4.h **** #define SCB_ICSR_PENDSVCLR_Msk             (1UL << SCB_ICSR_PENDSVCLR_Pos)                /*!< SCB 
 495:D:/Projekty/TrinityTrack6000/MainControlBoard/Infineon/XMC4200/Libraries/CMSIS/Include\core_cm4.h **** 
 496:D:/Projekty/TrinityTrack6000/MainControlBoard/Infineon/XMC4200/Libraries/CMSIS/Include\core_cm4.h **** #define SCB_ICSR_PENDSTSET_Pos             26U                                            /*!< SCB 
 497:D:/Projekty/TrinityTrack6000/MainControlBoard/Infineon/XMC4200/Libraries/CMSIS/Include\core_cm4.h **** #define SCB_ICSR_PENDSTSET_Msk             (1UL << SCB_ICSR_PENDSTSET_Pos)                /*!< SCB 
 498:D:/Projekty/TrinityTrack6000/MainControlBoard/Infineon/XMC4200/Libraries/CMSIS/Include\core_cm4.h **** 
 499:D:/Projekty/TrinityTrack6000/MainControlBoard/Infineon/XMC4200/Libraries/CMSIS/Include\core_cm4.h **** #define SCB_ICSR_PENDSTCLR_Pos             25U                                            /*!< SCB 
 500:D:/Projekty/TrinityTrack6000/MainControlBoard/Infineon/XMC4200/Libraries/CMSIS/Include\core_cm4.h **** #define SCB_ICSR_PENDSTCLR_Msk             (1UL << SCB_ICSR_PENDSTCLR_Pos)                /*!< SCB 
 501:D:/Projekty/TrinityTrack6000/MainControlBoard/Infineon/XMC4200/Libraries/CMSIS/Include\core_cm4.h **** 
 502:D:/Projekty/TrinityTrack6000/MainControlBoard/Infineon/XMC4200/Libraries/CMSIS/Include\core_cm4.h **** #define SCB_ICSR_ISRPREEMPT_Pos            23U                                            /*!< SCB 
 503:D:/Projekty/TrinityTrack6000/MainControlBoard/Infineon/XMC4200/Libraries/CMSIS/Include\core_cm4.h **** #define SCB_ICSR_ISRPREEMPT_Msk            (1UL << SCB_ICSR_ISRPREEMPT_Pos)               /*!< SCB 
 504:D:/Projekty/TrinityTrack6000/MainControlBoard/Infineon/XMC4200/Libraries/CMSIS/Include\core_cm4.h **** 
 505:D:/Projekty/TrinityTrack6000/MainControlBoard/Infineon/XMC4200/Libraries/CMSIS/Include\core_cm4.h **** #define SCB_ICSR_ISRPENDING_Pos            22U                                            /*!< SCB 
 506:D:/Projekty/TrinityTrack6000/MainControlBoard/Infineon/XMC4200/Libraries/CMSIS/Include\core_cm4.h **** #define SCB_ICSR_ISRPENDING_Msk            (1UL << SCB_ICSR_ISRPENDING_Pos)               /*!< SCB 
 507:D:/Projekty/TrinityTrack6000/MainControlBoard/Infineon/XMC4200/Libraries/CMSIS/Include\core_cm4.h **** 
 508:D:/Projekty/TrinityTrack6000/MainControlBoard/Infineon/XMC4200/Libraries/CMSIS/Include\core_cm4.h **** #define SCB_ICSR_VECTPENDING_Pos           12U                                            /*!< SCB 
 509:D:/Projekty/TrinityTrack6000/MainControlBoard/Infineon/XMC4200/Libraries/CMSIS/Include\core_cm4.h **** #define SCB_ICSR_VECTPENDING_Msk           (0x1FFUL << SCB_ICSR_VECTPENDING_Pos)          /*!< SCB 
 510:D:/Projekty/TrinityTrack6000/MainControlBoard/Infineon/XMC4200/Libraries/CMSIS/Include\core_cm4.h **** 
 511:D:/Projekty/TrinityTrack6000/MainControlBoard/Infineon/XMC4200/Libraries/CMSIS/Include\core_cm4.h **** #define SCB_ICSR_RETTOBASE_Pos             11U                                            /*!< SCB 
 512:D:/Projekty/TrinityTrack6000/MainControlBoard/Infineon/XMC4200/Libraries/CMSIS/Include\core_cm4.h **** #define SCB_ICSR_RETTOBASE_Msk             (1UL << SCB_ICSR_RETTOBASE_Pos)                /*!< SCB 
 513:D:/Projekty/TrinityTrack6000/MainControlBoard/Infineon/XMC4200/Libraries/CMSIS/Include\core_cm4.h **** 
 514:D:/Projekty/TrinityTrack6000/MainControlBoard/Infineon/XMC4200/Libraries/CMSIS/Include\core_cm4.h **** #define SCB_ICSR_VECTACTIVE_Pos             0U                                            /*!< SCB 
 515:D:/Projekty/TrinityTrack6000/MainControlBoard/Infineon/XMC4200/Libraries/CMSIS/Include\core_cm4.h **** #define SCB_ICSR_VECTACTIVE_Msk            (0x1FFUL /*<< SCB_ICSR_VECTACTIVE_Pos*/)       /*!< SCB 
 516:D:/Projekty/TrinityTrack6000/MainControlBoard/Infineon/XMC4200/Libraries/CMSIS/Include\core_cm4.h **** 
 517:D:/Projekty/TrinityTrack6000/MainControlBoard/Infineon/XMC4200/Libraries/CMSIS/Include\core_cm4.h **** /* SCB Vector Table Offset Register Definitions */
 518:D:/Projekty/TrinityTrack6000/MainControlBoard/Infineon/XMC4200/Libraries/CMSIS/Include\core_cm4.h **** #define SCB_VTOR_TBLOFF_Pos                 7U                                            /*!< SCB 
 519:D:/Projekty/TrinityTrack6000/MainControlBoard/Infineon/XMC4200/Libraries/CMSIS/Include\core_cm4.h **** #define SCB_VTOR_TBLOFF_Msk                (0x1FFFFFFUL << SCB_VTOR_TBLOFF_Pos)           /*!< SCB 
 520:D:/Projekty/TrinityTrack6000/MainControlBoard/Infineon/XMC4200/Libraries/CMSIS/Include\core_cm4.h **** 
 521:D:/Projekty/TrinityTrack6000/MainControlBoard/Infineon/XMC4200/Libraries/CMSIS/Include\core_cm4.h **** /* SCB Application Interrupt and Reset Control Register Definitions */
 522:D:/Projekty/TrinityTrack6000/MainControlBoard/Infineon/XMC4200/Libraries/CMSIS/Include\core_cm4.h **** #define SCB_AIRCR_VECTKEY_Pos              16U                                            /*!< SCB 
 523:D:/Projekty/TrinityTrack6000/MainControlBoard/Infineon/XMC4200/Libraries/CMSIS/Include\core_cm4.h **** #define SCB_AIRCR_VECTKEY_Msk              (0xFFFFUL << SCB_AIRCR_VECTKEY_Pos)            /*!< SCB 
 524:D:/Projekty/TrinityTrack6000/MainControlBoard/Infineon/XMC4200/Libraries/CMSIS/Include\core_cm4.h **** 
 525:D:/Projekty/TrinityTrack6000/MainControlBoard/Infineon/XMC4200/Libraries/CMSIS/Include\core_cm4.h **** #define SCB_AIRCR_VECTKEYSTAT_Pos          16U                                            /*!< SCB 
 526:D:/Projekty/TrinityTrack6000/MainControlBoard/Infineon/XMC4200/Libraries/CMSIS/Include\core_cm4.h **** #define SCB_AIRCR_VECTKEYSTAT_Msk          (0xFFFFUL << SCB_AIRCR_VECTKEYSTAT_Pos)        /*!< SCB 
 527:D:/Projekty/TrinityTrack6000/MainControlBoard/Infineon/XMC4200/Libraries/CMSIS/Include\core_cm4.h **** 
 528:D:/Projekty/TrinityTrack6000/MainControlBoard/Infineon/XMC4200/Libraries/CMSIS/Include\core_cm4.h **** #define SCB_AIRCR_ENDIANESS_Pos            15U                                            /*!< SCB 
 529:D:/Projekty/TrinityTrack6000/MainControlBoard/Infineon/XMC4200/Libraries/CMSIS/Include\core_cm4.h **** #define SCB_AIRCR_ENDIANESS_Msk            (1UL << SCB_AIRCR_ENDIANESS_Pos)               /*!< SCB 
 530:D:/Projekty/TrinityTrack6000/MainControlBoard/Infineon/XMC4200/Libraries/CMSIS/Include\core_cm4.h **** 
 531:D:/Projekty/TrinityTrack6000/MainControlBoard/Infineon/XMC4200/Libraries/CMSIS/Include\core_cm4.h **** #define SCB_AIRCR_PRIGROUP_Pos              8U                                            /*!< SCB 
 532:D:/Projekty/TrinityTrack6000/MainControlBoard/Infineon/XMC4200/Libraries/CMSIS/Include\core_cm4.h **** #define SCB_AIRCR_PRIGROUP_Msk             (7UL << SCB_AIRCR_PRIGROUP_Pos)                /*!< SCB 
 533:D:/Projekty/TrinityTrack6000/MainControlBoard/Infineon/XMC4200/Libraries/CMSIS/Include\core_cm4.h **** 
 534:D:/Projekty/TrinityTrack6000/MainControlBoard/Infineon/XMC4200/Libraries/CMSIS/Include\core_cm4.h **** #define SCB_AIRCR_SYSRESETREQ_Pos           2U                                            /*!< SCB 
 535:D:/Projekty/TrinityTrack6000/MainControlBoard/Infineon/XMC4200/Libraries/CMSIS/Include\core_cm4.h **** #define SCB_AIRCR_SYSRESETREQ_Msk          (1UL << SCB_AIRCR_SYSRESETREQ_Pos)             /*!< SCB 
 536:D:/Projekty/TrinityTrack6000/MainControlBoard/Infineon/XMC4200/Libraries/CMSIS/Include\core_cm4.h **** 
 537:D:/Projekty/TrinityTrack6000/MainControlBoard/Infineon/XMC4200/Libraries/CMSIS/Include\core_cm4.h **** #define SCB_AIRCR_VECTCLRACTIVE_Pos         1U                                            /*!< SCB 
 538:D:/Projekty/TrinityTrack6000/MainControlBoard/Infineon/XMC4200/Libraries/CMSIS/Include\core_cm4.h **** #define SCB_AIRCR_VECTCLRACTIVE_Msk        (1UL << SCB_AIRCR_VECTCLRACTIVE_Pos)           /*!< SCB 
 539:D:/Projekty/TrinityTrack6000/MainControlBoard/Infineon/XMC4200/Libraries/CMSIS/Include\core_cm4.h **** 
 540:D:/Projekty/TrinityTrack6000/MainControlBoard/Infineon/XMC4200/Libraries/CMSIS/Include\core_cm4.h **** #define SCB_AIRCR_VECTRESET_Pos             0U                                            /*!< SCB 
 541:D:/Projekty/TrinityTrack6000/MainControlBoard/Infineon/XMC4200/Libraries/CMSIS/Include\core_cm4.h **** #define SCB_AIRCR_VECTRESET_Msk            (1UL /*<< SCB_AIRCR_VECTRESET_Pos*/)           /*!< SCB 
 542:D:/Projekty/TrinityTrack6000/MainControlBoard/Infineon/XMC4200/Libraries/CMSIS/Include\core_cm4.h **** 
 543:D:/Projekty/TrinityTrack6000/MainControlBoard/Infineon/XMC4200/Libraries/CMSIS/Include\core_cm4.h **** /* SCB System Control Register Definitions */
 544:D:/Projekty/TrinityTrack6000/MainControlBoard/Infineon/XMC4200/Libraries/CMSIS/Include\core_cm4.h **** #define SCB_SCR_SEVONPEND_Pos               4U                                            /*!< SCB 
 545:D:/Projekty/TrinityTrack6000/MainControlBoard/Infineon/XMC4200/Libraries/CMSIS/Include\core_cm4.h **** #define SCB_SCR_SEVONPEND_Msk              (1UL << SCB_SCR_SEVONPEND_Pos)                 /*!< SCB 
 546:D:/Projekty/TrinityTrack6000/MainControlBoard/Infineon/XMC4200/Libraries/CMSIS/Include\core_cm4.h **** 
 547:D:/Projekty/TrinityTrack6000/MainControlBoard/Infineon/XMC4200/Libraries/CMSIS/Include\core_cm4.h **** #define SCB_SCR_SLEEPDEEP_Pos               2U                                            /*!< SCB 
 548:D:/Projekty/TrinityTrack6000/MainControlBoard/Infineon/XMC4200/Libraries/CMSIS/Include\core_cm4.h **** #define SCB_SCR_SLEEPDEEP_Msk              (1UL << SCB_SCR_SLEEPDEEP_Pos)                 /*!< SCB 
 549:D:/Projekty/TrinityTrack6000/MainControlBoard/Infineon/XMC4200/Libraries/CMSIS/Include\core_cm4.h **** 
 550:D:/Projekty/TrinityTrack6000/MainControlBoard/Infineon/XMC4200/Libraries/CMSIS/Include\core_cm4.h **** #define SCB_SCR_SLEEPONEXIT_Pos             1U                                            /*!< SCB 
 551:D:/Projekty/TrinityTrack6000/MainControlBoard/Infineon/XMC4200/Libraries/CMSIS/Include\core_cm4.h **** #define SCB_SCR_SLEEPONEXIT_Msk            (1UL << SCB_SCR_SLEEPONEXIT_Pos)               /*!< SCB 
 552:D:/Projekty/TrinityTrack6000/MainControlBoard/Infineon/XMC4200/Libraries/CMSIS/Include\core_cm4.h **** 
 553:D:/Projekty/TrinityTrack6000/MainControlBoard/Infineon/XMC4200/Libraries/CMSIS/Include\core_cm4.h **** /* SCB Configuration Control Register Definitions */
 554:D:/Projekty/TrinityTrack6000/MainControlBoard/Infineon/XMC4200/Libraries/CMSIS/Include\core_cm4.h **** #define SCB_CCR_STKALIGN_Pos                9U                                            /*!< SCB 
 555:D:/Projekty/TrinityTrack6000/MainControlBoard/Infineon/XMC4200/Libraries/CMSIS/Include\core_cm4.h **** #define SCB_CCR_STKALIGN_Msk               (1UL << SCB_CCR_STKALIGN_Pos)                  /*!< SCB 
 556:D:/Projekty/TrinityTrack6000/MainControlBoard/Infineon/XMC4200/Libraries/CMSIS/Include\core_cm4.h **** 
 557:D:/Projekty/TrinityTrack6000/MainControlBoard/Infineon/XMC4200/Libraries/CMSIS/Include\core_cm4.h **** #define SCB_CCR_BFHFNMIGN_Pos               8U                                            /*!< SCB 
 558:D:/Projekty/TrinityTrack6000/MainControlBoard/Infineon/XMC4200/Libraries/CMSIS/Include\core_cm4.h **** #define SCB_CCR_BFHFNMIGN_Msk              (1UL << SCB_CCR_BFHFNMIGN_Pos)                 /*!< SCB 
 559:D:/Projekty/TrinityTrack6000/MainControlBoard/Infineon/XMC4200/Libraries/CMSIS/Include\core_cm4.h **** 
 560:D:/Projekty/TrinityTrack6000/MainControlBoard/Infineon/XMC4200/Libraries/CMSIS/Include\core_cm4.h **** #define SCB_CCR_DIV_0_TRP_Pos               4U                                            /*!< SCB 
 561:D:/Projekty/TrinityTrack6000/MainControlBoard/Infineon/XMC4200/Libraries/CMSIS/Include\core_cm4.h **** #define SCB_CCR_DIV_0_TRP_Msk              (1UL << SCB_CCR_DIV_0_TRP_Pos)                 /*!< SCB 
 562:D:/Projekty/TrinityTrack6000/MainControlBoard/Infineon/XMC4200/Libraries/CMSIS/Include\core_cm4.h **** 
 563:D:/Projekty/TrinityTrack6000/MainControlBoard/Infineon/XMC4200/Libraries/CMSIS/Include\core_cm4.h **** #define SCB_CCR_UNALIGN_TRP_Pos             3U                                            /*!< SCB 
 564:D:/Projekty/TrinityTrack6000/MainControlBoard/Infineon/XMC4200/Libraries/CMSIS/Include\core_cm4.h **** #define SCB_CCR_UNALIGN_TRP_Msk            (1UL << SCB_CCR_UNALIGN_TRP_Pos)               /*!< SCB 
 565:D:/Projekty/TrinityTrack6000/MainControlBoard/Infineon/XMC4200/Libraries/CMSIS/Include\core_cm4.h **** 
 566:D:/Projekty/TrinityTrack6000/MainControlBoard/Infineon/XMC4200/Libraries/CMSIS/Include\core_cm4.h **** #define SCB_CCR_USERSETMPEND_Pos            1U                                            /*!< SCB 
 567:D:/Projekty/TrinityTrack6000/MainControlBoard/Infineon/XMC4200/Libraries/CMSIS/Include\core_cm4.h **** #define SCB_CCR_USERSETMPEND_Msk           (1UL << SCB_CCR_USERSETMPEND_Pos)              /*!< SCB 
 568:D:/Projekty/TrinityTrack6000/MainControlBoard/Infineon/XMC4200/Libraries/CMSIS/Include\core_cm4.h **** 
 569:D:/Projekty/TrinityTrack6000/MainControlBoard/Infineon/XMC4200/Libraries/CMSIS/Include\core_cm4.h **** #define SCB_CCR_NONBASETHRDENA_Pos          0U                                            /*!< SCB 
 570:D:/Projekty/TrinityTrack6000/MainControlBoard/Infineon/XMC4200/Libraries/CMSIS/Include\core_cm4.h **** #define SCB_CCR_NONBASETHRDENA_Msk         (1UL /*<< SCB_CCR_NONBASETHRDENA_Pos*/)        /*!< SCB 
 571:D:/Projekty/TrinityTrack6000/MainControlBoard/Infineon/XMC4200/Libraries/CMSIS/Include\core_cm4.h **** 
 572:D:/Projekty/TrinityTrack6000/MainControlBoard/Infineon/XMC4200/Libraries/CMSIS/Include\core_cm4.h **** /* SCB System Handler Control and State Register Definitions */
 573:D:/Projekty/TrinityTrack6000/MainControlBoard/Infineon/XMC4200/Libraries/CMSIS/Include\core_cm4.h **** #define SCB_SHCSR_USGFAULTENA_Pos          18U                                            /*!< SCB 
 574:D:/Projekty/TrinityTrack6000/MainControlBoard/Infineon/XMC4200/Libraries/CMSIS/Include\core_cm4.h **** #define SCB_SHCSR_USGFAULTENA_Msk          (1UL << SCB_SHCSR_USGFAULTENA_Pos)             /*!< SCB 
 575:D:/Projekty/TrinityTrack6000/MainControlBoard/Infineon/XMC4200/Libraries/CMSIS/Include\core_cm4.h **** 
 576:D:/Projekty/TrinityTrack6000/MainControlBoard/Infineon/XMC4200/Libraries/CMSIS/Include\core_cm4.h **** #define SCB_SHCSR_BUSFAULTENA_Pos          17U                                            /*!< SCB 
 577:D:/Projekty/TrinityTrack6000/MainControlBoard/Infineon/XMC4200/Libraries/CMSIS/Include\core_cm4.h **** #define SCB_SHCSR_BUSFAULTENA_Msk          (1UL << SCB_SHCSR_BUSFAULTENA_Pos)             /*!< SCB 
 578:D:/Projekty/TrinityTrack6000/MainControlBoard/Infineon/XMC4200/Libraries/CMSIS/Include\core_cm4.h **** 
 579:D:/Projekty/TrinityTrack6000/MainControlBoard/Infineon/XMC4200/Libraries/CMSIS/Include\core_cm4.h **** #define SCB_SHCSR_MEMFAULTENA_Pos          16U                                            /*!< SCB 
 580:D:/Projekty/TrinityTrack6000/MainControlBoard/Infineon/XMC4200/Libraries/CMSIS/Include\core_cm4.h **** #define SCB_SHCSR_MEMFAULTENA_Msk          (1UL << SCB_SHCSR_MEMFAULTENA_Pos)             /*!< SCB 
 581:D:/Projekty/TrinityTrack6000/MainControlBoard/Infineon/XMC4200/Libraries/CMSIS/Include\core_cm4.h **** 
 582:D:/Projekty/TrinityTrack6000/MainControlBoard/Infineon/XMC4200/Libraries/CMSIS/Include\core_cm4.h **** #define SCB_SHCSR_SVCALLPENDED_Pos         15U                                            /*!< SCB 
 583:D:/Projekty/TrinityTrack6000/MainControlBoard/Infineon/XMC4200/Libraries/CMSIS/Include\core_cm4.h **** #define SCB_SHCSR_SVCALLPENDED_Msk         (1UL << SCB_SHCSR_SVCALLPENDED_Pos)            /*!< SCB 
 584:D:/Projekty/TrinityTrack6000/MainControlBoard/Infineon/XMC4200/Libraries/CMSIS/Include\core_cm4.h **** 
 585:D:/Projekty/TrinityTrack6000/MainControlBoard/Infineon/XMC4200/Libraries/CMSIS/Include\core_cm4.h **** #define SCB_SHCSR_BUSFAULTPENDED_Pos       14U                                            /*!< SCB 
 586:D:/Projekty/TrinityTrack6000/MainControlBoard/Infineon/XMC4200/Libraries/CMSIS/Include\core_cm4.h **** #define SCB_SHCSR_BUSFAULTPENDED_Msk       (1UL << SCB_SHCSR_BUSFAULTPENDED_Pos)          /*!< SCB 
 587:D:/Projekty/TrinityTrack6000/MainControlBoard/Infineon/XMC4200/Libraries/CMSIS/Include\core_cm4.h **** 
 588:D:/Projekty/TrinityTrack6000/MainControlBoard/Infineon/XMC4200/Libraries/CMSIS/Include\core_cm4.h **** #define SCB_SHCSR_MEMFAULTPENDED_Pos       13U                                            /*!< SCB 
 589:D:/Projekty/TrinityTrack6000/MainControlBoard/Infineon/XMC4200/Libraries/CMSIS/Include\core_cm4.h **** #define SCB_SHCSR_MEMFAULTPENDED_Msk       (1UL << SCB_SHCSR_MEMFAULTPENDED_Pos)          /*!< SCB 
 590:D:/Projekty/TrinityTrack6000/MainControlBoard/Infineon/XMC4200/Libraries/CMSIS/Include\core_cm4.h **** 
 591:D:/Projekty/TrinityTrack6000/MainControlBoard/Infineon/XMC4200/Libraries/CMSIS/Include\core_cm4.h **** #define SCB_SHCSR_USGFAULTPENDED_Pos       12U                                            /*!< SCB 
 592:D:/Projekty/TrinityTrack6000/MainControlBoard/Infineon/XMC4200/Libraries/CMSIS/Include\core_cm4.h **** #define SCB_SHCSR_USGFAULTPENDED_Msk       (1UL << SCB_SHCSR_USGFAULTPENDED_Pos)          /*!< SCB 
 593:D:/Projekty/TrinityTrack6000/MainControlBoard/Infineon/XMC4200/Libraries/CMSIS/Include\core_cm4.h **** 
 594:D:/Projekty/TrinityTrack6000/MainControlBoard/Infineon/XMC4200/Libraries/CMSIS/Include\core_cm4.h **** #define SCB_SHCSR_SYSTICKACT_Pos           11U                                            /*!< SCB 
 595:D:/Projekty/TrinityTrack6000/MainControlBoard/Infineon/XMC4200/Libraries/CMSIS/Include\core_cm4.h **** #define SCB_SHCSR_SYSTICKACT_Msk           (1UL << SCB_SHCSR_SYSTICKACT_Pos)              /*!< SCB 
 596:D:/Projekty/TrinityTrack6000/MainControlBoard/Infineon/XMC4200/Libraries/CMSIS/Include\core_cm4.h **** 
 597:D:/Projekty/TrinityTrack6000/MainControlBoard/Infineon/XMC4200/Libraries/CMSIS/Include\core_cm4.h **** #define SCB_SHCSR_PENDSVACT_Pos            10U                                            /*!< SCB 
 598:D:/Projekty/TrinityTrack6000/MainControlBoard/Infineon/XMC4200/Libraries/CMSIS/Include\core_cm4.h **** #define SCB_SHCSR_PENDSVACT_Msk            (1UL << SCB_SHCSR_PENDSVACT_Pos)               /*!< SCB 
 599:D:/Projekty/TrinityTrack6000/MainControlBoard/Infineon/XMC4200/Libraries/CMSIS/Include\core_cm4.h **** 
 600:D:/Projekty/TrinityTrack6000/MainControlBoard/Infineon/XMC4200/Libraries/CMSIS/Include\core_cm4.h **** #define SCB_SHCSR_MONITORACT_Pos            8U                                            /*!< SCB 
 601:D:/Projekty/TrinityTrack6000/MainControlBoard/Infineon/XMC4200/Libraries/CMSIS/Include\core_cm4.h **** #define SCB_SHCSR_MONITORACT_Msk           (1UL << SCB_SHCSR_MONITORACT_Pos)              /*!< SCB 
 602:D:/Projekty/TrinityTrack6000/MainControlBoard/Infineon/XMC4200/Libraries/CMSIS/Include\core_cm4.h **** 
 603:D:/Projekty/TrinityTrack6000/MainControlBoard/Infineon/XMC4200/Libraries/CMSIS/Include\core_cm4.h **** #define SCB_SHCSR_SVCALLACT_Pos             7U                                            /*!< SCB 
 604:D:/Projekty/TrinityTrack6000/MainControlBoard/Infineon/XMC4200/Libraries/CMSIS/Include\core_cm4.h **** #define SCB_SHCSR_SVCALLACT_Msk            (1UL << SCB_SHCSR_SVCALLACT_Pos)               /*!< SCB 
 605:D:/Projekty/TrinityTrack6000/MainControlBoard/Infineon/XMC4200/Libraries/CMSIS/Include\core_cm4.h **** 
 606:D:/Projekty/TrinityTrack6000/MainControlBoard/Infineon/XMC4200/Libraries/CMSIS/Include\core_cm4.h **** #define SCB_SHCSR_USGFAULTACT_Pos           3U                                            /*!< SCB 
 607:D:/Projekty/TrinityTrack6000/MainControlBoard/Infineon/XMC4200/Libraries/CMSIS/Include\core_cm4.h **** #define SCB_SHCSR_USGFAULTACT_Msk          (1UL << SCB_SHCSR_USGFAULTACT_Pos)             /*!< SCB 
 608:D:/Projekty/TrinityTrack6000/MainControlBoard/Infineon/XMC4200/Libraries/CMSIS/Include\core_cm4.h **** 
 609:D:/Projekty/TrinityTrack6000/MainControlBoard/Infineon/XMC4200/Libraries/CMSIS/Include\core_cm4.h **** #define SCB_SHCSR_BUSFAULTACT_Pos           1U                                            /*!< SCB 
 610:D:/Projekty/TrinityTrack6000/MainControlBoard/Infineon/XMC4200/Libraries/CMSIS/Include\core_cm4.h **** #define SCB_SHCSR_BUSFAULTACT_Msk          (1UL << SCB_SHCSR_BUSFAULTACT_Pos)             /*!< SCB 
 611:D:/Projekty/TrinityTrack6000/MainControlBoard/Infineon/XMC4200/Libraries/CMSIS/Include\core_cm4.h **** 
 612:D:/Projekty/TrinityTrack6000/MainControlBoard/Infineon/XMC4200/Libraries/CMSIS/Include\core_cm4.h **** #define SCB_SHCSR_MEMFAULTACT_Pos           0U                                            /*!< SCB 
 613:D:/Projekty/TrinityTrack6000/MainControlBoard/Infineon/XMC4200/Libraries/CMSIS/Include\core_cm4.h **** #define SCB_SHCSR_MEMFAULTACT_Msk          (1UL /*<< SCB_SHCSR_MEMFAULTACT_Pos*/)         /*!< SCB 
 614:D:/Projekty/TrinityTrack6000/MainControlBoard/Infineon/XMC4200/Libraries/CMSIS/Include\core_cm4.h **** 
 615:D:/Projekty/TrinityTrack6000/MainControlBoard/Infineon/XMC4200/Libraries/CMSIS/Include\core_cm4.h **** /* SCB Configurable Fault Status Register Definitions */
 616:D:/Projekty/TrinityTrack6000/MainControlBoard/Infineon/XMC4200/Libraries/CMSIS/Include\core_cm4.h **** #define SCB_CFSR_USGFAULTSR_Pos            16U                                            /*!< SCB 
 617:D:/Projekty/TrinityTrack6000/MainControlBoard/Infineon/XMC4200/Libraries/CMSIS/Include\core_cm4.h **** #define SCB_CFSR_USGFAULTSR_Msk            (0xFFFFUL << SCB_CFSR_USGFAULTSR_Pos)          /*!< SCB 
 618:D:/Projekty/TrinityTrack6000/MainControlBoard/Infineon/XMC4200/Libraries/CMSIS/Include\core_cm4.h **** 
 619:D:/Projekty/TrinityTrack6000/MainControlBoard/Infineon/XMC4200/Libraries/CMSIS/Include\core_cm4.h **** #define SCB_CFSR_BUSFAULTSR_Pos             8U                                            /*!< SCB 
 620:D:/Projekty/TrinityTrack6000/MainControlBoard/Infineon/XMC4200/Libraries/CMSIS/Include\core_cm4.h **** #define SCB_CFSR_BUSFAULTSR_Msk            (0xFFUL << SCB_CFSR_BUSFAULTSR_Pos)            /*!< SCB 
 621:D:/Projekty/TrinityTrack6000/MainControlBoard/Infineon/XMC4200/Libraries/CMSIS/Include\core_cm4.h **** 
 622:D:/Projekty/TrinityTrack6000/MainControlBoard/Infineon/XMC4200/Libraries/CMSIS/Include\core_cm4.h **** #define SCB_CFSR_MEMFAULTSR_Pos             0U                                            /*!< SCB 
 623:D:/Projekty/TrinityTrack6000/MainControlBoard/Infineon/XMC4200/Libraries/CMSIS/Include\core_cm4.h **** #define SCB_CFSR_MEMFAULTSR_Msk            (0xFFUL /*<< SCB_CFSR_MEMFAULTSR_Pos*/)        /*!< SCB 
 624:D:/Projekty/TrinityTrack6000/MainControlBoard/Infineon/XMC4200/Libraries/CMSIS/Include\core_cm4.h **** 
 625:D:/Projekty/TrinityTrack6000/MainControlBoard/Infineon/XMC4200/Libraries/CMSIS/Include\core_cm4.h **** /* MemManage Fault Status Register (part of SCB Configurable Fault Status Register) */
 626:D:/Projekty/TrinityTrack6000/MainControlBoard/Infineon/XMC4200/Libraries/CMSIS/Include\core_cm4.h **** #define SCB_CFSR_MMARVALID_Pos             (SCB_SHCSR_MEMFAULTACT_Pos + 7U)               /*!< SCB 
 627:D:/Projekty/TrinityTrack6000/MainControlBoard/Infineon/XMC4200/Libraries/CMSIS/Include\core_cm4.h **** #define SCB_CFSR_MMARVALID_Msk             (1UL << SCB_CFSR_MMARVALID_Pos)                /*!< SCB 
 628:D:/Projekty/TrinityTrack6000/MainControlBoard/Infineon/XMC4200/Libraries/CMSIS/Include\core_cm4.h **** 
 629:D:/Projekty/TrinityTrack6000/MainControlBoard/Infineon/XMC4200/Libraries/CMSIS/Include\core_cm4.h **** #define SCB_CFSR_MLSPERR_Pos               (SCB_SHCSR_MEMFAULTACT_Pos + 5U)               /*!< SCB 
 630:D:/Projekty/TrinityTrack6000/MainControlBoard/Infineon/XMC4200/Libraries/CMSIS/Include\core_cm4.h **** #define SCB_CFSR_MLSPERR_Msk               (1UL << SCB_CFSR_MLSPERR_Pos)                  /*!< SCB 
 631:D:/Projekty/TrinityTrack6000/MainControlBoard/Infineon/XMC4200/Libraries/CMSIS/Include\core_cm4.h **** 
 632:D:/Projekty/TrinityTrack6000/MainControlBoard/Infineon/XMC4200/Libraries/CMSIS/Include\core_cm4.h **** #define SCB_CFSR_MSTKERR_Pos               (SCB_SHCSR_MEMFAULTACT_Pos + 4U)               /*!< SCB 
 633:D:/Projekty/TrinityTrack6000/MainControlBoard/Infineon/XMC4200/Libraries/CMSIS/Include\core_cm4.h **** #define SCB_CFSR_MSTKERR_Msk               (1UL << SCB_CFSR_MSTKERR_Pos)                  /*!< SCB 
 634:D:/Projekty/TrinityTrack6000/MainControlBoard/Infineon/XMC4200/Libraries/CMSIS/Include\core_cm4.h **** 
 635:D:/Projekty/TrinityTrack6000/MainControlBoard/Infineon/XMC4200/Libraries/CMSIS/Include\core_cm4.h **** #define SCB_CFSR_MUNSTKERR_Pos             (SCB_SHCSR_MEMFAULTACT_Pos + 3U)               /*!< SCB 
 636:D:/Projekty/TrinityTrack6000/MainControlBoard/Infineon/XMC4200/Libraries/CMSIS/Include\core_cm4.h **** #define SCB_CFSR_MUNSTKERR_Msk             (1UL << SCB_CFSR_MUNSTKERR_Pos)                /*!< SCB 
 637:D:/Projekty/TrinityTrack6000/MainControlBoard/Infineon/XMC4200/Libraries/CMSIS/Include\core_cm4.h **** 
 638:D:/Projekty/TrinityTrack6000/MainControlBoard/Infineon/XMC4200/Libraries/CMSIS/Include\core_cm4.h **** #define SCB_CFSR_DACCVIOL_Pos              (SCB_SHCSR_MEMFAULTACT_Pos + 1U)               /*!< SCB 
 639:D:/Projekty/TrinityTrack6000/MainControlBoard/Infineon/XMC4200/Libraries/CMSIS/Include\core_cm4.h **** #define SCB_CFSR_DACCVIOL_Msk              (1UL << SCB_CFSR_DACCVIOL_Pos)                 /*!< SCB 
 640:D:/Projekty/TrinityTrack6000/MainControlBoard/Infineon/XMC4200/Libraries/CMSIS/Include\core_cm4.h **** 
 641:D:/Projekty/TrinityTrack6000/MainControlBoard/Infineon/XMC4200/Libraries/CMSIS/Include\core_cm4.h **** #define SCB_CFSR_IACCVIOL_Pos              (SCB_SHCSR_MEMFAULTACT_Pos + 0U)               /*!< SCB 
 642:D:/Projekty/TrinityTrack6000/MainControlBoard/Infineon/XMC4200/Libraries/CMSIS/Include\core_cm4.h **** #define SCB_CFSR_IACCVIOL_Msk              (1UL /*<< SCB_CFSR_IACCVIOL_Pos*/)             /*!< SCB 
 643:D:/Projekty/TrinityTrack6000/MainControlBoard/Infineon/XMC4200/Libraries/CMSIS/Include\core_cm4.h **** 
 644:D:/Projekty/TrinityTrack6000/MainControlBoard/Infineon/XMC4200/Libraries/CMSIS/Include\core_cm4.h **** /* BusFault Status Register (part of SCB Configurable Fault Status Register) */
 645:D:/Projekty/TrinityTrack6000/MainControlBoard/Infineon/XMC4200/Libraries/CMSIS/Include\core_cm4.h **** #define SCB_CFSR_BFARVALID_Pos            (SCB_CFSR_BUSFAULTSR_Pos + 7U)                  /*!< SCB 
 646:D:/Projekty/TrinityTrack6000/MainControlBoard/Infineon/XMC4200/Libraries/CMSIS/Include\core_cm4.h **** #define SCB_CFSR_BFARVALID_Msk            (1UL << SCB_CFSR_BFARVALID_Pos)                 /*!< SCB 
 647:D:/Projekty/TrinityTrack6000/MainControlBoard/Infineon/XMC4200/Libraries/CMSIS/Include\core_cm4.h **** 
 648:D:/Projekty/TrinityTrack6000/MainControlBoard/Infineon/XMC4200/Libraries/CMSIS/Include\core_cm4.h **** #define SCB_CFSR_LSPERR_Pos               (SCB_CFSR_BUSFAULTSR_Pos + 5U)                  /*!< SCB 
 649:D:/Projekty/TrinityTrack6000/MainControlBoard/Infineon/XMC4200/Libraries/CMSIS/Include\core_cm4.h **** #define SCB_CFSR_LSPERR_Msk               (1UL << SCB_CFSR_LSPERR_Pos)                    /*!< SCB 
 650:D:/Projekty/TrinityTrack6000/MainControlBoard/Infineon/XMC4200/Libraries/CMSIS/Include\core_cm4.h **** 
 651:D:/Projekty/TrinityTrack6000/MainControlBoard/Infineon/XMC4200/Libraries/CMSIS/Include\core_cm4.h **** #define SCB_CFSR_STKERR_Pos               (SCB_CFSR_BUSFAULTSR_Pos + 4U)                  /*!< SCB 
 652:D:/Projekty/TrinityTrack6000/MainControlBoard/Infineon/XMC4200/Libraries/CMSIS/Include\core_cm4.h **** #define SCB_CFSR_STKERR_Msk               (1UL << SCB_CFSR_STKERR_Pos)                    /*!< SCB 
 653:D:/Projekty/TrinityTrack6000/MainControlBoard/Infineon/XMC4200/Libraries/CMSIS/Include\core_cm4.h **** 
 654:D:/Projekty/TrinityTrack6000/MainControlBoard/Infineon/XMC4200/Libraries/CMSIS/Include\core_cm4.h **** #define SCB_CFSR_UNSTKERR_Pos             (SCB_CFSR_BUSFAULTSR_Pos + 3U)                  /*!< SCB 
 655:D:/Projekty/TrinityTrack6000/MainControlBoard/Infineon/XMC4200/Libraries/CMSIS/Include\core_cm4.h **** #define SCB_CFSR_UNSTKERR_Msk             (1UL << SCB_CFSR_UNSTKERR_Pos)                  /*!< SCB 
 656:D:/Projekty/TrinityTrack6000/MainControlBoard/Infineon/XMC4200/Libraries/CMSIS/Include\core_cm4.h **** 
 657:D:/Projekty/TrinityTrack6000/MainControlBoard/Infineon/XMC4200/Libraries/CMSIS/Include\core_cm4.h **** #define SCB_CFSR_IMPRECISERR_Pos          (SCB_CFSR_BUSFAULTSR_Pos + 2U)                  /*!< SCB 
 658:D:/Projekty/TrinityTrack6000/MainControlBoard/Infineon/XMC4200/Libraries/CMSIS/Include\core_cm4.h **** #define SCB_CFSR_IMPRECISERR_Msk          (1UL << SCB_CFSR_IMPRECISERR_Pos)               /*!< SCB 
 659:D:/Projekty/TrinityTrack6000/MainControlBoard/Infineon/XMC4200/Libraries/CMSIS/Include\core_cm4.h **** 
 660:D:/Projekty/TrinityTrack6000/MainControlBoard/Infineon/XMC4200/Libraries/CMSIS/Include\core_cm4.h **** #define SCB_CFSR_PRECISERR_Pos            (SCB_CFSR_BUSFAULTSR_Pos + 1U)                  /*!< SCB 
 661:D:/Projekty/TrinityTrack6000/MainControlBoard/Infineon/XMC4200/Libraries/CMSIS/Include\core_cm4.h **** #define SCB_CFSR_PRECISERR_Msk            (1UL << SCB_CFSR_PRECISERR_Pos)                 /*!< SCB 
 662:D:/Projekty/TrinityTrack6000/MainControlBoard/Infineon/XMC4200/Libraries/CMSIS/Include\core_cm4.h **** 
 663:D:/Projekty/TrinityTrack6000/MainControlBoard/Infineon/XMC4200/Libraries/CMSIS/Include\core_cm4.h **** #define SCB_CFSR_IBUSERR_Pos              (SCB_CFSR_BUSFAULTSR_Pos + 0U)                  /*!< SCB 
 664:D:/Projekty/TrinityTrack6000/MainControlBoard/Infineon/XMC4200/Libraries/CMSIS/Include\core_cm4.h **** #define SCB_CFSR_IBUSERR_Msk              (1UL << SCB_CFSR_IBUSERR_Pos)                   /*!< SCB 
 665:D:/Projekty/TrinityTrack6000/MainControlBoard/Infineon/XMC4200/Libraries/CMSIS/Include\core_cm4.h **** 
 666:D:/Projekty/TrinityTrack6000/MainControlBoard/Infineon/XMC4200/Libraries/CMSIS/Include\core_cm4.h **** /* UsageFault Status Register (part of SCB Configurable Fault Status Register) */
 667:D:/Projekty/TrinityTrack6000/MainControlBoard/Infineon/XMC4200/Libraries/CMSIS/Include\core_cm4.h **** #define SCB_CFSR_DIVBYZERO_Pos            (SCB_CFSR_USGFAULTSR_Pos + 9U)                  /*!< SCB 
 668:D:/Projekty/TrinityTrack6000/MainControlBoard/Infineon/XMC4200/Libraries/CMSIS/Include\core_cm4.h **** #define SCB_CFSR_DIVBYZERO_Msk            (1UL << SCB_CFSR_DIVBYZERO_Pos)                 /*!< SCB 
 669:D:/Projekty/TrinityTrack6000/MainControlBoard/Infineon/XMC4200/Libraries/CMSIS/Include\core_cm4.h **** 
 670:D:/Projekty/TrinityTrack6000/MainControlBoard/Infineon/XMC4200/Libraries/CMSIS/Include\core_cm4.h **** #define SCB_CFSR_UNALIGNED_Pos            (SCB_CFSR_USGFAULTSR_Pos + 8U)                  /*!< SCB 
 671:D:/Projekty/TrinityTrack6000/MainControlBoard/Infineon/XMC4200/Libraries/CMSIS/Include\core_cm4.h **** #define SCB_CFSR_UNALIGNED_Msk            (1UL << SCB_CFSR_UNALIGNED_Pos)                 /*!< SCB 
 672:D:/Projekty/TrinityTrack6000/MainControlBoard/Infineon/XMC4200/Libraries/CMSIS/Include\core_cm4.h **** 
 673:D:/Projekty/TrinityTrack6000/MainControlBoard/Infineon/XMC4200/Libraries/CMSIS/Include\core_cm4.h **** #define SCB_CFSR_NOCP_Pos                 (SCB_CFSR_USGFAULTSR_Pos + 3U)                  /*!< SCB 
 674:D:/Projekty/TrinityTrack6000/MainControlBoard/Infineon/XMC4200/Libraries/CMSIS/Include\core_cm4.h **** #define SCB_CFSR_NOCP_Msk                 (1UL << SCB_CFSR_NOCP_Pos)                      /*!< SCB 
 675:D:/Projekty/TrinityTrack6000/MainControlBoard/Infineon/XMC4200/Libraries/CMSIS/Include\core_cm4.h **** 
 676:D:/Projekty/TrinityTrack6000/MainControlBoard/Infineon/XMC4200/Libraries/CMSIS/Include\core_cm4.h **** #define SCB_CFSR_INVPC_Pos                (SCB_CFSR_USGFAULTSR_Pos + 2U)                  /*!< SCB 
 677:D:/Projekty/TrinityTrack6000/MainControlBoard/Infineon/XMC4200/Libraries/CMSIS/Include\core_cm4.h **** #define SCB_CFSR_INVPC_Msk                (1UL << SCB_CFSR_INVPC_Pos)                     /*!< SCB 
 678:D:/Projekty/TrinityTrack6000/MainControlBoard/Infineon/XMC4200/Libraries/CMSIS/Include\core_cm4.h **** 
 679:D:/Projekty/TrinityTrack6000/MainControlBoard/Infineon/XMC4200/Libraries/CMSIS/Include\core_cm4.h **** #define SCB_CFSR_INVSTATE_Pos             (SCB_CFSR_USGFAULTSR_Pos + 1U)                  /*!< SCB 
 680:D:/Projekty/TrinityTrack6000/MainControlBoard/Infineon/XMC4200/Libraries/CMSIS/Include\core_cm4.h **** #define SCB_CFSR_INVSTATE_Msk             (1UL << SCB_CFSR_INVSTATE_Pos)                  /*!< SCB 
 681:D:/Projekty/TrinityTrack6000/MainControlBoard/Infineon/XMC4200/Libraries/CMSIS/Include\core_cm4.h **** 
 682:D:/Projekty/TrinityTrack6000/MainControlBoard/Infineon/XMC4200/Libraries/CMSIS/Include\core_cm4.h **** #define SCB_CFSR_UNDEFINSTR_Pos           (SCB_CFSR_USGFAULTSR_Pos + 0U)                  /*!< SCB 
 683:D:/Projekty/TrinityTrack6000/MainControlBoard/Infineon/XMC4200/Libraries/CMSIS/Include\core_cm4.h **** #define SCB_CFSR_UNDEFINSTR_Msk           (1UL << SCB_CFSR_UNDEFINSTR_Pos)                /*!< SCB 
 684:D:/Projekty/TrinityTrack6000/MainControlBoard/Infineon/XMC4200/Libraries/CMSIS/Include\core_cm4.h **** 
 685:D:/Projekty/TrinityTrack6000/MainControlBoard/Infineon/XMC4200/Libraries/CMSIS/Include\core_cm4.h **** /* SCB Hard Fault Status Register Definitions */
 686:D:/Projekty/TrinityTrack6000/MainControlBoard/Infineon/XMC4200/Libraries/CMSIS/Include\core_cm4.h **** #define SCB_HFSR_DEBUGEVT_Pos              31U                                            /*!< SCB 
 687:D:/Projekty/TrinityTrack6000/MainControlBoard/Infineon/XMC4200/Libraries/CMSIS/Include\core_cm4.h **** #define SCB_HFSR_DEBUGEVT_Msk              (1UL << SCB_HFSR_DEBUGEVT_Pos)                 /*!< SCB 
 688:D:/Projekty/TrinityTrack6000/MainControlBoard/Infineon/XMC4200/Libraries/CMSIS/Include\core_cm4.h **** 
 689:D:/Projekty/TrinityTrack6000/MainControlBoard/Infineon/XMC4200/Libraries/CMSIS/Include\core_cm4.h **** #define SCB_HFSR_FORCED_Pos                30U                                            /*!< SCB 
 690:D:/Projekty/TrinityTrack6000/MainControlBoard/Infineon/XMC4200/Libraries/CMSIS/Include\core_cm4.h **** #define SCB_HFSR_FORCED_Msk                (1UL << SCB_HFSR_FORCED_Pos)                   /*!< SCB 
 691:D:/Projekty/TrinityTrack6000/MainControlBoard/Infineon/XMC4200/Libraries/CMSIS/Include\core_cm4.h **** 
 692:D:/Projekty/TrinityTrack6000/MainControlBoard/Infineon/XMC4200/Libraries/CMSIS/Include\core_cm4.h **** #define SCB_HFSR_VECTTBL_Pos                1U                                            /*!< SCB 
 693:D:/Projekty/TrinityTrack6000/MainControlBoard/Infineon/XMC4200/Libraries/CMSIS/Include\core_cm4.h **** #define SCB_HFSR_VECTTBL_Msk               (1UL << SCB_HFSR_VECTTBL_Pos)                  /*!< SCB 
 694:D:/Projekty/TrinityTrack6000/MainControlBoard/Infineon/XMC4200/Libraries/CMSIS/Include\core_cm4.h **** 
 695:D:/Projekty/TrinityTrack6000/MainControlBoard/Infineon/XMC4200/Libraries/CMSIS/Include\core_cm4.h **** /* SCB Debug Fault Status Register Definitions */
 696:D:/Projekty/TrinityTrack6000/MainControlBoard/Infineon/XMC4200/Libraries/CMSIS/Include\core_cm4.h **** #define SCB_DFSR_EXTERNAL_Pos               4U                                            /*!< SCB 
 697:D:/Projekty/TrinityTrack6000/MainControlBoard/Infineon/XMC4200/Libraries/CMSIS/Include\core_cm4.h **** #define SCB_DFSR_EXTERNAL_Msk              (1UL << SCB_DFSR_EXTERNAL_Pos)                 /*!< SCB 
 698:D:/Projekty/TrinityTrack6000/MainControlBoard/Infineon/XMC4200/Libraries/CMSIS/Include\core_cm4.h **** 
 699:D:/Projekty/TrinityTrack6000/MainControlBoard/Infineon/XMC4200/Libraries/CMSIS/Include\core_cm4.h **** #define SCB_DFSR_VCATCH_Pos                 3U                                            /*!< SCB 
 700:D:/Projekty/TrinityTrack6000/MainControlBoard/Infineon/XMC4200/Libraries/CMSIS/Include\core_cm4.h **** #define SCB_DFSR_VCATCH_Msk                (1UL << SCB_DFSR_VCATCH_Pos)                   /*!< SCB 
 701:D:/Projekty/TrinityTrack6000/MainControlBoard/Infineon/XMC4200/Libraries/CMSIS/Include\core_cm4.h **** 
 702:D:/Projekty/TrinityTrack6000/MainControlBoard/Infineon/XMC4200/Libraries/CMSIS/Include\core_cm4.h **** #define SCB_DFSR_DWTTRAP_Pos                2U                                            /*!< SCB 
 703:D:/Projekty/TrinityTrack6000/MainControlBoard/Infineon/XMC4200/Libraries/CMSIS/Include\core_cm4.h **** #define SCB_DFSR_DWTTRAP_Msk               (1UL << SCB_DFSR_DWTTRAP_Pos)                  /*!< SCB 
 704:D:/Projekty/TrinityTrack6000/MainControlBoard/Infineon/XMC4200/Libraries/CMSIS/Include\core_cm4.h **** 
 705:D:/Projekty/TrinityTrack6000/MainControlBoard/Infineon/XMC4200/Libraries/CMSIS/Include\core_cm4.h **** #define SCB_DFSR_BKPT_Pos                   1U                                            /*!< SCB 
 706:D:/Projekty/TrinityTrack6000/MainControlBoard/Infineon/XMC4200/Libraries/CMSIS/Include\core_cm4.h **** #define SCB_DFSR_BKPT_Msk                  (1UL << SCB_DFSR_BKPT_Pos)                     /*!< SCB 
 707:D:/Projekty/TrinityTrack6000/MainControlBoard/Infineon/XMC4200/Libraries/CMSIS/Include\core_cm4.h **** 
 708:D:/Projekty/TrinityTrack6000/MainControlBoard/Infineon/XMC4200/Libraries/CMSIS/Include\core_cm4.h **** #define SCB_DFSR_HALTED_Pos                 0U                                            /*!< SCB 
 709:D:/Projekty/TrinityTrack6000/MainControlBoard/Infineon/XMC4200/Libraries/CMSIS/Include\core_cm4.h **** #define SCB_DFSR_HALTED_Msk                (1UL /*<< SCB_DFSR_HALTED_Pos*/)               /*!< SCB 
 710:D:/Projekty/TrinityTrack6000/MainControlBoard/Infineon/XMC4200/Libraries/CMSIS/Include\core_cm4.h **** 
 711:D:/Projekty/TrinityTrack6000/MainControlBoard/Infineon/XMC4200/Libraries/CMSIS/Include\core_cm4.h **** /*@} end of group CMSIS_SCB */
 712:D:/Projekty/TrinityTrack6000/MainControlBoard/Infineon/XMC4200/Libraries/CMSIS/Include\core_cm4.h **** 
 713:D:/Projekty/TrinityTrack6000/MainControlBoard/Infineon/XMC4200/Libraries/CMSIS/Include\core_cm4.h **** 
 714:D:/Projekty/TrinityTrack6000/MainControlBoard/Infineon/XMC4200/Libraries/CMSIS/Include\core_cm4.h **** /**
 715:D:/Projekty/TrinityTrack6000/MainControlBoard/Infineon/XMC4200/Libraries/CMSIS/Include\core_cm4.h ****   \ingroup  CMSIS_core_register
 716:D:/Projekty/TrinityTrack6000/MainControlBoard/Infineon/XMC4200/Libraries/CMSIS/Include\core_cm4.h ****   \defgroup CMSIS_SCnSCB System Controls not in SCB (SCnSCB)
 717:D:/Projekty/TrinityTrack6000/MainControlBoard/Infineon/XMC4200/Libraries/CMSIS/Include\core_cm4.h ****   \brief    Type definitions for the System Control and ID Register not in the SCB
 718:D:/Projekty/TrinityTrack6000/MainControlBoard/Infineon/XMC4200/Libraries/CMSIS/Include\core_cm4.h ****   @{
 719:D:/Projekty/TrinityTrack6000/MainControlBoard/Infineon/XMC4200/Libraries/CMSIS/Include\core_cm4.h ****  */
 720:D:/Projekty/TrinityTrack6000/MainControlBoard/Infineon/XMC4200/Libraries/CMSIS/Include\core_cm4.h **** 
 721:D:/Projekty/TrinityTrack6000/MainControlBoard/Infineon/XMC4200/Libraries/CMSIS/Include\core_cm4.h **** /**
 722:D:/Projekty/TrinityTrack6000/MainControlBoard/Infineon/XMC4200/Libraries/CMSIS/Include\core_cm4.h ****   \brief  Structure type to access the System Control and ID Register not in the SCB.
 723:D:/Projekty/TrinityTrack6000/MainControlBoard/Infineon/XMC4200/Libraries/CMSIS/Include\core_cm4.h ****  */
 724:D:/Projekty/TrinityTrack6000/MainControlBoard/Infineon/XMC4200/Libraries/CMSIS/Include\core_cm4.h **** typedef struct
 725:D:/Projekty/TrinityTrack6000/MainControlBoard/Infineon/XMC4200/Libraries/CMSIS/Include\core_cm4.h **** {
 726:D:/Projekty/TrinityTrack6000/MainControlBoard/Infineon/XMC4200/Libraries/CMSIS/Include\core_cm4.h ****         uint32_t RESERVED0[1U];
 727:D:/Projekty/TrinityTrack6000/MainControlBoard/Infineon/XMC4200/Libraries/CMSIS/Include\core_cm4.h ****   __IM  uint32_t ICTR;                   /*!< Offset: 0x004 (R/ )  Interrupt Controller Type Regist
 728:D:/Projekty/TrinityTrack6000/MainControlBoard/Infineon/XMC4200/Libraries/CMSIS/Include\core_cm4.h ****   __IOM uint32_t ACTLR;                  /*!< Offset: 0x008 (R/W)  Auxiliary Control Register */
 729:D:/Projekty/TrinityTrack6000/MainControlBoard/Infineon/XMC4200/Libraries/CMSIS/Include\core_cm4.h **** } SCnSCB_Type;
 730:D:/Projekty/TrinityTrack6000/MainControlBoard/Infineon/XMC4200/Libraries/CMSIS/Include\core_cm4.h **** 
 731:D:/Projekty/TrinityTrack6000/MainControlBoard/Infineon/XMC4200/Libraries/CMSIS/Include\core_cm4.h **** /* Interrupt Controller Type Register Definitions */
 732:D:/Projekty/TrinityTrack6000/MainControlBoard/Infineon/XMC4200/Libraries/CMSIS/Include\core_cm4.h **** #define SCnSCB_ICTR_INTLINESNUM_Pos         0U                                         /*!< ICTR: I
 733:D:/Projekty/TrinityTrack6000/MainControlBoard/Infineon/XMC4200/Libraries/CMSIS/Include\core_cm4.h **** #define SCnSCB_ICTR_INTLINESNUM_Msk        (0xFUL /*<< SCnSCB_ICTR_INTLINESNUM_Pos*/)  /*!< ICTR: I
 734:D:/Projekty/TrinityTrack6000/MainControlBoard/Infineon/XMC4200/Libraries/CMSIS/Include\core_cm4.h **** 
 735:D:/Projekty/TrinityTrack6000/MainControlBoard/Infineon/XMC4200/Libraries/CMSIS/Include\core_cm4.h **** /* Auxiliary Control Register Definitions */
 736:D:/Projekty/TrinityTrack6000/MainControlBoard/Infineon/XMC4200/Libraries/CMSIS/Include\core_cm4.h **** #define SCnSCB_ACTLR_DISOOFP_Pos            9U                                         /*!< ACTLR: 
 737:D:/Projekty/TrinityTrack6000/MainControlBoard/Infineon/XMC4200/Libraries/CMSIS/Include\core_cm4.h **** #define SCnSCB_ACTLR_DISOOFP_Msk           (1UL << SCnSCB_ACTLR_DISOOFP_Pos)           /*!< ACTLR: 
 738:D:/Projekty/TrinityTrack6000/MainControlBoard/Infineon/XMC4200/Libraries/CMSIS/Include\core_cm4.h **** 
 739:D:/Projekty/TrinityTrack6000/MainControlBoard/Infineon/XMC4200/Libraries/CMSIS/Include\core_cm4.h **** #define SCnSCB_ACTLR_DISFPCA_Pos            8U                                         /*!< ACTLR: 
 740:D:/Projekty/TrinityTrack6000/MainControlBoard/Infineon/XMC4200/Libraries/CMSIS/Include\core_cm4.h **** #define SCnSCB_ACTLR_DISFPCA_Msk           (1UL << SCnSCB_ACTLR_DISFPCA_Pos)           /*!< ACTLR: 
 741:D:/Projekty/TrinityTrack6000/MainControlBoard/Infineon/XMC4200/Libraries/CMSIS/Include\core_cm4.h **** 
 742:D:/Projekty/TrinityTrack6000/MainControlBoard/Infineon/XMC4200/Libraries/CMSIS/Include\core_cm4.h **** #define SCnSCB_ACTLR_DISFOLD_Pos            2U                                         /*!< ACTLR: 
 743:D:/Projekty/TrinityTrack6000/MainControlBoard/Infineon/XMC4200/Libraries/CMSIS/Include\core_cm4.h **** #define SCnSCB_ACTLR_DISFOLD_Msk           (1UL << SCnSCB_ACTLR_DISFOLD_Pos)           /*!< ACTLR: 
 744:D:/Projekty/TrinityTrack6000/MainControlBoard/Infineon/XMC4200/Libraries/CMSIS/Include\core_cm4.h **** 
 745:D:/Projekty/TrinityTrack6000/MainControlBoard/Infineon/XMC4200/Libraries/CMSIS/Include\core_cm4.h **** #define SCnSCB_ACTLR_DISDEFWBUF_Pos         1U                                         /*!< ACTLR: 
 746:D:/Projekty/TrinityTrack6000/MainControlBoard/Infineon/XMC4200/Libraries/CMSIS/Include\core_cm4.h **** #define SCnSCB_ACTLR_DISDEFWBUF_Msk        (1UL << SCnSCB_ACTLR_DISDEFWBUF_Pos)        /*!< ACTLR: 
 747:D:/Projekty/TrinityTrack6000/MainControlBoard/Infineon/XMC4200/Libraries/CMSIS/Include\core_cm4.h **** 
 748:D:/Projekty/TrinityTrack6000/MainControlBoard/Infineon/XMC4200/Libraries/CMSIS/Include\core_cm4.h **** #define SCnSCB_ACTLR_DISMCYCINT_Pos         0U                                         /*!< ACTLR: 
 749:D:/Projekty/TrinityTrack6000/MainControlBoard/Infineon/XMC4200/Libraries/CMSIS/Include\core_cm4.h **** #define SCnSCB_ACTLR_DISMCYCINT_Msk        (1UL /*<< SCnSCB_ACTLR_DISMCYCINT_Pos*/)    /*!< ACTLR: 
 750:D:/Projekty/TrinityTrack6000/MainControlBoard/Infineon/XMC4200/Libraries/CMSIS/Include\core_cm4.h **** 
 751:D:/Projekty/TrinityTrack6000/MainControlBoard/Infineon/XMC4200/Libraries/CMSIS/Include\core_cm4.h **** /*@} end of group CMSIS_SCnotSCB */
 752:D:/Projekty/TrinityTrack6000/MainControlBoard/Infineon/XMC4200/Libraries/CMSIS/Include\core_cm4.h **** 
 753:D:/Projekty/TrinityTrack6000/MainControlBoard/Infineon/XMC4200/Libraries/CMSIS/Include\core_cm4.h **** 
 754:D:/Projekty/TrinityTrack6000/MainControlBoard/Infineon/XMC4200/Libraries/CMSIS/Include\core_cm4.h **** /**
 755:D:/Projekty/TrinityTrack6000/MainControlBoard/Infineon/XMC4200/Libraries/CMSIS/Include\core_cm4.h ****   \ingroup  CMSIS_core_register
 756:D:/Projekty/TrinityTrack6000/MainControlBoard/Infineon/XMC4200/Libraries/CMSIS/Include\core_cm4.h ****   \defgroup CMSIS_SysTick     System Tick Timer (SysTick)
 757:D:/Projekty/TrinityTrack6000/MainControlBoard/Infineon/XMC4200/Libraries/CMSIS/Include\core_cm4.h ****   \brief    Type definitions for the System Timer Registers.
 758:D:/Projekty/TrinityTrack6000/MainControlBoard/Infineon/XMC4200/Libraries/CMSIS/Include\core_cm4.h ****   @{
 759:D:/Projekty/TrinityTrack6000/MainControlBoard/Infineon/XMC4200/Libraries/CMSIS/Include\core_cm4.h ****  */
 760:D:/Projekty/TrinityTrack6000/MainControlBoard/Infineon/XMC4200/Libraries/CMSIS/Include\core_cm4.h **** 
 761:D:/Projekty/TrinityTrack6000/MainControlBoard/Infineon/XMC4200/Libraries/CMSIS/Include\core_cm4.h **** /**
 762:D:/Projekty/TrinityTrack6000/MainControlBoard/Infineon/XMC4200/Libraries/CMSIS/Include\core_cm4.h ****   \brief  Structure type to access the System Timer (SysTick).
 763:D:/Projekty/TrinityTrack6000/MainControlBoard/Infineon/XMC4200/Libraries/CMSIS/Include\core_cm4.h ****  */
 764:D:/Projekty/TrinityTrack6000/MainControlBoard/Infineon/XMC4200/Libraries/CMSIS/Include\core_cm4.h **** typedef struct
 765:D:/Projekty/TrinityTrack6000/MainControlBoard/Infineon/XMC4200/Libraries/CMSIS/Include\core_cm4.h **** {
 766:D:/Projekty/TrinityTrack6000/MainControlBoard/Infineon/XMC4200/Libraries/CMSIS/Include\core_cm4.h ****   __IOM uint32_t CTRL;                   /*!< Offset: 0x000 (R/W)  SysTick Control and Status Regis
 767:D:/Projekty/TrinityTrack6000/MainControlBoard/Infineon/XMC4200/Libraries/CMSIS/Include\core_cm4.h ****   __IOM uint32_t LOAD;                   /*!< Offset: 0x004 (R/W)  SysTick Reload Value Register */
 768:D:/Projekty/TrinityTrack6000/MainControlBoard/Infineon/XMC4200/Libraries/CMSIS/Include\core_cm4.h ****   __IOM uint32_t VAL;                    /*!< Offset: 0x008 (R/W)  SysTick Current Value Register *
 769:D:/Projekty/TrinityTrack6000/MainControlBoard/Infineon/XMC4200/Libraries/CMSIS/Include\core_cm4.h ****   __IM  uint32_t CALIB;                  /*!< Offset: 0x00C (R/ )  SysTick Calibration Register */
 770:D:/Projekty/TrinityTrack6000/MainControlBoard/Infineon/XMC4200/Libraries/CMSIS/Include\core_cm4.h **** } SysTick_Type;
 771:D:/Projekty/TrinityTrack6000/MainControlBoard/Infineon/XMC4200/Libraries/CMSIS/Include\core_cm4.h **** 
 772:D:/Projekty/TrinityTrack6000/MainControlBoard/Infineon/XMC4200/Libraries/CMSIS/Include\core_cm4.h **** /* SysTick Control / Status Register Definitions */
 773:D:/Projekty/TrinityTrack6000/MainControlBoard/Infineon/XMC4200/Libraries/CMSIS/Include\core_cm4.h **** #define SysTick_CTRL_COUNTFLAG_Pos         16U                                            /*!< SysT
 774:D:/Projekty/TrinityTrack6000/MainControlBoard/Infineon/XMC4200/Libraries/CMSIS/Include\core_cm4.h **** #define SysTick_CTRL_COUNTFLAG_Msk         (1UL << SysTick_CTRL_COUNTFLAG_Pos)            /*!< SysT
 775:D:/Projekty/TrinityTrack6000/MainControlBoard/Infineon/XMC4200/Libraries/CMSIS/Include\core_cm4.h **** 
 776:D:/Projekty/TrinityTrack6000/MainControlBoard/Infineon/XMC4200/Libraries/CMSIS/Include\core_cm4.h **** #define SysTick_CTRL_CLKSOURCE_Pos          2U                                            /*!< SysT
 777:D:/Projekty/TrinityTrack6000/MainControlBoard/Infineon/XMC4200/Libraries/CMSIS/Include\core_cm4.h **** #define SysTick_CTRL_CLKSOURCE_Msk         (1UL << SysTick_CTRL_CLKSOURCE_Pos)            /*!< SysT
 778:D:/Projekty/TrinityTrack6000/MainControlBoard/Infineon/XMC4200/Libraries/CMSIS/Include\core_cm4.h **** 
 779:D:/Projekty/TrinityTrack6000/MainControlBoard/Infineon/XMC4200/Libraries/CMSIS/Include\core_cm4.h **** #define SysTick_CTRL_TICKINT_Pos            1U                                            /*!< SysT
 780:D:/Projekty/TrinityTrack6000/MainControlBoard/Infineon/XMC4200/Libraries/CMSIS/Include\core_cm4.h **** #define SysTick_CTRL_TICKINT_Msk           (1UL << SysTick_CTRL_TICKINT_Pos)              /*!< SysT
 781:D:/Projekty/TrinityTrack6000/MainControlBoard/Infineon/XMC4200/Libraries/CMSIS/Include\core_cm4.h **** 
 782:D:/Projekty/TrinityTrack6000/MainControlBoard/Infineon/XMC4200/Libraries/CMSIS/Include\core_cm4.h **** #define SysTick_CTRL_ENABLE_Pos             0U                                            /*!< SysT
 783:D:/Projekty/TrinityTrack6000/MainControlBoard/Infineon/XMC4200/Libraries/CMSIS/Include\core_cm4.h **** #define SysTick_CTRL_ENABLE_Msk            (1UL /*<< SysTick_CTRL_ENABLE_Pos*/)           /*!< SysT
 784:D:/Projekty/TrinityTrack6000/MainControlBoard/Infineon/XMC4200/Libraries/CMSIS/Include\core_cm4.h **** 
 785:D:/Projekty/TrinityTrack6000/MainControlBoard/Infineon/XMC4200/Libraries/CMSIS/Include\core_cm4.h **** /* SysTick Reload Register Definitions */
 786:D:/Projekty/TrinityTrack6000/MainControlBoard/Infineon/XMC4200/Libraries/CMSIS/Include\core_cm4.h **** #define SysTick_LOAD_RELOAD_Pos             0U                                            /*!< SysT
 787:D:/Projekty/TrinityTrack6000/MainControlBoard/Infineon/XMC4200/Libraries/CMSIS/Include\core_cm4.h **** #define SysTick_LOAD_RELOAD_Msk            (0xFFFFFFUL /*<< SysTick_LOAD_RELOAD_Pos*/)    /*!< SysT
 788:D:/Projekty/TrinityTrack6000/MainControlBoard/Infineon/XMC4200/Libraries/CMSIS/Include\core_cm4.h **** 
 789:D:/Projekty/TrinityTrack6000/MainControlBoard/Infineon/XMC4200/Libraries/CMSIS/Include\core_cm4.h **** /* SysTick Current Register Definitions */
 790:D:/Projekty/TrinityTrack6000/MainControlBoard/Infineon/XMC4200/Libraries/CMSIS/Include\core_cm4.h **** #define SysTick_VAL_CURRENT_Pos             0U                                            /*!< SysT
 791:D:/Projekty/TrinityTrack6000/MainControlBoard/Infineon/XMC4200/Libraries/CMSIS/Include\core_cm4.h **** #define SysTick_VAL_CURRENT_Msk            (0xFFFFFFUL /*<< SysTick_VAL_CURRENT_Pos*/)    /*!< SysT
 792:D:/Projekty/TrinityTrack6000/MainControlBoard/Infineon/XMC4200/Libraries/CMSIS/Include\core_cm4.h **** 
 793:D:/Projekty/TrinityTrack6000/MainControlBoard/Infineon/XMC4200/Libraries/CMSIS/Include\core_cm4.h **** /* SysTick Calibration Register Definitions */
 794:D:/Projekty/TrinityTrack6000/MainControlBoard/Infineon/XMC4200/Libraries/CMSIS/Include\core_cm4.h **** #define SysTick_CALIB_NOREF_Pos            31U                                            /*!< SysT
 795:D:/Projekty/TrinityTrack6000/MainControlBoard/Infineon/XMC4200/Libraries/CMSIS/Include\core_cm4.h **** #define SysTick_CALIB_NOREF_Msk            (1UL << SysTick_CALIB_NOREF_Pos)               /*!< SysT
 796:D:/Projekty/TrinityTrack6000/MainControlBoard/Infineon/XMC4200/Libraries/CMSIS/Include\core_cm4.h **** 
 797:D:/Projekty/TrinityTrack6000/MainControlBoard/Infineon/XMC4200/Libraries/CMSIS/Include\core_cm4.h **** #define SysTick_CALIB_SKEW_Pos             30U                                            /*!< SysT
 798:D:/Projekty/TrinityTrack6000/MainControlBoard/Infineon/XMC4200/Libraries/CMSIS/Include\core_cm4.h **** #define SysTick_CALIB_SKEW_Msk             (1UL << SysTick_CALIB_SKEW_Pos)                /*!< SysT
 799:D:/Projekty/TrinityTrack6000/MainControlBoard/Infineon/XMC4200/Libraries/CMSIS/Include\core_cm4.h **** 
 800:D:/Projekty/TrinityTrack6000/MainControlBoard/Infineon/XMC4200/Libraries/CMSIS/Include\core_cm4.h **** #define SysTick_CALIB_TENMS_Pos             0U                                            /*!< SysT
 801:D:/Projekty/TrinityTrack6000/MainControlBoard/Infineon/XMC4200/Libraries/CMSIS/Include\core_cm4.h **** #define SysTick_CALIB_TENMS_Msk            (0xFFFFFFUL /*<< SysTick_CALIB_TENMS_Pos*/)    /*!< SysT
 802:D:/Projekty/TrinityTrack6000/MainControlBoard/Infineon/XMC4200/Libraries/CMSIS/Include\core_cm4.h **** 
 803:D:/Projekty/TrinityTrack6000/MainControlBoard/Infineon/XMC4200/Libraries/CMSIS/Include\core_cm4.h **** /*@} end of group CMSIS_SysTick */
 804:D:/Projekty/TrinityTrack6000/MainControlBoard/Infineon/XMC4200/Libraries/CMSIS/Include\core_cm4.h **** 
 805:D:/Projekty/TrinityTrack6000/MainControlBoard/Infineon/XMC4200/Libraries/CMSIS/Include\core_cm4.h **** 
 806:D:/Projekty/TrinityTrack6000/MainControlBoard/Infineon/XMC4200/Libraries/CMSIS/Include\core_cm4.h **** /**
 807:D:/Projekty/TrinityTrack6000/MainControlBoard/Infineon/XMC4200/Libraries/CMSIS/Include\core_cm4.h ****   \ingroup  CMSIS_core_register
 808:D:/Projekty/TrinityTrack6000/MainControlBoard/Infineon/XMC4200/Libraries/CMSIS/Include\core_cm4.h ****   \defgroup CMSIS_ITM     Instrumentation Trace Macrocell (ITM)
 809:D:/Projekty/TrinityTrack6000/MainControlBoard/Infineon/XMC4200/Libraries/CMSIS/Include\core_cm4.h ****   \brief    Type definitions for the Instrumentation Trace Macrocell (ITM)
 810:D:/Projekty/TrinityTrack6000/MainControlBoard/Infineon/XMC4200/Libraries/CMSIS/Include\core_cm4.h ****   @{
 811:D:/Projekty/TrinityTrack6000/MainControlBoard/Infineon/XMC4200/Libraries/CMSIS/Include\core_cm4.h ****  */
 812:D:/Projekty/TrinityTrack6000/MainControlBoard/Infineon/XMC4200/Libraries/CMSIS/Include\core_cm4.h **** 
 813:D:/Projekty/TrinityTrack6000/MainControlBoard/Infineon/XMC4200/Libraries/CMSIS/Include\core_cm4.h **** /**
 814:D:/Projekty/TrinityTrack6000/MainControlBoard/Infineon/XMC4200/Libraries/CMSIS/Include\core_cm4.h ****   \brief  Structure type to access the Instrumentation Trace Macrocell Register (ITM).
 815:D:/Projekty/TrinityTrack6000/MainControlBoard/Infineon/XMC4200/Libraries/CMSIS/Include\core_cm4.h ****  */
 816:D:/Projekty/TrinityTrack6000/MainControlBoard/Infineon/XMC4200/Libraries/CMSIS/Include\core_cm4.h **** typedef struct
 817:D:/Projekty/TrinityTrack6000/MainControlBoard/Infineon/XMC4200/Libraries/CMSIS/Include\core_cm4.h **** {
 818:D:/Projekty/TrinityTrack6000/MainControlBoard/Infineon/XMC4200/Libraries/CMSIS/Include\core_cm4.h ****   __OM  union
 819:D:/Projekty/TrinityTrack6000/MainControlBoard/Infineon/XMC4200/Libraries/CMSIS/Include\core_cm4.h ****   {
 820:D:/Projekty/TrinityTrack6000/MainControlBoard/Infineon/XMC4200/Libraries/CMSIS/Include\core_cm4.h ****     __OM  uint8_t    u8;                 /*!< Offset: 0x000 ( /W)  ITM Stimulus Port 8-bit */
 821:D:/Projekty/TrinityTrack6000/MainControlBoard/Infineon/XMC4200/Libraries/CMSIS/Include\core_cm4.h ****     __OM  uint16_t   u16;                /*!< Offset: 0x000 ( /W)  ITM Stimulus Port 16-bit */
 822:D:/Projekty/TrinityTrack6000/MainControlBoard/Infineon/XMC4200/Libraries/CMSIS/Include\core_cm4.h ****     __OM  uint32_t   u32;                /*!< Offset: 0x000 ( /W)  ITM Stimulus Port 32-bit */
 823:D:/Projekty/TrinityTrack6000/MainControlBoard/Infineon/XMC4200/Libraries/CMSIS/Include\core_cm4.h ****   }  PORT [32U];                         /*!< Offset: 0x000 ( /W)  ITM Stimulus Port Registers */
 824:D:/Projekty/TrinityTrack6000/MainControlBoard/Infineon/XMC4200/Libraries/CMSIS/Include\core_cm4.h ****         uint32_t RESERVED0[864U];
 825:D:/Projekty/TrinityTrack6000/MainControlBoard/Infineon/XMC4200/Libraries/CMSIS/Include\core_cm4.h ****   __IOM uint32_t TER;                    /*!< Offset: 0xE00 (R/W)  ITM Trace Enable Register */
 826:D:/Projekty/TrinityTrack6000/MainControlBoard/Infineon/XMC4200/Libraries/CMSIS/Include\core_cm4.h ****         uint32_t RESERVED1[15U];
 827:D:/Projekty/TrinityTrack6000/MainControlBoard/Infineon/XMC4200/Libraries/CMSIS/Include\core_cm4.h ****   __IOM uint32_t TPR;                    /*!< Offset: 0xE40 (R/W)  ITM Trace Privilege Register */
 828:D:/Projekty/TrinityTrack6000/MainControlBoard/Infineon/XMC4200/Libraries/CMSIS/Include\core_cm4.h ****         uint32_t RESERVED2[15U];
 829:D:/Projekty/TrinityTrack6000/MainControlBoard/Infineon/XMC4200/Libraries/CMSIS/Include\core_cm4.h ****   __IOM uint32_t TCR;                    /*!< Offset: 0xE80 (R/W)  ITM Trace Control Register */
 830:D:/Projekty/TrinityTrack6000/MainControlBoard/Infineon/XMC4200/Libraries/CMSIS/Include\core_cm4.h ****         uint32_t RESERVED3[32U];
 831:D:/Projekty/TrinityTrack6000/MainControlBoard/Infineon/XMC4200/Libraries/CMSIS/Include\core_cm4.h ****         uint32_t RESERVED4[43U];
 832:D:/Projekty/TrinityTrack6000/MainControlBoard/Infineon/XMC4200/Libraries/CMSIS/Include\core_cm4.h ****   __OM  uint32_t LAR;                    /*!< Offset: 0xFB0 ( /W)  ITM Lock Access Register */
 833:D:/Projekty/TrinityTrack6000/MainControlBoard/Infineon/XMC4200/Libraries/CMSIS/Include\core_cm4.h ****   __IM  uint32_t LSR;                    /*!< Offset: 0xFB4 (R/ )  ITM Lock Status Register */
 834:D:/Projekty/TrinityTrack6000/MainControlBoard/Infineon/XMC4200/Libraries/CMSIS/Include\core_cm4.h ****         uint32_t RESERVED5[6U];
 835:D:/Projekty/TrinityTrack6000/MainControlBoard/Infineon/XMC4200/Libraries/CMSIS/Include\core_cm4.h ****   __IM  uint32_t PID4;                   /*!< Offset: 0xFD0 (R/ )  ITM Peripheral Identification Re
 836:D:/Projekty/TrinityTrack6000/MainControlBoard/Infineon/XMC4200/Libraries/CMSIS/Include\core_cm4.h ****   __IM  uint32_t PID5;                   /*!< Offset: 0xFD4 (R/ )  ITM Peripheral Identification Re
 837:D:/Projekty/TrinityTrack6000/MainControlBoard/Infineon/XMC4200/Libraries/CMSIS/Include\core_cm4.h ****   __IM  uint32_t PID6;                   /*!< Offset: 0xFD8 (R/ )  ITM Peripheral Identification Re
 838:D:/Projekty/TrinityTrack6000/MainControlBoard/Infineon/XMC4200/Libraries/CMSIS/Include\core_cm4.h ****   __IM  uint32_t PID7;                   /*!< Offset: 0xFDC (R/ )  ITM Peripheral Identification Re
 839:D:/Projekty/TrinityTrack6000/MainControlBoard/Infineon/XMC4200/Libraries/CMSIS/Include\core_cm4.h ****   __IM  uint32_t PID0;                   /*!< Offset: 0xFE0 (R/ )  ITM Peripheral Identification Re
 840:D:/Projekty/TrinityTrack6000/MainControlBoard/Infineon/XMC4200/Libraries/CMSIS/Include\core_cm4.h ****   __IM  uint32_t PID1;                   /*!< Offset: 0xFE4 (R/ )  ITM Peripheral Identification Re
 841:D:/Projekty/TrinityTrack6000/MainControlBoard/Infineon/XMC4200/Libraries/CMSIS/Include\core_cm4.h ****   __IM  uint32_t PID2;                   /*!< Offset: 0xFE8 (R/ )  ITM Peripheral Identification Re
 842:D:/Projekty/TrinityTrack6000/MainControlBoard/Infineon/XMC4200/Libraries/CMSIS/Include\core_cm4.h ****   __IM  uint32_t PID3;                   /*!< Offset: 0xFEC (R/ )  ITM Peripheral Identification Re
 843:D:/Projekty/TrinityTrack6000/MainControlBoard/Infineon/XMC4200/Libraries/CMSIS/Include\core_cm4.h ****   __IM  uint32_t CID0;                   /*!< Offset: 0xFF0 (R/ )  ITM Component  Identification Re
 844:D:/Projekty/TrinityTrack6000/MainControlBoard/Infineon/XMC4200/Libraries/CMSIS/Include\core_cm4.h ****   __IM  uint32_t CID1;                   /*!< Offset: 0xFF4 (R/ )  ITM Component  Identification Re
 845:D:/Projekty/TrinityTrack6000/MainControlBoard/Infineon/XMC4200/Libraries/CMSIS/Include\core_cm4.h ****   __IM  uint32_t CID2;                   /*!< Offset: 0xFF8 (R/ )  ITM Component  Identification Re
 846:D:/Projekty/TrinityTrack6000/MainControlBoard/Infineon/XMC4200/Libraries/CMSIS/Include\core_cm4.h ****   __IM  uint32_t CID3;                   /*!< Offset: 0xFFC (R/ )  ITM Component  Identification Re
 847:D:/Projekty/TrinityTrack6000/MainControlBoard/Infineon/XMC4200/Libraries/CMSIS/Include\core_cm4.h **** } ITM_Type;
 848:D:/Projekty/TrinityTrack6000/MainControlBoard/Infineon/XMC4200/Libraries/CMSIS/Include\core_cm4.h **** 
 849:D:/Projekty/TrinityTrack6000/MainControlBoard/Infineon/XMC4200/Libraries/CMSIS/Include\core_cm4.h **** /* ITM Trace Privilege Register Definitions */
 850:D:/Projekty/TrinityTrack6000/MainControlBoard/Infineon/XMC4200/Libraries/CMSIS/Include\core_cm4.h **** #define ITM_TPR_PRIVMASK_Pos                0U                                            /*!< ITM 
 851:D:/Projekty/TrinityTrack6000/MainControlBoard/Infineon/XMC4200/Libraries/CMSIS/Include\core_cm4.h **** #define ITM_TPR_PRIVMASK_Msk               (0xFFFFFFFFUL /*<< ITM_TPR_PRIVMASK_Pos*/)     /*!< ITM 
 852:D:/Projekty/TrinityTrack6000/MainControlBoard/Infineon/XMC4200/Libraries/CMSIS/Include\core_cm4.h **** 
 853:D:/Projekty/TrinityTrack6000/MainControlBoard/Infineon/XMC4200/Libraries/CMSIS/Include\core_cm4.h **** /* ITM Trace Control Register Definitions */
 854:D:/Projekty/TrinityTrack6000/MainControlBoard/Infineon/XMC4200/Libraries/CMSIS/Include\core_cm4.h **** #define ITM_TCR_BUSY_Pos                   23U                                            /*!< ITM 
 855:D:/Projekty/TrinityTrack6000/MainControlBoard/Infineon/XMC4200/Libraries/CMSIS/Include\core_cm4.h **** #define ITM_TCR_BUSY_Msk                   (1UL << ITM_TCR_BUSY_Pos)                      /*!< ITM 
 856:D:/Projekty/TrinityTrack6000/MainControlBoard/Infineon/XMC4200/Libraries/CMSIS/Include\core_cm4.h **** 
 857:D:/Projekty/TrinityTrack6000/MainControlBoard/Infineon/XMC4200/Libraries/CMSIS/Include\core_cm4.h **** #define ITM_TCR_TraceBusID_Pos             16U                                            /*!< ITM 
 858:D:/Projekty/TrinityTrack6000/MainControlBoard/Infineon/XMC4200/Libraries/CMSIS/Include\core_cm4.h **** #define ITM_TCR_TraceBusID_Msk             (0x7FUL << ITM_TCR_TraceBusID_Pos)             /*!< ITM 
 859:D:/Projekty/TrinityTrack6000/MainControlBoard/Infineon/XMC4200/Libraries/CMSIS/Include\core_cm4.h **** 
 860:D:/Projekty/TrinityTrack6000/MainControlBoard/Infineon/XMC4200/Libraries/CMSIS/Include\core_cm4.h **** #define ITM_TCR_GTSFREQ_Pos                10U                                            /*!< ITM 
 861:D:/Projekty/TrinityTrack6000/MainControlBoard/Infineon/XMC4200/Libraries/CMSIS/Include\core_cm4.h **** #define ITM_TCR_GTSFREQ_Msk                (3UL << ITM_TCR_GTSFREQ_Pos)                   /*!< ITM 
 862:D:/Projekty/TrinityTrack6000/MainControlBoard/Infineon/XMC4200/Libraries/CMSIS/Include\core_cm4.h **** 
 863:D:/Projekty/TrinityTrack6000/MainControlBoard/Infineon/XMC4200/Libraries/CMSIS/Include\core_cm4.h **** #define ITM_TCR_TSPrescale_Pos              8U                                            /*!< ITM 
 864:D:/Projekty/TrinityTrack6000/MainControlBoard/Infineon/XMC4200/Libraries/CMSIS/Include\core_cm4.h **** #define ITM_TCR_TSPrescale_Msk             (3UL << ITM_TCR_TSPrescale_Pos)                /*!< ITM 
 865:D:/Projekty/TrinityTrack6000/MainControlBoard/Infineon/XMC4200/Libraries/CMSIS/Include\core_cm4.h **** 
 866:D:/Projekty/TrinityTrack6000/MainControlBoard/Infineon/XMC4200/Libraries/CMSIS/Include\core_cm4.h **** #define ITM_TCR_SWOENA_Pos                  4U                                            /*!< ITM 
 867:D:/Projekty/TrinityTrack6000/MainControlBoard/Infineon/XMC4200/Libraries/CMSIS/Include\core_cm4.h **** #define ITM_TCR_SWOENA_Msk                 (1UL << ITM_TCR_SWOENA_Pos)                    /*!< ITM 
 868:D:/Projekty/TrinityTrack6000/MainControlBoard/Infineon/XMC4200/Libraries/CMSIS/Include\core_cm4.h **** 
 869:D:/Projekty/TrinityTrack6000/MainControlBoard/Infineon/XMC4200/Libraries/CMSIS/Include\core_cm4.h **** #define ITM_TCR_DWTENA_Pos                  3U                                            /*!< ITM 
 870:D:/Projekty/TrinityTrack6000/MainControlBoard/Infineon/XMC4200/Libraries/CMSIS/Include\core_cm4.h **** #define ITM_TCR_DWTENA_Msk                 (1UL << ITM_TCR_DWTENA_Pos)                    /*!< ITM 
 871:D:/Projekty/TrinityTrack6000/MainControlBoard/Infineon/XMC4200/Libraries/CMSIS/Include\core_cm4.h **** 
 872:D:/Projekty/TrinityTrack6000/MainControlBoard/Infineon/XMC4200/Libraries/CMSIS/Include\core_cm4.h **** #define ITM_TCR_SYNCENA_Pos                 2U                                            /*!< ITM 
 873:D:/Projekty/TrinityTrack6000/MainControlBoard/Infineon/XMC4200/Libraries/CMSIS/Include\core_cm4.h **** #define ITM_TCR_SYNCENA_Msk                (1UL << ITM_TCR_SYNCENA_Pos)                   /*!< ITM 
 874:D:/Projekty/TrinityTrack6000/MainControlBoard/Infineon/XMC4200/Libraries/CMSIS/Include\core_cm4.h **** 
 875:D:/Projekty/TrinityTrack6000/MainControlBoard/Infineon/XMC4200/Libraries/CMSIS/Include\core_cm4.h **** #define ITM_TCR_TSENA_Pos                   1U                                            /*!< ITM 
 876:D:/Projekty/TrinityTrack6000/MainControlBoard/Infineon/XMC4200/Libraries/CMSIS/Include\core_cm4.h **** #define ITM_TCR_TSENA_Msk                  (1UL << ITM_TCR_TSENA_Pos)                     /*!< ITM 
 877:D:/Projekty/TrinityTrack6000/MainControlBoard/Infineon/XMC4200/Libraries/CMSIS/Include\core_cm4.h **** 
 878:D:/Projekty/TrinityTrack6000/MainControlBoard/Infineon/XMC4200/Libraries/CMSIS/Include\core_cm4.h **** #define ITM_TCR_ITMENA_Pos                  0U                                            /*!< ITM 
 879:D:/Projekty/TrinityTrack6000/MainControlBoard/Infineon/XMC4200/Libraries/CMSIS/Include\core_cm4.h **** #define ITM_TCR_ITMENA_Msk                 (1UL /*<< ITM_TCR_ITMENA_Pos*/)                /*!< ITM 
 880:D:/Projekty/TrinityTrack6000/MainControlBoard/Infineon/XMC4200/Libraries/CMSIS/Include\core_cm4.h **** 
 881:D:/Projekty/TrinityTrack6000/MainControlBoard/Infineon/XMC4200/Libraries/CMSIS/Include\core_cm4.h **** /* ITM Lock Status Register Definitions */
 882:D:/Projekty/TrinityTrack6000/MainControlBoard/Infineon/XMC4200/Libraries/CMSIS/Include\core_cm4.h **** #define ITM_LSR_ByteAcc_Pos                 2U                                            /*!< ITM 
 883:D:/Projekty/TrinityTrack6000/MainControlBoard/Infineon/XMC4200/Libraries/CMSIS/Include\core_cm4.h **** #define ITM_LSR_ByteAcc_Msk                (1UL << ITM_LSR_ByteAcc_Pos)                   /*!< ITM 
 884:D:/Projekty/TrinityTrack6000/MainControlBoard/Infineon/XMC4200/Libraries/CMSIS/Include\core_cm4.h **** 
 885:D:/Projekty/TrinityTrack6000/MainControlBoard/Infineon/XMC4200/Libraries/CMSIS/Include\core_cm4.h **** #define ITM_LSR_Access_Pos                  1U                                            /*!< ITM 
 886:D:/Projekty/TrinityTrack6000/MainControlBoard/Infineon/XMC4200/Libraries/CMSIS/Include\core_cm4.h **** #define ITM_LSR_Access_Msk                 (1UL << ITM_LSR_Access_Pos)                    /*!< ITM 
 887:D:/Projekty/TrinityTrack6000/MainControlBoard/Infineon/XMC4200/Libraries/CMSIS/Include\core_cm4.h **** 
 888:D:/Projekty/TrinityTrack6000/MainControlBoard/Infineon/XMC4200/Libraries/CMSIS/Include\core_cm4.h **** #define ITM_LSR_Present_Pos                 0U                                            /*!< ITM 
 889:D:/Projekty/TrinityTrack6000/MainControlBoard/Infineon/XMC4200/Libraries/CMSIS/Include\core_cm4.h **** #define ITM_LSR_Present_Msk                (1UL /*<< ITM_LSR_Present_Pos*/)               /*!< ITM 
 890:D:/Projekty/TrinityTrack6000/MainControlBoard/Infineon/XMC4200/Libraries/CMSIS/Include\core_cm4.h **** 
 891:D:/Projekty/TrinityTrack6000/MainControlBoard/Infineon/XMC4200/Libraries/CMSIS/Include\core_cm4.h **** /*@}*/ /* end of group CMSIS_ITM */
 892:D:/Projekty/TrinityTrack6000/MainControlBoard/Infineon/XMC4200/Libraries/CMSIS/Include\core_cm4.h **** 
 893:D:/Projekty/TrinityTrack6000/MainControlBoard/Infineon/XMC4200/Libraries/CMSIS/Include\core_cm4.h **** 
 894:D:/Projekty/TrinityTrack6000/MainControlBoard/Infineon/XMC4200/Libraries/CMSIS/Include\core_cm4.h **** /**
 895:D:/Projekty/TrinityTrack6000/MainControlBoard/Infineon/XMC4200/Libraries/CMSIS/Include\core_cm4.h ****   \ingroup  CMSIS_core_register
 896:D:/Projekty/TrinityTrack6000/MainControlBoard/Infineon/XMC4200/Libraries/CMSIS/Include\core_cm4.h ****   \defgroup CMSIS_DWT     Data Watchpoint and Trace (DWT)
 897:D:/Projekty/TrinityTrack6000/MainControlBoard/Infineon/XMC4200/Libraries/CMSIS/Include\core_cm4.h ****   \brief    Type definitions for the Data Watchpoint and Trace (DWT)
 898:D:/Projekty/TrinityTrack6000/MainControlBoard/Infineon/XMC4200/Libraries/CMSIS/Include\core_cm4.h ****   @{
 899:D:/Projekty/TrinityTrack6000/MainControlBoard/Infineon/XMC4200/Libraries/CMSIS/Include\core_cm4.h ****  */
 900:D:/Projekty/TrinityTrack6000/MainControlBoard/Infineon/XMC4200/Libraries/CMSIS/Include\core_cm4.h **** 
 901:D:/Projekty/TrinityTrack6000/MainControlBoard/Infineon/XMC4200/Libraries/CMSIS/Include\core_cm4.h **** /**
 902:D:/Projekty/TrinityTrack6000/MainControlBoard/Infineon/XMC4200/Libraries/CMSIS/Include\core_cm4.h ****   \brief  Structure type to access the Data Watchpoint and Trace Register (DWT).
 903:D:/Projekty/TrinityTrack6000/MainControlBoard/Infineon/XMC4200/Libraries/CMSIS/Include\core_cm4.h ****  */
 904:D:/Projekty/TrinityTrack6000/MainControlBoard/Infineon/XMC4200/Libraries/CMSIS/Include\core_cm4.h **** typedef struct
 905:D:/Projekty/TrinityTrack6000/MainControlBoard/Infineon/XMC4200/Libraries/CMSIS/Include\core_cm4.h **** {
 906:D:/Projekty/TrinityTrack6000/MainControlBoard/Infineon/XMC4200/Libraries/CMSIS/Include\core_cm4.h ****   __IOM uint32_t CTRL;                   /*!< Offset: 0x000 (R/W)  Control Register */
 907:D:/Projekty/TrinityTrack6000/MainControlBoard/Infineon/XMC4200/Libraries/CMSIS/Include\core_cm4.h ****   __IOM uint32_t CYCCNT;                 /*!< Offset: 0x004 (R/W)  Cycle Count Register */
 908:D:/Projekty/TrinityTrack6000/MainControlBoard/Infineon/XMC4200/Libraries/CMSIS/Include\core_cm4.h ****   __IOM uint32_t CPICNT;                 /*!< Offset: 0x008 (R/W)  CPI Count Register */
 909:D:/Projekty/TrinityTrack6000/MainControlBoard/Infineon/XMC4200/Libraries/CMSIS/Include\core_cm4.h ****   __IOM uint32_t EXCCNT;                 /*!< Offset: 0x00C (R/W)  Exception Overhead Count Registe
 910:D:/Projekty/TrinityTrack6000/MainControlBoard/Infineon/XMC4200/Libraries/CMSIS/Include\core_cm4.h ****   __IOM uint32_t SLEEPCNT;               /*!< Offset: 0x010 (R/W)  Sleep Count Register */
 911:D:/Projekty/TrinityTrack6000/MainControlBoard/Infineon/XMC4200/Libraries/CMSIS/Include\core_cm4.h ****   __IOM uint32_t LSUCNT;                 /*!< Offset: 0x014 (R/W)  LSU Count Register */
 912:D:/Projekty/TrinityTrack6000/MainControlBoard/Infineon/XMC4200/Libraries/CMSIS/Include\core_cm4.h ****   __IOM uint32_t FOLDCNT;                /*!< Offset: 0x018 (R/W)  Folded-instruction Count Registe
 913:D:/Projekty/TrinityTrack6000/MainControlBoard/Infineon/XMC4200/Libraries/CMSIS/Include\core_cm4.h ****   __IM  uint32_t PCSR;                   /*!< Offset: 0x01C (R/ )  Program Counter Sample Register 
 914:D:/Projekty/TrinityTrack6000/MainControlBoard/Infineon/XMC4200/Libraries/CMSIS/Include\core_cm4.h ****   __IOM uint32_t COMP0;                  /*!< Offset: 0x020 (R/W)  Comparator Register 0 */
 915:D:/Projekty/TrinityTrack6000/MainControlBoard/Infineon/XMC4200/Libraries/CMSIS/Include\core_cm4.h ****   __IOM uint32_t MASK0;                  /*!< Offset: 0x024 (R/W)  Mask Register 0 */
 916:D:/Projekty/TrinityTrack6000/MainControlBoard/Infineon/XMC4200/Libraries/CMSIS/Include\core_cm4.h ****   __IOM uint32_t FUNCTION0;              /*!< Offset: 0x028 (R/W)  Function Register 0 */
 917:D:/Projekty/TrinityTrack6000/MainControlBoard/Infineon/XMC4200/Libraries/CMSIS/Include\core_cm4.h ****         uint32_t RESERVED0[1U];
 918:D:/Projekty/TrinityTrack6000/MainControlBoard/Infineon/XMC4200/Libraries/CMSIS/Include\core_cm4.h ****   __IOM uint32_t COMP1;                  /*!< Offset: 0x030 (R/W)  Comparator Register 1 */
 919:D:/Projekty/TrinityTrack6000/MainControlBoard/Infineon/XMC4200/Libraries/CMSIS/Include\core_cm4.h ****   __IOM uint32_t MASK1;                  /*!< Offset: 0x034 (R/W)  Mask Register 1 */
 920:D:/Projekty/TrinityTrack6000/MainControlBoard/Infineon/XMC4200/Libraries/CMSIS/Include\core_cm4.h ****   __IOM uint32_t FUNCTION1;              /*!< Offset: 0x038 (R/W)  Function Register 1 */
 921:D:/Projekty/TrinityTrack6000/MainControlBoard/Infineon/XMC4200/Libraries/CMSIS/Include\core_cm4.h ****         uint32_t RESERVED1[1U];
 922:D:/Projekty/TrinityTrack6000/MainControlBoard/Infineon/XMC4200/Libraries/CMSIS/Include\core_cm4.h ****   __IOM uint32_t COMP2;                  /*!< Offset: 0x040 (R/W)  Comparator Register 2 */
 923:D:/Projekty/TrinityTrack6000/MainControlBoard/Infineon/XMC4200/Libraries/CMSIS/Include\core_cm4.h ****   __IOM uint32_t MASK2;                  /*!< Offset: 0x044 (R/W)  Mask Register 2 */
 924:D:/Projekty/TrinityTrack6000/MainControlBoard/Infineon/XMC4200/Libraries/CMSIS/Include\core_cm4.h ****   __IOM uint32_t FUNCTION2;              /*!< Offset: 0x048 (R/W)  Function Register 2 */
 925:D:/Projekty/TrinityTrack6000/MainControlBoard/Infineon/XMC4200/Libraries/CMSIS/Include\core_cm4.h ****         uint32_t RESERVED2[1U];
 926:D:/Projekty/TrinityTrack6000/MainControlBoard/Infineon/XMC4200/Libraries/CMSIS/Include\core_cm4.h ****   __IOM uint32_t COMP3;                  /*!< Offset: 0x050 (R/W)  Comparator Register 3 */
 927:D:/Projekty/TrinityTrack6000/MainControlBoard/Infineon/XMC4200/Libraries/CMSIS/Include\core_cm4.h ****   __IOM uint32_t MASK3;                  /*!< Offset: 0x054 (R/W)  Mask Register 3 */
 928:D:/Projekty/TrinityTrack6000/MainControlBoard/Infineon/XMC4200/Libraries/CMSIS/Include\core_cm4.h ****   __IOM uint32_t FUNCTION3;              /*!< Offset: 0x058 (R/W)  Function Register 3 */
 929:D:/Projekty/TrinityTrack6000/MainControlBoard/Infineon/XMC4200/Libraries/CMSIS/Include\core_cm4.h **** } DWT_Type;
 930:D:/Projekty/TrinityTrack6000/MainControlBoard/Infineon/XMC4200/Libraries/CMSIS/Include\core_cm4.h **** 
 931:D:/Projekty/TrinityTrack6000/MainControlBoard/Infineon/XMC4200/Libraries/CMSIS/Include\core_cm4.h **** /* DWT Control Register Definitions */
 932:D:/Projekty/TrinityTrack6000/MainControlBoard/Infineon/XMC4200/Libraries/CMSIS/Include\core_cm4.h **** #define DWT_CTRL_NUMCOMP_Pos               28U                                         /*!< DWT CTR
 933:D:/Projekty/TrinityTrack6000/MainControlBoard/Infineon/XMC4200/Libraries/CMSIS/Include\core_cm4.h **** #define DWT_CTRL_NUMCOMP_Msk               (0xFUL << DWT_CTRL_NUMCOMP_Pos)             /*!< DWT CTR
 934:D:/Projekty/TrinityTrack6000/MainControlBoard/Infineon/XMC4200/Libraries/CMSIS/Include\core_cm4.h **** 
 935:D:/Projekty/TrinityTrack6000/MainControlBoard/Infineon/XMC4200/Libraries/CMSIS/Include\core_cm4.h **** #define DWT_CTRL_NOTRCPKT_Pos              27U                                         /*!< DWT CTR
 936:D:/Projekty/TrinityTrack6000/MainControlBoard/Infineon/XMC4200/Libraries/CMSIS/Include\core_cm4.h **** #define DWT_CTRL_NOTRCPKT_Msk              (0x1UL << DWT_CTRL_NOTRCPKT_Pos)            /*!< DWT CTR
 937:D:/Projekty/TrinityTrack6000/MainControlBoard/Infineon/XMC4200/Libraries/CMSIS/Include\core_cm4.h **** 
 938:D:/Projekty/TrinityTrack6000/MainControlBoard/Infineon/XMC4200/Libraries/CMSIS/Include\core_cm4.h **** #define DWT_CTRL_NOEXTTRIG_Pos             26U                                         /*!< DWT CTR
 939:D:/Projekty/TrinityTrack6000/MainControlBoard/Infineon/XMC4200/Libraries/CMSIS/Include\core_cm4.h **** #define DWT_CTRL_NOEXTTRIG_Msk             (0x1UL << DWT_CTRL_NOEXTTRIG_Pos)           /*!< DWT CTR
 940:D:/Projekty/TrinityTrack6000/MainControlBoard/Infineon/XMC4200/Libraries/CMSIS/Include\core_cm4.h **** 
 941:D:/Projekty/TrinityTrack6000/MainControlBoard/Infineon/XMC4200/Libraries/CMSIS/Include\core_cm4.h **** #define DWT_CTRL_NOCYCCNT_Pos              25U                                         /*!< DWT CTR
 942:D:/Projekty/TrinityTrack6000/MainControlBoard/Infineon/XMC4200/Libraries/CMSIS/Include\core_cm4.h **** #define DWT_CTRL_NOCYCCNT_Msk              (0x1UL << DWT_CTRL_NOCYCCNT_Pos)            /*!< DWT CTR
 943:D:/Projekty/TrinityTrack6000/MainControlBoard/Infineon/XMC4200/Libraries/CMSIS/Include\core_cm4.h **** 
 944:D:/Projekty/TrinityTrack6000/MainControlBoard/Infineon/XMC4200/Libraries/CMSIS/Include\core_cm4.h **** #define DWT_CTRL_NOPRFCNT_Pos              24U                                         /*!< DWT CTR
 945:D:/Projekty/TrinityTrack6000/MainControlBoard/Infineon/XMC4200/Libraries/CMSIS/Include\core_cm4.h **** #define DWT_CTRL_NOPRFCNT_Msk              (0x1UL << DWT_CTRL_NOPRFCNT_Pos)            /*!< DWT CTR
 946:D:/Projekty/TrinityTrack6000/MainControlBoard/Infineon/XMC4200/Libraries/CMSIS/Include\core_cm4.h **** 
 947:D:/Projekty/TrinityTrack6000/MainControlBoard/Infineon/XMC4200/Libraries/CMSIS/Include\core_cm4.h **** #define DWT_CTRL_CYCEVTENA_Pos             22U                                         /*!< DWT CTR
 948:D:/Projekty/TrinityTrack6000/MainControlBoard/Infineon/XMC4200/Libraries/CMSIS/Include\core_cm4.h **** #define DWT_CTRL_CYCEVTENA_Msk             (0x1UL << DWT_CTRL_CYCEVTENA_Pos)           /*!< DWT CTR
 949:D:/Projekty/TrinityTrack6000/MainControlBoard/Infineon/XMC4200/Libraries/CMSIS/Include\core_cm4.h **** 
 950:D:/Projekty/TrinityTrack6000/MainControlBoard/Infineon/XMC4200/Libraries/CMSIS/Include\core_cm4.h **** #define DWT_CTRL_FOLDEVTENA_Pos            21U                                         /*!< DWT CTR
 951:D:/Projekty/TrinityTrack6000/MainControlBoard/Infineon/XMC4200/Libraries/CMSIS/Include\core_cm4.h **** #define DWT_CTRL_FOLDEVTENA_Msk            (0x1UL << DWT_CTRL_FOLDEVTENA_Pos)          /*!< DWT CTR
 952:D:/Projekty/TrinityTrack6000/MainControlBoard/Infineon/XMC4200/Libraries/CMSIS/Include\core_cm4.h **** 
 953:D:/Projekty/TrinityTrack6000/MainControlBoard/Infineon/XMC4200/Libraries/CMSIS/Include\core_cm4.h **** #define DWT_CTRL_LSUEVTENA_Pos             20U                                         /*!< DWT CTR
 954:D:/Projekty/TrinityTrack6000/MainControlBoard/Infineon/XMC4200/Libraries/CMSIS/Include\core_cm4.h **** #define DWT_CTRL_LSUEVTENA_Msk             (0x1UL << DWT_CTRL_LSUEVTENA_Pos)           /*!< DWT CTR
 955:D:/Projekty/TrinityTrack6000/MainControlBoard/Infineon/XMC4200/Libraries/CMSIS/Include\core_cm4.h **** 
 956:D:/Projekty/TrinityTrack6000/MainControlBoard/Infineon/XMC4200/Libraries/CMSIS/Include\core_cm4.h **** #define DWT_CTRL_SLEEPEVTENA_Pos           19U                                         /*!< DWT CTR
 957:D:/Projekty/TrinityTrack6000/MainControlBoard/Infineon/XMC4200/Libraries/CMSIS/Include\core_cm4.h **** #define DWT_CTRL_SLEEPEVTENA_Msk           (0x1UL << DWT_CTRL_SLEEPEVTENA_Pos)         /*!< DWT CTR
 958:D:/Projekty/TrinityTrack6000/MainControlBoard/Infineon/XMC4200/Libraries/CMSIS/Include\core_cm4.h **** 
 959:D:/Projekty/TrinityTrack6000/MainControlBoard/Infineon/XMC4200/Libraries/CMSIS/Include\core_cm4.h **** #define DWT_CTRL_EXCEVTENA_Pos             18U                                         /*!< DWT CTR
 960:D:/Projekty/TrinityTrack6000/MainControlBoard/Infineon/XMC4200/Libraries/CMSIS/Include\core_cm4.h **** #define DWT_CTRL_EXCEVTENA_Msk             (0x1UL << DWT_CTRL_EXCEVTENA_Pos)           /*!< DWT CTR
 961:D:/Projekty/TrinityTrack6000/MainControlBoard/Infineon/XMC4200/Libraries/CMSIS/Include\core_cm4.h **** 
 962:D:/Projekty/TrinityTrack6000/MainControlBoard/Infineon/XMC4200/Libraries/CMSIS/Include\core_cm4.h **** #define DWT_CTRL_CPIEVTENA_Pos             17U                                         /*!< DWT CTR
 963:D:/Projekty/TrinityTrack6000/MainControlBoard/Infineon/XMC4200/Libraries/CMSIS/Include\core_cm4.h **** #define DWT_CTRL_CPIEVTENA_Msk             (0x1UL << DWT_CTRL_CPIEVTENA_Pos)           /*!< DWT CTR
 964:D:/Projekty/TrinityTrack6000/MainControlBoard/Infineon/XMC4200/Libraries/CMSIS/Include\core_cm4.h **** 
 965:D:/Projekty/TrinityTrack6000/MainControlBoard/Infineon/XMC4200/Libraries/CMSIS/Include\core_cm4.h **** #define DWT_CTRL_EXCTRCENA_Pos             16U                                         /*!< DWT CTR
 966:D:/Projekty/TrinityTrack6000/MainControlBoard/Infineon/XMC4200/Libraries/CMSIS/Include\core_cm4.h **** #define DWT_CTRL_EXCTRCENA_Msk             (0x1UL << DWT_CTRL_EXCTRCENA_Pos)           /*!< DWT CTR
 967:D:/Projekty/TrinityTrack6000/MainControlBoard/Infineon/XMC4200/Libraries/CMSIS/Include\core_cm4.h **** 
 968:D:/Projekty/TrinityTrack6000/MainControlBoard/Infineon/XMC4200/Libraries/CMSIS/Include\core_cm4.h **** #define DWT_CTRL_PCSAMPLENA_Pos            12U                                         /*!< DWT CTR
 969:D:/Projekty/TrinityTrack6000/MainControlBoard/Infineon/XMC4200/Libraries/CMSIS/Include\core_cm4.h **** #define DWT_CTRL_PCSAMPLENA_Msk            (0x1UL << DWT_CTRL_PCSAMPLENA_Pos)          /*!< DWT CTR
 970:D:/Projekty/TrinityTrack6000/MainControlBoard/Infineon/XMC4200/Libraries/CMSIS/Include\core_cm4.h **** 
 971:D:/Projekty/TrinityTrack6000/MainControlBoard/Infineon/XMC4200/Libraries/CMSIS/Include\core_cm4.h **** #define DWT_CTRL_SYNCTAP_Pos               10U                                         /*!< DWT CTR
 972:D:/Projekty/TrinityTrack6000/MainControlBoard/Infineon/XMC4200/Libraries/CMSIS/Include\core_cm4.h **** #define DWT_CTRL_SYNCTAP_Msk               (0x3UL << DWT_CTRL_SYNCTAP_Pos)             /*!< DWT CTR
 973:D:/Projekty/TrinityTrack6000/MainControlBoard/Infineon/XMC4200/Libraries/CMSIS/Include\core_cm4.h **** 
 974:D:/Projekty/TrinityTrack6000/MainControlBoard/Infineon/XMC4200/Libraries/CMSIS/Include\core_cm4.h **** #define DWT_CTRL_CYCTAP_Pos                 9U                                         /*!< DWT CTR
 975:D:/Projekty/TrinityTrack6000/MainControlBoard/Infineon/XMC4200/Libraries/CMSIS/Include\core_cm4.h **** #define DWT_CTRL_CYCTAP_Msk                (0x1UL << DWT_CTRL_CYCTAP_Pos)              /*!< DWT CTR
 976:D:/Projekty/TrinityTrack6000/MainControlBoard/Infineon/XMC4200/Libraries/CMSIS/Include\core_cm4.h **** 
 977:D:/Projekty/TrinityTrack6000/MainControlBoard/Infineon/XMC4200/Libraries/CMSIS/Include\core_cm4.h **** #define DWT_CTRL_POSTINIT_Pos               5U                                         /*!< DWT CTR
 978:D:/Projekty/TrinityTrack6000/MainControlBoard/Infineon/XMC4200/Libraries/CMSIS/Include\core_cm4.h **** #define DWT_CTRL_POSTINIT_Msk              (0xFUL << DWT_CTRL_POSTINIT_Pos)            /*!< DWT CTR
 979:D:/Projekty/TrinityTrack6000/MainControlBoard/Infineon/XMC4200/Libraries/CMSIS/Include\core_cm4.h **** 
 980:D:/Projekty/TrinityTrack6000/MainControlBoard/Infineon/XMC4200/Libraries/CMSIS/Include\core_cm4.h **** #define DWT_CTRL_POSTPRESET_Pos             1U                                         /*!< DWT CTR
 981:D:/Projekty/TrinityTrack6000/MainControlBoard/Infineon/XMC4200/Libraries/CMSIS/Include\core_cm4.h **** #define DWT_CTRL_POSTPRESET_Msk            (0xFUL << DWT_CTRL_POSTPRESET_Pos)          /*!< DWT CTR
 982:D:/Projekty/TrinityTrack6000/MainControlBoard/Infineon/XMC4200/Libraries/CMSIS/Include\core_cm4.h **** 
 983:D:/Projekty/TrinityTrack6000/MainControlBoard/Infineon/XMC4200/Libraries/CMSIS/Include\core_cm4.h **** #define DWT_CTRL_CYCCNTENA_Pos              0U                                         /*!< DWT CTR
 984:D:/Projekty/TrinityTrack6000/MainControlBoard/Infineon/XMC4200/Libraries/CMSIS/Include\core_cm4.h **** #define DWT_CTRL_CYCCNTENA_Msk             (0x1UL /*<< DWT_CTRL_CYCCNTENA_Pos*/)       /*!< DWT CTR
 985:D:/Projekty/TrinityTrack6000/MainControlBoard/Infineon/XMC4200/Libraries/CMSIS/Include\core_cm4.h **** 
 986:D:/Projekty/TrinityTrack6000/MainControlBoard/Infineon/XMC4200/Libraries/CMSIS/Include\core_cm4.h **** /* DWT CPI Count Register Definitions */
 987:D:/Projekty/TrinityTrack6000/MainControlBoard/Infineon/XMC4200/Libraries/CMSIS/Include\core_cm4.h **** #define DWT_CPICNT_CPICNT_Pos               0U                                         /*!< DWT CPI
 988:D:/Projekty/TrinityTrack6000/MainControlBoard/Infineon/XMC4200/Libraries/CMSIS/Include\core_cm4.h **** #define DWT_CPICNT_CPICNT_Msk              (0xFFUL /*<< DWT_CPICNT_CPICNT_Pos*/)       /*!< DWT CPI
 989:D:/Projekty/TrinityTrack6000/MainControlBoard/Infineon/XMC4200/Libraries/CMSIS/Include\core_cm4.h **** 
 990:D:/Projekty/TrinityTrack6000/MainControlBoard/Infineon/XMC4200/Libraries/CMSIS/Include\core_cm4.h **** /* DWT Exception Overhead Count Register Definitions */
 991:D:/Projekty/TrinityTrack6000/MainControlBoard/Infineon/XMC4200/Libraries/CMSIS/Include\core_cm4.h **** #define DWT_EXCCNT_EXCCNT_Pos               0U                                         /*!< DWT EXC
 992:D:/Projekty/TrinityTrack6000/MainControlBoard/Infineon/XMC4200/Libraries/CMSIS/Include\core_cm4.h **** #define DWT_EXCCNT_EXCCNT_Msk              (0xFFUL /*<< DWT_EXCCNT_EXCCNT_Pos*/)       /*!< DWT EXC
 993:D:/Projekty/TrinityTrack6000/MainControlBoard/Infineon/XMC4200/Libraries/CMSIS/Include\core_cm4.h **** 
 994:D:/Projekty/TrinityTrack6000/MainControlBoard/Infineon/XMC4200/Libraries/CMSIS/Include\core_cm4.h **** /* DWT Sleep Count Register Definitions */
 995:D:/Projekty/TrinityTrack6000/MainControlBoard/Infineon/XMC4200/Libraries/CMSIS/Include\core_cm4.h **** #define DWT_SLEEPCNT_SLEEPCNT_Pos           0U                                         /*!< DWT SLE
 996:D:/Projekty/TrinityTrack6000/MainControlBoard/Infineon/XMC4200/Libraries/CMSIS/Include\core_cm4.h **** #define DWT_SLEEPCNT_SLEEPCNT_Msk          (0xFFUL /*<< DWT_SLEEPCNT_SLEEPCNT_Pos*/)   /*!< DWT SLE
 997:D:/Projekty/TrinityTrack6000/MainControlBoard/Infineon/XMC4200/Libraries/CMSIS/Include\core_cm4.h **** 
 998:D:/Projekty/TrinityTrack6000/MainControlBoard/Infineon/XMC4200/Libraries/CMSIS/Include\core_cm4.h **** /* DWT LSU Count Register Definitions */
 999:D:/Projekty/TrinityTrack6000/MainControlBoard/Infineon/XMC4200/Libraries/CMSIS/Include\core_cm4.h **** #define DWT_LSUCNT_LSUCNT_Pos               0U                                         /*!< DWT LSU
1000:D:/Projekty/TrinityTrack6000/MainControlBoard/Infineon/XMC4200/Libraries/CMSIS/Include\core_cm4.h **** #define DWT_LSUCNT_LSUCNT_Msk              (0xFFUL /*<< DWT_LSUCNT_LSUCNT_Pos*/)       /*!< DWT LSU
1001:D:/Projekty/TrinityTrack6000/MainControlBoard/Infineon/XMC4200/Libraries/CMSIS/Include\core_cm4.h **** 
1002:D:/Projekty/TrinityTrack6000/MainControlBoard/Infineon/XMC4200/Libraries/CMSIS/Include\core_cm4.h **** /* DWT Folded-instruction Count Register Definitions */
1003:D:/Projekty/TrinityTrack6000/MainControlBoard/Infineon/XMC4200/Libraries/CMSIS/Include\core_cm4.h **** #define DWT_FOLDCNT_FOLDCNT_Pos             0U                                         /*!< DWT FOL
1004:D:/Projekty/TrinityTrack6000/MainControlBoard/Infineon/XMC4200/Libraries/CMSIS/Include\core_cm4.h **** #define DWT_FOLDCNT_FOLDCNT_Msk            (0xFFUL /*<< DWT_FOLDCNT_FOLDCNT_Pos*/)     /*!< DWT FOL
1005:D:/Projekty/TrinityTrack6000/MainControlBoard/Infineon/XMC4200/Libraries/CMSIS/Include\core_cm4.h **** 
1006:D:/Projekty/TrinityTrack6000/MainControlBoard/Infineon/XMC4200/Libraries/CMSIS/Include\core_cm4.h **** /* DWT Comparator Mask Register Definitions */
1007:D:/Projekty/TrinityTrack6000/MainControlBoard/Infineon/XMC4200/Libraries/CMSIS/Include\core_cm4.h **** #define DWT_MASK_MASK_Pos                   0U                                         /*!< DWT MAS
1008:D:/Projekty/TrinityTrack6000/MainControlBoard/Infineon/XMC4200/Libraries/CMSIS/Include\core_cm4.h **** #define DWT_MASK_MASK_Msk                  (0x1FUL /*<< DWT_MASK_MASK_Pos*/)           /*!< DWT MAS
1009:D:/Projekty/TrinityTrack6000/MainControlBoard/Infineon/XMC4200/Libraries/CMSIS/Include\core_cm4.h **** 
1010:D:/Projekty/TrinityTrack6000/MainControlBoard/Infineon/XMC4200/Libraries/CMSIS/Include\core_cm4.h **** /* DWT Comparator Function Register Definitions */
1011:D:/Projekty/TrinityTrack6000/MainControlBoard/Infineon/XMC4200/Libraries/CMSIS/Include\core_cm4.h **** #define DWT_FUNCTION_MATCHED_Pos           24U                                         /*!< DWT FUN
1012:D:/Projekty/TrinityTrack6000/MainControlBoard/Infineon/XMC4200/Libraries/CMSIS/Include\core_cm4.h **** #define DWT_FUNCTION_MATCHED_Msk           (0x1UL << DWT_FUNCTION_MATCHED_Pos)         /*!< DWT FUN
1013:D:/Projekty/TrinityTrack6000/MainControlBoard/Infineon/XMC4200/Libraries/CMSIS/Include\core_cm4.h **** 
1014:D:/Projekty/TrinityTrack6000/MainControlBoard/Infineon/XMC4200/Libraries/CMSIS/Include\core_cm4.h **** #define DWT_FUNCTION_DATAVADDR1_Pos        16U                                         /*!< DWT FUN
1015:D:/Projekty/TrinityTrack6000/MainControlBoard/Infineon/XMC4200/Libraries/CMSIS/Include\core_cm4.h **** #define DWT_FUNCTION_DATAVADDR1_Msk        (0xFUL << DWT_FUNCTION_DATAVADDR1_Pos)      /*!< DWT FUN
1016:D:/Projekty/TrinityTrack6000/MainControlBoard/Infineon/XMC4200/Libraries/CMSIS/Include\core_cm4.h **** 
1017:D:/Projekty/TrinityTrack6000/MainControlBoard/Infineon/XMC4200/Libraries/CMSIS/Include\core_cm4.h **** #define DWT_FUNCTION_DATAVADDR0_Pos        12U                                         /*!< DWT FUN
1018:D:/Projekty/TrinityTrack6000/MainControlBoard/Infineon/XMC4200/Libraries/CMSIS/Include\core_cm4.h **** #define DWT_FUNCTION_DATAVADDR0_Msk        (0xFUL << DWT_FUNCTION_DATAVADDR0_Pos)      /*!< DWT FUN
1019:D:/Projekty/TrinityTrack6000/MainControlBoard/Infineon/XMC4200/Libraries/CMSIS/Include\core_cm4.h **** 
1020:D:/Projekty/TrinityTrack6000/MainControlBoard/Infineon/XMC4200/Libraries/CMSIS/Include\core_cm4.h **** #define DWT_FUNCTION_DATAVSIZE_Pos         10U                                         /*!< DWT FUN
1021:D:/Projekty/TrinityTrack6000/MainControlBoard/Infineon/XMC4200/Libraries/CMSIS/Include\core_cm4.h **** #define DWT_FUNCTION_DATAVSIZE_Msk         (0x3UL << DWT_FUNCTION_DATAVSIZE_Pos)       /*!< DWT FUN
1022:D:/Projekty/TrinityTrack6000/MainControlBoard/Infineon/XMC4200/Libraries/CMSIS/Include\core_cm4.h **** 
1023:D:/Projekty/TrinityTrack6000/MainControlBoard/Infineon/XMC4200/Libraries/CMSIS/Include\core_cm4.h **** #define DWT_FUNCTION_LNK1ENA_Pos            9U                                         /*!< DWT FUN
1024:D:/Projekty/TrinityTrack6000/MainControlBoard/Infineon/XMC4200/Libraries/CMSIS/Include\core_cm4.h **** #define DWT_FUNCTION_LNK1ENA_Msk           (0x1UL << DWT_FUNCTION_LNK1ENA_Pos)         /*!< DWT FUN
1025:D:/Projekty/TrinityTrack6000/MainControlBoard/Infineon/XMC4200/Libraries/CMSIS/Include\core_cm4.h **** 
1026:D:/Projekty/TrinityTrack6000/MainControlBoard/Infineon/XMC4200/Libraries/CMSIS/Include\core_cm4.h **** #define DWT_FUNCTION_DATAVMATCH_Pos         8U                                         /*!< DWT FUN
1027:D:/Projekty/TrinityTrack6000/MainControlBoard/Infineon/XMC4200/Libraries/CMSIS/Include\core_cm4.h **** #define DWT_FUNCTION_DATAVMATCH_Msk        (0x1UL << DWT_FUNCTION_DATAVMATCH_Pos)      /*!< DWT FUN
1028:D:/Projekty/TrinityTrack6000/MainControlBoard/Infineon/XMC4200/Libraries/CMSIS/Include\core_cm4.h **** 
1029:D:/Projekty/TrinityTrack6000/MainControlBoard/Infineon/XMC4200/Libraries/CMSIS/Include\core_cm4.h **** #define DWT_FUNCTION_CYCMATCH_Pos           7U                                         /*!< DWT FUN
1030:D:/Projekty/TrinityTrack6000/MainControlBoard/Infineon/XMC4200/Libraries/CMSIS/Include\core_cm4.h **** #define DWT_FUNCTION_CYCMATCH_Msk          (0x1UL << DWT_FUNCTION_CYCMATCH_Pos)        /*!< DWT FUN
1031:D:/Projekty/TrinityTrack6000/MainControlBoard/Infineon/XMC4200/Libraries/CMSIS/Include\core_cm4.h **** 
1032:D:/Projekty/TrinityTrack6000/MainControlBoard/Infineon/XMC4200/Libraries/CMSIS/Include\core_cm4.h **** #define DWT_FUNCTION_EMITRANGE_Pos          5U                                         /*!< DWT FUN
1033:D:/Projekty/TrinityTrack6000/MainControlBoard/Infineon/XMC4200/Libraries/CMSIS/Include\core_cm4.h **** #define DWT_FUNCTION_EMITRANGE_Msk         (0x1UL << DWT_FUNCTION_EMITRANGE_Pos)       /*!< DWT FUN
1034:D:/Projekty/TrinityTrack6000/MainControlBoard/Infineon/XMC4200/Libraries/CMSIS/Include\core_cm4.h **** 
1035:D:/Projekty/TrinityTrack6000/MainControlBoard/Infineon/XMC4200/Libraries/CMSIS/Include\core_cm4.h **** #define DWT_FUNCTION_FUNCTION_Pos           0U                                         /*!< DWT FUN
1036:D:/Projekty/TrinityTrack6000/MainControlBoard/Infineon/XMC4200/Libraries/CMSIS/Include\core_cm4.h **** #define DWT_FUNCTION_FUNCTION_Msk          (0xFUL /*<< DWT_FUNCTION_FUNCTION_Pos*/)    /*!< DWT FUN
1037:D:/Projekty/TrinityTrack6000/MainControlBoard/Infineon/XMC4200/Libraries/CMSIS/Include\core_cm4.h **** 
1038:D:/Projekty/TrinityTrack6000/MainControlBoard/Infineon/XMC4200/Libraries/CMSIS/Include\core_cm4.h **** /*@}*/ /* end of group CMSIS_DWT */
1039:D:/Projekty/TrinityTrack6000/MainControlBoard/Infineon/XMC4200/Libraries/CMSIS/Include\core_cm4.h **** 
1040:D:/Projekty/TrinityTrack6000/MainControlBoard/Infineon/XMC4200/Libraries/CMSIS/Include\core_cm4.h **** 
1041:D:/Projekty/TrinityTrack6000/MainControlBoard/Infineon/XMC4200/Libraries/CMSIS/Include\core_cm4.h **** /**
1042:D:/Projekty/TrinityTrack6000/MainControlBoard/Infineon/XMC4200/Libraries/CMSIS/Include\core_cm4.h ****   \ingroup  CMSIS_core_register
1043:D:/Projekty/TrinityTrack6000/MainControlBoard/Infineon/XMC4200/Libraries/CMSIS/Include\core_cm4.h ****   \defgroup CMSIS_TPI     Trace Port Interface (TPI)
1044:D:/Projekty/TrinityTrack6000/MainControlBoard/Infineon/XMC4200/Libraries/CMSIS/Include\core_cm4.h ****   \brief    Type definitions for the Trace Port Interface (TPI)
1045:D:/Projekty/TrinityTrack6000/MainControlBoard/Infineon/XMC4200/Libraries/CMSIS/Include\core_cm4.h ****   @{
1046:D:/Projekty/TrinityTrack6000/MainControlBoard/Infineon/XMC4200/Libraries/CMSIS/Include\core_cm4.h ****  */
1047:D:/Projekty/TrinityTrack6000/MainControlBoard/Infineon/XMC4200/Libraries/CMSIS/Include\core_cm4.h **** 
1048:D:/Projekty/TrinityTrack6000/MainControlBoard/Infineon/XMC4200/Libraries/CMSIS/Include\core_cm4.h **** /**
1049:D:/Projekty/TrinityTrack6000/MainControlBoard/Infineon/XMC4200/Libraries/CMSIS/Include\core_cm4.h ****   \brief  Structure type to access the Trace Port Interface Register (TPI).
1050:D:/Projekty/TrinityTrack6000/MainControlBoard/Infineon/XMC4200/Libraries/CMSIS/Include\core_cm4.h ****  */
1051:D:/Projekty/TrinityTrack6000/MainControlBoard/Infineon/XMC4200/Libraries/CMSIS/Include\core_cm4.h **** typedef struct
1052:D:/Projekty/TrinityTrack6000/MainControlBoard/Infineon/XMC4200/Libraries/CMSIS/Include\core_cm4.h **** {
1053:D:/Projekty/TrinityTrack6000/MainControlBoard/Infineon/XMC4200/Libraries/CMSIS/Include\core_cm4.h ****   __IM  uint32_t SSPSR;                  /*!< Offset: 0x000 (R/ )  Supported Parallel Port Size Reg
1054:D:/Projekty/TrinityTrack6000/MainControlBoard/Infineon/XMC4200/Libraries/CMSIS/Include\core_cm4.h ****   __IOM uint32_t CSPSR;                  /*!< Offset: 0x004 (R/W)  Current Parallel Port Size Regis
1055:D:/Projekty/TrinityTrack6000/MainControlBoard/Infineon/XMC4200/Libraries/CMSIS/Include\core_cm4.h ****         uint32_t RESERVED0[2U];
1056:D:/Projekty/TrinityTrack6000/MainControlBoard/Infineon/XMC4200/Libraries/CMSIS/Include\core_cm4.h ****   __IOM uint32_t ACPR;                   /*!< Offset: 0x010 (R/W)  Asynchronous Clock Prescaler Reg
1057:D:/Projekty/TrinityTrack6000/MainControlBoard/Infineon/XMC4200/Libraries/CMSIS/Include\core_cm4.h ****         uint32_t RESERVED1[55U];
1058:D:/Projekty/TrinityTrack6000/MainControlBoard/Infineon/XMC4200/Libraries/CMSIS/Include\core_cm4.h ****   __IOM uint32_t SPPR;                   /*!< Offset: 0x0F0 (R/W)  Selected Pin Protocol Register *
1059:D:/Projekty/TrinityTrack6000/MainControlBoard/Infineon/XMC4200/Libraries/CMSIS/Include\core_cm4.h ****         uint32_t RESERVED2[131U];
1060:D:/Projekty/TrinityTrack6000/MainControlBoard/Infineon/XMC4200/Libraries/CMSIS/Include\core_cm4.h ****   __IM  uint32_t FFSR;                   /*!< Offset: 0x300 (R/ )  Formatter and Flush Status Regis
1061:D:/Projekty/TrinityTrack6000/MainControlBoard/Infineon/XMC4200/Libraries/CMSIS/Include\core_cm4.h ****   __IOM uint32_t FFCR;                   /*!< Offset: 0x304 (R/W)  Formatter and Flush Control Regi
1062:D:/Projekty/TrinityTrack6000/MainControlBoard/Infineon/XMC4200/Libraries/CMSIS/Include\core_cm4.h ****   __IM  uint32_t FSCR;                   /*!< Offset: 0x308 (R/ )  Formatter Synchronization Counte
1063:D:/Projekty/TrinityTrack6000/MainControlBoard/Infineon/XMC4200/Libraries/CMSIS/Include\core_cm4.h ****         uint32_t RESERVED3[759U];
1064:D:/Projekty/TrinityTrack6000/MainControlBoard/Infineon/XMC4200/Libraries/CMSIS/Include\core_cm4.h ****   __IM  uint32_t TRIGGER;                /*!< Offset: 0xEE8 (R/ )  TRIGGER Register */
1065:D:/Projekty/TrinityTrack6000/MainControlBoard/Infineon/XMC4200/Libraries/CMSIS/Include\core_cm4.h ****   __IM  uint32_t FIFO0;                  /*!< Offset: 0xEEC (R/ )  Integration ETM Data */
1066:D:/Projekty/TrinityTrack6000/MainControlBoard/Infineon/XMC4200/Libraries/CMSIS/Include\core_cm4.h ****   __IM  uint32_t ITATBCTR2;              /*!< Offset: 0xEF0 (R/ )  ITATBCTR2 */
1067:D:/Projekty/TrinityTrack6000/MainControlBoard/Infineon/XMC4200/Libraries/CMSIS/Include\core_cm4.h ****         uint32_t RESERVED4[1U];
1068:D:/Projekty/TrinityTrack6000/MainControlBoard/Infineon/XMC4200/Libraries/CMSIS/Include\core_cm4.h ****   __IM  uint32_t ITATBCTR0;              /*!< Offset: 0xEF8 (R/ )  ITATBCTR0 */
1069:D:/Projekty/TrinityTrack6000/MainControlBoard/Infineon/XMC4200/Libraries/CMSIS/Include\core_cm4.h ****   __IM  uint32_t FIFO1;                  /*!< Offset: 0xEFC (R/ )  Integration ITM Data */
1070:D:/Projekty/TrinityTrack6000/MainControlBoard/Infineon/XMC4200/Libraries/CMSIS/Include\core_cm4.h ****   __IOM uint32_t ITCTRL;                 /*!< Offset: 0xF00 (R/W)  Integration Mode Control */
1071:D:/Projekty/TrinityTrack6000/MainControlBoard/Infineon/XMC4200/Libraries/CMSIS/Include\core_cm4.h ****         uint32_t RESERVED5[39U];
1072:D:/Projekty/TrinityTrack6000/MainControlBoard/Infineon/XMC4200/Libraries/CMSIS/Include\core_cm4.h ****   __IOM uint32_t CLAIMSET;               /*!< Offset: 0xFA0 (R/W)  Claim tag set */
1073:D:/Projekty/TrinityTrack6000/MainControlBoard/Infineon/XMC4200/Libraries/CMSIS/Include\core_cm4.h ****   __IOM uint32_t CLAIMCLR;               /*!< Offset: 0xFA4 (R/W)  Claim tag clear */
1074:D:/Projekty/TrinityTrack6000/MainControlBoard/Infineon/XMC4200/Libraries/CMSIS/Include\core_cm4.h ****         uint32_t RESERVED7[8U];
1075:D:/Projekty/TrinityTrack6000/MainControlBoard/Infineon/XMC4200/Libraries/CMSIS/Include\core_cm4.h ****   __IM  uint32_t DEVID;                  /*!< Offset: 0xFC8 (R/ )  TPIU_DEVID */
1076:D:/Projekty/TrinityTrack6000/MainControlBoard/Infineon/XMC4200/Libraries/CMSIS/Include\core_cm4.h ****   __IM  uint32_t DEVTYPE;                /*!< Offset: 0xFCC (R/ )  TPIU_DEVTYPE */
1077:D:/Projekty/TrinityTrack6000/MainControlBoard/Infineon/XMC4200/Libraries/CMSIS/Include\core_cm4.h **** } TPI_Type;
1078:D:/Projekty/TrinityTrack6000/MainControlBoard/Infineon/XMC4200/Libraries/CMSIS/Include\core_cm4.h **** 
1079:D:/Projekty/TrinityTrack6000/MainControlBoard/Infineon/XMC4200/Libraries/CMSIS/Include\core_cm4.h **** /* TPI Asynchronous Clock Prescaler Register Definitions */
1080:D:/Projekty/TrinityTrack6000/MainControlBoard/Infineon/XMC4200/Libraries/CMSIS/Include\core_cm4.h **** #define TPI_ACPR_PRESCALER_Pos              0U                                         /*!< TPI ACP
1081:D:/Projekty/TrinityTrack6000/MainControlBoard/Infineon/XMC4200/Libraries/CMSIS/Include\core_cm4.h **** #define TPI_ACPR_PRESCALER_Msk             (0x1FFFUL /*<< TPI_ACPR_PRESCALER_Pos*/)    /*!< TPI ACP
1082:D:/Projekty/TrinityTrack6000/MainControlBoard/Infineon/XMC4200/Libraries/CMSIS/Include\core_cm4.h **** 
1083:D:/Projekty/TrinityTrack6000/MainControlBoard/Infineon/XMC4200/Libraries/CMSIS/Include\core_cm4.h **** /* TPI Selected Pin Protocol Register Definitions */
1084:D:/Projekty/TrinityTrack6000/MainControlBoard/Infineon/XMC4200/Libraries/CMSIS/Include\core_cm4.h **** #define TPI_SPPR_TXMODE_Pos                 0U                                         /*!< TPI SPP
1085:D:/Projekty/TrinityTrack6000/MainControlBoard/Infineon/XMC4200/Libraries/CMSIS/Include\core_cm4.h **** #define TPI_SPPR_TXMODE_Msk                (0x3UL /*<< TPI_SPPR_TXMODE_Pos*/)          /*!< TPI SPP
1086:D:/Projekty/TrinityTrack6000/MainControlBoard/Infineon/XMC4200/Libraries/CMSIS/Include\core_cm4.h **** 
1087:D:/Projekty/TrinityTrack6000/MainControlBoard/Infineon/XMC4200/Libraries/CMSIS/Include\core_cm4.h **** /* TPI Formatter and Flush Status Register Definitions */
1088:D:/Projekty/TrinityTrack6000/MainControlBoard/Infineon/XMC4200/Libraries/CMSIS/Include\core_cm4.h **** #define TPI_FFSR_FtNonStop_Pos              3U                                         /*!< TPI FFS
1089:D:/Projekty/TrinityTrack6000/MainControlBoard/Infineon/XMC4200/Libraries/CMSIS/Include\core_cm4.h **** #define TPI_FFSR_FtNonStop_Msk             (0x1UL << TPI_FFSR_FtNonStop_Pos)           /*!< TPI FFS
1090:D:/Projekty/TrinityTrack6000/MainControlBoard/Infineon/XMC4200/Libraries/CMSIS/Include\core_cm4.h **** 
1091:D:/Projekty/TrinityTrack6000/MainControlBoard/Infineon/XMC4200/Libraries/CMSIS/Include\core_cm4.h **** #define TPI_FFSR_TCPresent_Pos              2U                                         /*!< TPI FFS
1092:D:/Projekty/TrinityTrack6000/MainControlBoard/Infineon/XMC4200/Libraries/CMSIS/Include\core_cm4.h **** #define TPI_FFSR_TCPresent_Msk             (0x1UL << TPI_FFSR_TCPresent_Pos)           /*!< TPI FFS
1093:D:/Projekty/TrinityTrack6000/MainControlBoard/Infineon/XMC4200/Libraries/CMSIS/Include\core_cm4.h **** 
1094:D:/Projekty/TrinityTrack6000/MainControlBoard/Infineon/XMC4200/Libraries/CMSIS/Include\core_cm4.h **** #define TPI_FFSR_FtStopped_Pos              1U                                         /*!< TPI FFS
1095:D:/Projekty/TrinityTrack6000/MainControlBoard/Infineon/XMC4200/Libraries/CMSIS/Include\core_cm4.h **** #define TPI_FFSR_FtStopped_Msk             (0x1UL << TPI_FFSR_FtStopped_Pos)           /*!< TPI FFS
1096:D:/Projekty/TrinityTrack6000/MainControlBoard/Infineon/XMC4200/Libraries/CMSIS/Include\core_cm4.h **** 
1097:D:/Projekty/TrinityTrack6000/MainControlBoard/Infineon/XMC4200/Libraries/CMSIS/Include\core_cm4.h **** #define TPI_FFSR_FlInProg_Pos               0U                                         /*!< TPI FFS
1098:D:/Projekty/TrinityTrack6000/MainControlBoard/Infineon/XMC4200/Libraries/CMSIS/Include\core_cm4.h **** #define TPI_FFSR_FlInProg_Msk              (0x1UL /*<< TPI_FFSR_FlInProg_Pos*/)        /*!< TPI FFS
1099:D:/Projekty/TrinityTrack6000/MainControlBoard/Infineon/XMC4200/Libraries/CMSIS/Include\core_cm4.h **** 
1100:D:/Projekty/TrinityTrack6000/MainControlBoard/Infineon/XMC4200/Libraries/CMSIS/Include\core_cm4.h **** /* TPI Formatter and Flush Control Register Definitions */
1101:D:/Projekty/TrinityTrack6000/MainControlBoard/Infineon/XMC4200/Libraries/CMSIS/Include\core_cm4.h **** #define TPI_FFCR_TrigIn_Pos                 8U                                         /*!< TPI FFC
1102:D:/Projekty/TrinityTrack6000/MainControlBoard/Infineon/XMC4200/Libraries/CMSIS/Include\core_cm4.h **** #define TPI_FFCR_TrigIn_Msk                (0x1UL << TPI_FFCR_TrigIn_Pos)              /*!< TPI FFC
1103:D:/Projekty/TrinityTrack6000/MainControlBoard/Infineon/XMC4200/Libraries/CMSIS/Include\core_cm4.h **** 
1104:D:/Projekty/TrinityTrack6000/MainControlBoard/Infineon/XMC4200/Libraries/CMSIS/Include\core_cm4.h **** #define TPI_FFCR_EnFCont_Pos                1U                                         /*!< TPI FFC
1105:D:/Projekty/TrinityTrack6000/MainControlBoard/Infineon/XMC4200/Libraries/CMSIS/Include\core_cm4.h **** #define TPI_FFCR_EnFCont_Msk               (0x1UL << TPI_FFCR_EnFCont_Pos)             /*!< TPI FFC
1106:D:/Projekty/TrinityTrack6000/MainControlBoard/Infineon/XMC4200/Libraries/CMSIS/Include\core_cm4.h **** 
1107:D:/Projekty/TrinityTrack6000/MainControlBoard/Infineon/XMC4200/Libraries/CMSIS/Include\core_cm4.h **** /* TPI TRIGGER Register Definitions */
1108:D:/Projekty/TrinityTrack6000/MainControlBoard/Infineon/XMC4200/Libraries/CMSIS/Include\core_cm4.h **** #define TPI_TRIGGER_TRIGGER_Pos             0U                                         /*!< TPI TRI
1109:D:/Projekty/TrinityTrack6000/MainControlBoard/Infineon/XMC4200/Libraries/CMSIS/Include\core_cm4.h **** #define TPI_TRIGGER_TRIGGER_Msk            (0x1UL /*<< TPI_TRIGGER_TRIGGER_Pos*/)      /*!< TPI TRI
1110:D:/Projekty/TrinityTrack6000/MainControlBoard/Infineon/XMC4200/Libraries/CMSIS/Include\core_cm4.h **** 
1111:D:/Projekty/TrinityTrack6000/MainControlBoard/Infineon/XMC4200/Libraries/CMSIS/Include\core_cm4.h **** /* TPI Integration ETM Data Register Definitions (FIFO0) */
1112:D:/Projekty/TrinityTrack6000/MainControlBoard/Infineon/XMC4200/Libraries/CMSIS/Include\core_cm4.h **** #define TPI_FIFO0_ITM_ATVALID_Pos          29U                                         /*!< TPI FIF
1113:D:/Projekty/TrinityTrack6000/MainControlBoard/Infineon/XMC4200/Libraries/CMSIS/Include\core_cm4.h **** #define TPI_FIFO0_ITM_ATVALID_Msk          (0x1UL << TPI_FIFO0_ITM_ATVALID_Pos)        /*!< TPI FIF
1114:D:/Projekty/TrinityTrack6000/MainControlBoard/Infineon/XMC4200/Libraries/CMSIS/Include\core_cm4.h **** 
1115:D:/Projekty/TrinityTrack6000/MainControlBoard/Infineon/XMC4200/Libraries/CMSIS/Include\core_cm4.h **** #define TPI_FIFO0_ITM_bytecount_Pos        27U                                         /*!< TPI FIF
1116:D:/Projekty/TrinityTrack6000/MainControlBoard/Infineon/XMC4200/Libraries/CMSIS/Include\core_cm4.h **** #define TPI_FIFO0_ITM_bytecount_Msk        (0x3UL << TPI_FIFO0_ITM_bytecount_Pos)      /*!< TPI FIF
1117:D:/Projekty/TrinityTrack6000/MainControlBoard/Infineon/XMC4200/Libraries/CMSIS/Include\core_cm4.h **** 
1118:D:/Projekty/TrinityTrack6000/MainControlBoard/Infineon/XMC4200/Libraries/CMSIS/Include\core_cm4.h **** #define TPI_FIFO0_ETM_ATVALID_Pos          26U                                         /*!< TPI FIF
1119:D:/Projekty/TrinityTrack6000/MainControlBoard/Infineon/XMC4200/Libraries/CMSIS/Include\core_cm4.h **** #define TPI_FIFO0_ETM_ATVALID_Msk          (0x1UL << TPI_FIFO0_ETM_ATVALID_Pos)        /*!< TPI FIF
1120:D:/Projekty/TrinityTrack6000/MainControlBoard/Infineon/XMC4200/Libraries/CMSIS/Include\core_cm4.h **** 
1121:D:/Projekty/TrinityTrack6000/MainControlBoard/Infineon/XMC4200/Libraries/CMSIS/Include\core_cm4.h **** #define TPI_FIFO0_ETM_bytecount_Pos        24U                                         /*!< TPI FIF
1122:D:/Projekty/TrinityTrack6000/MainControlBoard/Infineon/XMC4200/Libraries/CMSIS/Include\core_cm4.h **** #define TPI_FIFO0_ETM_bytecount_Msk        (0x3UL << TPI_FIFO0_ETM_bytecount_Pos)      /*!< TPI FIF
1123:D:/Projekty/TrinityTrack6000/MainControlBoard/Infineon/XMC4200/Libraries/CMSIS/Include\core_cm4.h **** 
1124:D:/Projekty/TrinityTrack6000/MainControlBoard/Infineon/XMC4200/Libraries/CMSIS/Include\core_cm4.h **** #define TPI_FIFO0_ETM2_Pos                 16U                                         /*!< TPI FIF
1125:D:/Projekty/TrinityTrack6000/MainControlBoard/Infineon/XMC4200/Libraries/CMSIS/Include\core_cm4.h **** #define TPI_FIFO0_ETM2_Msk                 (0xFFUL << TPI_FIFO0_ETM2_Pos)              /*!< TPI FIF
1126:D:/Projekty/TrinityTrack6000/MainControlBoard/Infineon/XMC4200/Libraries/CMSIS/Include\core_cm4.h **** 
1127:D:/Projekty/TrinityTrack6000/MainControlBoard/Infineon/XMC4200/Libraries/CMSIS/Include\core_cm4.h **** #define TPI_FIFO0_ETM1_Pos                  8U                                         /*!< TPI FIF
1128:D:/Projekty/TrinityTrack6000/MainControlBoard/Infineon/XMC4200/Libraries/CMSIS/Include\core_cm4.h **** #define TPI_FIFO0_ETM1_Msk                 (0xFFUL << TPI_FIFO0_ETM1_Pos)              /*!< TPI FIF
1129:D:/Projekty/TrinityTrack6000/MainControlBoard/Infineon/XMC4200/Libraries/CMSIS/Include\core_cm4.h **** 
1130:D:/Projekty/TrinityTrack6000/MainControlBoard/Infineon/XMC4200/Libraries/CMSIS/Include\core_cm4.h **** #define TPI_FIFO0_ETM0_Pos                  0U                                         /*!< TPI FIF
1131:D:/Projekty/TrinityTrack6000/MainControlBoard/Infineon/XMC4200/Libraries/CMSIS/Include\core_cm4.h **** #define TPI_FIFO0_ETM0_Msk                 (0xFFUL /*<< TPI_FIFO0_ETM0_Pos*/)          /*!< TPI FIF
1132:D:/Projekty/TrinityTrack6000/MainControlBoard/Infineon/XMC4200/Libraries/CMSIS/Include\core_cm4.h **** 
1133:D:/Projekty/TrinityTrack6000/MainControlBoard/Infineon/XMC4200/Libraries/CMSIS/Include\core_cm4.h **** /* TPI ITATBCTR2 Register Definitions */
1134:D:/Projekty/TrinityTrack6000/MainControlBoard/Infineon/XMC4200/Libraries/CMSIS/Include\core_cm4.h **** #define TPI_ITATBCTR2_ATREADY2_Pos          0U                                         /*!< TPI ITA
1135:D:/Projekty/TrinityTrack6000/MainControlBoard/Infineon/XMC4200/Libraries/CMSIS/Include\core_cm4.h **** #define TPI_ITATBCTR2_ATREADY2_Msk         (0x1UL /*<< TPI_ITATBCTR2_ATREADY2_Pos*/)   /*!< TPI ITA
1136:D:/Projekty/TrinityTrack6000/MainControlBoard/Infineon/XMC4200/Libraries/CMSIS/Include\core_cm4.h **** 
1137:D:/Projekty/TrinityTrack6000/MainControlBoard/Infineon/XMC4200/Libraries/CMSIS/Include\core_cm4.h **** #define TPI_ITATBCTR2_ATREADY1_Pos          0U                                         /*!< TPI ITA
1138:D:/Projekty/TrinityTrack6000/MainControlBoard/Infineon/XMC4200/Libraries/CMSIS/Include\core_cm4.h **** #define TPI_ITATBCTR2_ATREADY1_Msk         (0x1UL /*<< TPI_ITATBCTR2_ATREADY1_Pos*/)   /*!< TPI ITA
1139:D:/Projekty/TrinityTrack6000/MainControlBoard/Infineon/XMC4200/Libraries/CMSIS/Include\core_cm4.h **** 
1140:D:/Projekty/TrinityTrack6000/MainControlBoard/Infineon/XMC4200/Libraries/CMSIS/Include\core_cm4.h **** /* TPI Integration ITM Data Register Definitions (FIFO1) */
1141:D:/Projekty/TrinityTrack6000/MainControlBoard/Infineon/XMC4200/Libraries/CMSIS/Include\core_cm4.h **** #define TPI_FIFO1_ITM_ATVALID_Pos          29U                                         /*!< TPI FIF
1142:D:/Projekty/TrinityTrack6000/MainControlBoard/Infineon/XMC4200/Libraries/CMSIS/Include\core_cm4.h **** #define TPI_FIFO1_ITM_ATVALID_Msk          (0x1UL << TPI_FIFO1_ITM_ATVALID_Pos)        /*!< TPI FIF
1143:D:/Projekty/TrinityTrack6000/MainControlBoard/Infineon/XMC4200/Libraries/CMSIS/Include\core_cm4.h **** 
1144:D:/Projekty/TrinityTrack6000/MainControlBoard/Infineon/XMC4200/Libraries/CMSIS/Include\core_cm4.h **** #define TPI_FIFO1_ITM_bytecount_Pos        27U                                         /*!< TPI FIF
1145:D:/Projekty/TrinityTrack6000/MainControlBoard/Infineon/XMC4200/Libraries/CMSIS/Include\core_cm4.h **** #define TPI_FIFO1_ITM_bytecount_Msk        (0x3UL << TPI_FIFO1_ITM_bytecount_Pos)      /*!< TPI FIF
1146:D:/Projekty/TrinityTrack6000/MainControlBoard/Infineon/XMC4200/Libraries/CMSIS/Include\core_cm4.h **** 
1147:D:/Projekty/TrinityTrack6000/MainControlBoard/Infineon/XMC4200/Libraries/CMSIS/Include\core_cm4.h **** #define TPI_FIFO1_ETM_ATVALID_Pos          26U                                         /*!< TPI FIF
1148:D:/Projekty/TrinityTrack6000/MainControlBoard/Infineon/XMC4200/Libraries/CMSIS/Include\core_cm4.h **** #define TPI_FIFO1_ETM_ATVALID_Msk          (0x1UL << TPI_FIFO1_ETM_ATVALID_Pos)        /*!< TPI FIF
1149:D:/Projekty/TrinityTrack6000/MainControlBoard/Infineon/XMC4200/Libraries/CMSIS/Include\core_cm4.h **** 
1150:D:/Projekty/TrinityTrack6000/MainControlBoard/Infineon/XMC4200/Libraries/CMSIS/Include\core_cm4.h **** #define TPI_FIFO1_ETM_bytecount_Pos        24U                                         /*!< TPI FIF
1151:D:/Projekty/TrinityTrack6000/MainControlBoard/Infineon/XMC4200/Libraries/CMSIS/Include\core_cm4.h **** #define TPI_FIFO1_ETM_bytecount_Msk        (0x3UL << TPI_FIFO1_ETM_bytecount_Pos)      /*!< TPI FIF
1152:D:/Projekty/TrinityTrack6000/MainControlBoard/Infineon/XMC4200/Libraries/CMSIS/Include\core_cm4.h **** 
1153:D:/Projekty/TrinityTrack6000/MainControlBoard/Infineon/XMC4200/Libraries/CMSIS/Include\core_cm4.h **** #define TPI_FIFO1_ITM2_Pos                 16U                                         /*!< TPI FIF
1154:D:/Projekty/TrinityTrack6000/MainControlBoard/Infineon/XMC4200/Libraries/CMSIS/Include\core_cm4.h **** #define TPI_FIFO1_ITM2_Msk                 (0xFFUL << TPI_FIFO1_ITM2_Pos)              /*!< TPI FIF
1155:D:/Projekty/TrinityTrack6000/MainControlBoard/Infineon/XMC4200/Libraries/CMSIS/Include\core_cm4.h **** 
1156:D:/Projekty/TrinityTrack6000/MainControlBoard/Infineon/XMC4200/Libraries/CMSIS/Include\core_cm4.h **** #define TPI_FIFO1_ITM1_Pos                  8U                                         /*!< TPI FIF
1157:D:/Projekty/TrinityTrack6000/MainControlBoard/Infineon/XMC4200/Libraries/CMSIS/Include\core_cm4.h **** #define TPI_FIFO1_ITM1_Msk                 (0xFFUL << TPI_FIFO1_ITM1_Pos)              /*!< TPI FIF
1158:D:/Projekty/TrinityTrack6000/MainControlBoard/Infineon/XMC4200/Libraries/CMSIS/Include\core_cm4.h **** 
1159:D:/Projekty/TrinityTrack6000/MainControlBoard/Infineon/XMC4200/Libraries/CMSIS/Include\core_cm4.h **** #define TPI_FIFO1_ITM0_Pos                  0U                                         /*!< TPI FIF
1160:D:/Projekty/TrinityTrack6000/MainControlBoard/Infineon/XMC4200/Libraries/CMSIS/Include\core_cm4.h **** #define TPI_FIFO1_ITM0_Msk                 (0xFFUL /*<< TPI_FIFO1_ITM0_Pos*/)          /*!< TPI FIF
1161:D:/Projekty/TrinityTrack6000/MainControlBoard/Infineon/XMC4200/Libraries/CMSIS/Include\core_cm4.h **** 
1162:D:/Projekty/TrinityTrack6000/MainControlBoard/Infineon/XMC4200/Libraries/CMSIS/Include\core_cm4.h **** /* TPI ITATBCTR0 Register Definitions */
1163:D:/Projekty/TrinityTrack6000/MainControlBoard/Infineon/XMC4200/Libraries/CMSIS/Include\core_cm4.h **** #define TPI_ITATBCTR0_ATREADY2_Pos          0U                                         /*!< TPI ITA
1164:D:/Projekty/TrinityTrack6000/MainControlBoard/Infineon/XMC4200/Libraries/CMSIS/Include\core_cm4.h **** #define TPI_ITATBCTR0_ATREADY2_Msk         (0x1UL /*<< TPI_ITATBCTR0_ATREADY2_Pos*/)   /*!< TPI ITA
1165:D:/Projekty/TrinityTrack6000/MainControlBoard/Infineon/XMC4200/Libraries/CMSIS/Include\core_cm4.h **** 
1166:D:/Projekty/TrinityTrack6000/MainControlBoard/Infineon/XMC4200/Libraries/CMSIS/Include\core_cm4.h **** #define TPI_ITATBCTR0_ATREADY1_Pos          0U                                         /*!< TPI ITA
1167:D:/Projekty/TrinityTrack6000/MainControlBoard/Infineon/XMC4200/Libraries/CMSIS/Include\core_cm4.h **** #define TPI_ITATBCTR0_ATREADY1_Msk         (0x1UL /*<< TPI_ITATBCTR0_ATREADY1_Pos*/)   /*!< TPI ITA
1168:D:/Projekty/TrinityTrack6000/MainControlBoard/Infineon/XMC4200/Libraries/CMSIS/Include\core_cm4.h **** 
1169:D:/Projekty/TrinityTrack6000/MainControlBoard/Infineon/XMC4200/Libraries/CMSIS/Include\core_cm4.h **** /* TPI Integration Mode Control Register Definitions */
1170:D:/Projekty/TrinityTrack6000/MainControlBoard/Infineon/XMC4200/Libraries/CMSIS/Include\core_cm4.h **** #define TPI_ITCTRL_Mode_Pos                 0U                                         /*!< TPI ITC
1171:D:/Projekty/TrinityTrack6000/MainControlBoard/Infineon/XMC4200/Libraries/CMSIS/Include\core_cm4.h **** #define TPI_ITCTRL_Mode_Msk                (0x3UL /*<< TPI_ITCTRL_Mode_Pos*/)          /*!< TPI ITC
1172:D:/Projekty/TrinityTrack6000/MainControlBoard/Infineon/XMC4200/Libraries/CMSIS/Include\core_cm4.h **** 
1173:D:/Projekty/TrinityTrack6000/MainControlBoard/Infineon/XMC4200/Libraries/CMSIS/Include\core_cm4.h **** /* TPI DEVID Register Definitions */
1174:D:/Projekty/TrinityTrack6000/MainControlBoard/Infineon/XMC4200/Libraries/CMSIS/Include\core_cm4.h **** #define TPI_DEVID_NRZVALID_Pos             11U                                         /*!< TPI DEV
1175:D:/Projekty/TrinityTrack6000/MainControlBoard/Infineon/XMC4200/Libraries/CMSIS/Include\core_cm4.h **** #define TPI_DEVID_NRZVALID_Msk             (0x1UL << TPI_DEVID_NRZVALID_Pos)           /*!< TPI DEV
1176:D:/Projekty/TrinityTrack6000/MainControlBoard/Infineon/XMC4200/Libraries/CMSIS/Include\core_cm4.h **** 
1177:D:/Projekty/TrinityTrack6000/MainControlBoard/Infineon/XMC4200/Libraries/CMSIS/Include\core_cm4.h **** #define TPI_DEVID_MANCVALID_Pos            10U                                         /*!< TPI DEV
1178:D:/Projekty/TrinityTrack6000/MainControlBoard/Infineon/XMC4200/Libraries/CMSIS/Include\core_cm4.h **** #define TPI_DEVID_MANCVALID_Msk            (0x1UL << TPI_DEVID_MANCVALID_Pos)          /*!< TPI DEV
1179:D:/Projekty/TrinityTrack6000/MainControlBoard/Infineon/XMC4200/Libraries/CMSIS/Include\core_cm4.h **** 
1180:D:/Projekty/TrinityTrack6000/MainControlBoard/Infineon/XMC4200/Libraries/CMSIS/Include\core_cm4.h **** #define TPI_DEVID_PTINVALID_Pos             9U                                         /*!< TPI DEV
1181:D:/Projekty/TrinityTrack6000/MainControlBoard/Infineon/XMC4200/Libraries/CMSIS/Include\core_cm4.h **** #define TPI_DEVID_PTINVALID_Msk            (0x1UL << TPI_DEVID_PTINVALID_Pos)          /*!< TPI DEV
1182:D:/Projekty/TrinityTrack6000/MainControlBoard/Infineon/XMC4200/Libraries/CMSIS/Include\core_cm4.h **** 
1183:D:/Projekty/TrinityTrack6000/MainControlBoard/Infineon/XMC4200/Libraries/CMSIS/Include\core_cm4.h **** #define TPI_DEVID_MinBufSz_Pos              6U                                         /*!< TPI DEV
1184:D:/Projekty/TrinityTrack6000/MainControlBoard/Infineon/XMC4200/Libraries/CMSIS/Include\core_cm4.h **** #define TPI_DEVID_MinBufSz_Msk             (0x7UL << TPI_DEVID_MinBufSz_Pos)           /*!< TPI DEV
1185:D:/Projekty/TrinityTrack6000/MainControlBoard/Infineon/XMC4200/Libraries/CMSIS/Include\core_cm4.h **** 
1186:D:/Projekty/TrinityTrack6000/MainControlBoard/Infineon/XMC4200/Libraries/CMSIS/Include\core_cm4.h **** #define TPI_DEVID_AsynClkIn_Pos             5U                                         /*!< TPI DEV
1187:D:/Projekty/TrinityTrack6000/MainControlBoard/Infineon/XMC4200/Libraries/CMSIS/Include\core_cm4.h **** #define TPI_DEVID_AsynClkIn_Msk            (0x1UL << TPI_DEVID_AsynClkIn_Pos)          /*!< TPI DEV
1188:D:/Projekty/TrinityTrack6000/MainControlBoard/Infineon/XMC4200/Libraries/CMSIS/Include\core_cm4.h **** 
1189:D:/Projekty/TrinityTrack6000/MainControlBoard/Infineon/XMC4200/Libraries/CMSIS/Include\core_cm4.h **** #define TPI_DEVID_NrTraceInput_Pos          0U                                         /*!< TPI DEV
1190:D:/Projekty/TrinityTrack6000/MainControlBoard/Infineon/XMC4200/Libraries/CMSIS/Include\core_cm4.h **** #define TPI_DEVID_NrTraceInput_Msk         (0x1FUL /*<< TPI_DEVID_NrTraceInput_Pos*/)  /*!< TPI DEV
1191:D:/Projekty/TrinityTrack6000/MainControlBoard/Infineon/XMC4200/Libraries/CMSIS/Include\core_cm4.h **** 
1192:D:/Projekty/TrinityTrack6000/MainControlBoard/Infineon/XMC4200/Libraries/CMSIS/Include\core_cm4.h **** /* TPI DEVTYPE Register Definitions */
1193:D:/Projekty/TrinityTrack6000/MainControlBoard/Infineon/XMC4200/Libraries/CMSIS/Include\core_cm4.h **** #define TPI_DEVTYPE_SubType_Pos             4U                                         /*!< TPI DEV
1194:D:/Projekty/TrinityTrack6000/MainControlBoard/Infineon/XMC4200/Libraries/CMSIS/Include\core_cm4.h **** #define TPI_DEVTYPE_SubType_Msk            (0xFUL /*<< TPI_DEVTYPE_SubType_Pos*/)      /*!< TPI DEV
1195:D:/Projekty/TrinityTrack6000/MainControlBoard/Infineon/XMC4200/Libraries/CMSIS/Include\core_cm4.h **** 
1196:D:/Projekty/TrinityTrack6000/MainControlBoard/Infineon/XMC4200/Libraries/CMSIS/Include\core_cm4.h **** #define TPI_DEVTYPE_MajorType_Pos           0U                                         /*!< TPI DEV
1197:D:/Projekty/TrinityTrack6000/MainControlBoard/Infineon/XMC4200/Libraries/CMSIS/Include\core_cm4.h **** #define TPI_DEVTYPE_MajorType_Msk          (0xFUL << TPI_DEVTYPE_MajorType_Pos)        /*!< TPI DEV
1198:D:/Projekty/TrinityTrack6000/MainControlBoard/Infineon/XMC4200/Libraries/CMSIS/Include\core_cm4.h **** 
1199:D:/Projekty/TrinityTrack6000/MainControlBoard/Infineon/XMC4200/Libraries/CMSIS/Include\core_cm4.h **** /*@}*/ /* end of group CMSIS_TPI */
1200:D:/Projekty/TrinityTrack6000/MainControlBoard/Infineon/XMC4200/Libraries/CMSIS/Include\core_cm4.h **** 
1201:D:/Projekty/TrinityTrack6000/MainControlBoard/Infineon/XMC4200/Libraries/CMSIS/Include\core_cm4.h **** 
1202:D:/Projekty/TrinityTrack6000/MainControlBoard/Infineon/XMC4200/Libraries/CMSIS/Include\core_cm4.h **** #if defined (__MPU_PRESENT) && (__MPU_PRESENT == 1U)
1203:D:/Projekty/TrinityTrack6000/MainControlBoard/Infineon/XMC4200/Libraries/CMSIS/Include\core_cm4.h **** /**
1204:D:/Projekty/TrinityTrack6000/MainControlBoard/Infineon/XMC4200/Libraries/CMSIS/Include\core_cm4.h ****   \ingroup  CMSIS_core_register
1205:D:/Projekty/TrinityTrack6000/MainControlBoard/Infineon/XMC4200/Libraries/CMSIS/Include\core_cm4.h ****   \defgroup CMSIS_MPU     Memory Protection Unit (MPU)
1206:D:/Projekty/TrinityTrack6000/MainControlBoard/Infineon/XMC4200/Libraries/CMSIS/Include\core_cm4.h ****   \brief    Type definitions for the Memory Protection Unit (MPU)
1207:D:/Projekty/TrinityTrack6000/MainControlBoard/Infineon/XMC4200/Libraries/CMSIS/Include\core_cm4.h ****   @{
1208:D:/Projekty/TrinityTrack6000/MainControlBoard/Infineon/XMC4200/Libraries/CMSIS/Include\core_cm4.h ****  */
1209:D:/Projekty/TrinityTrack6000/MainControlBoard/Infineon/XMC4200/Libraries/CMSIS/Include\core_cm4.h **** 
1210:D:/Projekty/TrinityTrack6000/MainControlBoard/Infineon/XMC4200/Libraries/CMSIS/Include\core_cm4.h **** /**
1211:D:/Projekty/TrinityTrack6000/MainControlBoard/Infineon/XMC4200/Libraries/CMSIS/Include\core_cm4.h ****   \brief  Structure type to access the Memory Protection Unit (MPU).
1212:D:/Projekty/TrinityTrack6000/MainControlBoard/Infineon/XMC4200/Libraries/CMSIS/Include\core_cm4.h ****  */
1213:D:/Projekty/TrinityTrack6000/MainControlBoard/Infineon/XMC4200/Libraries/CMSIS/Include\core_cm4.h **** typedef struct
1214:D:/Projekty/TrinityTrack6000/MainControlBoard/Infineon/XMC4200/Libraries/CMSIS/Include\core_cm4.h **** {
1215:D:/Projekty/TrinityTrack6000/MainControlBoard/Infineon/XMC4200/Libraries/CMSIS/Include\core_cm4.h ****   __IM  uint32_t TYPE;                   /*!< Offset: 0x000 (R/ )  MPU Type Register */
1216:D:/Projekty/TrinityTrack6000/MainControlBoard/Infineon/XMC4200/Libraries/CMSIS/Include\core_cm4.h ****   __IOM uint32_t CTRL;                   /*!< Offset: 0x004 (R/W)  MPU Control Register */
1217:D:/Projekty/TrinityTrack6000/MainControlBoard/Infineon/XMC4200/Libraries/CMSIS/Include\core_cm4.h ****   __IOM uint32_t RNR;                    /*!< Offset: 0x008 (R/W)  MPU Region RNRber Register */
1218:D:/Projekty/TrinityTrack6000/MainControlBoard/Infineon/XMC4200/Libraries/CMSIS/Include\core_cm4.h ****   __IOM uint32_t RBAR;                   /*!< Offset: 0x00C (R/W)  MPU Region Base Address Register
1219:D:/Projekty/TrinityTrack6000/MainControlBoard/Infineon/XMC4200/Libraries/CMSIS/Include\core_cm4.h ****   __IOM uint32_t RASR;                   /*!< Offset: 0x010 (R/W)  MPU Region Attribute and Size Re
1220:D:/Projekty/TrinityTrack6000/MainControlBoard/Infineon/XMC4200/Libraries/CMSIS/Include\core_cm4.h ****   __IOM uint32_t RBAR_A1;                /*!< Offset: 0x014 (R/W)  MPU Alias 1 Region Base Address 
1221:D:/Projekty/TrinityTrack6000/MainControlBoard/Infineon/XMC4200/Libraries/CMSIS/Include\core_cm4.h ****   __IOM uint32_t RASR_A1;                /*!< Offset: 0x018 (R/W)  MPU Alias 1 Region Attribute and
1222:D:/Projekty/TrinityTrack6000/MainControlBoard/Infineon/XMC4200/Libraries/CMSIS/Include\core_cm4.h ****   __IOM uint32_t RBAR_A2;                /*!< Offset: 0x01C (R/W)  MPU Alias 2 Region Base Address 
1223:D:/Projekty/TrinityTrack6000/MainControlBoard/Infineon/XMC4200/Libraries/CMSIS/Include\core_cm4.h ****   __IOM uint32_t RASR_A2;                /*!< Offset: 0x020 (R/W)  MPU Alias 2 Region Attribute and
1224:D:/Projekty/TrinityTrack6000/MainControlBoard/Infineon/XMC4200/Libraries/CMSIS/Include\core_cm4.h ****   __IOM uint32_t RBAR_A3;                /*!< Offset: 0x024 (R/W)  MPU Alias 3 Region Base Address 
1225:D:/Projekty/TrinityTrack6000/MainControlBoard/Infineon/XMC4200/Libraries/CMSIS/Include\core_cm4.h ****   __IOM uint32_t RASR_A3;                /*!< Offset: 0x028 (R/W)  MPU Alias 3 Region Attribute and
1226:D:/Projekty/TrinityTrack6000/MainControlBoard/Infineon/XMC4200/Libraries/CMSIS/Include\core_cm4.h **** } MPU_Type;
1227:D:/Projekty/TrinityTrack6000/MainControlBoard/Infineon/XMC4200/Libraries/CMSIS/Include\core_cm4.h **** 
1228:D:/Projekty/TrinityTrack6000/MainControlBoard/Infineon/XMC4200/Libraries/CMSIS/Include\core_cm4.h **** #define MPU_TYPE_RALIASES                  4U
1229:D:/Projekty/TrinityTrack6000/MainControlBoard/Infineon/XMC4200/Libraries/CMSIS/Include\core_cm4.h **** 
1230:D:/Projekty/TrinityTrack6000/MainControlBoard/Infineon/XMC4200/Libraries/CMSIS/Include\core_cm4.h **** /* MPU Type Register Definitions */
1231:D:/Projekty/TrinityTrack6000/MainControlBoard/Infineon/XMC4200/Libraries/CMSIS/Include\core_cm4.h **** #define MPU_TYPE_IREGION_Pos               16U                                            /*!< MPU 
1232:D:/Projekty/TrinityTrack6000/MainControlBoard/Infineon/XMC4200/Libraries/CMSIS/Include\core_cm4.h **** #define MPU_TYPE_IREGION_Msk               (0xFFUL << MPU_TYPE_IREGION_Pos)               /*!< MPU 
1233:D:/Projekty/TrinityTrack6000/MainControlBoard/Infineon/XMC4200/Libraries/CMSIS/Include\core_cm4.h **** 
1234:D:/Projekty/TrinityTrack6000/MainControlBoard/Infineon/XMC4200/Libraries/CMSIS/Include\core_cm4.h **** #define MPU_TYPE_DREGION_Pos                8U                                            /*!< MPU 
1235:D:/Projekty/TrinityTrack6000/MainControlBoard/Infineon/XMC4200/Libraries/CMSIS/Include\core_cm4.h **** #define MPU_TYPE_DREGION_Msk               (0xFFUL << MPU_TYPE_DREGION_Pos)               /*!< MPU 
1236:D:/Projekty/TrinityTrack6000/MainControlBoard/Infineon/XMC4200/Libraries/CMSIS/Include\core_cm4.h **** 
1237:D:/Projekty/TrinityTrack6000/MainControlBoard/Infineon/XMC4200/Libraries/CMSIS/Include\core_cm4.h **** #define MPU_TYPE_SEPARATE_Pos               0U                                            /*!< MPU 
1238:D:/Projekty/TrinityTrack6000/MainControlBoard/Infineon/XMC4200/Libraries/CMSIS/Include\core_cm4.h **** #define MPU_TYPE_SEPARATE_Msk              (1UL /*<< MPU_TYPE_SEPARATE_Pos*/)             /*!< MPU 
1239:D:/Projekty/TrinityTrack6000/MainControlBoard/Infineon/XMC4200/Libraries/CMSIS/Include\core_cm4.h **** 
1240:D:/Projekty/TrinityTrack6000/MainControlBoard/Infineon/XMC4200/Libraries/CMSIS/Include\core_cm4.h **** /* MPU Control Register Definitions */
1241:D:/Projekty/TrinityTrack6000/MainControlBoard/Infineon/XMC4200/Libraries/CMSIS/Include\core_cm4.h **** #define MPU_CTRL_PRIVDEFENA_Pos             2U                                            /*!< MPU 
1242:D:/Projekty/TrinityTrack6000/MainControlBoard/Infineon/XMC4200/Libraries/CMSIS/Include\core_cm4.h **** #define MPU_CTRL_PRIVDEFENA_Msk            (1UL << MPU_CTRL_PRIVDEFENA_Pos)               /*!< MPU 
1243:D:/Projekty/TrinityTrack6000/MainControlBoard/Infineon/XMC4200/Libraries/CMSIS/Include\core_cm4.h **** 
1244:D:/Projekty/TrinityTrack6000/MainControlBoard/Infineon/XMC4200/Libraries/CMSIS/Include\core_cm4.h **** #define MPU_CTRL_HFNMIENA_Pos               1U                                            /*!< MPU 
1245:D:/Projekty/TrinityTrack6000/MainControlBoard/Infineon/XMC4200/Libraries/CMSIS/Include\core_cm4.h **** #define MPU_CTRL_HFNMIENA_Msk              (1UL << MPU_CTRL_HFNMIENA_Pos)                 /*!< MPU 
1246:D:/Projekty/TrinityTrack6000/MainControlBoard/Infineon/XMC4200/Libraries/CMSIS/Include\core_cm4.h **** 
1247:D:/Projekty/TrinityTrack6000/MainControlBoard/Infineon/XMC4200/Libraries/CMSIS/Include\core_cm4.h **** #define MPU_CTRL_ENABLE_Pos                 0U                                            /*!< MPU 
1248:D:/Projekty/TrinityTrack6000/MainControlBoard/Infineon/XMC4200/Libraries/CMSIS/Include\core_cm4.h **** #define MPU_CTRL_ENABLE_Msk                (1UL /*<< MPU_CTRL_ENABLE_Pos*/)               /*!< MPU 
1249:D:/Projekty/TrinityTrack6000/MainControlBoard/Infineon/XMC4200/Libraries/CMSIS/Include\core_cm4.h **** 
1250:D:/Projekty/TrinityTrack6000/MainControlBoard/Infineon/XMC4200/Libraries/CMSIS/Include\core_cm4.h **** /* MPU Region Number Register Definitions */
1251:D:/Projekty/TrinityTrack6000/MainControlBoard/Infineon/XMC4200/Libraries/CMSIS/Include\core_cm4.h **** #define MPU_RNR_REGION_Pos                  0U                                            /*!< MPU 
1252:D:/Projekty/TrinityTrack6000/MainControlBoard/Infineon/XMC4200/Libraries/CMSIS/Include\core_cm4.h **** #define MPU_RNR_REGION_Msk                 (0xFFUL /*<< MPU_RNR_REGION_Pos*/)             /*!< MPU 
1253:D:/Projekty/TrinityTrack6000/MainControlBoard/Infineon/XMC4200/Libraries/CMSIS/Include\core_cm4.h **** 
1254:D:/Projekty/TrinityTrack6000/MainControlBoard/Infineon/XMC4200/Libraries/CMSIS/Include\core_cm4.h **** /* MPU Region Base Address Register Definitions */
1255:D:/Projekty/TrinityTrack6000/MainControlBoard/Infineon/XMC4200/Libraries/CMSIS/Include\core_cm4.h **** #define MPU_RBAR_ADDR_Pos                   5U                                            /*!< MPU 
1256:D:/Projekty/TrinityTrack6000/MainControlBoard/Infineon/XMC4200/Libraries/CMSIS/Include\core_cm4.h **** #define MPU_RBAR_ADDR_Msk                  (0x7FFFFFFUL << MPU_RBAR_ADDR_Pos)             /*!< MPU 
1257:D:/Projekty/TrinityTrack6000/MainControlBoard/Infineon/XMC4200/Libraries/CMSIS/Include\core_cm4.h **** 
1258:D:/Projekty/TrinityTrack6000/MainControlBoard/Infineon/XMC4200/Libraries/CMSIS/Include\core_cm4.h **** #define MPU_RBAR_VALID_Pos                  4U                                            /*!< MPU 
1259:D:/Projekty/TrinityTrack6000/MainControlBoard/Infineon/XMC4200/Libraries/CMSIS/Include\core_cm4.h **** #define MPU_RBAR_VALID_Msk                 (1UL << MPU_RBAR_VALID_Pos)                    /*!< MPU 
1260:D:/Projekty/TrinityTrack6000/MainControlBoard/Infineon/XMC4200/Libraries/CMSIS/Include\core_cm4.h **** 
1261:D:/Projekty/TrinityTrack6000/MainControlBoard/Infineon/XMC4200/Libraries/CMSIS/Include\core_cm4.h **** #define MPU_RBAR_REGION_Pos                 0U                                            /*!< MPU 
1262:D:/Projekty/TrinityTrack6000/MainControlBoard/Infineon/XMC4200/Libraries/CMSIS/Include\core_cm4.h **** #define MPU_RBAR_REGION_Msk                (0xFUL /*<< MPU_RBAR_REGION_Pos*/)             /*!< MPU 
1263:D:/Projekty/TrinityTrack6000/MainControlBoard/Infineon/XMC4200/Libraries/CMSIS/Include\core_cm4.h **** 
1264:D:/Projekty/TrinityTrack6000/MainControlBoard/Infineon/XMC4200/Libraries/CMSIS/Include\core_cm4.h **** /* MPU Region Attribute and Size Register Definitions */
1265:D:/Projekty/TrinityTrack6000/MainControlBoard/Infineon/XMC4200/Libraries/CMSIS/Include\core_cm4.h **** #define MPU_RASR_ATTRS_Pos                 16U                                            /*!< MPU 
1266:D:/Projekty/TrinityTrack6000/MainControlBoard/Infineon/XMC4200/Libraries/CMSIS/Include\core_cm4.h **** #define MPU_RASR_ATTRS_Msk                 (0xFFFFUL << MPU_RASR_ATTRS_Pos)               /*!< MPU 
1267:D:/Projekty/TrinityTrack6000/MainControlBoard/Infineon/XMC4200/Libraries/CMSIS/Include\core_cm4.h **** 
1268:D:/Projekty/TrinityTrack6000/MainControlBoard/Infineon/XMC4200/Libraries/CMSIS/Include\core_cm4.h **** #define MPU_RASR_XN_Pos                    28U                                            /*!< MPU 
1269:D:/Projekty/TrinityTrack6000/MainControlBoard/Infineon/XMC4200/Libraries/CMSIS/Include\core_cm4.h **** #define MPU_RASR_XN_Msk                    (1UL << MPU_RASR_XN_Pos)                       /*!< MPU 
1270:D:/Projekty/TrinityTrack6000/MainControlBoard/Infineon/XMC4200/Libraries/CMSIS/Include\core_cm4.h **** 
1271:D:/Projekty/TrinityTrack6000/MainControlBoard/Infineon/XMC4200/Libraries/CMSIS/Include\core_cm4.h **** #define MPU_RASR_AP_Pos                    24U                                            /*!< MPU 
1272:D:/Projekty/TrinityTrack6000/MainControlBoard/Infineon/XMC4200/Libraries/CMSIS/Include\core_cm4.h **** #define MPU_RASR_AP_Msk                    (0x7UL << MPU_RASR_AP_Pos)                     /*!< MPU 
1273:D:/Projekty/TrinityTrack6000/MainControlBoard/Infineon/XMC4200/Libraries/CMSIS/Include\core_cm4.h **** 
1274:D:/Projekty/TrinityTrack6000/MainControlBoard/Infineon/XMC4200/Libraries/CMSIS/Include\core_cm4.h **** #define MPU_RASR_TEX_Pos                   19U                                            /*!< MPU 
1275:D:/Projekty/TrinityTrack6000/MainControlBoard/Infineon/XMC4200/Libraries/CMSIS/Include\core_cm4.h **** #define MPU_RASR_TEX_Msk                   (0x7UL << MPU_RASR_TEX_Pos)                    /*!< MPU 
1276:D:/Projekty/TrinityTrack6000/MainControlBoard/Infineon/XMC4200/Libraries/CMSIS/Include\core_cm4.h **** 
1277:D:/Projekty/TrinityTrack6000/MainControlBoard/Infineon/XMC4200/Libraries/CMSIS/Include\core_cm4.h **** #define MPU_RASR_S_Pos                     18U                                            /*!< MPU 
1278:D:/Projekty/TrinityTrack6000/MainControlBoard/Infineon/XMC4200/Libraries/CMSIS/Include\core_cm4.h **** #define MPU_RASR_S_Msk                     (1UL << MPU_RASR_S_Pos)                        /*!< MPU 
1279:D:/Projekty/TrinityTrack6000/MainControlBoard/Infineon/XMC4200/Libraries/CMSIS/Include\core_cm4.h **** 
1280:D:/Projekty/TrinityTrack6000/MainControlBoard/Infineon/XMC4200/Libraries/CMSIS/Include\core_cm4.h **** #define MPU_RASR_C_Pos                     17U                                            /*!< MPU 
1281:D:/Projekty/TrinityTrack6000/MainControlBoard/Infineon/XMC4200/Libraries/CMSIS/Include\core_cm4.h **** #define MPU_RASR_C_Msk                     (1UL << MPU_RASR_C_Pos)                        /*!< MPU 
1282:D:/Projekty/TrinityTrack6000/MainControlBoard/Infineon/XMC4200/Libraries/CMSIS/Include\core_cm4.h **** 
1283:D:/Projekty/TrinityTrack6000/MainControlBoard/Infineon/XMC4200/Libraries/CMSIS/Include\core_cm4.h **** #define MPU_RASR_B_Pos                     16U                                            /*!< MPU 
1284:D:/Projekty/TrinityTrack6000/MainControlBoard/Infineon/XMC4200/Libraries/CMSIS/Include\core_cm4.h **** #define MPU_RASR_B_Msk                     (1UL << MPU_RASR_B_Pos)                        /*!< MPU 
1285:D:/Projekty/TrinityTrack6000/MainControlBoard/Infineon/XMC4200/Libraries/CMSIS/Include\core_cm4.h **** 
1286:D:/Projekty/TrinityTrack6000/MainControlBoard/Infineon/XMC4200/Libraries/CMSIS/Include\core_cm4.h **** #define MPU_RASR_SRD_Pos                    8U                                            /*!< MPU 
1287:D:/Projekty/TrinityTrack6000/MainControlBoard/Infineon/XMC4200/Libraries/CMSIS/Include\core_cm4.h **** #define MPU_RASR_SRD_Msk                   (0xFFUL << MPU_RASR_SRD_Pos)                   /*!< MPU 
1288:D:/Projekty/TrinityTrack6000/MainControlBoard/Infineon/XMC4200/Libraries/CMSIS/Include\core_cm4.h **** 
1289:D:/Projekty/TrinityTrack6000/MainControlBoard/Infineon/XMC4200/Libraries/CMSIS/Include\core_cm4.h **** #define MPU_RASR_SIZE_Pos                   1U                                            /*!< MPU 
1290:D:/Projekty/TrinityTrack6000/MainControlBoard/Infineon/XMC4200/Libraries/CMSIS/Include\core_cm4.h **** #define MPU_RASR_SIZE_Msk                  (0x1FUL << MPU_RASR_SIZE_Pos)                  /*!< MPU 
1291:D:/Projekty/TrinityTrack6000/MainControlBoard/Infineon/XMC4200/Libraries/CMSIS/Include\core_cm4.h **** 
1292:D:/Projekty/TrinityTrack6000/MainControlBoard/Infineon/XMC4200/Libraries/CMSIS/Include\core_cm4.h **** #define MPU_RASR_ENABLE_Pos                 0U                                            /*!< MPU 
1293:D:/Projekty/TrinityTrack6000/MainControlBoard/Infineon/XMC4200/Libraries/CMSIS/Include\core_cm4.h **** #define MPU_RASR_ENABLE_Msk                (1UL /*<< MPU_RASR_ENABLE_Pos*/)               /*!< MPU 
1294:D:/Projekty/TrinityTrack6000/MainControlBoard/Infineon/XMC4200/Libraries/CMSIS/Include\core_cm4.h **** 
1295:D:/Projekty/TrinityTrack6000/MainControlBoard/Infineon/XMC4200/Libraries/CMSIS/Include\core_cm4.h **** /*@} end of group CMSIS_MPU */
1296:D:/Projekty/TrinityTrack6000/MainControlBoard/Infineon/XMC4200/Libraries/CMSIS/Include\core_cm4.h **** #endif /* defined (__MPU_PRESENT) && (__MPU_PRESENT == 1U) */
1297:D:/Projekty/TrinityTrack6000/MainControlBoard/Infineon/XMC4200/Libraries/CMSIS/Include\core_cm4.h **** 
1298:D:/Projekty/TrinityTrack6000/MainControlBoard/Infineon/XMC4200/Libraries/CMSIS/Include\core_cm4.h **** 
1299:D:/Projekty/TrinityTrack6000/MainControlBoard/Infineon/XMC4200/Libraries/CMSIS/Include\core_cm4.h **** /**
1300:D:/Projekty/TrinityTrack6000/MainControlBoard/Infineon/XMC4200/Libraries/CMSIS/Include\core_cm4.h ****   \ingroup  CMSIS_core_register
1301:D:/Projekty/TrinityTrack6000/MainControlBoard/Infineon/XMC4200/Libraries/CMSIS/Include\core_cm4.h ****   \defgroup CMSIS_FPU     Floating Point Unit (FPU)
1302:D:/Projekty/TrinityTrack6000/MainControlBoard/Infineon/XMC4200/Libraries/CMSIS/Include\core_cm4.h ****   \brief    Type definitions for the Floating Point Unit (FPU)
1303:D:/Projekty/TrinityTrack6000/MainControlBoard/Infineon/XMC4200/Libraries/CMSIS/Include\core_cm4.h ****   @{
1304:D:/Projekty/TrinityTrack6000/MainControlBoard/Infineon/XMC4200/Libraries/CMSIS/Include\core_cm4.h ****  */
1305:D:/Projekty/TrinityTrack6000/MainControlBoard/Infineon/XMC4200/Libraries/CMSIS/Include\core_cm4.h **** 
1306:D:/Projekty/TrinityTrack6000/MainControlBoard/Infineon/XMC4200/Libraries/CMSIS/Include\core_cm4.h **** /**
1307:D:/Projekty/TrinityTrack6000/MainControlBoard/Infineon/XMC4200/Libraries/CMSIS/Include\core_cm4.h ****   \brief  Structure type to access the Floating Point Unit (FPU).
1308:D:/Projekty/TrinityTrack6000/MainControlBoard/Infineon/XMC4200/Libraries/CMSIS/Include\core_cm4.h ****  */
1309:D:/Projekty/TrinityTrack6000/MainControlBoard/Infineon/XMC4200/Libraries/CMSIS/Include\core_cm4.h **** typedef struct
1310:D:/Projekty/TrinityTrack6000/MainControlBoard/Infineon/XMC4200/Libraries/CMSIS/Include\core_cm4.h **** {
1311:D:/Projekty/TrinityTrack6000/MainControlBoard/Infineon/XMC4200/Libraries/CMSIS/Include\core_cm4.h ****         uint32_t RESERVED0[1U];
1312:D:/Projekty/TrinityTrack6000/MainControlBoard/Infineon/XMC4200/Libraries/CMSIS/Include\core_cm4.h ****   __IOM uint32_t FPCCR;                  /*!< Offset: 0x004 (R/W)  Floating-Point Context Control R
1313:D:/Projekty/TrinityTrack6000/MainControlBoard/Infineon/XMC4200/Libraries/CMSIS/Include\core_cm4.h ****   __IOM uint32_t FPCAR;                  /*!< Offset: 0x008 (R/W)  Floating-Point Context Address R
1314:D:/Projekty/TrinityTrack6000/MainControlBoard/Infineon/XMC4200/Libraries/CMSIS/Include\core_cm4.h ****   __IOM uint32_t FPDSCR;                 /*!< Offset: 0x00C (R/W)  Floating-Point Default Status Co
1315:D:/Projekty/TrinityTrack6000/MainControlBoard/Infineon/XMC4200/Libraries/CMSIS/Include\core_cm4.h ****   __IM  uint32_t MVFR0;                  /*!< Offset: 0x010 (R/ )  Media and FP Feature Register 0 
1316:D:/Projekty/TrinityTrack6000/MainControlBoard/Infineon/XMC4200/Libraries/CMSIS/Include\core_cm4.h ****   __IM  uint32_t MVFR1;                  /*!< Offset: 0x014 (R/ )  Media and FP Feature Register 1 
1317:D:/Projekty/TrinityTrack6000/MainControlBoard/Infineon/XMC4200/Libraries/CMSIS/Include\core_cm4.h ****   __IM  uint32_t MVFR2;                  /*!< Offset: 0x018 (R/ )  Media and FP Feature Register 2 
1318:D:/Projekty/TrinityTrack6000/MainControlBoard/Infineon/XMC4200/Libraries/CMSIS/Include\core_cm4.h **** } FPU_Type;
1319:D:/Projekty/TrinityTrack6000/MainControlBoard/Infineon/XMC4200/Libraries/CMSIS/Include\core_cm4.h **** 
1320:D:/Projekty/TrinityTrack6000/MainControlBoard/Infineon/XMC4200/Libraries/CMSIS/Include\core_cm4.h **** /* Floating-Point Context Control Register Definitions */
1321:D:/Projekty/TrinityTrack6000/MainControlBoard/Infineon/XMC4200/Libraries/CMSIS/Include\core_cm4.h **** #define FPU_FPCCR_ASPEN_Pos                31U                                            /*!< FPCC
1322:D:/Projekty/TrinityTrack6000/MainControlBoard/Infineon/XMC4200/Libraries/CMSIS/Include\core_cm4.h **** #define FPU_FPCCR_ASPEN_Msk                (1UL << FPU_FPCCR_ASPEN_Pos)                   /*!< FPCC
1323:D:/Projekty/TrinityTrack6000/MainControlBoard/Infineon/XMC4200/Libraries/CMSIS/Include\core_cm4.h **** 
1324:D:/Projekty/TrinityTrack6000/MainControlBoard/Infineon/XMC4200/Libraries/CMSIS/Include\core_cm4.h **** #define FPU_FPCCR_LSPEN_Pos                30U                                            /*!< FPCC
1325:D:/Projekty/TrinityTrack6000/MainControlBoard/Infineon/XMC4200/Libraries/CMSIS/Include\core_cm4.h **** #define FPU_FPCCR_LSPEN_Msk                (1UL << FPU_FPCCR_LSPEN_Pos)                   /*!< FPCC
1326:D:/Projekty/TrinityTrack6000/MainControlBoard/Infineon/XMC4200/Libraries/CMSIS/Include\core_cm4.h **** 
1327:D:/Projekty/TrinityTrack6000/MainControlBoard/Infineon/XMC4200/Libraries/CMSIS/Include\core_cm4.h **** #define FPU_FPCCR_MONRDY_Pos                8U                                            /*!< FPCC
1328:D:/Projekty/TrinityTrack6000/MainControlBoard/Infineon/XMC4200/Libraries/CMSIS/Include\core_cm4.h **** #define FPU_FPCCR_MONRDY_Msk               (1UL << FPU_FPCCR_MONRDY_Pos)                  /*!< FPCC
1329:D:/Projekty/TrinityTrack6000/MainControlBoard/Infineon/XMC4200/Libraries/CMSIS/Include\core_cm4.h **** 
1330:D:/Projekty/TrinityTrack6000/MainControlBoard/Infineon/XMC4200/Libraries/CMSIS/Include\core_cm4.h **** #define FPU_FPCCR_BFRDY_Pos                 6U                                            /*!< FPCC
1331:D:/Projekty/TrinityTrack6000/MainControlBoard/Infineon/XMC4200/Libraries/CMSIS/Include\core_cm4.h **** #define FPU_FPCCR_BFRDY_Msk                (1UL << FPU_FPCCR_BFRDY_Pos)                   /*!< FPCC
1332:D:/Projekty/TrinityTrack6000/MainControlBoard/Infineon/XMC4200/Libraries/CMSIS/Include\core_cm4.h **** 
1333:D:/Projekty/TrinityTrack6000/MainControlBoard/Infineon/XMC4200/Libraries/CMSIS/Include\core_cm4.h **** #define FPU_FPCCR_MMRDY_Pos                 5U                                            /*!< FPCC
1334:D:/Projekty/TrinityTrack6000/MainControlBoard/Infineon/XMC4200/Libraries/CMSIS/Include\core_cm4.h **** #define FPU_FPCCR_MMRDY_Msk                (1UL << FPU_FPCCR_MMRDY_Pos)                   /*!< FPCC
1335:D:/Projekty/TrinityTrack6000/MainControlBoard/Infineon/XMC4200/Libraries/CMSIS/Include\core_cm4.h **** 
1336:D:/Projekty/TrinityTrack6000/MainControlBoard/Infineon/XMC4200/Libraries/CMSIS/Include\core_cm4.h **** #define FPU_FPCCR_HFRDY_Pos                 4U                                            /*!< FPCC
1337:D:/Projekty/TrinityTrack6000/MainControlBoard/Infineon/XMC4200/Libraries/CMSIS/Include\core_cm4.h **** #define FPU_FPCCR_HFRDY_Msk                (1UL << FPU_FPCCR_HFRDY_Pos)                   /*!< FPCC
1338:D:/Projekty/TrinityTrack6000/MainControlBoard/Infineon/XMC4200/Libraries/CMSIS/Include\core_cm4.h **** 
1339:D:/Projekty/TrinityTrack6000/MainControlBoard/Infineon/XMC4200/Libraries/CMSIS/Include\core_cm4.h **** #define FPU_FPCCR_THREAD_Pos                3U                                            /*!< FPCC
1340:D:/Projekty/TrinityTrack6000/MainControlBoard/Infineon/XMC4200/Libraries/CMSIS/Include\core_cm4.h **** #define FPU_FPCCR_THREAD_Msk               (1UL << FPU_FPCCR_THREAD_Pos)                  /*!< FPCC
1341:D:/Projekty/TrinityTrack6000/MainControlBoard/Infineon/XMC4200/Libraries/CMSIS/Include\core_cm4.h **** 
1342:D:/Projekty/TrinityTrack6000/MainControlBoard/Infineon/XMC4200/Libraries/CMSIS/Include\core_cm4.h **** #define FPU_FPCCR_USER_Pos                  1U                                            /*!< FPCC
1343:D:/Projekty/TrinityTrack6000/MainControlBoard/Infineon/XMC4200/Libraries/CMSIS/Include\core_cm4.h **** #define FPU_FPCCR_USER_Msk                 (1UL << FPU_FPCCR_USER_Pos)                    /*!< FPCC
1344:D:/Projekty/TrinityTrack6000/MainControlBoard/Infineon/XMC4200/Libraries/CMSIS/Include\core_cm4.h **** 
1345:D:/Projekty/TrinityTrack6000/MainControlBoard/Infineon/XMC4200/Libraries/CMSIS/Include\core_cm4.h **** #define FPU_FPCCR_LSPACT_Pos                0U                                            /*!< FPCC
1346:D:/Projekty/TrinityTrack6000/MainControlBoard/Infineon/XMC4200/Libraries/CMSIS/Include\core_cm4.h **** #define FPU_FPCCR_LSPACT_Msk               (1UL /*<< FPU_FPCCR_LSPACT_Pos*/)              /*!< FPCC
1347:D:/Projekty/TrinityTrack6000/MainControlBoard/Infineon/XMC4200/Libraries/CMSIS/Include\core_cm4.h **** 
1348:D:/Projekty/TrinityTrack6000/MainControlBoard/Infineon/XMC4200/Libraries/CMSIS/Include\core_cm4.h **** /* Floating-Point Context Address Register Definitions */
1349:D:/Projekty/TrinityTrack6000/MainControlBoard/Infineon/XMC4200/Libraries/CMSIS/Include\core_cm4.h **** #define FPU_FPCAR_ADDRESS_Pos               3U                                            /*!< FPCA
1350:D:/Projekty/TrinityTrack6000/MainControlBoard/Infineon/XMC4200/Libraries/CMSIS/Include\core_cm4.h **** #define FPU_FPCAR_ADDRESS_Msk              (0x1FFFFFFFUL << FPU_FPCAR_ADDRESS_Pos)        /*!< FPCA
1351:D:/Projekty/TrinityTrack6000/MainControlBoard/Infineon/XMC4200/Libraries/CMSIS/Include\core_cm4.h **** 
1352:D:/Projekty/TrinityTrack6000/MainControlBoard/Infineon/XMC4200/Libraries/CMSIS/Include\core_cm4.h **** /* Floating-Point Default Status Control Register Definitions */
1353:D:/Projekty/TrinityTrack6000/MainControlBoard/Infineon/XMC4200/Libraries/CMSIS/Include\core_cm4.h **** #define FPU_FPDSCR_AHP_Pos                 26U                                            /*!< FPDS
1354:D:/Projekty/TrinityTrack6000/MainControlBoard/Infineon/XMC4200/Libraries/CMSIS/Include\core_cm4.h **** #define FPU_FPDSCR_AHP_Msk                 (1UL << FPU_FPDSCR_AHP_Pos)                    /*!< FPDS
1355:D:/Projekty/TrinityTrack6000/MainControlBoard/Infineon/XMC4200/Libraries/CMSIS/Include\core_cm4.h **** 
1356:D:/Projekty/TrinityTrack6000/MainControlBoard/Infineon/XMC4200/Libraries/CMSIS/Include\core_cm4.h **** #define FPU_FPDSCR_DN_Pos                  25U                                            /*!< FPDS
1357:D:/Projekty/TrinityTrack6000/MainControlBoard/Infineon/XMC4200/Libraries/CMSIS/Include\core_cm4.h **** #define FPU_FPDSCR_DN_Msk                  (1UL << FPU_FPDSCR_DN_Pos)                     /*!< FPDS
1358:D:/Projekty/TrinityTrack6000/MainControlBoard/Infineon/XMC4200/Libraries/CMSIS/Include\core_cm4.h **** 
1359:D:/Projekty/TrinityTrack6000/MainControlBoard/Infineon/XMC4200/Libraries/CMSIS/Include\core_cm4.h **** #define FPU_FPDSCR_FZ_Pos                  24U                                            /*!< FPDS
1360:D:/Projekty/TrinityTrack6000/MainControlBoard/Infineon/XMC4200/Libraries/CMSIS/Include\core_cm4.h **** #define FPU_FPDSCR_FZ_Msk                  (1UL << FPU_FPDSCR_FZ_Pos)                     /*!< FPDS
1361:D:/Projekty/TrinityTrack6000/MainControlBoard/Infineon/XMC4200/Libraries/CMSIS/Include\core_cm4.h **** 
1362:D:/Projekty/TrinityTrack6000/MainControlBoard/Infineon/XMC4200/Libraries/CMSIS/Include\core_cm4.h **** #define FPU_FPDSCR_RMode_Pos               22U                                            /*!< FPDS
1363:D:/Projekty/TrinityTrack6000/MainControlBoard/Infineon/XMC4200/Libraries/CMSIS/Include\core_cm4.h **** #define FPU_FPDSCR_RMode_Msk               (3UL << FPU_FPDSCR_RMode_Pos)                  /*!< FPDS
1364:D:/Projekty/TrinityTrack6000/MainControlBoard/Infineon/XMC4200/Libraries/CMSIS/Include\core_cm4.h **** 
1365:D:/Projekty/TrinityTrack6000/MainControlBoard/Infineon/XMC4200/Libraries/CMSIS/Include\core_cm4.h **** /* Media and FP Feature Register 0 Definitions */
1366:D:/Projekty/TrinityTrack6000/MainControlBoard/Infineon/XMC4200/Libraries/CMSIS/Include\core_cm4.h **** #define FPU_MVFR0_FP_rounding_modes_Pos    28U                                            /*!< MVFR
1367:D:/Projekty/TrinityTrack6000/MainControlBoard/Infineon/XMC4200/Libraries/CMSIS/Include\core_cm4.h **** #define FPU_MVFR0_FP_rounding_modes_Msk    (0xFUL << FPU_MVFR0_FP_rounding_modes_Pos)     /*!< MVFR
1368:D:/Projekty/TrinityTrack6000/MainControlBoard/Infineon/XMC4200/Libraries/CMSIS/Include\core_cm4.h **** 
1369:D:/Projekty/TrinityTrack6000/MainControlBoard/Infineon/XMC4200/Libraries/CMSIS/Include\core_cm4.h **** #define FPU_MVFR0_Short_vectors_Pos        24U                                            /*!< MVFR
1370:D:/Projekty/TrinityTrack6000/MainControlBoard/Infineon/XMC4200/Libraries/CMSIS/Include\core_cm4.h **** #define FPU_MVFR0_Short_vectors_Msk        (0xFUL << FPU_MVFR0_Short_vectors_Pos)         /*!< MVFR
1371:D:/Projekty/TrinityTrack6000/MainControlBoard/Infineon/XMC4200/Libraries/CMSIS/Include\core_cm4.h **** 
1372:D:/Projekty/TrinityTrack6000/MainControlBoard/Infineon/XMC4200/Libraries/CMSIS/Include\core_cm4.h **** #define FPU_MVFR0_Square_root_Pos          20U                                            /*!< MVFR
1373:D:/Projekty/TrinityTrack6000/MainControlBoard/Infineon/XMC4200/Libraries/CMSIS/Include\core_cm4.h **** #define FPU_MVFR0_Square_root_Msk          (0xFUL << FPU_MVFR0_Square_root_Pos)           /*!< MVFR
1374:D:/Projekty/TrinityTrack6000/MainControlBoard/Infineon/XMC4200/Libraries/CMSIS/Include\core_cm4.h **** 
1375:D:/Projekty/TrinityTrack6000/MainControlBoard/Infineon/XMC4200/Libraries/CMSIS/Include\core_cm4.h **** #define FPU_MVFR0_Divide_Pos               16U                                            /*!< MVFR
1376:D:/Projekty/TrinityTrack6000/MainControlBoard/Infineon/XMC4200/Libraries/CMSIS/Include\core_cm4.h **** #define FPU_MVFR0_Divide_Msk               (0xFUL << FPU_MVFR0_Divide_Pos)                /*!< MVFR
1377:D:/Projekty/TrinityTrack6000/MainControlBoard/Infineon/XMC4200/Libraries/CMSIS/Include\core_cm4.h **** 
1378:D:/Projekty/TrinityTrack6000/MainControlBoard/Infineon/XMC4200/Libraries/CMSIS/Include\core_cm4.h **** #define FPU_MVFR0_FP_excep_trapping_Pos    12U                                            /*!< MVFR
1379:D:/Projekty/TrinityTrack6000/MainControlBoard/Infineon/XMC4200/Libraries/CMSIS/Include\core_cm4.h **** #define FPU_MVFR0_FP_excep_trapping_Msk    (0xFUL << FPU_MVFR0_FP_excep_trapping_Pos)     /*!< MVFR
1380:D:/Projekty/TrinityTrack6000/MainControlBoard/Infineon/XMC4200/Libraries/CMSIS/Include\core_cm4.h **** 
1381:D:/Projekty/TrinityTrack6000/MainControlBoard/Infineon/XMC4200/Libraries/CMSIS/Include\core_cm4.h **** #define FPU_MVFR0_Double_precision_Pos      8U                                            /*!< MVFR
1382:D:/Projekty/TrinityTrack6000/MainControlBoard/Infineon/XMC4200/Libraries/CMSIS/Include\core_cm4.h **** #define FPU_MVFR0_Double_precision_Msk     (0xFUL << FPU_MVFR0_Double_precision_Pos)      /*!< MVFR
1383:D:/Projekty/TrinityTrack6000/MainControlBoard/Infineon/XMC4200/Libraries/CMSIS/Include\core_cm4.h **** 
1384:D:/Projekty/TrinityTrack6000/MainControlBoard/Infineon/XMC4200/Libraries/CMSIS/Include\core_cm4.h **** #define FPU_MVFR0_Single_precision_Pos      4U                                            /*!< MVFR
1385:D:/Projekty/TrinityTrack6000/MainControlBoard/Infineon/XMC4200/Libraries/CMSIS/Include\core_cm4.h **** #define FPU_MVFR0_Single_precision_Msk     (0xFUL << FPU_MVFR0_Single_precision_Pos)      /*!< MVFR
1386:D:/Projekty/TrinityTrack6000/MainControlBoard/Infineon/XMC4200/Libraries/CMSIS/Include\core_cm4.h **** 
1387:D:/Projekty/TrinityTrack6000/MainControlBoard/Infineon/XMC4200/Libraries/CMSIS/Include\core_cm4.h **** #define FPU_MVFR0_A_SIMD_registers_Pos      0U                                            /*!< MVFR
1388:D:/Projekty/TrinityTrack6000/MainControlBoard/Infineon/XMC4200/Libraries/CMSIS/Include\core_cm4.h **** #define FPU_MVFR0_A_SIMD_registers_Msk     (0xFUL /*<< FPU_MVFR0_A_SIMD_registers_Pos*/)  /*!< MVFR
1389:D:/Projekty/TrinityTrack6000/MainControlBoard/Infineon/XMC4200/Libraries/CMSIS/Include\core_cm4.h **** 
1390:D:/Projekty/TrinityTrack6000/MainControlBoard/Infineon/XMC4200/Libraries/CMSIS/Include\core_cm4.h **** /* Media and FP Feature Register 1 Definitions */
1391:D:/Projekty/TrinityTrack6000/MainControlBoard/Infineon/XMC4200/Libraries/CMSIS/Include\core_cm4.h **** #define FPU_MVFR1_FP_fused_MAC_Pos         28U                                            /*!< MVFR
1392:D:/Projekty/TrinityTrack6000/MainControlBoard/Infineon/XMC4200/Libraries/CMSIS/Include\core_cm4.h **** #define FPU_MVFR1_FP_fused_MAC_Msk         (0xFUL << FPU_MVFR1_FP_fused_MAC_Pos)          /*!< MVFR
1393:D:/Projekty/TrinityTrack6000/MainControlBoard/Infineon/XMC4200/Libraries/CMSIS/Include\core_cm4.h **** 
1394:D:/Projekty/TrinityTrack6000/MainControlBoard/Infineon/XMC4200/Libraries/CMSIS/Include\core_cm4.h **** #define FPU_MVFR1_FP_HPFP_Pos              24U                                            /*!< MVFR
1395:D:/Projekty/TrinityTrack6000/MainControlBoard/Infineon/XMC4200/Libraries/CMSIS/Include\core_cm4.h **** #define FPU_MVFR1_FP_HPFP_Msk              (0xFUL << FPU_MVFR1_FP_HPFP_Pos)               /*!< MVFR
1396:D:/Projekty/TrinityTrack6000/MainControlBoard/Infineon/XMC4200/Libraries/CMSIS/Include\core_cm4.h **** 
1397:D:/Projekty/TrinityTrack6000/MainControlBoard/Infineon/XMC4200/Libraries/CMSIS/Include\core_cm4.h **** #define FPU_MVFR1_D_NaN_mode_Pos            4U                                            /*!< MVFR
1398:D:/Projekty/TrinityTrack6000/MainControlBoard/Infineon/XMC4200/Libraries/CMSIS/Include\core_cm4.h **** #define FPU_MVFR1_D_NaN_mode_Msk           (0xFUL << FPU_MVFR1_D_NaN_mode_Pos)            /*!< MVFR
1399:D:/Projekty/TrinityTrack6000/MainControlBoard/Infineon/XMC4200/Libraries/CMSIS/Include\core_cm4.h **** 
1400:D:/Projekty/TrinityTrack6000/MainControlBoard/Infineon/XMC4200/Libraries/CMSIS/Include\core_cm4.h **** #define FPU_MVFR1_FtZ_mode_Pos              0U                                            /*!< MVFR
1401:D:/Projekty/TrinityTrack6000/MainControlBoard/Infineon/XMC4200/Libraries/CMSIS/Include\core_cm4.h **** #define FPU_MVFR1_FtZ_mode_Msk             (0xFUL /*<< FPU_MVFR1_FtZ_mode_Pos*/)          /*!< MVFR
1402:D:/Projekty/TrinityTrack6000/MainControlBoard/Infineon/XMC4200/Libraries/CMSIS/Include\core_cm4.h **** 
1403:D:/Projekty/TrinityTrack6000/MainControlBoard/Infineon/XMC4200/Libraries/CMSIS/Include\core_cm4.h **** /* Media and FP Feature Register 2 Definitions */
1404:D:/Projekty/TrinityTrack6000/MainControlBoard/Infineon/XMC4200/Libraries/CMSIS/Include\core_cm4.h **** 
1405:D:/Projekty/TrinityTrack6000/MainControlBoard/Infineon/XMC4200/Libraries/CMSIS/Include\core_cm4.h **** #define FPU_MVFR2_VFP_Misc_Pos              4U                                            /*!< MVFR
1406:D:/Projekty/TrinityTrack6000/MainControlBoard/Infineon/XMC4200/Libraries/CMSIS/Include\core_cm4.h **** #define FPU_MVFR2_VFP_Misc_Msk             (0xFUL << FPU_MVFR2_VFP_Misc_Pos)              /*!< MVFR
1407:D:/Projekty/TrinityTrack6000/MainControlBoard/Infineon/XMC4200/Libraries/CMSIS/Include\core_cm4.h **** 
1408:D:/Projekty/TrinityTrack6000/MainControlBoard/Infineon/XMC4200/Libraries/CMSIS/Include\core_cm4.h **** /*@} end of group CMSIS_FPU */
1409:D:/Projekty/TrinityTrack6000/MainControlBoard/Infineon/XMC4200/Libraries/CMSIS/Include\core_cm4.h **** 
1410:D:/Projekty/TrinityTrack6000/MainControlBoard/Infineon/XMC4200/Libraries/CMSIS/Include\core_cm4.h **** 
1411:D:/Projekty/TrinityTrack6000/MainControlBoard/Infineon/XMC4200/Libraries/CMSIS/Include\core_cm4.h **** /**
1412:D:/Projekty/TrinityTrack6000/MainControlBoard/Infineon/XMC4200/Libraries/CMSIS/Include\core_cm4.h ****   \ingroup  CMSIS_core_register
1413:D:/Projekty/TrinityTrack6000/MainControlBoard/Infineon/XMC4200/Libraries/CMSIS/Include\core_cm4.h ****   \defgroup CMSIS_CoreDebug       Core Debug Registers (CoreDebug)
1414:D:/Projekty/TrinityTrack6000/MainControlBoard/Infineon/XMC4200/Libraries/CMSIS/Include\core_cm4.h ****   \brief    Type definitions for the Core Debug Registers
1415:D:/Projekty/TrinityTrack6000/MainControlBoard/Infineon/XMC4200/Libraries/CMSIS/Include\core_cm4.h ****   @{
1416:D:/Projekty/TrinityTrack6000/MainControlBoard/Infineon/XMC4200/Libraries/CMSIS/Include\core_cm4.h ****  */
1417:D:/Projekty/TrinityTrack6000/MainControlBoard/Infineon/XMC4200/Libraries/CMSIS/Include\core_cm4.h **** 
1418:D:/Projekty/TrinityTrack6000/MainControlBoard/Infineon/XMC4200/Libraries/CMSIS/Include\core_cm4.h **** /**
1419:D:/Projekty/TrinityTrack6000/MainControlBoard/Infineon/XMC4200/Libraries/CMSIS/Include\core_cm4.h ****   \brief  Structure type to access the Core Debug Register (CoreDebug).
1420:D:/Projekty/TrinityTrack6000/MainControlBoard/Infineon/XMC4200/Libraries/CMSIS/Include\core_cm4.h ****  */
1421:D:/Projekty/TrinityTrack6000/MainControlBoard/Infineon/XMC4200/Libraries/CMSIS/Include\core_cm4.h **** typedef struct
1422:D:/Projekty/TrinityTrack6000/MainControlBoard/Infineon/XMC4200/Libraries/CMSIS/Include\core_cm4.h **** {
1423:D:/Projekty/TrinityTrack6000/MainControlBoard/Infineon/XMC4200/Libraries/CMSIS/Include\core_cm4.h ****   __IOM uint32_t DHCSR;                  /*!< Offset: 0x000 (R/W)  Debug Halting Control and Status
1424:D:/Projekty/TrinityTrack6000/MainControlBoard/Infineon/XMC4200/Libraries/CMSIS/Include\core_cm4.h ****   __OM  uint32_t DCRSR;                  /*!< Offset: 0x004 ( /W)  Debug Core Register Selector Reg
1425:D:/Projekty/TrinityTrack6000/MainControlBoard/Infineon/XMC4200/Libraries/CMSIS/Include\core_cm4.h ****   __IOM uint32_t DCRDR;                  /*!< Offset: 0x008 (R/W)  Debug Core Register Data Registe
1426:D:/Projekty/TrinityTrack6000/MainControlBoard/Infineon/XMC4200/Libraries/CMSIS/Include\core_cm4.h ****   __IOM uint32_t DEMCR;                  /*!< Offset: 0x00C (R/W)  Debug Exception and Monitor Cont
1427:D:/Projekty/TrinityTrack6000/MainControlBoard/Infineon/XMC4200/Libraries/CMSIS/Include\core_cm4.h **** } CoreDebug_Type;
1428:D:/Projekty/TrinityTrack6000/MainControlBoard/Infineon/XMC4200/Libraries/CMSIS/Include\core_cm4.h **** 
1429:D:/Projekty/TrinityTrack6000/MainControlBoard/Infineon/XMC4200/Libraries/CMSIS/Include\core_cm4.h **** /* Debug Halting Control and Status Register Definitions */
1430:D:/Projekty/TrinityTrack6000/MainControlBoard/Infineon/XMC4200/Libraries/CMSIS/Include\core_cm4.h **** #define CoreDebug_DHCSR_DBGKEY_Pos         16U                                            /*!< Core
1431:D:/Projekty/TrinityTrack6000/MainControlBoard/Infineon/XMC4200/Libraries/CMSIS/Include\core_cm4.h **** #define CoreDebug_DHCSR_DBGKEY_Msk         (0xFFFFUL << CoreDebug_DHCSR_DBGKEY_Pos)       /*!< Core
1432:D:/Projekty/TrinityTrack6000/MainControlBoard/Infineon/XMC4200/Libraries/CMSIS/Include\core_cm4.h **** 
1433:D:/Projekty/TrinityTrack6000/MainControlBoard/Infineon/XMC4200/Libraries/CMSIS/Include\core_cm4.h **** #define CoreDebug_DHCSR_S_RESET_ST_Pos     25U                                            /*!< Core
1434:D:/Projekty/TrinityTrack6000/MainControlBoard/Infineon/XMC4200/Libraries/CMSIS/Include\core_cm4.h **** #define CoreDebug_DHCSR_S_RESET_ST_Msk     (1UL << CoreDebug_DHCSR_S_RESET_ST_Pos)        /*!< Core
1435:D:/Projekty/TrinityTrack6000/MainControlBoard/Infineon/XMC4200/Libraries/CMSIS/Include\core_cm4.h **** 
1436:D:/Projekty/TrinityTrack6000/MainControlBoard/Infineon/XMC4200/Libraries/CMSIS/Include\core_cm4.h **** #define CoreDebug_DHCSR_S_RETIRE_ST_Pos    24U                                            /*!< Core
1437:D:/Projekty/TrinityTrack6000/MainControlBoard/Infineon/XMC4200/Libraries/CMSIS/Include\core_cm4.h **** #define CoreDebug_DHCSR_S_RETIRE_ST_Msk    (1UL << CoreDebug_DHCSR_S_RETIRE_ST_Pos)       /*!< Core
1438:D:/Projekty/TrinityTrack6000/MainControlBoard/Infineon/XMC4200/Libraries/CMSIS/Include\core_cm4.h **** 
1439:D:/Projekty/TrinityTrack6000/MainControlBoard/Infineon/XMC4200/Libraries/CMSIS/Include\core_cm4.h **** #define CoreDebug_DHCSR_S_LOCKUP_Pos       19U                                            /*!< Core
1440:D:/Projekty/TrinityTrack6000/MainControlBoard/Infineon/XMC4200/Libraries/CMSIS/Include\core_cm4.h **** #define CoreDebug_DHCSR_S_LOCKUP_Msk       (1UL << CoreDebug_DHCSR_S_LOCKUP_Pos)          /*!< Core
1441:D:/Projekty/TrinityTrack6000/MainControlBoard/Infineon/XMC4200/Libraries/CMSIS/Include\core_cm4.h **** 
1442:D:/Projekty/TrinityTrack6000/MainControlBoard/Infineon/XMC4200/Libraries/CMSIS/Include\core_cm4.h **** #define CoreDebug_DHCSR_S_SLEEP_Pos        18U                                            /*!< Core
1443:D:/Projekty/TrinityTrack6000/MainControlBoard/Infineon/XMC4200/Libraries/CMSIS/Include\core_cm4.h **** #define CoreDebug_DHCSR_S_SLEEP_Msk        (1UL << CoreDebug_DHCSR_S_SLEEP_Pos)           /*!< Core
1444:D:/Projekty/TrinityTrack6000/MainControlBoard/Infineon/XMC4200/Libraries/CMSIS/Include\core_cm4.h **** 
1445:D:/Projekty/TrinityTrack6000/MainControlBoard/Infineon/XMC4200/Libraries/CMSIS/Include\core_cm4.h **** #define CoreDebug_DHCSR_S_HALT_Pos         17U                                            /*!< Core
1446:D:/Projekty/TrinityTrack6000/MainControlBoard/Infineon/XMC4200/Libraries/CMSIS/Include\core_cm4.h **** #define CoreDebug_DHCSR_S_HALT_Msk         (1UL << CoreDebug_DHCSR_S_HALT_Pos)            /*!< Core
1447:D:/Projekty/TrinityTrack6000/MainControlBoard/Infineon/XMC4200/Libraries/CMSIS/Include\core_cm4.h **** 
1448:D:/Projekty/TrinityTrack6000/MainControlBoard/Infineon/XMC4200/Libraries/CMSIS/Include\core_cm4.h **** #define CoreDebug_DHCSR_S_REGRDY_Pos       16U                                            /*!< Core
1449:D:/Projekty/TrinityTrack6000/MainControlBoard/Infineon/XMC4200/Libraries/CMSIS/Include\core_cm4.h **** #define CoreDebug_DHCSR_S_REGRDY_Msk       (1UL << CoreDebug_DHCSR_S_REGRDY_Pos)          /*!< Core
1450:D:/Projekty/TrinityTrack6000/MainControlBoard/Infineon/XMC4200/Libraries/CMSIS/Include\core_cm4.h **** 
1451:D:/Projekty/TrinityTrack6000/MainControlBoard/Infineon/XMC4200/Libraries/CMSIS/Include\core_cm4.h **** #define CoreDebug_DHCSR_C_SNAPSTALL_Pos     5U                                            /*!< Core
1452:D:/Projekty/TrinityTrack6000/MainControlBoard/Infineon/XMC4200/Libraries/CMSIS/Include\core_cm4.h **** #define CoreDebug_DHCSR_C_SNAPSTALL_Msk    (1UL << CoreDebug_DHCSR_C_SNAPSTALL_Pos)       /*!< Core
1453:D:/Projekty/TrinityTrack6000/MainControlBoard/Infineon/XMC4200/Libraries/CMSIS/Include\core_cm4.h **** 
1454:D:/Projekty/TrinityTrack6000/MainControlBoard/Infineon/XMC4200/Libraries/CMSIS/Include\core_cm4.h **** #define CoreDebug_DHCSR_C_MASKINTS_Pos      3U                                            /*!< Core
1455:D:/Projekty/TrinityTrack6000/MainControlBoard/Infineon/XMC4200/Libraries/CMSIS/Include\core_cm4.h **** #define CoreDebug_DHCSR_C_MASKINTS_Msk     (1UL << CoreDebug_DHCSR_C_MASKINTS_Pos)        /*!< Core
1456:D:/Projekty/TrinityTrack6000/MainControlBoard/Infineon/XMC4200/Libraries/CMSIS/Include\core_cm4.h **** 
1457:D:/Projekty/TrinityTrack6000/MainControlBoard/Infineon/XMC4200/Libraries/CMSIS/Include\core_cm4.h **** #define CoreDebug_DHCSR_C_STEP_Pos          2U                                            /*!< Core
1458:D:/Projekty/TrinityTrack6000/MainControlBoard/Infineon/XMC4200/Libraries/CMSIS/Include\core_cm4.h **** #define CoreDebug_DHCSR_C_STEP_Msk         (1UL << CoreDebug_DHCSR_C_STEP_Pos)            /*!< Core
1459:D:/Projekty/TrinityTrack6000/MainControlBoard/Infineon/XMC4200/Libraries/CMSIS/Include\core_cm4.h **** 
1460:D:/Projekty/TrinityTrack6000/MainControlBoard/Infineon/XMC4200/Libraries/CMSIS/Include\core_cm4.h **** #define CoreDebug_DHCSR_C_HALT_Pos          1U                                            /*!< Core
1461:D:/Projekty/TrinityTrack6000/MainControlBoard/Infineon/XMC4200/Libraries/CMSIS/Include\core_cm4.h **** #define CoreDebug_DHCSR_C_HALT_Msk         (1UL << CoreDebug_DHCSR_C_HALT_Pos)            /*!< Core
1462:D:/Projekty/TrinityTrack6000/MainControlBoard/Infineon/XMC4200/Libraries/CMSIS/Include\core_cm4.h **** 
1463:D:/Projekty/TrinityTrack6000/MainControlBoard/Infineon/XMC4200/Libraries/CMSIS/Include\core_cm4.h **** #define CoreDebug_DHCSR_C_DEBUGEN_Pos       0U                                            /*!< Core
1464:D:/Projekty/TrinityTrack6000/MainControlBoard/Infineon/XMC4200/Libraries/CMSIS/Include\core_cm4.h **** #define CoreDebug_DHCSR_C_DEBUGEN_Msk      (1UL /*<< CoreDebug_DHCSR_C_DEBUGEN_Pos*/)     /*!< Core
1465:D:/Projekty/TrinityTrack6000/MainControlBoard/Infineon/XMC4200/Libraries/CMSIS/Include\core_cm4.h **** 
1466:D:/Projekty/TrinityTrack6000/MainControlBoard/Infineon/XMC4200/Libraries/CMSIS/Include\core_cm4.h **** /* Debug Core Register Selector Register Definitions */
1467:D:/Projekty/TrinityTrack6000/MainControlBoard/Infineon/XMC4200/Libraries/CMSIS/Include\core_cm4.h **** #define CoreDebug_DCRSR_REGWnR_Pos         16U                                            /*!< Core
1468:D:/Projekty/TrinityTrack6000/MainControlBoard/Infineon/XMC4200/Libraries/CMSIS/Include\core_cm4.h **** #define CoreDebug_DCRSR_REGWnR_Msk         (1UL << CoreDebug_DCRSR_REGWnR_Pos)            /*!< Core
1469:D:/Projekty/TrinityTrack6000/MainControlBoard/Infineon/XMC4200/Libraries/CMSIS/Include\core_cm4.h **** 
1470:D:/Projekty/TrinityTrack6000/MainControlBoard/Infineon/XMC4200/Libraries/CMSIS/Include\core_cm4.h **** #define CoreDebug_DCRSR_REGSEL_Pos          0U                                            /*!< Core
1471:D:/Projekty/TrinityTrack6000/MainControlBoard/Infineon/XMC4200/Libraries/CMSIS/Include\core_cm4.h **** #define CoreDebug_DCRSR_REGSEL_Msk         (0x1FUL /*<< CoreDebug_DCRSR_REGSEL_Pos*/)     /*!< Core
1472:D:/Projekty/TrinityTrack6000/MainControlBoard/Infineon/XMC4200/Libraries/CMSIS/Include\core_cm4.h **** 
1473:D:/Projekty/TrinityTrack6000/MainControlBoard/Infineon/XMC4200/Libraries/CMSIS/Include\core_cm4.h **** /* Debug Exception and Monitor Control Register Definitions */
1474:D:/Projekty/TrinityTrack6000/MainControlBoard/Infineon/XMC4200/Libraries/CMSIS/Include\core_cm4.h **** #define CoreDebug_DEMCR_TRCENA_Pos         24U                                            /*!< Core
1475:D:/Projekty/TrinityTrack6000/MainControlBoard/Infineon/XMC4200/Libraries/CMSIS/Include\core_cm4.h **** #define CoreDebug_DEMCR_TRCENA_Msk         (1UL << CoreDebug_DEMCR_TRCENA_Pos)            /*!< Core
1476:D:/Projekty/TrinityTrack6000/MainControlBoard/Infineon/XMC4200/Libraries/CMSIS/Include\core_cm4.h **** 
1477:D:/Projekty/TrinityTrack6000/MainControlBoard/Infineon/XMC4200/Libraries/CMSIS/Include\core_cm4.h **** #define CoreDebug_DEMCR_MON_REQ_Pos        19U                                            /*!< Core
1478:D:/Projekty/TrinityTrack6000/MainControlBoard/Infineon/XMC4200/Libraries/CMSIS/Include\core_cm4.h **** #define CoreDebug_DEMCR_MON_REQ_Msk        (1UL << CoreDebug_DEMCR_MON_REQ_Pos)           /*!< Core
1479:D:/Projekty/TrinityTrack6000/MainControlBoard/Infineon/XMC4200/Libraries/CMSIS/Include\core_cm4.h **** 
1480:D:/Projekty/TrinityTrack6000/MainControlBoard/Infineon/XMC4200/Libraries/CMSIS/Include\core_cm4.h **** #define CoreDebug_DEMCR_MON_STEP_Pos       18U                                            /*!< Core
1481:D:/Projekty/TrinityTrack6000/MainControlBoard/Infineon/XMC4200/Libraries/CMSIS/Include\core_cm4.h **** #define CoreDebug_DEMCR_MON_STEP_Msk       (1UL << CoreDebug_DEMCR_MON_STEP_Pos)          /*!< Core
1482:D:/Projekty/TrinityTrack6000/MainControlBoard/Infineon/XMC4200/Libraries/CMSIS/Include\core_cm4.h **** 
1483:D:/Projekty/TrinityTrack6000/MainControlBoard/Infineon/XMC4200/Libraries/CMSIS/Include\core_cm4.h **** #define CoreDebug_DEMCR_MON_PEND_Pos       17U                                            /*!< Core
1484:D:/Projekty/TrinityTrack6000/MainControlBoard/Infineon/XMC4200/Libraries/CMSIS/Include\core_cm4.h **** #define CoreDebug_DEMCR_MON_PEND_Msk       (1UL << CoreDebug_DEMCR_MON_PEND_Pos)          /*!< Core
1485:D:/Projekty/TrinityTrack6000/MainControlBoard/Infineon/XMC4200/Libraries/CMSIS/Include\core_cm4.h **** 
1486:D:/Projekty/TrinityTrack6000/MainControlBoard/Infineon/XMC4200/Libraries/CMSIS/Include\core_cm4.h **** #define CoreDebug_DEMCR_MON_EN_Pos         16U                                            /*!< Core
1487:D:/Projekty/TrinityTrack6000/MainControlBoard/Infineon/XMC4200/Libraries/CMSIS/Include\core_cm4.h **** #define CoreDebug_DEMCR_MON_EN_Msk         (1UL << CoreDebug_DEMCR_MON_EN_Pos)            /*!< Core
1488:D:/Projekty/TrinityTrack6000/MainControlBoard/Infineon/XMC4200/Libraries/CMSIS/Include\core_cm4.h **** 
1489:D:/Projekty/TrinityTrack6000/MainControlBoard/Infineon/XMC4200/Libraries/CMSIS/Include\core_cm4.h **** #define CoreDebug_DEMCR_VC_HARDERR_Pos     10U                                            /*!< Core
1490:D:/Projekty/TrinityTrack6000/MainControlBoard/Infineon/XMC4200/Libraries/CMSIS/Include\core_cm4.h **** #define CoreDebug_DEMCR_VC_HARDERR_Msk     (1UL << CoreDebug_DEMCR_VC_HARDERR_Pos)        /*!< Core
1491:D:/Projekty/TrinityTrack6000/MainControlBoard/Infineon/XMC4200/Libraries/CMSIS/Include\core_cm4.h **** 
1492:D:/Projekty/TrinityTrack6000/MainControlBoard/Infineon/XMC4200/Libraries/CMSIS/Include\core_cm4.h **** #define CoreDebug_DEMCR_VC_INTERR_Pos       9U                                            /*!< Core
1493:D:/Projekty/TrinityTrack6000/MainControlBoard/Infineon/XMC4200/Libraries/CMSIS/Include\core_cm4.h **** #define CoreDebug_DEMCR_VC_INTERR_Msk      (1UL << CoreDebug_DEMCR_VC_INTERR_Pos)         /*!< Core
1494:D:/Projekty/TrinityTrack6000/MainControlBoard/Infineon/XMC4200/Libraries/CMSIS/Include\core_cm4.h **** 
1495:D:/Projekty/TrinityTrack6000/MainControlBoard/Infineon/XMC4200/Libraries/CMSIS/Include\core_cm4.h **** #define CoreDebug_DEMCR_VC_BUSERR_Pos       8U                                            /*!< Core
1496:D:/Projekty/TrinityTrack6000/MainControlBoard/Infineon/XMC4200/Libraries/CMSIS/Include\core_cm4.h **** #define CoreDebug_DEMCR_VC_BUSERR_Msk      (1UL << CoreDebug_DEMCR_VC_BUSERR_Pos)         /*!< Core
1497:D:/Projekty/TrinityTrack6000/MainControlBoard/Infineon/XMC4200/Libraries/CMSIS/Include\core_cm4.h **** 
1498:D:/Projekty/TrinityTrack6000/MainControlBoard/Infineon/XMC4200/Libraries/CMSIS/Include\core_cm4.h **** #define CoreDebug_DEMCR_VC_STATERR_Pos      7U                                            /*!< Core
1499:D:/Projekty/TrinityTrack6000/MainControlBoard/Infineon/XMC4200/Libraries/CMSIS/Include\core_cm4.h **** #define CoreDebug_DEMCR_VC_STATERR_Msk     (1UL << CoreDebug_DEMCR_VC_STATERR_Pos)        /*!< Core
1500:D:/Projekty/TrinityTrack6000/MainControlBoard/Infineon/XMC4200/Libraries/CMSIS/Include\core_cm4.h **** 
1501:D:/Projekty/TrinityTrack6000/MainControlBoard/Infineon/XMC4200/Libraries/CMSIS/Include\core_cm4.h **** #define CoreDebug_DEMCR_VC_CHKERR_Pos       6U                                            /*!< Core
1502:D:/Projekty/TrinityTrack6000/MainControlBoard/Infineon/XMC4200/Libraries/CMSIS/Include\core_cm4.h **** #define CoreDebug_DEMCR_VC_CHKERR_Msk      (1UL << CoreDebug_DEMCR_VC_CHKERR_Pos)         /*!< Core
1503:D:/Projekty/TrinityTrack6000/MainControlBoard/Infineon/XMC4200/Libraries/CMSIS/Include\core_cm4.h **** 
1504:D:/Projekty/TrinityTrack6000/MainControlBoard/Infineon/XMC4200/Libraries/CMSIS/Include\core_cm4.h **** #define CoreDebug_DEMCR_VC_NOCPERR_Pos      5U                                            /*!< Core
1505:D:/Projekty/TrinityTrack6000/MainControlBoard/Infineon/XMC4200/Libraries/CMSIS/Include\core_cm4.h **** #define CoreDebug_DEMCR_VC_NOCPERR_Msk     (1UL << CoreDebug_DEMCR_VC_NOCPERR_Pos)        /*!< Core
1506:D:/Projekty/TrinityTrack6000/MainControlBoard/Infineon/XMC4200/Libraries/CMSIS/Include\core_cm4.h **** 
1507:D:/Projekty/TrinityTrack6000/MainControlBoard/Infineon/XMC4200/Libraries/CMSIS/Include\core_cm4.h **** #define CoreDebug_DEMCR_VC_MMERR_Pos        4U                                            /*!< Core
1508:D:/Projekty/TrinityTrack6000/MainControlBoard/Infineon/XMC4200/Libraries/CMSIS/Include\core_cm4.h **** #define CoreDebug_DEMCR_VC_MMERR_Msk       (1UL << CoreDebug_DEMCR_VC_MMERR_Pos)          /*!< Core
1509:D:/Projekty/TrinityTrack6000/MainControlBoard/Infineon/XMC4200/Libraries/CMSIS/Include\core_cm4.h **** 
1510:D:/Projekty/TrinityTrack6000/MainControlBoard/Infineon/XMC4200/Libraries/CMSIS/Include\core_cm4.h **** #define CoreDebug_DEMCR_VC_CORERESET_Pos    0U                                            /*!< Core
1511:D:/Projekty/TrinityTrack6000/MainControlBoard/Infineon/XMC4200/Libraries/CMSIS/Include\core_cm4.h **** #define CoreDebug_DEMCR_VC_CORERESET_Msk   (1UL /*<< CoreDebug_DEMCR_VC_CORERESET_Pos*/)  /*!< Core
1512:D:/Projekty/TrinityTrack6000/MainControlBoard/Infineon/XMC4200/Libraries/CMSIS/Include\core_cm4.h **** 
1513:D:/Projekty/TrinityTrack6000/MainControlBoard/Infineon/XMC4200/Libraries/CMSIS/Include\core_cm4.h **** /*@} end of group CMSIS_CoreDebug */
1514:D:/Projekty/TrinityTrack6000/MainControlBoard/Infineon/XMC4200/Libraries/CMSIS/Include\core_cm4.h **** 
1515:D:/Projekty/TrinityTrack6000/MainControlBoard/Infineon/XMC4200/Libraries/CMSIS/Include\core_cm4.h **** 
1516:D:/Projekty/TrinityTrack6000/MainControlBoard/Infineon/XMC4200/Libraries/CMSIS/Include\core_cm4.h **** /**
1517:D:/Projekty/TrinityTrack6000/MainControlBoard/Infineon/XMC4200/Libraries/CMSIS/Include\core_cm4.h ****   \ingroup    CMSIS_core_register
1518:D:/Projekty/TrinityTrack6000/MainControlBoard/Infineon/XMC4200/Libraries/CMSIS/Include\core_cm4.h ****   \defgroup   CMSIS_core_bitfield     Core register bit field macros
1519:D:/Projekty/TrinityTrack6000/MainControlBoard/Infineon/XMC4200/Libraries/CMSIS/Include\core_cm4.h ****   \brief      Macros for use with bit field definitions (xxx_Pos, xxx_Msk).
1520:D:/Projekty/TrinityTrack6000/MainControlBoard/Infineon/XMC4200/Libraries/CMSIS/Include\core_cm4.h ****   @{
1521:D:/Projekty/TrinityTrack6000/MainControlBoard/Infineon/XMC4200/Libraries/CMSIS/Include\core_cm4.h ****  */
1522:D:/Projekty/TrinityTrack6000/MainControlBoard/Infineon/XMC4200/Libraries/CMSIS/Include\core_cm4.h **** 
1523:D:/Projekty/TrinityTrack6000/MainControlBoard/Infineon/XMC4200/Libraries/CMSIS/Include\core_cm4.h **** /**
1524:D:/Projekty/TrinityTrack6000/MainControlBoard/Infineon/XMC4200/Libraries/CMSIS/Include\core_cm4.h ****   \brief   Mask and shift a bit field value for use in a register bit range.
1525:D:/Projekty/TrinityTrack6000/MainControlBoard/Infineon/XMC4200/Libraries/CMSIS/Include\core_cm4.h ****   \param[in] field  Name of the register bit field.
1526:D:/Projekty/TrinityTrack6000/MainControlBoard/Infineon/XMC4200/Libraries/CMSIS/Include\core_cm4.h ****   \param[in] value  Value of the bit field. This parameter is interpreted as an uint32_t type.
1527:D:/Projekty/TrinityTrack6000/MainControlBoard/Infineon/XMC4200/Libraries/CMSIS/Include\core_cm4.h ****   \return           Masked and shifted value.
1528:D:/Projekty/TrinityTrack6000/MainControlBoard/Infineon/XMC4200/Libraries/CMSIS/Include\core_cm4.h **** */
1529:D:/Projekty/TrinityTrack6000/MainControlBoard/Infineon/XMC4200/Libraries/CMSIS/Include\core_cm4.h **** #define _VAL2FLD(field, value)    (((uint32_t)(value) << field ## _Pos) & field ## _Msk)
1530:D:/Projekty/TrinityTrack6000/MainControlBoard/Infineon/XMC4200/Libraries/CMSIS/Include\core_cm4.h **** 
1531:D:/Projekty/TrinityTrack6000/MainControlBoard/Infineon/XMC4200/Libraries/CMSIS/Include\core_cm4.h **** /**
1532:D:/Projekty/TrinityTrack6000/MainControlBoard/Infineon/XMC4200/Libraries/CMSIS/Include\core_cm4.h ****   \brief     Mask and shift a register value to extract a bit filed value.
1533:D:/Projekty/TrinityTrack6000/MainControlBoard/Infineon/XMC4200/Libraries/CMSIS/Include\core_cm4.h ****   \param[in] field  Name of the register bit field.
1534:D:/Projekty/TrinityTrack6000/MainControlBoard/Infineon/XMC4200/Libraries/CMSIS/Include\core_cm4.h ****   \param[in] value  Value of register. This parameter is interpreted as an uint32_t type.
1535:D:/Projekty/TrinityTrack6000/MainControlBoard/Infineon/XMC4200/Libraries/CMSIS/Include\core_cm4.h ****   \return           Masked and shifted bit field value.
1536:D:/Projekty/TrinityTrack6000/MainControlBoard/Infineon/XMC4200/Libraries/CMSIS/Include\core_cm4.h **** */
1537:D:/Projekty/TrinityTrack6000/MainControlBoard/Infineon/XMC4200/Libraries/CMSIS/Include\core_cm4.h **** #define _FLD2VAL(field, value)    (((uint32_t)(value) & field ## _Msk) >> field ## _Pos)
1538:D:/Projekty/TrinityTrack6000/MainControlBoard/Infineon/XMC4200/Libraries/CMSIS/Include\core_cm4.h **** 
1539:D:/Projekty/TrinityTrack6000/MainControlBoard/Infineon/XMC4200/Libraries/CMSIS/Include\core_cm4.h **** /*@} end of group CMSIS_core_bitfield */
1540:D:/Projekty/TrinityTrack6000/MainControlBoard/Infineon/XMC4200/Libraries/CMSIS/Include\core_cm4.h **** 
1541:D:/Projekty/TrinityTrack6000/MainControlBoard/Infineon/XMC4200/Libraries/CMSIS/Include\core_cm4.h **** 
1542:D:/Projekty/TrinityTrack6000/MainControlBoard/Infineon/XMC4200/Libraries/CMSIS/Include\core_cm4.h **** /**
1543:D:/Projekty/TrinityTrack6000/MainControlBoard/Infineon/XMC4200/Libraries/CMSIS/Include\core_cm4.h ****   \ingroup    CMSIS_core_register
1544:D:/Projekty/TrinityTrack6000/MainControlBoard/Infineon/XMC4200/Libraries/CMSIS/Include\core_cm4.h ****   \defgroup   CMSIS_core_base     Core Definitions
1545:D:/Projekty/TrinityTrack6000/MainControlBoard/Infineon/XMC4200/Libraries/CMSIS/Include\core_cm4.h ****   \brief      Definitions for base addresses, unions, and structures.
1546:D:/Projekty/TrinityTrack6000/MainControlBoard/Infineon/XMC4200/Libraries/CMSIS/Include\core_cm4.h ****   @{
1547:D:/Projekty/TrinityTrack6000/MainControlBoard/Infineon/XMC4200/Libraries/CMSIS/Include\core_cm4.h ****  */
1548:D:/Projekty/TrinityTrack6000/MainControlBoard/Infineon/XMC4200/Libraries/CMSIS/Include\core_cm4.h **** 
1549:D:/Projekty/TrinityTrack6000/MainControlBoard/Infineon/XMC4200/Libraries/CMSIS/Include\core_cm4.h **** /* Memory mapping of Core Hardware */
1550:D:/Projekty/TrinityTrack6000/MainControlBoard/Infineon/XMC4200/Libraries/CMSIS/Include\core_cm4.h **** #define SCS_BASE            (0xE000E000UL)                            /*!< System Control Space Bas
1551:D:/Projekty/TrinityTrack6000/MainControlBoard/Infineon/XMC4200/Libraries/CMSIS/Include\core_cm4.h **** #define ITM_BASE            (0xE0000000UL)                            /*!< ITM Base Address */
1552:D:/Projekty/TrinityTrack6000/MainControlBoard/Infineon/XMC4200/Libraries/CMSIS/Include\core_cm4.h **** #define DWT_BASE            (0xE0001000UL)                            /*!< DWT Base Address */
1553:D:/Projekty/TrinityTrack6000/MainControlBoard/Infineon/XMC4200/Libraries/CMSIS/Include\core_cm4.h **** #define TPI_BASE            (0xE0040000UL)                            /*!< TPI Base Address */
1554:D:/Projekty/TrinityTrack6000/MainControlBoard/Infineon/XMC4200/Libraries/CMSIS/Include\core_cm4.h **** #define CoreDebug_BASE      (0xE000EDF0UL)                            /*!< Core Debug Base Address 
1555:D:/Projekty/TrinityTrack6000/MainControlBoard/Infineon/XMC4200/Libraries/CMSIS/Include\core_cm4.h **** #define SysTick_BASE        (SCS_BASE +  0x0010UL)                    /*!< SysTick Base Address */
1556:D:/Projekty/TrinityTrack6000/MainControlBoard/Infineon/XMC4200/Libraries/CMSIS/Include\core_cm4.h **** #define NVIC_BASE           (SCS_BASE +  0x0100UL)                    /*!< NVIC Base Address */
1557:D:/Projekty/TrinityTrack6000/MainControlBoard/Infineon/XMC4200/Libraries/CMSIS/Include\core_cm4.h **** #define SCB_BASE            (SCS_BASE +  0x0D00UL)                    /*!< System Control Block Bas
1558:D:/Projekty/TrinityTrack6000/MainControlBoard/Infineon/XMC4200/Libraries/CMSIS/Include\core_cm4.h **** 
1559:D:/Projekty/TrinityTrack6000/MainControlBoard/Infineon/XMC4200/Libraries/CMSIS/Include\core_cm4.h **** #define SCnSCB              ((SCnSCB_Type    *)     SCS_BASE      )   /*!< System control Register 
1560:D:/Projekty/TrinityTrack6000/MainControlBoard/Infineon/XMC4200/Libraries/CMSIS/Include\core_cm4.h **** #define SCB                 ((SCB_Type       *)     SCB_BASE      )   /*!< SCB configuration struct
1561:D:/Projekty/TrinityTrack6000/MainControlBoard/Infineon/XMC4200/Libraries/CMSIS/Include\core_cm4.h **** #define SysTick             ((SysTick_Type   *)     SysTick_BASE  )   /*!< SysTick configuration st
1562:D:/Projekty/TrinityTrack6000/MainControlBoard/Infineon/XMC4200/Libraries/CMSIS/Include\core_cm4.h **** #define NVIC                ((NVIC_Type      *)     NVIC_BASE     )   /*!< NVIC configuration struc
1563:D:/Projekty/TrinityTrack6000/MainControlBoard/Infineon/XMC4200/Libraries/CMSIS/Include\core_cm4.h **** #define ITM                 ((ITM_Type       *)     ITM_BASE      )   /*!< ITM configuration struct
1564:D:/Projekty/TrinityTrack6000/MainControlBoard/Infineon/XMC4200/Libraries/CMSIS/Include\core_cm4.h **** #define DWT                 ((DWT_Type       *)     DWT_BASE      )   /*!< DWT configuration struct
1565:D:/Projekty/TrinityTrack6000/MainControlBoard/Infineon/XMC4200/Libraries/CMSIS/Include\core_cm4.h **** #define TPI                 ((TPI_Type       *)     TPI_BASE      )   /*!< TPI configuration struct
1566:D:/Projekty/TrinityTrack6000/MainControlBoard/Infineon/XMC4200/Libraries/CMSIS/Include\core_cm4.h **** #define CoreDebug           ((CoreDebug_Type *)     CoreDebug_BASE)   /*!< Core Debug configuration
1567:D:/Projekty/TrinityTrack6000/MainControlBoard/Infineon/XMC4200/Libraries/CMSIS/Include\core_cm4.h **** 
1568:D:/Projekty/TrinityTrack6000/MainControlBoard/Infineon/XMC4200/Libraries/CMSIS/Include\core_cm4.h **** #if defined (__MPU_PRESENT) && (__MPU_PRESENT == 1U)
1569:D:/Projekty/TrinityTrack6000/MainControlBoard/Infineon/XMC4200/Libraries/CMSIS/Include\core_cm4.h ****   #define MPU_BASE          (SCS_BASE +  0x0D90UL)                    /*!< Memory Protection Unit *
1570:D:/Projekty/TrinityTrack6000/MainControlBoard/Infineon/XMC4200/Libraries/CMSIS/Include\core_cm4.h ****   #define MPU               ((MPU_Type       *)     MPU_BASE      )   /*!< Memory Protection Unit *
1571:D:/Projekty/TrinityTrack6000/MainControlBoard/Infineon/XMC4200/Libraries/CMSIS/Include\core_cm4.h **** #endif
1572:D:/Projekty/TrinityTrack6000/MainControlBoard/Infineon/XMC4200/Libraries/CMSIS/Include\core_cm4.h **** 
1573:D:/Projekty/TrinityTrack6000/MainControlBoard/Infineon/XMC4200/Libraries/CMSIS/Include\core_cm4.h **** #define FPU_BASE            (SCS_BASE +  0x0F30UL)                    /*!< Floating Point Unit */
1574:D:/Projekty/TrinityTrack6000/MainControlBoard/Infineon/XMC4200/Libraries/CMSIS/Include\core_cm4.h **** #define FPU                 ((FPU_Type       *)     FPU_BASE      )   /*!< Floating Point Unit */
1575:D:/Projekty/TrinityTrack6000/MainControlBoard/Infineon/XMC4200/Libraries/CMSIS/Include\core_cm4.h **** 
1576:D:/Projekty/TrinityTrack6000/MainControlBoard/Infineon/XMC4200/Libraries/CMSIS/Include\core_cm4.h **** /*@} */
1577:D:/Projekty/TrinityTrack6000/MainControlBoard/Infineon/XMC4200/Libraries/CMSIS/Include\core_cm4.h **** 
1578:D:/Projekty/TrinityTrack6000/MainControlBoard/Infineon/XMC4200/Libraries/CMSIS/Include\core_cm4.h **** 
1579:D:/Projekty/TrinityTrack6000/MainControlBoard/Infineon/XMC4200/Libraries/CMSIS/Include\core_cm4.h **** 
1580:D:/Projekty/TrinityTrack6000/MainControlBoard/Infineon/XMC4200/Libraries/CMSIS/Include\core_cm4.h **** /*******************************************************************************
1581:D:/Projekty/TrinityTrack6000/MainControlBoard/Infineon/XMC4200/Libraries/CMSIS/Include\core_cm4.h ****  *                Hardware Abstraction Layer
1582:D:/Projekty/TrinityTrack6000/MainControlBoard/Infineon/XMC4200/Libraries/CMSIS/Include\core_cm4.h ****   Core Function Interface contains:
1583:D:/Projekty/TrinityTrack6000/MainControlBoard/Infineon/XMC4200/Libraries/CMSIS/Include\core_cm4.h ****   - Core NVIC Functions
1584:D:/Projekty/TrinityTrack6000/MainControlBoard/Infineon/XMC4200/Libraries/CMSIS/Include\core_cm4.h ****   - Core SysTick Functions
1585:D:/Projekty/TrinityTrack6000/MainControlBoard/Infineon/XMC4200/Libraries/CMSIS/Include\core_cm4.h ****   - Core Debug Functions
1586:D:/Projekty/TrinityTrack6000/MainControlBoard/Infineon/XMC4200/Libraries/CMSIS/Include\core_cm4.h ****   - Core Register Access Functions
1587:D:/Projekty/TrinityTrack6000/MainControlBoard/Infineon/XMC4200/Libraries/CMSIS/Include\core_cm4.h ****  ******************************************************************************/
1588:D:/Projekty/TrinityTrack6000/MainControlBoard/Infineon/XMC4200/Libraries/CMSIS/Include\core_cm4.h **** /**
1589:D:/Projekty/TrinityTrack6000/MainControlBoard/Infineon/XMC4200/Libraries/CMSIS/Include\core_cm4.h ****   \defgroup CMSIS_Core_FunctionInterface Functions and Instructions Reference
1590:D:/Projekty/TrinityTrack6000/MainControlBoard/Infineon/XMC4200/Libraries/CMSIS/Include\core_cm4.h **** */
1591:D:/Projekty/TrinityTrack6000/MainControlBoard/Infineon/XMC4200/Libraries/CMSIS/Include\core_cm4.h **** 
1592:D:/Projekty/TrinityTrack6000/MainControlBoard/Infineon/XMC4200/Libraries/CMSIS/Include\core_cm4.h **** 
1593:D:/Projekty/TrinityTrack6000/MainControlBoard/Infineon/XMC4200/Libraries/CMSIS/Include\core_cm4.h **** 
1594:D:/Projekty/TrinityTrack6000/MainControlBoard/Infineon/XMC4200/Libraries/CMSIS/Include\core_cm4.h **** /* ##########################   NVIC functions  #################################### */
1595:D:/Projekty/TrinityTrack6000/MainControlBoard/Infineon/XMC4200/Libraries/CMSIS/Include\core_cm4.h **** /**
1596:D:/Projekty/TrinityTrack6000/MainControlBoard/Infineon/XMC4200/Libraries/CMSIS/Include\core_cm4.h ****   \ingroup  CMSIS_Core_FunctionInterface
1597:D:/Projekty/TrinityTrack6000/MainControlBoard/Infineon/XMC4200/Libraries/CMSIS/Include\core_cm4.h ****   \defgroup CMSIS_Core_NVICFunctions NVIC Functions
1598:D:/Projekty/TrinityTrack6000/MainControlBoard/Infineon/XMC4200/Libraries/CMSIS/Include\core_cm4.h ****   \brief    Functions that manage interrupts and exceptions via the NVIC.
1599:D:/Projekty/TrinityTrack6000/MainControlBoard/Infineon/XMC4200/Libraries/CMSIS/Include\core_cm4.h ****   @{
1600:D:/Projekty/TrinityTrack6000/MainControlBoard/Infineon/XMC4200/Libraries/CMSIS/Include\core_cm4.h ****  */
1601:D:/Projekty/TrinityTrack6000/MainControlBoard/Infineon/XMC4200/Libraries/CMSIS/Include\core_cm4.h **** 
1602:D:/Projekty/TrinityTrack6000/MainControlBoard/Infineon/XMC4200/Libraries/CMSIS/Include\core_cm4.h **** #ifdef CMSIS_NVIC_VIRTUAL
1603:D:/Projekty/TrinityTrack6000/MainControlBoard/Infineon/XMC4200/Libraries/CMSIS/Include\core_cm4.h ****   #ifndef CMSIS_NVIC_VIRTUAL_HEADER_FILE
1604:D:/Projekty/TrinityTrack6000/MainControlBoard/Infineon/XMC4200/Libraries/CMSIS/Include\core_cm4.h ****     #define CMSIS_NVIC_VIRTUAL_HEADER_FILE "cmsis_nvic_virtual.h"
1605:D:/Projekty/TrinityTrack6000/MainControlBoard/Infineon/XMC4200/Libraries/CMSIS/Include\core_cm4.h ****   #endif
1606:D:/Projekty/TrinityTrack6000/MainControlBoard/Infineon/XMC4200/Libraries/CMSIS/Include\core_cm4.h ****   #include CMSIS_NVIC_VIRTUAL_HEADER_FILE
1607:D:/Projekty/TrinityTrack6000/MainControlBoard/Infineon/XMC4200/Libraries/CMSIS/Include\core_cm4.h **** #else
1608:D:/Projekty/TrinityTrack6000/MainControlBoard/Infineon/XMC4200/Libraries/CMSIS/Include\core_cm4.h ****   #define NVIC_SetPriorityGrouping    __NVIC_SetPriorityGrouping
1609:D:/Projekty/TrinityTrack6000/MainControlBoard/Infineon/XMC4200/Libraries/CMSIS/Include\core_cm4.h ****   #define NVIC_GetPriorityGrouping    __NVIC_GetPriorityGrouping
1610:D:/Projekty/TrinityTrack6000/MainControlBoard/Infineon/XMC4200/Libraries/CMSIS/Include\core_cm4.h ****   #define NVIC_EnableIRQ              __NVIC_EnableIRQ
1611:D:/Projekty/TrinityTrack6000/MainControlBoard/Infineon/XMC4200/Libraries/CMSIS/Include\core_cm4.h ****   #define NVIC_GetEnableIRQ           __NVIC_GetEnableIRQ
1612:D:/Projekty/TrinityTrack6000/MainControlBoard/Infineon/XMC4200/Libraries/CMSIS/Include\core_cm4.h ****   #define NVIC_DisableIRQ             __NVIC_DisableIRQ
1613:D:/Projekty/TrinityTrack6000/MainControlBoard/Infineon/XMC4200/Libraries/CMSIS/Include\core_cm4.h ****   #define NVIC_GetPendingIRQ          __NVIC_GetPendingIRQ
1614:D:/Projekty/TrinityTrack6000/MainControlBoard/Infineon/XMC4200/Libraries/CMSIS/Include\core_cm4.h ****   #define NVIC_SetPendingIRQ          __NVIC_SetPendingIRQ
1615:D:/Projekty/TrinityTrack6000/MainControlBoard/Infineon/XMC4200/Libraries/CMSIS/Include\core_cm4.h ****   #define NVIC_ClearPendingIRQ        __NVIC_ClearPendingIRQ
1616:D:/Projekty/TrinityTrack6000/MainControlBoard/Infineon/XMC4200/Libraries/CMSIS/Include\core_cm4.h ****   #define NVIC_GetActive              __NVIC_GetActive
1617:D:/Projekty/TrinityTrack6000/MainControlBoard/Infineon/XMC4200/Libraries/CMSIS/Include\core_cm4.h ****   #define NVIC_SetPriority            __NVIC_SetPriority
1618:D:/Projekty/TrinityTrack6000/MainControlBoard/Infineon/XMC4200/Libraries/CMSIS/Include\core_cm4.h ****   #define NVIC_GetPriority            __NVIC_GetPriority
1619:D:/Projekty/TrinityTrack6000/MainControlBoard/Infineon/XMC4200/Libraries/CMSIS/Include\core_cm4.h ****   #define NVIC_SystemReset            __NVIC_SystemReset
1620:D:/Projekty/TrinityTrack6000/MainControlBoard/Infineon/XMC4200/Libraries/CMSIS/Include\core_cm4.h **** #endif /* CMSIS_NVIC_VIRTUAL */
1621:D:/Projekty/TrinityTrack6000/MainControlBoard/Infineon/XMC4200/Libraries/CMSIS/Include\core_cm4.h **** 
1622:D:/Projekty/TrinityTrack6000/MainControlBoard/Infineon/XMC4200/Libraries/CMSIS/Include\core_cm4.h **** #ifdef CMSIS_VECTAB_VIRTUAL
1623:D:/Projekty/TrinityTrack6000/MainControlBoard/Infineon/XMC4200/Libraries/CMSIS/Include\core_cm4.h ****   #ifndef CMSIS_VECTAB_VIRTUAL_HEADER_FILE
1624:D:/Projekty/TrinityTrack6000/MainControlBoard/Infineon/XMC4200/Libraries/CMSIS/Include\core_cm4.h ****     #define CMSIS_VECTAB_VIRTUAL_HEADER_FILE "cmsis_vectab_virtual.h"
1625:D:/Projekty/TrinityTrack6000/MainControlBoard/Infineon/XMC4200/Libraries/CMSIS/Include\core_cm4.h ****   #endif
1626:D:/Projekty/TrinityTrack6000/MainControlBoard/Infineon/XMC4200/Libraries/CMSIS/Include\core_cm4.h ****   #include CMSIS_VECTAB_VIRTUAL_HEADER_FILE
1627:D:/Projekty/TrinityTrack6000/MainControlBoard/Infineon/XMC4200/Libraries/CMSIS/Include\core_cm4.h **** #else
1628:D:/Projekty/TrinityTrack6000/MainControlBoard/Infineon/XMC4200/Libraries/CMSIS/Include\core_cm4.h ****   #define NVIC_SetVector              __NVIC_SetVector
1629:D:/Projekty/TrinityTrack6000/MainControlBoard/Infineon/XMC4200/Libraries/CMSIS/Include\core_cm4.h ****   #define NVIC_GetVector              __NVIC_GetVector
1630:D:/Projekty/TrinityTrack6000/MainControlBoard/Infineon/XMC4200/Libraries/CMSIS/Include\core_cm4.h **** #endif  /* (CMSIS_VECTAB_VIRTUAL) */
1631:D:/Projekty/TrinityTrack6000/MainControlBoard/Infineon/XMC4200/Libraries/CMSIS/Include\core_cm4.h **** 
1632:D:/Projekty/TrinityTrack6000/MainControlBoard/Infineon/XMC4200/Libraries/CMSIS/Include\core_cm4.h **** #define NVIC_USER_IRQ_OFFSET          16
1633:D:/Projekty/TrinityTrack6000/MainControlBoard/Infineon/XMC4200/Libraries/CMSIS/Include\core_cm4.h **** 
1634:D:/Projekty/TrinityTrack6000/MainControlBoard/Infineon/XMC4200/Libraries/CMSIS/Include\core_cm4.h **** 
1635:D:/Projekty/TrinityTrack6000/MainControlBoard/Infineon/XMC4200/Libraries/CMSIS/Include\core_cm4.h **** /* The following EXC_RETURN values are saved the LR on exception entry */
1636:D:/Projekty/TrinityTrack6000/MainControlBoard/Infineon/XMC4200/Libraries/CMSIS/Include\core_cm4.h **** #define EXC_RETURN_HANDLER         (0xFFFFFFF1UL)     /* return to Handler mode, uses MSP after ret
1637:D:/Projekty/TrinityTrack6000/MainControlBoard/Infineon/XMC4200/Libraries/CMSIS/Include\core_cm4.h **** #define EXC_RETURN_THREAD_MSP      (0xFFFFFFF9UL)     /* return to Thread mode, uses MSP after retu
1638:D:/Projekty/TrinityTrack6000/MainControlBoard/Infineon/XMC4200/Libraries/CMSIS/Include\core_cm4.h **** #define EXC_RETURN_THREAD_PSP      (0xFFFFFFFDUL)     /* return to Thread mode, uses PSP after retu
1639:D:/Projekty/TrinityTrack6000/MainControlBoard/Infineon/XMC4200/Libraries/CMSIS/Include\core_cm4.h **** #define EXC_RETURN_HANDLER_FPU     (0xFFFFFFE1UL)     /* return to Handler mode, uses MSP after ret
1640:D:/Projekty/TrinityTrack6000/MainControlBoard/Infineon/XMC4200/Libraries/CMSIS/Include\core_cm4.h **** #define EXC_RETURN_THREAD_MSP_FPU  (0xFFFFFFE9UL)     /* return to Thread mode, uses MSP after retu
1641:D:/Projekty/TrinityTrack6000/MainControlBoard/Infineon/XMC4200/Libraries/CMSIS/Include\core_cm4.h **** #define EXC_RETURN_THREAD_PSP_FPU  (0xFFFFFFEDUL)     /* return to Thread mode, uses PSP after retu
1642:D:/Projekty/TrinityTrack6000/MainControlBoard/Infineon/XMC4200/Libraries/CMSIS/Include\core_cm4.h **** 
1643:D:/Projekty/TrinityTrack6000/MainControlBoard/Infineon/XMC4200/Libraries/CMSIS/Include\core_cm4.h **** 
1644:D:/Projekty/TrinityTrack6000/MainControlBoard/Infineon/XMC4200/Libraries/CMSIS/Include\core_cm4.h **** /**
1645:D:/Projekty/TrinityTrack6000/MainControlBoard/Infineon/XMC4200/Libraries/CMSIS/Include\core_cm4.h ****   \brief   Set Priority Grouping
1646:D:/Projekty/TrinityTrack6000/MainControlBoard/Infineon/XMC4200/Libraries/CMSIS/Include\core_cm4.h ****   \details Sets the priority grouping field using the required unlock sequence.
1647:D:/Projekty/TrinityTrack6000/MainControlBoard/Infineon/XMC4200/Libraries/CMSIS/Include\core_cm4.h ****            The parameter PriorityGroup is assigned to the field SCB->AIRCR [10:8] PRIGROUP field.
1648:D:/Projekty/TrinityTrack6000/MainControlBoard/Infineon/XMC4200/Libraries/CMSIS/Include\core_cm4.h ****            Only values from 0..7 are used.
1649:D:/Projekty/TrinityTrack6000/MainControlBoard/Infineon/XMC4200/Libraries/CMSIS/Include\core_cm4.h ****            In case of a conflict between priority grouping and available
1650:D:/Projekty/TrinityTrack6000/MainControlBoard/Infineon/XMC4200/Libraries/CMSIS/Include\core_cm4.h ****            priority bits (__NVIC_PRIO_BITS), the smallest possible priority group is set.
1651:D:/Projekty/TrinityTrack6000/MainControlBoard/Infineon/XMC4200/Libraries/CMSIS/Include\core_cm4.h ****   \param [in]      PriorityGroup  Priority grouping field.
1652:D:/Projekty/TrinityTrack6000/MainControlBoard/Infineon/XMC4200/Libraries/CMSIS/Include\core_cm4.h ****  */
1653:D:/Projekty/TrinityTrack6000/MainControlBoard/Infineon/XMC4200/Libraries/CMSIS/Include\core_cm4.h **** __STATIC_INLINE void __NVIC_SetPriorityGrouping(uint32_t PriorityGroup)
1654:D:/Projekty/TrinityTrack6000/MainControlBoard/Infineon/XMC4200/Libraries/CMSIS/Include\core_cm4.h **** {
1655:D:/Projekty/TrinityTrack6000/MainControlBoard/Infineon/XMC4200/Libraries/CMSIS/Include\core_cm4.h ****   uint32_t reg_value;
1656:D:/Projekty/TrinityTrack6000/MainControlBoard/Infineon/XMC4200/Libraries/CMSIS/Include\core_cm4.h ****   uint32_t PriorityGroupTmp = (PriorityGroup & (uint32_t)0x07UL);             /* only values 0..7 a
1657:D:/Projekty/TrinityTrack6000/MainControlBoard/Infineon/XMC4200/Libraries/CMSIS/Include\core_cm4.h **** 
1658:D:/Projekty/TrinityTrack6000/MainControlBoard/Infineon/XMC4200/Libraries/CMSIS/Include\core_cm4.h ****   reg_value  =  SCB->AIRCR;                                                   /* read old register 
1659:D:/Projekty/TrinityTrack6000/MainControlBoard/Infineon/XMC4200/Libraries/CMSIS/Include\core_cm4.h ****   reg_value &= ~((uint32_t)(SCB_AIRCR_VECTKEY_Msk | SCB_AIRCR_PRIGROUP_Msk)); /* clear bits to chan
1660:D:/Projekty/TrinityTrack6000/MainControlBoard/Infineon/XMC4200/Libraries/CMSIS/Include\core_cm4.h ****   reg_value  =  (reg_value                                   |
1661:D:/Projekty/TrinityTrack6000/MainControlBoard/Infineon/XMC4200/Libraries/CMSIS/Include\core_cm4.h ****                 ((uint32_t)0x5FAUL << SCB_AIRCR_VECTKEY_Pos) |
1662:D:/Projekty/TrinityTrack6000/MainControlBoard/Infineon/XMC4200/Libraries/CMSIS/Include\core_cm4.h ****                 (PriorityGroupTmp << SCB_AIRCR_PRIGROUP_Pos)  );              /* Insert write key a
1663:D:/Projekty/TrinityTrack6000/MainControlBoard/Infineon/XMC4200/Libraries/CMSIS/Include\core_cm4.h ****   SCB->AIRCR =  reg_value;
1664:D:/Projekty/TrinityTrack6000/MainControlBoard/Infineon/XMC4200/Libraries/CMSIS/Include\core_cm4.h **** }
1665:D:/Projekty/TrinityTrack6000/MainControlBoard/Infineon/XMC4200/Libraries/CMSIS/Include\core_cm4.h **** 
1666:D:/Projekty/TrinityTrack6000/MainControlBoard/Infineon/XMC4200/Libraries/CMSIS/Include\core_cm4.h **** 
1667:D:/Projekty/TrinityTrack6000/MainControlBoard/Infineon/XMC4200/Libraries/CMSIS/Include\core_cm4.h **** /**
1668:D:/Projekty/TrinityTrack6000/MainControlBoard/Infineon/XMC4200/Libraries/CMSIS/Include\core_cm4.h ****   \brief   Get Priority Grouping
1669:D:/Projekty/TrinityTrack6000/MainControlBoard/Infineon/XMC4200/Libraries/CMSIS/Include\core_cm4.h ****   \details Reads the priority grouping field from the NVIC Interrupt Controller.
1670:D:/Projekty/TrinityTrack6000/MainControlBoard/Infineon/XMC4200/Libraries/CMSIS/Include\core_cm4.h ****   \return                Priority grouping field (SCB->AIRCR [10:8] PRIGROUP field).
1671:D:/Projekty/TrinityTrack6000/MainControlBoard/Infineon/XMC4200/Libraries/CMSIS/Include\core_cm4.h ****  */
1672:D:/Projekty/TrinityTrack6000/MainControlBoard/Infineon/XMC4200/Libraries/CMSIS/Include\core_cm4.h **** __STATIC_INLINE uint32_t __NVIC_GetPriorityGrouping(void)
1673:D:/Projekty/TrinityTrack6000/MainControlBoard/Infineon/XMC4200/Libraries/CMSIS/Include\core_cm4.h **** {
  27              	 .loc 1 1673 0
  28              	 .cfi_startproc
  29              	 
  30              	 
  31              	 
  32 0000 80B4     	 push {r7}
  33              	.LCFI0:
  34              	 .cfi_def_cfa_offset 4
  35              	 .cfi_offset 7,-4
  36 0002 00AF     	 add r7,sp,#0
  37              	.LCFI1:
  38              	 .cfi_def_cfa_register 7
1674:D:/Projekty/TrinityTrack6000/MainControlBoard/Infineon/XMC4200/Libraries/CMSIS/Include\core_cm4.h ****   return ((uint32_t)((SCB->AIRCR & SCB_AIRCR_PRIGROUP_Msk) >> SCB_AIRCR_PRIGROUP_Pos));
  39              	 .loc 1 1674 0
  40 0004 044B     	 ldr r3,.L3
  41 0006 DB68     	 ldr r3,[r3,#12]
  42 0008 03F4E063 	 and r3,r3,#1792
  43 000c 1B0A     	 lsrs r3,r3,#8
1675:D:/Projekty/TrinityTrack6000/MainControlBoard/Infineon/XMC4200/Libraries/CMSIS/Include\core_cm4.h **** }
  44              	 .loc 1 1675 0
  45 000e 1846     	 mov r0,r3
  46 0010 BD46     	 mov sp,r7
  47              	.LCFI2:
  48              	 .cfi_def_cfa_register 13
  49              	 
  50 0012 5DF8047B 	 ldr r7,[sp],#4
  51              	.LCFI3:
  52              	 .cfi_restore 7
  53              	 .cfi_def_cfa_offset 0
  54 0016 7047     	 bx lr
  55              	.L4:
  56              	 .align 2
  57              	.L3:
  58 0018 00ED00E0 	 .word -536810240
  59              	 .cfi_endproc
  60              	.LFE106:
  62              	 .section .text.__NVIC_EnableIRQ,"ax",%progbits
  63              	 .align 2
  64              	 .thumb
  65              	 .thumb_func
  67              	__NVIC_EnableIRQ:
  68              	.LFB107:
1676:D:/Projekty/TrinityTrack6000/MainControlBoard/Infineon/XMC4200/Libraries/CMSIS/Include\core_cm4.h **** 
1677:D:/Projekty/TrinityTrack6000/MainControlBoard/Infineon/XMC4200/Libraries/CMSIS/Include\core_cm4.h **** 
1678:D:/Projekty/TrinityTrack6000/MainControlBoard/Infineon/XMC4200/Libraries/CMSIS/Include\core_cm4.h **** /**
1679:D:/Projekty/TrinityTrack6000/MainControlBoard/Infineon/XMC4200/Libraries/CMSIS/Include\core_cm4.h ****   \brief   Enable Interrupt
1680:D:/Projekty/TrinityTrack6000/MainControlBoard/Infineon/XMC4200/Libraries/CMSIS/Include\core_cm4.h ****   \details Enables a device specific interrupt in the NVIC interrupt controller.
1681:D:/Projekty/TrinityTrack6000/MainControlBoard/Infineon/XMC4200/Libraries/CMSIS/Include\core_cm4.h ****   \param [in]      IRQn  Device specific interrupt number.
1682:D:/Projekty/TrinityTrack6000/MainControlBoard/Infineon/XMC4200/Libraries/CMSIS/Include\core_cm4.h ****   \note    IRQn must not be negative.
1683:D:/Projekty/TrinityTrack6000/MainControlBoard/Infineon/XMC4200/Libraries/CMSIS/Include\core_cm4.h ****  */
1684:D:/Projekty/TrinityTrack6000/MainControlBoard/Infineon/XMC4200/Libraries/CMSIS/Include\core_cm4.h **** __STATIC_INLINE void __NVIC_EnableIRQ(IRQn_Type IRQn)
1685:D:/Projekty/TrinityTrack6000/MainControlBoard/Infineon/XMC4200/Libraries/CMSIS/Include\core_cm4.h **** {
  69              	 .loc 1 1685 0
  70              	 .cfi_startproc
  71              	 
  72              	 
  73              	 
  74 0000 80B4     	 push {r7}
  75              	.LCFI4:
  76              	 .cfi_def_cfa_offset 4
  77              	 .cfi_offset 7,-4
  78 0002 83B0     	 sub sp,sp,#12
  79              	.LCFI5:
  80              	 .cfi_def_cfa_offset 16
  81 0004 00AF     	 add r7,sp,#0
  82              	.LCFI6:
  83              	 .cfi_def_cfa_register 7
  84 0006 0346     	 mov r3,r0
  85 0008 FB71     	 strb r3,[r7,#7]
1686:D:/Projekty/TrinityTrack6000/MainControlBoard/Infineon/XMC4200/Libraries/CMSIS/Include\core_cm4.h ****   if ((int32_t)(IRQn) >= 0)
  86              	 .loc 1 1686 0
  87 000a 97F90730 	 ldrsb r3,[r7,#7]
  88 000e 002B     	 cmp r3,#0
  89 0010 0BDB     	 blt .L5
1687:D:/Projekty/TrinityTrack6000/MainControlBoard/Infineon/XMC4200/Libraries/CMSIS/Include\core_cm4.h ****   {
1688:D:/Projekty/TrinityTrack6000/MainControlBoard/Infineon/XMC4200/Libraries/CMSIS/Include\core_cm4.h ****     __COMPILER_BARRIER();
  90              	 .loc 1 1688 0
1689:D:/Projekty/TrinityTrack6000/MainControlBoard/Infineon/XMC4200/Libraries/CMSIS/Include\core_cm4.h ****     NVIC->ISER[(((uint32_t)IRQn) >> 5UL)] = (uint32_t)(1UL << (((uint32_t)IRQn) & 0x1FUL));
  91              	 .loc 1 1689 0
  92 0012 0849     	 ldr r1,.L7
  93 0014 97F90730 	 ldrsb r3,[r7,#7]
  94 0018 5B09     	 lsrs r3,r3,#5
  95 001a FA79     	 ldrb r2,[r7,#7]
  96 001c 02F01F02 	 and r2,r2,#31
  97 0020 0120     	 movs r0,#1
  98 0022 00FA02F2 	 lsl r2,r0,r2
  99 0026 41F82320 	 str r2,[r1,r3,lsl#2]
1690:D:/Projekty/TrinityTrack6000/MainControlBoard/Infineon/XMC4200/Libraries/CMSIS/Include\core_cm4.h ****     __COMPILER_BARRIER();
 100              	 .loc 1 1690 0
 101              	.L5:
1691:D:/Projekty/TrinityTrack6000/MainControlBoard/Infineon/XMC4200/Libraries/CMSIS/Include\core_cm4.h ****   }
1692:D:/Projekty/TrinityTrack6000/MainControlBoard/Infineon/XMC4200/Libraries/CMSIS/Include\core_cm4.h **** }
 102              	 .loc 1 1692 0
 103 002a 0C37     	 adds r7,r7,#12
 104              	.LCFI7:
 105              	 .cfi_def_cfa_offset 4
 106 002c BD46     	 mov sp,r7
 107              	.LCFI8:
 108              	 .cfi_def_cfa_register 13
 109              	 
 110 002e 5DF8047B 	 ldr r7,[sp],#4
 111              	.LCFI9:
 112              	 .cfi_restore 7
 113              	 .cfi_def_cfa_offset 0
 114 0032 7047     	 bx lr
 115              	.L8:
 116              	 .align 2
 117              	.L7:
 118 0034 00E100E0 	 .word -536813312
 119              	 .cfi_endproc
 120              	.LFE107:
 122              	 .section .text.__NVIC_SetPriority,"ax",%progbits
 123              	 .align 2
 124              	 .thumb
 125              	 .thumb_func
 127              	__NVIC_SetPriority:
 128              	.LFB114:
1693:D:/Projekty/TrinityTrack6000/MainControlBoard/Infineon/XMC4200/Libraries/CMSIS/Include\core_cm4.h **** 
1694:D:/Projekty/TrinityTrack6000/MainControlBoard/Infineon/XMC4200/Libraries/CMSIS/Include\core_cm4.h **** 
1695:D:/Projekty/TrinityTrack6000/MainControlBoard/Infineon/XMC4200/Libraries/CMSIS/Include\core_cm4.h **** /**
1696:D:/Projekty/TrinityTrack6000/MainControlBoard/Infineon/XMC4200/Libraries/CMSIS/Include\core_cm4.h ****   \brief   Get Interrupt Enable status
1697:D:/Projekty/TrinityTrack6000/MainControlBoard/Infineon/XMC4200/Libraries/CMSIS/Include\core_cm4.h ****   \details Returns a device specific interrupt enable status from the NVIC interrupt controller.
1698:D:/Projekty/TrinityTrack6000/MainControlBoard/Infineon/XMC4200/Libraries/CMSIS/Include\core_cm4.h ****   \param [in]      IRQn  Device specific interrupt number.
1699:D:/Projekty/TrinityTrack6000/MainControlBoard/Infineon/XMC4200/Libraries/CMSIS/Include\core_cm4.h ****   \return             0  Interrupt is not enabled.
1700:D:/Projekty/TrinityTrack6000/MainControlBoard/Infineon/XMC4200/Libraries/CMSIS/Include\core_cm4.h ****   \return             1  Interrupt is enabled.
1701:D:/Projekty/TrinityTrack6000/MainControlBoard/Infineon/XMC4200/Libraries/CMSIS/Include\core_cm4.h ****   \note    IRQn must not be negative.
1702:D:/Projekty/TrinityTrack6000/MainControlBoard/Infineon/XMC4200/Libraries/CMSIS/Include\core_cm4.h ****  */
1703:D:/Projekty/TrinityTrack6000/MainControlBoard/Infineon/XMC4200/Libraries/CMSIS/Include\core_cm4.h **** __STATIC_INLINE uint32_t __NVIC_GetEnableIRQ(IRQn_Type IRQn)
1704:D:/Projekty/TrinityTrack6000/MainControlBoard/Infineon/XMC4200/Libraries/CMSIS/Include\core_cm4.h **** {
1705:D:/Projekty/TrinityTrack6000/MainControlBoard/Infineon/XMC4200/Libraries/CMSIS/Include\core_cm4.h ****   if ((int32_t)(IRQn) >= 0)
1706:D:/Projekty/TrinityTrack6000/MainControlBoard/Infineon/XMC4200/Libraries/CMSIS/Include\core_cm4.h ****   {
1707:D:/Projekty/TrinityTrack6000/MainControlBoard/Infineon/XMC4200/Libraries/CMSIS/Include\core_cm4.h ****     return((uint32_t)(((NVIC->ISER[(((uint32_t)IRQn) >> 5UL)] & (1UL << (((uint32_t)IRQn) & 0x1FUL)
1708:D:/Projekty/TrinityTrack6000/MainControlBoard/Infineon/XMC4200/Libraries/CMSIS/Include\core_cm4.h ****   }
1709:D:/Projekty/TrinityTrack6000/MainControlBoard/Infineon/XMC4200/Libraries/CMSIS/Include\core_cm4.h ****   else
1710:D:/Projekty/TrinityTrack6000/MainControlBoard/Infineon/XMC4200/Libraries/CMSIS/Include\core_cm4.h ****   {
1711:D:/Projekty/TrinityTrack6000/MainControlBoard/Infineon/XMC4200/Libraries/CMSIS/Include\core_cm4.h ****     return(0U);
1712:D:/Projekty/TrinityTrack6000/MainControlBoard/Infineon/XMC4200/Libraries/CMSIS/Include\core_cm4.h ****   }
1713:D:/Projekty/TrinityTrack6000/MainControlBoard/Infineon/XMC4200/Libraries/CMSIS/Include\core_cm4.h **** }
1714:D:/Projekty/TrinityTrack6000/MainControlBoard/Infineon/XMC4200/Libraries/CMSIS/Include\core_cm4.h **** 
1715:D:/Projekty/TrinityTrack6000/MainControlBoard/Infineon/XMC4200/Libraries/CMSIS/Include\core_cm4.h **** 
1716:D:/Projekty/TrinityTrack6000/MainControlBoard/Infineon/XMC4200/Libraries/CMSIS/Include\core_cm4.h **** /**
1717:D:/Projekty/TrinityTrack6000/MainControlBoard/Infineon/XMC4200/Libraries/CMSIS/Include\core_cm4.h ****   \brief   Disable Interrupt
1718:D:/Projekty/TrinityTrack6000/MainControlBoard/Infineon/XMC4200/Libraries/CMSIS/Include\core_cm4.h ****   \details Disables a device specific interrupt in the NVIC interrupt controller.
1719:D:/Projekty/TrinityTrack6000/MainControlBoard/Infineon/XMC4200/Libraries/CMSIS/Include\core_cm4.h ****   \param [in]      IRQn  Device specific interrupt number.
1720:D:/Projekty/TrinityTrack6000/MainControlBoard/Infineon/XMC4200/Libraries/CMSIS/Include\core_cm4.h ****   \note    IRQn must not be negative.
1721:D:/Projekty/TrinityTrack6000/MainControlBoard/Infineon/XMC4200/Libraries/CMSIS/Include\core_cm4.h ****  */
1722:D:/Projekty/TrinityTrack6000/MainControlBoard/Infineon/XMC4200/Libraries/CMSIS/Include\core_cm4.h **** __STATIC_INLINE void __NVIC_DisableIRQ(IRQn_Type IRQn)
1723:D:/Projekty/TrinityTrack6000/MainControlBoard/Infineon/XMC4200/Libraries/CMSIS/Include\core_cm4.h **** {
1724:D:/Projekty/TrinityTrack6000/MainControlBoard/Infineon/XMC4200/Libraries/CMSIS/Include\core_cm4.h ****   if ((int32_t)(IRQn) >= 0)
1725:D:/Projekty/TrinityTrack6000/MainControlBoard/Infineon/XMC4200/Libraries/CMSIS/Include\core_cm4.h ****   {
1726:D:/Projekty/TrinityTrack6000/MainControlBoard/Infineon/XMC4200/Libraries/CMSIS/Include\core_cm4.h ****     NVIC->ICER[(((uint32_t)IRQn) >> 5UL)] = (uint32_t)(1UL << (((uint32_t)IRQn) & 0x1FUL));
1727:D:/Projekty/TrinityTrack6000/MainControlBoard/Infineon/XMC4200/Libraries/CMSIS/Include\core_cm4.h ****     __DSB();
1728:D:/Projekty/TrinityTrack6000/MainControlBoard/Infineon/XMC4200/Libraries/CMSIS/Include\core_cm4.h ****     __ISB();
1729:D:/Projekty/TrinityTrack6000/MainControlBoard/Infineon/XMC4200/Libraries/CMSIS/Include\core_cm4.h ****   }
1730:D:/Projekty/TrinityTrack6000/MainControlBoard/Infineon/XMC4200/Libraries/CMSIS/Include\core_cm4.h **** }
1731:D:/Projekty/TrinityTrack6000/MainControlBoard/Infineon/XMC4200/Libraries/CMSIS/Include\core_cm4.h **** 
1732:D:/Projekty/TrinityTrack6000/MainControlBoard/Infineon/XMC4200/Libraries/CMSIS/Include\core_cm4.h **** 
1733:D:/Projekty/TrinityTrack6000/MainControlBoard/Infineon/XMC4200/Libraries/CMSIS/Include\core_cm4.h **** /**
1734:D:/Projekty/TrinityTrack6000/MainControlBoard/Infineon/XMC4200/Libraries/CMSIS/Include\core_cm4.h ****   \brief   Get Pending Interrupt
1735:D:/Projekty/TrinityTrack6000/MainControlBoard/Infineon/XMC4200/Libraries/CMSIS/Include\core_cm4.h ****   \details Reads the NVIC pending register and returns the pending bit for the specified device spe
1736:D:/Projekty/TrinityTrack6000/MainControlBoard/Infineon/XMC4200/Libraries/CMSIS/Include\core_cm4.h ****   \param [in]      IRQn  Device specific interrupt number.
1737:D:/Projekty/TrinityTrack6000/MainControlBoard/Infineon/XMC4200/Libraries/CMSIS/Include\core_cm4.h ****   \return             0  Interrupt status is not pending.
1738:D:/Projekty/TrinityTrack6000/MainControlBoard/Infineon/XMC4200/Libraries/CMSIS/Include\core_cm4.h ****   \return             1  Interrupt status is pending.
1739:D:/Projekty/TrinityTrack6000/MainControlBoard/Infineon/XMC4200/Libraries/CMSIS/Include\core_cm4.h ****   \note    IRQn must not be negative.
1740:D:/Projekty/TrinityTrack6000/MainControlBoard/Infineon/XMC4200/Libraries/CMSIS/Include\core_cm4.h ****  */
1741:D:/Projekty/TrinityTrack6000/MainControlBoard/Infineon/XMC4200/Libraries/CMSIS/Include\core_cm4.h **** __STATIC_INLINE uint32_t __NVIC_GetPendingIRQ(IRQn_Type IRQn)
1742:D:/Projekty/TrinityTrack6000/MainControlBoard/Infineon/XMC4200/Libraries/CMSIS/Include\core_cm4.h **** {
1743:D:/Projekty/TrinityTrack6000/MainControlBoard/Infineon/XMC4200/Libraries/CMSIS/Include\core_cm4.h ****   if ((int32_t)(IRQn) >= 0)
1744:D:/Projekty/TrinityTrack6000/MainControlBoard/Infineon/XMC4200/Libraries/CMSIS/Include\core_cm4.h ****   {
1745:D:/Projekty/TrinityTrack6000/MainControlBoard/Infineon/XMC4200/Libraries/CMSIS/Include\core_cm4.h ****     return((uint32_t)(((NVIC->ISPR[(((uint32_t)IRQn) >> 5UL)] & (1UL << (((uint32_t)IRQn) & 0x1FUL)
1746:D:/Projekty/TrinityTrack6000/MainControlBoard/Infineon/XMC4200/Libraries/CMSIS/Include\core_cm4.h ****   }
1747:D:/Projekty/TrinityTrack6000/MainControlBoard/Infineon/XMC4200/Libraries/CMSIS/Include\core_cm4.h ****   else
1748:D:/Projekty/TrinityTrack6000/MainControlBoard/Infineon/XMC4200/Libraries/CMSIS/Include\core_cm4.h ****   {
1749:D:/Projekty/TrinityTrack6000/MainControlBoard/Infineon/XMC4200/Libraries/CMSIS/Include\core_cm4.h ****     return(0U);
1750:D:/Projekty/TrinityTrack6000/MainControlBoard/Infineon/XMC4200/Libraries/CMSIS/Include\core_cm4.h ****   }
1751:D:/Projekty/TrinityTrack6000/MainControlBoard/Infineon/XMC4200/Libraries/CMSIS/Include\core_cm4.h **** }
1752:D:/Projekty/TrinityTrack6000/MainControlBoard/Infineon/XMC4200/Libraries/CMSIS/Include\core_cm4.h **** 
1753:D:/Projekty/TrinityTrack6000/MainControlBoard/Infineon/XMC4200/Libraries/CMSIS/Include\core_cm4.h **** 
1754:D:/Projekty/TrinityTrack6000/MainControlBoard/Infineon/XMC4200/Libraries/CMSIS/Include\core_cm4.h **** /**
1755:D:/Projekty/TrinityTrack6000/MainControlBoard/Infineon/XMC4200/Libraries/CMSIS/Include\core_cm4.h ****   \brief   Set Pending Interrupt
1756:D:/Projekty/TrinityTrack6000/MainControlBoard/Infineon/XMC4200/Libraries/CMSIS/Include\core_cm4.h ****   \details Sets the pending bit of a device specific interrupt in the NVIC pending register.
1757:D:/Projekty/TrinityTrack6000/MainControlBoard/Infineon/XMC4200/Libraries/CMSIS/Include\core_cm4.h ****   \param [in]      IRQn  Device specific interrupt number.
1758:D:/Projekty/TrinityTrack6000/MainControlBoard/Infineon/XMC4200/Libraries/CMSIS/Include\core_cm4.h ****   \note    IRQn must not be negative.
1759:D:/Projekty/TrinityTrack6000/MainControlBoard/Infineon/XMC4200/Libraries/CMSIS/Include\core_cm4.h ****  */
1760:D:/Projekty/TrinityTrack6000/MainControlBoard/Infineon/XMC4200/Libraries/CMSIS/Include\core_cm4.h **** __STATIC_INLINE void __NVIC_SetPendingIRQ(IRQn_Type IRQn)
1761:D:/Projekty/TrinityTrack6000/MainControlBoard/Infineon/XMC4200/Libraries/CMSIS/Include\core_cm4.h **** {
1762:D:/Projekty/TrinityTrack6000/MainControlBoard/Infineon/XMC4200/Libraries/CMSIS/Include\core_cm4.h ****   if ((int32_t)(IRQn) >= 0)
1763:D:/Projekty/TrinityTrack6000/MainControlBoard/Infineon/XMC4200/Libraries/CMSIS/Include\core_cm4.h ****   {
1764:D:/Projekty/TrinityTrack6000/MainControlBoard/Infineon/XMC4200/Libraries/CMSIS/Include\core_cm4.h ****     NVIC->ISPR[(((uint32_t)IRQn) >> 5UL)] = (uint32_t)(1UL << (((uint32_t)IRQn) & 0x1FUL));
1765:D:/Projekty/TrinityTrack6000/MainControlBoard/Infineon/XMC4200/Libraries/CMSIS/Include\core_cm4.h ****   }
1766:D:/Projekty/TrinityTrack6000/MainControlBoard/Infineon/XMC4200/Libraries/CMSIS/Include\core_cm4.h **** }
1767:D:/Projekty/TrinityTrack6000/MainControlBoard/Infineon/XMC4200/Libraries/CMSIS/Include\core_cm4.h **** 
1768:D:/Projekty/TrinityTrack6000/MainControlBoard/Infineon/XMC4200/Libraries/CMSIS/Include\core_cm4.h **** 
1769:D:/Projekty/TrinityTrack6000/MainControlBoard/Infineon/XMC4200/Libraries/CMSIS/Include\core_cm4.h **** /**
1770:D:/Projekty/TrinityTrack6000/MainControlBoard/Infineon/XMC4200/Libraries/CMSIS/Include\core_cm4.h ****   \brief   Clear Pending Interrupt
1771:D:/Projekty/TrinityTrack6000/MainControlBoard/Infineon/XMC4200/Libraries/CMSIS/Include\core_cm4.h ****   \details Clears the pending bit of a device specific interrupt in the NVIC pending register.
1772:D:/Projekty/TrinityTrack6000/MainControlBoard/Infineon/XMC4200/Libraries/CMSIS/Include\core_cm4.h ****   \param [in]      IRQn  Device specific interrupt number.
1773:D:/Projekty/TrinityTrack6000/MainControlBoard/Infineon/XMC4200/Libraries/CMSIS/Include\core_cm4.h ****   \note    IRQn must not be negative.
1774:D:/Projekty/TrinityTrack6000/MainControlBoard/Infineon/XMC4200/Libraries/CMSIS/Include\core_cm4.h ****  */
1775:D:/Projekty/TrinityTrack6000/MainControlBoard/Infineon/XMC4200/Libraries/CMSIS/Include\core_cm4.h **** __STATIC_INLINE void __NVIC_ClearPendingIRQ(IRQn_Type IRQn)
1776:D:/Projekty/TrinityTrack6000/MainControlBoard/Infineon/XMC4200/Libraries/CMSIS/Include\core_cm4.h **** {
1777:D:/Projekty/TrinityTrack6000/MainControlBoard/Infineon/XMC4200/Libraries/CMSIS/Include\core_cm4.h ****   if ((int32_t)(IRQn) >= 0)
1778:D:/Projekty/TrinityTrack6000/MainControlBoard/Infineon/XMC4200/Libraries/CMSIS/Include\core_cm4.h ****   {
1779:D:/Projekty/TrinityTrack6000/MainControlBoard/Infineon/XMC4200/Libraries/CMSIS/Include\core_cm4.h ****     NVIC->ICPR[(((uint32_t)IRQn) >> 5UL)] = (uint32_t)(1UL << (((uint32_t)IRQn) & 0x1FUL));
1780:D:/Projekty/TrinityTrack6000/MainControlBoard/Infineon/XMC4200/Libraries/CMSIS/Include\core_cm4.h ****   }
1781:D:/Projekty/TrinityTrack6000/MainControlBoard/Infineon/XMC4200/Libraries/CMSIS/Include\core_cm4.h **** }
1782:D:/Projekty/TrinityTrack6000/MainControlBoard/Infineon/XMC4200/Libraries/CMSIS/Include\core_cm4.h **** 
1783:D:/Projekty/TrinityTrack6000/MainControlBoard/Infineon/XMC4200/Libraries/CMSIS/Include\core_cm4.h **** 
1784:D:/Projekty/TrinityTrack6000/MainControlBoard/Infineon/XMC4200/Libraries/CMSIS/Include\core_cm4.h **** /**
1785:D:/Projekty/TrinityTrack6000/MainControlBoard/Infineon/XMC4200/Libraries/CMSIS/Include\core_cm4.h ****   \brief   Get Active Interrupt
1786:D:/Projekty/TrinityTrack6000/MainControlBoard/Infineon/XMC4200/Libraries/CMSIS/Include\core_cm4.h ****   \details Reads the active register in the NVIC and returns the active bit for the device specific
1787:D:/Projekty/TrinityTrack6000/MainControlBoard/Infineon/XMC4200/Libraries/CMSIS/Include\core_cm4.h ****   \param [in]      IRQn  Device specific interrupt number.
1788:D:/Projekty/TrinityTrack6000/MainControlBoard/Infineon/XMC4200/Libraries/CMSIS/Include\core_cm4.h ****   \return             0  Interrupt status is not active.
1789:D:/Projekty/TrinityTrack6000/MainControlBoard/Infineon/XMC4200/Libraries/CMSIS/Include\core_cm4.h ****   \return             1  Interrupt status is active.
1790:D:/Projekty/TrinityTrack6000/MainControlBoard/Infineon/XMC4200/Libraries/CMSIS/Include\core_cm4.h ****   \note    IRQn must not be negative.
1791:D:/Projekty/TrinityTrack6000/MainControlBoard/Infineon/XMC4200/Libraries/CMSIS/Include\core_cm4.h ****  */
1792:D:/Projekty/TrinityTrack6000/MainControlBoard/Infineon/XMC4200/Libraries/CMSIS/Include\core_cm4.h **** __STATIC_INLINE uint32_t __NVIC_GetActive(IRQn_Type IRQn)
1793:D:/Projekty/TrinityTrack6000/MainControlBoard/Infineon/XMC4200/Libraries/CMSIS/Include\core_cm4.h **** {
1794:D:/Projekty/TrinityTrack6000/MainControlBoard/Infineon/XMC4200/Libraries/CMSIS/Include\core_cm4.h ****   if ((int32_t)(IRQn) >= 0)
1795:D:/Projekty/TrinityTrack6000/MainControlBoard/Infineon/XMC4200/Libraries/CMSIS/Include\core_cm4.h ****   {
1796:D:/Projekty/TrinityTrack6000/MainControlBoard/Infineon/XMC4200/Libraries/CMSIS/Include\core_cm4.h ****     return((uint32_t)(((NVIC->IABR[(((uint32_t)IRQn) >> 5UL)] & (1UL << (((uint32_t)IRQn) & 0x1FUL)
1797:D:/Projekty/TrinityTrack6000/MainControlBoard/Infineon/XMC4200/Libraries/CMSIS/Include\core_cm4.h ****   }
1798:D:/Projekty/TrinityTrack6000/MainControlBoard/Infineon/XMC4200/Libraries/CMSIS/Include\core_cm4.h ****   else
1799:D:/Projekty/TrinityTrack6000/MainControlBoard/Infineon/XMC4200/Libraries/CMSIS/Include\core_cm4.h ****   {
1800:D:/Projekty/TrinityTrack6000/MainControlBoard/Infineon/XMC4200/Libraries/CMSIS/Include\core_cm4.h ****     return(0U);
1801:D:/Projekty/TrinityTrack6000/MainControlBoard/Infineon/XMC4200/Libraries/CMSIS/Include\core_cm4.h ****   }
1802:D:/Projekty/TrinityTrack6000/MainControlBoard/Infineon/XMC4200/Libraries/CMSIS/Include\core_cm4.h **** }
1803:D:/Projekty/TrinityTrack6000/MainControlBoard/Infineon/XMC4200/Libraries/CMSIS/Include\core_cm4.h **** 
1804:D:/Projekty/TrinityTrack6000/MainControlBoard/Infineon/XMC4200/Libraries/CMSIS/Include\core_cm4.h **** 
1805:D:/Projekty/TrinityTrack6000/MainControlBoard/Infineon/XMC4200/Libraries/CMSIS/Include\core_cm4.h **** /**
1806:D:/Projekty/TrinityTrack6000/MainControlBoard/Infineon/XMC4200/Libraries/CMSIS/Include\core_cm4.h ****   \brief   Set Interrupt Priority
1807:D:/Projekty/TrinityTrack6000/MainControlBoard/Infineon/XMC4200/Libraries/CMSIS/Include\core_cm4.h ****   \details Sets the priority of a device specific interrupt or a processor exception.
1808:D:/Projekty/TrinityTrack6000/MainControlBoard/Infineon/XMC4200/Libraries/CMSIS/Include\core_cm4.h ****            The interrupt number can be positive to specify a device specific interrupt,
1809:D:/Projekty/TrinityTrack6000/MainControlBoard/Infineon/XMC4200/Libraries/CMSIS/Include\core_cm4.h ****            or negative to specify a processor exception.
1810:D:/Projekty/TrinityTrack6000/MainControlBoard/Infineon/XMC4200/Libraries/CMSIS/Include\core_cm4.h ****   \param [in]      IRQn  Interrupt number.
1811:D:/Projekty/TrinityTrack6000/MainControlBoard/Infineon/XMC4200/Libraries/CMSIS/Include\core_cm4.h ****   \param [in]  priority  Priority to set.
1812:D:/Projekty/TrinityTrack6000/MainControlBoard/Infineon/XMC4200/Libraries/CMSIS/Include\core_cm4.h ****   \note    The priority cannot be set for every processor exception.
1813:D:/Projekty/TrinityTrack6000/MainControlBoard/Infineon/XMC4200/Libraries/CMSIS/Include\core_cm4.h ****  */
1814:D:/Projekty/TrinityTrack6000/MainControlBoard/Infineon/XMC4200/Libraries/CMSIS/Include\core_cm4.h **** __STATIC_INLINE void __NVIC_SetPriority(IRQn_Type IRQn, uint32_t priority)
1815:D:/Projekty/TrinityTrack6000/MainControlBoard/Infineon/XMC4200/Libraries/CMSIS/Include\core_cm4.h **** {
 129              	 .loc 1 1815 0
 130              	 .cfi_startproc
 131              	 
 132              	 
 133              	 
 134 0000 80B4     	 push {r7}
 135              	.LCFI10:
 136              	 .cfi_def_cfa_offset 4
 137              	 .cfi_offset 7,-4
 138 0002 83B0     	 sub sp,sp,#12
 139              	.LCFI11:
 140              	 .cfi_def_cfa_offset 16
 141 0004 00AF     	 add r7,sp,#0
 142              	.LCFI12:
 143              	 .cfi_def_cfa_register 7
 144 0006 0346     	 mov r3,r0
 145 0008 3960     	 str r1,[r7]
 146 000a FB71     	 strb r3,[r7,#7]
1816:D:/Projekty/TrinityTrack6000/MainControlBoard/Infineon/XMC4200/Libraries/CMSIS/Include\core_cm4.h ****   if ((int32_t)(IRQn) >= 0)
 147              	 .loc 1 1816 0
 148 000c 97F90730 	 ldrsb r3,[r7,#7]
 149 0010 002B     	 cmp r3,#0
 150 0012 0ADB     	 blt .L10
1817:D:/Projekty/TrinityTrack6000/MainControlBoard/Infineon/XMC4200/Libraries/CMSIS/Include\core_cm4.h ****   {
1818:D:/Projekty/TrinityTrack6000/MainControlBoard/Infineon/XMC4200/Libraries/CMSIS/Include\core_cm4.h ****     NVIC->IP[((uint32_t)IRQn)]               = (uint8_t)((priority << (8U - __NVIC_PRIO_BITS)) & (u
 151              	 .loc 1 1818 0
 152 0014 0D49     	 ldr r1,.L12
 153 0016 97F90730 	 ldrsb r3,[r7,#7]
 154 001a 3A68     	 ldr r2,[r7]
 155 001c D2B2     	 uxtb r2,r2
 156 001e 9200     	 lsls r2,r2,#2
 157 0020 D2B2     	 uxtb r2,r2
 158 0022 0B44     	 add r3,r3,r1
 159 0024 83F80023 	 strb r2,[r3,#768]
 160 0028 0AE0     	 b .L9
 161              	.L10:
1819:D:/Projekty/TrinityTrack6000/MainControlBoard/Infineon/XMC4200/Libraries/CMSIS/Include\core_cm4.h ****   }
1820:D:/Projekty/TrinityTrack6000/MainControlBoard/Infineon/XMC4200/Libraries/CMSIS/Include\core_cm4.h ****   else
1821:D:/Projekty/TrinityTrack6000/MainControlBoard/Infineon/XMC4200/Libraries/CMSIS/Include\core_cm4.h ****   {
1822:D:/Projekty/TrinityTrack6000/MainControlBoard/Infineon/XMC4200/Libraries/CMSIS/Include\core_cm4.h ****     SCB->SHP[(((uint32_t)IRQn) & 0xFUL)-4UL] = (uint8_t)((priority << (8U - __NVIC_PRIO_BITS)) & (u
 162              	 .loc 1 1822 0
 163 002a 0949     	 ldr r1,.L12+4
 164 002c FB79     	 ldrb r3,[r7,#7]
 165 002e 03F00F03 	 and r3,r3,#15
 166 0032 043B     	 subs r3,r3,#4
 167 0034 3A68     	 ldr r2,[r7]
 168 0036 D2B2     	 uxtb r2,r2
 169 0038 9200     	 lsls r2,r2,#2
 170 003a D2B2     	 uxtb r2,r2
 171 003c 0B44     	 add r3,r3,r1
 172 003e 1A76     	 strb r2,[r3,#24]
 173              	.L9:
1823:D:/Projekty/TrinityTrack6000/MainControlBoard/Infineon/XMC4200/Libraries/CMSIS/Include\core_cm4.h ****   }
1824:D:/Projekty/TrinityTrack6000/MainControlBoard/Infineon/XMC4200/Libraries/CMSIS/Include\core_cm4.h **** }
 174              	 .loc 1 1824 0
 175 0040 0C37     	 adds r7,r7,#12
 176              	.LCFI13:
 177              	 .cfi_def_cfa_offset 4
 178 0042 BD46     	 mov sp,r7
 179              	.LCFI14:
 180              	 .cfi_def_cfa_register 13
 181              	 
 182 0044 5DF8047B 	 ldr r7,[sp],#4
 183              	.LCFI15:
 184              	 .cfi_restore 7
 185              	 .cfi_def_cfa_offset 0
 186 0048 7047     	 bx lr
 187              	.L13:
 188 004a 00BF     	 .align 2
 189              	.L12:
 190 004c 00E100E0 	 .word -536813312
 191 0050 00ED00E0 	 .word -536810240
 192              	 .cfi_endproc
 193              	.LFE114:
 195              	 .section .text.NVIC_EncodePriority,"ax",%progbits
 196              	 .align 2
 197              	 .thumb
 198              	 .thumb_func
 200              	NVIC_EncodePriority:
 201              	.LFB116:
1825:D:/Projekty/TrinityTrack6000/MainControlBoard/Infineon/XMC4200/Libraries/CMSIS/Include\core_cm4.h **** 
1826:D:/Projekty/TrinityTrack6000/MainControlBoard/Infineon/XMC4200/Libraries/CMSIS/Include\core_cm4.h **** 
1827:D:/Projekty/TrinityTrack6000/MainControlBoard/Infineon/XMC4200/Libraries/CMSIS/Include\core_cm4.h **** /**
1828:D:/Projekty/TrinityTrack6000/MainControlBoard/Infineon/XMC4200/Libraries/CMSIS/Include\core_cm4.h ****   \brief   Get Interrupt Priority
1829:D:/Projekty/TrinityTrack6000/MainControlBoard/Infineon/XMC4200/Libraries/CMSIS/Include\core_cm4.h ****   \details Reads the priority of a device specific interrupt or a processor exception.
1830:D:/Projekty/TrinityTrack6000/MainControlBoard/Infineon/XMC4200/Libraries/CMSIS/Include\core_cm4.h ****            The interrupt number can be positive to specify a device specific interrupt,
1831:D:/Projekty/TrinityTrack6000/MainControlBoard/Infineon/XMC4200/Libraries/CMSIS/Include\core_cm4.h ****            or negative to specify a processor exception.
1832:D:/Projekty/TrinityTrack6000/MainControlBoard/Infineon/XMC4200/Libraries/CMSIS/Include\core_cm4.h ****   \param [in]   IRQn  Interrupt number.
1833:D:/Projekty/TrinityTrack6000/MainControlBoard/Infineon/XMC4200/Libraries/CMSIS/Include\core_cm4.h ****   \return             Interrupt Priority.
1834:D:/Projekty/TrinityTrack6000/MainControlBoard/Infineon/XMC4200/Libraries/CMSIS/Include\core_cm4.h ****                       Value is aligned automatically to the implemented priority bits of the microc
1835:D:/Projekty/TrinityTrack6000/MainControlBoard/Infineon/XMC4200/Libraries/CMSIS/Include\core_cm4.h ****  */
1836:D:/Projekty/TrinityTrack6000/MainControlBoard/Infineon/XMC4200/Libraries/CMSIS/Include\core_cm4.h **** __STATIC_INLINE uint32_t __NVIC_GetPriority(IRQn_Type IRQn)
1837:D:/Projekty/TrinityTrack6000/MainControlBoard/Infineon/XMC4200/Libraries/CMSIS/Include\core_cm4.h **** {
1838:D:/Projekty/TrinityTrack6000/MainControlBoard/Infineon/XMC4200/Libraries/CMSIS/Include\core_cm4.h **** 
1839:D:/Projekty/TrinityTrack6000/MainControlBoard/Infineon/XMC4200/Libraries/CMSIS/Include\core_cm4.h ****   if ((int32_t)(IRQn) >= 0)
1840:D:/Projekty/TrinityTrack6000/MainControlBoard/Infineon/XMC4200/Libraries/CMSIS/Include\core_cm4.h ****   {
1841:D:/Projekty/TrinityTrack6000/MainControlBoard/Infineon/XMC4200/Libraries/CMSIS/Include\core_cm4.h ****     return(((uint32_t)NVIC->IP[((uint32_t)IRQn)]               >> (8U - __NVIC_PRIO_BITS)));
1842:D:/Projekty/TrinityTrack6000/MainControlBoard/Infineon/XMC4200/Libraries/CMSIS/Include\core_cm4.h ****   }
1843:D:/Projekty/TrinityTrack6000/MainControlBoard/Infineon/XMC4200/Libraries/CMSIS/Include\core_cm4.h ****   else
1844:D:/Projekty/TrinityTrack6000/MainControlBoard/Infineon/XMC4200/Libraries/CMSIS/Include\core_cm4.h ****   {
1845:D:/Projekty/TrinityTrack6000/MainControlBoard/Infineon/XMC4200/Libraries/CMSIS/Include\core_cm4.h ****     return(((uint32_t)SCB->SHP[(((uint32_t)IRQn) & 0xFUL)-4UL] >> (8U - __NVIC_PRIO_BITS)));
1846:D:/Projekty/TrinityTrack6000/MainControlBoard/Infineon/XMC4200/Libraries/CMSIS/Include\core_cm4.h ****   }
1847:D:/Projekty/TrinityTrack6000/MainControlBoard/Infineon/XMC4200/Libraries/CMSIS/Include\core_cm4.h **** }
1848:D:/Projekty/TrinityTrack6000/MainControlBoard/Infineon/XMC4200/Libraries/CMSIS/Include\core_cm4.h **** 
1849:D:/Projekty/TrinityTrack6000/MainControlBoard/Infineon/XMC4200/Libraries/CMSIS/Include\core_cm4.h **** 
1850:D:/Projekty/TrinityTrack6000/MainControlBoard/Infineon/XMC4200/Libraries/CMSIS/Include\core_cm4.h **** /**
1851:D:/Projekty/TrinityTrack6000/MainControlBoard/Infineon/XMC4200/Libraries/CMSIS/Include\core_cm4.h ****   \brief   Encode Priority
1852:D:/Projekty/TrinityTrack6000/MainControlBoard/Infineon/XMC4200/Libraries/CMSIS/Include\core_cm4.h ****   \details Encodes the priority for an interrupt with the given priority group,
1853:D:/Projekty/TrinityTrack6000/MainControlBoard/Infineon/XMC4200/Libraries/CMSIS/Include\core_cm4.h ****            preemptive priority value, and subpriority value.
1854:D:/Projekty/TrinityTrack6000/MainControlBoard/Infineon/XMC4200/Libraries/CMSIS/Include\core_cm4.h ****            In case of a conflict between priority grouping and available
1855:D:/Projekty/TrinityTrack6000/MainControlBoard/Infineon/XMC4200/Libraries/CMSIS/Include\core_cm4.h ****            priority bits (__NVIC_PRIO_BITS), the smallest possible priority group is set.
1856:D:/Projekty/TrinityTrack6000/MainControlBoard/Infineon/XMC4200/Libraries/CMSIS/Include\core_cm4.h ****   \param [in]     PriorityGroup  Used priority group.
1857:D:/Projekty/TrinityTrack6000/MainControlBoard/Infineon/XMC4200/Libraries/CMSIS/Include\core_cm4.h ****   \param [in]   PreemptPriority  Preemptive priority value (starting from 0).
1858:D:/Projekty/TrinityTrack6000/MainControlBoard/Infineon/XMC4200/Libraries/CMSIS/Include\core_cm4.h ****   \param [in]       SubPriority  Subpriority value (starting from 0).
1859:D:/Projekty/TrinityTrack6000/MainControlBoard/Infineon/XMC4200/Libraries/CMSIS/Include\core_cm4.h ****   \return                        Encoded priority. Value can be used in the function \ref NVIC_SetP
1860:D:/Projekty/TrinityTrack6000/MainControlBoard/Infineon/XMC4200/Libraries/CMSIS/Include\core_cm4.h ****  */
1861:D:/Projekty/TrinityTrack6000/MainControlBoard/Infineon/XMC4200/Libraries/CMSIS/Include\core_cm4.h **** __STATIC_INLINE uint32_t NVIC_EncodePriority (uint32_t PriorityGroup, uint32_t PreemptPriority, uin
1862:D:/Projekty/TrinityTrack6000/MainControlBoard/Infineon/XMC4200/Libraries/CMSIS/Include\core_cm4.h **** {
 202              	 .loc 1 1862 0
 203              	 .cfi_startproc
 204              	 
 205              	 
 206              	 
 207 0000 80B4     	 push {r7}
 208              	.LCFI16:
 209              	 .cfi_def_cfa_offset 4
 210              	 .cfi_offset 7,-4
 211 0002 89B0     	 sub sp,sp,#36
 212              	.LCFI17:
 213              	 .cfi_def_cfa_offset 40
 214 0004 00AF     	 add r7,sp,#0
 215              	.LCFI18:
 216              	 .cfi_def_cfa_register 7
 217 0006 F860     	 str r0,[r7,#12]
 218 0008 B960     	 str r1,[r7,#8]
 219 000a 7A60     	 str r2,[r7,#4]
1863:D:/Projekty/TrinityTrack6000/MainControlBoard/Infineon/XMC4200/Libraries/CMSIS/Include\core_cm4.h ****   uint32_t PriorityGroupTmp = (PriorityGroup & (uint32_t)0x07UL);   /* only values 0..7 are used   
 220              	 .loc 1 1863 0
 221 000c FB68     	 ldr r3,[r7,#12]
 222 000e 03F00703 	 and r3,r3,#7
 223 0012 FB61     	 str r3,[r7,#28]
1864:D:/Projekty/TrinityTrack6000/MainControlBoard/Infineon/XMC4200/Libraries/CMSIS/Include\core_cm4.h ****   uint32_t PreemptPriorityBits;
1865:D:/Projekty/TrinityTrack6000/MainControlBoard/Infineon/XMC4200/Libraries/CMSIS/Include\core_cm4.h ****   uint32_t SubPriorityBits;
1866:D:/Projekty/TrinityTrack6000/MainControlBoard/Infineon/XMC4200/Libraries/CMSIS/Include\core_cm4.h **** 
1867:D:/Projekty/TrinityTrack6000/MainControlBoard/Infineon/XMC4200/Libraries/CMSIS/Include\core_cm4.h ****   PreemptPriorityBits = ((7UL - PriorityGroupTmp) > (uint32_t)(__NVIC_PRIO_BITS)) ? (uint32_t)(__NV
 224              	 .loc 1 1867 0
 225 0014 FB69     	 ldr r3,[r7,#28]
 226 0016 C3F10703 	 rsb r3,r3,#7
 227 001a 062B     	 cmp r3,#6
 228 001c 28BF     	 it cs
 229 001e 0623     	 movcs r3,#6
 230 0020 BB61     	 str r3,[r7,#24]
1868:D:/Projekty/TrinityTrack6000/MainControlBoard/Infineon/XMC4200/Libraries/CMSIS/Include\core_cm4.h ****   SubPriorityBits     = ((PriorityGroupTmp + (uint32_t)(__NVIC_PRIO_BITS)) < (uint32_t)7UL) ? (uint
 231              	 .loc 1 1868 0
 232 0022 FB69     	 ldr r3,[r7,#28]
 233 0024 0633     	 adds r3,r3,#6
 234 0026 062B     	 cmp r3,#6
 235 0028 02D9     	 bls .L15
 236              	 .loc 1 1868 0 is_stmt 0 discriminator 1
 237 002a FB69     	 ldr r3,[r7,#28]
 238 002c 013B     	 subs r3,r3,#1
 239 002e 00E0     	 b .L16
 240              	.L15:
 241              	 .loc 1 1868 0 discriminator 2
 242 0030 0023     	 movs r3,#0
 243              	.L16:
 244              	 .loc 1 1868 0 discriminator 4
 245 0032 7B61     	 str r3,[r7,#20]
1869:D:/Projekty/TrinityTrack6000/MainControlBoard/Infineon/XMC4200/Libraries/CMSIS/Include\core_cm4.h **** 
1870:D:/Projekty/TrinityTrack6000/MainControlBoard/Infineon/XMC4200/Libraries/CMSIS/Include\core_cm4.h ****   return (
1871:D:/Projekty/TrinityTrack6000/MainControlBoard/Infineon/XMC4200/Libraries/CMSIS/Include\core_cm4.h ****            ((PreemptPriority & (uint32_t)((1UL << (PreemptPriorityBits)) - 1UL)) << SubPriorityBits
 246              	 .loc 1 1871 0 is_stmt 1 discriminator 4
 247 0034 BB69     	 ldr r3,[r7,#24]
 248 0036 0122     	 movs r2,#1
 249 0038 02FA03F3 	 lsl r3,r2,r3
 250 003c 5A1E     	 subs r2,r3,#1
 251 003e BB68     	 ldr r3,[r7,#8]
 252 0040 1A40     	 ands r2,r2,r3
 253 0042 7B69     	 ldr r3,[r7,#20]
 254 0044 9A40     	 lsls r2,r2,r3
1872:D:/Projekty/TrinityTrack6000/MainControlBoard/Infineon/XMC4200/Libraries/CMSIS/Include\core_cm4.h ****            ((SubPriority     & (uint32_t)((1UL << (SubPriorityBits    )) - 1UL)))
 255              	 .loc 1 1872 0 discriminator 4
 256 0046 7B69     	 ldr r3,[r7,#20]
 257 0048 0121     	 movs r1,#1
 258 004a 01FA03F3 	 lsl r3,r1,r3
 259 004e 591E     	 subs r1,r3,#1
 260 0050 7B68     	 ldr r3,[r7,#4]
 261 0052 0B40     	 ands r3,r3,r1
1870:D:/Projekty/TrinityTrack6000/MainControlBoard/Infineon/XMC4200/Libraries/CMSIS/Include\core_cm4.h ****            ((PreemptPriority & (uint32_t)((1UL << (PreemptPriorityBits)) - 1UL)) << SubPriorityBits
 262              	 .loc 1 1870 0 discriminator 4
 263 0054 1343     	 orrs r3,r3,r2
1873:D:/Projekty/TrinityTrack6000/MainControlBoard/Infineon/XMC4200/Libraries/CMSIS/Include\core_cm4.h ****          );
1874:D:/Projekty/TrinityTrack6000/MainControlBoard/Infineon/XMC4200/Libraries/CMSIS/Include\core_cm4.h **** }
 264              	 .loc 1 1874 0 discriminator 4
 265 0056 1846     	 mov r0,r3
 266 0058 2437     	 adds r7,r7,#36
 267              	.LCFI19:
 268              	 .cfi_def_cfa_offset 4
 269 005a BD46     	 mov sp,r7
 270              	.LCFI20:
 271              	 .cfi_def_cfa_register 13
 272              	 
 273 005c 5DF8047B 	 ldr r7,[sp],#4
 274              	.LCFI21:
 275              	 .cfi_restore 7
 276              	 .cfi_def_cfa_offset 0
 277 0060 7047     	 bx lr
 278              	 .cfi_endproc
 279              	.LFE116:
 281 0062 00BF     	 .section .text.XMC_USIC_CH_SetInputSource,"ax",%progbits
 282              	 .align 2
 283              	 .thumb
 284              	 .thumb_func
 286              	XMC_USIC_CH_SetInputSource:
 287              	.LFB182:
 288              	 .file 2 "D:/Projekty/TrinityTrack6000/MainControlBoard/Infineon/XMC4200/Libraries/XMCLib/inc/xmc_usic.h"
   1:D:/Projekty/TrinityTrack6000/MainControlBoard/Infineon/XMC4200/Libraries/XMCLib/inc\xmc_usic.h **** /**
   2:D:/Projekty/TrinityTrack6000/MainControlBoard/Infineon/XMC4200/Libraries/XMCLib/inc\xmc_usic.h ****  * @file xmc_usic.h
   3:D:/Projekty/TrinityTrack6000/MainControlBoard/Infineon/XMC4200/Libraries/XMCLib/inc\xmc_usic.h ****  * @date 2020-12-05
   4:D:/Projekty/TrinityTrack6000/MainControlBoard/Infineon/XMC4200/Libraries/XMCLib/inc\xmc_usic.h ****  *
   5:D:/Projekty/TrinityTrack6000/MainControlBoard/Infineon/XMC4200/Libraries/XMCLib/inc\xmc_usic.h ****  * @cond
   6:D:/Projekty/TrinityTrack6000/MainControlBoard/Infineon/XMC4200/Libraries/XMCLib/inc\xmc_usic.h ****  *****************************************************************************
   7:D:/Projekty/TrinityTrack6000/MainControlBoard/Infineon/XMC4200/Libraries/XMCLib/inc\xmc_usic.h ****  * XMClib v2.2.0 - XMC Peripheral Driver Library
   8:D:/Projekty/TrinityTrack6000/MainControlBoard/Infineon/XMC4200/Libraries/XMCLib/inc\xmc_usic.h ****  *
   9:D:/Projekty/TrinityTrack6000/MainControlBoard/Infineon/XMC4200/Libraries/XMCLib/inc\xmc_usic.h ****  * Copyright (c) 2015-2020, Infineon Technologies AG
  10:D:/Projekty/TrinityTrack6000/MainControlBoard/Infineon/XMC4200/Libraries/XMCLib/inc\xmc_usic.h ****  * All rights reserved.
  11:D:/Projekty/TrinityTrack6000/MainControlBoard/Infineon/XMC4200/Libraries/XMCLib/inc\xmc_usic.h ****  *
  12:D:/Projekty/TrinityTrack6000/MainControlBoard/Infineon/XMC4200/Libraries/XMCLib/inc\xmc_usic.h ****  * Boost Software License - Version 1.0 - August 17th, 2003
  13:D:/Projekty/TrinityTrack6000/MainControlBoard/Infineon/XMC4200/Libraries/XMCLib/inc\xmc_usic.h ****  *
  14:D:/Projekty/TrinityTrack6000/MainControlBoard/Infineon/XMC4200/Libraries/XMCLib/inc\xmc_usic.h ****  * Permission is hereby granted, free of charge, to any person or organization
  15:D:/Projekty/TrinityTrack6000/MainControlBoard/Infineon/XMC4200/Libraries/XMCLib/inc\xmc_usic.h ****  * obtaining a copy of the software and accompanying documentation covered by
  16:D:/Projekty/TrinityTrack6000/MainControlBoard/Infineon/XMC4200/Libraries/XMCLib/inc\xmc_usic.h ****  * this license (the "Software") to use, reproduce, display, distribute,
  17:D:/Projekty/TrinityTrack6000/MainControlBoard/Infineon/XMC4200/Libraries/XMCLib/inc\xmc_usic.h ****  * execute, and transmit the Software, and to prepare derivative works of the
  18:D:/Projekty/TrinityTrack6000/MainControlBoard/Infineon/XMC4200/Libraries/XMCLib/inc\xmc_usic.h ****  * Software, and to permit third-parties to whom the Software is furnished to
  19:D:/Projekty/TrinityTrack6000/MainControlBoard/Infineon/XMC4200/Libraries/XMCLib/inc\xmc_usic.h ****  * do so, all subject to the following:
  20:D:/Projekty/TrinityTrack6000/MainControlBoard/Infineon/XMC4200/Libraries/XMCLib/inc\xmc_usic.h ****  *
  21:D:/Projekty/TrinityTrack6000/MainControlBoard/Infineon/XMC4200/Libraries/XMCLib/inc\xmc_usic.h ****  * The copyright notices in the Software and this entire statement, including
  22:D:/Projekty/TrinityTrack6000/MainControlBoard/Infineon/XMC4200/Libraries/XMCLib/inc\xmc_usic.h ****  * the above license grant, this restriction and the following disclaimer,
  23:D:/Projekty/TrinityTrack6000/MainControlBoard/Infineon/XMC4200/Libraries/XMCLib/inc\xmc_usic.h ****  * must be included in all copies of the Software, in whole or in part, and
  24:D:/Projekty/TrinityTrack6000/MainControlBoard/Infineon/XMC4200/Libraries/XMCLib/inc\xmc_usic.h ****  * all derivative works of the Software, unless such copies or derivative
  25:D:/Projekty/TrinityTrack6000/MainControlBoard/Infineon/XMC4200/Libraries/XMCLib/inc\xmc_usic.h ****  * works are solely in the form of machine-executable object code generated by
  26:D:/Projekty/TrinityTrack6000/MainControlBoard/Infineon/XMC4200/Libraries/XMCLib/inc\xmc_usic.h ****  * a source language processor.
  27:D:/Projekty/TrinityTrack6000/MainControlBoard/Infineon/XMC4200/Libraries/XMCLib/inc\xmc_usic.h ****  *
  28:D:/Projekty/TrinityTrack6000/MainControlBoard/Infineon/XMC4200/Libraries/XMCLib/inc\xmc_usic.h ****  * THE SOFTWARE IS PROVIDED "AS IS", WITHOUT WARRANTY OF ANY KIND, EXPRESS OR
  29:D:/Projekty/TrinityTrack6000/MainControlBoard/Infineon/XMC4200/Libraries/XMCLib/inc\xmc_usic.h ****  * IMPLIED, INCLUDING BUT NOT LIMITED TO THE WARRANTIES OF MERCHANTABILITY,
  30:D:/Projekty/TrinityTrack6000/MainControlBoard/Infineon/XMC4200/Libraries/XMCLib/inc\xmc_usic.h ****  * FITNESS FOR A PARTICULAR PURPOSE, TITLE AND NON-INFRINGEMENT. IN NO EVENT
  31:D:/Projekty/TrinityTrack6000/MainControlBoard/Infineon/XMC4200/Libraries/XMCLib/inc\xmc_usic.h ****  * SHALL THE COPYRIGHT HOLDERS OR ANYONE DISTRIBUTING THE SOFTWARE BE LIABLE
  32:D:/Projekty/TrinityTrack6000/MainControlBoard/Infineon/XMC4200/Libraries/XMCLib/inc\xmc_usic.h ****  * FOR ANY DAMAGES OR OTHER LIABILITY, WHETHER IN CONTRACT, TORT OR OTHERWISE,
  33:D:/Projekty/TrinityTrack6000/MainControlBoard/Infineon/XMC4200/Libraries/XMCLib/inc\xmc_usic.h ****  * ARISING FROM, OUT OF OR IN CONNECTION WITH THE SOFTWARE OR THE USE OR OTHER
  34:D:/Projekty/TrinityTrack6000/MainControlBoard/Infineon/XMC4200/Libraries/XMCLib/inc\xmc_usic.h ****  * DEALINGS IN THE SOFTWARE.
  35:D:/Projekty/TrinityTrack6000/MainControlBoard/Infineon/XMC4200/Libraries/XMCLib/inc\xmc_usic.h ****  *
  36:D:/Projekty/TrinityTrack6000/MainControlBoard/Infineon/XMC4200/Libraries/XMCLib/inc\xmc_usic.h ****  * To improve the quality of the software, users are encouraged to share
  37:D:/Projekty/TrinityTrack6000/MainControlBoard/Infineon/XMC4200/Libraries/XMCLib/inc\xmc_usic.h ****  * modifications, enhancements or bug fixes with Infineon Technologies AG
  38:D:/Projekty/TrinityTrack6000/MainControlBoard/Infineon/XMC4200/Libraries/XMCLib/inc\xmc_usic.h ****  * at XMCSupport@infineon.com.
  39:D:/Projekty/TrinityTrack6000/MainControlBoard/Infineon/XMC4200/Libraries/XMCLib/inc\xmc_usic.h ****  *****************************************************************************
  40:D:/Projekty/TrinityTrack6000/MainControlBoard/Infineon/XMC4200/Libraries/XMCLib/inc\xmc_usic.h ****  *
  41:D:/Projekty/TrinityTrack6000/MainControlBoard/Infineon/XMC4200/Libraries/XMCLib/inc\xmc_usic.h ****  * Change History
  42:D:/Projekty/TrinityTrack6000/MainControlBoard/Infineon/XMC4200/Libraries/XMCLib/inc\xmc_usic.h ****  * --------------
  43:D:/Projekty/TrinityTrack6000/MainControlBoard/Infineon/XMC4200/Libraries/XMCLib/inc\xmc_usic.h ****  *
  44:D:/Projekty/TrinityTrack6000/MainControlBoard/Infineon/XMC4200/Libraries/XMCLib/inc\xmc_usic.h ****  * 2015-02-20:
  45:D:/Projekty/TrinityTrack6000/MainControlBoard/Infineon/XMC4200/Libraries/XMCLib/inc\xmc_usic.h ****  *     - Initial draft<br>
  46:D:/Projekty/TrinityTrack6000/MainControlBoard/Infineon/XMC4200/Libraries/XMCLib/inc\xmc_usic.h ****  *     - Documentation improved <br>
  47:D:/Projekty/TrinityTrack6000/MainControlBoard/Infineon/XMC4200/Libraries/XMCLib/inc\xmc_usic.h ****  *
  48:D:/Projekty/TrinityTrack6000/MainControlBoard/Infineon/XMC4200/Libraries/XMCLib/inc\xmc_usic.h ****  * 2015-05-08:
  49:D:/Projekty/TrinityTrack6000/MainControlBoard/Infineon/XMC4200/Libraries/XMCLib/inc\xmc_usic.h ****  *     - Added XMC_USIC_CH_SetInputTriggerCombinationMode() and XMC_USIC_CH_SetTransmitBufferStatus
  50:D:/Projekty/TrinityTrack6000/MainControlBoard/Infineon/XMC4200/Libraries/XMCLib/inc\xmc_usic.h ****  *
  51:D:/Projekty/TrinityTrack6000/MainControlBoard/Infineon/XMC4200/Libraries/XMCLib/inc\xmc_usic.h ****  * 2015-06-20:
  52:D:/Projekty/TrinityTrack6000/MainControlBoard/Infineon/XMC4200/Libraries/XMCLib/inc\xmc_usic.h ****  *     - Removed version macros and declaration of GetDriverVersion API
  53:D:/Projekty/TrinityTrack6000/MainControlBoard/Infineon/XMC4200/Libraries/XMCLib/inc\xmc_usic.h ****  *
  54:D:/Projekty/TrinityTrack6000/MainControlBoard/Infineon/XMC4200/Libraries/XMCLib/inc\xmc_usic.h ****  * 2015-08-17:
  55:D:/Projekty/TrinityTrack6000/MainControlBoard/Infineon/XMC4200/Libraries/XMCLib/inc\xmc_usic.h ****  *     - Bug fixed in XMC_USIC_CH_SetTransmitBufferStatus API. OR operator removed.
  56:D:/Projekty/TrinityTrack6000/MainControlBoard/Infineon/XMC4200/Libraries/XMCLib/inc\xmc_usic.h ****  *
  57:D:/Projekty/TrinityTrack6000/MainControlBoard/Infineon/XMC4200/Libraries/XMCLib/inc\xmc_usic.h ****  * 2015-08-24:
  58:D:/Projekty/TrinityTrack6000/MainControlBoard/Infineon/XMC4200/Libraries/XMCLib/inc\xmc_usic.h ****  *     - Added APIs for enabling/disabling delay compensation XMC_USIC_CH_DisableDelayCompensation(
  59:D:/Projekty/TrinityTrack6000/MainControlBoard/Infineon/XMC4200/Libraries/XMCLib/inc\xmc_usic.h ****  *       XMC_USIC_CH_DisableDelayCompensation()
  60:D:/Projekty/TrinityTrack6000/MainControlBoard/Infineon/XMC4200/Libraries/XMCLib/inc\xmc_usic.h ****  *
  61:D:/Projekty/TrinityTrack6000/MainControlBoard/Infineon/XMC4200/Libraries/XMCLib/inc\xmc_usic.h ****  * 2015-08-25:
  62:D:/Projekty/TrinityTrack6000/MainControlBoard/Infineon/XMC4200/Libraries/XMCLib/inc\xmc_usic.h ****  *     - Added APIs for defining if the data shift unit input is derived
  63:D:/Projekty/TrinityTrack6000/MainControlBoard/Infineon/XMC4200/Libraries/XMCLib/inc\xmc_usic.h ****  *       from the input data path DXn or from the selected protocol pre-processors: XMC_USIC_CH_Con
  64:D:/Projekty/TrinityTrack6000/MainControlBoard/Infineon/XMC4200/Libraries/XMCLib/inc\xmc_usic.h ****  *       and XMC_USIC_CH_ConnectInputDataShiftToDataInput()
  65:D:/Projekty/TrinityTrack6000/MainControlBoard/Infineon/XMC4200/Libraries/XMCLib/inc\xmc_usic.h ****  *
  66:D:/Projekty/TrinityTrack6000/MainControlBoard/Infineon/XMC4200/Libraries/XMCLib/inc\xmc_usic.h ****  * 2015-08-27:
  67:D:/Projekty/TrinityTrack6000/MainControlBoard/Infineon/XMC4200/Libraries/XMCLib/inc\xmc_usic.h ****  *     - Fixed bug in XMC_USIC_CH_BRG_CLOCK_SOURCE_DX1T value.
  68:D:/Projekty/TrinityTrack6000/MainControlBoard/Infineon/XMC4200/Libraries/XMCLib/inc\xmc_usic.h ****  *     - Added APIs for direct TBUF access: XMC_USIC_CH_WriteToTBUF() and XMC_USIC_CH_WriteToTBUFTC
  69:D:/Projekty/TrinityTrack6000/MainControlBoard/Infineon/XMC4200/Libraries/XMCLib/inc\xmc_usic.h ****  *     - Added APIs for external input for BRG configuration:XMC_USIC_CH_ConfigExternalInputSignalT
  70:D:/Projekty/TrinityTrack6000/MainControlBoard/Infineon/XMC4200/Libraries/XMCLib/inc\xmc_usic.h ****  *
  71:D:/Projekty/TrinityTrack6000/MainControlBoard/Infineon/XMC4200/Libraries/XMCLib/inc\xmc_usic.h ****  * 2015-08-28:
  72:D:/Projekty/TrinityTrack6000/MainControlBoard/Infineon/XMC4200/Libraries/XMCLib/inc\xmc_usic.h ****  *     - Added API for enabling the transfer trigger unit to set bit TCSR.TE if the trigger signal 
  73:D:/Projekty/TrinityTrack6000/MainControlBoard/Infineon/XMC4200/Libraries/XMCLib/inc\xmc_usic.h ****  *       Clear to Send (CTS) signal: XMC_USIC_CH_EnableTBUFDataValidTrigger() and XMC_USIC_CH_Disab
  74:D:/Projekty/TrinityTrack6000/MainControlBoard/Infineon/XMC4200/Libraries/XMCLib/inc\xmc_usic.h ****  *
  75:D:/Projekty/TrinityTrack6000/MainControlBoard/Infineon/XMC4200/Libraries/XMCLib/inc\xmc_usic.h ****  * 2016-03-09:
  76:D:/Projekty/TrinityTrack6000/MainControlBoard/Infineon/XMC4200/Libraries/XMCLib/inc\xmc_usic.h ****  *     - Optimization of write only registers
  77:D:/Projekty/TrinityTrack6000/MainControlBoard/Infineon/XMC4200/Libraries/XMCLib/inc\xmc_usic.h ****  *
  78:D:/Projekty/TrinityTrack6000/MainControlBoard/Infineon/XMC4200/Libraries/XMCLib/inc\xmc_usic.h ****  * 2016-04-10:
  79:D:/Projekty/TrinityTrack6000/MainControlBoard/Infineon/XMC4200/Libraries/XMCLib/inc\xmc_usic.h ****  *     - Added an API to put the data into FIFO when hardware port control is enabled: XMC_USIC_CH_
  80:D:/Projekty/TrinityTrack6000/MainControlBoard/Infineon/XMC4200/Libraries/XMCLib/inc\xmc_usic.h ****  *
  81:D:/Projekty/TrinityTrack6000/MainControlBoard/Infineon/XMC4200/Libraries/XMCLib/inc\xmc_usic.h ****  * 2017-02-10:
  82:D:/Projekty/TrinityTrack6000/MainControlBoard/Infineon/XMC4200/Libraries/XMCLib/inc\xmc_usic.h ****  *     - Added XMC_USIC_CH_SetShiftDirection() to allow selection of shift direction of the data wo
  83:D:/Projekty/TrinityTrack6000/MainControlBoard/Infineon/XMC4200/Libraries/XMCLib/inc\xmc_usic.h ****  *     - Added XMC_USIC_CH_GetCaptureTimerValue() and XMC_USIC_CH_SetFractionalDivider()
  84:D:/Projekty/TrinityTrack6000/MainControlBoard/Infineon/XMC4200/Libraries/XMCLib/inc\xmc_usic.h ****  *
  85:D:/Projekty/TrinityTrack6000/MainControlBoard/Infineon/XMC4200/Libraries/XMCLib/inc\xmc_usic.h ****  * 2017-09-08:
  86:D:/Projekty/TrinityTrack6000/MainControlBoard/Infineon/XMC4200/Libraries/XMCLib/inc\xmc_usic.h ****  *     - Fixed value of macro XMC_USIC_CH_SHIFT_DIRECTION_MSB_FIRST used in XMC_USIC_CH_SetShiftDir
  87:D:/Projekty/TrinityTrack6000/MainControlBoard/Infineon/XMC4200/Libraries/XMCLib/inc\xmc_usic.h ****  *
  88:D:/Projekty/TrinityTrack6000/MainControlBoard/Infineon/XMC4200/Libraries/XMCLib/inc\xmc_usic.h ****  * 2018-09-29:
  89:D:/Projekty/TrinityTrack6000/MainControlBoard/Infineon/XMC4200/Libraries/XMCLib/inc\xmc_usic.h ****  *     - Added XMC_USIC_CH_SetBaudrateEx which uses the integer divider instead of the fractional d
  90:D:/Projekty/TrinityTrack6000/MainControlBoard/Infineon/XMC4200/Libraries/XMCLib/inc\xmc_usic.h ****  *
  91:D:/Projekty/TrinityTrack6000/MainControlBoard/Infineon/XMC4200/Libraries/XMCLib/inc\xmc_usic.h ****  * 2019-05-07:
  92:D:/Projekty/TrinityTrack6000/MainControlBoard/Infineon/XMC4200/Libraries/XMCLib/inc\xmc_usic.h ****  *     - Added XMC_USIC_CH_GetBaudrate(), XMC_USIC_CH_GetSCLKFrequency() and XMC_USIC_CH_GetMCLKFre
  93:D:/Projekty/TrinityTrack6000/MainControlBoard/Infineon/XMC4200/Libraries/XMCLib/inc\xmc_usic.h ****  *
  94:D:/Projekty/TrinityTrack6000/MainControlBoard/Infineon/XMC4200/Libraries/XMCLib/inc\xmc_usic.h ****  * 2019-07-01:
  95:D:/Projekty/TrinityTrack6000/MainControlBoard/Infineon/XMC4200/Libraries/XMCLib/inc\xmc_usic.h ****  *     - Changed XMC_USIC_CH_SetBaudrateEx() input parameter types
  96:D:/Projekty/TrinityTrack6000/MainControlBoard/Infineon/XMC4200/Libraries/XMCLib/inc\xmc_usic.h ****  *
  97:D:/Projekty/TrinityTrack6000/MainControlBoard/Infineon/XMC4200/Libraries/XMCLib/inc\xmc_usic.h ****  * 2019-09-30:
  98:D:/Projekty/TrinityTrack6000/MainControlBoard/Infineon/XMC4200/Libraries/XMCLib/inc\xmc_usic.h ****  *     - Added XMC_USIC_CH_InvalidateReadData(), XMC_USIC_CH_EnableWordLengthControl() and XMC_USIC
  99:D:/Projekty/TrinityTrack6000/MainControlBoard/Infineon/XMC4200/Libraries/XMCLib/inc\xmc_usic.h ****  *
 100:D:/Projekty/TrinityTrack6000/MainControlBoard/Infineon/XMC4200/Libraries/XMCLib/inc\xmc_usic.h ****  * 2019-12-05:
 101:D:/Projekty/TrinityTrack6000/MainControlBoard/Infineon/XMC4200/Libraries/XMCLib/inc\xmc_usic.h ****  *     - Added XMC_USIC_CH_TXFIFO_PutDataEx()
 102:D:/Projekty/TrinityTrack6000/MainControlBoard/Infineon/XMC4200/Libraries/XMCLib/inc\xmc_usic.h ****  *
 103:D:/Projekty/TrinityTrack6000/MainControlBoard/Infineon/XMC4200/Libraries/XMCLib/inc\xmc_usic.h ****  * 2020-04-30:
 104:D:/Projekty/TrinityTrack6000/MainControlBoard/Infineon/XMC4200/Libraries/XMCLib/inc\xmc_usic.h ****  *     - Added XMC_USIC_CH_TXFIFO_SetTriggerLimit() and XMC_USIC_CH_RXFIFO_SetTriggerLimit()
 105:D:/Projekty/TrinityTrack6000/MainControlBoard/Infineon/XMC4200/Libraries/XMCLib/inc\xmc_usic.h ****  *
 106:D:/Projekty/TrinityTrack6000/MainControlBoard/Infineon/XMC4200/Libraries/XMCLib/inc\xmc_usic.h ****  * 2020-12-05:
 107:D:/Projekty/TrinityTrack6000/MainControlBoard/Infineon/XMC4200/Libraries/XMCLib/inc\xmc_usic.h ****  *     - Added XMC_USIC_CH_BRG_CLOCK_SOURCE_DX1S to XMC_USIC_CH_BRG_CLOCK_SOURCE_t
 108:D:/Projekty/TrinityTrack6000/MainControlBoard/Infineon/XMC4200/Libraries/XMCLib/inc\xmc_usic.h ****  *     - Added XMC_USIC_CH_BRG_CTQSEL_t
 109:D:/Projekty/TrinityTrack6000/MainControlBoard/Infineon/XMC4200/Libraries/XMCLib/inc\xmc_usic.h ****  *     - Added XMC_USIC_CH_SetBaudrateDivider()
 110:D:/Projekty/TrinityTrack6000/MainControlBoard/Infineon/XMC4200/Libraries/XMCLib/inc\xmc_usic.h ****  * 
 111:D:/Projekty/TrinityTrack6000/MainControlBoard/Infineon/XMC4200/Libraries/XMCLib/inc\xmc_usic.h ****  * @endcond
 112:D:/Projekty/TrinityTrack6000/MainControlBoard/Infineon/XMC4200/Libraries/XMCLib/inc\xmc_usic.h ****  *
 113:D:/Projekty/TrinityTrack6000/MainControlBoard/Infineon/XMC4200/Libraries/XMCLib/inc\xmc_usic.h ****  */
 114:D:/Projekty/TrinityTrack6000/MainControlBoard/Infineon/XMC4200/Libraries/XMCLib/inc\xmc_usic.h **** 
 115:D:/Projekty/TrinityTrack6000/MainControlBoard/Infineon/XMC4200/Libraries/XMCLib/inc\xmc_usic.h **** #ifndef XMC_USIC_H
 116:D:/Projekty/TrinityTrack6000/MainControlBoard/Infineon/XMC4200/Libraries/XMCLib/inc\xmc_usic.h **** #define XMC_USIC_H
 117:D:/Projekty/TrinityTrack6000/MainControlBoard/Infineon/XMC4200/Libraries/XMCLib/inc\xmc_usic.h **** /*******************************************************************************
 118:D:/Projekty/TrinityTrack6000/MainControlBoard/Infineon/XMC4200/Libraries/XMCLib/inc\xmc_usic.h ****  * HEADER FILES
 119:D:/Projekty/TrinityTrack6000/MainControlBoard/Infineon/XMC4200/Libraries/XMCLib/inc\xmc_usic.h ****  *******************************************************************************/
 120:D:/Projekty/TrinityTrack6000/MainControlBoard/Infineon/XMC4200/Libraries/XMCLib/inc\xmc_usic.h **** 
 121:D:/Projekty/TrinityTrack6000/MainControlBoard/Infineon/XMC4200/Libraries/XMCLib/inc\xmc_usic.h **** #include "xmc_common.h"
 122:D:/Projekty/TrinityTrack6000/MainControlBoard/Infineon/XMC4200/Libraries/XMCLib/inc\xmc_usic.h **** 
 123:D:/Projekty/TrinityTrack6000/MainControlBoard/Infineon/XMC4200/Libraries/XMCLib/inc\xmc_usic.h **** /**
 124:D:/Projekty/TrinityTrack6000/MainControlBoard/Infineon/XMC4200/Libraries/XMCLib/inc\xmc_usic.h ****  * @addtogroup XMClib XMC Peripheral Library
 125:D:/Projekty/TrinityTrack6000/MainControlBoard/Infineon/XMC4200/Libraries/XMCLib/inc\xmc_usic.h ****  * @{
 126:D:/Projekty/TrinityTrack6000/MainControlBoard/Infineon/XMC4200/Libraries/XMCLib/inc\xmc_usic.h ****  */
 127:D:/Projekty/TrinityTrack6000/MainControlBoard/Infineon/XMC4200/Libraries/XMCLib/inc\xmc_usic.h **** 
 128:D:/Projekty/TrinityTrack6000/MainControlBoard/Infineon/XMC4200/Libraries/XMCLib/inc\xmc_usic.h **** /**
 129:D:/Projekty/TrinityTrack6000/MainControlBoard/Infineon/XMC4200/Libraries/XMCLib/inc\xmc_usic.h ****  * @addtogroup USIC
 130:D:/Projekty/TrinityTrack6000/MainControlBoard/Infineon/XMC4200/Libraries/XMCLib/inc\xmc_usic.h ****  * @brief Universal Serial Interface Channel(USIC) driver for serial communication.
 131:D:/Projekty/TrinityTrack6000/MainControlBoard/Infineon/XMC4200/Libraries/XMCLib/inc\xmc_usic.h ****  *
 132:D:/Projekty/TrinityTrack6000/MainControlBoard/Infineon/XMC4200/Libraries/XMCLib/inc\xmc_usic.h ****  * The Universal Serial Interface Channel(USIC) module is a flexible interface module
 133:D:/Projekty/TrinityTrack6000/MainControlBoard/Infineon/XMC4200/Libraries/XMCLib/inc\xmc_usic.h ****  * covering several serial communication protocols. A USIC module contains two
 134:D:/Projekty/TrinityTrack6000/MainControlBoard/Infineon/XMC4200/Libraries/XMCLib/inc\xmc_usic.h ****  * independent communication channels named USICx_CH0 and USICx_CH1, with x
 135:D:/Projekty/TrinityTrack6000/MainControlBoard/Infineon/XMC4200/Libraries/XMCLib/inc\xmc_usic.h ****  * being the number of the USIC module. The user can program, during run-time, which protocol will 
 136:D:/Projekty/TrinityTrack6000/MainControlBoard/Infineon/XMC4200/Libraries/XMCLib/inc\xmc_usic.h ****  * by each communication channel and which pins are used.
 137:D:/Projekty/TrinityTrack6000/MainControlBoard/Infineon/XMC4200/Libraries/XMCLib/inc\xmc_usic.h ****  * The driver provides APIs, configuration structures and enumerations to configure common features
 138:D:/Projekty/TrinityTrack6000/MainControlBoard/Infineon/XMC4200/Libraries/XMCLib/inc\xmc_usic.h ****  * communication protocols.
 139:D:/Projekty/TrinityTrack6000/MainControlBoard/Infineon/XMC4200/Libraries/XMCLib/inc\xmc_usic.h ****  *
 140:D:/Projekty/TrinityTrack6000/MainControlBoard/Infineon/XMC4200/Libraries/XMCLib/inc\xmc_usic.h ****  * USIC driver features:
 141:D:/Projekty/TrinityTrack6000/MainControlBoard/Infineon/XMC4200/Libraries/XMCLib/inc\xmc_usic.h ****  * -# Allows configuration of FIFO for transmit and receive functions.
 142:D:/Projekty/TrinityTrack6000/MainControlBoard/Infineon/XMC4200/Libraries/XMCLib/inc\xmc_usic.h ****  * -# Provides a structure type XMC_USIC_CH_t to represent the USIC channel registers in a programm
 143:D:/Projekty/TrinityTrack6000/MainControlBoard/Infineon/XMC4200/Libraries/XMCLib/inc\xmc_usic.h ****  friendly format.
 144:D:/Projekty/TrinityTrack6000/MainControlBoard/Infineon/XMC4200/Libraries/XMCLib/inc\xmc_usic.h ****  * -# Allows configuration of automatic update for frame length, word length, slave select or slave
 145:D:/Projekty/TrinityTrack6000/MainControlBoard/Infineon/XMC4200/Libraries/XMCLib/inc\xmc_usic.h ****  * -# Allows transmission of data to FIFO using XMC_USIC_CH_TXFIFO_PutData() and XMC_USIC_CH_TXFIFO
 146:D:/Projekty/TrinityTrack6000/MainControlBoard/Infineon/XMC4200/Libraries/XMCLib/inc\xmc_usic.h ****  * -# Allows reading of received data in FIFO using XMC_USIC_CH_RXFIFO_GetData()
 147:D:/Projekty/TrinityTrack6000/MainControlBoard/Infineon/XMC4200/Libraries/XMCLib/inc\xmc_usic.h ****  * -# Allows configuration of baudrate using XMC_USIC_CH_SetBaudrate()
 148:D:/Projekty/TrinityTrack6000/MainControlBoard/Infineon/XMC4200/Libraries/XMCLib/inc\xmc_usic.h ****  * -# Provides API to trigger interrupts using XMC_USIC_CH_TriggerServiceRequest()
 149:D:/Projekty/TrinityTrack6000/MainControlBoard/Infineon/XMC4200/Libraries/XMCLib/inc\xmc_usic.h ****  * @{
 150:D:/Projekty/TrinityTrack6000/MainControlBoard/Infineon/XMC4200/Libraries/XMCLib/inc\xmc_usic.h ****  */
 151:D:/Projekty/TrinityTrack6000/MainControlBoard/Infineon/XMC4200/Libraries/XMCLib/inc\xmc_usic.h **** 
 152:D:/Projekty/TrinityTrack6000/MainControlBoard/Infineon/XMC4200/Libraries/XMCLib/inc\xmc_usic.h **** /*******************************************************************************
 153:D:/Projekty/TrinityTrack6000/MainControlBoard/Infineon/XMC4200/Libraries/XMCLib/inc\xmc_usic.h ****  * MACROS
 154:D:/Projekty/TrinityTrack6000/MainControlBoard/Infineon/XMC4200/Libraries/XMCLib/inc\xmc_usic.h ****  *******************************************************************************/
 155:D:/Projekty/TrinityTrack6000/MainControlBoard/Infineon/XMC4200/Libraries/XMCLib/inc\xmc_usic.h **** 
 156:D:/Projekty/TrinityTrack6000/MainControlBoard/Infineon/XMC4200/Libraries/XMCLib/inc\xmc_usic.h **** #define XMC_USIC0 ((XMC_USIC_t *)USIC0_BASE)			/**< USIC0 module base address */
 157:D:/Projekty/TrinityTrack6000/MainControlBoard/Infineon/XMC4200/Libraries/XMCLib/inc\xmc_usic.h **** #define XMC_USIC0_CH0 ((XMC_USIC_CH_t *)USIC0_CH0_BASE)	/**< USIC0 channel 0 base address */
 158:D:/Projekty/TrinityTrack6000/MainControlBoard/Infineon/XMC4200/Libraries/XMCLib/inc\xmc_usic.h **** #define XMC_USIC0_CH1 ((XMC_USIC_CH_t *)USIC0_CH1_BASE)	/**< USIC0 channel 1 base address */
 159:D:/Projekty/TrinityTrack6000/MainControlBoard/Infineon/XMC4200/Libraries/XMCLib/inc\xmc_usic.h **** 
 160:D:/Projekty/TrinityTrack6000/MainControlBoard/Infineon/XMC4200/Libraries/XMCLib/inc\xmc_usic.h **** #if defined(USIC1)
 161:D:/Projekty/TrinityTrack6000/MainControlBoard/Infineon/XMC4200/Libraries/XMCLib/inc\xmc_usic.h **** #define XMC_USIC1 ((XMC_USIC_t *)USIC1_BASE)			/**< USIC1 module base address */
 162:D:/Projekty/TrinityTrack6000/MainControlBoard/Infineon/XMC4200/Libraries/XMCLib/inc\xmc_usic.h **** #define XMC_USIC1_CH0 ((XMC_USIC_CH_t *)USIC1_CH0_BASE)	/**< USIC1 channel 0 base address */
 163:D:/Projekty/TrinityTrack6000/MainControlBoard/Infineon/XMC4200/Libraries/XMCLib/inc\xmc_usic.h **** #define XMC_USIC1_CH1 ((XMC_USIC_CH_t *)USIC1_CH1_BASE)	/**< USIC1 channel 1 base address */
 164:D:/Projekty/TrinityTrack6000/MainControlBoard/Infineon/XMC4200/Libraries/XMCLib/inc\xmc_usic.h **** #endif
 165:D:/Projekty/TrinityTrack6000/MainControlBoard/Infineon/XMC4200/Libraries/XMCLib/inc\xmc_usic.h **** 
 166:D:/Projekty/TrinityTrack6000/MainControlBoard/Infineon/XMC4200/Libraries/XMCLib/inc\xmc_usic.h **** #if defined(USIC2)
 167:D:/Projekty/TrinityTrack6000/MainControlBoard/Infineon/XMC4200/Libraries/XMCLib/inc\xmc_usic.h **** #define XMC_USIC2 ((XMC_USIC_t *)USIC2_BASE)			/**< USIC2 module base address */
 168:D:/Projekty/TrinityTrack6000/MainControlBoard/Infineon/XMC4200/Libraries/XMCLib/inc\xmc_usic.h **** #define XMC_USIC2_CH0 ((XMC_USIC_CH_t *)USIC2_CH0_BASE)	/**< USIC2 channel 0 base address */
 169:D:/Projekty/TrinityTrack6000/MainControlBoard/Infineon/XMC4200/Libraries/XMCLib/inc\xmc_usic.h **** #define XMC_USIC2_CH1 ((XMC_USIC_CH_t *)USIC2_CH1_BASE)	/**< USIC2 channel 1 base address */
 170:D:/Projekty/TrinityTrack6000/MainControlBoard/Infineon/XMC4200/Libraries/XMCLib/inc\xmc_usic.h **** #endif
 171:D:/Projekty/TrinityTrack6000/MainControlBoard/Infineon/XMC4200/Libraries/XMCLib/inc\xmc_usic.h **** 
 172:D:/Projekty/TrinityTrack6000/MainControlBoard/Infineon/XMC4200/Libraries/XMCLib/inc\xmc_usic.h **** #define USIC_CH_DXCR_DSEL_Msk  USIC_CH_DX0CR_DSEL_Msk   /**< Common mask for DSEL bitfield mask in 
 173:D:/Projekty/TrinityTrack6000/MainControlBoard/Infineon/XMC4200/Libraries/XMCLib/inc\xmc_usic.h **** #define USIC_CH_DXCR_DSEL_Pos  USIC_CH_DX0CR_DSEL_Pos   /**< Common mask for DSEL bitfield position
 174:D:/Projekty/TrinityTrack6000/MainControlBoard/Infineon/XMC4200/Libraries/XMCLib/inc\xmc_usic.h **** #define USIC_CH_DXCR_SFSEL_Pos USIC_CH_DX0CR_SFSEL_Pos  /**< Common mask for SFSEL bitfield positio
 175:D:/Projekty/TrinityTrack6000/MainControlBoard/Infineon/XMC4200/Libraries/XMCLib/inc\xmc_usic.h **** #define USIC_CH_DXCR_SFSEL_Msk USIC_CH_DX0CR_SFSEL_Msk  /**< Common mask for SFSEL bitfield mask in
 176:D:/Projekty/TrinityTrack6000/MainControlBoard/Infineon/XMC4200/Libraries/XMCLib/inc\xmc_usic.h **** #define USIC_CH_DXCR_DPOL_Msk  USIC_CH_DX0CR_DPOL_Msk   /**< Common mask for DPOL bitfield mask in 
 177:D:/Projekty/TrinityTrack6000/MainControlBoard/Infineon/XMC4200/Libraries/XMCLib/inc\xmc_usic.h **** #define USIC_CH_DXCR_DFEN_Msk  USIC_CH_DX0CR_DFEN_Msk   /**< Common mask for DFEN bitfield mask in 
 178:D:/Projekty/TrinityTrack6000/MainControlBoard/Infineon/XMC4200/Libraries/XMCLib/inc\xmc_usic.h **** #define USIC_CH_DXCR_DSEN_Msk  USIC_CH_DX0CR_DSEN_Msk   /**< Common mask for DSEN bitfield mask in 
 179:D:/Projekty/TrinityTrack6000/MainControlBoard/Infineon/XMC4200/Libraries/XMCLib/inc\xmc_usic.h **** #define USIC_CH_DXCR_CM_Pos    USIC_CH_DX0CR_CM_Pos     /**< Common mask for CM bitfield position i
 180:D:/Projekty/TrinityTrack6000/MainControlBoard/Infineon/XMC4200/Libraries/XMCLib/inc\xmc_usic.h **** #define USIC_CH_DXCR_CM_Msk    USIC_CH_DX0CR_CM_Msk     /**< Common mask for CM bitfield mask in DX
 181:D:/Projekty/TrinityTrack6000/MainControlBoard/Infineon/XMC4200/Libraries/XMCLib/inc\xmc_usic.h **** #define USIC_CH_DXCR_INSW_Msk  USIC_CH_DX0CR_INSW_Msk   /**< Common mask for INSW bitfield mask in 
 182:D:/Projekty/TrinityTrack6000/MainControlBoard/Infineon/XMC4200/Libraries/XMCLib/inc\xmc_usic.h **** #define USIC_CH_DXCR_INSW_pos  USIC_CH_DX0CR_INSW_Pos   /**< Common mask for INSW bitfield position
 183:D:/Projekty/TrinityTrack6000/MainControlBoard/Infineon/XMC4200/Libraries/XMCLib/inc\xmc_usic.h **** 
 184:D:/Projekty/TrinityTrack6000/MainControlBoard/Infineon/XMC4200/Libraries/XMCLib/inc\xmc_usic.h **** #if UC_FAMILY == XMC1
 185:D:/Projekty/TrinityTrack6000/MainControlBoard/Infineon/XMC4200/Libraries/XMCLib/inc\xmc_usic.h **** #include "xmc1_usic_map.h"
 186:D:/Projekty/TrinityTrack6000/MainControlBoard/Infineon/XMC4200/Libraries/XMCLib/inc\xmc_usic.h **** #endif
 187:D:/Projekty/TrinityTrack6000/MainControlBoard/Infineon/XMC4200/Libraries/XMCLib/inc\xmc_usic.h **** 
 188:D:/Projekty/TrinityTrack6000/MainControlBoard/Infineon/XMC4200/Libraries/XMCLib/inc\xmc_usic.h **** #if UC_FAMILY == XMC4
 189:D:/Projekty/TrinityTrack6000/MainControlBoard/Infineon/XMC4200/Libraries/XMCLib/inc\xmc_usic.h **** #include "xmc4_usic_map.h"
 190:D:/Projekty/TrinityTrack6000/MainControlBoard/Infineon/XMC4200/Libraries/XMCLib/inc\xmc_usic.h **** #endif
 191:D:/Projekty/TrinityTrack6000/MainControlBoard/Infineon/XMC4200/Libraries/XMCLib/inc\xmc_usic.h **** 
 192:D:/Projekty/TrinityTrack6000/MainControlBoard/Infineon/XMC4200/Libraries/XMCLib/inc\xmc_usic.h **** /*******************************************************************************
 193:D:/Projekty/TrinityTrack6000/MainControlBoard/Infineon/XMC4200/Libraries/XMCLib/inc\xmc_usic.h ****  * ENUMS
 194:D:/Projekty/TrinityTrack6000/MainControlBoard/Infineon/XMC4200/Libraries/XMCLib/inc\xmc_usic.h ****  *******************************************************************************/
 195:D:/Projekty/TrinityTrack6000/MainControlBoard/Infineon/XMC4200/Libraries/XMCLib/inc\xmc_usic.h **** 
 196:D:/Projekty/TrinityTrack6000/MainControlBoard/Infineon/XMC4200/Libraries/XMCLib/inc\xmc_usic.h **** /**
 197:D:/Projekty/TrinityTrack6000/MainControlBoard/Infineon/XMC4200/Libraries/XMCLib/inc\xmc_usic.h ****  * USIC channel driver status
 198:D:/Projekty/TrinityTrack6000/MainControlBoard/Infineon/XMC4200/Libraries/XMCLib/inc\xmc_usic.h ****  */
 199:D:/Projekty/TrinityTrack6000/MainControlBoard/Infineon/XMC4200/Libraries/XMCLib/inc\xmc_usic.h **** typedef enum XMC_USIC_CH_STATUS
 200:D:/Projekty/TrinityTrack6000/MainControlBoard/Infineon/XMC4200/Libraries/XMCLib/inc\xmc_usic.h **** {
 201:D:/Projekty/TrinityTrack6000/MainControlBoard/Infineon/XMC4200/Libraries/XMCLib/inc\xmc_usic.h ****   XMC_USIC_CH_STATUS_OK,    /**< USIC driver status : OK */
 202:D:/Projekty/TrinityTrack6000/MainControlBoard/Infineon/XMC4200/Libraries/XMCLib/inc\xmc_usic.h ****   XMC_USIC_CH_STATUS_ERROR, /**< USIC driver status : ERROR */
 203:D:/Projekty/TrinityTrack6000/MainControlBoard/Infineon/XMC4200/Libraries/XMCLib/inc\xmc_usic.h ****   XMC_USIC_CH_STATUS_BUSY   /**< USIC driver status : BUSY */
 204:D:/Projekty/TrinityTrack6000/MainControlBoard/Infineon/XMC4200/Libraries/XMCLib/inc\xmc_usic.h **** } XMC_USIC_CH_STATUS_t;
 205:D:/Projekty/TrinityTrack6000/MainControlBoard/Infineon/XMC4200/Libraries/XMCLib/inc\xmc_usic.h **** 
 206:D:/Projekty/TrinityTrack6000/MainControlBoard/Infineon/XMC4200/Libraries/XMCLib/inc\xmc_usic.h **** /**
 207:D:/Projekty/TrinityTrack6000/MainControlBoard/Infineon/XMC4200/Libraries/XMCLib/inc\xmc_usic.h **** * USIC channel kernel mode
 208:D:/Projekty/TrinityTrack6000/MainControlBoard/Infineon/XMC4200/Libraries/XMCLib/inc\xmc_usic.h **** */
 209:D:/Projekty/TrinityTrack6000/MainControlBoard/Infineon/XMC4200/Libraries/XMCLib/inc\xmc_usic.h **** typedef enum XMC_USIC_CH_KERNEL_MODE
 210:D:/Projekty/TrinityTrack6000/MainControlBoard/Infineon/XMC4200/Libraries/XMCLib/inc\xmc_usic.h **** {
 211:D:/Projekty/TrinityTrack6000/MainControlBoard/Infineon/XMC4200/Libraries/XMCLib/inc\xmc_usic.h ****   XMC_USIC_CH_KERNEL_MODE_RUN_0  = 0x0UL,  /**< Run mode 0 (transmission and reception possible)*/
 212:D:/Projekty/TrinityTrack6000/MainControlBoard/Infineon/XMC4200/Libraries/XMCLib/inc\xmc_usic.h ****   XMC_USIC_CH_KERNEL_MODE_RUN_1  = 0x1UL << USIC_CH_KSCFG_NOMCFG_Pos,  /**< Run mode 1 (transmissio
 213:D:/Projekty/TrinityTrack6000/MainControlBoard/Infineon/XMC4200/Libraries/XMCLib/inc\xmc_usic.h ****   XMC_USIC_CH_KERNEL_MODE_STOP_0 = 0x2UL << USIC_CH_KSCFG_NOMCFG_Pos,  /**< Stop mode 0 (no transmi
 214:D:/Projekty/TrinityTrack6000/MainControlBoard/Infineon/XMC4200/Libraries/XMCLib/inc\xmc_usic.h ****   XMC_USIC_CH_KERNEL_MODE_STOP_1 = 0x3UL << USIC_CH_KSCFG_NOMCFG_Pos   /**< Stop mode 1 (both trans
 215:D:/Projekty/TrinityTrack6000/MainControlBoard/Infineon/XMC4200/Libraries/XMCLib/inc\xmc_usic.h **** } XMC_USIC_CH_KERNEL_MODE_t;
 216:D:/Projekty/TrinityTrack6000/MainControlBoard/Infineon/XMC4200/Libraries/XMCLib/inc\xmc_usic.h **** 
 217:D:/Projekty/TrinityTrack6000/MainControlBoard/Infineon/XMC4200/Libraries/XMCLib/inc\xmc_usic.h **** /**
 218:D:/Projekty/TrinityTrack6000/MainControlBoard/Infineon/XMC4200/Libraries/XMCLib/inc\xmc_usic.h ****  * USIC channel operating mode
 219:D:/Projekty/TrinityTrack6000/MainControlBoard/Infineon/XMC4200/Libraries/XMCLib/inc\xmc_usic.h ****  */
 220:D:/Projekty/TrinityTrack6000/MainControlBoard/Infineon/XMC4200/Libraries/XMCLib/inc\xmc_usic.h **** typedef enum XMC_USIC_CH_OPERATING_MODE
 221:D:/Projekty/TrinityTrack6000/MainControlBoard/Infineon/XMC4200/Libraries/XMCLib/inc\xmc_usic.h **** {
 222:D:/Projekty/TrinityTrack6000/MainControlBoard/Infineon/XMC4200/Libraries/XMCLib/inc\xmc_usic.h ****   XMC_USIC_CH_OPERATING_MODE_IDLE = 0x0UL, /**< USIC channel idle */
 223:D:/Projekty/TrinityTrack6000/MainControlBoard/Infineon/XMC4200/Libraries/XMCLib/inc\xmc_usic.h ****   XMC_USIC_CH_OPERATING_MODE_SPI  = 0x1UL << USIC_CH_CCR_MODE_Pos, /**< SPI mode */
 224:D:/Projekty/TrinityTrack6000/MainControlBoard/Infineon/XMC4200/Libraries/XMCLib/inc\xmc_usic.h ****   XMC_USIC_CH_OPERATING_MODE_UART = 0x2UL << USIC_CH_CCR_MODE_Pos, /**< UART mode */
 225:D:/Projekty/TrinityTrack6000/MainControlBoard/Infineon/XMC4200/Libraries/XMCLib/inc\xmc_usic.h ****   XMC_USIC_CH_OPERATING_MODE_I2S  = 0x3UL << USIC_CH_CCR_MODE_Pos, /**< I2S mode */
 226:D:/Projekty/TrinityTrack6000/MainControlBoard/Infineon/XMC4200/Libraries/XMCLib/inc\xmc_usic.h ****   XMC_USIC_CH_OPERATING_MODE_I2C  = 0x4UL << USIC_CH_CCR_MODE_Pos  /**< I2C mode */
 227:D:/Projekty/TrinityTrack6000/MainControlBoard/Infineon/XMC4200/Libraries/XMCLib/inc\xmc_usic.h **** } XMC_USIC_CH_OPERATING_MODE_t;
 228:D:/Projekty/TrinityTrack6000/MainControlBoard/Infineon/XMC4200/Libraries/XMCLib/inc\xmc_usic.h **** 
 229:D:/Projekty/TrinityTrack6000/MainControlBoard/Infineon/XMC4200/Libraries/XMCLib/inc\xmc_usic.h **** /**
 230:D:/Projekty/TrinityTrack6000/MainControlBoard/Infineon/XMC4200/Libraries/XMCLib/inc\xmc_usic.h ****  * USIC channel inputs
 231:D:/Projekty/TrinityTrack6000/MainControlBoard/Infineon/XMC4200/Libraries/XMCLib/inc\xmc_usic.h ****  */
 232:D:/Projekty/TrinityTrack6000/MainControlBoard/Infineon/XMC4200/Libraries/XMCLib/inc\xmc_usic.h **** typedef enum XMC_USIC_CH_INPUT
 233:D:/Projekty/TrinityTrack6000/MainControlBoard/Infineon/XMC4200/Libraries/XMCLib/inc\xmc_usic.h **** {
 234:D:/Projekty/TrinityTrack6000/MainControlBoard/Infineon/XMC4200/Libraries/XMCLib/inc\xmc_usic.h ****   XMC_USIC_CH_INPUT_DX0, /**< DX0 input */
 235:D:/Projekty/TrinityTrack6000/MainControlBoard/Infineon/XMC4200/Libraries/XMCLib/inc\xmc_usic.h ****   XMC_USIC_CH_INPUT_DX1, /**< DX1 input */
 236:D:/Projekty/TrinityTrack6000/MainControlBoard/Infineon/XMC4200/Libraries/XMCLib/inc\xmc_usic.h ****   XMC_USIC_CH_INPUT_DX2, /**< DX2 input */
 237:D:/Projekty/TrinityTrack6000/MainControlBoard/Infineon/XMC4200/Libraries/XMCLib/inc\xmc_usic.h ****   XMC_USIC_CH_INPUT_DX3, /**< DX3 input */
 238:D:/Projekty/TrinityTrack6000/MainControlBoard/Infineon/XMC4200/Libraries/XMCLib/inc\xmc_usic.h ****   XMC_USIC_CH_INPUT_DX4, /**< DX4 input */
 239:D:/Projekty/TrinityTrack6000/MainControlBoard/Infineon/XMC4200/Libraries/XMCLib/inc\xmc_usic.h ****   XMC_USIC_CH_INPUT_DX5  /**< DX5 input */
 240:D:/Projekty/TrinityTrack6000/MainControlBoard/Infineon/XMC4200/Libraries/XMCLib/inc\xmc_usic.h **** } XMC_USIC_CH_INPUT_t;
 241:D:/Projekty/TrinityTrack6000/MainControlBoard/Infineon/XMC4200/Libraries/XMCLib/inc\xmc_usic.h **** 
 242:D:/Projekty/TrinityTrack6000/MainControlBoard/Infineon/XMC4200/Libraries/XMCLib/inc\xmc_usic.h **** /**
 243:D:/Projekty/TrinityTrack6000/MainControlBoard/Infineon/XMC4200/Libraries/XMCLib/inc\xmc_usic.h ****  * USIC channel input source sampling frequency
 244:D:/Projekty/TrinityTrack6000/MainControlBoard/Infineon/XMC4200/Libraries/XMCLib/inc\xmc_usic.h ****  */
 245:D:/Projekty/TrinityTrack6000/MainControlBoard/Infineon/XMC4200/Libraries/XMCLib/inc\xmc_usic.h **** typedef enum XMC_USIC_CH_INPUT_SAMPLING_FREQ
 246:D:/Projekty/TrinityTrack6000/MainControlBoard/Infineon/XMC4200/Libraries/XMCLib/inc\xmc_usic.h **** {
 247:D:/Projekty/TrinityTrack6000/MainControlBoard/Infineon/XMC4200/Libraries/XMCLib/inc\xmc_usic.h ****   XMC_USIC_CH_INPUT_SAMPLING_FREQ_FPERIPH            = 0x0UL, /**< Use fperiph frequency for input 
 248:D:/Projekty/TrinityTrack6000/MainControlBoard/Infineon/XMC4200/Libraries/XMCLib/inc\xmc_usic.h ****   XMC_USIC_CH_INPUT_SAMPLING_FREQ_FRACTIONAL_DIVIDER = 0x1UL << USIC_CH_DXCR_SFSEL_Pos  /**< Use fF
 249:D:/Projekty/TrinityTrack6000/MainControlBoard/Infineon/XMC4200/Libraries/XMCLib/inc\xmc_usic.h **** } XMC_USIC_CH_INPUT_SAMPLING_FREQ_t;
 250:D:/Projekty/TrinityTrack6000/MainControlBoard/Infineon/XMC4200/Libraries/XMCLib/inc\xmc_usic.h **** 
 251:D:/Projekty/TrinityTrack6000/MainControlBoard/Infineon/XMC4200/Libraries/XMCLib/inc\xmc_usic.h **** /**
 252:D:/Projekty/TrinityTrack6000/MainControlBoard/Infineon/XMC4200/Libraries/XMCLib/inc\xmc_usic.h ****  * USIC channel input combination mode
 253:D:/Projekty/TrinityTrack6000/MainControlBoard/Infineon/XMC4200/Libraries/XMCLib/inc\xmc_usic.h ****  */
 254:D:/Projekty/TrinityTrack6000/MainControlBoard/Infineon/XMC4200/Libraries/XMCLib/inc\xmc_usic.h **** typedef enum XMC_USIC_CH_INPUT_COMBINATION_MODE
 255:D:/Projekty/TrinityTrack6000/MainControlBoard/Infineon/XMC4200/Libraries/XMCLib/inc\xmc_usic.h **** {
 256:D:/Projekty/TrinityTrack6000/MainControlBoard/Infineon/XMC4200/Libraries/XMCLib/inc\xmc_usic.h ****   XMC_USIC_CH_INPUT_COMBINATION_MODE_TRIGGER_DISABLED = 0x0UL, /**< The trigger activation is disab
 257:D:/Projekty/TrinityTrack6000/MainControlBoard/Infineon/XMC4200/Libraries/XMCLib/inc\xmc_usic.h ****   XMC_USIC_CH_INPUT_COMBINATION_MODE_RISING_EDGE      = 0x1UL, /**< A rising edge activates DXnT*/
 258:D:/Projekty/TrinityTrack6000/MainControlBoard/Infineon/XMC4200/Libraries/XMCLib/inc\xmc_usic.h ****   XMC_USIC_CH_INPUT_COMBINATION_MODE_FALLING_EDGE     = 0x2UL, /**< A falling edge activates DXnT*/
 259:D:/Projekty/TrinityTrack6000/MainControlBoard/Infineon/XMC4200/Libraries/XMCLib/inc\xmc_usic.h ****   XMC_USIC_CH_INPUT_COMBINATION_MODE_BOTH_EDGES       = 0x3UL, /**< Both edges activate DXnT*/
 260:D:/Projekty/TrinityTrack6000/MainControlBoard/Infineon/XMC4200/Libraries/XMCLib/inc\xmc_usic.h **** } XMC_USIC_CH_INPUT_COMBINATION_MODE_t;
 261:D:/Projekty/TrinityTrack6000/MainControlBoard/Infineon/XMC4200/Libraries/XMCLib/inc\xmc_usic.h **** 
 262:D:/Projekty/TrinityTrack6000/MainControlBoard/Infineon/XMC4200/Libraries/XMCLib/inc\xmc_usic.h **** /**
 263:D:/Projekty/TrinityTrack6000/MainControlBoard/Infineon/XMC4200/Libraries/XMCLib/inc\xmc_usic.h ****  * USIC channel data transmission start modes.
 264:D:/Projekty/TrinityTrack6000/MainControlBoard/Infineon/XMC4200/Libraries/XMCLib/inc\xmc_usic.h ****  * Data shifted out of the transmit pin depends on the value configured for the
 265:D:/Projekty/TrinityTrack6000/MainControlBoard/Infineon/XMC4200/Libraries/XMCLib/inc\xmc_usic.h ****  * TDEN bitfield of the TCSR register. Following enum values are used for configuring
 266:D:/Projekty/TrinityTrack6000/MainControlBoard/Infineon/XMC4200/Libraries/XMCLib/inc\xmc_usic.h ****  * the TCSR->TDEN bitfield.
 267:D:/Projekty/TrinityTrack6000/MainControlBoard/Infineon/XMC4200/Libraries/XMCLib/inc\xmc_usic.h ****  */
 268:D:/Projekty/TrinityTrack6000/MainControlBoard/Infineon/XMC4200/Libraries/XMCLib/inc\xmc_usic.h **** typedef enum XMC_USIC_CH_START_TRANSMISION_MODE
 269:D:/Projekty/TrinityTrack6000/MainControlBoard/Infineon/XMC4200/Libraries/XMCLib/inc\xmc_usic.h **** {
 270:D:/Projekty/TrinityTrack6000/MainControlBoard/Infineon/XMC4200/Libraries/XMCLib/inc\xmc_usic.h ****   XMC_USIC_CH_START_TRANSMISION_DISABLED      = 0x0U, /**< Passive data level is sent out on transm
 271:D:/Projekty/TrinityTrack6000/MainControlBoard/Infineon/XMC4200/Libraries/XMCLib/inc\xmc_usic.h ****   XMC_USIC_CH_START_TRANSMISION_ON_TDV        = 0x1UL << USIC_CH_TCSR_TDEN_Pos, /**< Transmission o
 272:D:/Projekty/TrinityTrack6000/MainControlBoard/Infineon/XMC4200/Libraries/XMCLib/inc\xmc_usic.h ****   XMC_USIC_CH_START_TRANSMISION_ON_TDV_DX2S_0 = 0x2UL << USIC_CH_TCSR_TDEN_Pos, /**< Transmission o
 273:D:/Projekty/TrinityTrack6000/MainControlBoard/Infineon/XMC4200/Libraries/XMCLib/inc\xmc_usic.h ****   XMC_USIC_CH_START_TRANSMISION_ON_TDV_DX2S_1 = 0x3UL << USIC_CH_TCSR_TDEN_Pos  /**< Transmission o
 274:D:/Projekty/TrinityTrack6000/MainControlBoard/Infineon/XMC4200/Libraries/XMCLib/inc\xmc_usic.h **** } XMC_USIC_CH_START_TRANSMISION_MODE_t;
 275:D:/Projekty/TrinityTrack6000/MainControlBoard/Infineon/XMC4200/Libraries/XMCLib/inc\xmc_usic.h **** 
 276:D:/Projekty/TrinityTrack6000/MainControlBoard/Infineon/XMC4200/Libraries/XMCLib/inc\xmc_usic.h **** /**
 277:D:/Projekty/TrinityTrack6000/MainControlBoard/Infineon/XMC4200/Libraries/XMCLib/inc\xmc_usic.h ****  * USIC channel interrupt node pointers
 278:D:/Projekty/TrinityTrack6000/MainControlBoard/Infineon/XMC4200/Libraries/XMCLib/inc\xmc_usic.h ****  */
 279:D:/Projekty/TrinityTrack6000/MainControlBoard/Infineon/XMC4200/Libraries/XMCLib/inc\xmc_usic.h **** typedef enum XMC_USIC_CH_INTERRUPT_NODE_POINTER
 280:D:/Projekty/TrinityTrack6000/MainControlBoard/Infineon/XMC4200/Libraries/XMCLib/inc\xmc_usic.h **** {
 281:D:/Projekty/TrinityTrack6000/MainControlBoard/Infineon/XMC4200/Libraries/XMCLib/inc\xmc_usic.h ****   XMC_USIC_CH_INTERRUPT_NODE_POINTER_TRANSMIT_SHIFT      = USIC_CH_INPR_TSINP_Pos, /**< Node pointe
 282:D:/Projekty/TrinityTrack6000/MainControlBoard/Infineon/XMC4200/Libraries/XMCLib/inc\xmc_usic.h ****   XMC_USIC_CH_INTERRUPT_NODE_POINTER_TRANSMIT_BUFFER     = USIC_CH_INPR_TBINP_Pos, /**< Node pointe
 283:D:/Projekty/TrinityTrack6000/MainControlBoard/Infineon/XMC4200/Libraries/XMCLib/inc\xmc_usic.h ****   XMC_USIC_CH_INTERRUPT_NODE_POINTER_RECEIVE             = USIC_CH_INPR_RINP_Pos,  /**< Node pointe
 284:D:/Projekty/TrinityTrack6000/MainControlBoard/Infineon/XMC4200/Libraries/XMCLib/inc\xmc_usic.h ****   XMC_USIC_CH_INTERRUPT_NODE_POINTER_ALTERNATE_RECEIVE   = USIC_CH_INPR_AINP_Pos,  /**< Node pointe
 285:D:/Projekty/TrinityTrack6000/MainControlBoard/Infineon/XMC4200/Libraries/XMCLib/inc\xmc_usic.h ****   XMC_USIC_CH_INTERRUPT_NODE_POINTER_PROTOCOL            = USIC_CH_INPR_PINP_Pos   /**< Node pointe
 286:D:/Projekty/TrinityTrack6000/MainControlBoard/Infineon/XMC4200/Libraries/XMCLib/inc\xmc_usic.h **** } XMC_USIC_CH_INTERRUPT_NODE_POINTER_t;
 287:D:/Projekty/TrinityTrack6000/MainControlBoard/Infineon/XMC4200/Libraries/XMCLib/inc\xmc_usic.h **** 
 288:D:/Projekty/TrinityTrack6000/MainControlBoard/Infineon/XMC4200/Libraries/XMCLib/inc\xmc_usic.h **** /**
 289:D:/Projekty/TrinityTrack6000/MainControlBoard/Infineon/XMC4200/Libraries/XMCLib/inc\xmc_usic.h ****  * USIC channel events
 290:D:/Projekty/TrinityTrack6000/MainControlBoard/Infineon/XMC4200/Libraries/XMCLib/inc\xmc_usic.h ****  */
 291:D:/Projekty/TrinityTrack6000/MainControlBoard/Infineon/XMC4200/Libraries/XMCLib/inc\xmc_usic.h **** typedef enum XMC_USIC_CH_EVENT
 292:D:/Projekty/TrinityTrack6000/MainControlBoard/Infineon/XMC4200/Libraries/XMCLib/inc\xmc_usic.h **** {
 293:D:/Projekty/TrinityTrack6000/MainControlBoard/Infineon/XMC4200/Libraries/XMCLib/inc\xmc_usic.h ****   XMC_USIC_CH_EVENT_RECEIVE_START       = USIC_CH_CCR_RSIEN_Msk, /**< Receive start event */
 294:D:/Projekty/TrinityTrack6000/MainControlBoard/Infineon/XMC4200/Libraries/XMCLib/inc\xmc_usic.h ****   XMC_USIC_CH_EVENT_DATA_LOST           = USIC_CH_CCR_DLIEN_Msk, /**< Data lost event */
 295:D:/Projekty/TrinityTrack6000/MainControlBoard/Infineon/XMC4200/Libraries/XMCLib/inc\xmc_usic.h ****   XMC_USIC_CH_EVENT_TRANSMIT_SHIFT      = USIC_CH_CCR_TSIEN_Msk, /**< Transmit shift event */
 296:D:/Projekty/TrinityTrack6000/MainControlBoard/Infineon/XMC4200/Libraries/XMCLib/inc\xmc_usic.h ****   XMC_USIC_CH_EVENT_TRANSMIT_BUFFER     = USIC_CH_CCR_TBIEN_Msk, /**< Transmit buffer event */
 297:D:/Projekty/TrinityTrack6000/MainControlBoard/Infineon/XMC4200/Libraries/XMCLib/inc\xmc_usic.h ****   XMC_USIC_CH_EVENT_STANDARD_RECEIVE    = USIC_CH_CCR_RIEN_Msk,  /**< Receive event */
 298:D:/Projekty/TrinityTrack6000/MainControlBoard/Infineon/XMC4200/Libraries/XMCLib/inc\xmc_usic.h ****   XMC_USIC_CH_EVENT_ALTERNATIVE_RECEIVE = USIC_CH_CCR_AIEN_Msk,  /**< Alternate receive event */
 299:D:/Projekty/TrinityTrack6000/MainControlBoard/Infineon/XMC4200/Libraries/XMCLib/inc\xmc_usic.h ****   XMC_USIC_CH_EVENT_BAUD_RATE_GENERATOR = USIC_CH_CCR_BRGIEN_Msk /**< Baudrate generator event */
 300:D:/Projekty/TrinityTrack6000/MainControlBoard/Infineon/XMC4200/Libraries/XMCLib/inc\xmc_usic.h **** } XMC_USIC_CH_EVENT_t;
 301:D:/Projekty/TrinityTrack6000/MainControlBoard/Infineon/XMC4200/Libraries/XMCLib/inc\xmc_usic.h **** 
 302:D:/Projekty/TrinityTrack6000/MainControlBoard/Infineon/XMC4200/Libraries/XMCLib/inc\xmc_usic.h **** /**
 303:D:/Projekty/TrinityTrack6000/MainControlBoard/Infineon/XMC4200/Libraries/XMCLib/inc\xmc_usic.h **** * USIC channel parity mode
 304:D:/Projekty/TrinityTrack6000/MainControlBoard/Infineon/XMC4200/Libraries/XMCLib/inc\xmc_usic.h **** */
 305:D:/Projekty/TrinityTrack6000/MainControlBoard/Infineon/XMC4200/Libraries/XMCLib/inc\xmc_usic.h **** typedef enum XMC_USIC_CH_PARITY_MODE
 306:D:/Projekty/TrinityTrack6000/MainControlBoard/Infineon/XMC4200/Libraries/XMCLib/inc\xmc_usic.h **** {
 307:D:/Projekty/TrinityTrack6000/MainControlBoard/Infineon/XMC4200/Libraries/XMCLib/inc\xmc_usic.h ****   XMC_USIC_CH_PARITY_MODE_NONE     = 0x0UL,  /**< Disable parity mode */
 308:D:/Projekty/TrinityTrack6000/MainControlBoard/Infineon/XMC4200/Libraries/XMCLib/inc\xmc_usic.h ****   XMC_USIC_CH_PARITY_MODE_EVEN     = 0x2UL << USIC_CH_CCR_PM_Pos,  /**< Enable even parity mode */
 309:D:/Projekty/TrinityTrack6000/MainControlBoard/Infineon/XMC4200/Libraries/XMCLib/inc\xmc_usic.h ****   XMC_USIC_CH_PARITY_MODE_ODD      = 0x3UL << USIC_CH_CCR_PM_Pos   /**< Enable odd parity mode */
 310:D:/Projekty/TrinityTrack6000/MainControlBoard/Infineon/XMC4200/Libraries/XMCLib/inc\xmc_usic.h **** } XMC_USIC_CH_PARITY_MODE_t;
 311:D:/Projekty/TrinityTrack6000/MainControlBoard/Infineon/XMC4200/Libraries/XMCLib/inc\xmc_usic.h **** 
 312:D:/Projekty/TrinityTrack6000/MainControlBoard/Infineon/XMC4200/Libraries/XMCLib/inc\xmc_usic.h **** /**
 313:D:/Projekty/TrinityTrack6000/MainControlBoard/Infineon/XMC4200/Libraries/XMCLib/inc\xmc_usic.h **** * USIC channel data output mode
 314:D:/Projekty/TrinityTrack6000/MainControlBoard/Infineon/XMC4200/Libraries/XMCLib/inc\xmc_usic.h **** */
 315:D:/Projekty/TrinityTrack6000/MainControlBoard/Infineon/XMC4200/Libraries/XMCLib/inc\xmc_usic.h **** typedef enum XMC_USIC_CH_DATA_OUTPUT_MODE
 316:D:/Projekty/TrinityTrack6000/MainControlBoard/Infineon/XMC4200/Libraries/XMCLib/inc\xmc_usic.h **** {
 317:D:/Projekty/TrinityTrack6000/MainControlBoard/Infineon/XMC4200/Libraries/XMCLib/inc\xmc_usic.h ****   XMC_USIC_CH_DATA_OUTPUT_MODE_NORMAL   = 0x0UL,  /**< Data output normal mode */
 318:D:/Projekty/TrinityTrack6000/MainControlBoard/Infineon/XMC4200/Libraries/XMCLib/inc\xmc_usic.h ****   XMC_USIC_CH_DATA_OUTPUT_MODE_INVERTED = 0x1UL << USIC_CH_SCTR_DOCFG_Pos   /**< Data output invert
 319:D:/Projekty/TrinityTrack6000/MainControlBoard/Infineon/XMC4200/Libraries/XMCLib/inc\xmc_usic.h **** } XMC_USIC_CH_DATA_OUTPUT_MODE_t;
 320:D:/Projekty/TrinityTrack6000/MainControlBoard/Infineon/XMC4200/Libraries/XMCLib/inc\xmc_usic.h **** 
 321:D:/Projekty/TrinityTrack6000/MainControlBoard/Infineon/XMC4200/Libraries/XMCLib/inc\xmc_usic.h **** /**
 322:D:/Projekty/TrinityTrack6000/MainControlBoard/Infineon/XMC4200/Libraries/XMCLib/inc\xmc_usic.h **** * USIC channel data transmit buffer status
 323:D:/Projekty/TrinityTrack6000/MainControlBoard/Infineon/XMC4200/Libraries/XMCLib/inc\xmc_usic.h **** */
 324:D:/Projekty/TrinityTrack6000/MainControlBoard/Infineon/XMC4200/Libraries/XMCLib/inc\xmc_usic.h **** typedef enum XMC_USIC_CH_TBUF_STATUS
 325:D:/Projekty/TrinityTrack6000/MainControlBoard/Infineon/XMC4200/Libraries/XMCLib/inc\xmc_usic.h **** {
 326:D:/Projekty/TrinityTrack6000/MainControlBoard/Infineon/XMC4200/Libraries/XMCLib/inc\xmc_usic.h ****   XMC_USIC_CH_TBUF_STATUS_IDLE = 0x0UL,                 /**< Transfer buffer is currently idle*/
 327:D:/Projekty/TrinityTrack6000/MainControlBoard/Infineon/XMC4200/Libraries/XMCLib/inc\xmc_usic.h ****   XMC_USIC_CH_TBUF_STATUS_BUSY = USIC_CH_TCSR_TDV_Msk   /**< Transfer buffer is currently busy*/
 328:D:/Projekty/TrinityTrack6000/MainControlBoard/Infineon/XMC4200/Libraries/XMCLib/inc\xmc_usic.h **** } XMC_USIC_CH_TBUF_STATUS_t;
 329:D:/Projekty/TrinityTrack6000/MainControlBoard/Infineon/XMC4200/Libraries/XMCLib/inc\xmc_usic.h **** 
 330:D:/Projekty/TrinityTrack6000/MainControlBoard/Infineon/XMC4200/Libraries/XMCLib/inc\xmc_usic.h **** 
 331:D:/Projekty/TrinityTrack6000/MainControlBoard/Infineon/XMC4200/Libraries/XMCLib/inc\xmc_usic.h **** 
 332:D:/Projekty/TrinityTrack6000/MainControlBoard/Infineon/XMC4200/Libraries/XMCLib/inc\xmc_usic.h **** /**
 333:D:/Projekty/TrinityTrack6000/MainControlBoard/Infineon/XMC4200/Libraries/XMCLib/inc\xmc_usic.h **** * USIC channel data transmit buffer status modification
 334:D:/Projekty/TrinityTrack6000/MainControlBoard/Infineon/XMC4200/Libraries/XMCLib/inc\xmc_usic.h **** */
 335:D:/Projekty/TrinityTrack6000/MainControlBoard/Infineon/XMC4200/Libraries/XMCLib/inc\xmc_usic.h **** typedef enum XMC_USIC_CH_TBUF_STATUS_SET
 336:D:/Projekty/TrinityTrack6000/MainControlBoard/Infineon/XMC4200/Libraries/XMCLib/inc\xmc_usic.h **** {
 337:D:/Projekty/TrinityTrack6000/MainControlBoard/Infineon/XMC4200/Libraries/XMCLib/inc\xmc_usic.h ****   XMC_USIC_CH_TBUF_STATUS_SET_BUSY   = 0x1UL, /**< Set Transfer buffer status to busy*/
 338:D:/Projekty/TrinityTrack6000/MainControlBoard/Infineon/XMC4200/Libraries/XMCLib/inc\xmc_usic.h ****   XMC_USIC_CH_TBUF_STATUS_SET_IDLE   = 0x2UL  /**< Set Transfer buffer status to idle*/
 339:D:/Projekty/TrinityTrack6000/MainControlBoard/Infineon/XMC4200/Libraries/XMCLib/inc\xmc_usic.h **** } XMC_USIC_CH_TBUF_STATUS_SET_t;
 340:D:/Projekty/TrinityTrack6000/MainControlBoard/Infineon/XMC4200/Libraries/XMCLib/inc\xmc_usic.h **** 
 341:D:/Projekty/TrinityTrack6000/MainControlBoard/Infineon/XMC4200/Libraries/XMCLib/inc\xmc_usic.h **** /**
 342:D:/Projekty/TrinityTrack6000/MainControlBoard/Infineon/XMC4200/Libraries/XMCLib/inc\xmc_usic.h **** * USIC channel receive buffer status
 343:D:/Projekty/TrinityTrack6000/MainControlBoard/Infineon/XMC4200/Libraries/XMCLib/inc\xmc_usic.h **** */
 344:D:/Projekty/TrinityTrack6000/MainControlBoard/Infineon/XMC4200/Libraries/XMCLib/inc\xmc_usic.h **** typedef enum XMC_USIC_CH_RBUF_STATUS
 345:D:/Projekty/TrinityTrack6000/MainControlBoard/Infineon/XMC4200/Libraries/XMCLib/inc\xmc_usic.h **** {
 346:D:/Projekty/TrinityTrack6000/MainControlBoard/Infineon/XMC4200/Libraries/XMCLib/inc\xmc_usic.h ****   XMC_USIC_CH_RBUF_STATUS_DATA_VALID0 = USIC_CH_RBUFSR_RDV0_Msk, /**< RBUF0 data has not yet been r
 347:D:/Projekty/TrinityTrack6000/MainControlBoard/Infineon/XMC4200/Libraries/XMCLib/inc\xmc_usic.h ****   XMC_USIC_CH_RBUF_STATUS_DATA_VALID1 = USIC_CH_RBUFSR_RDV1_Msk  /**< RBUF1 data has not yet been r
 348:D:/Projekty/TrinityTrack6000/MainControlBoard/Infineon/XMC4200/Libraries/XMCLib/inc\xmc_usic.h **** } XMC_USIC_CH_RBUF_STATUS_t;
 349:D:/Projekty/TrinityTrack6000/MainControlBoard/Infineon/XMC4200/Libraries/XMCLib/inc\xmc_usic.h **** 
 350:D:/Projekty/TrinityTrack6000/MainControlBoard/Infineon/XMC4200/Libraries/XMCLib/inc\xmc_usic.h **** /**
 351:D:/Projekty/TrinityTrack6000/MainControlBoard/Infineon/XMC4200/Libraries/XMCLib/inc\xmc_usic.h ****  * USIC channel output signal passive data level
 352:D:/Projekty/TrinityTrack6000/MainControlBoard/Infineon/XMC4200/Libraries/XMCLib/inc\xmc_usic.h **** */
 353:D:/Projekty/TrinityTrack6000/MainControlBoard/Infineon/XMC4200/Libraries/XMCLib/inc\xmc_usic.h **** typedef enum XMC_USCI_CH_PASSIVE_DATA_LEVEL
 354:D:/Projekty/TrinityTrack6000/MainControlBoard/Infineon/XMC4200/Libraries/XMCLib/inc\xmc_usic.h **** {
 355:D:/Projekty/TrinityTrack6000/MainControlBoard/Infineon/XMC4200/Libraries/XMCLib/inc\xmc_usic.h ****   XMC_USIC_CH_PASSIVE_DATA_LEVEL0 = 0x0UL, /**< Passive level(idle mode signal level) 0 */
 356:D:/Projekty/TrinityTrack6000/MainControlBoard/Infineon/XMC4200/Libraries/XMCLib/inc\xmc_usic.h ****   XMC_USIC_CH_PASSIVE_DATA_LEVEL1 = 0x1UL << USIC_CH_SCTR_PDL_Pos  /**< Passive level(idle mode sig
 357:D:/Projekty/TrinityTrack6000/MainControlBoard/Infineon/XMC4200/Libraries/XMCLib/inc\xmc_usic.h **** } XMC_USIC_CH_PASSIVE_DATA_LEVEL_t;
 358:D:/Projekty/TrinityTrack6000/MainControlBoard/Infineon/XMC4200/Libraries/XMCLib/inc\xmc_usic.h **** 
 359:D:/Projekty/TrinityTrack6000/MainControlBoard/Infineon/XMC4200/Libraries/XMCLib/inc\xmc_usic.h **** /**
 360:D:/Projekty/TrinityTrack6000/MainControlBoard/Infineon/XMC4200/Libraries/XMCLib/inc\xmc_usic.h **** * USIC channel receive FIFO size
 361:D:/Projekty/TrinityTrack6000/MainControlBoard/Infineon/XMC4200/Libraries/XMCLib/inc\xmc_usic.h **** */
 362:D:/Projekty/TrinityTrack6000/MainControlBoard/Infineon/XMC4200/Libraries/XMCLib/inc\xmc_usic.h **** typedef enum XMC_USIC_CH_FIFO_SIZE
 363:D:/Projekty/TrinityTrack6000/MainControlBoard/Infineon/XMC4200/Libraries/XMCLib/inc\xmc_usic.h **** {
 364:D:/Projekty/TrinityTrack6000/MainControlBoard/Infineon/XMC4200/Libraries/XMCLib/inc\xmc_usic.h ****   XMC_USIC_CH_FIFO_DISABLED     = 0x0U,  /**< FIFO Disabled */
 365:D:/Projekty/TrinityTrack6000/MainControlBoard/Infineon/XMC4200/Libraries/XMCLib/inc\xmc_usic.h ****   XMC_USIC_CH_FIFO_SIZE_2WORDS  = 0x1U,  /**< FIFO size: 2 words */
 366:D:/Projekty/TrinityTrack6000/MainControlBoard/Infineon/XMC4200/Libraries/XMCLib/inc\xmc_usic.h ****   XMC_USIC_CH_FIFO_SIZE_4WORDS  = 0x2U,  /**< FIFO size: 4 words */
 367:D:/Projekty/TrinityTrack6000/MainControlBoard/Infineon/XMC4200/Libraries/XMCLib/inc\xmc_usic.h ****   XMC_USIC_CH_FIFO_SIZE_8WORDS  = 0x3U,  /**< FIFO size: 8 words */
 368:D:/Projekty/TrinityTrack6000/MainControlBoard/Infineon/XMC4200/Libraries/XMCLib/inc\xmc_usic.h ****   XMC_USIC_CH_FIFO_SIZE_16WORDS = 0x4U,  /**< FIFO size: 16 words */
 369:D:/Projekty/TrinityTrack6000/MainControlBoard/Infineon/XMC4200/Libraries/XMCLib/inc\xmc_usic.h ****   XMC_USIC_CH_FIFO_SIZE_32WORDS = 0x5U,  /**< FIFO size: 32 words */
 370:D:/Projekty/TrinityTrack6000/MainControlBoard/Infineon/XMC4200/Libraries/XMCLib/inc\xmc_usic.h ****   XMC_USIC_CH_FIFO_SIZE_64WORDS = 0x6U   /**< FIFO size: 64 words */
 371:D:/Projekty/TrinityTrack6000/MainControlBoard/Infineon/XMC4200/Libraries/XMCLib/inc\xmc_usic.h **** } XMC_USIC_CH_FIFO_SIZE_t;
 372:D:/Projekty/TrinityTrack6000/MainControlBoard/Infineon/XMC4200/Libraries/XMCLib/inc\xmc_usic.h **** 
 373:D:/Projekty/TrinityTrack6000/MainControlBoard/Infineon/XMC4200/Libraries/XMCLib/inc\xmc_usic.h **** /**
 374:D:/Projekty/TrinityTrack6000/MainControlBoard/Infineon/XMC4200/Libraries/XMCLib/inc\xmc_usic.h **** * USIC channel transmit FIFO interrupt node pointers
 375:D:/Projekty/TrinityTrack6000/MainControlBoard/Infineon/XMC4200/Libraries/XMCLib/inc\xmc_usic.h **** */
 376:D:/Projekty/TrinityTrack6000/MainControlBoard/Infineon/XMC4200/Libraries/XMCLib/inc\xmc_usic.h **** typedef enum XMC_USIC_CH_TXFIFO_INTERRUPT_NODE_POINTER
 377:D:/Projekty/TrinityTrack6000/MainControlBoard/Infineon/XMC4200/Libraries/XMCLib/inc\xmc_usic.h **** {
 378:D:/Projekty/TrinityTrack6000/MainControlBoard/Infineon/XMC4200/Libraries/XMCLib/inc\xmc_usic.h ****   XMC_USIC_CH_TXFIFO_INTERRUPT_NODE_POINTER_STANDARD  = USIC_CH_TBCTR_STBINP_Pos,  /**< Node pointe
 379:D:/Projekty/TrinityTrack6000/MainControlBoard/Infineon/XMC4200/Libraries/XMCLib/inc\xmc_usic.h ****   XMC_USIC_CH_TXFIFO_INTERRUPT_NODE_POINTER_ALTERNATE = USIC_CH_TBCTR_ATBINP_Pos   /**< Node pointe
 380:D:/Projekty/TrinityTrack6000/MainControlBoard/Infineon/XMC4200/Libraries/XMCLib/inc\xmc_usic.h **** } XMC_USIC_CH_TXFIFO_INTERRUPT_NODE_POINTER_t;
 381:D:/Projekty/TrinityTrack6000/MainControlBoard/Infineon/XMC4200/Libraries/XMCLib/inc\xmc_usic.h **** 
 382:D:/Projekty/TrinityTrack6000/MainControlBoard/Infineon/XMC4200/Libraries/XMCLib/inc\xmc_usic.h **** /**
 383:D:/Projekty/TrinityTrack6000/MainControlBoard/Infineon/XMC4200/Libraries/XMCLib/inc\xmc_usic.h **** * USIC channel transmit FIFO event configuration
 384:D:/Projekty/TrinityTrack6000/MainControlBoard/Infineon/XMC4200/Libraries/XMCLib/inc\xmc_usic.h **** */
 385:D:/Projekty/TrinityTrack6000/MainControlBoard/Infineon/XMC4200/Libraries/XMCLib/inc\xmc_usic.h **** typedef enum XMC_USIC_CH_TXFIFO_EVENT_CONF
 386:D:/Projekty/TrinityTrack6000/MainControlBoard/Infineon/XMC4200/Libraries/XMCLib/inc\xmc_usic.h **** {
 387:D:/Projekty/TrinityTrack6000/MainControlBoard/Infineon/XMC4200/Libraries/XMCLib/inc\xmc_usic.h ****   XMC_USIC_CH_TXFIFO_EVENT_CONF_STANDARD  = USIC_CH_TBCTR_STBIEN_Msk,   /**< Enable FIFO standard t
 388:D:/Projekty/TrinityTrack6000/MainControlBoard/Infineon/XMC4200/Libraries/XMCLib/inc\xmc_usic.h ****   XMC_USIC_CH_TXFIFO_EVENT_CONF_ERROR     = (int32_t)USIC_CH_TBCTR_TBERIEN_Msk  /**< Enable transmi
 389:D:/Projekty/TrinityTrack6000/MainControlBoard/Infineon/XMC4200/Libraries/XMCLib/inc\xmc_usic.h **** } XMC_USIC_CH_TXFIFO_EVENT_CONF_t;
 390:D:/Projekty/TrinityTrack6000/MainControlBoard/Infineon/XMC4200/Libraries/XMCLib/inc\xmc_usic.h **** 
 391:D:/Projekty/TrinityTrack6000/MainControlBoard/Infineon/XMC4200/Libraries/XMCLib/inc\xmc_usic.h **** /**
 392:D:/Projekty/TrinityTrack6000/MainControlBoard/Infineon/XMC4200/Libraries/XMCLib/inc\xmc_usic.h **** * USIC channel transmit FIFO status
 393:D:/Projekty/TrinityTrack6000/MainControlBoard/Infineon/XMC4200/Libraries/XMCLib/inc\xmc_usic.h **** */
 394:D:/Projekty/TrinityTrack6000/MainControlBoard/Infineon/XMC4200/Libraries/XMCLib/inc\xmc_usic.h **** typedef enum XMC_USIC_CH_TXFIFO_EVENT
 395:D:/Projekty/TrinityTrack6000/MainControlBoard/Infineon/XMC4200/Libraries/XMCLib/inc\xmc_usic.h **** {
 396:D:/Projekty/TrinityTrack6000/MainControlBoard/Infineon/XMC4200/Libraries/XMCLib/inc\xmc_usic.h ****   XMC_USIC_CH_TXFIFO_EVENT_STANDARD = USIC_CH_TRBSR_STBI_Msk,    /**< Transmit FIFO status: Standar
 397:D:/Projekty/TrinityTrack6000/MainControlBoard/Infineon/XMC4200/Libraries/XMCLib/inc\xmc_usic.h ****   XMC_USIC_CH_TXFIFO_EVENT_ERROR    = USIC_CH_TRBSR_TBERI_Msk    /**< Transmit FIFO status: Error e
 398:D:/Projekty/TrinityTrack6000/MainControlBoard/Infineon/XMC4200/Libraries/XMCLib/inc\xmc_usic.h **** } XMC_USIC_CH_TXFIFO_EVENT_t;
 399:D:/Projekty/TrinityTrack6000/MainControlBoard/Infineon/XMC4200/Libraries/XMCLib/inc\xmc_usic.h **** 
 400:D:/Projekty/TrinityTrack6000/MainControlBoard/Infineon/XMC4200/Libraries/XMCLib/inc\xmc_usic.h **** /**
 401:D:/Projekty/TrinityTrack6000/MainControlBoard/Infineon/XMC4200/Libraries/XMCLib/inc\xmc_usic.h **** * USIC channel receive FIFO interrupt node pointers
 402:D:/Projekty/TrinityTrack6000/MainControlBoard/Infineon/XMC4200/Libraries/XMCLib/inc\xmc_usic.h **** */
 403:D:/Projekty/TrinityTrack6000/MainControlBoard/Infineon/XMC4200/Libraries/XMCLib/inc\xmc_usic.h **** typedef enum XMC_USIC_CH_RXFIFO_INTERRUPT_NODE_POINTER
 404:D:/Projekty/TrinityTrack6000/MainControlBoard/Infineon/XMC4200/Libraries/XMCLib/inc\xmc_usic.h **** {
 405:D:/Projekty/TrinityTrack6000/MainControlBoard/Infineon/XMC4200/Libraries/XMCLib/inc\xmc_usic.h ****   XMC_USIC_CH_RXFIFO_INTERRUPT_NODE_POINTER_STANDARD  = USIC_CH_RBCTR_SRBINP_Pos, /**< Node pointer
 406:D:/Projekty/TrinityTrack6000/MainControlBoard/Infineon/XMC4200/Libraries/XMCLib/inc\xmc_usic.h ****   XMC_USIC_CH_RXFIFO_INTERRUPT_NODE_POINTER_ALTERNATE = USIC_CH_RBCTR_ARBINP_Pos  /**< Node pointer
 407:D:/Projekty/TrinityTrack6000/MainControlBoard/Infineon/XMC4200/Libraries/XMCLib/inc\xmc_usic.h **** } XMC_USIC_CH_RXFIFO_INTERRUPT_NODE_POINTER_t;
 408:D:/Projekty/TrinityTrack6000/MainControlBoard/Infineon/XMC4200/Libraries/XMCLib/inc\xmc_usic.h **** 
 409:D:/Projekty/TrinityTrack6000/MainControlBoard/Infineon/XMC4200/Libraries/XMCLib/inc\xmc_usic.h **** /**
 410:D:/Projekty/TrinityTrack6000/MainControlBoard/Infineon/XMC4200/Libraries/XMCLib/inc\xmc_usic.h **** * USIC channel receive FIFO event configuration
 411:D:/Projekty/TrinityTrack6000/MainControlBoard/Infineon/XMC4200/Libraries/XMCLib/inc\xmc_usic.h **** */
 412:D:/Projekty/TrinityTrack6000/MainControlBoard/Infineon/XMC4200/Libraries/XMCLib/inc\xmc_usic.h **** typedef enum XMC_USIC_CH_RXFIFO_EVENT_CONF
 413:D:/Projekty/TrinityTrack6000/MainControlBoard/Infineon/XMC4200/Libraries/XMCLib/inc\xmc_usic.h **** {
 414:D:/Projekty/TrinityTrack6000/MainControlBoard/Infineon/XMC4200/Libraries/XMCLib/inc\xmc_usic.h ****   XMC_USIC_CH_RXFIFO_EVENT_CONF_STANDARD  = USIC_CH_RBCTR_SRBIEN_Msk,   /**< Enable FIFO standard r
 415:D:/Projekty/TrinityTrack6000/MainControlBoard/Infineon/XMC4200/Libraries/XMCLib/inc\xmc_usic.h ****   XMC_USIC_CH_RXFIFO_EVENT_CONF_ERROR     = (int32_t)USIC_CH_RBCTR_RBERIEN_Msk,  /**< Enable receiv
 416:D:/Projekty/TrinityTrack6000/MainControlBoard/Infineon/XMC4200/Libraries/XMCLib/inc\xmc_usic.h ****   XMC_USIC_CH_RXFIFO_EVENT_CONF_ALTERNATE = USIC_CH_RBCTR_ARBIEN_Msk   /**< Enable FIFO alternative
 417:D:/Projekty/TrinityTrack6000/MainControlBoard/Infineon/XMC4200/Libraries/XMCLib/inc\xmc_usic.h **** } XMC_USIC_CH_RXFIFO_EVENT_CONF_t;
 418:D:/Projekty/TrinityTrack6000/MainControlBoard/Infineon/XMC4200/Libraries/XMCLib/inc\xmc_usic.h **** 
 419:D:/Projekty/TrinityTrack6000/MainControlBoard/Infineon/XMC4200/Libraries/XMCLib/inc\xmc_usic.h **** /**
 420:D:/Projekty/TrinityTrack6000/MainControlBoard/Infineon/XMC4200/Libraries/XMCLib/inc\xmc_usic.h **** * USIC channel receive FIFO status
 421:D:/Projekty/TrinityTrack6000/MainControlBoard/Infineon/XMC4200/Libraries/XMCLib/inc\xmc_usic.h **** */
 422:D:/Projekty/TrinityTrack6000/MainControlBoard/Infineon/XMC4200/Libraries/XMCLib/inc\xmc_usic.h **** typedef enum XMC_USIC_CH_RXFIFO_EVENT
 423:D:/Projekty/TrinityTrack6000/MainControlBoard/Infineon/XMC4200/Libraries/XMCLib/inc\xmc_usic.h **** {
 424:D:/Projekty/TrinityTrack6000/MainControlBoard/Infineon/XMC4200/Libraries/XMCLib/inc\xmc_usic.h ****   XMC_USIC_CH_RXFIFO_EVENT_STANDARD  = USIC_CH_TRBSR_SRBI_Msk,   /**< Receive FIFO status: Standard
 425:D:/Projekty/TrinityTrack6000/MainControlBoard/Infineon/XMC4200/Libraries/XMCLib/inc\xmc_usic.h ****   XMC_USIC_CH_RXFIFO_EVENT_ERROR     = USIC_CH_TRBSR_RBERI_Msk,  /**< Receive FIFO status: Error ev
 426:D:/Projekty/TrinityTrack6000/MainControlBoard/Infineon/XMC4200/Libraries/XMCLib/inc\xmc_usic.h ****   XMC_USIC_CH_RXFIFO_EVENT_ALTERNATE = USIC_CH_TRBSR_ARBI_Msk    /**< Receive FIFO status: Alternat
 427:D:/Projekty/TrinityTrack6000/MainControlBoard/Infineon/XMC4200/Libraries/XMCLib/inc\xmc_usic.h **** } XMC_USIC_CH_RXFIFO_EVENT_t;
 428:D:/Projekty/TrinityTrack6000/MainControlBoard/Infineon/XMC4200/Libraries/XMCLib/inc\xmc_usic.h **** 
 429:D:/Projekty/TrinityTrack6000/MainControlBoard/Infineon/XMC4200/Libraries/XMCLib/inc\xmc_usic.h **** /**
 430:D:/Projekty/TrinityTrack6000/MainControlBoard/Infineon/XMC4200/Libraries/XMCLib/inc\xmc_usic.h **** * USIC channel baudrate generator clock source
 431:D:/Projekty/TrinityTrack6000/MainControlBoard/Infineon/XMC4200/Libraries/XMCLib/inc\xmc_usic.h **** */
 432:D:/Projekty/TrinityTrack6000/MainControlBoard/Infineon/XMC4200/Libraries/XMCLib/inc\xmc_usic.h **** typedef enum XMC_USIC_CH_BRG_CLOCK_SOURCE
 433:D:/Projekty/TrinityTrack6000/MainControlBoard/Infineon/XMC4200/Libraries/XMCLib/inc\xmc_usic.h **** {
 434:D:/Projekty/TrinityTrack6000/MainControlBoard/Infineon/XMC4200/Libraries/XMCLib/inc\xmc_usic.h ****   XMC_USIC_CH_BRG_CLOCK_SOURCE_DIVIDER = 0x0UL, /**< Baudrate generator clock source : Source divid
 435:D:/Projekty/TrinityTrack6000/MainControlBoard/Infineon/XMC4200/Libraries/XMCLib/inc\xmc_usic.h ****   XMC_USIC_CH_BRG_CLOCK_SOURCE_DX1T    = 0x2UL << USIC_CH_BRG_CLKSEL_Pos,  /**< Baudrate generator 
 436:D:/Projekty/TrinityTrack6000/MainControlBoard/Infineon/XMC4200/Libraries/XMCLib/inc\xmc_usic.h ****   XMC_USIC_CH_BRG_CLOCK_SOURCE_DX1S    = 0x3UL << USIC_CH_BRG_CLKSEL_Pos  /**< Baudrate generator c
 437:D:/Projekty/TrinityTrack6000/MainControlBoard/Infineon/XMC4200/Libraries/XMCLib/inc\xmc_usic.h **** } XMC_USIC_CH_BRG_CLOCK_SOURCE_t;
 438:D:/Projekty/TrinityTrack6000/MainControlBoard/Infineon/XMC4200/Libraries/XMCLib/inc\xmc_usic.h **** 
 439:D:/Projekty/TrinityTrack6000/MainControlBoard/Infineon/XMC4200/Libraries/XMCLib/inc\xmc_usic.h **** /**
 440:D:/Projekty/TrinityTrack6000/MainControlBoard/Infineon/XMC4200/Libraries/XMCLib/inc\xmc_usic.h **** * USIC channel input selection for CTQ
 441:D:/Projekty/TrinityTrack6000/MainControlBoard/Infineon/XMC4200/Libraries/XMCLib/inc\xmc_usic.h **** */
 442:D:/Projekty/TrinityTrack6000/MainControlBoard/Infineon/XMC4200/Libraries/XMCLib/inc\xmc_usic.h **** typedef enum XMC_USIC_CH_BRG_CTQSEL
 443:D:/Projekty/TrinityTrack6000/MainControlBoard/Infineon/XMC4200/Libraries/XMCLib/inc\xmc_usic.h **** {
 444:D:/Projekty/TrinityTrack6000/MainControlBoard/Infineon/XMC4200/Libraries/XMCLib/inc\xmc_usic.h ****   XMC_USIC_CH_BRG_CTQSEL_PDIV = 0x0UL, /**< fCTQIN = fPDIV */
 445:D:/Projekty/TrinityTrack6000/MainControlBoard/Infineon/XMC4200/Libraries/XMCLib/inc\xmc_usic.h ****   XMC_USIC_CH_BRG_CTQSEL_PPP  = 0x1UL << USIC_CH_BRG_CTQSEL_Pos,  /**< fCTQIN = fPPP */
 446:D:/Projekty/TrinityTrack6000/MainControlBoard/Infineon/XMC4200/Libraries/XMCLib/inc\xmc_usic.h ****   XMC_USIC_CH_BRG_CTQSEL_SCLK = 0x2UL << USIC_CH_BRG_CTQSEL_Pos,  /**< fCTQIN = fSCLK */
 447:D:/Projekty/TrinityTrack6000/MainControlBoard/Infineon/XMC4200/Libraries/XMCLib/inc\xmc_usic.h ****   XMC_USIC_CH_BRG_CTQSEL_MCLK = 0x3UL << USIC_CH_BRG_CTQSEL_Pos  /**< fCTQIN = fMCLK */
 448:D:/Projekty/TrinityTrack6000/MainControlBoard/Infineon/XMC4200/Libraries/XMCLib/inc\xmc_usic.h **** } XMC_USIC_CH_BRG_CTQSEL_t;
 449:D:/Projekty/TrinityTrack6000/MainControlBoard/Infineon/XMC4200/Libraries/XMCLib/inc\xmc_usic.h **** 
 450:D:/Projekty/TrinityTrack6000/MainControlBoard/Infineon/XMC4200/Libraries/XMCLib/inc\xmc_usic.h **** 
 451:D:/Projekty/TrinityTrack6000/MainControlBoard/Infineon/XMC4200/Libraries/XMCLib/inc\xmc_usic.h **** /**
 452:D:/Projekty/TrinityTrack6000/MainControlBoard/Infineon/XMC4200/Libraries/XMCLib/inc\xmc_usic.h **** * USIC channel baudrate generator divider mode
 453:D:/Projekty/TrinityTrack6000/MainControlBoard/Infineon/XMC4200/Libraries/XMCLib/inc\xmc_usic.h **** */
 454:D:/Projekty/TrinityTrack6000/MainControlBoard/Infineon/XMC4200/Libraries/XMCLib/inc\xmc_usic.h **** typedef enum XMC_USIC_CH_BRG_CLOCK_DIVIDER_MODE
 455:D:/Projekty/TrinityTrack6000/MainControlBoard/Infineon/XMC4200/Libraries/XMCLib/inc\xmc_usic.h **** {
 456:D:/Projekty/TrinityTrack6000/MainControlBoard/Infineon/XMC4200/Libraries/XMCLib/inc\xmc_usic.h ****   XMC_USIC_CH_BRG_CLOCK_DIVIDER_MODE_DISABLED   = 0x0UL, /**< Baudrate generator clock divider: Dis
 457:D:/Projekty/TrinityTrack6000/MainControlBoard/Infineon/XMC4200/Libraries/XMCLib/inc\xmc_usic.h ****   XMC_USIC_CH_BRG_CLOCK_DIVIDER_MODE_NORMAL     = 0x1UL << USIC_CH_FDR_DM_Pos, /**< Baudrate genera
 458:D:/Projekty/TrinityTrack6000/MainControlBoard/Infineon/XMC4200/Libraries/XMCLib/inc\xmc_usic.h ****   XMC_USIC_CH_BRG_CLOCK_DIVIDER_MODE_FRACTIONAL = 0x2UL << USIC_CH_FDR_DM_Pos  /**< Baudrate genera
 459:D:/Projekty/TrinityTrack6000/MainControlBoard/Infineon/XMC4200/Libraries/XMCLib/inc\xmc_usic.h **** } XMC_USIC_CH_BRG_CLOCK_DIVIDER_MODE_t;
 460:D:/Projekty/TrinityTrack6000/MainControlBoard/Infineon/XMC4200/Libraries/XMCLib/inc\xmc_usic.h **** 
 461:D:/Projekty/TrinityTrack6000/MainControlBoard/Infineon/XMC4200/Libraries/XMCLib/inc\xmc_usic.h **** /**
 462:D:/Projekty/TrinityTrack6000/MainControlBoard/Infineon/XMC4200/Libraries/XMCLib/inc\xmc_usic.h **** * USIC channel baudrate generator master clock passive level
 463:D:/Projekty/TrinityTrack6000/MainControlBoard/Infineon/XMC4200/Libraries/XMCLib/inc\xmc_usic.h **** */
 464:D:/Projekty/TrinityTrack6000/MainControlBoard/Infineon/XMC4200/Libraries/XMCLib/inc\xmc_usic.h **** typedef enum XMC_USIC_CH_BRG_MASTER_CLOCK_PASSIVE_LEVEL
 465:D:/Projekty/TrinityTrack6000/MainControlBoard/Infineon/XMC4200/Libraries/XMCLib/inc\xmc_usic.h **** {
 466:D:/Projekty/TrinityTrack6000/MainControlBoard/Infineon/XMC4200/Libraries/XMCLib/inc\xmc_usic.h ****   XMC_USIC_CH_BRG_MASTER_CLOCK_PASSIVE_LEVEL_0 = 0x0UL, /**< Baudrate generator master clock passiv
 467:D:/Projekty/TrinityTrack6000/MainControlBoard/Infineon/XMC4200/Libraries/XMCLib/inc\xmc_usic.h ****   XMC_USIC_CH_BRG_MASTER_CLOCK_PASSIVE_LEVEL_1 = 0x1UL << USIC_CH_BRG_MCLKCFG_Pos  /**< Baudrate ge
 468:D:/Projekty/TrinityTrack6000/MainControlBoard/Infineon/XMC4200/Libraries/XMCLib/inc\xmc_usic.h **** } XMC_USIC_CH_BRG_MASTER_CLOCK_PASSIVE_LEVEL_t;
 469:D:/Projekty/TrinityTrack6000/MainControlBoard/Infineon/XMC4200/Libraries/XMCLib/inc\xmc_usic.h **** 
 470:D:/Projekty/TrinityTrack6000/MainControlBoard/Infineon/XMC4200/Libraries/XMCLib/inc\xmc_usic.h **** /**
 471:D:/Projekty/TrinityTrack6000/MainControlBoard/Infineon/XMC4200/Libraries/XMCLib/inc\xmc_usic.h **** * USIC channel baudrate generator shift clock passive level
 472:D:/Projekty/TrinityTrack6000/MainControlBoard/Infineon/XMC4200/Libraries/XMCLib/inc\xmc_usic.h **** */
 473:D:/Projekty/TrinityTrack6000/MainControlBoard/Infineon/XMC4200/Libraries/XMCLib/inc\xmc_usic.h **** typedef enum XMC_USIC_CH_BRG_SHIFT_CLOCK_PASSIVE_LEVEL
 474:D:/Projekty/TrinityTrack6000/MainControlBoard/Infineon/XMC4200/Libraries/XMCLib/inc\xmc_usic.h **** {
 475:D:/Projekty/TrinityTrack6000/MainControlBoard/Infineon/XMC4200/Libraries/XMCLib/inc\xmc_usic.h ****   XMC_USIC_CH_BRG_SHIFT_CLOCK_PASSIVE_LEVEL_0_DELAY_DISABLED = 0x0UL, /**< Shift clock passive leve
 476:D:/Projekty/TrinityTrack6000/MainControlBoard/Infineon/XMC4200/Libraries/XMCLib/inc\xmc_usic.h ****   XMC_USIC_CH_BRG_SHIFT_CLOCK_PASSIVE_LEVEL_1_DELAY_DISABLED = 0x1UL << USIC_CH_BRG_SCLKCFG_Pos, /*
 477:D:/Projekty/TrinityTrack6000/MainControlBoard/Infineon/XMC4200/Libraries/XMCLib/inc\xmc_usic.h ****   XMC_USIC_CH_BRG_SHIFT_CLOCK_PASSIVE_LEVEL_0_DELAY_ENABLED  = (int32_t)(0x2UL << USIC_CH_BRG_SCLKC
 478:D:/Projekty/TrinityTrack6000/MainControlBoard/Infineon/XMC4200/Libraries/XMCLib/inc\xmc_usic.h ****   XMC_USIC_CH_BRG_SHIFT_CLOCK_PASSIVE_LEVEL_1_DELAY_ENABLED  = (int32_t)(0x3UL << USIC_CH_BRG_SCLKC
 479:D:/Projekty/TrinityTrack6000/MainControlBoard/Infineon/XMC4200/Libraries/XMCLib/inc\xmc_usic.h **** } XMC_USIC_CH_BRG_SHIFT_CLOCK_PASSIVE_LEVEL_t;
 480:D:/Projekty/TrinityTrack6000/MainControlBoard/Infineon/XMC4200/Libraries/XMCLib/inc\xmc_usic.h **** 
 481:D:/Projekty/TrinityTrack6000/MainControlBoard/Infineon/XMC4200/Libraries/XMCLib/inc\xmc_usic.h **** /**
 482:D:/Projekty/TrinityTrack6000/MainControlBoard/Infineon/XMC4200/Libraries/XMCLib/inc\xmc_usic.h **** * USIC channel baudrate generator shift clock output
 483:D:/Projekty/TrinityTrack6000/MainControlBoard/Infineon/XMC4200/Libraries/XMCLib/inc\xmc_usic.h **** */
 484:D:/Projekty/TrinityTrack6000/MainControlBoard/Infineon/XMC4200/Libraries/XMCLib/inc\xmc_usic.h **** typedef enum XMC_USIC_CH_BRG_SHIFT_CLOCK_OUTPUT
 485:D:/Projekty/TrinityTrack6000/MainControlBoard/Infineon/XMC4200/Libraries/XMCLib/inc\xmc_usic.h **** {
 486:D:/Projekty/TrinityTrack6000/MainControlBoard/Infineon/XMC4200/Libraries/XMCLib/inc\xmc_usic.h ****   XMC_USIC_CH_BRG_SHIFT_CLOCK_OUTPUT_SCLK = 0x0UL, /**< Baudrate generator shift clock output: SCL.
 487:D:/Projekty/TrinityTrack6000/MainControlBoard/Infineon/XMC4200/Libraries/XMCLib/inc\xmc_usic.h ****   XMC_USIC_CH_BRG_SHIFT_CLOCK_OUTPUT_DX1 = 0x1UL << USIC_CH_BRG_SCLKOSEL_Pos   /**< Baudrate genera
 488:D:/Projekty/TrinityTrack6000/MainControlBoard/Infineon/XMC4200/Libraries/XMCLib/inc\xmc_usic.h **** } XMC_USIC_CH_BRG_SHIFT_CLOCK_OUTPUT_t;
 489:D:/Projekty/TrinityTrack6000/MainControlBoard/Infineon/XMC4200/Libraries/XMCLib/inc\xmc_usic.h **** 
 490:D:/Projekty/TrinityTrack6000/MainControlBoard/Infineon/XMC4200/Libraries/XMCLib/inc\xmc_usic.h **** /**
 491:D:/Projekty/TrinityTrack6000/MainControlBoard/Infineon/XMC4200/Libraries/XMCLib/inc\xmc_usic.h **** * USIC channel shift direction.
 492:D:/Projekty/TrinityTrack6000/MainControlBoard/Infineon/XMC4200/Libraries/XMCLib/inc\xmc_usic.h **** * Defines the shift direction of the data words for transmission and reception
 493:D:/Projekty/TrinityTrack6000/MainControlBoard/Infineon/XMC4200/Libraries/XMCLib/inc\xmc_usic.h **** */
 494:D:/Projekty/TrinityTrack6000/MainControlBoard/Infineon/XMC4200/Libraries/XMCLib/inc\xmc_usic.h **** typedef enum XMC_USIC_CH_SHIFT_DIRECTION
 495:D:/Projekty/TrinityTrack6000/MainControlBoard/Infineon/XMC4200/Libraries/XMCLib/inc\xmc_usic.h **** {
 496:D:/Projekty/TrinityTrack6000/MainControlBoard/Infineon/XMC4200/Libraries/XMCLib/inc\xmc_usic.h ****   XMC_USIC_CH_SHIFT_DIRECTION_LSB_FIRST = 0x0UL, /**< Shift LSB first. The first data bit of a data
 497:D:/Projekty/TrinityTrack6000/MainControlBoard/Infineon/XMC4200/Libraries/XMCLib/inc\xmc_usic.h ****   XMC_USIC_CH_SHIFT_DIRECTION_MSB_FIRST = 0x1UL << USIC_CH_SCTR_SDIR_Pos /**< Shift MSB first. The 
 498:D:/Projekty/TrinityTrack6000/MainControlBoard/Infineon/XMC4200/Libraries/XMCLib/inc\xmc_usic.h **** } XMC_USIC_CH_SHIFT_DIRECTION_t;
 499:D:/Projekty/TrinityTrack6000/MainControlBoard/Infineon/XMC4200/Libraries/XMCLib/inc\xmc_usic.h **** 
 500:D:/Projekty/TrinityTrack6000/MainControlBoard/Infineon/XMC4200/Libraries/XMCLib/inc\xmc_usic.h **** 
 501:D:/Projekty/TrinityTrack6000/MainControlBoard/Infineon/XMC4200/Libraries/XMCLib/inc\xmc_usic.h **** /*******************************************************************************
 502:D:/Projekty/TrinityTrack6000/MainControlBoard/Infineon/XMC4200/Libraries/XMCLib/inc\xmc_usic.h ****  * DATA STRUCTURES
 503:D:/Projekty/TrinityTrack6000/MainControlBoard/Infineon/XMC4200/Libraries/XMCLib/inc\xmc_usic.h ****  *******************************************************************************/
 504:D:/Projekty/TrinityTrack6000/MainControlBoard/Infineon/XMC4200/Libraries/XMCLib/inc\xmc_usic.h **** 
 505:D:/Projekty/TrinityTrack6000/MainControlBoard/Infineon/XMC4200/Libraries/XMCLib/inc\xmc_usic.h **** /*Anonymous structure/union guard start*/
 506:D:/Projekty/TrinityTrack6000/MainControlBoard/Infineon/XMC4200/Libraries/XMCLib/inc\xmc_usic.h **** #if defined(__CC_ARM)
 507:D:/Projekty/TrinityTrack6000/MainControlBoard/Infineon/XMC4200/Libraries/XMCLib/inc\xmc_usic.h **** #pragma push
 508:D:/Projekty/TrinityTrack6000/MainControlBoard/Infineon/XMC4200/Libraries/XMCLib/inc\xmc_usic.h **** #pragma anon_unions
 509:D:/Projekty/TrinityTrack6000/MainControlBoard/Infineon/XMC4200/Libraries/XMCLib/inc\xmc_usic.h **** #elif defined(__TASKING__)
 510:D:/Projekty/TrinityTrack6000/MainControlBoard/Infineon/XMC4200/Libraries/XMCLib/inc\xmc_usic.h **** #pragma warning 586
 511:D:/Projekty/TrinityTrack6000/MainControlBoard/Infineon/XMC4200/Libraries/XMCLib/inc\xmc_usic.h **** #endif
 512:D:/Projekty/TrinityTrack6000/MainControlBoard/Infineon/XMC4200/Libraries/XMCLib/inc\xmc_usic.h **** 
 513:D:/Projekty/TrinityTrack6000/MainControlBoard/Infineon/XMC4200/Libraries/XMCLib/inc\xmc_usic.h **** /**
 514:D:/Projekty/TrinityTrack6000/MainControlBoard/Infineon/XMC4200/Libraries/XMCLib/inc\xmc_usic.h ****  * USIC module structure
 515:D:/Projekty/TrinityTrack6000/MainControlBoard/Infineon/XMC4200/Libraries/XMCLib/inc\xmc_usic.h ****  */
 516:D:/Projekty/TrinityTrack6000/MainControlBoard/Infineon/XMC4200/Libraries/XMCLib/inc\xmc_usic.h **** typedef USIC_GLOBAL_TypeDef XMC_USIC_t;
 517:D:/Projekty/TrinityTrack6000/MainControlBoard/Infineon/XMC4200/Libraries/XMCLib/inc\xmc_usic.h **** 
 518:D:/Projekty/TrinityTrack6000/MainControlBoard/Infineon/XMC4200/Libraries/XMCLib/inc\xmc_usic.h **** /**
 519:D:/Projekty/TrinityTrack6000/MainControlBoard/Infineon/XMC4200/Libraries/XMCLib/inc\xmc_usic.h ****  * USIC channel structure.<br> The members of the structure are same as in the device header file,
 520:D:/Projekty/TrinityTrack6000/MainControlBoard/Infineon/XMC4200/Libraries/XMCLib/inc\xmc_usic.h ****  * except for some registers.
 521:D:/Projekty/TrinityTrack6000/MainControlBoard/Infineon/XMC4200/Libraries/XMCLib/inc\xmc_usic.h ****  * DX0CR, DX1CR, DX2CR, DX3CR, DX4CR and DX5CR are replaced with the array DXCR[6].
 522:D:/Projekty/TrinityTrack6000/MainControlBoard/Infineon/XMC4200/Libraries/XMCLib/inc\xmc_usic.h ****  * TBUF0 to TBUF31 are replaced with TBUF[32].
 523:D:/Projekty/TrinityTrack6000/MainControlBoard/Infineon/XMC4200/Libraries/XMCLib/inc\xmc_usic.h ****  * IN0 to IN31 are replaced with IN[32].
 524:D:/Projekty/TrinityTrack6000/MainControlBoard/Infineon/XMC4200/Libraries/XMCLib/inc\xmc_usic.h ****  */
 525:D:/Projekty/TrinityTrack6000/MainControlBoard/Infineon/XMC4200/Libraries/XMCLib/inc\xmc_usic.h **** typedef struct XMC_USIC_CH
 526:D:/Projekty/TrinityTrack6000/MainControlBoard/Infineon/XMC4200/Libraries/XMCLib/inc\xmc_usic.h **** {
 527:D:/Projekty/TrinityTrack6000/MainControlBoard/Infineon/XMC4200/Libraries/XMCLib/inc\xmc_usic.h ****   __I  uint32_t  RESERVED0;
 528:D:/Projekty/TrinityTrack6000/MainControlBoard/Infineon/XMC4200/Libraries/XMCLib/inc\xmc_usic.h ****   __I  uint32_t  CCFG;			/**< Channel configuration register*/
 529:D:/Projekty/TrinityTrack6000/MainControlBoard/Infineon/XMC4200/Libraries/XMCLib/inc\xmc_usic.h ****   __I  uint32_t  RESERVED1;
 530:D:/Projekty/TrinityTrack6000/MainControlBoard/Infineon/XMC4200/Libraries/XMCLib/inc\xmc_usic.h ****   __IO uint32_t  KSCFG;			/**< Kernel state configuration register*/
 531:D:/Projekty/TrinityTrack6000/MainControlBoard/Infineon/XMC4200/Libraries/XMCLib/inc\xmc_usic.h ****   __IO uint32_t  FDR;			/**< Fractional divider configuration register*/
 532:D:/Projekty/TrinityTrack6000/MainControlBoard/Infineon/XMC4200/Libraries/XMCLib/inc\xmc_usic.h ****   __IO uint32_t  BRG;			/**< Baud rate generator register*/
 533:D:/Projekty/TrinityTrack6000/MainControlBoard/Infineon/XMC4200/Libraries/XMCLib/inc\xmc_usic.h ****   __IO uint32_t  INPR;			/**< Interrupt node pointer register*/
 534:D:/Projekty/TrinityTrack6000/MainControlBoard/Infineon/XMC4200/Libraries/XMCLib/inc\xmc_usic.h ****   __IO uint32_t  DXCR[6];		/**< Input control registers DX0 to DX5.*/
 535:D:/Projekty/TrinityTrack6000/MainControlBoard/Infineon/XMC4200/Libraries/XMCLib/inc\xmc_usic.h ****   __IO uint32_t  SCTR;			/**< Shift control register*/
 536:D:/Projekty/TrinityTrack6000/MainControlBoard/Infineon/XMC4200/Libraries/XMCLib/inc\xmc_usic.h ****   __IO uint32_t  TCSR;
 537:D:/Projekty/TrinityTrack6000/MainControlBoard/Infineon/XMC4200/Libraries/XMCLib/inc\xmc_usic.h **** 
 538:D:/Projekty/TrinityTrack6000/MainControlBoard/Infineon/XMC4200/Libraries/XMCLib/inc\xmc_usic.h ****   union
 539:D:/Projekty/TrinityTrack6000/MainControlBoard/Infineon/XMC4200/Libraries/XMCLib/inc\xmc_usic.h ****   {
 540:D:/Projekty/TrinityTrack6000/MainControlBoard/Infineon/XMC4200/Libraries/XMCLib/inc\xmc_usic.h ****     __IO uint32_t  PCR_IICMode;	/**< I2C protocol configuration register*/
 541:D:/Projekty/TrinityTrack6000/MainControlBoard/Infineon/XMC4200/Libraries/XMCLib/inc\xmc_usic.h ****     __IO uint32_t  PCR_IISMode; /**< I2S protocol configuration register*/
 542:D:/Projekty/TrinityTrack6000/MainControlBoard/Infineon/XMC4200/Libraries/XMCLib/inc\xmc_usic.h ****     __IO uint32_t  PCR_SSCMode;	/**< SPI protocol configuration register*/
 543:D:/Projekty/TrinityTrack6000/MainControlBoard/Infineon/XMC4200/Libraries/XMCLib/inc\xmc_usic.h ****     __IO uint32_t  PCR;			/**< Protocol configuration register*/
 544:D:/Projekty/TrinityTrack6000/MainControlBoard/Infineon/XMC4200/Libraries/XMCLib/inc\xmc_usic.h ****     __IO uint32_t  PCR_ASCMode;	/**< UART protocol configuration register*/
 545:D:/Projekty/TrinityTrack6000/MainControlBoard/Infineon/XMC4200/Libraries/XMCLib/inc\xmc_usic.h ****   };
 546:D:/Projekty/TrinityTrack6000/MainControlBoard/Infineon/XMC4200/Libraries/XMCLib/inc\xmc_usic.h ****   __IO uint32_t  CCR;			/**< Channel control register*/
 547:D:/Projekty/TrinityTrack6000/MainControlBoard/Infineon/XMC4200/Libraries/XMCLib/inc\xmc_usic.h ****   __IO uint32_t  CMTR;			/**< Capture mode timer register*/
 548:D:/Projekty/TrinityTrack6000/MainControlBoard/Infineon/XMC4200/Libraries/XMCLib/inc\xmc_usic.h **** 
 549:D:/Projekty/TrinityTrack6000/MainControlBoard/Infineon/XMC4200/Libraries/XMCLib/inc\xmc_usic.h ****   union
 550:D:/Projekty/TrinityTrack6000/MainControlBoard/Infineon/XMC4200/Libraries/XMCLib/inc\xmc_usic.h ****   {
 551:D:/Projekty/TrinityTrack6000/MainControlBoard/Infineon/XMC4200/Libraries/XMCLib/inc\xmc_usic.h ****     __IO uint32_t  PSR_IICMode;	/**< I2C protocol status register*/
 552:D:/Projekty/TrinityTrack6000/MainControlBoard/Infineon/XMC4200/Libraries/XMCLib/inc\xmc_usic.h ****     __IO uint32_t  PSR_IISMode;	/**< I2S protocol status register*/
 553:D:/Projekty/TrinityTrack6000/MainControlBoard/Infineon/XMC4200/Libraries/XMCLib/inc\xmc_usic.h ****     __IO uint32_t  PSR_SSCMode;	/**< SPI protocol status register*/
 554:D:/Projekty/TrinityTrack6000/MainControlBoard/Infineon/XMC4200/Libraries/XMCLib/inc\xmc_usic.h ****     __IO uint32_t  PSR;			/**< Protocol status register*/
 555:D:/Projekty/TrinityTrack6000/MainControlBoard/Infineon/XMC4200/Libraries/XMCLib/inc\xmc_usic.h ****     __IO uint32_t  PSR_ASCMode;	/**< UART protocol status register*/
 556:D:/Projekty/TrinityTrack6000/MainControlBoard/Infineon/XMC4200/Libraries/XMCLib/inc\xmc_usic.h ****   };
 557:D:/Projekty/TrinityTrack6000/MainControlBoard/Infineon/XMC4200/Libraries/XMCLib/inc\xmc_usic.h ****   __O  uint32_t  PSCR;			/**< Protocol status clear register*/
 558:D:/Projekty/TrinityTrack6000/MainControlBoard/Infineon/XMC4200/Libraries/XMCLib/inc\xmc_usic.h ****   __I  uint32_t  RBUFSR;		/**< Receive buffer status register*/
 559:D:/Projekty/TrinityTrack6000/MainControlBoard/Infineon/XMC4200/Libraries/XMCLib/inc\xmc_usic.h ****   __I  uint32_t  RBUF;			/**< Receive buffer register*/
 560:D:/Projekty/TrinityTrack6000/MainControlBoard/Infineon/XMC4200/Libraries/XMCLib/inc\xmc_usic.h ****   __I  uint32_t  RBUFD;			/**< Debug mode receive buffer register*/
 561:D:/Projekty/TrinityTrack6000/MainControlBoard/Infineon/XMC4200/Libraries/XMCLib/inc\xmc_usic.h ****   __I  uint32_t  RBUF0;			/**< Receive buffer 0*/
 562:D:/Projekty/TrinityTrack6000/MainControlBoard/Infineon/XMC4200/Libraries/XMCLib/inc\xmc_usic.h ****   __I  uint32_t  RBUF1;			/**< Receive buffer 1*/
 563:D:/Projekty/TrinityTrack6000/MainControlBoard/Infineon/XMC4200/Libraries/XMCLib/inc\xmc_usic.h ****   __I  uint32_t  RBUF01SR;		/**< Receive buffer status register*/
 564:D:/Projekty/TrinityTrack6000/MainControlBoard/Infineon/XMC4200/Libraries/XMCLib/inc\xmc_usic.h ****   __O  uint32_t  FMR;			/**< Flag modification register*/
 565:D:/Projekty/TrinityTrack6000/MainControlBoard/Infineon/XMC4200/Libraries/XMCLib/inc\xmc_usic.h ****   __I  uint32_t  RESERVED2[5];
 566:D:/Projekty/TrinityTrack6000/MainControlBoard/Infineon/XMC4200/Libraries/XMCLib/inc\xmc_usic.h ****   __IO uint32_t  TBUF[32];		/**< Tranmsit buffer registers*/
 567:D:/Projekty/TrinityTrack6000/MainControlBoard/Infineon/XMC4200/Libraries/XMCLib/inc\xmc_usic.h ****   __IO uint32_t  BYP;			/**< FIFO bypass register*/
 568:D:/Projekty/TrinityTrack6000/MainControlBoard/Infineon/XMC4200/Libraries/XMCLib/inc\xmc_usic.h ****   __IO uint32_t  BYPCR;			/**< FIFO bypass control register*/
 569:D:/Projekty/TrinityTrack6000/MainControlBoard/Infineon/XMC4200/Libraries/XMCLib/inc\xmc_usic.h ****   __IO uint32_t  TBCTR;			/**< Transmit FIFO control register*/
 570:D:/Projekty/TrinityTrack6000/MainControlBoard/Infineon/XMC4200/Libraries/XMCLib/inc\xmc_usic.h ****   __IO uint32_t  RBCTR;			/**< Receive FIFO control register*/
 571:D:/Projekty/TrinityTrack6000/MainControlBoard/Infineon/XMC4200/Libraries/XMCLib/inc\xmc_usic.h ****   __I  uint32_t  TRBPTR;		/**< Transmit/recive buffer pointer register*/
 572:D:/Projekty/TrinityTrack6000/MainControlBoard/Infineon/XMC4200/Libraries/XMCLib/inc\xmc_usic.h ****   __IO uint32_t  TRBSR;			/**< Transmit/receive buffer status register*/
 573:D:/Projekty/TrinityTrack6000/MainControlBoard/Infineon/XMC4200/Libraries/XMCLib/inc\xmc_usic.h ****   __O  uint32_t  TRBSCR;		/**< Transmit/receive buffer status clear register*/
 574:D:/Projekty/TrinityTrack6000/MainControlBoard/Infineon/XMC4200/Libraries/XMCLib/inc\xmc_usic.h ****   __I  uint32_t  OUTR;			/**< Receive FIFO output register*/
 575:D:/Projekty/TrinityTrack6000/MainControlBoard/Infineon/XMC4200/Libraries/XMCLib/inc\xmc_usic.h ****   __I  uint32_t  OUTDR;			/**< Receive FIFO debug output register*/
 576:D:/Projekty/TrinityTrack6000/MainControlBoard/Infineon/XMC4200/Libraries/XMCLib/inc\xmc_usic.h ****   __I  uint32_t  RESERVED3[23];
 577:D:/Projekty/TrinityTrack6000/MainControlBoard/Infineon/XMC4200/Libraries/XMCLib/inc\xmc_usic.h ****   __O  uint32_t  IN[32];		/**< Transmit FIFO input register*/
 578:D:/Projekty/TrinityTrack6000/MainControlBoard/Infineon/XMC4200/Libraries/XMCLib/inc\xmc_usic.h **** } XMC_USIC_CH_t;
 579:D:/Projekty/TrinityTrack6000/MainControlBoard/Infineon/XMC4200/Libraries/XMCLib/inc\xmc_usic.h **** 
 580:D:/Projekty/TrinityTrack6000/MainControlBoard/Infineon/XMC4200/Libraries/XMCLib/inc\xmc_usic.h **** 
 581:D:/Projekty/TrinityTrack6000/MainControlBoard/Infineon/XMC4200/Libraries/XMCLib/inc\xmc_usic.h **** /*Anonymous structure/union guard end*/
 582:D:/Projekty/TrinityTrack6000/MainControlBoard/Infineon/XMC4200/Libraries/XMCLib/inc\xmc_usic.h **** #if defined(__CC_ARM)
 583:D:/Projekty/TrinityTrack6000/MainControlBoard/Infineon/XMC4200/Libraries/XMCLib/inc\xmc_usic.h **** #pragma pop
 584:D:/Projekty/TrinityTrack6000/MainControlBoard/Infineon/XMC4200/Libraries/XMCLib/inc\xmc_usic.h **** #elif defined(__TASKING__)
 585:D:/Projekty/TrinityTrack6000/MainControlBoard/Infineon/XMC4200/Libraries/XMCLib/inc\xmc_usic.h **** #pragma warning restore
 586:D:/Projekty/TrinityTrack6000/MainControlBoard/Infineon/XMC4200/Libraries/XMCLib/inc\xmc_usic.h **** #endif
 587:D:/Projekty/TrinityTrack6000/MainControlBoard/Infineon/XMC4200/Libraries/XMCLib/inc\xmc_usic.h **** 
 588:D:/Projekty/TrinityTrack6000/MainControlBoard/Infineon/XMC4200/Libraries/XMCLib/inc\xmc_usic.h **** /*******************************************************************************
 589:D:/Projekty/TrinityTrack6000/MainControlBoard/Infineon/XMC4200/Libraries/XMCLib/inc\xmc_usic.h ****  * API PROTOTYPES
 590:D:/Projekty/TrinityTrack6000/MainControlBoard/Infineon/XMC4200/Libraries/XMCLib/inc\xmc_usic.h ****  ******************************************************************************/
 591:D:/Projekty/TrinityTrack6000/MainControlBoard/Infineon/XMC4200/Libraries/XMCLib/inc\xmc_usic.h **** 
 592:D:/Projekty/TrinityTrack6000/MainControlBoard/Infineon/XMC4200/Libraries/XMCLib/inc\xmc_usic.h **** #ifdef __cplusplus
 593:D:/Projekty/TrinityTrack6000/MainControlBoard/Infineon/XMC4200/Libraries/XMCLib/inc\xmc_usic.h **** extern "C" {
 594:D:/Projekty/TrinityTrack6000/MainControlBoard/Infineon/XMC4200/Libraries/XMCLib/inc\xmc_usic.h **** #endif
 595:D:/Projekty/TrinityTrack6000/MainControlBoard/Infineon/XMC4200/Libraries/XMCLib/inc\xmc_usic.h **** 
 596:D:/Projekty/TrinityTrack6000/MainControlBoard/Infineon/XMC4200/Libraries/XMCLib/inc\xmc_usic.h **** __STATIC_INLINE bool XMC_USIC_IsModuleValid(const XMC_USIC_t *const module)
 597:D:/Projekty/TrinityTrack6000/MainControlBoard/Infineon/XMC4200/Libraries/XMCLib/inc\xmc_usic.h **** {
 598:D:/Projekty/TrinityTrack6000/MainControlBoard/Infineon/XMC4200/Libraries/XMCLib/inc\xmc_usic.h ****   bool tmp;
 599:D:/Projekty/TrinityTrack6000/MainControlBoard/Infineon/XMC4200/Libraries/XMCLib/inc\xmc_usic.h **** 
 600:D:/Projekty/TrinityTrack6000/MainControlBoard/Infineon/XMC4200/Libraries/XMCLib/inc\xmc_usic.h ****   tmp = (module == XMC_USIC0);
 601:D:/Projekty/TrinityTrack6000/MainControlBoard/Infineon/XMC4200/Libraries/XMCLib/inc\xmc_usic.h **** #if defined(XMC_USIC1)
 602:D:/Projekty/TrinityTrack6000/MainControlBoard/Infineon/XMC4200/Libraries/XMCLib/inc\xmc_usic.h ****   tmp = tmp || (module == XMC_USIC1);
 603:D:/Projekty/TrinityTrack6000/MainControlBoard/Infineon/XMC4200/Libraries/XMCLib/inc\xmc_usic.h **** #endif
 604:D:/Projekty/TrinityTrack6000/MainControlBoard/Infineon/XMC4200/Libraries/XMCLib/inc\xmc_usic.h **** #if defined(XMC_USIC2)
 605:D:/Projekty/TrinityTrack6000/MainControlBoard/Infineon/XMC4200/Libraries/XMCLib/inc\xmc_usic.h ****   tmp = tmp || (module == XMC_USIC2);
 606:D:/Projekty/TrinityTrack6000/MainControlBoard/Infineon/XMC4200/Libraries/XMCLib/inc\xmc_usic.h **** #endif
 607:D:/Projekty/TrinityTrack6000/MainControlBoard/Infineon/XMC4200/Libraries/XMCLib/inc\xmc_usic.h **** 
 608:D:/Projekty/TrinityTrack6000/MainControlBoard/Infineon/XMC4200/Libraries/XMCLib/inc\xmc_usic.h ****   return tmp;
 609:D:/Projekty/TrinityTrack6000/MainControlBoard/Infineon/XMC4200/Libraries/XMCLib/inc\xmc_usic.h **** }
 610:D:/Projekty/TrinityTrack6000/MainControlBoard/Infineon/XMC4200/Libraries/XMCLib/inc\xmc_usic.h **** 
 611:D:/Projekty/TrinityTrack6000/MainControlBoard/Infineon/XMC4200/Libraries/XMCLib/inc\xmc_usic.h **** __STATIC_INLINE bool XMC_USIC_IsChannelValid(const XMC_USIC_CH_t *const channel)
 612:D:/Projekty/TrinityTrack6000/MainControlBoard/Infineon/XMC4200/Libraries/XMCLib/inc\xmc_usic.h **** {
 613:D:/Projekty/TrinityTrack6000/MainControlBoard/Infineon/XMC4200/Libraries/XMCLib/inc\xmc_usic.h ****   bool tmp;
 614:D:/Projekty/TrinityTrack6000/MainControlBoard/Infineon/XMC4200/Libraries/XMCLib/inc\xmc_usic.h **** 
 615:D:/Projekty/TrinityTrack6000/MainControlBoard/Infineon/XMC4200/Libraries/XMCLib/inc\xmc_usic.h ****   tmp = ((channel == XMC_USIC0_CH0) || (channel == XMC_USIC0_CH1));
 616:D:/Projekty/TrinityTrack6000/MainControlBoard/Infineon/XMC4200/Libraries/XMCLib/inc\xmc_usic.h **** #if defined(XMC_USIC1)
 617:D:/Projekty/TrinityTrack6000/MainControlBoard/Infineon/XMC4200/Libraries/XMCLib/inc\xmc_usic.h ****   tmp = tmp || ((channel == XMC_USIC1_CH0) || (channel == XMC_USIC1_CH1));
 618:D:/Projekty/TrinityTrack6000/MainControlBoard/Infineon/XMC4200/Libraries/XMCLib/inc\xmc_usic.h **** #endif
 619:D:/Projekty/TrinityTrack6000/MainControlBoard/Infineon/XMC4200/Libraries/XMCLib/inc\xmc_usic.h **** #if defined(XMC_USIC2)
 620:D:/Projekty/TrinityTrack6000/MainControlBoard/Infineon/XMC4200/Libraries/XMCLib/inc\xmc_usic.h ****   tmp = tmp || ((channel == XMC_USIC2_CH0) || (channel == XMC_USIC2_CH1));
 621:D:/Projekty/TrinityTrack6000/MainControlBoard/Infineon/XMC4200/Libraries/XMCLib/inc\xmc_usic.h **** #endif
 622:D:/Projekty/TrinityTrack6000/MainControlBoard/Infineon/XMC4200/Libraries/XMCLib/inc\xmc_usic.h **** 
 623:D:/Projekty/TrinityTrack6000/MainControlBoard/Infineon/XMC4200/Libraries/XMCLib/inc\xmc_usic.h ****   return tmp;
 624:D:/Projekty/TrinityTrack6000/MainControlBoard/Infineon/XMC4200/Libraries/XMCLib/inc\xmc_usic.h **** }
 625:D:/Projekty/TrinityTrack6000/MainControlBoard/Infineon/XMC4200/Libraries/XMCLib/inc\xmc_usic.h **** 
 626:D:/Projekty/TrinityTrack6000/MainControlBoard/Infineon/XMC4200/Libraries/XMCLib/inc\xmc_usic.h **** /* Common APIs */
 627:D:/Projekty/TrinityTrack6000/MainControlBoard/Infineon/XMC4200/Libraries/XMCLib/inc\xmc_usic.h **** 
 628:D:/Projekty/TrinityTrack6000/MainControlBoard/Infineon/XMC4200/Libraries/XMCLib/inc\xmc_usic.h **** /**
 629:D:/Projekty/TrinityTrack6000/MainControlBoard/Infineon/XMC4200/Libraries/XMCLib/inc\xmc_usic.h ****  * @param  usic Pointer to USIC module handler of type @ref XMC_USIC_t.\n
 630:D:/Projekty/TrinityTrack6000/MainControlBoard/Infineon/XMC4200/Libraries/XMCLib/inc\xmc_usic.h ****  * 				\b Range: @ref XMC_USIC0 to @ref XMC_USIC2 based on device support.
 631:D:/Projekty/TrinityTrack6000/MainControlBoard/Infineon/XMC4200/Libraries/XMCLib/inc\xmc_usic.h ****  * @return None
 632:D:/Projekty/TrinityTrack6000/MainControlBoard/Infineon/XMC4200/Libraries/XMCLib/inc\xmc_usic.h ****  *
 633:D:/Projekty/TrinityTrack6000/MainControlBoard/Infineon/XMC4200/Libraries/XMCLib/inc\xmc_usic.h ****  * \par<b>Description</b><br>
 634:D:/Projekty/TrinityTrack6000/MainControlBoard/Infineon/XMC4200/Libraries/XMCLib/inc\xmc_usic.h ****  * Enables the USIC module.\n\n
 635:D:/Projekty/TrinityTrack6000/MainControlBoard/Infineon/XMC4200/Libraries/XMCLib/inc\xmc_usic.h ****  * Enables the clock for the USIC module by following the
 636:D:/Projekty/TrinityTrack6000/MainControlBoard/Infineon/XMC4200/Libraries/XMCLib/inc\xmc_usic.h ****  * clock enabling sequence for the selected device.
 637:D:/Projekty/TrinityTrack6000/MainControlBoard/Infineon/XMC4200/Libraries/XMCLib/inc\xmc_usic.h ****  *
 638:D:/Projekty/TrinityTrack6000/MainControlBoard/Infineon/XMC4200/Libraries/XMCLib/inc\xmc_usic.h ****  * \par<b>Related APIs:</b><BR>
 639:D:/Projekty/TrinityTrack6000/MainControlBoard/Infineon/XMC4200/Libraries/XMCLib/inc\xmc_usic.h ****  * XMC_USIC_CH_Enable(), XMC_USIC_Disable() \n\n\n
 640:D:/Projekty/TrinityTrack6000/MainControlBoard/Infineon/XMC4200/Libraries/XMCLib/inc\xmc_usic.h ****  */
 641:D:/Projekty/TrinityTrack6000/MainControlBoard/Infineon/XMC4200/Libraries/XMCLib/inc\xmc_usic.h **** void XMC_USIC_Enable(XMC_USIC_t *const usic);
 642:D:/Projekty/TrinityTrack6000/MainControlBoard/Infineon/XMC4200/Libraries/XMCLib/inc\xmc_usic.h **** /**
 643:D:/Projekty/TrinityTrack6000/MainControlBoard/Infineon/XMC4200/Libraries/XMCLib/inc\xmc_usic.h ****  * @param  usic Pointer to USIC module handler of type @ref XMC_USIC_t.\n
 644:D:/Projekty/TrinityTrack6000/MainControlBoard/Infineon/XMC4200/Libraries/XMCLib/inc\xmc_usic.h ****  * 				\b Range: @ref XMC_USIC0 to @ref XMC_USIC2 based on device support.
 645:D:/Projekty/TrinityTrack6000/MainControlBoard/Infineon/XMC4200/Libraries/XMCLib/inc\xmc_usic.h ****  * @return None
 646:D:/Projekty/TrinityTrack6000/MainControlBoard/Infineon/XMC4200/Libraries/XMCLib/inc\xmc_usic.h ****  *
 647:D:/Projekty/TrinityTrack6000/MainControlBoard/Infineon/XMC4200/Libraries/XMCLib/inc\xmc_usic.h ****  * \par<b>Description</b><br>
 648:D:/Projekty/TrinityTrack6000/MainControlBoard/Infineon/XMC4200/Libraries/XMCLib/inc\xmc_usic.h ****  * Disables the USIC module.\n\n
 649:D:/Projekty/TrinityTrack6000/MainControlBoard/Infineon/XMC4200/Libraries/XMCLib/inc\xmc_usic.h ****  * Disables the clock for the USIC module by following the clock
 650:D:/Projekty/TrinityTrack6000/MainControlBoard/Infineon/XMC4200/Libraries/XMCLib/inc\xmc_usic.h ****  * disabling sequence for the selected device.
 651:D:/Projekty/TrinityTrack6000/MainControlBoard/Infineon/XMC4200/Libraries/XMCLib/inc\xmc_usic.h ****  *
 652:D:/Projekty/TrinityTrack6000/MainControlBoard/Infineon/XMC4200/Libraries/XMCLib/inc\xmc_usic.h ****  * \par<b>Related APIs:</b><BR>
 653:D:/Projekty/TrinityTrack6000/MainControlBoard/Infineon/XMC4200/Libraries/XMCLib/inc\xmc_usic.h ****  * XMC_USIC_CH_Disable(), XMC_USIC_Enable() \n\n\n
 654:D:/Projekty/TrinityTrack6000/MainControlBoard/Infineon/XMC4200/Libraries/XMCLib/inc\xmc_usic.h ****  */
 655:D:/Projekty/TrinityTrack6000/MainControlBoard/Infineon/XMC4200/Libraries/XMCLib/inc\xmc_usic.h **** void XMC_USIC_Disable(XMC_USIC_t *const usic);
 656:D:/Projekty/TrinityTrack6000/MainControlBoard/Infineon/XMC4200/Libraries/XMCLib/inc\xmc_usic.h **** /**
 657:D:/Projekty/TrinityTrack6000/MainControlBoard/Infineon/XMC4200/Libraries/XMCLib/inc\xmc_usic.h ****  * @param  channel Pointer to USIC channel handler of type @ref XMC_USIC_CH_t \n
 658:D:/Projekty/TrinityTrack6000/MainControlBoard/Infineon/XMC4200/Libraries/XMCLib/inc\xmc_usic.h ****  * 				   \b Range: @ref XMC_USIC0_CH0, @ref XMC_USIC0_CH1 to @ref XMC_USIC2_CH1 based on device su
 659:D:/Projekty/TrinityTrack6000/MainControlBoard/Infineon/XMC4200/Libraries/XMCLib/inc\xmc_usic.h ****  * @return None
 660:D:/Projekty/TrinityTrack6000/MainControlBoard/Infineon/XMC4200/Libraries/XMCLib/inc\xmc_usic.h ****  *
 661:D:/Projekty/TrinityTrack6000/MainControlBoard/Infineon/XMC4200/Libraries/XMCLib/inc\xmc_usic.h ****  * \par<b>Description</b><br>
 662:D:/Projekty/TrinityTrack6000/MainControlBoard/Infineon/XMC4200/Libraries/XMCLib/inc\xmc_usic.h ****  * Enables the USIC channel. \n\n
 663:D:/Projekty/TrinityTrack6000/MainControlBoard/Infineon/XMC4200/Libraries/XMCLib/inc\xmc_usic.h ****  * USIC channel is enabled by setting the module enable bit in KSCFG register bitfield MODEN.
 664:D:/Projekty/TrinityTrack6000/MainControlBoard/Infineon/XMC4200/Libraries/XMCLib/inc\xmc_usic.h ****  * On enabling, the channel is set to idle mode.
 665:D:/Projekty/TrinityTrack6000/MainControlBoard/Infineon/XMC4200/Libraries/XMCLib/inc\xmc_usic.h ****  *
 666:D:/Projekty/TrinityTrack6000/MainControlBoard/Infineon/XMC4200/Libraries/XMCLib/inc\xmc_usic.h ****  * \par<b>Related APIs:</b><BR>
 667:D:/Projekty/TrinityTrack6000/MainControlBoard/Infineon/XMC4200/Libraries/XMCLib/inc\xmc_usic.h ****  * XMC_USIC_CH_Disable(), XMC_USIC_Enable() \n\n\n
 668:D:/Projekty/TrinityTrack6000/MainControlBoard/Infineon/XMC4200/Libraries/XMCLib/inc\xmc_usic.h ****  */
 669:D:/Projekty/TrinityTrack6000/MainControlBoard/Infineon/XMC4200/Libraries/XMCLib/inc\xmc_usic.h **** void XMC_USIC_CH_Enable(XMC_USIC_CH_t *const channel);
 670:D:/Projekty/TrinityTrack6000/MainControlBoard/Infineon/XMC4200/Libraries/XMCLib/inc\xmc_usic.h **** /**
 671:D:/Projekty/TrinityTrack6000/MainControlBoard/Infineon/XMC4200/Libraries/XMCLib/inc\xmc_usic.h ****  * @param  channel Pointer to USIC channel handler of type @ref XMC_USIC_CH_t \n
 672:D:/Projekty/TrinityTrack6000/MainControlBoard/Infineon/XMC4200/Libraries/XMCLib/inc\xmc_usic.h ****  * 				   \b Range: @ref XMC_USIC0_CH0, @ref XMC_USIC0_CH1 to @ref XMC_USIC2_CH1 based on device su
 673:D:/Projekty/TrinityTrack6000/MainControlBoard/Infineon/XMC4200/Libraries/XMCLib/inc\xmc_usic.h ****  * @return None
 674:D:/Projekty/TrinityTrack6000/MainControlBoard/Infineon/XMC4200/Libraries/XMCLib/inc\xmc_usic.h ****  *
 675:D:/Projekty/TrinityTrack6000/MainControlBoard/Infineon/XMC4200/Libraries/XMCLib/inc\xmc_usic.h ****  * \par<b>Description</b><br>
 676:D:/Projekty/TrinityTrack6000/MainControlBoard/Infineon/XMC4200/Libraries/XMCLib/inc\xmc_usic.h ****  * Disables the USIC channel.\n\n
 677:D:/Projekty/TrinityTrack6000/MainControlBoard/Infineon/XMC4200/Libraries/XMCLib/inc\xmc_usic.h ****  * USIC channel is disabled by setting the module enable bit(MDEN) to 0 in the register KSCFG.
 678:D:/Projekty/TrinityTrack6000/MainControlBoard/Infineon/XMC4200/Libraries/XMCLib/inc\xmc_usic.h ****  *
 679:D:/Projekty/TrinityTrack6000/MainControlBoard/Infineon/XMC4200/Libraries/XMCLib/inc\xmc_usic.h ****  * \par<b>Related APIs:</b><BR>
 680:D:/Projekty/TrinityTrack6000/MainControlBoard/Infineon/XMC4200/Libraries/XMCLib/inc\xmc_usic.h ****  * XMC_USIC_CH_Enable(), XMC_USIC_Disable() \n\n\n
 681:D:/Projekty/TrinityTrack6000/MainControlBoard/Infineon/XMC4200/Libraries/XMCLib/inc\xmc_usic.h ****  */
 682:D:/Projekty/TrinityTrack6000/MainControlBoard/Infineon/XMC4200/Libraries/XMCLib/inc\xmc_usic.h **** void XMC_USIC_CH_Disable(XMC_USIC_CH_t *const channel);
 683:D:/Projekty/TrinityTrack6000/MainControlBoard/Infineon/XMC4200/Libraries/XMCLib/inc\xmc_usic.h **** 
 684:D:/Projekty/TrinityTrack6000/MainControlBoard/Infineon/XMC4200/Libraries/XMCLib/inc\xmc_usic.h **** /**
 685:D:/Projekty/TrinityTrack6000/MainControlBoard/Infineon/XMC4200/Libraries/XMCLib/inc\xmc_usic.h ****  * @param  channel Pointer to USIC channel handler of type @ref XMC_USIC_CH_t \n
 686:D:/Projekty/TrinityTrack6000/MainControlBoard/Infineon/XMC4200/Libraries/XMCLib/inc\xmc_usic.h ****  * 				   \b Range: @ref XMC_USIC0_CH0, @ref XMC_USIC0_CH1 to @ref XMC_USIC2_CH1 based on device su
 687:D:/Projekty/TrinityTrack6000/MainControlBoard/Infineon/XMC4200/Libraries/XMCLib/inc\xmc_usic.h ****  * @param  rate Desired baudrate. \b Range: minimum value = 100, maximum value depends on the perip
 688:D:/Projekty/TrinityTrack6000/MainControlBoard/Infineon/XMC4200/Libraries/XMCLib/inc\xmc_usic.h ****  * 				and \a oversampling. Maximum baudrate can be derived using the formula: (fperiph * 1023)/(10
 689:D:/Projekty/TrinityTrack6000/MainControlBoard/Infineon/XMC4200/Libraries/XMCLib/inc\xmc_usic.h ****  * @param  oversampling Required oversampling. The value indicates the number of time quanta for on
 690:D:/Projekty/TrinityTrack6000/MainControlBoard/Infineon/XMC4200/Libraries/XMCLib/inc\xmc_usic.h ****  * 						This can be related to the number of samples for each logic state of the data signal. \n
 691:D:/Projekty/TrinityTrack6000/MainControlBoard/Infineon/XMC4200/Libraries/XMCLib/inc\xmc_usic.h ****  * 						\b Range: 1 to 32. Value should be chosen based on the protocol used.
 692:D:/Projekty/TrinityTrack6000/MainControlBoard/Infineon/XMC4200/Libraries/XMCLib/inc\xmc_usic.h ****  * @return Status indicating the baudrate configuration.\n
 693:D:/Projekty/TrinityTrack6000/MainControlBoard/Infineon/XMC4200/Libraries/XMCLib/inc\xmc_usic.h ****  * 			\b Range: @ref XMC_USIC_CH_STATUS_OK if baudrate is successfully configured,
 694:D:/Projekty/TrinityTrack6000/MainControlBoard/Infineon/XMC4200/Libraries/XMCLib/inc\xmc_usic.h ****  * 					  @ref XMC_USIC_CH_STATUS_ERROR if desired baudrate or oversampling is invalid.
 695:D:/Projekty/TrinityTrack6000/MainControlBoard/Infineon/XMC4200/Libraries/XMCLib/inc\xmc_usic.h ****  *
 696:D:/Projekty/TrinityTrack6000/MainControlBoard/Infineon/XMC4200/Libraries/XMCLib/inc\xmc_usic.h ****  * \par<b>Description</b><br>
 697:D:/Projekty/TrinityTrack6000/MainControlBoard/Infineon/XMC4200/Libraries/XMCLib/inc\xmc_usic.h ****  * Configures the baudrate of the USIC channel. \n\n
 698:D:/Projekty/TrinityTrack6000/MainControlBoard/Infineon/XMC4200/Libraries/XMCLib/inc\xmc_usic.h ****  * Baudrate is configured by considering the peripheral frequency and the desired baudrate.
 699:D:/Projekty/TrinityTrack6000/MainControlBoard/Infineon/XMC4200/Libraries/XMCLib/inc\xmc_usic.h ****  * Optimum values of FDR->STEP and BRG->PDIV are calulated and used for generating the desired
 700:D:/Projekty/TrinityTrack6000/MainControlBoard/Infineon/XMC4200/Libraries/XMCLib/inc\xmc_usic.h ****  * baudrate.
 701:D:/Projekty/TrinityTrack6000/MainControlBoard/Infineon/XMC4200/Libraries/XMCLib/inc\xmc_usic.h ****  *
 702:D:/Projekty/TrinityTrack6000/MainControlBoard/Infineon/XMC4200/Libraries/XMCLib/inc\xmc_usic.h ****  * \par<b>Related APIs:</b><BR>
 703:D:/Projekty/TrinityTrack6000/MainControlBoard/Infineon/XMC4200/Libraries/XMCLib/inc\xmc_usic.h ****  * XMC_USIC_CH_SetStartTransmisionMode(), XMC_USIC_CH_SetInputSource() \n\n\n
 704:D:/Projekty/TrinityTrack6000/MainControlBoard/Infineon/XMC4200/Libraries/XMCLib/inc\xmc_usic.h ****  */
 705:D:/Projekty/TrinityTrack6000/MainControlBoard/Infineon/XMC4200/Libraries/XMCLib/inc\xmc_usic.h **** XMC_USIC_CH_STATUS_t XMC_USIC_CH_SetBaudrate(XMC_USIC_CH_t *const channel, uint32_t rate, uint32_t 
 706:D:/Projekty/TrinityTrack6000/MainControlBoard/Infineon/XMC4200/Libraries/XMCLib/inc\xmc_usic.h **** 
 707:D:/Projekty/TrinityTrack6000/MainControlBoard/Infineon/XMC4200/Libraries/XMCLib/inc\xmc_usic.h **** /**
 708:D:/Projekty/TrinityTrack6000/MainControlBoard/Infineon/XMC4200/Libraries/XMCLib/inc\xmc_usic.h ****  * @param  channel Pointer to USIC channel handler of type @ref XMC_USIC_CH_t \n
 709:D:/Projekty/TrinityTrack6000/MainControlBoard/Infineon/XMC4200/Libraries/XMCLib/inc\xmc_usic.h ****  *           \b Range: @ref XMC_USIC0_CH0, @ref XMC_USIC0_CH1 to @ref XMC_USIC2_CH1 based on device
 710:D:/Projekty/TrinityTrack6000/MainControlBoard/Infineon/XMC4200/Libraries/XMCLib/inc\xmc_usic.h ****  * @param  rate Desired baudrate. Only integer dividers of peripheral clock are achievable
 711:D:/Projekty/TrinityTrack6000/MainControlBoard/Infineon/XMC4200/Libraries/XMCLib/inc\xmc_usic.h ****  * @param  oversampling Required oversampling. The value indicates the number of time quanta for on
 712:D:/Projekty/TrinityTrack6000/MainControlBoard/Infineon/XMC4200/Libraries/XMCLib/inc\xmc_usic.h ****  *            This can be related to the number of samples for each logic state of the data signal.
 713:D:/Projekty/TrinityTrack6000/MainControlBoard/Infineon/XMC4200/Libraries/XMCLib/inc\xmc_usic.h ****  *            \b Range: 1 to 32. Value should be chosen based on the protocol used.
 714:D:/Projekty/TrinityTrack6000/MainControlBoard/Infineon/XMC4200/Libraries/XMCLib/inc\xmc_usic.h ****  * @return Status indicating the baudrate configuration.\n
 715:D:/Projekty/TrinityTrack6000/MainControlBoard/Infineon/XMC4200/Libraries/XMCLib/inc\xmc_usic.h ****  *      \b Range: @ref XMC_USIC_CH_STATUS_OK if baudrate is successfully configured,
 716:D:/Projekty/TrinityTrack6000/MainControlBoard/Infineon/XMC4200/Libraries/XMCLib/inc\xmc_usic.h ****  *            @ref XMC_USIC_CH_STATUS_ERROR if desired baudrate or oversampling is invalid.
 717:D:/Projekty/TrinityTrack6000/MainControlBoard/Infineon/XMC4200/Libraries/XMCLib/inc\xmc_usic.h ****  *
 718:D:/Projekty/TrinityTrack6000/MainControlBoard/Infineon/XMC4200/Libraries/XMCLib/inc\xmc_usic.h ****  * \par<b>Description</b><br>
 719:D:/Projekty/TrinityTrack6000/MainControlBoard/Infineon/XMC4200/Libraries/XMCLib/inc\xmc_usic.h ****  * Configures the baudrate of the USIC channel using the integer divider which restrics the achieva
 720:D:/Projekty/TrinityTrack6000/MainControlBoard/Infineon/XMC4200/Libraries/XMCLib/inc\xmc_usic.h ****  * Baudrate is configured by considering the peripheral frequency and the desired baudrate.
 721:D:/Projekty/TrinityTrack6000/MainControlBoard/Infineon/XMC4200/Libraries/XMCLib/inc\xmc_usic.h ****  * Optimum values of FDR->STEP and BRG->PDIV are calulated and used for generating the desired
 722:D:/Projekty/TrinityTrack6000/MainControlBoard/Infineon/XMC4200/Libraries/XMCLib/inc\xmc_usic.h ****  * baudrate.
 723:D:/Projekty/TrinityTrack6000/MainControlBoard/Infineon/XMC4200/Libraries/XMCLib/inc\xmc_usic.h ****  *
 724:D:/Projekty/TrinityTrack6000/MainControlBoard/Infineon/XMC4200/Libraries/XMCLib/inc\xmc_usic.h ****  * \par<b>Related APIs:</b><BR>
 725:D:/Projekty/TrinityTrack6000/MainControlBoard/Infineon/XMC4200/Libraries/XMCLib/inc\xmc_usic.h ****  * XMC_USIC_CH_SetStartTransmisionMode(), XMC_USIC_CH_SetInputSource() \n\n\n
 726:D:/Projekty/TrinityTrack6000/MainControlBoard/Infineon/XMC4200/Libraries/XMCLib/inc\xmc_usic.h ****  */
 727:D:/Projekty/TrinityTrack6000/MainControlBoard/Infineon/XMC4200/Libraries/XMCLib/inc\xmc_usic.h **** XMC_USIC_CH_STATUS_t XMC_USIC_CH_SetBaudrateEx(XMC_USIC_CH_t *const channel, int32_t rate, int32_t 
 728:D:/Projekty/TrinityTrack6000/MainControlBoard/Infineon/XMC4200/Libraries/XMCLib/inc\xmc_usic.h **** 
 729:D:/Projekty/TrinityTrack6000/MainControlBoard/Infineon/XMC4200/Libraries/XMCLib/inc\xmc_usic.h **** /**
 730:D:/Projekty/TrinityTrack6000/MainControlBoard/Infineon/XMC4200/Libraries/XMCLib/inc\xmc_usic.h ****  * @param  channel Pointer to USIC channel handler of type @ref XMC_USIC_CH_t \n
 731:D:/Projekty/TrinityTrack6000/MainControlBoard/Infineon/XMC4200/Libraries/XMCLib/inc\xmc_usic.h ****  *           \b Range: @ref XMC_USIC0_CH0, @ref XMC_USIC0_CH1 to @ref XMC_USIC2_CH1 based on device
 732:D:/Projekty/TrinityTrack6000/MainControlBoard/Infineon/XMC4200/Libraries/XMCLib/inc\xmc_usic.h ****  * @param  clksel Baudrate generator clock source.
 733:D:/Projekty/TrinityTrack6000/MainControlBoard/Infineon/XMC4200/Libraries/XMCLib/inc\xmc_usic.h ****  * @param  pppen Enable 2:1 Divider for fPPP.
 734:D:/Projekty/TrinityTrack6000/MainControlBoard/Infineon/XMC4200/Libraries/XMCLib/inc\xmc_usic.h ****  * @param  pdiv Divider Factor to generate fPDIV = fPPP / (pDIV + 1)
 735:D:/Projekty/TrinityTrack6000/MainControlBoard/Infineon/XMC4200/Libraries/XMCLib/inc\xmc_usic.h ****  * @param  ctqsel Input selection for CTQ.
 736:D:/Projekty/TrinityTrack6000/MainControlBoard/Infineon/XMC4200/Libraries/XMCLib/inc\xmc_usic.h ****  * @param  pctq Pre-Divider for Time Quanta Counter. fCTQIN / (PCQT + 1)
 737:D:/Projekty/TrinityTrack6000/MainControlBoard/Infineon/XMC4200/Libraries/XMCLib/inc\xmc_usic.h ****  * @param  dctq Denominator for Time Quanta Counter. fTQ / (DCTQ + 1)
 738:D:/Projekty/TrinityTrack6000/MainControlBoard/Infineon/XMC4200/Libraries/XMCLib/inc\xmc_usic.h ****  * @return None
 739:D:/Projekty/TrinityTrack6000/MainControlBoard/Infineon/XMC4200/Libraries/XMCLib/inc\xmc_usic.h ****  *
 740:D:/Projekty/TrinityTrack6000/MainControlBoard/Infineon/XMC4200/Libraries/XMCLib/inc\xmc_usic.h ****  * \par<b>Description</b><br>
 741:D:/Projekty/TrinityTrack6000/MainControlBoard/Infineon/XMC4200/Libraries/XMCLib/inc\xmc_usic.h ****  * Configures the baudrate generator of the USIC channel.
 742:D:/Projekty/TrinityTrack6000/MainControlBoard/Infineon/XMC4200/Libraries/XMCLib/inc\xmc_usic.h ****  *
 743:D:/Projekty/TrinityTrack6000/MainControlBoard/Infineon/XMC4200/Libraries/XMCLib/inc\xmc_usic.h ****  * \par<b>Related APIs:</b><BR>
 744:D:/Projekty/TrinityTrack6000/MainControlBoard/Infineon/XMC4200/Libraries/XMCLib/inc\xmc_usic.h ****  * XMC_USIC_CH_SetFractionalDivider() \n\n\n
 745:D:/Projekty/TrinityTrack6000/MainControlBoard/Infineon/XMC4200/Libraries/XMCLib/inc\xmc_usic.h ****  */
 746:D:/Projekty/TrinityTrack6000/MainControlBoard/Infineon/XMC4200/Libraries/XMCLib/inc\xmc_usic.h **** void XMC_USIC_CH_SetBaudrateDivider(XMC_USIC_CH_t *const channel, 
 747:D:/Projekty/TrinityTrack6000/MainControlBoard/Infineon/XMC4200/Libraries/XMCLib/inc\xmc_usic.h ****                                     XMC_USIC_CH_BRG_CLOCK_SOURCE_t clksel,
 748:D:/Projekty/TrinityTrack6000/MainControlBoard/Infineon/XMC4200/Libraries/XMCLib/inc\xmc_usic.h ****                                     bool pppen,
 749:D:/Projekty/TrinityTrack6000/MainControlBoard/Infineon/XMC4200/Libraries/XMCLib/inc\xmc_usic.h ****                                     uint32_t pdiv,
 750:D:/Projekty/TrinityTrack6000/MainControlBoard/Infineon/XMC4200/Libraries/XMCLib/inc\xmc_usic.h ****                                     XMC_USIC_CH_BRG_CTQSEL_t ctqsel,
 751:D:/Projekty/TrinityTrack6000/MainControlBoard/Infineon/XMC4200/Libraries/XMCLib/inc\xmc_usic.h ****                                     uint32_t pctq,
 752:D:/Projekty/TrinityTrack6000/MainControlBoard/Infineon/XMC4200/Libraries/XMCLib/inc\xmc_usic.h ****                                     uint32_t dctq);
 753:D:/Projekty/TrinityTrack6000/MainControlBoard/Infineon/XMC4200/Libraries/XMCLib/inc\xmc_usic.h **** 
 754:D:/Projekty/TrinityTrack6000/MainControlBoard/Infineon/XMC4200/Libraries/XMCLib/inc\xmc_usic.h **** /**
 755:D:/Projekty/TrinityTrack6000/MainControlBoard/Infineon/XMC4200/Libraries/XMCLib/inc\xmc_usic.h ****  * @param  channel Pointer to USIC channel handler of type @ref XMC_USIC_CH_t \n
 756:D:/Projekty/TrinityTrack6000/MainControlBoard/Infineon/XMC4200/Libraries/XMCLib/inc\xmc_usic.h ****  *           \b Range: @ref XMC_USIC0_CH0, @ref XMC_USIC0_CH1 to @ref XMC_USIC2_CH1 based on device
 757:D:/Projekty/TrinityTrack6000/MainControlBoard/Infineon/XMC4200/Libraries/XMCLib/inc\xmc_usic.h ****  * @return baudrate currently used by USIC channel for .\n
 758:D:/Projekty/TrinityTrack6000/MainControlBoard/Infineon/XMC4200/Libraries/XMCLib/inc\xmc_usic.h ****  *
 759:D:/Projekty/TrinityTrack6000/MainControlBoard/Infineon/XMC4200/Libraries/XMCLib/inc\xmc_usic.h ****  * \par<b>Description</b><br>
 760:D:/Projekty/TrinityTrack6000/MainControlBoard/Infineon/XMC4200/Libraries/XMCLib/inc\xmc_usic.h ****  * Calculates the current used baudrate (fCTQIN) of a USIC channel. \n\n
 761:D:/Projekty/TrinityTrack6000/MainControlBoard/Infineon/XMC4200/Libraries/XMCLib/inc\xmc_usic.h ****  * @image html ../images/usic_brg.png
 762:D:/Projekty/TrinityTrack6000/MainControlBoard/Infineon/XMC4200/Libraries/XMCLib/inc\xmc_usic.h ****  * @image latex ../images/usic_brg.png
 763:D:/Projekty/TrinityTrack6000/MainControlBoard/Infineon/XMC4200/Libraries/XMCLib/inc\xmc_usic.h ****  *
 764:D:/Projekty/TrinityTrack6000/MainControlBoard/Infineon/XMC4200/Libraries/XMCLib/inc\xmc_usic.h ****  * \par<b>Related APIs:</b><BR>
 765:D:/Projekty/TrinityTrack6000/MainControlBoard/Infineon/XMC4200/Libraries/XMCLib/inc\xmc_usic.h ****  * XMC_USIC_CH_SetBaudrateMode(), XMC_USIC_CH_SetBaudrate(), XMC_USIC_CH_SetBaudrateEx() \n\n\n
 766:D:/Projekty/TrinityTrack6000/MainControlBoard/Infineon/XMC4200/Libraries/XMCLib/inc\xmc_usic.h ****  */
 767:D:/Projekty/TrinityTrack6000/MainControlBoard/Infineon/XMC4200/Libraries/XMCLib/inc\xmc_usic.h **** uint32_t XMC_USIC_CH_GetBaudrate(XMC_USIC_CH_t *const channel);
 768:D:/Projekty/TrinityTrack6000/MainControlBoard/Infineon/XMC4200/Libraries/XMCLib/inc\xmc_usic.h **** 
 769:D:/Projekty/TrinityTrack6000/MainControlBoard/Infineon/XMC4200/Libraries/XMCLib/inc\xmc_usic.h **** /**
 770:D:/Projekty/TrinityTrack6000/MainControlBoard/Infineon/XMC4200/Libraries/XMCLib/inc\xmc_usic.h ****  * @param  channel Pointer to USIC channel handler of type @ref XMC_USIC_CH_t \n
 771:D:/Projekty/TrinityTrack6000/MainControlBoard/Infineon/XMC4200/Libraries/XMCLib/inc\xmc_usic.h ****  *           \b Range: @ref XMC_USIC0_CH0, @ref XMC_USIC0_CH1 to @ref XMC_USIC2_CH1 based on device
 772:D:/Projekty/TrinityTrack6000/MainControlBoard/Infineon/XMC4200/Libraries/XMCLib/inc\xmc_usic.h ****  * @return baudrate currently used by USIC channel.\n
 773:D:/Projekty/TrinityTrack6000/MainControlBoard/Infineon/XMC4200/Libraries/XMCLib/inc\xmc_usic.h ****  *
 774:D:/Projekty/TrinityTrack6000/MainControlBoard/Infineon/XMC4200/Libraries/XMCLib/inc\xmc_usic.h ****  * \par<b>Description</b><br>
 775:D:/Projekty/TrinityTrack6000/MainControlBoard/Infineon/XMC4200/Libraries/XMCLib/inc\xmc_usic.h ****  * Calculates the current used SCLK frequency of a USIC channel. \n\n
 776:D:/Projekty/TrinityTrack6000/MainControlBoard/Infineon/XMC4200/Libraries/XMCLib/inc\xmc_usic.h ****  * @image html ../images/usic_brg.png
 777:D:/Projekty/TrinityTrack6000/MainControlBoard/Infineon/XMC4200/Libraries/XMCLib/inc\xmc_usic.h ****  * @image latex ../images/usic_brg.png
 778:D:/Projekty/TrinityTrack6000/MainControlBoard/Infineon/XMC4200/Libraries/XMCLib/inc\xmc_usic.h ****  *
 779:D:/Projekty/TrinityTrack6000/MainControlBoard/Infineon/XMC4200/Libraries/XMCLib/inc\xmc_usic.h ****  * \par<b>Related APIs:</b><BR>
 780:D:/Projekty/TrinityTrack6000/MainControlBoard/Infineon/XMC4200/Libraries/XMCLib/inc\xmc_usic.h ****  * XMC_USIC_CH_SetBaudrateMode(), XMC_USIC_CH_SetBaudrate(), XMC_USIC_CH_SetBaudrateEx() \n\n\n
 781:D:/Projekty/TrinityTrack6000/MainControlBoard/Infineon/XMC4200/Libraries/XMCLib/inc\xmc_usic.h ****  */
 782:D:/Projekty/TrinityTrack6000/MainControlBoard/Infineon/XMC4200/Libraries/XMCLib/inc\xmc_usic.h **** uint32_t XMC_USIC_CH_GetSCLKFrequency(XMC_USIC_CH_t *const channel);
 783:D:/Projekty/TrinityTrack6000/MainControlBoard/Infineon/XMC4200/Libraries/XMCLib/inc\xmc_usic.h **** 
 784:D:/Projekty/TrinityTrack6000/MainControlBoard/Infineon/XMC4200/Libraries/XMCLib/inc\xmc_usic.h **** /**
 785:D:/Projekty/TrinityTrack6000/MainControlBoard/Infineon/XMC4200/Libraries/XMCLib/inc\xmc_usic.h ****  * @param  channel Pointer to USIC channel handler of type @ref XMC_USIC_CH_t \n
 786:D:/Projekty/TrinityTrack6000/MainControlBoard/Infineon/XMC4200/Libraries/XMCLib/inc\xmc_usic.h ****  *           \b Range: @ref XMC_USIC0_CH0, @ref XMC_USIC0_CH1 to @ref XMC_USIC2_CH1 based on device
 787:D:/Projekty/TrinityTrack6000/MainControlBoard/Infineon/XMC4200/Libraries/XMCLib/inc\xmc_usic.h ****  * @return baudrate currently used by USIC channel.\n
 788:D:/Projekty/TrinityTrack6000/MainControlBoard/Infineon/XMC4200/Libraries/XMCLib/inc\xmc_usic.h ****  *
 789:D:/Projekty/TrinityTrack6000/MainControlBoard/Infineon/XMC4200/Libraries/XMCLib/inc\xmc_usic.h ****  * \par<b>Description</b><br>
 790:D:/Projekty/TrinityTrack6000/MainControlBoard/Infineon/XMC4200/Libraries/XMCLib/inc\xmc_usic.h ****  * Calculates the current used MCLK frequency of a USIC channel. \n\n
 791:D:/Projekty/TrinityTrack6000/MainControlBoard/Infineon/XMC4200/Libraries/XMCLib/inc\xmc_usic.h ****  * @image html ../images/usic_brg.png
 792:D:/Projekty/TrinityTrack6000/MainControlBoard/Infineon/XMC4200/Libraries/XMCLib/inc\xmc_usic.h ****  * @image latex ../images/usic_brg.png
 793:D:/Projekty/TrinityTrack6000/MainControlBoard/Infineon/XMC4200/Libraries/XMCLib/inc\xmc_usic.h ****  *
 794:D:/Projekty/TrinityTrack6000/MainControlBoard/Infineon/XMC4200/Libraries/XMCLib/inc\xmc_usic.h ****  * \par<b>Related APIs:</b><BR>
 795:D:/Projekty/TrinityTrack6000/MainControlBoard/Infineon/XMC4200/Libraries/XMCLib/inc\xmc_usic.h ****  * XMC_USIC_CH_SetBaudrateMode(), XMC_USIC_CH_SetBaudrate(), XMC_USIC_CH_SetBaudrateEx() \n\n\n
 796:D:/Projekty/TrinityTrack6000/MainControlBoard/Infineon/XMC4200/Libraries/XMCLib/inc\xmc_usic.h ****  */
 797:D:/Projekty/TrinityTrack6000/MainControlBoard/Infineon/XMC4200/Libraries/XMCLib/inc\xmc_usic.h **** uint32_t XMC_USIC_CH_GetMCLKFrequency(XMC_USIC_CH_t *const channel);
 798:D:/Projekty/TrinityTrack6000/MainControlBoard/Infineon/XMC4200/Libraries/XMCLib/inc\xmc_usic.h **** 
 799:D:/Projekty/TrinityTrack6000/MainControlBoard/Infineon/XMC4200/Libraries/XMCLib/inc\xmc_usic.h **** /**
 800:D:/Projekty/TrinityTrack6000/MainControlBoard/Infineon/XMC4200/Libraries/XMCLib/inc\xmc_usic.h ****  * @param  channel Pointer to USIC channel handler of type @ref XMC_USIC_CH_t \n
 801:D:/Projekty/TrinityTrack6000/MainControlBoard/Infineon/XMC4200/Libraries/XMCLib/inc\xmc_usic.h ****  * 				   \b Range: @ref XMC_USIC0_CH0, @ref XMC_USIC0_CH1 to @ref XMC_USIC2_CH1 based on device su
 802:D:/Projekty/TrinityTrack6000/MainControlBoard/Infineon/XMC4200/Libraries/XMCLib/inc\xmc_usic.h ****  * @param  pdiv Desired divider for the external frequency input. \b Range: minimum value = 1, maxi
 803:D:/Projekty/TrinityTrack6000/MainControlBoard/Infineon/XMC4200/Libraries/XMCLib/inc\xmc_usic.h ****  * @param  oversampling Required oversampling. The value indicates the number of time quanta for on
 804:D:/Projekty/TrinityTrack6000/MainControlBoard/Infineon/XMC4200/Libraries/XMCLib/inc\xmc_usic.h ****  * 						This can be related to the number of samples for each logic state of the data signal. \n
 805:D:/Projekty/TrinityTrack6000/MainControlBoard/Infineon/XMC4200/Libraries/XMCLib/inc\xmc_usic.h ****  * 						\b Range: 1 to 32. Value should be chosen based on the protocol used.
 806:D:/Projekty/TrinityTrack6000/MainControlBoard/Infineon/XMC4200/Libraries/XMCLib/inc\xmc_usic.h ****  * @param  combination_mode Selects which edge of the synchronized(and optionally filtered) signal 
 807:D:/Projekty/TrinityTrack6000/MainControlBoard/Infineon/XMC4200/Libraries/XMCLib/inc\xmc_usic.h ****  *                          output DXnT of the input stage.
 808:D:/Projekty/TrinityTrack6000/MainControlBoard/Infineon/XMC4200/Libraries/XMCLib/inc\xmc_usic.h ****  *
 809:D:/Projekty/TrinityTrack6000/MainControlBoard/Infineon/XMC4200/Libraries/XMCLib/inc\xmc_usic.h ****  * @return None
 810:D:/Projekty/TrinityTrack6000/MainControlBoard/Infineon/XMC4200/Libraries/XMCLib/inc\xmc_usic.h ****  *
 811:D:/Projekty/TrinityTrack6000/MainControlBoard/Infineon/XMC4200/Libraries/XMCLib/inc\xmc_usic.h ****  * \par<b>Description</b><br>
 812:D:/Projekty/TrinityTrack6000/MainControlBoard/Infineon/XMC4200/Libraries/XMCLib/inc\xmc_usic.h ****  * Enables the external frequency input for the Baudrate Generator and configures the divider, over
 813:D:/Projekty/TrinityTrack6000/MainControlBoard/Infineon/XMC4200/Libraries/XMCLib/inc\xmc_usic.h ****  * the combination mode of the USIC channel. \n\n
 814:D:/Projekty/TrinityTrack6000/MainControlBoard/Infineon/XMC4200/Libraries/XMCLib/inc\xmc_usic.h ****  *
 815:D:/Projekty/TrinityTrack6000/MainControlBoard/Infineon/XMC4200/Libraries/XMCLib/inc\xmc_usic.h ****  * \par<b>Related APIs:</b><BR>
 816:D:/Projekty/TrinityTrack6000/MainControlBoard/Infineon/XMC4200/Libraries/XMCLib/inc\xmc_usic.h ****  * XMC_USIC_CH_SetBRGInputClockSource(), XMC_USIC_CH_SetInputTriggerCombinationMode() \n\n\n
 817:D:/Projekty/TrinityTrack6000/MainControlBoard/Infineon/XMC4200/Libraries/XMCLib/inc\xmc_usic.h ****  */
 818:D:/Projekty/TrinityTrack6000/MainControlBoard/Infineon/XMC4200/Libraries/XMCLib/inc\xmc_usic.h **** void XMC_USIC_CH_ConfigExternalInputSignalToBRG(XMC_USIC_CH_t *const channel,
 819:D:/Projekty/TrinityTrack6000/MainControlBoard/Infineon/XMC4200/Libraries/XMCLib/inc\xmc_usic.h ****     const uint16_t pdiv,
 820:D:/Projekty/TrinityTrack6000/MainControlBoard/Infineon/XMC4200/Libraries/XMCLib/inc\xmc_usic.h ****     const uint32_t oversampling,
 821:D:/Projekty/TrinityTrack6000/MainControlBoard/Infineon/XMC4200/Libraries/XMCLib/inc\xmc_usic.h ****     const XMC_USIC_CH_INPUT_COMBINATION_MODE_t combination_mode);
 822:D:/Projekty/TrinityTrack6000/MainControlBoard/Infineon/XMC4200/Libraries/XMCLib/inc\xmc_usic.h **** 
 823:D:/Projekty/TrinityTrack6000/MainControlBoard/Infineon/XMC4200/Libraries/XMCLib/inc\xmc_usic.h **** /**
 824:D:/Projekty/TrinityTrack6000/MainControlBoard/Infineon/XMC4200/Libraries/XMCLib/inc\xmc_usic.h ****  * @param  channel Pointer to USIC channel handler of type @ref XMC_USIC_CH_t \n
 825:D:/Projekty/TrinityTrack6000/MainControlBoard/Infineon/XMC4200/Libraries/XMCLib/inc\xmc_usic.h ****  * 				   \b Range: @ref XMC_USIC0_CH0, @ref XMC_USIC0_CH1 to @ref XMC_USIC2_CH1 based on device su
 826:D:/Projekty/TrinityTrack6000/MainControlBoard/Infineon/XMC4200/Libraries/XMCLib/inc\xmc_usic.h ****  * @param  input USIC channel input stage of type @ref XMC_USIC_CH_INPUT_t. \n
 827:D:/Projekty/TrinityTrack6000/MainControlBoard/Infineon/XMC4200/Libraries/XMCLib/inc\xmc_usic.h ****  * 				 \b Range: @ref XMC_USIC_CH_INPUT_DX0 to @ref XMC_USIC_CH_INPUT_DX5
 828:D:/Projekty/TrinityTrack6000/MainControlBoard/Infineon/XMC4200/Libraries/XMCLib/inc\xmc_usic.h ****  * @param  source Input source select for the input stage. The table below maps the enum value with
 829:D:/Projekty/TrinityTrack6000/MainControlBoard/Infineon/XMC4200/Libraries/XMCLib/inc\xmc_usic.h ****  * <table><tr><td>0</td><td>DXnA</td></tr><tr><td>1</td><td>DXnB</td></tr><tr><td>2</td><td>DXnC</t
 830:D:/Projekty/TrinityTrack6000/MainControlBoard/Infineon/XMC4200/Libraries/XMCLib/inc\xmc_usic.h ****  * <tr><td>4</td><td>DXnE</td></tr><tr><td>5</td><td>DXnF</td></tr><tr><td>6</td><td>DXnG</td></tr>
 831:D:/Projekty/TrinityTrack6000/MainControlBoard/Infineon/XMC4200/Libraries/XMCLib/inc\xmc_usic.h ****  * </tr></table>
 832:D:/Projekty/TrinityTrack6000/MainControlBoard/Infineon/XMC4200/Libraries/XMCLib/inc\xmc_usic.h ****  * @return None
 833:D:/Projekty/TrinityTrack6000/MainControlBoard/Infineon/XMC4200/Libraries/XMCLib/inc\xmc_usic.h ****  *
 834:D:/Projekty/TrinityTrack6000/MainControlBoard/Infineon/XMC4200/Libraries/XMCLib/inc\xmc_usic.h ****  * \par<b>Description</b><br>
 835:D:/Projekty/TrinityTrack6000/MainControlBoard/Infineon/XMC4200/Libraries/XMCLib/inc\xmc_usic.h ****  * Selects the data source for USIC input stage.\n\n
 836:D:/Projekty/TrinityTrack6000/MainControlBoard/Infineon/XMC4200/Libraries/XMCLib/inc\xmc_usic.h ****  * Selects the input data signal source among DXnA, DXnB.. DXnG for the input stage. The API can be
 837:D:/Projekty/TrinityTrack6000/MainControlBoard/Infineon/XMC4200/Libraries/XMCLib/inc\xmc_usic.h ****  * like DX0CR, DX1CR etc.
 838:D:/Projekty/TrinityTrack6000/MainControlBoard/Infineon/XMC4200/Libraries/XMCLib/inc\xmc_usic.h ****  *
 839:D:/Projekty/TrinityTrack6000/MainControlBoard/Infineon/XMC4200/Libraries/XMCLib/inc\xmc_usic.h ****  * \par<b>Related APIs:</b><BR>
 840:D:/Projekty/TrinityTrack6000/MainControlBoard/Infineon/XMC4200/Libraries/XMCLib/inc\xmc_usic.h ****  * XMC_USIC_CH_EnableInputInversion(), XMC_USIC_CH_EnableInputDigitalFilter(), XMC_USIC_CH_EnableIn
 841:D:/Projekty/TrinityTrack6000/MainControlBoard/Infineon/XMC4200/Libraries/XMCLib/inc\xmc_usic.h ****  * XMC_USIC_CH_SetInputSamplingFreq()\n\n\n
 842:D:/Projekty/TrinityTrack6000/MainControlBoard/Infineon/XMC4200/Libraries/XMCLib/inc\xmc_usic.h ****  */
 843:D:/Projekty/TrinityTrack6000/MainControlBoard/Infineon/XMC4200/Libraries/XMCLib/inc\xmc_usic.h **** __STATIC_INLINE void XMC_USIC_CH_SetInputSource(XMC_USIC_CH_t *const channel, const XMC_USIC_CH_INP
 844:D:/Projekty/TrinityTrack6000/MainControlBoard/Infineon/XMC4200/Libraries/XMCLib/inc\xmc_usic.h **** {
 289              	 .loc 2 844 0
 290              	 .cfi_startproc
 291              	 
 292              	 
 293              	 
 294 0000 80B4     	 push {r7}
 295              	.LCFI22:
 296              	 .cfi_def_cfa_offset 4
 297              	 .cfi_offset 7,-4
 298 0002 83B0     	 sub sp,sp,#12
 299              	.LCFI23:
 300              	 .cfi_def_cfa_offset 16
 301 0004 00AF     	 add r7,sp,#0
 302              	.LCFI24:
 303              	 .cfi_def_cfa_register 7
 304 0006 7860     	 str r0,[r7,#4]
 305 0008 0B46     	 mov r3,r1
 306 000a FB70     	 strb r3,[r7,#3]
 307 000c 1346     	 mov r3,r2
 308 000e BB70     	 strb r3,[r7,#2]
 845:D:/Projekty/TrinityTrack6000/MainControlBoard/Infineon/XMC4200/Libraries/XMCLib/inc\xmc_usic.h ****   channel->DXCR[input] = (uint32_t)((channel->DXCR[input] & (uint32_t)(~USIC_CH_DXCR_DSEL_Msk)) |
 309              	 .loc 2 845 0
 310 0010 F878     	 ldrb r0,[r7,#3]
 311 0012 FB78     	 ldrb r3,[r7,#3]
 312 0014 7A68     	 ldr r2,[r7,#4]
 313 0016 0633     	 adds r3,r3,#6
 314 0018 9B00     	 lsls r3,r3,#2
 315 001a 1344     	 add r3,r3,r2
 316 001c 5B68     	 ldr r3,[r3,#4]
 317 001e 23F00702 	 bic r2,r3,#7
 846:D:/Projekty/TrinityTrack6000/MainControlBoard/Infineon/XMC4200/Libraries/XMCLib/inc\xmc_usic.h ****                                     ((uint32_t)source << USIC_CH_DXCR_DSEL_Pos));
 318              	 .loc 2 846 0
 319 0022 BB78     	 ldrb r3,[r7,#2]
 845:D:/Projekty/TrinityTrack6000/MainControlBoard/Infineon/XMC4200/Libraries/XMCLib/inc\xmc_usic.h ****   channel->DXCR[input] = (uint32_t)((channel->DXCR[input] & (uint32_t)(~USIC_CH_DXCR_DSEL_Msk)) |
 320              	 .loc 2 845 0
 321 0024 1A43     	 orrs r2,r2,r3
 322 0026 7968     	 ldr r1,[r7,#4]
 323 0028 831D     	 adds r3,r0,#6
 324 002a 9B00     	 lsls r3,r3,#2
 325 002c 0B44     	 add r3,r3,r1
 326 002e 5A60     	 str r2,[r3,#4]
 847:D:/Projekty/TrinityTrack6000/MainControlBoard/Infineon/XMC4200/Libraries/XMCLib/inc\xmc_usic.h **** }
 327              	 .loc 2 847 0
 328 0030 0C37     	 adds r7,r7,#12
 329              	.LCFI25:
 330              	 .cfi_def_cfa_offset 4
 331 0032 BD46     	 mov sp,r7
 332              	.LCFI26:
 333              	 .cfi_def_cfa_register 13
 334              	 
 335 0034 5DF8047B 	 ldr r7,[sp],#4
 336              	.LCFI27:
 337              	 .cfi_restore 7
 338              	 .cfi_def_cfa_offset 0
 339 0038 7047     	 bx lr
 340              	 .cfi_endproc
 341              	.LFE182:
 343 003a 00BF     	 .section .text.XMC_USIC_CH_EnableInputInversion,"ax",%progbits
 344              	 .align 2
 345              	 .thumb
 346              	 .thumb_func
 348              	XMC_USIC_CH_EnableInputInversion:
 349              	.LFB185:
 848:D:/Projekty/TrinityTrack6000/MainControlBoard/Infineon/XMC4200/Libraries/XMCLib/inc\xmc_usic.h **** /**
 849:D:/Projekty/TrinityTrack6000/MainControlBoard/Infineon/XMC4200/Libraries/XMCLib/inc\xmc_usic.h ****  * @param  channel Pointer to USIC channel handler of type @ref XMC_USIC_CH_t \n
 850:D:/Projekty/TrinityTrack6000/MainControlBoard/Infineon/XMC4200/Libraries/XMCLib/inc\xmc_usic.h ****  * 				   \b Range: @ref XMC_USIC0_CH0, @ref XMC_USIC0_CH1 to @ref XMC_USIC2_CH1 based on device su
 851:D:/Projekty/TrinityTrack6000/MainControlBoard/Infineon/XMC4200/Libraries/XMCLib/inc\xmc_usic.h ****  * @param  input USIC channel input stage of type @ref XMC_USIC_CH_INPUT_t. \n
 852:D:/Projekty/TrinityTrack6000/MainControlBoard/Infineon/XMC4200/Libraries/XMCLib/inc\xmc_usic.h ****  * 				 \b Range: @ref XMC_USIC_CH_INPUT_DX0 to @ref XMC_USIC_CH_INPUT_DX5
 853:D:/Projekty/TrinityTrack6000/MainControlBoard/Infineon/XMC4200/Libraries/XMCLib/inc\xmc_usic.h ****  * @return None
 854:D:/Projekty/TrinityTrack6000/MainControlBoard/Infineon/XMC4200/Libraries/XMCLib/inc\xmc_usic.h ****  *
 855:D:/Projekty/TrinityTrack6000/MainControlBoard/Infineon/XMC4200/Libraries/XMCLib/inc\xmc_usic.h ****  * \par<b>Description</b><br>
 856:D:/Projekty/TrinityTrack6000/MainControlBoard/Infineon/XMC4200/Libraries/XMCLib/inc\xmc_usic.h ****  * The input of the data shift unit is controlled by the
 857:D:/Projekty/TrinityTrack6000/MainControlBoard/Infineon/XMC4200/Libraries/XMCLib/inc\xmc_usic.h ****  * protocol pre-processor. \n\n
 858:D:/Projekty/TrinityTrack6000/MainControlBoard/Infineon/XMC4200/Libraries/XMCLib/inc\xmc_usic.h ****  *
 859:D:/Projekty/TrinityTrack6000/MainControlBoard/Infineon/XMC4200/Libraries/XMCLib/inc\xmc_usic.h ****  * \par<b>Related APIs:</b><BR>
 860:D:/Projekty/TrinityTrack6000/MainControlBoard/Infineon/XMC4200/Libraries/XMCLib/inc\xmc_usic.h ****  * XMC_USIC_CH_ConnectInputDataShiftToDataInput()\n\n\n
 861:D:/Projekty/TrinityTrack6000/MainControlBoard/Infineon/XMC4200/Libraries/XMCLib/inc\xmc_usic.h ****  */
 862:D:/Projekty/TrinityTrack6000/MainControlBoard/Infineon/XMC4200/Libraries/XMCLib/inc\xmc_usic.h **** __STATIC_INLINE void XMC_USIC_CH_ConnectInputDataShiftToPPP(XMC_USIC_CH_t *const channel, const XMC
 863:D:/Projekty/TrinityTrack6000/MainControlBoard/Infineon/XMC4200/Libraries/XMCLib/inc\xmc_usic.h **** {
 864:D:/Projekty/TrinityTrack6000/MainControlBoard/Infineon/XMC4200/Libraries/XMCLib/inc\xmc_usic.h ****   channel->DXCR[input] &= (uint32_t)~USIC_CH_DXCR_INSW_Msk;
 865:D:/Projekty/TrinityTrack6000/MainControlBoard/Infineon/XMC4200/Libraries/XMCLib/inc\xmc_usic.h **** }
 866:D:/Projekty/TrinityTrack6000/MainControlBoard/Infineon/XMC4200/Libraries/XMCLib/inc\xmc_usic.h **** 
 867:D:/Projekty/TrinityTrack6000/MainControlBoard/Infineon/XMC4200/Libraries/XMCLib/inc\xmc_usic.h **** /**
 868:D:/Projekty/TrinityTrack6000/MainControlBoard/Infineon/XMC4200/Libraries/XMCLib/inc\xmc_usic.h ****  * @param  channel Pointer to USIC channel handler of type @ref XMC_USIC_CH_t \n
 869:D:/Projekty/TrinityTrack6000/MainControlBoard/Infineon/XMC4200/Libraries/XMCLib/inc\xmc_usic.h ****  * 				   \b Range: @ref XMC_USIC0_CH0, @ref XMC_USIC0_CH1 to @ref XMC_USIC2_CH1 based on device su
 870:D:/Projekty/TrinityTrack6000/MainControlBoard/Infineon/XMC4200/Libraries/XMCLib/inc\xmc_usic.h ****  * @param  input USIC channel input stage of type @ref XMC_USIC_CH_INPUT_t. \n
 871:D:/Projekty/TrinityTrack6000/MainControlBoard/Infineon/XMC4200/Libraries/XMCLib/inc\xmc_usic.h ****  * 				 \b Range: @ref XMC_USIC_CH_INPUT_DX0 to @ref XMC_USIC_CH_INPUT_DX5
 872:D:/Projekty/TrinityTrack6000/MainControlBoard/Infineon/XMC4200/Libraries/XMCLib/inc\xmc_usic.h ****  * @return None
 873:D:/Projekty/TrinityTrack6000/MainControlBoard/Infineon/XMC4200/Libraries/XMCLib/inc\xmc_usic.h ****  *
 874:D:/Projekty/TrinityTrack6000/MainControlBoard/Infineon/XMC4200/Libraries/XMCLib/inc\xmc_usic.h ****  * \par<b>Description</b><br>
 875:D:/Projekty/TrinityTrack6000/MainControlBoard/Infineon/XMC4200/Libraries/XMCLib/inc\xmc_usic.h ****  * The input of the data shift unit is connected to
 876:D:/Projekty/TrinityTrack6000/MainControlBoard/Infineon/XMC4200/Libraries/XMCLib/inc\xmc_usic.h ****  * the selected data input line. \n\n
 877:D:/Projekty/TrinityTrack6000/MainControlBoard/Infineon/XMC4200/Libraries/XMCLib/inc\xmc_usic.h ****  *
 878:D:/Projekty/TrinityTrack6000/MainControlBoard/Infineon/XMC4200/Libraries/XMCLib/inc\xmc_usic.h ****  * This setting is used
 879:D:/Projekty/TrinityTrack6000/MainControlBoard/Infineon/XMC4200/Libraries/XMCLib/inc\xmc_usic.h ****  * if the signals are directly derived from an input
 880:D:/Projekty/TrinityTrack6000/MainControlBoard/Infineon/XMC4200/Libraries/XMCLib/inc\xmc_usic.h ****  * pin without treatment by the protocol preprocessor.
 881:D:/Projekty/TrinityTrack6000/MainControlBoard/Infineon/XMC4200/Libraries/XMCLib/inc\xmc_usic.h ****  * \par<b>Related APIs:</b><BR>
 882:D:/Projekty/TrinityTrack6000/MainControlBoard/Infineon/XMC4200/Libraries/XMCLib/inc\xmc_usic.h ****  * XMC_USIC_CH_ConnectInputDataShiftToPPP()\n\n\n
 883:D:/Projekty/TrinityTrack6000/MainControlBoard/Infineon/XMC4200/Libraries/XMCLib/inc\xmc_usic.h ****  */
 884:D:/Projekty/TrinityTrack6000/MainControlBoard/Infineon/XMC4200/Libraries/XMCLib/inc\xmc_usic.h **** __STATIC_INLINE void XMC_USIC_CH_ConnectInputDataShiftToDataInput(XMC_USIC_CH_t *const channel, con
 885:D:/Projekty/TrinityTrack6000/MainControlBoard/Infineon/XMC4200/Libraries/XMCLib/inc\xmc_usic.h **** {
 886:D:/Projekty/TrinityTrack6000/MainControlBoard/Infineon/XMC4200/Libraries/XMCLib/inc\xmc_usic.h ****   channel->DXCR[input] |= USIC_CH_DXCR_INSW_Msk;
 887:D:/Projekty/TrinityTrack6000/MainControlBoard/Infineon/XMC4200/Libraries/XMCLib/inc\xmc_usic.h **** }
 888:D:/Projekty/TrinityTrack6000/MainControlBoard/Infineon/XMC4200/Libraries/XMCLib/inc\xmc_usic.h **** 
 889:D:/Projekty/TrinityTrack6000/MainControlBoard/Infineon/XMC4200/Libraries/XMCLib/inc\xmc_usic.h **** /**
 890:D:/Projekty/TrinityTrack6000/MainControlBoard/Infineon/XMC4200/Libraries/XMCLib/inc\xmc_usic.h ****  * @param  channel Pointer to USIC channel handler of type @ref XMC_USIC_CH_t \n
 891:D:/Projekty/TrinityTrack6000/MainControlBoard/Infineon/XMC4200/Libraries/XMCLib/inc\xmc_usic.h ****  * 				   \b Range: @ref XMC_USIC0_CH0, @ref XMC_USIC0_CH1 to @ref XMC_USIC2_CH1 based on device su
 892:D:/Projekty/TrinityTrack6000/MainControlBoard/Infineon/XMC4200/Libraries/XMCLib/inc\xmc_usic.h ****  * @param  input USIC channel input stage of type @ref XMC_USIC_CH_INPUT_t. \n
 893:D:/Projekty/TrinityTrack6000/MainControlBoard/Infineon/XMC4200/Libraries/XMCLib/inc\xmc_usic.h ****  * 				 \b Range: @ref XMC_USIC_CH_INPUT_DX0 to @ref XMC_USIC_CH_INPUT_DX5
 894:D:/Projekty/TrinityTrack6000/MainControlBoard/Infineon/XMC4200/Libraries/XMCLib/inc\xmc_usic.h ****  * @return None
 895:D:/Projekty/TrinityTrack6000/MainControlBoard/Infineon/XMC4200/Libraries/XMCLib/inc\xmc_usic.h ****  *
 896:D:/Projekty/TrinityTrack6000/MainControlBoard/Infineon/XMC4200/Libraries/XMCLib/inc\xmc_usic.h ****  * \par<b>Description</b><br>
 897:D:/Projekty/TrinityTrack6000/MainControlBoard/Infineon/XMC4200/Libraries/XMCLib/inc\xmc_usic.h ****  * Enables input inversion for USIC channel input data signal. \n\n
 898:D:/Projekty/TrinityTrack6000/MainControlBoard/Infineon/XMC4200/Libraries/XMCLib/inc\xmc_usic.h ****  *
 899:D:/Projekty/TrinityTrack6000/MainControlBoard/Infineon/XMC4200/Libraries/XMCLib/inc\xmc_usic.h ****  * Polarity of the input source can be changed to provide inverted data input.
 900:D:/Projekty/TrinityTrack6000/MainControlBoard/Infineon/XMC4200/Libraries/XMCLib/inc\xmc_usic.h ****  * \par<b>Related APIs:</b><BR>
 901:D:/Projekty/TrinityTrack6000/MainControlBoard/Infineon/XMC4200/Libraries/XMCLib/inc\xmc_usic.h ****  * XMC_USIC_CH_DisableInputInversion()\n\n\n
 902:D:/Projekty/TrinityTrack6000/MainControlBoard/Infineon/XMC4200/Libraries/XMCLib/inc\xmc_usic.h ****  */
 903:D:/Projekty/TrinityTrack6000/MainControlBoard/Infineon/XMC4200/Libraries/XMCLib/inc\xmc_usic.h **** __STATIC_INLINE void XMC_USIC_CH_EnableInputInversion(XMC_USIC_CH_t *const channel, const XMC_USIC_
 904:D:/Projekty/TrinityTrack6000/MainControlBoard/Infineon/XMC4200/Libraries/XMCLib/inc\xmc_usic.h **** {
 350              	 .loc 2 904 0
 351              	 .cfi_startproc
 352              	 
 353              	 
 354              	 
 355 0000 80B4     	 push {r7}
 356              	.LCFI28:
 357              	 .cfi_def_cfa_offset 4
 358              	 .cfi_offset 7,-4
 359 0002 83B0     	 sub sp,sp,#12
 360              	.LCFI29:
 361              	 .cfi_def_cfa_offset 16
 362 0004 00AF     	 add r7,sp,#0
 363              	.LCFI30:
 364              	 .cfi_def_cfa_register 7
 365 0006 7860     	 str r0,[r7,#4]
 366 0008 0B46     	 mov r3,r1
 367 000a FB70     	 strb r3,[r7,#3]
 905:D:/Projekty/TrinityTrack6000/MainControlBoard/Infineon/XMC4200/Libraries/XMCLib/inc\xmc_usic.h ****   channel->DXCR[input] |= USIC_CH_DXCR_DPOL_Msk;
 368              	 .loc 2 905 0
 369 000c F878     	 ldrb r0,[r7,#3]
 370 000e FB78     	 ldrb r3,[r7,#3]
 371 0010 7A68     	 ldr r2,[r7,#4]
 372 0012 0633     	 adds r3,r3,#6
 373 0014 9B00     	 lsls r3,r3,#2
 374 0016 1344     	 add r3,r3,r2
 375 0018 5B68     	 ldr r3,[r3,#4]
 376 001a 43F48072 	 orr r2,r3,#256
 377 001e 7968     	 ldr r1,[r7,#4]
 378 0020 831D     	 adds r3,r0,#6
 379 0022 9B00     	 lsls r3,r3,#2
 380 0024 0B44     	 add r3,r3,r1
 381 0026 5A60     	 str r2,[r3,#4]
 906:D:/Projekty/TrinityTrack6000/MainControlBoard/Infineon/XMC4200/Libraries/XMCLib/inc\xmc_usic.h **** }
 382              	 .loc 2 906 0
 383 0028 0C37     	 adds r7,r7,#12
 384              	.LCFI31:
 385              	 .cfi_def_cfa_offset 4
 386 002a BD46     	 mov sp,r7
 387              	.LCFI32:
 388              	 .cfi_def_cfa_register 13
 389              	 
 390 002c 5DF8047B 	 ldr r7,[sp],#4
 391              	.LCFI33:
 392              	 .cfi_restore 7
 393              	 .cfi_def_cfa_offset 0
 394 0030 7047     	 bx lr
 395              	 .cfi_endproc
 396              	.LFE185:
 398 0032 00BF     	 .section .text.XMC_USIC_CH_SetWordLength,"ax",%progbits
 399              	 .align 2
 400              	 .thumb
 401              	 .thumb_func
 403              	XMC_USIC_CH_SetWordLength:
 404              	.LFB198:
 907:D:/Projekty/TrinityTrack6000/MainControlBoard/Infineon/XMC4200/Libraries/XMCLib/inc\xmc_usic.h **** 
 908:D:/Projekty/TrinityTrack6000/MainControlBoard/Infineon/XMC4200/Libraries/XMCLib/inc\xmc_usic.h **** /**
 909:D:/Projekty/TrinityTrack6000/MainControlBoard/Infineon/XMC4200/Libraries/XMCLib/inc\xmc_usic.h ****  * @param  channel Pointer to USIC channel handler of type @ref XMC_USIC_CH_t \n
 910:D:/Projekty/TrinityTrack6000/MainControlBoard/Infineon/XMC4200/Libraries/XMCLib/inc\xmc_usic.h ****  * 				   \b Range: @ref XMC_USIC0_CH0, @ref XMC_USIC0_CH1 to @ref XMC_USIC2_CH1 based on device su
 911:D:/Projekty/TrinityTrack6000/MainControlBoard/Infineon/XMC4200/Libraries/XMCLib/inc\xmc_usic.h ****  * @param  input USIC channel input stage of type @ref XMC_USIC_CH_INPUT_t. \n
 912:D:/Projekty/TrinityTrack6000/MainControlBoard/Infineon/XMC4200/Libraries/XMCLib/inc\xmc_usic.h ****  * 				 \b Range: @ref XMC_USIC_CH_INPUT_DX0 to @ref XMC_USIC_CH_INPUT_DX5
 913:D:/Projekty/TrinityTrack6000/MainControlBoard/Infineon/XMC4200/Libraries/XMCLib/inc\xmc_usic.h ****  * @return None
 914:D:/Projekty/TrinityTrack6000/MainControlBoard/Infineon/XMC4200/Libraries/XMCLib/inc\xmc_usic.h ****  *
 915:D:/Projekty/TrinityTrack6000/MainControlBoard/Infineon/XMC4200/Libraries/XMCLib/inc\xmc_usic.h ****  * \par<b>Description</b><br>
 916:D:/Projekty/TrinityTrack6000/MainControlBoard/Infineon/XMC4200/Libraries/XMCLib/inc\xmc_usic.h ****  * Disables input inversion for USIC channel. \n\n
 917:D:/Projekty/TrinityTrack6000/MainControlBoard/Infineon/XMC4200/Libraries/XMCLib/inc\xmc_usic.h ****  *
 918:D:/Projekty/TrinityTrack6000/MainControlBoard/Infineon/XMC4200/Libraries/XMCLib/inc\xmc_usic.h ****  * Resets the input data polarity for the USIC channel input data signal.
 919:D:/Projekty/TrinityTrack6000/MainControlBoard/Infineon/XMC4200/Libraries/XMCLib/inc\xmc_usic.h ****  * \par<b>Related APIs:</b><BR>
 920:D:/Projekty/TrinityTrack6000/MainControlBoard/Infineon/XMC4200/Libraries/XMCLib/inc\xmc_usic.h ****  * XMC_USIC_CH_EnableInputInversion()\n\n\n
 921:D:/Projekty/TrinityTrack6000/MainControlBoard/Infineon/XMC4200/Libraries/XMCLib/inc\xmc_usic.h ****  */
 922:D:/Projekty/TrinityTrack6000/MainControlBoard/Infineon/XMC4200/Libraries/XMCLib/inc\xmc_usic.h **** __STATIC_INLINE void XMC_USIC_CH_DisableInputInversion(XMC_USIC_CH_t *const channel, const XMC_USIC
 923:D:/Projekty/TrinityTrack6000/MainControlBoard/Infineon/XMC4200/Libraries/XMCLib/inc\xmc_usic.h **** {
 924:D:/Projekty/TrinityTrack6000/MainControlBoard/Infineon/XMC4200/Libraries/XMCLib/inc\xmc_usic.h ****   channel->DXCR[input] &= (uint32_t)~USIC_CH_DXCR_DPOL_Msk;
 925:D:/Projekty/TrinityTrack6000/MainControlBoard/Infineon/XMC4200/Libraries/XMCLib/inc\xmc_usic.h **** }
 926:D:/Projekty/TrinityTrack6000/MainControlBoard/Infineon/XMC4200/Libraries/XMCLib/inc\xmc_usic.h **** 
 927:D:/Projekty/TrinityTrack6000/MainControlBoard/Infineon/XMC4200/Libraries/XMCLib/inc\xmc_usic.h **** /**
 928:D:/Projekty/TrinityTrack6000/MainControlBoard/Infineon/XMC4200/Libraries/XMCLib/inc\xmc_usic.h ****  * @param  channel Pointer to USIC channel handler of type @ref XMC_USIC_CH_t \n
 929:D:/Projekty/TrinityTrack6000/MainControlBoard/Infineon/XMC4200/Libraries/XMCLib/inc\xmc_usic.h ****  * 				   \b Range: @ref XMC_USIC0_CH0, @ref XMC_USIC0_CH1 to @ref XMC_USIC2_CH1 based on device su
 930:D:/Projekty/TrinityTrack6000/MainControlBoard/Infineon/XMC4200/Libraries/XMCLib/inc\xmc_usic.h ****  * @return None
 931:D:/Projekty/TrinityTrack6000/MainControlBoard/Infineon/XMC4200/Libraries/XMCLib/inc\xmc_usic.h ****  *
 932:D:/Projekty/TrinityTrack6000/MainControlBoard/Infineon/XMC4200/Libraries/XMCLib/inc\xmc_usic.h ****  * \par<b>Description</b><br>
 933:D:/Projekty/TrinityTrack6000/MainControlBoard/Infineon/XMC4200/Libraries/XMCLib/inc\xmc_usic.h ****  * Enables delay compensation. \n\n
 934:D:/Projekty/TrinityTrack6000/MainControlBoard/Infineon/XMC4200/Libraries/XMCLib/inc\xmc_usic.h ****  *
 935:D:/Projekty/TrinityTrack6000/MainControlBoard/Infineon/XMC4200/Libraries/XMCLib/inc\xmc_usic.h ****  * Delay compensation can be applied to the receive path.
 936:D:/Projekty/TrinityTrack6000/MainControlBoard/Infineon/XMC4200/Libraries/XMCLib/inc\xmc_usic.h ****  * \par<b>Related APIs:</b><BR>
 937:D:/Projekty/TrinityTrack6000/MainControlBoard/Infineon/XMC4200/Libraries/XMCLib/inc\xmc_usic.h ****  * XMC_USIC_CH_DisableDelayCompensation()\n\n\n
 938:D:/Projekty/TrinityTrack6000/MainControlBoard/Infineon/XMC4200/Libraries/XMCLib/inc\xmc_usic.h ****  */
 939:D:/Projekty/TrinityTrack6000/MainControlBoard/Infineon/XMC4200/Libraries/XMCLib/inc\xmc_usic.h **** __STATIC_INLINE void XMC_USIC_CH_EnableDelayCompensation(XMC_USIC_CH_t *const channel)
 940:D:/Projekty/TrinityTrack6000/MainControlBoard/Infineon/XMC4200/Libraries/XMCLib/inc\xmc_usic.h **** {
 941:D:/Projekty/TrinityTrack6000/MainControlBoard/Infineon/XMC4200/Libraries/XMCLib/inc\xmc_usic.h ****   channel->DXCR[1U] |= USIC_CH_DX1CR_DCEN_Msk;
 942:D:/Projekty/TrinityTrack6000/MainControlBoard/Infineon/XMC4200/Libraries/XMCLib/inc\xmc_usic.h **** }
 943:D:/Projekty/TrinityTrack6000/MainControlBoard/Infineon/XMC4200/Libraries/XMCLib/inc\xmc_usic.h **** 
 944:D:/Projekty/TrinityTrack6000/MainControlBoard/Infineon/XMC4200/Libraries/XMCLib/inc\xmc_usic.h **** /**
 945:D:/Projekty/TrinityTrack6000/MainControlBoard/Infineon/XMC4200/Libraries/XMCLib/inc\xmc_usic.h ****  * @param  channel Pointer to USIC channel handler of type @ref XMC_USIC_CH_t \n
 946:D:/Projekty/TrinityTrack6000/MainControlBoard/Infineon/XMC4200/Libraries/XMCLib/inc\xmc_usic.h ****  * 				   \b Range: @ref XMC_USIC0_CH0, @ref XMC_USIC0_CH1 to @ref XMC_USIC2_CH1 based on device su
 947:D:/Projekty/TrinityTrack6000/MainControlBoard/Infineon/XMC4200/Libraries/XMCLib/inc\xmc_usic.h ****  * @return None
 948:D:/Projekty/TrinityTrack6000/MainControlBoard/Infineon/XMC4200/Libraries/XMCLib/inc\xmc_usic.h ****  *
 949:D:/Projekty/TrinityTrack6000/MainControlBoard/Infineon/XMC4200/Libraries/XMCLib/inc\xmc_usic.h ****  * \par<b>Description</b><br>
 950:D:/Projekty/TrinityTrack6000/MainControlBoard/Infineon/XMC4200/Libraries/XMCLib/inc\xmc_usic.h ****  * Disables delay compensation.. \n\n
 951:D:/Projekty/TrinityTrack6000/MainControlBoard/Infineon/XMC4200/Libraries/XMCLib/inc\xmc_usic.h ****  *
 952:D:/Projekty/TrinityTrack6000/MainControlBoard/Infineon/XMC4200/Libraries/XMCLib/inc\xmc_usic.h ****  * \par<b>Related APIs:</b><BR>
 953:D:/Projekty/TrinityTrack6000/MainControlBoard/Infineon/XMC4200/Libraries/XMCLib/inc\xmc_usic.h ****  * XMC_USIC_CH_EnableDelayCompensation()\n\n\n
 954:D:/Projekty/TrinityTrack6000/MainControlBoard/Infineon/XMC4200/Libraries/XMCLib/inc\xmc_usic.h ****  */
 955:D:/Projekty/TrinityTrack6000/MainControlBoard/Infineon/XMC4200/Libraries/XMCLib/inc\xmc_usic.h **** __STATIC_INLINE void XMC_USIC_CH_DisableDelayCompensation(XMC_USIC_CH_t *const channel)
 956:D:/Projekty/TrinityTrack6000/MainControlBoard/Infineon/XMC4200/Libraries/XMCLib/inc\xmc_usic.h **** {
 957:D:/Projekty/TrinityTrack6000/MainControlBoard/Infineon/XMC4200/Libraries/XMCLib/inc\xmc_usic.h ****   channel->DXCR[1U] &= (uint32_t)~USIC_CH_DX1CR_DCEN_Msk;
 958:D:/Projekty/TrinityTrack6000/MainControlBoard/Infineon/XMC4200/Libraries/XMCLib/inc\xmc_usic.h **** }
 959:D:/Projekty/TrinityTrack6000/MainControlBoard/Infineon/XMC4200/Libraries/XMCLib/inc\xmc_usic.h **** 
 960:D:/Projekty/TrinityTrack6000/MainControlBoard/Infineon/XMC4200/Libraries/XMCLib/inc\xmc_usic.h **** /**
 961:D:/Projekty/TrinityTrack6000/MainControlBoard/Infineon/XMC4200/Libraries/XMCLib/inc\xmc_usic.h ****  * @param  channel Pointer to USIC channel handler of type @ref XMC_USIC_CH_t \n
 962:D:/Projekty/TrinityTrack6000/MainControlBoard/Infineon/XMC4200/Libraries/XMCLib/inc\xmc_usic.h ****  * 				   \b Range: @ref XMC_USIC0_CH0, @ref XMC_USIC0_CH1 to @ref XMC_USIC2_CH1 based on device su
 963:D:/Projekty/TrinityTrack6000/MainControlBoard/Infineon/XMC4200/Libraries/XMCLib/inc\xmc_usic.h ****  * @param  input USIC channel input stage of type @ref XMC_USIC_CH_INPUT_t. \n
 964:D:/Projekty/TrinityTrack6000/MainControlBoard/Infineon/XMC4200/Libraries/XMCLib/inc\xmc_usic.h ****  * 				 \b Range: @ref XMC_USIC_CH_INPUT_DX0 to @ref XMC_USIC_CH_INPUT_DX5
 965:D:/Projekty/TrinityTrack6000/MainControlBoard/Infineon/XMC4200/Libraries/XMCLib/inc\xmc_usic.h ****  * @return None
 966:D:/Projekty/TrinityTrack6000/MainControlBoard/Infineon/XMC4200/Libraries/XMCLib/inc\xmc_usic.h ****  *
 967:D:/Projekty/TrinityTrack6000/MainControlBoard/Infineon/XMC4200/Libraries/XMCLib/inc\xmc_usic.h ****  * \par<b>Description</b><br>
 968:D:/Projekty/TrinityTrack6000/MainControlBoard/Infineon/XMC4200/Libraries/XMCLib/inc\xmc_usic.h ****  * Enables the input digital filter for USIC channel input data signal. \n\n
 969:D:/Projekty/TrinityTrack6000/MainControlBoard/Infineon/XMC4200/Libraries/XMCLib/inc\xmc_usic.h ****  * Input data signal from the selected multiplexer will be digitally filtered.
 970:D:/Projekty/TrinityTrack6000/MainControlBoard/Infineon/XMC4200/Libraries/XMCLib/inc\xmc_usic.h ****  *
 971:D:/Projekty/TrinityTrack6000/MainControlBoard/Infineon/XMC4200/Libraries/XMCLib/inc\xmc_usic.h ****  * \par<b>Related APIs:</b><BR>
 972:D:/Projekty/TrinityTrack6000/MainControlBoard/Infineon/XMC4200/Libraries/XMCLib/inc\xmc_usic.h ****  * XMC_USIC_CH_DisableInputDigitalFilter()\n\n\n
 973:D:/Projekty/TrinityTrack6000/MainControlBoard/Infineon/XMC4200/Libraries/XMCLib/inc\xmc_usic.h ****  */
 974:D:/Projekty/TrinityTrack6000/MainControlBoard/Infineon/XMC4200/Libraries/XMCLib/inc\xmc_usic.h **** __STATIC_INLINE void XMC_USIC_CH_EnableInputDigitalFilter(XMC_USIC_CH_t *const channel, const XMC_U
 975:D:/Projekty/TrinityTrack6000/MainControlBoard/Infineon/XMC4200/Libraries/XMCLib/inc\xmc_usic.h **** {
 976:D:/Projekty/TrinityTrack6000/MainControlBoard/Infineon/XMC4200/Libraries/XMCLib/inc\xmc_usic.h ****   channel->DXCR[input] |= (uint32_t)USIC_CH_DXCR_DFEN_Msk;
 977:D:/Projekty/TrinityTrack6000/MainControlBoard/Infineon/XMC4200/Libraries/XMCLib/inc\xmc_usic.h **** }
 978:D:/Projekty/TrinityTrack6000/MainControlBoard/Infineon/XMC4200/Libraries/XMCLib/inc\xmc_usic.h **** /**
 979:D:/Projekty/TrinityTrack6000/MainControlBoard/Infineon/XMC4200/Libraries/XMCLib/inc\xmc_usic.h ****  * @param  channel Pointer to USIC channel handler of type @ref XMC_USIC_CH_t \n
 980:D:/Projekty/TrinityTrack6000/MainControlBoard/Infineon/XMC4200/Libraries/XMCLib/inc\xmc_usic.h ****  * 				   \b Range: @ref XMC_USIC0_CH0, @ref XMC_USIC0_CH1 to @ref XMC_USIC2_CH1 based on device su
 981:D:/Projekty/TrinityTrack6000/MainControlBoard/Infineon/XMC4200/Libraries/XMCLib/inc\xmc_usic.h ****  * @param  input USIC channel input stage of type @ref XMC_USIC_CH_INPUT_t. \n
 982:D:/Projekty/TrinityTrack6000/MainControlBoard/Infineon/XMC4200/Libraries/XMCLib/inc\xmc_usic.h ****  * 				 \b Range: @ref XMC_USIC_CH_INPUT_DX0 to @ref XMC_USIC_CH_INPUT_DX5
 983:D:/Projekty/TrinityTrack6000/MainControlBoard/Infineon/XMC4200/Libraries/XMCLib/inc\xmc_usic.h ****  * @return None
 984:D:/Projekty/TrinityTrack6000/MainControlBoard/Infineon/XMC4200/Libraries/XMCLib/inc\xmc_usic.h ****  *
 985:D:/Projekty/TrinityTrack6000/MainControlBoard/Infineon/XMC4200/Libraries/XMCLib/inc\xmc_usic.h ****  * \par<b>Description</b><br>
 986:D:/Projekty/TrinityTrack6000/MainControlBoard/Infineon/XMC4200/Libraries/XMCLib/inc\xmc_usic.h ****  * Disables the input digital filter for USIC channel input data signal. \n\n
 987:D:/Projekty/TrinityTrack6000/MainControlBoard/Infineon/XMC4200/Libraries/XMCLib/inc\xmc_usic.h ****  * Input data signal from the selected multiplexer will not be digitally filtered.
 988:D:/Projekty/TrinityTrack6000/MainControlBoard/Infineon/XMC4200/Libraries/XMCLib/inc\xmc_usic.h ****  *
 989:D:/Projekty/TrinityTrack6000/MainControlBoard/Infineon/XMC4200/Libraries/XMCLib/inc\xmc_usic.h ****  * \par<b>Related APIs:</b><BR>
 990:D:/Projekty/TrinityTrack6000/MainControlBoard/Infineon/XMC4200/Libraries/XMCLib/inc\xmc_usic.h ****  * XMC_USIC_CH_EnableInputDigitalFilter()\n\n\n
 991:D:/Projekty/TrinityTrack6000/MainControlBoard/Infineon/XMC4200/Libraries/XMCLib/inc\xmc_usic.h ****  */
 992:D:/Projekty/TrinityTrack6000/MainControlBoard/Infineon/XMC4200/Libraries/XMCLib/inc\xmc_usic.h **** __STATIC_INLINE void XMC_USIC_CH_DisableInputDigitalFilter(XMC_USIC_CH_t *const channel, const XMC_
 993:D:/Projekty/TrinityTrack6000/MainControlBoard/Infineon/XMC4200/Libraries/XMCLib/inc\xmc_usic.h **** {
 994:D:/Projekty/TrinityTrack6000/MainControlBoard/Infineon/XMC4200/Libraries/XMCLib/inc\xmc_usic.h ****   channel->DXCR[input] &= (uint32_t)~USIC_CH_DXCR_DFEN_Msk;
 995:D:/Projekty/TrinityTrack6000/MainControlBoard/Infineon/XMC4200/Libraries/XMCLib/inc\xmc_usic.h **** }
 996:D:/Projekty/TrinityTrack6000/MainControlBoard/Infineon/XMC4200/Libraries/XMCLib/inc\xmc_usic.h **** /**
 997:D:/Projekty/TrinityTrack6000/MainControlBoard/Infineon/XMC4200/Libraries/XMCLib/inc\xmc_usic.h ****  * @param  channel Pointer to USIC channel handler of type @ref XMC_USIC_CH_t \n
 998:D:/Projekty/TrinityTrack6000/MainControlBoard/Infineon/XMC4200/Libraries/XMCLib/inc\xmc_usic.h ****  * 				   \b Range: @ref XMC_USIC0_CH0, @ref XMC_USIC0_CH1 to @ref XMC_USIC2_CH1 based on device su
 999:D:/Projekty/TrinityTrack6000/MainControlBoard/Infineon/XMC4200/Libraries/XMCLib/inc\xmc_usic.h ****  * @param  input USIC channel input stage of type @ref XMC_USIC_CH_INPUT_t. \n
1000:D:/Projekty/TrinityTrack6000/MainControlBoard/Infineon/XMC4200/Libraries/XMCLib/inc\xmc_usic.h ****  * 				 \b Range: @ref XMC_USIC_CH_INPUT_DX0 to @ref XMC_USIC_CH_INPUT_DX5
1001:D:/Projekty/TrinityTrack6000/MainControlBoard/Infineon/XMC4200/Libraries/XMCLib/inc\xmc_usic.h ****  * @return None
1002:D:/Projekty/TrinityTrack6000/MainControlBoard/Infineon/XMC4200/Libraries/XMCLib/inc\xmc_usic.h ****  *
1003:D:/Projekty/TrinityTrack6000/MainControlBoard/Infineon/XMC4200/Libraries/XMCLib/inc\xmc_usic.h ****  * \par<b>Description</b><br>
1004:D:/Projekty/TrinityTrack6000/MainControlBoard/Infineon/XMC4200/Libraries/XMCLib/inc\xmc_usic.h ****  * Enables input synchronization for the USIC channel input data signal. \n\n
1005:D:/Projekty/TrinityTrack6000/MainControlBoard/Infineon/XMC4200/Libraries/XMCLib/inc\xmc_usic.h ****  * Input data signal from the selected multiplexer will be synchronized with fPERIPH.
1006:D:/Projekty/TrinityTrack6000/MainControlBoard/Infineon/XMC4200/Libraries/XMCLib/inc\xmc_usic.h ****  * A noisy signal can be synchronized and filtered by enabling the digital filter.
1007:D:/Projekty/TrinityTrack6000/MainControlBoard/Infineon/XMC4200/Libraries/XMCLib/inc\xmc_usic.h ****  *
1008:D:/Projekty/TrinityTrack6000/MainControlBoard/Infineon/XMC4200/Libraries/XMCLib/inc\xmc_usic.h ****  * \par<b>Related APIs:</b><BR>
1009:D:/Projekty/TrinityTrack6000/MainControlBoard/Infineon/XMC4200/Libraries/XMCLib/inc\xmc_usic.h ****  * XMC_USIC_CH_DisableInputSync(), XMC_USIC_CH_EnableInputDigitalFilter()\n\n\n
1010:D:/Projekty/TrinityTrack6000/MainControlBoard/Infineon/XMC4200/Libraries/XMCLib/inc\xmc_usic.h ****  */
1011:D:/Projekty/TrinityTrack6000/MainControlBoard/Infineon/XMC4200/Libraries/XMCLib/inc\xmc_usic.h **** __STATIC_INLINE void XMC_USIC_CH_EnableInputSync(XMC_USIC_CH_t *const channel, const XMC_USIC_CH_IN
1012:D:/Projekty/TrinityTrack6000/MainControlBoard/Infineon/XMC4200/Libraries/XMCLib/inc\xmc_usic.h **** {
1013:D:/Projekty/TrinityTrack6000/MainControlBoard/Infineon/XMC4200/Libraries/XMCLib/inc\xmc_usic.h ****   channel->DXCR[input] |= (uint32_t)USIC_CH_DXCR_DSEN_Msk;
1014:D:/Projekty/TrinityTrack6000/MainControlBoard/Infineon/XMC4200/Libraries/XMCLib/inc\xmc_usic.h **** }
1015:D:/Projekty/TrinityTrack6000/MainControlBoard/Infineon/XMC4200/Libraries/XMCLib/inc\xmc_usic.h **** /**
1016:D:/Projekty/TrinityTrack6000/MainControlBoard/Infineon/XMC4200/Libraries/XMCLib/inc\xmc_usic.h ****  * @param  channel Pointer to USIC channel handler of type @ref XMC_USIC_CH_t \n
1017:D:/Projekty/TrinityTrack6000/MainControlBoard/Infineon/XMC4200/Libraries/XMCLib/inc\xmc_usic.h ****  * 				   \b Range: @ref XMC_USIC0_CH0, @ref XMC_USIC0_CH1 to @ref XMC_USIC2_CH1 based on device su
1018:D:/Projekty/TrinityTrack6000/MainControlBoard/Infineon/XMC4200/Libraries/XMCLib/inc\xmc_usic.h ****  * @param  input USIC channel input stage of type @ref XMC_USIC_CH_INPUT_t. \n
1019:D:/Projekty/TrinityTrack6000/MainControlBoard/Infineon/XMC4200/Libraries/XMCLib/inc\xmc_usic.h ****  * 				 \b Range: @ref XMC_USIC_CH_INPUT_DX0 to @ref XMC_USIC_CH_INPUT_DX5
1020:D:/Projekty/TrinityTrack6000/MainControlBoard/Infineon/XMC4200/Libraries/XMCLib/inc\xmc_usic.h ****  * @return None
1021:D:/Projekty/TrinityTrack6000/MainControlBoard/Infineon/XMC4200/Libraries/XMCLib/inc\xmc_usic.h ****  *
1022:D:/Projekty/TrinityTrack6000/MainControlBoard/Infineon/XMC4200/Libraries/XMCLib/inc\xmc_usic.h ****  * \par<b>Description</b><br>
1023:D:/Projekty/TrinityTrack6000/MainControlBoard/Infineon/XMC4200/Libraries/XMCLib/inc\xmc_usic.h ****  * Disables input synchronization for the USIC channel input data signal. \n\n
1024:D:/Projekty/TrinityTrack6000/MainControlBoard/Infineon/XMC4200/Libraries/XMCLib/inc\xmc_usic.h ****  * Input data signal from the selected multiplexer will not be synchronized.
1025:D:/Projekty/TrinityTrack6000/MainControlBoard/Infineon/XMC4200/Libraries/XMCLib/inc\xmc_usic.h ****  *
1026:D:/Projekty/TrinityTrack6000/MainControlBoard/Infineon/XMC4200/Libraries/XMCLib/inc\xmc_usic.h ****  * \par<b>Related APIs:</b><BR>
1027:D:/Projekty/TrinityTrack6000/MainControlBoard/Infineon/XMC4200/Libraries/XMCLib/inc\xmc_usic.h ****  * XMC_USIC_CH_EnableInputSync(), XMC_USIC_CH_DisableInputDigitalFilter() \n\n\n
1028:D:/Projekty/TrinityTrack6000/MainControlBoard/Infineon/XMC4200/Libraries/XMCLib/inc\xmc_usic.h ****  */
1029:D:/Projekty/TrinityTrack6000/MainControlBoard/Infineon/XMC4200/Libraries/XMCLib/inc\xmc_usic.h **** __STATIC_INLINE void XMC_USIC_CH_DisableInputSync(XMC_USIC_CH_t *const channel, const XMC_USIC_CH_I
1030:D:/Projekty/TrinityTrack6000/MainControlBoard/Infineon/XMC4200/Libraries/XMCLib/inc\xmc_usic.h **** {
1031:D:/Projekty/TrinityTrack6000/MainControlBoard/Infineon/XMC4200/Libraries/XMCLib/inc\xmc_usic.h ****   channel->DXCR[input] &= (uint32_t)~USIC_CH_DXCR_DSEN_Msk;
1032:D:/Projekty/TrinityTrack6000/MainControlBoard/Infineon/XMC4200/Libraries/XMCLib/inc\xmc_usic.h **** }
1033:D:/Projekty/TrinityTrack6000/MainControlBoard/Infineon/XMC4200/Libraries/XMCLib/inc\xmc_usic.h **** /**
1034:D:/Projekty/TrinityTrack6000/MainControlBoard/Infineon/XMC4200/Libraries/XMCLib/inc\xmc_usic.h ****  * @param  channel Pointer to USIC channel handler of type @ref XMC_USIC_CH_t \n
1035:D:/Projekty/TrinityTrack6000/MainControlBoard/Infineon/XMC4200/Libraries/XMCLib/inc\xmc_usic.h ****  * 				   \b Range: @ref XMC_USIC0_CH0, @ref XMC_USIC0_CH1 to @ref XMC_USIC2_CH1 based on device su
1036:D:/Projekty/TrinityTrack6000/MainControlBoard/Infineon/XMC4200/Libraries/XMCLib/inc\xmc_usic.h ****  * @param  input USIC channel input stage of type @ref XMC_USIC_CH_INPUT_t. \n
1037:D:/Projekty/TrinityTrack6000/MainControlBoard/Infineon/XMC4200/Libraries/XMCLib/inc\xmc_usic.h ****  * 				 \b Range: @ref XMC_USIC_CH_INPUT_DX0 to @ref XMC_USIC_CH_INPUT_DX5
1038:D:/Projekty/TrinityTrack6000/MainControlBoard/Infineon/XMC4200/Libraries/XMCLib/inc\xmc_usic.h ****  * @param  sampling_freq Sampling frequency value of type \a XMC_USIC_CH_INPUT_SAMPLING_FREQ_t.
1039:D:/Projekty/TrinityTrack6000/MainControlBoard/Infineon/XMC4200/Libraries/XMCLib/inc\xmc_usic.h ****  * @return None
1040:D:/Projekty/TrinityTrack6000/MainControlBoard/Infineon/XMC4200/Libraries/XMCLib/inc\xmc_usic.h ****  *
1041:D:/Projekty/TrinityTrack6000/MainControlBoard/Infineon/XMC4200/Libraries/XMCLib/inc\xmc_usic.h ****  * \par<b>Description</b><br>
1042:D:/Projekty/TrinityTrack6000/MainControlBoard/Infineon/XMC4200/Libraries/XMCLib/inc\xmc_usic.h ****  * Sets sampling frequency for USIC channel input data signal. \n\n
1043:D:/Projekty/TrinityTrack6000/MainControlBoard/Infineon/XMC4200/Libraries/XMCLib/inc\xmc_usic.h ****  *
1044:D:/Projekty/TrinityTrack6000/MainControlBoard/Infineon/XMC4200/Libraries/XMCLib/inc\xmc_usic.h ****  * \par<b>Related APIs:</b><BR>
1045:D:/Projekty/TrinityTrack6000/MainControlBoard/Infineon/XMC4200/Libraries/XMCLib/inc\xmc_usic.h ****  * XMC_USIC_CH_SetInputSource(), XMC_USIC_CH_EnableInputSync(), XMC_USIC_CH_EnableInputDigitalFilte
1046:D:/Projekty/TrinityTrack6000/MainControlBoard/Infineon/XMC4200/Libraries/XMCLib/inc\xmc_usic.h ****  */
1047:D:/Projekty/TrinityTrack6000/MainControlBoard/Infineon/XMC4200/Libraries/XMCLib/inc\xmc_usic.h **** __STATIC_INLINE void XMC_USIC_CH_SetInputSamplingFreq(XMC_USIC_CH_t *const channel,
1048:D:/Projekty/TrinityTrack6000/MainControlBoard/Infineon/XMC4200/Libraries/XMCLib/inc\xmc_usic.h ****     const XMC_USIC_CH_INPUT_t input,
1049:D:/Projekty/TrinityTrack6000/MainControlBoard/Infineon/XMC4200/Libraries/XMCLib/inc\xmc_usic.h ****     const XMC_USIC_CH_INPUT_SAMPLING_FREQ_t sampling_freq)
1050:D:/Projekty/TrinityTrack6000/MainControlBoard/Infineon/XMC4200/Libraries/XMCLib/inc\xmc_usic.h **** {
1051:D:/Projekty/TrinityTrack6000/MainControlBoard/Infineon/XMC4200/Libraries/XMCLib/inc\xmc_usic.h ****   channel->DXCR[input] = (uint32_t)(channel->DXCR[input] & (~USIC_CH_DXCR_SFSEL_Msk)) |
1052:D:/Projekty/TrinityTrack6000/MainControlBoard/Infineon/XMC4200/Libraries/XMCLib/inc\xmc_usic.h ****                          ((uint32_t)sampling_freq);
1053:D:/Projekty/TrinityTrack6000/MainControlBoard/Infineon/XMC4200/Libraries/XMCLib/inc\xmc_usic.h **** }
1054:D:/Projekty/TrinityTrack6000/MainControlBoard/Infineon/XMC4200/Libraries/XMCLib/inc\xmc_usic.h **** 
1055:D:/Projekty/TrinityTrack6000/MainControlBoard/Infineon/XMC4200/Libraries/XMCLib/inc\xmc_usic.h **** /**
1056:D:/Projekty/TrinityTrack6000/MainControlBoard/Infineon/XMC4200/Libraries/XMCLib/inc\xmc_usic.h ****  * @param  channel Pointer to USIC channel handler of type @ref XMC_USIC_CH_t \n
1057:D:/Projekty/TrinityTrack6000/MainControlBoard/Infineon/XMC4200/Libraries/XMCLib/inc\xmc_usic.h ****  * 				   \b Range: @ref XMC_USIC0_CH0, @ref XMC_USIC0_CH1 to @ref XMC_USIC2_CH1 based on device su
1058:D:/Projekty/TrinityTrack6000/MainControlBoard/Infineon/XMC4200/Libraries/XMCLib/inc\xmc_usic.h ****  * @param  input USIC channel input stage of type @ref XMC_USIC_CH_INPUT_t. \n
1059:D:/Projekty/TrinityTrack6000/MainControlBoard/Infineon/XMC4200/Libraries/XMCLib/inc\xmc_usic.h ****  * 				 \b Range: @ref XMC_USIC_CH_INPUT_DX0 to @ref XMC_USIC_CH_INPUT_DX5
1060:D:/Projekty/TrinityTrack6000/MainControlBoard/Infineon/XMC4200/Libraries/XMCLib/inc\xmc_usic.h ****  * @param  combination_mode Combination mode value of type \a XMC_USIC_CH_INPUT_COMBINATION_MODE_t.
1061:D:/Projekty/TrinityTrack6000/MainControlBoard/Infineon/XMC4200/Libraries/XMCLib/inc\xmc_usic.h ****  * @return None
1062:D:/Projekty/TrinityTrack6000/MainControlBoard/Infineon/XMC4200/Libraries/XMCLib/inc\xmc_usic.h ****  *
1063:D:/Projekty/TrinityTrack6000/MainControlBoard/Infineon/XMC4200/Libraries/XMCLib/inc\xmc_usic.h ****  * \par<b>Description</b><br>
1064:D:/Projekty/TrinityTrack6000/MainControlBoard/Infineon/XMC4200/Libraries/XMCLib/inc\xmc_usic.h ****  * Selects which edge of the synchronized signal DXnS activates the trigger output DXnT of the inpu
1065:D:/Projekty/TrinityTrack6000/MainControlBoard/Infineon/XMC4200/Libraries/XMCLib/inc\xmc_usic.h ****  *
1066:D:/Projekty/TrinityTrack6000/MainControlBoard/Infineon/XMC4200/Libraries/XMCLib/inc\xmc_usic.h ****  * \par<b>Related APIs:</b><BR>
1067:D:/Projekty/TrinityTrack6000/MainControlBoard/Infineon/XMC4200/Libraries/XMCLib/inc\xmc_usic.h ****  * XMC_USIC_CH_SetInputSource(), XMC_USIC_CH_EnableInputSync(), XMC_USIC_CH_EnableInputDigitalFilte
1068:D:/Projekty/TrinityTrack6000/MainControlBoard/Infineon/XMC4200/Libraries/XMCLib/inc\xmc_usic.h ****  */
1069:D:/Projekty/TrinityTrack6000/MainControlBoard/Infineon/XMC4200/Libraries/XMCLib/inc\xmc_usic.h **** __STATIC_INLINE void XMC_USIC_CH_SetInputTriggerCombinationMode(XMC_USIC_CH_t *const channel,
1070:D:/Projekty/TrinityTrack6000/MainControlBoard/Infineon/XMC4200/Libraries/XMCLib/inc\xmc_usic.h ****     const XMC_USIC_CH_INPUT_t input,
1071:D:/Projekty/TrinityTrack6000/MainControlBoard/Infineon/XMC4200/Libraries/XMCLib/inc\xmc_usic.h ****     const XMC_USIC_CH_INPUT_COMBINATION_MODE_t combination_mode)
1072:D:/Projekty/TrinityTrack6000/MainControlBoard/Infineon/XMC4200/Libraries/XMCLib/inc\xmc_usic.h **** {
1073:D:/Projekty/TrinityTrack6000/MainControlBoard/Infineon/XMC4200/Libraries/XMCLib/inc\xmc_usic.h ****   channel->DXCR[input] = (uint32_t)(channel->DXCR[input] & (~USIC_CH_DXCR_CM_Msk)) |
1074:D:/Projekty/TrinityTrack6000/MainControlBoard/Infineon/XMC4200/Libraries/XMCLib/inc\xmc_usic.h ****                          ((uint32_t)combination_mode << USIC_CH_DXCR_CM_Pos);
1075:D:/Projekty/TrinityTrack6000/MainControlBoard/Infineon/XMC4200/Libraries/XMCLib/inc\xmc_usic.h **** }
1076:D:/Projekty/TrinityTrack6000/MainControlBoard/Infineon/XMC4200/Libraries/XMCLib/inc\xmc_usic.h **** 
1077:D:/Projekty/TrinityTrack6000/MainControlBoard/Infineon/XMC4200/Libraries/XMCLib/inc\xmc_usic.h **** /**
1078:D:/Projekty/TrinityTrack6000/MainControlBoard/Infineon/XMC4200/Libraries/XMCLib/inc\xmc_usic.h ****  * @param  channel Pointer to USIC channel handler of type @ref XMC_USIC_CH_t \n
1079:D:/Projekty/TrinityTrack6000/MainControlBoard/Infineon/XMC4200/Libraries/XMCLib/inc\xmc_usic.h ****  * 				   \b Range: @ref XMC_USIC0_CH0, @ref XMC_USIC0_CH1 to @ref XMC_USIC2_CH1 based on device su
1080:D:/Projekty/TrinityTrack6000/MainControlBoard/Infineon/XMC4200/Libraries/XMCLib/inc\xmc_usic.h ****  * @param  clock_source clock source for the BRG.
1081:D:/Projekty/TrinityTrack6000/MainControlBoard/Infineon/XMC4200/Libraries/XMCLib/inc\xmc_usic.h ****  * @return None
1082:D:/Projekty/TrinityTrack6000/MainControlBoard/Infineon/XMC4200/Libraries/XMCLib/inc\xmc_usic.h ****  *
1083:D:/Projekty/TrinityTrack6000/MainControlBoard/Infineon/XMC4200/Libraries/XMCLib/inc\xmc_usic.h ****  * \par<b>Description</b><br>
1084:D:/Projekty/TrinityTrack6000/MainControlBoard/Infineon/XMC4200/Libraries/XMCLib/inc\xmc_usic.h ****  * Sets the clock source for the BRG. \n\n
1085:D:/Projekty/TrinityTrack6000/MainControlBoard/Infineon/XMC4200/Libraries/XMCLib/inc\xmc_usic.h ****  *
1086:D:/Projekty/TrinityTrack6000/MainControlBoard/Infineon/XMC4200/Libraries/XMCLib/inc\xmc_usic.h ****  * \par<b>Related APIs:</b><BR>
1087:D:/Projekty/TrinityTrack6000/MainControlBoard/Infineon/XMC4200/Libraries/XMCLib/inc\xmc_usic.h ****  * XMC_USIC_CH_SetInputTriggerCombinationMode(), XMC_USIC_CH_SetExternalClockBRGDivider()\n\n\n
1088:D:/Projekty/TrinityTrack6000/MainControlBoard/Infineon/XMC4200/Libraries/XMCLib/inc\xmc_usic.h ****  */
1089:D:/Projekty/TrinityTrack6000/MainControlBoard/Infineon/XMC4200/Libraries/XMCLib/inc\xmc_usic.h **** __STATIC_INLINE void XMC_USIC_CH_SetBRGInputClockSource(XMC_USIC_CH_t *const channel, const XMC_USI
1090:D:/Projekty/TrinityTrack6000/MainControlBoard/Infineon/XMC4200/Libraries/XMCLib/inc\xmc_usic.h **** {
1091:D:/Projekty/TrinityTrack6000/MainControlBoard/Infineon/XMC4200/Libraries/XMCLib/inc\xmc_usic.h ****   channel->BRG = (uint32_t)(channel->BRG & (~USIC_CH_BRG_CLKSEL_Msk)) | (uint32_t)(clock_source);
1092:D:/Projekty/TrinityTrack6000/MainControlBoard/Infineon/XMC4200/Libraries/XMCLib/inc\xmc_usic.h **** }
1093:D:/Projekty/TrinityTrack6000/MainControlBoard/Infineon/XMC4200/Libraries/XMCLib/inc\xmc_usic.h **** 
1094:D:/Projekty/TrinityTrack6000/MainControlBoard/Infineon/XMC4200/Libraries/XMCLib/inc\xmc_usic.h **** /**
1095:D:/Projekty/TrinityTrack6000/MainControlBoard/Infineon/XMC4200/Libraries/XMCLib/inc\xmc_usic.h ****  * @param channel Pointer to USIC channel handler of type @ref XMC_USIC_CH_t \n
1096:D:/Projekty/TrinityTrack6000/MainControlBoard/Infineon/XMC4200/Libraries/XMCLib/inc\xmc_usic.h ****  * 				   \b Range: @ref XMC_USIC0_CH0, @ref XMC_USIC0_CH1 to @ref XMC_USIC2_CH1 based on device su
1097:D:/Projekty/TrinityTrack6000/MainControlBoard/Infineon/XMC4200/Libraries/XMCLib/inc\xmc_usic.h ****  * @param data Data to be transmitted. \n
1098:D:/Projekty/TrinityTrack6000/MainControlBoard/Infineon/XMC4200/Libraries/XMCLib/inc\xmc_usic.h ****  *           \b Range: 16bit unsigned data. minimum= 0, maximum= 65535
1099:D:/Projekty/TrinityTrack6000/MainControlBoard/Infineon/XMC4200/Libraries/XMCLib/inc\xmc_usic.h ****  * @return None
1100:D:/Projekty/TrinityTrack6000/MainControlBoard/Infineon/XMC4200/Libraries/XMCLib/inc\xmc_usic.h ****  *
1101:D:/Projekty/TrinityTrack6000/MainControlBoard/Infineon/XMC4200/Libraries/XMCLib/inc\xmc_usic.h ****  * \par<b>Description</b><br>
1102:D:/Projekty/TrinityTrack6000/MainControlBoard/Infineon/XMC4200/Libraries/XMCLib/inc\xmc_usic.h ****  * Writes data into the transmit buffer. \n\n
1103:D:/Projekty/TrinityTrack6000/MainControlBoard/Infineon/XMC4200/Libraries/XMCLib/inc\xmc_usic.h ****  * The data provided is placed in TBUF[0U].
1104:D:/Projekty/TrinityTrack6000/MainControlBoard/Infineon/XMC4200/Libraries/XMCLib/inc\xmc_usic.h ****  *
1105:D:/Projekty/TrinityTrack6000/MainControlBoard/Infineon/XMC4200/Libraries/XMCLib/inc\xmc_usic.h ****  *
1106:D:/Projekty/TrinityTrack6000/MainControlBoard/Infineon/XMC4200/Libraries/XMCLib/inc\xmc_usic.h ****  * \par<b>Related APIs:</b><BR>
1107:D:/Projekty/TrinityTrack6000/MainControlBoard/Infineon/XMC4200/Libraries/XMCLib/inc\xmc_usic.h ****  * XMC_USIC_CH_WriteToTBUFTCI() \n\n\n
1108:D:/Projekty/TrinityTrack6000/MainControlBoard/Infineon/XMC4200/Libraries/XMCLib/inc\xmc_usic.h ****  */
1109:D:/Projekty/TrinityTrack6000/MainControlBoard/Infineon/XMC4200/Libraries/XMCLib/inc\xmc_usic.h **** __STATIC_INLINE void XMC_USIC_CH_WriteToTBUF(XMC_USIC_CH_t *const channel, const uint16_t data)
1110:D:/Projekty/TrinityTrack6000/MainControlBoard/Infineon/XMC4200/Libraries/XMCLib/inc\xmc_usic.h **** {
1111:D:/Projekty/TrinityTrack6000/MainControlBoard/Infineon/XMC4200/Libraries/XMCLib/inc\xmc_usic.h ****   channel->TBUF[0U] = data;
1112:D:/Projekty/TrinityTrack6000/MainControlBoard/Infineon/XMC4200/Libraries/XMCLib/inc\xmc_usic.h **** }
1113:D:/Projekty/TrinityTrack6000/MainControlBoard/Infineon/XMC4200/Libraries/XMCLib/inc\xmc_usic.h **** 
1114:D:/Projekty/TrinityTrack6000/MainControlBoard/Infineon/XMC4200/Libraries/XMCLib/inc\xmc_usic.h **** /**
1115:D:/Projekty/TrinityTrack6000/MainControlBoard/Infineon/XMC4200/Libraries/XMCLib/inc\xmc_usic.h ****  * @param channel Pointer to USIC channel handler of type @ref XMC_USIC_CH_t \n
1116:D:/Projekty/TrinityTrack6000/MainControlBoard/Infineon/XMC4200/Libraries/XMCLib/inc\xmc_usic.h ****  * 				   \b Range: @ref XMC_USIC0_CH0, @ref XMC_USIC0_CH1 to @ref XMC_USIC2_CH1 based on device su
1117:D:/Projekty/TrinityTrack6000/MainControlBoard/Infineon/XMC4200/Libraries/XMCLib/inc\xmc_usic.h ****  * @param data Data to be transmitted.
1118:D:/Projekty/TrinityTrack6000/MainControlBoard/Infineon/XMC4200/Libraries/XMCLib/inc\xmc_usic.h ****  * @param transmit_control_information transmit control information to be configured while transmit
1119:D:/Projekty/TrinityTrack6000/MainControlBoard/Infineon/XMC4200/Libraries/XMCLib/inc\xmc_usic.h ****  * 			\b Range: minimum= 0, maximum= 31.
1120:D:/Projekty/TrinityTrack6000/MainControlBoard/Infineon/XMC4200/Libraries/XMCLib/inc\xmc_usic.h ****  * @return None
1121:D:/Projekty/TrinityTrack6000/MainControlBoard/Infineon/XMC4200/Libraries/XMCLib/inc\xmc_usic.h ****  *
1122:D:/Projekty/TrinityTrack6000/MainControlBoard/Infineon/XMC4200/Libraries/XMCLib/inc\xmc_usic.h ****  * \par<b>Description</b><br>
1123:D:/Projekty/TrinityTrack6000/MainControlBoard/Infineon/XMC4200/Libraries/XMCLib/inc\xmc_usic.h ****  * Writes data to the transmit buffer in a control mode. \n\n
1124:D:/Projekty/TrinityTrack6000/MainControlBoard/Infineon/XMC4200/Libraries/XMCLib/inc\xmc_usic.h ****  * When the respective control mode is enabled , this API can be used.
1125:D:/Projekty/TrinityTrack6000/MainControlBoard/Infineon/XMC4200/Libraries/XMCLib/inc\xmc_usic.h ****  *
1126:D:/Projekty/TrinityTrack6000/MainControlBoard/Infineon/XMC4200/Libraries/XMCLib/inc\xmc_usic.h ****  *
1127:D:/Projekty/TrinityTrack6000/MainControlBoard/Infineon/XMC4200/Libraries/XMCLib/inc\xmc_usic.h ****  * \par<b>Related APIs:</b><BR>
1128:D:/Projekty/TrinityTrack6000/MainControlBoard/Infineon/XMC4200/Libraries/XMCLib/inc\xmc_usic.h ****  * XMC_USIC_CH_WriteToTBUF() \n\n\n
1129:D:/Projekty/TrinityTrack6000/MainControlBoard/Infineon/XMC4200/Libraries/XMCLib/inc\xmc_usic.h ****  */
1130:D:/Projekty/TrinityTrack6000/MainControlBoard/Infineon/XMC4200/Libraries/XMCLib/inc\xmc_usic.h **** __STATIC_INLINE void XMC_USIC_CH_WriteToTBUFTCI(XMC_USIC_CH_t *const channel,
1131:D:/Projekty/TrinityTrack6000/MainControlBoard/Infineon/XMC4200/Libraries/XMCLib/inc\xmc_usic.h ****     const uint16_t data,
1132:D:/Projekty/TrinityTrack6000/MainControlBoard/Infineon/XMC4200/Libraries/XMCLib/inc\xmc_usic.h ****     const uint32_t transmit_control_information)
1133:D:/Projekty/TrinityTrack6000/MainControlBoard/Infineon/XMC4200/Libraries/XMCLib/inc\xmc_usic.h **** {
1134:D:/Projekty/TrinityTrack6000/MainControlBoard/Infineon/XMC4200/Libraries/XMCLib/inc\xmc_usic.h ****   channel->TBUF[transmit_control_information] = data;
1135:D:/Projekty/TrinityTrack6000/MainControlBoard/Infineon/XMC4200/Libraries/XMCLib/inc\xmc_usic.h **** }
1136:D:/Projekty/TrinityTrack6000/MainControlBoard/Infineon/XMC4200/Libraries/XMCLib/inc\xmc_usic.h **** 
1137:D:/Projekty/TrinityTrack6000/MainControlBoard/Infineon/XMC4200/Libraries/XMCLib/inc\xmc_usic.h **** /**
1138:D:/Projekty/TrinityTrack6000/MainControlBoard/Infineon/XMC4200/Libraries/XMCLib/inc\xmc_usic.h ****  * @param  channel Pointer to USIC channel handler of type @ref XMC_USIC_CH_t \n
1139:D:/Projekty/TrinityTrack6000/MainControlBoard/Infineon/XMC4200/Libraries/XMCLib/inc\xmc_usic.h ****  * 				   \b Range: @ref XMC_USIC0_CH0, @ref XMC_USIC0_CH1 to @ref XMC_USIC2_CH1 based on device su
1140:D:/Projekty/TrinityTrack6000/MainControlBoard/Infineon/XMC4200/Libraries/XMCLib/inc\xmc_usic.h ****  * @param  word_length Number of bits to be configured for a data word. \n
1141:D:/Projekty/TrinityTrack6000/MainControlBoard/Infineon/XMC4200/Libraries/XMCLib/inc\xmc_usic.h ****  * 					   \b Range: minimum= 1, maximum= 16. \n
1142:D:/Projekty/TrinityTrack6000/MainControlBoard/Infineon/XMC4200/Libraries/XMCLib/inc\xmc_usic.h ****  * 					   e.g: For word length of 8, \a word_length should be provided as 8.
1143:D:/Projekty/TrinityTrack6000/MainControlBoard/Infineon/XMC4200/Libraries/XMCLib/inc\xmc_usic.h ****  * @return None
1144:D:/Projekty/TrinityTrack6000/MainControlBoard/Infineon/XMC4200/Libraries/XMCLib/inc\xmc_usic.h ****  *
1145:D:/Projekty/TrinityTrack6000/MainControlBoard/Infineon/XMC4200/Libraries/XMCLib/inc\xmc_usic.h ****  * \par<b>Description</b><br>
1146:D:/Projekty/TrinityTrack6000/MainControlBoard/Infineon/XMC4200/Libraries/XMCLib/inc\xmc_usic.h ****  * Sets the data word length in number of bits. \n\n
1147:D:/Projekty/TrinityTrack6000/MainControlBoard/Infineon/XMC4200/Libraries/XMCLib/inc\xmc_usic.h ****  * Sets the number of bits to represent a data word. Frame length should be a multiple of word leng
1148:D:/Projekty/TrinityTrack6000/MainControlBoard/Infineon/XMC4200/Libraries/XMCLib/inc\xmc_usic.h ****  *
1149:D:/Projekty/TrinityTrack6000/MainControlBoard/Infineon/XMC4200/Libraries/XMCLib/inc\xmc_usic.h ****  * \par<b>Related APIs:</b><BR>
1150:D:/Projekty/TrinityTrack6000/MainControlBoard/Infineon/XMC4200/Libraries/XMCLib/inc\xmc_usic.h ****  * XMC_USIC_CH_SetFrameLength()\n\n\n
1151:D:/Projekty/TrinityTrack6000/MainControlBoard/Infineon/XMC4200/Libraries/XMCLib/inc\xmc_usic.h ****  */
1152:D:/Projekty/TrinityTrack6000/MainControlBoard/Infineon/XMC4200/Libraries/XMCLib/inc\xmc_usic.h **** __STATIC_INLINE void XMC_USIC_CH_SetWordLength(XMC_USIC_CH_t *const channel, const uint8_t word_len
1153:D:/Projekty/TrinityTrack6000/MainControlBoard/Infineon/XMC4200/Libraries/XMCLib/inc\xmc_usic.h **** {
 405              	 .loc 2 1153 0
 406              	 .cfi_startproc
 407              	 
 408              	 
 409              	 
 410 0000 80B4     	 push {r7}
 411              	.LCFI34:
 412              	 .cfi_def_cfa_offset 4
 413              	 .cfi_offset 7,-4
 414 0002 83B0     	 sub sp,sp,#12
 415              	.LCFI35:
 416              	 .cfi_def_cfa_offset 16
 417 0004 00AF     	 add r7,sp,#0
 418              	.LCFI36:
 419              	 .cfi_def_cfa_register 7
 420 0006 7860     	 str r0,[r7,#4]
 421 0008 0B46     	 mov r3,r1
 422 000a FB70     	 strb r3,[r7,#3]
1154:D:/Projekty/TrinityTrack6000/MainControlBoard/Infineon/XMC4200/Libraries/XMCLib/inc\xmc_usic.h ****   channel->SCTR = (uint32_t)(channel->SCTR & (~USIC_CH_SCTR_WLE_Msk)) |
 423              	 .loc 2 1154 0
 424 000c 7B68     	 ldr r3,[r7,#4]
 425 000e 5B6B     	 ldr r3,[r3,#52]
 426 0010 23F07062 	 bic r2,r3,#251658240
1155:D:/Projekty/TrinityTrack6000/MainControlBoard/Infineon/XMC4200/Libraries/XMCLib/inc\xmc_usic.h ****                   (uint32_t)(((uint32_t)word_length - 1UL)  << USIC_CH_SCTR_WLE_Pos);
 427              	 .loc 2 1155 0
 428 0014 FB78     	 ldrb r3,[r7,#3]
 429 0016 013B     	 subs r3,r3,#1
 430 0018 1B06     	 lsls r3,r3,#24
1154:D:/Projekty/TrinityTrack6000/MainControlBoard/Infineon/XMC4200/Libraries/XMCLib/inc\xmc_usic.h ****   channel->SCTR = (uint32_t)(channel->SCTR & (~USIC_CH_SCTR_WLE_Msk)) |
 431              	 .loc 2 1154 0
 432 001a 1A43     	 orrs r2,r2,r3
 433 001c 7B68     	 ldr r3,[r7,#4]
 434 001e 5A63     	 str r2,[r3,#52]
1156:D:/Projekty/TrinityTrack6000/MainControlBoard/Infineon/XMC4200/Libraries/XMCLib/inc\xmc_usic.h **** }
 435              	 .loc 2 1156 0
 436 0020 0C37     	 adds r7,r7,#12
 437              	.LCFI37:
 438              	 .cfi_def_cfa_offset 4
 439 0022 BD46     	 mov sp,r7
 440              	.LCFI38:
 441              	 .cfi_def_cfa_register 13
 442              	 
 443 0024 5DF8047B 	 ldr r7,[sp],#4
 444              	.LCFI39:
 445              	 .cfi_restore 7
 446              	 .cfi_def_cfa_offset 0
 447 0028 7047     	 bx lr
 448              	 .cfi_endproc
 449              	.LFE198:
 451 002a 00BF     	 .section .text.XMC_USIC_CH_SetFrameLength,"ax",%progbits
 452              	 .align 2
 453              	 .thumb
 454              	 .thumb_func
 456              	XMC_USIC_CH_SetFrameLength:
 457              	.LFB202:
1157:D:/Projekty/TrinityTrack6000/MainControlBoard/Infineon/XMC4200/Libraries/XMCLib/inc\xmc_usic.h **** 
1158:D:/Projekty/TrinityTrack6000/MainControlBoard/Infineon/XMC4200/Libraries/XMCLib/inc\xmc_usic.h **** /**
1159:D:/Projekty/TrinityTrack6000/MainControlBoard/Infineon/XMC4200/Libraries/XMCLib/inc\xmc_usic.h ****  * @param  channel Pointer to USIC channel handler of type @ref XMC_USIC_CH_t \n
1160:D:/Projekty/TrinityTrack6000/MainControlBoard/Infineon/XMC4200/Libraries/XMCLib/inc\xmc_usic.h ****  *           \b Range: @ref XMC_USIC0_CH0, @ref XMC_USIC0_CH1 to @ref XMC_USIC2_CH1 based on device
1161:D:/Projekty/TrinityTrack6000/MainControlBoard/Infineon/XMC4200/Libraries/XMCLib/inc\xmc_usic.h ****  * @param  word_length Number of bits to be configured for a data word. \n
1162:D:/Projekty/TrinityTrack6000/MainControlBoard/Infineon/XMC4200/Libraries/XMCLib/inc\xmc_usic.h ****  *             \b Range: minimum= 1, maximum= 16. \n
1163:D:/Projekty/TrinityTrack6000/MainControlBoard/Infineon/XMC4200/Libraries/XMCLib/inc\xmc_usic.h ****  *             e.g: For word length of 8, \a word_length should be provided as 8.
1164:D:/Projekty/TrinityTrack6000/MainControlBoard/Infineon/XMC4200/Libraries/XMCLib/inc\xmc_usic.h ****  * @return None
1165:D:/Projekty/TrinityTrack6000/MainControlBoard/Infineon/XMC4200/Libraries/XMCLib/inc\xmc_usic.h ****  *
1166:D:/Projekty/TrinityTrack6000/MainControlBoard/Infineon/XMC4200/Libraries/XMCLib/inc\xmc_usic.h ****  * \par<b>Description</b><br>
1167:D:/Projekty/TrinityTrack6000/MainControlBoard/Infineon/XMC4200/Libraries/XMCLib/inc\xmc_usic.h ****  * Sets the data word length in number of bits. \n\n
1168:D:/Projekty/TrinityTrack6000/MainControlBoard/Infineon/XMC4200/Libraries/XMCLib/inc\xmc_usic.h ****  * Sets the number of bits to represent a data word. Frame length should be a multiple of word leng
1169:D:/Projekty/TrinityTrack6000/MainControlBoard/Infineon/XMC4200/Libraries/XMCLib/inc\xmc_usic.h ****  *
1170:D:/Projekty/TrinityTrack6000/MainControlBoard/Infineon/XMC4200/Libraries/XMCLib/inc\xmc_usic.h ****  * \par<b>Related APIs:</b><BR>
1171:D:/Projekty/TrinityTrack6000/MainControlBoard/Infineon/XMC4200/Libraries/XMCLib/inc\xmc_usic.h ****  * XMC_USIC_CH_SetFrameLength()\n\n\n
1172:D:/Projekty/TrinityTrack6000/MainControlBoard/Infineon/XMC4200/Libraries/XMCLib/inc\xmc_usic.h ****  */
1173:D:/Projekty/TrinityTrack6000/MainControlBoard/Infineon/XMC4200/Libraries/XMCLib/inc\xmc_usic.h **** __STATIC_INLINE void XMC_USIC_CH_SetShiftDirection(XMC_USIC_CH_t *const channel, const XMC_USIC_CH_
1174:D:/Projekty/TrinityTrack6000/MainControlBoard/Infineon/XMC4200/Libraries/XMCLib/inc\xmc_usic.h **** {
1175:D:/Projekty/TrinityTrack6000/MainControlBoard/Infineon/XMC4200/Libraries/XMCLib/inc\xmc_usic.h ****   channel->SCTR = (uint32_t)(channel->SCTR & (~USIC_CH_SCTR_SDIR_Msk)) | (uint32_t)shift_direction;
1176:D:/Projekty/TrinityTrack6000/MainControlBoard/Infineon/XMC4200/Libraries/XMCLib/inc\xmc_usic.h **** }
1177:D:/Projekty/TrinityTrack6000/MainControlBoard/Infineon/XMC4200/Libraries/XMCLib/inc\xmc_usic.h **** 
1178:D:/Projekty/TrinityTrack6000/MainControlBoard/Infineon/XMC4200/Libraries/XMCLib/inc\xmc_usic.h **** 
1179:D:/Projekty/TrinityTrack6000/MainControlBoard/Infineon/XMC4200/Libraries/XMCLib/inc\xmc_usic.h **** /**
1180:D:/Projekty/TrinityTrack6000/MainControlBoard/Infineon/XMC4200/Libraries/XMCLib/inc\xmc_usic.h ****  * @param  channel Pointer to USIC channel handler of type @ref XMC_USIC_CH_t \n
1181:D:/Projekty/TrinityTrack6000/MainControlBoard/Infineon/XMC4200/Libraries/XMCLib/inc\xmc_usic.h ****  *           \b Range: @ref XMC_USIC0_CH0, @ref XMC_USIC0_CH1 to @ref XMC_USIC2_CH1 based on device
1182:D:/Projekty/TrinityTrack6000/MainControlBoard/Infineon/XMC4200/Libraries/XMCLib/inc\xmc_usic.h ****  * @return Captured counter value
1183:D:/Projekty/TrinityTrack6000/MainControlBoard/Infineon/XMC4200/Libraries/XMCLib/inc\xmc_usic.h ****  *
1184:D:/Projekty/TrinityTrack6000/MainControlBoard/Infineon/XMC4200/Libraries/XMCLib/inc\xmc_usic.h ****  *
1185:D:/Projekty/TrinityTrack6000/MainControlBoard/Infineon/XMC4200/Libraries/XMCLib/inc\xmc_usic.h ****  * \par<b>Description</b><br>
1186:D:/Projekty/TrinityTrack6000/MainControlBoard/Infineon/XMC4200/Libraries/XMCLib/inc\xmc_usic.h ****  * The value of the counter is captured if one of the trigger signals DX0T or DX1T are activated by
1187:D:/Projekty/TrinityTrack6000/MainControlBoard/Infineon/XMC4200/Libraries/XMCLib/inc\xmc_usic.h ****  */
1188:D:/Projekty/TrinityTrack6000/MainControlBoard/Infineon/XMC4200/Libraries/XMCLib/inc\xmc_usic.h **** __STATIC_INLINE uint32_t XMC_USIC_CH_GetCaptureTimerValue(const XMC_USIC_CH_t *const channel)
1189:D:/Projekty/TrinityTrack6000/MainControlBoard/Infineon/XMC4200/Libraries/XMCLib/inc\xmc_usic.h **** {
1190:D:/Projekty/TrinityTrack6000/MainControlBoard/Infineon/XMC4200/Libraries/XMCLib/inc\xmc_usic.h ****   return channel->CMTR;
1191:D:/Projekty/TrinityTrack6000/MainControlBoard/Infineon/XMC4200/Libraries/XMCLib/inc\xmc_usic.h **** }
1192:D:/Projekty/TrinityTrack6000/MainControlBoard/Infineon/XMC4200/Libraries/XMCLib/inc\xmc_usic.h **** 
1193:D:/Projekty/TrinityTrack6000/MainControlBoard/Infineon/XMC4200/Libraries/XMCLib/inc\xmc_usic.h **** /**
1194:D:/Projekty/TrinityTrack6000/MainControlBoard/Infineon/XMC4200/Libraries/XMCLib/inc\xmc_usic.h ****  * @param  channel Pointer to USIC channel handler of type @ref XMC_USIC_CH_t \n
1195:D:/Projekty/TrinityTrack6000/MainControlBoard/Infineon/XMC4200/Libraries/XMCLib/inc\xmc_usic.h ****  *           \b Range: @ref XMC_USIC0_CH0, @ref XMC_USIC0_CH1 to @ref XMC_USIC2_CH1 based on device
1196:D:/Projekty/TrinityTrack6000/MainControlBoard/Infineon/XMC4200/Libraries/XMCLib/inc\xmc_usic.h ****  * @param  mode divider mode ::XMC_USIC_CH_BRG_CLOCK_DIVIDER_MODE_t \n
1197:D:/Projekty/TrinityTrack6000/MainControlBoard/Infineon/XMC4200/Libraries/XMCLib/inc\xmc_usic.h ****  * @param  step divider \n
1198:D:/Projekty/TrinityTrack6000/MainControlBoard/Infineon/XMC4200/Libraries/XMCLib/inc\xmc_usic.h ****  *             \b XMC_USIC_CH_BRG_CLOCK_DIVIDER_MODE_NORMAL resulting divider = 1023 - step \n
1199:D:/Projekty/TrinityTrack6000/MainControlBoard/Infineon/XMC4200/Libraries/XMCLib/inc\xmc_usic.h ****  *             \b XMC_USIC_CH_BRG_CLOCK_DIVIDER_MODE_FRACTIONAL resulting divider = 1023 / step \n
1200:D:/Projekty/TrinityTrack6000/MainControlBoard/Infineon/XMC4200/Libraries/XMCLib/inc\xmc_usic.h ****  *
1201:D:/Projekty/TrinityTrack6000/MainControlBoard/Infineon/XMC4200/Libraries/XMCLib/inc\xmc_usic.h ****  * @return None
1202:D:/Projekty/TrinityTrack6000/MainControlBoard/Infineon/XMC4200/Libraries/XMCLib/inc\xmc_usic.h ****  *
1203:D:/Projekty/TrinityTrack6000/MainControlBoard/Infineon/XMC4200/Libraries/XMCLib/inc\xmc_usic.h ****  * \par<b>Description</b><br>
1204:D:/Projekty/TrinityTrack6000/MainControlBoard/Infineon/XMC4200/Libraries/XMCLib/inc\xmc_usic.h ****  * The fractional divider generates its output frequency fFD by either dividing the input frequency
1205:D:/Projekty/TrinityTrack6000/MainControlBoard/Infineon/XMC4200/Libraries/XMCLib/inc\xmc_usic.h ****  *
1206:D:/Projekty/TrinityTrack6000/MainControlBoard/Infineon/XMC4200/Libraries/XMCLib/inc\xmc_usic.h ****  */
1207:D:/Projekty/TrinityTrack6000/MainControlBoard/Infineon/XMC4200/Libraries/XMCLib/inc\xmc_usic.h **** __STATIC_INLINE void XMC_USIC_CH_SetFractionalDivider(XMC_USIC_CH_t *const channel, const XMC_USIC_
1208:D:/Projekty/TrinityTrack6000/MainControlBoard/Infineon/XMC4200/Libraries/XMCLib/inc\xmc_usic.h **** {
1209:D:/Projekty/TrinityTrack6000/MainControlBoard/Infineon/XMC4200/Libraries/XMCLib/inc\xmc_usic.h ****   channel->FDR = mode | step;
1210:D:/Projekty/TrinityTrack6000/MainControlBoard/Infineon/XMC4200/Libraries/XMCLib/inc\xmc_usic.h **** }
1211:D:/Projekty/TrinityTrack6000/MainControlBoard/Infineon/XMC4200/Libraries/XMCLib/inc\xmc_usic.h **** 
1212:D:/Projekty/TrinityTrack6000/MainControlBoard/Infineon/XMC4200/Libraries/XMCLib/inc\xmc_usic.h **** /**
1213:D:/Projekty/TrinityTrack6000/MainControlBoard/Infineon/XMC4200/Libraries/XMCLib/inc\xmc_usic.h ****  * @param  channel Pointer to USIC channel handler of type @ref XMC_USIC_CH_t \n
1214:D:/Projekty/TrinityTrack6000/MainControlBoard/Infineon/XMC4200/Libraries/XMCLib/inc\xmc_usic.h ****  * 				   \b Range: @ref XMC_USIC0_CH0, @ref XMC_USIC0_CH1 to @ref XMC_USIC2_CH1 based on device su
1215:D:/Projekty/TrinityTrack6000/MainControlBoard/Infineon/XMC4200/Libraries/XMCLib/inc\xmc_usic.h ****  * @param  frame_length Number of bits in a frame. \n
1216:D:/Projekty/TrinityTrack6000/MainControlBoard/Infineon/XMC4200/Libraries/XMCLib/inc\xmc_usic.h ****  * 						\b Range: minimum= 1, maximum= 0x3f. The maximum value for fixed frame size is 0x3f. \n
1217:D:/Projekty/TrinityTrack6000/MainControlBoard/Infineon/XMC4200/Libraries/XMCLib/inc\xmc_usic.h ****  * 						e.g: For a frame length of 16, \a frame_length should be provided as 16.
1218:D:/Projekty/TrinityTrack6000/MainControlBoard/Infineon/XMC4200/Libraries/XMCLib/inc\xmc_usic.h ****  * @return None
1219:D:/Projekty/TrinityTrack6000/MainControlBoard/Infineon/XMC4200/Libraries/XMCLib/inc\xmc_usic.h ****  *
1220:D:/Projekty/TrinityTrack6000/MainControlBoard/Infineon/XMC4200/Libraries/XMCLib/inc\xmc_usic.h ****  * \par<b>Description</b><br>
1221:D:/Projekty/TrinityTrack6000/MainControlBoard/Infineon/XMC4200/Libraries/XMCLib/inc\xmc_usic.h ****  * Define the data frame length.\n\n
1222:D:/Projekty/TrinityTrack6000/MainControlBoard/Infineon/XMC4200/Libraries/XMCLib/inc\xmc_usic.h ****  * Set the number of bits to be serially transmitted in a frame.
1223:D:/Projekty/TrinityTrack6000/MainControlBoard/Infineon/XMC4200/Libraries/XMCLib/inc\xmc_usic.h ****  * The frame length should be multiples of word length. If the value is set to 0x40, the frame leng
1224:D:/Projekty/TrinityTrack6000/MainControlBoard/Infineon/XMC4200/Libraries/XMCLib/inc\xmc_usic.h ****  * has to be controlled explicitly.
1225:D:/Projekty/TrinityTrack6000/MainControlBoard/Infineon/XMC4200/Libraries/XMCLib/inc\xmc_usic.h ****  *
1226:D:/Projekty/TrinityTrack6000/MainControlBoard/Infineon/XMC4200/Libraries/XMCLib/inc\xmc_usic.h ****  * \par<b>Related APIs:</b><BR>
1227:D:/Projekty/TrinityTrack6000/MainControlBoard/Infineon/XMC4200/Libraries/XMCLib/inc\xmc_usic.h ****  * XMC_USIC_CH_SetWordLength(), XMC_USIC_CH_EnableFrameLengthControl() \n\n\n
1228:D:/Projekty/TrinityTrack6000/MainControlBoard/Infineon/XMC4200/Libraries/XMCLib/inc\xmc_usic.h ****  */
1229:D:/Projekty/TrinityTrack6000/MainControlBoard/Infineon/XMC4200/Libraries/XMCLib/inc\xmc_usic.h **** __STATIC_INLINE void XMC_USIC_CH_SetFrameLength(XMC_USIC_CH_t *const channel, const uint8_t frame_l
1230:D:/Projekty/TrinityTrack6000/MainControlBoard/Infineon/XMC4200/Libraries/XMCLib/inc\xmc_usic.h **** {
 458              	 .loc 2 1230 0
 459              	 .cfi_startproc
 460              	 
 461              	 
 462              	 
 463 0000 80B4     	 push {r7}
 464              	.LCFI40:
 465              	 .cfi_def_cfa_offset 4
 466              	 .cfi_offset 7,-4
 467 0002 83B0     	 sub sp,sp,#12
 468              	.LCFI41:
 469              	 .cfi_def_cfa_offset 16
 470 0004 00AF     	 add r7,sp,#0
 471              	.LCFI42:
 472              	 .cfi_def_cfa_register 7
 473 0006 7860     	 str r0,[r7,#4]
 474 0008 0B46     	 mov r3,r1
 475 000a FB70     	 strb r3,[r7,#3]
1231:D:/Projekty/TrinityTrack6000/MainControlBoard/Infineon/XMC4200/Libraries/XMCLib/inc\xmc_usic.h ****   channel->SCTR = (uint32_t)(channel->SCTR & (~USIC_CH_SCTR_FLE_Msk)) |
 476              	 .loc 2 1231 0
 477 000c 7B68     	 ldr r3,[r7,#4]
 478 000e 5B6B     	 ldr r3,[r3,#52]
 479 0010 23F47C12 	 bic r2,r3,#4128768
1232:D:/Projekty/TrinityTrack6000/MainControlBoard/Infineon/XMC4200/Libraries/XMCLib/inc\xmc_usic.h ****                   (((uint32_t)frame_length - 0x1U)  << USIC_CH_SCTR_FLE_Pos);
 480              	 .loc 2 1232 0
 481 0014 FB78     	 ldrb r3,[r7,#3]
 482 0016 013B     	 subs r3,r3,#1
 483 0018 1B04     	 lsls r3,r3,#16
1231:D:/Projekty/TrinityTrack6000/MainControlBoard/Infineon/XMC4200/Libraries/XMCLib/inc\xmc_usic.h ****   channel->SCTR = (uint32_t)(channel->SCTR & (~USIC_CH_SCTR_FLE_Msk)) |
 484              	 .loc 2 1231 0
 485 001a 1A43     	 orrs r2,r2,r3
 486 001c 7B68     	 ldr r3,[r7,#4]
 487 001e 5A63     	 str r2,[r3,#52]
1233:D:/Projekty/TrinityTrack6000/MainControlBoard/Infineon/XMC4200/Libraries/XMCLib/inc\xmc_usic.h **** }
 488              	 .loc 2 1233 0
 489 0020 0C37     	 adds r7,r7,#12
 490              	.LCFI43:
 491              	 .cfi_def_cfa_offset 4
 492 0022 BD46     	 mov sp,r7
 493              	.LCFI44:
 494              	 .cfi_def_cfa_register 13
 495              	 
 496 0024 5DF8047B 	 ldr r7,[sp],#4
 497              	.LCFI45:
 498              	 .cfi_restore 7
 499              	 .cfi_def_cfa_offset 0
 500 0028 7047     	 bx lr
 501              	 .cfi_endproc
 502              	.LFE202:
 504 002a 00BF     	 .section .text.XMC_USIC_CH_SetMode,"ax",%progbits
 505              	 .align 2
 506              	 .thumb
 507              	 .thumb_func
 509              	XMC_USIC_CH_SetMode:
 510              	.LFB246:
1234:D:/Projekty/TrinityTrack6000/MainControlBoard/Infineon/XMC4200/Libraries/XMCLib/inc\xmc_usic.h **** 
1235:D:/Projekty/TrinityTrack6000/MainControlBoard/Infineon/XMC4200/Libraries/XMCLib/inc\xmc_usic.h **** /**
1236:D:/Projekty/TrinityTrack6000/MainControlBoard/Infineon/XMC4200/Libraries/XMCLib/inc\xmc_usic.h ****  * @param channel Pointer to USIC channel handler of type @ref XMC_USIC_CH_t \n
1237:D:/Projekty/TrinityTrack6000/MainControlBoard/Infineon/XMC4200/Libraries/XMCLib/inc\xmc_usic.h ****  * 				   \b Range: @ref XMC_USIC0_CH0, @ref XMC_USIC0_CH1 to @ref XMC_USIC2_CH1 based on device su
1238:D:/Projekty/TrinityTrack6000/MainControlBoard/Infineon/XMC4200/Libraries/XMCLib/inc\xmc_usic.h ****  * @param event Bit mask of the channel events to be enabled. Use @ref XMC_USIC_CH_EVENT_t for the 
1239:D:/Projekty/TrinityTrack6000/MainControlBoard/Infineon/XMC4200/Libraries/XMCLib/inc\xmc_usic.h ****  * 				\b Range: @ref XMC_USIC_CH_EVENT_RECEIVE_START, @ref XMC_USIC_CH_EVENT_DATA_LOST etc. Multip
1240:D:/Projekty/TrinityTrack6000/MainControlBoard/Infineon/XMC4200/Libraries/XMCLib/inc\xmc_usic.h ****  * 				can be combined using \a OR operation.
1241:D:/Projekty/TrinityTrack6000/MainControlBoard/Infineon/XMC4200/Libraries/XMCLib/inc\xmc_usic.h ****  * @return None
1242:D:/Projekty/TrinityTrack6000/MainControlBoard/Infineon/XMC4200/Libraries/XMCLib/inc\xmc_usic.h ****  *
1243:D:/Projekty/TrinityTrack6000/MainControlBoard/Infineon/XMC4200/Libraries/XMCLib/inc\xmc_usic.h ****  * \par<b>Description</b><br>
1244:D:/Projekty/TrinityTrack6000/MainControlBoard/Infineon/XMC4200/Libraries/XMCLib/inc\xmc_usic.h ****  * Enable the channel interrupt events.\n\n
1245:D:/Projekty/TrinityTrack6000/MainControlBoard/Infineon/XMC4200/Libraries/XMCLib/inc\xmc_usic.h ****  * Common channel events related to serial communication can be configured using this API.
1246:D:/Projekty/TrinityTrack6000/MainControlBoard/Infineon/XMC4200/Libraries/XMCLib/inc\xmc_usic.h ****  * Multiple events can be combined using the bitwise OR operation and configured in one function ca
1247:D:/Projekty/TrinityTrack6000/MainControlBoard/Infineon/XMC4200/Libraries/XMCLib/inc\xmc_usic.h ****  * XMC_USIC_CH_EVENT_t enumerates multiple protocol event bitmasks. These enumerations can be used 
1248:D:/Projekty/TrinityTrack6000/MainControlBoard/Infineon/XMC4200/Libraries/XMCLib/inc\xmc_usic.h ****  *
1249:D:/Projekty/TrinityTrack6000/MainControlBoard/Infineon/XMC4200/Libraries/XMCLib/inc\xmc_usic.h ****  * \par<b>Related APIs:</b><BR>
1250:D:/Projekty/TrinityTrack6000/MainControlBoard/Infineon/XMC4200/Libraries/XMCLib/inc\xmc_usic.h ****  * XMC_USIC_CH_DisableEvent(), XMC_USIC_CH_SetInterruptNodePointer() \n\n\n
1251:D:/Projekty/TrinityTrack6000/MainControlBoard/Infineon/XMC4200/Libraries/XMCLib/inc\xmc_usic.h ****  */
1252:D:/Projekty/TrinityTrack6000/MainControlBoard/Infineon/XMC4200/Libraries/XMCLib/inc\xmc_usic.h **** __STATIC_INLINE void XMC_USIC_CH_EnableEvent(XMC_USIC_CH_t *const channel, const uint32_t event)
1253:D:/Projekty/TrinityTrack6000/MainControlBoard/Infineon/XMC4200/Libraries/XMCLib/inc\xmc_usic.h **** {
1254:D:/Projekty/TrinityTrack6000/MainControlBoard/Infineon/XMC4200/Libraries/XMCLib/inc\xmc_usic.h ****   channel->CCR |= event;
1255:D:/Projekty/TrinityTrack6000/MainControlBoard/Infineon/XMC4200/Libraries/XMCLib/inc\xmc_usic.h **** }
1256:D:/Projekty/TrinityTrack6000/MainControlBoard/Infineon/XMC4200/Libraries/XMCLib/inc\xmc_usic.h **** 
1257:D:/Projekty/TrinityTrack6000/MainControlBoard/Infineon/XMC4200/Libraries/XMCLib/inc\xmc_usic.h **** /**
1258:D:/Projekty/TrinityTrack6000/MainControlBoard/Infineon/XMC4200/Libraries/XMCLib/inc\xmc_usic.h ****  * @param channel Pointer to USIC channel handler of type @ref XMC_USIC_CH_t \n
1259:D:/Projekty/TrinityTrack6000/MainControlBoard/Infineon/XMC4200/Libraries/XMCLib/inc\xmc_usic.h ****  * 				  \b Range: @ref XMC_USIC0_CH0, @ref XMC_USIC0_CH1 to @ref XMC_USIC2_CH1 based on device sup
1260:D:/Projekty/TrinityTrack6000/MainControlBoard/Infineon/XMC4200/Libraries/XMCLib/inc\xmc_usic.h ****  * @param event Bit mask of the channel events to be disabled. Use @ref XMC_USIC_CH_EVENT_t for the
1261:D:/Projekty/TrinityTrack6000/MainControlBoard/Infineon/XMC4200/Libraries/XMCLib/inc\xmc_usic.h ****  * 				\b Range: @ref XMC_USIC_CH_EVENT_RECEIVE_START, @ref XMC_USIC_CH_EVENT_DATA_LOST etc. Multip
1262:D:/Projekty/TrinityTrack6000/MainControlBoard/Infineon/XMC4200/Libraries/XMCLib/inc\xmc_usic.h ****  * 				can be combined using \a OR operation.
1263:D:/Projekty/TrinityTrack6000/MainControlBoard/Infineon/XMC4200/Libraries/XMCLib/inc\xmc_usic.h ****  * @return None
1264:D:/Projekty/TrinityTrack6000/MainControlBoard/Infineon/XMC4200/Libraries/XMCLib/inc\xmc_usic.h ****  *
1265:D:/Projekty/TrinityTrack6000/MainControlBoard/Infineon/XMC4200/Libraries/XMCLib/inc\xmc_usic.h ****  * \par<b>Description</b><br>
1266:D:/Projekty/TrinityTrack6000/MainControlBoard/Infineon/XMC4200/Libraries/XMCLib/inc\xmc_usic.h ****  * Disable the channel interrupt events. \n\n
1267:D:/Projekty/TrinityTrack6000/MainControlBoard/Infineon/XMC4200/Libraries/XMCLib/inc\xmc_usic.h ****  * Multiple events can be combined using the bitwise OR operation and configured in one function ca
1268:D:/Projekty/TrinityTrack6000/MainControlBoard/Infineon/XMC4200/Libraries/XMCLib/inc\xmc_usic.h ****  * XMC_USIC_CH_EVENT_t enumerates multiple protocol event bitmasks. These enumerations can be used 
1269:D:/Projekty/TrinityTrack6000/MainControlBoard/Infineon/XMC4200/Libraries/XMCLib/inc\xmc_usic.h ****  *
1270:D:/Projekty/TrinityTrack6000/MainControlBoard/Infineon/XMC4200/Libraries/XMCLib/inc\xmc_usic.h ****  * \par<b>Related APIs:</b><BR>
1271:D:/Projekty/TrinityTrack6000/MainControlBoard/Infineon/XMC4200/Libraries/XMCLib/inc\xmc_usic.h ****  * XMC_USIC_CH_EnableEvent(), XMC_USIC_CH_SetInterruptNodePointer() \n\n\n
1272:D:/Projekty/TrinityTrack6000/MainControlBoard/Infineon/XMC4200/Libraries/XMCLib/inc\xmc_usic.h **** */
1273:D:/Projekty/TrinityTrack6000/MainControlBoard/Infineon/XMC4200/Libraries/XMCLib/inc\xmc_usic.h **** __STATIC_INLINE void XMC_USIC_CH_DisableEvent(XMC_USIC_CH_t *const channel, const uint32_t event)
1274:D:/Projekty/TrinityTrack6000/MainControlBoard/Infineon/XMC4200/Libraries/XMCLib/inc\xmc_usic.h **** {
1275:D:/Projekty/TrinityTrack6000/MainControlBoard/Infineon/XMC4200/Libraries/XMCLib/inc\xmc_usic.h ****   channel->CCR &= (uint32_t)~event;
1276:D:/Projekty/TrinityTrack6000/MainControlBoard/Infineon/XMC4200/Libraries/XMCLib/inc\xmc_usic.h **** }
1277:D:/Projekty/TrinityTrack6000/MainControlBoard/Infineon/XMC4200/Libraries/XMCLib/inc\xmc_usic.h **** 
1278:D:/Projekty/TrinityTrack6000/MainControlBoard/Infineon/XMC4200/Libraries/XMCLib/inc\xmc_usic.h **** /**
1279:D:/Projekty/TrinityTrack6000/MainControlBoard/Infineon/XMC4200/Libraries/XMCLib/inc\xmc_usic.h ****  * @param channel Pointer to USIC channel handler of type @ref XMC_USIC_CH_t \n
1280:D:/Projekty/TrinityTrack6000/MainControlBoard/Infineon/XMC4200/Libraries/XMCLib/inc\xmc_usic.h ****  * 				  \b Range: @ref XMC_USIC0_CH0, @ref XMC_USIC0_CH1 to @ref XMC_USIC2_CH1 based on device sup
1281:D:/Projekty/TrinityTrack6000/MainControlBoard/Infineon/XMC4200/Libraries/XMCLib/inc\xmc_usic.h ****  * @param  interrupt_node Interrupt node pointer to be configured. \n
1282:D:/Projekty/TrinityTrack6000/MainControlBoard/Infineon/XMC4200/Libraries/XMCLib/inc\xmc_usic.h ****  * 						  \b Range: @ref XMC_USIC_CH_INTERRUPT_NODE_POINTER_TRANSMIT_SHIFT,
1283:D:/Projekty/TrinityTrack6000/MainControlBoard/Infineon/XMC4200/Libraries/XMCLib/inc\xmc_usic.h ****  * 						  			@ref XMC_USIC_CH_INTERRUPT_NODE_POINTER_TRANSMIT_BUFFER etc.
1284:D:/Projekty/TrinityTrack6000/MainControlBoard/Infineon/XMC4200/Libraries/XMCLib/inc\xmc_usic.h ****  * @param service_request Service request number.\n
1285:D:/Projekty/TrinityTrack6000/MainControlBoard/Infineon/XMC4200/Libraries/XMCLib/inc\xmc_usic.h ****  * 						  \b Range: 0 to 5.
1286:D:/Projekty/TrinityTrack6000/MainControlBoard/Infineon/XMC4200/Libraries/XMCLib/inc\xmc_usic.h ****  * @return None
1287:D:/Projekty/TrinityTrack6000/MainControlBoard/Infineon/XMC4200/Libraries/XMCLib/inc\xmc_usic.h ****  *
1288:D:/Projekty/TrinityTrack6000/MainControlBoard/Infineon/XMC4200/Libraries/XMCLib/inc\xmc_usic.h ****  * \par<b>Description</b><br>
1289:D:/Projekty/TrinityTrack6000/MainControlBoard/Infineon/XMC4200/Libraries/XMCLib/inc\xmc_usic.h ****  * Sets the interrupt node for USIC channel events. \n\n
1290:D:/Projekty/TrinityTrack6000/MainControlBoard/Infineon/XMC4200/Libraries/XMCLib/inc\xmc_usic.h ****  * For an event to generate interrupt, node pointer should be configured with service request(SR0, 
1291:D:/Projekty/TrinityTrack6000/MainControlBoard/Infineon/XMC4200/Libraries/XMCLib/inc\xmc_usic.h ****  * The NVIC node gets linked to the interrupt event by doing so.<br>
1292:D:/Projekty/TrinityTrack6000/MainControlBoard/Infineon/XMC4200/Libraries/XMCLib/inc\xmc_usic.h ****  * Note: NVIC node should be separately enabled to generate the interrupt.
1293:D:/Projekty/TrinityTrack6000/MainControlBoard/Infineon/XMC4200/Libraries/XMCLib/inc\xmc_usic.h ****  *
1294:D:/Projekty/TrinityTrack6000/MainControlBoard/Infineon/XMC4200/Libraries/XMCLib/inc\xmc_usic.h ****  * \par<b>Related APIs:</b><BR>
1295:D:/Projekty/TrinityTrack6000/MainControlBoard/Infineon/XMC4200/Libraries/XMCLib/inc\xmc_usic.h ****  * XMC_USIC_CH_EnableEvent() \n\n\n
1296:D:/Projekty/TrinityTrack6000/MainControlBoard/Infineon/XMC4200/Libraries/XMCLib/inc\xmc_usic.h ****  */
1297:D:/Projekty/TrinityTrack6000/MainControlBoard/Infineon/XMC4200/Libraries/XMCLib/inc\xmc_usic.h **** void XMC_USIC_CH_SetInterruptNodePointer(XMC_USIC_CH_t *const channel,
1298:D:/Projekty/TrinityTrack6000/MainControlBoard/Infineon/XMC4200/Libraries/XMCLib/inc\xmc_usic.h ****     const XMC_USIC_CH_INTERRUPT_NODE_POINTER_t interrupt_node,
1299:D:/Projekty/TrinityTrack6000/MainControlBoard/Infineon/XMC4200/Libraries/XMCLib/inc\xmc_usic.h ****     const uint32_t service_request);
1300:D:/Projekty/TrinityTrack6000/MainControlBoard/Infineon/XMC4200/Libraries/XMCLib/inc\xmc_usic.h **** 
1301:D:/Projekty/TrinityTrack6000/MainControlBoard/Infineon/XMC4200/Libraries/XMCLib/inc\xmc_usic.h **** /**
1302:D:/Projekty/TrinityTrack6000/MainControlBoard/Infineon/XMC4200/Libraries/XMCLib/inc\xmc_usic.h ****  * @param  channel Pointer to USIC channel handler of type @ref XMC_USIC_CH_t \n
1303:D:/Projekty/TrinityTrack6000/MainControlBoard/Infineon/XMC4200/Libraries/XMCLib/inc\xmc_usic.h ****  * 				   \b Range: @ref XMC_USIC0_CH0, @ref XMC_USIC0_CH1 to @ref XMC_USIC2_CH1 based on device su
1304:D:/Projekty/TrinityTrack6000/MainControlBoard/Infineon/XMC4200/Libraries/XMCLib/inc\xmc_usic.h ****  * @return Stataus @ref XMC_USIC_CH_TBUF_STATUS_IDLE if transmit buffer is free,
1305:D:/Projekty/TrinityTrack6000/MainControlBoard/Infineon/XMC4200/Libraries/XMCLib/inc\xmc_usic.h ****  *                 @ref XMC_USIC_CH_TBUF_STATUS_BUSY if transmit buffer is busy.
1306:D:/Projekty/TrinityTrack6000/MainControlBoard/Infineon/XMC4200/Libraries/XMCLib/inc\xmc_usic.h ****  *
1307:D:/Projekty/TrinityTrack6000/MainControlBoard/Infineon/XMC4200/Libraries/XMCLib/inc\xmc_usic.h ****  * \par<b>Description</b><br>
1308:D:/Projekty/TrinityTrack6000/MainControlBoard/Infineon/XMC4200/Libraries/XMCLib/inc\xmc_usic.h ****  * Gets transmit buffer status. \n\n
1309:D:/Projekty/TrinityTrack6000/MainControlBoard/Infineon/XMC4200/Libraries/XMCLib/inc\xmc_usic.h ****  * Status indicates whether the transmit buffer is free, or busy transmitting data.
1310:D:/Projekty/TrinityTrack6000/MainControlBoard/Infineon/XMC4200/Libraries/XMCLib/inc\xmc_usic.h ****  * The status depends on the value of TDV flag in TCSR register.
1311:D:/Projekty/TrinityTrack6000/MainControlBoard/Infineon/XMC4200/Libraries/XMCLib/inc\xmc_usic.h ****  * This status can be used while transmitting data. Transmit data when the transmit buffer
1312:D:/Projekty/TrinityTrack6000/MainControlBoard/Infineon/XMC4200/Libraries/XMCLib/inc\xmc_usic.h ****  * status is @ref XMC_USIC_CH_TBUF_STATUS_IDLE.
1313:D:/Projekty/TrinityTrack6000/MainControlBoard/Infineon/XMC4200/Libraries/XMCLib/inc\xmc_usic.h ****  *
1314:D:/Projekty/TrinityTrack6000/MainControlBoard/Infineon/XMC4200/Libraries/XMCLib/inc\xmc_usic.h ****  * \par<b>Related APIs:</b><BR>
1315:D:/Projekty/TrinityTrack6000/MainControlBoard/Infineon/XMC4200/Libraries/XMCLib/inc\xmc_usic.h ****  * XMC_USIC_CH_SetDataOutputMode() \n\n\n
1316:D:/Projekty/TrinityTrack6000/MainControlBoard/Infineon/XMC4200/Libraries/XMCLib/inc\xmc_usic.h ****  */
1317:D:/Projekty/TrinityTrack6000/MainControlBoard/Infineon/XMC4200/Libraries/XMCLib/inc\xmc_usic.h **** __STATIC_INLINE XMC_USIC_CH_TBUF_STATUS_t XMC_USIC_CH_GetTransmitBufferStatus(XMC_USIC_CH_t *const 
1318:D:/Projekty/TrinityTrack6000/MainControlBoard/Infineon/XMC4200/Libraries/XMCLib/inc\xmc_usic.h **** {
1319:D:/Projekty/TrinityTrack6000/MainControlBoard/Infineon/XMC4200/Libraries/XMCLib/inc\xmc_usic.h ****   return (XMC_USIC_CH_TBUF_STATUS_t)(channel->TCSR & USIC_CH_TCSR_TDV_Msk);
1320:D:/Projekty/TrinityTrack6000/MainControlBoard/Infineon/XMC4200/Libraries/XMCLib/inc\xmc_usic.h **** }
1321:D:/Projekty/TrinityTrack6000/MainControlBoard/Infineon/XMC4200/Libraries/XMCLib/inc\xmc_usic.h **** 
1322:D:/Projekty/TrinityTrack6000/MainControlBoard/Infineon/XMC4200/Libraries/XMCLib/inc\xmc_usic.h **** /**
1323:D:/Projekty/TrinityTrack6000/MainControlBoard/Infineon/XMC4200/Libraries/XMCLib/inc\xmc_usic.h ****  * @brief API to get receive buffer status
1324:D:/Projekty/TrinityTrack6000/MainControlBoard/Infineon/XMC4200/Libraries/XMCLib/inc\xmc_usic.h ****  * @param  channel Pointer to USIC channel handler of type @ref XMC_USIC_CH_t \n
1325:D:/Projekty/TrinityTrack6000/MainControlBoard/Infineon/XMC4200/Libraries/XMCLib/inc\xmc_usic.h ****  * 				   \b Range: @ref XMC_USIC0_CH0, @ref XMC_USIC0_CH1 to @ref XMC_USIC2_CH1 based on device su
1326:D:/Projekty/TrinityTrack6000/MainControlBoard/Infineon/XMC4200/Libraries/XMCLib/inc\xmc_usic.h ****  * @return Status of data validity check for RBUF0 and RBUF1. \n
1327:D:/Projekty/TrinityTrack6000/MainControlBoard/Infineon/XMC4200/Libraries/XMCLib/inc\xmc_usic.h ****  * 		   Returned value should be masked with RDV0 and RDV1 bits to know the status. \n
1328:D:/Projekty/TrinityTrack6000/MainControlBoard/Infineon/XMC4200/Libraries/XMCLib/inc\xmc_usic.h ****  * 		   \b Range: @ref XMC_USIC_CH_RBUF_STATUS_DATA_VALID0, @ref XMC_USIC_CH_RBUF_STATUS_DATA_VALID
1329:D:/Projekty/TrinityTrack6000/MainControlBoard/Infineon/XMC4200/Libraries/XMCLib/inc\xmc_usic.h ****  *
1330:D:/Projekty/TrinityTrack6000/MainControlBoard/Infineon/XMC4200/Libraries/XMCLib/inc\xmc_usic.h ****  * \par<b>Description</b><br>
1331:D:/Projekty/TrinityTrack6000/MainControlBoard/Infineon/XMC4200/Libraries/XMCLib/inc\xmc_usic.h ****  * Checks if RBUF0 and RBUF1 have valid unread data. \n\n
1332:D:/Projekty/TrinityTrack6000/MainControlBoard/Infineon/XMC4200/Libraries/XMCLib/inc\xmc_usic.h ****  * It checks the bits RDV0 and RDV1 of the RBUFSR register.
1333:D:/Projekty/TrinityTrack6000/MainControlBoard/Infineon/XMC4200/Libraries/XMCLib/inc\xmc_usic.h ****  * Returns the value of RBUFSR masked with bitmasks of RDV0 and RDV1.
1334:D:/Projekty/TrinityTrack6000/MainControlBoard/Infineon/XMC4200/Libraries/XMCLib/inc\xmc_usic.h ****  * It can be used to decide whether 2bytes has to be read from RBUF or 1 byte.
1335:D:/Projekty/TrinityTrack6000/MainControlBoard/Infineon/XMC4200/Libraries/XMCLib/inc\xmc_usic.h ****  * If both bitmasks XMC_USIC_CH_RBUF_STATUS_DATA_VALID0 and XMC_USIC_CH_RBUF_STATUS_DATA_VALID1
1336:D:/Projekty/TrinityTrack6000/MainControlBoard/Infineon/XMC4200/Libraries/XMCLib/inc\xmc_usic.h ****  * are set, then 2 bytes can be read from RBUF. If only either of them is set, then only one byte
1337:D:/Projekty/TrinityTrack6000/MainControlBoard/Infineon/XMC4200/Libraries/XMCLib/inc\xmc_usic.h ****  * can be read from RBUF.
1338:D:/Projekty/TrinityTrack6000/MainControlBoard/Infineon/XMC4200/Libraries/XMCLib/inc\xmc_usic.h ****  * \par<b>Related APIs:</b><BR>
1339:D:/Projekty/TrinityTrack6000/MainControlBoard/Infineon/XMC4200/Libraries/XMCLib/inc\xmc_usic.h ****  * XMC_USIC_CH_GetTransmitBufferStatus() \n\n\n
1340:D:/Projekty/TrinityTrack6000/MainControlBoard/Infineon/XMC4200/Libraries/XMCLib/inc\xmc_usic.h ****  */
1341:D:/Projekty/TrinityTrack6000/MainControlBoard/Infineon/XMC4200/Libraries/XMCLib/inc\xmc_usic.h **** __STATIC_INLINE uint32_t XMC_USIC_CH_GetReceiveBufferStatus(XMC_USIC_CH_t *const channel)
1342:D:/Projekty/TrinityTrack6000/MainControlBoard/Infineon/XMC4200/Libraries/XMCLib/inc\xmc_usic.h **** {
1343:D:/Projekty/TrinityTrack6000/MainControlBoard/Infineon/XMC4200/Libraries/XMCLib/inc\xmc_usic.h ****   return ((uint32_t) (channel->RBUFSR & (USIC_CH_RBUFSR_RDV0_Msk | USIC_CH_RBUFSR_RDV1_Msk)));
1344:D:/Projekty/TrinityTrack6000/MainControlBoard/Infineon/XMC4200/Libraries/XMCLib/inc\xmc_usic.h **** }
1345:D:/Projekty/TrinityTrack6000/MainControlBoard/Infineon/XMC4200/Libraries/XMCLib/inc\xmc_usic.h **** 
1346:D:/Projekty/TrinityTrack6000/MainControlBoard/Infineon/XMC4200/Libraries/XMCLib/inc\xmc_usic.h **** 
1347:D:/Projekty/TrinityTrack6000/MainControlBoard/Infineon/XMC4200/Libraries/XMCLib/inc\xmc_usic.h **** /**
1348:D:/Projekty/TrinityTrack6000/MainControlBoard/Infineon/XMC4200/Libraries/XMCLib/inc\xmc_usic.h ****  * @param  channel Pointer to USIC channel handler of type @ref XMC_USIC_CH_t \n
1349:D:/Projekty/TrinityTrack6000/MainControlBoard/Infineon/XMC4200/Libraries/XMCLib/inc\xmc_usic.h ****  * 				   \b Range: @ref XMC_USIC0_CH0, @ref XMC_USIC0_CH1 to @ref XMC_USIC2_CH1 based on device su
1350:D:/Projekty/TrinityTrack6000/MainControlBoard/Infineon/XMC4200/Libraries/XMCLib/inc\xmc_usic.h ****  * @param  start_transmision_mode Transmission mode to be enabled. \n
1351:D:/Projekty/TrinityTrack6000/MainControlBoard/Infineon/XMC4200/Libraries/XMCLib/inc\xmc_usic.h ****  * 								\b Range: @ref XMC_USIC_CH_START_TRANSMISION_DISABLED,
1352:D:/Projekty/TrinityTrack6000/MainControlBoard/Infineon/XMC4200/Libraries/XMCLib/inc\xmc_usic.h ****  * 								@ref XMC_USIC_CH_START_TRANSMISION_ON_TDV, @ref XMC_USIC_CH_START_TRANSMISION_ON_TDV_DX2
1353:D:/Projekty/TrinityTrack6000/MainControlBoard/Infineon/XMC4200/Libraries/XMCLib/inc\xmc_usic.h ****  * 								@ref XMC_USIC_CH_START_TRANSMISION_ON_TDV_DX2S_1
1354:D:/Projekty/TrinityTrack6000/MainControlBoard/Infineon/XMC4200/Libraries/XMCLib/inc\xmc_usic.h ****  *
1355:D:/Projekty/TrinityTrack6000/MainControlBoard/Infineon/XMC4200/Libraries/XMCLib/inc\xmc_usic.h ****  * @return None
1356:D:/Projekty/TrinityTrack6000/MainControlBoard/Infineon/XMC4200/Libraries/XMCLib/inc\xmc_usic.h ****  *
1357:D:/Projekty/TrinityTrack6000/MainControlBoard/Infineon/XMC4200/Libraries/XMCLib/inc\xmc_usic.h ****  * \par<b>Description</b><br>
1358:D:/Projekty/TrinityTrack6000/MainControlBoard/Infineon/XMC4200/Libraries/XMCLib/inc\xmc_usic.h ****  * Configures data transmission. \n\n
1359:D:/Projekty/TrinityTrack6000/MainControlBoard/Infineon/XMC4200/Libraries/XMCLib/inc\xmc_usic.h ****  * The configuration affects the data shifted on the DOUT0 pin.
1360:D:/Projekty/TrinityTrack6000/MainControlBoard/Infineon/XMC4200/Libraries/XMCLib/inc\xmc_usic.h ****  *
1361:D:/Projekty/TrinityTrack6000/MainControlBoard/Infineon/XMC4200/Libraries/XMCLib/inc\xmc_usic.h ****  * \par<b>Related APIs:</b><BR>
1362:D:/Projekty/TrinityTrack6000/MainControlBoard/Infineon/XMC4200/Libraries/XMCLib/inc\xmc_usic.h ****  * XMC_USIC_CH_GetTransmitBufferStatus(), XMC_USIC_CH_SetDataOutputMode() \n\n\n
1363:D:/Projekty/TrinityTrack6000/MainControlBoard/Infineon/XMC4200/Libraries/XMCLib/inc\xmc_usic.h ****  */
1364:D:/Projekty/TrinityTrack6000/MainControlBoard/Infineon/XMC4200/Libraries/XMCLib/inc\xmc_usic.h **** __STATIC_INLINE void XMC_USIC_CH_SetStartTransmisionMode(XMC_USIC_CH_t *const channel,
1365:D:/Projekty/TrinityTrack6000/MainControlBoard/Infineon/XMC4200/Libraries/XMCLib/inc\xmc_usic.h ****     const XMC_USIC_CH_START_TRANSMISION_MODE_t start_transmision_mode)
1366:D:/Projekty/TrinityTrack6000/MainControlBoard/Infineon/XMC4200/Libraries/XMCLib/inc\xmc_usic.h **** {
1367:D:/Projekty/TrinityTrack6000/MainControlBoard/Infineon/XMC4200/Libraries/XMCLib/inc\xmc_usic.h ****   channel->TCSR = (uint32_t)(channel->TCSR & (~USIC_CH_TCSR_TDEN_Msk)) | (uint32_t)start_transmisio
1368:D:/Projekty/TrinityTrack6000/MainControlBoard/Infineon/XMC4200/Libraries/XMCLib/inc\xmc_usic.h **** }
1369:D:/Projekty/TrinityTrack6000/MainControlBoard/Infineon/XMC4200/Libraries/XMCLib/inc\xmc_usic.h **** 
1370:D:/Projekty/TrinityTrack6000/MainControlBoard/Infineon/XMC4200/Libraries/XMCLib/inc\xmc_usic.h **** 
1371:D:/Projekty/TrinityTrack6000/MainControlBoard/Infineon/XMC4200/Libraries/XMCLib/inc\xmc_usic.h **** /**
1372:D:/Projekty/TrinityTrack6000/MainControlBoard/Infineon/XMC4200/Libraries/XMCLib/inc\xmc_usic.h ****  * @param  channel Pointer to USIC channel handler of type @ref XMC_USIC_CH_t \n
1373:D:/Projekty/TrinityTrack6000/MainControlBoard/Infineon/XMC4200/Libraries/XMCLib/inc\xmc_usic.h ****  * 				   \b Range: @ref XMC_USIC0_CH0, @ref XMC_USIC0_CH1 to @ref XMC_USIC2_CH1 based on device su
1374:D:/Projekty/TrinityTrack6000/MainControlBoard/Infineon/XMC4200/Libraries/XMCLib/inc\xmc_usic.h ****  * @param  data_output_mode  Data output mode. \n
1375:D:/Projekty/TrinityTrack6000/MainControlBoard/Infineon/XMC4200/Libraries/XMCLib/inc\xmc_usic.h ****  * 			\b Range: @ref XMC_USIC_CH_DATA_OUTPUT_MODE_NORMAL, @ref XMC_USIC_CH_DATA_OUTPUT_MODE_INVERTE
1376:D:/Projekty/TrinityTrack6000/MainControlBoard/Infineon/XMC4200/Libraries/XMCLib/inc\xmc_usic.h ****  * @return None
1377:D:/Projekty/TrinityTrack6000/MainControlBoard/Infineon/XMC4200/Libraries/XMCLib/inc\xmc_usic.h ****  *
1378:D:/Projekty/TrinityTrack6000/MainControlBoard/Infineon/XMC4200/Libraries/XMCLib/inc\xmc_usic.h ****  * \par<b>Description</b><br>
1379:D:/Projekty/TrinityTrack6000/MainControlBoard/Infineon/XMC4200/Libraries/XMCLib/inc\xmc_usic.h ****  * Configures the mode for data output. \n\n
1380:D:/Projekty/TrinityTrack6000/MainControlBoard/Infineon/XMC4200/Libraries/XMCLib/inc\xmc_usic.h ****  * USIC channel can be configured to shift inverted data or direct data based on the input to the A
1381:D:/Projekty/TrinityTrack6000/MainControlBoard/Infineon/XMC4200/Libraries/XMCLib/inc\xmc_usic.h ****  *
1382:D:/Projekty/TrinityTrack6000/MainControlBoard/Infineon/XMC4200/Libraries/XMCLib/inc\xmc_usic.h ****  * \par<b>Related APIs:</b><BR>
1383:D:/Projekty/TrinityTrack6000/MainControlBoard/Infineon/XMC4200/Libraries/XMCLib/inc\xmc_usic.h ****  * XMC_USIC_CH_SetStartTransmisionMode() \n\n\n
1384:D:/Projekty/TrinityTrack6000/MainControlBoard/Infineon/XMC4200/Libraries/XMCLib/inc\xmc_usic.h ****  */
1385:D:/Projekty/TrinityTrack6000/MainControlBoard/Infineon/XMC4200/Libraries/XMCLib/inc\xmc_usic.h **** __STATIC_INLINE void XMC_USIC_CH_SetDataOutputMode(XMC_USIC_CH_t *const channel,
1386:D:/Projekty/TrinityTrack6000/MainControlBoard/Infineon/XMC4200/Libraries/XMCLib/inc\xmc_usic.h ****     const XMC_USIC_CH_DATA_OUTPUT_MODE_t data_output_mode)
1387:D:/Projekty/TrinityTrack6000/MainControlBoard/Infineon/XMC4200/Libraries/XMCLib/inc\xmc_usic.h **** {
1388:D:/Projekty/TrinityTrack6000/MainControlBoard/Infineon/XMC4200/Libraries/XMCLib/inc\xmc_usic.h ****   channel->SCTR = (uint32_t)(channel->SCTR & (~USIC_CH_SCTR_DOCFG_Msk)) | (uint32_t)data_output_mod
1389:D:/Projekty/TrinityTrack6000/MainControlBoard/Infineon/XMC4200/Libraries/XMCLib/inc\xmc_usic.h **** }
1390:D:/Projekty/TrinityTrack6000/MainControlBoard/Infineon/XMC4200/Libraries/XMCLib/inc\xmc_usic.h **** 
1391:D:/Projekty/TrinityTrack6000/MainControlBoard/Infineon/XMC4200/Libraries/XMCLib/inc\xmc_usic.h **** /**
1392:D:/Projekty/TrinityTrack6000/MainControlBoard/Infineon/XMC4200/Libraries/XMCLib/inc\xmc_usic.h ****  * @param  channel Pointer to USIC channel handler of type @ref XMC_USIC_CH_t \n
1393:D:/Projekty/TrinityTrack6000/MainControlBoard/Infineon/XMC4200/Libraries/XMCLib/inc\xmc_usic.h ****  * 				   \b Range: @ref XMC_USIC0_CH0, @ref XMC_USIC0_CH1 to @ref XMC_USIC2_CH1 based on device su
1394:D:/Projekty/TrinityTrack6000/MainControlBoard/Infineon/XMC4200/Libraries/XMCLib/inc\xmc_usic.h ****  * @return None
1395:D:/Projekty/TrinityTrack6000/MainControlBoard/Infineon/XMC4200/Libraries/XMCLib/inc\xmc_usic.h ****  *
1396:D:/Projekty/TrinityTrack6000/MainControlBoard/Infineon/XMC4200/Libraries/XMCLib/inc\xmc_usic.h ****  * \par<b>Description</b><br>
1397:D:/Projekty/TrinityTrack6000/MainControlBoard/Infineon/XMC4200/Libraries/XMCLib/inc\xmc_usic.h ****  * Enables automatic update of frame length. \n\n
1398:D:/Projekty/TrinityTrack6000/MainControlBoard/Infineon/XMC4200/Libraries/XMCLib/inc\xmc_usic.h ****  * When the automatic update of frame length is enabled, frame length is configured based on the
1399:D:/Projekty/TrinityTrack6000/MainControlBoard/Infineon/XMC4200/Libraries/XMCLib/inc\xmc_usic.h ****  * index of the TBUF[]/IN[] register array. When the data is written to TBUF[x], frame length is co
1400:D:/Projekty/TrinityTrack6000/MainControlBoard/Infineon/XMC4200/Libraries/XMCLib/inc\xmc_usic.h ****  * with the mask value of \a x at the last 5 bit positions. Same logic is applicable if data is wri
1401:D:/Projekty/TrinityTrack6000/MainControlBoard/Infineon/XMC4200/Libraries/XMCLib/inc\xmc_usic.h ****  * IN[x] register.
1402:D:/Projekty/TrinityTrack6000/MainControlBoard/Infineon/XMC4200/Libraries/XMCLib/inc\xmc_usic.h ****  *
1403:D:/Projekty/TrinityTrack6000/MainControlBoard/Infineon/XMC4200/Libraries/XMCLib/inc\xmc_usic.h ****  * \par<b>Related APIs:</b><BR>
1404:D:/Projekty/TrinityTrack6000/MainControlBoard/Infineon/XMC4200/Libraries/XMCLib/inc\xmc_usic.h ****  * XMC_USIC_CH_DisableFrameLengthControl(), XMC_USIC_CH_TXFIFO_PutDataFLEMode() \n\n\n
1405:D:/Projekty/TrinityTrack6000/MainControlBoard/Infineon/XMC4200/Libraries/XMCLib/inc\xmc_usic.h ****  */
1406:D:/Projekty/TrinityTrack6000/MainControlBoard/Infineon/XMC4200/Libraries/XMCLib/inc\xmc_usic.h **** __STATIC_INLINE void XMC_USIC_CH_EnableFrameLengthControl(XMC_USIC_CH_t *const channel)
1407:D:/Projekty/TrinityTrack6000/MainControlBoard/Infineon/XMC4200/Libraries/XMCLib/inc\xmc_usic.h **** {
1408:D:/Projekty/TrinityTrack6000/MainControlBoard/Infineon/XMC4200/Libraries/XMCLib/inc\xmc_usic.h ****   channel->TCSR = (uint32_t)(channel->TCSR & (~(USIC_CH_TCSR_WLEMD_Msk |
1409:D:/Projekty/TrinityTrack6000/MainControlBoard/Infineon/XMC4200/Libraries/XMCLib/inc\xmc_usic.h ****                              USIC_CH_TCSR_SELMD_Msk |
1410:D:/Projekty/TrinityTrack6000/MainControlBoard/Infineon/XMC4200/Libraries/XMCLib/inc\xmc_usic.h ****                              USIC_CH_TCSR_WAMD_Msk |
1411:D:/Projekty/TrinityTrack6000/MainControlBoard/Infineon/XMC4200/Libraries/XMCLib/inc\xmc_usic.h ****                              USIC_CH_TCSR_HPCMD_Msk))) |
1412:D:/Projekty/TrinityTrack6000/MainControlBoard/Infineon/XMC4200/Libraries/XMCLib/inc\xmc_usic.h ****                   (uint32_t)USIC_CH_TCSR_FLEMD_Msk;
1413:D:/Projekty/TrinityTrack6000/MainControlBoard/Infineon/XMC4200/Libraries/XMCLib/inc\xmc_usic.h **** }
1414:D:/Projekty/TrinityTrack6000/MainControlBoard/Infineon/XMC4200/Libraries/XMCLib/inc\xmc_usic.h **** 
1415:D:/Projekty/TrinityTrack6000/MainControlBoard/Infineon/XMC4200/Libraries/XMCLib/inc\xmc_usic.h **** /**
1416:D:/Projekty/TrinityTrack6000/MainControlBoard/Infineon/XMC4200/Libraries/XMCLib/inc\xmc_usic.h ****  * @param  channel Pointer to USIC channel handler of type @ref XMC_USIC_CH_t \n
1417:D:/Projekty/TrinityTrack6000/MainControlBoard/Infineon/XMC4200/Libraries/XMCLib/inc\xmc_usic.h ****  * 				   \b Range: @ref XMC_USIC0_CH0, @ref XMC_USIC0_CH1 to @ref XMC_USIC2_CH1 based on device su
1418:D:/Projekty/TrinityTrack6000/MainControlBoard/Infineon/XMC4200/Libraries/XMCLib/inc\xmc_usic.h ****  * @return None
1419:D:/Projekty/TrinityTrack6000/MainControlBoard/Infineon/XMC4200/Libraries/XMCLib/inc\xmc_usic.h ****  *
1420:D:/Projekty/TrinityTrack6000/MainControlBoard/Infineon/XMC4200/Libraries/XMCLib/inc\xmc_usic.h ****  * \par<b>Description</b><br>
1421:D:/Projekty/TrinityTrack6000/MainControlBoard/Infineon/XMC4200/Libraries/XMCLib/inc\xmc_usic.h ****  * Enables automatic update of word length. \n\n
1422:D:/Projekty/TrinityTrack6000/MainControlBoard/Infineon/XMC4200/Libraries/XMCLib/inc\xmc_usic.h ****  * When the automatic update of word length is enabled, word length is configured based on the
1423:D:/Projekty/TrinityTrack6000/MainControlBoard/Infineon/XMC4200/Libraries/XMCLib/inc\xmc_usic.h ****  * index of the TBUF[]/IN[] register array. When the data is written to TBUF[x], word length is con
1424:D:/Projekty/TrinityTrack6000/MainControlBoard/Infineon/XMC4200/Libraries/XMCLib/inc\xmc_usic.h ****  * with the mask value of \a x at the last 5 bit positions. Same logic is applicable if data is wri
1425:D:/Projekty/TrinityTrack6000/MainControlBoard/Infineon/XMC4200/Libraries/XMCLib/inc\xmc_usic.h ****  * IN[x] register.
1426:D:/Projekty/TrinityTrack6000/MainControlBoard/Infineon/XMC4200/Libraries/XMCLib/inc\xmc_usic.h ****  *
1427:D:/Projekty/TrinityTrack6000/MainControlBoard/Infineon/XMC4200/Libraries/XMCLib/inc\xmc_usic.h ****  * \par<b>Related APIs:</b><BR>
1428:D:/Projekty/TrinityTrack6000/MainControlBoard/Infineon/XMC4200/Libraries/XMCLib/inc\xmc_usic.h ****  * XMC_USIC_CH_DisableFrameLengthControl(), XMC_USIC_CH_TXFIFO_PutDataFLEMode() \n\n\n
1429:D:/Projekty/TrinityTrack6000/MainControlBoard/Infineon/XMC4200/Libraries/XMCLib/inc\xmc_usic.h ****  */
1430:D:/Projekty/TrinityTrack6000/MainControlBoard/Infineon/XMC4200/Libraries/XMCLib/inc\xmc_usic.h **** __STATIC_INLINE void XMC_USIC_CH_EnableWordLengthControl(XMC_USIC_CH_t *const channel)
1431:D:/Projekty/TrinityTrack6000/MainControlBoard/Infineon/XMC4200/Libraries/XMCLib/inc\xmc_usic.h **** {
1432:D:/Projekty/TrinityTrack6000/MainControlBoard/Infineon/XMC4200/Libraries/XMCLib/inc\xmc_usic.h ****   channel->TCSR = (uint32_t)(channel->TCSR & (~(USIC_CH_TCSR_WLEMD_Msk |
1433:D:/Projekty/TrinityTrack6000/MainControlBoard/Infineon/XMC4200/Libraries/XMCLib/inc\xmc_usic.h ****                              USIC_CH_TCSR_SELMD_Msk |
1434:D:/Projekty/TrinityTrack6000/MainControlBoard/Infineon/XMC4200/Libraries/XMCLib/inc\xmc_usic.h ****                              USIC_CH_TCSR_WAMD_Msk |
1435:D:/Projekty/TrinityTrack6000/MainControlBoard/Infineon/XMC4200/Libraries/XMCLib/inc\xmc_usic.h ****                              USIC_CH_TCSR_HPCMD_Msk))) |
1436:D:/Projekty/TrinityTrack6000/MainControlBoard/Infineon/XMC4200/Libraries/XMCLib/inc\xmc_usic.h ****                   (uint32_t)USIC_CH_TCSR_WLEMD_Msk;
1437:D:/Projekty/TrinityTrack6000/MainControlBoard/Infineon/XMC4200/Libraries/XMCLib/inc\xmc_usic.h **** }
1438:D:/Projekty/TrinityTrack6000/MainControlBoard/Infineon/XMC4200/Libraries/XMCLib/inc\xmc_usic.h **** 
1439:D:/Projekty/TrinityTrack6000/MainControlBoard/Infineon/XMC4200/Libraries/XMCLib/inc\xmc_usic.h **** /**
1440:D:/Projekty/TrinityTrack6000/MainControlBoard/Infineon/XMC4200/Libraries/XMCLib/inc\xmc_usic.h ****  * @param  channel Pointer to USIC channel handler of type @ref XMC_USIC_CH_t \n
1441:D:/Projekty/TrinityTrack6000/MainControlBoard/Infineon/XMC4200/Libraries/XMCLib/inc\xmc_usic.h ****  * 				   \b Range: @ref XMC_USIC0_CH0, @ref XMC_USIC0_CH1 to @ref XMC_USIC2_CH1 based on device su
1442:D:/Projekty/TrinityTrack6000/MainControlBoard/Infineon/XMC4200/Libraries/XMCLib/inc\xmc_usic.h ****  * @return None
1443:D:/Projekty/TrinityTrack6000/MainControlBoard/Infineon/XMC4200/Libraries/XMCLib/inc\xmc_usic.h ****  *
1444:D:/Projekty/TrinityTrack6000/MainControlBoard/Infineon/XMC4200/Libraries/XMCLib/inc\xmc_usic.h ****  * \par<b>Description</b><br>
1445:D:/Projekty/TrinityTrack6000/MainControlBoard/Infineon/XMC4200/Libraries/XMCLib/inc\xmc_usic.h ****  * Disables automatic update of frame length. \n\n
1446:D:/Projekty/TrinityTrack6000/MainControlBoard/Infineon/XMC4200/Libraries/XMCLib/inc\xmc_usic.h ****  * When automatic update of frame length is disabled, frame length has to configured explicitly.
1447:D:/Projekty/TrinityTrack6000/MainControlBoard/Infineon/XMC4200/Libraries/XMCLib/inc\xmc_usic.h ****  * Frame length remains fixed until it is changed again.
1448:D:/Projekty/TrinityTrack6000/MainControlBoard/Infineon/XMC4200/Libraries/XMCLib/inc\xmc_usic.h ****  *
1449:D:/Projekty/TrinityTrack6000/MainControlBoard/Infineon/XMC4200/Libraries/XMCLib/inc\xmc_usic.h ****  * \par<b>Related APIs:</b><BR>
1450:D:/Projekty/TrinityTrack6000/MainControlBoard/Infineon/XMC4200/Libraries/XMCLib/inc\xmc_usic.h ****  * XMC_USIC_CH_EnableFrameLengthControl(), XMC_USIC_CH_SetFrameLength() \n\n\n
1451:D:/Projekty/TrinityTrack6000/MainControlBoard/Infineon/XMC4200/Libraries/XMCLib/inc\xmc_usic.h ****  */
1452:D:/Projekty/TrinityTrack6000/MainControlBoard/Infineon/XMC4200/Libraries/XMCLib/inc\xmc_usic.h **** __STATIC_INLINE void XMC_USIC_CH_DisableFrameLengthControl(XMC_USIC_CH_t *const channel)
1453:D:/Projekty/TrinityTrack6000/MainControlBoard/Infineon/XMC4200/Libraries/XMCLib/inc\xmc_usic.h **** {
1454:D:/Projekty/TrinityTrack6000/MainControlBoard/Infineon/XMC4200/Libraries/XMCLib/inc\xmc_usic.h ****   channel->TCSR &= (uint32_t)~USIC_CH_TCSR_FLEMD_Msk;
1455:D:/Projekty/TrinityTrack6000/MainControlBoard/Infineon/XMC4200/Libraries/XMCLib/inc\xmc_usic.h **** }
1456:D:/Projekty/TrinityTrack6000/MainControlBoard/Infineon/XMC4200/Libraries/XMCLib/inc\xmc_usic.h **** 
1457:D:/Projekty/TrinityTrack6000/MainControlBoard/Infineon/XMC4200/Libraries/XMCLib/inc\xmc_usic.h **** /**
1458:D:/Projekty/TrinityTrack6000/MainControlBoard/Infineon/XMC4200/Libraries/XMCLib/inc\xmc_usic.h ****  * @param  channel Pointer to USIC channel handler of type @ref XMC_USIC_CH_t \n
1459:D:/Projekty/TrinityTrack6000/MainControlBoard/Infineon/XMC4200/Libraries/XMCLib/inc\xmc_usic.h ****  * 				   \b Range: @ref XMC_USIC0_CH0, @ref XMC_USIC0_CH1 to @ref XMC_USIC2_CH1 based on device su
1460:D:/Projekty/TrinityTrack6000/MainControlBoard/Infineon/XMC4200/Libraries/XMCLib/inc\xmc_usic.h ****  * @return None
1461:D:/Projekty/TrinityTrack6000/MainControlBoard/Infineon/XMC4200/Libraries/XMCLib/inc\xmc_usic.h ****  *
1462:D:/Projekty/TrinityTrack6000/MainControlBoard/Infineon/XMC4200/Libraries/XMCLib/inc\xmc_usic.h ****  * \par<b>Description</b><br>
1463:D:/Projekty/TrinityTrack6000/MainControlBoard/Infineon/XMC4200/Libraries/XMCLib/inc\xmc_usic.h ****  * Disables automatic update of word length. \n\n
1464:D:/Projekty/TrinityTrack6000/MainControlBoard/Infineon/XMC4200/Libraries/XMCLib/inc\xmc_usic.h ****  * When automatic update of word length is disabled, word length has to configured explicitly.
1465:D:/Projekty/TrinityTrack6000/MainControlBoard/Infineon/XMC4200/Libraries/XMCLib/inc\xmc_usic.h ****  * Word length remains fixed until it is changed again.
1466:D:/Projekty/TrinityTrack6000/MainControlBoard/Infineon/XMC4200/Libraries/XMCLib/inc\xmc_usic.h ****  *
1467:D:/Projekty/TrinityTrack6000/MainControlBoard/Infineon/XMC4200/Libraries/XMCLib/inc\xmc_usic.h ****  * \par<b>Related APIs:</b><BR>
1468:D:/Projekty/TrinityTrack6000/MainControlBoard/Infineon/XMC4200/Libraries/XMCLib/inc\xmc_usic.h ****  * XMC_USIC_CH_EnableFrameLengthControl(), XMC_USIC_CH_SetWordLength() \n\n\n
1469:D:/Projekty/TrinityTrack6000/MainControlBoard/Infineon/XMC4200/Libraries/XMCLib/inc\xmc_usic.h ****  */
1470:D:/Projekty/TrinityTrack6000/MainControlBoard/Infineon/XMC4200/Libraries/XMCLib/inc\xmc_usic.h **** __STATIC_INLINE void XMC_USIC_CH_DisableWordLengthControl(XMC_USIC_CH_t *const channel)
1471:D:/Projekty/TrinityTrack6000/MainControlBoard/Infineon/XMC4200/Libraries/XMCLib/inc\xmc_usic.h **** {
1472:D:/Projekty/TrinityTrack6000/MainControlBoard/Infineon/XMC4200/Libraries/XMCLib/inc\xmc_usic.h ****   channel->TCSR &= (uint32_t)~USIC_CH_TCSR_WLEMD_Msk;
1473:D:/Projekty/TrinityTrack6000/MainControlBoard/Infineon/XMC4200/Libraries/XMCLib/inc\xmc_usic.h **** }
1474:D:/Projekty/TrinityTrack6000/MainControlBoard/Infineon/XMC4200/Libraries/XMCLib/inc\xmc_usic.h **** 
1475:D:/Projekty/TrinityTrack6000/MainControlBoard/Infineon/XMC4200/Libraries/XMCLib/inc\xmc_usic.h **** /**
1476:D:/Projekty/TrinityTrack6000/MainControlBoard/Infineon/XMC4200/Libraries/XMCLib/inc\xmc_usic.h ****  * @param  channel Pointer to USIC channel handler of type @ref XMC_USIC_CH_t \n
1477:D:/Projekty/TrinityTrack6000/MainControlBoard/Infineon/XMC4200/Libraries/XMCLib/inc\xmc_usic.h ****  * 				   \b Range: @ref XMC_USIC0_CH0, @ref XMC_USIC0_CH1 to @ref XMC_USIC2_CH1 based on device su
1478:D:/Projekty/TrinityTrack6000/MainControlBoard/Infineon/XMC4200/Libraries/XMCLib/inc\xmc_usic.h ****  * @return None
1479:D:/Projekty/TrinityTrack6000/MainControlBoard/Infineon/XMC4200/Libraries/XMCLib/inc\xmc_usic.h ****  *
1480:D:/Projekty/TrinityTrack6000/MainControlBoard/Infineon/XMC4200/Libraries/XMCLib/inc\xmc_usic.h ****  * \par<b>Description</b><br>
1481:D:/Projekty/TrinityTrack6000/MainControlBoard/Infineon/XMC4200/Libraries/XMCLib/inc\xmc_usic.h ****  * Bit TCSR.TE is set if DX2T becomes active while TDV = 1. \n\n
1482:D:/Projekty/TrinityTrack6000/MainControlBoard/Infineon/XMC4200/Libraries/XMCLib/inc\xmc_usic.h ****  * Enables the transfer trigger unit to set bit TCSR.TE if the trigger signal DX2T becomes active
1483:D:/Projekty/TrinityTrack6000/MainControlBoard/Infineon/XMC4200/Libraries/XMCLib/inc\xmc_usic.h ****  * for event driven transfer starts.
1484:D:/Projekty/TrinityTrack6000/MainControlBoard/Infineon/XMC4200/Libraries/XMCLib/inc\xmc_usic.h ****  *
1485:D:/Projekty/TrinityTrack6000/MainControlBoard/Infineon/XMC4200/Libraries/XMCLib/inc\xmc_usic.h ****  * \par<b>Related APIs:</b><BR>
1486:D:/Projekty/TrinityTrack6000/MainControlBoard/Infineon/XMC4200/Libraries/XMCLib/inc\xmc_usic.h ****  * XMC_USIC_CH_DisableTBUFDataValidTrigger()\n\n\n
1487:D:/Projekty/TrinityTrack6000/MainControlBoard/Infineon/XMC4200/Libraries/XMCLib/inc\xmc_usic.h ****  */
1488:D:/Projekty/TrinityTrack6000/MainControlBoard/Infineon/XMC4200/Libraries/XMCLib/inc\xmc_usic.h **** __STATIC_INLINE void XMC_USIC_CH_EnableTBUFDataValidTrigger(XMC_USIC_CH_t *const channel)
1489:D:/Projekty/TrinityTrack6000/MainControlBoard/Infineon/XMC4200/Libraries/XMCLib/inc\xmc_usic.h **** {
1490:D:/Projekty/TrinityTrack6000/MainControlBoard/Infineon/XMC4200/Libraries/XMCLib/inc\xmc_usic.h ****   channel->TCSR |= (uint32_t)USIC_CH_TCSR_TDVTR_Msk;
1491:D:/Projekty/TrinityTrack6000/MainControlBoard/Infineon/XMC4200/Libraries/XMCLib/inc\xmc_usic.h **** }
1492:D:/Projekty/TrinityTrack6000/MainControlBoard/Infineon/XMC4200/Libraries/XMCLib/inc\xmc_usic.h **** 
1493:D:/Projekty/TrinityTrack6000/MainControlBoard/Infineon/XMC4200/Libraries/XMCLib/inc\xmc_usic.h **** /**
1494:D:/Projekty/TrinityTrack6000/MainControlBoard/Infineon/XMC4200/Libraries/XMCLib/inc\xmc_usic.h ****  * @param  channel Pointer to USIC channel handler of type @ref XMC_USIC_CH_t \n
1495:D:/Projekty/TrinityTrack6000/MainControlBoard/Infineon/XMC4200/Libraries/XMCLib/inc\xmc_usic.h ****  * 				   \b Range: @ref XMC_USIC0_CH0, @ref XMC_USIC0_CH1 to @ref XMC_USIC2_CH1 based on device su
1496:D:/Projekty/TrinityTrack6000/MainControlBoard/Infineon/XMC4200/Libraries/XMCLib/inc\xmc_usic.h ****  * @return None
1497:D:/Projekty/TrinityTrack6000/MainControlBoard/Infineon/XMC4200/Libraries/XMCLib/inc\xmc_usic.h ****  *
1498:D:/Projekty/TrinityTrack6000/MainControlBoard/Infineon/XMC4200/Libraries/XMCLib/inc\xmc_usic.h ****  * \par<b>Description</b><br>
1499:D:/Projekty/TrinityTrack6000/MainControlBoard/Infineon/XMC4200/Libraries/XMCLib/inc\xmc_usic.h ****  * Disables the trigger of TDV depending on DX2T signal. \n\n
1500:D:/Projekty/TrinityTrack6000/MainControlBoard/Infineon/XMC4200/Libraries/XMCLib/inc\xmc_usic.h ****  * Bit TCSR.TE is permanently set.
1501:D:/Projekty/TrinityTrack6000/MainControlBoard/Infineon/XMC4200/Libraries/XMCLib/inc\xmc_usic.h ****  *
1502:D:/Projekty/TrinityTrack6000/MainControlBoard/Infineon/XMC4200/Libraries/XMCLib/inc\xmc_usic.h ****  * \par<b>Related APIs:</b><BR>
1503:D:/Projekty/TrinityTrack6000/MainControlBoard/Infineon/XMC4200/Libraries/XMCLib/inc\xmc_usic.h ****  * XMC_USIC_CH_EnableTBUFDataValidTrigger() \n\n\n
1504:D:/Projekty/TrinityTrack6000/MainControlBoard/Infineon/XMC4200/Libraries/XMCLib/inc\xmc_usic.h ****  */
1505:D:/Projekty/TrinityTrack6000/MainControlBoard/Infineon/XMC4200/Libraries/XMCLib/inc\xmc_usic.h **** __STATIC_INLINE void XMC_USIC_CH_DisableTBUFDataValidTrigger(XMC_USIC_CH_t *const channel)
1506:D:/Projekty/TrinityTrack6000/MainControlBoard/Infineon/XMC4200/Libraries/XMCLib/inc\xmc_usic.h **** {
1507:D:/Projekty/TrinityTrack6000/MainControlBoard/Infineon/XMC4200/Libraries/XMCLib/inc\xmc_usic.h ****   channel->TCSR &= (uint32_t)~USIC_CH_TCSR_TDVTR_Msk;
1508:D:/Projekty/TrinityTrack6000/MainControlBoard/Infineon/XMC4200/Libraries/XMCLib/inc\xmc_usic.h **** }
1509:D:/Projekty/TrinityTrack6000/MainControlBoard/Infineon/XMC4200/Libraries/XMCLib/inc\xmc_usic.h **** 
1510:D:/Projekty/TrinityTrack6000/MainControlBoard/Infineon/XMC4200/Libraries/XMCLib/inc\xmc_usic.h **** /**
1511:D:/Projekty/TrinityTrack6000/MainControlBoard/Infineon/XMC4200/Libraries/XMCLib/inc\xmc_usic.h ****  * @param  channel Pointer to USIC channel handler of type @ref XMC_USIC_CH_t \n
1512:D:/Projekty/TrinityTrack6000/MainControlBoard/Infineon/XMC4200/Libraries/XMCLib/inc\xmc_usic.h ****  * 				   \b Range: @ref XMC_USIC0_CH0, @ref XMC_USIC0_CH1 to @ref XMC_USIC2_CH1 based on device su
1513:D:/Projekty/TrinityTrack6000/MainControlBoard/Infineon/XMC4200/Libraries/XMCLib/inc\xmc_usic.h ****  * @param  service_request_line service request number of the event to be triggered. \n
1514:D:/Projekty/TrinityTrack6000/MainControlBoard/Infineon/XMC4200/Libraries/XMCLib/inc\xmc_usic.h ****  * 			\b Range: 0 to 5.
1515:D:/Projekty/TrinityTrack6000/MainControlBoard/Infineon/XMC4200/Libraries/XMCLib/inc\xmc_usic.h ****  * @return None
1516:D:/Projekty/TrinityTrack6000/MainControlBoard/Infineon/XMC4200/Libraries/XMCLib/inc\xmc_usic.h ****  *
1517:D:/Projekty/TrinityTrack6000/MainControlBoard/Infineon/XMC4200/Libraries/XMCLib/inc\xmc_usic.h ****  * \par<b>Description</b><br>
1518:D:/Projekty/TrinityTrack6000/MainControlBoard/Infineon/XMC4200/Libraries/XMCLib/inc\xmc_usic.h ****  * Trigger a USIC interrupt service request.\n\n
1519:D:/Projekty/TrinityTrack6000/MainControlBoard/Infineon/XMC4200/Libraries/XMCLib/inc\xmc_usic.h ****  * When the USIC service request is triggered, the NVIC interrupt associated with it will be
1520:D:/Projekty/TrinityTrack6000/MainControlBoard/Infineon/XMC4200/Libraries/XMCLib/inc\xmc_usic.h ****  * generated if enabled.
1521:D:/Projekty/TrinityTrack6000/MainControlBoard/Infineon/XMC4200/Libraries/XMCLib/inc\xmc_usic.h ****  *
1522:D:/Projekty/TrinityTrack6000/MainControlBoard/Infineon/XMC4200/Libraries/XMCLib/inc\xmc_usic.h ****  * \par<b>Related APIs:</b><BR>
1523:D:/Projekty/TrinityTrack6000/MainControlBoard/Infineon/XMC4200/Libraries/XMCLib/inc\xmc_usic.h ****  * XMC_USIC_CH_SetInterruptNodePointer() \n\n\n
1524:D:/Projekty/TrinityTrack6000/MainControlBoard/Infineon/XMC4200/Libraries/XMCLib/inc\xmc_usic.h ****  */
1525:D:/Projekty/TrinityTrack6000/MainControlBoard/Infineon/XMC4200/Libraries/XMCLib/inc\xmc_usic.h **** __STATIC_INLINE void XMC_USIC_CH_TriggerServiceRequest(XMC_USIC_CH_t *const channel, const uint32_t
1526:D:/Projekty/TrinityTrack6000/MainControlBoard/Infineon/XMC4200/Libraries/XMCLib/inc\xmc_usic.h **** {
1527:D:/Projekty/TrinityTrack6000/MainControlBoard/Infineon/XMC4200/Libraries/XMCLib/inc\xmc_usic.h ****   channel->FMR = (uint32_t)(USIC_CH_FMR_SIO0_Msk << service_request_line);
1528:D:/Projekty/TrinityTrack6000/MainControlBoard/Infineon/XMC4200/Libraries/XMCLib/inc\xmc_usic.h **** }
1529:D:/Projekty/TrinityTrack6000/MainControlBoard/Infineon/XMC4200/Libraries/XMCLib/inc\xmc_usic.h **** 
1530:D:/Projekty/TrinityTrack6000/MainControlBoard/Infineon/XMC4200/Libraries/XMCLib/inc\xmc_usic.h **** /**
1531:D:/Projekty/TrinityTrack6000/MainControlBoard/Infineon/XMC4200/Libraries/XMCLib/inc\xmc_usic.h ****  * @param  channel Pointer to USIC channel handler of type @ref XMC_USIC_CH_t \n
1532:D:/Projekty/TrinityTrack6000/MainControlBoard/Infineon/XMC4200/Libraries/XMCLib/inc\xmc_usic.h ****  * 				   \b Range: @ref XMC_USIC0_CH0, @ref XMC_USIC0_CH1 to @ref XMC_USIC2_CH1 based on device su
1533:D:/Projekty/TrinityTrack6000/MainControlBoard/Infineon/XMC4200/Libraries/XMCLib/inc\xmc_usic.h ****  * @param  transmit_buffer_status clearing or setting the TDV flag. \n
1534:D:/Projekty/TrinityTrack6000/MainControlBoard/Infineon/XMC4200/Libraries/XMCLib/inc\xmc_usic.h ****  *
1535:D:/Projekty/TrinityTrack6000/MainControlBoard/Infineon/XMC4200/Libraries/XMCLib/inc\xmc_usic.h ****  * @return None
1536:D:/Projekty/TrinityTrack6000/MainControlBoard/Infineon/XMC4200/Libraries/XMCLib/inc\xmc_usic.h ****  *
1537:D:/Projekty/TrinityTrack6000/MainControlBoard/Infineon/XMC4200/Libraries/XMCLib/inc\xmc_usic.h ****  * \par<b>Description</b><br>
1538:D:/Projekty/TrinityTrack6000/MainControlBoard/Infineon/XMC4200/Libraries/XMCLib/inc\xmc_usic.h ****  * Modify TCSR.TDV and TCSR.TE to control the start of a data word transmission by software.
1539:D:/Projekty/TrinityTrack6000/MainControlBoard/Infineon/XMC4200/Libraries/XMCLib/inc\xmc_usic.h ****  *
1540:D:/Projekty/TrinityTrack6000/MainControlBoard/Infineon/XMC4200/Libraries/XMCLib/inc\xmc_usic.h ****  * \par<b>Related APIs:</b><BR>
1541:D:/Projekty/TrinityTrack6000/MainControlBoard/Infineon/XMC4200/Libraries/XMCLib/inc\xmc_usic.h ****  * XMC_USIC_CH_GetTransmitBufferStatus() \n\n\n
1542:D:/Projekty/TrinityTrack6000/MainControlBoard/Infineon/XMC4200/Libraries/XMCLib/inc\xmc_usic.h ****  */
1543:D:/Projekty/TrinityTrack6000/MainControlBoard/Infineon/XMC4200/Libraries/XMCLib/inc\xmc_usic.h **** __STATIC_INLINE void XMC_USIC_CH_SetTransmitBufferStatus(XMC_USIC_CH_t *const channel,
1544:D:/Projekty/TrinityTrack6000/MainControlBoard/Infineon/XMC4200/Libraries/XMCLib/inc\xmc_usic.h ****     const XMC_USIC_CH_TBUF_STATUS_SET_t transmit_buffer_status)
1545:D:/Projekty/TrinityTrack6000/MainControlBoard/Infineon/XMC4200/Libraries/XMCLib/inc\xmc_usic.h **** {
1546:D:/Projekty/TrinityTrack6000/MainControlBoard/Infineon/XMC4200/Libraries/XMCLib/inc\xmc_usic.h ****   channel->FMR = (uint32_t)transmit_buffer_status;
1547:D:/Projekty/TrinityTrack6000/MainControlBoard/Infineon/XMC4200/Libraries/XMCLib/inc\xmc_usic.h **** }
1548:D:/Projekty/TrinityTrack6000/MainControlBoard/Infineon/XMC4200/Libraries/XMCLib/inc\xmc_usic.h **** 
1549:D:/Projekty/TrinityTrack6000/MainControlBoard/Infineon/XMC4200/Libraries/XMCLib/inc\xmc_usic.h **** /**
1550:D:/Projekty/TrinityTrack6000/MainControlBoard/Infineon/XMC4200/Libraries/XMCLib/inc\xmc_usic.h ****  * @param  channel Pointer to USIC channel handler of type @ref XMC_USIC_CH_t \n
1551:D:/Projekty/TrinityTrack6000/MainControlBoard/Infineon/XMC4200/Libraries/XMCLib/inc\xmc_usic.h ****  * 				   \b Range: @ref XMC_USIC0_CH0, @ref XMC_USIC0_CH1 to @ref XMC_USIC2_CH1 based on device su
1552:D:/Projekty/TrinityTrack6000/MainControlBoard/Infineon/XMC4200/Libraries/XMCLib/inc\xmc_usic.h ****  *
1553:D:/Projekty/TrinityTrack6000/MainControlBoard/Infineon/XMC4200/Libraries/XMCLib/inc\xmc_usic.h ****  * @return None
1554:D:/Projekty/TrinityTrack6000/MainControlBoard/Infineon/XMC4200/Libraries/XMCLib/inc\xmc_usic.h ****  *
1555:D:/Projekty/TrinityTrack6000/MainControlBoard/Infineon/XMC4200/Libraries/XMCLib/inc\xmc_usic.h ****  * \par<b>Description</b><br>
1556:D:/Projekty/TrinityTrack6000/MainControlBoard/Infineon/XMC4200/Libraries/XMCLib/inc\xmc_usic.h ****  * Modify TCSR.TDV and TCSR.TE to control the start of a data word transmission by software.
1557:D:/Projekty/TrinityTrack6000/MainControlBoard/Infineon/XMC4200/Libraries/XMCLib/inc\xmc_usic.h ****  *
1558:D:/Projekty/TrinityTrack6000/MainControlBoard/Infineon/XMC4200/Libraries/XMCLib/inc\xmc_usic.h ****  * \par<b>Related APIs:</b><BR>
1559:D:/Projekty/TrinityTrack6000/MainControlBoard/Infineon/XMC4200/Libraries/XMCLib/inc\xmc_usic.h ****  * XMC_USIC_CH_GetTransmitBufferStatus() \n\n\n
1560:D:/Projekty/TrinityTrack6000/MainControlBoard/Infineon/XMC4200/Libraries/XMCLib/inc\xmc_usic.h ****  */
1561:D:/Projekty/TrinityTrack6000/MainControlBoard/Infineon/XMC4200/Libraries/XMCLib/inc\xmc_usic.h **** __STATIC_INLINE void XMC_USIC_CH_InvalidateReadData(XMC_USIC_CH_t *const channel)
1562:D:/Projekty/TrinityTrack6000/MainControlBoard/Infineon/XMC4200/Libraries/XMCLib/inc\xmc_usic.h **** {
1563:D:/Projekty/TrinityTrack6000/MainControlBoard/Infineon/XMC4200/Libraries/XMCLib/inc\xmc_usic.h ****   channel->FMR = USIC_CH_FMR_CRDV0_Msk | USIC_CH_FMR_CRDV1_Msk;
1564:D:/Projekty/TrinityTrack6000/MainControlBoard/Infineon/XMC4200/Libraries/XMCLib/inc\xmc_usic.h **** }
1565:D:/Projekty/TrinityTrack6000/MainControlBoard/Infineon/XMC4200/Libraries/XMCLib/inc\xmc_usic.h **** 
1566:D:/Projekty/TrinityTrack6000/MainControlBoard/Infineon/XMC4200/Libraries/XMCLib/inc\xmc_usic.h **** 
1567:D:/Projekty/TrinityTrack6000/MainControlBoard/Infineon/XMC4200/Libraries/XMCLib/inc\xmc_usic.h **** /**
1568:D:/Projekty/TrinityTrack6000/MainControlBoard/Infineon/XMC4200/Libraries/XMCLib/inc\xmc_usic.h ****  * @param  channel Pointer to USIC channel handler of type @ref XMC_USIC_CH_t \n
1569:D:/Projekty/TrinityTrack6000/MainControlBoard/Infineon/XMC4200/Libraries/XMCLib/inc\xmc_usic.h ****  * 				   \b Range: @ref XMC_USIC0_CH0, @ref XMC_USIC0_CH1 to @ref XMC_USIC2_CH1 based on device su
1570:D:/Projekty/TrinityTrack6000/MainControlBoard/Infineon/XMC4200/Libraries/XMCLib/inc\xmc_usic.h ****  * @param  passive_level Value of passive level for the channel. \n
1571:D:/Projekty/TrinityTrack6000/MainControlBoard/Infineon/XMC4200/Libraries/XMCLib/inc\xmc_usic.h ****  * 			\b Range: @ref XMC_USIC_CH_PASSIVE_DATA_LEVEL0, @ref XMC_USIC_CH_PASSIVE_DATA_LEVEL1
1572:D:/Projekty/TrinityTrack6000/MainControlBoard/Infineon/XMC4200/Libraries/XMCLib/inc\xmc_usic.h ****  * @return None
1573:D:/Projekty/TrinityTrack6000/MainControlBoard/Infineon/XMC4200/Libraries/XMCLib/inc\xmc_usic.h ****  *
1574:D:/Projekty/TrinityTrack6000/MainControlBoard/Infineon/XMC4200/Libraries/XMCLib/inc\xmc_usic.h ****  * \par<b>Description</b><br>
1575:D:/Projekty/TrinityTrack6000/MainControlBoard/Infineon/XMC4200/Libraries/XMCLib/inc\xmc_usic.h ****  * Set the passive data level of the output signal. \n\n
1576:D:/Projekty/TrinityTrack6000/MainControlBoard/Infineon/XMC4200/Libraries/XMCLib/inc\xmc_usic.h ****  * When the USIC channel transmit stage is idle, the output signal level stays at the
1577:D:/Projekty/TrinityTrack6000/MainControlBoard/Infineon/XMC4200/Libraries/XMCLib/inc\xmc_usic.h ****  * configured passive level.
1578:D:/Projekty/TrinityTrack6000/MainControlBoard/Infineon/XMC4200/Libraries/XMCLib/inc\xmc_usic.h ****  *
1579:D:/Projekty/TrinityTrack6000/MainControlBoard/Infineon/XMC4200/Libraries/XMCLib/inc\xmc_usic.h ****  * \par<b>Related APIs:</b><BR>
1580:D:/Projekty/TrinityTrack6000/MainControlBoard/Infineon/XMC4200/Libraries/XMCLib/inc\xmc_usic.h ****  * XMC_USIC_CH_GetTransmitBufferStatus(), XMC_USIC_CH_SetStartTransmisionMode() \n\n\n
1581:D:/Projekty/TrinityTrack6000/MainControlBoard/Infineon/XMC4200/Libraries/XMCLib/inc\xmc_usic.h ****  */
1582:D:/Projekty/TrinityTrack6000/MainControlBoard/Infineon/XMC4200/Libraries/XMCLib/inc\xmc_usic.h **** __STATIC_INLINE void XMC_USIC_CH_SetPassiveDataLevel(XMC_USIC_CH_t *const channel,
1583:D:/Projekty/TrinityTrack6000/MainControlBoard/Infineon/XMC4200/Libraries/XMCLib/inc\xmc_usic.h ****     const XMC_USIC_CH_PASSIVE_DATA_LEVEL_t passive_level)
1584:D:/Projekty/TrinityTrack6000/MainControlBoard/Infineon/XMC4200/Libraries/XMCLib/inc\xmc_usic.h **** {
1585:D:/Projekty/TrinityTrack6000/MainControlBoard/Infineon/XMC4200/Libraries/XMCLib/inc\xmc_usic.h ****   channel->SCTR &= (~USIC_CH_SCTR_PDL_Msk);
1586:D:/Projekty/TrinityTrack6000/MainControlBoard/Infineon/XMC4200/Libraries/XMCLib/inc\xmc_usic.h ****   channel->SCTR |= (uint32_t)passive_level;
1587:D:/Projekty/TrinityTrack6000/MainControlBoard/Infineon/XMC4200/Libraries/XMCLib/inc\xmc_usic.h **** }
1588:D:/Projekty/TrinityTrack6000/MainControlBoard/Infineon/XMC4200/Libraries/XMCLib/inc\xmc_usic.h **** 
1589:D:/Projekty/TrinityTrack6000/MainControlBoard/Infineon/XMC4200/Libraries/XMCLib/inc\xmc_usic.h **** /* TX FIFO APIs */
1590:D:/Projekty/TrinityTrack6000/MainControlBoard/Infineon/XMC4200/Libraries/XMCLib/inc\xmc_usic.h **** /**
1591:D:/Projekty/TrinityTrack6000/MainControlBoard/Infineon/XMC4200/Libraries/XMCLib/inc\xmc_usic.h ****  * @param channel Pointer to USIC channel handler of type @ref XMC_USIC_CH_t \n
1592:D:/Projekty/TrinityTrack6000/MainControlBoard/Infineon/XMC4200/Libraries/XMCLib/inc\xmc_usic.h ****  * 				   \b Range: @ref XMC_USIC0_CH0, @ref XMC_USIC0_CH1 to @ref XMC_USIC2_CH1 based on device su
1593:D:/Projekty/TrinityTrack6000/MainControlBoard/Infineon/XMC4200/Libraries/XMCLib/inc\xmc_usic.h ****  * @param data_pointer Start position inside the FIFO buffer. \n
1594:D:/Projekty/TrinityTrack6000/MainControlBoard/Infineon/XMC4200/Libraries/XMCLib/inc\xmc_usic.h ****  * 		\b Range: 0 to 63.
1595:D:/Projekty/TrinityTrack6000/MainControlBoard/Infineon/XMC4200/Libraries/XMCLib/inc\xmc_usic.h ****  * @param size Required size of the transmit FIFO. \n
1596:D:/Projekty/TrinityTrack6000/MainControlBoard/Infineon/XMC4200/Libraries/XMCLib/inc\xmc_usic.h ****  * 		\b Range: @ref XMC_USIC_CH_FIFO_DISABLED, @ref XMC_USIC_CH_FIFO_SIZE_2WORDS.. @ref XMC_USIC_CH
1597:D:/Projekty/TrinityTrack6000/MainControlBoard/Infineon/XMC4200/Libraries/XMCLib/inc\xmc_usic.h ****  * @param limit Threshold of transmit FIFO filling level to be considered for generating events. \n
1598:D:/Projekty/TrinityTrack6000/MainControlBoard/Infineon/XMC4200/Libraries/XMCLib/inc\xmc_usic.h ****  * 		\b Range: 0 to \a size -1.
1599:D:/Projekty/TrinityTrack6000/MainControlBoard/Infineon/XMC4200/Libraries/XMCLib/inc\xmc_usic.h ****  * @return None
1600:D:/Projekty/TrinityTrack6000/MainControlBoard/Infineon/XMC4200/Libraries/XMCLib/inc\xmc_usic.h ****  *
1601:D:/Projekty/TrinityTrack6000/MainControlBoard/Infineon/XMC4200/Libraries/XMCLib/inc\xmc_usic.h ****  * \par<b>Description</b><br>
1602:D:/Projekty/TrinityTrack6000/MainControlBoard/Infineon/XMC4200/Libraries/XMCLib/inc\xmc_usic.h ****  * Initializes the transmit FIFO. \n\n
1603:D:/Projekty/TrinityTrack6000/MainControlBoard/Infineon/XMC4200/Libraries/XMCLib/inc\xmc_usic.h ****  * Transmit FIFO is a subset of a common FIFO sized 64 words. This FIFO is shared between 2 channel
1604:D:/Projekty/TrinityTrack6000/MainControlBoard/Infineon/XMC4200/Libraries/XMCLib/inc\xmc_usic.h ****  * Each channel can share the FIFO for transmission and reception. \a data_pointer represents the s
1605:D:/Projekty/TrinityTrack6000/MainControlBoard/Infineon/XMC4200/Libraries/XMCLib/inc\xmc_usic.h ****  * from where transmit data can be put, for the selected USIC channel. \a size represents the size 
1606:D:/Projekty/TrinityTrack6000/MainControlBoard/Infineon/XMC4200/Libraries/XMCLib/inc\xmc_usic.h ****  * 2. Since the FIFO is shared between 2 USIC channels, FIFO size should be carefully selected. A F
1607:D:/Projekty/TrinityTrack6000/MainControlBoard/Infineon/XMC4200/Libraries/XMCLib/inc\xmc_usic.h ****  * event is generated when the FIFO filling level falls below the \a limit value.
1608:D:/Projekty/TrinityTrack6000/MainControlBoard/Infineon/XMC4200/Libraries/XMCLib/inc\xmc_usic.h ****  *
1609:D:/Projekty/TrinityTrack6000/MainControlBoard/Infineon/XMC4200/Libraries/XMCLib/inc\xmc_usic.h ****  * \par<b>Related APIs:</b><BR>
1610:D:/Projekty/TrinityTrack6000/MainControlBoard/Infineon/XMC4200/Libraries/XMCLib/inc\xmc_usic.h ****  * XMC_USIC_CH_TXFIFO_EnableEvent(), XMC_USIC_CH_TXFIFO_SetInterruptNodePointer() \n\n\n
1611:D:/Projekty/TrinityTrack6000/MainControlBoard/Infineon/XMC4200/Libraries/XMCLib/inc\xmc_usic.h ****  */
1612:D:/Projekty/TrinityTrack6000/MainControlBoard/Infineon/XMC4200/Libraries/XMCLib/inc\xmc_usic.h **** void XMC_USIC_CH_TXFIFO_Configure(XMC_USIC_CH_t *const channel,
1613:D:/Projekty/TrinityTrack6000/MainControlBoard/Infineon/XMC4200/Libraries/XMCLib/inc\xmc_usic.h ****                                   const uint32_t data_pointer,
1614:D:/Projekty/TrinityTrack6000/MainControlBoard/Infineon/XMC4200/Libraries/XMCLib/inc\xmc_usic.h ****                                   const XMC_USIC_CH_FIFO_SIZE_t size,
1615:D:/Projekty/TrinityTrack6000/MainControlBoard/Infineon/XMC4200/Libraries/XMCLib/inc\xmc_usic.h ****                                   const uint32_t limit);
1616:D:/Projekty/TrinityTrack6000/MainControlBoard/Infineon/XMC4200/Libraries/XMCLib/inc\xmc_usic.h **** 
1617:D:/Projekty/TrinityTrack6000/MainControlBoard/Infineon/XMC4200/Libraries/XMCLib/inc\xmc_usic.h **** /**
1618:D:/Projekty/TrinityTrack6000/MainControlBoard/Infineon/XMC4200/Libraries/XMCLib/inc\xmc_usic.h ****  * @param channel Pointer to USIC channel handler of type @ref XMC_USIC_CH_t \n
1619:D:/Projekty/TrinityTrack6000/MainControlBoard/Infineon/XMC4200/Libraries/XMCLib/inc\xmc_usic.h ****  * 				   \b Range: @ref XMC_USIC0_CH0, @ref XMC_USIC0_CH1 to @ref XMC_USIC2_CH1 based on device su
1620:D:/Projekty/TrinityTrack6000/MainControlBoard/Infineon/XMC4200/Libraries/XMCLib/inc\xmc_usic.h ****  * @param size Required size of the transmit FIFO. \n
1621:D:/Projekty/TrinityTrack6000/MainControlBoard/Infineon/XMC4200/Libraries/XMCLib/inc\xmc_usic.h ****  * 		\b Range: @ref XMC_USIC_CH_FIFO_DISABLED, @ref XMC_USIC_CH_FIFO_SIZE_2WORDS.. @ref XMC_USIC_CH
1622:D:/Projekty/TrinityTrack6000/MainControlBoard/Infineon/XMC4200/Libraries/XMCLib/inc\xmc_usic.h ****  * @param limit Threshold for transmit FIFO filling level to be considered for generating events. \
1623:D:/Projekty/TrinityTrack6000/MainControlBoard/Infineon/XMC4200/Libraries/XMCLib/inc\xmc_usic.h ****  * 		\b Range: 0 to \a size -1.
1624:D:/Projekty/TrinityTrack6000/MainControlBoard/Infineon/XMC4200/Libraries/XMCLib/inc\xmc_usic.h ****  * @return None
1625:D:/Projekty/TrinityTrack6000/MainControlBoard/Infineon/XMC4200/Libraries/XMCLib/inc\xmc_usic.h ****  *
1626:D:/Projekty/TrinityTrack6000/MainControlBoard/Infineon/XMC4200/Libraries/XMCLib/inc\xmc_usic.h ****  * \deprecated { Use XMC_USIC_CH_TXFIFO_SetSizeTriggerLimit() }
1627:D:/Projekty/TrinityTrack6000/MainControlBoard/Infineon/XMC4200/Libraries/XMCLib/inc\xmc_usic.h ****  *
1628:D:/Projekty/TrinityTrack6000/MainControlBoard/Infineon/XMC4200/Libraries/XMCLib/inc\xmc_usic.h ****  * \par<b>Description</b><br>
1629:D:/Projekty/TrinityTrack6000/MainControlBoard/Infineon/XMC4200/Libraries/XMCLib/inc\xmc_usic.h ****  * Sets the size and trigger limit for the transmit FIFO. \n\n
1630:D:/Projekty/TrinityTrack6000/MainControlBoard/Infineon/XMC4200/Libraries/XMCLib/inc\xmc_usic.h ****  * The API is not to be called for initializing the transmit FIFO. The API shall be used for the
1631:D:/Projekty/TrinityTrack6000/MainControlBoard/Infineon/XMC4200/Libraries/XMCLib/inc\xmc_usic.h ****  * runtime change of transmit FIFO trigger limit. FIFO start position will not be affected on execu
1632:D:/Projekty/TrinityTrack6000/MainControlBoard/Infineon/XMC4200/Libraries/XMCLib/inc\xmc_usic.h ****  *
1633:D:/Projekty/TrinityTrack6000/MainControlBoard/Infineon/XMC4200/Libraries/XMCLib/inc\xmc_usic.h ****  * \par<b>Related APIs:</b><BR>
1634:D:/Projekty/TrinityTrack6000/MainControlBoard/Infineon/XMC4200/Libraries/XMCLib/inc\xmc_usic.h ****  * XMC_USIC_CH_RXFIFO_SetSizeTriggerLimit() \n\n\n
1635:D:/Projekty/TrinityTrack6000/MainControlBoard/Infineon/XMC4200/Libraries/XMCLib/inc\xmc_usic.h ****  */
1636:D:/Projekty/TrinityTrack6000/MainControlBoard/Infineon/XMC4200/Libraries/XMCLib/inc\xmc_usic.h **** void XMC_USIC_CH_TXFIFO_SetSizeTriggerLimit(XMC_USIC_CH_t *const channel,
1637:D:/Projekty/TrinityTrack6000/MainControlBoard/Infineon/XMC4200/Libraries/XMCLib/inc\xmc_usic.h ****     const XMC_USIC_CH_FIFO_SIZE_t size,
1638:D:/Projekty/TrinityTrack6000/MainControlBoard/Infineon/XMC4200/Libraries/XMCLib/inc\xmc_usic.h ****     const uint32_t limit);
1639:D:/Projekty/TrinityTrack6000/MainControlBoard/Infineon/XMC4200/Libraries/XMCLib/inc\xmc_usic.h **** 
1640:D:/Projekty/TrinityTrack6000/MainControlBoard/Infineon/XMC4200/Libraries/XMCLib/inc\xmc_usic.h **** 
1641:D:/Projekty/TrinityTrack6000/MainControlBoard/Infineon/XMC4200/Libraries/XMCLib/inc\xmc_usic.h **** /**
1642:D:/Projekty/TrinityTrack6000/MainControlBoard/Infineon/XMC4200/Libraries/XMCLib/inc\xmc_usic.h ****  * @param channel Pointer to USIC channel handler of type @ref XMC_USIC_CH_t \n
1643:D:/Projekty/TrinityTrack6000/MainControlBoard/Infineon/XMC4200/Libraries/XMCLib/inc\xmc_usic.h ****  * 				   \b Range: @ref XMC_USIC0_CH0, @ref XMC_USIC0_CH1 to @ref XMC_USIC2_CH1 based on device su
1644:D:/Projekty/TrinityTrack6000/MainControlBoard/Infineon/XMC4200/Libraries/XMCLib/inc\xmc_usic.h ****  * @param limit Threshold for transmit FIFO filling level to be considered for generating events. \
1645:D:/Projekty/TrinityTrack6000/MainControlBoard/Infineon/XMC4200/Libraries/XMCLib/inc\xmc_usic.h ****  * 		\b Range: 0 to \a fifo size -1.
1646:D:/Projekty/TrinityTrack6000/MainControlBoard/Infineon/XMC4200/Libraries/XMCLib/inc\xmc_usic.h ****  * @return None
1647:D:/Projekty/TrinityTrack6000/MainControlBoard/Infineon/XMC4200/Libraries/XMCLib/inc\xmc_usic.h ****  *
1648:D:/Projekty/TrinityTrack6000/MainControlBoard/Infineon/XMC4200/Libraries/XMCLib/inc\xmc_usic.h ****  * \par<b>Description</b><br>
1649:D:/Projekty/TrinityTrack6000/MainControlBoard/Infineon/XMC4200/Libraries/XMCLib/inc\xmc_usic.h ****  * Sets the trigger limit for the TX FIFO. \n\n
1650:D:/Projekty/TrinityTrack6000/MainControlBoard/Infineon/XMC4200/Libraries/XMCLib/inc\xmc_usic.h ****  *
1651:D:/Projekty/TrinityTrack6000/MainControlBoard/Infineon/XMC4200/Libraries/XMCLib/inc\xmc_usic.h ****  * \par<b>Related APIs:</b><BR>
1652:D:/Projekty/TrinityTrack6000/MainControlBoard/Infineon/XMC4200/Libraries/XMCLib/inc\xmc_usic.h ****  * XMC_USIC_CH_RXFIFO_SetSizeTriggerLimit() \n\n\n
1653:D:/Projekty/TrinityTrack6000/MainControlBoard/Infineon/XMC4200/Libraries/XMCLib/inc\xmc_usic.h ****  */
1654:D:/Projekty/TrinityTrack6000/MainControlBoard/Infineon/XMC4200/Libraries/XMCLib/inc\xmc_usic.h **** __STATIC_INLINE void XMC_USIC_CH_TXFIFO_SetTriggerLimit(XMC_USIC_CH_t *const channel,
1655:D:/Projekty/TrinityTrack6000/MainControlBoard/Infineon/XMC4200/Libraries/XMCLib/inc\xmc_usic.h ****     const uint32_t limit)
1656:D:/Projekty/TrinityTrack6000/MainControlBoard/Infineon/XMC4200/Libraries/XMCLib/inc\xmc_usic.h **** {
1657:D:/Projekty/TrinityTrack6000/MainControlBoard/Infineon/XMC4200/Libraries/XMCLib/inc\xmc_usic.h ****   channel->TBCTR = (channel->TBCTR & (uint32_t)~USIC_CH_TBCTR_LIMIT_Msk) | ((limit << USIC_CH_TBCTR
1658:D:/Projekty/TrinityTrack6000/MainControlBoard/Infineon/XMC4200/Libraries/XMCLib/inc\xmc_usic.h **** }
1659:D:/Projekty/TrinityTrack6000/MainControlBoard/Infineon/XMC4200/Libraries/XMCLib/inc\xmc_usic.h **** 
1660:D:/Projekty/TrinityTrack6000/MainControlBoard/Infineon/XMC4200/Libraries/XMCLib/inc\xmc_usic.h **** 
1661:D:/Projekty/TrinityTrack6000/MainControlBoard/Infineon/XMC4200/Libraries/XMCLib/inc\xmc_usic.h **** 
1662:D:/Projekty/TrinityTrack6000/MainControlBoard/Infineon/XMC4200/Libraries/XMCLib/inc\xmc_usic.h **** /**
1663:D:/Projekty/TrinityTrack6000/MainControlBoard/Infineon/XMC4200/Libraries/XMCLib/inc\xmc_usic.h ****  * @param channel Pointer to USIC channel handler of type @ref XMC_USIC_CH_t \n
1664:D:/Projekty/TrinityTrack6000/MainControlBoard/Infineon/XMC4200/Libraries/XMCLib/inc\xmc_usic.h ****  * 				   \b Range: @ref XMC_USIC0_CH0, @ref XMC_USIC0_CH1 to @ref XMC_USIC2_CH1 based on device su
1665:D:/Projekty/TrinityTrack6000/MainControlBoard/Infineon/XMC4200/Libraries/XMCLib/inc\xmc_usic.h ****  * @param event Events to be enabled. Multiple events can be bitwise OR combined. @ref XMC_USIC_CH_
1666:D:/Projekty/TrinityTrack6000/MainControlBoard/Infineon/XMC4200/Libraries/XMCLib/inc\xmc_usic.h ****  * @return None
1667:D:/Projekty/TrinityTrack6000/MainControlBoard/Infineon/XMC4200/Libraries/XMCLib/inc\xmc_usic.h ****  *
1668:D:/Projekty/TrinityTrack6000/MainControlBoard/Infineon/XMC4200/Libraries/XMCLib/inc\xmc_usic.h ****  * \par<b>Description</b><br>
1669:D:/Projekty/TrinityTrack6000/MainControlBoard/Infineon/XMC4200/Libraries/XMCLib/inc\xmc_usic.h ****  * Enables the interrupt events related to transmit FIFO. \n\n
1670:D:/Projekty/TrinityTrack6000/MainControlBoard/Infineon/XMC4200/Libraries/XMCLib/inc\xmc_usic.h ****  * Event bitmasks can be constructed using the enumeration @ref XMC_USIC_CH_TXFIFO_EVENT_CONF_t.
1671:D:/Projekty/TrinityTrack6000/MainControlBoard/Infineon/XMC4200/Libraries/XMCLib/inc\xmc_usic.h ****  * Multiple events can be enabled by providing multiple events in a single call. For providing
1672:D:/Projekty/TrinityTrack6000/MainControlBoard/Infineon/XMC4200/Libraries/XMCLib/inc\xmc_usic.h ****  * multiple events, combine the events using bitwise OR operation. Events are configured in the TBC
1673:D:/Projekty/TrinityTrack6000/MainControlBoard/Infineon/XMC4200/Libraries/XMCLib/inc\xmc_usic.h ****  *
1674:D:/Projekty/TrinityTrack6000/MainControlBoard/Infineon/XMC4200/Libraries/XMCLib/inc\xmc_usic.h ****  * Note: API only enables the events. For interrupt generation, interrupt node must be configured a
1675:D:/Projekty/TrinityTrack6000/MainControlBoard/Infineon/XMC4200/Libraries/XMCLib/inc\xmc_usic.h ****  * must be enabled.
1676:D:/Projekty/TrinityTrack6000/MainControlBoard/Infineon/XMC4200/Libraries/XMCLib/inc\xmc_usic.h ****  *
1677:D:/Projekty/TrinityTrack6000/MainControlBoard/Infineon/XMC4200/Libraries/XMCLib/inc\xmc_usic.h ****  * \par<b>Related APIs:</b><BR>
1678:D:/Projekty/TrinityTrack6000/MainControlBoard/Infineon/XMC4200/Libraries/XMCLib/inc\xmc_usic.h ****  * XMC_USIC_CH_TXFIFO_SetInterruptNodePointer() \n\n\n
1679:D:/Projekty/TrinityTrack6000/MainControlBoard/Infineon/XMC4200/Libraries/XMCLib/inc\xmc_usic.h ****  */
1680:D:/Projekty/TrinityTrack6000/MainControlBoard/Infineon/XMC4200/Libraries/XMCLib/inc\xmc_usic.h **** __STATIC_INLINE void XMC_USIC_CH_TXFIFO_EnableEvent(XMC_USIC_CH_t *const channel, const uint32_t ev
1681:D:/Projekty/TrinityTrack6000/MainControlBoard/Infineon/XMC4200/Libraries/XMCLib/inc\xmc_usic.h **** {
1682:D:/Projekty/TrinityTrack6000/MainControlBoard/Infineon/XMC4200/Libraries/XMCLib/inc\xmc_usic.h ****   channel->TBCTR |= event;
1683:D:/Projekty/TrinityTrack6000/MainControlBoard/Infineon/XMC4200/Libraries/XMCLib/inc\xmc_usic.h **** }
1684:D:/Projekty/TrinityTrack6000/MainControlBoard/Infineon/XMC4200/Libraries/XMCLib/inc\xmc_usic.h **** 
1685:D:/Projekty/TrinityTrack6000/MainControlBoard/Infineon/XMC4200/Libraries/XMCLib/inc\xmc_usic.h **** 
1686:D:/Projekty/TrinityTrack6000/MainControlBoard/Infineon/XMC4200/Libraries/XMCLib/inc\xmc_usic.h **** /**
1687:D:/Projekty/TrinityTrack6000/MainControlBoard/Infineon/XMC4200/Libraries/XMCLib/inc\xmc_usic.h ****  * @param channel Pointer to USIC channel handler of type @ref XMC_USIC_CH_t \n
1688:D:/Projekty/TrinityTrack6000/MainControlBoard/Infineon/XMC4200/Libraries/XMCLib/inc\xmc_usic.h ****  * 				   \b Range: @ref XMC_USIC0_CH0, @ref XMC_USIC0_CH1 to @ref XMC_USIC2_CH1 based on device su
1689:D:/Projekty/TrinityTrack6000/MainControlBoard/Infineon/XMC4200/Libraries/XMCLib/inc\xmc_usic.h ****  * @param event Events to be disabled. @ref XMC_USIC_CH_TXFIFO_EVENT_CONF_t \n
1690:D:/Projekty/TrinityTrack6000/MainControlBoard/Infineon/XMC4200/Libraries/XMCLib/inc\xmc_usic.h ****  * @return None
1691:D:/Projekty/TrinityTrack6000/MainControlBoard/Infineon/XMC4200/Libraries/XMCLib/inc\xmc_usic.h ****  *
1692:D:/Projekty/TrinityTrack6000/MainControlBoard/Infineon/XMC4200/Libraries/XMCLib/inc\xmc_usic.h ****  * \par<b>Description</b><br>
1693:D:/Projekty/TrinityTrack6000/MainControlBoard/Infineon/XMC4200/Libraries/XMCLib/inc\xmc_usic.h ****  * Disables the interrupt events related to transmit FIFO. \n\n
1694:D:/Projekty/TrinityTrack6000/MainControlBoard/Infineon/XMC4200/Libraries/XMCLib/inc\xmc_usic.h ****  * By disabling the interrupt events, generation of interrupt is stopped. User can poll the event
1695:D:/Projekty/TrinityTrack6000/MainControlBoard/Infineon/XMC4200/Libraries/XMCLib/inc\xmc_usic.h ****  * flags from the status register using the API XMC_USIC_CH_TXFIFO_GetEvent().
1696:D:/Projekty/TrinityTrack6000/MainControlBoard/Infineon/XMC4200/Libraries/XMCLib/inc\xmc_usic.h ****  * Event bitmasks can be constructed using the enumeration @ref XMC_USIC_CH_TXFIFO_EVENT_CONF_t. Fo
1697:D:/Projekty/TrinityTrack6000/MainControlBoard/Infineon/XMC4200/Libraries/XMCLib/inc\xmc_usic.h ****  * multiple events, combine the events using bitwise OR operation.
1698:D:/Projekty/TrinityTrack6000/MainControlBoard/Infineon/XMC4200/Libraries/XMCLib/inc\xmc_usic.h ****  *
1699:D:/Projekty/TrinityTrack6000/MainControlBoard/Infineon/XMC4200/Libraries/XMCLib/inc\xmc_usic.h ****  * \par<b>Related APIs:</b><BR>
1700:D:/Projekty/TrinityTrack6000/MainControlBoard/Infineon/XMC4200/Libraries/XMCLib/inc\xmc_usic.h ****  * XMC_USIC_CH_TXFIFO_GetEvent(), XMC_USIC_CH_TXFIFO_EnableEvent() \n\n\n
1701:D:/Projekty/TrinityTrack6000/MainControlBoard/Infineon/XMC4200/Libraries/XMCLib/inc\xmc_usic.h ****  */
1702:D:/Projekty/TrinityTrack6000/MainControlBoard/Infineon/XMC4200/Libraries/XMCLib/inc\xmc_usic.h **** __STATIC_INLINE void XMC_USIC_CH_TXFIFO_DisableEvent(XMC_USIC_CH_t *const channel, const uint32_t e
1703:D:/Projekty/TrinityTrack6000/MainControlBoard/Infineon/XMC4200/Libraries/XMCLib/inc\xmc_usic.h **** {
1704:D:/Projekty/TrinityTrack6000/MainControlBoard/Infineon/XMC4200/Libraries/XMCLib/inc\xmc_usic.h ****   channel->TBCTR &= (uint32_t)~event;
1705:D:/Projekty/TrinityTrack6000/MainControlBoard/Infineon/XMC4200/Libraries/XMCLib/inc\xmc_usic.h **** }
1706:D:/Projekty/TrinityTrack6000/MainControlBoard/Infineon/XMC4200/Libraries/XMCLib/inc\xmc_usic.h **** 
1707:D:/Projekty/TrinityTrack6000/MainControlBoard/Infineon/XMC4200/Libraries/XMCLib/inc\xmc_usic.h **** /**
1708:D:/Projekty/TrinityTrack6000/MainControlBoard/Infineon/XMC4200/Libraries/XMCLib/inc\xmc_usic.h ****  * @param channel Pointer to USIC channel handler of type @ref XMC_USIC_CH_t \n
1709:D:/Projekty/TrinityTrack6000/MainControlBoard/Infineon/XMC4200/Libraries/XMCLib/inc\xmc_usic.h ****  * 				      \b Range: @ref XMC_USIC0_CH0, @ref XMC_USIC0_CH1 to @ref XMC_USIC2_CH1 based on device
1710:D:/Projekty/TrinityTrack6000/MainControlBoard/Infineon/XMC4200/Libraries/XMCLib/inc\xmc_usic.h ****  * @param interrupt_node Node pointer representing the transmit FIFO events. \n
1711:D:/Projekty/TrinityTrack6000/MainControlBoard/Infineon/XMC4200/Libraries/XMCLib/inc\xmc_usic.h ****  * 						  \b Range: @ref XMC_USIC_CH_TXFIFO_INTERRUPT_NODE_POINTER_STANDARD,
1712:D:/Projekty/TrinityTrack6000/MainControlBoard/Infineon/XMC4200/Libraries/XMCLib/inc\xmc_usic.h ****  * 						  			@ref XMC_USIC_CH_TXFIFO_INTERRUPT_NODE_POINTER_ALTERNATE
1713:D:/Projekty/TrinityTrack6000/MainControlBoard/Infineon/XMC4200/Libraries/XMCLib/inc\xmc_usic.h ****  * @param service_request The service request to be used for interrupt generation. \n
1714:D:/Projekty/TrinityTrack6000/MainControlBoard/Infineon/XMC4200/Libraries/XMCLib/inc\xmc_usic.h ****  * 						  \b Range: 0 to 5.
1715:D:/Projekty/TrinityTrack6000/MainControlBoard/Infineon/XMC4200/Libraries/XMCLib/inc\xmc_usic.h ****  * @return None
1716:D:/Projekty/TrinityTrack6000/MainControlBoard/Infineon/XMC4200/Libraries/XMCLib/inc\xmc_usic.h ****  *
1717:D:/Projekty/TrinityTrack6000/MainControlBoard/Infineon/XMC4200/Libraries/XMCLib/inc\xmc_usic.h ****  * \par<b>Description</b><br>
1718:D:/Projekty/TrinityTrack6000/MainControlBoard/Infineon/XMC4200/Libraries/XMCLib/inc\xmc_usic.h ****  * Sets an interrupt node for the transmit FIFO events.\n\n
1719:D:/Projekty/TrinityTrack6000/MainControlBoard/Infineon/XMC4200/Libraries/XMCLib/inc\xmc_usic.h ****  * A node pointer represents one or more interrupt events. Service request represents the interrupt
1720:D:/Projekty/TrinityTrack6000/MainControlBoard/Infineon/XMC4200/Libraries/XMCLib/inc\xmc_usic.h ****  * among the 6 interrupt nodes available for USIC module.
1721:D:/Projekty/TrinityTrack6000/MainControlBoard/Infineon/XMC4200/Libraries/XMCLib/inc\xmc_usic.h ****  * API configures the service request to be used for interrupt generation for the events selected.
1722:D:/Projekty/TrinityTrack6000/MainControlBoard/Infineon/XMC4200/Libraries/XMCLib/inc\xmc_usic.h ****  * A transmit FIFO event can generate an interrupt only if the interrupt node is configured for the
1723:D:/Projekty/TrinityTrack6000/MainControlBoard/Infineon/XMC4200/Libraries/XMCLib/inc\xmc_usic.h ****  * the interrupt generation is enabled for the event. For example, transmit FIFO standard transmit 
1724:D:/Projekty/TrinityTrack6000/MainControlBoard/Infineon/XMC4200/Libraries/XMCLib/inc\xmc_usic.h ****  * interrupt is generated if the interrupt node for the same is set and interrupt is enabled.<br>
1725:D:/Projekty/TrinityTrack6000/MainControlBoard/Infineon/XMC4200/Libraries/XMCLib/inc\xmc_usic.h ****  *
1726:D:/Projekty/TrinityTrack6000/MainControlBoard/Infineon/XMC4200/Libraries/XMCLib/inc\xmc_usic.h ****  * Note: NVIC node should be explicitly enabled for the interrupt generation.
1727:D:/Projekty/TrinityTrack6000/MainControlBoard/Infineon/XMC4200/Libraries/XMCLib/inc\xmc_usic.h ****  *
1728:D:/Projekty/TrinityTrack6000/MainControlBoard/Infineon/XMC4200/Libraries/XMCLib/inc\xmc_usic.h ****  * \par<b>Related APIs:</b><BR>
1729:D:/Projekty/TrinityTrack6000/MainControlBoard/Infineon/XMC4200/Libraries/XMCLib/inc\xmc_usic.h ****  * XMC_USIC_CH_TXFIFO_EnableEvent() \n\n\n
1730:D:/Projekty/TrinityTrack6000/MainControlBoard/Infineon/XMC4200/Libraries/XMCLib/inc\xmc_usic.h ****  */
1731:D:/Projekty/TrinityTrack6000/MainControlBoard/Infineon/XMC4200/Libraries/XMCLib/inc\xmc_usic.h **** void XMC_USIC_CH_TXFIFO_SetInterruptNodePointer(XMC_USIC_CH_t *const channel,
1732:D:/Projekty/TrinityTrack6000/MainControlBoard/Infineon/XMC4200/Libraries/XMCLib/inc\xmc_usic.h ****     const XMC_USIC_CH_TXFIFO_INTERRUPT_NODE_POINTER_t interrupt_node,
1733:D:/Projekty/TrinityTrack6000/MainControlBoard/Infineon/XMC4200/Libraries/XMCLib/inc\xmc_usic.h ****     const uint32_t service_request);
1734:D:/Projekty/TrinityTrack6000/MainControlBoard/Infineon/XMC4200/Libraries/XMCLib/inc\xmc_usic.h **** 
1735:D:/Projekty/TrinityTrack6000/MainControlBoard/Infineon/XMC4200/Libraries/XMCLib/inc\xmc_usic.h **** /**
1736:D:/Projekty/TrinityTrack6000/MainControlBoard/Infineon/XMC4200/Libraries/XMCLib/inc\xmc_usic.h ****  * @param channel Pointer to USIC channel handler of type @ref XMC_USIC_CH_t \n
1737:D:/Projekty/TrinityTrack6000/MainControlBoard/Infineon/XMC4200/Libraries/XMCLib/inc\xmc_usic.h ****  * 				   \b Range: @ref XMC_USIC0_CH0, @ref XMC_USIC0_CH1 to @ref XMC_USIC2_CH1 based on device su
1738:D:/Projekty/TrinityTrack6000/MainControlBoard/Infineon/XMC4200/Libraries/XMCLib/inc\xmc_usic.h ****  * @param data Data to be transmitted. \n
1739:D:/Projekty/TrinityTrack6000/MainControlBoard/Infineon/XMC4200/Libraries/XMCLib/inc\xmc_usic.h ****  *           \b Range: 16bit unsigned data. minimum= 0, maximum= 65535
1740:D:/Projekty/TrinityTrack6000/MainControlBoard/Infineon/XMC4200/Libraries/XMCLib/inc\xmc_usic.h ****  * @return None
1741:D:/Projekty/TrinityTrack6000/MainControlBoard/Infineon/XMC4200/Libraries/XMCLib/inc\xmc_usic.h ****  *
1742:D:/Projekty/TrinityTrack6000/MainControlBoard/Infineon/XMC4200/Libraries/XMCLib/inc\xmc_usic.h ****  * \par<b>Description</b><br>
1743:D:/Projekty/TrinityTrack6000/MainControlBoard/Infineon/XMC4200/Libraries/XMCLib/inc\xmc_usic.h ****  * Writes data into the transmit FIFO. \n\n
1744:D:/Projekty/TrinityTrack6000/MainControlBoard/Infineon/XMC4200/Libraries/XMCLib/inc\xmc_usic.h ****  * The data provided is placed in the transmit FIFO.
1745:D:/Projekty/TrinityTrack6000/MainControlBoard/Infineon/XMC4200/Libraries/XMCLib/inc\xmc_usic.h ****  * The transmit FIFO should be configured before calling this API.
1746:D:/Projekty/TrinityTrack6000/MainControlBoard/Infineon/XMC4200/Libraries/XMCLib/inc\xmc_usic.h ****  *
1747:D:/Projekty/TrinityTrack6000/MainControlBoard/Infineon/XMC4200/Libraries/XMCLib/inc\xmc_usic.h ****  * \par<b>Related APIs:</b><BR>
1748:D:/Projekty/TrinityTrack6000/MainControlBoard/Infineon/XMC4200/Libraries/XMCLib/inc\xmc_usic.h ****  * XMC_USIC_CH_TXFIFO_EnableEvent() \n\n\n
1749:D:/Projekty/TrinityTrack6000/MainControlBoard/Infineon/XMC4200/Libraries/XMCLib/inc\xmc_usic.h ****  */
1750:D:/Projekty/TrinityTrack6000/MainControlBoard/Infineon/XMC4200/Libraries/XMCLib/inc\xmc_usic.h **** __STATIC_INLINE void XMC_USIC_CH_TXFIFO_PutData(XMC_USIC_CH_t *const channel, const uint16_t data)
1751:D:/Projekty/TrinityTrack6000/MainControlBoard/Infineon/XMC4200/Libraries/XMCLib/inc\xmc_usic.h **** {
1752:D:/Projekty/TrinityTrack6000/MainControlBoard/Infineon/XMC4200/Libraries/XMCLib/inc\xmc_usic.h ****   channel->IN[0] = data;
1753:D:/Projekty/TrinityTrack6000/MainControlBoard/Infineon/XMC4200/Libraries/XMCLib/inc\xmc_usic.h **** }
1754:D:/Projekty/TrinityTrack6000/MainControlBoard/Infineon/XMC4200/Libraries/XMCLib/inc\xmc_usic.h **** 
1755:D:/Projekty/TrinityTrack6000/MainControlBoard/Infineon/XMC4200/Libraries/XMCLib/inc\xmc_usic.h **** /**
1756:D:/Projekty/TrinityTrack6000/MainControlBoard/Infineon/XMC4200/Libraries/XMCLib/inc\xmc_usic.h ****  * @param channel Pointer to USIC channel handler of type @ref XMC_USIC_CH_t \n
1757:D:/Projekty/TrinityTrack6000/MainControlBoard/Infineon/XMC4200/Libraries/XMCLib/inc\xmc_usic.h ****  * 				   \b Range: @ref XMC_USIC0_CH0, @ref XMC_USIC0_CH1 to @ref XMC_USIC2_CH1 based on device su
1758:D:/Projekty/TrinityTrack6000/MainControlBoard/Infineon/XMC4200/Libraries/XMCLib/inc\xmc_usic.h ****  * @param data Data to be transmitted. \n
1759:D:/Projekty/TrinityTrack6000/MainControlBoard/Infineon/XMC4200/Libraries/XMCLib/inc\xmc_usic.h ****  *           \b Range: 16bit unsigned data. minimum= 0, maximum= 65535
1760:D:/Projekty/TrinityTrack6000/MainControlBoard/Infineon/XMC4200/Libraries/XMCLib/inc\xmc_usic.h ****  * @param loc Input location. \n
1761:D:/Projekty/TrinityTrack6000/MainControlBoard/Infineon/XMC4200/Libraries/XMCLib/inc\xmc_usic.h ****  * @return None
1762:D:/Projekty/TrinityTrack6000/MainControlBoard/Infineon/XMC4200/Libraries/XMCLib/inc\xmc_usic.h ****  *
1763:D:/Projekty/TrinityTrack6000/MainControlBoard/Infineon/XMC4200/Libraries/XMCLib/inc\xmc_usic.h ****  * \par<b>Description</b><br>
1764:D:/Projekty/TrinityTrack6000/MainControlBoard/Infineon/XMC4200/Libraries/XMCLib/inc\xmc_usic.h ****  * Transmit data can be loaded to TBUF by software by writing to the transmit buffer input
1765:D:/Projekty/TrinityTrack6000/MainControlBoard/Infineon/XMC4200/Libraries/XMCLib/inc\xmc_usic.h ****  * locations TBUFx (x = 00-31), consisting of 32 consecutive addresses. The data written
1766:D:/Projekty/TrinityTrack6000/MainControlBoard/Infineon/XMC4200/Libraries/XMCLib/inc\xmc_usic.h ****  * to one of these input locations is stored in the transmit buffer TBUF. Additionally, the
1767:D:/Projekty/TrinityTrack6000/MainControlBoard/Infineon/XMC4200/Libraries/XMCLib/inc\xmc_usic.h ****  * address of the written location is evaluated and can be used for additional control
1768:D:/Projekty/TrinityTrack6000/MainControlBoard/Infineon/XMC4200/Libraries/XMCLib/inc\xmc_usic.h ****  * purposes. This 5-bit wide information (named Transmit Control Information TCI) can be
1769:D:/Projekty/TrinityTrack6000/MainControlBoard/Infineon/XMC4200/Libraries/XMCLib/inc\xmc_usic.h ****  * used for different purposes in different protocols.
1770:D:/Projekty/TrinityTrack6000/MainControlBoard/Infineon/XMC4200/Libraries/XMCLib/inc\xmc_usic.h ****  *
1771:D:/Projekty/TrinityTrack6000/MainControlBoard/Infineon/XMC4200/Libraries/XMCLib/inc\xmc_usic.h ****  * \par<b>Related APIs:</b><BR>
1772:D:/Projekty/TrinityTrack6000/MainControlBoard/Infineon/XMC4200/Libraries/XMCLib/inc\xmc_usic.h ****  * XMC_USIC_CH_EnableWordLengthControl() \n
1773:D:/Projekty/TrinityTrack6000/MainControlBoard/Infineon/XMC4200/Libraries/XMCLib/inc\xmc_usic.h ****  * XMC_USIC_CH_EnableFrameLengthControl() \n\n\n
1774:D:/Projekty/TrinityTrack6000/MainControlBoard/Infineon/XMC4200/Libraries/XMCLib/inc\xmc_usic.h ****  */
1775:D:/Projekty/TrinityTrack6000/MainControlBoard/Infineon/XMC4200/Libraries/XMCLib/inc\xmc_usic.h **** __STATIC_INLINE void XMC_USIC_CH_TXFIFO_PutDataEx(XMC_USIC_CH_t *const channel, const uint16_t data
1776:D:/Projekty/TrinityTrack6000/MainControlBoard/Infineon/XMC4200/Libraries/XMCLib/inc\xmc_usic.h **** {
1777:D:/Projekty/TrinityTrack6000/MainControlBoard/Infineon/XMC4200/Libraries/XMCLib/inc\xmc_usic.h ****   channel->IN[loc] = data;
1778:D:/Projekty/TrinityTrack6000/MainControlBoard/Infineon/XMC4200/Libraries/XMCLib/inc\xmc_usic.h **** }
1779:D:/Projekty/TrinityTrack6000/MainControlBoard/Infineon/XMC4200/Libraries/XMCLib/inc\xmc_usic.h **** 
1780:D:/Projekty/TrinityTrack6000/MainControlBoard/Infineon/XMC4200/Libraries/XMCLib/inc\xmc_usic.h **** /**
1781:D:/Projekty/TrinityTrack6000/MainControlBoard/Infineon/XMC4200/Libraries/XMCLib/inc\xmc_usic.h ****  * @param channel Pointer to USIC channel handler of type @ref XMC_USIC_CH_t \n
1782:D:/Projekty/TrinityTrack6000/MainControlBoard/Infineon/XMC4200/Libraries/XMCLib/inc\xmc_usic.h ****  * 				   \b Range: @ref XMC_USIC0_CH0, @ref XMC_USIC0_CH1 to @ref XMC_USIC2_CH1 based on device su
1783:D:/Projekty/TrinityTrack6000/MainControlBoard/Infineon/XMC4200/Libraries/XMCLib/inc\xmc_usic.h ****  * @param data Data to be transmitted.
1784:D:/Projekty/TrinityTrack6000/MainControlBoard/Infineon/XMC4200/Libraries/XMCLib/inc\xmc_usic.h ****  * @param frame_length Frame length to be configured while transmitting the data. \n
1785:D:/Projekty/TrinityTrack6000/MainControlBoard/Infineon/XMC4200/Libraries/XMCLib/inc\xmc_usic.h ****  * 			\b Range: minimum= 0, maximum= 31. e.g: For a frame length of 16, set \a frame_length as 15.
1786:D:/Projekty/TrinityTrack6000/MainControlBoard/Infineon/XMC4200/Libraries/XMCLib/inc\xmc_usic.h ****  * @return None
1787:D:/Projekty/TrinityTrack6000/MainControlBoard/Infineon/XMC4200/Libraries/XMCLib/inc\xmc_usic.h ****  *
1788:D:/Projekty/TrinityTrack6000/MainControlBoard/Infineon/XMC4200/Libraries/XMCLib/inc\xmc_usic.h ****  * \par<b>Description</b><br>
1789:D:/Projekty/TrinityTrack6000/MainControlBoard/Infineon/XMC4200/Libraries/XMCLib/inc\xmc_usic.h ****  * Writes data to the transmit FIFO in frame length control mode. \n\n
1790:D:/Projekty/TrinityTrack6000/MainControlBoard/Infineon/XMC4200/Libraries/XMCLib/inc\xmc_usic.h ****  * When frame length control is enabled for dynamic update of frame length, this API can be used.
1791:D:/Projekty/TrinityTrack6000/MainControlBoard/Infineon/XMC4200/Libraries/XMCLib/inc\xmc_usic.h ****  * \a frame_length represents the frame length to be updated by the peripheral.
1792:D:/Projekty/TrinityTrack6000/MainControlBoard/Infineon/XMC4200/Libraries/XMCLib/inc\xmc_usic.h ****  * \a frame_length is used as index for the IN[] register array.
1793:D:/Projekty/TrinityTrack6000/MainControlBoard/Infineon/XMC4200/Libraries/XMCLib/inc\xmc_usic.h ****  *
1794:D:/Projekty/TrinityTrack6000/MainControlBoard/Infineon/XMC4200/Libraries/XMCLib/inc\xmc_usic.h ****  * \par<b>Related APIs:</b><BR>
1795:D:/Projekty/TrinityTrack6000/MainControlBoard/Infineon/XMC4200/Libraries/XMCLib/inc\xmc_usic.h ****  * XMC_USIC_CH_TXFIFO_PutDataEx() \n
1796:D:/Projekty/TrinityTrack6000/MainControlBoard/Infineon/XMC4200/Libraries/XMCLib/inc\xmc_usic.h ****  * XMC_USIC_CH_EnableFrameLengthControl() \n\n\n
1797:D:/Projekty/TrinityTrack6000/MainControlBoard/Infineon/XMC4200/Libraries/XMCLib/inc\xmc_usic.h ****  */
1798:D:/Projekty/TrinityTrack6000/MainControlBoard/Infineon/XMC4200/Libraries/XMCLib/inc\xmc_usic.h **** __STATIC_INLINE void XMC_USIC_CH_TXFIFO_PutDataFLEMode(XMC_USIC_CH_t *const channel,
1799:D:/Projekty/TrinityTrack6000/MainControlBoard/Infineon/XMC4200/Libraries/XMCLib/inc\xmc_usic.h ****     const uint16_t data,
1800:D:/Projekty/TrinityTrack6000/MainControlBoard/Infineon/XMC4200/Libraries/XMCLib/inc\xmc_usic.h ****     const uint32_t frame_length)
1801:D:/Projekty/TrinityTrack6000/MainControlBoard/Infineon/XMC4200/Libraries/XMCLib/inc\xmc_usic.h **** {
1802:D:/Projekty/TrinityTrack6000/MainControlBoard/Infineon/XMC4200/Libraries/XMCLib/inc\xmc_usic.h ****   channel->IN[frame_length] = data;
1803:D:/Projekty/TrinityTrack6000/MainControlBoard/Infineon/XMC4200/Libraries/XMCLib/inc\xmc_usic.h **** }
1804:D:/Projekty/TrinityTrack6000/MainControlBoard/Infineon/XMC4200/Libraries/XMCLib/inc\xmc_usic.h **** 
1805:D:/Projekty/TrinityTrack6000/MainControlBoard/Infineon/XMC4200/Libraries/XMCLib/inc\xmc_usic.h **** /**
1806:D:/Projekty/TrinityTrack6000/MainControlBoard/Infineon/XMC4200/Libraries/XMCLib/inc\xmc_usic.h ****  * @param channel Pointer to USIC channel handler of type @ref XMC_USIC_CH_t \n
1807:D:/Projekty/TrinityTrack6000/MainControlBoard/Infineon/XMC4200/Libraries/XMCLib/inc\xmc_usic.h ****  * 				   \b Range: @ref XMC_USIC0_CH0, @ref XMC_USIC0_CH1 to @ref XMC_USIC2_CH1 based on device su
1808:D:/Projekty/TrinityTrack6000/MainControlBoard/Infineon/XMC4200/Libraries/XMCLib/inc\xmc_usic.h ****  * @param data Data to be transmitted.
1809:D:/Projekty/TrinityTrack6000/MainControlBoard/Infineon/XMC4200/Libraries/XMCLib/inc\xmc_usic.h ****  * @param frame_length Frame length to be configured while transmitting the data. \n
1810:D:/Projekty/TrinityTrack6000/MainControlBoard/Infineon/XMC4200/Libraries/XMCLib/inc\xmc_usic.h ****  * 			\b Range: minimum= 0, maximum= 31. e.g: For a frame length of 16, set \a frame_length as 15.
1811:D:/Projekty/TrinityTrack6000/MainControlBoard/Infineon/XMC4200/Libraries/XMCLib/inc\xmc_usic.h ****  * @return None
1812:D:/Projekty/TrinityTrack6000/MainControlBoard/Infineon/XMC4200/Libraries/XMCLib/inc\xmc_usic.h ****  *
1813:D:/Projekty/TrinityTrack6000/MainControlBoard/Infineon/XMC4200/Libraries/XMCLib/inc\xmc_usic.h ****  * \par<b>Description</b><br>
1814:D:/Projekty/TrinityTrack6000/MainControlBoard/Infineon/XMC4200/Libraries/XMCLib/inc\xmc_usic.h ****  * Writes data to the transmit FIFO in hardware port control mode. \n\n
1815:D:/Projekty/TrinityTrack6000/MainControlBoard/Infineon/XMC4200/Libraries/XMCLib/inc\xmc_usic.h ****  * When hardware port control is enabled for dynamic update of frame length, this API can be used.
1816:D:/Projekty/TrinityTrack6000/MainControlBoard/Infineon/XMC4200/Libraries/XMCLib/inc\xmc_usic.h ****  * \a frame_length represents the frame length to be updated by the peripheral.
1817:D:/Projekty/TrinityTrack6000/MainControlBoard/Infineon/XMC4200/Libraries/XMCLib/inc\xmc_usic.h ****  * \a frame_length is used as index for the IN[] register array.
1818:D:/Projekty/TrinityTrack6000/MainControlBoard/Infineon/XMC4200/Libraries/XMCLib/inc\xmc_usic.h ****  *
1819:D:/Projekty/TrinityTrack6000/MainControlBoard/Infineon/XMC4200/Libraries/XMCLib/inc\xmc_usic.h ****  * \par<b>Related APIs:</b><BR>
1820:D:/Projekty/TrinityTrack6000/MainControlBoard/Infineon/XMC4200/Libraries/XMCLib/inc\xmc_usic.h ****  * XMC_USIC_CH_EnableFrameLengthControl() \n\n\n
1821:D:/Projekty/TrinityTrack6000/MainControlBoard/Infineon/XMC4200/Libraries/XMCLib/inc\xmc_usic.h ****  */
1822:D:/Projekty/TrinityTrack6000/MainControlBoard/Infineon/XMC4200/Libraries/XMCLib/inc\xmc_usic.h **** __STATIC_INLINE void XMC_USIC_CH_TXFIFO_PutDataHPCMode(XMC_USIC_CH_t *const channel,
1823:D:/Projekty/TrinityTrack6000/MainControlBoard/Infineon/XMC4200/Libraries/XMCLib/inc\xmc_usic.h ****     const uint16_t data,
1824:D:/Projekty/TrinityTrack6000/MainControlBoard/Infineon/XMC4200/Libraries/XMCLib/inc\xmc_usic.h ****     const uint32_t frame_length)
1825:D:/Projekty/TrinityTrack6000/MainControlBoard/Infineon/XMC4200/Libraries/XMCLib/inc\xmc_usic.h **** {
1826:D:/Projekty/TrinityTrack6000/MainControlBoard/Infineon/XMC4200/Libraries/XMCLib/inc\xmc_usic.h ****   channel->IN[frame_length] = data;
1827:D:/Projekty/TrinityTrack6000/MainControlBoard/Infineon/XMC4200/Libraries/XMCLib/inc\xmc_usic.h **** }
1828:D:/Projekty/TrinityTrack6000/MainControlBoard/Infineon/XMC4200/Libraries/XMCLib/inc\xmc_usic.h **** 
1829:D:/Projekty/TrinityTrack6000/MainControlBoard/Infineon/XMC4200/Libraries/XMCLib/inc\xmc_usic.h **** /**
1830:D:/Projekty/TrinityTrack6000/MainControlBoard/Infineon/XMC4200/Libraries/XMCLib/inc\xmc_usic.h ****  * @param channel Pointer to USIC channel handler of type @ref XMC_USIC_CH_t \n
1831:D:/Projekty/TrinityTrack6000/MainControlBoard/Infineon/XMC4200/Libraries/XMCLib/inc\xmc_usic.h ****  * 				   \b Range: @ref XMC_USIC0_CH0, @ref XMC_USIC0_CH1 to @ref XMC_USIC2_CH1 based on device su
1832:D:/Projekty/TrinityTrack6000/MainControlBoard/Infineon/XMC4200/Libraries/XMCLib/inc\xmc_usic.h ****  * @return None
1833:D:/Projekty/TrinityTrack6000/MainControlBoard/Infineon/XMC4200/Libraries/XMCLib/inc\xmc_usic.h ****  *
1834:D:/Projekty/TrinityTrack6000/MainControlBoard/Infineon/XMC4200/Libraries/XMCLib/inc\xmc_usic.h ****  * \par<b>Description</b><br>
1835:D:/Projekty/TrinityTrack6000/MainControlBoard/Infineon/XMC4200/Libraries/XMCLib/inc\xmc_usic.h ****  * Clears the contents of transmit FIFO. \n\n
1836:D:/Projekty/TrinityTrack6000/MainControlBoard/Infineon/XMC4200/Libraries/XMCLib/inc\xmc_usic.h ****  * Transmit FIFO contents will be cleared and the filling level will be reset to 0.
1837:D:/Projekty/TrinityTrack6000/MainControlBoard/Infineon/XMC4200/Libraries/XMCLib/inc\xmc_usic.h ****  *
1838:D:/Projekty/TrinityTrack6000/MainControlBoard/Infineon/XMC4200/Libraries/XMCLib/inc\xmc_usic.h ****  * \par<b>Related APIs:</b><BR>
1839:D:/Projekty/TrinityTrack6000/MainControlBoard/Infineon/XMC4200/Libraries/XMCLib/inc\xmc_usic.h ****  * XMC_USIC_CH_TXFIFO_GetLevel() \n\n\n
1840:D:/Projekty/TrinityTrack6000/MainControlBoard/Infineon/XMC4200/Libraries/XMCLib/inc\xmc_usic.h ****  */
1841:D:/Projekty/TrinityTrack6000/MainControlBoard/Infineon/XMC4200/Libraries/XMCLib/inc\xmc_usic.h **** __STATIC_INLINE void XMC_USIC_CH_TXFIFO_Flush(XMC_USIC_CH_t *const channel)
1842:D:/Projekty/TrinityTrack6000/MainControlBoard/Infineon/XMC4200/Libraries/XMCLib/inc\xmc_usic.h **** {
1843:D:/Projekty/TrinityTrack6000/MainControlBoard/Infineon/XMC4200/Libraries/XMCLib/inc\xmc_usic.h ****   channel->TRBSCR = (uint32_t)USIC_CH_TRBSCR_FLUSHTB_Msk;
1844:D:/Projekty/TrinityTrack6000/MainControlBoard/Infineon/XMC4200/Libraries/XMCLib/inc\xmc_usic.h **** }
1845:D:/Projekty/TrinityTrack6000/MainControlBoard/Infineon/XMC4200/Libraries/XMCLib/inc\xmc_usic.h **** 
1846:D:/Projekty/TrinityTrack6000/MainControlBoard/Infineon/XMC4200/Libraries/XMCLib/inc\xmc_usic.h **** /**
1847:D:/Projekty/TrinityTrack6000/MainControlBoard/Infineon/XMC4200/Libraries/XMCLib/inc\xmc_usic.h ****  * @param channel Pointer to USIC channel handler of type @ref XMC_USIC_CH_t \n
1848:D:/Projekty/TrinityTrack6000/MainControlBoard/Infineon/XMC4200/Libraries/XMCLib/inc\xmc_usic.h ****  * 				   \b Range: @ref XMC_USIC0_CH0, @ref XMC_USIC0_CH1 to @ref XMC_USIC2_CH1 based on device su
1849:D:/Projekty/TrinityTrack6000/MainControlBoard/Infineon/XMC4200/Libraries/XMCLib/inc\xmc_usic.h ****  * @return Status \a true if transmit FIFO is full
1850:D:/Projekty/TrinityTrack6000/MainControlBoard/Infineon/XMC4200/Libraries/XMCLib/inc\xmc_usic.h ****  *              \a false if transmit FIFO is not full.
1851:D:/Projekty/TrinityTrack6000/MainControlBoard/Infineon/XMC4200/Libraries/XMCLib/inc\xmc_usic.h ****  *
1852:D:/Projekty/TrinityTrack6000/MainControlBoard/Infineon/XMC4200/Libraries/XMCLib/inc\xmc_usic.h ****  * \par<b>Description</b><br>
1853:D:/Projekty/TrinityTrack6000/MainControlBoard/Infineon/XMC4200/Libraries/XMCLib/inc\xmc_usic.h ****  * Checks if transmit FIFO is full. \n\n
1854:D:/Projekty/TrinityTrack6000/MainControlBoard/Infineon/XMC4200/Libraries/XMCLib/inc\xmc_usic.h ****  * When the transmit FIFO filling level reaches the configured size, FIFO full flag is set.
1855:D:/Projekty/TrinityTrack6000/MainControlBoard/Infineon/XMC4200/Libraries/XMCLib/inc\xmc_usic.h ****  * User should not write to the FIFO when the transmit FIFO is full.
1856:D:/Projekty/TrinityTrack6000/MainControlBoard/Infineon/XMC4200/Libraries/XMCLib/inc\xmc_usic.h ****  *
1857:D:/Projekty/TrinityTrack6000/MainControlBoard/Infineon/XMC4200/Libraries/XMCLib/inc\xmc_usic.h ****  * \par<b>Related APIs:</b><BR>
1858:D:/Projekty/TrinityTrack6000/MainControlBoard/Infineon/XMC4200/Libraries/XMCLib/inc\xmc_usic.h ****  * XMC_USIC_CH_TXFIFO_IsEmpty(), XMC_USIC_CH_TXFIFO_Flush() \n\n\n
1859:D:/Projekty/TrinityTrack6000/MainControlBoard/Infineon/XMC4200/Libraries/XMCLib/inc\xmc_usic.h ****  */
1860:D:/Projekty/TrinityTrack6000/MainControlBoard/Infineon/XMC4200/Libraries/XMCLib/inc\xmc_usic.h **** __STATIC_INLINE bool XMC_USIC_CH_TXFIFO_IsFull(XMC_USIC_CH_t *const channel)
1861:D:/Projekty/TrinityTrack6000/MainControlBoard/Infineon/XMC4200/Libraries/XMCLib/inc\xmc_usic.h **** {
1862:D:/Projekty/TrinityTrack6000/MainControlBoard/Infineon/XMC4200/Libraries/XMCLib/inc\xmc_usic.h ****   return (bool)(channel->TRBSR & USIC_CH_TRBSR_TFULL_Msk);
1863:D:/Projekty/TrinityTrack6000/MainControlBoard/Infineon/XMC4200/Libraries/XMCLib/inc\xmc_usic.h **** }
1864:D:/Projekty/TrinityTrack6000/MainControlBoard/Infineon/XMC4200/Libraries/XMCLib/inc\xmc_usic.h **** 
1865:D:/Projekty/TrinityTrack6000/MainControlBoard/Infineon/XMC4200/Libraries/XMCLib/inc\xmc_usic.h **** /**
1866:D:/Projekty/TrinityTrack6000/MainControlBoard/Infineon/XMC4200/Libraries/XMCLib/inc\xmc_usic.h ****  * @param channel Pointer to USIC channel handler of type @ref XMC_USIC_CH_t \n
1867:D:/Projekty/TrinityTrack6000/MainControlBoard/Infineon/XMC4200/Libraries/XMCLib/inc\xmc_usic.h ****  * 				   \b Range: @ref XMC_USIC0_CH0, @ref XMC_USIC0_CH1 to @ref XMC_USIC2_CH1 based on device su
1868:D:/Projekty/TrinityTrack6000/MainControlBoard/Infineon/XMC4200/Libraries/XMCLib/inc\xmc_usic.h ****  * @return Status \a true if transmit FIFO is empty
1869:D:/Projekty/TrinityTrack6000/MainControlBoard/Infineon/XMC4200/Libraries/XMCLib/inc\xmc_usic.h ****  *              \a false if transmit FIFO has some data.
1870:D:/Projekty/TrinityTrack6000/MainControlBoard/Infineon/XMC4200/Libraries/XMCLib/inc\xmc_usic.h ****  *
1871:D:/Projekty/TrinityTrack6000/MainControlBoard/Infineon/XMC4200/Libraries/XMCLib/inc\xmc_usic.h ****  * \par<b>Description</b><br>
1872:D:/Projekty/TrinityTrack6000/MainControlBoard/Infineon/XMC4200/Libraries/XMCLib/inc\xmc_usic.h ****  * Checks if transmit FIFO is empty. \n\n
1873:D:/Projekty/TrinityTrack6000/MainControlBoard/Infineon/XMC4200/Libraries/XMCLib/inc\xmc_usic.h ****  * When the transmit FIFO is empty, data can be written to FIFO.
1874:D:/Projekty/TrinityTrack6000/MainControlBoard/Infineon/XMC4200/Libraries/XMCLib/inc\xmc_usic.h ****  * When the last written word to the transmit FIFO is transmitted out of the FIFO,
1875:D:/Projekty/TrinityTrack6000/MainControlBoard/Infineon/XMC4200/Libraries/XMCLib/inc\xmc_usic.h ****  * FIFO empty flag is set.
1876:D:/Projekty/TrinityTrack6000/MainControlBoard/Infineon/XMC4200/Libraries/XMCLib/inc\xmc_usic.h ****  *
1877:D:/Projekty/TrinityTrack6000/MainControlBoard/Infineon/XMC4200/Libraries/XMCLib/inc\xmc_usic.h ****  * \par<b>Related APIs:</b><BR>
1878:D:/Projekty/TrinityTrack6000/MainControlBoard/Infineon/XMC4200/Libraries/XMCLib/inc\xmc_usic.h ****  * XMC_USIC_CH_TXFIFO_Flush(), XMC_USIC_CH_TXFIFO_PutData() \n\n\n
1879:D:/Projekty/TrinityTrack6000/MainControlBoard/Infineon/XMC4200/Libraries/XMCLib/inc\xmc_usic.h ****  */
1880:D:/Projekty/TrinityTrack6000/MainControlBoard/Infineon/XMC4200/Libraries/XMCLib/inc\xmc_usic.h **** __STATIC_INLINE bool XMC_USIC_CH_TXFIFO_IsEmpty(XMC_USIC_CH_t *const channel)
1881:D:/Projekty/TrinityTrack6000/MainControlBoard/Infineon/XMC4200/Libraries/XMCLib/inc\xmc_usic.h **** {
1882:D:/Projekty/TrinityTrack6000/MainControlBoard/Infineon/XMC4200/Libraries/XMCLib/inc\xmc_usic.h ****   return (bool)(channel->TRBSR & USIC_CH_TRBSR_TEMPTY_Msk);
1883:D:/Projekty/TrinityTrack6000/MainControlBoard/Infineon/XMC4200/Libraries/XMCLib/inc\xmc_usic.h **** }
1884:D:/Projekty/TrinityTrack6000/MainControlBoard/Infineon/XMC4200/Libraries/XMCLib/inc\xmc_usic.h **** 
1885:D:/Projekty/TrinityTrack6000/MainControlBoard/Infineon/XMC4200/Libraries/XMCLib/inc\xmc_usic.h **** /**
1886:D:/Projekty/TrinityTrack6000/MainControlBoard/Infineon/XMC4200/Libraries/XMCLib/inc\xmc_usic.h ****  * @param channel Pointer to USIC channel handler of type @ref XMC_USIC_CH_t \n
1887:D:/Projekty/TrinityTrack6000/MainControlBoard/Infineon/XMC4200/Libraries/XMCLib/inc\xmc_usic.h ****  * 				   \b Range: @ref XMC_USIC0_CH0, @ref XMC_USIC0_CH1 to @ref XMC_USIC2_CH1 based on device su
1888:D:/Projekty/TrinityTrack6000/MainControlBoard/Infineon/XMC4200/Libraries/XMCLib/inc\xmc_usic.h ****  * @return Transmit FIFO filling level. \n
1889:D:/Projekty/TrinityTrack6000/MainControlBoard/Infineon/XMC4200/Libraries/XMCLib/inc\xmc_usic.h ****  *           \b Range: minimum= 0(FIFO empty), maximum= transmit FIFO size.
1890:D:/Projekty/TrinityTrack6000/MainControlBoard/Infineon/XMC4200/Libraries/XMCLib/inc\xmc_usic.h ****  *
1891:D:/Projekty/TrinityTrack6000/MainControlBoard/Infineon/XMC4200/Libraries/XMCLib/inc\xmc_usic.h ****  * \par<b>Description</b><br>
1892:D:/Projekty/TrinityTrack6000/MainControlBoard/Infineon/XMC4200/Libraries/XMCLib/inc\xmc_usic.h ****  * Gets the transmit FIFO filling level. \n\n
1893:D:/Projekty/TrinityTrack6000/MainControlBoard/Infineon/XMC4200/Libraries/XMCLib/inc\xmc_usic.h ****  * For every word written to the FIFO, filling level is updated. The API gives the value
1894:D:/Projekty/TrinityTrack6000/MainControlBoard/Infineon/XMC4200/Libraries/XMCLib/inc\xmc_usic.h ****  * of this filling level.
1895:D:/Projekty/TrinityTrack6000/MainControlBoard/Infineon/XMC4200/Libraries/XMCLib/inc\xmc_usic.h ****  *
1896:D:/Projekty/TrinityTrack6000/MainControlBoard/Infineon/XMC4200/Libraries/XMCLib/inc\xmc_usic.h ****  * \par<b>Related APIs:</b><BR>
1897:D:/Projekty/TrinityTrack6000/MainControlBoard/Infineon/XMC4200/Libraries/XMCLib/inc\xmc_usic.h ****  * XMC_USIC_CH_TXFIFO_Flush(), XMC_USIC_CH_TXFIFO_PutData() \n\n\n
1898:D:/Projekty/TrinityTrack6000/MainControlBoard/Infineon/XMC4200/Libraries/XMCLib/inc\xmc_usic.h ****  */
1899:D:/Projekty/TrinityTrack6000/MainControlBoard/Infineon/XMC4200/Libraries/XMCLib/inc\xmc_usic.h **** __STATIC_INLINE uint32_t XMC_USIC_CH_TXFIFO_GetLevel(XMC_USIC_CH_t *const channel)
1900:D:/Projekty/TrinityTrack6000/MainControlBoard/Infineon/XMC4200/Libraries/XMCLib/inc\xmc_usic.h **** {
1901:D:/Projekty/TrinityTrack6000/MainControlBoard/Infineon/XMC4200/Libraries/XMCLib/inc\xmc_usic.h ****   return ((uint32_t)(channel->TRBSR & USIC_CH_TRBSR_TBFLVL_Msk) >> USIC_CH_TRBSR_TBFLVL_Pos);
1902:D:/Projekty/TrinityTrack6000/MainControlBoard/Infineon/XMC4200/Libraries/XMCLib/inc\xmc_usic.h **** }
1903:D:/Projekty/TrinityTrack6000/MainControlBoard/Infineon/XMC4200/Libraries/XMCLib/inc\xmc_usic.h **** 
1904:D:/Projekty/TrinityTrack6000/MainControlBoard/Infineon/XMC4200/Libraries/XMCLib/inc\xmc_usic.h **** /**
1905:D:/Projekty/TrinityTrack6000/MainControlBoard/Infineon/XMC4200/Libraries/XMCLib/inc\xmc_usic.h ****  * @param channel Pointer to USIC channel handler of type @ref XMC_USIC_CH_t \n
1906:D:/Projekty/TrinityTrack6000/MainControlBoard/Infineon/XMC4200/Libraries/XMCLib/inc\xmc_usic.h ****  * 				   \b Range: @ref XMC_USIC0_CH0, @ref XMC_USIC0_CH1 to @ref XMC_USIC2_CH1 based on device su
1907:D:/Projekty/TrinityTrack6000/MainControlBoard/Infineon/XMC4200/Libraries/XMCLib/inc\xmc_usic.h ****  * @return Status of standard transmit and transmit buffer error events. @ref XMC_USIC_CH_TXFIFO_EV
1908:D:/Projekty/TrinityTrack6000/MainControlBoard/Infineon/XMC4200/Libraries/XMCLib/inc\xmc_usic.h ****  *
1909:D:/Projekty/TrinityTrack6000/MainControlBoard/Infineon/XMC4200/Libraries/XMCLib/inc\xmc_usic.h ****  * \par<b>Description</b><br>
1910:D:/Projekty/TrinityTrack6000/MainControlBoard/Infineon/XMC4200/Libraries/XMCLib/inc\xmc_usic.h ****  * Gets the transmit FIFO event status. \n\n
1911:D:/Projekty/TrinityTrack6000/MainControlBoard/Infineon/XMC4200/Libraries/XMCLib/inc\xmc_usic.h ****  * Gives the status of transmit FIFO standard transmit buffer event and transmit buffer error event
1912:D:/Projekty/TrinityTrack6000/MainControlBoard/Infineon/XMC4200/Libraries/XMCLib/inc\xmc_usic.h ****  * The status bits are located at their bit positions in the TRBSR register in the returned value.
1913:D:/Projekty/TrinityTrack6000/MainControlBoard/Infineon/XMC4200/Libraries/XMCLib/inc\xmc_usic.h ****  * User can make use of the @ref XMC_USIC_CH_TXFIFO_EVENT_t enumeration for checking the status of 
1914:D:/Projekty/TrinityTrack6000/MainControlBoard/Infineon/XMC4200/Libraries/XMCLib/inc\xmc_usic.h ****  * The status can be found by using the bitwise AND operation on the returned value with the enumer
1915:D:/Projekty/TrinityTrack6000/MainControlBoard/Infineon/XMC4200/Libraries/XMCLib/inc\xmc_usic.h ****  *
1916:D:/Projekty/TrinityTrack6000/MainControlBoard/Infineon/XMC4200/Libraries/XMCLib/inc\xmc_usic.h ****  * Note: Event status flags should be cleared by the user explicitly.
1917:D:/Projekty/TrinityTrack6000/MainControlBoard/Infineon/XMC4200/Libraries/XMCLib/inc\xmc_usic.h ****  *
1918:D:/Projekty/TrinityTrack6000/MainControlBoard/Infineon/XMC4200/Libraries/XMCLib/inc\xmc_usic.h ****  * \par<b>Related APIs:</b><BR>
1919:D:/Projekty/TrinityTrack6000/MainControlBoard/Infineon/XMC4200/Libraries/XMCLib/inc\xmc_usic.h ****  * XMC_USIC_CH_TXFIFO_ClearEvent() \n\n\n
1920:D:/Projekty/TrinityTrack6000/MainControlBoard/Infineon/XMC4200/Libraries/XMCLib/inc\xmc_usic.h ****  */
1921:D:/Projekty/TrinityTrack6000/MainControlBoard/Infineon/XMC4200/Libraries/XMCLib/inc\xmc_usic.h **** __STATIC_INLINE uint32_t XMC_USIC_CH_TXFIFO_GetEvent(XMC_USIC_CH_t *const channel)
1922:D:/Projekty/TrinityTrack6000/MainControlBoard/Infineon/XMC4200/Libraries/XMCLib/inc\xmc_usic.h **** {
1923:D:/Projekty/TrinityTrack6000/MainControlBoard/Infineon/XMC4200/Libraries/XMCLib/inc\xmc_usic.h ****   return (uint32_t)((channel->TRBSR) & (USIC_CH_TRBSR_STBI_Msk |
1924:D:/Projekty/TrinityTrack6000/MainControlBoard/Infineon/XMC4200/Libraries/XMCLib/inc\xmc_usic.h ****                                         USIC_CH_TRBSR_TBERI_Msk));
1925:D:/Projekty/TrinityTrack6000/MainControlBoard/Infineon/XMC4200/Libraries/XMCLib/inc\xmc_usic.h **** }
1926:D:/Projekty/TrinityTrack6000/MainControlBoard/Infineon/XMC4200/Libraries/XMCLib/inc\xmc_usic.h **** 
1927:D:/Projekty/TrinityTrack6000/MainControlBoard/Infineon/XMC4200/Libraries/XMCLib/inc\xmc_usic.h **** /**
1928:D:/Projekty/TrinityTrack6000/MainControlBoard/Infineon/XMC4200/Libraries/XMCLib/inc\xmc_usic.h ****  * @param channel Pointer to USIC channel handler of type @ref XMC_USIC_CH_t \n
1929:D:/Projekty/TrinityTrack6000/MainControlBoard/Infineon/XMC4200/Libraries/XMCLib/inc\xmc_usic.h ****  * 				   \b Range: @ref XMC_USIC0_CH0, @ref XMC_USIC0_CH1 to @ref XMC_USIC2_CH1 based on device su
1930:D:/Projekty/TrinityTrack6000/MainControlBoard/Infineon/XMC4200/Libraries/XMCLib/inc\xmc_usic.h ****  * @param  event Transmit FIFO events to be cleared. \n
1931:D:/Projekty/TrinityTrack6000/MainControlBoard/Infineon/XMC4200/Libraries/XMCLib/inc\xmc_usic.h ****  * 			     \b Range: @ref XMC_USIC_CH_TXFIFO_EVENT_STANDARD, @ref XMC_USIC_CH_TXFIFO_EVENT_ERROR.
1932:D:/Projekty/TrinityTrack6000/MainControlBoard/Infineon/XMC4200/Libraries/XMCLib/inc\xmc_usic.h ****  * @return None
1933:D:/Projekty/TrinityTrack6000/MainControlBoard/Infineon/XMC4200/Libraries/XMCLib/inc\xmc_usic.h ****  *
1934:D:/Projekty/TrinityTrack6000/MainControlBoard/Infineon/XMC4200/Libraries/XMCLib/inc\xmc_usic.h ****  * \par<b>Description</b><br>
1935:D:/Projekty/TrinityTrack6000/MainControlBoard/Infineon/XMC4200/Libraries/XMCLib/inc\xmc_usic.h ****  * Clears the transmit FIFO event flags in the status register. \n\n
1936:D:/Projekty/TrinityTrack6000/MainControlBoard/Infineon/XMC4200/Libraries/XMCLib/inc\xmc_usic.h ****  * USIC channel peripheral does not clear the event flags after they are read.
1937:D:/Projekty/TrinityTrack6000/MainControlBoard/Infineon/XMC4200/Libraries/XMCLib/inc\xmc_usic.h ****  * This API clears the events provided in the \a mask value.
1938:D:/Projekty/TrinityTrack6000/MainControlBoard/Infineon/XMC4200/Libraries/XMCLib/inc\xmc_usic.h ****  * XMC_USIC_CH_TXFIFO_EVENT enumeration can be used as input. Multiple events
1939:D:/Projekty/TrinityTrack6000/MainControlBoard/Infineon/XMC4200/Libraries/XMCLib/inc\xmc_usic.h ****  * can be cleared by providing a mask value obtained by bitwise OR operation of
1940:D:/Projekty/TrinityTrack6000/MainControlBoard/Infineon/XMC4200/Libraries/XMCLib/inc\xmc_usic.h ****  * multiple event enumerations.
1941:D:/Projekty/TrinityTrack6000/MainControlBoard/Infineon/XMC4200/Libraries/XMCLib/inc\xmc_usic.h ****  *
1942:D:/Projekty/TrinityTrack6000/MainControlBoard/Infineon/XMC4200/Libraries/XMCLib/inc\xmc_usic.h ****  * \par<b>Related APIs:</b><BR>
1943:D:/Projekty/TrinityTrack6000/MainControlBoard/Infineon/XMC4200/Libraries/XMCLib/inc\xmc_usic.h ****  * XMC_USIC_CH_TXFIFO_GetEvent() \n\n\n
1944:D:/Projekty/TrinityTrack6000/MainControlBoard/Infineon/XMC4200/Libraries/XMCLib/inc\xmc_usic.h ****  */
1945:D:/Projekty/TrinityTrack6000/MainControlBoard/Infineon/XMC4200/Libraries/XMCLib/inc\xmc_usic.h **** __STATIC_INLINE void XMC_USIC_CH_TXFIFO_ClearEvent(XMC_USIC_CH_t *const channel,
1946:D:/Projekty/TrinityTrack6000/MainControlBoard/Infineon/XMC4200/Libraries/XMCLib/inc\xmc_usic.h ****     const uint32_t event)
1947:D:/Projekty/TrinityTrack6000/MainControlBoard/Infineon/XMC4200/Libraries/XMCLib/inc\xmc_usic.h **** {
1948:D:/Projekty/TrinityTrack6000/MainControlBoard/Infineon/XMC4200/Libraries/XMCLib/inc\xmc_usic.h ****   channel->TRBSCR = event;
1949:D:/Projekty/TrinityTrack6000/MainControlBoard/Infineon/XMC4200/Libraries/XMCLib/inc\xmc_usic.h **** }
1950:D:/Projekty/TrinityTrack6000/MainControlBoard/Infineon/XMC4200/Libraries/XMCLib/inc\xmc_usic.h **** 
1951:D:/Projekty/TrinityTrack6000/MainControlBoard/Infineon/XMC4200/Libraries/XMCLib/inc\xmc_usic.h **** /**
1952:D:/Projekty/TrinityTrack6000/MainControlBoard/Infineon/XMC4200/Libraries/XMCLib/inc\xmc_usic.h ****  * @param channel Pointer to USIC channel handler of type @ref XMC_USIC_CH_t \n
1953:D:/Projekty/TrinityTrack6000/MainControlBoard/Infineon/XMC4200/Libraries/XMCLib/inc\xmc_usic.h ****  * 				   \b Range: @ref XMC_USIC0_CH0, @ref XMC_USIC0_CH1 to @ref XMC_USIC2_CH1 based on device su
1954:D:/Projekty/TrinityTrack6000/MainControlBoard/Infineon/XMC4200/Libraries/XMCLib/inc\xmc_usic.h ****  * @param data_pointer Start position inside the FIFO buffer. \n
1955:D:/Projekty/TrinityTrack6000/MainControlBoard/Infineon/XMC4200/Libraries/XMCLib/inc\xmc_usic.h ****  * 		\b Range: 0 to 63.
1956:D:/Projekty/TrinityTrack6000/MainControlBoard/Infineon/XMC4200/Libraries/XMCLib/inc\xmc_usic.h ****  * @param size Required size of the receive FIFO. \n
1957:D:/Projekty/TrinityTrack6000/MainControlBoard/Infineon/XMC4200/Libraries/XMCLib/inc\xmc_usic.h ****  * 		\b Range: @ref XMC_USIC_CH_FIFO_DISABLED, @ref XMC_USIC_CH_FIFO_SIZE_2WORDS.. @ref XMC_USIC_CH
1958:D:/Projekty/TrinityTrack6000/MainControlBoard/Infineon/XMC4200/Libraries/XMCLib/inc\xmc_usic.h ****  * @param limit Threshold of receive FIFO filling level to be considered for generating events. \n
1959:D:/Projekty/TrinityTrack6000/MainControlBoard/Infineon/XMC4200/Libraries/XMCLib/inc\xmc_usic.h ****  * 		\b Range: 0 to \a size -1.
1960:D:/Projekty/TrinityTrack6000/MainControlBoard/Infineon/XMC4200/Libraries/XMCLib/inc\xmc_usic.h ****  * @return None
1961:D:/Projekty/TrinityTrack6000/MainControlBoard/Infineon/XMC4200/Libraries/XMCLib/inc\xmc_usic.h ****  *
1962:D:/Projekty/TrinityTrack6000/MainControlBoard/Infineon/XMC4200/Libraries/XMCLib/inc\xmc_usic.h ****  * \par<b>Description</b><br>
1963:D:/Projekty/TrinityTrack6000/MainControlBoard/Infineon/XMC4200/Libraries/XMCLib/inc\xmc_usic.h ****  * Configures the receive FIFO. \n\n
1964:D:/Projekty/TrinityTrack6000/MainControlBoard/Infineon/XMC4200/Libraries/XMCLib/inc\xmc_usic.h ****  * Receive FIFO is the subset of a common FIFO sized 64 words. This FIFO is shared between 2 channe
1965:D:/Projekty/TrinityTrack6000/MainControlBoard/Infineon/XMC4200/Libraries/XMCLib/inc\xmc_usic.h ****  * Each channel can share the FIFO for transmission and reception. \a data_pointer represents the s
1966:D:/Projekty/TrinityTrack6000/MainControlBoard/Infineon/XMC4200/Libraries/XMCLib/inc\xmc_usic.h ****  * from where received data can be put. \a size represents the size of receive FIFO as a multiple o
1967:D:/Projekty/TrinityTrack6000/MainControlBoard/Infineon/XMC4200/Libraries/XMCLib/inc\xmc_usic.h ****  * Since the FIFO is shared between 2 USIC channels, FIFO size should be carefully selected. A FIFO
1968:D:/Projekty/TrinityTrack6000/MainControlBoard/Infineon/XMC4200/Libraries/XMCLib/inc\xmc_usic.h ****  * event or alternative receive buffer event is generated when the FIFO filling level exceeds the \
1969:D:/Projekty/TrinityTrack6000/MainControlBoard/Infineon/XMC4200/Libraries/XMCLib/inc\xmc_usic.h ****  *
1970:D:/Projekty/TrinityTrack6000/MainControlBoard/Infineon/XMC4200/Libraries/XMCLib/inc\xmc_usic.h ****  * \par<b>Related APIs:</b><BR>
1971:D:/Projekty/TrinityTrack6000/MainControlBoard/Infineon/XMC4200/Libraries/XMCLib/inc\xmc_usic.h ****  * XMC_USIC_CH_RXFIFO_EnableEvent(), XMC_USIC_CH_RXFIFO_SetInterruptNodePointer() \n\n\n
1972:D:/Projekty/TrinityTrack6000/MainControlBoard/Infineon/XMC4200/Libraries/XMCLib/inc\xmc_usic.h **** */
1973:D:/Projekty/TrinityTrack6000/MainControlBoard/Infineon/XMC4200/Libraries/XMCLib/inc\xmc_usic.h **** void XMC_USIC_CH_RXFIFO_Configure(XMC_USIC_CH_t *const channel,
1974:D:/Projekty/TrinityTrack6000/MainControlBoard/Infineon/XMC4200/Libraries/XMCLib/inc\xmc_usic.h ****                                   const uint32_t data_pointer,
1975:D:/Projekty/TrinityTrack6000/MainControlBoard/Infineon/XMC4200/Libraries/XMCLib/inc\xmc_usic.h ****                                   const XMC_USIC_CH_FIFO_SIZE_t size,
1976:D:/Projekty/TrinityTrack6000/MainControlBoard/Infineon/XMC4200/Libraries/XMCLib/inc\xmc_usic.h ****                                   const uint32_t limit);
1977:D:/Projekty/TrinityTrack6000/MainControlBoard/Infineon/XMC4200/Libraries/XMCLib/inc\xmc_usic.h **** 
1978:D:/Projekty/TrinityTrack6000/MainControlBoard/Infineon/XMC4200/Libraries/XMCLib/inc\xmc_usic.h **** /**
1979:D:/Projekty/TrinityTrack6000/MainControlBoard/Infineon/XMC4200/Libraries/XMCLib/inc\xmc_usic.h ****  * @param channel Pointer to USIC channel handler of type @ref XMC_USIC_CH_t \n
1980:D:/Projekty/TrinityTrack6000/MainControlBoard/Infineon/XMC4200/Libraries/XMCLib/inc\xmc_usic.h ****  * 				   \b Range: @ref XMC_USIC0_CH0, @ref XMC_USIC0_CH1 to @ref XMC_USIC2_CH1 based on device su
1981:D:/Projekty/TrinityTrack6000/MainControlBoard/Infineon/XMC4200/Libraries/XMCLib/inc\xmc_usic.h ****  * @param size Required size of the receive FIFO. \n
1982:D:/Projekty/TrinityTrack6000/MainControlBoard/Infineon/XMC4200/Libraries/XMCLib/inc\xmc_usic.h ****  * 		\b Range: @ref XMC_USIC_CH_FIFO_DISABLED, @ref XMC_USIC_CH_FIFO_SIZE_2WORDS.. @ref XMC_USIC_CH
1983:D:/Projekty/TrinityTrack6000/MainControlBoard/Infineon/XMC4200/Libraries/XMCLib/inc\xmc_usic.h ****  * @param limit Threshold for receive FIFO filling level to be considered for generating events. \n
1984:D:/Projekty/TrinityTrack6000/MainControlBoard/Infineon/XMC4200/Libraries/XMCLib/inc\xmc_usic.h ****  * 		\b Range: 0 to \a size -1.
1985:D:/Projekty/TrinityTrack6000/MainControlBoard/Infineon/XMC4200/Libraries/XMCLib/inc\xmc_usic.h ****  * @return None
1986:D:/Projekty/TrinityTrack6000/MainControlBoard/Infineon/XMC4200/Libraries/XMCLib/inc\xmc_usic.h ****  *
1987:D:/Projekty/TrinityTrack6000/MainControlBoard/Infineon/XMC4200/Libraries/XMCLib/inc\xmc_usic.h ****  * \deprecated { Use XMC_USIC_CH_RXFIFO_SetTriggerLimit() }
1988:D:/Projekty/TrinityTrack6000/MainControlBoard/Infineon/XMC4200/Libraries/XMCLib/inc\xmc_usic.h ****  *
1989:D:/Projekty/TrinityTrack6000/MainControlBoard/Infineon/XMC4200/Libraries/XMCLib/inc\xmc_usic.h ****  * \par<b>Description</b><br>
1990:D:/Projekty/TrinityTrack6000/MainControlBoard/Infineon/XMC4200/Libraries/XMCLib/inc\xmc_usic.h ****  * Sets the size and trigger limit for the receive FIFO. \n\n
1991:D:/Projekty/TrinityTrack6000/MainControlBoard/Infineon/XMC4200/Libraries/XMCLib/inc\xmc_usic.h ****  * The API is not to be called for initializing the receive FIFO. The API shall be used for the
1992:D:/Projekty/TrinityTrack6000/MainControlBoard/Infineon/XMC4200/Libraries/XMCLib/inc\xmc_usic.h ****  * runtime change of receive FIFO trigger limit. FIFO start position will not be affected on execut
1993:D:/Projekty/TrinityTrack6000/MainControlBoard/Infineon/XMC4200/Libraries/XMCLib/inc\xmc_usic.h ****  *
1994:D:/Projekty/TrinityTrack6000/MainControlBoard/Infineon/XMC4200/Libraries/XMCLib/inc\xmc_usic.h ****  * \par<b>Related APIs:</b><BR>
1995:D:/Projekty/TrinityTrack6000/MainControlBoard/Infineon/XMC4200/Libraries/XMCLib/inc\xmc_usic.h ****  * XMC_USIC_CH_TXFIFO_SetSizeTriggerLimit()\ n\n\n
1996:D:/Projekty/TrinityTrack6000/MainControlBoard/Infineon/XMC4200/Libraries/XMCLib/inc\xmc_usic.h ****  */
1997:D:/Projekty/TrinityTrack6000/MainControlBoard/Infineon/XMC4200/Libraries/XMCLib/inc\xmc_usic.h **** void XMC_USIC_CH_RXFIFO_SetSizeTriggerLimit(XMC_USIC_CH_t *const channel,
1998:D:/Projekty/TrinityTrack6000/MainControlBoard/Infineon/XMC4200/Libraries/XMCLib/inc\xmc_usic.h ****     const XMC_USIC_CH_FIFO_SIZE_t size,
1999:D:/Projekty/TrinityTrack6000/MainControlBoard/Infineon/XMC4200/Libraries/XMCLib/inc\xmc_usic.h ****     const uint32_t limit);
2000:D:/Projekty/TrinityTrack6000/MainControlBoard/Infineon/XMC4200/Libraries/XMCLib/inc\xmc_usic.h **** 
2001:D:/Projekty/TrinityTrack6000/MainControlBoard/Infineon/XMC4200/Libraries/XMCLib/inc\xmc_usic.h **** /**
2002:D:/Projekty/TrinityTrack6000/MainControlBoard/Infineon/XMC4200/Libraries/XMCLib/inc\xmc_usic.h ****  * @param channel Pointer to USIC channel handler of type @ref XMC_USIC_CH_t \n
2003:D:/Projekty/TrinityTrack6000/MainControlBoard/Infineon/XMC4200/Libraries/XMCLib/inc\xmc_usic.h ****  * 				   \b Range: @ref XMC_USIC0_CH0, @ref XMC_USIC0_CH1 to @ref XMC_USIC2_CH1 based on device su
2004:D:/Projekty/TrinityTrack6000/MainControlBoard/Infineon/XMC4200/Libraries/XMCLib/inc\xmc_usic.h ****  * @param limit Threshold for transmit FIFO filling level to be considered for generating events. \
2005:D:/Projekty/TrinityTrack6000/MainControlBoard/Infineon/XMC4200/Libraries/XMCLib/inc\xmc_usic.h ****  * 		\b Range: 0 to \a fifo size -1.
2006:D:/Projekty/TrinityTrack6000/MainControlBoard/Infineon/XMC4200/Libraries/XMCLib/inc\xmc_usic.h ****  * @return None
2007:D:/Projekty/TrinityTrack6000/MainControlBoard/Infineon/XMC4200/Libraries/XMCLib/inc\xmc_usic.h ****  *
2008:D:/Projekty/TrinityTrack6000/MainControlBoard/Infineon/XMC4200/Libraries/XMCLib/inc\xmc_usic.h ****  * \par<b>Description</b><br>
2009:D:/Projekty/TrinityTrack6000/MainControlBoard/Infineon/XMC4200/Libraries/XMCLib/inc\xmc_usic.h ****  * Sets the trigger limit for the TX FIFO. \n\n
2010:D:/Projekty/TrinityTrack6000/MainControlBoard/Infineon/XMC4200/Libraries/XMCLib/inc\xmc_usic.h ****  *
2011:D:/Projekty/TrinityTrack6000/MainControlBoard/Infineon/XMC4200/Libraries/XMCLib/inc\xmc_usic.h ****  * \par<b>Related APIs:</b><BR>
2012:D:/Projekty/TrinityTrack6000/MainControlBoard/Infineon/XMC4200/Libraries/XMCLib/inc\xmc_usic.h ****  * XMC_USIC_CH_TXFIFO_SetSizeTriggerLimit() \n\n\n
2013:D:/Projekty/TrinityTrack6000/MainControlBoard/Infineon/XMC4200/Libraries/XMCLib/inc\xmc_usic.h ****  */
2014:D:/Projekty/TrinityTrack6000/MainControlBoard/Infineon/XMC4200/Libraries/XMCLib/inc\xmc_usic.h **** __STATIC_INLINE void XMC_USIC_CH_RXFIFO_SetTriggerLimit(XMC_USIC_CH_t *const channel,
2015:D:/Projekty/TrinityTrack6000/MainControlBoard/Infineon/XMC4200/Libraries/XMCLib/inc\xmc_usic.h ****     const uint32_t limit)
2016:D:/Projekty/TrinityTrack6000/MainControlBoard/Infineon/XMC4200/Libraries/XMCLib/inc\xmc_usic.h **** {
2017:D:/Projekty/TrinityTrack6000/MainControlBoard/Infineon/XMC4200/Libraries/XMCLib/inc\xmc_usic.h ****   channel->RBCTR = (channel->RBCTR & (uint32_t)~USIC_CH_RBCTR_LIMIT_Msk) | ((limit << USIC_CH_RBCTR
2018:D:/Projekty/TrinityTrack6000/MainControlBoard/Infineon/XMC4200/Libraries/XMCLib/inc\xmc_usic.h **** }
2019:D:/Projekty/TrinityTrack6000/MainControlBoard/Infineon/XMC4200/Libraries/XMCLib/inc\xmc_usic.h **** 
2020:D:/Projekty/TrinityTrack6000/MainControlBoard/Infineon/XMC4200/Libraries/XMCLib/inc\xmc_usic.h **** /**
2021:D:/Projekty/TrinityTrack6000/MainControlBoard/Infineon/XMC4200/Libraries/XMCLib/inc\xmc_usic.h ****  * @param channel Pointer to USIC channel handler of type @ref XMC_USIC_CH_t \n
2022:D:/Projekty/TrinityTrack6000/MainControlBoard/Infineon/XMC4200/Libraries/XMCLib/inc\xmc_usic.h ****  * 				   \b Range: @ref XMC_USIC0_CH0, @ref XMC_USIC0_CH1 to @ref XMC_USIC2_CH1 based on device su
2023:D:/Projekty/TrinityTrack6000/MainControlBoard/Infineon/XMC4200/Libraries/XMCLib/inc\xmc_usic.h ****  * @param event Events to be enabled. Multiple events can be bitwise OR combined. @ref XMC_USIC_CH_
2024:D:/Projekty/TrinityTrack6000/MainControlBoard/Infineon/XMC4200/Libraries/XMCLib/inc\xmc_usic.h ****  * @return None
2025:D:/Projekty/TrinityTrack6000/MainControlBoard/Infineon/XMC4200/Libraries/XMCLib/inc\xmc_usic.h ****  *
2026:D:/Projekty/TrinityTrack6000/MainControlBoard/Infineon/XMC4200/Libraries/XMCLib/inc\xmc_usic.h ****  * \par<b>Description</b><br>
2027:D:/Projekty/TrinityTrack6000/MainControlBoard/Infineon/XMC4200/Libraries/XMCLib/inc\xmc_usic.h ****  * Enables the interrupt events related to transmit FIFO. \n\n
2028:D:/Projekty/TrinityTrack6000/MainControlBoard/Infineon/XMC4200/Libraries/XMCLib/inc\xmc_usic.h ****  * Event bitmasks can be constructed using the enumeration @ref XMC_USIC_CH_RXFIFO_EVENT_CONF_t.
2029:D:/Projekty/TrinityTrack6000/MainControlBoard/Infineon/XMC4200/Libraries/XMCLib/inc\xmc_usic.h ****  * Multiple events can be enabled by providing multiple events in a single call. For providing
2030:D:/Projekty/TrinityTrack6000/MainControlBoard/Infineon/XMC4200/Libraries/XMCLib/inc\xmc_usic.h ****  * multiple events, combine the events using bitwise OR operation.<br>
2031:D:/Projekty/TrinityTrack6000/MainControlBoard/Infineon/XMC4200/Libraries/XMCLib/inc\xmc_usic.h ****  *
2032:D:/Projekty/TrinityTrack6000/MainControlBoard/Infineon/XMC4200/Libraries/XMCLib/inc\xmc_usic.h ****  * Note: API only enables the events. For interrupt generation, interrupt node must be configured a
2033:D:/Projekty/TrinityTrack6000/MainControlBoard/Infineon/XMC4200/Libraries/XMCLib/inc\xmc_usic.h ****  * must be enabled.
2034:D:/Projekty/TrinityTrack6000/MainControlBoard/Infineon/XMC4200/Libraries/XMCLib/inc\xmc_usic.h ****  *
2035:D:/Projekty/TrinityTrack6000/MainControlBoard/Infineon/XMC4200/Libraries/XMCLib/inc\xmc_usic.h ****  * \par<b>Related APIs:</b><BR>
2036:D:/Projekty/TrinityTrack6000/MainControlBoard/Infineon/XMC4200/Libraries/XMCLib/inc\xmc_usic.h ****  * XMC_USIC_CH_RXFIFO_SetInterruptNodePointer() \n\n\n
2037:D:/Projekty/TrinityTrack6000/MainControlBoard/Infineon/XMC4200/Libraries/XMCLib/inc\xmc_usic.h ****  */
2038:D:/Projekty/TrinityTrack6000/MainControlBoard/Infineon/XMC4200/Libraries/XMCLib/inc\xmc_usic.h **** __STATIC_INLINE void XMC_USIC_CH_RXFIFO_EnableEvent(XMC_USIC_CH_t *const channel, const uint32_t ev
2039:D:/Projekty/TrinityTrack6000/MainControlBoard/Infineon/XMC4200/Libraries/XMCLib/inc\xmc_usic.h **** {
2040:D:/Projekty/TrinityTrack6000/MainControlBoard/Infineon/XMC4200/Libraries/XMCLib/inc\xmc_usic.h ****   channel->RBCTR |= event;
2041:D:/Projekty/TrinityTrack6000/MainControlBoard/Infineon/XMC4200/Libraries/XMCLib/inc\xmc_usic.h **** }
2042:D:/Projekty/TrinityTrack6000/MainControlBoard/Infineon/XMC4200/Libraries/XMCLib/inc\xmc_usic.h **** 
2043:D:/Projekty/TrinityTrack6000/MainControlBoard/Infineon/XMC4200/Libraries/XMCLib/inc\xmc_usic.h **** 
2044:D:/Projekty/TrinityTrack6000/MainControlBoard/Infineon/XMC4200/Libraries/XMCLib/inc\xmc_usic.h **** /**
2045:D:/Projekty/TrinityTrack6000/MainControlBoard/Infineon/XMC4200/Libraries/XMCLib/inc\xmc_usic.h ****  * @param channel Pointer to USIC channel handler of type @ref XMC_USIC_CH_t \n
2046:D:/Projekty/TrinityTrack6000/MainControlBoard/Infineon/XMC4200/Libraries/XMCLib/inc\xmc_usic.h ****  * 				   \b Range: @ref XMC_USIC0_CH0, @ref XMC_USIC0_CH1 to @ref XMC_USIC2_CH1 based on device su
2047:D:/Projekty/TrinityTrack6000/MainControlBoard/Infineon/XMC4200/Libraries/XMCLib/inc\xmc_usic.h ****  * @param event Events to be disabled. \n
2048:D:/Projekty/TrinityTrack6000/MainControlBoard/Infineon/XMC4200/Libraries/XMCLib/inc\xmc_usic.h ****  * 			\b Range: @ref XMC_USIC_CH_RXFIFO_EVENT_CONF_STANDARD, @ref XMC_USIC_CH_RXFIFO_EVENT_CONF_ERR
2049:D:/Projekty/TrinityTrack6000/MainControlBoard/Infineon/XMC4200/Libraries/XMCLib/inc\xmc_usic.h ****  * 			@ref XMC_USIC_CH_RXFIFO_EVENT_CONF_ALTERNATE.
2050:D:/Projekty/TrinityTrack6000/MainControlBoard/Infineon/XMC4200/Libraries/XMCLib/inc\xmc_usic.h ****  * @return None
2051:D:/Projekty/TrinityTrack6000/MainControlBoard/Infineon/XMC4200/Libraries/XMCLib/inc\xmc_usic.h ****  *
2052:D:/Projekty/TrinityTrack6000/MainControlBoard/Infineon/XMC4200/Libraries/XMCLib/inc\xmc_usic.h ****  * \par<b>Description</b><br>
2053:D:/Projekty/TrinityTrack6000/MainControlBoard/Infineon/XMC4200/Libraries/XMCLib/inc\xmc_usic.h ****  * Disables the selected interrupt events related to receive FIFO. \n\n
2054:D:/Projekty/TrinityTrack6000/MainControlBoard/Infineon/XMC4200/Libraries/XMCLib/inc\xmc_usic.h ****  * By disabling the interrupt events, generation of interrupt is stopped. User can poll the event
2055:D:/Projekty/TrinityTrack6000/MainControlBoard/Infineon/XMC4200/Libraries/XMCLib/inc\xmc_usic.h ****  * flags from the status register using the API XMC_USIC_CH_RXFIFO_GetEvent().
2056:D:/Projekty/TrinityTrack6000/MainControlBoard/Infineon/XMC4200/Libraries/XMCLib/inc\xmc_usic.h ****  * Event bitmasks can be constructed using the enumeration \a XMC_USIC_CH_RXFIFO_EVENT_CONF. For pr
2057:D:/Projekty/TrinityTrack6000/MainControlBoard/Infineon/XMC4200/Libraries/XMCLib/inc\xmc_usic.h ****  * multiple events, combine the events using bitwise OR operation.
2058:D:/Projekty/TrinityTrack6000/MainControlBoard/Infineon/XMC4200/Libraries/XMCLib/inc\xmc_usic.h ****  *
2059:D:/Projekty/TrinityTrack6000/MainControlBoard/Infineon/XMC4200/Libraries/XMCLib/inc\xmc_usic.h ****  * \par<b>Related APIs:</b><BR>
2060:D:/Projekty/TrinityTrack6000/MainControlBoard/Infineon/XMC4200/Libraries/XMCLib/inc\xmc_usic.h ****  * XMC_USIC_CH_RXFIFO_GetEvent(), XMC_USIC_CH_RXFIFO_EnableEvent() \n\n\n
2061:D:/Projekty/TrinityTrack6000/MainControlBoard/Infineon/XMC4200/Libraries/XMCLib/inc\xmc_usic.h ****  */
2062:D:/Projekty/TrinityTrack6000/MainControlBoard/Infineon/XMC4200/Libraries/XMCLib/inc\xmc_usic.h **** __STATIC_INLINE void XMC_USIC_CH_RXFIFO_DisableEvent(XMC_USIC_CH_t *const channel, const uint32_t e
2063:D:/Projekty/TrinityTrack6000/MainControlBoard/Infineon/XMC4200/Libraries/XMCLib/inc\xmc_usic.h **** {
2064:D:/Projekty/TrinityTrack6000/MainControlBoard/Infineon/XMC4200/Libraries/XMCLib/inc\xmc_usic.h ****   channel->RBCTR &= (uint32_t)~event;
2065:D:/Projekty/TrinityTrack6000/MainControlBoard/Infineon/XMC4200/Libraries/XMCLib/inc\xmc_usic.h **** }
2066:D:/Projekty/TrinityTrack6000/MainControlBoard/Infineon/XMC4200/Libraries/XMCLib/inc\xmc_usic.h **** 
2067:D:/Projekty/TrinityTrack6000/MainControlBoard/Infineon/XMC4200/Libraries/XMCLib/inc\xmc_usic.h **** /**
2068:D:/Projekty/TrinityTrack6000/MainControlBoard/Infineon/XMC4200/Libraries/XMCLib/inc\xmc_usic.h ****  * @param channel Pointer to USIC channel handler of type @ref XMC_USIC_CH_t \n
2069:D:/Projekty/TrinityTrack6000/MainControlBoard/Infineon/XMC4200/Libraries/XMCLib/inc\xmc_usic.h ****  * 				   \b Range: @ref XMC_USIC0_CH0, @ref XMC_USIC0_CH1 to @ref XMC_USIC2_CH1 based on device su
2070:D:/Projekty/TrinityTrack6000/MainControlBoard/Infineon/XMC4200/Libraries/XMCLib/inc\xmc_usic.h ****  * @param interrupt_node Node pointer representing the receive FIFO events. \n
2071:D:/Projekty/TrinityTrack6000/MainControlBoard/Infineon/XMC4200/Libraries/XMCLib/inc\xmc_usic.h ****  * 					\b Range: @ref XMC_USIC_CH_RXFIFO_INTERRUPT_NODE_POINTER_STANDARD,
2072:D:/Projekty/TrinityTrack6000/MainControlBoard/Infineon/XMC4200/Libraries/XMCLib/inc\xmc_usic.h ****  * 					@ref XMC_USIC_CH_RXFIFO_INTERRUPT_NODE_POINTER_ALTERNATE
2073:D:/Projekty/TrinityTrack6000/MainControlBoard/Infineon/XMC4200/Libraries/XMCLib/inc\xmc_usic.h ****  * @param service_request The service request to be used for interrupt generation.\n
2074:D:/Projekty/TrinityTrack6000/MainControlBoard/Infineon/XMC4200/Libraries/XMCLib/inc\xmc_usic.h ****  * 					\b Range: 0 to 5.
2075:D:/Projekty/TrinityTrack6000/MainControlBoard/Infineon/XMC4200/Libraries/XMCLib/inc\xmc_usic.h ****  * @return None
2076:D:/Projekty/TrinityTrack6000/MainControlBoard/Infineon/XMC4200/Libraries/XMCLib/inc\xmc_usic.h ****  *
2077:D:/Projekty/TrinityTrack6000/MainControlBoard/Infineon/XMC4200/Libraries/XMCLib/inc\xmc_usic.h ****  * \par<b>Description</b><br>
2078:D:/Projekty/TrinityTrack6000/MainControlBoard/Infineon/XMC4200/Libraries/XMCLib/inc\xmc_usic.h ****  * Sets an interrupt node for the receive FIFO events. \n\n
2079:D:/Projekty/TrinityTrack6000/MainControlBoard/Infineon/XMC4200/Libraries/XMCLib/inc\xmc_usic.h ****  * A node pointer represents one or more interrupt events. Service request represents the interrupt
2080:D:/Projekty/TrinityTrack6000/MainControlBoard/Infineon/XMC4200/Libraries/XMCLib/inc\xmc_usic.h ****  * among the 6 interrupt nodes available for USIC module.
2081:D:/Projekty/TrinityTrack6000/MainControlBoard/Infineon/XMC4200/Libraries/XMCLib/inc\xmc_usic.h ****  * API configures the service request to be used for interrupt generation for the events selected.
2082:D:/Projekty/TrinityTrack6000/MainControlBoard/Infineon/XMC4200/Libraries/XMCLib/inc\xmc_usic.h ****  * A receive FIFO event can generate an interrupt only if the interrupt node is configured for the 
2083:D:/Projekty/TrinityTrack6000/MainControlBoard/Infineon/XMC4200/Libraries/XMCLib/inc\xmc_usic.h ****  * the interrupt generation is enabled for the event. For example, transmit FIFO standard transmit 
2084:D:/Projekty/TrinityTrack6000/MainControlBoard/Infineon/XMC4200/Libraries/XMCLib/inc\xmc_usic.h ****  * interrupt is generated if the interrupt node for the same is set and interrupt is enabled.<br>
2085:D:/Projekty/TrinityTrack6000/MainControlBoard/Infineon/XMC4200/Libraries/XMCLib/inc\xmc_usic.h ****  *
2086:D:/Projekty/TrinityTrack6000/MainControlBoard/Infineon/XMC4200/Libraries/XMCLib/inc\xmc_usic.h ****  * Note: NVIC node should be explicitly enabled for the interrupt generation.
2087:D:/Projekty/TrinityTrack6000/MainControlBoard/Infineon/XMC4200/Libraries/XMCLib/inc\xmc_usic.h ****  *
2088:D:/Projekty/TrinityTrack6000/MainControlBoard/Infineon/XMC4200/Libraries/XMCLib/inc\xmc_usic.h ****  * \par<b>Related APIs:</b><BR>
2089:D:/Projekty/TrinityTrack6000/MainControlBoard/Infineon/XMC4200/Libraries/XMCLib/inc\xmc_usic.h ****  * XMC_USIC_CH_RXFIFO_EnableEvent() \n\n\n
2090:D:/Projekty/TrinityTrack6000/MainControlBoard/Infineon/XMC4200/Libraries/XMCLib/inc\xmc_usic.h ****  */
2091:D:/Projekty/TrinityTrack6000/MainControlBoard/Infineon/XMC4200/Libraries/XMCLib/inc\xmc_usic.h **** void XMC_USIC_CH_RXFIFO_SetInterruptNodePointer(XMC_USIC_CH_t *const channel,
2092:D:/Projekty/TrinityTrack6000/MainControlBoard/Infineon/XMC4200/Libraries/XMCLib/inc\xmc_usic.h ****     const XMC_USIC_CH_RXFIFO_INTERRUPT_NODE_POINTER_t interrupt_node,
2093:D:/Projekty/TrinityTrack6000/MainControlBoard/Infineon/XMC4200/Libraries/XMCLib/inc\xmc_usic.h ****     const uint32_t service_request);
2094:D:/Projekty/TrinityTrack6000/MainControlBoard/Infineon/XMC4200/Libraries/XMCLib/inc\xmc_usic.h **** 
2095:D:/Projekty/TrinityTrack6000/MainControlBoard/Infineon/XMC4200/Libraries/XMCLib/inc\xmc_usic.h **** /**
2096:D:/Projekty/TrinityTrack6000/MainControlBoard/Infineon/XMC4200/Libraries/XMCLib/inc\xmc_usic.h ****  * @param channel Pointer to USIC channel handler of type @ref XMC_USIC_CH_t \n
2097:D:/Projekty/TrinityTrack6000/MainControlBoard/Infineon/XMC4200/Libraries/XMCLib/inc\xmc_usic.h ****  * 				   \b Range: @ref XMC_USIC0_CH0, @ref XMC_USIC0_CH1 to @ref XMC_USIC2_CH1 based on device su
2098:D:/Projekty/TrinityTrack6000/MainControlBoard/Infineon/XMC4200/Libraries/XMCLib/inc\xmc_usic.h ****  * @return Value read from the receive FIFO. \n
2099:D:/Projekty/TrinityTrack6000/MainControlBoard/Infineon/XMC4200/Libraries/XMCLib/inc\xmc_usic.h ****  * 			\b Range: 16bit data. Length of data depends on the word length configuration.
2100:D:/Projekty/TrinityTrack6000/MainControlBoard/Infineon/XMC4200/Libraries/XMCLib/inc\xmc_usic.h ****  *
2101:D:/Projekty/TrinityTrack6000/MainControlBoard/Infineon/XMC4200/Libraries/XMCLib/inc\xmc_usic.h ****  * \par<b>Description</b><br>
2102:D:/Projekty/TrinityTrack6000/MainControlBoard/Infineon/XMC4200/Libraries/XMCLib/inc\xmc_usic.h ****  * Gets data from the receive FIFO. \n\n
2103:D:/Projekty/TrinityTrack6000/MainControlBoard/Infineon/XMC4200/Libraries/XMCLib/inc\xmc_usic.h ****  * Receive FIFO should be read only if data is availble in the FIFO. This can be checked using
2104:D:/Projekty/TrinityTrack6000/MainControlBoard/Infineon/XMC4200/Libraries/XMCLib/inc\xmc_usic.h ****  * the API XMC_USIC_CH_RXFIFO_IsEmpty(). Receive FIFO error flag will be set if an attempt is made
2105:D:/Projekty/TrinityTrack6000/MainControlBoard/Infineon/XMC4200/Libraries/XMCLib/inc\xmc_usic.h ****  * to read from an empty receive FIFO. To read all the received data, user should keep reading data
2106:D:/Projekty/TrinityTrack6000/MainControlBoard/Infineon/XMC4200/Libraries/XMCLib/inc\xmc_usic.h ****  * until receive FIFO is empty.
2107:D:/Projekty/TrinityTrack6000/MainControlBoard/Infineon/XMC4200/Libraries/XMCLib/inc\xmc_usic.h ****  *
2108:D:/Projekty/TrinityTrack6000/MainControlBoard/Infineon/XMC4200/Libraries/XMCLib/inc\xmc_usic.h ****  * \par<b>Related APIs:</b><BR>
2109:D:/Projekty/TrinityTrack6000/MainControlBoard/Infineon/XMC4200/Libraries/XMCLib/inc\xmc_usic.h ****  * XMC_USIC_CH_RXFIFO_ClearEvent() \n\n\n
2110:D:/Projekty/TrinityTrack6000/MainControlBoard/Infineon/XMC4200/Libraries/XMCLib/inc\xmc_usic.h ****  */
2111:D:/Projekty/TrinityTrack6000/MainControlBoard/Infineon/XMC4200/Libraries/XMCLib/inc\xmc_usic.h **** __STATIC_INLINE uint16_t XMC_USIC_CH_RXFIFO_GetData(XMC_USIC_CH_t *const channel)
2112:D:/Projekty/TrinityTrack6000/MainControlBoard/Infineon/XMC4200/Libraries/XMCLib/inc\xmc_usic.h **** {
2113:D:/Projekty/TrinityTrack6000/MainControlBoard/Infineon/XMC4200/Libraries/XMCLib/inc\xmc_usic.h ****   return (uint16_t)(channel->OUTR);
2114:D:/Projekty/TrinityTrack6000/MainControlBoard/Infineon/XMC4200/Libraries/XMCLib/inc\xmc_usic.h **** }
2115:D:/Projekty/TrinityTrack6000/MainControlBoard/Infineon/XMC4200/Libraries/XMCLib/inc\xmc_usic.h **** 
2116:D:/Projekty/TrinityTrack6000/MainControlBoard/Infineon/XMC4200/Libraries/XMCLib/inc\xmc_usic.h **** /**
2117:D:/Projekty/TrinityTrack6000/MainControlBoard/Infineon/XMC4200/Libraries/XMCLib/inc\xmc_usic.h ****  * @param channel Pointer to USIC channel handler of type @ref XMC_USIC_CH_t \n
2118:D:/Projekty/TrinityTrack6000/MainControlBoard/Infineon/XMC4200/Libraries/XMCLib/inc\xmc_usic.h ****  * 				   \b Range: @ref XMC_USIC0_CH0, @ref XMC_USIC0_CH1 to @ref XMC_USIC2_CH1 based on device su
2119:D:/Projekty/TrinityTrack6000/MainControlBoard/Infineon/XMC4200/Libraries/XMCLib/inc\xmc_usic.h ****  * @return None
2120:D:/Projekty/TrinityTrack6000/MainControlBoard/Infineon/XMC4200/Libraries/XMCLib/inc\xmc_usic.h ****  *
2121:D:/Projekty/TrinityTrack6000/MainControlBoard/Infineon/XMC4200/Libraries/XMCLib/inc\xmc_usic.h ****  * \par<b>Description</b><br>
2122:D:/Projekty/TrinityTrack6000/MainControlBoard/Infineon/XMC4200/Libraries/XMCLib/inc\xmc_usic.h ****  * Clears the contents of receive FIFO. \n\n
2123:D:/Projekty/TrinityTrack6000/MainControlBoard/Infineon/XMC4200/Libraries/XMCLib/inc\xmc_usic.h ****  * Receive FIFO contents will be cleared and the filling level will be reset to 0.
2124:D:/Projekty/TrinityTrack6000/MainControlBoard/Infineon/XMC4200/Libraries/XMCLib/inc\xmc_usic.h ****  *
2125:D:/Projekty/TrinityTrack6000/MainControlBoard/Infineon/XMC4200/Libraries/XMCLib/inc\xmc_usic.h ****  * \par<b>Related APIs:</b><BR>
2126:D:/Projekty/TrinityTrack6000/MainControlBoard/Infineon/XMC4200/Libraries/XMCLib/inc\xmc_usic.h ****  * XMC_USIC_CH_RXFIFO_GetLevel() \n\n\n
2127:D:/Projekty/TrinityTrack6000/MainControlBoard/Infineon/XMC4200/Libraries/XMCLib/inc\xmc_usic.h ****  */
2128:D:/Projekty/TrinityTrack6000/MainControlBoard/Infineon/XMC4200/Libraries/XMCLib/inc\xmc_usic.h **** __STATIC_INLINE void XMC_USIC_CH_RXFIFO_Flush(XMC_USIC_CH_t *const channel)
2129:D:/Projekty/TrinityTrack6000/MainControlBoard/Infineon/XMC4200/Libraries/XMCLib/inc\xmc_usic.h **** {
2130:D:/Projekty/TrinityTrack6000/MainControlBoard/Infineon/XMC4200/Libraries/XMCLib/inc\xmc_usic.h ****   channel->TRBSCR = (uint32_t)USIC_CH_TRBSCR_FLUSHRB_Msk;
2131:D:/Projekty/TrinityTrack6000/MainControlBoard/Infineon/XMC4200/Libraries/XMCLib/inc\xmc_usic.h **** }
2132:D:/Projekty/TrinityTrack6000/MainControlBoard/Infineon/XMC4200/Libraries/XMCLib/inc\xmc_usic.h **** 
2133:D:/Projekty/TrinityTrack6000/MainControlBoard/Infineon/XMC4200/Libraries/XMCLib/inc\xmc_usic.h **** /**
2134:D:/Projekty/TrinityTrack6000/MainControlBoard/Infineon/XMC4200/Libraries/XMCLib/inc\xmc_usic.h ****  * @param channel Pointer to USIC channel handler of type @ref XMC_USIC_CH_t \n
2135:D:/Projekty/TrinityTrack6000/MainControlBoard/Infineon/XMC4200/Libraries/XMCLib/inc\xmc_usic.h ****  * 				   \b Range: @ref XMC_USIC0_CH0, @ref XMC_USIC0_CH1 to @ref XMC_USIC2_CH1 based on device su
2136:D:/Projekty/TrinityTrack6000/MainControlBoard/Infineon/XMC4200/Libraries/XMCLib/inc\xmc_usic.h ****  * @return Status \a true if receive FIFO is full
2137:D:/Projekty/TrinityTrack6000/MainControlBoard/Infineon/XMC4200/Libraries/XMCLib/inc\xmc_usic.h ****  *              \a false if receive FIFO is not full.
2138:D:/Projekty/TrinityTrack6000/MainControlBoard/Infineon/XMC4200/Libraries/XMCLib/inc\xmc_usic.h ****  *
2139:D:/Projekty/TrinityTrack6000/MainControlBoard/Infineon/XMC4200/Libraries/XMCLib/inc\xmc_usic.h ****  * \par<b>Description</b><br>
2140:D:/Projekty/TrinityTrack6000/MainControlBoard/Infineon/XMC4200/Libraries/XMCLib/inc\xmc_usic.h ****  * Checks if receive FIFO is full. \n\n
2141:D:/Projekty/TrinityTrack6000/MainControlBoard/Infineon/XMC4200/Libraries/XMCLib/inc\xmc_usic.h ****  * When the receive FIFO filling level reaches the configured size, FIFO full flag is set.
2142:D:/Projekty/TrinityTrack6000/MainControlBoard/Infineon/XMC4200/Libraries/XMCLib/inc\xmc_usic.h ****  * Any data received when the receive FIFO is full, is lost.
2143:D:/Projekty/TrinityTrack6000/MainControlBoard/Infineon/XMC4200/Libraries/XMCLib/inc\xmc_usic.h ****  *
2144:D:/Projekty/TrinityTrack6000/MainControlBoard/Infineon/XMC4200/Libraries/XMCLib/inc\xmc_usic.h ****  * \par<b>Related APIs:</b><BR>
2145:D:/Projekty/TrinityTrack6000/MainControlBoard/Infineon/XMC4200/Libraries/XMCLib/inc\xmc_usic.h ****  * XMC_USIC_CH_RXFIFO_IsEmpty(), XMC_USIC_CH_RXFIFO_Flush() \n\n\n
2146:D:/Projekty/TrinityTrack6000/MainControlBoard/Infineon/XMC4200/Libraries/XMCLib/inc\xmc_usic.h ****  */
2147:D:/Projekty/TrinityTrack6000/MainControlBoard/Infineon/XMC4200/Libraries/XMCLib/inc\xmc_usic.h **** __STATIC_INLINE bool XMC_USIC_CH_RXFIFO_IsFull(XMC_USIC_CH_t *const channel)
2148:D:/Projekty/TrinityTrack6000/MainControlBoard/Infineon/XMC4200/Libraries/XMCLib/inc\xmc_usic.h **** {
2149:D:/Projekty/TrinityTrack6000/MainControlBoard/Infineon/XMC4200/Libraries/XMCLib/inc\xmc_usic.h ****   return (bool)(channel->TRBSR & USIC_CH_TRBSR_RFULL_Msk);
2150:D:/Projekty/TrinityTrack6000/MainControlBoard/Infineon/XMC4200/Libraries/XMCLib/inc\xmc_usic.h **** }
2151:D:/Projekty/TrinityTrack6000/MainControlBoard/Infineon/XMC4200/Libraries/XMCLib/inc\xmc_usic.h **** 
2152:D:/Projekty/TrinityTrack6000/MainControlBoard/Infineon/XMC4200/Libraries/XMCLib/inc\xmc_usic.h **** /**
2153:D:/Projekty/TrinityTrack6000/MainControlBoard/Infineon/XMC4200/Libraries/XMCLib/inc\xmc_usic.h ****  * @param channel Pointer to USIC channel handler of type @ref XMC_USIC_CH_t \n
2154:D:/Projekty/TrinityTrack6000/MainControlBoard/Infineon/XMC4200/Libraries/XMCLib/inc\xmc_usic.h ****  * 				   \b Range: @ref XMC_USIC0_CH0, @ref XMC_USIC0_CH1 to @ref XMC_USIC2_CH1 based on device su
2155:D:/Projekty/TrinityTrack6000/MainControlBoard/Infineon/XMC4200/Libraries/XMCLib/inc\xmc_usic.h ****  * @return Status \a true if receive FIFO is empty,
2156:D:/Projekty/TrinityTrack6000/MainControlBoard/Infineon/XMC4200/Libraries/XMCLib/inc\xmc_usic.h ****  *              \a false if receive FIFO has some data.
2157:D:/Projekty/TrinityTrack6000/MainControlBoard/Infineon/XMC4200/Libraries/XMCLib/inc\xmc_usic.h ****  *
2158:D:/Projekty/TrinityTrack6000/MainControlBoard/Infineon/XMC4200/Libraries/XMCLib/inc\xmc_usic.h ****  * \par<b>Description</b><br>
2159:D:/Projekty/TrinityTrack6000/MainControlBoard/Infineon/XMC4200/Libraries/XMCLib/inc\xmc_usic.h ****  * Checks if receive FIFO is empty. \n\n
2160:D:/Projekty/TrinityTrack6000/MainControlBoard/Infineon/XMC4200/Libraries/XMCLib/inc\xmc_usic.h ****  * When the receive FIFO is empty, received data will be put in receive FIFO.
2161:D:/Projekty/TrinityTrack6000/MainControlBoard/Infineon/XMC4200/Libraries/XMCLib/inc\xmc_usic.h ****  * When the last received word in the FIFO is read, FIFO empty flag is set. Any attempt
2162:D:/Projekty/TrinityTrack6000/MainControlBoard/Infineon/XMC4200/Libraries/XMCLib/inc\xmc_usic.h ****  * to read from an empty receive FIFO will set the receive FIFO error flag.
2163:D:/Projekty/TrinityTrack6000/MainControlBoard/Infineon/XMC4200/Libraries/XMCLib/inc\xmc_usic.h ****  *
2164:D:/Projekty/TrinityTrack6000/MainControlBoard/Infineon/XMC4200/Libraries/XMCLib/inc\xmc_usic.h ****  * \par<b>Related APIs:</b><BR>
2165:D:/Projekty/TrinityTrack6000/MainControlBoard/Infineon/XMC4200/Libraries/XMCLib/inc\xmc_usic.h ****  * XMC_USIC_CH_RXFIFO_Flush(), XMC_USIC_CH_RXFIFO_PutData() \n\n\n
2166:D:/Projekty/TrinityTrack6000/MainControlBoard/Infineon/XMC4200/Libraries/XMCLib/inc\xmc_usic.h ****  */
2167:D:/Projekty/TrinityTrack6000/MainControlBoard/Infineon/XMC4200/Libraries/XMCLib/inc\xmc_usic.h **** __STATIC_INLINE bool XMC_USIC_CH_RXFIFO_IsEmpty(XMC_USIC_CH_t *const channel)
2168:D:/Projekty/TrinityTrack6000/MainControlBoard/Infineon/XMC4200/Libraries/XMCLib/inc\xmc_usic.h **** {
2169:D:/Projekty/TrinityTrack6000/MainControlBoard/Infineon/XMC4200/Libraries/XMCLib/inc\xmc_usic.h ****   return (bool)(channel->TRBSR & USIC_CH_TRBSR_REMPTY_Msk);
2170:D:/Projekty/TrinityTrack6000/MainControlBoard/Infineon/XMC4200/Libraries/XMCLib/inc\xmc_usic.h **** }
2171:D:/Projekty/TrinityTrack6000/MainControlBoard/Infineon/XMC4200/Libraries/XMCLib/inc\xmc_usic.h **** 
2172:D:/Projekty/TrinityTrack6000/MainControlBoard/Infineon/XMC4200/Libraries/XMCLib/inc\xmc_usic.h **** /**
2173:D:/Projekty/TrinityTrack6000/MainControlBoard/Infineon/XMC4200/Libraries/XMCLib/inc\xmc_usic.h ****  * @param channel Pointer to USIC channel handler of type @ref XMC_USIC_CH_t \n
2174:D:/Projekty/TrinityTrack6000/MainControlBoard/Infineon/XMC4200/Libraries/XMCLib/inc\xmc_usic.h ****  * 				   \b Range: @ref XMC_USIC0_CH0, @ref XMC_USIC0_CH1 to @ref XMC_USIC2_CH1 based on device su
2175:D:/Projekty/TrinityTrack6000/MainControlBoard/Infineon/XMC4200/Libraries/XMCLib/inc\xmc_usic.h ****  * @return uint32_t Receive FIFO filling level. \n
2176:D:/Projekty/TrinityTrack6000/MainControlBoard/Infineon/XMC4200/Libraries/XMCLib/inc\xmc_usic.h ****  *           \b Range: minimum= 0(FIFO empty), maximum= receive FIFO size.
2177:D:/Projekty/TrinityTrack6000/MainControlBoard/Infineon/XMC4200/Libraries/XMCLib/inc\xmc_usic.h ****  *
2178:D:/Projekty/TrinityTrack6000/MainControlBoard/Infineon/XMC4200/Libraries/XMCLib/inc\xmc_usic.h ****  * \par<b>Description</b><br>
2179:D:/Projekty/TrinityTrack6000/MainControlBoard/Infineon/XMC4200/Libraries/XMCLib/inc\xmc_usic.h ****  * Gets the receive FIFO filling level. \n\n
2180:D:/Projekty/TrinityTrack6000/MainControlBoard/Infineon/XMC4200/Libraries/XMCLib/inc\xmc_usic.h ****  * For every word received, the filling level is incremented. The API gives the value
2181:D:/Projekty/TrinityTrack6000/MainControlBoard/Infineon/XMC4200/Libraries/XMCLib/inc\xmc_usic.h ****  * of this filling level. The filling level is decremented when the data is read out of the
2182:D:/Projekty/TrinityTrack6000/MainControlBoard/Infineon/XMC4200/Libraries/XMCLib/inc\xmc_usic.h ****  * receive FIFO.
2183:D:/Projekty/TrinityTrack6000/MainControlBoard/Infineon/XMC4200/Libraries/XMCLib/inc\xmc_usic.h ****  *
2184:D:/Projekty/TrinityTrack6000/MainControlBoard/Infineon/XMC4200/Libraries/XMCLib/inc\xmc_usic.h ****  * \par<b>Related APIs:</b><BR>
2185:D:/Projekty/TrinityTrack6000/MainControlBoard/Infineon/XMC4200/Libraries/XMCLib/inc\xmc_usic.h ****  * XMC_USIC_CH_RXFIFO_Flush(), XMC_USIC_CH_RXFIFO_PutData() \n\n\n
2186:D:/Projekty/TrinityTrack6000/MainControlBoard/Infineon/XMC4200/Libraries/XMCLib/inc\xmc_usic.h ****  */
2187:D:/Projekty/TrinityTrack6000/MainControlBoard/Infineon/XMC4200/Libraries/XMCLib/inc\xmc_usic.h **** __STATIC_INLINE uint32_t XMC_USIC_CH_RXFIFO_GetLevel(XMC_USIC_CH_t *const channel)
2188:D:/Projekty/TrinityTrack6000/MainControlBoard/Infineon/XMC4200/Libraries/XMCLib/inc\xmc_usic.h **** {
2189:D:/Projekty/TrinityTrack6000/MainControlBoard/Infineon/XMC4200/Libraries/XMCLib/inc\xmc_usic.h ****   return ((uint32_t)(channel->TRBSR & USIC_CH_TRBSR_RBFLVL_Msk) >> USIC_CH_TRBSR_RBFLVL_Pos);
2190:D:/Projekty/TrinityTrack6000/MainControlBoard/Infineon/XMC4200/Libraries/XMCLib/inc\xmc_usic.h **** }
2191:D:/Projekty/TrinityTrack6000/MainControlBoard/Infineon/XMC4200/Libraries/XMCLib/inc\xmc_usic.h **** 
2192:D:/Projekty/TrinityTrack6000/MainControlBoard/Infineon/XMC4200/Libraries/XMCLib/inc\xmc_usic.h **** /**
2193:D:/Projekty/TrinityTrack6000/MainControlBoard/Infineon/XMC4200/Libraries/XMCLib/inc\xmc_usic.h ****  * @param channel Pointer to USIC channel handler of type @ref XMC_USIC_CH_t \n
2194:D:/Projekty/TrinityTrack6000/MainControlBoard/Infineon/XMC4200/Libraries/XMCLib/inc\xmc_usic.h ****  * 				   \b Range: @ref XMC_USIC0_CH0, @ref XMC_USIC0_CH1 to @ref XMC_USIC2_CH1 based on device su
2195:D:/Projekty/TrinityTrack6000/MainControlBoard/Infineon/XMC4200/Libraries/XMCLib/inc\xmc_usic.h ****  * @return Status of standard receive buffer, alternative receive buffer and receive buffer error e
2196:D:/Projekty/TrinityTrack6000/MainControlBoard/Infineon/XMC4200/Libraries/XMCLib/inc\xmc_usic.h ****  * 			\b Range: @ref XMC_USIC_CH_RXFIFO_EVENT_STANDARD, @ref XMC_USIC_CH_RXFIFO_EVENT_ERROR,
2197:D:/Projekty/TrinityTrack6000/MainControlBoard/Infineon/XMC4200/Libraries/XMCLib/inc\xmc_usic.h ****  * 					  @ref XMC_USIC_CH_RXFIFO_EVENT_ALTERNATE.
2198:D:/Projekty/TrinityTrack6000/MainControlBoard/Infineon/XMC4200/Libraries/XMCLib/inc\xmc_usic.h ****  *
2199:D:/Projekty/TrinityTrack6000/MainControlBoard/Infineon/XMC4200/Libraries/XMCLib/inc\xmc_usic.h ****  * \par<b>Description</b><br>
2200:D:/Projekty/TrinityTrack6000/MainControlBoard/Infineon/XMC4200/Libraries/XMCLib/inc\xmc_usic.h ****  * Gets the receive FIFO events' status. \n\n
2201:D:/Projekty/TrinityTrack6000/MainControlBoard/Infineon/XMC4200/Libraries/XMCLib/inc\xmc_usic.h ****  * Gives the status of receive FIFO standard receive buffer event, alternative receive buffer event
2202:D:/Projekty/TrinityTrack6000/MainControlBoard/Infineon/XMC4200/Libraries/XMCLib/inc\xmc_usic.h ****  * The status bits are located at their bitpositions in the TRBSR register in the returned value.
2203:D:/Projekty/TrinityTrack6000/MainControlBoard/Infineon/XMC4200/Libraries/XMCLib/inc\xmc_usic.h ****  * User can make use of the XMC_USIC_CH_RXFIFO_EVENT enumeration for checking the status of return 
2204:D:/Projekty/TrinityTrack6000/MainControlBoard/Infineon/XMC4200/Libraries/XMCLib/inc\xmc_usic.h ****  * The status can be found by using the bitwise AND operation on the returned value with the enumer
2205:D:/Projekty/TrinityTrack6000/MainControlBoard/Infineon/XMC4200/Libraries/XMCLib/inc\xmc_usic.h ****  *
2206:D:/Projekty/TrinityTrack6000/MainControlBoard/Infineon/XMC4200/Libraries/XMCLib/inc\xmc_usic.h ****  * Note: Event status flags should be cleared by the user explicitly.
2207:D:/Projekty/TrinityTrack6000/MainControlBoard/Infineon/XMC4200/Libraries/XMCLib/inc\xmc_usic.h ****  *
2208:D:/Projekty/TrinityTrack6000/MainControlBoard/Infineon/XMC4200/Libraries/XMCLib/inc\xmc_usic.h ****  * \par<b>Related APIs:</b><BR>
2209:D:/Projekty/TrinityTrack6000/MainControlBoard/Infineon/XMC4200/Libraries/XMCLib/inc\xmc_usic.h ****  * XMC_USIC_CH_RXFIFO_ClearEvent()\n\n\n
2210:D:/Projekty/TrinityTrack6000/MainControlBoard/Infineon/XMC4200/Libraries/XMCLib/inc\xmc_usic.h ****  */
2211:D:/Projekty/TrinityTrack6000/MainControlBoard/Infineon/XMC4200/Libraries/XMCLib/inc\xmc_usic.h **** __STATIC_INLINE uint32_t XMC_USIC_CH_RXFIFO_GetEvent(XMC_USIC_CH_t *const channel)
2212:D:/Projekty/TrinityTrack6000/MainControlBoard/Infineon/XMC4200/Libraries/XMCLib/inc\xmc_usic.h **** {
2213:D:/Projekty/TrinityTrack6000/MainControlBoard/Infineon/XMC4200/Libraries/XMCLib/inc\xmc_usic.h ****   return (uint32_t)((channel->TRBSR) & (USIC_CH_TRBSR_SRBI_Msk |
2214:D:/Projekty/TrinityTrack6000/MainControlBoard/Infineon/XMC4200/Libraries/XMCLib/inc\xmc_usic.h ****                                         USIC_CH_TRBSR_RBERI_Msk |
2215:D:/Projekty/TrinityTrack6000/MainControlBoard/Infineon/XMC4200/Libraries/XMCLib/inc\xmc_usic.h ****                                         USIC_CH_TRBSR_ARBI_Msk));
2216:D:/Projekty/TrinityTrack6000/MainControlBoard/Infineon/XMC4200/Libraries/XMCLib/inc\xmc_usic.h **** }
2217:D:/Projekty/TrinityTrack6000/MainControlBoard/Infineon/XMC4200/Libraries/XMCLib/inc\xmc_usic.h **** 
2218:D:/Projekty/TrinityTrack6000/MainControlBoard/Infineon/XMC4200/Libraries/XMCLib/inc\xmc_usic.h **** /**
2219:D:/Projekty/TrinityTrack6000/MainControlBoard/Infineon/XMC4200/Libraries/XMCLib/inc\xmc_usic.h ****  * @param channel Pointer to USIC channel handler of type @ref XMC_USIC_CH_t \n
2220:D:/Projekty/TrinityTrack6000/MainControlBoard/Infineon/XMC4200/Libraries/XMCLib/inc\xmc_usic.h ****  * 				   \b Range: @ref XMC_USIC0_CH0, @ref XMC_USIC0_CH1 to @ref XMC_USIC2_CH1 based on device su
2221:D:/Projekty/TrinityTrack6000/MainControlBoard/Infineon/XMC4200/Libraries/XMCLib/inc\xmc_usic.h ****  * @param  event Receive FIFO events to be cleared. \n
2222:D:/Projekty/TrinityTrack6000/MainControlBoard/Infineon/XMC4200/Libraries/XMCLib/inc\xmc_usic.h ****  * 			\b Range: @ref XMC_USIC_CH_RXFIFO_EVENT_STANDARD, @ref XMC_USIC_CH_RXFIFO_EVENT_ERROR,
2223:D:/Projekty/TrinityTrack6000/MainControlBoard/Infineon/XMC4200/Libraries/XMCLib/inc\xmc_usic.h ****  * 					  @ref XMC_USIC_CH_RXFIFO_EVENT_ALTERNATE.
2224:D:/Projekty/TrinityTrack6000/MainControlBoard/Infineon/XMC4200/Libraries/XMCLib/inc\xmc_usic.h ****  * @return None
2225:D:/Projekty/TrinityTrack6000/MainControlBoard/Infineon/XMC4200/Libraries/XMCLib/inc\xmc_usic.h ****  *
2226:D:/Projekty/TrinityTrack6000/MainControlBoard/Infineon/XMC4200/Libraries/XMCLib/inc\xmc_usic.h ****  * \par<b>Description</b><br>
2227:D:/Projekty/TrinityTrack6000/MainControlBoard/Infineon/XMC4200/Libraries/XMCLib/inc\xmc_usic.h ****  * Clears the receive FIFO event flags in the status register. \n\n
2228:D:/Projekty/TrinityTrack6000/MainControlBoard/Infineon/XMC4200/Libraries/XMCLib/inc\xmc_usic.h ****  * USIC channel peripheral does not clear the event flags after they are read.
2229:D:/Projekty/TrinityTrack6000/MainControlBoard/Infineon/XMC4200/Libraries/XMCLib/inc\xmc_usic.h ****  * This API clears the events provided in the \a mask value.
2230:D:/Projekty/TrinityTrack6000/MainControlBoard/Infineon/XMC4200/Libraries/XMCLib/inc\xmc_usic.h ****  * XMC_USIC_CH_RXFIFO_EVENT enumeration can be used as input. Multiple events
2231:D:/Projekty/TrinityTrack6000/MainControlBoard/Infineon/XMC4200/Libraries/XMCLib/inc\xmc_usic.h ****  * can be cleared by providing a mask value obtained by bitwise OR operation of
2232:D:/Projekty/TrinityTrack6000/MainControlBoard/Infineon/XMC4200/Libraries/XMCLib/inc\xmc_usic.h ****  * multiple event enumerations.
2233:D:/Projekty/TrinityTrack6000/MainControlBoard/Infineon/XMC4200/Libraries/XMCLib/inc\xmc_usic.h ****  *
2234:D:/Projekty/TrinityTrack6000/MainControlBoard/Infineon/XMC4200/Libraries/XMCLib/inc\xmc_usic.h ****  * \par<b>Related APIs:</b><BR>
2235:D:/Projekty/TrinityTrack6000/MainControlBoard/Infineon/XMC4200/Libraries/XMCLib/inc\xmc_usic.h ****  * XMC_USIC_CH_RXFIFO_GetEvent() \n\n\n
2236:D:/Projekty/TrinityTrack6000/MainControlBoard/Infineon/XMC4200/Libraries/XMCLib/inc\xmc_usic.h ****  */
2237:D:/Projekty/TrinityTrack6000/MainControlBoard/Infineon/XMC4200/Libraries/XMCLib/inc\xmc_usic.h **** __STATIC_INLINE void XMC_USIC_CH_RXFIFO_ClearEvent(XMC_USIC_CH_t *const channel,
2238:D:/Projekty/TrinityTrack6000/MainControlBoard/Infineon/XMC4200/Libraries/XMCLib/inc\xmc_usic.h ****     const uint32_t event)
2239:D:/Projekty/TrinityTrack6000/MainControlBoard/Infineon/XMC4200/Libraries/XMCLib/inc\xmc_usic.h **** {
2240:D:/Projekty/TrinityTrack6000/MainControlBoard/Infineon/XMC4200/Libraries/XMCLib/inc\xmc_usic.h ****   channel->TRBSCR = event;
2241:D:/Projekty/TrinityTrack6000/MainControlBoard/Infineon/XMC4200/Libraries/XMCLib/inc\xmc_usic.h **** }
2242:D:/Projekty/TrinityTrack6000/MainControlBoard/Infineon/XMC4200/Libraries/XMCLib/inc\xmc_usic.h **** 
2243:D:/Projekty/TrinityTrack6000/MainControlBoard/Infineon/XMC4200/Libraries/XMCLib/inc\xmc_usic.h **** /**
2244:D:/Projekty/TrinityTrack6000/MainControlBoard/Infineon/XMC4200/Libraries/XMCLib/inc\xmc_usic.h ****  * @param channel Pointer to USIC channel handler of type @ref XMC_USIC_CH_t \n
2245:D:/Projekty/TrinityTrack6000/MainControlBoard/Infineon/XMC4200/Libraries/XMCLib/inc\xmc_usic.h ****  * 				   \b Range: @ref XMC_USIC0_CH0, @ref XMC_USIC0_CH1 to @ref XMC_USIC2_CH1 based on device su
2246:D:/Projekty/TrinityTrack6000/MainControlBoard/Infineon/XMC4200/Libraries/XMCLib/inc\xmc_usic.h ****  * @return None
2247:D:/Projekty/TrinityTrack6000/MainControlBoard/Infineon/XMC4200/Libraries/XMCLib/inc\xmc_usic.h ****  *
2248:D:/Projekty/TrinityTrack6000/MainControlBoard/Infineon/XMC4200/Libraries/XMCLib/inc\xmc_usic.h ****  * \par<b>Description</b><br>
2249:D:/Projekty/TrinityTrack6000/MainControlBoard/Infineon/XMC4200/Libraries/XMCLib/inc\xmc_usic.h ****  * Enables time measurement using the capture mode timer. \n\n
2250:D:/Projekty/TrinityTrack6000/MainControlBoard/Infineon/XMC4200/Libraries/XMCLib/inc\xmc_usic.h ****  * Time measurement is enabled by setting the timer enable flag in BRG register.
2251:D:/Projekty/TrinityTrack6000/MainControlBoard/Infineon/XMC4200/Libraries/XMCLib/inc\xmc_usic.h ****  *
2252:D:/Projekty/TrinityTrack6000/MainControlBoard/Infineon/XMC4200/Libraries/XMCLib/inc\xmc_usic.h ****  * \par<b>Related APIs:</b><BR>
2253:D:/Projekty/TrinityTrack6000/MainControlBoard/Infineon/XMC4200/Libraries/XMCLib/inc\xmc_usic.h ****  * XMC_USIC_CH_DisableTimeMeasurement() \n\n\n
2254:D:/Projekty/TrinityTrack6000/MainControlBoard/Infineon/XMC4200/Libraries/XMCLib/inc\xmc_usic.h ****  */
2255:D:/Projekty/TrinityTrack6000/MainControlBoard/Infineon/XMC4200/Libraries/XMCLib/inc\xmc_usic.h **** __STATIC_INLINE void XMC_USIC_CH_EnableTimeMeasurement(XMC_USIC_CH_t *const channel)
2256:D:/Projekty/TrinityTrack6000/MainControlBoard/Infineon/XMC4200/Libraries/XMCLib/inc\xmc_usic.h **** {
2257:D:/Projekty/TrinityTrack6000/MainControlBoard/Infineon/XMC4200/Libraries/XMCLib/inc\xmc_usic.h ****   channel->BRG |= (uint32_t)USIC_CH_BRG_TMEN_Msk;
2258:D:/Projekty/TrinityTrack6000/MainControlBoard/Infineon/XMC4200/Libraries/XMCLib/inc\xmc_usic.h **** }
2259:D:/Projekty/TrinityTrack6000/MainControlBoard/Infineon/XMC4200/Libraries/XMCLib/inc\xmc_usic.h **** 
2260:D:/Projekty/TrinityTrack6000/MainControlBoard/Infineon/XMC4200/Libraries/XMCLib/inc\xmc_usic.h **** /**
2261:D:/Projekty/TrinityTrack6000/MainControlBoard/Infineon/XMC4200/Libraries/XMCLib/inc\xmc_usic.h ****  * @param channel Pointer to USIC channel handler of type @ref XMC_USIC_CH_t \n
2262:D:/Projekty/TrinityTrack6000/MainControlBoard/Infineon/XMC4200/Libraries/XMCLib/inc\xmc_usic.h ****  * 				   \b Range: @ref XMC_USIC0_CH0, @ref XMC_USIC0_CH1 to @ref XMC_USIC2_CH1 based on device su
2263:D:/Projekty/TrinityTrack6000/MainControlBoard/Infineon/XMC4200/Libraries/XMCLib/inc\xmc_usic.h ****  * @return None
2264:D:/Projekty/TrinityTrack6000/MainControlBoard/Infineon/XMC4200/Libraries/XMCLib/inc\xmc_usic.h ****  *
2265:D:/Projekty/TrinityTrack6000/MainControlBoard/Infineon/XMC4200/Libraries/XMCLib/inc\xmc_usic.h ****  * \par<b>Description</b><br>
2266:D:/Projekty/TrinityTrack6000/MainControlBoard/Infineon/XMC4200/Libraries/XMCLib/inc\xmc_usic.h ****  * Disables time measurement using the capture mode timer. \n\n
2267:D:/Projekty/TrinityTrack6000/MainControlBoard/Infineon/XMC4200/Libraries/XMCLib/inc\xmc_usic.h ****  * Time measurement is disabled by clearing the timer enable flag in BRG register.
2268:D:/Projekty/TrinityTrack6000/MainControlBoard/Infineon/XMC4200/Libraries/XMCLib/inc\xmc_usic.h ****  *
2269:D:/Projekty/TrinityTrack6000/MainControlBoard/Infineon/XMC4200/Libraries/XMCLib/inc\xmc_usic.h ****  * \par<b>Related APIs:</b><BR>
2270:D:/Projekty/TrinityTrack6000/MainControlBoard/Infineon/XMC4200/Libraries/XMCLib/inc\xmc_usic.h ****  * XMC_USIC_CH_EnableTimeMeasurement() \n\n\n
2271:D:/Projekty/TrinityTrack6000/MainControlBoard/Infineon/XMC4200/Libraries/XMCLib/inc\xmc_usic.h ****  */
2272:D:/Projekty/TrinityTrack6000/MainControlBoard/Infineon/XMC4200/Libraries/XMCLib/inc\xmc_usic.h **** __STATIC_INLINE void XMC_USIC_CH_DisableTimeMeasurement(XMC_USIC_CH_t *const channel)
2273:D:/Projekty/TrinityTrack6000/MainControlBoard/Infineon/XMC4200/Libraries/XMCLib/inc\xmc_usic.h **** {
2274:D:/Projekty/TrinityTrack6000/MainControlBoard/Infineon/XMC4200/Libraries/XMCLib/inc\xmc_usic.h ****   channel->BRG &= (uint32_t)~USIC_CH_BRG_TMEN_Msk;
2275:D:/Projekty/TrinityTrack6000/MainControlBoard/Infineon/XMC4200/Libraries/XMCLib/inc\xmc_usic.h **** }
2276:D:/Projekty/TrinityTrack6000/MainControlBoard/Infineon/XMC4200/Libraries/XMCLib/inc\xmc_usic.h **** 
2277:D:/Projekty/TrinityTrack6000/MainControlBoard/Infineon/XMC4200/Libraries/XMCLib/inc\xmc_usic.h **** /**
2278:D:/Projekty/TrinityTrack6000/MainControlBoard/Infineon/XMC4200/Libraries/XMCLib/inc\xmc_usic.h ****  * @param channel Pointer to USIC channel handler of type @ref XMC_USIC_CH_t \n
2279:D:/Projekty/TrinityTrack6000/MainControlBoard/Infineon/XMC4200/Libraries/XMCLib/inc\xmc_usic.h ****  * 				   \b Range: @ref XMC_USIC0_CH0, @ref XMC_USIC0_CH1 to @ref XMC_USIC2_CH1 based on device su
2280:D:/Projekty/TrinityTrack6000/MainControlBoard/Infineon/XMC4200/Libraries/XMCLib/inc\xmc_usic.h ****  * @param passive_level Passive level for the master clock output. \n
2281:D:/Projekty/TrinityTrack6000/MainControlBoard/Infineon/XMC4200/Libraries/XMCLib/inc\xmc_usic.h ****  * 					\b Range: @ref XMC_USIC_CH_BRG_MASTER_CLOCK_PASSIVE_LEVEL_0, @ref XMC_USIC_CH_BRG_MASTER_CL
2282:D:/Projekty/TrinityTrack6000/MainControlBoard/Infineon/XMC4200/Libraries/XMCLib/inc\xmc_usic.h ****  * @return None
2283:D:/Projekty/TrinityTrack6000/MainControlBoard/Infineon/XMC4200/Libraries/XMCLib/inc\xmc_usic.h ****  *
2284:D:/Projekty/TrinityTrack6000/MainControlBoard/Infineon/XMC4200/Libraries/XMCLib/inc\xmc_usic.h ****  * \par<b>Description</b><br>
2285:D:/Projekty/TrinityTrack6000/MainControlBoard/Infineon/XMC4200/Libraries/XMCLib/inc\xmc_usic.h ****  * Sets the idle mode pin level for the master clock output. \n
2286:D:/Projekty/TrinityTrack6000/MainControlBoard/Infineon/XMC4200/Libraries/XMCLib/inc\xmc_usic.h ****  */
2287:D:/Projekty/TrinityTrack6000/MainControlBoard/Infineon/XMC4200/Libraries/XMCLib/inc\xmc_usic.h **** __STATIC_INLINE void XMC_USIC_CH_SetMclkOutputPassiveLevel(XMC_USIC_CH_t *const channel,
2288:D:/Projekty/TrinityTrack6000/MainControlBoard/Infineon/XMC4200/Libraries/XMCLib/inc\xmc_usic.h ****     const XMC_USIC_CH_BRG_MASTER_CLOCK_PASSIVE_LEVEL_t passive_level)
2289:D:/Projekty/TrinityTrack6000/MainControlBoard/Infineon/XMC4200/Libraries/XMCLib/inc\xmc_usic.h **** {
2290:D:/Projekty/TrinityTrack6000/MainControlBoard/Infineon/XMC4200/Libraries/XMCLib/inc\xmc_usic.h ****   channel->BRG = (uint32_t)(channel->BRG & (~USIC_CH_BRG_MCLKCFG_Msk)) | (uint32_t)passive_level;
2291:D:/Projekty/TrinityTrack6000/MainControlBoard/Infineon/XMC4200/Libraries/XMCLib/inc\xmc_usic.h **** }
2292:D:/Projekty/TrinityTrack6000/MainControlBoard/Infineon/XMC4200/Libraries/XMCLib/inc\xmc_usic.h **** /**
2293:D:/Projekty/TrinityTrack6000/MainControlBoard/Infineon/XMC4200/Libraries/XMCLib/inc\xmc_usic.h ****  * @param channel Pointer to USIC channel handler of type @ref XMC_USIC_CH_t \n
2294:D:/Projekty/TrinityTrack6000/MainControlBoard/Infineon/XMC4200/Libraries/XMCLib/inc\xmc_usic.h ****  * 				   \b Range: @ref XMC_USIC0_CH0, @ref XMC_USIC0_CH1 to @ref XMC_USIC2_CH1 based on device su
2295:D:/Projekty/TrinityTrack6000/MainControlBoard/Infineon/XMC4200/Libraries/XMCLib/inc\xmc_usic.h ****  * @param passive_level Passive level for the clock output. \n
2296:D:/Projekty/TrinityTrack6000/MainControlBoard/Infineon/XMC4200/Libraries/XMCLib/inc\xmc_usic.h ****  * 					\b Range: @ref XMC_USIC_CH_BRG_SHIFT_CLOCK_PASSIVE_LEVEL_0_DELAY_DISABLED,
2297:D:/Projekty/TrinityTrack6000/MainControlBoard/Infineon/XMC4200/Libraries/XMCLib/inc\xmc_usic.h ****  * 							  @ref XMC_USIC_CH_BRG_SHIFT_CLOCK_PASSIVE_LEVEL_0_DELAY_ENABLED,
2298:D:/Projekty/TrinityTrack6000/MainControlBoard/Infineon/XMC4200/Libraries/XMCLib/inc\xmc_usic.h ****  * 							  @ref XMC_USIC_CH_BRG_SHIFT_CLOCK_PASSIVE_LEVEL_1_DELAY_DISABLED,
2299:D:/Projekty/TrinityTrack6000/MainControlBoard/Infineon/XMC4200/Libraries/XMCLib/inc\xmc_usic.h ****  *							  @ref XMC_USIC_CH_BRG_SHIFT_CLOCK_PASSIVE_LEVEL_1_DELAY_ENABLED,
2300:D:/Projekty/TrinityTrack6000/MainControlBoard/Infineon/XMC4200/Libraries/XMCLib/inc\xmc_usic.h ****  * @param clock_output Shift clock source selection. \n
2301:D:/Projekty/TrinityTrack6000/MainControlBoard/Infineon/XMC4200/Libraries/XMCLib/inc\xmc_usic.h ****  * 					\b Range: Use @ref XMC_USIC_CH_BRG_SHIFT_CLOCK_OUTPUT_SCLK,
2302:D:/Projekty/TrinityTrack6000/MainControlBoard/Infineon/XMC4200/Libraries/XMCLib/inc\xmc_usic.h ****  * 								  @ref XMC_USIC_CH_BRG_SHIFT_CLOCK_OUTPUT_DX1
2303:D:/Projekty/TrinityTrack6000/MainControlBoard/Infineon/XMC4200/Libraries/XMCLib/inc\xmc_usic.h ****  * @return None
2304:D:/Projekty/TrinityTrack6000/MainControlBoard/Infineon/XMC4200/Libraries/XMCLib/inc\xmc_usic.h ****  *
2305:D:/Projekty/TrinityTrack6000/MainControlBoard/Infineon/XMC4200/Libraries/XMCLib/inc\xmc_usic.h ****  * \par<b>Description</b><br>
2306:D:/Projekty/TrinityTrack6000/MainControlBoard/Infineon/XMC4200/Libraries/XMCLib/inc\xmc_usic.h ****  * Sets the idle mode shift clock output level and selects the shift clock source. \n\n
2307:D:/Projekty/TrinityTrack6000/MainControlBoard/Infineon/XMC4200/Libraries/XMCLib/inc\xmc_usic.h ****  * Shift clock idle mode output level can be set to logic high or low. Shift clock output can be co
2308:D:/Projekty/TrinityTrack6000/MainControlBoard/Infineon/XMC4200/Libraries/XMCLib/inc\xmc_usic.h ****  * delay of half shift clock period. Both the configurations are available as enumeration values de
2309:D:/Projekty/TrinityTrack6000/MainControlBoard/Infineon/XMC4200/Libraries/XMCLib/inc\xmc_usic.h ****  * @ref XMC_USIC_CH_BRG_SHIFT_CLOCK_PASSIVE_LEVEL_t.
2310:D:/Projekty/TrinityTrack6000/MainControlBoard/Infineon/XMC4200/Libraries/XMCLib/inc\xmc_usic.h ****  * This value should be configured based on the slave device requirement.
2311:D:/Projekty/TrinityTrack6000/MainControlBoard/Infineon/XMC4200/Libraries/XMCLib/inc\xmc_usic.h ****  * Shift clock source can be selected between internal clock(master) and external input(slave).
2312:D:/Projekty/TrinityTrack6000/MainControlBoard/Infineon/XMC4200/Libraries/XMCLib/inc\xmc_usic.h ****  *
2313:D:/Projekty/TrinityTrack6000/MainControlBoard/Infineon/XMC4200/Libraries/XMCLib/inc\xmc_usic.h ****  */
2314:D:/Projekty/TrinityTrack6000/MainControlBoard/Infineon/XMC4200/Libraries/XMCLib/inc\xmc_usic.h **** __STATIC_INLINE void XMC_USIC_CH_ConfigureShiftClockOutput(XMC_USIC_CH_t *const channel,
2315:D:/Projekty/TrinityTrack6000/MainControlBoard/Infineon/XMC4200/Libraries/XMCLib/inc\xmc_usic.h ****     const XMC_USIC_CH_BRG_SHIFT_CLOCK_PASSIVE_LEVEL_t passive_level,
2316:D:/Projekty/TrinityTrack6000/MainControlBoard/Infineon/XMC4200/Libraries/XMCLib/inc\xmc_usic.h ****     const XMC_USIC_CH_BRG_SHIFT_CLOCK_OUTPUT_t clock_output)
2317:D:/Projekty/TrinityTrack6000/MainControlBoard/Infineon/XMC4200/Libraries/XMCLib/inc\xmc_usic.h **** {
2318:D:/Projekty/TrinityTrack6000/MainControlBoard/Infineon/XMC4200/Libraries/XMCLib/inc\xmc_usic.h ****   channel->BRG = (uint32_t)(channel->BRG & (~(USIC_CH_BRG_SCLKCFG_Msk |
2319:D:/Projekty/TrinityTrack6000/MainControlBoard/Infineon/XMC4200/Libraries/XMCLib/inc\xmc_usic.h ****                             USIC_CH_BRG_SCLKOSEL_Msk))) |
2320:D:/Projekty/TrinityTrack6000/MainControlBoard/Infineon/XMC4200/Libraries/XMCLib/inc\xmc_usic.h ****                  (uint32_t)passive_level |
2321:D:/Projekty/TrinityTrack6000/MainControlBoard/Infineon/XMC4200/Libraries/XMCLib/inc\xmc_usic.h ****                  (uint32_t)clock_output;
2322:D:/Projekty/TrinityTrack6000/MainControlBoard/Infineon/XMC4200/Libraries/XMCLib/inc\xmc_usic.h **** }
2323:D:/Projekty/TrinityTrack6000/MainControlBoard/Infineon/XMC4200/Libraries/XMCLib/inc\xmc_usic.h **** 
2324:D:/Projekty/TrinityTrack6000/MainControlBoard/Infineon/XMC4200/Libraries/XMCLib/inc\xmc_usic.h **** /**
2325:D:/Projekty/TrinityTrack6000/MainControlBoard/Infineon/XMC4200/Libraries/XMCLib/inc\xmc_usic.h ****  * @param channel Pointer to USIC channel handler of type @ref XMC_USIC_CH_t \n
2326:D:/Projekty/TrinityTrack6000/MainControlBoard/Infineon/XMC4200/Libraries/XMCLib/inc\xmc_usic.h ****  * 				   \b Range: @ref XMC_USIC0_CH0, @ref XMC_USIC0_CH1 to @ref XMC_USIC2_CH1 based on device su
2327:D:/Projekty/TrinityTrack6000/MainControlBoard/Infineon/XMC4200/Libraries/XMCLib/inc\xmc_usic.h ****  * @param mode USIC channel operation mode. \n
2328:D:/Projekty/TrinityTrack6000/MainControlBoard/Infineon/XMC4200/Libraries/XMCLib/inc\xmc_usic.h ****  * 				\b Range: @ref XMC_USIC_CH_OPERATING_MODE_IDLE, @ref XMC_USIC_CH_OPERATING_MODE_SPI,
2329:D:/Projekty/TrinityTrack6000/MainControlBoard/Infineon/XMC4200/Libraries/XMCLib/inc\xmc_usic.h ****  * 						  @ref XMC_USIC_CH_OPERATING_MODE_UART, @ref XMC_USIC_CH_OPERATING_MODE_I2S,
2330:D:/Projekty/TrinityTrack6000/MainControlBoard/Infineon/XMC4200/Libraries/XMCLib/inc\xmc_usic.h ****  * 						  @ref XMC_USIC_CH_OPERATING_MODE_I2C.
2331:D:/Projekty/TrinityTrack6000/MainControlBoard/Infineon/XMC4200/Libraries/XMCLib/inc\xmc_usic.h ****  * @return None
2332:D:/Projekty/TrinityTrack6000/MainControlBoard/Infineon/XMC4200/Libraries/XMCLib/inc\xmc_usic.h ****  *
2333:D:/Projekty/TrinityTrack6000/MainControlBoard/Infineon/XMC4200/Libraries/XMCLib/inc\xmc_usic.h ****  * \par<b>Description</b><br>
2334:D:/Projekty/TrinityTrack6000/MainControlBoard/Infineon/XMC4200/Libraries/XMCLib/inc\xmc_usic.h ****  * Sets the USIC channel operation mode.\n\n
2335:D:/Projekty/TrinityTrack6000/MainControlBoard/Infineon/XMC4200/Libraries/XMCLib/inc\xmc_usic.h ****  * A USIC channel can support multiple serial communication protocols like UART, SPI, I2C and I2S.
2336:D:/Projekty/TrinityTrack6000/MainControlBoard/Infineon/XMC4200/Libraries/XMCLib/inc\xmc_usic.h ****  * The API sets the input operation mode to the USIC channel.
2337:D:/Projekty/TrinityTrack6000/MainControlBoard/Infineon/XMC4200/Libraries/XMCLib/inc\xmc_usic.h ****  *
2338:D:/Projekty/TrinityTrack6000/MainControlBoard/Infineon/XMC4200/Libraries/XMCLib/inc\xmc_usic.h ****  * \par<b>Related APIs:</b><BR>
2339:D:/Projekty/TrinityTrack6000/MainControlBoard/Infineon/XMC4200/Libraries/XMCLib/inc\xmc_usic.h ****  * XMC_USIC_Enable(), XMC_USIC_CH_Enable() \n\n\n
2340:D:/Projekty/TrinityTrack6000/MainControlBoard/Infineon/XMC4200/Libraries/XMCLib/inc\xmc_usic.h ****  */
2341:D:/Projekty/TrinityTrack6000/MainControlBoard/Infineon/XMC4200/Libraries/XMCLib/inc\xmc_usic.h **** __STATIC_INLINE void XMC_USIC_CH_SetMode(XMC_USIC_CH_t *const channel, const XMC_USIC_CH_OPERATING_
2342:D:/Projekty/TrinityTrack6000/MainControlBoard/Infineon/XMC4200/Libraries/XMCLib/inc\xmc_usic.h **** {
 511              	 .loc 2 2342 0
 512              	 .cfi_startproc
 513              	 
 514              	 
 515              	 
 516 0000 80B4     	 push {r7}
 517              	.LCFI46:
 518              	 .cfi_def_cfa_offset 4
 519              	 .cfi_offset 7,-4
 520 0002 83B0     	 sub sp,sp,#12
 521              	.LCFI47:
 522              	 .cfi_def_cfa_offset 16
 523 0004 00AF     	 add r7,sp,#0
 524              	.LCFI48:
 525              	 .cfi_def_cfa_register 7
 526 0006 7860     	 str r0,[r7,#4]
 527 0008 0B46     	 mov r3,r1
 528 000a FB70     	 strb r3,[r7,#3]
2343:D:/Projekty/TrinityTrack6000/MainControlBoard/Infineon/XMC4200/Libraries/XMCLib/inc\xmc_usic.h ****   channel->CCR = (uint32_t)(channel->CCR & (~(USIC_CH_CCR_MODE_Msk))) | (uint32_t)mode;
 529              	 .loc 2 2343 0
 530 000c 7B68     	 ldr r3,[r7,#4]
 531 000e 1B6C     	 ldr r3,[r3,#64]
 532 0010 23F00F02 	 bic r2,r3,#15
 533 0014 FB78     	 ldrb r3,[r7,#3]
 534 0016 1A43     	 orrs r2,r2,r3
 535 0018 7B68     	 ldr r3,[r7,#4]
 536 001a 1A64     	 str r2,[r3,#64]
2344:D:/Projekty/TrinityTrack6000/MainControlBoard/Infineon/XMC4200/Libraries/XMCLib/inc\xmc_usic.h **** }
 537              	 .loc 2 2344 0
 538 001c 0C37     	 adds r7,r7,#12
 539              	.LCFI49:
 540              	 .cfi_def_cfa_offset 4
 541 001e BD46     	 mov sp,r7
 542              	.LCFI50:
 543              	 .cfi_def_cfa_register 13
 544              	 
 545 0020 5DF8047B 	 ldr r7,[sp],#4
 546              	.LCFI51:
 547              	 .cfi_restore 7
 548              	 .cfi_def_cfa_offset 0
 549 0024 7047     	 bx lr
 550              	 .cfi_endproc
 551              	.LFE246:
 553 0026 00BF     	 .section .text.XMC_SPI_CH_Init,"ax",%progbits
 554              	 .align 2
 555              	 .thumb
 556              	 .thumb_func
 558              	XMC_SPI_CH_Init:
 559              	.LFB247:
 560              	 .file 3 "D:/Projekty/TrinityTrack6000/MainControlBoard/Infineon/XMC4200/Libraries/XMCLib/inc/xmc_spi.h"
   1:D:/Projekty/TrinityTrack6000/MainControlBoard/Infineon/XMC4200/Libraries/XMCLib/inc\xmc_spi.h **** /**
   2:D:/Projekty/TrinityTrack6000/MainControlBoard/Infineon/XMC4200/Libraries/XMCLib/inc\xmc_spi.h ****  * @file xmc_spi.h
   3:D:/Projekty/TrinityTrack6000/MainControlBoard/Infineon/XMC4200/Libraries/XMCLib/inc\xmc_spi.h ****  * @date 2020-12-05
   4:D:/Projekty/TrinityTrack6000/MainControlBoard/Infineon/XMC4200/Libraries/XMCLib/inc\xmc_spi.h ****  *
   5:D:/Projekty/TrinityTrack6000/MainControlBoard/Infineon/XMC4200/Libraries/XMCLib/inc\xmc_spi.h ****  * @cond
   6:D:/Projekty/TrinityTrack6000/MainControlBoard/Infineon/XMC4200/Libraries/XMCLib/inc\xmc_spi.h ****  *****************************************************************************
   7:D:/Projekty/TrinityTrack6000/MainControlBoard/Infineon/XMC4200/Libraries/XMCLib/inc\xmc_spi.h ****  * XMClib v2.2.0 - XMC Peripheral Driver Library
   8:D:/Projekty/TrinityTrack6000/MainControlBoard/Infineon/XMC4200/Libraries/XMCLib/inc\xmc_spi.h ****  *
   9:D:/Projekty/TrinityTrack6000/MainControlBoard/Infineon/XMC4200/Libraries/XMCLib/inc\xmc_spi.h ****  * Copyright (c) 2015-2020, Infineon Technologies AG
  10:D:/Projekty/TrinityTrack6000/MainControlBoard/Infineon/XMC4200/Libraries/XMCLib/inc\xmc_spi.h ****  * All rights reserved.
  11:D:/Projekty/TrinityTrack6000/MainControlBoard/Infineon/XMC4200/Libraries/XMCLib/inc\xmc_spi.h ****  *
  12:D:/Projekty/TrinityTrack6000/MainControlBoard/Infineon/XMC4200/Libraries/XMCLib/inc\xmc_spi.h ****  * Boost Software License - Version 1.0 - August 17th, 2003
  13:D:/Projekty/TrinityTrack6000/MainControlBoard/Infineon/XMC4200/Libraries/XMCLib/inc\xmc_spi.h ****  *
  14:D:/Projekty/TrinityTrack6000/MainControlBoard/Infineon/XMC4200/Libraries/XMCLib/inc\xmc_spi.h ****  * Permission is hereby granted, free of charge, to any person or organization
  15:D:/Projekty/TrinityTrack6000/MainControlBoard/Infineon/XMC4200/Libraries/XMCLib/inc\xmc_spi.h ****  * obtaining a copy of the software and accompanying documentation covered by
  16:D:/Projekty/TrinityTrack6000/MainControlBoard/Infineon/XMC4200/Libraries/XMCLib/inc\xmc_spi.h ****  * this license (the "Software") to use, reproduce, display, distribute,
  17:D:/Projekty/TrinityTrack6000/MainControlBoard/Infineon/XMC4200/Libraries/XMCLib/inc\xmc_spi.h ****  * execute, and transmit the Software, and to prepare derivative works of the
  18:D:/Projekty/TrinityTrack6000/MainControlBoard/Infineon/XMC4200/Libraries/XMCLib/inc\xmc_spi.h ****  * Software, and to permit third-parties to whom the Software is furnished to
  19:D:/Projekty/TrinityTrack6000/MainControlBoard/Infineon/XMC4200/Libraries/XMCLib/inc\xmc_spi.h ****  * do so, all subject to the following:
  20:D:/Projekty/TrinityTrack6000/MainControlBoard/Infineon/XMC4200/Libraries/XMCLib/inc\xmc_spi.h ****  *
  21:D:/Projekty/TrinityTrack6000/MainControlBoard/Infineon/XMC4200/Libraries/XMCLib/inc\xmc_spi.h ****  * The copyright notices in the Software and this entire statement, including
  22:D:/Projekty/TrinityTrack6000/MainControlBoard/Infineon/XMC4200/Libraries/XMCLib/inc\xmc_spi.h ****  * the above license grant, this restriction and the following disclaimer,
  23:D:/Projekty/TrinityTrack6000/MainControlBoard/Infineon/XMC4200/Libraries/XMCLib/inc\xmc_spi.h ****  * must be included in all copies of the Software, in whole or in part, and
  24:D:/Projekty/TrinityTrack6000/MainControlBoard/Infineon/XMC4200/Libraries/XMCLib/inc\xmc_spi.h ****  * all derivative works of the Software, unless such copies or derivative
  25:D:/Projekty/TrinityTrack6000/MainControlBoard/Infineon/XMC4200/Libraries/XMCLib/inc\xmc_spi.h ****  * works are solely in the form of machine-executable object code generated by
  26:D:/Projekty/TrinityTrack6000/MainControlBoard/Infineon/XMC4200/Libraries/XMCLib/inc\xmc_spi.h ****  * a source language processor.
  27:D:/Projekty/TrinityTrack6000/MainControlBoard/Infineon/XMC4200/Libraries/XMCLib/inc\xmc_spi.h ****  *
  28:D:/Projekty/TrinityTrack6000/MainControlBoard/Infineon/XMC4200/Libraries/XMCLib/inc\xmc_spi.h ****  * THE SOFTWARE IS PROVIDED "AS IS", WITHOUT WARRANTY OF ANY KIND, EXPRESS OR
  29:D:/Projekty/TrinityTrack6000/MainControlBoard/Infineon/XMC4200/Libraries/XMCLib/inc\xmc_spi.h ****  * IMPLIED, INCLUDING BUT NOT LIMITED TO THE WARRANTIES OF MERCHANTABILITY,
  30:D:/Projekty/TrinityTrack6000/MainControlBoard/Infineon/XMC4200/Libraries/XMCLib/inc\xmc_spi.h ****  * FITNESS FOR A PARTICULAR PURPOSE, TITLE AND NON-INFRINGEMENT. IN NO EVENT
  31:D:/Projekty/TrinityTrack6000/MainControlBoard/Infineon/XMC4200/Libraries/XMCLib/inc\xmc_spi.h ****  * SHALL THE COPYRIGHT HOLDERS OR ANYONE DISTRIBUTING THE SOFTWARE BE LIABLE
  32:D:/Projekty/TrinityTrack6000/MainControlBoard/Infineon/XMC4200/Libraries/XMCLib/inc\xmc_spi.h ****  * FOR ANY DAMAGES OR OTHER LIABILITY, WHETHER IN CONTRACT, TORT OR OTHERWISE,
  33:D:/Projekty/TrinityTrack6000/MainControlBoard/Infineon/XMC4200/Libraries/XMCLib/inc\xmc_spi.h ****  * ARISING FROM, OUT OF OR IN CONNECTION WITH THE SOFTWARE OR THE USE OR OTHER
  34:D:/Projekty/TrinityTrack6000/MainControlBoard/Infineon/XMC4200/Libraries/XMCLib/inc\xmc_spi.h ****  * DEALINGS IN THE SOFTWARE.
  35:D:/Projekty/TrinityTrack6000/MainControlBoard/Infineon/XMC4200/Libraries/XMCLib/inc\xmc_spi.h ****  *
  36:D:/Projekty/TrinityTrack6000/MainControlBoard/Infineon/XMC4200/Libraries/XMCLib/inc\xmc_spi.h ****  * To improve the quality of the software, users are encouraged to share
  37:D:/Projekty/TrinityTrack6000/MainControlBoard/Infineon/XMC4200/Libraries/XMCLib/inc\xmc_spi.h ****  * modifications, enhancements or bug fixes with Infineon Technologies AG
  38:D:/Projekty/TrinityTrack6000/MainControlBoard/Infineon/XMC4200/Libraries/XMCLib/inc\xmc_spi.h ****  * at XMCSupport@infineon.com.
  39:D:/Projekty/TrinityTrack6000/MainControlBoard/Infineon/XMC4200/Libraries/XMCLib/inc\xmc_spi.h ****  *****************************************************************************
  40:D:/Projekty/TrinityTrack6000/MainControlBoard/Infineon/XMC4200/Libraries/XMCLib/inc\xmc_spi.h ****  *
  41:D:/Projekty/TrinityTrack6000/MainControlBoard/Infineon/XMC4200/Libraries/XMCLib/inc\xmc_spi.h ****  * Change History
  42:D:/Projekty/TrinityTrack6000/MainControlBoard/Infineon/XMC4200/Libraries/XMCLib/inc\xmc_spi.h ****  * --------------
  43:D:/Projekty/TrinityTrack6000/MainControlBoard/Infineon/XMC4200/Libraries/XMCLib/inc\xmc_spi.h ****  *
  44:D:/Projekty/TrinityTrack6000/MainControlBoard/Infineon/XMC4200/Libraries/XMCLib/inc\xmc_spi.h ****  * 2015-02-20:
  45:D:/Projekty/TrinityTrack6000/MainControlBoard/Infineon/XMC4200/Libraries/XMCLib/inc\xmc_spi.h ****  *     - Initial
  46:D:/Projekty/TrinityTrack6000/MainControlBoard/Infineon/XMC4200/Libraries/XMCLib/inc\xmc_spi.h ****  *
  47:D:/Projekty/TrinityTrack6000/MainControlBoard/Infineon/XMC4200/Libraries/XMCLib/inc\xmc_spi.h ****  * 2015-05-20:
  48:D:/Projekty/TrinityTrack6000/MainControlBoard/Infineon/XMC4200/Libraries/XMCLib/inc\xmc_spi.h ****  *     - Documentation improved <br>
  49:D:/Projekty/TrinityTrack6000/MainControlBoard/Infineon/XMC4200/Libraries/XMCLib/inc\xmc_spi.h ****  *     - Added XMC_SPI_CH_SetSlaveSelectDelay(), XMC_SPI_CH_TriggerServiceRequest() and
  50:D:/Projekty/TrinityTrack6000/MainControlBoard/Infineon/XMC4200/Libraries/XMCLib/inc\xmc_spi.h ****  *       XMC_SPI_CH_SelectInterruptNodePointer() <br>
  51:D:/Projekty/TrinityTrack6000/MainControlBoard/Infineon/XMC4200/Libraries/XMCLib/inc\xmc_spi.h ****  *     - Added XMC_SPI_CH_SetInterwordDelaySCLK() <br>
  52:D:/Projekty/TrinityTrack6000/MainControlBoard/Infineon/XMC4200/Libraries/XMCLib/inc\xmc_spi.h ****  *
  53:D:/Projekty/TrinityTrack6000/MainControlBoard/Infineon/XMC4200/Libraries/XMCLib/inc\xmc_spi.h ****  * 2015-06-20:
  54:D:/Projekty/TrinityTrack6000/MainControlBoard/Infineon/XMC4200/Libraries/XMCLib/inc\xmc_spi.h ****  *     - Removed version macros and declaration of GetDriverVersion API <br>
  55:D:/Projekty/TrinityTrack6000/MainControlBoard/Infineon/XMC4200/Libraries/XMCLib/inc\xmc_spi.h ****  *
  56:D:/Projekty/TrinityTrack6000/MainControlBoard/Infineon/XMC4200/Libraries/XMCLib/inc\xmc_spi.h ****  * 2015-08-24:
  57:D:/Projekty/TrinityTrack6000/MainControlBoard/Infineon/XMC4200/Libraries/XMCLib/inc\xmc_spi.h ****  *     - Added APIs for enabling/disabling delay compensation XMC_SPI_CH_DisableDelayCompensation()
  58:D:/Projekty/TrinityTrack6000/MainControlBoard/Infineon/XMC4200/Libraries/XMCLib/inc\xmc_spi.h ****  *       XMC_SPI_CH_EnableDelayCompensation() <br>
  59:D:/Projekty/TrinityTrack6000/MainControlBoard/Infineon/XMC4200/Libraries/XMCLib/inc\xmc_spi.h ****  *
  60:D:/Projekty/TrinityTrack6000/MainControlBoard/Infineon/XMC4200/Libraries/XMCLib/inc\xmc_spi.h ****  * 2015-08-27:
  61:D:/Projekty/TrinityTrack6000/MainControlBoard/Infineon/XMC4200/Libraries/XMCLib/inc\xmc_spi.h ****  *     - Added APIs for external input for BRG configuration:XMC_SPI_CH_ConfigExternalInputSignalTo
  62:D:/Projekty/TrinityTrack6000/MainControlBoard/Infineon/XMC4200/Libraries/XMCLib/inc\xmc_spi.h ****  *
  63:D:/Projekty/TrinityTrack6000/MainControlBoard/Infineon/XMC4200/Libraries/XMCLib/inc\xmc_spi.h ****  * 2015-09-01:
  64:D:/Projekty/TrinityTrack6000/MainControlBoard/Infineon/XMC4200/Libraries/XMCLib/inc\xmc_spi.h ****  *     - Modified XMC_SPI_CH_SetInputSource() for avoiding complete DXCR register overwriting. <br>
  65:D:/Projekty/TrinityTrack6000/MainControlBoard/Infineon/XMC4200/Libraries/XMCLib/inc\xmc_spi.h ****  *     - Modified XMC_SPI_CH_EVENT_t enum for supporting XMC_SPI_CH_EnableEvent() and XMC_SPI_CH_Di
  66:D:/Projekty/TrinityTrack6000/MainControlBoard/Infineon/XMC4200/Libraries/XMCLib/inc\xmc_spi.h ****  *       for supporting multiple events configuration <br>
  67:D:/Projekty/TrinityTrack6000/MainControlBoard/Infineon/XMC4200/Libraries/XMCLib/inc\xmc_spi.h ****  *
  68:D:/Projekty/TrinityTrack6000/MainControlBoard/Infineon/XMC4200/Libraries/XMCLib/inc\xmc_spi.h ****  * 2015-09-08:
  69:D:/Projekty/TrinityTrack6000/MainControlBoard/Infineon/XMC4200/Libraries/XMCLib/inc\xmc_spi.h ****  *     - Adding API for configuring the receiving clock phase in the slave:XMC_SPI_CH_DataLatchedIn
  70:D:/Projekty/TrinityTrack6000/MainControlBoard/Infineon/XMC4200/Libraries/XMCLib/inc\xmc_spi.h ****  *
  71:D:/Projekty/TrinityTrack6000/MainControlBoard/Infineon/XMC4200/Libraries/XMCLib/inc\xmc_spi.h ****  * 2016-04-10:
  72:D:/Projekty/TrinityTrack6000/MainControlBoard/Infineon/XMC4200/Libraries/XMCLib/inc\xmc_spi.h ****  *     - Added an API for configuring the transmit mode:XMC_SPI_CH_SetTransmitMode() <br>
  73:D:/Projekty/TrinityTrack6000/MainControlBoard/Infineon/XMC4200/Libraries/XMCLib/inc\xmc_spi.h ****  *
  74:D:/Projekty/TrinityTrack6000/MainControlBoard/Infineon/XMC4200/Libraries/XMCLib/inc\xmc_spi.h ****  * 2016-05-20:
  75:D:/Projekty/TrinityTrack6000/MainControlBoard/Infineon/XMC4200/Libraries/XMCLib/inc\xmc_spi.h ****  *     - Added XMC_SPI_CH_EnableDataTransmission() and XMC_SPI_CH_DisableDataTransmission()
  76:D:/Projekty/TrinityTrack6000/MainControlBoard/Infineon/XMC4200/Libraries/XMCLib/inc\xmc_spi.h ****  *
  77:D:/Projekty/TrinityTrack6000/MainControlBoard/Infineon/XMC4200/Libraries/XMCLib/inc\xmc_spi.h ****  * 2019-03-30:
  78:D:/Projekty/TrinityTrack6000/MainControlBoard/Infineon/XMC4200/Libraries/XMCLib/inc\xmc_spi.h ****  *     - Fix XMC_SPI_CH_MODE_STANDARD_HALFDUPLEX macro value
  79:D:/Projekty/TrinityTrack6000/MainControlBoard/Infineon/XMC4200/Libraries/XMCLib/inc\xmc_spi.h ****  *
  80:D:/Projekty/TrinityTrack6000/MainControlBoard/Infineon/XMC4200/Libraries/XMCLib/inc\xmc_spi.h ****  * 2019-05-07:
  81:D:/Projekty/TrinityTrack6000/MainControlBoard/Infineon/XMC4200/Libraries/XMCLib/inc\xmc_spi.h ****  *     - Added normal_divider_mode to XMC_SPI_CH_CONFIG_t configuration structure.
  82:D:/Projekty/TrinityTrack6000/MainControlBoard/Infineon/XMC4200/Libraries/XMCLib/inc\xmc_spi.h ****  *       It selects normal divider mode for baudrate generator instead of default fractional divide
  83:D:/Projekty/TrinityTrack6000/MainControlBoard/Infineon/XMC4200/Libraries/XMCLib/inc\xmc_spi.h ****  *     - Added XMC_SPI_CH_SetBaudrateEx()
  84:D:/Projekty/TrinityTrack6000/MainControlBoard/Infineon/XMC4200/Libraries/XMCLib/inc\xmc_spi.h ****  *
  85:D:/Projekty/TrinityTrack6000/MainControlBoard/Infineon/XMC4200/Libraries/XMCLib/inc\xmc_spi.h ****  * 2019-09-04:
  86:D:/Projekty/TrinityTrack6000/MainControlBoard/Infineon/XMC4200/Libraries/XMCLib/inc\xmc_spi.h ****  *    - Added XMC_SPI_CLOCK_MODE_t enum
  87:D:/Projekty/TrinityTrack6000/MainControlBoard/Infineon/XMC4200/Libraries/XMCLib/inc\xmc_spi.h ****  *
  88:D:/Projekty/TrinityTrack6000/MainControlBoard/Infineon/XMC4200/Libraries/XMCLib/inc\xmc_spi.h ****  * 2020-12-05:
  89:D:/Projekty/TrinityTrack6000/MainControlBoard/Infineon/XMC4200/Libraries/XMCLib/inc\xmc_spi.h ****  *    - Added XMC_SPI_CH_InitEx() that allows user select if automatic baudrate configuration shoul
  90:D:/Projekty/TrinityTrack6000/MainControlBoard/Infineon/XMC4200/Libraries/XMCLib/inc\xmc_spi.h ****  * 
  91:D:/Projekty/TrinityTrack6000/MainControlBoard/Infineon/XMC4200/Libraries/XMCLib/inc\xmc_spi.h ****  * @endcond
  92:D:/Projekty/TrinityTrack6000/MainControlBoard/Infineon/XMC4200/Libraries/XMCLib/inc\xmc_spi.h ****  *
  93:D:/Projekty/TrinityTrack6000/MainControlBoard/Infineon/XMC4200/Libraries/XMCLib/inc\xmc_spi.h ****  */
  94:D:/Projekty/TrinityTrack6000/MainControlBoard/Infineon/XMC4200/Libraries/XMCLib/inc\xmc_spi.h **** 
  95:D:/Projekty/TrinityTrack6000/MainControlBoard/Infineon/XMC4200/Libraries/XMCLib/inc\xmc_spi.h **** #ifndef XMC_SPI_H
  96:D:/Projekty/TrinityTrack6000/MainControlBoard/Infineon/XMC4200/Libraries/XMCLib/inc\xmc_spi.h **** #define XMC_SPI_H
  97:D:/Projekty/TrinityTrack6000/MainControlBoard/Infineon/XMC4200/Libraries/XMCLib/inc\xmc_spi.h **** 
  98:D:/Projekty/TrinityTrack6000/MainControlBoard/Infineon/XMC4200/Libraries/XMCLib/inc\xmc_spi.h **** /**************************************************************************************************
  99:D:/Projekty/TrinityTrack6000/MainControlBoard/Infineon/XMC4200/Libraries/XMCLib/inc\xmc_spi.h ****  * HEADER FILES
 100:D:/Projekty/TrinityTrack6000/MainControlBoard/Infineon/XMC4200/Libraries/XMCLib/inc\xmc_spi.h ****  **************************************************************************************************
 101:D:/Projekty/TrinityTrack6000/MainControlBoard/Infineon/XMC4200/Libraries/XMCLib/inc\xmc_spi.h **** #include "xmc_usic.h"
 102:D:/Projekty/TrinityTrack6000/MainControlBoard/Infineon/XMC4200/Libraries/XMCLib/inc\xmc_spi.h **** 
 103:D:/Projekty/TrinityTrack6000/MainControlBoard/Infineon/XMC4200/Libraries/XMCLib/inc\xmc_spi.h **** /**
 104:D:/Projekty/TrinityTrack6000/MainControlBoard/Infineon/XMC4200/Libraries/XMCLib/inc\xmc_spi.h ****  * @addtogroup XMClib XMC Peripheral Library
 105:D:/Projekty/TrinityTrack6000/MainControlBoard/Infineon/XMC4200/Libraries/XMCLib/inc\xmc_spi.h ****  * @{
 106:D:/Projekty/TrinityTrack6000/MainControlBoard/Infineon/XMC4200/Libraries/XMCLib/inc\xmc_spi.h ****  */
 107:D:/Projekty/TrinityTrack6000/MainControlBoard/Infineon/XMC4200/Libraries/XMCLib/inc\xmc_spi.h **** 
 108:D:/Projekty/TrinityTrack6000/MainControlBoard/Infineon/XMC4200/Libraries/XMCLib/inc\xmc_spi.h **** /**
 109:D:/Projekty/TrinityTrack6000/MainControlBoard/Infineon/XMC4200/Libraries/XMCLib/inc\xmc_spi.h ****  * @addtogroup SPI
 110:D:/Projekty/TrinityTrack6000/MainControlBoard/Infineon/XMC4200/Libraries/XMCLib/inc\xmc_spi.h ****  * @brief Synchronous serial channel driver for SPI-like communication.
 111:D:/Projekty/TrinityTrack6000/MainControlBoard/Infineon/XMC4200/Libraries/XMCLib/inc\xmc_spi.h ****  *
 112:D:/Projekty/TrinityTrack6000/MainControlBoard/Infineon/XMC4200/Libraries/XMCLib/inc\xmc_spi.h ****  * The SPI driver uses Universal Serial Interface Channel(USIC) module.
 113:D:/Projekty/TrinityTrack6000/MainControlBoard/Infineon/XMC4200/Libraries/XMCLib/inc\xmc_spi.h ****  * The USIC module supports multiple data lines for SPI communication. \n
 114:D:/Projekty/TrinityTrack6000/MainControlBoard/Infineon/XMC4200/Libraries/XMCLib/inc\xmc_spi.h ****  * -# Full duplex communication with 2 separate lines for transmission and reception.
 115:D:/Projekty/TrinityTrack6000/MainControlBoard/Infineon/XMC4200/Libraries/XMCLib/inc\xmc_spi.h ****  * -# Half duplex communication with 1 common line shared for transmission and reception.
 116:D:/Projekty/TrinityTrack6000/MainControlBoard/Infineon/XMC4200/Libraries/XMCLib/inc\xmc_spi.h ****  * -# Dual mode communication with 2 common lines shared for transmission and reception.
 117:D:/Projekty/TrinityTrack6000/MainControlBoard/Infineon/XMC4200/Libraries/XMCLib/inc\xmc_spi.h ****  * -# Quad mode communication with 4 common lines shared for transmission and reception.<br><br>
 118:D:/Projekty/TrinityTrack6000/MainControlBoard/Infineon/XMC4200/Libraries/XMCLib/inc\xmc_spi.h ****  *
 119:D:/Projekty/TrinityTrack6000/MainControlBoard/Infineon/XMC4200/Libraries/XMCLib/inc\xmc_spi.h ****  * SPI driver provides structures, enumerations and APIs for configuring the USIC channel for SPI c
 120:D:/Projekty/TrinityTrack6000/MainControlBoard/Infineon/XMC4200/Libraries/XMCLib/inc\xmc_spi.h ****  * and also for data transaction.<br>
 121:D:/Projekty/TrinityTrack6000/MainControlBoard/Infineon/XMC4200/Libraries/XMCLib/inc\xmc_spi.h ****  * SPI driver features:
 122:D:/Projekty/TrinityTrack6000/MainControlBoard/Infineon/XMC4200/Libraries/XMCLib/inc\xmc_spi.h ****  * -# Configuration structure XMC_SPI_CH_CONFIG_t and SPI initialization function XMC_SPI_CH_Init()
 123:D:/Projekty/TrinityTrack6000/MainControlBoard/Infineon/XMC4200/Libraries/XMCLib/inc\xmc_spi.h ****  * -# Allows configuration of protocol word and frame length using XMC_SPI_CH_SetWordLength(), XMC_
 124:D:/Projekty/TrinityTrack6000/MainControlBoard/Infineon/XMC4200/Libraries/XMCLib/inc\xmc_spi.h ****  * -# Allows manipulation of data frame at runtime using XMC_SPI_CH_EnableSOF(), XMC_SPI_CH_EnableE
 125:D:/Projekty/TrinityTrack6000/MainControlBoard/Infineon/XMC4200/Libraries/XMCLib/inc\xmc_spi.h ****  XMC_SPI_CH_EnableSlaveSelect(), XMC_SPI_CH_DisableSlaveSelect()
 126:D:/Projekty/TrinityTrack6000/MainControlBoard/Infineon/XMC4200/Libraries/XMCLib/inc\xmc_spi.h ****  * -# Provides APIs for transmitting data and receiving data using XMC_SPI_CH_Transmit(), XMC_SPI_C
 127:D:/Projekty/TrinityTrack6000/MainControlBoard/Infineon/XMC4200/Libraries/XMCLib/inc\xmc_spi.h ****  * -# Allows configuration of shift clock using XMC_SPI_CH_ConfigureShiftClockOutput()
 128:D:/Projekty/TrinityTrack6000/MainControlBoard/Infineon/XMC4200/Libraries/XMCLib/inc\xmc_spi.h ****  * -# Provides enumeration of SPI protocol events using @ref XMC_SPI_CH_STATUS_FLAG_t
 129:D:/Projekty/TrinityTrack6000/MainControlBoard/Infineon/XMC4200/Libraries/XMCLib/inc\xmc_spi.h ****  * @{
 130:D:/Projekty/TrinityTrack6000/MainControlBoard/Infineon/XMC4200/Libraries/XMCLib/inc\xmc_spi.h ****  */
 131:D:/Projekty/TrinityTrack6000/MainControlBoard/Infineon/XMC4200/Libraries/XMCLib/inc\xmc_spi.h **** 
 132:D:/Projekty/TrinityTrack6000/MainControlBoard/Infineon/XMC4200/Libraries/XMCLib/inc\xmc_spi.h **** /**************************************************************************************************
 133:D:/Projekty/TrinityTrack6000/MainControlBoard/Infineon/XMC4200/Libraries/XMCLib/inc\xmc_spi.h ****  * MACROS
 134:D:/Projekty/TrinityTrack6000/MainControlBoard/Infineon/XMC4200/Libraries/XMCLib/inc\xmc_spi.h ****  **************************************************************************************************
 135:D:/Projekty/TrinityTrack6000/MainControlBoard/Infineon/XMC4200/Libraries/XMCLib/inc\xmc_spi.h **** 
 136:D:/Projekty/TrinityTrack6000/MainControlBoard/Infineon/XMC4200/Libraries/XMCLib/inc\xmc_spi.h **** #if defined(USIC0)
 137:D:/Projekty/TrinityTrack6000/MainControlBoard/Infineon/XMC4200/Libraries/XMCLib/inc\xmc_spi.h **** #define XMC_SPI0_CH0 XMC_USIC0_CH0 /**< SPI0 channel 0 base address */
 138:D:/Projekty/TrinityTrack6000/MainControlBoard/Infineon/XMC4200/Libraries/XMCLib/inc\xmc_spi.h **** #define XMC_SPI0_CH1 XMC_USIC0_CH1 /**< SPI0 channel 1 base address */
 139:D:/Projekty/TrinityTrack6000/MainControlBoard/Infineon/XMC4200/Libraries/XMCLib/inc\xmc_spi.h **** #endif
 140:D:/Projekty/TrinityTrack6000/MainControlBoard/Infineon/XMC4200/Libraries/XMCLib/inc\xmc_spi.h **** 
 141:D:/Projekty/TrinityTrack6000/MainControlBoard/Infineon/XMC4200/Libraries/XMCLib/inc\xmc_spi.h **** #if defined(USIC1)
 142:D:/Projekty/TrinityTrack6000/MainControlBoard/Infineon/XMC4200/Libraries/XMCLib/inc\xmc_spi.h **** #define XMC_SPI1_CH0 XMC_USIC1_CH0 /**< SPI1 channel 0 base address */
 143:D:/Projekty/TrinityTrack6000/MainControlBoard/Infineon/XMC4200/Libraries/XMCLib/inc\xmc_spi.h **** #define XMC_SPI1_CH1 XMC_USIC1_CH1 /**< SPI1 channel 1 base address */
 144:D:/Projekty/TrinityTrack6000/MainControlBoard/Infineon/XMC4200/Libraries/XMCLib/inc\xmc_spi.h **** #endif
 145:D:/Projekty/TrinityTrack6000/MainControlBoard/Infineon/XMC4200/Libraries/XMCLib/inc\xmc_spi.h **** 
 146:D:/Projekty/TrinityTrack6000/MainControlBoard/Infineon/XMC4200/Libraries/XMCLib/inc\xmc_spi.h **** #if defined(USIC2)
 147:D:/Projekty/TrinityTrack6000/MainControlBoard/Infineon/XMC4200/Libraries/XMCLib/inc\xmc_spi.h **** #define XMC_SPI2_CH0 XMC_USIC2_CH0 /**< SPI2 channel 0 base address */
 148:D:/Projekty/TrinityTrack6000/MainControlBoard/Infineon/XMC4200/Libraries/XMCLib/inc\xmc_spi.h **** #define XMC_SPI2_CH1 XMC_USIC2_CH1 /**< SPI2 channel 1 base address */
 149:D:/Projekty/TrinityTrack6000/MainControlBoard/Infineon/XMC4200/Libraries/XMCLib/inc\xmc_spi.h **** #endif
 150:D:/Projekty/TrinityTrack6000/MainControlBoard/Infineon/XMC4200/Libraries/XMCLib/inc\xmc_spi.h **** 
 151:D:/Projekty/TrinityTrack6000/MainControlBoard/Infineon/XMC4200/Libraries/XMCLib/inc\xmc_spi.h **** /**************************************************************************************************
 152:D:/Projekty/TrinityTrack6000/MainControlBoard/Infineon/XMC4200/Libraries/XMCLib/inc\xmc_spi.h ****  * ENUMS
 153:D:/Projekty/TrinityTrack6000/MainControlBoard/Infineon/XMC4200/Libraries/XMCLib/inc\xmc_spi.h ****  **************************************************************************************************
 154:D:/Projekty/TrinityTrack6000/MainControlBoard/Infineon/XMC4200/Libraries/XMCLib/inc\xmc_spi.h **** 
 155:D:/Projekty/TrinityTrack6000/MainControlBoard/Infineon/XMC4200/Libraries/XMCLib/inc\xmc_spi.h **** /**
 156:D:/Projekty/TrinityTrack6000/MainControlBoard/Infineon/XMC4200/Libraries/XMCLib/inc\xmc_spi.h ****  * Defines return status of SPI driver APIs
 157:D:/Projekty/TrinityTrack6000/MainControlBoard/Infineon/XMC4200/Libraries/XMCLib/inc\xmc_spi.h ****  */
 158:D:/Projekty/TrinityTrack6000/MainControlBoard/Infineon/XMC4200/Libraries/XMCLib/inc\xmc_spi.h **** typedef enum XMC_SPI_CH_STATUS
 159:D:/Projekty/TrinityTrack6000/MainControlBoard/Infineon/XMC4200/Libraries/XMCLib/inc\xmc_spi.h **** {
 160:D:/Projekty/TrinityTrack6000/MainControlBoard/Infineon/XMC4200/Libraries/XMCLib/inc\xmc_spi.h ****   XMC_SPI_CH_STATUS_OK,    /**< Status of the Module: OK */
 161:D:/Projekty/TrinityTrack6000/MainControlBoard/Infineon/XMC4200/Libraries/XMCLib/inc\xmc_spi.h ****   XMC_SPI_CH_STATUS_ERROR, /**< Status of the Module: ERROR */
 162:D:/Projekty/TrinityTrack6000/MainControlBoard/Infineon/XMC4200/Libraries/XMCLib/inc\xmc_spi.h ****   XMC_SPI_CH_STATUS_BUSY   /**< The Module is busy */
 163:D:/Projekty/TrinityTrack6000/MainControlBoard/Infineon/XMC4200/Libraries/XMCLib/inc\xmc_spi.h **** } XMC_SPI_CH_STATUS_t;
 164:D:/Projekty/TrinityTrack6000/MainControlBoard/Infineon/XMC4200/Libraries/XMCLib/inc\xmc_spi.h **** /**
 165:D:/Projekty/TrinityTrack6000/MainControlBoard/Infineon/XMC4200/Libraries/XMCLib/inc\xmc_spi.h ****  * Defines the SPI bus mode
 166:D:/Projekty/TrinityTrack6000/MainControlBoard/Infineon/XMC4200/Libraries/XMCLib/inc\xmc_spi.h ****  */
 167:D:/Projekty/TrinityTrack6000/MainControlBoard/Infineon/XMC4200/Libraries/XMCLib/inc\xmc_spi.h **** typedef enum XMC_SPI_CH_BUS_MODE
 168:D:/Projekty/TrinityTrack6000/MainControlBoard/Infineon/XMC4200/Libraries/XMCLib/inc\xmc_spi.h **** {
 169:D:/Projekty/TrinityTrack6000/MainControlBoard/Infineon/XMC4200/Libraries/XMCLib/inc\xmc_spi.h ****   XMC_SPI_CH_BUS_MODE_MASTER, /**< SPI Master */
 170:D:/Projekty/TrinityTrack6000/MainControlBoard/Infineon/XMC4200/Libraries/XMCLib/inc\xmc_spi.h ****   XMC_SPI_CH_BUS_MODE_SLAVE   /**< SPI Slave */
 171:D:/Projekty/TrinityTrack6000/MainControlBoard/Infineon/XMC4200/Libraries/XMCLib/inc\xmc_spi.h **** } XMC_SPI_CH_BUS_MODE_t;
 172:D:/Projekty/TrinityTrack6000/MainControlBoard/Infineon/XMC4200/Libraries/XMCLib/inc\xmc_spi.h **** 
 173:D:/Projekty/TrinityTrack6000/MainControlBoard/Infineon/XMC4200/Libraries/XMCLib/inc\xmc_spi.h **** /**
 174:D:/Projekty/TrinityTrack6000/MainControlBoard/Infineon/XMC4200/Libraries/XMCLib/inc\xmc_spi.h ****  * Defines the Polarity of the slave select signals SELO[7:0] in relation to the master slave selec
 175:D:/Projekty/TrinityTrack6000/MainControlBoard/Infineon/XMC4200/Libraries/XMCLib/inc\xmc_spi.h ****  */
 176:D:/Projekty/TrinityTrack6000/MainControlBoard/Infineon/XMC4200/Libraries/XMCLib/inc\xmc_spi.h **** typedef enum XMC_SPI_CH_SLAVE_SEL_MSLS_INV
 177:D:/Projekty/TrinityTrack6000/MainControlBoard/Infineon/XMC4200/Libraries/XMCLib/inc\xmc_spi.h **** {
 178:D:/Projekty/TrinityTrack6000/MainControlBoard/Infineon/XMC4200/Libraries/XMCLib/inc\xmc_spi.h ****   XMC_SPI_CH_SLAVE_SEL_SAME_AS_MSLS = 0x0UL, /**< The SELO outputs have the same polarity as the MS
 179:D:/Projekty/TrinityTrack6000/MainControlBoard/Infineon/XMC4200/Libraries/XMCLib/inc\xmc_spi.h ****                                                   (active high) */
 180:D:/Projekty/TrinityTrack6000/MainControlBoard/Infineon/XMC4200/Libraries/XMCLib/inc\xmc_spi.h ****   XMC_SPI_CH_SLAVE_SEL_INV_TO_MSLS = 0x1UL << USIC_CH_PCR_SSCMode_SELINV_Pos /**< The SELO outputs 
 181:D:/Projekty/TrinityTrack6000/MainControlBoard/Infineon/XMC4200/Libraries/XMCLib/inc\xmc_spi.h ****                                                                                   polarity to the M
 182:D:/Projekty/TrinityTrack6000/MainControlBoard/Infineon/XMC4200/Libraries/XMCLib/inc\xmc_spi.h ****                                                                                   (active low)*/
 183:D:/Projekty/TrinityTrack6000/MainControlBoard/Infineon/XMC4200/Libraries/XMCLib/inc\xmc_spi.h **** } XMC_SPI_CH_SLAVE_SEL_MSLS_INV_t;
 184:D:/Projekty/TrinityTrack6000/MainControlBoard/Infineon/XMC4200/Libraries/XMCLib/inc\xmc_spi.h **** 
 185:D:/Projekty/TrinityTrack6000/MainControlBoard/Infineon/XMC4200/Libraries/XMCLib/inc\xmc_spi.h **** /**
 186:D:/Projekty/TrinityTrack6000/MainControlBoard/Infineon/XMC4200/Libraries/XMCLib/inc\xmc_spi.h ****  * Defines the Polarity of the data inputs.
 187:D:/Projekty/TrinityTrack6000/MainControlBoard/Infineon/XMC4200/Libraries/XMCLib/inc\xmc_spi.h ****  */
 188:D:/Projekty/TrinityTrack6000/MainControlBoard/Infineon/XMC4200/Libraries/XMCLib/inc\xmc_spi.h **** typedef enum XMC_SPI_CH_DATA_POLARITY
 189:D:/Projekty/TrinityTrack6000/MainControlBoard/Infineon/XMC4200/Libraries/XMCLib/inc\xmc_spi.h **** {
 190:D:/Projekty/TrinityTrack6000/MainControlBoard/Infineon/XMC4200/Libraries/XMCLib/inc\xmc_spi.h ****   XMC_SPI_CH_DATA_POLARITY_DIRECT = 0x0UL, /**< The polarity of the data line is not inverted */
 191:D:/Projekty/TrinityTrack6000/MainControlBoard/Infineon/XMC4200/Libraries/XMCLib/inc\xmc_spi.h ****   XMC_SPI_CH_DATA_POLARITY_INVERT = 0x1UL << USIC_CH_DX2CR_DPOL_Pos /**< The polarity of the data l
 192:D:/Projekty/TrinityTrack6000/MainControlBoard/Infineon/XMC4200/Libraries/XMCLib/inc\xmc_spi.h **** } XMC_SPI_CH_DATA_POLARITY_t;
 193:D:/Projekty/TrinityTrack6000/MainControlBoard/Infineon/XMC4200/Libraries/XMCLib/inc\xmc_spi.h **** 
 194:D:/Projekty/TrinityTrack6000/MainControlBoard/Infineon/XMC4200/Libraries/XMCLib/inc\xmc_spi.h **** /**
 195:D:/Projekty/TrinityTrack6000/MainControlBoard/Infineon/XMC4200/Libraries/XMCLib/inc\xmc_spi.h ****  * Defines Slave Select lines
 196:D:/Projekty/TrinityTrack6000/MainControlBoard/Infineon/XMC4200/Libraries/XMCLib/inc\xmc_spi.h ****  */
 197:D:/Projekty/TrinityTrack6000/MainControlBoard/Infineon/XMC4200/Libraries/XMCLib/inc\xmc_spi.h **** typedef enum XMC_SPI_CH_SLAVE_SELECT
 198:D:/Projekty/TrinityTrack6000/MainControlBoard/Infineon/XMC4200/Libraries/XMCLib/inc\xmc_spi.h **** {
 199:D:/Projekty/TrinityTrack6000/MainControlBoard/Infineon/XMC4200/Libraries/XMCLib/inc\xmc_spi.h ****   XMC_SPI_CH_SLAVE_SELECT_0 = 1UL << USIC_CH_PCR_SSCMode_SELO_Pos,  /**< Slave Select line 0 */
 200:D:/Projekty/TrinityTrack6000/MainControlBoard/Infineon/XMC4200/Libraries/XMCLib/inc\xmc_spi.h ****   XMC_SPI_CH_SLAVE_SELECT_1 = 2UL << USIC_CH_PCR_SSCMode_SELO_Pos,  /**< Slave Select line 1 */
 201:D:/Projekty/TrinityTrack6000/MainControlBoard/Infineon/XMC4200/Libraries/XMCLib/inc\xmc_spi.h ****   XMC_SPI_CH_SLAVE_SELECT_2 = 4UL << USIC_CH_PCR_SSCMode_SELO_Pos,  /**< Slave Select line 2 */
 202:D:/Projekty/TrinityTrack6000/MainControlBoard/Infineon/XMC4200/Libraries/XMCLib/inc\xmc_spi.h ****   XMC_SPI_CH_SLAVE_SELECT_3 = 8UL << USIC_CH_PCR_SSCMode_SELO_Pos,  /**< Slave Select line 3 */
 203:D:/Projekty/TrinityTrack6000/MainControlBoard/Infineon/XMC4200/Libraries/XMCLib/inc\xmc_spi.h ****   XMC_SPI_CH_SLAVE_SELECT_4 = 16UL << USIC_CH_PCR_SSCMode_SELO_Pos, /**< Slave Select line 4 */
 204:D:/Projekty/TrinityTrack6000/MainControlBoard/Infineon/XMC4200/Libraries/XMCLib/inc\xmc_spi.h ****   XMC_SPI_CH_SLAVE_SELECT_5 = 32UL << USIC_CH_PCR_SSCMode_SELO_Pos, /**< Slave Select line 5 */
 205:D:/Projekty/TrinityTrack6000/MainControlBoard/Infineon/XMC4200/Libraries/XMCLib/inc\xmc_spi.h ****   XMC_SPI_CH_SLAVE_SELECT_6 = 64UL << USIC_CH_PCR_SSCMode_SELO_Pos, /**< Slave Select line 6 */
 206:D:/Projekty/TrinityTrack6000/MainControlBoard/Infineon/XMC4200/Libraries/XMCLib/inc\xmc_spi.h ****   XMC_SPI_CH_SLAVE_SELECT_7 = 128UL << USIC_CH_PCR_SSCMode_SELO_Pos /**< Slave Select line 7 */
 207:D:/Projekty/TrinityTrack6000/MainControlBoard/Infineon/XMC4200/Libraries/XMCLib/inc\xmc_spi.h **** } XMC_SPI_CH_SLAVE_SELECT_t;
 208:D:/Projekty/TrinityTrack6000/MainControlBoard/Infineon/XMC4200/Libraries/XMCLib/inc\xmc_spi.h **** 
 209:D:/Projekty/TrinityTrack6000/MainControlBoard/Infineon/XMC4200/Libraries/XMCLib/inc\xmc_spi.h **** /**
 210:D:/Projekty/TrinityTrack6000/MainControlBoard/Infineon/XMC4200/Libraries/XMCLib/inc\xmc_spi.h ****  * Defines SPI specific events
 211:D:/Projekty/TrinityTrack6000/MainControlBoard/Infineon/XMC4200/Libraries/XMCLib/inc\xmc_spi.h ****  */
 212:D:/Projekty/TrinityTrack6000/MainControlBoard/Infineon/XMC4200/Libraries/XMCLib/inc\xmc_spi.h **** typedef enum XMC_SPI_CH_EVENT
 213:D:/Projekty/TrinityTrack6000/MainControlBoard/Infineon/XMC4200/Libraries/XMCLib/inc\xmc_spi.h **** {
 214:D:/Projekty/TrinityTrack6000/MainControlBoard/Infineon/XMC4200/Libraries/XMCLib/inc\xmc_spi.h ****   XMC_SPI_CH_EVENT_RECEIVE_START       = USIC_CH_CCR_RSIEN_Msk, /**< Receive start event */
 215:D:/Projekty/TrinityTrack6000/MainControlBoard/Infineon/XMC4200/Libraries/XMCLib/inc\xmc_spi.h ****   XMC_SPI_CH_EVENT_DATA_LOST           = USIC_CH_CCR_DLIEN_Msk, /**< Data lost event */
 216:D:/Projekty/TrinityTrack6000/MainControlBoard/Infineon/XMC4200/Libraries/XMCLib/inc\xmc_spi.h ****   XMC_SPI_CH_EVENT_TRANSMIT_SHIFT      = USIC_CH_CCR_TSIEN_Msk, /**< Transmit shift event */
 217:D:/Projekty/TrinityTrack6000/MainControlBoard/Infineon/XMC4200/Libraries/XMCLib/inc\xmc_spi.h ****   XMC_SPI_CH_EVENT_TRANSMIT_BUFFER     = USIC_CH_CCR_TBIEN_Msk, /**< Transmit buffer event */
 218:D:/Projekty/TrinityTrack6000/MainControlBoard/Infineon/XMC4200/Libraries/XMCLib/inc\xmc_spi.h ****   XMC_SPI_CH_EVENT_STANDARD_RECEIVE    = USIC_CH_CCR_RIEN_Msk,  /**< Receive event */
 219:D:/Projekty/TrinityTrack6000/MainControlBoard/Infineon/XMC4200/Libraries/XMCLib/inc\xmc_spi.h ****   XMC_SPI_CH_EVENT_ALTERNATIVE_RECEIVE = USIC_CH_CCR_AIEN_Msk,  /**< Alternate receive event */
 220:D:/Projekty/TrinityTrack6000/MainControlBoard/Infineon/XMC4200/Libraries/XMCLib/inc\xmc_spi.h ****   XMC_SPI_CH_EVENT_BAUD_RATE_GENERATOR = USIC_CH_CCR_BRGIEN_Msk, /**< Baudrate generator event */
 221:D:/Projekty/TrinityTrack6000/MainControlBoard/Infineon/XMC4200/Libraries/XMCLib/inc\xmc_spi.h **** 
 222:D:/Projekty/TrinityTrack6000/MainControlBoard/Infineon/XMC4200/Libraries/XMCLib/inc\xmc_spi.h ****   XMC_SPI_CH_EVENT_PARITY_ERROR = USIC_CH_PCR_SSCMode_PARIEN_Msk >> 13U,       /**< Parity error ev
 223:D:/Projekty/TrinityTrack6000/MainControlBoard/Infineon/XMC4200/Libraries/XMCLib/inc\xmc_spi.h ****   XMC_SPI_CH_EVENT_MSLS_CHANGE =  USIC_CH_PCR_SSCMode_MSLSIEN_Msk >> 13U,      /**< Master slave se
 224:D:/Projekty/TrinityTrack6000/MainControlBoard/Infineon/XMC4200/Libraries/XMCLib/inc\xmc_spi.h ****   XMC_SPI_CH_EVENT_DX2TIEN_ACTIVATED = USIC_CH_PCR_SSCMode_DX2TIEN_Msk >> 13U  /**< Slave select in
 225:D:/Projekty/TrinityTrack6000/MainControlBoard/Infineon/XMC4200/Libraries/XMCLib/inc\xmc_spi.h **** } XMC_SPI_CH_EVENT_t;
 226:D:/Projekty/TrinityTrack6000/MainControlBoard/Infineon/XMC4200/Libraries/XMCLib/inc\xmc_spi.h **** 
 227:D:/Projekty/TrinityTrack6000/MainControlBoard/Infineon/XMC4200/Libraries/XMCLib/inc\xmc_spi.h **** /**
 228:D:/Projekty/TrinityTrack6000/MainControlBoard/Infineon/XMC4200/Libraries/XMCLib/inc\xmc_spi.h ****  * Defines SPI event status
 229:D:/Projekty/TrinityTrack6000/MainControlBoard/Infineon/XMC4200/Libraries/XMCLib/inc\xmc_spi.h ****  */
 230:D:/Projekty/TrinityTrack6000/MainControlBoard/Infineon/XMC4200/Libraries/XMCLib/inc\xmc_spi.h **** typedef enum XMC_SPI_CH_STATUS_FLAG
 231:D:/Projekty/TrinityTrack6000/MainControlBoard/Infineon/XMC4200/Libraries/XMCLib/inc\xmc_spi.h **** {
 232:D:/Projekty/TrinityTrack6000/MainControlBoard/Infineon/XMC4200/Libraries/XMCLib/inc\xmc_spi.h ****   XMC_SPI_CH_STATUS_FLAG_MSLS = USIC_CH_PSR_SSCMode_MSLS_Msk,                          /**< Status 
 233:D:/Projekty/TrinityTrack6000/MainControlBoard/Infineon/XMC4200/Libraries/XMCLib/inc\xmc_spi.h ****                                                                                             select(
 234:D:/Projekty/TrinityTrack6000/MainControlBoard/Infineon/XMC4200/Libraries/XMCLib/inc\xmc_spi.h ****   XMC_SPI_CH_STATUS_FLAG_DX2S = USIC_CH_PSR_SSCMode_DX2S_Msk,                          /**< Status 
 235:D:/Projekty/TrinityTrack6000/MainControlBoard/Infineon/XMC4200/Libraries/XMCLib/inc\xmc_spi.h ****                                                                                             input(D
 236:D:/Projekty/TrinityTrack6000/MainControlBoard/Infineon/XMC4200/Libraries/XMCLib/inc\xmc_spi.h ****   XMC_SPI_CH_STATUS_FLAG_MSLS_EVENT_DETECTED = USIC_CH_PSR_SSCMode_MSLSEV_Msk,         /**< Status 
 237:D:/Projekty/TrinityTrack6000/MainControlBoard/Infineon/XMC4200/Libraries/XMCLib/inc\xmc_spi.h ****                                                                                             output 
 238:D:/Projekty/TrinityTrack6000/MainControlBoard/Infineon/XMC4200/Libraries/XMCLib/inc\xmc_spi.h ****   XMC_SPI_CH_STATUS_FLAG_DX2T_EVENT_DETECTED = USIC_CH_PSR_SSCMode_DX2TEV_Msk,         /**< Status 
 239:D:/Projekty/TrinityTrack6000/MainControlBoard/Infineon/XMC4200/Libraries/XMCLib/inc\xmc_spi.h ****                                                                                             input s
 240:D:/Projekty/TrinityTrack6000/MainControlBoard/Infineon/XMC4200/Libraries/XMCLib/inc\xmc_spi.h ****   XMC_SPI_CH_STATUS_FLAG_PARITY_ERROR_EVENT_DETECTED = USIC_CH_PSR_SSCMode_PARERR_Msk, /**< Indicat
 241:D:/Projekty/TrinityTrack6000/MainControlBoard/Infineon/XMC4200/Libraries/XMCLib/inc\xmc_spi.h ****                                                                                             parity 
 242:D:/Projekty/TrinityTrack6000/MainControlBoard/Infineon/XMC4200/Libraries/XMCLib/inc\xmc_spi.h ****   XMC_SPI_CH_STATUS_FLAG_RECEIVER_START_INDICATION = USIC_CH_PSR_SSCMode_RSIF_Msk,     /**< Status 
 243:D:/Projekty/TrinityTrack6000/MainControlBoard/Infineon/XMC4200/Libraries/XMCLib/inc\xmc_spi.h ****                                                                                             event *
 244:D:/Projekty/TrinityTrack6000/MainControlBoard/Infineon/XMC4200/Libraries/XMCLib/inc\xmc_spi.h ****   XMC_SPI_CH_STATUS_FLAG_DATA_LOST_INDICATION = USIC_CH_PSR_SSCMode_DLIF_Msk,          /**< Status 
 245:D:/Projekty/TrinityTrack6000/MainControlBoard/Infineon/XMC4200/Libraries/XMCLib/inc\xmc_spi.h ****   XMC_SPI_CH_STATUS_FLAG_TRANSMIT_SHIFT_INDICATION = USIC_CH_PSR_SSCMode_TSIF_Msk,      /**< Status
 246:D:/Projekty/TrinityTrack6000/MainControlBoard/Infineon/XMC4200/Libraries/XMCLib/inc\xmc_spi.h ****                                                                                             event *
 247:D:/Projekty/TrinityTrack6000/MainControlBoard/Infineon/XMC4200/Libraries/XMCLib/inc\xmc_spi.h ****   XMC_SPI_CH_STATUS_FLAG_TRANSMIT_BUFFER_INDICATION = USIC_CH_PSR_SSCMode_TBIF_Msk,    /**< Status 
 248:D:/Projekty/TrinityTrack6000/MainControlBoard/Infineon/XMC4200/Libraries/XMCLib/inc\xmc_spi.h ****                                                                                             event *
 249:D:/Projekty/TrinityTrack6000/MainControlBoard/Infineon/XMC4200/Libraries/XMCLib/inc\xmc_spi.h ****   XMC_SPI_CH_STATUS_FLAG_RECEIVE_INDICATION = USIC_CH_PSR_SSCMode_RIF_Msk,             /**< Status 
 250:D:/Projekty/TrinityTrack6000/MainControlBoard/Infineon/XMC4200/Libraries/XMCLib/inc\xmc_spi.h ****   XMC_SPI_CH_STATUS_FLAG_ALTERNATIVE_RECEIVE_INDICATION = USIC_CH_PSR_SSCMode_AIF_Msk, /**< Status 
 251:D:/Projekty/TrinityTrack6000/MainControlBoard/Infineon/XMC4200/Libraries/XMCLib/inc\xmc_spi.h ****                                                                                             receive
 252:D:/Projekty/TrinityTrack6000/MainControlBoard/Infineon/XMC4200/Libraries/XMCLib/inc\xmc_spi.h ****   XMC_SPI_CH_STATUS_FLAG_BAUD_RATE_GENERATOR_INDICATION = USIC_CH_PSR_SSCMode_BRGIF_Msk/**< Status 
 253:D:/Projekty/TrinityTrack6000/MainControlBoard/Infineon/XMC4200/Libraries/XMCLib/inc\xmc_spi.h ****                                                                                             generat
 254:D:/Projekty/TrinityTrack6000/MainControlBoard/Infineon/XMC4200/Libraries/XMCLib/inc\xmc_spi.h **** } XMC_SPI_CH_STATUS_FLAG_t;
 255:D:/Projekty/TrinityTrack6000/MainControlBoard/Infineon/XMC4200/Libraries/XMCLib/inc\xmc_spi.h **** 
 256:D:/Projekty/TrinityTrack6000/MainControlBoard/Infineon/XMC4200/Libraries/XMCLib/inc\xmc_spi.h **** /**
 257:D:/Projekty/TrinityTrack6000/MainControlBoard/Infineon/XMC4200/Libraries/XMCLib/inc\xmc_spi.h ****  * Defines input frequency sources for slave select signal delay configuration.
 258:D:/Projekty/TrinityTrack6000/MainControlBoard/Infineon/XMC4200/Libraries/XMCLib/inc\xmc_spi.h ****  */
 259:D:/Projekty/TrinityTrack6000/MainControlBoard/Infineon/XMC4200/Libraries/XMCLib/inc\xmc_spi.h **** typedef enum XMC_SPI_CH_INPUT_FREQ_SLAVE_SELECT_DELAY
 260:D:/Projekty/TrinityTrack6000/MainControlBoard/Infineon/XMC4200/Libraries/XMCLib/inc\xmc_spi.h **** {
 261:D:/Projekty/TrinityTrack6000/MainControlBoard/Infineon/XMC4200/Libraries/XMCLib/inc\xmc_spi.h ****   XMC_SPI_CH_INPUT_FREQ_SLAVE_SELECT_DELAY_FPDIV = 0x0UL, /**< Output of PDIV divider: FPDIV */
 262:D:/Projekty/TrinityTrack6000/MainControlBoard/Infineon/XMC4200/Libraries/XMCLib/inc\xmc_spi.h ****   XMC_SPI_CH_INPUT_FREQ_SLAVE_SELECT_DELAY_FPPP  = 0x1UL << USIC_CH_PCR_SSCMode_CTQSEL1_Pos, /**< P
 263:D:/Projekty/TrinityTrack6000/MainControlBoard/Infineon/XMC4200/Libraries/XMCLib/inc\xmc_spi.h ****   XMC_SPI_CH_INPUT_FREQ_SLAVE_SELECT_DELAY_FSCLK = 0x2UL << USIC_CH_PCR_SSCMode_CTQSEL1_Pos, /**< S
 264:D:/Projekty/TrinityTrack6000/MainControlBoard/Infineon/XMC4200/Libraries/XMCLib/inc\xmc_spi.h ****   XMC_SPI_CH_INPUT_FREQ_SLAVE_SELECT_DELAY_FMCLK = 0x3UL << USIC_CH_PCR_SSCMode_CTQSEL1_Pos  /**< M
 265:D:/Projekty/TrinityTrack6000/MainControlBoard/Infineon/XMC4200/Libraries/XMCLib/inc\xmc_spi.h **** } XMC_SPI_CH_INPUT_FREQ_SLAVE_SELECT_DELAY_t;
 266:D:/Projekty/TrinityTrack6000/MainControlBoard/Infineon/XMC4200/Libraries/XMCLib/inc\xmc_spi.h **** 
 267:D:/Projekty/TrinityTrack6000/MainControlBoard/Infineon/XMC4200/Libraries/XMCLib/inc\xmc_spi.h **** /**
 268:D:/Projekty/TrinityTrack6000/MainControlBoard/Infineon/XMC4200/Libraries/XMCLib/inc\xmc_spi.h ****  * Define data and clock input stages
 269:D:/Projekty/TrinityTrack6000/MainControlBoard/Infineon/XMC4200/Libraries/XMCLib/inc\xmc_spi.h ****  */
 270:D:/Projekty/TrinityTrack6000/MainControlBoard/Infineon/XMC4200/Libraries/XMCLib/inc\xmc_spi.h **** typedef enum XMC_SPI_CH_INPUT
 271:D:/Projekty/TrinityTrack6000/MainControlBoard/Infineon/XMC4200/Libraries/XMCLib/inc\xmc_spi.h **** {
 272:D:/Projekty/TrinityTrack6000/MainControlBoard/Infineon/XMC4200/Libraries/XMCLib/inc\xmc_spi.h ****   XMC_SPI_CH_INPUT_DIN0 = 0UL,         /**< Data input stage 0 */
 273:D:/Projekty/TrinityTrack6000/MainControlBoard/Infineon/XMC4200/Libraries/XMCLib/inc\xmc_spi.h ****   XMC_SPI_CH_INPUT_SLAVE_SCLKIN = 1UL, /**< Clock input stage */
 274:D:/Projekty/TrinityTrack6000/MainControlBoard/Infineon/XMC4200/Libraries/XMCLib/inc\xmc_spi.h ****   XMC_SPI_CH_INPUT_SLAVE_SELIN = 2UL,  /**< Slave select input stage */
 275:D:/Projekty/TrinityTrack6000/MainControlBoard/Infineon/XMC4200/Libraries/XMCLib/inc\xmc_spi.h ****   XMC_SPI_CH_INPUT_DIN1 = 3UL,         /**< Data input stage 1 */
 276:D:/Projekty/TrinityTrack6000/MainControlBoard/Infineon/XMC4200/Libraries/XMCLib/inc\xmc_spi.h ****   XMC_SPI_CH_INPUT_DIN2 = 4UL,         /**< Data input stage 2 */
 277:D:/Projekty/TrinityTrack6000/MainControlBoard/Infineon/XMC4200/Libraries/XMCLib/inc\xmc_spi.h ****   XMC_SPI_CH_INPUT_DIN3 = 5UL          /**< Data input stage 3 */
 278:D:/Projekty/TrinityTrack6000/MainControlBoard/Infineon/XMC4200/Libraries/XMCLib/inc\xmc_spi.h **** } XMC_SPI_CH_INPUT_t;
 279:D:/Projekty/TrinityTrack6000/MainControlBoard/Infineon/XMC4200/Libraries/XMCLib/inc\xmc_spi.h **** 
 280:D:/Projekty/TrinityTrack6000/MainControlBoard/Infineon/XMC4200/Libraries/XMCLib/inc\xmc_spi.h **** /**
 281:D:/Projekty/TrinityTrack6000/MainControlBoard/Infineon/XMC4200/Libraries/XMCLib/inc\xmc_spi.h ****  * Define SPI data transfer mode
 282:D:/Projekty/TrinityTrack6000/MainControlBoard/Infineon/XMC4200/Libraries/XMCLib/inc\xmc_spi.h ****  */
 283:D:/Projekty/TrinityTrack6000/MainControlBoard/Infineon/XMC4200/Libraries/XMCLib/inc\xmc_spi.h **** typedef enum XMC_SPI_CH_MODE
 284:D:/Projekty/TrinityTrack6000/MainControlBoard/Infineon/XMC4200/Libraries/XMCLib/inc\xmc_spi.h **** {
 285:D:/Projekty/TrinityTrack6000/MainControlBoard/Infineon/XMC4200/Libraries/XMCLib/inc\xmc_spi.h ****   XMC_SPI_CH_MODE_STANDARD = 0UL,            /**< SPI standard full duplex mode */
 286:D:/Projekty/TrinityTrack6000/MainControlBoard/Infineon/XMC4200/Libraries/XMCLib/inc\xmc_spi.h ****   XMC_SPI_CH_MODE_STANDARD_HALFDUPLEX = 5UL, /**< SPI standard half duplex mode */
 287:D:/Projekty/TrinityTrack6000/MainControlBoard/Infineon/XMC4200/Libraries/XMCLib/inc\xmc_spi.h ****   XMC_SPI_CH_MODE_DUAL = 6UL,                /**< SPI half duplex mode with dual data lines */
 288:D:/Projekty/TrinityTrack6000/MainControlBoard/Infineon/XMC4200/Libraries/XMCLib/inc\xmc_spi.h ****   XMC_SPI_CH_MODE_QUAD = 7UL                 /**< SPI half duplex mode with quad data lines */
 289:D:/Projekty/TrinityTrack6000/MainControlBoard/Infineon/XMC4200/Libraries/XMCLib/inc\xmc_spi.h **** } XMC_SPI_CH_MODE_t;
 290:D:/Projekty/TrinityTrack6000/MainControlBoard/Infineon/XMC4200/Libraries/XMCLib/inc\xmc_spi.h **** 
 291:D:/Projekty/TrinityTrack6000/MainControlBoard/Infineon/XMC4200/Libraries/XMCLib/inc\xmc_spi.h **** 
 292:D:/Projekty/TrinityTrack6000/MainControlBoard/Infineon/XMC4200/Libraries/XMCLib/inc\xmc_spi.h **** /**
 293:D:/Projekty/TrinityTrack6000/MainControlBoard/Infineon/XMC4200/Libraries/XMCLib/inc\xmc_spi.h ****  * SPI Baudrate Generator shift clock passive level
 294:D:/Projekty/TrinityTrack6000/MainControlBoard/Infineon/XMC4200/Libraries/XMCLib/inc\xmc_spi.h ****  */
 295:D:/Projekty/TrinityTrack6000/MainControlBoard/Infineon/XMC4200/Libraries/XMCLib/inc\xmc_spi.h **** typedef enum XMC_SPI_CH_BRG_SHIFT_CLOCK_PASSIVE_LEVEL
 296:D:/Projekty/TrinityTrack6000/MainControlBoard/Infineon/XMC4200/Libraries/XMCLib/inc\xmc_spi.h **** {
 297:D:/Projekty/TrinityTrack6000/MainControlBoard/Infineon/XMC4200/Libraries/XMCLib/inc\xmc_spi.h ****   /**< Passive clock level 0, delay disabled */
 298:D:/Projekty/TrinityTrack6000/MainControlBoard/Infineon/XMC4200/Libraries/XMCLib/inc\xmc_spi.h ****   XMC_SPI_CH_BRG_SHIFT_CLOCK_PASSIVE_LEVEL_0_DELAY_DISABLED = XMC_USIC_CH_BRG_SHIFT_CLOCK_PASSIVE_L
 299:D:/Projekty/TrinityTrack6000/MainControlBoard/Infineon/XMC4200/Libraries/XMCLib/inc\xmc_spi.h ****   /**< Passive clock level 1, delay disabled */
 300:D:/Projekty/TrinityTrack6000/MainControlBoard/Infineon/XMC4200/Libraries/XMCLib/inc\xmc_spi.h ****   XMC_SPI_CH_BRG_SHIFT_CLOCK_PASSIVE_LEVEL_1_DELAY_DISABLED = XMC_USIC_CH_BRG_SHIFT_CLOCK_PASSIVE_L
 301:D:/Projekty/TrinityTrack6000/MainControlBoard/Infineon/XMC4200/Libraries/XMCLib/inc\xmc_spi.h ****   /**< Passive clock level 0, delay enabled */
 302:D:/Projekty/TrinityTrack6000/MainControlBoard/Infineon/XMC4200/Libraries/XMCLib/inc\xmc_spi.h ****   XMC_SPI_CH_BRG_SHIFT_CLOCK_PASSIVE_LEVEL_0_DELAY_ENABLED  = XMC_USIC_CH_BRG_SHIFT_CLOCK_PASSIVE_L
 303:D:/Projekty/TrinityTrack6000/MainControlBoard/Infineon/XMC4200/Libraries/XMCLib/inc\xmc_spi.h ****   /**< Passive clock level 1, delay enabled */
 304:D:/Projekty/TrinityTrack6000/MainControlBoard/Infineon/XMC4200/Libraries/XMCLib/inc\xmc_spi.h ****   XMC_SPI_CH_BRG_SHIFT_CLOCK_PASSIVE_LEVEL_1_DELAY_ENABLED  = XMC_USIC_CH_BRG_SHIFT_CLOCK_PASSIVE_L
 305:D:/Projekty/TrinityTrack6000/MainControlBoard/Infineon/XMC4200/Libraries/XMCLib/inc\xmc_spi.h **** } XMC_SPI_CH_BRG_SHIFT_CLOCK_PASSIVE_LEVEL_t;
 306:D:/Projekty/TrinityTrack6000/MainControlBoard/Infineon/XMC4200/Libraries/XMCLib/inc\xmc_spi.h **** 
 307:D:/Projekty/TrinityTrack6000/MainControlBoard/Infineon/XMC4200/Libraries/XMCLib/inc\xmc_spi.h **** /**
 308:D:/Projekty/TrinityTrack6000/MainControlBoard/Infineon/XMC4200/Libraries/XMCLib/inc\xmc_spi.h ****  * SPI clock modes
 309:D:/Projekty/TrinityTrack6000/MainControlBoard/Infineon/XMC4200/Libraries/XMCLib/inc\xmc_spi.h ****  */
 310:D:/Projekty/TrinityTrack6000/MainControlBoard/Infineon/XMC4200/Libraries/XMCLib/inc\xmc_spi.h **** 
 311:D:/Projekty/TrinityTrack6000/MainControlBoard/Infineon/XMC4200/Libraries/XMCLib/inc\xmc_spi.h **** /* CPOL=0 is a clock which idles at 0, and each cycle consists of a pulse of 1. That is, the leadin
 312:D:/Projekty/TrinityTrack6000/MainControlBoard/Infineon/XMC4200/Libraries/XMCLib/inc\xmc_spi.h **** /* CPOL=1 is a clock which idles at 1, and each cycle consists of a pulse of 0. That is, the leadin
 313:D:/Projekty/TrinityTrack6000/MainControlBoard/Infineon/XMC4200/Libraries/XMCLib/inc\xmc_spi.h **** /* CPHA=0, the "out" side changes the data on the trailing edge of the preceding clock cycle, while
 314:D:/Projekty/TrinityTrack6000/MainControlBoard/Infineon/XMC4200/Libraries/XMCLib/inc\xmc_spi.h ****    The out side holds the data valid until the trailing edge of the current clock cycle. For the fi
 315:D:/Projekty/TrinityTrack6000/MainControlBoard/Infineon/XMC4200/Libraries/XMCLib/inc\xmc_spi.h **** /* For CPHA=1, the "out" side changes the data on the leading edge of the current clock cycle, whil
 316:D:/Projekty/TrinityTrack6000/MainControlBoard/Infineon/XMC4200/Libraries/XMCLib/inc\xmc_spi.h ****   The out side holds the data valid until the leading edge of the following clock cycle. For the la
 317:D:/Projekty/TrinityTrack6000/MainControlBoard/Infineon/XMC4200/Libraries/XMCLib/inc\xmc_spi.h **** typedef enum XMC_SPI_CLOCK_MODE
 318:D:/Projekty/TrinityTrack6000/MainControlBoard/Infineon/XMC4200/Libraries/XMCLib/inc\xmc_spi.h **** {
 319:D:/Projekty/TrinityTrack6000/MainControlBoard/Infineon/XMC4200/Libraries/XMCLib/inc\xmc_spi.h ****   XMC_SPI_CPOL_0_CPHA_0 = XMC_SPI_CH_BRG_SHIFT_CLOCK_PASSIVE_LEVEL_0_DELAY_ENABLED,
 320:D:/Projekty/TrinityTrack6000/MainControlBoard/Infineon/XMC4200/Libraries/XMCLib/inc\xmc_spi.h ****   XMC_SPI_CPOL_0_CPHA_1 = XMC_SPI_CH_BRG_SHIFT_CLOCK_PASSIVE_LEVEL_0_DELAY_DISABLED,
 321:D:/Projekty/TrinityTrack6000/MainControlBoard/Infineon/XMC4200/Libraries/XMCLib/inc\xmc_spi.h ****   XMC_SPI_CPOL_1_CPHA_0 = XMC_SPI_CH_BRG_SHIFT_CLOCK_PASSIVE_LEVEL_1_DELAY_DISABLED,
 322:D:/Projekty/TrinityTrack6000/MainControlBoard/Infineon/XMC4200/Libraries/XMCLib/inc\xmc_spi.h ****   XMC_SPI_CPOL_1_CPHA_1 = XMC_SPI_CH_BRG_SHIFT_CLOCK_PASSIVE_LEVEL_1_DELAY_ENABLED
 323:D:/Projekty/TrinityTrack6000/MainControlBoard/Infineon/XMC4200/Libraries/XMCLib/inc\xmc_spi.h **** } XMC_SPI_CLOCK_MODE_t;
 324:D:/Projekty/TrinityTrack6000/MainControlBoard/Infineon/XMC4200/Libraries/XMCLib/inc\xmc_spi.h **** 
 325:D:/Projekty/TrinityTrack6000/MainControlBoard/Infineon/XMC4200/Libraries/XMCLib/inc\xmc_spi.h **** /**
 326:D:/Projekty/TrinityTrack6000/MainControlBoard/Infineon/XMC4200/Libraries/XMCLib/inc\xmc_spi.h ****  * SPI Baudrate Generator shift clock output
 327:D:/Projekty/TrinityTrack6000/MainControlBoard/Infineon/XMC4200/Libraries/XMCLib/inc\xmc_spi.h **** */
 328:D:/Projekty/TrinityTrack6000/MainControlBoard/Infineon/XMC4200/Libraries/XMCLib/inc\xmc_spi.h **** typedef enum XMC_SPI_CH_BRG_SHIFT_CLOCK_OUTPUT
 329:D:/Projekty/TrinityTrack6000/MainControlBoard/Infineon/XMC4200/Libraries/XMCLib/inc\xmc_spi.h **** {
 330:D:/Projekty/TrinityTrack6000/MainControlBoard/Infineon/XMC4200/Libraries/XMCLib/inc\xmc_spi.h ****   XMC_SPI_CH_BRG_SHIFT_CLOCK_OUTPUT_SCLK = XMC_USIC_CH_BRG_SHIFT_CLOCK_OUTPUT_SCLK,  /**< Baudrate 
 331:D:/Projekty/TrinityTrack6000/MainControlBoard/Infineon/XMC4200/Libraries/XMCLib/inc\xmc_spi.h ****   XMC_SPI_CH_BRG_SHIFT_CLOCK_OUTPUT_DX1  = XMC_USIC_CH_BRG_SHIFT_CLOCK_OUTPUT_DX1   /**< Clock obta
 332:D:/Projekty/TrinityTrack6000/MainControlBoard/Infineon/XMC4200/Libraries/XMCLib/inc\xmc_spi.h **** } XMC_SPI_CH_BRG_SHIFT_CLOCK_OUTPUT_t;
 333:D:/Projekty/TrinityTrack6000/MainControlBoard/Infineon/XMC4200/Libraries/XMCLib/inc\xmc_spi.h **** 
 334:D:/Projekty/TrinityTrack6000/MainControlBoard/Infineon/XMC4200/Libraries/XMCLib/inc\xmc_spi.h **** /**
 335:D:/Projekty/TrinityTrack6000/MainControlBoard/Infineon/XMC4200/Libraries/XMCLib/inc\xmc_spi.h ****  * SPI channel interrupt node pointers
 336:D:/Projekty/TrinityTrack6000/MainControlBoard/Infineon/XMC4200/Libraries/XMCLib/inc\xmc_spi.h ****  */
 337:D:/Projekty/TrinityTrack6000/MainControlBoard/Infineon/XMC4200/Libraries/XMCLib/inc\xmc_spi.h **** typedef enum XMC_SPI_CH_INTERRUPT_NODE_POINTER
 338:D:/Projekty/TrinityTrack6000/MainControlBoard/Infineon/XMC4200/Libraries/XMCLib/inc\xmc_spi.h **** {
 339:D:/Projekty/TrinityTrack6000/MainControlBoard/Infineon/XMC4200/Libraries/XMCLib/inc\xmc_spi.h ****   XMC_SPI_CH_INTERRUPT_NODE_POINTER_TRANSMIT_SHIFT      = XMC_USIC_CH_INTERRUPT_NODE_POINTER_TRANSM
 340:D:/Projekty/TrinityTrack6000/MainControlBoard/Infineon/XMC4200/Libraries/XMCLib/inc\xmc_spi.h ****   XMC_SPI_CH_INTERRUPT_NODE_POINTER_TRANSMIT_BUFFER     = XMC_USIC_CH_INTERRUPT_NODE_POINTER_TRANSM
 341:D:/Projekty/TrinityTrack6000/MainControlBoard/Infineon/XMC4200/Libraries/XMCLib/inc\xmc_spi.h ****   XMC_SPI_CH_INTERRUPT_NODE_POINTER_RECEIVE             = XMC_USIC_CH_INTERRUPT_NODE_POINTER_RECEIV
 342:D:/Projekty/TrinityTrack6000/MainControlBoard/Infineon/XMC4200/Libraries/XMCLib/inc\xmc_spi.h ****   XMC_SPI_CH_INTERRUPT_NODE_POINTER_ALTERNATE_RECEIVE   = XMC_USIC_CH_INTERRUPT_NODE_POINTER_ALTERN
 343:D:/Projekty/TrinityTrack6000/MainControlBoard/Infineon/XMC4200/Libraries/XMCLib/inc\xmc_spi.h ****   XMC_SPI_CH_INTERRUPT_NODE_POINTER_PROTOCOL            = XMC_USIC_CH_INTERRUPT_NODE_POINTER_PROTOC
 344:D:/Projekty/TrinityTrack6000/MainControlBoard/Infineon/XMC4200/Libraries/XMCLib/inc\xmc_spi.h **** } XMC_SPI_CH_INTERRUPT_NODE_POINTER_t;
 345:D:/Projekty/TrinityTrack6000/MainControlBoard/Infineon/XMC4200/Libraries/XMCLib/inc\xmc_spi.h **** 
 346:D:/Projekty/TrinityTrack6000/MainControlBoard/Infineon/XMC4200/Libraries/XMCLib/inc\xmc_spi.h **** /**************************************************************************************************
 347:D:/Projekty/TrinityTrack6000/MainControlBoard/Infineon/XMC4200/Libraries/XMCLib/inc\xmc_spi.h ****  * DATA STRUCTURES
 348:D:/Projekty/TrinityTrack6000/MainControlBoard/Infineon/XMC4200/Libraries/XMCLib/inc\xmc_spi.h **** ***************************************************************************************************
 349:D:/Projekty/TrinityTrack6000/MainControlBoard/Infineon/XMC4200/Libraries/XMCLib/inc\xmc_spi.h **** 
 350:D:/Projekty/TrinityTrack6000/MainControlBoard/Infineon/XMC4200/Libraries/XMCLib/inc\xmc_spi.h **** /**
 351:D:/Projekty/TrinityTrack6000/MainControlBoard/Infineon/XMC4200/Libraries/XMCLib/inc\xmc_spi.h ****  * Structure for initializing SPI channel.
 352:D:/Projekty/TrinityTrack6000/MainControlBoard/Infineon/XMC4200/Libraries/XMCLib/inc\xmc_spi.h ****  */
 353:D:/Projekty/TrinityTrack6000/MainControlBoard/Infineon/XMC4200/Libraries/XMCLib/inc\xmc_spi.h **** typedef struct XMC_SPI_CH_CONFIG
 354:D:/Projekty/TrinityTrack6000/MainControlBoard/Infineon/XMC4200/Libraries/XMCLib/inc\xmc_spi.h **** {
 355:D:/Projekty/TrinityTrack6000/MainControlBoard/Infineon/XMC4200/Libraries/XMCLib/inc\xmc_spi.h ****   uint32_t baudrate;							                /**< Module baud rate for communication */
 356:D:/Projekty/TrinityTrack6000/MainControlBoard/Infineon/XMC4200/Libraries/XMCLib/inc\xmc_spi.h ****   bool normal_divider_mode;                       /**< Selects normal divider mode for baudrate gen
 357:D:/Projekty/TrinityTrack6000/MainControlBoard/Infineon/XMC4200/Libraries/XMCLib/inc\xmc_spi.h ****   XMC_SPI_CH_BUS_MODE_t bus_mode;                 /**< Bus mode: Master/Slave */
 358:D:/Projekty/TrinityTrack6000/MainControlBoard/Infineon/XMC4200/Libraries/XMCLib/inc\xmc_spi.h ****   XMC_SPI_CH_SLAVE_SEL_MSLS_INV_t selo_inversion; /**< Enable inversion of Slave select signal rela
 359:D:/Projekty/TrinityTrack6000/MainControlBoard/Infineon/XMC4200/Libraries/XMCLib/inc\xmc_spi.h ****                                                        MSLS signal  */
 360:D:/Projekty/TrinityTrack6000/MainControlBoard/Infineon/XMC4200/Libraries/XMCLib/inc\xmc_spi.h ****   XMC_USIC_CH_PARITY_MODE_t parity_mode;          /**< Enable parity check for transmit and receive
 361:D:/Projekty/TrinityTrack6000/MainControlBoard/Infineon/XMC4200/Libraries/XMCLib/inc\xmc_spi.h **** } XMC_SPI_CH_CONFIG_t;
 362:D:/Projekty/TrinityTrack6000/MainControlBoard/Infineon/XMC4200/Libraries/XMCLib/inc\xmc_spi.h **** 
 363:D:/Projekty/TrinityTrack6000/MainControlBoard/Infineon/XMC4200/Libraries/XMCLib/inc\xmc_spi.h **** /**************************************************************************************************
 364:D:/Projekty/TrinityTrack6000/MainControlBoard/Infineon/XMC4200/Libraries/XMCLib/inc\xmc_spi.h ****  * API PROTOTYPES
 365:D:/Projekty/TrinityTrack6000/MainControlBoard/Infineon/XMC4200/Libraries/XMCLib/inc\xmc_spi.h ****  **************************************************************************************************
 366:D:/Projekty/TrinityTrack6000/MainControlBoard/Infineon/XMC4200/Libraries/XMCLib/inc\xmc_spi.h **** 
 367:D:/Projekty/TrinityTrack6000/MainControlBoard/Infineon/XMC4200/Libraries/XMCLib/inc\xmc_spi.h **** #ifdef __cplusplus
 368:D:/Projekty/TrinityTrack6000/MainControlBoard/Infineon/XMC4200/Libraries/XMCLib/inc\xmc_spi.h **** extern "C" {
 369:D:/Projekty/TrinityTrack6000/MainControlBoard/Infineon/XMC4200/Libraries/XMCLib/inc\xmc_spi.h **** #endif
 370:D:/Projekty/TrinityTrack6000/MainControlBoard/Infineon/XMC4200/Libraries/XMCLib/inc\xmc_spi.h **** 
 371:D:/Projekty/TrinityTrack6000/MainControlBoard/Infineon/XMC4200/Libraries/XMCLib/inc\xmc_spi.h **** /**
 372:D:/Projekty/TrinityTrack6000/MainControlBoard/Infineon/XMC4200/Libraries/XMCLib/inc\xmc_spi.h ****  * @param channel A constant pointer to XMC_USIC_CH_t, pointing to the USIC channel base address.
 373:D:/Projekty/TrinityTrack6000/MainControlBoard/Infineon/XMC4200/Libraries/XMCLib/inc\xmc_spi.h ****  * @param config pointer to constant SPI channel configuration data structure.\n
 374:D:/Projekty/TrinityTrack6000/MainControlBoard/Infineon/XMC4200/Libraries/XMCLib/inc\xmc_spi.h ****  *               Refer data structure @ref XMC_SPI_CH_CONFIG_t for detail.
 375:D:/Projekty/TrinityTrack6000/MainControlBoard/Infineon/XMC4200/Libraries/XMCLib/inc\xmc_spi.h ****  * @param init_brg Selects if the baudrate generator should be configured automatically.
 376:D:/Projekty/TrinityTrack6000/MainControlBoard/Infineon/XMC4200/Libraries/XMCLib/inc\xmc_spi.h ****  *
 377:D:/Projekty/TrinityTrack6000/MainControlBoard/Infineon/XMC4200/Libraries/XMCLib/inc\xmc_spi.h ****  * @return None
 378:D:/Projekty/TrinityTrack6000/MainControlBoard/Infineon/XMC4200/Libraries/XMCLib/inc\xmc_spi.h ****  *
 379:D:/Projekty/TrinityTrack6000/MainControlBoard/Infineon/XMC4200/Libraries/XMCLib/inc\xmc_spi.h ****  * \par<b>Description:</b><br>
 380:D:/Projekty/TrinityTrack6000/MainControlBoard/Infineon/XMC4200/Libraries/XMCLib/inc\xmc_spi.h ****  * Initializes the selected SPI \a channel with the \a config structure.\n\n
 381:D:/Projekty/TrinityTrack6000/MainControlBoard/Infineon/XMC4200/Libraries/XMCLib/inc\xmc_spi.h ****  * Enable SPI channel by calling XMC_USIC_CH_Enable() and then configures
 382:D:/Projekty/TrinityTrack6000/MainControlBoard/Infineon/XMC4200/Libraries/XMCLib/inc\xmc_spi.h ****  * <ul>
 383:D:/Projekty/TrinityTrack6000/MainControlBoard/Infineon/XMC4200/Libraries/XMCLib/inc\xmc_spi.h ****  * <li>Baudrate,</li>
 384:D:/Projekty/TrinityTrack6000/MainControlBoard/Infineon/XMC4200/Libraries/XMCLib/inc\xmc_spi.h ****  * <li>Passive data level as active high,</li>
 385:D:/Projekty/TrinityTrack6000/MainControlBoard/Infineon/XMC4200/Libraries/XMCLib/inc\xmc_spi.h ****  * <li>Shift control signal as active high,</li>
 386:D:/Projekty/TrinityTrack6000/MainControlBoard/Infineon/XMC4200/Libraries/XMCLib/inc\xmc_spi.h ****  * <li>Frame length as 64U,</li>
 387:D:/Projekty/TrinityTrack6000/MainControlBoard/Infineon/XMC4200/Libraries/XMCLib/inc\xmc_spi.h ****  * <li>Word length as 8U,</li>
 388:D:/Projekty/TrinityTrack6000/MainControlBoard/Infineon/XMC4200/Libraries/XMCLib/inc\xmc_spi.h ****  * <li>Enable Hardware port control mode,</li>
 389:D:/Projekty/TrinityTrack6000/MainControlBoard/Infineon/XMC4200/Libraries/XMCLib/inc\xmc_spi.h ****  * <li>Enable transmission of data TDV(Transmit data valid) bit is set to 1,</li>
 390:D:/Projekty/TrinityTrack6000/MainControlBoard/Infineon/XMC4200/Libraries/XMCLib/inc\xmc_spi.h ****  * <li>Enable invalidation of data in TBUF once loaded into shift register,</li>
 391:D:/Projekty/TrinityTrack6000/MainControlBoard/Infineon/XMC4200/Libraries/XMCLib/inc\xmc_spi.h ****  * <li>Parity mode settings</li>
 392:D:/Projekty/TrinityTrack6000/MainControlBoard/Infineon/XMC4200/Libraries/XMCLib/inc\xmc_spi.h ****  * </ul>
 393:D:/Projekty/TrinityTrack6000/MainControlBoard/Infineon/XMC4200/Libraries/XMCLib/inc\xmc_spi.h ****  * And if master mode is selected,
 394:D:/Projekty/TrinityTrack6000/MainControlBoard/Infineon/XMC4200/Libraries/XMCLib/inc\xmc_spi.h ****  * <ul>
 395:D:/Projekty/TrinityTrack6000/MainControlBoard/Infineon/XMC4200/Libraries/XMCLib/inc\xmc_spi.h ****  * <li>Enables MSLS signal generation,</li>
 396:D:/Projekty/TrinityTrack6000/MainControlBoard/Infineon/XMC4200/Libraries/XMCLib/inc\xmc_spi.h ****  * <li>configures slave selection as normal mode,</li>
 397:D:/Projekty/TrinityTrack6000/MainControlBoard/Infineon/XMC4200/Libraries/XMCLib/inc\xmc_spi.h ****  * <li>Set polarity for the Slave signal,</li>
 398:D:/Projekty/TrinityTrack6000/MainControlBoard/Infineon/XMC4200/Libraries/XMCLib/inc\xmc_spi.h ****  * <li>Enable Frame end mode(MSLS signal is kept active after transmission of a frame)</li>
 399:D:/Projekty/TrinityTrack6000/MainControlBoard/Infineon/XMC4200/Libraries/XMCLib/inc\xmc_spi.h ****  * </ul>
 400:D:/Projekty/TrinityTrack6000/MainControlBoard/Infineon/XMC4200/Libraries/XMCLib/inc\xmc_spi.h ****  */
 401:D:/Projekty/TrinityTrack6000/MainControlBoard/Infineon/XMC4200/Libraries/XMCLib/inc\xmc_spi.h **** void XMC_SPI_CH_InitEx(XMC_USIC_CH_t *const channel, const XMC_SPI_CH_CONFIG_t *const config, bool 
 402:D:/Projekty/TrinityTrack6000/MainControlBoard/Infineon/XMC4200/Libraries/XMCLib/inc\xmc_spi.h **** 
 403:D:/Projekty/TrinityTrack6000/MainControlBoard/Infineon/XMC4200/Libraries/XMCLib/inc\xmc_spi.h **** /**
 404:D:/Projekty/TrinityTrack6000/MainControlBoard/Infineon/XMC4200/Libraries/XMCLib/inc\xmc_spi.h ****  * @param channel A constant pointer to XMC_USIC_CH_t, pointing to the USIC channel base address.
 405:D:/Projekty/TrinityTrack6000/MainControlBoard/Infineon/XMC4200/Libraries/XMCLib/inc\xmc_spi.h ****  * @param config pointer to constant SPI channel configuration data structure.\n
 406:D:/Projekty/TrinityTrack6000/MainControlBoard/Infineon/XMC4200/Libraries/XMCLib/inc\xmc_spi.h ****  *               Refer data structure @ref XMC_SPI_CH_CONFIG_t for detail.
 407:D:/Projekty/TrinityTrack6000/MainControlBoard/Infineon/XMC4200/Libraries/XMCLib/inc\xmc_spi.h ****  *
 408:D:/Projekty/TrinityTrack6000/MainControlBoard/Infineon/XMC4200/Libraries/XMCLib/inc\xmc_spi.h ****  * @return None
 409:D:/Projekty/TrinityTrack6000/MainControlBoard/Infineon/XMC4200/Libraries/XMCLib/inc\xmc_spi.h ****  *
 410:D:/Projekty/TrinityTrack6000/MainControlBoard/Infineon/XMC4200/Libraries/XMCLib/inc\xmc_spi.h ****  * \par<b>Description:</b><br>
 411:D:/Projekty/TrinityTrack6000/MainControlBoard/Infineon/XMC4200/Libraries/XMCLib/inc\xmc_spi.h ****  * Initializes the selected SPI \a channel with the \a config structure.\n\n
 412:D:/Projekty/TrinityTrack6000/MainControlBoard/Infineon/XMC4200/Libraries/XMCLib/inc\xmc_spi.h ****  * Enable SPI channel by calling XMC_USIC_CH_Enable() and then configures
 413:D:/Projekty/TrinityTrack6000/MainControlBoard/Infineon/XMC4200/Libraries/XMCLib/inc\xmc_spi.h ****  * <ul>
 414:D:/Projekty/TrinityTrack6000/MainControlBoard/Infineon/XMC4200/Libraries/XMCLib/inc\xmc_spi.h ****  * <li>Baudrate,</li>
 415:D:/Projekty/TrinityTrack6000/MainControlBoard/Infineon/XMC4200/Libraries/XMCLib/inc\xmc_spi.h ****  * <li>Passive data level as active high,</li>
 416:D:/Projekty/TrinityTrack6000/MainControlBoard/Infineon/XMC4200/Libraries/XMCLib/inc\xmc_spi.h ****  * <li>Shift control signal as active high,</li>
 417:D:/Projekty/TrinityTrack6000/MainControlBoard/Infineon/XMC4200/Libraries/XMCLib/inc\xmc_spi.h ****  * <li>Frame length as 64U,</li>
 418:D:/Projekty/TrinityTrack6000/MainControlBoard/Infineon/XMC4200/Libraries/XMCLib/inc\xmc_spi.h ****  * <li>Word length as 8U,</li>
 419:D:/Projekty/TrinityTrack6000/MainControlBoard/Infineon/XMC4200/Libraries/XMCLib/inc\xmc_spi.h ****  * <li>Enable Hardware port control mode,</li>
 420:D:/Projekty/TrinityTrack6000/MainControlBoard/Infineon/XMC4200/Libraries/XMCLib/inc\xmc_spi.h ****  * <li>Enable transmission of data TDV(Transmit data valid) bit is set to 1,</li>
 421:D:/Projekty/TrinityTrack6000/MainControlBoard/Infineon/XMC4200/Libraries/XMCLib/inc\xmc_spi.h ****  * <li>Enable invalidation of data in TBUF once loaded into shift register,</li>
 422:D:/Projekty/TrinityTrack6000/MainControlBoard/Infineon/XMC4200/Libraries/XMCLib/inc\xmc_spi.h ****  * <li>Parity mode settings</li>
 423:D:/Projekty/TrinityTrack6000/MainControlBoard/Infineon/XMC4200/Libraries/XMCLib/inc\xmc_spi.h ****  * </ul>
 424:D:/Projekty/TrinityTrack6000/MainControlBoard/Infineon/XMC4200/Libraries/XMCLib/inc\xmc_spi.h ****  * And if master mode is selected,
 425:D:/Projekty/TrinityTrack6000/MainControlBoard/Infineon/XMC4200/Libraries/XMCLib/inc\xmc_spi.h ****  * <ul>
 426:D:/Projekty/TrinityTrack6000/MainControlBoard/Infineon/XMC4200/Libraries/XMCLib/inc\xmc_spi.h ****  * <li>Enables MSLS signal generation,</li>
 427:D:/Projekty/TrinityTrack6000/MainControlBoard/Infineon/XMC4200/Libraries/XMCLib/inc\xmc_spi.h ****  * <li>configures slave selection as normal mode,</li>
 428:D:/Projekty/TrinityTrack6000/MainControlBoard/Infineon/XMC4200/Libraries/XMCLib/inc\xmc_spi.h ****  * <li>Set polarity for the Slave signal,</li>
 429:D:/Projekty/TrinityTrack6000/MainControlBoard/Infineon/XMC4200/Libraries/XMCLib/inc\xmc_spi.h ****  * <li>Enable Frame end mode(MSLS signal is kept active after transmission of a frame)</li>
 430:D:/Projekty/TrinityTrack6000/MainControlBoard/Infineon/XMC4200/Libraries/XMCLib/inc\xmc_spi.h ****  * </ul>
 431:D:/Projekty/TrinityTrack6000/MainControlBoard/Infineon/XMC4200/Libraries/XMCLib/inc\xmc_spi.h ****  */
 432:D:/Projekty/TrinityTrack6000/MainControlBoard/Infineon/XMC4200/Libraries/XMCLib/inc\xmc_spi.h **** __STATIC_INLINE void XMC_SPI_CH_Init(XMC_USIC_CH_t *const channel, const XMC_SPI_CH_CONFIG_t *const
 433:D:/Projekty/TrinityTrack6000/MainControlBoard/Infineon/XMC4200/Libraries/XMCLib/inc\xmc_spi.h **** {
 561              	 .loc 3 433 0
 562              	 .cfi_startproc
 563              	 
 564              	 
 565 0000 80B5     	 push {r7,lr}
 566              	.LCFI52:
 567              	 .cfi_def_cfa_offset 8
 568              	 .cfi_offset 7,-8
 569              	 .cfi_offset 14,-4
 570 0002 82B0     	 sub sp,sp,#8
 571              	.LCFI53:
 572              	 .cfi_def_cfa_offset 16
 573 0004 00AF     	 add r7,sp,#0
 574              	.LCFI54:
 575              	 .cfi_def_cfa_register 7
 576 0006 7860     	 str r0,[r7,#4]
 577 0008 3960     	 str r1,[r7]
 434:D:/Projekty/TrinityTrack6000/MainControlBoard/Infineon/XMC4200/Libraries/XMCLib/inc\xmc_spi.h ****   XMC_SPI_CH_InitEx(channel, config, true);
 578              	 .loc 3 434 0
 579 000a 7868     	 ldr r0,[r7,#4]
 580 000c 3968     	 ldr r1,[r7]
 581 000e 0122     	 movs r2,#1
 582 0010 FFF7FEFF 	 bl XMC_SPI_CH_InitEx
 435:D:/Projekty/TrinityTrack6000/MainControlBoard/Infineon/XMC4200/Libraries/XMCLib/inc\xmc_spi.h **** }
 583              	 .loc 3 435 0
 584 0014 0837     	 adds r7,r7,#8
 585              	.LCFI55:
 586              	 .cfi_def_cfa_offset 8
 587 0016 BD46     	 mov sp,r7
 588              	.LCFI56:
 589              	 .cfi_def_cfa_register 13
 590              	 
 591 0018 80BD     	 pop {r7,pc}
 592              	 .cfi_endproc
 593              	.LFE247:
 595 001a 00BF     	 .section .text.XMC_SPI_CH_Start,"ax",%progbits
 596              	 .align 2
 597              	 .thumb
 598              	 .thumb_func
 600              	XMC_SPI_CH_Start:
 601              	.LFB248:
 436:D:/Projekty/TrinityTrack6000/MainControlBoard/Infineon/XMC4200/Libraries/XMCLib/inc\xmc_spi.h **** 
 437:D:/Projekty/TrinityTrack6000/MainControlBoard/Infineon/XMC4200/Libraries/XMCLib/inc\xmc_spi.h **** /**
 438:D:/Projekty/TrinityTrack6000/MainControlBoard/Infineon/XMC4200/Libraries/XMCLib/inc\xmc_spi.h ****  * @param channel A constant pointer to XMC_USIC_CH_t, pointing to the USIC channel base address.
 439:D:/Projekty/TrinityTrack6000/MainControlBoard/Infineon/XMC4200/Libraries/XMCLib/inc\xmc_spi.h ****  *
 440:D:/Projekty/TrinityTrack6000/MainControlBoard/Infineon/XMC4200/Libraries/XMCLib/inc\xmc_spi.h ****  * @return None
 441:D:/Projekty/TrinityTrack6000/MainControlBoard/Infineon/XMC4200/Libraries/XMCLib/inc\xmc_spi.h ****  *
 442:D:/Projekty/TrinityTrack6000/MainControlBoard/Infineon/XMC4200/Libraries/XMCLib/inc\xmc_spi.h ****  * \par<b>Description:</b><br>
 443:D:/Projekty/TrinityTrack6000/MainControlBoard/Infineon/XMC4200/Libraries/XMCLib/inc\xmc_spi.h ****  * Set the selected USIC channel to operate in SPI mode, by setting CCR.MODE bits.\n\n
 444:D:/Projekty/TrinityTrack6000/MainControlBoard/Infineon/XMC4200/Libraries/XMCLib/inc\xmc_spi.h ****  * It should be executed after XMC_SPI_CH_Init() during initialization. By invoking XMC_SPI_CH_Stop
 445:D:/Projekty/TrinityTrack6000/MainControlBoard/Infineon/XMC4200/Libraries/XMCLib/inc\xmc_spi.h ****  * to IDLE state. Call XMC_SPI_CH_Start() to set the SPI mode again, as needed later in the program
 446:D:/Projekty/TrinityTrack6000/MainControlBoard/Infineon/XMC4200/Libraries/XMCLib/inc\xmc_spi.h ****  *
 447:D:/Projekty/TrinityTrack6000/MainControlBoard/Infineon/XMC4200/Libraries/XMCLib/inc\xmc_spi.h ****  * \par<b>Related APIs:</b><BR>
 448:D:/Projekty/TrinityTrack6000/MainControlBoard/Infineon/XMC4200/Libraries/XMCLib/inc\xmc_spi.h ****  * XMC_SPI_CH_Init(), XMC_SPI_CH_Stop()
 449:D:/Projekty/TrinityTrack6000/MainControlBoard/Infineon/XMC4200/Libraries/XMCLib/inc\xmc_spi.h ****  */
 450:D:/Projekty/TrinityTrack6000/MainControlBoard/Infineon/XMC4200/Libraries/XMCLib/inc\xmc_spi.h **** __STATIC_INLINE void XMC_SPI_CH_Start(XMC_USIC_CH_t *const channel)
 451:D:/Projekty/TrinityTrack6000/MainControlBoard/Infineon/XMC4200/Libraries/XMCLib/inc\xmc_spi.h **** {
 602              	 .loc 3 451 0
 603              	 .cfi_startproc
 604              	 
 605              	 
 606 0000 80B5     	 push {r7,lr}
 607              	.LCFI57:
 608              	 .cfi_def_cfa_offset 8
 609              	 .cfi_offset 7,-8
 610              	 .cfi_offset 14,-4
 611 0002 82B0     	 sub sp,sp,#8
 612              	.LCFI58:
 613              	 .cfi_def_cfa_offset 16
 614 0004 00AF     	 add r7,sp,#0
 615              	.LCFI59:
 616              	 .cfi_def_cfa_register 7
 617 0006 7860     	 str r0,[r7,#4]
 452:D:/Projekty/TrinityTrack6000/MainControlBoard/Infineon/XMC4200/Libraries/XMCLib/inc\xmc_spi.h ****   /* USIC channel in SPI mode */
 453:D:/Projekty/TrinityTrack6000/MainControlBoard/Infineon/XMC4200/Libraries/XMCLib/inc\xmc_spi.h ****   XMC_USIC_CH_SetMode(channel, XMC_USIC_CH_OPERATING_MODE_SPI);
 618              	 .loc 3 453 0
 619 0008 7868     	 ldr r0,[r7,#4]
 620 000a 0121     	 movs r1,#1
 621 000c FFF7FEFF 	 bl XMC_USIC_CH_SetMode
 454:D:/Projekty/TrinityTrack6000/MainControlBoard/Infineon/XMC4200/Libraries/XMCLib/inc\xmc_spi.h **** }
 622              	 .loc 3 454 0
 623 0010 0837     	 adds r7,r7,#8
 624              	.LCFI60:
 625              	 .cfi_def_cfa_offset 8
 626 0012 BD46     	 mov sp,r7
 627              	.LCFI61:
 628              	 .cfi_def_cfa_register 13
 629              	 
 630 0014 80BD     	 pop {r7,pc}
 631              	 .cfi_endproc
 632              	.LFE248:
 634 0016 00BF     	 .section .text.XMC_SPI_CH_SetBitOrderMsbFirst,"ax",%progbits
 635              	 .align 2
 636              	 .thumb
 637              	 .thumb_func
 639              	XMC_SPI_CH_SetBitOrderMsbFirst:
 640              	.LFB252:
 455:D:/Projekty/TrinityTrack6000/MainControlBoard/Infineon/XMC4200/Libraries/XMCLib/inc\xmc_spi.h **** 
 456:D:/Projekty/TrinityTrack6000/MainControlBoard/Infineon/XMC4200/Libraries/XMCLib/inc\xmc_spi.h **** /**
 457:D:/Projekty/TrinityTrack6000/MainControlBoard/Infineon/XMC4200/Libraries/XMCLib/inc\xmc_spi.h ****  * @param channel A constant pointer to XMC_USIC_CH_t, pointing to the USIC channel base address.
 458:D:/Projekty/TrinityTrack6000/MainControlBoard/Infineon/XMC4200/Libraries/XMCLib/inc\xmc_spi.h ****  *
 459:D:/Projekty/TrinityTrack6000/MainControlBoard/Infineon/XMC4200/Libraries/XMCLib/inc\xmc_spi.h ****  * @return XMC_SPI_CH_STATUS_t Status of the SPI driver after the request for stopping is processed
 460:D:/Projekty/TrinityTrack6000/MainControlBoard/Infineon/XMC4200/Libraries/XMCLib/inc\xmc_spi.h ****  *        XMC_SPI_CH_STATUS_OK- If the USIC channel is successfully put to IDLE mode. \n
 461:D:/Projekty/TrinityTrack6000/MainControlBoard/Infineon/XMC4200/Libraries/XMCLib/inc\xmc_spi.h ****  *        XMC_SPI_CH_STATUS_BUSY- If the USIC channel is busy transmitting data.
 462:D:/Projekty/TrinityTrack6000/MainControlBoard/Infineon/XMC4200/Libraries/XMCLib/inc\xmc_spi.h ****  *
 463:D:/Projekty/TrinityTrack6000/MainControlBoard/Infineon/XMC4200/Libraries/XMCLib/inc\xmc_spi.h ****  * \par<b>Description:</b><br>
 464:D:/Projekty/TrinityTrack6000/MainControlBoard/Infineon/XMC4200/Libraries/XMCLib/inc\xmc_spi.h ****  * Set the selected SPI channel to IDLE mode, by clearing CCR.MODE bits.\n\n
 465:D:/Projekty/TrinityTrack6000/MainControlBoard/Infineon/XMC4200/Libraries/XMCLib/inc\xmc_spi.h ****  * After calling XMC_SPI_CH_Stop, channel is IDLE mode. So no communication is supported. XMC_SPI_C
 466:D:/Projekty/TrinityTrack6000/MainControlBoard/Infineon/XMC4200/Libraries/XMCLib/inc\xmc_spi.h ****  * invoked to start the communication again.
 467:D:/Projekty/TrinityTrack6000/MainControlBoard/Infineon/XMC4200/Libraries/XMCLib/inc\xmc_spi.h ****  *
 468:D:/Projekty/TrinityTrack6000/MainControlBoard/Infineon/XMC4200/Libraries/XMCLib/inc\xmc_spi.h ****  * \par<b>Related APIs:</b><BR>
 469:D:/Projekty/TrinityTrack6000/MainControlBoard/Infineon/XMC4200/Libraries/XMCLib/inc\xmc_spi.h ****  * XMC_SPI_CH_Start()
 470:D:/Projekty/TrinityTrack6000/MainControlBoard/Infineon/XMC4200/Libraries/XMCLib/inc\xmc_spi.h ****  */
 471:D:/Projekty/TrinityTrack6000/MainControlBoard/Infineon/XMC4200/Libraries/XMCLib/inc\xmc_spi.h **** XMC_SPI_CH_STATUS_t XMC_SPI_CH_Stop(XMC_USIC_CH_t *const channel);
 472:D:/Projekty/TrinityTrack6000/MainControlBoard/Infineon/XMC4200/Libraries/XMCLib/inc\xmc_spi.h **** 
 473:D:/Projekty/TrinityTrack6000/MainControlBoard/Infineon/XMC4200/Libraries/XMCLib/inc\xmc_spi.h **** /**
 474:D:/Projekty/TrinityTrack6000/MainControlBoard/Infineon/XMC4200/Libraries/XMCLib/inc\xmc_spi.h ****  * @param channel A constant pointer to XMC_USIC_CH_t, pointing to the USIC channel base address.
 475:D:/Projekty/TrinityTrack6000/MainControlBoard/Infineon/XMC4200/Libraries/XMCLib/inc\xmc_spi.h ****  * @param rate Bus speed in bits per second
 476:D:/Projekty/TrinityTrack6000/MainControlBoard/Infineon/XMC4200/Libraries/XMCLib/inc\xmc_spi.h ****  *
 477:D:/Projekty/TrinityTrack6000/MainControlBoard/Infineon/XMC4200/Libraries/XMCLib/inc\xmc_spi.h ****  * @return XMC_SPI_CH_STATUS_t Status of the SPI driver after the request for setting baudrate is p
 478:D:/Projekty/TrinityTrack6000/MainControlBoard/Infineon/XMC4200/Libraries/XMCLib/inc\xmc_spi.h ****  *        XMC_SPI_CH_STATUS_OK- If the baudrate is successfully changed. \n
 479:D:/Projekty/TrinityTrack6000/MainControlBoard/Infineon/XMC4200/Libraries/XMCLib/inc\xmc_spi.h ****  *        XMC_SPI_CH_STATUS_ERROR- If the new baudrate value is out of range.
 480:D:/Projekty/TrinityTrack6000/MainControlBoard/Infineon/XMC4200/Libraries/XMCLib/inc\xmc_spi.h ****  *
 481:D:/Projekty/TrinityTrack6000/MainControlBoard/Infineon/XMC4200/Libraries/XMCLib/inc\xmc_spi.h ****  * \par<b>Description:</b><br>
 482:D:/Projekty/TrinityTrack6000/MainControlBoard/Infineon/XMC4200/Libraries/XMCLib/inc\xmc_spi.h ****  * Sets the bus speed in bits per second
 483:D:/Projekty/TrinityTrack6000/MainControlBoard/Infineon/XMC4200/Libraries/XMCLib/inc\xmc_spi.h ****  *
 484:D:/Projekty/TrinityTrack6000/MainControlBoard/Infineon/XMC4200/Libraries/XMCLib/inc\xmc_spi.h ****  * \par<b>Related APIs:</b><BR>
 485:D:/Projekty/TrinityTrack6000/MainControlBoard/Infineon/XMC4200/Libraries/XMCLib/inc\xmc_spi.h ****  * XMC_SPI_CH_Init(), XMC_SPI_CH_Stop(), XMC_USIC_CH_GetSCLKFrequency()
 486:D:/Projekty/TrinityTrack6000/MainControlBoard/Infineon/XMC4200/Libraries/XMCLib/inc\xmc_spi.h ****  */
 487:D:/Projekty/TrinityTrack6000/MainControlBoard/Infineon/XMC4200/Libraries/XMCLib/inc\xmc_spi.h **** XMC_SPI_CH_STATUS_t XMC_SPI_CH_SetBaudrate(XMC_USIC_CH_t *const channel, const uint32_t rate);
 488:D:/Projekty/TrinityTrack6000/MainControlBoard/Infineon/XMC4200/Libraries/XMCLib/inc\xmc_spi.h **** 
 489:D:/Projekty/TrinityTrack6000/MainControlBoard/Infineon/XMC4200/Libraries/XMCLib/inc\xmc_spi.h **** /**
 490:D:/Projekty/TrinityTrack6000/MainControlBoard/Infineon/XMC4200/Libraries/XMCLib/inc\xmc_spi.h ****  * @param channel A constant pointer to XMC_USIC_CH_t, pointing to the USIC channel base address.
 491:D:/Projekty/TrinityTrack6000/MainControlBoard/Infineon/XMC4200/Libraries/XMCLib/inc\xmc_spi.h ****  * @param rate Bus speed in bits per second
 492:D:/Projekty/TrinityTrack6000/MainControlBoard/Infineon/XMC4200/Libraries/XMCLib/inc\xmc_spi.h ****  * @param normal_divider_mode Selects normal divider mode for baudrate generator instead of default
 493:D:/Projekty/TrinityTrack6000/MainControlBoard/Infineon/XMC4200/Libraries/XMCLib/inc\xmc_spi.h ****  *
 494:D:/Projekty/TrinityTrack6000/MainControlBoard/Infineon/XMC4200/Libraries/XMCLib/inc\xmc_spi.h ****  * @return XMC_SPI_CH_STATUS_t Status of the SPI driver after the request for setting baudrate is p
 495:D:/Projekty/TrinityTrack6000/MainControlBoard/Infineon/XMC4200/Libraries/XMCLib/inc\xmc_spi.h ****  *        XMC_SPI_CH_STATUS_OK- If the baudrate is successfully changed. \n
 496:D:/Projekty/TrinityTrack6000/MainControlBoard/Infineon/XMC4200/Libraries/XMCLib/inc\xmc_spi.h ****  *        XMC_SPI_CH_STATUS_ERROR- If the new baudrate value is out of range.
 497:D:/Projekty/TrinityTrack6000/MainControlBoard/Infineon/XMC4200/Libraries/XMCLib/inc\xmc_spi.h ****  *
 498:D:/Projekty/TrinityTrack6000/MainControlBoard/Infineon/XMC4200/Libraries/XMCLib/inc\xmc_spi.h ****  * \par<b>Description:</b><br>
 499:D:/Projekty/TrinityTrack6000/MainControlBoard/Infineon/XMC4200/Libraries/XMCLib/inc\xmc_spi.h ****  * Sets the bus speed in bits per second
 500:D:/Projekty/TrinityTrack6000/MainControlBoard/Infineon/XMC4200/Libraries/XMCLib/inc\xmc_spi.h ****  *
 501:D:/Projekty/TrinityTrack6000/MainControlBoard/Infineon/XMC4200/Libraries/XMCLib/inc\xmc_spi.h ****  * \par<b>Related APIs:</b><BR>
 502:D:/Projekty/TrinityTrack6000/MainControlBoard/Infineon/XMC4200/Libraries/XMCLib/inc\xmc_spi.h ****  * XMC_SPI_CH_Init(), XMC_SPI_CH_Stop(), XMC_USIC_CH_GetSCLKFrequency()
 503:D:/Projekty/TrinityTrack6000/MainControlBoard/Infineon/XMC4200/Libraries/XMCLib/inc\xmc_spi.h ****  */
 504:D:/Projekty/TrinityTrack6000/MainControlBoard/Infineon/XMC4200/Libraries/XMCLib/inc\xmc_spi.h **** XMC_SPI_CH_STATUS_t XMC_SPI_CH_SetBaudrateEx(XMC_USIC_CH_t *const channel, const uint32_t rate, boo
 505:D:/Projekty/TrinityTrack6000/MainControlBoard/Infineon/XMC4200/Libraries/XMCLib/inc\xmc_spi.h **** 
 506:D:/Projekty/TrinityTrack6000/MainControlBoard/Infineon/XMC4200/Libraries/XMCLib/inc\xmc_spi.h **** /**
 507:D:/Projekty/TrinityTrack6000/MainControlBoard/Infineon/XMC4200/Libraries/XMCLib/inc\xmc_spi.h ****  * @param channel A constant pointer to XMC_USIC_CH_t, pointing to the USIC channel base address.
 508:D:/Projekty/TrinityTrack6000/MainControlBoard/Infineon/XMC4200/Libraries/XMCLib/inc\xmc_spi.h ****  * @param slave Slave select signal.\n
 509:D:/Projekty/TrinityTrack6000/MainControlBoard/Infineon/XMC4200/Libraries/XMCLib/inc\xmc_spi.h ****  *              Refer @ref XMC_SPI_CH_SLAVE_SELECT_t for valid values.
 510:D:/Projekty/TrinityTrack6000/MainControlBoard/Infineon/XMC4200/Libraries/XMCLib/inc\xmc_spi.h ****  *
 511:D:/Projekty/TrinityTrack6000/MainControlBoard/Infineon/XMC4200/Libraries/XMCLib/inc\xmc_spi.h ****  * @return None
 512:D:/Projekty/TrinityTrack6000/MainControlBoard/Infineon/XMC4200/Libraries/XMCLib/inc\xmc_spi.h ****  *
 513:D:/Projekty/TrinityTrack6000/MainControlBoard/Infineon/XMC4200/Libraries/XMCLib/inc\xmc_spi.h ****  * \par<b>Description:</b><br>
 514:D:/Projekty/TrinityTrack6000/MainControlBoard/Infineon/XMC4200/Libraries/XMCLib/inc\xmc_spi.h ****  * Enable the selected slave signal by setting PCR.SELO bits.\n\n
 515:D:/Projekty/TrinityTrack6000/MainControlBoard/Infineon/XMC4200/Libraries/XMCLib/inc\xmc_spi.h ****  * Each slave is connected with one slave select signal. This is not configured in XMC_SPI_CH_Init(
 516:D:/Projekty/TrinityTrack6000/MainControlBoard/Infineon/XMC4200/Libraries/XMCLib/inc\xmc_spi.h ****  * XMC_SPI_CH_EnableSlaveSelect() with required \a slave to to start the communication. After finis
 517:D:/Projekty/TrinityTrack6000/MainControlBoard/Infineon/XMC4200/Libraries/XMCLib/inc\xmc_spi.h ****  * communication XMC_SPI_CH_DisableSlaveSelect() can be invoked to disable the slaves.
 518:D:/Projekty/TrinityTrack6000/MainControlBoard/Infineon/XMC4200/Libraries/XMCLib/inc\xmc_spi.h ****  *
 519:D:/Projekty/TrinityTrack6000/MainControlBoard/Infineon/XMC4200/Libraries/XMCLib/inc\xmc_spi.h ****  * \par<b>Related APIs:</b><BR>
 520:D:/Projekty/TrinityTrack6000/MainControlBoard/Infineon/XMC4200/Libraries/XMCLib/inc\xmc_spi.h ****  * XMC_SPI_CH_DisableSlaveSelect()
 521:D:/Projekty/TrinityTrack6000/MainControlBoard/Infineon/XMC4200/Libraries/XMCLib/inc\xmc_spi.h ****  */
 522:D:/Projekty/TrinityTrack6000/MainControlBoard/Infineon/XMC4200/Libraries/XMCLib/inc\xmc_spi.h **** void XMC_SPI_CH_EnableSlaveSelect(XMC_USIC_CH_t *const channel, const XMC_SPI_CH_SLAVE_SELECT_t sla
 523:D:/Projekty/TrinityTrack6000/MainControlBoard/Infineon/XMC4200/Libraries/XMCLib/inc\xmc_spi.h **** 
 524:D:/Projekty/TrinityTrack6000/MainControlBoard/Infineon/XMC4200/Libraries/XMCLib/inc\xmc_spi.h **** /**
 525:D:/Projekty/TrinityTrack6000/MainControlBoard/Infineon/XMC4200/Libraries/XMCLib/inc\xmc_spi.h ****  * @param channel A constant ponter to XMC_USIC_CH_t, pointing to the USIC channel base address.
 526:D:/Projekty/TrinityTrack6000/MainControlBoard/Infineon/XMC4200/Libraries/XMCLib/inc\xmc_spi.h ****  *
 527:D:/Projekty/TrinityTrack6000/MainControlBoard/Infineon/XMC4200/Libraries/XMCLib/inc\xmc_spi.h ****  * @return None
 528:D:/Projekty/TrinityTrack6000/MainControlBoard/Infineon/XMC4200/Libraries/XMCLib/inc\xmc_spi.h ****  *
 529:D:/Projekty/TrinityTrack6000/MainControlBoard/Infineon/XMC4200/Libraries/XMCLib/inc\xmc_spi.h ****  * \par<b>Description:</b><br>
 530:D:/Projekty/TrinityTrack6000/MainControlBoard/Infineon/XMC4200/Libraries/XMCLib/inc\xmc_spi.h ****  * Disable all the slave signals by clearing PCR.SELO bits.\n\n
 531:D:/Projekty/TrinityTrack6000/MainControlBoard/Infineon/XMC4200/Libraries/XMCLib/inc\xmc_spi.h ****  * XMC_SPI_CH_EnableSlaveSelect() has to be invoked to start the communication with the desired sla
 532:D:/Projekty/TrinityTrack6000/MainControlBoard/Infineon/XMC4200/Libraries/XMCLib/inc\xmc_spi.h ****  *
 533:D:/Projekty/TrinityTrack6000/MainControlBoard/Infineon/XMC4200/Libraries/XMCLib/inc\xmc_spi.h ****  * \par<b>Related APIs:</b><BR>
 534:D:/Projekty/TrinityTrack6000/MainControlBoard/Infineon/XMC4200/Libraries/XMCLib/inc\xmc_spi.h ****  * XMC_SPI_CH_EnableSlaveSelect()
 535:D:/Projekty/TrinityTrack6000/MainControlBoard/Infineon/XMC4200/Libraries/XMCLib/inc\xmc_spi.h ****  */
 536:D:/Projekty/TrinityTrack6000/MainControlBoard/Infineon/XMC4200/Libraries/XMCLib/inc\xmc_spi.h **** void XMC_SPI_CH_DisableSlaveSelect(XMC_USIC_CH_t *const channel);
 537:D:/Projekty/TrinityTrack6000/MainControlBoard/Infineon/XMC4200/Libraries/XMCLib/inc\xmc_spi.h **** 
 538:D:/Projekty/TrinityTrack6000/MainControlBoard/Infineon/XMC4200/Libraries/XMCLib/inc\xmc_spi.h **** /**
 539:D:/Projekty/TrinityTrack6000/MainControlBoard/Infineon/XMC4200/Libraries/XMCLib/inc\xmc_spi.h ****  * @param channel A constant pointer to XMC_USIC_CH_t, pointing to the USIC channel base address.
 540:D:/Projekty/TrinityTrack6000/MainControlBoard/Infineon/XMC4200/Libraries/XMCLib/inc\xmc_spi.h ****  * @param mode Communication mode of the SPI, based on this mode TCI(Transmit control information)i
 541:D:/Projekty/TrinityTrack6000/MainControlBoard/Infineon/XMC4200/Libraries/XMCLib/inc\xmc_spi.h ****  *             Refer @ref XMC_SPI_CH_MODE_t for valid values.
 542:D:/Projekty/TrinityTrack6000/MainControlBoard/Infineon/XMC4200/Libraries/XMCLib/inc\xmc_spi.h ****  *
 543:D:/Projekty/TrinityTrack6000/MainControlBoard/Infineon/XMC4200/Libraries/XMCLib/inc\xmc_spi.h ****  * @return None
 544:D:/Projekty/TrinityTrack6000/MainControlBoard/Infineon/XMC4200/Libraries/XMCLib/inc\xmc_spi.h ****  *
 545:D:/Projekty/TrinityTrack6000/MainControlBoard/Infineon/XMC4200/Libraries/XMCLib/inc\xmc_spi.h ****  * \par<b>Description:</b><br>
 546:D:/Projekty/TrinityTrack6000/MainControlBoard/Infineon/XMC4200/Libraries/XMCLib/inc\xmc_spi.h ****  * In Dual and Quad modes,  hardware port control(CCR.HPCEN) mode is enabled. \n\n
 547:D:/Projekty/TrinityTrack6000/MainControlBoard/Infineon/XMC4200/Libraries/XMCLib/inc\xmc_spi.h ****  * By enabling this the direction of the data pin is updated by hardware itself. Before transmittin
 548:D:/Projekty/TrinityTrack6000/MainControlBoard/Infineon/XMC4200/Libraries/XMCLib/inc\xmc_spi.h ****  * mode to ensure the proper communication.
 549:D:/Projekty/TrinityTrack6000/MainControlBoard/Infineon/XMC4200/Libraries/XMCLib/inc\xmc_spi.h ****  *
 550:D:/Projekty/TrinityTrack6000/MainControlBoard/Infineon/XMC4200/Libraries/XMCLib/inc\xmc_spi.h ****  * \par<b>Related APIs:</b><BR>
 551:D:/Projekty/TrinityTrack6000/MainControlBoard/Infineon/XMC4200/Libraries/XMCLib/inc\xmc_spi.h ****  * XMC_SPI_CH_Transmit()
 552:D:/Projekty/TrinityTrack6000/MainControlBoard/Infineon/XMC4200/Libraries/XMCLib/inc\xmc_spi.h ****  */
 553:D:/Projekty/TrinityTrack6000/MainControlBoard/Infineon/XMC4200/Libraries/XMCLib/inc\xmc_spi.h **** __STATIC_INLINE void XMC_SPI_CH_SetTransmitMode(XMC_USIC_CH_t *const channel, const XMC_SPI_CH_MODE
 554:D:/Projekty/TrinityTrack6000/MainControlBoard/Infineon/XMC4200/Libraries/XMCLib/inc\xmc_spi.h **** {
 555:D:/Projekty/TrinityTrack6000/MainControlBoard/Infineon/XMC4200/Libraries/XMCLib/inc\xmc_spi.h ****   channel->CCR = (channel->CCR & (uint32_t)(~USIC_CH_CCR_HPCEN_Msk)) |
 556:D:/Projekty/TrinityTrack6000/MainControlBoard/Infineon/XMC4200/Libraries/XMCLib/inc\xmc_spi.h ****                  (((uint32_t) mode << USIC_CH_CCR_HPCEN_Pos) & (uint32_t)USIC_CH_CCR_HPCEN_Msk);
 557:D:/Projekty/TrinityTrack6000/MainControlBoard/Infineon/XMC4200/Libraries/XMCLib/inc\xmc_spi.h **** }
 558:D:/Projekty/TrinityTrack6000/MainControlBoard/Infineon/XMC4200/Libraries/XMCLib/inc\xmc_spi.h **** 
 559:D:/Projekty/TrinityTrack6000/MainControlBoard/Infineon/XMC4200/Libraries/XMCLib/inc\xmc_spi.h **** /**
 560:D:/Projekty/TrinityTrack6000/MainControlBoard/Infineon/XMC4200/Libraries/XMCLib/inc\xmc_spi.h ****  * @param channel A constant pointer to XMC_USIC_CH_t, pointing to the USIC channel base address.
 561:D:/Projekty/TrinityTrack6000/MainControlBoard/Infineon/XMC4200/Libraries/XMCLib/inc\xmc_spi.h ****  * @param data Data to be transmitted
 562:D:/Projekty/TrinityTrack6000/MainControlBoard/Infineon/XMC4200/Libraries/XMCLib/inc\xmc_spi.h ****  * @param mode Communication mode of the SPI, based on this mode TCI(Transmit control information)i
 563:D:/Projekty/TrinityTrack6000/MainControlBoard/Infineon/XMC4200/Libraries/XMCLib/inc\xmc_spi.h ****  *             Refer @ref XMC_SPI_CH_MODE_t for valid values.
 564:D:/Projekty/TrinityTrack6000/MainControlBoard/Infineon/XMC4200/Libraries/XMCLib/inc\xmc_spi.h ****  *
 565:D:/Projekty/TrinityTrack6000/MainControlBoard/Infineon/XMC4200/Libraries/XMCLib/inc\xmc_spi.h ****  * @return None
 566:D:/Projekty/TrinityTrack6000/MainControlBoard/Infineon/XMC4200/Libraries/XMCLib/inc\xmc_spi.h ****  *
 567:D:/Projekty/TrinityTrack6000/MainControlBoard/Infineon/XMC4200/Libraries/XMCLib/inc\xmc_spi.h ****  * \par<b>Description:</b><br>
 568:D:/Projekty/TrinityTrack6000/MainControlBoard/Infineon/XMC4200/Libraries/XMCLib/inc\xmc_spi.h ****  * Puts the data into FIFO, if FIFO mode is enabled or else into standard buffer, by setting the pr
 569:D:/Projekty/TrinityTrack6000/MainControlBoard/Infineon/XMC4200/Libraries/XMCLib/inc\xmc_spi.h ****  * In Dual and Quad modes,  hardware port control(CCR.HPCEN) mode is enabled. By enabling this the 
 570:D:/Projekty/TrinityTrack6000/MainControlBoard/Infineon/XMC4200/Libraries/XMCLib/inc\xmc_spi.h ****  * pin is updated by hardware itself. TCI(Transmit Control Information) allows dynamic control of b
 571:D:/Projekty/TrinityTrack6000/MainControlBoard/Infineon/XMC4200/Libraries/XMCLib/inc\xmc_spi.h ****  * and pin direction during data transfers by writing to SCTR.DSM and SCTR.HPCDIR bit fields. To su
 572:D:/Projekty/TrinityTrack6000/MainControlBoard/Infineon/XMC4200/Libraries/XMCLib/inc\xmc_spi.h ****  * update, TCSR.HPCMD(Hardware Port control) will be enabled during the initialization using XMC_SP
 573:D:/Projekty/TrinityTrack6000/MainControlBoard/Infineon/XMC4200/Libraries/XMCLib/inc\xmc_spi.h ****  *
 574:D:/Projekty/TrinityTrack6000/MainControlBoard/Infineon/XMC4200/Libraries/XMCLib/inc\xmc_spi.h ****  *
 575:D:/Projekty/TrinityTrack6000/MainControlBoard/Infineon/XMC4200/Libraries/XMCLib/inc\xmc_spi.h ****  * \par<b>Related APIs:</b><BR>
 576:D:/Projekty/TrinityTrack6000/MainControlBoard/Infineon/XMC4200/Libraries/XMCLib/inc\xmc_spi.h ****  * XMC_SPI_CH_Receive()
 577:D:/Projekty/TrinityTrack6000/MainControlBoard/Infineon/XMC4200/Libraries/XMCLib/inc\xmc_spi.h ****  */
 578:D:/Projekty/TrinityTrack6000/MainControlBoard/Infineon/XMC4200/Libraries/XMCLib/inc\xmc_spi.h **** void XMC_SPI_CH_Transmit(XMC_USIC_CH_t *const channel, const uint16_t data, const XMC_SPI_CH_MODE_t
 579:D:/Projekty/TrinityTrack6000/MainControlBoard/Infineon/XMC4200/Libraries/XMCLib/inc\xmc_spi.h **** 
 580:D:/Projekty/TrinityTrack6000/MainControlBoard/Infineon/XMC4200/Libraries/XMCLib/inc\xmc_spi.h **** /**
 581:D:/Projekty/TrinityTrack6000/MainControlBoard/Infineon/XMC4200/Libraries/XMCLib/inc\xmc_spi.h ****  * @param channel A constant pointer to XMC_USIC_CH_t, pointing to the USIC channel base address.
 582:D:/Projekty/TrinityTrack6000/MainControlBoard/Infineon/XMC4200/Libraries/XMCLib/inc\xmc_spi.h ****  * @param mode Communication mode of the SPI, based on this mode TCI(Transmit control information)i
 583:D:/Projekty/TrinityTrack6000/MainControlBoard/Infineon/XMC4200/Libraries/XMCLib/inc\xmc_spi.h ****  *             Refer @ref XMC_SPI_CH_MODE_t for valid values.
 584:D:/Projekty/TrinityTrack6000/MainControlBoard/Infineon/XMC4200/Libraries/XMCLib/inc\xmc_spi.h ****  *
 585:D:/Projekty/TrinityTrack6000/MainControlBoard/Infineon/XMC4200/Libraries/XMCLib/inc\xmc_spi.h ****  * @return None
 586:D:/Projekty/TrinityTrack6000/MainControlBoard/Infineon/XMC4200/Libraries/XMCLib/inc\xmc_spi.h ****  *
 587:D:/Projekty/TrinityTrack6000/MainControlBoard/Infineon/XMC4200/Libraries/XMCLib/inc\xmc_spi.h ****  * \par<b>Description:</b><br>
 588:D:/Projekty/TrinityTrack6000/MainControlBoard/Infineon/XMC4200/Libraries/XMCLib/inc\xmc_spi.h ****  * Transmits a dummy data(FFFFH) to provide clock for slave and receives the data from the slave.\n
 589:D:/Projekty/TrinityTrack6000/MainControlBoard/Infineon/XMC4200/Libraries/XMCLib/inc\xmc_spi.h ****  * XMC_SPI_CH_Receive() receives the data and places it into buffer based on the FIFO selection. Af
 590:D:/Projekty/TrinityTrack6000/MainControlBoard/Infineon/XMC4200/Libraries/XMCLib/inc\xmc_spi.h ****  * XMC_SPI_CH_GetReceivedData() can be invoked to read the data from the buffers.
 591:D:/Projekty/TrinityTrack6000/MainControlBoard/Infineon/XMC4200/Libraries/XMCLib/inc\xmc_spi.h ****  *
 592:D:/Projekty/TrinityTrack6000/MainControlBoard/Infineon/XMC4200/Libraries/XMCLib/inc\xmc_spi.h ****  * \par<b>Related APIs:</b><BR>
 593:D:/Projekty/TrinityTrack6000/MainControlBoard/Infineon/XMC4200/Libraries/XMCLib/inc\xmc_spi.h ****  * XMC_SPI_CH_GetReceivedDaa()
 594:D:/Projekty/TrinityTrack6000/MainControlBoard/Infineon/XMC4200/Libraries/XMCLib/inc\xmc_spi.h ****  */
 595:D:/Projekty/TrinityTrack6000/MainControlBoard/Infineon/XMC4200/Libraries/XMCLib/inc\xmc_spi.h **** __STATIC_INLINE void XMC_SPI_CH_Receive(XMC_USIC_CH_t *const channel, const XMC_SPI_CH_MODE_t mode)
 596:D:/Projekty/TrinityTrack6000/MainControlBoard/Infineon/XMC4200/Libraries/XMCLib/inc\xmc_spi.h **** {
 597:D:/Projekty/TrinityTrack6000/MainControlBoard/Infineon/XMC4200/Libraries/XMCLib/inc\xmc_spi.h ****   /* Transmit dummy data */
 598:D:/Projekty/TrinityTrack6000/MainControlBoard/Infineon/XMC4200/Libraries/XMCLib/inc\xmc_spi.h ****   XMC_SPI_CH_Transmit(channel, (uint16_t)0xffffU, (XMC_SPI_CH_MODE_t)((uint16_t)mode & 0xfffbU));
 599:D:/Projekty/TrinityTrack6000/MainControlBoard/Infineon/XMC4200/Libraries/XMCLib/inc\xmc_spi.h **** }
 600:D:/Projekty/TrinityTrack6000/MainControlBoard/Infineon/XMC4200/Libraries/XMCLib/inc\xmc_spi.h **** 
 601:D:/Projekty/TrinityTrack6000/MainControlBoard/Infineon/XMC4200/Libraries/XMCLib/inc\xmc_spi.h **** /**
 602:D:/Projekty/TrinityTrack6000/MainControlBoard/Infineon/XMC4200/Libraries/XMCLib/inc\xmc_spi.h ****  * @param channel A constant pointer to XMC_USIC_CH_t, pointing to the USIC channel base address.
 603:D:/Projekty/TrinityTrack6000/MainControlBoard/Infineon/XMC4200/Libraries/XMCLib/inc\xmc_spi.h ****  *
 604:D:/Projekty/TrinityTrack6000/MainControlBoard/Infineon/XMC4200/Libraries/XMCLib/inc\xmc_spi.h ****  * @return uint16_t Data read from the receive buffer.
 605:D:/Projekty/TrinityTrack6000/MainControlBoard/Infineon/XMC4200/Libraries/XMCLib/inc\xmc_spi.h ****  *
 606:D:/Projekty/TrinityTrack6000/MainControlBoard/Infineon/XMC4200/Libraries/XMCLib/inc\xmc_spi.h ****  * \par<b>Description:</b><br>
 607:D:/Projekty/TrinityTrack6000/MainControlBoard/Infineon/XMC4200/Libraries/XMCLib/inc\xmc_spi.h ****  * Reads data from the receive buffer based on the FIFO selection.\n\n
 608:D:/Projekty/TrinityTrack6000/MainControlBoard/Infineon/XMC4200/Libraries/XMCLib/inc\xmc_spi.h ****  * Invocation of XMC_SPI_CH_Receive() receives the data and place it into receive buffer. After rec
 609:D:/Projekty/TrinityTrack6000/MainControlBoard/Infineon/XMC4200/Libraries/XMCLib/inc\xmc_spi.h ****  * XMC_SPI_CH_GetReceivedData() can be used to read the data from the buffer.
 610:D:/Projekty/TrinityTrack6000/MainControlBoard/Infineon/XMC4200/Libraries/XMCLib/inc\xmc_spi.h ****  *
 611:D:/Projekty/TrinityTrack6000/MainControlBoard/Infineon/XMC4200/Libraries/XMCLib/inc\xmc_spi.h ****  * \par<b>Related APIs:</b><BR>
 612:D:/Projekty/TrinityTrack6000/MainControlBoard/Infineon/XMC4200/Libraries/XMCLib/inc\xmc_spi.h ****  * XMC_SPI_CH_Receive()
 613:D:/Projekty/TrinityTrack6000/MainControlBoard/Infineon/XMC4200/Libraries/XMCLib/inc\xmc_spi.h ****  */
 614:D:/Projekty/TrinityTrack6000/MainControlBoard/Infineon/XMC4200/Libraries/XMCLib/inc\xmc_spi.h **** uint16_t XMC_SPI_CH_GetReceivedData(XMC_USIC_CH_t *const channel);
 615:D:/Projekty/TrinityTrack6000/MainControlBoard/Infineon/XMC4200/Libraries/XMCLib/inc\xmc_spi.h **** 
 616:D:/Projekty/TrinityTrack6000/MainControlBoard/Infineon/XMC4200/Libraries/XMCLib/inc\xmc_spi.h **** /**
 617:D:/Projekty/TrinityTrack6000/MainControlBoard/Infineon/XMC4200/Libraries/XMCLib/inc\xmc_spi.h ****  * @param channel A constant pointer to XMC_USIC_CH_t, pointing to the USIC channel base address.
 618:D:/Projekty/TrinityTrack6000/MainControlBoard/Infineon/XMC4200/Libraries/XMCLib/inc\xmc_spi.h ****  *
 619:D:/Projekty/TrinityTrack6000/MainControlBoard/Infineon/XMC4200/Libraries/XMCLib/inc\xmc_spi.h ****  * @return None
 620:D:/Projekty/TrinityTrack6000/MainControlBoard/Infineon/XMC4200/Libraries/XMCLib/inc\xmc_spi.h ****  *
 621:D:/Projekty/TrinityTrack6000/MainControlBoard/Infineon/XMC4200/Libraries/XMCLib/inc\xmc_spi.h ****  * \par<b>Description:</b><br>
 622:D:/Projekty/TrinityTrack6000/MainControlBoard/Infineon/XMC4200/Libraries/XMCLib/inc\xmc_spi.h ****  * Set the order of data transfer from LSB to MSB, by clearing SCTR.SDIR bit.\n\n
 623:D:/Projekty/TrinityTrack6000/MainControlBoard/Infineon/XMC4200/Libraries/XMCLib/inc\xmc_spi.h ****  * This is typically based on the slave settings. Invoke XMC_SPI_CH_SetBitOrderLsbFirst() to set di
 624:D:/Projekty/TrinityTrack6000/MainControlBoard/Infineon/XMC4200/Libraries/XMCLib/inc\xmc_spi.h ****  * the program.
 625:D:/Projekty/TrinityTrack6000/MainControlBoard/Infineon/XMC4200/Libraries/XMCLib/inc\xmc_spi.h ****  *
 626:D:/Projekty/TrinityTrack6000/MainControlBoard/Infineon/XMC4200/Libraries/XMCLib/inc\xmc_spi.h ****  * \par<b>Related APIs:</b><BR>
 627:D:/Projekty/TrinityTrack6000/MainControlBoard/Infineon/XMC4200/Libraries/XMCLib/inc\xmc_spi.h ****  * XMC_SPI_CH_SetBitOrderMsbFirst()
 628:D:/Projekty/TrinityTrack6000/MainControlBoard/Infineon/XMC4200/Libraries/XMCLib/inc\xmc_spi.h ****  */
 629:D:/Projekty/TrinityTrack6000/MainControlBoard/Infineon/XMC4200/Libraries/XMCLib/inc\xmc_spi.h **** __STATIC_INLINE void XMC_SPI_CH_SetBitOrderLsbFirst(XMC_USIC_CH_t *const channel)
 630:D:/Projekty/TrinityTrack6000/MainControlBoard/Infineon/XMC4200/Libraries/XMCLib/inc\xmc_spi.h **** {
 631:D:/Projekty/TrinityTrack6000/MainControlBoard/Infineon/XMC4200/Libraries/XMCLib/inc\xmc_spi.h ****   channel->SCTR &= (uint32_t)~USIC_CH_SCTR_SDIR_Msk;
 632:D:/Projekty/TrinityTrack6000/MainControlBoard/Infineon/XMC4200/Libraries/XMCLib/inc\xmc_spi.h **** }
 633:D:/Projekty/TrinityTrack6000/MainControlBoard/Infineon/XMC4200/Libraries/XMCLib/inc\xmc_spi.h **** 
 634:D:/Projekty/TrinityTrack6000/MainControlBoard/Infineon/XMC4200/Libraries/XMCLib/inc\xmc_spi.h **** /**
 635:D:/Projekty/TrinityTrack6000/MainControlBoard/Infineon/XMC4200/Libraries/XMCLib/inc\xmc_spi.h ****  * @param channel A constant pointer to XMC_USIC_CH_t, pointing to the USIC channel base address.
 636:D:/Projekty/TrinityTrack6000/MainControlBoard/Infineon/XMC4200/Libraries/XMCLib/inc\xmc_spi.h ****  *
 637:D:/Projekty/TrinityTrack6000/MainControlBoard/Infineon/XMC4200/Libraries/XMCLib/inc\xmc_spi.h ****  * @return None
 638:D:/Projekty/TrinityTrack6000/MainControlBoard/Infineon/XMC4200/Libraries/XMCLib/inc\xmc_spi.h ****  *
 639:D:/Projekty/TrinityTrack6000/MainControlBoard/Infineon/XMC4200/Libraries/XMCLib/inc\xmc_spi.h ****  * \par<b>Description:</b><br>
 640:D:/Projekty/TrinityTrack6000/MainControlBoard/Infineon/XMC4200/Libraries/XMCLib/inc\xmc_spi.h ****  * Set the order of data transfer from MSB to LSB, by setting SCTR.SDIR bit.\n\n
 641:D:/Projekty/TrinityTrack6000/MainControlBoard/Infineon/XMC4200/Libraries/XMCLib/inc\xmc_spi.h ****  * This is typically based on the slave settings. This is not set during XMC_SPI_CH_Init().
 642:D:/Projekty/TrinityTrack6000/MainControlBoard/Infineon/XMC4200/Libraries/XMCLib/inc\xmc_spi.h ****  * Invoke XMC_SPI_CH_SetBitOrderMsbFirst() to set direction as needed in the program.
 643:D:/Projekty/TrinityTrack6000/MainControlBoard/Infineon/XMC4200/Libraries/XMCLib/inc\xmc_spi.h ****  *
 644:D:/Projekty/TrinityTrack6000/MainControlBoard/Infineon/XMC4200/Libraries/XMCLib/inc\xmc_spi.h ****  * \par<b>Related APIs:</b><BR>
 645:D:/Projekty/TrinityTrack6000/MainControlBoard/Infineon/XMC4200/Libraries/XMCLib/inc\xmc_spi.h ****  * XMC_SPI_CH_SetBitOrderLsbFirst()
 646:D:/Projekty/TrinityTrack6000/MainControlBoard/Infineon/XMC4200/Libraries/XMCLib/inc\xmc_spi.h ****  */
 647:D:/Projekty/TrinityTrack6000/MainControlBoard/Infineon/XMC4200/Libraries/XMCLib/inc\xmc_spi.h **** __STATIC_INLINE void XMC_SPI_CH_SetBitOrderMsbFirst(XMC_USIC_CH_t *const channel)
 648:D:/Projekty/TrinityTrack6000/MainControlBoard/Infineon/XMC4200/Libraries/XMCLib/inc\xmc_spi.h **** {
 641              	 .loc 3 648 0
 642              	 .cfi_startproc
 643              	 
 644              	 
 645              	 
 646 0000 80B4     	 push {r7}
 647              	.LCFI62:
 648              	 .cfi_def_cfa_offset 4
 649              	 .cfi_offset 7,-4
 650 0002 83B0     	 sub sp,sp,#12
 651              	.LCFI63:
 652              	 .cfi_def_cfa_offset 16
 653 0004 00AF     	 add r7,sp,#0
 654              	.LCFI64:
 655              	 .cfi_def_cfa_register 7
 656 0006 7860     	 str r0,[r7,#4]
 649:D:/Projekty/TrinityTrack6000/MainControlBoard/Infineon/XMC4200/Libraries/XMCLib/inc\xmc_spi.h ****   channel->SCTR |= (uint32_t)USIC_CH_SCTR_SDIR_Msk;
 657              	 .loc 3 649 0
 658 0008 7B68     	 ldr r3,[r7,#4]
 659 000a 5B6B     	 ldr r3,[r3,#52]
 660 000c 43F00102 	 orr r2,r3,#1
 661 0010 7B68     	 ldr r3,[r7,#4]
 662 0012 5A63     	 str r2,[r3,#52]
 650:D:/Projekty/TrinityTrack6000/MainControlBoard/Infineon/XMC4200/Libraries/XMCLib/inc\xmc_spi.h **** }
 663              	 .loc 3 650 0
 664 0014 0C37     	 adds r7,r7,#12
 665              	.LCFI65:
 666              	 .cfi_def_cfa_offset 4
 667 0016 BD46     	 mov sp,r7
 668              	.LCFI66:
 669              	 .cfi_def_cfa_register 13
 670              	 
 671 0018 5DF8047B 	 ldr r7,[sp],#4
 672              	.LCFI67:
 673              	 .cfi_restore 7
 674              	 .cfi_def_cfa_offset 0
 675 001c 7047     	 bx lr
 676              	 .cfi_endproc
 677              	.LFE252:
 679 001e 00BF     	 .section .text.XMC_SPI_CH_SetWordLength,"ax",%progbits
 680              	 .align 2
 681              	 .thumb
 682              	 .thumb_func
 684              	XMC_SPI_CH_SetWordLength:
 685              	.LFB266:
 651:D:/Projekty/TrinityTrack6000/MainControlBoard/Infineon/XMC4200/Libraries/XMCLib/inc\xmc_spi.h **** 
 652:D:/Projekty/TrinityTrack6000/MainControlBoard/Infineon/XMC4200/Libraries/XMCLib/inc\xmc_spi.h **** /**
 653:D:/Projekty/TrinityTrack6000/MainControlBoard/Infineon/XMC4200/Libraries/XMCLib/inc\xmc_spi.h ****  * @param channel A constant pointer to XMC_USIC_CH_t, pointing to the USIC channel base address.
 654:D:/Projekty/TrinityTrack6000/MainControlBoard/Infineon/XMC4200/Libraries/XMCLib/inc\xmc_spi.h ****  * @param event Protocol events which have to be enabled.
 655:D:/Projekty/TrinityTrack6000/MainControlBoard/Infineon/XMC4200/Libraries/XMCLib/inc\xmc_spi.h ****  *              Refer @ XMC_SPI_CH_EVENT_t for valid values. <b>OR</b> combinations of these enum i
 656:D:/Projekty/TrinityTrack6000/MainControlBoard/Infineon/XMC4200/Libraries/XMCLib/inc\xmc_spi.h ****  *              as input.
 657:D:/Projekty/TrinityTrack6000/MainControlBoard/Infineon/XMC4200/Libraries/XMCLib/inc\xmc_spi.h ****  *
 658:D:/Projekty/TrinityTrack6000/MainControlBoard/Infineon/XMC4200/Libraries/XMCLib/inc\xmc_spi.h ****  * @return None
 659:D:/Projekty/TrinityTrack6000/MainControlBoard/Infineon/XMC4200/Libraries/XMCLib/inc\xmc_spi.h ****  *
 660:D:/Projekty/TrinityTrack6000/MainControlBoard/Infineon/XMC4200/Libraries/XMCLib/inc\xmc_spi.h ****  * \par<b>Description:</b><br>
 661:D:/Projekty/TrinityTrack6000/MainControlBoard/Infineon/XMC4200/Libraries/XMCLib/inc\xmc_spi.h ****  * Enables the SPI protocol specific events, by configuring PCR register.\n\n
 662:D:/Projekty/TrinityTrack6000/MainControlBoard/Infineon/XMC4200/Libraries/XMCLib/inc\xmc_spi.h ****  * Events can be enabled as needed using XMC_SPI_CH_EnableEvent().
 663:D:/Projekty/TrinityTrack6000/MainControlBoard/Infineon/XMC4200/Libraries/XMCLib/inc\xmc_spi.h ****  * XMC_SPI_CH_DisableEvent() can be used to disable the events.
 664:D:/Projekty/TrinityTrack6000/MainControlBoard/Infineon/XMC4200/Libraries/XMCLib/inc\xmc_spi.h ****  *
 665:D:/Projekty/TrinityTrack6000/MainControlBoard/Infineon/XMC4200/Libraries/XMCLib/inc\xmc_spi.h ****  * \par<b>Related APIs:</b><BR>
 666:D:/Projekty/TrinityTrack6000/MainControlBoard/Infineon/XMC4200/Libraries/XMCLib/inc\xmc_spi.h ****  * XMC_SPI_CH_DisableEvent()
 667:D:/Projekty/TrinityTrack6000/MainControlBoard/Infineon/XMC4200/Libraries/XMCLib/inc\xmc_spi.h ****  */
 668:D:/Projekty/TrinityTrack6000/MainControlBoard/Infineon/XMC4200/Libraries/XMCLib/inc\xmc_spi.h **** void XMC_SPI_CH_EnableEvent(XMC_USIC_CH_t *const channel, const uint32_t event);
 669:D:/Projekty/TrinityTrack6000/MainControlBoard/Infineon/XMC4200/Libraries/XMCLib/inc\xmc_spi.h **** 
 670:D:/Projekty/TrinityTrack6000/MainControlBoard/Infineon/XMC4200/Libraries/XMCLib/inc\xmc_spi.h **** /**
 671:D:/Projekty/TrinityTrack6000/MainControlBoard/Infineon/XMC4200/Libraries/XMCLib/inc\xmc_spi.h ****  * @param channel A constant pointer to XMC_USIC_CH_t, pointing to the USIC channel base address.
 672:D:/Projekty/TrinityTrack6000/MainControlBoard/Infineon/XMC4200/Libraries/XMCLib/inc\xmc_spi.h ****  * @param event Protocol events which have to be disabled.
 673:D:/Projekty/TrinityTrack6000/MainControlBoard/Infineon/XMC4200/Libraries/XMCLib/inc\xmc_spi.h ****  *              Refer @ XMC_SPI_CH_EVENT_t for valid values. <b>OR</b> combinations of these enum i
 674:D:/Projekty/TrinityTrack6000/MainControlBoard/Infineon/XMC4200/Libraries/XMCLib/inc\xmc_spi.h ****  *              as input.
 675:D:/Projekty/TrinityTrack6000/MainControlBoard/Infineon/XMC4200/Libraries/XMCLib/inc\xmc_spi.h ****  *
 676:D:/Projekty/TrinityTrack6000/MainControlBoard/Infineon/XMC4200/Libraries/XMCLib/inc\xmc_spi.h ****  * @return None
 677:D:/Projekty/TrinityTrack6000/MainControlBoard/Infineon/XMC4200/Libraries/XMCLib/inc\xmc_spi.h ****  *
 678:D:/Projekty/TrinityTrack6000/MainControlBoard/Infineon/XMC4200/Libraries/XMCLib/inc\xmc_spi.h ****  * \par<b>Description:</b><br>
 679:D:/Projekty/TrinityTrack6000/MainControlBoard/Infineon/XMC4200/Libraries/XMCLib/inc\xmc_spi.h ****  * Disables the SPI protocol specific events, by configuring PCR register.\n\n
 680:D:/Projekty/TrinityTrack6000/MainControlBoard/Infineon/XMC4200/Libraries/XMCLib/inc\xmc_spi.h ****  * After disabling the events, XMC_SPI_CH_EnableEvent() has to be invoked to re-enable the events.
 681:D:/Projekty/TrinityTrack6000/MainControlBoard/Infineon/XMC4200/Libraries/XMCLib/inc\xmc_spi.h ****  *
 682:D:/Projekty/TrinityTrack6000/MainControlBoard/Infineon/XMC4200/Libraries/XMCLib/inc\xmc_spi.h ****  * \par<b>Related APIs:</b><BR>
 683:D:/Projekty/TrinityTrack6000/MainControlBoard/Infineon/XMC4200/Libraries/XMCLib/inc\xmc_spi.h ****  * XMC_SPI_CH_EnableEvent()
 684:D:/Projekty/TrinityTrack6000/MainControlBoard/Infineon/XMC4200/Libraries/XMCLib/inc\xmc_spi.h ****  */
 685:D:/Projekty/TrinityTrack6000/MainControlBoard/Infineon/XMC4200/Libraries/XMCLib/inc\xmc_spi.h **** void XMC_SPI_CH_DisableEvent(XMC_USIC_CH_t *const channel, const uint32_t event);
 686:D:/Projekty/TrinityTrack6000/MainControlBoard/Infineon/XMC4200/Libraries/XMCLib/inc\xmc_spi.h **** 
 687:D:/Projekty/TrinityTrack6000/MainControlBoard/Infineon/XMC4200/Libraries/XMCLib/inc\xmc_spi.h **** /**
 688:D:/Projekty/TrinityTrack6000/MainControlBoard/Infineon/XMC4200/Libraries/XMCLib/inc\xmc_spi.h ****  * @param channel A constant pointer to XMC_USIC_CH_t, pointing to the USIC channel base address.
 689:D:/Projekty/TrinityTrack6000/MainControlBoard/Infineon/XMC4200/Libraries/XMCLib/inc\xmc_spi.h ****  *
 690:D:/Projekty/TrinityTrack6000/MainControlBoard/Infineon/XMC4200/Libraries/XMCLib/inc\xmc_spi.h ****  * @return uint32_t Status of SPI protocol events.
 691:D:/Projekty/TrinityTrack6000/MainControlBoard/Infineon/XMC4200/Libraries/XMCLib/inc\xmc_spi.h ****  *
 692:D:/Projekty/TrinityTrack6000/MainControlBoard/Infineon/XMC4200/Libraries/XMCLib/inc\xmc_spi.h ****  * \par<b>Description:</b><br>
 693:D:/Projekty/TrinityTrack6000/MainControlBoard/Infineon/XMC4200/Libraries/XMCLib/inc\xmc_spi.h ****  * Returns the status of the events, by reading PSR register.\n\n
 694:D:/Projekty/TrinityTrack6000/MainControlBoard/Infineon/XMC4200/Libraries/XMCLib/inc\xmc_spi.h ****  * This indicates the status of the all the events, for SPI communication.
 695:D:/Projekty/TrinityTrack6000/MainControlBoard/Infineon/XMC4200/Libraries/XMCLib/inc\xmc_spi.h ****  *
 696:D:/Projekty/TrinityTrack6000/MainControlBoard/Infineon/XMC4200/Libraries/XMCLib/inc\xmc_spi.h ****  * \par<b>Related APIs:</b><BR>
 697:D:/Projekty/TrinityTrack6000/MainControlBoard/Infineon/XMC4200/Libraries/XMCLib/inc\xmc_spi.h ****  * XMC_SPI_CH_ClearStatusFlag()
 698:D:/Projekty/TrinityTrack6000/MainControlBoard/Infineon/XMC4200/Libraries/XMCLib/inc\xmc_spi.h ****  */
 699:D:/Projekty/TrinityTrack6000/MainControlBoard/Infineon/XMC4200/Libraries/XMCLib/inc\xmc_spi.h **** __STATIC_INLINE uint32_t XMC_SPI_CH_GetStatusFlag(XMC_USIC_CH_t *const channel)
 700:D:/Projekty/TrinityTrack6000/MainControlBoard/Infineon/XMC4200/Libraries/XMCLib/inc\xmc_spi.h **** {
 701:D:/Projekty/TrinityTrack6000/MainControlBoard/Infineon/XMC4200/Libraries/XMCLib/inc\xmc_spi.h ****   return channel->PSR_SSCMode;
 702:D:/Projekty/TrinityTrack6000/MainControlBoard/Infineon/XMC4200/Libraries/XMCLib/inc\xmc_spi.h **** }
 703:D:/Projekty/TrinityTrack6000/MainControlBoard/Infineon/XMC4200/Libraries/XMCLib/inc\xmc_spi.h **** 
 704:D:/Projekty/TrinityTrack6000/MainControlBoard/Infineon/XMC4200/Libraries/XMCLib/inc\xmc_spi.h **** /**
 705:D:/Projekty/TrinityTrack6000/MainControlBoard/Infineon/XMC4200/Libraries/XMCLib/inc\xmc_spi.h ****  * @param channel A constant pointer to XMC_USIC_CH_t, pointing to the USIC channel base address.
 706:D:/Projekty/TrinityTrack6000/MainControlBoard/Infineon/XMC4200/Libraries/XMCLib/inc\xmc_spi.h ****  * @param flag Protocol event status to be cleared for detection of next occurence.
 707:D:/Projekty/TrinityTrack6000/MainControlBoard/Infineon/XMC4200/Libraries/XMCLib/inc\xmc_spi.h ****  *              Refer @ XMC_SPI_CH_STATUS_FLAG_t for valid values. <b>OR</b> combinations of these 
 708:D:/Projekty/TrinityTrack6000/MainControlBoard/Infineon/XMC4200/Libraries/XMCLib/inc\xmc_spi.h ****  *              as input.
 709:D:/Projekty/TrinityTrack6000/MainControlBoard/Infineon/XMC4200/Libraries/XMCLib/inc\xmc_spi.h ****  * @return None
 710:D:/Projekty/TrinityTrack6000/MainControlBoard/Infineon/XMC4200/Libraries/XMCLib/inc\xmc_spi.h ****  *
 711:D:/Projekty/TrinityTrack6000/MainControlBoard/Infineon/XMC4200/Libraries/XMCLib/inc\xmc_spi.h ****  * \par<b>Description:</b><br>
 712:D:/Projekty/TrinityTrack6000/MainControlBoard/Infineon/XMC4200/Libraries/XMCLib/inc\xmc_spi.h ****  * Clears the events specified, by setting PSCR register.\n\n
 713:D:/Projekty/TrinityTrack6000/MainControlBoard/Infineon/XMC4200/Libraries/XMCLib/inc\xmc_spi.h ****  * During communication the events occurred have to be cleared to detect their next occurence.\n
 714:D:/Projekty/TrinityTrack6000/MainControlBoard/Infineon/XMC4200/Libraries/XMCLib/inc\xmc_spi.h ****  * e.g: During transmission Transmit buffer event occurs to indicating data word transfer has start
 715:D:/Projekty/TrinityTrack6000/MainControlBoard/Infineon/XMC4200/Libraries/XMCLib/inc\xmc_spi.h ****  *       event has to be cleared after transmission of each data word. Otherwise next event cannot 
 716:D:/Projekty/TrinityTrack6000/MainControlBoard/Infineon/XMC4200/Libraries/XMCLib/inc\xmc_spi.h ****  *
 717:D:/Projekty/TrinityTrack6000/MainControlBoard/Infineon/XMC4200/Libraries/XMCLib/inc\xmc_spi.h ****  * \par<b>Related APIs:</b><BR>
 718:D:/Projekty/TrinityTrack6000/MainControlBoard/Infineon/XMC4200/Libraries/XMCLib/inc\xmc_spi.h ****  * XMC_SPI_CH_GetStatusFlag()
 719:D:/Projekty/TrinityTrack6000/MainControlBoard/Infineon/XMC4200/Libraries/XMCLib/inc\xmc_spi.h ****  */
 720:D:/Projekty/TrinityTrack6000/MainControlBoard/Infineon/XMC4200/Libraries/XMCLib/inc\xmc_spi.h **** __STATIC_INLINE void XMC_SPI_CH_ClearStatusFlag(XMC_USIC_CH_t *const channel, const uint32_t flag)
 721:D:/Projekty/TrinityTrack6000/MainControlBoard/Infineon/XMC4200/Libraries/XMCLib/inc\xmc_spi.h **** {
 722:D:/Projekty/TrinityTrack6000/MainControlBoard/Infineon/XMC4200/Libraries/XMCLib/inc\xmc_spi.h ****   channel->PSCR |= flag;
 723:D:/Projekty/TrinityTrack6000/MainControlBoard/Infineon/XMC4200/Libraries/XMCLib/inc\xmc_spi.h **** }
 724:D:/Projekty/TrinityTrack6000/MainControlBoard/Infineon/XMC4200/Libraries/XMCLib/inc\xmc_spi.h **** 
 725:D:/Projekty/TrinityTrack6000/MainControlBoard/Infineon/XMC4200/Libraries/XMCLib/inc\xmc_spi.h **** /**
 726:D:/Projekty/TrinityTrack6000/MainControlBoard/Infineon/XMC4200/Libraries/XMCLib/inc\xmc_spi.h ****  * @param channel A constant pointer to XMC_USIC_CH_t, pointing to the USIC channel base address.
 727:D:/Projekty/TrinityTrack6000/MainControlBoard/Infineon/XMC4200/Libraries/XMCLib/inc\xmc_spi.h ****  *
 728:D:/Projekty/TrinityTrack6000/MainControlBoard/Infineon/XMC4200/Libraries/XMCLib/inc\xmc_spi.h ****  * @return None
 729:D:/Projekty/TrinityTrack6000/MainControlBoard/Infineon/XMC4200/Libraries/XMCLib/inc\xmc_spi.h ****  *
 730:D:/Projekty/TrinityTrack6000/MainControlBoard/Infineon/XMC4200/Libraries/XMCLib/inc\xmc_spi.h ****  * \par<b>Description:</b><br>
 731:D:/Projekty/TrinityTrack6000/MainControlBoard/Infineon/XMC4200/Libraries/XMCLib/inc\xmc_spi.h ****  * Enables the generation of Master clock by setting PCR.MCLK bit.\n\n
 732:D:/Projekty/TrinityTrack6000/MainControlBoard/Infineon/XMC4200/Libraries/XMCLib/inc\xmc_spi.h ****  * This clock can be used as a clock reference for external devices. This is not enabled during ini
 733:D:/Projekty/TrinityTrack6000/MainControlBoard/Infineon/XMC4200/Libraries/XMCLib/inc\xmc_spi.h ****  * XMC_SPI_CH_Init(). Invoke XMC_SPI_CH_EnableMasterClock() to enable as needed in the program, or 
 734:D:/Projekty/TrinityTrack6000/MainControlBoard/Infineon/XMC4200/Libraries/XMCLib/inc\xmc_spi.h ****  * XMC_SPI_CH_DisableMasterClock().
 735:D:/Projekty/TrinityTrack6000/MainControlBoard/Infineon/XMC4200/Libraries/XMCLib/inc\xmc_spi.h ****  *
 736:D:/Projekty/TrinityTrack6000/MainControlBoard/Infineon/XMC4200/Libraries/XMCLib/inc\xmc_spi.h ****  * \par<b>Related APIs:</b><BR>
 737:D:/Projekty/TrinityTrack6000/MainControlBoard/Infineon/XMC4200/Libraries/XMCLib/inc\xmc_spi.h ****  * XMC_SPI_CH_DisableMasterClock()
 738:D:/Projekty/TrinityTrack6000/MainControlBoard/Infineon/XMC4200/Libraries/XMCLib/inc\xmc_spi.h ****  */
 739:D:/Projekty/TrinityTrack6000/MainControlBoard/Infineon/XMC4200/Libraries/XMCLib/inc\xmc_spi.h **** __STATIC_INLINE void XMC_SPI_CH_EnableMasterClock(XMC_USIC_CH_t *const channel)
 740:D:/Projekty/TrinityTrack6000/MainControlBoard/Infineon/XMC4200/Libraries/XMCLib/inc\xmc_spi.h **** {
 741:D:/Projekty/TrinityTrack6000/MainControlBoard/Infineon/XMC4200/Libraries/XMCLib/inc\xmc_spi.h ****   channel->PCR_SSCMode |= (uint32_t)USIC_CH_PCR_SSCMode_MCLK_Msk;
 742:D:/Projekty/TrinityTrack6000/MainControlBoard/Infineon/XMC4200/Libraries/XMCLib/inc\xmc_spi.h **** }
 743:D:/Projekty/TrinityTrack6000/MainControlBoard/Infineon/XMC4200/Libraries/XMCLib/inc\xmc_spi.h **** 
 744:D:/Projekty/TrinityTrack6000/MainControlBoard/Infineon/XMC4200/Libraries/XMCLib/inc\xmc_spi.h **** /**
 745:D:/Projekty/TrinityTrack6000/MainControlBoard/Infineon/XMC4200/Libraries/XMCLib/inc\xmc_spi.h ****  * @param channel A constant pointer to XMC_USIC_CH_t, pointing to the USIC channel base address.
 746:D:/Projekty/TrinityTrack6000/MainControlBoard/Infineon/XMC4200/Libraries/XMCLib/inc\xmc_spi.h ****  *
 747:D:/Projekty/TrinityTrack6000/MainControlBoard/Infineon/XMC4200/Libraries/XMCLib/inc\xmc_spi.h ****  * @return None
 748:D:/Projekty/TrinityTrack6000/MainControlBoard/Infineon/XMC4200/Libraries/XMCLib/inc\xmc_spi.h ****  *
 749:D:/Projekty/TrinityTrack6000/MainControlBoard/Infineon/XMC4200/Libraries/XMCLib/inc\xmc_spi.h ****  * \par<b>Description:</b><br>
 750:D:/Projekty/TrinityTrack6000/MainControlBoard/Infineon/XMC4200/Libraries/XMCLib/inc\xmc_spi.h ****  * Disables the generation of Master clock by clearing PCR.MCLK bit.\n\n
 751:D:/Projekty/TrinityTrack6000/MainControlBoard/Infineon/XMC4200/Libraries/XMCLib/inc\xmc_spi.h ****  * This clock can be enabled by invoking XMC_SPI_CH_EnableMasterClock() as needed in the program.
 752:D:/Projekty/TrinityTrack6000/MainControlBoard/Infineon/XMC4200/Libraries/XMCLib/inc\xmc_spi.h ****  *
 753:D:/Projekty/TrinityTrack6000/MainControlBoard/Infineon/XMC4200/Libraries/XMCLib/inc\xmc_spi.h ****  * \par<b>Related APIs:</b><BR>
 754:D:/Projekty/TrinityTrack6000/MainControlBoard/Infineon/XMC4200/Libraries/XMCLib/inc\xmc_spi.h ****  * XMC_SPI_CH_EnableMasterClock()
 755:D:/Projekty/TrinityTrack6000/MainControlBoard/Infineon/XMC4200/Libraries/XMCLib/inc\xmc_spi.h ****  */
 756:D:/Projekty/TrinityTrack6000/MainControlBoard/Infineon/XMC4200/Libraries/XMCLib/inc\xmc_spi.h **** __STATIC_INLINE void XMC_SPI_CH_DisableMasterClock(XMC_USIC_CH_t *const channel)
 757:D:/Projekty/TrinityTrack6000/MainControlBoard/Infineon/XMC4200/Libraries/XMCLib/inc\xmc_spi.h **** {
 758:D:/Projekty/TrinityTrack6000/MainControlBoard/Infineon/XMC4200/Libraries/XMCLib/inc\xmc_spi.h ****   channel->PCR_SSCMode &= (uint32_t)~USIC_CH_PCR_SSCMode_MCLK_Msk;
 759:D:/Projekty/TrinityTrack6000/MainControlBoard/Infineon/XMC4200/Libraries/XMCLib/inc\xmc_spi.h **** }
 760:D:/Projekty/TrinityTrack6000/MainControlBoard/Infineon/XMC4200/Libraries/XMCLib/inc\xmc_spi.h **** #ifdef USIC_CH_PCR_SSCMode_SLPHSEL_Msk
 761:D:/Projekty/TrinityTrack6000/MainControlBoard/Infineon/XMC4200/Libraries/XMCLib/inc\xmc_spi.h **** /**
 762:D:/Projekty/TrinityTrack6000/MainControlBoard/Infineon/XMC4200/Libraries/XMCLib/inc\xmc_spi.h ****  * @param channel A constant pointer to XMC_USIC_CH_t, pointing to the USIC channel base address.
 763:D:/Projekty/TrinityTrack6000/MainControlBoard/Infineon/XMC4200/Libraries/XMCLib/inc\xmc_spi.h ****  *
 764:D:/Projekty/TrinityTrack6000/MainControlBoard/Infineon/XMC4200/Libraries/XMCLib/inc\xmc_spi.h ****  * @return None
 765:D:/Projekty/TrinityTrack6000/MainControlBoard/Infineon/XMC4200/Libraries/XMCLib/inc\xmc_spi.h ****  *
 766:D:/Projekty/TrinityTrack6000/MainControlBoard/Infineon/XMC4200/Libraries/XMCLib/inc\xmc_spi.h ****  * \par<b>Description:</b><br>
 767:D:/Projekty/TrinityTrack6000/MainControlBoard/Infineon/XMC4200/Libraries/XMCLib/inc\xmc_spi.h ****  * Data bits are shifted out with the leading edge of the shift clock signal and latched in with th
 768:D:/Projekty/TrinityTrack6000/MainControlBoard/Infineon/XMC4200/Libraries/XMCLib/inc\xmc_spi.h ****  *
 769:D:/Projekty/TrinityTrack6000/MainControlBoard/Infineon/XMC4200/Libraries/XMCLib/inc\xmc_spi.h ****  * \par<b>Related APIs:</b><BR>
 770:D:/Projekty/TrinityTrack6000/MainControlBoard/Infineon/XMC4200/Libraries/XMCLib/inc\xmc_spi.h ****  * XMC_SPI_CH_DataLatchedInLeadingEdge()
 771:D:/Projekty/TrinityTrack6000/MainControlBoard/Infineon/XMC4200/Libraries/XMCLib/inc\xmc_spi.h ****  */
 772:D:/Projekty/TrinityTrack6000/MainControlBoard/Infineon/XMC4200/Libraries/XMCLib/inc\xmc_spi.h **** __STATIC_INLINE void XMC_SPI_CH_DataLatchedInTrailingEdge(XMC_USIC_CH_t *const channel)
 773:D:/Projekty/TrinityTrack6000/MainControlBoard/Infineon/XMC4200/Libraries/XMCLib/inc\xmc_spi.h **** {
 774:D:/Projekty/TrinityTrack6000/MainControlBoard/Infineon/XMC4200/Libraries/XMCLib/inc\xmc_spi.h ****   channel->PCR_SSCMode &= (uint32_t)~USIC_CH_PCR_SSCMode_SLPHSEL_Msk;
 775:D:/Projekty/TrinityTrack6000/MainControlBoard/Infineon/XMC4200/Libraries/XMCLib/inc\xmc_spi.h **** }
 776:D:/Projekty/TrinityTrack6000/MainControlBoard/Infineon/XMC4200/Libraries/XMCLib/inc\xmc_spi.h **** 
 777:D:/Projekty/TrinityTrack6000/MainControlBoard/Infineon/XMC4200/Libraries/XMCLib/inc\xmc_spi.h **** /**
 778:D:/Projekty/TrinityTrack6000/MainControlBoard/Infineon/XMC4200/Libraries/XMCLib/inc\xmc_spi.h ****  * @param channel A constant pointer to XMC_USIC_CH_t, pointing to the USIC channel base address.
 779:D:/Projekty/TrinityTrack6000/MainControlBoard/Infineon/XMC4200/Libraries/XMCLib/inc\xmc_spi.h ****  *
 780:D:/Projekty/TrinityTrack6000/MainControlBoard/Infineon/XMC4200/Libraries/XMCLib/inc\xmc_spi.h ****  * @return None
 781:D:/Projekty/TrinityTrack6000/MainControlBoard/Infineon/XMC4200/Libraries/XMCLib/inc\xmc_spi.h ****  *
 782:D:/Projekty/TrinityTrack6000/MainControlBoard/Infineon/XMC4200/Libraries/XMCLib/inc\xmc_spi.h ****  * \par<b>Description:</b><br>
 783:D:/Projekty/TrinityTrack6000/MainControlBoard/Infineon/XMC4200/Libraries/XMCLib/inc\xmc_spi.h ****  * The first data bit is shifted out when the data shift unit receives a low to high transition fro
 784:D:/Projekty/TrinityTrack6000/MainControlBoard/Infineon/XMC4200/Libraries/XMCLib/inc\xmc_spi.h ****  * stage. Subsequent bits are shifted out with the trailing edge of the shift clock signal. Data bi
 785:D:/Projekty/TrinityTrack6000/MainControlBoard/Infineon/XMC4200/Libraries/XMCLib/inc\xmc_spi.h ****  * always latched in with the leading edge.
 786:D:/Projekty/TrinityTrack6000/MainControlBoard/Infineon/XMC4200/Libraries/XMCLib/inc\xmc_spi.h ****  *
 787:D:/Projekty/TrinityTrack6000/MainControlBoard/Infineon/XMC4200/Libraries/XMCLib/inc\xmc_spi.h ****  * \par<b>Related APIs:</b><BR>
 788:D:/Projekty/TrinityTrack6000/MainControlBoard/Infineon/XMC4200/Libraries/XMCLib/inc\xmc_spi.h ****  * XMC_SPI_CH_DataLatchedInTrailingEdge()
 789:D:/Projekty/TrinityTrack6000/MainControlBoard/Infineon/XMC4200/Libraries/XMCLib/inc\xmc_spi.h ****  */
 790:D:/Projekty/TrinityTrack6000/MainControlBoard/Infineon/XMC4200/Libraries/XMCLib/inc\xmc_spi.h **** __STATIC_INLINE void XMC_SPI_CH_DataLatchedInLeadingEdge(XMC_USIC_CH_t *const channel)
 791:D:/Projekty/TrinityTrack6000/MainControlBoard/Infineon/XMC4200/Libraries/XMCLib/inc\xmc_spi.h **** {
 792:D:/Projekty/TrinityTrack6000/MainControlBoard/Infineon/XMC4200/Libraries/XMCLib/inc\xmc_spi.h ****   channel->PCR_SSCMode |= USIC_CH_PCR_SSCMode_SLPHSEL_Msk;
 793:D:/Projekty/TrinityTrack6000/MainControlBoard/Infineon/XMC4200/Libraries/XMCLib/inc\xmc_spi.h **** }
 794:D:/Projekty/TrinityTrack6000/MainControlBoard/Infineon/XMC4200/Libraries/XMCLib/inc\xmc_spi.h **** #endif
 795:D:/Projekty/TrinityTrack6000/MainControlBoard/Infineon/XMC4200/Libraries/XMCLib/inc\xmc_spi.h **** /**
 796:D:/Projekty/TrinityTrack6000/MainControlBoard/Infineon/XMC4200/Libraries/XMCLib/inc\xmc_spi.h ****  * @param channel A constant pointer to XMC_USIC_CH_t, pointing to the USIC channel base address.
 797:D:/Projekty/TrinityTrack6000/MainControlBoard/Infineon/XMC4200/Libraries/XMCLib/inc\xmc_spi.h ****  *
 798:D:/Projekty/TrinityTrack6000/MainControlBoard/Infineon/XMC4200/Libraries/XMCLib/inc\xmc_spi.h ****  * @return None
 799:D:/Projekty/TrinityTrack6000/MainControlBoard/Infineon/XMC4200/Libraries/XMCLib/inc\xmc_spi.h ****  *
 800:D:/Projekty/TrinityTrack6000/MainControlBoard/Infineon/XMC4200/Libraries/XMCLib/inc\xmc_spi.h ****  * \par<b>Description:</b><br>
 801:D:/Projekty/TrinityTrack6000/MainControlBoard/Infineon/XMC4200/Libraries/XMCLib/inc\xmc_spi.h ****  * Enables the delay after each word, by setting PCR.TIWEN bit.\n\n
 802:D:/Projekty/TrinityTrack6000/MainControlBoard/Infineon/XMC4200/Libraries/XMCLib/inc\xmc_spi.h ****  * The inter word delay starts at the end of last SCLK cycle of data word. During this time no cloc
 803:D:/Projekty/TrinityTrack6000/MainControlBoard/Infineon/XMC4200/Libraries/XMCLib/inc\xmc_spi.h ****  * generated and MSLS signal stays active. If inter word delay is not enabled, last data bit of a d
 804:D:/Projekty/TrinityTrack6000/MainControlBoard/Infineon/XMC4200/Libraries/XMCLib/inc\xmc_spi.h ****  * followed by the first data bit of the next data word. This is not enabled in XMC_SPI_CH_Init(). 
 805:D:/Projekty/TrinityTrack6000/MainControlBoard/Infineon/XMC4200/Libraries/XMCLib/inc\xmc_spi.h ****  * XMC_SPI_CH_EnableInterwordDelay() has to be invoked as needed in the program. And can be disable
 806:D:/Projekty/TrinityTrack6000/MainControlBoard/Infineon/XMC4200/Libraries/XMCLib/inc\xmc_spi.h ****  * XMC_SPI_CH_DisableInterwordDelay().
 807:D:/Projekty/TrinityTrack6000/MainControlBoard/Infineon/XMC4200/Libraries/XMCLib/inc\xmc_spi.h ****  *
 808:D:/Projekty/TrinityTrack6000/MainControlBoard/Infineon/XMC4200/Libraries/XMCLib/inc\xmc_spi.h ****  * \par<b>Related APIs:</b><BR>
 809:D:/Projekty/TrinityTrack6000/MainControlBoard/Infineon/XMC4200/Libraries/XMCLib/inc\xmc_spi.h ****  * XMC_SPI_CH_DisableInterwordDelay()
 810:D:/Projekty/TrinityTrack6000/MainControlBoard/Infineon/XMC4200/Libraries/XMCLib/inc\xmc_spi.h ****  */
 811:D:/Projekty/TrinityTrack6000/MainControlBoard/Infineon/XMC4200/Libraries/XMCLib/inc\xmc_spi.h **** __STATIC_INLINE void XMC_SPI_CH_EnableInterwordDelay(XMC_USIC_CH_t *const channel)
 812:D:/Projekty/TrinityTrack6000/MainControlBoard/Infineon/XMC4200/Libraries/XMCLib/inc\xmc_spi.h **** {
 813:D:/Projekty/TrinityTrack6000/MainControlBoard/Infineon/XMC4200/Libraries/XMCLib/inc\xmc_spi.h ****   channel->PCR_SSCMode |= (uint32_t)USIC_CH_PCR_SSCMode_TIWEN_Msk;
 814:D:/Projekty/TrinityTrack6000/MainControlBoard/Infineon/XMC4200/Libraries/XMCLib/inc\xmc_spi.h **** }
 815:D:/Projekty/TrinityTrack6000/MainControlBoard/Infineon/XMC4200/Libraries/XMCLib/inc\xmc_spi.h **** 
 816:D:/Projekty/TrinityTrack6000/MainControlBoard/Infineon/XMC4200/Libraries/XMCLib/inc\xmc_spi.h **** /**
 817:D:/Projekty/TrinityTrack6000/MainControlBoard/Infineon/XMC4200/Libraries/XMCLib/inc\xmc_spi.h ****  * @param channel A constant pointer to XMC_USIC_CH_t, pointing to the USIC channel base address.
 818:D:/Projekty/TrinityTrack6000/MainControlBoard/Infineon/XMC4200/Libraries/XMCLib/inc\xmc_spi.h ****  *
 819:D:/Projekty/TrinityTrack6000/MainControlBoard/Infineon/XMC4200/Libraries/XMCLib/inc\xmc_spi.h ****  * @return None
 820:D:/Projekty/TrinityTrack6000/MainControlBoard/Infineon/XMC4200/Libraries/XMCLib/inc\xmc_spi.h ****  *
 821:D:/Projekty/TrinityTrack6000/MainControlBoard/Infineon/XMC4200/Libraries/XMCLib/inc\xmc_spi.h ****  * \par<b>Description:</b><br>
 822:D:/Projekty/TrinityTrack6000/MainControlBoard/Infineon/XMC4200/Libraries/XMCLib/inc\xmc_spi.h ****  * Disables the delay after after each word, by clearing PCR.TIWEN bit.\n\n
 823:D:/Projekty/TrinityTrack6000/MainControlBoard/Infineon/XMC4200/Libraries/XMCLib/inc\xmc_spi.h ****  * So the last data bit of a data word is directly followed by the first data bit of the next data 
 824:D:/Projekty/TrinityTrack6000/MainControlBoard/Infineon/XMC4200/Libraries/XMCLib/inc\xmc_spi.h ****  * be enabled by invoking XMC_SPI_CH_EnableInterwordDelay().
 825:D:/Projekty/TrinityTrack6000/MainControlBoard/Infineon/XMC4200/Libraries/XMCLib/inc\xmc_spi.h ****  *
 826:D:/Projekty/TrinityTrack6000/MainControlBoard/Infineon/XMC4200/Libraries/XMCLib/inc\xmc_spi.h ****  * \par<b>Related APIs:</b><BR>
 827:D:/Projekty/TrinityTrack6000/MainControlBoard/Infineon/XMC4200/Libraries/XMCLib/inc\xmc_spi.h ****  * XMC_SPI_CH_EnableInterwordDelay()
 828:D:/Projekty/TrinityTrack6000/MainControlBoard/Infineon/XMC4200/Libraries/XMCLib/inc\xmc_spi.h ****  */
 829:D:/Projekty/TrinityTrack6000/MainControlBoard/Infineon/XMC4200/Libraries/XMCLib/inc\xmc_spi.h **** __STATIC_INLINE void XMC_SPI_CH_DisableInterwordDelay(XMC_USIC_CH_t *const channel)
 830:D:/Projekty/TrinityTrack6000/MainControlBoard/Infineon/XMC4200/Libraries/XMCLib/inc\xmc_spi.h **** {
 831:D:/Projekty/TrinityTrack6000/MainControlBoard/Infineon/XMC4200/Libraries/XMCLib/inc\xmc_spi.h ****   channel->PCR_SSCMode &= (uint32_t)~USIC_CH_PCR_SSCMode_TIWEN_Msk;
 832:D:/Projekty/TrinityTrack6000/MainControlBoard/Infineon/XMC4200/Libraries/XMCLib/inc\xmc_spi.h **** }
 833:D:/Projekty/TrinityTrack6000/MainControlBoard/Infineon/XMC4200/Libraries/XMCLib/inc\xmc_spi.h **** 
 834:D:/Projekty/TrinityTrack6000/MainControlBoard/Infineon/XMC4200/Libraries/XMCLib/inc\xmc_spi.h **** /**
 835:D:/Projekty/TrinityTrack6000/MainControlBoard/Infineon/XMC4200/Libraries/XMCLib/inc\xmc_spi.h ****  * @param channel A constant pointer to XMC_USIC_CH_t, pointing to the USIC channel base address.
 836:D:/Projekty/TrinityTrack6000/MainControlBoard/Infineon/XMC4200/Libraries/XMCLib/inc\xmc_spi.h ****  * @param tinterword_delay_ns delay in terms of nano seconds.
 837:D:/Projekty/TrinityTrack6000/MainControlBoard/Infineon/XMC4200/Libraries/XMCLib/inc\xmc_spi.h ****  *
 838:D:/Projekty/TrinityTrack6000/MainControlBoard/Infineon/XMC4200/Libraries/XMCLib/inc\xmc_spi.h ****  * @return None
 839:D:/Projekty/TrinityTrack6000/MainControlBoard/Infineon/XMC4200/Libraries/XMCLib/inc\xmc_spi.h ****  *
 840:D:/Projekty/TrinityTrack6000/MainControlBoard/Infineon/XMC4200/Libraries/XMCLib/inc\xmc_spi.h ****  * \par<b>Description:</b><br>
 841:D:/Projekty/TrinityTrack6000/MainControlBoard/Infineon/XMC4200/Libraries/XMCLib/inc\xmc_spi.h ****  * Configures the inter word delay by setting PCR.PCTQ1, PCR.DCTQ1 bit fields.\n\n
 842:D:/Projekty/TrinityTrack6000/MainControlBoard/Infineon/XMC4200/Libraries/XMCLib/inc\xmc_spi.h ****  * The inter word delay is dependent on the peripheral clock. The maximum possible value is calcula
 843:D:/Projekty/TrinityTrack6000/MainControlBoard/Infineon/XMC4200/Libraries/XMCLib/inc\xmc_spi.h ****  * below formula\n
 844:D:/Projekty/TrinityTrack6000/MainControlBoard/Infineon/XMC4200/Libraries/XMCLib/inc\xmc_spi.h ****  *            Maximum inter word delay = ((1 + PCTQ1_max)(1 + DCTQ1_max)) / peripheral clock\n
 845:D:/Projekty/TrinityTrack6000/MainControlBoard/Infineon/XMC4200/Libraries/XMCLib/inc\xmc_spi.h ****  *                                       where PCTQ1_max = 3 and DCTQ1_max = 31\n
 846:D:/Projekty/TrinityTrack6000/MainControlBoard/Infineon/XMC4200/Libraries/XMCLib/inc\xmc_spi.h ****  * After configuring the inter word delay, this has to be enabled by invoking XMC_SPI_CH_EnableInte
 847:D:/Projekty/TrinityTrack6000/MainControlBoard/Infineon/XMC4200/Libraries/XMCLib/inc\xmc_spi.h ****  *
 848:D:/Projekty/TrinityTrack6000/MainControlBoard/Infineon/XMC4200/Libraries/XMCLib/inc\xmc_spi.h ****  * \par<b>Related APIs:</b><BR>
 849:D:/Projekty/TrinityTrack6000/MainControlBoard/Infineon/XMC4200/Libraries/XMCLib/inc\xmc_spi.h ****  * XMC_SPI_CH_EnableInterwordDelay(),XMC_SPI_CH_SetInterwordDelaySCLK()
 850:D:/Projekty/TrinityTrack6000/MainControlBoard/Infineon/XMC4200/Libraries/XMCLib/inc\xmc_spi.h ****  */
 851:D:/Projekty/TrinityTrack6000/MainControlBoard/Infineon/XMC4200/Libraries/XMCLib/inc\xmc_spi.h **** void XMC_SPI_CH_SetInterwordDelay(XMC_USIC_CH_t *const channel, uint32_t tinterword_delay_ns);
 852:D:/Projekty/TrinityTrack6000/MainControlBoard/Infineon/XMC4200/Libraries/XMCLib/inc\xmc_spi.h **** 
 853:D:/Projekty/TrinityTrack6000/MainControlBoard/Infineon/XMC4200/Libraries/XMCLib/inc\xmc_spi.h **** /**
 854:D:/Projekty/TrinityTrack6000/MainControlBoard/Infineon/XMC4200/Libraries/XMCLib/inc\xmc_spi.h ****  * @param channel A constant pointer to XMC_USIC_CH_t, pointing to the USIC channel base address.
 855:D:/Projekty/TrinityTrack6000/MainControlBoard/Infineon/XMC4200/Libraries/XMCLib/inc\xmc_spi.h ****  * @param sclk_period  in terms of clk cycles.
 856:D:/Projekty/TrinityTrack6000/MainControlBoard/Infineon/XMC4200/Libraries/XMCLib/inc\xmc_spi.h ****  *
 857:D:/Projekty/TrinityTrack6000/MainControlBoard/Infineon/XMC4200/Libraries/XMCLib/inc\xmc_spi.h ****  * @return None
 858:D:/Projekty/TrinityTrack6000/MainControlBoard/Infineon/XMC4200/Libraries/XMCLib/inc\xmc_spi.h ****  *
 859:D:/Projekty/TrinityTrack6000/MainControlBoard/Infineon/XMC4200/Libraries/XMCLib/inc\xmc_spi.h ****  * \par<b>Description:</b><br>
 860:D:/Projekty/TrinityTrack6000/MainControlBoard/Infineon/XMC4200/Libraries/XMCLib/inc\xmc_spi.h ****  * Configures the inter word delay by setting PCR.DCTQ1 bit fields.\n\n
 861:D:/Projekty/TrinityTrack6000/MainControlBoard/Infineon/XMC4200/Libraries/XMCLib/inc\xmc_spi.h ****  * This delay is dependent on the peripheral clock. The maximum possible value supported by this AP
 862:D:/Projekty/TrinityTrack6000/MainControlBoard/Infineon/XMC4200/Libraries/XMCLib/inc\xmc_spi.h ****  * is 32 clock cycles.
 863:D:/Projekty/TrinityTrack6000/MainControlBoard/Infineon/XMC4200/Libraries/XMCLib/inc\xmc_spi.h ****  * After configuring the inter word delay, this has to be enabled by invoking XMC_SPI_CH_EnableInte
 864:D:/Projekty/TrinityTrack6000/MainControlBoard/Infineon/XMC4200/Libraries/XMCLib/inc\xmc_spi.h ****  *
 865:D:/Projekty/TrinityTrack6000/MainControlBoard/Infineon/XMC4200/Libraries/XMCLib/inc\xmc_spi.h ****  * \par<b>Related APIs:</b><BR>
 866:D:/Projekty/TrinityTrack6000/MainControlBoard/Infineon/XMC4200/Libraries/XMCLib/inc\xmc_spi.h ****  * XMC_SPI_CH_EnableInterwordDelay(),XMC_SPI_CH_EnableInterwordDelay()
 867:D:/Projekty/TrinityTrack6000/MainControlBoard/Infineon/XMC4200/Libraries/XMCLib/inc\xmc_spi.h ****  */
 868:D:/Projekty/TrinityTrack6000/MainControlBoard/Infineon/XMC4200/Libraries/XMCLib/inc\xmc_spi.h **** __STATIC_INLINE void XMC_SPI_CH_SetInterwordDelaySCLK(XMC_USIC_CH_t *const channel, uint32_t sclk_p
 869:D:/Projekty/TrinityTrack6000/MainControlBoard/Infineon/XMC4200/Libraries/XMCLib/inc\xmc_spi.h **** {
 870:D:/Projekty/TrinityTrack6000/MainControlBoard/Infineon/XMC4200/Libraries/XMCLib/inc\xmc_spi.h ****   channel->PCR_SSCMode = (uint32_t)((channel->PCR_SSCMode) & (~(USIC_CH_PCR_SSCMode_DCTQ1_Msk |
 871:D:/Projekty/TrinityTrack6000/MainControlBoard/Infineon/XMC4200/Libraries/XMCLib/inc\xmc_spi.h ****                                     USIC_CH_PCR_SSCMode_PCTQ1_Msk |
 872:D:/Projekty/TrinityTrack6000/MainControlBoard/Infineon/XMC4200/Libraries/XMCLib/inc\xmc_spi.h ****                                     USIC_CH_PCR_SSCMode_CTQSEL1_Msk))) |
 873:D:/Projekty/TrinityTrack6000/MainControlBoard/Infineon/XMC4200/Libraries/XMCLib/inc\xmc_spi.h ****                          (((sclk_period - 1U) <<  USIC_CH_PCR_SSCMode_DCTQ1_Pos) |
 874:D:/Projekty/TrinityTrack6000/MainControlBoard/Infineon/XMC4200/Libraries/XMCLib/inc\xmc_spi.h ****                           (0x02U <<  USIC_CH_PCR_SSCMode_CTQSEL1_Pos));
 875:D:/Projekty/TrinityTrack6000/MainControlBoard/Infineon/XMC4200/Libraries/XMCLib/inc\xmc_spi.h **** }
 876:D:/Projekty/TrinityTrack6000/MainControlBoard/Infineon/XMC4200/Libraries/XMCLib/inc\xmc_spi.h **** 
 877:D:/Projekty/TrinityTrack6000/MainControlBoard/Infineon/XMC4200/Libraries/XMCLib/inc\xmc_spi.h **** /**
 878:D:/Projekty/TrinityTrack6000/MainControlBoard/Infineon/XMC4200/Libraries/XMCLib/inc\xmc_spi.h ****  * @param channel A constant pointer to XMC_USIC_CH_t, pointing to the USIC channel base address.
 879:D:/Projekty/TrinityTrack6000/MainControlBoard/Infineon/XMC4200/Libraries/XMCLib/inc\xmc_spi.h ****  * @param sclk_period delay in terms of sclk clock cycles.
 880:D:/Projekty/TrinityTrack6000/MainControlBoard/Infineon/XMC4200/Libraries/XMCLib/inc\xmc_spi.h ****  *
 881:D:/Projekty/TrinityTrack6000/MainControlBoard/Infineon/XMC4200/Libraries/XMCLib/inc\xmc_spi.h ****  * @return None
 882:D:/Projekty/TrinityTrack6000/MainControlBoard/Infineon/XMC4200/Libraries/XMCLib/inc\xmc_spi.h ****  *
 883:D:/Projekty/TrinityTrack6000/MainControlBoard/Infineon/XMC4200/Libraries/XMCLib/inc\xmc_spi.h ****  * \par<b>Description:</b><br>
 884:D:/Projekty/TrinityTrack6000/MainControlBoard/Infineon/XMC4200/Libraries/XMCLib/inc\xmc_spi.h ****  * Configures the leading/trailing delay by setting BRG.DCTQ bit field.\n\n
 885:D:/Projekty/TrinityTrack6000/MainControlBoard/Infineon/XMC4200/Libraries/XMCLib/inc\xmc_spi.h ****  * This delay is dependent on the peripheral clock. The maximum possible value supported by this AP
 886:D:/Projekty/TrinityTrack6000/MainControlBoard/Infineon/XMC4200/Libraries/XMCLib/inc\xmc_spi.h ****  * is 30 clock cycles.
 887:D:/Projekty/TrinityTrack6000/MainControlBoard/Infineon/XMC4200/Libraries/XMCLib/inc\xmc_spi.h ****  *
 888:D:/Projekty/TrinityTrack6000/MainControlBoard/Infineon/XMC4200/Libraries/XMCLib/inc\xmc_spi.h ****  */
 889:D:/Projekty/TrinityTrack6000/MainControlBoard/Infineon/XMC4200/Libraries/XMCLib/inc\xmc_spi.h **** __STATIC_INLINE void XMC_SPI_CH_SetSlaveSelectDelay(XMC_USIC_CH_t *const channel, uint32_t sclk_per
 890:D:/Projekty/TrinityTrack6000/MainControlBoard/Infineon/XMC4200/Libraries/XMCLib/inc\xmc_spi.h **** {
 891:D:/Projekty/TrinityTrack6000/MainControlBoard/Infineon/XMC4200/Libraries/XMCLib/inc\xmc_spi.h **** 
 892:D:/Projekty/TrinityTrack6000/MainControlBoard/Infineon/XMC4200/Libraries/XMCLib/inc\xmc_spi.h ****   channel->BRG = (channel->BRG & ~(USIC_CH_BRG_DCTQ_Msk |
 893:D:/Projekty/TrinityTrack6000/MainControlBoard/Infineon/XMC4200/Libraries/XMCLib/inc\xmc_spi.h ****                                    USIC_CH_BRG_PCTQ_Msk)) |
 894:D:/Projekty/TrinityTrack6000/MainControlBoard/Infineon/XMC4200/Libraries/XMCLib/inc\xmc_spi.h ****                  (((sclk_period - 1U) << USIC_CH_BRG_DCTQ_Pos) | (0x01U << USIC_CH_BRG_PCTQ_Pos));
 895:D:/Projekty/TrinityTrack6000/MainControlBoard/Infineon/XMC4200/Libraries/XMCLib/inc\xmc_spi.h **** }
 896:D:/Projekty/TrinityTrack6000/MainControlBoard/Infineon/XMC4200/Libraries/XMCLib/inc\xmc_spi.h **** 
 897:D:/Projekty/TrinityTrack6000/MainControlBoard/Infineon/XMC4200/Libraries/XMCLib/inc\xmc_spi.h **** /**
 898:D:/Projekty/TrinityTrack6000/MainControlBoard/Infineon/XMC4200/Libraries/XMCLib/inc\xmc_spi.h ****  * @param channel A constant pointer to XMC_USIC_CH_t, pointing to the USIC channel base address.
 899:D:/Projekty/TrinityTrack6000/MainControlBoard/Infineon/XMC4200/Libraries/XMCLib/inc\xmc_spi.h ****  *
 900:D:/Projekty/TrinityTrack6000/MainControlBoard/Infineon/XMC4200/Libraries/XMCLib/inc\xmc_spi.h ****  * @return None
 901:D:/Projekty/TrinityTrack6000/MainControlBoard/Infineon/XMC4200/Libraries/XMCLib/inc\xmc_spi.h ****  *
 902:D:/Projekty/TrinityTrack6000/MainControlBoard/Infineon/XMC4200/Libraries/XMCLib/inc\xmc_spi.h ****  * \par<b>Description:</b><br>
 903:D:/Projekty/TrinityTrack6000/MainControlBoard/Infineon/XMC4200/Libraries/XMCLib/inc\xmc_spi.h ****  *
 904:D:/Projekty/TrinityTrack6000/MainControlBoard/Infineon/XMC4200/Libraries/XMCLib/inc\xmc_spi.h ****  * Configure to keep MSLS(Slave select signal) active even after finishing the current data frame,
 905:D:/Projekty/TrinityTrack6000/MainControlBoard/Infineon/XMC4200/Libraries/XMCLib/inc\xmc_spi.h ****  * by setting PCR.FEM bit.\n\n
 906:D:/Projekty/TrinityTrack6000/MainControlBoard/Infineon/XMC4200/Libraries/XMCLib/inc\xmc_spi.h ****  * This is typically used during the transmission of multi-data word frames, where there is possibi
 907:D:/Projekty/TrinityTrack6000/MainControlBoard/Infineon/XMC4200/Libraries/XMCLib/inc\xmc_spi.h ****  * delivering the data. Frame end mode is enabled in XMC_SPI_CH_Init() during initialization. To di
 908:D:/Projekty/TrinityTrack6000/MainControlBoard/Infineon/XMC4200/Libraries/XMCLib/inc\xmc_spi.h ****  * XMC_SPI_CH_DisableFEM() can be invoked as needed in the program.
 909:D:/Projekty/TrinityTrack6000/MainControlBoard/Infineon/XMC4200/Libraries/XMCLib/inc\xmc_spi.h ****  *
 910:D:/Projekty/TrinityTrack6000/MainControlBoard/Infineon/XMC4200/Libraries/XMCLib/inc\xmc_spi.h ****  * \par<b>Related APIs:</b><BR>
 911:D:/Projekty/TrinityTrack6000/MainControlBoard/Infineon/XMC4200/Libraries/XMCLib/inc\xmc_spi.h ****  * XMC_SPI_CH_DisableFEM()
 912:D:/Projekty/TrinityTrack6000/MainControlBoard/Infineon/XMC4200/Libraries/XMCLib/inc\xmc_spi.h ****  */
 913:D:/Projekty/TrinityTrack6000/MainControlBoard/Infineon/XMC4200/Libraries/XMCLib/inc\xmc_spi.h **** __STATIC_INLINE void XMC_SPI_CH_EnableFEM(XMC_USIC_CH_t *const channel)
 914:D:/Projekty/TrinityTrack6000/MainControlBoard/Infineon/XMC4200/Libraries/XMCLib/inc\xmc_spi.h **** {
 915:D:/Projekty/TrinityTrack6000/MainControlBoard/Infineon/XMC4200/Libraries/XMCLib/inc\xmc_spi.h ****   channel->PCR_SSCMode |= (uint32_t)USIC_CH_PCR_SSCMode_FEM_Msk;
 916:D:/Projekty/TrinityTrack6000/MainControlBoard/Infineon/XMC4200/Libraries/XMCLib/inc\xmc_spi.h **** }
 917:D:/Projekty/TrinityTrack6000/MainControlBoard/Infineon/XMC4200/Libraries/XMCLib/inc\xmc_spi.h **** 
 918:D:/Projekty/TrinityTrack6000/MainControlBoard/Infineon/XMC4200/Libraries/XMCLib/inc\xmc_spi.h **** /**
 919:D:/Projekty/TrinityTrack6000/MainControlBoard/Infineon/XMC4200/Libraries/XMCLib/inc\xmc_spi.h ****  * @param channel A constant pointer to XMC_USIC_CH_t, pointing to the USIC channel base address.
 920:D:/Projekty/TrinityTrack6000/MainControlBoard/Infineon/XMC4200/Libraries/XMCLib/inc\xmc_spi.h ****  *
 921:D:/Projekty/TrinityTrack6000/MainControlBoard/Infineon/XMC4200/Libraries/XMCLib/inc\xmc_spi.h ****  * @return None
 922:D:/Projekty/TrinityTrack6000/MainControlBoard/Infineon/XMC4200/Libraries/XMCLib/inc\xmc_spi.h ****  *
 923:D:/Projekty/TrinityTrack6000/MainControlBoard/Infineon/XMC4200/Libraries/XMCLib/inc\xmc_spi.h ****  * \par<b>Description:</b><br>
 924:D:/Projekty/TrinityTrack6000/MainControlBoard/Infineon/XMC4200/Libraries/XMCLib/inc\xmc_spi.h ****  * Configure to disable the MSLS(Slave select signal) if the current data frame is considered as fi
 925:D:/Projekty/TrinityTrack6000/MainControlBoard/Infineon/XMC4200/Libraries/XMCLib/inc\xmc_spi.h ****  * by setting PCR.FEM bit.\n\n
 926:D:/Projekty/TrinityTrack6000/MainControlBoard/Infineon/XMC4200/Libraries/XMCLib/inc\xmc_spi.h ****  *
 927:D:/Projekty/TrinityTrack6000/MainControlBoard/Infineon/XMC4200/Libraries/XMCLib/inc\xmc_spi.h ****  * When the last bit of a data word has been sent out and the transmit buffer TBUF does not contain
 928:D:/Projekty/TrinityTrack6000/MainControlBoard/Infineon/XMC4200/Libraries/XMCLib/inc\xmc_spi.h ****  * considered as frame is ended and MSLS(Slave select signal) is disabled.
 929:D:/Projekty/TrinityTrack6000/MainControlBoard/Infineon/XMC4200/Libraries/XMCLib/inc\xmc_spi.h ****  *
 930:D:/Projekty/TrinityTrack6000/MainControlBoard/Infineon/XMC4200/Libraries/XMCLib/inc\xmc_spi.h ****  * \par<b>Related APIs:</b><BR>
 931:D:/Projekty/TrinityTrack6000/MainControlBoard/Infineon/XMC4200/Libraries/XMCLib/inc\xmc_spi.h ****  * XMC_SPI_CH_EnableFEM()
 932:D:/Projekty/TrinityTrack6000/MainControlBoard/Infineon/XMC4200/Libraries/XMCLib/inc\xmc_spi.h ****  */
 933:D:/Projekty/TrinityTrack6000/MainControlBoard/Infineon/XMC4200/Libraries/XMCLib/inc\xmc_spi.h **** __STATIC_INLINE void XMC_SPI_CH_DisableFEM(XMC_USIC_CH_t *const channel)
 934:D:/Projekty/TrinityTrack6000/MainControlBoard/Infineon/XMC4200/Libraries/XMCLib/inc\xmc_spi.h **** {
 935:D:/Projekty/TrinityTrack6000/MainControlBoard/Infineon/XMC4200/Libraries/XMCLib/inc\xmc_spi.h ****   channel->PCR_SSCMode &= (uint32_t)~USIC_CH_PCR_SSCMode_FEM_Msk;
 936:D:/Projekty/TrinityTrack6000/MainControlBoard/Infineon/XMC4200/Libraries/XMCLib/inc\xmc_spi.h **** }
 937:D:/Projekty/TrinityTrack6000/MainControlBoard/Infineon/XMC4200/Libraries/XMCLib/inc\xmc_spi.h **** 
 938:D:/Projekty/TrinityTrack6000/MainControlBoard/Infineon/XMC4200/Libraries/XMCLib/inc\xmc_spi.h **** /**
 939:D:/Projekty/TrinityTrack6000/MainControlBoard/Infineon/XMC4200/Libraries/XMCLib/inc\xmc_spi.h ****  * @param channel A constant pointer to XMC_USIC_CH_t, pointing to the USIC channel base address.
 940:D:/Projekty/TrinityTrack6000/MainControlBoard/Infineon/XMC4200/Libraries/XMCLib/inc\xmc_spi.h ****  * @param passive_level polarity and delay of the selected shift clock.\n
 941:D:/Projekty/TrinityTrack6000/MainControlBoard/Infineon/XMC4200/Libraries/XMCLib/inc\xmc_spi.h ****  *                      Refer @ref XMC_SPI_CH_BRG_SHIFT_CLOCK_PASSIVE_LEVEL_t for valid inputs.
 942:D:/Projekty/TrinityTrack6000/MainControlBoard/Infineon/XMC4200/Libraries/XMCLib/inc\xmc_spi.h ****  * @param clock_output shift clock source.\n
 943:D:/Projekty/TrinityTrack6000/MainControlBoard/Infineon/XMC4200/Libraries/XMCLib/inc\xmc_spi.h ****  *                     Refer @ref XMC_SPI_CH_BRG_SHIFT_CLOCK_OUTPUT_t for valid inputs.
 944:D:/Projekty/TrinityTrack6000/MainControlBoard/Infineon/XMC4200/Libraries/XMCLib/inc\xmc_spi.h ****  *
 945:D:/Projekty/TrinityTrack6000/MainControlBoard/Infineon/XMC4200/Libraries/XMCLib/inc\xmc_spi.h ****  * @return None
 946:D:/Projekty/TrinityTrack6000/MainControlBoard/Infineon/XMC4200/Libraries/XMCLib/inc\xmc_spi.h ****  *
 947:D:/Projekty/TrinityTrack6000/MainControlBoard/Infineon/XMC4200/Libraries/XMCLib/inc\xmc_spi.h ****  * \par<b>Description:</b><br>
 948:D:/Projekty/TrinityTrack6000/MainControlBoard/Infineon/XMC4200/Libraries/XMCLib/inc\xmc_spi.h ****  * Configures the shift clock source with the selected polarity and delay by setting BRG.SCLKOSEL a
 949:D:/Projekty/TrinityTrack6000/MainControlBoard/Infineon/XMC4200/Libraries/XMCLib/inc\xmc_spi.h ****  * In Master mode operation, shift clock is generated by the internal baud rate generator. This SCL
 950:D:/Projekty/TrinityTrack6000/MainControlBoard/Infineon/XMC4200/Libraries/XMCLib/inc\xmc_spi.h ****  * for external slave devices by SCLKOUT signal.\n
 951:D:/Projekty/TrinityTrack6000/MainControlBoard/Infineon/XMC4200/Libraries/XMCLib/inc\xmc_spi.h ****  * In Slave mode, the signal is received from the external master. So the DX1(input) stage has to b
 952:D:/Projekty/TrinityTrack6000/MainControlBoard/Infineon/XMC4200/Libraries/XMCLib/inc\xmc_spi.h ****  * The shift clock output(SCLKOUT) signal polarity can be set relative to SCLK, with the delay of h
 953:D:/Projekty/TrinityTrack6000/MainControlBoard/Infineon/XMC4200/Libraries/XMCLib/inc\xmc_spi.h ****  * period. These settings are applicable only in master mode.
 954:D:/Projekty/TrinityTrack6000/MainControlBoard/Infineon/XMC4200/Libraries/XMCLib/inc\xmc_spi.h ****  */
 955:D:/Projekty/TrinityTrack6000/MainControlBoard/Infineon/XMC4200/Libraries/XMCLib/inc\xmc_spi.h **** __STATIC_INLINE void XMC_SPI_CH_ConfigureShiftClockOutput(XMC_USIC_CH_t *const channel,
 956:D:/Projekty/TrinityTrack6000/MainControlBoard/Infineon/XMC4200/Libraries/XMCLib/inc\xmc_spi.h ****     const XMC_SPI_CH_BRG_SHIFT_CLOCK_PASSIVE_LEVEL_t passive_level,
 957:D:/Projekty/TrinityTrack6000/MainControlBoard/Infineon/XMC4200/Libraries/XMCLib/inc\xmc_spi.h ****     const XMC_SPI_CH_BRG_SHIFT_CLOCK_OUTPUT_t clock_output)
 958:D:/Projekty/TrinityTrack6000/MainControlBoard/Infineon/XMC4200/Libraries/XMCLib/inc\xmc_spi.h **** {
 959:D:/Projekty/TrinityTrack6000/MainControlBoard/Infineon/XMC4200/Libraries/XMCLib/inc\xmc_spi.h ****   XMC_USIC_CH_ConfigureShiftClockOutput(channel, (XMC_USIC_CH_BRG_SHIFT_CLOCK_PASSIVE_LEVEL_t)passi
 960:D:/Projekty/TrinityTrack6000/MainControlBoard/Infineon/XMC4200/Libraries/XMCLib/inc\xmc_spi.h ****                                         (XMC_USIC_CH_BRG_SHIFT_CLOCK_OUTPUT_t)clock_output);
 961:D:/Projekty/TrinityTrack6000/MainControlBoard/Infineon/XMC4200/Libraries/XMCLib/inc\xmc_spi.h **** }
 962:D:/Projekty/TrinityTrack6000/MainControlBoard/Infineon/XMC4200/Libraries/XMCLib/inc\xmc_spi.h **** 
 963:D:/Projekty/TrinityTrack6000/MainControlBoard/Infineon/XMC4200/Libraries/XMCLib/inc\xmc_spi.h **** /**
 964:D:/Projekty/TrinityTrack6000/MainControlBoard/Infineon/XMC4200/Libraries/XMCLib/inc\xmc_spi.h ****  * @param  channel A constant pointer to XMC_USIC_CH_t, pointing to the USIC channel base address.
 965:D:/Projekty/TrinityTrack6000/MainControlBoard/Infineon/XMC4200/Libraries/XMCLib/inc\xmc_spi.h ****  * @param  word_length Number of bits to be configured for a data word. \n
 966:D:/Projekty/TrinityTrack6000/MainControlBoard/Infineon/XMC4200/Libraries/XMCLib/inc\xmc_spi.h ****  *         \b Range: 1 to 16.
 967:D:/Projekty/TrinityTrack6000/MainControlBoard/Infineon/XMC4200/Libraries/XMCLib/inc\xmc_spi.h ****  *
 968:D:/Projekty/TrinityTrack6000/MainControlBoard/Infineon/XMC4200/Libraries/XMCLib/inc\xmc_spi.h ****  * @return None
 969:D:/Projekty/TrinityTrack6000/MainControlBoard/Infineon/XMC4200/Libraries/XMCLib/inc\xmc_spi.h ****  *
 970:D:/Projekty/TrinityTrack6000/MainControlBoard/Infineon/XMC4200/Libraries/XMCLib/inc\xmc_spi.h ****  * \par<b>Description</b><br>
 971:D:/Projekty/TrinityTrack6000/MainControlBoard/Infineon/XMC4200/Libraries/XMCLib/inc\xmc_spi.h ****  * Defines the data word length.\n\n
 972:D:/Projekty/TrinityTrack6000/MainControlBoard/Infineon/XMC4200/Libraries/XMCLib/inc\xmc_spi.h ****  * Sets the number of bits to represent a data word. Frame length should be a multiple of word leng
 973:D:/Projekty/TrinityTrack6000/MainControlBoard/Infineon/XMC4200/Libraries/XMCLib/inc\xmc_spi.h ****  *
 974:D:/Projekty/TrinityTrack6000/MainControlBoard/Infineon/XMC4200/Libraries/XMCLib/inc\xmc_spi.h ****  * \par<b>Related APIs:</b><BR>
 975:D:/Projekty/TrinityTrack6000/MainControlBoard/Infineon/XMC4200/Libraries/XMCLib/inc\xmc_spi.h ****  * XMC_SPI_CH_SetFrameLength()
 976:D:/Projekty/TrinityTrack6000/MainControlBoard/Infineon/XMC4200/Libraries/XMCLib/inc\xmc_spi.h ****  */
 977:D:/Projekty/TrinityTrack6000/MainControlBoard/Infineon/XMC4200/Libraries/XMCLib/inc\xmc_spi.h **** __STATIC_INLINE void XMC_SPI_CH_SetWordLength(XMC_USIC_CH_t *const channel, const uint8_t word_leng
 978:D:/Projekty/TrinityTrack6000/MainControlBoard/Infineon/XMC4200/Libraries/XMCLib/inc\xmc_spi.h **** {
 686              	 .loc 3 978 0
 687              	 .cfi_startproc
 688              	 
 689              	 
 690 0000 80B5     	 push {r7,lr}
 691              	.LCFI68:
 692              	 .cfi_def_cfa_offset 8
 693              	 .cfi_offset 7,-8
 694              	 .cfi_offset 14,-4
 695 0002 82B0     	 sub sp,sp,#8
 696              	.LCFI69:
 697              	 .cfi_def_cfa_offset 16
 698 0004 00AF     	 add r7,sp,#0
 699              	.LCFI70:
 700              	 .cfi_def_cfa_register 7
 701 0006 7860     	 str r0,[r7,#4]
 702 0008 0B46     	 mov r3,r1
 703 000a FB70     	 strb r3,[r7,#3]
 979:D:/Projekty/TrinityTrack6000/MainControlBoard/Infineon/XMC4200/Libraries/XMCLib/inc\xmc_spi.h ****   XMC_USIC_CH_SetWordLength(channel, word_length);
 704              	 .loc 3 979 0
 705 000c FB78     	 ldrb r3,[r7,#3]
 706 000e 7868     	 ldr r0,[r7,#4]
 707 0010 1946     	 mov r1,r3
 708 0012 FFF7FEFF 	 bl XMC_USIC_CH_SetWordLength
 980:D:/Projekty/TrinityTrack6000/MainControlBoard/Infineon/XMC4200/Libraries/XMCLib/inc\xmc_spi.h **** }
 709              	 .loc 3 980 0
 710 0016 0837     	 adds r7,r7,#8
 711              	.LCFI71:
 712              	 .cfi_def_cfa_offset 8
 713 0018 BD46     	 mov sp,r7
 714              	.LCFI72:
 715              	 .cfi_def_cfa_register 13
 716              	 
 717 001a 80BD     	 pop {r7,pc}
 718              	 .cfi_endproc
 719              	.LFE266:
 721              	 .section .text.XMC_SPI_CH_SetFrameLength,"ax",%progbits
 722              	 .align 2
 723              	 .thumb
 724              	 .thumb_func
 726              	XMC_SPI_CH_SetFrameLength:
 727              	.LFB267:
 981:D:/Projekty/TrinityTrack6000/MainControlBoard/Infineon/XMC4200/Libraries/XMCLib/inc\xmc_spi.h **** 
 982:D:/Projekty/TrinityTrack6000/MainControlBoard/Infineon/XMC4200/Libraries/XMCLib/inc\xmc_spi.h **** /**
 983:D:/Projekty/TrinityTrack6000/MainControlBoard/Infineon/XMC4200/Libraries/XMCLib/inc\xmc_spi.h ****  * @param  channel A constant pointer to XMC_USIC_CH_t, pointing to the USIC channel base address.
 984:D:/Projekty/TrinityTrack6000/MainControlBoard/Infineon/XMC4200/Libraries/XMCLib/inc\xmc_spi.h ****  * @param  frame_length Number of bits in a frame. \n
 985:D:/Projekty/TrinityTrack6000/MainControlBoard/Infineon/XMC4200/Libraries/XMCLib/inc\xmc_spi.h ****  *                \b Range: 1 to 64. If the value 64 is configured, then the frame does not
 986:D:/Projekty/TrinityTrack6000/MainControlBoard/Infineon/XMC4200/Libraries/XMCLib/inc\xmc_spi.h ****  *                automatically end. User should explicitly end the frame.
 987:D:/Projekty/TrinityTrack6000/MainControlBoard/Infineon/XMC4200/Libraries/XMCLib/inc\xmc_spi.h ****  *
 988:D:/Projekty/TrinityTrack6000/MainControlBoard/Infineon/XMC4200/Libraries/XMCLib/inc\xmc_spi.h ****  * @return None
 989:D:/Projekty/TrinityTrack6000/MainControlBoard/Infineon/XMC4200/Libraries/XMCLib/inc\xmc_spi.h ****  *
 990:D:/Projekty/TrinityTrack6000/MainControlBoard/Infineon/XMC4200/Libraries/XMCLib/inc\xmc_spi.h ****  * \par<b>Description</b><br>
 991:D:/Projekty/TrinityTrack6000/MainControlBoard/Infineon/XMC4200/Libraries/XMCLib/inc\xmc_spi.h ****  * Define the data frame length.\n\n
 992:D:/Projekty/TrinityTrack6000/MainControlBoard/Infineon/XMC4200/Libraries/XMCLib/inc\xmc_spi.h ****  * Set the number of bits to be serially transmitted in a frame.
 993:D:/Projekty/TrinityTrack6000/MainControlBoard/Infineon/XMC4200/Libraries/XMCLib/inc\xmc_spi.h ****  * The frame length should be multiples of word length. If the value is set to 64, the frame does n
 994:D:/Projekty/TrinityTrack6000/MainControlBoard/Infineon/XMC4200/Libraries/XMCLib/inc\xmc_spi.h ****  * automatically end. Use XMC_SPI_CH_DisableSlaveSelect() to end the frame after all the data
 995:D:/Projekty/TrinityTrack6000/MainControlBoard/Infineon/XMC4200/Libraries/XMCLib/inc\xmc_spi.h ****  * is transmitted.
 996:D:/Projekty/TrinityTrack6000/MainControlBoard/Infineon/XMC4200/Libraries/XMCLib/inc\xmc_spi.h ****  *
 997:D:/Projekty/TrinityTrack6000/MainControlBoard/Infineon/XMC4200/Libraries/XMCLib/inc\xmc_spi.h ****  * \par<b>Related APIs:</b><BR>
 998:D:/Projekty/TrinityTrack6000/MainControlBoard/Infineon/XMC4200/Libraries/XMCLib/inc\xmc_spi.h ****  * XMC_USIC_CH_SetWordLength(), XMC_USIC_CH_EnableFrameLengthControl(), XMC_SPI_CH_DisableSlaveSele
 999:D:/Projekty/TrinityTrack6000/MainControlBoard/Infineon/XMC4200/Libraries/XMCLib/inc\xmc_spi.h ****  */
1000:D:/Projekty/TrinityTrack6000/MainControlBoard/Infineon/XMC4200/Libraries/XMCLib/inc\xmc_spi.h **** __STATIC_INLINE void XMC_SPI_CH_SetFrameLength(XMC_USIC_CH_t *const channel, const uint8_t frame_le
1001:D:/Projekty/TrinityTrack6000/MainControlBoard/Infineon/XMC4200/Libraries/XMCLib/inc\xmc_spi.h **** {
 728              	 .loc 3 1001 0
 729              	 .cfi_startproc
 730              	 
 731              	 
 732 0000 80B5     	 push {r7,lr}
 733              	.LCFI73:
 734              	 .cfi_def_cfa_offset 8
 735              	 .cfi_offset 7,-8
 736              	 .cfi_offset 14,-4
 737 0002 82B0     	 sub sp,sp,#8
 738              	.LCFI74:
 739              	 .cfi_def_cfa_offset 16
 740 0004 00AF     	 add r7,sp,#0
 741              	.LCFI75:
 742              	 .cfi_def_cfa_register 7
 743 0006 7860     	 str r0,[r7,#4]
 744 0008 0B46     	 mov r3,r1
 745 000a FB70     	 strb r3,[r7,#3]
1002:D:/Projekty/TrinityTrack6000/MainControlBoard/Infineon/XMC4200/Libraries/XMCLib/inc\xmc_spi.h ****   XMC_USIC_CH_SetFrameLength(channel, frame_length);
 746              	 .loc 3 1002 0
 747 000c FB78     	 ldrb r3,[r7,#3]
 748 000e 7868     	 ldr r0,[r7,#4]
 749 0010 1946     	 mov r1,r3
 750 0012 FFF7FEFF 	 bl XMC_USIC_CH_SetFrameLength
1003:D:/Projekty/TrinityTrack6000/MainControlBoard/Infineon/XMC4200/Libraries/XMCLib/inc\xmc_spi.h **** }
 751              	 .loc 3 1003 0
 752 0016 0837     	 adds r7,r7,#8
 753              	.LCFI76:
 754              	 .cfi_def_cfa_offset 8
 755 0018 BD46     	 mov sp,r7
 756              	.LCFI77:
 757              	 .cfi_def_cfa_register 13
 758              	 
 759 001a 80BD     	 pop {r7,pc}
 760              	 .cfi_endproc
 761              	.LFE267:
 763              	 .section .text.XMC_SPI_CH_SetInputSource,"ax",%progbits
 764              	 .align 2
 765              	 .thumb
 766              	 .thumb_func
 768              	XMC_SPI_CH_SetInputSource:
 769              	.LFB272:
1004:D:/Projekty/TrinityTrack6000/MainControlBoard/Infineon/XMC4200/Libraries/XMCLib/inc\xmc_spi.h **** 
1005:D:/Projekty/TrinityTrack6000/MainControlBoard/Infineon/XMC4200/Libraries/XMCLib/inc\xmc_spi.h **** /**
1006:D:/Projekty/TrinityTrack6000/MainControlBoard/Infineon/XMC4200/Libraries/XMCLib/inc\xmc_spi.h ****  * @param  channel A constant pointer to XMC_USIC_CH_t, pointing to the USIC channel base address.
1007:D:/Projekty/TrinityTrack6000/MainControlBoard/Infineon/XMC4200/Libraries/XMCLib/inc\xmc_spi.h ****  *
1008:D:/Projekty/TrinityTrack6000/MainControlBoard/Infineon/XMC4200/Libraries/XMCLib/inc\xmc_spi.h ****  * @return None
1009:D:/Projekty/TrinityTrack6000/MainControlBoard/Infineon/XMC4200/Libraries/XMCLib/inc\xmc_spi.h ****  *
1010:D:/Projekty/TrinityTrack6000/MainControlBoard/Infineon/XMC4200/Libraries/XMCLib/inc\xmc_spi.h ****  * \par<b>Description</b><br>
1011:D:/Projekty/TrinityTrack6000/MainControlBoard/Infineon/XMC4200/Libraries/XMCLib/inc\xmc_spi.h ****  * Configure the handling of start of frame through software, by setting TCSR.SOF bit.\n\n
1012:D:/Projekty/TrinityTrack6000/MainControlBoard/Infineon/XMC4200/Libraries/XMCLib/inc\xmc_spi.h ****  * This can be used if the software handles the TBUF data without FIFO. If SOF is set, a valid cont
1013:D:/Projekty/TrinityTrack6000/MainControlBoard/Infineon/XMC4200/Libraries/XMCLib/inc\xmc_spi.h ****  * considered as first word of a new frame by finishing the currently running frame. For software h
1014:D:/Projekty/TrinityTrack6000/MainControlBoard/Infineon/XMC4200/Libraries/XMCLib/inc\xmc_spi.h ****  * it is recommended to configure TCSR.WLEMD as 0. This is not configured during initialization. XM
1015:D:/Projekty/TrinityTrack6000/MainControlBoard/Infineon/XMC4200/Libraries/XMCLib/inc\xmc_spi.h ****  * can be called as needed in the program and can be disabled by XMC_SPI_CH_DisableSOF().
1016:D:/Projekty/TrinityTrack6000/MainControlBoard/Infineon/XMC4200/Libraries/XMCLib/inc\xmc_spi.h ****  *
1017:D:/Projekty/TrinityTrack6000/MainControlBoard/Infineon/XMC4200/Libraries/XMCLib/inc\xmc_spi.h ****  * \par<b>Related APIs:</b><BR>
1018:D:/Projekty/TrinityTrack6000/MainControlBoard/Infineon/XMC4200/Libraries/XMCLib/inc\xmc_spi.h ****  * XMC_SPI_CH_DisableSOF()
1019:D:/Projekty/TrinityTrack6000/MainControlBoard/Infineon/XMC4200/Libraries/XMCLib/inc\xmc_spi.h ****  */
1020:D:/Projekty/TrinityTrack6000/MainControlBoard/Infineon/XMC4200/Libraries/XMCLib/inc\xmc_spi.h **** __STATIC_INLINE void XMC_SPI_CH_EnableSOF(XMC_USIC_CH_t *const channel)
1021:D:/Projekty/TrinityTrack6000/MainControlBoard/Infineon/XMC4200/Libraries/XMCLib/inc\xmc_spi.h **** {
1022:D:/Projekty/TrinityTrack6000/MainControlBoard/Infineon/XMC4200/Libraries/XMCLib/inc\xmc_spi.h ****   channel->TCSR |= (uint32_t)USIC_CH_TCSR_SOF_Msk;
1023:D:/Projekty/TrinityTrack6000/MainControlBoard/Infineon/XMC4200/Libraries/XMCLib/inc\xmc_spi.h **** }
1024:D:/Projekty/TrinityTrack6000/MainControlBoard/Infineon/XMC4200/Libraries/XMCLib/inc\xmc_spi.h **** 
1025:D:/Projekty/TrinityTrack6000/MainControlBoard/Infineon/XMC4200/Libraries/XMCLib/inc\xmc_spi.h **** /**
1026:D:/Projekty/TrinityTrack6000/MainControlBoard/Infineon/XMC4200/Libraries/XMCLib/inc\xmc_spi.h ****  * @param  channel A constant pointer to XMC_USIC_CH_t, pointing to the USIC channel base address.
1027:D:/Projekty/TrinityTrack6000/MainControlBoard/Infineon/XMC4200/Libraries/XMCLib/inc\xmc_spi.h ****  *
1028:D:/Projekty/TrinityTrack6000/MainControlBoard/Infineon/XMC4200/Libraries/XMCLib/inc\xmc_spi.h ****  * @return None
1029:D:/Projekty/TrinityTrack6000/MainControlBoard/Infineon/XMC4200/Libraries/XMCLib/inc\xmc_spi.h ****  *
1030:D:/Projekty/TrinityTrack6000/MainControlBoard/Infineon/XMC4200/Libraries/XMCLib/inc\xmc_spi.h ****  * \par<b>Description</b><br>
1031:D:/Projekty/TrinityTrack6000/MainControlBoard/Infineon/XMC4200/Libraries/XMCLib/inc\xmc_spi.h ****  * Set the control of the handling start of frame through hardware, by clearing TCSR.SOF bit.\n\n
1032:D:/Projekty/TrinityTrack6000/MainControlBoard/Infineon/XMC4200/Libraries/XMCLib/inc\xmc_spi.h ****  * Typically this can be disabled, where the transmission control is done by the hardware.
1033:D:/Projekty/TrinityTrack6000/MainControlBoard/Infineon/XMC4200/Libraries/XMCLib/inc\xmc_spi.h ****  *
1034:D:/Projekty/TrinityTrack6000/MainControlBoard/Infineon/XMC4200/Libraries/XMCLib/inc\xmc_spi.h ****  * \par<b>Related APIs:</b><BR>
1035:D:/Projekty/TrinityTrack6000/MainControlBoard/Infineon/XMC4200/Libraries/XMCLib/inc\xmc_spi.h ****  * XMC_SPI_CH_EnableSOF()
1036:D:/Projekty/TrinityTrack6000/MainControlBoard/Infineon/XMC4200/Libraries/XMCLib/inc\xmc_spi.h ****  */
1037:D:/Projekty/TrinityTrack6000/MainControlBoard/Infineon/XMC4200/Libraries/XMCLib/inc\xmc_spi.h **** __STATIC_INLINE void XMC_SPI_CH_DisableSOF(XMC_USIC_CH_t *const channel)
1038:D:/Projekty/TrinityTrack6000/MainControlBoard/Infineon/XMC4200/Libraries/XMCLib/inc\xmc_spi.h **** {
1039:D:/Projekty/TrinityTrack6000/MainControlBoard/Infineon/XMC4200/Libraries/XMCLib/inc\xmc_spi.h ****   channel->TCSR &= (uint32_t)~USIC_CH_TCSR_SOF_Msk;
1040:D:/Projekty/TrinityTrack6000/MainControlBoard/Infineon/XMC4200/Libraries/XMCLib/inc\xmc_spi.h **** }
1041:D:/Projekty/TrinityTrack6000/MainControlBoard/Infineon/XMC4200/Libraries/XMCLib/inc\xmc_spi.h **** 
1042:D:/Projekty/TrinityTrack6000/MainControlBoard/Infineon/XMC4200/Libraries/XMCLib/inc\xmc_spi.h **** /**
1043:D:/Projekty/TrinityTrack6000/MainControlBoard/Infineon/XMC4200/Libraries/XMCLib/inc\xmc_spi.h ****  * @param  channel A constant pointer to XMC_USIC_CH_t, pointing to the USIC channel base address.
1044:D:/Projekty/TrinityTrack6000/MainControlBoard/Infineon/XMC4200/Libraries/XMCLib/inc\xmc_spi.h ****  *
1045:D:/Projekty/TrinityTrack6000/MainControlBoard/Infineon/XMC4200/Libraries/XMCLib/inc\xmc_spi.h ****  * @return None
1046:D:/Projekty/TrinityTrack6000/MainControlBoard/Infineon/XMC4200/Libraries/XMCLib/inc\xmc_spi.h ****  *
1047:D:/Projekty/TrinityTrack6000/MainControlBoard/Infineon/XMC4200/Libraries/XMCLib/inc\xmc_spi.h ****  * \par<b>Description</b><br>
1048:D:/Projekty/TrinityTrack6000/MainControlBoard/Infineon/XMC4200/Libraries/XMCLib/inc\xmc_spi.h ****  * Configure the handling of end of frame through software, by setting TCSR.EOF bit.\n\n
1049:D:/Projekty/TrinityTrack6000/MainControlBoard/Infineon/XMC4200/Libraries/XMCLib/inc\xmc_spi.h ****  * This can be used if the software handles the TBUF data without FIFO. If EOF is set, a valid cont
1050:D:/Projekty/TrinityTrack6000/MainControlBoard/Infineon/XMC4200/Libraries/XMCLib/inc\xmc_spi.h ****  * considered as last word of a frame. After transfer of the last word, MSLS signal becomes inactiv
1051:D:/Projekty/TrinityTrack6000/MainControlBoard/Infineon/XMC4200/Libraries/XMCLib/inc\xmc_spi.h ****  * handling of EOF bit, it is recommended to configure TCSR.WLEMD as 0. \n
1052:D:/Projekty/TrinityTrack6000/MainControlBoard/Infineon/XMC4200/Libraries/XMCLib/inc\xmc_spi.h ****  * \b Note: The API should be called before putting the last data word of the frame to TBUF.
1053:D:/Projekty/TrinityTrack6000/MainControlBoard/Infineon/XMC4200/Libraries/XMCLib/inc\xmc_spi.h ****  *
1054:D:/Projekty/TrinityTrack6000/MainControlBoard/Infineon/XMC4200/Libraries/XMCLib/inc\xmc_spi.h ****  * \par<b>Related APIs:</b><BR>
1055:D:/Projekty/TrinityTrack6000/MainControlBoard/Infineon/XMC4200/Libraries/XMCLib/inc\xmc_spi.h ****  * XMC_SPI_CH_DisableEOF()
1056:D:/Projekty/TrinityTrack6000/MainControlBoard/Infineon/XMC4200/Libraries/XMCLib/inc\xmc_spi.h ****  */
1057:D:/Projekty/TrinityTrack6000/MainControlBoard/Infineon/XMC4200/Libraries/XMCLib/inc\xmc_spi.h **** __STATIC_INLINE void XMC_SPI_CH_EnableEOF(XMC_USIC_CH_t *const channel)
1058:D:/Projekty/TrinityTrack6000/MainControlBoard/Infineon/XMC4200/Libraries/XMCLib/inc\xmc_spi.h **** {
1059:D:/Projekty/TrinityTrack6000/MainControlBoard/Infineon/XMC4200/Libraries/XMCLib/inc\xmc_spi.h ****   channel->TCSR |= (uint32_t)USIC_CH_TCSR_EOF_Msk;
1060:D:/Projekty/TrinityTrack6000/MainControlBoard/Infineon/XMC4200/Libraries/XMCLib/inc\xmc_spi.h **** }
1061:D:/Projekty/TrinityTrack6000/MainControlBoard/Infineon/XMC4200/Libraries/XMCLib/inc\xmc_spi.h **** 
1062:D:/Projekty/TrinityTrack6000/MainControlBoard/Infineon/XMC4200/Libraries/XMCLib/inc\xmc_spi.h **** /**
1063:D:/Projekty/TrinityTrack6000/MainControlBoard/Infineon/XMC4200/Libraries/XMCLib/inc\xmc_spi.h ****  * @param  channel A constant pointer to XMC_USIC_CH_t, pointing to the USIC channel base address.
1064:D:/Projekty/TrinityTrack6000/MainControlBoard/Infineon/XMC4200/Libraries/XMCLib/inc\xmc_spi.h ****  *
1065:D:/Projekty/TrinityTrack6000/MainControlBoard/Infineon/XMC4200/Libraries/XMCLib/inc\xmc_spi.h ****  * @return None
1066:D:/Projekty/TrinityTrack6000/MainControlBoard/Infineon/XMC4200/Libraries/XMCLib/inc\xmc_spi.h ****  *
1067:D:/Projekty/TrinityTrack6000/MainControlBoard/Infineon/XMC4200/Libraries/XMCLib/inc\xmc_spi.h ****  * \par<b>Description</b><br>
1068:D:/Projekty/TrinityTrack6000/MainControlBoard/Infineon/XMC4200/Libraries/XMCLib/inc\xmc_spi.h ****  * Configure the handling of end of frame through hardware, by clearing TCSR.EOF bit.\n\n
1069:D:/Projekty/TrinityTrack6000/MainControlBoard/Infineon/XMC4200/Libraries/XMCLib/inc\xmc_spi.h ****  * Typically this can be disabled, where the transmission control is done by the hardware.
1070:D:/Projekty/TrinityTrack6000/MainControlBoard/Infineon/XMC4200/Libraries/XMCLib/inc\xmc_spi.h ****  *
1071:D:/Projekty/TrinityTrack6000/MainControlBoard/Infineon/XMC4200/Libraries/XMCLib/inc\xmc_spi.h ****  * \par<b>Related APIs:</b><BR>
1072:D:/Projekty/TrinityTrack6000/MainControlBoard/Infineon/XMC4200/Libraries/XMCLib/inc\xmc_spi.h ****  * XMC_SPI_CH_EnableEOF()
1073:D:/Projekty/TrinityTrack6000/MainControlBoard/Infineon/XMC4200/Libraries/XMCLib/inc\xmc_spi.h ****  */
1074:D:/Projekty/TrinityTrack6000/MainControlBoard/Infineon/XMC4200/Libraries/XMCLib/inc\xmc_spi.h **** __STATIC_INLINE void XMC_SPI_CH_DisableEOF(XMC_USIC_CH_t *const channel)
1075:D:/Projekty/TrinityTrack6000/MainControlBoard/Infineon/XMC4200/Libraries/XMCLib/inc\xmc_spi.h **** {
1076:D:/Projekty/TrinityTrack6000/MainControlBoard/Infineon/XMC4200/Libraries/XMCLib/inc\xmc_spi.h ****   channel->TCSR &= (uint32_t)~USIC_CH_TCSR_EOF_Msk;
1077:D:/Projekty/TrinityTrack6000/MainControlBoard/Infineon/XMC4200/Libraries/XMCLib/inc\xmc_spi.h **** }
1078:D:/Projekty/TrinityTrack6000/MainControlBoard/Infineon/XMC4200/Libraries/XMCLib/inc\xmc_spi.h **** 
1079:D:/Projekty/TrinityTrack6000/MainControlBoard/Infineon/XMC4200/Libraries/XMCLib/inc\xmc_spi.h **** /**
1080:D:/Projekty/TrinityTrack6000/MainControlBoard/Infineon/XMC4200/Libraries/XMCLib/inc\xmc_spi.h ****  * @param  channel A constant pointer to XMC_USIC_CH_t, pointing to the USIC channel base address.
1081:D:/Projekty/TrinityTrack6000/MainControlBoard/Infineon/XMC4200/Libraries/XMCLib/inc\xmc_spi.h ****  * @param  input SPI channel input stage.\n
1082:D:/Projekty/TrinityTrack6000/MainControlBoard/Infineon/XMC4200/Libraries/XMCLib/inc\xmc_spi.h ****  *               Refer @ref XMC_SPI_CH_INPUT_t for valid values
1083:D:/Projekty/TrinityTrack6000/MainControlBoard/Infineon/XMC4200/Libraries/XMCLib/inc\xmc_spi.h ****  * @param  source Input source select for the input stage.
1084:D:/Projekty/TrinityTrack6000/MainControlBoard/Infineon/XMC4200/Libraries/XMCLib/inc\xmc_spi.h ****  *                Range : [0 to 7]
1085:D:/Projekty/TrinityTrack6000/MainControlBoard/Infineon/XMC4200/Libraries/XMCLib/inc\xmc_spi.h ****  *
1086:D:/Projekty/TrinityTrack6000/MainControlBoard/Infineon/XMC4200/Libraries/XMCLib/inc\xmc_spi.h ****  * @return None
1087:D:/Projekty/TrinityTrack6000/MainControlBoard/Infineon/XMC4200/Libraries/XMCLib/inc\xmc_spi.h ****  *
1088:D:/Projekty/TrinityTrack6000/MainControlBoard/Infineon/XMC4200/Libraries/XMCLib/inc\xmc_spi.h ****  * \par<b>Description</b><br>
1089:D:/Projekty/TrinityTrack6000/MainControlBoard/Infineon/XMC4200/Libraries/XMCLib/inc\xmc_spi.h ****  * Selects the data source for SPI input stage, by configuring DXCR.DSEL bits.\n\n
1090:D:/Projekty/TrinityTrack6000/MainControlBoard/Infineon/XMC4200/Libraries/XMCLib/inc\xmc_spi.h ****  * Selects the input data signal source among DXnA, DXnB.. DXnG for the input stage. The API can be
1091:D:/Projekty/TrinityTrack6000/MainControlBoard/Infineon/XMC4200/Libraries/XMCLib/inc\xmc_spi.h ****  * input stages like DX0CR, DX1CR etc. This is not done during initialization. This has to be confi
1092:D:/Projekty/TrinityTrack6000/MainControlBoard/Infineon/XMC4200/Libraries/XMCLib/inc\xmc_spi.h ****  * the SPI communication.
1093:D:/Projekty/TrinityTrack6000/MainControlBoard/Infineon/XMC4200/Libraries/XMCLib/inc\xmc_spi.h ****  */
1094:D:/Projekty/TrinityTrack6000/MainControlBoard/Infineon/XMC4200/Libraries/XMCLib/inc\xmc_spi.h **** __STATIC_INLINE void XMC_SPI_CH_SetInputSource(XMC_USIC_CH_t *const channel,
1095:D:/Projekty/TrinityTrack6000/MainControlBoard/Infineon/XMC4200/Libraries/XMCLib/inc\xmc_spi.h ****     const XMC_SPI_CH_INPUT_t input,
1096:D:/Projekty/TrinityTrack6000/MainControlBoard/Infineon/XMC4200/Libraries/XMCLib/inc\xmc_spi.h ****     const uint8_t source)
1097:D:/Projekty/TrinityTrack6000/MainControlBoard/Infineon/XMC4200/Libraries/XMCLib/inc\xmc_spi.h **** {
 770              	 .loc 3 1097 0
 771              	 .cfi_startproc
 772              	 
 773              	 
 774 0000 80B5     	 push {r7,lr}
 775              	.LCFI78:
 776              	 .cfi_def_cfa_offset 8
 777              	 .cfi_offset 7,-8
 778              	 .cfi_offset 14,-4
 779 0002 82B0     	 sub sp,sp,#8
 780              	.LCFI79:
 781              	 .cfi_def_cfa_offset 16
 782 0004 00AF     	 add r7,sp,#0
 783              	.LCFI80:
 784              	 .cfi_def_cfa_register 7
 785 0006 7860     	 str r0,[r7,#4]
 786 0008 0B46     	 mov r3,r1
 787 000a FB70     	 strb r3,[r7,#3]
 788 000c 1346     	 mov r3,r2
 789 000e BB70     	 strb r3,[r7,#2]
1098:D:/Projekty/TrinityTrack6000/MainControlBoard/Infineon/XMC4200/Libraries/XMCLib/inc\xmc_spi.h ****   channel->DXCR[input] = (uint32_t)(channel->DXCR[input] & (~USIC_CH_DX0CR_DSEN_Msk)) | USIC_CH_DX0
 790              	 .loc 3 1098 0
 791 0010 F878     	 ldrb r0,[r7,#3]
 792 0012 FB78     	 ldrb r3,[r7,#3]
 793 0014 7A68     	 ldr r2,[r7,#4]
 794 0016 0633     	 adds r3,r3,#6
 795 0018 9B00     	 lsls r3,r3,#2
 796 001a 1344     	 add r3,r3,r2
 797 001c 5B68     	 ldr r3,[r3,#4]
 798 001e 23F05003 	 bic r3,r3,#80
 799 0022 43F01002 	 orr r2,r3,#16
 800 0026 7968     	 ldr r1,[r7,#4]
 801 0028 831D     	 adds r3,r0,#6
 802 002a 9B00     	 lsls r3,r3,#2
 803 002c 0B44     	 add r3,r3,r1
 804 002e 5A60     	 str r2,[r3,#4]
1099:D:/Projekty/TrinityTrack6000/MainControlBoard/Infineon/XMC4200/Libraries/XMCLib/inc\xmc_spi.h ****   XMC_USIC_CH_SetInputSource(channel, (XMC_USIC_CH_INPUT_t)input, source);
 805              	 .loc 3 1099 0
 806 0030 FA78     	 ldrb r2,[r7,#3]
 807 0032 BB78     	 ldrb r3,[r7,#2]
 808 0034 7868     	 ldr r0,[r7,#4]
 809 0036 1146     	 mov r1,r2
 810 0038 1A46     	 mov r2,r3
 811 003a FFF7FEFF 	 bl XMC_USIC_CH_SetInputSource
1100:D:/Projekty/TrinityTrack6000/MainControlBoard/Infineon/XMC4200/Libraries/XMCLib/inc\xmc_spi.h **** }
 812              	 .loc 3 1100 0
 813 003e 0837     	 adds r7,r7,#8
 814              	.LCFI81:
 815              	 .cfi_def_cfa_offset 8
 816 0040 BD46     	 mov sp,r7
 817              	.LCFI82:
 818              	 .cfi_def_cfa_register 13
 819              	 
 820 0042 80BD     	 pop {r7,pc}
 821              	 .cfi_endproc
 822              	.LFE272:
 824              	 .section .text.XMC_SPI_CH_EnableInputInversion,"ax",%progbits
 825              	 .align 2
 826              	 .thumb
 827              	 .thumb_func
 829              	XMC_SPI_CH_EnableInputInversion:
 830              	.LFB274:
1101:D:/Projekty/TrinityTrack6000/MainControlBoard/Infineon/XMC4200/Libraries/XMCLib/inc\xmc_spi.h **** 
1102:D:/Projekty/TrinityTrack6000/MainControlBoard/Infineon/XMC4200/Libraries/XMCLib/inc\xmc_spi.h **** /**
1103:D:/Projekty/TrinityTrack6000/MainControlBoard/Infineon/XMC4200/Libraries/XMCLib/inc\xmc_spi.h ****  * @param  channel A constant pointer to XMC_USIC_CH_t, pointing to the USIC channel base address.
1104:D:/Projekty/TrinityTrack6000/MainControlBoard/Infineon/XMC4200/Libraries/XMCLib/inc\xmc_spi.h ****  * @param  selo_inversion Polarity of the slave select signal relative to the MSLS signal.\n
1105:D:/Projekty/TrinityTrack6000/MainControlBoard/Infineon/XMC4200/Libraries/XMCLib/inc\xmc_spi.h ****  *               Refer @ref XMC_SPI_CH_SLAVE_SEL_MSLS_INV_t for valid values
1106:D:/Projekty/TrinityTrack6000/MainControlBoard/Infineon/XMC4200/Libraries/XMCLib/inc\xmc_spi.h ****  *
1107:D:/Projekty/TrinityTrack6000/MainControlBoard/Infineon/XMC4200/Libraries/XMCLib/inc\xmc_spi.h ****  * @return None
1108:D:/Projekty/TrinityTrack6000/MainControlBoard/Infineon/XMC4200/Libraries/XMCLib/inc\xmc_spi.h ****  *
1109:D:/Projekty/TrinityTrack6000/MainControlBoard/Infineon/XMC4200/Libraries/XMCLib/inc\xmc_spi.h ****  * \par<b>Description</b><br>
1110:D:/Projekty/TrinityTrack6000/MainControlBoard/Infineon/XMC4200/Libraries/XMCLib/inc\xmc_spi.h ****  * Set the polarity of the slave select signal, by configuring PCR.SELINV bit.\n\n
1111:D:/Projekty/TrinityTrack6000/MainControlBoard/Infineon/XMC4200/Libraries/XMCLib/inc\xmc_spi.h ****  * Normally MSLS signal is active low level signal. SO based on the slave inversion has to be appli
1112:D:/Projekty/TrinityTrack6000/MainControlBoard/Infineon/XMC4200/Libraries/XMCLib/inc\xmc_spi.h ****  * in XMC_SPI_CH_Init() during initialization. Invoke XMC_SPI_CH_SetSlaveSelectPolarity() with desi
1113:D:/Projekty/TrinityTrack6000/MainControlBoard/Infineon/XMC4200/Libraries/XMCLib/inc\xmc_spi.h ****  * needed later in the program.
1114:D:/Projekty/TrinityTrack6000/MainControlBoard/Infineon/XMC4200/Libraries/XMCLib/inc\xmc_spi.h ****  */
1115:D:/Projekty/TrinityTrack6000/MainControlBoard/Infineon/XMC4200/Libraries/XMCLib/inc\xmc_spi.h **** __STATIC_INLINE void XMC_SPI_CH_SetSlaveSelectPolarity(XMC_USIC_CH_t *const channel,
1116:D:/Projekty/TrinityTrack6000/MainControlBoard/Infineon/XMC4200/Libraries/XMCLib/inc\xmc_spi.h ****     const XMC_SPI_CH_SLAVE_SEL_MSLS_INV_t selo_inversion)
1117:D:/Projekty/TrinityTrack6000/MainControlBoard/Infineon/XMC4200/Libraries/XMCLib/inc\xmc_spi.h **** {
1118:D:/Projekty/TrinityTrack6000/MainControlBoard/Infineon/XMC4200/Libraries/XMCLib/inc\xmc_spi.h ****   /* Configuration of Protocol Control Register */
1119:D:/Projekty/TrinityTrack6000/MainControlBoard/Infineon/XMC4200/Libraries/XMCLib/inc\xmc_spi.h ****   channel->PCR_SSCMode = (uint32_t)((channel->PCR_SSCMode & (~USIC_CH_PCR_SSCMode_SELINV_Msk)) | (u
1120:D:/Projekty/TrinityTrack6000/MainControlBoard/Infineon/XMC4200/Libraries/XMCLib/inc\xmc_spi.h **** }
1121:D:/Projekty/TrinityTrack6000/MainControlBoard/Infineon/XMC4200/Libraries/XMCLib/inc\xmc_spi.h **** 
1122:D:/Projekty/TrinityTrack6000/MainControlBoard/Infineon/XMC4200/Libraries/XMCLib/inc\xmc_spi.h **** /**
1123:D:/Projekty/TrinityTrack6000/MainControlBoard/Infineon/XMC4200/Libraries/XMCLib/inc\xmc_spi.h ****  * @param  channel A constant pointer to XMC_USIC_CH_t, pointing to the USIC channel base address.
1124:D:/Projekty/TrinityTrack6000/MainControlBoard/Infineon/XMC4200/Libraries/XMCLib/inc\xmc_spi.h ****  * @param  input SPI channel input stage.\n
1125:D:/Projekty/TrinityTrack6000/MainControlBoard/Infineon/XMC4200/Libraries/XMCLib/inc\xmc_spi.h ****  *               Refer @ref XMC_SPI_CH_INPUT_t for valid inputs.
1126:D:/Projekty/TrinityTrack6000/MainControlBoard/Infineon/XMC4200/Libraries/XMCLib/inc\xmc_spi.h ****  *
1127:D:/Projekty/TrinityTrack6000/MainControlBoard/Infineon/XMC4200/Libraries/XMCLib/inc\xmc_spi.h ****  * @return None
1128:D:/Projekty/TrinityTrack6000/MainControlBoard/Infineon/XMC4200/Libraries/XMCLib/inc\xmc_spi.h ****  *
1129:D:/Projekty/TrinityTrack6000/MainControlBoard/Infineon/XMC4200/Libraries/XMCLib/inc\xmc_spi.h ****  * \par<b>Description</b><br>
1130:D:/Projekty/TrinityTrack6000/MainControlBoard/Infineon/XMC4200/Libraries/XMCLib/inc\xmc_spi.h ****  * Enables the polarity inversion of input data signal, by setting DXyCR.DPOL(where y = \a input).\
1131:D:/Projekty/TrinityTrack6000/MainControlBoard/Infineon/XMC4200/Libraries/XMCLib/inc\xmc_spi.h ****  * This is not set in XMC_SPI_CH_Init(). Invoke XMC_SPI_CH_EnableInputInversion() as needed later i
1132:D:/Projekty/TrinityTrack6000/MainControlBoard/Infineon/XMC4200/Libraries/XMCLib/inc\xmc_spi.h ****  * disable the inversion XMC_SPI_CH_DisableInputInversion() can be invoked.
1133:D:/Projekty/TrinityTrack6000/MainControlBoard/Infineon/XMC4200/Libraries/XMCLib/inc\xmc_spi.h ****  *
1134:D:/Projekty/TrinityTrack6000/MainControlBoard/Infineon/XMC4200/Libraries/XMCLib/inc\xmc_spi.h ****  * \par<b>Related APIs:</b><BR>
1135:D:/Projekty/TrinityTrack6000/MainControlBoard/Infineon/XMC4200/Libraries/XMCLib/inc\xmc_spi.h ****  * XMC_SPI_CH_DisableInputInversion()
1136:D:/Projekty/TrinityTrack6000/MainControlBoard/Infineon/XMC4200/Libraries/XMCLib/inc\xmc_spi.h ****  */
1137:D:/Projekty/TrinityTrack6000/MainControlBoard/Infineon/XMC4200/Libraries/XMCLib/inc\xmc_spi.h **** __STATIC_INLINE void XMC_SPI_CH_EnableInputInversion(XMC_USIC_CH_t *const channel,
1138:D:/Projekty/TrinityTrack6000/MainControlBoard/Infineon/XMC4200/Libraries/XMCLib/inc\xmc_spi.h ****     const XMC_SPI_CH_INPUT_t input)
1139:D:/Projekty/TrinityTrack6000/MainControlBoard/Infineon/XMC4200/Libraries/XMCLib/inc\xmc_spi.h **** {
 831              	 .loc 3 1139 0
 832              	 .cfi_startproc
 833              	 
 834              	 
 835 0000 80B5     	 push {r7,lr}
 836              	.LCFI83:
 837              	 .cfi_def_cfa_offset 8
 838              	 .cfi_offset 7,-8
 839              	 .cfi_offset 14,-4
 840 0002 82B0     	 sub sp,sp,#8
 841              	.LCFI84:
 842              	 .cfi_def_cfa_offset 16
 843 0004 00AF     	 add r7,sp,#0
 844              	.LCFI85:
 845              	 .cfi_def_cfa_register 7
 846 0006 7860     	 str r0,[r7,#4]
 847 0008 0B46     	 mov r3,r1
 848 000a FB70     	 strb r3,[r7,#3]
1140:D:/Projekty/TrinityTrack6000/MainControlBoard/Infineon/XMC4200/Libraries/XMCLib/inc\xmc_spi.h ****   XMC_USIC_CH_EnableInputInversion(channel, (XMC_USIC_CH_INPUT_t)input);
 849              	 .loc 3 1140 0
 850 000c FB78     	 ldrb r3,[r7,#3]
 851 000e 7868     	 ldr r0,[r7,#4]
 852 0010 1946     	 mov r1,r3
 853 0012 FFF7FEFF 	 bl XMC_USIC_CH_EnableInputInversion
1141:D:/Projekty/TrinityTrack6000/MainControlBoard/Infineon/XMC4200/Libraries/XMCLib/inc\xmc_spi.h **** }
 854              	 .loc 3 1141 0
 855 0016 0837     	 adds r7,r7,#8
 856              	.LCFI86:
 857              	 .cfi_def_cfa_offset 8
 858 0018 BD46     	 mov sp,r7
 859              	.LCFI87:
 860              	 .cfi_def_cfa_register 13
 861              	 
 862 001a 80BD     	 pop {r7,pc}
 863              	 .cfi_endproc
 864              	.LFE274:
 866              	 .global SPI_BUS_channel_config
 867              	 .section .rodata.SPI_BUS_channel_config,"a",%progbits
 868              	 .align 2
 871              	SPI_BUS_channel_config:
 872 0000 00000000 	 .space 5
 872      00
 873 0005 01       	 .byte 1
 874 0006 0000     	 .space 2
 875 0008 0000     	 .short 0
 876 000a 0000     	 .space 2
 877              	 .global SPI_BUS_mosi1_pin_config
 878              	 .section .rodata.SPI_BUS_mosi1_pin_config,"a",%progbits
 879              	 .align 2
 882              	SPI_BUS_mosi1_pin_config:
 883 0000 90       	 .byte -112
 884 0001 000000   	 .space 3
 885 0004 01000000 	 .word 1
 886 0008 01       	 .byte 1
 887 0009 000000   	 .space 3
 888              	 .global SPI_BUS_miso_pin
 889              	 .section .rodata.SPI_BUS_miso_pin,"a",%progbits
 890              	 .align 2
 893              	SPI_BUS_miso_pin:
 894 0000 00800248 	 .word 1208123392
 895 0004 00000000 	 .word SPI_BUS_mosi1_pin_config
 896 0008 00       	 .byte 0
 897 0009 01       	 .byte 1
 898 000a 0000     	 .space 2
 899              	 .global SPI_BUS_mosi_pin_config
 900              	 .section .rodata.SPI_BUS_mosi_pin_config,"a",%progbits
 901              	 .align 2
 904              	SPI_BUS_mosi_pin_config:
 905 0000 00       	 .byte 0
 906 0001 000000   	 .space 3
 907 0004 01000000 	 .word 1
 908 0008 00000000 	 .space 4
 909              	 .global SPI_BUS_mosi_pin
 910              	 .section .rodata.SPI_BUS_mosi_pin,"a",%progbits
 911              	 .align 2
 914              	SPI_BUS_mosi_pin:
 915 0000 00800248 	 .word 1208123392
 916 0004 00000000 	 .word SPI_BUS_mosi_pin_config
 917 0008 00       	 .byte 0
 918 0009 00       	 .byte 0
 919 000a 0000     	 .space 2
 920              	 .global SPI_BUS_sclk_pin_config
 921              	 .section .rodata.SPI_BUS_sclk_pin_config,"a",%progbits
 922              	 .align 2
 925              	SPI_BUS_sclk_pin_config:
 926 0000 00       	 .byte 0
 927 0001 000000   	 .space 3
 928 0004 01000000 	 .word 1
 929 0008 01       	 .byte 1
 930 0009 000000   	 .space 3
 931              	 .global SPI_BUS_slavesel_pin_config
 932              	 .section .rodata.SPI_BUS_slavesel_pin_config,"a",%progbits
 933              	 .align 2
 936              	SPI_BUS_slavesel_pin_config:
 937 0000 00       	 .byte 0
 938 0001 000000   	 .space 3
 939 0004 01000000 	 .word 1
 940 0008 01       	 .byte 1
 941 0009 000000   	 .space 3
 942              	 .global SPI_BUS_conf
 943              	 .section .rodata.SPI_BUS_conf,"a",%progbits
 944              	 .align 2
 947              	SPI_BUS_conf:
 948 0000 00000000 	 .word SPI_BUS_channel_config
 949 0004 00000000 	 .word SPI_BUS_miso_pin
 950 0008 00000000 	 .word SPI_BUS_mosi_pin
 951 000c 00000000 	 .word SPI_BUS_init
 952 0010 00000000 	 .word 0
 953 0014 00000000 	 .word 0
 954 0018 00000000 	 .word 0
 955 001c 00000000 	 .word 0
 956 0020 00       	 .byte 0
 957 0021 00       	 .byte 0
 958 0022 04       	 .byte 4
 959 0023 04       	 .byte 4
 960 0024 00       	 .byte 0
 961 0025 02       	 .byte 2
 962 0026 03       	 .byte 3
 963 0027 00       	 .space 1
 964              	 .global SPI_BUS_runtime
 965              	 .section .data.SPI_BUS_runtime,"aw",%progbits
 966              	 .align 2
 969              	SPI_BUS_runtime:
 970 0000 00000000 	 .space 24
 970      00000000 
 970      00000000 
 970      00000000 
 970      00000000 
 971 0018 00       	 .byte 0
 972 0019 01       	 .byte 1
 973 001a 00       	 .byte 0
 974 001b 00       	 .byte 0
 975              	 .global SPI_BUS
 976              	 .section .data.SPI_BUS,"aw",%progbits
 977              	 .align 2
 980              	SPI_BUS:
 981 0000 00020248 	 .word 1208091136
 982 0004 00000000 	 .word SPI_BUS_conf
 983 0008 00000000 	 .word SPI_BUS_runtime
 984              	 .section .text.SPI_BUS_init,"ax",%progbits
 985              	 .align 2
 986              	 .global SPI_BUS_init
 987              	 .thumb
 988              	 .thumb_func
 990              	SPI_BUS_init:
 991              	.LFB302:
 992              	 .file 4 "../Dave/Generated/SPI_SLAVE/spi_slave_conf.c"
   1:../Dave/Generated/SPI_SLAVE/spi_slave_conf.c **** 
   2:../Dave/Generated/SPI_SLAVE/spi_slave_conf.c **** /**
   3:../Dave/Generated/SPI_SLAVE/spi_slave_conf.c ****  * @cond
   4:../Dave/Generated/SPI_SLAVE/spi_slave_conf.c ****  **************************************************************************************************
   5:../Dave/Generated/SPI_SLAVE/spi_slave_conf.c ****  *
   6:../Dave/Generated/SPI_SLAVE/spi_slave_conf.c ****  * Copyright (c) 2015-2020, Infineon Technologies AG
   7:../Dave/Generated/SPI_SLAVE/spi_slave_conf.c ****  * All rights reserved.
   8:../Dave/Generated/SPI_SLAVE/spi_slave_conf.c ****  *
   9:../Dave/Generated/SPI_SLAVE/spi_slave_conf.c ****  * Redistribution and use in source and binary forms, with or without modification,are permitted pr
  10:../Dave/Generated/SPI_SLAVE/spi_slave_conf.c ****  * following conditions are met:
  11:../Dave/Generated/SPI_SLAVE/spi_slave_conf.c ****  *
  12:../Dave/Generated/SPI_SLAVE/spi_slave_conf.c ****  *   Redistributions of source code must retain the above copyright notice, this list of conditions
  13:../Dave/Generated/SPI_SLAVE/spi_slave_conf.c ****  *   disclaimer.
  14:../Dave/Generated/SPI_SLAVE/spi_slave_conf.c ****  *
  15:../Dave/Generated/SPI_SLAVE/spi_slave_conf.c ****  *   Redistributions in binary form must reproduce the above copyright notice, this list of conditi
  16:../Dave/Generated/SPI_SLAVE/spi_slave_conf.c ****  *   following disclaimer in the documentation and/or other materials provided with the distributio
  17:../Dave/Generated/SPI_SLAVE/spi_slave_conf.c ****  *
  18:../Dave/Generated/SPI_SLAVE/spi_slave_conf.c ****  *   Neither the name of the copyright holders nor the names of its contributors may be used to end
  19:../Dave/Generated/SPI_SLAVE/spi_slave_conf.c ****  *   products derived from this software without specific prior written permission.
  20:../Dave/Generated/SPI_SLAVE/spi_slave_conf.c ****  *
  21:../Dave/Generated/SPI_SLAVE/spi_slave_conf.c ****  * THIS SOFTWARE IS PROVIDED BY THE COPYRIGHT HOLDERS AND CONTRIBUTORS "AS IS" AND ANY EXPRESS OR I
  22:../Dave/Generated/SPI_SLAVE/spi_slave_conf.c ****  * INCLUDING, BUT NOT LIMITED TO, THE IMPLIED WARRANTIES OF MERCHANTABILITY AND FITNESS FOR A PARTI
  23:../Dave/Generated/SPI_SLAVE/spi_slave_conf.c ****  * DISCLAIMED. IN NO EVENT SHALL THE COPYRIGHT HOLDER OR CONTRIBUTORS BE LIABLE  FOR ANY DIRECT, IN
  24:../Dave/Generated/SPI_SLAVE/spi_slave_conf.c ****  * SPECIAL, EXEMPLARY, OR CONSEQUENTIAL DAMAGES (INCLUDING, BUT NOT LIMITED TO, PROCUREMENT OF SUBS
  25:../Dave/Generated/SPI_SLAVE/spi_slave_conf.c ****  * SERVICES; LOSS OF USE, DATA, OR PROFITS; OR BUSINESS INTERRUPTION) HOWEVER CAUSED AND ON ANY THE
  26:../Dave/Generated/SPI_SLAVE/spi_slave_conf.c ****  * WHETHER IN CONTRACT, STRICT LIABILITY,OR TORT (INCLUDING NEGLIGENCE OR OTHERWISE) ARISING IN ANY
  27:../Dave/Generated/SPI_SLAVE/spi_slave_conf.c ****  * USE OF THIS SOFTWARE, EVEN IF ADVISED OF THE POSSIBILITY OF SUCH DAMAGE.
  28:../Dave/Generated/SPI_SLAVE/spi_slave_conf.c ****  *
  29:../Dave/Generated/SPI_SLAVE/spi_slave_conf.c ****  * To improve the quality of the software, users are encouraged to share modifications, enhancement
  30:../Dave/Generated/SPI_SLAVE/spi_slave_conf.c ****  * with Infineon Technologies AG (dave@infineon.com).
  31:../Dave/Generated/SPI_SLAVE/spi_slave_conf.c ****  **************************************************************************************************
  32:../Dave/Generated/SPI_SLAVE/spi_slave_conf.c ****  *
  33:../Dave/Generated/SPI_SLAVE/spi_slave_conf.c ****  * Change History
  34:../Dave/Generated/SPI_SLAVE/spi_slave_conf.c ****  * --------------
  35:../Dave/Generated/SPI_SLAVE/spi_slave_conf.c ****  *
  36:../Dave/Generated/SPI_SLAVE/spi_slave_conf.c ****  * 2015-08-06:
  37:../Dave/Generated/SPI_SLAVE/spi_slave_conf.c ****  *     - Initial version for DAVEv4.
  38:../Dave/Generated/SPI_SLAVE/spi_slave_conf.c ****  *
  39:../Dave/Generated/SPI_SLAVE/spi_slave_conf.c ****  * @endcond
  40:../Dave/Generated/SPI_SLAVE/spi_slave_conf.c ****  *
  41:../Dave/Generated/SPI_SLAVE/spi_slave_conf.c ****  */
  42:../Dave/Generated/SPI_SLAVE/spi_slave_conf.c **** /**************************************************************************************************
  43:../Dave/Generated/SPI_SLAVE/spi_slave_conf.c ****  * HEADER FILES
  44:../Dave/Generated/SPI_SLAVE/spi_slave_conf.c ****  **************************************************************************************************
  45:../Dave/Generated/SPI_SLAVE/spi_slave_conf.c **** #include "spi_slave.h"
  46:../Dave/Generated/SPI_SLAVE/spi_slave_conf.c **** 
  47:../Dave/Generated/SPI_SLAVE/spi_slave_conf.c **** /**************************************************************************************************
  48:../Dave/Generated/SPI_SLAVE/spi_slave_conf.c ****  * EXTERN DECLARATIONS
  49:../Dave/Generated/SPI_SLAVE/spi_slave_conf.c ****  **************************************************************************************************
  50:../Dave/Generated/SPI_SLAVE/spi_slave_conf.c **** 
  51:../Dave/Generated/SPI_SLAVE/spi_slave_conf.c **** extern void SPI_SLAVE_lTransmitHandler(const SPI_SLAVE_t * const handle);
  52:../Dave/Generated/SPI_SLAVE/spi_slave_conf.c **** extern void SPI_SLAVE_lReceiveHandler(const SPI_SLAVE_t * const handle);
  53:../Dave/Generated/SPI_SLAVE/spi_slave_conf.c **** extern void SPI_SLAVE_lProtocolHandler(const SPI_SLAVE_t * const handle);
  54:../Dave/Generated/SPI_SLAVE/spi_slave_conf.c **** 
  55:../Dave/Generated/SPI_SLAVE/spi_slave_conf.c **** 
  56:../Dave/Generated/SPI_SLAVE/spi_slave_conf.c **** /**************************************************************************************************
  57:../Dave/Generated/SPI_SLAVE/spi_slave_conf.c ****  * DATA STRUCTURES
  58:../Dave/Generated/SPI_SLAVE/spi_slave_conf.c ****  **************************************************************************************************
  59:../Dave/Generated/SPI_SLAVE/spi_slave_conf.c **** SPI_SLAVE_STATUS_t SPI_BUS_init(void);
  60:../Dave/Generated/SPI_SLAVE/spi_slave_conf.c **** 
  61:../Dave/Generated/SPI_SLAVE/spi_slave_conf.c **** /*USIC channel configuration*/
  62:../Dave/Generated/SPI_SLAVE/spi_slave_conf.c **** const XMC_SPI_CH_CONFIG_t SPI_BUS_channel_config =
  63:../Dave/Generated/SPI_SLAVE/spi_slave_conf.c **** {
  64:../Dave/Generated/SPI_SLAVE/spi_slave_conf.c ****   .bus_mode     = XMC_SPI_CH_BUS_MODE_SLAVE,
  65:../Dave/Generated/SPI_SLAVE/spi_slave_conf.c ****   .parity_mode   = XMC_USIC_CH_PARITY_MODE_NONE
  66:../Dave/Generated/SPI_SLAVE/spi_slave_conf.c **** };
  67:../Dave/Generated/SPI_SLAVE/spi_slave_conf.c **** /*MISO pin configuration*/
  68:../Dave/Generated/SPI_SLAVE/spi_slave_conf.c **** const XMC_GPIO_CONFIG_t SPI_BUS_mosi1_pin_config   = 
  69:../Dave/Generated/SPI_SLAVE/spi_slave_conf.c **** { 
  70:../Dave/Generated/SPI_SLAVE/spi_slave_conf.c **** #ifdef P0_1_AF_U1C1_DOUT0
  71:../Dave/Generated/SPI_SLAVE/spi_slave_conf.c ****   .mode             = (XMC_GPIO_MODE_OUTPUT_PUSH_PULL_ALT2| P0_1_AF_U1C1_DOUT0), 
  72:../Dave/Generated/SPI_SLAVE/spi_slave_conf.c **** #else
  73:../Dave/Generated/SPI_SLAVE/spi_slave_conf.c ****   .mode             = XMC_GPIO_MODE_OUTPUT_PUSH_PULL_ALT2, 
  74:../Dave/Generated/SPI_SLAVE/spi_slave_conf.c **** #endif
  75:../Dave/Generated/SPI_SLAVE/spi_slave_conf.c ****   .output_level     = XMC_GPIO_OUTPUT_LEVEL_HIGH,
  76:../Dave/Generated/SPI_SLAVE/spi_slave_conf.c ****   .output_strength  = XMC_GPIO_OUTPUT_STRENGTH_STRONG_MEDIUM_EDGE
  77:../Dave/Generated/SPI_SLAVE/spi_slave_conf.c **** };
  78:../Dave/Generated/SPI_SLAVE/spi_slave_conf.c **** 
  79:../Dave/Generated/SPI_SLAVE/spi_slave_conf.c **** /*MISO pin configuration used for initializing*/
  80:../Dave/Generated/SPI_SLAVE/spi_slave_conf.c **** const SPI_SLAVE_PIN_CONFIG_t SPI_BUS_miso_pin = 
  81:../Dave/Generated/SPI_SLAVE/spi_slave_conf.c **** {
  82:../Dave/Generated/SPI_SLAVE/spi_slave_conf.c ****   .port = (XMC_GPIO_PORT_t *)PORT0_BASE,
  83:../Dave/Generated/SPI_SLAVE/spi_slave_conf.c ****   .config = &SPI_BUS_mosi1_pin_config,
  84:../Dave/Generated/SPI_SLAVE/spi_slave_conf.c ****   .hw_control = XMC_GPIO_HWCTRL_DISABLED,
  85:../Dave/Generated/SPI_SLAVE/spi_slave_conf.c ****   .pin = 1U
  86:../Dave/Generated/SPI_SLAVE/spi_slave_conf.c **** };
  87:../Dave/Generated/SPI_SLAVE/spi_slave_conf.c **** 
  88:../Dave/Generated/SPI_SLAVE/spi_slave_conf.c **** /*MOSI pin configuration*/
  89:../Dave/Generated/SPI_SLAVE/spi_slave_conf.c **** const XMC_GPIO_CONFIG_t SPI_BUS_mosi_pin_config   = 
  90:../Dave/Generated/SPI_SLAVE/spi_slave_conf.c **** { 
  91:../Dave/Generated/SPI_SLAVE/spi_slave_conf.c ****   .mode             = XMC_GPIO_MODE_INPUT_TRISTATE, 
  92:../Dave/Generated/SPI_SLAVE/spi_slave_conf.c ****   .output_level     = XMC_GPIO_OUTPUT_LEVEL_HIGH
  93:../Dave/Generated/SPI_SLAVE/spi_slave_conf.c **** };
  94:../Dave/Generated/SPI_SLAVE/spi_slave_conf.c **** 
  95:../Dave/Generated/SPI_SLAVE/spi_slave_conf.c **** /*MOSI pin configuration used for initializing*/
  96:../Dave/Generated/SPI_SLAVE/spi_slave_conf.c **** const SPI_SLAVE_PIN_CONFIG_t SPI_BUS_mosi_pin = 
  97:../Dave/Generated/SPI_SLAVE/spi_slave_conf.c **** {
  98:../Dave/Generated/SPI_SLAVE/spi_slave_conf.c ****   .port = (XMC_GPIO_PORT_t *)PORT0_BASE,
  99:../Dave/Generated/SPI_SLAVE/spi_slave_conf.c ****   .config = &SPI_BUS_mosi_pin_config,
 100:../Dave/Generated/SPI_SLAVE/spi_slave_conf.c ****   .hw_control = XMC_GPIO_HWCTRL_DISABLED,
 101:../Dave/Generated/SPI_SLAVE/spi_slave_conf.c ****   .pin = 0U
 102:../Dave/Generated/SPI_SLAVE/spi_slave_conf.c **** };
 103:../Dave/Generated/SPI_SLAVE/spi_slave_conf.c **** 
 104:../Dave/Generated/SPI_SLAVE/spi_slave_conf.c **** /*SCLK pin configuration*/
 105:../Dave/Generated/SPI_SLAVE/spi_slave_conf.c **** const XMC_GPIO_CONFIG_t SPI_BUS_sclk_pin_config   = 
 106:../Dave/Generated/SPI_SLAVE/spi_slave_conf.c **** { 
 107:../Dave/Generated/SPI_SLAVE/spi_slave_conf.c ****   .mode             = XMC_GPIO_MODE_INPUT_TRISTATE, 
 108:../Dave/Generated/SPI_SLAVE/spi_slave_conf.c ****   .output_level     = XMC_GPIO_OUTPUT_LEVEL_HIGH,
 109:../Dave/Generated/SPI_SLAVE/spi_slave_conf.c ****   .output_strength  = XMC_GPIO_OUTPUT_STRENGTH_STRONG_MEDIUM_EDGE
 110:../Dave/Generated/SPI_SLAVE/spi_slave_conf.c **** };
 111:../Dave/Generated/SPI_SLAVE/spi_slave_conf.c **** 
 112:../Dave/Generated/SPI_SLAVE/spi_slave_conf.c **** /*SELIN pin configuration*/
 113:../Dave/Generated/SPI_SLAVE/spi_slave_conf.c **** const XMC_GPIO_CONFIG_t SPI_BUS_slavesel_pin_config   = 
 114:../Dave/Generated/SPI_SLAVE/spi_slave_conf.c **** { 
 115:../Dave/Generated/SPI_SLAVE/spi_slave_conf.c ****   .mode             = XMC_GPIO_MODE_INPUT_TRISTATE, 
 116:../Dave/Generated/SPI_SLAVE/spi_slave_conf.c ****   .output_level     = XMC_GPIO_OUTPUT_LEVEL_HIGH,
 117:../Dave/Generated/SPI_SLAVE/spi_slave_conf.c ****   .output_strength  = XMC_GPIO_OUTPUT_STRENGTH_STRONG_MEDIUM_EDGE
 118:../Dave/Generated/SPI_SLAVE/spi_slave_conf.c **** };
 119:../Dave/Generated/SPI_SLAVE/spi_slave_conf.c **** 
 120:../Dave/Generated/SPI_SLAVE/spi_slave_conf.c **** const SPI_SLAVE_CONFIG_t SPI_BUS_conf =
 121:../Dave/Generated/SPI_SLAVE/spi_slave_conf.c **** {
 122:../Dave/Generated/SPI_SLAVE/spi_slave_conf.c ****   .channel_config = &SPI_BUS_channel_config,
 123:../Dave/Generated/SPI_SLAVE/spi_slave_conf.c **** 
 124:../Dave/Generated/SPI_SLAVE/spi_slave_conf.c ****   .mosi1_pin_config = &SPI_BUS_miso_pin,
 125:../Dave/Generated/SPI_SLAVE/spi_slave_conf.c ****   .mosi0_pin_config = &SPI_BUS_mosi_pin,
 126:../Dave/Generated/SPI_SLAVE/spi_slave_conf.c ****   .fptr_spi_slave_config = SPI_BUS_init,
 127:../Dave/Generated/SPI_SLAVE/spi_slave_conf.c ****   .tx_cbhandler = NULL,
 128:../Dave/Generated/SPI_SLAVE/spi_slave_conf.c ****   .rx_cbhandler = NULL,
 129:../Dave/Generated/SPI_SLAVE/spi_slave_conf.c ****   .parity_error_cbhandler = NULL,
 130:../Dave/Generated/SPI_SLAVE/spi_slave_conf.c ****   .slave_select_cbhandler = NULL,
 131:../Dave/Generated/SPI_SLAVE/spi_slave_conf.c ****   .transmit_mode = SPI_SLAVE_TRANSFER_MODE_INTERRUPT,
 132:../Dave/Generated/SPI_SLAVE/spi_slave_conf.c ****   .receive_mode = SPI_SLAVE_TRANSFER_MODE_INTERRUPT,
 133:../Dave/Generated/SPI_SLAVE/spi_slave_conf.c ****   .tx_fifo_size = XMC_USIC_CH_FIFO_SIZE_16WORDS,
 134:../Dave/Generated/SPI_SLAVE/spi_slave_conf.c ****   .rx_fifo_size = XMC_USIC_CH_FIFO_SIZE_16WORDS,
 135:../Dave/Generated/SPI_SLAVE/spi_slave_conf.c ****   .spi_configured_mode = XMC_SPI_CH_MODE_STANDARD,
 136:../Dave/Generated/SPI_SLAVE/spi_slave_conf.c ****   .tx_sr = 2U,
 137:../Dave/Generated/SPI_SLAVE/spi_slave_conf.c **** #ifdef USIC1_C1_DX0_P0_0
 138:../Dave/Generated/SPI_SLAVE/spi_slave_conf.c ****   .dx0_source = (SPI_SLAVE_INPUT_t)USIC1_C1_DX0_P0_0,
 139:../Dave/Generated/SPI_SLAVE/spi_slave_conf.c **** #else
 140:../Dave/Generated/SPI_SLAVE/spi_slave_conf.c ****   .dx0_source = SPI_SLAVE_INPUT_INVALID,
 141:../Dave/Generated/SPI_SLAVE/spi_slave_conf.c **** #endif
 142:../Dave/Generated/SPI_SLAVE/spi_slave_conf.c **** };
 143:../Dave/Generated/SPI_SLAVE/spi_slave_conf.c **** 
 144:../Dave/Generated/SPI_SLAVE/spi_slave_conf.c **** SPI_SLAVE_RUNTIME_t SPI_BUS_runtime =
 145:../Dave/Generated/SPI_SLAVE/spi_slave_conf.c **** {
 146:../Dave/Generated/SPI_SLAVE/spi_slave_conf.c ****   .spi_current_mode = XMC_SPI_CH_MODE_STANDARD,
 147:../Dave/Generated/SPI_SLAVE/spi_slave_conf.c ****   .data_size = SPI_SLAVE_DATA_SIZE_8BITS,
 148:../Dave/Generated/SPI_SLAVE/spi_slave_conf.c ****   .tx_busy = false,
 149:../Dave/Generated/SPI_SLAVE/spi_slave_conf.c ****   .rx_busy = false
 150:../Dave/Generated/SPI_SLAVE/spi_slave_conf.c **** };
 151:../Dave/Generated/SPI_SLAVE/spi_slave_conf.c **** 
 152:../Dave/Generated/SPI_SLAVE/spi_slave_conf.c **** SPI_SLAVE_t SPI_BUS =
 153:../Dave/Generated/SPI_SLAVE/spi_slave_conf.c **** {
 154:../Dave/Generated/SPI_SLAVE/spi_slave_conf.c ****   .channel = XMC_SPI1_CH1,
 155:../Dave/Generated/SPI_SLAVE/spi_slave_conf.c ****   .config = &SPI_BUS_conf,
 156:../Dave/Generated/SPI_SLAVE/spi_slave_conf.c ****   .runtime = &SPI_BUS_runtime
 157:../Dave/Generated/SPI_SLAVE/spi_slave_conf.c **** };
 158:../Dave/Generated/SPI_SLAVE/spi_slave_conf.c **** 
 159:../Dave/Generated/SPI_SLAVE/spi_slave_conf.c **** /**************************************************************************************************
 160:../Dave/Generated/SPI_SLAVE/spi_slave_conf.c ****  * API IMPLEMENTATION
 161:../Dave/Generated/SPI_SLAVE/spi_slave_conf.c ****  **************************************************************************************************
 162:../Dave/Generated/SPI_SLAVE/spi_slave_conf.c **** /*Channel initialization function*/
 163:../Dave/Generated/SPI_SLAVE/spi_slave_conf.c **** SPI_SLAVE_STATUS_t SPI_BUS_init()
 164:../Dave/Generated/SPI_SLAVE/spi_slave_conf.c **** {
 993              	 .loc 4 164 0
 994              	 .cfi_startproc
 995              	 
 996              	 
 997 0000 80B5     	 push {r7,lr}
 998              	.LCFI88:
 999              	 .cfi_def_cfa_offset 8
 1000              	 .cfi_offset 7,-8
 1001              	 .cfi_offset 14,-4
 1002 0002 82B0     	 sub sp,sp,#8
 1003              	.LCFI89:
 1004              	 .cfi_def_cfa_offset 16
 1005 0004 00AF     	 add r7,sp,#0
 1006              	.LCFI90:
 1007              	 .cfi_def_cfa_register 7
 165:../Dave/Generated/SPI_SLAVE/spi_slave_conf.c ****   SPI_SLAVE_STATUS_t status = SPI_SLAVE_STATUS_SUCCESS;
 1008              	 .loc 4 165 0
 1009 0006 0023     	 movs r3,#0
 1010 0008 FB71     	 strb r3,[r7,#7]
 166:../Dave/Generated/SPI_SLAVE/spi_slave_conf.c ****   /*Reset the runtime state variables*/
 167:../Dave/Generated/SPI_SLAVE/spi_slave_conf.c ****   SPI_BUS.runtime->tx_busy = false;
 1011              	 .loc 4 167 0
 1012 000a 454B     	 ldr r3,.L32
 1013 000c 9B68     	 ldr r3,[r3,#8]
 1014 000e 0022     	 movs r2,#0
 1015 0010 9A76     	 strb r2,[r3,#26]
 168:../Dave/Generated/SPI_SLAVE/spi_slave_conf.c ****   SPI_BUS.runtime->rx_busy = false;
 1016              	 .loc 4 168 0
 1017 0012 434B     	 ldr r3,.L32
 1018 0014 9B68     	 ldr r3,[r3,#8]
 1019 0016 0022     	 movs r2,#0
 1020 0018 DA76     	 strb r2,[r3,#27]
 169:../Dave/Generated/SPI_SLAVE/spi_slave_conf.c **** 
 170:../Dave/Generated/SPI_SLAVE/spi_slave_conf.c ****   /*Configure SCLK pin*/
 171:../Dave/Generated/SPI_SLAVE/spi_slave_conf.c ****   XMC_GPIO_Init((XMC_GPIO_PORT_t *)PORT0_BASE, 10U, &SPI_BUS_sclk_pin_config);
 1021              	 .loc 4 171 0
 1022 001a 4248     	 ldr r0,.L32+4
 1023 001c 0A21     	 movs r1,#10
 1024 001e 424A     	 ldr r2,.L32+8
 1025 0020 FFF7FEFF 	 bl XMC_GPIO_Init
 172:../Dave/Generated/SPI_SLAVE/spi_slave_conf.c ****   /*Configure slave select pin*/
 173:../Dave/Generated/SPI_SLAVE/spi_slave_conf.c ****   XMC_GPIO_Init((XMC_GPIO_PORT_t *)PORT0_BASE, 9U, &SPI_BUS_slavesel_pin_config);
 1026              	 .loc 4 173 0
 1027 0024 3F48     	 ldr r0,.L32+4
 1028 0026 0921     	 movs r1,#9
 1029 0028 404A     	 ldr r2,.L32+12
 1030 002a FFF7FEFF 	 bl XMC_GPIO_Init
 174:../Dave/Generated/SPI_SLAVE/spi_slave_conf.c ****   /*Configure MOSI pin*/
 175:../Dave/Generated/SPI_SLAVE/spi_slave_conf.c ****   XMC_GPIO_Init((XMC_GPIO_PORT_t *)PORT0_BASE, 0U, &SPI_BUS_mosi_pin_config);
 1031              	 .loc 4 175 0
 1032 002e 3D48     	 ldr r0,.L32+4
 1033 0030 0021     	 movs r1,#0
 1034 0032 3F4A     	 ldr r2,.L32+16
 1035 0034 FFF7FEFF 	 bl XMC_GPIO_Init
 176:../Dave/Generated/SPI_SLAVE/spi_slave_conf.c ****   /* Initialize USIC channel in SPI slave mode*/
 177:../Dave/Generated/SPI_SLAVE/spi_slave_conf.c ****   XMC_SPI_CH_Init(XMC_SPI1_CH1, &SPI_BUS_channel_config);
 1036              	 .loc 4 177 0
 1037 0038 3E48     	 ldr r0,.L32+20
 1038 003a 3F49     	 ldr r1,.L32+24
 1039 003c FFF7FEFF 	 bl XMC_SPI_CH_Init
 178:../Dave/Generated/SPI_SLAVE/spi_slave_conf.c ****   XMC_SPI_CH_SetBitOrderMsbFirst(XMC_SPI1_CH1);
 1040              	 .loc 4 178 0
 1041 0040 3C48     	 ldr r0,.L32+20
 1042 0042 FFF7FEFF 	 bl XMC_SPI_CH_SetBitOrderMsbFirst
 179:../Dave/Generated/SPI_SLAVE/spi_slave_conf.c **** 
 180:../Dave/Generated/SPI_SLAVE/spi_slave_conf.c ****   XMC_SPI_CH_SetWordLength(XMC_SPI1_CH1, (uint8_t)8U);
 1043              	 .loc 4 180 0
 1044 0046 3B48     	 ldr r0,.L32+20
 1045 0048 0821     	 movs r1,#8
 1046 004a FFF7FEFF 	 bl XMC_SPI_CH_SetWordLength
 181:../Dave/Generated/SPI_SLAVE/spi_slave_conf.c ****   XMC_SPI_CH_SetFrameLength(XMC_SPI1_CH1, (uint8_t)64U);
 1047              	 .loc 4 181 0
 1048 004e 3948     	 ldr r0,.L32+20
 1049 0050 4021     	 movs r1,#64
 1050 0052 FFF7FEFF 	 bl XMC_SPI_CH_SetFrameLength
 182:../Dave/Generated/SPI_SLAVE/spi_slave_conf.c **** 
 183:../Dave/Generated/SPI_SLAVE/spi_slave_conf.c ****   /*Set input source path*/
 184:../Dave/Generated/SPI_SLAVE/spi_slave_conf.c ****   XMC_SPI_CH_SetInputSource(XMC_SPI1_CH1, (XMC_SPI_CH_INPUT_t)XMC_USIC_CH_INPUT_DX0, 3U);
 1051              	 .loc 4 184 0
 1052 0056 3748     	 ldr r0,.L32+20
 1053 0058 0021     	 movs r1,#0
 1054 005a 0322     	 movs r2,#3
 1055 005c FFF7FEFF 	 bl XMC_SPI_CH_SetInputSource
 185:../Dave/Generated/SPI_SLAVE/spi_slave_conf.c ****   XMC_SPI_CH_SetInputSource(XMC_SPI1_CH1, (XMC_SPI_CH_INPUT_t)XMC_USIC_CH_INPUT_DX1, 0U);
 1056              	 .loc 4 185 0
 1057 0060 3448     	 ldr r0,.L32+20
 1058 0062 0121     	 movs r1,#1
 1059 0064 0022     	 movs r2,#0
 1060 0066 FFF7FEFF 	 bl XMC_SPI_CH_SetInputSource
 186:../Dave/Generated/SPI_SLAVE/spi_slave_conf.c ****   XMC_SPI_CH_SetInputSource(XMC_SPI1_CH1, (XMC_SPI_CH_INPUT_t)XMC_USIC_CH_INPUT_DX2, 0U);
 1061              	 .loc 4 186 0
 1062 006a 3248     	 ldr r0,.L32+20
 1063 006c 0221     	 movs r1,#2
 1064 006e 0022     	 movs r2,#0
 1065 0070 FFF7FEFF 	 bl XMC_SPI_CH_SetInputSource
 187:../Dave/Generated/SPI_SLAVE/spi_slave_conf.c ****   XMC_SPI_CH_EnableInputInversion(XMC_SPI1_CH1, XMC_SPI_CH_INPUT_SLAVE_SELIN);
 1066              	 .loc 4 187 0
 1067 0074 2F48     	 ldr r0,.L32+20
 1068 0076 0221     	 movs r1,#2
 1069 0078 FFF7FEFF 	 bl XMC_SPI_CH_EnableInputInversion
 188:../Dave/Generated/SPI_SLAVE/spi_slave_conf.c ****   /*Configure transmit FIFO*/
 189:../Dave/Generated/SPI_SLAVE/spi_slave_conf.c ****   XMC_USIC_CH_TXFIFO_Configure(XMC_SPI1_CH1,
 1070              	 .loc 4 189 0
 1071 007c 2D48     	 ldr r0,.L32+20
 1072 007e 3021     	 movs r1,#48
 1073 0080 0422     	 movs r2,#4
 1074 0082 0123     	 movs r3,#1
 1075 0084 FFF7FEFF 	 bl XMC_USIC_CH_TXFIFO_Configure
 190:../Dave/Generated/SPI_SLAVE/spi_slave_conf.c ****         48U,
 191:../Dave/Generated/SPI_SLAVE/spi_slave_conf.c ****         XMC_USIC_CH_FIFO_SIZE_16WORDS,
 192:../Dave/Generated/SPI_SLAVE/spi_slave_conf.c ****         1U);
 193:../Dave/Generated/SPI_SLAVE/spi_slave_conf.c ****   /*Configure receive FIFO*/
 194:../Dave/Generated/SPI_SLAVE/spi_slave_conf.c ****   XMC_USIC_CH_RXFIFO_Configure(XMC_SPI1_CH1,
 1076              	 .loc 4 194 0
 1077 0088 2A48     	 ldr r0,.L32+20
 1078 008a 2021     	 movs r1,#32
 1079 008c 0422     	 movs r2,#4
 1080 008e 0023     	 movs r3,#0
 1081 0090 FFF7FEFF 	 bl XMC_USIC_CH_RXFIFO_Configure
 195:../Dave/Generated/SPI_SLAVE/spi_slave_conf.c ****         32U,
 196:../Dave/Generated/SPI_SLAVE/spi_slave_conf.c ****         XMC_USIC_CH_FIFO_SIZE_16WORDS,
 197:../Dave/Generated/SPI_SLAVE/spi_slave_conf.c ****         0U);
 198:../Dave/Generated/SPI_SLAVE/spi_slave_conf.c ****   /*Set service request for SPI protocol events*/
 199:../Dave/Generated/SPI_SLAVE/spi_slave_conf.c ****   XMC_USIC_CH_SetInterruptNodePointer(XMC_SPI1_CH1, XMC_USIC_CH_INTERRUPT_NODE_POINTER_PROTOCOL,
 1082              	 .loc 4 199 0
 1083 0094 2748     	 ldr r0,.L32+20
 1084 0096 1021     	 movs r1,#16
 1085 0098 0222     	 movs r2,#2
 1086 009a FFF7FEFF 	 bl XMC_USIC_CH_SetInterruptNodePointer
 200:../Dave/Generated/SPI_SLAVE/spi_slave_conf.c ****      2U);
 201:../Dave/Generated/SPI_SLAVE/spi_slave_conf.c ****   /*Set service request for tx FIFO transmit interrupt*/
 202:../Dave/Generated/SPI_SLAVE/spi_slave_conf.c ****   XMC_USIC_CH_TXFIFO_SetInterruptNodePointer(XMC_SPI1_CH1, XMC_USIC_CH_TXFIFO_INTERRUPT_NODE_POINTE
 1087              	 .loc 4 202 0
 1088 009e 2548     	 ldr r0,.L32+20
 1089 00a0 1021     	 movs r1,#16
 1090 00a2 0222     	 movs r2,#2
 1091 00a4 FFF7FEFF 	 bl XMC_USIC_CH_TXFIFO_SetInterruptNodePointer
 203:../Dave/Generated/SPI_SLAVE/spi_slave_conf.c ****       2U);
 204:../Dave/Generated/SPI_SLAVE/spi_slave_conf.c ****   /*Set service request for rx FIFO receive interrupt*/
 205:../Dave/Generated/SPI_SLAVE/spi_slave_conf.c ****   XMC_USIC_CH_RXFIFO_SetInterruptNodePointer(XMC_SPI1_CH1, XMC_USIC_CH_RXFIFO_INTERRUPT_NODE_POINTE
 1092              	 .loc 4 205 0
 1093 00a8 2248     	 ldr r0,.L32+20
 1094 00aa 1021     	 movs r1,#16
 1095 00ac 0022     	 movs r2,#0
 1096 00ae FFF7FEFF 	 bl XMC_USIC_CH_RXFIFO_SetInterruptNodePointer
 206:../Dave/Generated/SPI_SLAVE/spi_slave_conf.c ****        0x0U);
 207:../Dave/Generated/SPI_SLAVE/spi_slave_conf.c ****   XMC_USIC_CH_RXFIFO_SetInterruptNodePointer(XMC_SPI1_CH1, XMC_USIC_CH_RXFIFO_INTERRUPT_NODE_POINTE
 1097              	 .loc 4 207 0
 1098 00b2 2048     	 ldr r0,.L32+20
 1099 00b4 1321     	 movs r1,#19
 1100 00b6 0022     	 movs r2,#0
 1101 00b8 FFF7FEFF 	 bl XMC_USIC_CH_RXFIFO_SetInterruptNodePointer
 208:../Dave/Generated/SPI_SLAVE/spi_slave_conf.c ****        0x0U);
 209:../Dave/Generated/SPI_SLAVE/spi_slave_conf.c ****   /*Set priority and enable NVIC node for transmit interrupt*/
 210:../Dave/Generated/SPI_SLAVE/spi_slave_conf.c ****   NVIC_SetPriority((IRQn_Type)92, NVIC_EncodePriority(NVIC_GetPriorityGrouping(),
 1102              	 .loc 4 210 0
 1103 00bc FFF7FEFF 	 bl __NVIC_GetPriorityGrouping
 1104 00c0 0346     	 mov r3,r0
 1105 00c2 1846     	 mov r0,r3
 1106 00c4 3F21     	 movs r1,#63
 1107 00c6 0022     	 movs r2,#0
 1108 00c8 FFF7FEFF 	 bl NVIC_EncodePriority
 1109 00cc 0346     	 mov r3,r0
 1110 00ce 5C20     	 movs r0,#92
 1111 00d0 1946     	 mov r1,r3
 1112 00d2 FFF7FEFF 	 bl __NVIC_SetPriority
 211:../Dave/Generated/SPI_SLAVE/spi_slave_conf.c ****                         63U, 0U));
 212:../Dave/Generated/SPI_SLAVE/spi_slave_conf.c ****   NVIC_EnableIRQ((IRQn_Type)92);
 1113              	 .loc 4 212 0
 1114 00d6 5C20     	 movs r0,#92
 1115 00d8 FFF7FEFF 	 bl __NVIC_EnableIRQ
 213:../Dave/Generated/SPI_SLAVE/spi_slave_conf.c ****   /*Set priority and enable NVIC node for receive interrupt*/
 214:../Dave/Generated/SPI_SLAVE/spi_slave_conf.c ****   NVIC_SetPriority((IRQn_Type)90, NVIC_EncodePriority(NVIC_GetPriorityGrouping(),
 1116              	 .loc 4 214 0
 1117 00dc FFF7FEFF 	 bl __NVIC_GetPriorityGrouping
 1118 00e0 0346     	 mov r3,r0
 1119 00e2 1846     	 mov r0,r3
 1120 00e4 3E21     	 movs r1,#62
 1121 00e6 0022     	 movs r2,#0
 1122 00e8 FFF7FEFF 	 bl NVIC_EncodePriority
 1123 00ec 0346     	 mov r3,r0
 1124 00ee 5A20     	 movs r0,#90
 1125 00f0 1946     	 mov r1,r3
 1126 00f2 FFF7FEFF 	 bl __NVIC_SetPriority
 215:../Dave/Generated/SPI_SLAVE/spi_slave_conf.c ****                       62U, 0U));
 216:../Dave/Generated/SPI_SLAVE/spi_slave_conf.c ****   NVIC_EnableIRQ((IRQn_Type)90);
 1127              	 .loc 4 216 0
 1128 00f6 5A20     	 movs r0,#90
 1129 00f8 FFF7FEFF 	 bl __NVIC_EnableIRQ
 217:../Dave/Generated/SPI_SLAVE/spi_slave_conf.c ****   /* Start SPI */
 218:../Dave/Generated/SPI_SLAVE/spi_slave_conf.c ****   XMC_SPI_CH_Start(XMC_SPI1_CH1);
 1130              	 .loc 4 218 0
 1131 00fc 0D48     	 ldr r0,.L32+20
 1132 00fe FFF7FEFF 	 bl XMC_SPI_CH_Start
 219:../Dave/Generated/SPI_SLAVE/spi_slave_conf.c **** 
 220:../Dave/Generated/SPI_SLAVE/spi_slave_conf.c ****   /* Initialize SPI Slave MISO pin */
 221:../Dave/Generated/SPI_SLAVE/spi_slave_conf.c ****   XMC_GPIO_Init((XMC_GPIO_PORT_t *)PORT0_BASE, 1U, &SPI_BUS_mosi1_pin_config);
 1133              	 .loc 4 221 0
 1134 0102 0848     	 ldr r0,.L32+4
 1135 0104 0121     	 movs r1,#1
 1136 0106 0D4A     	 ldr r2,.L32+28
 1137 0108 FFF7FEFF 	 bl XMC_GPIO_Init
 222:../Dave/Generated/SPI_SLAVE/spi_slave_conf.c ****   XMC_GPIO_SetHardwareControl((XMC_GPIO_PORT_t *)PORT0_BASE, 1U, XMC_GPIO_HWCTRL_DISABLED);
 1138              	 .loc 4 222 0
 1139 010c 0548     	 ldr r0,.L32+4
 1140 010e 0121     	 movs r1,#1
 1141 0110 0022     	 movs r2,#0
 1142 0112 FFF7FEFF 	 bl XMC_GPIO_SetHardwareControl
 223:../Dave/Generated/SPI_SLAVE/spi_slave_conf.c **** 
 224:../Dave/Generated/SPI_SLAVE/spi_slave_conf.c ****   return status;
 1143              	 .loc 4 224 0
 1144 0116 FB79     	 ldrb r3,[r7,#7]
 225:../Dave/Generated/SPI_SLAVE/spi_slave_conf.c **** }
 1145              	 .loc 4 225 0
 1146 0118 1846     	 mov r0,r3
 1147 011a 0837     	 adds r7,r7,#8
 1148              	.LCFI91:
 1149              	 .cfi_def_cfa_offset 8
 1150 011c BD46     	 mov sp,r7
 1151              	.LCFI92:
 1152              	 .cfi_def_cfa_register 13
 1153              	 
 1154 011e 80BD     	 pop {r7,pc}
 1155              	.L33:
 1156              	 .align 2
 1157              	.L32:
 1158 0120 00000000 	 .word SPI_BUS
 1159 0124 00800248 	 .word 1208123392
 1160 0128 00000000 	 .word SPI_BUS_sclk_pin_config
 1161 012c 00000000 	 .word SPI_BUS_slavesel_pin_config
 1162 0130 00000000 	 .word SPI_BUS_mosi_pin_config
 1163 0134 00020248 	 .word 1208091136
 1164 0138 00000000 	 .word SPI_BUS_channel_config
 1165 013c 00000000 	 .word SPI_BUS_mosi1_pin_config
 1166              	 .cfi_endproc
 1167              	.LFE302:
 1169              	 .section .text.USIC1_2_IRQHandler,"ax",%progbits
 1170              	 .align 2
 1171              	 .global USIC1_2_IRQHandler
 1172              	 .thumb
 1173              	 .thumb_func
 1175              	USIC1_2_IRQHandler:
 1176              	.LFB303:
 226:../Dave/Generated/SPI_SLAVE/spi_slave_conf.c **** /*Interrupt handlers*/
 227:../Dave/Generated/SPI_SLAVE/spi_slave_conf.c **** /*Transmit ISR*/
 228:../Dave/Generated/SPI_SLAVE/spi_slave_conf.c **** void SPI_BUS_TX_HANDLER()
 229:../Dave/Generated/SPI_SLAVE/spi_slave_conf.c **** {
 1177              	 .loc 4 229 0
 1178              	 .cfi_startproc
 1179              	 
 1180              	 
 1181 0000 80B5     	 push {r7,lr}
 1182              	.LCFI93:
 1183              	 .cfi_def_cfa_offset 8
 1184              	 .cfi_offset 7,-8
 1185              	 .cfi_offset 14,-4
 1186 0002 00AF     	 add r7,sp,#0
 1187              	.LCFI94:
 1188              	 .cfi_def_cfa_register 7
 230:../Dave/Generated/SPI_SLAVE/spi_slave_conf.c ****   SPI_SLAVE_lTransmitHandler(&SPI_BUS);
 1189              	 .loc 4 230 0
 1190 0004 0148     	 ldr r0,.L35
 1191 0006 FFF7FEFF 	 bl SPI_SLAVE_lTransmitHandler
 231:../Dave/Generated/SPI_SLAVE/spi_slave_conf.c **** }
 1192              	 .loc 4 231 0
 1193 000a 80BD     	 pop {r7,pc}
 1194              	.L36:
 1195              	 .align 2
 1196              	.L35:
 1197 000c 00000000 	 .word SPI_BUS
 1198              	 .cfi_endproc
 1199              	.LFE303:
 1201              	 .section .text.USIC1_0_IRQHandler,"ax",%progbits
 1202              	 .align 2
 1203              	 .global USIC1_0_IRQHandler
 1204              	 .thumb
 1205              	 .thumb_func
 1207              	USIC1_0_IRQHandler:
 1208              	.LFB304:
 232:../Dave/Generated/SPI_SLAVE/spi_slave_conf.c **** 
 233:../Dave/Generated/SPI_SLAVE/spi_slave_conf.c **** /*Receive ISR*/
 234:../Dave/Generated/SPI_SLAVE/spi_slave_conf.c **** void SPI_BUS_RX_HANDLER()
 235:../Dave/Generated/SPI_SLAVE/spi_slave_conf.c **** {
 1209              	 .loc 4 235 0
 1210              	 .cfi_startproc
 1211              	 
 1212              	 
 1213 0000 80B5     	 push {r7,lr}
 1214              	.LCFI95:
 1215              	 .cfi_def_cfa_offset 8
 1216              	 .cfi_offset 7,-8
 1217              	 .cfi_offset 14,-4
 1218 0002 00AF     	 add r7,sp,#0
 1219              	.LCFI96:
 1220              	 .cfi_def_cfa_register 7
 236:../Dave/Generated/SPI_SLAVE/spi_slave_conf.c ****   SPI_SLAVE_lReceiveHandler(&SPI_BUS);
 1221              	 .loc 4 236 0
 1222 0004 0148     	 ldr r0,.L38
 1223 0006 FFF7FEFF 	 bl SPI_SLAVE_lReceiveHandler
 237:../Dave/Generated/SPI_SLAVE/spi_slave_conf.c **** }
 1224              	 .loc 4 237 0
 1225 000a 80BD     	 pop {r7,pc}
 1226              	.L39:
 1227              	 .align 2
 1228              	.L38:
 1229 000c 00000000 	 .word SPI_BUS
 1230              	 .cfi_endproc
 1231              	.LFE304:
 1233              	 .text
 1234              	.Letext0:
 1235              	 .file 5 "d:\\programy\\4.5.0.202105191637\\eclipse\\arm-gcc-49\\arm-none-eabi\\include\\machine\\_default_types.h"
 1236              	 .file 6 "d:\\programy\\4.5.0.202105191637\\eclipse\\arm-gcc-49\\arm-none-eabi\\include\\stdint.h"
 1237              	 .file 7 "D:/Projekty/TrinityTrack6000/MainControlBoard/Infineon/XMC4200/Libraries/CMSIS/Infineon/XMC4200_series/Include/XMC4200.h"
 1238              	 .file 8 "D:/Projekty/TrinityTrack6000/MainControlBoard/Infineon/XMC4200/Libraries/XMCLib/inc/xmc_gpio.h"
 1239              	 .file 9 "D:/Projekty/TrinityTrack6000/MainControlBoard/Infineon/XMC4200/Libraries/XMCLib/inc/xmc4_gpio.h"
 1240              	 .file 10 "../Dave/Generated/SPI_SLAVE/spi_slave.h"
 1241              	 .file 11 "D:/Projekty/TrinityTrack6000/MainControlBoard/Infineon/XMC4200/Libraries/CMSIS/Include/cmsis_gcc.h"
 1242              	 .file 12 "D:/Projekty/TrinityTrack6000/MainControlBoard/Infineon/XMC4200/Libraries/CMSIS/Infineon/XMC4200_series/Include/system_XMC4200.h"
DEFINED SYMBOLS
                            *ABS*:00000000 spi_slave_conf.c
    {standard input}:20     .text.__NVIC_GetPriorityGrouping:00000000 $t
    {standard input}:24     .text.__NVIC_GetPriorityGrouping:00000000 __NVIC_GetPriorityGrouping
    {standard input}:58     .text.__NVIC_GetPriorityGrouping:00000018 $d
    {standard input}:63     .text.__NVIC_EnableIRQ:00000000 $t
    {standard input}:67     .text.__NVIC_EnableIRQ:00000000 __NVIC_EnableIRQ
    {standard input}:118    .text.__NVIC_EnableIRQ:00000034 $d
    {standard input}:123    .text.__NVIC_SetPriority:00000000 $t
    {standard input}:127    .text.__NVIC_SetPriority:00000000 __NVIC_SetPriority
    {standard input}:190    .text.__NVIC_SetPriority:0000004c $d
    {standard input}:196    .text.NVIC_EncodePriority:00000000 $t
    {standard input}:200    .text.NVIC_EncodePriority:00000000 NVIC_EncodePriority
    {standard input}:282    .text.XMC_USIC_CH_SetInputSource:00000000 $t
    {standard input}:286    .text.XMC_USIC_CH_SetInputSource:00000000 XMC_USIC_CH_SetInputSource
    {standard input}:344    .text.XMC_USIC_CH_EnableInputInversion:00000000 $t
    {standard input}:348    .text.XMC_USIC_CH_EnableInputInversion:00000000 XMC_USIC_CH_EnableInputInversion
    {standard input}:399    .text.XMC_USIC_CH_SetWordLength:00000000 $t
    {standard input}:403    .text.XMC_USIC_CH_SetWordLength:00000000 XMC_USIC_CH_SetWordLength
    {standard input}:452    .text.XMC_USIC_CH_SetFrameLength:00000000 $t
    {standard input}:456    .text.XMC_USIC_CH_SetFrameLength:00000000 XMC_USIC_CH_SetFrameLength
    {standard input}:505    .text.XMC_USIC_CH_SetMode:00000000 $t
    {standard input}:509    .text.XMC_USIC_CH_SetMode:00000000 XMC_USIC_CH_SetMode
    {standard input}:554    .text.XMC_SPI_CH_Init:00000000 $t
    {standard input}:558    .text.XMC_SPI_CH_Init:00000000 XMC_SPI_CH_Init
    {standard input}:596    .text.XMC_SPI_CH_Start:00000000 $t
    {standard input}:600    .text.XMC_SPI_CH_Start:00000000 XMC_SPI_CH_Start
    {standard input}:635    .text.XMC_SPI_CH_SetBitOrderMsbFirst:00000000 $t
    {standard input}:639    .text.XMC_SPI_CH_SetBitOrderMsbFirst:00000000 XMC_SPI_CH_SetBitOrderMsbFirst
    {standard input}:680    .text.XMC_SPI_CH_SetWordLength:00000000 $t
    {standard input}:684    .text.XMC_SPI_CH_SetWordLength:00000000 XMC_SPI_CH_SetWordLength
    {standard input}:722    .text.XMC_SPI_CH_SetFrameLength:00000000 $t
    {standard input}:726    .text.XMC_SPI_CH_SetFrameLength:00000000 XMC_SPI_CH_SetFrameLength
    {standard input}:764    .text.XMC_SPI_CH_SetInputSource:00000000 $t
    {standard input}:768    .text.XMC_SPI_CH_SetInputSource:00000000 XMC_SPI_CH_SetInputSource
    {standard input}:825    .text.XMC_SPI_CH_EnableInputInversion:00000000 $t
    {standard input}:829    .text.XMC_SPI_CH_EnableInputInversion:00000000 XMC_SPI_CH_EnableInputInversion
    {standard input}:871    .rodata.SPI_BUS_channel_config:00000000 SPI_BUS_channel_config
    {standard input}:868    .rodata.SPI_BUS_channel_config:00000000 $d
    {standard input}:882    .rodata.SPI_BUS_mosi1_pin_config:00000000 SPI_BUS_mosi1_pin_config
    {standard input}:879    .rodata.SPI_BUS_mosi1_pin_config:00000000 $d
    {standard input}:893    .rodata.SPI_BUS_miso_pin:00000000 SPI_BUS_miso_pin
    {standard input}:890    .rodata.SPI_BUS_miso_pin:00000000 $d
    {standard input}:904    .rodata.SPI_BUS_mosi_pin_config:00000000 SPI_BUS_mosi_pin_config
    {standard input}:901    .rodata.SPI_BUS_mosi_pin_config:00000000 $d
    {standard input}:914    .rodata.SPI_BUS_mosi_pin:00000000 SPI_BUS_mosi_pin
    {standard input}:911    .rodata.SPI_BUS_mosi_pin:00000000 $d
    {standard input}:925    .rodata.SPI_BUS_sclk_pin_config:00000000 SPI_BUS_sclk_pin_config
    {standard input}:922    .rodata.SPI_BUS_sclk_pin_config:00000000 $d
    {standard input}:936    .rodata.SPI_BUS_slavesel_pin_config:00000000 SPI_BUS_slavesel_pin_config
    {standard input}:933    .rodata.SPI_BUS_slavesel_pin_config:00000000 $d
    {standard input}:947    .rodata.SPI_BUS_conf:00000000 SPI_BUS_conf
    {standard input}:944    .rodata.SPI_BUS_conf:00000000 $d
    {standard input}:990    .text.SPI_BUS_init:00000000 SPI_BUS_init
    {standard input}:969    .data.SPI_BUS_runtime:00000000 SPI_BUS_runtime
    {standard input}:966    .data.SPI_BUS_runtime:00000000 $d
    {standard input}:980    .data.SPI_BUS:00000000 SPI_BUS
    {standard input}:977    .data.SPI_BUS:00000000 $d
    {standard input}:985    .text.SPI_BUS_init:00000000 $t
    {standard input}:1158   .text.SPI_BUS_init:00000120 $d
    {standard input}:1170   .text.USIC1_2_IRQHandler:00000000 $t
    {standard input}:1175   .text.USIC1_2_IRQHandler:00000000 USIC1_2_IRQHandler
    {standard input}:1197   .text.USIC1_2_IRQHandler:0000000c $d
    {standard input}:1202   .text.USIC1_0_IRQHandler:00000000 $t
    {standard input}:1207   .text.USIC1_0_IRQHandler:00000000 USIC1_0_IRQHandler
    {standard input}:1229   .text.USIC1_0_IRQHandler:0000000c $d
                     .debug_frame:00000010 $d

UNDEFINED SYMBOLS
XMC_SPI_CH_InitEx
XMC_GPIO_Init
XMC_USIC_CH_TXFIFO_Configure
XMC_USIC_CH_RXFIFO_Configure
XMC_USIC_CH_SetInterruptNodePointer
XMC_USIC_CH_TXFIFO_SetInterruptNodePointer
XMC_USIC_CH_RXFIFO_SetInterruptNodePointer
XMC_GPIO_SetHardwareControl
SPI_SLAVE_lTransmitHandler
SPI_SLAVE_lReceiveHandler
