
XMC4502F100F768ACXQMA1.elf:     file format elf32-littlearm

Sections:
Idx Name          Size      VMA       LMA       File off  Algn
  0 .text         00003d14  08000000  0c000000  00008000  2**2
                  CONTENTS, ALLOC, LOAD, READONLY, CODE
  1 Stack         00000800  10000000  10000000  00018000  2**0
                  ALLOC
  2 .data         00000220  20000000  0c003d14  00010000  2**2
                  CONTENTS, ALLOC, LOAD, DATA
  3 .bss          00000050  20000220  0c003f34  00010220  2**2
                  ALLOC
  4 .no_init      00000014  2000ffc0  2000ffc0  00017fc0  2**2
                  ALLOC
  5 .debug_aranges 000010c0  00000000  00000000  00010220  2**3
                  CONTENTS, READONLY, DEBUGGING
  6 .debug_info   0001a843  00000000  00000000  000112e0  2**0
                  CONTENTS, READONLY, DEBUGGING
  7 .debug_abbrev 00003ade  00000000  00000000  0002bb23  2**0
                  CONTENTS, READONLY, DEBUGGING
  8 .debug_line   0000860d  00000000  00000000  0002f601  2**0
                  CONTENTS, READONLY, DEBUGGING
  9 .debug_frame  000044f0  00000000  00000000  00037c10  2**2
                  CONTENTS, READONLY, DEBUGGING
 10 .debug_str    0000c28e  00000000  00000000  0003c100  2**0
                  CONTENTS, READONLY, DEBUGGING
 11 .debug_loc    00008f88  00000000  00000000  0004838e  2**0
                  CONTENTS, READONLY, DEBUGGING
 12 .debug_ranges 00000e80  00000000  00000000  00051316  2**0
                  CONTENTS, READONLY, DEBUGGING
 13 .build_attributes 00000737  00000000  00000000  00052196  2**0
                  CONTENTS, READONLY

Disassembly of section .text:

08000000 <__Vectors>:
 8000000:	00 08 00 10 01 02 00 08 b1 02 00 08 b1 02 00 08     ................
 8000010:	b1 02 00 08 b1 02 00 08 b1 02 00 08 00 00 00 00     ................
	...
 800002c:	b1 02 00 08 b1 02 00 08 00 00 00 00 b1 02 00 08     ................
 800003c:	b1 02 00 08 b1 02 00 08 b1 02 00 08 b1 02 00 08     ................
 800004c:	b1 02 00 08 b1 02 00 08 b1 02 00 08 b1 02 00 08     ................
 800005c:	b1 02 00 08 b1 02 00 08 00 00 00 00 00 00 00 00     ................
 800006c:	00 00 00 00 b1 02 00 08 00 00 00 00 b1 02 00 08     ................
 800007c:	b1 02 00 08 b1 02 00 08 b1 02 00 08 b1 02 00 08     ................
 800008c:	b1 02 00 08 b1 02 00 08 b1 02 00 08 b1 02 00 08     ................
 800009c:	b1 02 00 08 b1 02 00 08 b1 02 00 08 b1 02 00 08     ................
 80000ac:	b1 02 00 08 b1 02 00 08 b1 02 00 08 b1 02 00 08     ................
 80000bc:	b1 02 00 08 b1 02 00 08 b1 02 00 08 b1 02 00 08     ................
 80000cc:	b1 02 00 08 b1 02 00 08 b1 02 00 08 b1 02 00 08     ................
 80000dc:	b1 02 00 08 b1 02 00 08 b1 02 00 08 b1 02 00 08     ................
 80000ec:	b1 02 00 08 b1 02 00 08 b1 02 00 08 b1 02 00 08     ................
 80000fc:	b1 02 00 08 b1 02 00 08 b1 02 00 08 b1 02 00 08     ................
 800010c:	b1 02 00 08 b1 02 00 08 b1 02 00 08 b1 02 00 08     ................
 800011c:	b1 02 00 08 b1 02 00 08 b1 02 00 08 b1 02 00 08     ................
 800012c:	b1 02 00 08 b1 02 00 08 b1 02 00 08 b1 02 00 08     ................
 800013c:	b1 02 00 08 b1 02 00 08 b1 02 00 08 b1 02 00 08     ................
 800014c:	b1 02 00 08 b1 02 00 08 b1 02 00 08 b1 02 00 08     ................
 800015c:	b1 02 00 08 00 00 00 00 00 00 00 00 00 00 00 00     ................
 800016c:	00 00 00 00 b1 02 00 08 b1 02 00 08 b1 02 00 08     ................
 800017c:	b1 02 00 08 b1 02 00 08 b1 02 00 08 b1 02 00 08     ................
 800018c:	b1 02 00 08 b1 02 00 08 b1 02 00 08 b1 02 00 08     ................
 800019c:	b1 02 00 08 b1 02 00 08 b1 02 00 08 b9 25 00 08     .............%..
 80001ac:	a9 25 00 08 b1 02 00 08 b1 02 00 08 b1 02 00 08     .%..............
 80001bc:	b1 02 00 08 b1 02 00 08 b1 02 00 08 b1 02 00 08     ................
 80001cc:	b1 02 00 08 b1 02 00 08 b1 02 00 08 b1 02 00 08     ................
 80001dc:	00 00 00 00 b1 02 00 08 b1 02 00 08 b1 02 00 08     ................
 80001ec:	b1 02 00 08 00 00 00 00 00 00 00 00 b1 02 00 08     ................
 80001fc:	00 00 00 00                                         ....

08000200 <Reset_Handler>:
    Entry   GPDMA1_0_IRQHandler         /* Handler name for SR GPDMA1_0  */
    .long   0                           /* Not Available                 */

    .size  __Vectors, . - __Vectors
/* ================== END OF VECTOR TABLE DEFINITION ======================= */

 8000200:	f8df d08c 	ldr.w	sp, [pc, #140]	; 8000290 <__zero_table_end__>
/* ================== START OF VECTOR ROUTINES ============================= */

	.align	1
 8000204:	4823      	ldr	r0, [pc, #140]	; (8000294 <__zero_table_end__+0x4>)
    .thumb
 8000206:	4780      	blx	r0
 *    offset 4: VMA of start of a section to copy to
 *    offset 8: size of the section to copy. Must be multiply of 4
 *
 *  All addresses must be aligned to 4 bytes boundary.
 */
	ldr	r4, =__copy_table_start__
 8000208:	4c23      	ldr	r4, [pc, #140]	; (8000298 <__zero_table_end__+0x8>)
	ldr	r5, =__copy_table_end__
 800020a:	4d24      	ldr	r5, [pc, #144]	; (800029c <__zero_table_end__+0xc>)

.L_loop0:
	cmp	r4, r5
 800020c:	42ac      	cmp	r4, r5
	bge	.L_loop0_done
 800020e:	da09      	bge.n	8000224 <Reset_Handler+0x24>
	ldr	r1, [r4]
 8000210:	6821      	ldr	r1, [r4, #0]
	ldr	r2, [r4, #4]
 8000212:	6862      	ldr	r2, [r4, #4]
	ldr	r3, [r4, #8]
 8000214:	68a3      	ldr	r3, [r4, #8]

.L_loop0_0:
	subs	r3, #4
 8000216:	3b04      	subs	r3, #4
	ittt	ge
 8000218:	bfa2      	ittt	ge
	ldrge	r0, [r1, r3]
 800021a:	58c8      	ldrge	r0, [r1, r3]
	strge	r0, [r2, r3]
 800021c:	50d0      	strge	r0, [r2, r3]
	bge	.L_loop0_0
 800021e:	e7fa      	bge.n	8000216 <Reset_Handler+0x16>

	adds	r4, #12
 8000220:	340c      	adds	r4, #12
	b	.L_loop0
 8000222:	e7f3      	b.n	800020c <Reset_Handler+0xc>
 *    offset 4: Size of this BSS section. Must be multiply of 4
 *
 *  Define __SKIP_BSS_CLEAR to disable zeroing uninitialzed data in startup.
 */    
#ifndef __SKIP_BSS_CLEAR
	ldr	r3, =__zero_table_start__
 8000224:	4b1e      	ldr	r3, [pc, #120]	; (80002a0 <__zero_table_end__+0x10>)
	ldr	r4, =__zero_table_end__
 8000226:	4c1f      	ldr	r4, [pc, #124]	; (80002a4 <__zero_table_end__+0x14>)

.L_loop2:
	cmp	r3, r4
 8000228:	42a3      	cmp	r3, r4
	bge	.L_loop2_done
 800022a:	da08      	bge.n	800023e <Reset_Handler+0x3e>
	ldr	r1, [r3]
 800022c:	6819      	ldr	r1, [r3, #0]
	ldr	r2, [r3, #4]
 800022e:	685a      	ldr	r2, [r3, #4]
	movs	r0, 0
 8000230:	2000      	movs	r0, #0

.L_loop2_0:
	subs	r2, #4
 8000232:	3a04      	subs	r2, #4
	itt	ge
 8000234:	bfa4      	itt	ge
	strge	r0, [r1, r2]
 8000236:	5088      	strge	r0, [r1, r2]
	bge	.L_loop2_0
 8000238:	e7fb      	bge.n	8000232 <Reset_Handler+0x32>

	adds	r3, #8
 800023a:	3308      	adds	r3, #8
	b	.L_loop2
 800023c:	e7f4      	b.n	8000228 <Reset_Handler+0x28>
.L_loop2_done:    
#endif /* __SKIP_BSS_CLEAR */
   
#ifndef __SKIP_LIBC_INIT_ARRAY
    ldr  r0, =__libc_init_array
 800023e:	481a      	ldr	r0, [pc, #104]	; (80002a8 <__zero_table_end__+0x18>)
    blx  r0
 8000240:	4780      	blx	r0
#endif

    ldr  r0, =main
 8000242:	481a      	ldr	r0, [pc, #104]	; (80002ac <__zero_table_end__+0x1c>)
    blx  r0
 8000244:	4780      	blx	r0
	...

08000248 <__copy_table_start__>:
 8000248:	0c003d14 	.word	0x0c003d14
 800024c:	20000000 	.word	0x20000000
 8000250:	00000220 	.word	0x00000220
 8000254:	0c003f34 	.word	0x0c003f34
 8000258:	30000000 	.word	0x30000000
 800025c:	00000000 	.word	0x00000000
 8000260:	0c003d14 	.word	0x0c003d14
 8000264:	10000800 	.word	0x10000800
 8000268:	00000000 	.word	0x00000000
 800026c:	0c003d14 	.word	0x0c003d14
 8000270:	10000800 	.word	0x10000800
 8000274:	00000000 	.word	0x00000000

08000278 <__copy_table_end__>:
 8000278:	20000220 	.word	0x20000220
 800027c:	0000004c 	.word	0x0000004c
 8000280:	30000000 	.word	0x30000000
 8000284:	00000000 	.word	0x00000000
 8000288:	10000800 	.word	0x10000800
 800028c:	00000000 	.word	0x00000000

08000290 <__zero_table_end__>:
    Entry   GPDMA1_0_IRQHandler         /* Handler name for SR GPDMA1_0  */
    .long   0                           /* Not Available                 */

    .size  __Vectors, . - __Vectors
/* ================== END OF VECTOR TABLE DEFINITION ======================= */

 8000290:	10000800 	.word	0x10000800
/* ================== START OF VECTOR ROUTINES ============================= */

	.align	1
 8000294:	080002b5 	.word	0x080002b5
 *    offset 4: VMA of start of a section to copy to
 *    offset 8: size of the section to copy. Must be multiply of 4
 *
 *  All addresses must be aligned to 4 bytes boundary.
 */
	ldr	r4, =__copy_table_start__
 8000298:	08000248 	.word	0x08000248
	ldr	r5, =__copy_table_end__
 800029c:	08000278 	.word	0x08000278
 *    offset 4: Size of this BSS section. Must be multiply of 4
 *
 *  Define __SKIP_BSS_CLEAR to disable zeroing uninitialzed data in startup.
 */    
#ifndef __SKIP_BSS_CLEAR
	ldr	r3, =__zero_table_start__
 80002a0:	08000278 	.word	0x08000278
	ldr	r4, =__zero_table_end__
 80002a4:	08000290 	.word	0x08000290
	b	.L_loop2
.L_loop2_done:    
#endif /* __SKIP_BSS_CLEAR */
   
#ifndef __SKIP_LIBC_INIT_ARRAY
    ldr  r0, =__libc_init_array
 80002a8:	0800355d 	.word	0x0800355d
    blx  r0
#endif

    ldr  r0, =main
 80002ac:	08003545 	.word	0x08003545

080002b0 <BusFault_Handler>:
	.align	1
    .thumb_func
    .weak Default_Handler
    .type Default_Handler, %function
Default_Handler:
    b .
 80002b0:	e7fe      	b.n	80002b0 <BusFault_Handler>
	...

080002b4 <SystemInit>:
/*******************************************************************************
 * API IMPLEMENTATION
 *******************************************************************************/

__WEAK void SystemInit(void)
{
 80002b4:	b598      	push	{r3, r4, r7, lr}
 80002b6:	af00      	add	r7, sp, #0
  memcpy(g_chipid, CHIPID_LOC, 16);
 80002b8:	4a05      	ldr	r2, [pc, #20]	; (80002d0 <SystemInit+0x1c>)
 80002ba:	f04f 5300 	mov.w	r3, #536870912	; 0x20000000
 80002be:	4614      	mov	r4, r2
 80002c0:	cb0f      	ldmia	r3, {r0, r1, r2, r3}
 80002c2:	e884 000f 	stmia.w	r4, {r0, r1, r2, r3}

  SystemCoreSetup();
 80002c6:	f002 ff73 	bl	80031b0 <SystemCoreSetup>
  SystemCoreClockSetup(); 
 80002ca:	f002 ffd1 	bl	8003270 <SystemCoreClockSetup>
}
 80002ce:	bd98      	pop	{r3, r4, r7, pc}
 80002d0:	2000ffc4 	.word	0x2000ffc4

080002d4 <SystemCoreClockUpdate>:

  SystemCoreClockUpdate();
}

__WEAK void SystemCoreClockUpdate(void)
{
 80002d4:	b580      	push	{r7, lr}
 80002d6:	b084      	sub	sp, #16
 80002d8:	af00      	add	r7, sp, #0
  uint32_t pdiv;
  uint32_t ndiv;
  uint32_t kdiv;
  uint32_t temp;

  if (SCU_CLK->SYSCLKCR & SCU_CLK_SYSCLKCR_SYSSEL_Msk)
 80002da:	4b2f      	ldr	r3, [pc, #188]	; (8000398 <SystemCoreClockUpdate+0xc4>)
 80002dc:	68db      	ldr	r3, [r3, #12]
 80002de:	f403 3380 	and.w	r3, r3, #65536	; 0x10000
 80002e2:	2b00      	cmp	r3, #0
 80002e4:	d03e      	beq.n	8000364 <SystemCoreClockUpdate+0x90>
  {
    /* fPLL is clock source for fSYS */
    if(SCU_PLL->PLLCON2 & SCU_PLL_PLLCON2_PINSEL_Msk)
 80002e6:	4b2d      	ldr	r3, [pc, #180]	; (800039c <SystemCoreClockUpdate+0xc8>)
 80002e8:	68db      	ldr	r3, [r3, #12]
 80002ea:	f003 0301 	and.w	r3, r3, #1
 80002ee:	2b00      	cmp	r3, #0
 80002f0:	d002      	beq.n	80002f8 <SystemCoreClockUpdate+0x24>
    {
      /* PLL input clock is the backup clock (fOFI) */
      temp = OFI_FREQUENCY;
 80002f2:	4b2b      	ldr	r3, [pc, #172]	; (80003a0 <SystemCoreClockUpdate+0xcc>)
 80002f4:	60fb      	str	r3, [r7, #12]
 80002f6:	e002      	b.n	80002fe <SystemCoreClockUpdate+0x2a>
    }
    else
    {
      /* PLL input clock is the high performance osicllator (fOSCHP) */
      temp = OSCHP_GetFrequency();
 80002f8:	f000 f856 	bl	80003a8 <OSCHP_GetFrequency>
 80002fc:	60f8      	str	r0, [r7, #12]
    }

    /* check if PLL is locked */
    if (SCU_PLL->PLLSTAT & SCU_PLL_PLLSTAT_VCOLOCK_Msk)
 80002fe:	4b27      	ldr	r3, [pc, #156]	; (800039c <SystemCoreClockUpdate+0xc8>)
 8000300:	681b      	ldr	r3, [r3, #0]
 8000302:	f003 0304 	and.w	r3, r3, #4
 8000306:	2b00      	cmp	r3, #0
 8000308:	d020      	beq.n	800034c <SystemCoreClockUpdate+0x78>
    {
      /* PLL normal mode */
      /* read back divider settings */
      pdiv = ((SCU_PLL->PLLCON1 & SCU_PLL_PLLCON1_PDIV_Msk) >> SCU_PLL_PLLCON1_PDIV_Pos) + 1;
 800030a:	4b24      	ldr	r3, [pc, #144]	; (800039c <SystemCoreClockUpdate+0xc8>)
 800030c:	689b      	ldr	r3, [r3, #8]
 800030e:	f003 6370 	and.w	r3, r3, #251658240	; 0xf000000
 8000312:	0e1b      	lsrs	r3, r3, #24
 8000314:	3301      	adds	r3, #1
 8000316:	60bb      	str	r3, [r7, #8]
      ndiv = ((SCU_PLL->PLLCON1 & SCU_PLL_PLLCON1_NDIV_Msk) >> SCU_PLL_PLLCON1_NDIV_Pos) + 1;
 8000318:	4b20      	ldr	r3, [pc, #128]	; (800039c <SystemCoreClockUpdate+0xc8>)
 800031a:	689b      	ldr	r3, [r3, #8]
 800031c:	f403 43fe 	and.w	r3, r3, #32512	; 0x7f00
 8000320:	0a1b      	lsrs	r3, r3, #8
 8000322:	3301      	adds	r3, #1
 8000324:	607b      	str	r3, [r7, #4]
      kdiv = ((SCU_PLL->PLLCON1 & SCU_PLL_PLLCON1_K2DIV_Msk) >> SCU_PLL_PLLCON1_K2DIV_Pos) + 1;
 8000326:	4b1d      	ldr	r3, [pc, #116]	; (800039c <SystemCoreClockUpdate+0xc8>)
 8000328:	689b      	ldr	r3, [r3, #8]
 800032a:	f403 03fe 	and.w	r3, r3, #8323072	; 0x7f0000
 800032e:	0c1b      	lsrs	r3, r3, #16
 8000330:	3301      	adds	r3, #1
 8000332:	603b      	str	r3, [r7, #0]

      temp = (temp / (pdiv * kdiv)) * ndiv;
 8000334:	68bb      	ldr	r3, [r7, #8]
 8000336:	683a      	ldr	r2, [r7, #0]
 8000338:	fb02 f303 	mul.w	r3, r2, r3
 800033c:	68fa      	ldr	r2, [r7, #12]
 800033e:	fbb2 f3f3 	udiv	r3, r2, r3
 8000342:	687a      	ldr	r2, [r7, #4]
 8000344:	fb02 f303 	mul.w	r3, r2, r3
 8000348:	60fb      	str	r3, [r7, #12]
 800034a:	e00d      	b.n	8000368 <SystemCoreClockUpdate+0x94>
    }
    else
    {
      /* PLL prescalar mode */
      /* read back divider settings */
      kdiv  = ((SCU_PLL->PLLCON1 & SCU_PLL_PLLCON1_K1DIV_Msk) >> SCU_PLL_PLLCON1_K1DIV_Pos) + 1;
 800034c:	4b13      	ldr	r3, [pc, #76]	; (800039c <SystemCoreClockUpdate+0xc8>)
 800034e:	689b      	ldr	r3, [r3, #8]
 8000350:	f003 037f 	and.w	r3, r3, #127	; 0x7f
 8000354:	3301      	adds	r3, #1
 8000356:	603b      	str	r3, [r7, #0]
      
      temp = (temp / kdiv);
 8000358:	68fa      	ldr	r2, [r7, #12]
 800035a:	683b      	ldr	r3, [r7, #0]
 800035c:	fbb2 f3f3 	udiv	r3, r2, r3
 8000360:	60fb      	str	r3, [r7, #12]
 8000362:	e001      	b.n	8000368 <SystemCoreClockUpdate+0x94>
    }
  }
  else
  {
    /* fOFI is clock source for fSYS */    
    temp = OFI_FREQUENCY;
 8000364:	4b0e      	ldr	r3, [pc, #56]	; (80003a0 <SystemCoreClockUpdate+0xcc>)
 8000366:	60fb      	str	r3, [r7, #12]
  }

  temp = temp / ((SCU_CLK->SYSCLKCR & SCU_CLK_SYSCLKCR_SYSDIV_Msk) + 1);
 8000368:	4b0b      	ldr	r3, [pc, #44]	; (8000398 <SystemCoreClockUpdate+0xc4>)
 800036a:	68db      	ldr	r3, [r3, #12]
 800036c:	b2db      	uxtb	r3, r3
 800036e:	3301      	adds	r3, #1
 8000370:	68fa      	ldr	r2, [r7, #12]
 8000372:	fbb2 f3f3 	udiv	r3, r2, r3
 8000376:	60fb      	str	r3, [r7, #12]
  temp = temp / ((SCU_CLK->CPUCLKCR & SCU_CLK_CPUCLKCR_CPUDIV_Msk) + 1);
 8000378:	4b07      	ldr	r3, [pc, #28]	; (8000398 <SystemCoreClockUpdate+0xc4>)
 800037a:	691b      	ldr	r3, [r3, #16]
 800037c:	f003 0301 	and.w	r3, r3, #1
 8000380:	3301      	adds	r3, #1
 8000382:	68fa      	ldr	r2, [r7, #12]
 8000384:	fbb2 f3f3 	udiv	r3, r2, r3
 8000388:	60fb      	str	r3, [r7, #12]

  SystemCoreClock = temp;
 800038a:	4a06      	ldr	r2, [pc, #24]	; (80003a4 <SystemCoreClockUpdate+0xd0>)
 800038c:	68fb      	ldr	r3, [r7, #12]
 800038e:	6013      	str	r3, [r2, #0]
}
 8000390:	3710      	adds	r7, #16
 8000392:	46bd      	mov	sp, r7
 8000394:	bd80      	pop	{r7, pc}
 8000396:	bf00      	nop
 8000398:	50004600 	.word	0x50004600
 800039c:	50004710 	.word	0x50004710
 80003a0:	016e3600 	.word	0x016e3600
 80003a4:	2000ffc0 	.word	0x2000ffc0

080003a8 <OSCHP_GetFrequency>:

__WEAK uint32_t OSCHP_GetFrequency(void)
{
 80003a8:	b480      	push	{r7}
 80003aa:	af00      	add	r7, sp, #0
  return OSCHP_FREQUENCY;
 80003ac:	4b02      	ldr	r3, [pc, #8]	; (80003b8 <OSCHP_GetFrequency+0x10>)
}
 80003ae:	4618      	mov	r0, r3
 80003b0:	46bd      	mov	sp, r7
 80003b2:	f85d 7b04 	ldr.w	r7, [sp], #4
 80003b6:	4770      	bx	lr
 80003b8:	00b71b00 	.word	0x00b71b00

080003bc <XMC_GPIO_Init>:
/*******************************************************************************
 * API IMPLEMENTATION
 *******************************************************************************/

void XMC_GPIO_Init(XMC_GPIO_PORT_t *const port, const uint8_t pin, const XMC_GPIO_CONFIG_t *const config)
{
 80003bc:	b480      	push	{r7}
 80003be:	b085      	sub	sp, #20
 80003c0:	af00      	add	r7, sp, #0
 80003c2:	60f8      	str	r0, [r7, #12]
 80003c4:	460b      	mov	r3, r1
 80003c6:	607a      	str	r2, [r7, #4]
 80003c8:	72fb      	strb	r3, [r7, #11]
  XMC_ASSERT("XMC_GPIO_Init: Invalid port", XMC_GPIO_CHECK_PORT(port));
  XMC_ASSERT("XMC_GPIO_Init: Invalid mode", XMC_GPIO_IsModeValid(config->mode));

  /* Switch to input */
  port->IOCR[pin >> 2U] &= (uint32_t)~(PORT_IOCR_PC_Msk << (PORT_IOCR_PC_Size * (pin & 0x3U)));
 80003ca:	7afb      	ldrb	r3, [r7, #11]
 80003cc:	089b      	lsrs	r3, r3, #2
 80003ce:	b2db      	uxtb	r3, r3
 80003d0:	4618      	mov	r0, r3
 80003d2:	7afb      	ldrb	r3, [r7, #11]
 80003d4:	089b      	lsrs	r3, r3, #2
 80003d6:	b2db      	uxtb	r3, r3
 80003d8:	461a      	mov	r2, r3
 80003da:	68fb      	ldr	r3, [r7, #12]
 80003dc:	3204      	adds	r2, #4
 80003de:	f853 2022 	ldr.w	r2, [r3, r2, lsl #2]
 80003e2:	7afb      	ldrb	r3, [r7, #11]
 80003e4:	f003 0303 	and.w	r3, r3, #3
 80003e8:	00db      	lsls	r3, r3, #3
 80003ea:	4619      	mov	r1, r3
 80003ec:	23f8      	movs	r3, #248	; 0xf8
 80003ee:	408b      	lsls	r3, r1
 80003f0:	43db      	mvns	r3, r3
 80003f2:	ea02 0103 	and.w	r1, r2, r3
 80003f6:	68fb      	ldr	r3, [r7, #12]
 80003f8:	1d02      	adds	r2, r0, #4
 80003fa:	f843 1022 	str.w	r1, [r3, r2, lsl #2]

  /* HW port control is disabled */
  port->HWSEL &= ~(uint32_t)((uint32_t)PORT_HWSEL_Msk << ((uint32_t)pin << 1U));
 80003fe:	68fb      	ldr	r3, [r7, #12]
 8000400:	6f5a      	ldr	r2, [r3, #116]	; 0x74
 8000402:	7afb      	ldrb	r3, [r7, #11]
 8000404:	005b      	lsls	r3, r3, #1
 8000406:	4619      	mov	r1, r3
 8000408:	2303      	movs	r3, #3
 800040a:	408b      	lsls	r3, r1
 800040c:	43db      	mvns	r3, r3
 800040e:	401a      	ands	r2, r3
 8000410:	68fb      	ldr	r3, [r7, #12]
 8000412:	675a      	str	r2, [r3, #116]	; 0x74


  /* Enable digital input */
  if (XMC_GPIO_CHECK_ANALOG_PORT(port))
 8000414:	68fb      	ldr	r3, [r7, #12]
 8000416:	4a3a      	ldr	r2, [pc, #232]	; (8000500 <XMC_GPIO_Init+0x144>)
 8000418:	4293      	cmp	r3, r2
 800041a:	d003      	beq.n	8000424 <XMC_GPIO_Init+0x68>
 800041c:	68fb      	ldr	r3, [r7, #12]
 800041e:	4a39      	ldr	r2, [pc, #228]	; (8000504 <XMC_GPIO_Init+0x148>)
 8000420:	4293      	cmp	r3, r2
 8000422:	d10a      	bne.n	800043a <XMC_GPIO_Init+0x7e>
  {
    port->PDISC &= ~(uint32_t)((uint32_t)0x1U << pin);
 8000424:	68fb      	ldr	r3, [r7, #12]
 8000426:	6e1a      	ldr	r2, [r3, #96]	; 0x60
 8000428:	7afb      	ldrb	r3, [r7, #11]
 800042a:	2101      	movs	r1, #1
 800042c:	fa01 f303 	lsl.w	r3, r1, r3
 8000430:	43db      	mvns	r3, r3
 8000432:	401a      	ands	r2, r3
 8000434:	68fb      	ldr	r3, [r7, #12]
 8000436:	661a      	str	r2, [r3, #96]	; 0x60
 8000438:	e042      	b.n	80004c0 <XMC_GPIO_Init+0x104>
  }
  else
  {
    if ((config->mode & XMC_GPIO_MODE_OE) != 0)
 800043a:	687b      	ldr	r3, [r7, #4]
 800043c:	781b      	ldrb	r3, [r3, #0]
 800043e:	b2db      	uxtb	r3, r3
 8000440:	b25b      	sxtb	r3, r3
 8000442:	2b00      	cmp	r3, #0
 8000444:	da3c      	bge.n	80004c0 <XMC_GPIO_Init+0x104>
    {
      /* If output is enabled */

      /* Set output level */
      port->OMR = (uint32_t)config->output_level << pin;
 8000446:	687b      	ldr	r3, [r7, #4]
 8000448:	685a      	ldr	r2, [r3, #4]
 800044a:	7afb      	ldrb	r3, [r7, #11]
 800044c:	409a      	lsls	r2, r3
 800044e:	68fb      	ldr	r3, [r7, #12]
 8000450:	605a      	str	r2, [r3, #4]

      /* Set output driver strength */
      port->PDR[pin >> 3U] &= (uint32_t)~(PORT_PDR_Msk << ((uint32_t)PORT_PDR_Size * ((uint32_t)pin & 0x7U)));
 8000452:	7afb      	ldrb	r3, [r7, #11]
 8000454:	08db      	lsrs	r3, r3, #3
 8000456:	b2db      	uxtb	r3, r3
 8000458:	4618      	mov	r0, r3
 800045a:	7afb      	ldrb	r3, [r7, #11]
 800045c:	08db      	lsrs	r3, r3, #3
 800045e:	b2db      	uxtb	r3, r3
 8000460:	461a      	mov	r2, r3
 8000462:	68fb      	ldr	r3, [r7, #12]
 8000464:	3210      	adds	r2, #16
 8000466:	f853 2022 	ldr.w	r2, [r3, r2, lsl #2]
 800046a:	7afb      	ldrb	r3, [r7, #11]
 800046c:	f003 0307 	and.w	r3, r3, #7
 8000470:	009b      	lsls	r3, r3, #2
 8000472:	4619      	mov	r1, r3
 8000474:	2307      	movs	r3, #7
 8000476:	408b      	lsls	r3, r1
 8000478:	43db      	mvns	r3, r3
 800047a:	ea02 0103 	and.w	r1, r2, r3
 800047e:	68fb      	ldr	r3, [r7, #12]
 8000480:	f100 0210 	add.w	r2, r0, #16
 8000484:	f843 1022 	str.w	r1, [r3, r2, lsl #2]
      port->PDR[pin >> 3U] |= (uint32_t)config->output_strength << ((uint32_t)PORT_PDR_Size * ((uint32_t)pin & 0x7U));
 8000488:	7afb      	ldrb	r3, [r7, #11]
 800048a:	08db      	lsrs	r3, r3, #3
 800048c:	b2db      	uxtb	r3, r3
 800048e:	4618      	mov	r0, r3
 8000490:	7afb      	ldrb	r3, [r7, #11]
 8000492:	08db      	lsrs	r3, r3, #3
 8000494:	b2db      	uxtb	r3, r3
 8000496:	461a      	mov	r2, r3
 8000498:	68fb      	ldr	r3, [r7, #12]
 800049a:	3210      	adds	r2, #16
 800049c:	f853 2022 	ldr.w	r2, [r3, r2, lsl #2]
 80004a0:	687b      	ldr	r3, [r7, #4]
 80004a2:	7a1b      	ldrb	r3, [r3, #8]
 80004a4:	4619      	mov	r1, r3
 80004a6:	7afb      	ldrb	r3, [r7, #11]
 80004a8:	f003 0307 	and.w	r3, r3, #7
 80004ac:	009b      	lsls	r3, r3, #2
 80004ae:	fa01 f303 	lsl.w	r3, r1, r3
 80004b2:	ea42 0103 	orr.w	r1, r2, r3
 80004b6:	68fb      	ldr	r3, [r7, #12]
 80004b8:	f100 0210 	add.w	r2, r0, #16
 80004bc:	f843 1022 	str.w	r1, [r3, r2, lsl #2]
    }
  }

  /* Set mode */
  port->IOCR[pin >> 2U] |= (uint32_t)config->mode << ((uint32_t)PORT_IOCR_PC_Size * ((uint32_t)pin & 0x3U));
 80004c0:	7afb      	ldrb	r3, [r7, #11]
 80004c2:	089b      	lsrs	r3, r3, #2
 80004c4:	b2db      	uxtb	r3, r3
 80004c6:	4618      	mov	r0, r3
 80004c8:	7afb      	ldrb	r3, [r7, #11]
 80004ca:	089b      	lsrs	r3, r3, #2
 80004cc:	b2db      	uxtb	r3, r3
 80004ce:	461a      	mov	r2, r3
 80004d0:	68fb      	ldr	r3, [r7, #12]
 80004d2:	3204      	adds	r2, #4
 80004d4:	f853 2022 	ldr.w	r2, [r3, r2, lsl #2]
 80004d8:	687b      	ldr	r3, [r7, #4]
 80004da:	781b      	ldrb	r3, [r3, #0]
 80004dc:	4619      	mov	r1, r3
 80004de:	7afb      	ldrb	r3, [r7, #11]
 80004e0:	f003 0303 	and.w	r3, r3, #3
 80004e4:	00db      	lsls	r3, r3, #3
 80004e6:	fa01 f303 	lsl.w	r3, r1, r3
 80004ea:	ea42 0103 	orr.w	r1, r2, r3
 80004ee:	68fb      	ldr	r3, [r7, #12]
 80004f0:	1d02      	adds	r2, r0, #4
 80004f2:	f843 1022 	str.w	r1, [r3, r2, lsl #2]
}
 80004f6:	3714      	adds	r7, #20
 80004f8:	46bd      	mov	sp, r7
 80004fa:	f85d 7b04 	ldr.w	r7, [sp], #4
 80004fe:	4770      	bx	lr
 8000500:	48028e00 	.word	0x48028e00
 8000504:	48028f00 	.word	0x48028f00

08000508 <XMC_SCU_CLOCK_GetCpuClockFrequency>:
 *
 * \par<b>Related APIs:</b><BR>
 * XMC_SCU_CLOCK_GetPeripheralClockFrequency(), XMC_SCU_CLOCK_GatePeripheralClock() \n\n\n
 */
__STATIC_INLINE uint32_t XMC_SCU_CLOCK_GetCpuClockFrequency(void)
{
 8000508:	b480      	push	{r7}
 800050a:	af00      	add	r7, sp, #0
  return SystemCoreClock;
 800050c:	4b03      	ldr	r3, [pc, #12]	; (800051c <XMC_SCU_CLOCK_GetCpuClockFrequency+0x14>)
 800050e:	681b      	ldr	r3, [r3, #0]
}
 8000510:	4618      	mov	r0, r3
 8000512:	46bd      	mov	sp, r7
 8000514:	f85d 7b04 	ldr.w	r7, [sp], #4
 8000518:	4770      	bx	lr
 800051a:	bf00      	nop
 800051c:	2000ffc0 	.word	0x2000ffc0

08000520 <XMC_SCU_GetMirrorStatus>:
 * that a corresponding register of the hibernate domain is ready to accept a write or that the communication interface
 * is busy with executing the previous operation.\n
 * Note: There is no hibernate domain in XMC1x devices. This register is retained for legacy purpose.
 */
__STATIC_INLINE uint32_t XMC_SCU_GetMirrorStatus(void)
{
 8000520:	b480      	push	{r7}
 8000522:	af00      	add	r7, sp, #0
  return (SCU_GENERAL->MIRRSTS);
 8000524:	4b03      	ldr	r3, [pc, #12]	; (8000534 <XMC_SCU_GetMirrorStatus+0x14>)
 8000526:	f8d3 30c4 	ldr.w	r3, [r3, #196]	; 0xc4
}
 800052a:	4618      	mov	r0, r3
 800052c:	46bd      	mov	sp, r7
 800052e:	f85d 7b04 	ldr.w	r7, [sp], #4
 8000532:	4770      	bx	lr
 8000534:	50004000 	.word	0x50004000

08000538 <XMC_SCU_lDelay>:
/*********************************************************************************************************************
 * API IMPLEMENTATION
 ********************************************************************************************************************/
/* This is a local function used to generate the delay until register get updated with new configured value.  */
void XMC_SCU_lDelay(uint32_t delay)
{
 8000538:	b580      	push	{r7, lr}
 800053a:	b084      	sub	sp, #16
 800053c:	af00      	add	r7, sp, #0
 800053e:	6078      	str	r0, [r7, #4]
  uint32_t i;

  SystemCoreClockUpdate();
 8000540:	f7ff fec8 	bl	80002d4 <SystemCoreClockUpdate>
  delay =  delay * (uint32_t)(SystemCoreClock / FREQ_1MHZ);
 8000544:	4b0b      	ldr	r3, [pc, #44]	; (8000574 <XMC_SCU_lDelay+0x3c>)
 8000546:	681b      	ldr	r3, [r3, #0]
 8000548:	4a0b      	ldr	r2, [pc, #44]	; (8000578 <XMC_SCU_lDelay+0x40>)
 800054a:	fba2 2303 	umull	r2, r3, r2, r3
 800054e:	0c9a      	lsrs	r2, r3, #18
 8000550:	687b      	ldr	r3, [r7, #4]
 8000552:	fb02 f303 	mul.w	r3, r2, r3
 8000556:	607b      	str	r3, [r7, #4]

  for (i = 0U; i < delay; ++i)
 8000558:	2300      	movs	r3, #0
 800055a:	60fb      	str	r3, [r7, #12]
 800055c:	e003      	b.n	8000566 <XMC_SCU_lDelay+0x2e>
  {
    __NOP();
 800055e:	bf00      	nop
  uint32_t i;

  SystemCoreClockUpdate();
  delay =  delay * (uint32_t)(SystemCoreClock / FREQ_1MHZ);

  for (i = 0U; i < delay; ++i)
 8000560:	68fb      	ldr	r3, [r7, #12]
 8000562:	3301      	adds	r3, #1
 8000564:	60fb      	str	r3, [r7, #12]
 8000566:	68fa      	ldr	r2, [r7, #12]
 8000568:	687b      	ldr	r3, [r7, #4]
 800056a:	429a      	cmp	r2, r3
 800056c:	d3f7      	bcc.n	800055e <XMC_SCU_lDelay+0x26>
  {
    __NOP();
  }
}
 800056e:	3710      	adds	r7, #16
 8000570:	46bd      	mov	sp, r7
 8000572:	bd80      	pop	{r7, pc}
 8000574:	2000ffc0 	.word	0x2000ffc0
 8000578:	431bde83 	.word	0x431bde83

0800057c <XMC_SCU_INTERUPT_GetEventStatus>:
  SCU_INTERRUPT->SRSET |= (uint32_t)event;
}

/* API to retrieve the SCU event status */
XMC_SCU_INTERRUPT_EVENT_t XMC_SCU_INTERUPT_GetEventStatus(void)
{
 800057c:	b480      	push	{r7}
 800057e:	af00      	add	r7, sp, #0
  return (SCU_INTERRUPT->SRRAW);
 8000580:	4b03      	ldr	r3, [pc, #12]	; (8000590 <XMC_SCU_INTERUPT_GetEventStatus+0x14>)
 8000582:	685b      	ldr	r3, [r3, #4]
}
 8000584:	4618      	mov	r0, r3
 8000586:	46bd      	mov	sp, r7
 8000588:	f85d 7b04 	ldr.w	r7, [sp], #4
 800058c:	4770      	bx	lr
 800058e:	bf00      	nop
 8000590:	50004074 	.word	0x50004074

08000594 <XMC_SCU_INTERRUPT_ClearEventStatus>:

/* API to clear the SCU event status */
void XMC_SCU_INTERRUPT_ClearEventStatus(const XMC_SCU_INTERRUPT_EVENT_t event)
{
 8000594:	b480      	push	{r7}
 8000596:	b083      	sub	sp, #12
 8000598:	af00      	add	r7, sp, #0
 800059a:	6078      	str	r0, [r7, #4]
  SCU_INTERRUPT->SRCLR = (uint32_t)event;
 800059c:	4a03      	ldr	r2, [pc, #12]	; (80005ac <XMC_SCU_INTERRUPT_ClearEventStatus+0x18>)
 800059e:	687b      	ldr	r3, [r7, #4]
 80005a0:	60d3      	str	r3, [r2, #12]
}
 80005a2:	370c      	adds	r7, #12
 80005a4:	46bd      	mov	sp, r7
 80005a6:	f85d 7b04 	ldr.w	r7, [sp], #4
 80005aa:	4770      	bx	lr
 80005ac:	50004074 	.word	0x50004074

080005b0 <XMC_SCU_CLOCK_Init>:
  return (SCU_GENERAL->RMDATA);
}

/* API to initialize the clock tree */
void XMC_SCU_CLOCK_Init(const XMC_SCU_CLOCK_CONFIG_t *const config)
{
 80005b0:	b5b0      	push	{r4, r5, r7, lr}
 80005b2:	b084      	sub	sp, #16
 80005b4:	af02      	add	r7, sp, #8
 80005b6:	6078      	str	r0, [r7, #4]
  XMC_ASSERT("", ((config->fstdby_clksrc == XMC_SCU_HIB_STDBYCLKSRC_OSCULP) && (config->enable_osculp == true)) ||
             (config->fstdby_clksrc != XMC_SCU_HIB_STDBYCLKSRC_OSCULP));
  XMC_ASSERT("", ((config->syspll_config.clksrc == XMC_SCU_CLOCK_SYSPLLCLKSRC_OSCHP) &&
                  (config->enable_oschp == true)) || (config->syspll_config.clksrc != XMC_SCU_CLOCK_SYSPLLCLKSRC_OSCHP));

  XMC_SCU_CLOCK_SetSystemClockSource(XMC_SCU_CLOCK_SYSCLKSRC_OFI);
 80005b8:	2000      	movs	r0, #0
 80005ba:	f000 f8c5 	bl	8000748 <XMC_SCU_CLOCK_SetSystemClockSource>

  XMC_SCU_HIB_EnableHibernateDomain();
 80005be:	f000 f9f5 	bl	80009ac <XMC_SCU_HIB_EnableHibernateDomain>

  if (config->enable_osculp == true)
 80005c2:	687b      	ldr	r3, [r7, #4]
 80005c4:	79db      	ldrb	r3, [r3, #7]
 80005c6:	2b00      	cmp	r3, #0
 80005c8:	d00a      	beq.n	80005e0 <XMC_SCU_CLOCK_Init+0x30>
  {
    XMC_SCU_CLOCK_EnableLowPowerOscillator();
 80005ca:	f000 fa2d 	bl	8000a28 <XMC_SCU_CLOCK_EnableLowPowerOscillator>
    while (XMC_SCU_CLOCK_IsLowPowerOscillatorStable() == false);
 80005ce:	bf00      	nop
 80005d0:	f000 fa18 	bl	8000a04 <XMC_SCU_CLOCK_IsLowPowerOscillatorStable>
 80005d4:	4603      	mov	r3, r0
 80005d6:	f083 0301 	eor.w	r3, r3, #1
 80005da:	b2db      	uxtb	r3, r3
 80005dc:	2b00      	cmp	r3, #0
 80005de:	d1f7      	bne.n	80005d0 <XMC_SCU_CLOCK_Init+0x20>
  }

  XMC_SCU_HIB_SetStandbyClockSource(config->fstdby_clksrc);
 80005e0:	687b      	ldr	r3, [r7, #4]
 80005e2:	7a5b      	ldrb	r3, [r3, #9]
 80005e4:	4618      	mov	r0, r3
 80005e6:	f000 f915 	bl	8000814 <XMC_SCU_HIB_SetStandbyClockSource>
  while (XMC_SCU_GetMirrorStatus() != 0)
 80005ea:	bf00      	nop
 80005ec:	f7ff ff98 	bl	8000520 <XMC_SCU_GetMirrorStatus>
 80005f0:	4603      	mov	r3, r0
 80005f2:	2b00      	cmp	r3, #0
 80005f4:	d1fa      	bne.n	80005ec <XMC_SCU_CLOCK_Init+0x3c>
  {
    /* Wait until update of the stanby clock source is done in the HIB domain */
  }

  XMC_SCU_CLOCK_SetBackupClockCalibrationMode(config->calibration_mode);
 80005f6:	687b      	ldr	r3, [r7, #4]
 80005f8:	7a1b      	ldrb	r3, [r3, #8]
 80005fa:	4618      	mov	r0, r3
 80005fc:	f000 f9b0 	bl	8000960 <XMC_SCU_CLOCK_SetBackupClockCalibrationMode>

  XMC_SCU_CLOCK_SetSystemClockDivider((uint32_t)config->fsys_clkdiv);
 8000600:	687b      	ldr	r3, [r7, #4]
 8000602:	7c1b      	ldrb	r3, [r3, #16]
 8000604:	4618      	mov	r0, r3
 8000606:	f000 f923 	bl	8000850 <XMC_SCU_CLOCK_SetSystemClockDivider>
  XMC_SCU_CLOCK_SetCpuClockDivider((uint32_t)config->fcpu_clkdiv);
 800060a:	687b      	ldr	r3, [r7, #4]
 800060c:	7c5b      	ldrb	r3, [r3, #17]
 800060e:	4618      	mov	r0, r3
 8000610:	f000 f946 	bl	80008a0 <XMC_SCU_CLOCK_SetCpuClockDivider>
  XMC_SCU_CLOCK_SetCcuClockDivider((uint32_t)config->fccu_clkdiv);
 8000614:	687b      	ldr	r3, [r7, #4]
 8000616:	7c9b      	ldrb	r3, [r3, #18]
 8000618:	4618      	mov	r0, r3
 800061a:	f000 f92d 	bl	8000878 <XMC_SCU_CLOCK_SetCcuClockDivider>
  XMC_SCU_CLOCK_SetPeripheralClockDivider((uint32_t)config->fperipheral_clkdiv);
 800061e:	687b      	ldr	r3, [r7, #4]
 8000620:	7cdb      	ldrb	r3, [r3, #19]
 8000622:	4618      	mov	r0, r3
 8000624:	f000 f950 	bl	80008c8 <XMC_SCU_CLOCK_SetPeripheralClockDivider>

  if (config->enable_oschp == true)
 8000628:	687b      	ldr	r3, [r7, #4]
 800062a:	799b      	ldrb	r3, [r3, #6]
 800062c:	2b00      	cmp	r3, #0
 800062e:	d00a      	beq.n	8000646 <XMC_SCU_CLOCK_Init+0x96>
  {
    XMC_SCU_CLOCK_EnableHighPerformanceOscillator();
 8000630:	f000 fa32 	bl	8000a98 <XMC_SCU_CLOCK_EnableHighPerformanceOscillator>
    while (XMC_SCU_CLOCK_IsHighPerformanceOscillatorStable() == false);
 8000634:	bf00      	nop
 8000636:	f000 fa57 	bl	8000ae8 <XMC_SCU_CLOCK_IsHighPerformanceOscillatorStable>
 800063a:	4603      	mov	r3, r0
 800063c:	f083 0301 	eor.w	r3, r3, #1
 8000640:	b2db      	uxtb	r3, r3
 8000642:	2b00      	cmp	r3, #0
 8000644:	d1f7      	bne.n	8000636 <XMC_SCU_CLOCK_Init+0x86>
  }

  if (config->syspll_config.mode == XMC_SCU_CLOCK_SYSPLL_MODE_DISABLED)
 8000646:	687b      	ldr	r3, [r7, #4]
 8000648:	78db      	ldrb	r3, [r3, #3]
 800064a:	2b00      	cmp	r3, #0
 800064c:	d109      	bne.n	8000662 <XMC_SCU_CLOCK_Init+0xb2>
  {
    /* Do not enable PLL Power Down Mode when the OSC Watchdog is enabled */
    if (config->enable_oschp == false)
 800064e:	687b      	ldr	r3, [r7, #4]
 8000650:	799b      	ldrb	r3, [r3, #6]
 8000652:	f083 0301 	eor.w	r3, r3, #1
 8000656:	b2db      	uxtb	r3, r3
 8000658:	2b00      	cmp	r3, #0
 800065a:	d017      	beq.n	800068c <XMC_SCU_CLOCK_Init+0xdc>
    {
      XMC_SCU_CLOCK_DisableSystemPll();
 800065c:	f000 fa68 	bl	8000b30 <XMC_SCU_CLOCK_DisableSystemPll>
 8000660:	e014      	b.n	800068c <XMC_SCU_CLOCK_Init+0xdc>
    }
  }
  else
  {

    XMC_SCU_CLOCK_EnableSystemPll();
 8000662:	f000 fa55 	bl	8000b10 <XMC_SCU_CLOCK_EnableSystemPll>
    XMC_SCU_CLOCK_StartSystemPll(config->syspll_config.clksrc,
 8000666:	687b      	ldr	r3, [r7, #4]
 8000668:	8899      	ldrh	r1, [r3, #4]
 800066a:	687b      	ldr	r3, [r7, #4]
 800066c:	78da      	ldrb	r2, [r3, #3]
                                 config->syspll_config.mode,
                                 (uint32_t)config->syspll_config.p_div,
 800066e:	687b      	ldr	r3, [r7, #4]
 8000670:	785b      	ldrb	r3, [r3, #1]
  }
  else
  {

    XMC_SCU_CLOCK_EnableSystemPll();
    XMC_SCU_CLOCK_StartSystemPll(config->syspll_config.clksrc,
 8000672:	461d      	mov	r5, r3
                                 config->syspll_config.mode,
                                 (uint32_t)config->syspll_config.p_div,
                                 (uint32_t)config->syspll_config.n_div,
 8000674:	687b      	ldr	r3, [r7, #4]
 8000676:	781b      	ldrb	r3, [r3, #0]
  }
  else
  {

    XMC_SCU_CLOCK_EnableSystemPll();
    XMC_SCU_CLOCK_StartSystemPll(config->syspll_config.clksrc,
 8000678:	461c      	mov	r4, r3
                                 config->syspll_config.mode,
                                 (uint32_t)config->syspll_config.p_div,
                                 (uint32_t)config->syspll_config.n_div,
                                 (uint32_t)config->syspll_config.k_div);
 800067a:	687b      	ldr	r3, [r7, #4]
 800067c:	789b      	ldrb	r3, [r3, #2]
  }
  else
  {

    XMC_SCU_CLOCK_EnableSystemPll();
    XMC_SCU_CLOCK_StartSystemPll(config->syspll_config.clksrc,
 800067e:	9300      	str	r3, [sp, #0]
 8000680:	4608      	mov	r0, r1
 8000682:	4611      	mov	r1, r2
 8000684:	462a      	mov	r2, r5
 8000686:	4623      	mov	r3, r4
 8000688:	f000 fa62 	bl	8000b50 <XMC_SCU_CLOCK_StartSystemPll>
                                 (uint32_t)config->syspll_config.n_div,
                                 (uint32_t)config->syspll_config.k_div);
  }

  /* use SYSPLL? */
  if (config->fsys_clksrc == XMC_SCU_CLOCK_SYSCLKSRC_PLL)
 800068c:	687b      	ldr	r3, [r7, #4]
 800068e:	68db      	ldr	r3, [r3, #12]
 8000690:	f5b3 3f80 	cmp.w	r3, #65536	; 0x10000
 8000694:	d103      	bne.n	800069e <XMC_SCU_CLOCK_Init+0xee>
  {
    XMC_SCU_CLOCK_SetSystemClockSource(XMC_SCU_CLOCK_SYSCLKSRC_PLL);
 8000696:	f44f 3080 	mov.w	r0, #65536	; 0x10000
 800069a:	f000 f855 	bl	8000748 <XMC_SCU_CLOCK_SetSystemClockSource>
  }
  SystemCoreClockUpdate();
 800069e:	f7ff fe19 	bl	80002d4 <SystemCoreClockUpdate>
}
 80006a2:	3708      	adds	r7, #8
 80006a4:	46bd      	mov	sp, r7
 80006a6:	bdb0      	pop	{r4, r5, r7, pc}

080006a8 <XMC_SCU_RESET_DeassertPeripheralReset>:
  *(volatile uint32_t *)(&(SCU_RESET->PRSET0) + (index * 3U)) = (uint32_t)mask;
}

/* API to manually de-assert a reset request */
void XMC_SCU_RESET_DeassertPeripheralReset(const XMC_SCU_PERIPHERAL_RESET_t peripheral)
{
 80006a8:	b480      	push	{r7}
 80006aa:	b085      	sub	sp, #20
 80006ac:	af00      	add	r7, sp, #0
 80006ae:	6078      	str	r0, [r7, #4]
  uint32_t index = (uint32_t)((((uint32_t)peripheral) & 0xf0000000UL) >> 28UL);
 80006b0:	687b      	ldr	r3, [r7, #4]
 80006b2:	0f1b      	lsrs	r3, r3, #28
 80006b4:	60fb      	str	r3, [r7, #12]
  uint32_t mask = (((uint32_t)peripheral) & ((uint32_t)~0xf0000000UL));
 80006b6:	687b      	ldr	r3, [r7, #4]
 80006b8:	f023 4370 	bic.w	r3, r3, #4026531840	; 0xf0000000
 80006bc:	60bb      	str	r3, [r7, #8]

  *(volatile uint32_t *)(&(SCU_RESET->PRCLR0) + (index * 3U)) = (uint32_t)mask;
 80006be:	68fa      	ldr	r2, [r7, #12]
 80006c0:	4613      	mov	r3, r2
 80006c2:	005b      	lsls	r3, r3, #1
 80006c4:	4413      	add	r3, r2
 80006c6:	009b      	lsls	r3, r3, #2
 80006c8:	461a      	mov	r2, r3
 80006ca:	4b04      	ldr	r3, [pc, #16]	; (80006dc <XMC_SCU_RESET_DeassertPeripheralReset+0x34>)
 80006cc:	4413      	add	r3, r2
 80006ce:	68ba      	ldr	r2, [r7, #8]
 80006d0:	601a      	str	r2, [r3, #0]
}
 80006d2:	3714      	adds	r7, #20
 80006d4:	46bd      	mov	sp, r7
 80006d6:	f85d 7b04 	ldr.w	r7, [sp], #4
 80006da:	4770      	bx	lr
 80006dc:	50004414 	.word	0x50004414

080006e0 <XMC_SCU_RESET_IsPeripheralResetAsserted>:

/* Find out if the peripheral reset is asserted */
bool XMC_SCU_RESET_IsPeripheralResetAsserted(const XMC_SCU_PERIPHERAL_RESET_t peripheral)
{
 80006e0:	b480      	push	{r7}
 80006e2:	b085      	sub	sp, #20
 80006e4:	af00      	add	r7, sp, #0
 80006e6:	6078      	str	r0, [r7, #4]
  uint32_t index = (uint32_t)((((uint32_t)peripheral) & 0xf0000000UL) >> 28UL);
 80006e8:	687b      	ldr	r3, [r7, #4]
 80006ea:	0f1b      	lsrs	r3, r3, #28
 80006ec:	60fb      	str	r3, [r7, #12]
  uint32_t mask = (((uint32_t)peripheral) & ((uint32_t)~0xf0000000UL));
 80006ee:	687b      	ldr	r3, [r7, #4]
 80006f0:	f023 4370 	bic.w	r3, r3, #4026531840	; 0xf0000000
 80006f4:	60bb      	str	r3, [r7, #8]

  return ((*(const volatile uint32_t *)(&(SCU_RESET->PRSTAT0) + (index * 3U)) & mask) != 0U);
 80006f6:	68fa      	ldr	r2, [r7, #12]
 80006f8:	4613      	mov	r3, r2
 80006fa:	005b      	lsls	r3, r3, #1
 80006fc:	4413      	add	r3, r2
 80006fe:	009b      	lsls	r3, r3, #2
 8000700:	461a      	mov	r2, r3
 8000702:	4b08      	ldr	r3, [pc, #32]	; (8000724 <XMC_SCU_RESET_IsPeripheralResetAsserted+0x44>)
 8000704:	4413      	add	r3, r2
 8000706:	681a      	ldr	r2, [r3, #0]
 8000708:	68bb      	ldr	r3, [r7, #8]
 800070a:	4013      	ands	r3, r2
 800070c:	2b00      	cmp	r3, #0
 800070e:	bf14      	ite	ne
 8000710:	2301      	movne	r3, #1
 8000712:	2300      	moveq	r3, #0
 8000714:	b2db      	uxtb	r3, r3
}
 8000716:	4618      	mov	r0, r3
 8000718:	3714      	adds	r7, #20
 800071a:	46bd      	mov	sp, r7
 800071c:	f85d 7b04 	ldr.w	r7, [sp], #4
 8000720:	4770      	bx	lr
 8000722:	bf00      	nop
 8000724:	5000440c 	.word	0x5000440c

08000728 <XMC_SCU_CLOCK_GetPeripheralClockFrequency>:

/*
 * API to retrieve clock frequency of peripherals on the peripheral bus using a shared functional clock
 */
uint32_t XMC_SCU_CLOCK_GetPeripheralClockFrequency(void)
{
 8000728:	b580      	push	{r7, lr}
 800072a:	af00      	add	r7, sp, #0
  return (uint32_t)(XMC_SCU_CLOCK_GetCpuClockFrequency() >>
 800072c:	f7ff feec 	bl	8000508 <XMC_SCU_CLOCK_GetCpuClockFrequency>
 8000730:	4602      	mov	r2, r0
                    ((SCU_CLK->PBCLKCR & SCU_CLK_PBCLKCR_PBDIV_Msk) >> SCU_CLK_PBCLKCR_PBDIV_Pos));
 8000732:	4b04      	ldr	r3, [pc, #16]	; (8000744 <XMC_SCU_CLOCK_GetPeripheralClockFrequency+0x1c>)
 8000734:	695b      	ldr	r3, [r3, #20]
/*
 * API to retrieve clock frequency of peripherals on the peripheral bus using a shared functional clock
 */
uint32_t XMC_SCU_CLOCK_GetPeripheralClockFrequency(void)
{
  return (uint32_t)(XMC_SCU_CLOCK_GetCpuClockFrequency() >>
 8000736:	f003 0301 	and.w	r3, r3, #1
 800073a:	fa22 f303 	lsr.w	r3, r2, r3
                    ((SCU_CLK->PBCLKCR & SCU_CLK_PBCLKCR_PBDIV_Msk) >> SCU_CLK_PBCLKCR_PBDIV_Pos));
}
 800073e:	4618      	mov	r0, r3
 8000740:	bd80      	pop	{r7, pc}
 8000742:	bf00      	nop
 8000744:	50004600 	.word	0x50004600

08000748 <XMC_SCU_CLOCK_SetSystemClockSource>:

/* API to select fSYS */
void XMC_SCU_CLOCK_SetSystemClockSource(const XMC_SCU_CLOCK_SYSCLKSRC_t source)
{
 8000748:	b480      	push	{r7}
 800074a:	b083      	sub	sp, #12
 800074c:	af00      	add	r7, sp, #0
 800074e:	6078      	str	r0, [r7, #4]
  SCU_CLK->SYSCLKCR = (SCU_CLK->SYSCLKCR & ((uint32_t)~SCU_CLK_SYSCLKCR_SYSSEL_Msk)) |
 8000750:	4906      	ldr	r1, [pc, #24]	; (800076c <XMC_SCU_CLOCK_SetSystemClockSource+0x24>)
 8000752:	4b06      	ldr	r3, [pc, #24]	; (800076c <XMC_SCU_CLOCK_SetSystemClockSource+0x24>)
 8000754:	68db      	ldr	r3, [r3, #12]
 8000756:	f423 3280 	bic.w	r2, r3, #65536	; 0x10000
 800075a:	687b      	ldr	r3, [r7, #4]
 800075c:	4313      	orrs	r3, r2
 800075e:	60cb      	str	r3, [r1, #12]
                      ((uint32_t)source);
}
 8000760:	370c      	adds	r7, #12
 8000762:	46bd      	mov	sp, r7
 8000764:	f85d 7b04 	ldr.w	r7, [sp], #4
 8000768:	4770      	bx	lr
 800076a:	bf00      	nop
 800076c:	50004600 	.word	0x50004600

08000770 <XMC_SCU_CLOCK_SetWdtClockSource>:
                      ((uint32_t)source);
}

/* API to select fWDT */
void XMC_SCU_CLOCK_SetWdtClockSource(const XMC_SCU_CLOCK_WDTCLKSRC_t source)
{
 8000770:	b480      	push	{r7}
 8000772:	b083      	sub	sp, #12
 8000774:	af00      	add	r7, sp, #0
 8000776:	6078      	str	r0, [r7, #4]
  SCU_CLK->WDTCLKCR = (SCU_CLK->WDTCLKCR & ((uint32_t)~SCU_CLK_WDTCLKCR_WDTSEL_Msk)) |
 8000778:	4906      	ldr	r1, [pc, #24]	; (8000794 <XMC_SCU_CLOCK_SetWdtClockSource+0x24>)
 800077a:	4b06      	ldr	r3, [pc, #24]	; (8000794 <XMC_SCU_CLOCK_SetWdtClockSource+0x24>)
 800077c:	6a5b      	ldr	r3, [r3, #36]	; 0x24
 800077e:	f423 3240 	bic.w	r2, r3, #196608	; 0x30000
 8000782:	687b      	ldr	r3, [r7, #4]
 8000784:	4313      	orrs	r3, r2
 8000786:	624b      	str	r3, [r1, #36]	; 0x24
                      ((uint32_t)source);
}
 8000788:	370c      	adds	r7, #12
 800078a:	46bd      	mov	sp, r7
 800078c:	f85d 7b04 	ldr.w	r7, [sp], #4
 8000790:	4770      	bx	lr
 8000792:	bf00      	nop
 8000794:	50004600 	.word	0x50004600

08000798 <XMC_SCU_CLOCK_SetSystemPllClockSource>:
                      ((uint32_t)source);
}

/* API to select fPLL */
void XMC_SCU_CLOCK_SetSystemPllClockSource(const XMC_SCU_CLOCK_SYSPLLCLKSRC_t source)
{
 8000798:	b480      	push	{r7}
 800079a:	b083      	sub	sp, #12
 800079c:	af00      	add	r7, sp, #0
 800079e:	4603      	mov	r3, r0
 80007a0:	80fb      	strh	r3, [r7, #6]
  /* Check input clock */
  if (source == XMC_SCU_CLOCK_SYSPLLCLKSRC_OSCHP) /* Select PLLClockSource */
 80007a2:	88fb      	ldrh	r3, [r7, #6]
 80007a4:	2b00      	cmp	r3, #0
 80007a6:	d108      	bne.n	80007ba <XMC_SCU_CLOCK_SetSystemPllClockSource+0x22>
  {
    SCU_PLL->PLLCON2 &= (uint32_t)~(SCU_PLL_PLLCON2_PINSEL_Msk | SCU_PLL_PLLCON2_K1INSEL_Msk);
 80007a8:	4a0a      	ldr	r2, [pc, #40]	; (80007d4 <XMC_SCU_CLOCK_SetSystemPllClockSource+0x3c>)
 80007aa:	4b0a      	ldr	r3, [pc, #40]	; (80007d4 <XMC_SCU_CLOCK_SetSystemPllClockSource+0x3c>)
 80007ac:	68db      	ldr	r3, [r3, #12]
 80007ae:	f423 7380 	bic.w	r3, r3, #256	; 0x100
 80007b2:	f023 0301 	bic.w	r3, r3, #1
 80007b6:	60d3      	str	r3, [r2, #12]
 80007b8:	e007      	b.n	80007ca <XMC_SCU_CLOCK_SetSystemPllClockSource+0x32>
  }
  else
  {
    SCU_PLL->PLLCON2 |= (uint32_t)(SCU_PLL_PLLCON2_PINSEL_Msk | SCU_PLL_PLLCON2_K1INSEL_Msk);
 80007ba:	4a06      	ldr	r2, [pc, #24]	; (80007d4 <XMC_SCU_CLOCK_SetSystemPllClockSource+0x3c>)
 80007bc:	4b05      	ldr	r3, [pc, #20]	; (80007d4 <XMC_SCU_CLOCK_SetSystemPllClockSource+0x3c>)
 80007be:	68db      	ldr	r3, [r3, #12]
 80007c0:	f443 7380 	orr.w	r3, r3, #256	; 0x100
 80007c4:	f043 0301 	orr.w	r3, r3, #1
 80007c8:	60d3      	str	r3, [r2, #12]
  }
}
 80007ca:	370c      	adds	r7, #12
 80007cc:	46bd      	mov	sp, r7
 80007ce:	f85d 7b04 	ldr.w	r7, [sp], #4
 80007d2:	4770      	bx	lr
 80007d4:	50004710 	.word	0x50004710

080007d8 <XMC_SCU_HIB_SetRtcClockSource>:

/* API to select fRTC */
void XMC_SCU_HIB_SetRtcClockSource(const XMC_SCU_HIB_RTCCLKSRC_t source)
{
 80007d8:	b480      	push	{r7}
 80007da:	b083      	sub	sp, #12
 80007dc:	af00      	add	r7, sp, #0
 80007de:	4603      	mov	r3, r0
 80007e0:	71fb      	strb	r3, [r7, #7]
  /* Wait until the update of HDCR register in hibernate domain is completed */
  while ((SCU_GENERAL->MIRRSTS) & SCU_GENERAL_MIRRSTS_HDCR_Msk)
 80007e2:	bf00      	nop
 80007e4:	4b09      	ldr	r3, [pc, #36]	; (800080c <XMC_SCU_HIB_SetRtcClockSource+0x34>)
 80007e6:	f8d3 30c4 	ldr.w	r3, [r3, #196]	; 0xc4
 80007ea:	f003 0308 	and.w	r3, r3, #8
 80007ee:	2b00      	cmp	r3, #0
 80007f0:	d1f8      	bne.n	80007e4 <XMC_SCU_HIB_SetRtcClockSource+0xc>
  {
  }

  SCU_HIBERNATE->HDCR = (SCU_HIBERNATE->HDCR & ((uint32_t)~SCU_HIBERNATE_HDCR_RCS_Msk)) |
 80007f2:	4907      	ldr	r1, [pc, #28]	; (8000810 <XMC_SCU_HIB_SetRtcClockSource+0x38>)
 80007f4:	4b06      	ldr	r3, [pc, #24]	; (8000810 <XMC_SCU_HIB_SetRtcClockSource+0x38>)
 80007f6:	68db      	ldr	r3, [r3, #12]
 80007f8:	f023 0240 	bic.w	r2, r3, #64	; 0x40
                        ((uint32_t)source);
 80007fc:	79fb      	ldrb	r3, [r7, #7]
  /* Wait until the update of HDCR register in hibernate domain is completed */
  while ((SCU_GENERAL->MIRRSTS) & SCU_GENERAL_MIRRSTS_HDCR_Msk)
  {
  }

  SCU_HIBERNATE->HDCR = (SCU_HIBERNATE->HDCR & ((uint32_t)~SCU_HIBERNATE_HDCR_RCS_Msk)) |
 80007fe:	4313      	orrs	r3, r2
 8000800:	60cb      	str	r3, [r1, #12]
                        ((uint32_t)source);
}
 8000802:	370c      	adds	r7, #12
 8000804:	46bd      	mov	sp, r7
 8000806:	f85d 7b04 	ldr.w	r7, [sp], #4
 800080a:	4770      	bx	lr
 800080c:	50004000 	.word	0x50004000
 8000810:	50004300 	.word	0x50004300

08000814 <XMC_SCU_HIB_SetStandbyClockSource>:

/* API to select fSTDBY */
void XMC_SCU_HIB_SetStandbyClockSource(const XMC_SCU_HIB_STDBYCLKSRC_t source)
{
 8000814:	b480      	push	{r7}
 8000816:	b083      	sub	sp, #12
 8000818:	af00      	add	r7, sp, #0
 800081a:	4603      	mov	r3, r0
 800081c:	71fb      	strb	r3, [r7, #7]
  while ((SCU_GENERAL->MIRRSTS) & SCU_GENERAL_MIRRSTS_HDCR_Msk)
 800081e:	bf00      	nop
 8000820:	4b09      	ldr	r3, [pc, #36]	; (8000848 <XMC_SCU_HIB_SetStandbyClockSource+0x34>)
 8000822:	f8d3 30c4 	ldr.w	r3, [r3, #196]	; 0xc4
 8000826:	f003 0308 	and.w	r3, r3, #8
 800082a:	2b00      	cmp	r3, #0
 800082c:	d1f8      	bne.n	8000820 <XMC_SCU_HIB_SetStandbyClockSource+0xc>
  {
    /* check SCU_MIRRSTS to ensure that no transfer over serial interface is pending */
  }
  SCU_HIBERNATE->HDCR = (SCU_HIBERNATE->HDCR & ((uint32_t)~SCU_HIBERNATE_HDCR_STDBYSEL_Msk)) |
 800082e:	4907      	ldr	r1, [pc, #28]	; (800084c <XMC_SCU_HIB_SetStandbyClockSource+0x38>)
 8000830:	4b06      	ldr	r3, [pc, #24]	; (800084c <XMC_SCU_HIB_SetStandbyClockSource+0x38>)
 8000832:	68db      	ldr	r3, [r3, #12]
 8000834:	f023 0280 	bic.w	r2, r3, #128	; 0x80
                        ((uint32_t)source);
 8000838:	79fb      	ldrb	r3, [r7, #7]
{
  while ((SCU_GENERAL->MIRRSTS) & SCU_GENERAL_MIRRSTS_HDCR_Msk)
  {
    /* check SCU_MIRRSTS to ensure that no transfer over serial interface is pending */
  }
  SCU_HIBERNATE->HDCR = (SCU_HIBERNATE->HDCR & ((uint32_t)~SCU_HIBERNATE_HDCR_STDBYSEL_Msk)) |
 800083a:	4313      	orrs	r3, r2
 800083c:	60cb      	str	r3, [r1, #12]
                        ((uint32_t)source);
}
 800083e:	370c      	adds	r7, #12
 8000840:	46bd      	mov	sp, r7
 8000842:	f85d 7b04 	ldr.w	r7, [sp], #4
 8000846:	4770      	bx	lr
 8000848:	50004000 	.word	0x50004000
 800084c:	50004300 	.word	0x50004300

08000850 <XMC_SCU_CLOCK_SetSystemClockDivider>:

/* API to program the divider placed between fsys and its parent */
void XMC_SCU_CLOCK_SetSystemClockDivider(const uint32_t divider)
{
 8000850:	b480      	push	{r7}
 8000852:	b083      	sub	sp, #12
 8000854:	af00      	add	r7, sp, #0
 8000856:	6078      	str	r0, [r7, #4]
  XMC_ASSERT("XMC_SCU_CLOCK_SetSystemClockDivider:Wrong clock divider value",
             (divider <= (SCU_CLK_SYSCLKCR_SYSDIV_Msk + 1UL)) );

  SCU_CLK->SYSCLKCR = (SCU_CLK->SYSCLKCR & ((uint32_t)~SCU_CLK_SYSCLKCR_SYSDIV_Msk)) |
 8000858:	4906      	ldr	r1, [pc, #24]	; (8000874 <XMC_SCU_CLOCK_SetSystemClockDivider+0x24>)
 800085a:	4b06      	ldr	r3, [pc, #24]	; (8000874 <XMC_SCU_CLOCK_SetSystemClockDivider+0x24>)
 800085c:	68db      	ldr	r3, [r3, #12]
 800085e:	f023 02ff 	bic.w	r2, r3, #255	; 0xff
                      ((uint32_t)(((uint32_t)(divider - 1UL)) << SCU_CLK_SYSCLKCR_SYSDIV_Pos));
 8000862:	687b      	ldr	r3, [r7, #4]
 8000864:	3b01      	subs	r3, #1
void XMC_SCU_CLOCK_SetSystemClockDivider(const uint32_t divider)
{
  XMC_ASSERT("XMC_SCU_CLOCK_SetSystemClockDivider:Wrong clock divider value",
             (divider <= (SCU_CLK_SYSCLKCR_SYSDIV_Msk + 1UL)) );

  SCU_CLK->SYSCLKCR = (SCU_CLK->SYSCLKCR & ((uint32_t)~SCU_CLK_SYSCLKCR_SYSDIV_Msk)) |
 8000866:	4313      	orrs	r3, r2
 8000868:	60cb      	str	r3, [r1, #12]
                      ((uint32_t)(((uint32_t)(divider - 1UL)) << SCU_CLK_SYSCLKCR_SYSDIV_Pos));
}
 800086a:	370c      	adds	r7, #12
 800086c:	46bd      	mov	sp, r7
 800086e:	f85d 7b04 	ldr.w	r7, [sp], #4
 8000872:	4770      	bx	lr
 8000874:	50004600 	.word	0x50004600

08000878 <XMC_SCU_CLOCK_SetCcuClockDivider>:

/* API to program the divider placed between fccu and its parent */
void XMC_SCU_CLOCK_SetCcuClockDivider(const uint32_t divider)
{
 8000878:	b480      	push	{r7}
 800087a:	b083      	sub	sp, #12
 800087c:	af00      	add	r7, sp, #0
 800087e:	6078      	str	r0, [r7, #4]
  XMC_ASSERT("XMC_SCU_CLOCK_SetCapcomClockDivider:Wrong clock divider value", (divider <= 2UL) );

  SCU_CLK->CCUCLKCR = (SCU_CLK->CCUCLKCR & ((uint32_t)~SCU_CLK_CCUCLKCR_CCUDIV_Msk)) |
 8000880:	4906      	ldr	r1, [pc, #24]	; (800089c <XMC_SCU_CLOCK_SetCcuClockDivider+0x24>)
 8000882:	4b06      	ldr	r3, [pc, #24]	; (800089c <XMC_SCU_CLOCK_SetCcuClockDivider+0x24>)
 8000884:	6a1b      	ldr	r3, [r3, #32]
 8000886:	f023 0201 	bic.w	r2, r3, #1
                      (uint32_t)((uint32_t)(divider - 1UL) << SCU_CLK_CCUCLKCR_CCUDIV_Pos);
 800088a:	687b      	ldr	r3, [r7, #4]
 800088c:	3b01      	subs	r3, #1
/* API to program the divider placed between fccu and its parent */
void XMC_SCU_CLOCK_SetCcuClockDivider(const uint32_t divider)
{
  XMC_ASSERT("XMC_SCU_CLOCK_SetCapcomClockDivider:Wrong clock divider value", (divider <= 2UL) );

  SCU_CLK->CCUCLKCR = (SCU_CLK->CCUCLKCR & ((uint32_t)~SCU_CLK_CCUCLKCR_CCUDIV_Msk)) |
 800088e:	4313      	orrs	r3, r2
 8000890:	620b      	str	r3, [r1, #32]
                      (uint32_t)((uint32_t)(divider - 1UL) << SCU_CLK_CCUCLKCR_CCUDIV_Pos);
}
 8000892:	370c      	adds	r7, #12
 8000894:	46bd      	mov	sp, r7
 8000896:	f85d 7b04 	ldr.w	r7, [sp], #4
 800089a:	4770      	bx	lr
 800089c:	50004600 	.word	0x50004600

080008a0 <XMC_SCU_CLOCK_SetCpuClockDivider>:

/* API to program the divider placed between fcpu and its parent */
void XMC_SCU_CLOCK_SetCpuClockDivider(const uint32_t divider)
{
 80008a0:	b480      	push	{r7}
 80008a2:	b083      	sub	sp, #12
 80008a4:	af00      	add	r7, sp, #0
 80008a6:	6078      	str	r0, [r7, #4]
  XMC_ASSERT("XMC_SCU_CLOCK_SetCpuClockDivider:Wrong clock divider value", (divider <= 2UL) );

  SCU_CLK->CPUCLKCR = (SCU_CLK->CPUCLKCR & ((uint32_t)~SCU_CLK_CPUCLKCR_CPUDIV_Msk)) |
 80008a8:	4906      	ldr	r1, [pc, #24]	; (80008c4 <XMC_SCU_CLOCK_SetCpuClockDivider+0x24>)
 80008aa:	4b06      	ldr	r3, [pc, #24]	; (80008c4 <XMC_SCU_CLOCK_SetCpuClockDivider+0x24>)
 80008ac:	691b      	ldr	r3, [r3, #16]
 80008ae:	f023 0201 	bic.w	r2, r3, #1
                      (uint32_t)((uint32_t)(divider - 1UL) << SCU_CLK_CPUCLKCR_CPUDIV_Pos);
 80008b2:	687b      	ldr	r3, [r7, #4]
 80008b4:	3b01      	subs	r3, #1
/* API to program the divider placed between fcpu and its parent */
void XMC_SCU_CLOCK_SetCpuClockDivider(const uint32_t divider)
{
  XMC_ASSERT("XMC_SCU_CLOCK_SetCpuClockDivider:Wrong clock divider value", (divider <= 2UL) );

  SCU_CLK->CPUCLKCR = (SCU_CLK->CPUCLKCR & ((uint32_t)~SCU_CLK_CPUCLKCR_CPUDIV_Msk)) |
 80008b6:	4313      	orrs	r3, r2
 80008b8:	610b      	str	r3, [r1, #16]
                      (uint32_t)((uint32_t)(divider - 1UL) << SCU_CLK_CPUCLKCR_CPUDIV_Pos);
}
 80008ba:	370c      	adds	r7, #12
 80008bc:	46bd      	mov	sp, r7
 80008be:	f85d 7b04 	ldr.w	r7, [sp], #4
 80008c2:	4770      	bx	lr
 80008c4:	50004600 	.word	0x50004600

080008c8 <XMC_SCU_CLOCK_SetPeripheralClockDivider>:

/* API to program the divider placed between fperiph and its parent */
void XMC_SCU_CLOCK_SetPeripheralClockDivider(const uint32_t divider)
{
 80008c8:	b480      	push	{r7}
 80008ca:	b083      	sub	sp, #12
 80008cc:	af00      	add	r7, sp, #0
 80008ce:	6078      	str	r0, [r7, #4]
  XMC_ASSERT("XMC_SCU_CLOCK_SetPeripheralClockDivider:Wrong clock divider value", (divider <= 2UL) );

  SCU_CLK->PBCLKCR = (SCU_CLK->PBCLKCR & ((uint32_t)~SCU_CLK_PBCLKCR_PBDIV_Msk)) |
 80008d0:	4906      	ldr	r1, [pc, #24]	; (80008ec <XMC_SCU_CLOCK_SetPeripheralClockDivider+0x24>)
 80008d2:	4b06      	ldr	r3, [pc, #24]	; (80008ec <XMC_SCU_CLOCK_SetPeripheralClockDivider+0x24>)
 80008d4:	695b      	ldr	r3, [r3, #20]
 80008d6:	f023 0201 	bic.w	r2, r3, #1
                     ((uint32_t)((uint32_t)(divider - 1UL) << SCU_CLK_PBCLKCR_PBDIV_Pos));
 80008da:	687b      	ldr	r3, [r7, #4]
 80008dc:	3b01      	subs	r3, #1
/* API to program the divider placed between fperiph and its parent */
void XMC_SCU_CLOCK_SetPeripheralClockDivider(const uint32_t divider)
{
  XMC_ASSERT("XMC_SCU_CLOCK_SetPeripheralClockDivider:Wrong clock divider value", (divider <= 2UL) );

  SCU_CLK->PBCLKCR = (SCU_CLK->PBCLKCR & ((uint32_t)~SCU_CLK_PBCLKCR_PBDIV_Msk)) |
 80008de:	4313      	orrs	r3, r2
 80008e0:	614b      	str	r3, [r1, #20]
                     ((uint32_t)((uint32_t)(divider - 1UL) << SCU_CLK_PBCLKCR_PBDIV_Pos));
}
 80008e2:	370c      	adds	r7, #12
 80008e4:	46bd      	mov	sp, r7
 80008e6:	f85d 7b04 	ldr.w	r7, [sp], #4
 80008ea:	4770      	bx	lr
 80008ec:	50004600 	.word	0x50004600

080008f0 <XMC_SCU_CLOCK_SetEbuClockDivider>:
}

#if defined(EBU)
/* API to program the divider placed between febu and its parent */
void XMC_SCU_CLOCK_SetEbuClockDivider(const uint32_t divider)
{
 80008f0:	b480      	push	{r7}
 80008f2:	b083      	sub	sp, #12
 80008f4:	af00      	add	r7, sp, #0
 80008f6:	6078      	str	r0, [r7, #4]
  XMC_ASSERT("XMC_SCU_CLOCK_SetEbuClockDivider:Wrong clock divider value",
             (divider <= (SCU_CLK_EBUCLKCR_EBUDIV_Msk + 1UL) ) );

  SCU_CLK->EBUCLKCR = (SCU_CLK->EBUCLKCR & ((uint32_t)~SCU_CLK_EBUCLKCR_EBUDIV_Msk)) |
 80008f8:	4906      	ldr	r1, [pc, #24]	; (8000914 <XMC_SCU_CLOCK_SetEbuClockDivider+0x24>)
 80008fa:	4b06      	ldr	r3, [pc, #24]	; (8000914 <XMC_SCU_CLOCK_SetEbuClockDivider+0x24>)
 80008fc:	69db      	ldr	r3, [r3, #28]
 80008fe:	f023 023f 	bic.w	r2, r3, #63	; 0x3f
                      (uint32_t)(((uint32_t)(divider - 1UL)) << SCU_CLK_EBUCLKCR_EBUDIV_Pos);
 8000902:	687b      	ldr	r3, [r7, #4]
 8000904:	3b01      	subs	r3, #1
void XMC_SCU_CLOCK_SetEbuClockDivider(const uint32_t divider)
{
  XMC_ASSERT("XMC_SCU_CLOCK_SetEbuClockDivider:Wrong clock divider value",
             (divider <= (SCU_CLK_EBUCLKCR_EBUDIV_Msk + 1UL) ) );

  SCU_CLK->EBUCLKCR = (SCU_CLK->EBUCLKCR & ((uint32_t)~SCU_CLK_EBUCLKCR_EBUDIV_Msk)) |
 8000906:	4313      	orrs	r3, r2
 8000908:	61cb      	str	r3, [r1, #28]
                      (uint32_t)(((uint32_t)(divider - 1UL)) << SCU_CLK_EBUCLKCR_EBUDIV_Pos);
}
 800090a:	370c      	adds	r7, #12
 800090c:	46bd      	mov	sp, r7
 800090e:	f85d 7b04 	ldr.w	r7, [sp], #4
 8000912:	4770      	bx	lr
 8000914:	50004600 	.word	0x50004600

08000918 <XMC_SCU_CLOCK_SetWdtClockDivider>:
#endif

/* API to program the divider placed between fwdt and its parent */
void XMC_SCU_CLOCK_SetWdtClockDivider(const uint32_t divider)
{
 8000918:	b480      	push	{r7}
 800091a:	b083      	sub	sp, #12
 800091c:	af00      	add	r7, sp, #0
 800091e:	6078      	str	r0, [r7, #4]
  XMC_ASSERT("XMC_SCU_CLOCK_SetWdtClockDivider:Wrong clock divider value",
             (divider <= (SCU_CLK_WDTCLKCR_WDTDIV_Msk + 1UL) ) );

  SCU_CLK->WDTCLKCR = (SCU_CLK->WDTCLKCR & ((uint32_t)~SCU_CLK_WDTCLKCR_WDTDIV_Msk)) |
 8000920:	4906      	ldr	r1, [pc, #24]	; (800093c <XMC_SCU_CLOCK_SetWdtClockDivider+0x24>)
 8000922:	4b06      	ldr	r3, [pc, #24]	; (800093c <XMC_SCU_CLOCK_SetWdtClockDivider+0x24>)
 8000924:	6a5b      	ldr	r3, [r3, #36]	; 0x24
 8000926:	f023 02ff 	bic.w	r2, r3, #255	; 0xff
                      (uint32_t)(((uint32_t)(divider - 1UL)) << SCU_CLK_WDTCLKCR_WDTDIV_Pos);
 800092a:	687b      	ldr	r3, [r7, #4]
 800092c:	3b01      	subs	r3, #1
void XMC_SCU_CLOCK_SetWdtClockDivider(const uint32_t divider)
{
  XMC_ASSERT("XMC_SCU_CLOCK_SetWdtClockDivider:Wrong clock divider value",
             (divider <= (SCU_CLK_WDTCLKCR_WDTDIV_Msk + 1UL) ) );

  SCU_CLK->WDTCLKCR = (SCU_CLK->WDTCLKCR & ((uint32_t)~SCU_CLK_WDTCLKCR_WDTDIV_Msk)) |
 800092e:	4313      	orrs	r3, r2
 8000930:	624b      	str	r3, [r1, #36]	; 0x24
                      (uint32_t)(((uint32_t)(divider - 1UL)) << SCU_CLK_WDTCLKCR_WDTDIV_Pos);
}
 8000932:	370c      	adds	r7, #12
 8000934:	46bd      	mov	sp, r7
 8000936:	f85d 7b04 	ldr.w	r7, [sp], #4
 800093a:	4770      	bx	lr
 800093c:	50004600 	.word	0x50004600

08000940 <XMC_SCU_CLOCK_EnableClock>:
}
#endif

/* API to enable a given module clock */
void XMC_SCU_CLOCK_EnableClock(const XMC_SCU_CLOCK_t clock)
{
 8000940:	b480      	push	{r7}
 8000942:	b083      	sub	sp, #12
 8000944:	af00      	add	r7, sp, #0
 8000946:	4603      	mov	r3, r0
 8000948:	71fb      	strb	r3, [r7, #7]
  SCU_CLK->CLKSET = ((uint32_t)clock);
 800094a:	4a04      	ldr	r2, [pc, #16]	; (800095c <XMC_SCU_CLOCK_EnableClock+0x1c>)
 800094c:	79fb      	ldrb	r3, [r7, #7]
 800094e:	6053      	str	r3, [r2, #4]
}
 8000950:	370c      	adds	r7, #12
 8000952:	46bd      	mov	sp, r7
 8000954:	f85d 7b04 	ldr.w	r7, [sp], #4
 8000958:	4770      	bx	lr
 800095a:	bf00      	nop
 800095c:	50004600 	.word	0x50004600

08000960 <XMC_SCU_CLOCK_SetBackupClockCalibrationMode>:
                                  SCU_PLL_USBPLLCON_VCOBYP_Msk);
}

/* API to onfigure the calibration mode for internal oscillator */
void XMC_SCU_CLOCK_SetBackupClockCalibrationMode(XMC_SCU_CLOCK_FOFI_CALIBRATION_MODE_t mode)
{
 8000960:	b580      	push	{r7, lr}
 8000962:	b082      	sub	sp, #8
 8000964:	af00      	add	r7, sp, #0
 8000966:	4603      	mov	r3, r0
 8000968:	71fb      	strb	r3, [r7, #7]
  /* Enable factory calibration based trimming */
  SCU_PLL->PLLCON0 |= (uint32_t)SCU_PLL_PLLCON0_FOTR_Msk;
 800096a:	4a0f      	ldr	r2, [pc, #60]	; (80009a8 <XMC_SCU_CLOCK_SetBackupClockCalibrationMode+0x48>)
 800096c:	4b0e      	ldr	r3, [pc, #56]	; (80009a8 <XMC_SCU_CLOCK_SetBackupClockCalibrationMode+0x48>)
 800096e:	685b      	ldr	r3, [r3, #4]
 8000970:	f443 1380 	orr.w	r3, r3, #1048576	; 0x100000
 8000974:	6053      	str	r3, [r2, #4]

  if (mode == XMC_SCU_CLOCK_FOFI_CALIBRATION_MODE_AUTOMATIC)
 8000976:	79fb      	ldrb	r3, [r7, #7]
 8000978:	2b01      	cmp	r3, #1
 800097a:	d10e      	bne.n	800099a <XMC_SCU_CLOCK_SetBackupClockCalibrationMode+0x3a>
  {
    /* Disable factory calibration based trimming */
    SCU_PLL->PLLCON0 &= (uint32_t)~SCU_PLL_PLLCON0_FOTR_Msk;
 800097c:	4a0a      	ldr	r2, [pc, #40]	; (80009a8 <XMC_SCU_CLOCK_SetBackupClockCalibrationMode+0x48>)
 800097e:	4b0a      	ldr	r3, [pc, #40]	; (80009a8 <XMC_SCU_CLOCK_SetBackupClockCalibrationMode+0x48>)
 8000980:	685b      	ldr	r3, [r3, #4]
 8000982:	f423 1380 	bic.w	r3, r3, #1048576	; 0x100000
 8000986:	6053      	str	r3, [r2, #4]
    XMC_SCU_lDelay(100UL);
 8000988:	2064      	movs	r0, #100	; 0x64
 800098a:	f7ff fdd5 	bl	8000538 <XMC_SCU_lDelay>

    /* Enable automatic calibration */
    SCU_PLL->PLLCON0 |= (uint32_t)SCU_PLL_PLLCON0_AOTREN_Msk;
 800098e:	4a06      	ldr	r2, [pc, #24]	; (80009a8 <XMC_SCU_CLOCK_SetBackupClockCalibrationMode+0x48>)
 8000990:	4b05      	ldr	r3, [pc, #20]	; (80009a8 <XMC_SCU_CLOCK_SetBackupClockCalibrationMode+0x48>)
 8000992:	685b      	ldr	r3, [r3, #4]
 8000994:	f443 2300 	orr.w	r3, r3, #524288	; 0x80000
 8000998:	6053      	str	r3, [r2, #4]
  }

  XMC_SCU_lDelay(100UL);
 800099a:	2064      	movs	r0, #100	; 0x64
 800099c:	f7ff fdcc 	bl	8000538 <XMC_SCU_lDelay>
}
 80009a0:	3708      	adds	r7, #8
 80009a2:	46bd      	mov	sp, r7
 80009a4:	bd80      	pop	{r7, pc}
 80009a6:	bf00      	nop
 80009a8:	50004710 	.word	0x50004710

080009ac <XMC_SCU_HIB_EnableHibernateDomain>:
  return (bool)((SCU_PLL->USBPLLSTAT & SCU_PLL_USBPLLSTAT_VCOLOCK_Msk) != 0UL);
}

/* API to power up the hibernation domain */
void XMC_SCU_HIB_EnableHibernateDomain(void)
{
 80009ac:	b480      	push	{r7}
 80009ae:	af00      	add	r7, sp, #0
  /* Power up HIB domain if and only if it is currently powered down */
  if ((SCU_POWER->PWRSTAT & SCU_POWER_PWRSTAT_HIBEN_Msk) == 0UL)
 80009b0:	4b12      	ldr	r3, [pc, #72]	; (80009fc <XMC_SCU_HIB_EnableHibernateDomain+0x50>)
 80009b2:	681b      	ldr	r3, [r3, #0]
 80009b4:	f003 0301 	and.w	r3, r3, #1
 80009b8:	2b00      	cmp	r3, #0
 80009ba:	d109      	bne.n	80009d0 <XMC_SCU_HIB_EnableHibernateDomain+0x24>
  {
    SCU_POWER->PWRSET = (uint32_t)SCU_POWER_PWRSET_HIB_Msk;
 80009bc:	4b0f      	ldr	r3, [pc, #60]	; (80009fc <XMC_SCU_HIB_EnableHibernateDomain+0x50>)
 80009be:	2201      	movs	r2, #1
 80009c0:	605a      	str	r2, [r3, #4]

    while ((SCU_POWER->PWRSTAT & SCU_POWER_PWRSTAT_HIBEN_Msk) == 0UL)
 80009c2:	bf00      	nop
 80009c4:	4b0d      	ldr	r3, [pc, #52]	; (80009fc <XMC_SCU_HIB_EnableHibernateDomain+0x50>)
 80009c6:	681b      	ldr	r3, [r3, #0]
 80009c8:	f003 0301 	and.w	r3, r3, #1
 80009cc:	2b00      	cmp	r3, #0
 80009ce:	d0f9      	beq.n	80009c4 <XMC_SCU_HIB_EnableHibernateDomain+0x18>
      /* wait until HIB domain is enabled */
    }
  }

  /* Remove the reset only if HIB domain were in a state of reset */
  if ((SCU_RESET->RSTSTAT) & SCU_RESET_RSTSTAT_HIBRS_Msk)
 80009d0:	4b0b      	ldr	r3, [pc, #44]	; (8000a00 <XMC_SCU_HIB_EnableHibernateDomain+0x54>)
 80009d2:	681b      	ldr	r3, [r3, #0]
 80009d4:	f403 7300 	and.w	r3, r3, #512	; 0x200
 80009d8:	2b00      	cmp	r3, #0
 80009da:	d00a      	beq.n	80009f2 <XMC_SCU_HIB_EnableHibernateDomain+0x46>
  {
    SCU_RESET->RSTCLR = (uint32_t)SCU_RESET_RSTCLR_HIBRS_Msk;
 80009dc:	4b08      	ldr	r3, [pc, #32]	; (8000a00 <XMC_SCU_HIB_EnableHibernateDomain+0x54>)
 80009de:	f44f 7200 	mov.w	r2, #512	; 0x200
 80009e2:	609a      	str	r2, [r3, #8]
    while ((SCU_RESET->RSTSTAT & SCU_RESET_RSTSTAT_HIBRS_Msk) != 0UL)
 80009e4:	bf00      	nop
 80009e6:	4b06      	ldr	r3, [pc, #24]	; (8000a00 <XMC_SCU_HIB_EnableHibernateDomain+0x54>)
 80009e8:	681b      	ldr	r3, [r3, #0]
 80009ea:	f403 7300 	and.w	r3, r3, #512	; 0x200
 80009ee:	2b00      	cmp	r3, #0
 80009f0:	d1f9      	bne.n	80009e6 <XMC_SCU_HIB_EnableHibernateDomain+0x3a>
    {
      /* wait until HIB domain is enabled */
    }
  }
}
 80009f2:	46bd      	mov	sp, r7
 80009f4:	f85d 7b04 	ldr.w	r7, [sp], #4
 80009f8:	4770      	bx	lr
 80009fa:	bf00      	nop
 80009fc:	50004200 	.word	0x50004200
 8000a00:	50004400 	.word	0x50004400

08000a04 <XMC_SCU_CLOCK_IsLowPowerOscillatorStable>:
}

#endif

bool XMC_SCU_CLOCK_IsLowPowerOscillatorStable(void)
{
 8000a04:	b480      	push	{r7}
 8000a06:	af00      	add	r7, sp, #0
  return ((SCU_HIBERNATE->HDSTAT & SCU_HIBERNATE_HDSTAT_ULPWDG_Msk) == 0UL);
 8000a08:	4b06      	ldr	r3, [pc, #24]	; (8000a24 <XMC_SCU_CLOCK_IsLowPowerOscillatorStable+0x20>)
 8000a0a:	681b      	ldr	r3, [r3, #0]
 8000a0c:	f003 0308 	and.w	r3, r3, #8
 8000a10:	2b00      	cmp	r3, #0
 8000a12:	bf0c      	ite	eq
 8000a14:	2301      	moveq	r3, #1
 8000a16:	2300      	movne	r3, #0
 8000a18:	b2db      	uxtb	r3, r3
}
 8000a1a:	4618      	mov	r0, r3
 8000a1c:	46bd      	mov	sp, r7
 8000a1e:	f85d 7b04 	ldr.w	r7, [sp], #4
 8000a22:	4770      	bx	lr
 8000a24:	50004300 	.word	0x50004300

08000a28 <XMC_SCU_CLOCK_EnableLowPowerOscillator>:

/* API to configure the 32khz Ultra Low Power oscillator */
void XMC_SCU_CLOCK_EnableLowPowerOscillator(void)
{
 8000a28:	b580      	push	{r7, lr}
 8000a2a:	af00      	add	r7, sp, #0
  /* Enable OSC_ULP */
  XMC_SCU_INTERRUPT_ClearEventStatus(XMC_SCU_INTERRUPT_EVENT_OSCULCTRL_UPDATED);
 8000a2c:	f44f 0000 	mov.w	r0, #8388608	; 0x800000
 8000a30:	f7ff fdb0 	bl	8000594 <XMC_SCU_INTERRUPT_ClearEventStatus>
  SCU_HIBERNATE->OSCULCTRL &= ~SCU_HIBERNATE_OSCULCTRL_MODE_Msk;
 8000a34:	4a17      	ldr	r2, [pc, #92]	; (8000a94 <XMC_SCU_CLOCK_EnableLowPowerOscillator+0x6c>)
 8000a36:	4b17      	ldr	r3, [pc, #92]	; (8000a94 <XMC_SCU_CLOCK_EnableLowPowerOscillator+0x6c>)
 8000a38:	69db      	ldr	r3, [r3, #28]
 8000a3a:	f023 0330 	bic.w	r3, r3, #48	; 0x30
 8000a3e:	61d3      	str	r3, [r2, #28]
  while ((XMC_SCU_INTERUPT_GetEventStatus() & XMC_SCU_INTERRUPT_EVENT_OSCULCTRL_UPDATED) == 0);
 8000a40:	bf00      	nop
 8000a42:	f7ff fd9b 	bl	800057c <XMC_SCU_INTERUPT_GetEventStatus>
 8000a46:	4603      	mov	r3, r0
 8000a48:	f403 0300 	and.w	r3, r3, #8388608	; 0x800000
 8000a4c:	2b00      	cmp	r3, #0
 8000a4e:	d0f8      	beq.n	8000a42 <XMC_SCU_CLOCK_EnableLowPowerOscillator+0x1a>

  /* Clear ULP WDG status */
  XMC_SCU_INTERRUPT_ClearEventStatus(XMC_SCU_INTERRUPT_EVENT_HDCLR_UPDATED);
 8000a50:	f44f 3000 	mov.w	r0, #131072	; 0x20000
 8000a54:	f7ff fd9e 	bl	8000594 <XMC_SCU_INTERRUPT_ClearEventStatus>
  SCU_HIBERNATE->HDCLR = (uint32_t)SCU_HIBERNATE_HDCLR_ULPWDG_Msk;
 8000a58:	4b0e      	ldr	r3, [pc, #56]	; (8000a94 <XMC_SCU_CLOCK_EnableLowPowerOscillator+0x6c>)
 8000a5a:	2208      	movs	r2, #8
 8000a5c:	605a      	str	r2, [r3, #4]
  while ((XMC_SCU_INTERUPT_GetEventStatus() & XMC_SCU_INTERRUPT_EVENT_HDCLR_UPDATED) == 0);
 8000a5e:	bf00      	nop
 8000a60:	f7ff fd8c 	bl	800057c <XMC_SCU_INTERUPT_GetEventStatus>
 8000a64:	4603      	mov	r3, r0
 8000a66:	f403 3300 	and.w	r3, r3, #131072	; 0x20000
 8000a6a:	2b00      	cmp	r3, #0
 8000a6c:	d0f8      	beq.n	8000a60 <XMC_SCU_CLOCK_EnableLowPowerOscillator+0x38>

  /* Enable ULP WDG */
  XMC_SCU_INTERRUPT_ClearEventStatus(XMC_SCU_INTERRUPT_EVENT_HDCR_UPDATED);
 8000a6e:	f44f 2000 	mov.w	r0, #524288	; 0x80000
 8000a72:	f7ff fd8f 	bl	8000594 <XMC_SCU_INTERRUPT_ClearEventStatus>
  SCU_HIBERNATE->HDCR |= (uint32_t)SCU_HIBERNATE_HDCR_ULPWDGEN_Msk;
 8000a76:	4a07      	ldr	r2, [pc, #28]	; (8000a94 <XMC_SCU_CLOCK_EnableLowPowerOscillator+0x6c>)
 8000a78:	4b06      	ldr	r3, [pc, #24]	; (8000a94 <XMC_SCU_CLOCK_EnableLowPowerOscillator+0x6c>)
 8000a7a:	68db      	ldr	r3, [r3, #12]
 8000a7c:	f043 0308 	orr.w	r3, r3, #8
 8000a80:	60d3      	str	r3, [r2, #12]
  while ((XMC_SCU_INTERUPT_GetEventStatus() & XMC_SCU_INTERRUPT_EVENT_HDCR_UPDATED) == 0);
 8000a82:	bf00      	nop
 8000a84:	f7ff fd7a 	bl	800057c <XMC_SCU_INTERUPT_GetEventStatus>
 8000a88:	4603      	mov	r3, r0
 8000a8a:	f403 2300 	and.w	r3, r3, #524288	; 0x80000
 8000a8e:	2b00      	cmp	r3, #0
 8000a90:	d0f8      	beq.n	8000a84 <XMC_SCU_CLOCK_EnableLowPowerOscillator+0x5c>
}
 8000a92:	bd80      	pop	{r7, pc}
 8000a94:	50004300 	.word	0x50004300

08000a98 <XMC_SCU_CLOCK_EnableHighPerformanceOscillator>:
  return (SCU_HIBERNATE->OSCULSTAT & SCU_HIBERNATE_OSCULSTAT_X1D_Msk);
}

/* API to enable High Precision High Speed oscillator */
void XMC_SCU_CLOCK_EnableHighPerformanceOscillator(void)
{
 8000a98:	b5b0      	push	{r4, r5, r7, lr}
 8000a9a:	af00      	add	r7, sp, #0
  SCU_PLL->PLLCON0 &= (uint32_t)~SCU_PLL_PLLCON0_PLLPWD_Msk;
 8000a9c:	4a0f      	ldr	r2, [pc, #60]	; (8000adc <XMC_SCU_CLOCK_EnableHighPerformanceOscillator+0x44>)
 8000a9e:	4b0f      	ldr	r3, [pc, #60]	; (8000adc <XMC_SCU_CLOCK_EnableHighPerformanceOscillator+0x44>)
 8000aa0:	685b      	ldr	r3, [r3, #4]
 8000aa2:	f423 3380 	bic.w	r3, r3, #65536	; 0x10000
 8000aa6:	6053      	str	r3, [r2, #4]

  SCU_OSC->OSCHPCTRL = (uint32_t)((SCU_OSC->OSCHPCTRL & ~(SCU_OSC_OSCHPCTRL_MODE_Msk | SCU_OSC_OSCHPCTRL_OSCVAL_Msk)) |
 8000aa8:	4d0d      	ldr	r5, [pc, #52]	; (8000ae0 <XMC_SCU_CLOCK_EnableHighPerformanceOscillator+0x48>)
 8000aaa:	4b0d      	ldr	r3, [pc, #52]	; (8000ae0 <XMC_SCU_CLOCK_EnableHighPerformanceOscillator+0x48>)
 8000aac:	685b      	ldr	r3, [r3, #4]
 8000aae:	f423 2470 	bic.w	r4, r3, #983040	; 0xf0000
 8000ab2:	f024 0430 	bic.w	r4, r4, #48	; 0x30
                                  (((OSCHP_GetFrequency() / FOSCREF) - 1UL) << SCU_OSC_OSCHPCTRL_OSCVAL_Pos));
 8000ab6:	f7ff fc77 	bl	80003a8 <OSCHP_GetFrequency>
 8000aba:	4602      	mov	r2, r0
 8000abc:	4b09      	ldr	r3, [pc, #36]	; (8000ae4 <XMC_SCU_CLOCK_EnableHighPerformanceOscillator+0x4c>)
 8000abe:	fba3 2302 	umull	r2, r3, r3, r2
 8000ac2:	0d1b      	lsrs	r3, r3, #20
 8000ac4:	3b01      	subs	r3, #1
 8000ac6:	041b      	lsls	r3, r3, #16
/* API to enable High Precision High Speed oscillator */
void XMC_SCU_CLOCK_EnableHighPerformanceOscillator(void)
{
  SCU_PLL->PLLCON0 &= (uint32_t)~SCU_PLL_PLLCON0_PLLPWD_Msk;

  SCU_OSC->OSCHPCTRL = (uint32_t)((SCU_OSC->OSCHPCTRL & ~(SCU_OSC_OSCHPCTRL_MODE_Msk | SCU_OSC_OSCHPCTRL_OSCVAL_Msk)) |
 8000ac8:	4323      	orrs	r3, r4
 8000aca:	606b      	str	r3, [r5, #4]
                                  (((OSCHP_GetFrequency() / FOSCREF) - 1UL) << SCU_OSC_OSCHPCTRL_OSCVAL_Pos));

  /* restart OSC Watchdog */
  SCU_PLL->PLLCON0 &= (uint32_t)~SCU_PLL_PLLCON0_OSCRES_Msk;
 8000acc:	4a03      	ldr	r2, [pc, #12]	; (8000adc <XMC_SCU_CLOCK_EnableHighPerformanceOscillator+0x44>)
 8000ace:	4b03      	ldr	r3, [pc, #12]	; (8000adc <XMC_SCU_CLOCK_EnableHighPerformanceOscillator+0x44>)
 8000ad0:	685b      	ldr	r3, [r3, #4]
 8000ad2:	f423 3300 	bic.w	r3, r3, #131072	; 0x20000
 8000ad6:	6053      	str	r3, [r2, #4]
}
 8000ad8:	bdb0      	pop	{r4, r5, r7, pc}
 8000ada:	bf00      	nop
 8000adc:	50004710 	.word	0x50004710
 8000ae0:	50004700 	.word	0x50004700
 8000ae4:	6b5fca6b 	.word	0x6b5fca6b

08000ae8 <XMC_SCU_CLOCK_IsHighPerformanceOscillatorStable>:

bool XMC_SCU_CLOCK_IsHighPerformanceOscillatorStable(void)
{
 8000ae8:	b480      	push	{r7}
 8000aea:	af00      	add	r7, sp, #0
  return ((SCU_PLL->PLLSTAT & XMC_SCU_PLL_PLLSTAT_OSC_USABLE) == XMC_SCU_PLL_PLLSTAT_OSC_USABLE);
 8000aec:	4b07      	ldr	r3, [pc, #28]	; (8000b0c <XMC_SCU_CLOCK_IsHighPerformanceOscillatorStable+0x24>)
 8000aee:	681b      	ldr	r3, [r3, #0]
 8000af0:	f403 7360 	and.w	r3, r3, #896	; 0x380
 8000af4:	f5b3 7f60 	cmp.w	r3, #896	; 0x380
 8000af8:	bf0c      	ite	eq
 8000afa:	2301      	moveq	r3, #1
 8000afc:	2300      	movne	r3, #0
 8000afe:	b2db      	uxtb	r3, r3
}
 8000b00:	4618      	mov	r0, r3
 8000b02:	46bd      	mov	sp, r7
 8000b04:	f85d 7b04 	ldr.w	r7, [sp], #4
 8000b08:	4770      	bx	lr
 8000b0a:	bf00      	nop
 8000b0c:	50004710 	.word	0x50004710

08000b10 <XMC_SCU_CLOCK_EnableSystemPll>:
  return (SCU_OSC->OSCHPSTAT & SCU_OSC_OSCHPSTAT_X1D_Msk);
}

/* API to enable main PLL */
void XMC_SCU_CLOCK_EnableSystemPll(void)
{
 8000b10:	b480      	push	{r7}
 8000b12:	af00      	add	r7, sp, #0
  SCU_PLL->PLLCON0 &= (uint32_t)~(SCU_PLL_PLLCON0_VCOPWD_Msk | SCU_PLL_PLLCON0_PLLPWD_Msk);
 8000b14:	4a05      	ldr	r2, [pc, #20]	; (8000b2c <XMC_SCU_CLOCK_EnableSystemPll+0x1c>)
 8000b16:	4b05      	ldr	r3, [pc, #20]	; (8000b2c <XMC_SCU_CLOCK_EnableSystemPll+0x1c>)
 8000b18:	685b      	ldr	r3, [r3, #4]
 8000b1a:	f423 3380 	bic.w	r3, r3, #65536	; 0x10000
 8000b1e:	f023 0302 	bic.w	r3, r3, #2
 8000b22:	6053      	str	r3, [r2, #4]
}
 8000b24:	46bd      	mov	sp, r7
 8000b26:	f85d 7b04 	ldr.w	r7, [sp], #4
 8000b2a:	4770      	bx	lr
 8000b2c:	50004710 	.word	0x50004710

08000b30 <XMC_SCU_CLOCK_DisableSystemPll>:

/* API to disable main PLL */
void XMC_SCU_CLOCK_DisableSystemPll(void)
{
 8000b30:	b480      	push	{r7}
 8000b32:	af00      	add	r7, sp, #0
  SCU_PLL->PLLCON0 |= (uint32_t)(SCU_PLL_PLLCON0_VCOPWD_Msk | SCU_PLL_PLLCON0_PLLPWD_Msk);
 8000b34:	4a05      	ldr	r2, [pc, #20]	; (8000b4c <XMC_SCU_CLOCK_DisableSystemPll+0x1c>)
 8000b36:	4b05      	ldr	r3, [pc, #20]	; (8000b4c <XMC_SCU_CLOCK_DisableSystemPll+0x1c>)
 8000b38:	685b      	ldr	r3, [r3, #4]
 8000b3a:	f443 3380 	orr.w	r3, r3, #65536	; 0x10000
 8000b3e:	f043 0302 	orr.w	r3, r3, #2
 8000b42:	6053      	str	r3, [r2, #4]
}
 8000b44:	46bd      	mov	sp, r7
 8000b46:	f85d 7b04 	ldr.w	r7, [sp], #4
 8000b4a:	4770      	bx	lr
 8000b4c:	50004710 	.word	0x50004710

08000b50 <XMC_SCU_CLOCK_StartSystemPll>:
void XMC_SCU_CLOCK_StartSystemPll(XMC_SCU_CLOCK_SYSPLLCLKSRC_t source,
                                  XMC_SCU_CLOCK_SYSPLL_MODE_t mode,
                                  uint32_t pdiv,
                                  uint32_t ndiv,
                                  uint32_t kdiv)
{
 8000b50:	b580      	push	{r7, lr}
 8000b52:	b086      	sub	sp, #24
 8000b54:	af00      	add	r7, sp, #0
 8000b56:	60ba      	str	r2, [r7, #8]
 8000b58:	607b      	str	r3, [r7, #4]
 8000b5a:	4603      	mov	r3, r0
 8000b5c:	81fb      	strh	r3, [r7, #14]
 8000b5e:	460b      	mov	r3, r1
 8000b60:	737b      	strb	r3, [r7, #13]

  uint32_t vco_frequency; /* Q10.22, max VCO frequency = 520MHz */
  uint32_t kdiv_temp;

  XMC_SCU_CLOCK_SetSystemPllClockSource(source);
 8000b62:	89fb      	ldrh	r3, [r7, #14]
 8000b64:	4618      	mov	r0, r3
 8000b66:	f7ff fe17 	bl	8000798 <XMC_SCU_CLOCK_SetSystemPllClockSource>

  if (mode == XMC_SCU_CLOCK_SYSPLL_MODE_NORMAL)
 8000b6a:	7b7b      	ldrb	r3, [r7, #13]
 8000b6c:	2b01      	cmp	r3, #1
 8000b6e:	f040 808b 	bne.w	8000c88 <XMC_SCU_CLOCK_StartSystemPll+0x138>
  {
    /* Calculate initial step to be close to fOFI */
    if (source == XMC_SCU_CLOCK_SYSPLLCLKSRC_OSCHP)
 8000b72:	89fb      	ldrh	r3, [r7, #14]
 8000b74:	2b00      	cmp	r3, #0
 8000b76:	d109      	bne.n	8000b8c <XMC_SCU_CLOCK_StartSystemPll+0x3c>
    {
      vco_frequency = (OSCHP_GetFrequency() / 1000000U) << 22;
 8000b78:	f7ff fc16 	bl	80003a8 <OSCHP_GetFrequency>
 8000b7c:	4602      	mov	r2, r0
 8000b7e:	4b54      	ldr	r3, [pc, #336]	; (8000cd0 <XMC_SCU_CLOCK_StartSystemPll+0x180>)
 8000b80:	fba3 2302 	umull	r2, r3, r3, r2
 8000b84:	0c9b      	lsrs	r3, r3, #18
 8000b86:	059b      	lsls	r3, r3, #22
 8000b88:	617b      	str	r3, [r7, #20]
 8000b8a:	e002      	b.n	8000b92 <XMC_SCU_CLOCK_StartSystemPll+0x42>
    }
    else
    {
      vco_frequency = (OFI_FREQUENCY / 1000000U) << 22;
 8000b8c:	f04f 63c0 	mov.w	r3, #100663296	; 0x6000000
 8000b90:	617b      	str	r3, [r7, #20]
    }
    vco_frequency = ((vco_frequency * ndiv) / pdiv);
 8000b92:	697b      	ldr	r3, [r7, #20]
 8000b94:	687a      	ldr	r2, [r7, #4]
 8000b96:	fb02 f203 	mul.w	r2, r2, r3
 8000b9a:	68bb      	ldr	r3, [r7, #8]
 8000b9c:	fbb2 f3f3 	udiv	r3, r2, r3
 8000ba0:	617b      	str	r3, [r7, #20]
    kdiv_temp = (vco_frequency / (OFI_FREQUENCY / 1000000U)) >> 22;
 8000ba2:	697b      	ldr	r3, [r7, #20]
 8000ba4:	4a4b      	ldr	r2, [pc, #300]	; (8000cd4 <XMC_SCU_CLOCK_StartSystemPll+0x184>)
 8000ba6:	fba2 2303 	umull	r2, r3, r2, r3
 8000baa:	091b      	lsrs	r3, r3, #4
 8000bac:	0d9b      	lsrs	r3, r3, #22
 8000bae:	613b      	str	r3, [r7, #16]

    /* Switch to prescaler mode */
    SCU_PLL->PLLCON0 |= (uint32_t)SCU_PLL_PLLCON0_VCOBYP_Msk;
 8000bb0:	4a49      	ldr	r2, [pc, #292]	; (8000cd8 <XMC_SCU_CLOCK_StartSystemPll+0x188>)
 8000bb2:	4b49      	ldr	r3, [pc, #292]	; (8000cd8 <XMC_SCU_CLOCK_StartSystemPll+0x188>)
 8000bb4:	685b      	ldr	r3, [r3, #4]
 8000bb6:	f043 0301 	orr.w	r3, r3, #1
 8000bba:	6053      	str	r3, [r2, #4]
    while ((SCU_PLL->PLLSTAT & SCU_PLL_PLLSTAT_VCOBYST_Msk) == 0U)
 8000bbc:	bf00      	nop
 8000bbe:	4b46      	ldr	r3, [pc, #280]	; (8000cd8 <XMC_SCU_CLOCK_StartSystemPll+0x188>)
 8000bc0:	681b      	ldr	r3, [r3, #0]
 8000bc2:	f003 0301 	and.w	r3, r3, #1
 8000bc6:	2b00      	cmp	r3, #0
 8000bc8:	d0f9      	beq.n	8000bbe <XMC_SCU_CLOCK_StartSystemPll+0x6e>
    {
      /* wait for prescaler mode */
    }

    /* disconnect Oscillator from PLL */
    SCU_PLL->PLLCON0 |= (uint32_t)SCU_PLL_PLLCON0_FINDIS_Msk;
 8000bca:	4a43      	ldr	r2, [pc, #268]	; (8000cd8 <XMC_SCU_CLOCK_StartSystemPll+0x188>)
 8000bcc:	4b42      	ldr	r3, [pc, #264]	; (8000cd8 <XMC_SCU_CLOCK_StartSystemPll+0x188>)
 8000bce:	685b      	ldr	r3, [r3, #4]
 8000bd0:	f043 0310 	orr.w	r3, r3, #16
 8000bd4:	6053      	str	r3, [r2, #4]

    /* Setup divider settings for main PLL */
    SCU_PLL->PLLCON1 = (uint32_t)((SCU_PLL->PLLCON1 & ~(SCU_PLL_PLLCON1_NDIV_Msk | SCU_PLL_PLLCON1_K2DIV_Msk |
 8000bd6:	4940      	ldr	r1, [pc, #256]	; (8000cd8 <XMC_SCU_CLOCK_StartSystemPll+0x188>)
 8000bd8:	4b3f      	ldr	r3, [pc, #252]	; (8000cd8 <XMC_SCU_CLOCK_StartSystemPll+0x188>)
 8000bda:	689a      	ldr	r2, [r3, #8]
 8000bdc:	4b3f      	ldr	r3, [pc, #252]	; (8000cdc <XMC_SCU_CLOCK_StartSystemPll+0x18c>)
 8000bde:	4013      	ands	r3, r2
                                   SCU_PLL_PLLCON1_PDIV_Msk)) | ((ndiv - 1UL) << SCU_PLL_PLLCON1_NDIV_Pos) |
 8000be0:	687a      	ldr	r2, [r7, #4]
 8000be2:	3a01      	subs	r2, #1
 8000be4:	0212      	lsls	r2, r2, #8
 8000be6:	431a      	orrs	r2, r3
                                  ((kdiv_temp - 1UL) << SCU_PLL_PLLCON1_K2DIV_Pos) |
 8000be8:	693b      	ldr	r3, [r7, #16]
 8000bea:	3b01      	subs	r3, #1
 8000bec:	041b      	lsls	r3, r3, #16
    /* disconnect Oscillator from PLL */
    SCU_PLL->PLLCON0 |= (uint32_t)SCU_PLL_PLLCON0_FINDIS_Msk;

    /* Setup divider settings for main PLL */
    SCU_PLL->PLLCON1 = (uint32_t)((SCU_PLL->PLLCON1 & ~(SCU_PLL_PLLCON1_NDIV_Msk | SCU_PLL_PLLCON1_K2DIV_Msk |
                                   SCU_PLL_PLLCON1_PDIV_Msk)) | ((ndiv - 1UL) << SCU_PLL_PLLCON1_NDIV_Pos) |
 8000bee:	431a      	orrs	r2, r3
                                  ((kdiv_temp - 1UL) << SCU_PLL_PLLCON1_K2DIV_Pos) |
                                  ((pdiv - 1UL) << SCU_PLL_PLLCON1_PDIV_Pos));
 8000bf0:	68bb      	ldr	r3, [r7, #8]
 8000bf2:	3b01      	subs	r3, #1
 8000bf4:	061b      	lsls	r3, r3, #24

    /* disconnect Oscillator from PLL */
    SCU_PLL->PLLCON0 |= (uint32_t)SCU_PLL_PLLCON0_FINDIS_Msk;

    /* Setup divider settings for main PLL */
    SCU_PLL->PLLCON1 = (uint32_t)((SCU_PLL->PLLCON1 & ~(SCU_PLL_PLLCON1_NDIV_Msk | SCU_PLL_PLLCON1_K2DIV_Msk |
 8000bf6:	4313      	orrs	r3, r2
 8000bf8:	608b      	str	r3, [r1, #8]
                                   SCU_PLL_PLLCON1_PDIV_Msk)) | ((ndiv - 1UL) << SCU_PLL_PLLCON1_NDIV_Pos) |
                                  ((kdiv_temp - 1UL) << SCU_PLL_PLLCON1_K2DIV_Pos) |
                                  ((pdiv - 1UL) << SCU_PLL_PLLCON1_PDIV_Pos));

    /* Set OSCDISCDIS, OSC clock remains connected to the VCO in case of loss of lock */
    SCU_PLL->PLLCON0 |= (uint32_t)SCU_PLL_PLLCON0_OSCDISCDIS_Msk;
 8000bfa:	4a37      	ldr	r2, [pc, #220]	; (8000cd8 <XMC_SCU_CLOCK_StartSystemPll+0x188>)
 8000bfc:	4b36      	ldr	r3, [pc, #216]	; (8000cd8 <XMC_SCU_CLOCK_StartSystemPll+0x188>)
 8000bfe:	685b      	ldr	r3, [r3, #4]
 8000c00:	f043 0340 	orr.w	r3, r3, #64	; 0x40
 8000c04:	6053      	str	r3, [r2, #4]

    /* connect Oscillator to PLL */
    SCU_PLL->PLLCON0 &= (uint32_t)~SCU_PLL_PLLCON0_FINDIS_Msk;
 8000c06:	4a34      	ldr	r2, [pc, #208]	; (8000cd8 <XMC_SCU_CLOCK_StartSystemPll+0x188>)
 8000c08:	4b33      	ldr	r3, [pc, #204]	; (8000cd8 <XMC_SCU_CLOCK_StartSystemPll+0x188>)
 8000c0a:	685b      	ldr	r3, [r3, #4]
 8000c0c:	f023 0310 	bic.w	r3, r3, #16
 8000c10:	6053      	str	r3, [r2, #4]

    /* restart PLL Lock detection */
    SCU_PLL->PLLCON0 |= (uint32_t)SCU_PLL_PLLCON0_RESLD_Msk;
 8000c12:	4a31      	ldr	r2, [pc, #196]	; (8000cd8 <XMC_SCU_CLOCK_StartSystemPll+0x188>)
 8000c14:	4b30      	ldr	r3, [pc, #192]	; (8000cd8 <XMC_SCU_CLOCK_StartSystemPll+0x188>)
 8000c16:	685b      	ldr	r3, [r3, #4]
 8000c18:	f443 2380 	orr.w	r3, r3, #262144	; 0x40000
 8000c1c:	6053      	str	r3, [r2, #4]
    while ((SCU_PLL->PLLSTAT & SCU_PLL_PLLSTAT_VCOLOCK_Msk) == 0U)
 8000c1e:	bf00      	nop
 8000c20:	4b2d      	ldr	r3, [pc, #180]	; (8000cd8 <XMC_SCU_CLOCK_StartSystemPll+0x188>)
 8000c22:	681b      	ldr	r3, [r3, #0]
 8000c24:	f003 0304 	and.w	r3, r3, #4
 8000c28:	2b00      	cmp	r3, #0
 8000c2a:	d0f9      	beq.n	8000c20 <XMC_SCU_CLOCK_StartSystemPll+0xd0>
    {
      /* wait for PLL Lock */
    }

    /* Switch to normal mode */
    SCU_PLL->PLLCON0 &= (uint32_t)~SCU_PLL_PLLCON0_VCOBYP_Msk;
 8000c2c:	4a2a      	ldr	r2, [pc, #168]	; (8000cd8 <XMC_SCU_CLOCK_StartSystemPll+0x188>)
 8000c2e:	4b2a      	ldr	r3, [pc, #168]	; (8000cd8 <XMC_SCU_CLOCK_StartSystemPll+0x188>)
 8000c30:	685b      	ldr	r3, [r3, #4]
 8000c32:	f023 0301 	bic.w	r3, r3, #1
 8000c36:	6053      	str	r3, [r2, #4]
    while ((SCU_PLL->PLLSTAT & SCU_PLL_PLLSTAT_VCOBYST_Msk) != 0U)
 8000c38:	bf00      	nop
 8000c3a:	4b27      	ldr	r3, [pc, #156]	; (8000cd8 <XMC_SCU_CLOCK_StartSystemPll+0x188>)
 8000c3c:	681b      	ldr	r3, [r3, #0]
 8000c3e:	f003 0301 	and.w	r3, r3, #1
 8000c42:	2b00      	cmp	r3, #0
 8000c44:	d1f9      	bne.n	8000c3a <XMC_SCU_CLOCK_StartSystemPll+0xea>
    {
      /* wait for normal mode */
    }

    /* Ramp up PLL frequency in steps */
    kdiv_temp = (vco_frequency / 60UL) >> 22;
 8000c46:	697b      	ldr	r3, [r7, #20]
 8000c48:	4a25      	ldr	r2, [pc, #148]	; (8000ce0 <XMC_SCU_CLOCK_StartSystemPll+0x190>)
 8000c4a:	fba2 2303 	umull	r2, r3, r2, r3
 8000c4e:	095b      	lsrs	r3, r3, #5
 8000c50:	0d9b      	lsrs	r3, r3, #22
 8000c52:	613b      	str	r3, [r7, #16]
    if (kdiv < kdiv_temp)
 8000c54:	6a3a      	ldr	r2, [r7, #32]
 8000c56:	693b      	ldr	r3, [r7, #16]
 8000c58:	429a      	cmp	r2, r3
 8000c5a:	d202      	bcs.n	8000c62 <XMC_SCU_CLOCK_StartSystemPll+0x112>
    {
      XMC_SCU_CLOCK_StepSystemPllFrequency(kdiv_temp);
 8000c5c:	6938      	ldr	r0, [r7, #16]
 8000c5e:	f000 f845 	bl	8000cec <XMC_SCU_CLOCK_StepSystemPllFrequency>
    }

    kdiv_temp = (vco_frequency / 90UL) >> 22;
 8000c62:	697b      	ldr	r3, [r7, #20]
 8000c64:	085b      	lsrs	r3, r3, #1
 8000c66:	4a1f      	ldr	r2, [pc, #124]	; (8000ce4 <XMC_SCU_CLOCK_StartSystemPll+0x194>)
 8000c68:	fba2 2303 	umull	r2, r3, r2, r3
 8000c6c:	095b      	lsrs	r3, r3, #5
 8000c6e:	0d9b      	lsrs	r3, r3, #22
 8000c70:	613b      	str	r3, [r7, #16]
    if (kdiv < kdiv_temp)
 8000c72:	6a3a      	ldr	r2, [r7, #32]
 8000c74:	693b      	ldr	r3, [r7, #16]
 8000c76:	429a      	cmp	r2, r3
 8000c78:	d202      	bcs.n	8000c80 <XMC_SCU_CLOCK_StartSystemPll+0x130>
    {
      XMC_SCU_CLOCK_StepSystemPllFrequency(kdiv_temp);
 8000c7a:	6938      	ldr	r0, [r7, #16]
 8000c7c:	f000 f836 	bl	8000cec <XMC_SCU_CLOCK_StepSystemPllFrequency>
    }

    XMC_SCU_CLOCK_StepSystemPllFrequency(kdiv);
 8000c80:	6a38      	ldr	r0, [r7, #32]
 8000c82:	f000 f833 	bl	8000cec <XMC_SCU_CLOCK_StepSystemPllFrequency>
 8000c86:	e01c      	b.n	8000cc2 <XMC_SCU_CLOCK_StartSystemPll+0x172>
  }
  else
  {
    SCU_PLL->PLLCON1 = (uint32_t)((SCU_PLL->PLLCON1 & ~SCU_PLL_PLLCON1_K1DIV_Msk) |
 8000c88:	4913      	ldr	r1, [pc, #76]	; (8000cd8 <XMC_SCU_CLOCK_StartSystemPll+0x188>)
 8000c8a:	4b13      	ldr	r3, [pc, #76]	; (8000cd8 <XMC_SCU_CLOCK_StartSystemPll+0x188>)
 8000c8c:	689b      	ldr	r3, [r3, #8]
 8000c8e:	f023 027f 	bic.w	r2, r3, #127	; 0x7f
                                  ((kdiv - 1UL) << SCU_PLL_PLLCON1_K1DIV_Pos));
 8000c92:	6a3b      	ldr	r3, [r7, #32]
 8000c94:	3b01      	subs	r3, #1

    XMC_SCU_CLOCK_StepSystemPllFrequency(kdiv);
  }
  else
  {
    SCU_PLL->PLLCON1 = (uint32_t)((SCU_PLL->PLLCON1 & ~SCU_PLL_PLLCON1_K1DIV_Msk) |
 8000c96:	4313      	orrs	r3, r2
 8000c98:	608b      	str	r3, [r1, #8]
                                  ((kdiv - 1UL) << SCU_PLL_PLLCON1_K1DIV_Pos));

    while ((SCU_PLL->PLLSTAT & SCU_PLL_PLLSTAT_K1RDY_Msk) == 0U)
 8000c9a:	bf00      	nop
 8000c9c:	4b0e      	ldr	r3, [pc, #56]	; (8000cd8 <XMC_SCU_CLOCK_StartSystemPll+0x188>)
 8000c9e:	681b      	ldr	r3, [r3, #0]
 8000ca0:	f003 0310 	and.w	r3, r3, #16
 8000ca4:	2b00      	cmp	r3, #0
 8000ca6:	d0f9      	beq.n	8000c9c <XMC_SCU_CLOCK_StartSystemPll+0x14c>
    {
      /* wait until K1-divider operates on the configured value  */
    }

    /* Switch to prescaler mode */
    SCU_PLL->PLLCON0 |= (uint32_t)SCU_PLL_PLLCON0_VCOBYP_Msk;
 8000ca8:	4a0b      	ldr	r2, [pc, #44]	; (8000cd8 <XMC_SCU_CLOCK_StartSystemPll+0x188>)
 8000caa:	4b0b      	ldr	r3, [pc, #44]	; (8000cd8 <XMC_SCU_CLOCK_StartSystemPll+0x188>)
 8000cac:	685b      	ldr	r3, [r3, #4]
 8000cae:	f043 0301 	orr.w	r3, r3, #1
 8000cb2:	6053      	str	r3, [r2, #4]

    while ((SCU_PLL->PLLSTAT & SCU_PLL_PLLSTAT_VCOBYST_Msk) == 0U)
 8000cb4:	bf00      	nop
 8000cb6:	4b08      	ldr	r3, [pc, #32]	; (8000cd8 <XMC_SCU_CLOCK_StartSystemPll+0x188>)
 8000cb8:	681b      	ldr	r3, [r3, #0]
 8000cba:	f003 0301 	and.w	r3, r3, #1
 8000cbe:	2b00      	cmp	r3, #0
 8000cc0:	d0f9      	beq.n	8000cb6 <XMC_SCU_CLOCK_StartSystemPll+0x166>
    {
      /* wait for prescaler mode */
    }
  }

  SCU_TRAP->TRAPCLR = SCU_TRAP_TRAPCLR_SOSCWDGT_Msk | SCU_TRAP_TRAPCLR_SVCOLCKT_Msk;
 8000cc2:	4b09      	ldr	r3, [pc, #36]	; (8000ce8 <XMC_SCU_CLOCK_StartSystemPll+0x198>)
 8000cc4:	2205      	movs	r2, #5
 8000cc6:	60da      	str	r2, [r3, #12]
}
 8000cc8:	3718      	adds	r7, #24
 8000cca:	46bd      	mov	sp, r7
 8000ccc:	bd80      	pop	{r7, pc}
 8000cce:	bf00      	nop
 8000cd0:	431bde83 	.word	0x431bde83
 8000cd4:	aaaaaaab 	.word	0xaaaaaaab
 8000cd8:	50004710 	.word	0x50004710
 8000cdc:	f08080ff 	.word	0xf08080ff
 8000ce0:	88888889 	.word	0x88888889
 8000ce4:	b60b60b7 	.word	0xb60b60b7
 8000ce8:	50004160 	.word	0x50004160

08000cec <XMC_SCU_CLOCK_StepSystemPllFrequency>:
  SCU_PLL->PLLCON0 |= (uint32_t)SCU_PLL_PLLCON0_PLLPWD_Msk;
}

/* API to step up/down the main PLL frequency */
void XMC_SCU_CLOCK_StepSystemPllFrequency(uint32_t kdiv)
{
 8000cec:	b580      	push	{r7, lr}
 8000cee:	b082      	sub	sp, #8
 8000cf0:	af00      	add	r7, sp, #0
 8000cf2:	6078      	str	r0, [r7, #4]
  SCU_PLL->PLLCON1 = (uint32_t)((SCU_PLL->PLLCON1 & ~SCU_PLL_PLLCON1_K2DIV_Msk) |
 8000cf4:	490b      	ldr	r1, [pc, #44]	; (8000d24 <XMC_SCU_CLOCK_StepSystemPllFrequency+0x38>)
 8000cf6:	4b0b      	ldr	r3, [pc, #44]	; (8000d24 <XMC_SCU_CLOCK_StepSystemPllFrequency+0x38>)
 8000cf8:	689b      	ldr	r3, [r3, #8]
 8000cfa:	f423 02fe 	bic.w	r2, r3, #8323072	; 0x7f0000
                                ((kdiv - 1UL) << SCU_PLL_PLLCON1_K2DIV_Pos));
 8000cfe:	687b      	ldr	r3, [r7, #4]
 8000d00:	3b01      	subs	r3, #1
 8000d02:	041b      	lsls	r3, r3, #16
}

/* API to step up/down the main PLL frequency */
void XMC_SCU_CLOCK_StepSystemPllFrequency(uint32_t kdiv)
{
  SCU_PLL->PLLCON1 = (uint32_t)((SCU_PLL->PLLCON1 & ~SCU_PLL_PLLCON1_K2DIV_Msk) |
 8000d04:	4313      	orrs	r3, r2
 8000d06:	608b      	str	r3, [r1, #8]
                                ((kdiv - 1UL) << SCU_PLL_PLLCON1_K2DIV_Pos));

  while ((SCU_PLL->PLLSTAT & SCU_PLL_PLLSTAT_K2RDY_Msk) == 0U)
 8000d08:	bf00      	nop
 8000d0a:	4b06      	ldr	r3, [pc, #24]	; (8000d24 <XMC_SCU_CLOCK_StepSystemPllFrequency+0x38>)
 8000d0c:	681b      	ldr	r3, [r3, #0]
 8000d0e:	f003 0320 	and.w	r3, r3, #32
 8000d12:	2b00      	cmp	r3, #0
 8000d14:	d0f9      	beq.n	8000d0a <XMC_SCU_CLOCK_StepSystemPllFrequency+0x1e>
  {
    /* wait until K2-divider operates on the configured value  */
  }

  XMC_SCU_lDelay(50U);
 8000d16:	2032      	movs	r0, #50	; 0x32
 8000d18:	f7ff fc0e 	bl	8000538 <XMC_SCU_lDelay>
}
 8000d1c:	3708      	adds	r7, #8
 8000d1e:	46bd      	mov	sp, r7
 8000d20:	bd80      	pop	{r7, pc}
 8000d22:	bf00      	nop
 8000d24:	50004710 	.word	0x50004710

08000d28 <XMC_CCU4_StartPrescaler>:
 * \par<b>Related APIs:</b><br>
 * XMC_CCU4_Init()<BR> XMC_CCU4_EnableClock()<BR> XMC_CCU4_DisableClock()<BR> XMC_CCU4_StartPrescaler()<BR>
 * XMC_CCU4_StopPrescaler().
 */
__STATIC_INLINE void XMC_CCU4_StartPrescaler(XMC_CCU4_MODULE_t *const module)
{
 8000d28:	b480      	push	{r7}
 8000d2a:	b083      	sub	sp, #12
 8000d2c:	af00      	add	r7, sp, #0
 8000d2e:	6078      	str	r0, [r7, #4]
  XMC_ASSERT("XMC_CCU4_StartPrescaler:Invalid Module Pointer", XMC_CCU4_IsValidModule(module));
  module->GIDLC = (uint32_t) CCU4_GIDLC_SPRB_Msk;
 8000d30:	687b      	ldr	r3, [r7, #4]
 8000d32:	f44f 7280 	mov.w	r2, #256	; 0x100
 8000d36:	60da      	str	r2, [r3, #12]
}
 8000d38:	370c      	adds	r7, #12
 8000d3a:	46bd      	mov	sp, r7
 8000d3c:	f85d 7b04 	ldr.w	r7, [sp], #4
 8000d40:	4770      	bx	lr
 8000d42:	bf00      	nop

08000d44 <XMC_CCU4_lDeassertReset>:
    XMC_ASSERT("XMC_CCU4_lAssertReset:Invalid Module Pointer", 0);
  }
}

__STATIC_INLINE void XMC_CCU4_lDeassertReset(const XMC_CCU4_MODULE_t *const module)
{
 8000d44:	b580      	push	{r7, lr}
 8000d46:	b082      	sub	sp, #8
 8000d48:	af00      	add	r7, sp, #0
 8000d4a:	6078      	str	r0, [r7, #4]
  if (module == CCU40)
 8000d4c:	687b      	ldr	r3, [r7, #4]
 8000d4e:	4a10      	ldr	r2, [pc, #64]	; (8000d90 <XMC_CCU4_lDeassertReset+0x4c>)
 8000d50:	4293      	cmp	r3, r2
 8000d52:	d103      	bne.n	8000d5c <XMC_CCU4_lDeassertReset+0x18>
  {
    XMC_SCU_RESET_DeassertPeripheralReset(XMC_SCU_PERIPHERAL_RESET_CCU40);
 8000d54:	2004      	movs	r0, #4
 8000d56:	f7ff fca7 	bl	80006a8 <XMC_SCU_RESET_DeassertPeripheralReset>
 8000d5a:	e016      	b.n	8000d8a <XMC_CCU4_lDeassertReset+0x46>
  }
#if defined(CCU41)
  else if (module == CCU41)
 8000d5c:	687b      	ldr	r3, [r7, #4]
 8000d5e:	4a0d      	ldr	r2, [pc, #52]	; (8000d94 <XMC_CCU4_lDeassertReset+0x50>)
 8000d60:	4293      	cmp	r3, r2
 8000d62:	d103      	bne.n	8000d6c <XMC_CCU4_lDeassertReset+0x28>
  {
    XMC_SCU_RESET_DeassertPeripheralReset(XMC_SCU_PERIPHERAL_RESET_CCU41);
 8000d64:	2008      	movs	r0, #8
 8000d66:	f7ff fc9f 	bl	80006a8 <XMC_SCU_RESET_DeassertPeripheralReset>
 8000d6a:	e00e      	b.n	8000d8a <XMC_CCU4_lDeassertReset+0x46>
  }
#endif
#if defined(CCU42)
  else if (module == CCU42)
 8000d6c:	687b      	ldr	r3, [r7, #4]
 8000d6e:	4a0a      	ldr	r2, [pc, #40]	; (8000d98 <XMC_CCU4_lDeassertReset+0x54>)
 8000d70:	4293      	cmp	r3, r2
 8000d72:	d103      	bne.n	8000d7c <XMC_CCU4_lDeassertReset+0x38>
  {
    XMC_SCU_RESET_DeassertPeripheralReset(XMC_SCU_PERIPHERAL_RESET_CCU42);
 8000d74:	2010      	movs	r0, #16
 8000d76:	f7ff fc97 	bl	80006a8 <XMC_SCU_RESET_DeassertPeripheralReset>
 8000d7a:	e006      	b.n	8000d8a <XMC_CCU4_lDeassertReset+0x46>
  }
#endif
#if defined(CCU43)
  else if (module == CCU43)
 8000d7c:	687b      	ldr	r3, [r7, #4]
 8000d7e:	4a07      	ldr	r2, [pc, #28]	; (8000d9c <XMC_CCU4_lDeassertReset+0x58>)
 8000d80:	4293      	cmp	r3, r2
 8000d82:	d102      	bne.n	8000d8a <XMC_CCU4_lDeassertReset+0x46>
  {
    XMC_SCU_RESET_DeassertPeripheralReset(XMC_SCU_PERIPHERAL_RESET_CCU43);
 8000d84:	4806      	ldr	r0, [pc, #24]	; (8000da0 <XMC_CCU4_lDeassertReset+0x5c>)
 8000d86:	f7ff fc8f 	bl	80006a8 <XMC_SCU_RESET_DeassertPeripheralReset>
#endif
  else
  {
    XMC_ASSERT("XMC_CCU4_lDeassertReset:Invalid Module Pointer", 0);
  }
}
 8000d8a:	3708      	adds	r7, #8
 8000d8c:	46bd      	mov	sp, r7
 8000d8e:	bd80      	pop	{r7, pc}
 8000d90:	4000c000 	.word	0x4000c000
 8000d94:	40010000 	.word	0x40010000
 8000d98:	40014000 	.word	0x40014000
 8000d9c:	48004000 	.word	0x48004000
 8000da0:	10000001 	.word	0x10000001

08000da4 <XMC_CCU4_EnableModule>:
/*********************************************************************************************************************
 * API IMPLEMENTATION
 ********************************************************************************************************************/

void XMC_CCU4_EnableModule(XMC_CCU4_MODULE_t *const module)
{
 8000da4:	b580      	push	{r7, lr}
 8000da6:	b082      	sub	sp, #8
 8000da8:	af00      	add	r7, sp, #0
 8000daa:	6078      	str	r0, [r7, #4]
  XMC_ASSERT("XMC_CCU4_EnableModule:Invalid Module Pointer", XMC_CCU4_IsValidModule(module));

#if UC_FAMILY == XMC4
  /* Enable CCU4 module clock */
  XMC_SCU_CLOCK_EnableClock(XMC_SCU_CLOCK_CCU);
 8000dac:	2010      	movs	r0, #16
 8000dae:	f7ff fdc7 	bl	8000940 <XMC_SCU_CLOCK_EnableClock>
#if defined(CLOCK_GATING_SUPPORTED)
  XMC_CCU4_lUngateClock(module);
#endif

#if defined(PERIPHERAL_RESET_SUPPORTED)
  XMC_CCU4_lDeassertReset(module);
 8000db2:	6878      	ldr	r0, [r7, #4]
 8000db4:	f7ff ffc6 	bl	8000d44 <XMC_CCU4_lDeassertReset>
#endif
}
 8000db8:	3708      	adds	r7, #8
 8000dba:	46bd      	mov	sp, r7
 8000dbc:	bd80      	pop	{r7, pc}
 8000dbe:	bf00      	nop

08000dc0 <XMC_CCU4_Init>:
#endif
}

/* API to initialize CCU4 global resources  */
void XMC_CCU4_Init(XMC_CCU4_MODULE_t *const module, const XMC_CCU4_SLICE_MCMS_ACTION_t mcs_action)
{
 8000dc0:	b580      	push	{r7, lr}
 8000dc2:	b084      	sub	sp, #16
 8000dc4:	af00      	add	r7, sp, #0
 8000dc6:	6078      	str	r0, [r7, #4]
 8000dc8:	460b      	mov	r3, r1
 8000dca:	70fb      	strb	r3, [r7, #3]

  XMC_ASSERT("XMC_CCU4_Init:Invalid module pointer", XMC_CCU4_IsValidModule(module));
  XMC_ASSERT("XMC_CCU4_Init:Invalid mcs action", XMC_CCU4_SLICE_CHECK_MCS_ACTION(mcs_action));

  /* Enable CCU4 module */
  XMC_CCU4_EnableModule(module);
 8000dcc:	6878      	ldr	r0, [r7, #4]
 8000dce:	f7ff ffe9 	bl	8000da4 <XMC_CCU4_EnableModule>
  /* Start the prescaler */
  XMC_CCU4_StartPrescaler(module);
 8000dd2:	6878      	ldr	r0, [r7, #4]
 8000dd4:	f7ff ffa8 	bl	8000d28 <XMC_CCU4_StartPrescaler>

  gctrl = module->GCTRL;
 8000dd8:	687b      	ldr	r3, [r7, #4]
 8000dda:	681b      	ldr	r3, [r3, #0]
 8000ddc:	60fb      	str	r3, [r7, #12]
  gctrl &= ~((uint32_t) CCU4_GCTRL_MSDE_Msk);
 8000dde:	68fb      	ldr	r3, [r7, #12]
 8000de0:	f423 4340 	bic.w	r3, r3, #49152	; 0xc000
 8000de4:	60fb      	str	r3, [r7, #12]
  gctrl |= ((uint32_t) mcs_action) << CCU4_GCTRL_MSDE_Pos;
 8000de6:	78fb      	ldrb	r3, [r7, #3]
 8000de8:	039b      	lsls	r3, r3, #14
 8000dea:	68fa      	ldr	r2, [r7, #12]
 8000dec:	4313      	orrs	r3, r2
 8000dee:	60fb      	str	r3, [r7, #12]

  module->GCTRL = gctrl;
 8000df0:	687b      	ldr	r3, [r7, #4]
 8000df2:	68fa      	ldr	r2, [r7, #12]
 8000df4:	601a      	str	r2, [r3, #0]
}
 8000df6:	3710      	adds	r7, #16
 8000df8:	46bd      	mov	sp, r7
 8000dfa:	bd80      	pop	{r7, pc}

08000dfc <XMC_CCU4_SetMultiChannelShadowTransferMode>:
  module->GCTRL = gctrl;
}

/* API to configure the multichannel shadow transfer request via SW and via the CCU4x.MCSS input. */
void XMC_CCU4_SetMultiChannelShadowTransferMode(XMC_CCU4_MODULE_t *const module, const uint32_t slice_mode_msk)
{
 8000dfc:	b480      	push	{r7}
 8000dfe:	b085      	sub	sp, #20
 8000e00:	af00      	add	r7, sp, #0
 8000e02:	6078      	str	r0, [r7, #4]
 8000e04:	6039      	str	r1, [r7, #0]
  uint32_t gctrl;

  XMC_ASSERT("XMC_CCU4_SetMultiChannelShadowTransferMode:Invalid module Pointer", XMC_CCU4_IsValidModule(module));

  gctrl = module->GCTRL;
 8000e06:	687b      	ldr	r3, [r7, #4]
 8000e08:	681b      	ldr	r3, [r3, #0]
 8000e0a:	60fb      	str	r3, [r7, #12]
  gctrl &= ~((uint32_t)slice_mode_msk >> 16U);
 8000e0c:	683b      	ldr	r3, [r7, #0]
 8000e0e:	0c1b      	lsrs	r3, r3, #16
 8000e10:	43db      	mvns	r3, r3
 8000e12:	68fa      	ldr	r2, [r7, #12]
 8000e14:	4013      	ands	r3, r2
 8000e16:	60fb      	str	r3, [r7, #12]
  gctrl |= ((uint32_t)slice_mode_msk & 0xFFFFU);
 8000e18:	683b      	ldr	r3, [r7, #0]
 8000e1a:	b29b      	uxth	r3, r3
 8000e1c:	68fa      	ldr	r2, [r7, #12]
 8000e1e:	4313      	orrs	r3, r2
 8000e20:	60fb      	str	r3, [r7, #12]
  module->GCTRL = gctrl;
 8000e22:	687b      	ldr	r3, [r7, #4]
 8000e24:	68fa      	ldr	r2, [r7, #12]
 8000e26:	601a      	str	r2, [r3, #0]
}
 8000e28:	3714      	adds	r7, #20
 8000e2a:	46bd      	mov	sp, r7
 8000e2c:	f85d 7b04 	ldr.w	r7, [sp], #4
 8000e30:	4770      	bx	lr
 8000e32:	bf00      	nop

08000e34 <XMC_CCU4_SLICE_CompareInit>:

/* API to configure CC4 Slice as Timer */
void XMC_CCU4_SLICE_CompareInit(XMC_CCU4_SLICE_t *const slice,
                                const XMC_CCU4_SLICE_COMPARE_CONFIG_t *const compare_init)
{
 8000e34:	b480      	push	{r7}
 8000e36:	b083      	sub	sp, #12
 8000e38:	af00      	add	r7, sp, #0
 8000e3a:	6078      	str	r0, [r7, #4]
 8000e3c:	6039      	str	r1, [r7, #0]
  XMC_ASSERT("XMC_CCU4_SLICE_CompareInit:Invalid Slice Pointer", XMC_CCU4_IsValidSlice(slice));
  XMC_ASSERT("XMC_CCU4_SLICE_CompareInit:Compare Init Pointer is NULL",
             (XMC_CCU4_SLICE_COMPARE_CONFIG_t *) NULL != compare_init);

  /* Program the timer mode */
  slice->TC = compare_init->tc;
 8000e3e:	683b      	ldr	r3, [r7, #0]
 8000e40:	681a      	ldr	r2, [r3, #0]
 8000e42:	687b      	ldr	r3, [r7, #4]
 8000e44:	615a      	str	r2, [r3, #20]
  /* Enable the timer concatenation */
  slice->CMC = ((uint32_t) compare_init->timer_concatenation << CCU4_CC4_CMC_TCE_Pos);
 8000e46:	683b      	ldr	r3, [r7, #0]
 8000e48:	795b      	ldrb	r3, [r3, #5]
 8000e4a:	f3c3 1340 	ubfx	r3, r3, #5, #1
 8000e4e:	b2db      	uxtb	r3, r3
 8000e50:	051a      	lsls	r2, r3, #20
 8000e52:	687b      	ldr	r3, [r7, #4]
 8000e54:	605a      	str	r2, [r3, #4]
  /* Program initial prescaler divider value */
  slice->PSC = (uint32_t) compare_init->prescaler_initval;
 8000e56:	683b      	ldr	r3, [r7, #0]
 8000e58:	791b      	ldrb	r3, [r3, #4]
 8000e5a:	f3c3 0303 	ubfx	r3, r3, #0, #4
 8000e5e:	b2db      	uxtb	r3, r3
 8000e60:	461a      	mov	r2, r3
 8000e62:	687b      	ldr	r3, [r7, #4]
 8000e64:	625a      	str	r2, [r3, #36]	; 0x24
  /* Program the dither compare value */
  slice->DITS = (uint32_t) compare_init->dither_limit;
 8000e66:	683b      	ldr	r3, [r7, #0]
 8000e68:	795b      	ldrb	r3, [r3, #5]
 8000e6a:	f3c3 0303 	ubfx	r3, r3, #0, #4
 8000e6e:	b2db      	uxtb	r3, r3
 8000e70:	461a      	mov	r2, r3
 8000e72:	687b      	ldr	r3, [r7, #4]
 8000e74:	621a      	str	r2, [r3, #32]
  /* Program timer output passive level */
  slice->PSL = (uint32_t) compare_init->passive_level;
 8000e76:	683b      	ldr	r3, [r7, #0]
 8000e78:	795b      	ldrb	r3, [r3, #5]
 8000e7a:	f3c3 1300 	ubfx	r3, r3, #4, #1
 8000e7e:	b2db      	uxtb	r3, r3
 8000e80:	461a      	mov	r2, r3
 8000e82:	687b      	ldr	r3, [r7, #4]
 8000e84:	619a      	str	r2, [r3, #24]
  /* Program floating prescaler compare value */
  slice->FPCS = (uint32_t) compare_init->float_limit;
 8000e86:	683b      	ldr	r3, [r7, #0]
 8000e88:	791b      	ldrb	r3, [r3, #4]
 8000e8a:	f3c3 1303 	ubfx	r3, r3, #4, #4
 8000e8e:	b2db      	uxtb	r3, r3
 8000e90:	461a      	mov	r2, r3
 8000e92:	687b      	ldr	r3, [r7, #4]
 8000e94:	62da      	str	r2, [r3, #44]	; 0x2c
}
 8000e96:	370c      	adds	r7, #12
 8000e98:	46bd      	mov	sp, r7
 8000e9a:	f85d 7b04 	ldr.w	r7, [sp], #4
 8000e9e:	4770      	bx	lr

08000ea0 <XMC_CCU4_SLICE_CountConfig>:
  slice->TC = tc;
}

/* API to configure the slice count function */
void XMC_CCU4_SLICE_CountConfig(XMC_CCU4_SLICE_t *const slice, const XMC_CCU4_SLICE_EVENT_t event)
{
 8000ea0:	b480      	push	{r7}
 8000ea2:	b085      	sub	sp, #20
 8000ea4:	af00      	add	r7, sp, #0
 8000ea6:	6078      	str	r0, [r7, #4]
 8000ea8:	460b      	mov	r3, r1
 8000eaa:	70fb      	strb	r3, [r7, #3]

  XMC_ASSERT("XMC_CCU4_SLICE_CountConfig:Invalid Slice Pointer", XMC_CCU4_IsValidSlice(slice));
  XMC_ASSERT("XMC_CCU4_SLICE_CountConfig:Invalid Event ID", XMC_CCU4_SLICE_CHECK_EVENT_ID(event));

  /* Bind the event with the count function */
  cmc = slice->CMC;
 8000eac:	687b      	ldr	r3, [r7, #4]
 8000eae:	685b      	ldr	r3, [r3, #4]
 8000eb0:	60fb      	str	r3, [r7, #12]
  cmc &= ~((uint32_t) CCU4_CC4_CMC_CNTS_Msk);
 8000eb2:	68fb      	ldr	r3, [r7, #12]
 8000eb4:	f423 4340 	bic.w	r3, r3, #49152	; 0xc000
 8000eb8:	60fb      	str	r3, [r7, #12]
  cmc |= ((uint32_t) event) << CCU4_CC4_CMC_CNTS_Pos;
 8000eba:	78fb      	ldrb	r3, [r7, #3]
 8000ebc:	039b      	lsls	r3, r3, #14
 8000ebe:	68fa      	ldr	r2, [r7, #12]
 8000ec0:	4313      	orrs	r3, r2
 8000ec2:	60fb      	str	r3, [r7, #12]

  slice->CMC = cmc;
 8000ec4:	687b      	ldr	r3, [r7, #4]
 8000ec6:	68fa      	ldr	r2, [r7, #12]
 8000ec8:	605a      	str	r2, [r3, #4]
}
 8000eca:	3714      	adds	r7, #20
 8000ecc:	46bd      	mov	sp, r7
 8000ece:	f85d 7b04 	ldr.w	r7, [sp], #4
 8000ed2:	4770      	bx	lr

08000ed4 <XMC_CCU4_SLICE_ConfigureEvent>:

/* API to configure a slice trigger event */
void XMC_CCU4_SLICE_ConfigureEvent(XMC_CCU4_SLICE_t *const slice,
                                   const XMC_CCU4_SLICE_EVENT_t event,
                                   const XMC_CCU4_SLICE_EVENT_CONFIG_t *const config)
{
 8000ed4:	b480      	push	{r7}
 8000ed6:	b089      	sub	sp, #36	; 0x24
 8000ed8:	af00      	add	r7, sp, #0
 8000eda:	60f8      	str	r0, [r7, #12]
 8000edc:	460b      	mov	r3, r1
 8000ede:	607a      	str	r2, [r7, #4]
 8000ee0:	72fb      	strb	r3, [r7, #11]
             ((config->level == XMC_CCU4_SLICE_EVENT_LEVEL_SENSITIVITY_ACTIVE_HIGH) || \
              (config->level == XMC_CCU4_SLICE_EVENT_LEVEL_SENSITIVITY_ACTIVE_LOW)));
  XMC_ASSERT("XMC_CCU4_SLICE_ConfigureEvent:Invalid Debounce Period",
             XMC_CCU4_SLICE_CHECK_EVENT_FILTER(config->duration));
  /* Calculate offset with reference to event */
  offset = ((uint8_t) event) - 1U;
 8000ee2:	7afb      	ldrb	r3, [r7, #11]
 8000ee4:	3b01      	subs	r3, #1
 8000ee6:	77fb      	strb	r3, [r7, #31]
  ins |= ((uint32_t) config->mapped_input) << pos;

  slice->INS1 = ins;

#else
  ins = slice->INS;
 8000ee8:	68fb      	ldr	r3, [r7, #12]
 8000eea:	681b      	ldr	r3, [r3, #0]
 8000eec:	61bb      	str	r3, [r7, #24]

  /* First, configure the edge sensitivity */
  pos = ((uint8_t) CCU4_CC4_INS_EV0EM_Pos) + (uint8_t)(offset << 1U);
 8000eee:	7ffb      	ldrb	r3, [r7, #31]
 8000ef0:	005b      	lsls	r3, r3, #1
 8000ef2:	b2db      	uxtb	r3, r3
 8000ef4:	3310      	adds	r3, #16
 8000ef6:	75fb      	strb	r3, [r7, #23]
  ins &= ~(((uint32_t) XMC_CCU4_SLICE_EVENT_EDGE_CONFIG_MASK) << pos);
 8000ef8:	7dfb      	ldrb	r3, [r7, #23]
 8000efa:	2203      	movs	r2, #3
 8000efc:	fa02 f303 	lsl.w	r3, r2, r3
 8000f00:	43db      	mvns	r3, r3
 8000f02:	69ba      	ldr	r2, [r7, #24]
 8000f04:	4013      	ands	r3, r2
 8000f06:	61bb      	str	r3, [r7, #24]
  ins |= ((uint32_t) config->edge) << pos;
 8000f08:	687b      	ldr	r3, [r7, #4]
 8000f0a:	785b      	ldrb	r3, [r3, #1]
 8000f0c:	461a      	mov	r2, r3
 8000f0e:	7dfb      	ldrb	r3, [r7, #23]
 8000f10:	fa02 f303 	lsl.w	r3, r2, r3
 8000f14:	69ba      	ldr	r2, [r7, #24]
 8000f16:	4313      	orrs	r3, r2
 8000f18:	61bb      	str	r3, [r7, #24]

  /* Next, the level */
  pos = ((uint8_t) CCU4_CC4_INS_EV0LM_Pos) + offset;
 8000f1a:	7ffb      	ldrb	r3, [r7, #31]
 8000f1c:	3316      	adds	r3, #22
 8000f1e:	75fb      	strb	r3, [r7, #23]
  ins &= ~(((uint32_t) XMC_CCU4_SLICE_EVENT_LEVEL_CONFIG_MASK) << pos);
 8000f20:	7dfb      	ldrb	r3, [r7, #23]
 8000f22:	2201      	movs	r2, #1
 8000f24:	fa02 f303 	lsl.w	r3, r2, r3
 8000f28:	43db      	mvns	r3, r3
 8000f2a:	69ba      	ldr	r2, [r7, #24]
 8000f2c:	4013      	ands	r3, r2
 8000f2e:	61bb      	str	r3, [r7, #24]
  ins |= ((uint32_t) config->level) << pos;
 8000f30:	687b      	ldr	r3, [r7, #4]
 8000f32:	789b      	ldrb	r3, [r3, #2]
 8000f34:	461a      	mov	r2, r3
 8000f36:	7dfb      	ldrb	r3, [r7, #23]
 8000f38:	fa02 f303 	lsl.w	r3, r2, r3
 8000f3c:	69ba      	ldr	r2, [r7, #24]
 8000f3e:	4313      	orrs	r3, r2
 8000f40:	61bb      	str	r3, [r7, #24]

  /* Next, the debounce filter */
  pos = ((uint8_t) CCU4_CC4_INS_LPF0M_Pos) + (uint8_t)(offset << 1U);
 8000f42:	7ffb      	ldrb	r3, [r7, #31]
 8000f44:	005b      	lsls	r3, r3, #1
 8000f46:	b2db      	uxtb	r3, r3
 8000f48:	3319      	adds	r3, #25
 8000f4a:	75fb      	strb	r3, [r7, #23]
  ins &= ~(((uint32_t) XMC_CCU4_SLICE_EVENT_FILTER_CONFIG_MASK) << pos);
 8000f4c:	7dfb      	ldrb	r3, [r7, #23]
 8000f4e:	2203      	movs	r2, #3
 8000f50:	fa02 f303 	lsl.w	r3, r2, r3
 8000f54:	43db      	mvns	r3, r3
 8000f56:	69ba      	ldr	r2, [r7, #24]
 8000f58:	4013      	ands	r3, r2
 8000f5a:	61bb      	str	r3, [r7, #24]
  ins |= ((uint32_t) config->duration) << pos;
 8000f5c:	687b      	ldr	r3, [r7, #4]
 8000f5e:	78db      	ldrb	r3, [r3, #3]
 8000f60:	461a      	mov	r2, r3
 8000f62:	7dfb      	ldrb	r3, [r7, #23]
 8000f64:	fa02 f303 	lsl.w	r3, r2, r3
 8000f68:	69ba      	ldr	r2, [r7, #24]
 8000f6a:	4313      	orrs	r3, r2
 8000f6c:	61bb      	str	r3, [r7, #24]

  /* Finally the input */
  pos = ((uint8_t) CCU4_CC4_INS_EV0IS_Pos) + (uint8_t)(offset << 2U);
 8000f6e:	7ffb      	ldrb	r3, [r7, #31]
 8000f70:	009b      	lsls	r3, r3, #2
 8000f72:	75fb      	strb	r3, [r7, #23]
  ins &= ~(((uint32_t) XMC_CCU4_SLICE_EVENT_INPUT_CONFIG_MASK) << pos);
 8000f74:	7dfb      	ldrb	r3, [r7, #23]
 8000f76:	220f      	movs	r2, #15
 8000f78:	fa02 f303 	lsl.w	r3, r2, r3
 8000f7c:	43db      	mvns	r3, r3
 8000f7e:	69ba      	ldr	r2, [r7, #24]
 8000f80:	4013      	ands	r3, r2
 8000f82:	61bb      	str	r3, [r7, #24]
  ins |= ((uint32_t) config->mapped_input) << pos;
 8000f84:	687b      	ldr	r3, [r7, #4]
 8000f86:	781b      	ldrb	r3, [r3, #0]
 8000f88:	461a      	mov	r2, r3
 8000f8a:	7dfb      	ldrb	r3, [r7, #23]
 8000f8c:	fa02 f303 	lsl.w	r3, r2, r3
 8000f90:	69ba      	ldr	r2, [r7, #24]
 8000f92:	4313      	orrs	r3, r2
 8000f94:	61bb      	str	r3, [r7, #24]

  slice->INS = ins;
 8000f96:	68fb      	ldr	r3, [r7, #12]
 8000f98:	69ba      	ldr	r2, [r7, #24]
 8000f9a:	601a      	str	r2, [r3, #0]
#endif
}
 8000f9c:	3724      	adds	r7, #36	; 0x24
 8000f9e:	46bd      	mov	sp, r7
 8000fa0:	f85d 7b04 	ldr.w	r7, [sp], #4
 8000fa4:	4770      	bx	lr
 8000fa6:	bf00      	nop

08000fa8 <XMC_CCU8_StartPrescaler>:
 * \par<b>Related APIs:</b><br>
 * XMC_CCU8_Init()<BR>  XMC_CCU8_EnableClock()<BR>  XMC_CCU8_DisableClock()<BR>  XMC_CCU8_StartPrescaler()<BR>
 *  XMC_CCU8_StopPrescaler().
 */
__STATIC_INLINE void XMC_CCU8_StartPrescaler(XMC_CCU8_MODULE_t *const module)
{
 8000fa8:	b480      	push	{r7}
 8000faa:	b083      	sub	sp, #12
 8000fac:	af00      	add	r7, sp, #0
 8000fae:	6078      	str	r0, [r7, #4]
  XMC_ASSERT("XMC_CCU8_StartPrescaler:Invalid Module Pointer", XMC_CCU8_IsValidModule(module));
  module->GIDLC = (uint32_t) CCU8_GIDLC_SPRB_Msk;
 8000fb0:	687b      	ldr	r3, [r7, #4]
 8000fb2:	f44f 7280 	mov.w	r2, #256	; 0x100
 8000fb6:	60da      	str	r2, [r3, #12]
}
 8000fb8:	370c      	adds	r7, #12
 8000fba:	46bd      	mov	sp, r7
 8000fbc:	f85d 7b04 	ldr.w	r7, [sp], #4
 8000fc0:	4770      	bx	lr
 8000fc2:	bf00      	nop

08000fc4 <XMC_CCU8_SLICE_StopTimer>:
 *
 * \par<b>Related APIs:</b><br>
 *  XMC_CCU8_SLICE_StartTimer().
 */
__STATIC_INLINE void XMC_CCU8_SLICE_StopTimer(XMC_CCU8_SLICE_t *const slice)
{
 8000fc4:	b480      	push	{r7}
 8000fc6:	b083      	sub	sp, #12
 8000fc8:	af00      	add	r7, sp, #0
 8000fca:	6078      	str	r0, [r7, #4]
  XMC_ASSERT("XMC_CCU8_SLICE_StopTimer:Invalid Slice Pointer", XMC_CCU8_IsValidSlice(slice));
  slice->TCCLR = (uint32_t) CCU8_CC8_TCCLR_TRBC_Msk;
 8000fcc:	687b      	ldr	r3, [r7, #4]
 8000fce:	2201      	movs	r2, #1
 8000fd0:	611a      	str	r2, [r3, #16]
}
 8000fd2:	370c      	adds	r7, #12
 8000fd4:	46bd      	mov	sp, r7
 8000fd6:	f85d 7b04 	ldr.w	r7, [sp], #4
 8000fda:	4770      	bx	lr

08000fdc <XMC_CCU8_lDeassertReset>:
    XMC_ASSERT("XMC_CCU8_lAssertReset:Invalid Module Pointer", 0);
  }
}

__STATIC_INLINE void XMC_CCU8_lDeassertReset(const XMC_CCU8_MODULE_t *const module)
{
 8000fdc:	b580      	push	{r7, lr}
 8000fde:	b082      	sub	sp, #8
 8000fe0:	af00      	add	r7, sp, #0
 8000fe2:	6078      	str	r0, [r7, #4]
  if (module == CCU80)
 8000fe4:	687b      	ldr	r3, [r7, #4]
 8000fe6:	4a09      	ldr	r2, [pc, #36]	; (800100c <XMC_CCU8_lDeassertReset+0x30>)
 8000fe8:	4293      	cmp	r3, r2
 8000fea:	d103      	bne.n	8000ff4 <XMC_CCU8_lDeassertReset+0x18>
  {
    XMC_SCU_RESET_DeassertPeripheralReset(XMC_SCU_PERIPHERAL_RESET_CCU80);
 8000fec:	2080      	movs	r0, #128	; 0x80
 8000fee:	f7ff fb5b 	bl	80006a8 <XMC_SCU_RESET_DeassertPeripheralReset>
 8000ff2:	e007      	b.n	8001004 <XMC_CCU8_lDeassertReset+0x28>
  }
#if defined(CCU81)
  else if (module == CCU81)
 8000ff4:	687b      	ldr	r3, [r7, #4]
 8000ff6:	4a06      	ldr	r2, [pc, #24]	; (8001010 <XMC_CCU8_lDeassertReset+0x34>)
 8000ff8:	4293      	cmp	r3, r2
 8000ffa:	d103      	bne.n	8001004 <XMC_CCU8_lDeassertReset+0x28>
  {
    XMC_SCU_RESET_DeassertPeripheralReset(XMC_SCU_PERIPHERAL_RESET_CCU81);
 8000ffc:	f44f 7080 	mov.w	r0, #256	; 0x100
 8001000:	f7ff fb52 	bl	80006a8 <XMC_SCU_RESET_DeassertPeripheralReset>
#endif
  else
  {
    XMC_ASSERT("XMC_CCU8_lDeassertReset:Invalid Module Pointer", 0);
  }
}
 8001004:	3708      	adds	r7, #8
 8001006:	46bd      	mov	sp, r7
 8001008:	bd80      	pop	{r7, pc}
 800100a:	bf00      	nop
 800100c:	40020000 	.word	0x40020000
 8001010:	40024000 	.word	0x40024000

08001014 <XMC_CCU8_EnableModule>:
 * API IMPLEMENTATION
 ********************************************************************************************************************/

/* API to set the CCU8 module as active and enable the clock  */
void XMC_CCU8_EnableModule(XMC_CCU8_MODULE_t *const module)
{
 8001014:	b580      	push	{r7, lr}
 8001016:	b082      	sub	sp, #8
 8001018:	af00      	add	r7, sp, #0
 800101a:	6078      	str	r0, [r7, #4]
  XMC_ASSERT("XMC_CCU8_EnableModule:Invalid Module Pointer", XMC_CCU8_IsValidModule(module));

#if (UC_FAMILY == XMC4)
  /* Enable CCU8 module clock */
  XMC_SCU_CLOCK_EnableClock(XMC_SCU_CLOCK_CCU);
 800101c:	2010      	movs	r0, #16
 800101e:	f7ff fc8f 	bl	8000940 <XMC_SCU_CLOCK_EnableClock>
#if defined(CLOCK_GATING_SUPPORTED)
  XMC_CCU8_lUngateClock(module);
#endif

#if defined(PERIPHERAL_RESET_SUPPORTED)
  XMC_CCU8_lDeassertReset(module);
 8001022:	6878      	ldr	r0, [r7, #4]
 8001024:	f7ff ffda 	bl	8000fdc <XMC_CCU8_lDeassertReset>
#endif
}
 8001028:	3708      	adds	r7, #8
 800102a:	46bd      	mov	sp, r7
 800102c:	bd80      	pop	{r7, pc}
 800102e:	bf00      	nop

08001030 <XMC_CCU8_Init>:
#endif
}

/* API to initialize CCU8 global resources  */
void XMC_CCU8_Init(XMC_CCU8_MODULE_t *const module, const XMC_CCU8_SLICE_MCMS_ACTION_t mcs_action)
{
 8001030:	b580      	push	{r7, lr}
 8001032:	b084      	sub	sp, #16
 8001034:	af00      	add	r7, sp, #0
 8001036:	6078      	str	r0, [r7, #4]
 8001038:	460b      	mov	r3, r1
 800103a:	70fb      	strb	r3, [r7, #3]

  XMC_ASSERT("XMC_CCU8_Init:Invalid Module Pointer", XMC_CCU8_IsValidModule(module));
  XMC_ASSERT("XMC_CCU8_Init:Invalid mcs action", XMC_CCU8_SLICE_CHECK_MCS_ACTION(mcs_action));

  /* Enable CCU8 module */
  XMC_CCU8_EnableModule(module);
 800103c:	6878      	ldr	r0, [r7, #4]
 800103e:	f7ff ffe9 	bl	8001014 <XMC_CCU8_EnableModule>
  /* Start the prescaler */
  XMC_CCU8_StartPrescaler(module);
 8001042:	6878      	ldr	r0, [r7, #4]
 8001044:	f7ff ffb0 	bl	8000fa8 <XMC_CCU8_StartPrescaler>

  gctrl = module->GCTRL;
 8001048:	687b      	ldr	r3, [r7, #4]
 800104a:	681b      	ldr	r3, [r3, #0]
 800104c:	60fb      	str	r3, [r7, #12]
  gctrl &= ~((uint32_t) CCU8_GCTRL_MSDE_Msk);
 800104e:	68fb      	ldr	r3, [r7, #12]
 8001050:	f423 4340 	bic.w	r3, r3, #49152	; 0xc000
 8001054:	60fb      	str	r3, [r7, #12]
  gctrl |= (uint32_t)mcs_action << CCU8_GCTRL_MSDE_Pos;
 8001056:	78fb      	ldrb	r3, [r7, #3]
 8001058:	039b      	lsls	r3, r3, #14
 800105a:	68fa      	ldr	r2, [r7, #12]
 800105c:	4313      	orrs	r3, r2
 800105e:	60fb      	str	r3, [r7, #12]

  module->GCTRL = gctrl;
 8001060:	687b      	ldr	r3, [r7, #4]
 8001062:	68fa      	ldr	r2, [r7, #12]
 8001064:	601a      	str	r2, [r3, #0]
}
 8001066:	3710      	adds	r7, #16
 8001068:	46bd      	mov	sp, r7
 800106a:	bd80      	pop	{r7, pc}

0800106c <XMC_CCU8_SLICE_CompareInit>:
}

/* API to configure CC8 Slice in Compare mode */
void XMC_CCU8_SLICE_CompareInit(XMC_CCU8_SLICE_t *const slice,
                                const XMC_CCU8_SLICE_COMPARE_CONFIG_t *const compare_init)
{
 800106c:	b580      	push	{r7, lr}
 800106e:	b082      	sub	sp, #8
 8001070:	af00      	add	r7, sp, #0
 8001072:	6078      	str	r0, [r7, #4]
 8001074:	6039      	str	r1, [r7, #0]
  XMC_ASSERT("XMC_CCU8_SLICE_CompareInit:Invalid Slice Pointer", XMC_CCU8_IsValidSlice(slice));
  XMC_ASSERT("XMC_CCU8_SLICE_CompareInit:Timer Init Pointer is NULL",
             (XMC_CCU8_SLICE_COMPARE_CONFIG_t *) NULL != compare_init);
  /* Stops the timer */
  XMC_CCU8_SLICE_StopTimer(slice);
 8001076:	6878      	ldr	r0, [r7, #4]
 8001078:	f7ff ffa4 	bl	8000fc4 <XMC_CCU8_SLICE_StopTimer>
  /* Program the timer mode */
  slice->TC = compare_init->tc;
 800107c:	683b      	ldr	r3, [r7, #0]
 800107e:	681a      	ldr	r2, [r3, #0]
 8001080:	687b      	ldr	r3, [r7, #4]
 8001082:	615a      	str	r2, [r3, #20]
  /* Enable the timer concatenation */
  slice->CMC =  (uint32_t)compare_init->timer_concatenation << CCU8_CC8_CMC_TCE_Pos;
 8001084:	683b      	ldr	r3, [r7, #0]
 8001086:	7b5b      	ldrb	r3, [r3, #13]
 8001088:	f3c3 1300 	ubfx	r3, r3, #4, #1
 800108c:	b2db      	uxtb	r3, r3
 800108e:	051a      	lsls	r2, r3, #20
 8001090:	687b      	ldr	r3, [r7, #4]
 8001092:	605a      	str	r2, [r3, #4]
  /* Program initial prescaler divider value */
  slice->PSC = (uint32_t) compare_init->prescaler_initval;
 8001094:	683b      	ldr	r3, [r7, #0]
 8001096:	7b1b      	ldrb	r3, [r3, #12]
 8001098:	f3c3 0303 	ubfx	r3, r3, #0, #4
 800109c:	b2db      	uxtb	r3, r3
 800109e:	461a      	mov	r2, r3
 80010a0:	687b      	ldr	r3, [r7, #4]
 80010a2:	625a      	str	r2, [r3, #36]	; 0x24
  /* Program floating prescaler compare value */
  slice->FPCS = (uint32_t) compare_init->float_limit;
 80010a4:	683b      	ldr	r3, [r7, #0]
 80010a6:	7b1b      	ldrb	r3, [r3, #12]
 80010a8:	f3c3 1303 	ubfx	r3, r3, #4, #4
 80010ac:	b2db      	uxtb	r3, r3
 80010ae:	461a      	mov	r2, r3
 80010b0:	687b      	ldr	r3, [r7, #4]
 80010b2:	62da      	str	r2, [r3, #44]	; 0x2c
  /* Program the dither compare value */
  slice->DITS = (uint32_t) compare_init->dither_limit;
 80010b4:	683b      	ldr	r3, [r7, #0]
 80010b6:	7b5b      	ldrb	r3, [r3, #13]
 80010b8:	f3c3 0303 	ubfx	r3, r3, #0, #4
 80010bc:	b2db      	uxtb	r3, r3
 80010be:	461a      	mov	r2, r3
 80010c0:	687b      	ldr	r3, [r7, #4]
 80010c2:	621a      	str	r2, [r3, #32]
  /* Program timer output passive level */
  slice->PSL = (uint32_t) compare_init->psl;
 80010c4:	683b      	ldr	r3, [r7, #0]
 80010c6:	685a      	ldr	r2, [r3, #4]
 80010c8:	687b      	ldr	r3, [r7, #4]
 80010ca:	619a      	str	r2, [r3, #24]
  /* Asymmetric PWM and Slice output routing configuration */
#if defined(CCU8V3) /* Defined for XMC1400 devices only */
  slice->CHC = (uint32_t) compare_init->chc;
#else
  slice->CHC = (uint32_t)((uint32_t)compare_init->chc ^ XMC_CCU8_SLICE_CHC_CONFIG_MASK);
 80010cc:	683b      	ldr	r3, [r7, #0]
 80010ce:	689b      	ldr	r3, [r3, #8]
 80010d0:	f083 0214 	eor.w	r2, r3, #20
 80010d4:	687b      	ldr	r3, [r7, #4]
 80010d6:	649a      	str	r2, [r3, #72]	; 0x48
#endif
}
 80010d8:	3708      	adds	r7, #8
 80010da:	46bd      	mov	sp, r7
 80010dc:	bd80      	pop	{r7, pc}
 80010de:	bf00      	nop

080010e0 <XMC_CCU8_SetMultiChannelShadowTransferMode>:
  slice->CHC = chc;
}

/* API to configure the multichannel shadow transfer request via SW and via the CCU8x.MCSS input. */
void XMC_CCU8_SetMultiChannelShadowTransferMode(XMC_CCU8_MODULE_t *const module, const uint32_t slice_mode_msk)
{
 80010e0:	b480      	push	{r7}
 80010e2:	b085      	sub	sp, #20
 80010e4:	af00      	add	r7, sp, #0
 80010e6:	6078      	str	r0, [r7, #4]
 80010e8:	6039      	str	r1, [r7, #0]
  uint32_t gctrl;

  XMC_ASSERT("XMC_CCU8_SetMultiChannelShadowTransferMode:Invalid module Pointer", XMC_CCU8_IsValidModule(module));

  gctrl = module->GCTRL;
 80010ea:	687b      	ldr	r3, [r7, #4]
 80010ec:	681b      	ldr	r3, [r3, #0]
 80010ee:	60fb      	str	r3, [r7, #12]
  gctrl &= ~((uint32_t)slice_mode_msk >> 16U);
 80010f0:	683b      	ldr	r3, [r7, #0]
 80010f2:	0c1b      	lsrs	r3, r3, #16
 80010f4:	43db      	mvns	r3, r3
 80010f6:	68fa      	ldr	r2, [r7, #12]
 80010f8:	4013      	ands	r3, r2
 80010fa:	60fb      	str	r3, [r7, #12]
  gctrl |= ((uint32_t)slice_mode_msk & 0xFFFFU);
 80010fc:	683b      	ldr	r3, [r7, #0]
 80010fe:	b29b      	uxth	r3, r3
 8001100:	68fa      	ldr	r2, [r7, #12]
 8001102:	4313      	orrs	r3, r2
 8001104:	60fb      	str	r3, [r7, #12]
  module->GCTRL = gctrl;
 8001106:	687b      	ldr	r3, [r7, #4]
 8001108:	68fa      	ldr	r2, [r7, #12]
 800110a:	601a      	str	r2, [r3, #0]
}
 800110c:	3714      	adds	r7, #20
 800110e:	46bd      	mov	sp, r7
 8001110:	f85d 7b04 	ldr.w	r7, [sp], #4
 8001114:	4770      	bx	lr
 8001116:	bf00      	nop

08001118 <XMC_CCU8_SLICE_StartConfig>:

/* API to configure the Start trigger function of a slice*/
void XMC_CCU8_SLICE_StartConfig(XMC_CCU8_SLICE_t *const slice,
                                const XMC_CCU8_SLICE_EVENT_t event,
                                const XMC_CCU8_SLICE_START_MODE_t start_mode)
{
 8001118:	b480      	push	{r7}
 800111a:	b085      	sub	sp, #20
 800111c:	af00      	add	r7, sp, #0
 800111e:	6078      	str	r0, [r7, #4]
 8001120:	460b      	mov	r3, r1
 8001122:	70fb      	strb	r3, [r7, #3]
 8001124:	4613      	mov	r3, r2
 8001126:	70bb      	strb	r3, [r7, #2]
  XMC_ASSERT("XMC_CCU8_SLICE_StartConfig:Invalid Slice Pointer", XMC_CCU8_IsValidSlice(slice));
  XMC_ASSERT("XMC_CCU8_SLICE_StartConfig:Invalid Event ID", XMC_CCU8_SLICE_CHECK_EVENT_ID(event));
  XMC_ASSERT("XMC_CCU8_SLICE_StartConfig:Invalid Start Mode",
             ((start_mode == XMC_CCU8_SLICE_START_MODE_TIMER_START) || \
              (start_mode == XMC_CCU8_SLICE_START_MODE_TIMER_START_CLEAR)));
  cmc = slice->CMC;
 8001128:	687b      	ldr	r3, [r7, #4]
 800112a:	685b      	ldr	r3, [r3, #4]
 800112c:	60bb      	str	r3, [r7, #8]

  cmc &= ~((uint32_t) CCU8_CC8_CMC_STRTS_Msk);
 800112e:	68bb      	ldr	r3, [r7, #8]
 8001130:	f023 0303 	bic.w	r3, r3, #3
 8001134:	60bb      	str	r3, [r7, #8]
  cmc |= ((uint32_t) event) << CCU8_CC8_CMC_STRTS_Pos;
 8001136:	78fb      	ldrb	r3, [r7, #3]
 8001138:	68ba      	ldr	r2, [r7, #8]
 800113a:	4313      	orrs	r3, r2
 800113c:	60bb      	str	r3, [r7, #8]

  slice->CMC = cmc;
 800113e:	687b      	ldr	r3, [r7, #4]
 8001140:	68ba      	ldr	r2, [r7, #8]
 8001142:	605a      	str	r2, [r3, #4]

  tc  = slice->TC;
 8001144:	687b      	ldr	r3, [r7, #4]
 8001146:	695b      	ldr	r3, [r3, #20]
 8001148:	60fb      	str	r3, [r7, #12]

  if (start_mode == XMC_CCU8_SLICE_START_MODE_TIMER_START_CLEAR)
 800114a:	78bb      	ldrb	r3, [r7, #2]
 800114c:	2b01      	cmp	r3, #1
 800114e:	d104      	bne.n	800115a <XMC_CCU8_SLICE_StartConfig+0x42>
  {
    tc |= (uint32_t) CCU8_CC8_TC_STRM_Msk;
 8001150:	68fb      	ldr	r3, [r7, #12]
 8001152:	f443 6380 	orr.w	r3, r3, #1024	; 0x400
 8001156:	60fb      	str	r3, [r7, #12]
 8001158:	e003      	b.n	8001162 <XMC_CCU8_SLICE_StartConfig+0x4a>
  }
  else
  {
    tc &= ~((uint32_t) CCU8_CC8_TC_STRM_Msk);
 800115a:	68fb      	ldr	r3, [r7, #12]
 800115c:	f423 6380 	bic.w	r3, r3, #1024	; 0x400
 8001160:	60fb      	str	r3, [r7, #12]
  }

  slice->TC = tc;
 8001162:	687b      	ldr	r3, [r7, #4]
 8001164:	68fa      	ldr	r2, [r7, #12]
 8001166:	615a      	str	r2, [r3, #20]
}
 8001168:	3714      	adds	r7, #20
 800116a:	46bd      	mov	sp, r7
 800116c:	f85d 7b04 	ldr.w	r7, [sp], #4
 8001170:	4770      	bx	lr
 8001172:	bf00      	nop

08001174 <XMC_CCU8_SLICE_StopConfig>:

/* API to configure the Stop trigger function of a slice */
void XMC_CCU8_SLICE_StopConfig(XMC_CCU8_SLICE_t *const slice,
                               const XMC_CCU8_SLICE_EVENT_t event,
                               const XMC_CCU8_SLICE_END_MODE_t end_mode)
{
 8001174:	b480      	push	{r7}
 8001176:	b085      	sub	sp, #20
 8001178:	af00      	add	r7, sp, #0
 800117a:	6078      	str	r0, [r7, #4]
 800117c:	460b      	mov	r3, r1
 800117e:	70fb      	strb	r3, [r7, #3]
 8001180:	4613      	mov	r3, r2
 8001182:	70bb      	strb	r3, [r7, #2]

  XMC_ASSERT("XMC_CCU8_SLICE_StopConfig:Invalid Slice Pointer", XMC_CCU8_IsValidSlice(slice));
  XMC_ASSERT("XMC_CCU8_SLICE_StopConfig:Invalid Event ID", XMC_CCU8_SLICE_CHECK_EVENT_ID(event));
  XMC_ASSERT("XMC_CCU8_SLICE_StopConfig:Invalid End Mode", XMC_CCU8_SLICE_CHECK_END_MODE(end_mode));

  cmc = slice->CMC;
 8001184:	687b      	ldr	r3, [r7, #4]
 8001186:	685b      	ldr	r3, [r3, #4]
 8001188:	60fb      	str	r3, [r7, #12]
  /* First, Bind the event with the stop function */
  cmc &= ~((uint32_t) CCU8_CC8_CMC_ENDS_Msk);
 800118a:	68fb      	ldr	r3, [r7, #12]
 800118c:	f023 030c 	bic.w	r3, r3, #12
 8001190:	60fb      	str	r3, [r7, #12]
  cmc |= ((uint32_t) event) << CCU8_CC8_CMC_ENDS_Pos;
 8001192:	78fb      	ldrb	r3, [r7, #3]
 8001194:	009b      	lsls	r3, r3, #2
 8001196:	68fa      	ldr	r2, [r7, #12]
 8001198:	4313      	orrs	r3, r2
 800119a:	60fb      	str	r3, [r7, #12]

  slice->CMC = cmc;
 800119c:	687b      	ldr	r3, [r7, #4]
 800119e:	68fa      	ldr	r2, [r7, #12]
 80011a0:	605a      	str	r2, [r3, #4]

  /* Configure the stop mode */
  tc = slice->TC;
 80011a2:	687b      	ldr	r3, [r7, #4]
 80011a4:	695b      	ldr	r3, [r3, #20]
 80011a6:	60bb      	str	r3, [r7, #8]
  tc &= ~((uint32_t) CCU8_CC8_TC_ENDM_Msk);
 80011a8:	68bb      	ldr	r3, [r7, #8]
 80011aa:	f423 7340 	bic.w	r3, r3, #768	; 0x300
 80011ae:	60bb      	str	r3, [r7, #8]
  tc |= ((uint32_t) end_mode) << CCU8_CC8_TC_ENDM_Pos;
 80011b0:	78bb      	ldrb	r3, [r7, #2]
 80011b2:	021b      	lsls	r3, r3, #8
 80011b4:	68ba      	ldr	r2, [r7, #8]
 80011b6:	4313      	orrs	r3, r2
 80011b8:	60bb      	str	r3, [r7, #8]

  slice->TC = tc;
 80011ba:	687b      	ldr	r3, [r7, #4]
 80011bc:	68ba      	ldr	r2, [r7, #8]
 80011be:	615a      	str	r2, [r3, #20]
}
 80011c0:	3714      	adds	r7, #20
 80011c2:	46bd      	mov	sp, r7
 80011c4:	f85d 7b04 	ldr.w	r7, [sp], #4
 80011c8:	4770      	bx	lr
 80011ca:	bf00      	nop

080011cc <XMC_CCU8_SLICE_LoadConfig>:

/* API to configure the Load trigger function of a slice*/
void XMC_CCU8_SLICE_LoadConfig(XMC_CCU8_SLICE_t *const slice, const XMC_CCU8_SLICE_EVENT_t event)
{
 80011cc:	b480      	push	{r7}
 80011ce:	b085      	sub	sp, #20
 80011d0:	af00      	add	r7, sp, #0
 80011d2:	6078      	str	r0, [r7, #4]
 80011d4:	460b      	mov	r3, r1
 80011d6:	70fb      	strb	r3, [r7, #3]
  uint32_t cmc;

  XMC_ASSERT("XMC_CCU8_SLICE_LoadConfig:Invalid Slice Pointer", XMC_CCU8_IsValidSlice(slice));
  XMC_ASSERT("XMC_CCU8_SLICE_LoadConfig:Invalid Event ID", XMC_CCU8_SLICE_CHECK_EVENT_ID(event));

  cmc = slice->CMC;
 80011d8:	687b      	ldr	r3, [r7, #4]
 80011da:	685b      	ldr	r3, [r3, #4]
 80011dc:	60fb      	str	r3, [r7, #12]

  /* First, Bind the event with the load function */
  cmc &= ~((uint32_t) CCU8_CC8_CMC_LDS_Msk);
 80011de:	68fb      	ldr	r3, [r7, #12]
 80011e0:	f423 5340 	bic.w	r3, r3, #12288	; 0x3000
 80011e4:	60fb      	str	r3, [r7, #12]
  cmc |= ((uint32_t) event) << CCU8_CC8_CMC_LDS_Pos;
 80011e6:	78fb      	ldrb	r3, [r7, #3]
 80011e8:	031b      	lsls	r3, r3, #12
 80011ea:	68fa      	ldr	r2, [r7, #12]
 80011ec:	4313      	orrs	r3, r2
 80011ee:	60fb      	str	r3, [r7, #12]

  slice->CMC = cmc;
 80011f0:	687b      	ldr	r3, [r7, #4]
 80011f2:	68fa      	ldr	r2, [r7, #12]
 80011f4:	605a      	str	r2, [r3, #4]
}
 80011f6:	3714      	adds	r7, #20
 80011f8:	46bd      	mov	sp, r7
 80011fa:	f85d 7b04 	ldr.w	r7, [sp], #4
 80011fe:	4770      	bx	lr

08001200 <XMC_CCU8_SLICE_LoadSelector>:

/* API to configure, which compare register value has to be loaded during external load event */
void XMC_CCU8_SLICE_LoadSelector(XMC_CCU8_SLICE_t *const slice, const XMC_CCU8_SLICE_COMPARE_CHANNEL_t ch_num)
{
 8001200:	b480      	push	{r7}
 8001202:	b085      	sub	sp, #20
 8001204:	af00      	add	r7, sp, #0
 8001206:	6078      	str	r0, [r7, #4]
 8001208:	460b      	mov	r3, r1
 800120a:	70fb      	strb	r3, [r7, #3]
  uint32_t tc;

  XMC_ASSERT("XMC_CCU8_SLICE_LoadSelector:Invalid Slice Pointer", XMC_CCU8_IsValidSlice(slice));
  XMC_ASSERT("XMC_CCU8_SLICE_LoadSelector:Invalid Channel number", XMC_CCU8_SLICE_CHECK_COMP_CHANNEL(ch_num));

  tc = slice->TC;
 800120c:	687b      	ldr	r3, [r7, #4]
 800120e:	695b      	ldr	r3, [r3, #20]
 8001210:	60fb      	str	r3, [r7, #12]

  /* First, Bind the event with the load function */
  tc &= ~((uint32_t) CCU8_CC8_TC_TLS_Msk);
 8001212:	68fb      	ldr	r3, [r7, #12]
 8001214:	f023 0380 	bic.w	r3, r3, #128	; 0x80
 8001218:	60fb      	str	r3, [r7, #12]
  tc |= (uint32_t)ch_num << CCU8_CC8_TC_TLS_Pos;
 800121a:	78fb      	ldrb	r3, [r7, #3]
 800121c:	01db      	lsls	r3, r3, #7
 800121e:	68fa      	ldr	r2, [r7, #12]
 8001220:	4313      	orrs	r3, r2
 8001222:	60fb      	str	r3, [r7, #12]

  slice->TC = tc;
 8001224:	687b      	ldr	r3, [r7, #4]
 8001226:	68fa      	ldr	r2, [r7, #12]
 8001228:	615a      	str	r2, [r3, #20]
}
 800122a:	3714      	adds	r7, #20
 800122c:	46bd      	mov	sp, r7
 800122e:	f85d 7b04 	ldr.w	r7, [sp], #4
 8001232:	4770      	bx	lr

08001234 <XMC_CCU8_SLICE_ModulationConfig>:
void XMC_CCU8_SLICE_ModulationConfig(XMC_CCU8_SLICE_t *const slice,
                                     const XMC_CCU8_SLICE_EVENT_t event,
                                     const XMC_CCU8_SLICE_MODULATION_MODE_t mod_mode,
                                     const XMC_CCU8_SLICE_MODULATION_CHANNEL_t channel,
                                     const bool synch_with_pwm)
{
 8001234:	b480      	push	{r7}
 8001236:	b085      	sub	sp, #20
 8001238:	af00      	add	r7, sp, #0
 800123a:	6078      	str	r0, [r7, #4]
 800123c:	4608      	mov	r0, r1
 800123e:	4611      	mov	r1, r2
 8001240:	461a      	mov	r2, r3
 8001242:	4603      	mov	r3, r0
 8001244:	70fb      	strb	r3, [r7, #3]
 8001246:	460b      	mov	r3, r1
 8001248:	70bb      	strb	r3, [r7, #2]
 800124a:	4613      	mov	r3, r2
 800124c:	707b      	strb	r3, [r7, #1]
             XMC_CCU8_SLICE_CHECK_MODULATION_CHANNEL(channel));
  XMC_ASSERT("XMC_CCU8_SLICE_ModulationConfig:Invalid Modulation Mode",
             ((mod_mode == XMC_CCU8_SLICE_MODULATION_MODE_CLEAR_ST_OUT) || \
              (mod_mode == XMC_CCU8_SLICE_MODULATION_MODE_CLEAR_OUT)));

  cmc = slice->CMC;
 800124e:	687b      	ldr	r3, [r7, #4]
 8001250:	685b      	ldr	r3, [r3, #4]
 8001252:	60bb      	str	r3, [r7, #8]

  /* First, Bind the event with the modulation function */
  cmc &= ~((uint32_t) CCU8_CC8_CMC_MOS_Msk);
 8001254:	68bb      	ldr	r3, [r7, #8]
 8001256:	f423 2340 	bic.w	r3, r3, #786432	; 0xc0000
 800125a:	60bb      	str	r3, [r7, #8]
  cmc |= ((uint32_t) event) << CCU8_CC8_CMC_MOS_Pos;
 800125c:	78fb      	ldrb	r3, [r7, #3]
 800125e:	049b      	lsls	r3, r3, #18
 8001260:	68ba      	ldr	r2, [r7, #8]
 8001262:	4313      	orrs	r3, r2
 8001264:	60bb      	str	r3, [r7, #8]

  slice->CMC = cmc;
 8001266:	687b      	ldr	r3, [r7, #4]
 8001268:	68ba      	ldr	r2, [r7, #8]
 800126a:	605a      	str	r2, [r3, #4]

  tc  = slice->TC;
 800126c:	687b      	ldr	r3, [r7, #4]
 800126e:	695b      	ldr	r3, [r3, #20]
 8001270:	60fb      	str	r3, [r7, #12]

  /* Next, Modulation mode */
  if (mod_mode == XMC_CCU8_SLICE_MODULATION_MODE_CLEAR_OUT)
 8001272:	78bb      	ldrb	r3, [r7, #2]
 8001274:	2b01      	cmp	r3, #1
 8001276:	d104      	bne.n	8001282 <XMC_CCU8_SLICE_ModulationConfig+0x4e>
  {
    tc |= (uint32_t) CCU8_CC8_TC_EMT_Msk;
 8001278:	68fb      	ldr	r3, [r7, #12]
 800127a:	f043 7380 	orr.w	r3, r3, #16777216	; 0x1000000
 800127e:	60fb      	str	r3, [r7, #12]
 8001280:	e003      	b.n	800128a <XMC_CCU8_SLICE_ModulationConfig+0x56>
  }
  else
  {
    tc &= ~((uint32_t) CCU8_CC8_TC_EMT_Msk);
 8001282:	68fb      	ldr	r3, [r7, #12]
 8001284:	f023 7380 	bic.w	r3, r3, #16777216	; 0x1000000
 8001288:	60fb      	str	r3, [r7, #12]
  }

  /* Synchronization of modulation effect with PWM cycle */
  if (synch_with_pwm == true)
 800128a:	7e3b      	ldrb	r3, [r7, #24]
 800128c:	2b00      	cmp	r3, #0
 800128e:	d004      	beq.n	800129a <XMC_CCU8_SLICE_ModulationConfig+0x66>
  {
    tc |= (uint32_t) CCU8_CC8_TC_EMS_Msk;
 8001290:	68fb      	ldr	r3, [r7, #12]
 8001292:	f443 0300 	orr.w	r3, r3, #8388608	; 0x800000
 8001296:	60fb      	str	r3, [r7, #12]
 8001298:	e003      	b.n	80012a2 <XMC_CCU8_SLICE_ModulationConfig+0x6e>
  }
  else
  {
    tc &= ~((uint32_t) CCU8_CC8_TC_EMS_Msk);
 800129a:	68fb      	ldr	r3, [r7, #12]
 800129c:	f423 0300 	bic.w	r3, r3, #8388608	; 0x800000
 80012a0:	60fb      	str	r3, [r7, #12]
  }

  /* Configure on which channel external modulation to be applied */
  tc &= ~((uint32_t) CCU8_CC8_TC_EME_Msk);
 80012a2:	68fb      	ldr	r3, [r7, #12]
 80012a4:	f023 53c0 	bic.w	r3, r3, #402653184	; 0x18000000
 80012a8:	60fb      	str	r3, [r7, #12]
  tc |= (uint32_t)channel << CCU8_CC8_TC_EME_Pos;
 80012aa:	787b      	ldrb	r3, [r7, #1]
 80012ac:	06db      	lsls	r3, r3, #27
 80012ae:	68fa      	ldr	r2, [r7, #12]
 80012b0:	4313      	orrs	r3, r2
 80012b2:	60fb      	str	r3, [r7, #12]

  slice->TC = tc;
 80012b4:	687b      	ldr	r3, [r7, #4]
 80012b6:	68fa      	ldr	r2, [r7, #12]
 80012b8:	615a      	str	r2, [r3, #20]
}
 80012ba:	3714      	adds	r7, #20
 80012bc:	46bd      	mov	sp, r7
 80012be:	f85d 7b04 	ldr.w	r7, [sp], #4
 80012c2:	4770      	bx	lr

080012c4 <XMC_CCU8_SLICE_CountConfig>:

/* API to configure the slice count function */
void XMC_CCU8_SLICE_CountConfig(XMC_CCU8_SLICE_t *const slice, const XMC_CCU8_SLICE_EVENT_t event)
{
 80012c4:	b480      	push	{r7}
 80012c6:	b085      	sub	sp, #20
 80012c8:	af00      	add	r7, sp, #0
 80012ca:	6078      	str	r0, [r7, #4]
 80012cc:	460b      	mov	r3, r1
 80012ce:	70fb      	strb	r3, [r7, #3]
  uint32_t cmc;

  XMC_ASSERT("XMC_CCU8_SLICE_CountConfig:Invalid Slice Pointer", XMC_CCU8_IsValidSlice(slice));
  XMC_ASSERT("XMC_CCU8_SLICE_CountConfig:Invalid Event ID", XMC_CCU8_SLICE_CHECK_EVENT_ID(event));

  cmc = slice->CMC;
 80012d0:	687b      	ldr	r3, [r7, #4]
 80012d2:	685b      	ldr	r3, [r3, #4]
 80012d4:	60fb      	str	r3, [r7, #12]

  /* First, Bind the event with the count function */
  cmc &= ~((uint32_t) CCU8_CC8_CMC_CNTS_Msk);
 80012d6:	68fb      	ldr	r3, [r7, #12]
 80012d8:	f423 4340 	bic.w	r3, r3, #49152	; 0xc000
 80012dc:	60fb      	str	r3, [r7, #12]
  cmc |= ((uint32_t) event) << CCU8_CC8_CMC_CNTS_Pos;
 80012de:	78fb      	ldrb	r3, [r7, #3]
 80012e0:	039b      	lsls	r3, r3, #14
 80012e2:	68fa      	ldr	r2, [r7, #12]
 80012e4:	4313      	orrs	r3, r2
 80012e6:	60fb      	str	r3, [r7, #12]

  slice->CMC = cmc;
 80012e8:	687b      	ldr	r3, [r7, #4]
 80012ea:	68fa      	ldr	r2, [r7, #12]
 80012ec:	605a      	str	r2, [r3, #4]
}
 80012ee:	3714      	adds	r7, #20
 80012f0:	46bd      	mov	sp, r7
 80012f2:	f85d 7b04 	ldr.w	r7, [sp], #4
 80012f6:	4770      	bx	lr

080012f8 <XMC_CCU8_SLICE_GateConfig>:

/* API to configure slice gate function */
void XMC_CCU8_SLICE_GateConfig(XMC_CCU8_SLICE_t *const slice, const XMC_CCU8_SLICE_EVENT_t event)
{
 80012f8:	b480      	push	{r7}
 80012fa:	b085      	sub	sp, #20
 80012fc:	af00      	add	r7, sp, #0
 80012fe:	6078      	str	r0, [r7, #4]
 8001300:	460b      	mov	r3, r1
 8001302:	70fb      	strb	r3, [r7, #3]
  uint32_t cmc;

  XMC_ASSERT("XMC_CCU8_SLICE_GateConfig:Invalid Slice Pointer", XMC_CCU8_IsValidSlice(slice));
  XMC_ASSERT("XMC_CCU8_SLICE_GateConfig:Invalid Event ID", XMC_CCU8_SLICE_CHECK_EVENT_ID(event));

  cmc = slice->CMC;
 8001304:	687b      	ldr	r3, [r7, #4]
 8001306:	685b      	ldr	r3, [r3, #4]
 8001308:	60fb      	str	r3, [r7, #12]

  /* First, Bind the event with the gate function */
  cmc &= ~((uint32_t) CCU8_CC8_CMC_GATES_Msk);
 800130a:	68fb      	ldr	r3, [r7, #12]
 800130c:	f423 7340 	bic.w	r3, r3, #768	; 0x300
 8001310:	60fb      	str	r3, [r7, #12]
  cmc |= ((uint32_t) event) << CCU8_CC8_CMC_GATES_Pos;
 8001312:	78fb      	ldrb	r3, [r7, #3]
 8001314:	021b      	lsls	r3, r3, #8
 8001316:	68fa      	ldr	r2, [r7, #12]
 8001318:	4313      	orrs	r3, r2
 800131a:	60fb      	str	r3, [r7, #12]

  slice->CMC = cmc;
 800131c:	687b      	ldr	r3, [r7, #4]
 800131e:	68fa      	ldr	r2, [r7, #12]
 8001320:	605a      	str	r2, [r3, #4]
}
 8001322:	3714      	adds	r7, #20
 8001324:	46bd      	mov	sp, r7
 8001326:	f85d 7b04 	ldr.w	r7, [sp], #4
 800132a:	4770      	bx	lr

0800132c <XMC_CCU8_SLICE_DirectionConfig>:
  slice->CMC = cmc;
}

/* API to configure direction function */
void XMC_CCU8_SLICE_DirectionConfig(XMC_CCU8_SLICE_t *const slice, const XMC_CCU8_SLICE_EVENT_t event)
{
 800132c:	b480      	push	{r7}
 800132e:	b085      	sub	sp, #20
 8001330:	af00      	add	r7, sp, #0
 8001332:	6078      	str	r0, [r7, #4]
 8001334:	460b      	mov	r3, r1
 8001336:	70fb      	strb	r3, [r7, #3]
  uint32_t cmc;

  XMC_ASSERT("XMC_CCU8_SLICE_DirectionConfig:Invalid Slice Pointer", XMC_CCU8_IsValidSlice(slice));
  XMC_ASSERT("XMC_CCU8_SLICE_DirectionConfig:Invalid Event ID", XMC_CCU8_SLICE_CHECK_EVENT_ID(event));

  cmc = slice->CMC;
 8001338:	687b      	ldr	r3, [r7, #4]
 800133a:	685b      	ldr	r3, [r3, #4]
 800133c:	60fb      	str	r3, [r7, #12]

  /* First, Bind the event with the direction function */
  cmc &= ~((uint32_t) CCU8_CC8_CMC_UDS_Msk);
 800133e:	68fb      	ldr	r3, [r7, #12]
 8001340:	f423 6340 	bic.w	r3, r3, #3072	; 0xc00
 8001344:	60fb      	str	r3, [r7, #12]
  cmc |= ((uint32_t) event) << CCU8_CC8_CMC_UDS_Pos;
 8001346:	78fb      	ldrb	r3, [r7, #3]
 8001348:	029b      	lsls	r3, r3, #10
 800134a:	68fa      	ldr	r2, [r7, #12]
 800134c:	4313      	orrs	r3, r2
 800134e:	60fb      	str	r3, [r7, #12]

  slice->CMC = cmc;
 8001350:	687b      	ldr	r3, [r7, #4]
 8001352:	68fa      	ldr	r2, [r7, #12]
 8001354:	605a      	str	r2, [r3, #4]
}
 8001356:	3714      	adds	r7, #20
 8001358:	46bd      	mov	sp, r7
 800135a:	f85d 7b04 	ldr.w	r7, [sp], #4
 800135e:	4770      	bx	lr

08001360 <XMC_CCU8_SLICE_StatusBitOverrideConfig>:

/* API to configure slice status bit override function */
void XMC_CCU8_SLICE_StatusBitOverrideConfig(XMC_CCU8_SLICE_t *const slice)
{
 8001360:	b480      	push	{r7}
 8001362:	b085      	sub	sp, #20
 8001364:	af00      	add	r7, sp, #0
 8001366:	6078      	str	r0, [r7, #4]
  uint32_t cmc;

  XMC_ASSERT("XMC_CCU8_SLICE_StatusBitOverrideConfig:Invalid Slice Pointer", XMC_CCU8_IsValidSlice(slice));

  cmc = slice->CMC;
 8001368:	687b      	ldr	r3, [r7, #4]
 800136a:	685b      	ldr	r3, [r3, #4]
 800136c:	60fb      	str	r3, [r7, #12]

  /* Map status bit trigger override to Event 1 &
         status bit value override to Event 2 */
  cmc &= ~((uint32_t) CCU8_CC8_CMC_OFS_Msk);
 800136e:	68fb      	ldr	r3, [r7, #12]
 8001370:	f423 3380 	bic.w	r3, r3, #65536	; 0x10000
 8001374:	60fb      	str	r3, [r7, #12]
  cmc |= ((uint32_t) 1) << CCU8_CC8_CMC_OFS_Pos;
 8001376:	68fb      	ldr	r3, [r7, #12]
 8001378:	f443 3380 	orr.w	r3, r3, #65536	; 0x10000
 800137c:	60fb      	str	r3, [r7, #12]

  slice->CMC = cmc;
 800137e:	687b      	ldr	r3, [r7, #4]
 8001380:	68fa      	ldr	r2, [r7, #12]
 8001382:	605a      	str	r2, [r3, #4]
}
 8001384:	3714      	adds	r7, #20
 8001386:	46bd      	mov	sp, r7
 8001388:	f85d 7b04 	ldr.w	r7, [sp], #4
 800138c:	4770      	bx	lr
 800138e:	bf00      	nop

08001390 <XMC_CCU8_SLICE_TrapConfig>:

/* API to configure trap function*/
void XMC_CCU8_SLICE_TrapConfig(XMC_CCU8_SLICE_t *const slice,
                               const XMC_CCU8_SLICE_TRAP_EXIT_MODE_t exit_mode,
                               const bool synch_with_pwm)
{
 8001390:	b480      	push	{r7}
 8001392:	b085      	sub	sp, #20
 8001394:	af00      	add	r7, sp, #0
 8001396:	6078      	str	r0, [r7, #4]
 8001398:	460b      	mov	r3, r1
 800139a:	70fb      	strb	r3, [r7, #3]
 800139c:	4613      	mov	r3, r2
 800139e:	70bb      	strb	r3, [r7, #2]

  XMC_ASSERT("XMC_CCU8_SLICE_TrapConfig:Invalid Slice Pointer", XMC_CCU8_IsValidSlice(slice));
  XMC_ASSERT("XMC_CCU8_SLICE_TrapConfig:Invalid Exit Mode", ((exit_mode == XMC_CCU8_SLICE_TRAP_EXIT_MODE_AUTOMATIC) || \
             (exit_mode == XMC_CCU8_SLICE_TRAP_EXIT_MODE_SW)));

  cmc = slice->CMC;
 80013a0:	687b      	ldr	r3, [r7, #4]
 80013a2:	685b      	ldr	r3, [r3, #4]
 80013a4:	60bb      	str	r3, [r7, #8]

  /* Map trap function to Event 2 */
  cmc &= ~((uint32_t) CCU8_CC8_CMC_TS_Msk);
 80013a6:	68bb      	ldr	r3, [r7, #8]
 80013a8:	f423 3300 	bic.w	r3, r3, #131072	; 0x20000
 80013ac:	60bb      	str	r3, [r7, #8]
  cmc |= ((uint32_t) 1) << CCU8_CC8_CMC_TS_Pos;
 80013ae:	68bb      	ldr	r3, [r7, #8]
 80013b0:	f443 3300 	orr.w	r3, r3, #131072	; 0x20000
 80013b4:	60bb      	str	r3, [r7, #8]

  slice->CMC = cmc;
 80013b6:	687b      	ldr	r3, [r7, #4]
 80013b8:	68ba      	ldr	r2, [r7, #8]
 80013ba:	605a      	str	r2, [r3, #4]

  tc = slice->TC;
 80013bc:	687b      	ldr	r3, [r7, #4]
 80013be:	695b      	ldr	r3, [r3, #20]
 80013c0:	60fb      	str	r3, [r7, #12]

  /* Configure synchronization option */
  if (synch_with_pwm == true)
 80013c2:	78bb      	ldrb	r3, [r7, #2]
 80013c4:	2b00      	cmp	r3, #0
 80013c6:	d004      	beq.n	80013d2 <XMC_CCU8_SLICE_TrapConfig+0x42>
  {
    tc |= (uint32_t) CCU8_CC8_TC_TRPSE_Msk;
 80013c8:	68fb      	ldr	r3, [r7, #12]
 80013ca:	f443 1300 	orr.w	r3, r3, #2097152	; 0x200000
 80013ce:	60fb      	str	r3, [r7, #12]
 80013d0:	e003      	b.n	80013da <XMC_CCU8_SLICE_TrapConfig+0x4a>
  }
  else
  {
    tc &= ~((uint32_t) CCU8_CC8_TC_TRPSE_Msk);
 80013d2:	68fb      	ldr	r3, [r7, #12]
 80013d4:	f423 1300 	bic.w	r3, r3, #2097152	; 0x200000
 80013d8:	60fb      	str	r3, [r7, #12]
  }

  /* Configure exit mode */
  if (exit_mode == XMC_CCU8_SLICE_TRAP_EXIT_MODE_SW)
 80013da:	78fb      	ldrb	r3, [r7, #3]
 80013dc:	2b01      	cmp	r3, #1
 80013de:	d104      	bne.n	80013ea <XMC_CCU8_SLICE_TrapConfig+0x5a>
  {
    tc |= (uint32_t) CCU8_CC8_TC_TRPSW_Msk;
 80013e0:	68fb      	ldr	r3, [r7, #12]
 80013e2:	f443 0380 	orr.w	r3, r3, #4194304	; 0x400000
 80013e6:	60fb      	str	r3, [r7, #12]
 80013e8:	e003      	b.n	80013f2 <XMC_CCU8_SLICE_TrapConfig+0x62>
  }
  else
  {
    tc &= ~((uint32_t) CCU8_CC8_TC_TRPSW_Msk);
 80013ea:	68fb      	ldr	r3, [r7, #12]
 80013ec:	f423 0380 	bic.w	r3, r3, #4194304	; 0x400000
 80013f0:	60fb      	str	r3, [r7, #12]
  }

  slice->TC = tc;
 80013f2:	687b      	ldr	r3, [r7, #4]
 80013f4:	68fa      	ldr	r2, [r7, #12]
 80013f6:	615a      	str	r2, [r3, #20]
}
 80013f8:	3714      	adds	r7, #20
 80013fa:	46bd      	mov	sp, r7
 80013fc:	f85d 7b04 	ldr.w	r7, [sp], #4
 8001400:	4770      	bx	lr
 8001402:	bf00      	nop

08001404 <XMC_CCU8_SLICE_ConfigureStatusBitOverrideEvent>:

/* API to configure a slice Status Bit Override event */
void XMC_CCU8_SLICE_ConfigureStatusBitOverrideEvent(XMC_CCU8_SLICE_t *const slice,
    const XMC_CCU8_SLICE_EVENT_CONFIG_t *const ev1_config,
    const XMC_CCU8_SLICE_EVENT_CONFIG_t *const ev2_config)
{
 8001404:	b480      	push	{r7}
 8001406:	b087      	sub	sp, #28
 8001408:	af00      	add	r7, sp, #0
 800140a:	60f8      	str	r0, [r7, #12]
 800140c:	60b9      	str	r1, [r7, #8]
 800140e:	607a      	str	r2, [r7, #4]
  ins &= ~(((uint32_t) XMC_CCU8_SLICE_EVENT_INPUT_CONFIG_MASK) << CCU8_CC8_INS1_EV2IS_Pos);
  ins |= ((uint32_t) ev2_config->mapped_input) << CCU8_CC8_INS1_EV2IS_Pos;

  slice->INS1 = ins;
#else
  ins = slice->INS;
 8001410:	68fb      	ldr	r3, [r7, #12]
 8001412:	681b      	ldr	r3, [r3, #0]
 8001414:	617b      	str	r3, [r7, #20]

  /* Configure the edge sensitivity for event 1 */
  ins &= ~(((uint32_t) XMC_CCU8_SLICE_EVENT_EDGE_CONFIG_MASK) << CCU8_CC8_INS_EV1EM_Pos);
 8001416:	697b      	ldr	r3, [r7, #20]
 8001418:	f423 2340 	bic.w	r3, r3, #786432	; 0xc0000
 800141c:	617b      	str	r3, [r7, #20]
  ins |= ((uint32_t) ev1_config->edge) << CCU8_CC8_INS_EV1EM_Pos;
 800141e:	68bb      	ldr	r3, [r7, #8]
 8001420:	785b      	ldrb	r3, [r3, #1]
 8001422:	049b      	lsls	r3, r3, #18
 8001424:	697a      	ldr	r2, [r7, #20]
 8001426:	4313      	orrs	r3, r2
 8001428:	617b      	str	r3, [r7, #20]

  /* Configure the edge sensitivity for event 2 */
  ins &= ~(((uint32_t) XMC_CCU8_SLICE_EVENT_EDGE_CONFIG_MASK) << CCU8_CC8_INS_EV2EM_Pos);
 800142a:	697b      	ldr	r3, [r7, #20]
 800142c:	f423 1340 	bic.w	r3, r3, #3145728	; 0x300000
 8001430:	617b      	str	r3, [r7, #20]
  ins |= ((uint32_t) ev2_config->edge) << CCU8_CC8_INS_EV2EM_Pos;
 8001432:	687b      	ldr	r3, [r7, #4]
 8001434:	785b      	ldrb	r3, [r3, #1]
 8001436:	051b      	lsls	r3, r3, #20
 8001438:	697a      	ldr	r2, [r7, #20]
 800143a:	4313      	orrs	r3, r2
 800143c:	617b      	str	r3, [r7, #20]

  /* Configure the level sensitivity for event 1 */
  ins &= ~(((uint32_t) XMC_CCU8_SLICE_EVENT_LEVEL_CONFIG_MASK) << CCU8_CC8_INS_EV1LM_Pos);
 800143e:	697b      	ldr	r3, [r7, #20]
 8001440:	f423 0300 	bic.w	r3, r3, #8388608	; 0x800000
 8001444:	617b      	str	r3, [r7, #20]
  ins |= ((uint32_t) ev1_config->level) << CCU8_CC8_INS_EV1LM_Pos;
 8001446:	68bb      	ldr	r3, [r7, #8]
 8001448:	789b      	ldrb	r3, [r3, #2]
 800144a:	05db      	lsls	r3, r3, #23
 800144c:	697a      	ldr	r2, [r7, #20]
 800144e:	4313      	orrs	r3, r2
 8001450:	617b      	str	r3, [r7, #20]

  /* Configure the level sensitivity for event 2 */
  ins &= ~(((uint32_t) XMC_CCU8_SLICE_EVENT_LEVEL_CONFIG_MASK) << CCU8_CC8_INS_EV2LM_Pos);
 8001452:	697b      	ldr	r3, [r7, #20]
 8001454:	f023 7380 	bic.w	r3, r3, #16777216	; 0x1000000
 8001458:	617b      	str	r3, [r7, #20]
  ins |= ((uint32_t) ev2_config->level) << CCU8_CC8_INS_EV2LM_Pos;
 800145a:	687b      	ldr	r3, [r7, #4]
 800145c:	789b      	ldrb	r3, [r3, #2]
 800145e:	061b      	lsls	r3, r3, #24
 8001460:	697a      	ldr	r2, [r7, #20]
 8001462:	4313      	orrs	r3, r2
 8001464:	617b      	str	r3, [r7, #20]

  /* Configure the debounce filter for event 1 */
  ins &= ~(((uint32_t) XMC_CCU8_SLICE_EVENT_FILTER_CONFIG_MASK) << CCU8_CC8_INS_LPF1M_Pos);
 8001466:	697b      	ldr	r3, [r7, #20]
 8001468:	f023 53c0 	bic.w	r3, r3, #402653184	; 0x18000000
 800146c:	617b      	str	r3, [r7, #20]
  ins |= ((uint32_t) ev1_config->duration) << CCU8_CC8_INS_LPF1M_Pos;
 800146e:	68bb      	ldr	r3, [r7, #8]
 8001470:	78db      	ldrb	r3, [r3, #3]
 8001472:	06db      	lsls	r3, r3, #27
 8001474:	697a      	ldr	r2, [r7, #20]
 8001476:	4313      	orrs	r3, r2
 8001478:	617b      	str	r3, [r7, #20]

  /* Configure the debounce filter for event 2 */
  ins &= ~(((uint32_t) XMC_CCU8_SLICE_EVENT_FILTER_CONFIG_MASK) << CCU8_CC8_INS_LPF2M_Pos);
 800147a:	697b      	ldr	r3, [r7, #20]
 800147c:	f023 43c0 	bic.w	r3, r3, #1610612736	; 0x60000000
 8001480:	617b      	str	r3, [r7, #20]
  ins |= ((uint32_t) ev2_config->duration) << CCU8_CC8_INS_LPF2M_Pos;
 8001482:	687b      	ldr	r3, [r7, #4]
 8001484:	78db      	ldrb	r3, [r3, #3]
 8001486:	075b      	lsls	r3, r3, #29
 8001488:	697a      	ldr	r2, [r7, #20]
 800148a:	4313      	orrs	r3, r2
 800148c:	617b      	str	r3, [r7, #20]

  /* Next, the input for Event1 */
  ins &= ~(((uint32_t) XMC_CCU8_SLICE_EVENT_INPUT_CONFIG_MASK) << CCU8_CC8_INS_EV1IS_Pos);
 800148e:	697b      	ldr	r3, [r7, #20]
 8001490:	f023 03f0 	bic.w	r3, r3, #240	; 0xf0
 8001494:	617b      	str	r3, [r7, #20]
  ins |= ((uint32_t) ev1_config->mapped_input) << CCU8_CC8_INS_EV1IS_Pos;
 8001496:	68bb      	ldr	r3, [r7, #8]
 8001498:	781b      	ldrb	r3, [r3, #0]
 800149a:	011b      	lsls	r3, r3, #4
 800149c:	697a      	ldr	r2, [r7, #20]
 800149e:	4313      	orrs	r3, r2
 80014a0:	617b      	str	r3, [r7, #20]

  /* Finally, the input for Event2 */
  ins &= ~(((uint32_t) XMC_CCU8_SLICE_EVENT_INPUT_CONFIG_MASK) << CCU8_CC8_INS_EV2IS_Pos);
 80014a2:	697b      	ldr	r3, [r7, #20]
 80014a4:	f423 6370 	bic.w	r3, r3, #3840	; 0xf00
 80014a8:	617b      	str	r3, [r7, #20]
  ins |= ((uint32_t) ev2_config->mapped_input) << CCU8_CC8_INS_EV2IS_Pos;
 80014aa:	687b      	ldr	r3, [r7, #4]
 80014ac:	781b      	ldrb	r3, [r3, #0]
 80014ae:	021b      	lsls	r3, r3, #8
 80014b0:	697a      	ldr	r2, [r7, #20]
 80014b2:	4313      	orrs	r3, r2
 80014b4:	617b      	str	r3, [r7, #20]

  slice->INS = ins;
 80014b6:	68fb      	ldr	r3, [r7, #12]
 80014b8:	697a      	ldr	r2, [r7, #20]
 80014ba:	601a      	str	r2, [r3, #0]
#endif
}
 80014bc:	371c      	adds	r7, #28
 80014be:	46bd      	mov	sp, r7
 80014c0:	f85d 7b04 	ldr.w	r7, [sp], #4
 80014c4:	4770      	bx	lr
 80014c6:	bf00      	nop

080014c8 <XMC_CCU8_SLICE_ConfigureEvent>:

/* API to configure a slice trigger event */
void XMC_CCU8_SLICE_ConfigureEvent(XMC_CCU8_SLICE_t *const slice,
                                   const XMC_CCU8_SLICE_EVENT_t event,
                                   const XMC_CCU8_SLICE_EVENT_CONFIG_t *const config)
{
 80014c8:	b480      	push	{r7}
 80014ca:	b089      	sub	sp, #36	; 0x24
 80014cc:	af00      	add	r7, sp, #0
 80014ce:	60f8      	str	r0, [r7, #12]
 80014d0:	460b      	mov	r3, r1
 80014d2:	607a      	str	r2, [r7, #4]
 80014d4:	72fb      	strb	r3, [r7, #11]
              (config->level == XMC_CCU8_SLICE_EVENT_LEVEL_SENSITIVITY_ACTIVE_LOW)));
  XMC_ASSERT("XMC_CCU8_SLICE_ConfigureEvent:Invalid Debounce Period",
             XMC_CCU8_SLICE_CHECK_EVENT_FILTER(config->duration));

  /* Calculate offset with reference to event */
  offset = ((uint8_t) event) - 1U;
 80014d6:	7afb      	ldrb	r3, [r7, #11]
 80014d8:	3b01      	subs	r3, #1
 80014da:	77fb      	strb	r3, [r7, #31]
  ins |= ((uint32_t) config->mapped_input) << pos;

  slice->INS1 = ins;

#else
  ins = slice->INS;
 80014dc:	68fb      	ldr	r3, [r7, #12]
 80014de:	681b      	ldr	r3, [r3, #0]
 80014e0:	61bb      	str	r3, [r7, #24]

  /* First, configure the edge sensitivity */
  pos = ((uint8_t) CCU8_CC8_INS_EV0EM_Pos) + (uint8_t)(offset << 1U);
 80014e2:	7ffb      	ldrb	r3, [r7, #31]
 80014e4:	005b      	lsls	r3, r3, #1
 80014e6:	b2db      	uxtb	r3, r3
 80014e8:	3310      	adds	r3, #16
 80014ea:	75fb      	strb	r3, [r7, #23]
  ins &= ~(((uint32_t) XMC_CCU8_SLICE_EVENT_EDGE_CONFIG_MASK) << pos);
 80014ec:	7dfb      	ldrb	r3, [r7, #23]
 80014ee:	2203      	movs	r2, #3
 80014f0:	fa02 f303 	lsl.w	r3, r2, r3
 80014f4:	43db      	mvns	r3, r3
 80014f6:	69ba      	ldr	r2, [r7, #24]
 80014f8:	4013      	ands	r3, r2
 80014fa:	61bb      	str	r3, [r7, #24]
  ins |= ((uint32_t) config->edge) << pos;
 80014fc:	687b      	ldr	r3, [r7, #4]
 80014fe:	785b      	ldrb	r3, [r3, #1]
 8001500:	461a      	mov	r2, r3
 8001502:	7dfb      	ldrb	r3, [r7, #23]
 8001504:	fa02 f303 	lsl.w	r3, r2, r3
 8001508:	69ba      	ldr	r2, [r7, #24]
 800150a:	4313      	orrs	r3, r2
 800150c:	61bb      	str	r3, [r7, #24]

  /* Next, the level */
  pos = ((uint8_t) CCU8_CC8_INS_EV0LM_Pos) + offset;
 800150e:	7ffb      	ldrb	r3, [r7, #31]
 8001510:	3316      	adds	r3, #22
 8001512:	75fb      	strb	r3, [r7, #23]
  ins &= ~(((uint32_t) XMC_CCU8_SLICE_EVENT_LEVEL_CONFIG_MASK) << pos);
 8001514:	7dfb      	ldrb	r3, [r7, #23]
 8001516:	2201      	movs	r2, #1
 8001518:	fa02 f303 	lsl.w	r3, r2, r3
 800151c:	43db      	mvns	r3, r3
 800151e:	69ba      	ldr	r2, [r7, #24]
 8001520:	4013      	ands	r3, r2
 8001522:	61bb      	str	r3, [r7, #24]
  ins |= ((uint32_t) (config->level)) << pos;
 8001524:	687b      	ldr	r3, [r7, #4]
 8001526:	789b      	ldrb	r3, [r3, #2]
 8001528:	461a      	mov	r2, r3
 800152a:	7dfb      	ldrb	r3, [r7, #23]
 800152c:	fa02 f303 	lsl.w	r3, r2, r3
 8001530:	69ba      	ldr	r2, [r7, #24]
 8001532:	4313      	orrs	r3, r2
 8001534:	61bb      	str	r3, [r7, #24]

  /* Next, the debounce filter */
  pos = ((uint8_t) CCU8_CC8_INS_LPF0M_Pos) + (uint8_t)(offset << 1U);
 8001536:	7ffb      	ldrb	r3, [r7, #31]
 8001538:	005b      	lsls	r3, r3, #1
 800153a:	b2db      	uxtb	r3, r3
 800153c:	3319      	adds	r3, #25
 800153e:	75fb      	strb	r3, [r7, #23]
  ins &= ~(((uint32_t) XMC_CCU8_SLICE_EVENT_FILTER_CONFIG_MASK) << pos);
 8001540:	7dfb      	ldrb	r3, [r7, #23]
 8001542:	2203      	movs	r2, #3
 8001544:	fa02 f303 	lsl.w	r3, r2, r3
 8001548:	43db      	mvns	r3, r3
 800154a:	69ba      	ldr	r2, [r7, #24]
 800154c:	4013      	ands	r3, r2
 800154e:	61bb      	str	r3, [r7, #24]
  ins |= ((uint32_t) config->duration) << pos;
 8001550:	687b      	ldr	r3, [r7, #4]
 8001552:	78db      	ldrb	r3, [r3, #3]
 8001554:	461a      	mov	r2, r3
 8001556:	7dfb      	ldrb	r3, [r7, #23]
 8001558:	fa02 f303 	lsl.w	r3, r2, r3
 800155c:	69ba      	ldr	r2, [r7, #24]
 800155e:	4313      	orrs	r3, r2
 8001560:	61bb      	str	r3, [r7, #24]

  /* Finally the input */
  pos = ((uint8_t) CCU8_CC8_INS_EV0IS_Pos) + (uint8_t)(offset << 2U);
 8001562:	7ffb      	ldrb	r3, [r7, #31]
 8001564:	009b      	lsls	r3, r3, #2
 8001566:	75fb      	strb	r3, [r7, #23]
  ins &= ~(((uint32_t) XMC_CCU8_SLICE_EVENT_INPUT_CONFIG_MASK) << pos);
 8001568:	7dfb      	ldrb	r3, [r7, #23]
 800156a:	220f      	movs	r2, #15
 800156c:	fa02 f303 	lsl.w	r3, r2, r3
 8001570:	43db      	mvns	r3, r3
 8001572:	69ba      	ldr	r2, [r7, #24]
 8001574:	4013      	ands	r3, r2
 8001576:	61bb      	str	r3, [r7, #24]
  ins |= ((uint32_t) config->mapped_input) << pos;
 8001578:	687b      	ldr	r3, [r7, #4]
 800157a:	781b      	ldrb	r3, [r3, #0]
 800157c:	461a      	mov	r2, r3
 800157e:	7dfb      	ldrb	r3, [r7, #23]
 8001580:	fa02 f303 	lsl.w	r3, r2, r3
 8001584:	69ba      	ldr	r2, [r7, #24]
 8001586:	4313      	orrs	r3, r2
 8001588:	61bb      	str	r3, [r7, #24]

  slice->INS = ins;
 800158a:	68fb      	ldr	r3, [r7, #12]
 800158c:	69ba      	ldr	r2, [r7, #24]
 800158e:	601a      	str	r2, [r3, #0]
#endif
}
 8001590:	3724      	adds	r7, #36	; 0x24
 8001592:	46bd      	mov	sp, r7
 8001594:	f85d 7b04 	ldr.w	r7, [sp], #4
 8001598:	4770      	bx	lr
 800159a:	bf00      	nop

0800159c <XMC_CCU8_SLICE_SetTimerPeriodMatch>:
  slice->TC = tc;
}

/* Programs period match value of the timer  */
void XMC_CCU8_SLICE_SetTimerPeriodMatch(XMC_CCU8_SLICE_t *const slice, const uint16_t period_val)
{
 800159c:	b480      	push	{r7}
 800159e:	b083      	sub	sp, #12
 80015a0:	af00      	add	r7, sp, #0
 80015a2:	6078      	str	r0, [r7, #4]
 80015a4:	460b      	mov	r3, r1
 80015a6:	807b      	strh	r3, [r7, #2]
  XMC_ASSERT("XMC_CCU8_SLICE_SetTimerPeriodMatch:Invalid Slice Pointer", XMC_CCU8_IsValidSlice(slice));
  slice->PRS = (uint32_t) period_val;
 80015a8:	887a      	ldrh	r2, [r7, #2]
 80015aa:	687b      	ldr	r3, [r7, #4]
 80015ac:	635a      	str	r2, [r3, #52]	; 0x34
}
 80015ae:	370c      	adds	r7, #12
 80015b0:	46bd      	mov	sp, r7
 80015b2:	f85d 7b04 	ldr.w	r7, [sp], #4
 80015b6:	4770      	bx	lr

080015b8 <XMC_CCU8_SLICE_SetTimerCompareMatch>:

/* Programs timer compare match value for channel 1 or 2 */
void XMC_CCU8_SLICE_SetTimerCompareMatch(XMC_CCU8_SLICE_t *const slice,
    const XMC_CCU8_SLICE_COMPARE_CHANNEL_t channel,
    const uint16_t compare_val)
{
 80015b8:	b480      	push	{r7}
 80015ba:	b083      	sub	sp, #12
 80015bc:	af00      	add	r7, sp, #0
 80015be:	6078      	str	r0, [r7, #4]
 80015c0:	460b      	mov	r3, r1
 80015c2:	70fb      	strb	r3, [r7, #3]
 80015c4:	4613      	mov	r3, r2
 80015c6:	803b      	strh	r3, [r7, #0]
  XMC_ASSERT("XMC_CCU8_SLICE_SetTimerCompareMatch:Invalid Slice Pointer", XMC_CCU8_IsValidSlice(slice));
  XMC_ASSERT("XMC_CCU8_SLICE_SetTimerCompareMatch:Invalid channel", XMC_CCU8_SLICE_CHECK_COMP_CHANNEL(channel));

  if (XMC_CCU8_SLICE_COMPARE_CHANNEL_1 == channel)
 80015c8:	78fb      	ldrb	r3, [r7, #3]
 80015ca:	2b00      	cmp	r3, #0
 80015cc:	d103      	bne.n	80015d6 <XMC_CCU8_SLICE_SetTimerCompareMatch+0x1e>
  {
    slice->CR1S = (uint32_t) compare_val;
 80015ce:	883a      	ldrh	r2, [r7, #0]
 80015d0:	687b      	ldr	r3, [r7, #4]
 80015d2:	63da      	str	r2, [r3, #60]	; 0x3c
 80015d4:	e002      	b.n	80015dc <XMC_CCU8_SLICE_SetTimerCompareMatch+0x24>
  }
  else
  {
    slice->CR2S = (uint32_t) compare_val;
 80015d6:	883a      	ldrh	r2, [r7, #0]
 80015d8:	687b      	ldr	r3, [r7, #4]
 80015da:	645a      	str	r2, [r3, #68]	; 0x44
  }
}
 80015dc:	370c      	adds	r7, #12
 80015de:	46bd      	mov	sp, r7
 80015e0:	f85d 7b04 	ldr.w	r7, [sp], #4
 80015e4:	4770      	bx	lr
 80015e6:	bf00      	nop

080015e8 <XMC_CCU8_SLICE_SetInterruptNode>:

/* Binds a capcom event to an NVIC node  */
void XMC_CCU8_SLICE_SetInterruptNode(XMC_CCU8_SLICE_t *const slice,
                                     const XMC_CCU8_SLICE_IRQ_ID_t event,
                                     const XMC_CCU8_SLICE_SR_ID_t sr)
{
 80015e8:	b480      	push	{r7}
 80015ea:	b087      	sub	sp, #28
 80015ec:	af00      	add	r7, sp, #0
 80015ee:	6078      	str	r0, [r7, #4]
 80015f0:	460b      	mov	r3, r1
 80015f2:	70fb      	strb	r3, [r7, #3]
 80015f4:	4613      	mov	r3, r2
 80015f6:	70bb      	strb	r3, [r7, #2]

  XMC_ASSERT("XMC_CCU8_SLICE_SetInterruptNode:Invalid Slice Pointer", XMC_CCU8_IsValidSlice(slice));
  XMC_ASSERT("XMC_CCU8_SLICE_SetInterruptNode:Invalid SR ID ", XMC_CCU8_SLICE_CHECK_SR_ID(sr));
  XMC_ASSERT("XMC_CCU8_SLICE_SetInterruptNode:Invalid event", XMC_CCU8_SLICE_CHECK_INTERRUPT(event));

  switch (event)
 80015f8:	78fb      	ldrb	r3, [r7, #3]
 80015fa:	2b0b      	cmp	r3, #11
 80015fc:	d83b      	bhi.n	8001676 <XMC_CCU8_SLICE_SetInterruptNode+0x8e>
 80015fe:	a201      	add	r2, pc, #4	; (adr r2, 8001604 <XMC_CCU8_SLICE_SetInterruptNode+0x1c>)
 8001600:	f852 f023 	ldr.w	pc, [r2, r3, lsl #2]
 8001604:	08001635 	.word	0x08001635
 8001608:	08001635 	.word	0x08001635
 800160c:	0800163f 	.word	0x0800163f
 8001610:	0800163f 	.word	0x0800163f
 8001614:	08001649 	.word	0x08001649
 8001618:	08001649 	.word	0x08001649
 800161c:	08001677 	.word	0x08001677
 8001620:	08001677 	.word	0x08001677
 8001624:	08001653 	.word	0x08001653
 8001628:	0800165f 	.word	0x0800165f
 800162c:	0800166b 	.word	0x0800166b
 8001630:	0800166b 	.word	0x0800166b
  {
    case XMC_CCU8_SLICE_IRQ_ID_PERIOD_MATCH:
    case XMC_CCU8_SLICE_IRQ_ID_ONE_MATCH:
      mask = ((uint32_t) CCU8_CC8_SRS_POSR_Msk);
 8001634:	2303      	movs	r3, #3
 8001636:	617b      	str	r3, [r7, #20]
      pos  = CCU8_CC8_SRS_POSR_Pos;
 8001638:	2300      	movs	r3, #0
 800163a:	613b      	str	r3, [r7, #16]
      break;
 800163c:	e020      	b.n	8001680 <XMC_CCU8_SLICE_SetInterruptNode+0x98>

    case XMC_CCU8_SLICE_IRQ_ID_COMPARE_MATCH_UP_CH_1:
    case XMC_CCU8_SLICE_IRQ_ID_COMPARE_MATCH_DOWN_CH_1:
      mask = ((uint32_t) CCU8_CC8_SRS_CM1SR_Msk);
 800163e:	230c      	movs	r3, #12
 8001640:	617b      	str	r3, [r7, #20]
      pos  = CCU8_CC8_SRS_CM1SR_Pos;
 8001642:	2302      	movs	r3, #2
 8001644:	613b      	str	r3, [r7, #16]
      break;
 8001646:	e01b      	b.n	8001680 <XMC_CCU8_SLICE_SetInterruptNode+0x98>

    case XMC_CCU8_SLICE_IRQ_ID_COMPARE_MATCH_UP_CH_2:
    case XMC_CCU8_SLICE_IRQ_ID_COMPARE_MATCH_DOWN_CH_2:
      mask = ((uint32_t) CCU8_CC8_SRS_CM2SR_Msk);
 8001648:	2330      	movs	r3, #48	; 0x30
 800164a:	617b      	str	r3, [r7, #20]
      pos  = CCU8_CC8_SRS_CM2SR_Pos;
 800164c:	2304      	movs	r3, #4
 800164e:	613b      	str	r3, [r7, #16]
      break;
 8001650:	e016      	b.n	8001680 <XMC_CCU8_SLICE_SetInterruptNode+0x98>

    case XMC_CCU8_SLICE_IRQ_ID_EVENT0:
      mask = ((uint32_t) CCU8_CC8_SRS_E0SR_Msk);
 8001652:	f44f 7340 	mov.w	r3, #768	; 0x300
 8001656:	617b      	str	r3, [r7, #20]
      pos  = CCU8_CC8_SRS_E0SR_Pos;
 8001658:	2308      	movs	r3, #8
 800165a:	613b      	str	r3, [r7, #16]
      break;
 800165c:	e010      	b.n	8001680 <XMC_CCU8_SLICE_SetInterruptNode+0x98>

    case XMC_CCU8_SLICE_IRQ_ID_EVENT1:
      mask = ((uint32_t) CCU8_CC8_SRS_E1SR_Msk);
 800165e:	f44f 6340 	mov.w	r3, #3072	; 0xc00
 8001662:	617b      	str	r3, [r7, #20]
      pos  = CCU8_CC8_SRS_E1SR_Pos;
 8001664:	230a      	movs	r3, #10
 8001666:	613b      	str	r3, [r7, #16]
      break;
 8001668:	e00a      	b.n	8001680 <XMC_CCU8_SLICE_SetInterruptNode+0x98>

    case XMC_CCU8_SLICE_IRQ_ID_EVENT2:
    case XMC_CCU8_SLICE_IRQ_ID_TRAP:
      mask = ((uint32_t) CCU8_CC8_SRS_E2SR_Msk);
 800166a:	f44f 5340 	mov.w	r3, #12288	; 0x3000
 800166e:	617b      	str	r3, [r7, #20]
      pos  = CCU8_CC8_SRS_E2SR_Pos;
 8001670:	230c      	movs	r3, #12
 8001672:	613b      	str	r3, [r7, #16]
      break;
 8001674:	e004      	b.n	8001680 <XMC_CCU8_SLICE_SetInterruptNode+0x98>
	  
	default:
	  mask = 0;
 8001676:	2300      	movs	r3, #0
 8001678:	617b      	str	r3, [r7, #20]
	  pos = 0;
 800167a:	2300      	movs	r3, #0
 800167c:	613b      	str	r3, [r7, #16]
	  break;
 800167e:	bf00      	nop
  }

  if (mask != 0)
 8001680:	697b      	ldr	r3, [r7, #20]
 8001682:	2b00      	cmp	r3, #0
 8001684:	d013      	beq.n	80016ae <XMC_CCU8_SLICE_SetInterruptNode+0xc6>
  {
    srs = slice->SRS;
 8001686:	687b      	ldr	r3, [r7, #4]
 8001688:	f8d3 30a8 	ldr.w	r3, [r3, #168]	; 0xa8
 800168c:	60fb      	str	r3, [r7, #12]
    srs &= ~mask;
 800168e:	697b      	ldr	r3, [r7, #20]
 8001690:	43db      	mvns	r3, r3
 8001692:	68fa      	ldr	r2, [r7, #12]
 8001694:	4013      	ands	r3, r2
 8001696:	60fb      	str	r3, [r7, #12]
    srs |= (uint32_t)sr << pos;
 8001698:	78ba      	ldrb	r2, [r7, #2]
 800169a:	693b      	ldr	r3, [r7, #16]
 800169c:	fa02 f303 	lsl.w	r3, r2, r3
 80016a0:	68fa      	ldr	r2, [r7, #12]
 80016a2:	4313      	orrs	r3, r2
 80016a4:	60fb      	str	r3, [r7, #12]
    slice->SRS = srs;
 80016a6:	687b      	ldr	r3, [r7, #4]
 80016a8:	68fa      	ldr	r2, [r7, #12]
 80016aa:	f8c3 20a8 	str.w	r2, [r3, #168]	; 0xa8
  }
}
 80016ae:	371c      	adds	r7, #28
 80016b0:	46bd      	mov	sp, r7
 80016b2:	f85d 7b04 	ldr.w	r7, [sp], #4
 80016b6:	4770      	bx	lr

080016b8 <XMC_CCU8_SLICE_DeadTimeInit>:
}

/* Initializes Dead time configuration for the slice outputs */
void XMC_CCU8_SLICE_DeadTimeInit(XMC_CCU8_SLICE_t *const slice,
                                 const XMC_CCU8_SLICE_DEAD_TIME_CONFIG_t *const config)
{
 80016b8:	b480      	push	{r7}
 80016ba:	b083      	sub	sp, #12
 80016bc:	af00      	add	r7, sp, #0
 80016be:	6078      	str	r0, [r7, #4]
 80016c0:	6039      	str	r1, [r7, #0]
  XMC_ASSERT("XMC_CCU8_SLICE_ConfigureDeadTime:Invalid Slice Pointer", XMC_CCU8_IsValidSlice(slice));

  /* Program dead time value for channel 1 */
  slice->DC1R = config->dc1r;
 80016c2:	683b      	ldr	r3, [r7, #0]
 80016c4:	685a      	ldr	r2, [r3, #4]
 80016c6:	687b      	ldr	r3, [r7, #4]
 80016c8:	651a      	str	r2, [r3, #80]	; 0x50
  /* Program dead time value for channel 2 */
  slice->DC2R = config->dc2r;
 80016ca:	683b      	ldr	r3, [r7, #0]
 80016cc:	689a      	ldr	r2, [r3, #8]
 80016ce:	687b      	ldr	r3, [r7, #4]
 80016d0:	655a      	str	r2, [r3, #84]	; 0x54
  /* Program dead time control configuration */
  slice->DTC = config->dtc;
 80016d2:	683b      	ldr	r3, [r7, #0]
 80016d4:	681a      	ldr	r2, [r3, #0]
 80016d6:	687b      	ldr	r3, [r7, #4]
 80016d8:	64da      	str	r2, [r3, #76]	; 0x4c
}
 80016da:	370c      	adds	r7, #12
 80016dc:	46bd      	mov	sp, r7
 80016de:	f85d 7b04 	ldr.w	r7, [sp], #4
 80016e2:	4770      	bx	lr

080016e4 <XMC_GPIO_SetMode>:
/*******************************************************************************
 * API IMPLEMENTATION
 *******************************************************************************/

void XMC_GPIO_SetMode(XMC_GPIO_PORT_t *const port, const uint8_t pin, const XMC_GPIO_MODE_t mode)
{
 80016e4:	b480      	push	{r7}
 80016e6:	b083      	sub	sp, #12
 80016e8:	af00      	add	r7, sp, #0
 80016ea:	6078      	str	r0, [r7, #4]
 80016ec:	460b      	mov	r3, r1
 80016ee:	70fb      	strb	r3, [r7, #3]
 80016f0:	4613      	mov	r3, r2
 80016f2:	70bb      	strb	r3, [r7, #2]
  XMC_ASSERT("XMC_GPIO_SetMode: Invalid port", XMC_GPIO_CHECK_PORT(port));
  XMC_ASSERT("XMC_GPIO_SetMode: Invalid mode", XMC_GPIO_IsModeValid(mode));

  port->IOCR[(uint32_t)pin >> 2U] &= ~(uint32_t)((uint32_t)PORT_IOCR_PC_Msk << ((uint32_t)PORT_IOCR_PC_Size * ((uint32_t)pin & 0x3U)));
 80016f4:	78fb      	ldrb	r3, [r7, #3]
 80016f6:	089b      	lsrs	r3, r3, #2
 80016f8:	b2db      	uxtb	r3, r3
 80016fa:	4618      	mov	r0, r3
 80016fc:	78fb      	ldrb	r3, [r7, #3]
 80016fe:	089b      	lsrs	r3, r3, #2
 8001700:	b2db      	uxtb	r3, r3
 8001702:	461a      	mov	r2, r3
 8001704:	687b      	ldr	r3, [r7, #4]
 8001706:	3204      	adds	r2, #4
 8001708:	f853 2022 	ldr.w	r2, [r3, r2, lsl #2]
 800170c:	78fb      	ldrb	r3, [r7, #3]
 800170e:	f003 0303 	and.w	r3, r3, #3
 8001712:	00db      	lsls	r3, r3, #3
 8001714:	4619      	mov	r1, r3
 8001716:	23f8      	movs	r3, #248	; 0xf8
 8001718:	408b      	lsls	r3, r1
 800171a:	43db      	mvns	r3, r3
 800171c:	ea02 0103 	and.w	r1, r2, r3
 8001720:	687b      	ldr	r3, [r7, #4]
 8001722:	1d02      	adds	r2, r0, #4
 8001724:	f843 1022 	str.w	r1, [r3, r2, lsl #2]
  port->IOCR[(uint32_t)pin >> 2U] |= (uint32_t)mode << ((uint32_t)PORT_IOCR_PC_Size * ((uint32_t)pin & 0x3U));
 8001728:	78fb      	ldrb	r3, [r7, #3]
 800172a:	089b      	lsrs	r3, r3, #2
 800172c:	b2db      	uxtb	r3, r3
 800172e:	4618      	mov	r0, r3
 8001730:	78fb      	ldrb	r3, [r7, #3]
 8001732:	089b      	lsrs	r3, r3, #2
 8001734:	b2db      	uxtb	r3, r3
 8001736:	461a      	mov	r2, r3
 8001738:	687b      	ldr	r3, [r7, #4]
 800173a:	3204      	adds	r2, #4
 800173c:	f853 2022 	ldr.w	r2, [r3, r2, lsl #2]
 8001740:	78bb      	ldrb	r3, [r7, #2]
 8001742:	78f9      	ldrb	r1, [r7, #3]
 8001744:	f001 0103 	and.w	r1, r1, #3
 8001748:	00c9      	lsls	r1, r1, #3
 800174a:	408b      	lsls	r3, r1
 800174c:	ea42 0103 	orr.w	r1, r2, r3
 8001750:	687b      	ldr	r3, [r7, #4]
 8001752:	1d02      	adds	r2, r0, #4
 8001754:	f843 1022 	str.w	r1, [r3, r2, lsl #2]
}
 8001758:	370c      	adds	r7, #12
 800175a:	46bd      	mov	sp, r7
 800175c:	f85d 7b04 	ldr.w	r7, [sp], #4
 8001760:	4770      	bx	lr
 8001762:	bf00      	nop

08001764 <XMC_GPIO_SetHardwareControl>:

void XMC_GPIO_SetHardwareControl(XMC_GPIO_PORT_t *const port, const uint8_t pin, const XMC_GPIO_HWCTRL_t hwctrl)
{
 8001764:	b480      	push	{r7}
 8001766:	b083      	sub	sp, #12
 8001768:	af00      	add	r7, sp, #0
 800176a:	6078      	str	r0, [r7, #4]
 800176c:	460b      	mov	r3, r1
 800176e:	70fb      	strb	r3, [r7, #3]
 8001770:	4613      	mov	r3, r2
 8001772:	70bb      	strb	r3, [r7, #2]
  XMC_ASSERT("XMC_GPIO_SetHardwareControl: Invalid port", XMC_GPIO_CHECK_PORT(port));
  XMC_ASSERT("XMC_GPIO_SetHardwareControl: Invalid hwctrl", XMC_GPIO_CHECK_HWCTRL(hwctrl));

  port->HWSEL &= ~(uint32_t)((uint32_t)PORT_HWSEL_Msk << ((uint32_t)pin << 1U));
 8001774:	687b      	ldr	r3, [r7, #4]
 8001776:	6f5a      	ldr	r2, [r3, #116]	; 0x74
 8001778:	78fb      	ldrb	r3, [r7, #3]
 800177a:	005b      	lsls	r3, r3, #1
 800177c:	4619      	mov	r1, r3
 800177e:	2303      	movs	r3, #3
 8001780:	408b      	lsls	r3, r1
 8001782:	43db      	mvns	r3, r3
 8001784:	401a      	ands	r2, r3
 8001786:	687b      	ldr	r3, [r7, #4]
 8001788:	675a      	str	r2, [r3, #116]	; 0x74
  port->HWSEL |= (uint32_t)hwctrl << ((uint32_t)pin << 1U);
 800178a:	687b      	ldr	r3, [r7, #4]
 800178c:	6f5a      	ldr	r2, [r3, #116]	; 0x74
 800178e:	78bb      	ldrb	r3, [r7, #2]
 8001790:	78f9      	ldrb	r1, [r7, #3]
 8001792:	0049      	lsls	r1, r1, #1
 8001794:	408b      	lsls	r3, r1
 8001796:	431a      	orrs	r2, r3
 8001798:	687b      	ldr	r3, [r7, #4]
 800179a:	675a      	str	r2, [r3, #116]	; 0x74
}
 800179c:	370c      	adds	r7, #12
 800179e:	46bd      	mov	sp, r7
 80017a0:	f85d 7b04 	ldr.w	r7, [sp], #4
 80017a4:	4770      	bx	lr
 80017a6:	bf00      	nop

080017a8 <XMC_I2C_CH_InitEx>:
/*********************************************************************************************************************
 * API IMPLEMENTATION
 *********************************************************************************************************************/
/* Initializes the USIC channel by setting the data format, slave address, baudrate, transfer buffer */
void XMC_I2C_CH_InitEx(XMC_USIC_CH_t *const channel, const XMC_I2C_CH_CONFIG_t *const config, bool init_brg)
{
 80017a8:	b580      	push	{r7, lr}
 80017aa:	b084      	sub	sp, #16
 80017ac:	af00      	add	r7, sp, #0
 80017ae:	60f8      	str	r0, [r7, #12]
 80017b0:	60b9      	str	r1, [r7, #8]
 80017b2:	4613      	mov	r3, r2
 80017b4:	71fb      	strb	r3, [r7, #7]
  XMC_USIC_CH_Enable(channel);
 80017b6:	68f8      	ldr	r0, [r7, #12]
 80017b8:	f000 f9ac 	bl	8001b14 <XMC_USIC_CH_Enable>

  /* Data format configuration */
  channel->SCTR = ((uint32_t)TRANSMISSION_MODE << (uint32_t)USIC_CH_SCTR_TRM_Pos) | /* Transmision mode */
 80017bc:	68fb      	ldr	r3, [r7, #12]
 80017be:	4a11      	ldr	r2, [pc, #68]	; (8001804 <XMC_I2C_CH_InitEx+0x5c>)
 80017c0:	635a      	str	r2, [r3, #52]	; 0x34
                  ((uint32_t)WORDLENGTH << (uint32_t)USIC_CH_SCTR_WLE_Pos) | /* 8 data bits */
                  USIC_CH_SCTR_FLE_Msk |           /* unlimited data flow */
                  USIC_CH_SCTR_SDIR_Msk |          /* MSB shifted first */
                  USIC_CH_SCTR_PDL_Msk;            /* Passive Data Level */

  XMC_I2C_CH_SetSlaveAddress(channel, config->address);
 80017c2:	68bb      	ldr	r3, [r7, #8]
 80017c4:	88db      	ldrh	r3, [r3, #6]
 80017c6:	68f8      	ldr	r0, [r7, #12]
 80017c8:	4619      	mov	r1, r3
 80017ca:	f000 f81d 	bl	8001808 <XMC_I2C_CH_SetSlaveAddress>

  if (init_brg)
 80017ce:	79fb      	ldrb	r3, [r7, #7]
 80017d0:	2b00      	cmp	r3, #0
 80017d2:	d008      	beq.n	80017e6 <XMC_I2C_CH_InitEx+0x3e>
  {
    (void)XMC_I2C_CH_SetBaudrateEx(channel, config->baudrate, config->normal_divider_mode);
 80017d4:	68bb      	ldr	r3, [r7, #8]
 80017d6:	681a      	ldr	r2, [r3, #0]
 80017d8:	68bb      	ldr	r3, [r7, #8]
 80017da:	791b      	ldrb	r3, [r3, #4]
 80017dc:	68f8      	ldr	r0, [r7, #12]
 80017de:	4611      	mov	r1, r2
 80017e0:	461a      	mov	r2, r3
 80017e2:	f000 f83b 	bl	800185c <XMC_I2C_CH_SetBaudrateEx>
  }


  /* Enable transfer buffer */
  channel->TCSR = ((uint32_t)SET_TDV << (uint32_t)USIC_CH_TCSR_TDEN_Pos) | USIC_CH_TCSR_TDSSM_Msk;
 80017e6:	68fb      	ldr	r3, [r7, #12]
 80017e8:	f44f 62a0 	mov.w	r2, #1280	; 0x500
 80017ec:	639a      	str	r2, [r3, #56]	; 0x38

  /* Clear status flags */
  channel->PSCR = 0xFFFFFFFFU;
 80017ee:	68fb      	ldr	r3, [r7, #12]
 80017f0:	f04f 32ff 	mov.w	r2, #4294967295
 80017f4:	64da      	str	r2, [r3, #76]	; 0x4c

  /* Disable parity generation */
  channel->CCR = 0x0U;
 80017f6:	68fb      	ldr	r3, [r7, #12]
 80017f8:	2200      	movs	r2, #0
 80017fa:	641a      	str	r2, [r3, #64]	; 0x40
}
 80017fc:	3710      	adds	r7, #16
 80017fe:	46bd      	mov	sp, r7
 8001800:	bd80      	pop	{r7, pc}
 8001802:	bf00      	nop
 8001804:	073f0303 	.word	0x073f0303

08001808 <XMC_I2C_CH_SetSlaveAddress>:

/* Sets the slave address */
void XMC_I2C_CH_SetSlaveAddress(XMC_USIC_CH_t *const channel, const uint16_t address)
{
 8001808:	b480      	push	{r7}
 800180a:	b083      	sub	sp, #12
 800180c:	af00      	add	r7, sp, #0
 800180e:	6078      	str	r0, [r7, #4]
 8001810:	460b      	mov	r3, r1
 8001812:	807b      	strh	r3, [r7, #2]
  if ((address & XMC_I2C_10BIT_ADDR_MASK) == XMC_I2C_10BIT_ADDR_GROUP)
 8001814:	887b      	ldrh	r3, [r7, #2]
 8001816:	f403 43f8 	and.w	r3, r3, #31744	; 0x7c00
 800181a:	f5b3 4ff0 	cmp.w	r3, #30720	; 0x7800
 800181e:	d10e      	bne.n	800183e <XMC_I2C_CH_SetSlaveAddress+0x36>
  {
    channel->PCR_IICMode = (channel->PCR_IICMode & (uint32_t)~USIC_CH_PCR_IICMode_SLAD_Msk) |
 8001820:	687b      	ldr	r3, [r7, #4]
 8001822:	6bdb      	ldr	r3, [r3, #60]	; 0x3c
 8001824:	0c1b      	lsrs	r3, r3, #16
 8001826:	041b      	lsls	r3, r3, #16
 8001828:	887a      	ldrh	r2, [r7, #2]
 800182a:	b2d2      	uxtb	r2, r2
 800182c:	431a      	orrs	r2, r3
                           (address & 0x00ffU) | ((address << 1) & 0xfe00U);
 800182e:	887b      	ldrh	r3, [r7, #2]
 8001830:	005b      	lsls	r3, r3, #1
 8001832:	f403 437e 	and.w	r3, r3, #65024	; 0xfe00
 8001836:	431a      	orrs	r2, r3
/* Sets the slave address */
void XMC_I2C_CH_SetSlaveAddress(XMC_USIC_CH_t *const channel, const uint16_t address)
{
  if ((address & XMC_I2C_10BIT_ADDR_MASK) == XMC_I2C_10BIT_ADDR_GROUP)
  {
    channel->PCR_IICMode = (channel->PCR_IICMode & (uint32_t)~USIC_CH_PCR_IICMode_SLAD_Msk) |
 8001838:	687b      	ldr	r3, [r7, #4]
 800183a:	63da      	str	r2, [r3, #60]	; 0x3c
 800183c:	e008      	b.n	8001850 <XMC_I2C_CH_SetSlaveAddress+0x48>
                           (address & 0x00ffU) | ((address << 1) & 0xfe00U);
  }
  else
  {
    channel->PCR_IICMode = (channel->PCR_IICMode & (uint32_t)~USIC_CH_PCR_IICMode_SLAD_Msk) |
 800183e:	687b      	ldr	r3, [r7, #4]
 8001840:	6bdb      	ldr	r3, [r3, #60]	; 0x3c
 8001842:	0c1b      	lsrs	r3, r3, #16
 8001844:	041b      	lsls	r3, r3, #16
                           ((uint32_t)address) << XMC_I2C_7BIT_ADDR_Pos;
 8001846:	887a      	ldrh	r2, [r7, #2]
 8001848:	0212      	lsls	r2, r2, #8
    channel->PCR_IICMode = (channel->PCR_IICMode & (uint32_t)~USIC_CH_PCR_IICMode_SLAD_Msk) |
                           (address & 0x00ffU) | ((address << 1) & 0xfe00U);
  }
  else
  {
    channel->PCR_IICMode = (channel->PCR_IICMode & (uint32_t)~USIC_CH_PCR_IICMode_SLAD_Msk) |
 800184a:	431a      	orrs	r2, r3
 800184c:	687b      	ldr	r3, [r7, #4]
 800184e:	63da      	str	r2, [r3, #60]	; 0x3c
                           ((uint32_t)address) << XMC_I2C_7BIT_ADDR_Pos;
  }
}
 8001850:	370c      	adds	r7, #12
 8001852:	46bd      	mov	sp, r7
 8001854:	f85d 7b04 	ldr.w	r7, [sp], #4
 8001858:	4770      	bx	lr
 800185a:	bf00      	nop

0800185c <XMC_I2C_CH_SetBaudrateEx>:
  return status;
}

/* Sets the baudrate and oversampling based on standard speed or fast speed */
XMC_I2C_CH_STATUS_t XMC_I2C_CH_SetBaudrateEx(XMC_USIC_CH_t *const channel, uint32_t rate, bool normal_divider_mode)
{
 800185c:	b580      	push	{r7, lr}
 800185e:	b086      	sub	sp, #24
 8001860:	af00      	add	r7, sp, #0
 8001862:	60f8      	str	r0, [r7, #12]
 8001864:	60b9      	str	r1, [r7, #8]
 8001866:	4613      	mov	r3, r2
 8001868:	71fb      	strb	r3, [r7, #7]
  XMC_USIC_CH_STATUS_t status;

  if (rate <= (uint32_t)XMC_I2C_CH_MAX_SPEED_STANDARD)
 800186a:	68bb      	ldr	r3, [r7, #8]
 800186c:	4a20      	ldr	r2, [pc, #128]	; (80018f0 <XMC_I2C_CH_SetBaudrateEx+0x94>)
 800186e:	4293      	cmp	r3, r2
 8001870:	d819      	bhi.n	80018a6 <XMC_I2C_CH_SetBaudrateEx+0x4a>
  {
    channel->PCR_IICMode &= (uint32_t)~USIC_CH_PCR_IICMode_STIM_Msk;
 8001872:	68fb      	ldr	r3, [r7, #12]
 8001874:	6bdb      	ldr	r3, [r3, #60]	; 0x3c
 8001876:	f423 3200 	bic.w	r2, r3, #131072	; 0x20000
 800187a:	68fb      	ldr	r3, [r7, #12]
 800187c:	63da      	str	r2, [r3, #60]	; 0x3c
    if (normal_divider_mode)
 800187e:	79fb      	ldrb	r3, [r7, #7]
 8001880:	2b00      	cmp	r3, #0
 8001882:	d008      	beq.n	8001896 <XMC_I2C_CH_SetBaudrateEx+0x3a>
    {
      status = XMC_USIC_CH_SetBaudrateEx(channel, rate, (uint32_t)XMC_I2C_CH_CLOCK_OVERSAMPLING_STANDARD);
 8001884:	68bb      	ldr	r3, [r7, #8]
 8001886:	68f8      	ldr	r0, [r7, #12]
 8001888:	4619      	mov	r1, r3
 800188a:	220a      	movs	r2, #10
 800188c:	f000 fa00 	bl	8001c90 <XMC_USIC_CH_SetBaudrateEx>
 8001890:	4603      	mov	r3, r0
 8001892:	75fb      	strb	r3, [r7, #23]
 8001894:	e027      	b.n	80018e6 <XMC_I2C_CH_SetBaudrateEx+0x8a>
    }
    else
    {
      /* Fractional divider mode */
      status = XMC_USIC_CH_SetBaudrate(channel, rate, (uint32_t)XMC_I2C_CH_CLOCK_OVERSAMPLING_STANDARD);
 8001896:	68f8      	ldr	r0, [r7, #12]
 8001898:	68b9      	ldr	r1, [r7, #8]
 800189a:	220a      	movs	r2, #10
 800189c:	f000 f986 	bl	8001bac <XMC_USIC_CH_SetBaudrate>
 80018a0:	4603      	mov	r3, r0
 80018a2:	75fb      	strb	r3, [r7, #23]
 80018a4:	e01f      	b.n	80018e6 <XMC_I2C_CH_SetBaudrateEx+0x8a>
    }
  }
  else if (rate <= (uint32_t)XMC_I2C_CH_MAX_SPEED_FAST)
 80018a6:	68bb      	ldr	r3, [r7, #8]
 80018a8:	4a12      	ldr	r2, [pc, #72]	; (80018f4 <XMC_I2C_CH_SetBaudrateEx+0x98>)
 80018aa:	4293      	cmp	r3, r2
 80018ac:	d819      	bhi.n	80018e2 <XMC_I2C_CH_SetBaudrateEx+0x86>
  {
    channel->PCR_IICMode |= (uint32_t)USIC_CH_PCR_IICMode_STIM_Msk;
 80018ae:	68fb      	ldr	r3, [r7, #12]
 80018b0:	6bdb      	ldr	r3, [r3, #60]	; 0x3c
 80018b2:	f443 3200 	orr.w	r2, r3, #131072	; 0x20000
 80018b6:	68fb      	ldr	r3, [r7, #12]
 80018b8:	63da      	str	r2, [r3, #60]	; 0x3c
    if (normal_divider_mode)
 80018ba:	79fb      	ldrb	r3, [r7, #7]
 80018bc:	2b00      	cmp	r3, #0
 80018be:	d008      	beq.n	80018d2 <XMC_I2C_CH_SetBaudrateEx+0x76>
    {
      status = XMC_USIC_CH_SetBaudrateEx(channel, rate, (uint32_t)XMC_I2C_CH_CLOCK_OVERSAMPLING_FAST);
 80018c0:	68bb      	ldr	r3, [r7, #8]
 80018c2:	68f8      	ldr	r0, [r7, #12]
 80018c4:	4619      	mov	r1, r3
 80018c6:	2219      	movs	r2, #25
 80018c8:	f000 f9e2 	bl	8001c90 <XMC_USIC_CH_SetBaudrateEx>
 80018cc:	4603      	mov	r3, r0
 80018ce:	75fb      	strb	r3, [r7, #23]
 80018d0:	e009      	b.n	80018e6 <XMC_I2C_CH_SetBaudrateEx+0x8a>
    }
    else
    {
      /* Fractional divider mode */
      status = XMC_USIC_CH_SetBaudrate(channel, rate, (uint32_t)XMC_I2C_CH_CLOCK_OVERSAMPLING_FAST);
 80018d2:	68f8      	ldr	r0, [r7, #12]
 80018d4:	68b9      	ldr	r1, [r7, #8]
 80018d6:	2219      	movs	r2, #25
 80018d8:	f000 f968 	bl	8001bac <XMC_USIC_CH_SetBaudrate>
 80018dc:	4603      	mov	r3, r0
 80018de:	75fb      	strb	r3, [r7, #23]
 80018e0:	e001      	b.n	80018e6 <XMC_I2C_CH_SetBaudrateEx+0x8a>
    }
  }
  else
  {
    status = XMC_USIC_CH_STATUS_ERROR;
 80018e2:	2301      	movs	r3, #1
 80018e4:	75fb      	strb	r3, [r7, #23]
  }

  return (XMC_I2C_CH_STATUS_t)status;
 80018e6:	7dfb      	ldrb	r3, [r7, #23]
}
 80018e8:	4618      	mov	r0, r3
 80018ea:	3718      	adds	r7, #24
 80018ec:	46bd      	mov	sp, r7
 80018ee:	bd80      	pop	{r7, pc}
 80018f0:	000186a0 	.word	0x000186a0
 80018f4:	00061a80 	.word	0x00061a80

080018f8 <XMC_SPI_CH_InitEx>:
 * API IMPLEMENTATION
 ********************************************************************************************************************/

/* Initializes the selected SPI channel with the config structure. */
void XMC_SPI_CH_InitEx(XMC_USIC_CH_t *const channel, const XMC_SPI_CH_CONFIG_t *const config, bool init_brg)
{
 80018f8:	b580      	push	{r7, lr}
 80018fa:	b084      	sub	sp, #16
 80018fc:	af00      	add	r7, sp, #0
 80018fe:	60f8      	str	r0, [r7, #12]
 8001900:	60b9      	str	r1, [r7, #8]
 8001902:	4613      	mov	r3, r2
 8001904:	71fb      	strb	r3, [r7, #7]
  XMC_USIC_CH_Enable(channel);
 8001906:	68f8      	ldr	r0, [r7, #12]
 8001908:	f000 f904 	bl	8001b14 <XMC_USIC_CH_Enable>

  if ((config->bus_mode == XMC_SPI_CH_BUS_MODE_MASTER) && init_brg)
 800190c:	68bb      	ldr	r3, [r7, #8]
 800190e:	795b      	ldrb	r3, [r3, #5]
 8001910:	2b00      	cmp	r3, #0
 8001912:	d115      	bne.n	8001940 <XMC_SPI_CH_InitEx+0x48>
 8001914:	79fb      	ldrb	r3, [r7, #7]
 8001916:	2b00      	cmp	r3, #0
 8001918:	d012      	beq.n	8001940 <XMC_SPI_CH_InitEx+0x48>
  {
    /* Configure baud rate */
    if (config->normal_divider_mode)
 800191a:	68bb      	ldr	r3, [r7, #8]
 800191c:	791b      	ldrb	r3, [r3, #4]
 800191e:	2b00      	cmp	r3, #0
 8001920:	d007      	beq.n	8001932 <XMC_SPI_CH_InitEx+0x3a>
    {
      /* Normal divider mode */
      (void)XMC_USIC_CH_SetBaudrateEx(channel, config->baudrate, XMC_SPI_CH_OVERSAMPLING);
 8001922:	68bb      	ldr	r3, [r7, #8]
 8001924:	681b      	ldr	r3, [r3, #0]
 8001926:	68f8      	ldr	r0, [r7, #12]
 8001928:	4619      	mov	r1, r3
 800192a:	2202      	movs	r2, #2
 800192c:	f000 f9b0 	bl	8001c90 <XMC_USIC_CH_SetBaudrateEx>
 8001930:	e006      	b.n	8001940 <XMC_SPI_CH_InitEx+0x48>
    }
    else
    {
      /* Fractional divider mode */
      (void)XMC_USIC_CH_SetBaudrate(channel, config->baudrate, XMC_SPI_CH_OVERSAMPLING);
 8001932:	68bb      	ldr	r3, [r7, #8]
 8001934:	681b      	ldr	r3, [r3, #0]
 8001936:	68f8      	ldr	r0, [r7, #12]
 8001938:	4619      	mov	r1, r3
 800193a:	2202      	movs	r2, #2
 800193c:	f000 f936 	bl	8001bac <XMC_USIC_CH_SetBaudrate>
  }

  /* Configuration of USIC Shift Control */
  /* Transmission Mode (TRM) = 1  */
  /* Passive Data Level (PDL) = 1 */
  channel->SCTR = USIC_CH_SCTR_PDL_Msk |
 8001940:	68fb      	ldr	r3, [r7, #12]
 8001942:	4a0f      	ldr	r2, [pc, #60]	; (8001980 <XMC_SPI_CH_InitEx+0x88>)
 8001944:	635a      	str	r2, [r3, #52]	; 0x34
                  (0x7UL << USIC_CH_SCTR_WLE_Pos);

  /* Configuration of USIC Transmit Control/Status Register */
  /* TBUF Data Enable (TDEN) = 1 */
  /* TBUF Data Single Shot Mode (TDSSM) = 1 */
  channel->TCSR = (uint32_t)(USIC_CH_TCSR_HPCMD_Msk |
 8001946:	68fb      	ldr	r3, [r7, #12]
 8001948:	f44f 62a2 	mov.w	r2, #1296	; 0x510
 800194c:	639a      	str	r2, [r3, #56]	; 0x38
                             (0x01UL  << USIC_CH_TCSR_TDEN_Pos) |
                             USIC_CH_TCSR_TDSSM_Msk);

  if (config->bus_mode == XMC_SPI_CH_BUS_MODE_MASTER)
 800194e:	68bb      	ldr	r3, [r7, #8]
 8001950:	795b      	ldrb	r3, [r3, #5]
 8001952:	2b00      	cmp	r3, #0
 8001954:	d107      	bne.n	8001966 <XMC_SPI_CH_InitEx+0x6e>
  {
    /* Configuration of Protocol Control Register */
    channel->PCR_SSCMode = (uint32_t)(USIC_CH_PCR_SSCMode_MSLSEN_Msk |
                                      USIC_CH_PCR_SSCMode_SELCTR_Msk |
                                      (uint32_t)config->selo_inversion |
 8001956:	68bb      	ldr	r3, [r7, #8]
 8001958:	799b      	ldrb	r3, [r3, #6]
                             USIC_CH_TCSR_TDSSM_Msk);

  if (config->bus_mode == XMC_SPI_CH_BUS_MODE_MASTER)
  {
    /* Configuration of Protocol Control Register */
    channel->PCR_SSCMode = (uint32_t)(USIC_CH_PCR_SSCMode_MSLSEN_Msk |
 800195a:	f043 030b 	orr.w	r3, r3, #11
 800195e:	b2db      	uxtb	r3, r3
 8001960:	461a      	mov	r2, r3
 8001962:	68fb      	ldr	r3, [r7, #12]
 8001964:	63da      	str	r2, [r3, #60]	; 0x3c
                                      (uint32_t)config->selo_inversion |
                                      USIC_CH_PCR_SSCMode_FEM_Msk);
  }

  /* Clear protocol status */
  channel->PSCR = 0xFFFFFFFFUL;
 8001966:	68fb      	ldr	r3, [r7, #12]
 8001968:	f04f 32ff 	mov.w	r2, #4294967295
 800196c:	64da      	str	r2, [r3, #76]	; 0x4c

  /* Set parity settings */
  channel->CCR = (uint32_t)config->parity_mode;
 800196e:	68bb      	ldr	r3, [r7, #8]
 8001970:	891b      	ldrh	r3, [r3, #8]
 8001972:	461a      	mov	r2, r3
 8001974:	68fb      	ldr	r3, [r7, #12]
 8001976:	641a      	str	r2, [r3, #64]	; 0x40
}
 8001978:	3710      	adds	r7, #16
 800197a:	46bd      	mov	sp, r7
 800197c:	bd80      	pop	{r7, pc}
 800197e:	bf00      	nop
 8001980:	073f0102 	.word	0x073f0102

08001984 <XMC_USIC_CH_GetTransmitBufferStatus>:
 *
 * \par<b>Related APIs:</b><BR>
 * XMC_USIC_CH_SetDataOutputMode() \n\n\n
 */
__STATIC_INLINE XMC_USIC_CH_TBUF_STATUS_t XMC_USIC_CH_GetTransmitBufferStatus(XMC_USIC_CH_t *const channel)
{
 8001984:	b480      	push	{r7}
 8001986:	b083      	sub	sp, #12
 8001988:	af00      	add	r7, sp, #0
 800198a:	6078      	str	r0, [r7, #4]
  return (XMC_USIC_CH_TBUF_STATUS_t)(channel->TCSR & USIC_CH_TCSR_TDV_Msk);
 800198c:	687b      	ldr	r3, [r7, #4]
 800198e:	6b9b      	ldr	r3, [r3, #56]	; 0x38
 8001990:	b2db      	uxtb	r3, r3
 8001992:	f023 037f 	bic.w	r3, r3, #127	; 0x7f
 8001996:	b2db      	uxtb	r3, r3
}
 8001998:	4618      	mov	r0, r3
 800199a:	370c      	adds	r7, #12
 800199c:	46bd      	mov	sp, r7
 800199e:	f85d 7b04 	ldr.w	r7, [sp], #4
 80019a2:	4770      	bx	lr

080019a4 <XMC_UART_CH_ClearStatusFlag>:
 *
 * \par<b>Related APIs:</b><BR>
 * XMC_UART_CH_DisableEvent(),  XMC_UART_CH_GetStatusFlag()\n\n\n
 */
__STATIC_INLINE void XMC_UART_CH_ClearStatusFlag(XMC_USIC_CH_t *const channel, const uint32_t flag)
{
 80019a4:	b480      	push	{r7}
 80019a6:	b083      	sub	sp, #12
 80019a8:	af00      	add	r7, sp, #0
 80019aa:	6078      	str	r0, [r7, #4]
 80019ac:	6039      	str	r1, [r7, #0]
  channel->PSCR = flag;
 80019ae:	687b      	ldr	r3, [r7, #4]
 80019b0:	683a      	ldr	r2, [r7, #0]
 80019b2:	64da      	str	r2, [r3, #76]	; 0x4c
}
 80019b4:	370c      	adds	r7, #12
 80019b6:	46bd      	mov	sp, r7
 80019b8:	f85d 7b04 	ldr.w	r7, [sp], #4
 80019bc:	4770      	bx	lr
 80019be:	bf00      	nop

080019c0 <XMC_UART_CH_InitEx>:
/*********************************************************************************************************************
 * API IMPLEMENTATION
 *********************************************************************************************************************/

void XMC_UART_CH_InitEx(XMC_USIC_CH_t *channel, const XMC_UART_CH_CONFIG_t *const config, bool init_brg)
{
 80019c0:	b580      	push	{r7, lr}
 80019c2:	b086      	sub	sp, #24
 80019c4:	af00      	add	r7, sp, #0
 80019c6:	60f8      	str	r0, [r7, #12]
 80019c8:	60b9      	str	r1, [r7, #8]
 80019ca:	4613      	mov	r3, r2
 80019cc:	71fb      	strb	r3, [r7, #7]
  uint32_t oversampling = XMC_UART_CH_OVERSAMPLING;
 80019ce:	2310      	movs	r3, #16
 80019d0:	617b      	str	r3, [r7, #20]

  /* USIC channel switched on*/
  XMC_USIC_CH_Enable(channel);
 80019d2:	68f8      	ldr	r0, [r7, #12]
 80019d4:	f000 f89e 	bl	8001b14 <XMC_USIC_CH_Enable>

  if (config->oversampling != 0U)
 80019d8:	68bb      	ldr	r3, [r7, #8]
 80019da:	7a1b      	ldrb	r3, [r3, #8]
 80019dc:	2b00      	cmp	r3, #0
 80019de:	d002      	beq.n	80019e6 <XMC_UART_CH_InitEx+0x26>
  {
    oversampling = (uint32_t)config->oversampling;
 80019e0:	68bb      	ldr	r3, [r7, #8]
 80019e2:	7a1b      	ldrb	r3, [r3, #8]
 80019e4:	617b      	str	r3, [r7, #20]
  }

  if (init_brg)
 80019e6:	79fb      	ldrb	r3, [r7, #7]
 80019e8:	2b00      	cmp	r3, #0
 80019ea:	d014      	beq.n	8001a16 <XMC_UART_CH_InitEx+0x56>
  {
    /* Configure baud rate */
    if (config->normal_divider_mode)
 80019ec:	68bb      	ldr	r3, [r7, #8]
 80019ee:	791b      	ldrb	r3, [r3, #4]
 80019f0:	2b00      	cmp	r3, #0
 80019f2:	d009      	beq.n	8001a08 <XMC_UART_CH_InitEx+0x48>
    {
      /* Normal divider mode */
      (void)XMC_USIC_CH_SetBaudrateEx(channel, config->baudrate, oversampling);
 80019f4:	68bb      	ldr	r3, [r7, #8]
 80019f6:	681b      	ldr	r3, [r3, #0]
 80019f8:	461a      	mov	r2, r3
 80019fa:	697b      	ldr	r3, [r7, #20]
 80019fc:	68f8      	ldr	r0, [r7, #12]
 80019fe:	4611      	mov	r1, r2
 8001a00:	461a      	mov	r2, r3
 8001a02:	f000 f945 	bl	8001c90 <XMC_USIC_CH_SetBaudrateEx>
 8001a06:	e006      	b.n	8001a16 <XMC_UART_CH_InitEx+0x56>
    }
    else
    {
      /* Fractional divider mode */
      (void)XMC_USIC_CH_SetBaudrate(channel, config->baudrate, oversampling);
 8001a08:	68bb      	ldr	r3, [r7, #8]
 8001a0a:	681b      	ldr	r3, [r3, #0]
 8001a0c:	68f8      	ldr	r0, [r7, #12]
 8001a0e:	4619      	mov	r1, r3
 8001a10:	697a      	ldr	r2, [r7, #20]
 8001a12:	f000 f8cb 	bl	8001bac <XMC_USIC_CH_SetBaudrate>
   * i.e. the 0 level is signaled during the complete bit time
   * Sampling point set equal to the half of the oversampling period
   * Enable Sample Majority Decision
   * Enable Transfer Status BUSY
   */
  channel->PCR_ASCMode = (uint32_t)(((config->stop_bits - 1UL) << USIC_CH_PCR_ASCMode_STPB_Pos) |
 8001a16:	68bb      	ldr	r3, [r7, #8]
 8001a18:	79db      	ldrb	r3, [r3, #7]
 8001a1a:	3b01      	subs	r3, #1
 8001a1c:	005a      	lsls	r2, r3, #1
                                    (((oversampling >> 1UL) + 1UL) << USIC_CH_PCR_ASCMode_SP_Pos) |
 8001a1e:	697b      	ldr	r3, [r7, #20]
 8001a20:	085b      	lsrs	r3, r3, #1
 8001a22:	3301      	adds	r3, #1
 8001a24:	021b      	lsls	r3, r3, #8
   * i.e. the 0 level is signaled during the complete bit time
   * Sampling point set equal to the half of the oversampling period
   * Enable Sample Majority Decision
   * Enable Transfer Status BUSY
   */
  channel->PCR_ASCMode = (uint32_t)(((config->stop_bits - 1UL) << USIC_CH_PCR_ASCMode_STPB_Pos) |
 8001a26:	4313      	orrs	r3, r2
 8001a28:	f443 3340 	orr.w	r3, r3, #196608	; 0x30000
 8001a2c:	f043 0301 	orr.w	r3, r3, #1
 8001a30:	68fa      	ldr	r2, [r7, #12]
 8001a32:	63d3      	str	r3, [r2, #60]	; 0x3c
  /* Set passive data level, high
     Set word length. Data bits - 1
     If frame length is > 0, frame_lemgth-1; else, FLE = WLE (Data bits - 1)
     Transmission Mode: The shift control signal is considered active if it
     is at 1-level. This is the setting to be programmed to allow data transfers */
  channel->SCTR = (uint32_t)((((uint32_t)config->data_bits - 1UL) << USIC_CH_SCTR_WLE_Pos) |
 8001a34:	68bb      	ldr	r3, [r7, #8]
 8001a36:	795b      	ldrb	r3, [r3, #5]
 8001a38:	3b01      	subs	r3, #1
 8001a3a:	061b      	lsls	r3, r3, #24
 8001a3c:	f443 7281 	orr.w	r2, r3, #258	; 0x102
 8001a40:	68fb      	ldr	r3, [r7, #12]
 8001a42:	635a      	str	r2, [r3, #52]	; 0x34
                             ((0x1UL << USIC_CH_SCTR_TRM_Pos) | USIC_CH_SCTR_PDL_Msk));

  if (config->frame_length != 0U)
 8001a44:	68bb      	ldr	r3, [r7, #8]
 8001a46:	799b      	ldrb	r3, [r3, #6]
 8001a48:	2b00      	cmp	r3, #0
 8001a4a:	d009      	beq.n	8001a60 <XMC_UART_CH_InitEx+0xa0>
  {
    channel->SCTR |= (uint32_t)(((uint32_t)config->frame_length - 1UL) << USIC_CH_SCTR_FLE_Pos);
 8001a4c:	68fb      	ldr	r3, [r7, #12]
 8001a4e:	6b5a      	ldr	r2, [r3, #52]	; 0x34
 8001a50:	68bb      	ldr	r3, [r7, #8]
 8001a52:	799b      	ldrb	r3, [r3, #6]
 8001a54:	3b01      	subs	r3, #1
 8001a56:	041b      	lsls	r3, r3, #16
 8001a58:	431a      	orrs	r2, r3
 8001a5a:	68fb      	ldr	r3, [r7, #12]
 8001a5c:	635a      	str	r2, [r3, #52]	; 0x34
 8001a5e:	e008      	b.n	8001a72 <XMC_UART_CH_InitEx+0xb2>
  }
  else
  {
    channel->SCTR |= (uint32_t)(((uint32_t)config->data_bits - 1UL) << USIC_CH_SCTR_FLE_Pos);
 8001a60:	68fb      	ldr	r3, [r7, #12]
 8001a62:	6b5a      	ldr	r2, [r3, #52]	; 0x34
 8001a64:	68bb      	ldr	r3, [r7, #8]
 8001a66:	795b      	ldrb	r3, [r3, #5]
 8001a68:	3b01      	subs	r3, #1
 8001a6a:	041b      	lsls	r3, r3, #16
 8001a6c:	431a      	orrs	r2, r3
 8001a6e:	68fb      	ldr	r3, [r7, #12]
 8001a70:	635a      	str	r2, [r3, #52]	; 0x34
  }

  /* Enable transfer buffer */
  channel->TCSR = (0x1UL << USIC_CH_TCSR_TDEN_Pos) |
 8001a72:	68fb      	ldr	r3, [r7, #12]
 8001a74:	f44f 62a0 	mov.w	r2, #1280	; 0x500
 8001a78:	639a      	str	r2, [r3, #56]	; 0x38
                  USIC_CH_TCSR_TDSSM_Msk;

  /* Clear protocol status */
  channel->PSCR = 0xFFFFFFFFUL;
 8001a7a:	68fb      	ldr	r3, [r7, #12]
 8001a7c:	f04f 32ff 	mov.w	r2, #4294967295
 8001a80:	64da      	str	r2, [r3, #76]	; 0x4c

  /* Set parity settings */
  channel->CCR = (uint32_t)config->parity_mode;
 8001a82:	68bb      	ldr	r3, [r7, #8]
 8001a84:	895b      	ldrh	r3, [r3, #10]
 8001a86:	461a      	mov	r2, r3
 8001a88:	68fb      	ldr	r3, [r7, #12]
 8001a8a:	641a      	str	r2, [r3, #64]	; 0x40
}
 8001a8c:	3718      	adds	r7, #24
 8001a8e:	46bd      	mov	sp, r7
 8001a90:	bd80      	pop	{r7, pc}
 8001a92:	bf00      	nop

08001a94 <XMC_UART_CH_Transmit>:

  return (XMC_UART_CH_STATUS_t)status;
}

void XMC_UART_CH_Transmit(XMC_USIC_CH_t *const channel, const uint16_t data)
{
 8001a94:	b580      	push	{r7, lr}
 8001a96:	b082      	sub	sp, #8
 8001a98:	af00      	add	r7, sp, #0
 8001a9a:	6078      	str	r0, [r7, #4]
 8001a9c:	460b      	mov	r3, r1
 8001a9e:	807b      	strh	r3, [r7, #2]
  /* Check FIFO size */
  if ((channel->TBCTR & USIC_CH_TBCTR_SIZE_Msk) == 0UL)
 8001aa0:	687b      	ldr	r3, [r7, #4]
 8001aa2:	f8d3 3108 	ldr.w	r3, [r3, #264]	; 0x108
 8001aa6:	f003 63e0 	and.w	r3, r3, #117440512	; 0x7000000
 8001aaa:	2b00      	cmp	r3, #0
 8001aac:	d110      	bne.n	8001ad0 <XMC_UART_CH_Transmit+0x3c>
  {
    /* Wait till the Transmit Buffer is free for transmission */
    while (XMC_USIC_CH_GetTransmitBufferStatus(channel) == XMC_USIC_CH_TBUF_STATUS_BUSY)
 8001aae:	bf00      	nop
 8001ab0:	6878      	ldr	r0, [r7, #4]
 8001ab2:	f7ff ff67 	bl	8001984 <XMC_USIC_CH_GetTransmitBufferStatus>
 8001ab6:	4603      	mov	r3, r0
 8001ab8:	2b80      	cmp	r3, #128	; 0x80
 8001aba:	d0f9      	beq.n	8001ab0 <XMC_UART_CH_Transmit+0x1c>
    {
    }

    /* Clear the Transmit Buffer indication flag */
    XMC_UART_CH_ClearStatusFlag(channel, (uint32_t)XMC_UART_CH_STATUS_FLAG_TRANSMIT_BUFFER_INDICATION);
 8001abc:	6878      	ldr	r0, [r7, #4]
 8001abe:	f44f 5100 	mov.w	r1, #8192	; 0x2000
 8001ac2:	f7ff ff6f 	bl	80019a4 <XMC_UART_CH_ClearStatusFlag>

    /*Transmit data */
    channel->TBUF[0U] = data;
 8001ac6:	887a      	ldrh	r2, [r7, #2]
 8001ac8:	687b      	ldr	r3, [r7, #4]
 8001aca:	f8c3 2080 	str.w	r2, [r3, #128]	; 0x80
 8001ace:	e003      	b.n	8001ad8 <XMC_UART_CH_Transmit+0x44>
  }
  else
  {
    channel->IN[0U] = data;
 8001ad0:	887a      	ldrh	r2, [r7, #2]
 8001ad2:	687b      	ldr	r3, [r7, #4]
 8001ad4:	f8c3 2180 	str.w	r2, [r3, #384]	; 0x180
  }
}
 8001ad8:	3708      	adds	r7, #8
 8001ada:	46bd      	mov	sp, r7
 8001adc:	bd80      	pop	{r7, pc}
 8001ade:	bf00      	nop

08001ae0 <XMC_UART_CH_GetReceivedData>:

uint16_t XMC_UART_CH_GetReceivedData(XMC_USIC_CH_t *const channel)
{
 8001ae0:	b480      	push	{r7}
 8001ae2:	b085      	sub	sp, #20
 8001ae4:	af00      	add	r7, sp, #0
 8001ae6:	6078      	str	r0, [r7, #4]
  uint16_t retval;

  /* Check FIFO size */
  if ((channel->RBCTR & USIC_CH_RBCTR_SIZE_Msk) == 0U)
 8001ae8:	687b      	ldr	r3, [r7, #4]
 8001aea:	f8d3 310c 	ldr.w	r3, [r3, #268]	; 0x10c
 8001aee:	f003 63e0 	and.w	r3, r3, #117440512	; 0x7000000
 8001af2:	2b00      	cmp	r3, #0
 8001af4:	d103      	bne.n	8001afe <XMC_UART_CH_GetReceivedData+0x1e>
  {
    retval = (uint16_t)channel->RBUF;
 8001af6:	687b      	ldr	r3, [r7, #4]
 8001af8:	6d5b      	ldr	r3, [r3, #84]	; 0x54
 8001afa:	81fb      	strh	r3, [r7, #14]
 8001afc:	e003      	b.n	8001b06 <XMC_UART_CH_GetReceivedData+0x26>
  }
  else
  {
    retval = (uint16_t)channel->OUTR;
 8001afe:	687b      	ldr	r3, [r7, #4]
 8001b00:	f8d3 311c 	ldr.w	r3, [r3, #284]	; 0x11c
 8001b04:	81fb      	strh	r3, [r7, #14]
  }

  return retval;
 8001b06:	89fb      	ldrh	r3, [r7, #14]
}
 8001b08:	4618      	mov	r0, r3
 8001b0a:	3714      	adds	r7, #20
 8001b0c:	46bd      	mov	sp, r7
 8001b0e:	f85d 7b04 	ldr.w	r7, [sp], #4
 8001b12:	4770      	bx	lr

08001b14 <XMC_USIC_CH_Enable>:
/*******************************************************************************
 * API IMPLEMENTATION
 *******************************************************************************/

void XMC_USIC_CH_Enable(XMC_USIC_CH_t *const channel)
{
 8001b14:	b580      	push	{r7, lr}
 8001b16:	b082      	sub	sp, #8
 8001b18:	af00      	add	r7, sp, #0
 8001b1a:	6078      	str	r0, [r7, #4]
  XMC_ASSERT("XMC_USIC_CH_Enable: channel not valid", XMC_USIC_IsChannelValid(channel));

  if ((channel == XMC_USIC0_CH0) || (channel == XMC_USIC0_CH1))
 8001b1c:	687b      	ldr	r3, [r7, #4]
 8001b1e:	4a1a      	ldr	r2, [pc, #104]	; (8001b88 <XMC_USIC_CH_Enable+0x74>)
 8001b20:	4293      	cmp	r3, r2
 8001b22:	d003      	beq.n	8001b2c <XMC_USIC_CH_Enable+0x18>
 8001b24:	687b      	ldr	r3, [r7, #4]
 8001b26:	4a19      	ldr	r2, [pc, #100]	; (8001b8c <XMC_USIC_CH_Enable+0x78>)
 8001b28:	4293      	cmp	r3, r2
 8001b2a:	d103      	bne.n	8001b34 <XMC_USIC_CH_Enable+0x20>
  {
    XMC_USIC_Enable(XMC_USIC0);
 8001b2c:	4818      	ldr	r0, [pc, #96]	; (8001b90 <XMC_USIC_CH_Enable+0x7c>)
 8001b2e:	f000 f9f1 	bl	8001f14 <XMC_USIC_Enable>
 8001b32:	e016      	b.n	8001b62 <XMC_USIC_CH_Enable+0x4e>
  }
#if defined(USIC1)
  else if ((channel == XMC_USIC1_CH0) || (channel == XMC_USIC1_CH1))
 8001b34:	687b      	ldr	r3, [r7, #4]
 8001b36:	4a17      	ldr	r2, [pc, #92]	; (8001b94 <XMC_USIC_CH_Enable+0x80>)
 8001b38:	4293      	cmp	r3, r2
 8001b3a:	d003      	beq.n	8001b44 <XMC_USIC_CH_Enable+0x30>
 8001b3c:	687b      	ldr	r3, [r7, #4]
 8001b3e:	4a16      	ldr	r2, [pc, #88]	; (8001b98 <XMC_USIC_CH_Enable+0x84>)
 8001b40:	4293      	cmp	r3, r2
 8001b42:	d103      	bne.n	8001b4c <XMC_USIC_CH_Enable+0x38>
  {
    XMC_USIC_Enable(XMC_USIC1);
 8001b44:	4815      	ldr	r0, [pc, #84]	; (8001b9c <XMC_USIC_CH_Enable+0x88>)
 8001b46:	f000 f9e5 	bl	8001f14 <XMC_USIC_Enable>
 8001b4a:	e00a      	b.n	8001b62 <XMC_USIC_CH_Enable+0x4e>
  }
#endif
#if defined(USIC2)
  else if ((channel == XMC_USIC2_CH0) || (channel == XMC_USIC2_CH1))
 8001b4c:	687b      	ldr	r3, [r7, #4]
 8001b4e:	4a14      	ldr	r2, [pc, #80]	; (8001ba0 <XMC_USIC_CH_Enable+0x8c>)
 8001b50:	4293      	cmp	r3, r2
 8001b52:	d003      	beq.n	8001b5c <XMC_USIC_CH_Enable+0x48>
 8001b54:	687b      	ldr	r3, [r7, #4]
 8001b56:	4a13      	ldr	r2, [pc, #76]	; (8001ba4 <XMC_USIC_CH_Enable+0x90>)
 8001b58:	4293      	cmp	r3, r2
 8001b5a:	d102      	bne.n	8001b62 <XMC_USIC_CH_Enable+0x4e>
  {
    XMC_USIC_Enable(XMC_USIC2);
 8001b5c:	4812      	ldr	r0, [pc, #72]	; (8001ba8 <XMC_USIC_CH_Enable+0x94>)
 8001b5e:	f000 f9d9 	bl	8001f14 <XMC_USIC_Enable>
  {
    XMC_ASSERT("USIC module not available", 0U/*Always*/);
  }

  /* USIC channel switched on*/
  channel->KSCFG = (USIC_CH_KSCFG_MODEN_Msk | USIC_CH_KSCFG_BPMODEN_Msk);
 8001b62:	687b      	ldr	r3, [r7, #4]
 8001b64:	2203      	movs	r2, #3
 8001b66:	60da      	str	r2, [r3, #12]
  while ((channel->KSCFG & USIC_CH_KSCFG_MODEN_Msk) == 0U)
 8001b68:	bf00      	nop
 8001b6a:	687b      	ldr	r3, [r7, #4]
 8001b6c:	68db      	ldr	r3, [r3, #12]
 8001b6e:	f003 0301 	and.w	r3, r3, #1
 8001b72:	2b00      	cmp	r3, #0
 8001b74:	d0f9      	beq.n	8001b6a <XMC_USIC_CH_Enable+0x56>
  {
    /* Wait till the channel is enabled */
  }

  /* Set USIC channel in IDLE mode */
  channel->CCR &= (uint32_t)~USIC_CH_CCR_MODE_Msk;
 8001b76:	687b      	ldr	r3, [r7, #4]
 8001b78:	6c1b      	ldr	r3, [r3, #64]	; 0x40
 8001b7a:	f023 020f 	bic.w	r2, r3, #15
 8001b7e:	687b      	ldr	r3, [r7, #4]
 8001b80:	641a      	str	r2, [r3, #64]	; 0x40
}
 8001b82:	3708      	adds	r7, #8
 8001b84:	46bd      	mov	sp, r7
 8001b86:	bd80      	pop	{r7, pc}
 8001b88:	40030000 	.word	0x40030000
 8001b8c:	40030200 	.word	0x40030200
 8001b90:	40030008 	.word	0x40030008
 8001b94:	48020000 	.word	0x48020000
 8001b98:	48020200 	.word	0x48020200
 8001b9c:	48020008 	.word	0x48020008
 8001ba0:	48024000 	.word	0x48024000
 8001ba4:	48024200 	.word	0x48024200
 8001ba8:	48024008 	.word	0x48024008

08001bac <XMC_USIC_CH_SetBaudrate>:
{
  channel->KSCFG = (uint32_t)((channel->KSCFG & (~USIC_CH_KSCFG_MODEN_Msk)) | USIC_CH_KSCFG_BPMODEN_Msk);
}

XMC_USIC_CH_STATUS_t XMC_USIC_CH_SetBaudrate(XMC_USIC_CH_t *const channel, uint32_t rate, uint32_t oversampling)
{
 8001bac:	b580      	push	{r7, lr}
 8001bae:	b08e      	sub	sp, #56	; 0x38
 8001bb0:	af00      	add	r7, sp, #0
 8001bb2:	60f8      	str	r0, [r7, #12]
 8001bb4:	60b9      	str	r1, [r7, #8]
 8001bb6:	607a      	str	r2, [r7, #4]

  uint32_t pdiv_frac;
  uint32_t pdiv_frac_min;

  /* The rate and peripheral clock are divided by 100 to be able to use only 32bit arithmetic */
  if ((rate >= 100U) && (oversampling != 0U))
 8001bb8:	68bb      	ldr	r3, [r7, #8]
 8001bba:	2b63      	cmp	r3, #99	; 0x63
 8001bbc:	d95a      	bls.n	8001c74 <XMC_USIC_CH_SetBaudrate+0xc8>
 8001bbe:	687b      	ldr	r3, [r7, #4]
 8001bc0:	2b00      	cmp	r3, #0
 8001bc2:	d057      	beq.n	8001c74 <XMC_USIC_CH_SetBaudrate+0xc8>
  {
    peripheral_clock = XMC_SCU_CLOCK_GetPeripheralClockFrequency() / 100U;
 8001bc4:	f7fe fdb0 	bl	8000728 <XMC_SCU_CLOCK_GetPeripheralClockFrequency>
 8001bc8:	4602      	mov	r2, r0
 8001bca:	4b2f      	ldr	r3, [pc, #188]	; (8001c88 <XMC_USIC_CH_SetBaudrate+0xdc>)
 8001bcc:	fba3 2302 	umull	r2, r3, r3, r2
 8001bd0:	095b      	lsrs	r3, r3, #5
 8001bd2:	623b      	str	r3, [r7, #32]
    rate = rate / 100U;
 8001bd4:	68bb      	ldr	r3, [r7, #8]
 8001bd6:	4a2c      	ldr	r2, [pc, #176]	; (8001c88 <XMC_USIC_CH_SetBaudrate+0xdc>)
 8001bd8:	fba2 2303 	umull	r2, r3, r2, r3
 8001bdc:	095b      	lsrs	r3, r3, #5
 8001bde:	60bb      	str	r3, [r7, #8]

    clock_divider_min = 1024U;
 8001be0:	f44f 6380 	mov.w	r3, #1024	; 0x400
 8001be4:	62fb      	str	r3, [r7, #44]	; 0x2c
    pdiv_int_min = 1U;
 8001be6:	2301      	movs	r3, #1
 8001be8:	62bb      	str	r3, [r7, #40]	; 0x28
    pdiv_frac_min = 0x3ffU;
 8001bea:	f240 33ff 	movw	r3, #1023	; 0x3ff
 8001bee:	627b      	str	r3, [r7, #36]	; 0x24

    for (clock_divider = 1024U; clock_divider > 0U; --clock_divider)
 8001bf0:	f44f 6380 	mov.w	r3, #1024	; 0x400
 8001bf4:	633b      	str	r3, [r7, #48]	; 0x30
 8001bf6:	e022      	b.n	8001c3e <XMC_USIC_CH_SetBaudrate+0x92>
    {
      pdiv = ((peripheral_clock * clock_divider) / (rate * oversampling));
 8001bf8:	6a3b      	ldr	r3, [r7, #32]
 8001bfa:	6b3a      	ldr	r2, [r7, #48]	; 0x30
 8001bfc:	fb02 f203 	mul.w	r2, r2, r3
 8001c00:	68bb      	ldr	r3, [r7, #8]
 8001c02:	6879      	ldr	r1, [r7, #4]
 8001c04:	fb01 f303 	mul.w	r3, r1, r3
 8001c08:	fbb2 f3f3 	udiv	r3, r2, r3
 8001c0c:	61fb      	str	r3, [r7, #28]
      pdiv_int = pdiv >> 10U;
 8001c0e:	69fb      	ldr	r3, [r7, #28]
 8001c10:	0a9b      	lsrs	r3, r3, #10
 8001c12:	61bb      	str	r3, [r7, #24]
      pdiv_frac = pdiv & 0x3ffU;
 8001c14:	69fb      	ldr	r3, [r7, #28]
 8001c16:	f3c3 0309 	ubfx	r3, r3, #0, #10
 8001c1a:	617b      	str	r3, [r7, #20]

      if ((pdiv_int <= 1024U) && (pdiv_frac < pdiv_frac_min))
 8001c1c:	69bb      	ldr	r3, [r7, #24]
 8001c1e:	f5b3 6f80 	cmp.w	r3, #1024	; 0x400
 8001c22:	d809      	bhi.n	8001c38 <XMC_USIC_CH_SetBaudrate+0x8c>
 8001c24:	697a      	ldr	r2, [r7, #20]
 8001c26:	6a7b      	ldr	r3, [r7, #36]	; 0x24
 8001c28:	429a      	cmp	r2, r3
 8001c2a:	d205      	bcs.n	8001c38 <XMC_USIC_CH_SetBaudrate+0x8c>
      {
        pdiv_frac_min = pdiv_frac;
 8001c2c:	697b      	ldr	r3, [r7, #20]
 8001c2e:	627b      	str	r3, [r7, #36]	; 0x24
        pdiv_int_min = pdiv_int;
 8001c30:	69bb      	ldr	r3, [r7, #24]
 8001c32:	62bb      	str	r3, [r7, #40]	; 0x28
        clock_divider_min = clock_divider;
 8001c34:	6b3b      	ldr	r3, [r7, #48]	; 0x30
 8001c36:	62fb      	str	r3, [r7, #44]	; 0x2c

    clock_divider_min = 1024U;
    pdiv_int_min = 1U;
    pdiv_frac_min = 0x3ffU;

    for (clock_divider = 1024U; clock_divider > 0U; --clock_divider)
 8001c38:	6b3b      	ldr	r3, [r7, #48]	; 0x30
 8001c3a:	3b01      	subs	r3, #1
 8001c3c:	633b      	str	r3, [r7, #48]	; 0x30
 8001c3e:	6b3b      	ldr	r3, [r7, #48]	; 0x30
 8001c40:	2b00      	cmp	r3, #0
 8001c42:	d1d9      	bne.n	8001bf8 <XMC_USIC_CH_SetBaudrate+0x4c>
        clock_divider_min = clock_divider;
      }
    }

    channel->FDR = XMC_USIC_CH_BRG_CLOCK_DIVIDER_MODE_FRACTIONAL |
                   ((clock_divider_min - 1) << USIC_CH_FDR_STEP_Pos);
 8001c44:	6afb      	ldr	r3, [r7, #44]	; 0x2c
 8001c46:	3b01      	subs	r3, #1
        pdiv_int_min = pdiv_int;
        clock_divider_min = clock_divider;
      }
    }

    channel->FDR = XMC_USIC_CH_BRG_CLOCK_DIVIDER_MODE_FRACTIONAL |
 8001c48:	f443 4200 	orr.w	r2, r3, #32768	; 0x8000
 8001c4c:	68fb      	ldr	r3, [r7, #12]
 8001c4e:	611a      	str	r2, [r3, #16]
                   ((clock_divider_min - 1) << USIC_CH_FDR_STEP_Pos);

    channel->BRG = (channel->BRG & ~(USIC_CH_BRG_DCTQ_Msk |
 8001c50:	68fb      	ldr	r3, [r7, #12]
 8001c52:	695a      	ldr	r2, [r3, #20]
 8001c54:	4b0d      	ldr	r3, [pc, #52]	; (8001c8c <XMC_USIC_CH_SetBaudrate+0xe0>)
 8001c56:	4013      	ands	r3, r2
                                     USIC_CH_BRG_PDIV_Msk |
                                     USIC_CH_BRG_PCTQ_Msk |
                                     USIC_CH_BRG_PPPEN_Msk)) |
                   ((oversampling - 1U) << USIC_CH_BRG_DCTQ_Pos) |
 8001c58:	687a      	ldr	r2, [r7, #4]
 8001c5a:	3a01      	subs	r2, #1
 8001c5c:	0292      	lsls	r2, r2, #10
                   ((clock_divider_min - 1) << USIC_CH_FDR_STEP_Pos);

    channel->BRG = (channel->BRG & ~(USIC_CH_BRG_DCTQ_Msk |
                                     USIC_CH_BRG_PDIV_Msk |
                                     USIC_CH_BRG_PCTQ_Msk |
                                     USIC_CH_BRG_PPPEN_Msk)) |
 8001c5e:	431a      	orrs	r2, r3
                   ((oversampling - 1U) << USIC_CH_BRG_DCTQ_Pos) |
                   ((pdiv_int_min - 1U) << USIC_CH_BRG_PDIV_Pos);
 8001c60:	6abb      	ldr	r3, [r7, #40]	; 0x28
 8001c62:	3b01      	subs	r3, #1
 8001c64:	041b      	lsls	r3, r3, #16

    channel->BRG = (channel->BRG & ~(USIC_CH_BRG_DCTQ_Msk |
                                     USIC_CH_BRG_PDIV_Msk |
                                     USIC_CH_BRG_PCTQ_Msk |
                                     USIC_CH_BRG_PPPEN_Msk)) |
                   ((oversampling - 1U) << USIC_CH_BRG_DCTQ_Pos) |
 8001c66:	431a      	orrs	r2, r3
    }

    channel->FDR = XMC_USIC_CH_BRG_CLOCK_DIVIDER_MODE_FRACTIONAL |
                   ((clock_divider_min - 1) << USIC_CH_FDR_STEP_Pos);

    channel->BRG = (channel->BRG & ~(USIC_CH_BRG_DCTQ_Msk |
 8001c68:	68fb      	ldr	r3, [r7, #12]
 8001c6a:	615a      	str	r2, [r3, #20]
                                     USIC_CH_BRG_PCTQ_Msk |
                                     USIC_CH_BRG_PPPEN_Msk)) |
                   ((oversampling - 1U) << USIC_CH_BRG_DCTQ_Pos) |
                   ((pdiv_int_min - 1U) << USIC_CH_BRG_PDIV_Pos);

    status = XMC_USIC_CH_STATUS_OK;
 8001c6c:	2300      	movs	r3, #0
 8001c6e:	f887 3037 	strb.w	r3, [r7, #55]	; 0x37
 8001c72:	e002      	b.n	8001c7a <XMC_USIC_CH_SetBaudrate+0xce>
  }
  else
  {
    status = XMC_USIC_CH_STATUS_ERROR;
 8001c74:	2301      	movs	r3, #1
 8001c76:	f887 3037 	strb.w	r3, [r7, #55]	; 0x37
  }

  return status;
 8001c7a:	f897 3037 	ldrb.w	r3, [r7, #55]	; 0x37
}
 8001c7e:	4618      	mov	r0, r3
 8001c80:	3738      	adds	r7, #56	; 0x38
 8001c82:	46bd      	mov	sp, r7
 8001c84:	bd80      	pop	{r7, pc}
 8001c86:	bf00      	nop
 8001c88:	51eb851f 	.word	0x51eb851f
 8001c8c:	fc0080ef 	.word	0xfc0080ef

08001c90 <XMC_USIC_CH_SetBaudrateEx>:

XMC_USIC_CH_STATUS_t XMC_USIC_CH_SetBaudrateEx(XMC_USIC_CH_t *const channel, int32_t rate, int32_t oversampling)
{
 8001c90:	b580      	push	{r7, lr}
 8001c92:	b08c      	sub	sp, #48	; 0x30
 8001c94:	af00      	add	r7, sp, #0
 8001c96:	60f8      	str	r0, [r7, #12]
 8001c98:	60b9      	str	r1, [r7, #8]
 8001c9a:	607a      	str	r2, [r7, #4]
  int32_t peripheral_clock = XMC_SCU_CLOCK_GetPeripheralClockFrequency();
 8001c9c:	f7fe fd44 	bl	8000728 <XMC_SCU_CLOCK_GetPeripheralClockFrequency>
 8001ca0:	4603      	mov	r3, r0
 8001ca2:	623b      	str	r3, [r7, #32]
  int32_t brg_clock = rate * oversampling;
 8001ca4:	68bb      	ldr	r3, [r7, #8]
 8001ca6:	687a      	ldr	r2, [r7, #4]
 8001ca8:	fb02 f303 	mul.w	r3, r2, r3
 8001cac:	61fb      	str	r3, [r7, #28]
  int32_t actual_rate_upper;
  int32_t actual_rate_lower;
  uint32_t pdiv = 1;
 8001cae:	2301      	movs	r3, #1
 8001cb0:	62fb      	str	r3, [r7, #44]	; 0x2c
  uint32_t divider_step;
  XMC_USIC_CH_STATUS_t status;

  if (peripheral_clock > brg_clock)
 8001cb2:	6a3a      	ldr	r2, [r7, #32]
 8001cb4:	69fb      	ldr	r3, [r7, #28]
 8001cb6:	429a      	cmp	r2, r3
 8001cb8:	dd5f      	ble.n	8001d7a <XMC_USIC_CH_SetBaudrateEx+0xea>
  {
    divider_step = peripheral_clock / brg_clock; // integer division gets truncated
 8001cba:	6a3a      	ldr	r2, [r7, #32]
 8001cbc:	69fb      	ldr	r3, [r7, #28]
 8001cbe:	fb92 f3f3 	sdiv	r3, r2, r3
 8001cc2:	62bb      	str	r3, [r7, #40]	; 0x28
    while (divider_step >= 1023)
 8001cc4:	e010      	b.n	8001ce8 <XMC_USIC_CH_SetBaudrateEx+0x58>
    {
      pdiv++;
 8001cc6:	6afb      	ldr	r3, [r7, #44]	; 0x2c
 8001cc8:	3301      	adds	r3, #1
 8001cca:	62fb      	str	r3, [r7, #44]	; 0x2c
      brg_clock = rate * oversampling * pdiv;
 8001ccc:	68bb      	ldr	r3, [r7, #8]
 8001cce:	687a      	ldr	r2, [r7, #4]
 8001cd0:	fb02 f303 	mul.w	r3, r2, r3
 8001cd4:	461a      	mov	r2, r3
 8001cd6:	6afb      	ldr	r3, [r7, #44]	; 0x2c
 8001cd8:	fb03 f302 	mul.w	r3, r3, r2
 8001cdc:	61fb      	str	r3, [r7, #28]
      divider_step = peripheral_clock / brg_clock; // integer division gets truncated
 8001cde:	6a3a      	ldr	r2, [r7, #32]
 8001ce0:	69fb      	ldr	r3, [r7, #28]
 8001ce2:	fb92 f3f3 	sdiv	r3, r2, r3
 8001ce6:	62bb      	str	r3, [r7, #40]	; 0x28
  XMC_USIC_CH_STATUS_t status;

  if (peripheral_clock > brg_clock)
  {
    divider_step = peripheral_clock / brg_clock; // integer division gets truncated
    while (divider_step >= 1023)
 8001ce8:	6abb      	ldr	r3, [r7, #40]	; 0x28
 8001cea:	f240 32fe 	movw	r2, #1022	; 0x3fe
 8001cee:	4293      	cmp	r3, r2
 8001cf0:	d8e9      	bhi.n	8001cc6 <XMC_USIC_CH_SetBaudrateEx+0x36>
    {
      pdiv++;
      brg_clock = rate * oversampling * pdiv;
      divider_step = peripheral_clock / brg_clock; // integer division gets truncated
    }
    actual_rate_upper = peripheral_clock / (divider_step * oversampling * pdiv);
 8001cf2:	6a3a      	ldr	r2, [r7, #32]
 8001cf4:	687b      	ldr	r3, [r7, #4]
 8001cf6:	6ab9      	ldr	r1, [r7, #40]	; 0x28
 8001cf8:	fb01 f303 	mul.w	r3, r1, r3
 8001cfc:	6af9      	ldr	r1, [r7, #44]	; 0x2c
 8001cfe:	fb01 f303 	mul.w	r3, r1, r3
 8001d02:	fbb2 f3f3 	udiv	r3, r2, r3
 8001d06:	61bb      	str	r3, [r7, #24]
    actual_rate_lower = peripheral_clock / ((divider_step + 1) * oversampling * pdiv);
 8001d08:	6a3a      	ldr	r2, [r7, #32]
 8001d0a:	6abb      	ldr	r3, [r7, #40]	; 0x28
 8001d0c:	3301      	adds	r3, #1
 8001d0e:	6879      	ldr	r1, [r7, #4]
 8001d10:	fb01 f303 	mul.w	r3, r1, r3
 8001d14:	6af9      	ldr	r1, [r7, #44]	; 0x2c
 8001d16:	fb01 f303 	mul.w	r3, r1, r3
 8001d1a:	fbb2 f3f3 	udiv	r3, r2, r3
 8001d1e:	617b      	str	r3, [r7, #20]

    // choose better approximation if the peripheral frequency is not a multiple of the baudrate
    if (abs(rate - actual_rate_lower) < abs(rate - actual_rate_upper))
 8001d20:	68ba      	ldr	r2, [r7, #8]
 8001d22:	697b      	ldr	r3, [r7, #20]
 8001d24:	1ad3      	subs	r3, r2, r3
 8001d26:	ea83 72e3 	eor.w	r2, r3, r3, asr #31
 8001d2a:	eba2 72e3 	sub.w	r2, r2, r3, asr #31
 8001d2e:	68b9      	ldr	r1, [r7, #8]
 8001d30:	69bb      	ldr	r3, [r7, #24]
 8001d32:	1acb      	subs	r3, r1, r3
 8001d34:	2b00      	cmp	r3, #0
 8001d36:	bfb8      	it	lt
 8001d38:	425b      	neglt	r3, r3
 8001d3a:	429a      	cmp	r2, r3
 8001d3c:	da02      	bge.n	8001d44 <XMC_USIC_CH_SetBaudrateEx+0xb4>
    {
      divider_step += 1;
 8001d3e:	6abb      	ldr	r3, [r7, #40]	; 0x28
 8001d40:	3301      	adds	r3, #1
 8001d42:	62bb      	str	r3, [r7, #40]	; 0x28
    }

    divider_step = 1024 - divider_step;
 8001d44:	6abb      	ldr	r3, [r7, #40]	; 0x28
 8001d46:	f5c3 6380 	rsb	r3, r3, #1024	; 0x400
 8001d4a:	62bb      	str	r3, [r7, #40]	; 0x28


    channel->FDR = XMC_USIC_CH_BRG_CLOCK_DIVIDER_MODE_NORMAL |
 8001d4c:	6abb      	ldr	r3, [r7, #40]	; 0x28
 8001d4e:	f443 4280 	orr.w	r2, r3, #16384	; 0x4000
 8001d52:	68fb      	ldr	r3, [r7, #12]
 8001d54:	611a      	str	r2, [r3, #16]
                   (divider_step << USIC_CH_FDR_STEP_Pos);

    channel->BRG = (channel->BRG & ~(USIC_CH_BRG_DCTQ_Msk |
 8001d56:	68fb      	ldr	r3, [r7, #12]
 8001d58:	695a      	ldr	r2, [r3, #20]
 8001d5a:	4b0c      	ldr	r3, [pc, #48]	; (8001d8c <XMC_USIC_CH_SetBaudrateEx+0xfc>)
 8001d5c:	4013      	ands	r3, r2
                                     USIC_CH_BRG_PDIV_Msk |
                                     USIC_CH_BRG_PCTQ_Msk |
                                     USIC_CH_BRG_PPPEN_Msk)) |
                   ((oversampling - 1U) << USIC_CH_BRG_DCTQ_Pos) |
 8001d5e:	687a      	ldr	r2, [r7, #4]
 8001d60:	3a01      	subs	r2, #1
 8001d62:	0292      	lsls	r2, r2, #10
                   (divider_step << USIC_CH_FDR_STEP_Pos);

    channel->BRG = (channel->BRG & ~(USIC_CH_BRG_DCTQ_Msk |
                                     USIC_CH_BRG_PDIV_Msk |
                                     USIC_CH_BRG_PCTQ_Msk |
                                     USIC_CH_BRG_PPPEN_Msk)) |
 8001d64:	431a      	orrs	r2, r3
                   ((oversampling - 1U) << USIC_CH_BRG_DCTQ_Pos) |
                   ((pdiv - 1) << USIC_CH_BRG_PDIV_Pos);
 8001d66:	6afb      	ldr	r3, [r7, #44]	; 0x2c
 8001d68:	3b01      	subs	r3, #1
 8001d6a:	041b      	lsls	r3, r3, #16

    channel->BRG = (channel->BRG & ~(USIC_CH_BRG_DCTQ_Msk |
                                     USIC_CH_BRG_PDIV_Msk |
                                     USIC_CH_BRG_PCTQ_Msk |
                                     USIC_CH_BRG_PPPEN_Msk)) |
                   ((oversampling - 1U) << USIC_CH_BRG_DCTQ_Pos) |
 8001d6c:	431a      	orrs	r2, r3


    channel->FDR = XMC_USIC_CH_BRG_CLOCK_DIVIDER_MODE_NORMAL |
                   (divider_step << USIC_CH_FDR_STEP_Pos);

    channel->BRG = (channel->BRG & ~(USIC_CH_BRG_DCTQ_Msk |
 8001d6e:	68fb      	ldr	r3, [r7, #12]
 8001d70:	615a      	str	r2, [r3, #20]
                                     USIC_CH_BRG_PCTQ_Msk |
                                     USIC_CH_BRG_PPPEN_Msk)) |
                   ((oversampling - 1U) << USIC_CH_BRG_DCTQ_Pos) |
                   ((pdiv - 1) << USIC_CH_BRG_PDIV_Pos);

    status = XMC_USIC_CH_STATUS_OK;
 8001d72:	2300      	movs	r3, #0
 8001d74:	f887 3027 	strb.w	r3, [r7, #39]	; 0x27
 8001d78:	e002      	b.n	8001d80 <XMC_USIC_CH_SetBaudrateEx+0xf0>
  }
  else
  {
    status = XMC_USIC_CH_STATUS_ERROR;
 8001d7a:	2301      	movs	r3, #1
 8001d7c:	f887 3027 	strb.w	r3, [r7, #39]	; 0x27
  }

  return status;
 8001d80:	f897 3027 	ldrb.w	r3, [r7, #39]	; 0x27
}
 8001d84:	4618      	mov	r0, r3
 8001d86:	3730      	adds	r7, #48	; 0x30
 8001d88:	46bd      	mov	sp, r7
 8001d8a:	bd80      	pop	{r7, pc}
 8001d8c:	fc0080ef 	.word	0xfc0080ef

08001d90 <XMC_USIC_CH_TXFIFO_Configure>:

void XMC_USIC_CH_TXFIFO_Configure(XMC_USIC_CH_t *const channel,
                                  const uint32_t data_pointer,
                                  const XMC_USIC_CH_FIFO_SIZE_t size,
                                  const uint32_t limit)
{
 8001d90:	b480      	push	{r7}
 8001d92:	b085      	sub	sp, #20
 8001d94:	af00      	add	r7, sp, #0
 8001d96:	60f8      	str	r0, [r7, #12]
 8001d98:	60b9      	str	r1, [r7, #8]
 8001d9a:	603b      	str	r3, [r7, #0]
 8001d9c:	4613      	mov	r3, r2
 8001d9e:	71fb      	strb	r3, [r7, #7]
  /* Disable FIFO */
  channel->TBCTR &= (uint32_t)~USIC_CH_TBCTR_SIZE_Msk;
 8001da0:	68fb      	ldr	r3, [r7, #12]
 8001da2:	f8d3 3108 	ldr.w	r3, [r3, #264]	; 0x108
 8001da6:	f023 62e0 	bic.w	r2, r3, #117440512	; 0x7000000
 8001daa:	68fb      	ldr	r3, [r7, #12]
 8001dac:	f8c3 2108 	str.w	r2, [r3, #264]	; 0x108
  /* LOF = 0, A standard transmit buffer event occurs when the filling level equals the limit value and gets
   * lower due to transmission of a data word
   * STBTEN = 0, the trigger of the standard transmit buffer event is based on the transition of the fill level
   *  from equal to below the limit, not the fact being below
   */
  channel->TBCTR = (uint32_t)(channel->TBCTR & (uint32_t)~(USIC_CH_TBCTR_LIMIT_Msk |
 8001db0:	68fb      	ldr	r3, [r7, #12]
 8001db2:	f8d3 2108 	ldr.w	r2, [r3, #264]	; 0x108
 8001db6:	4b09      	ldr	r3, [pc, #36]	; (8001ddc <XMC_USIC_CH_TXFIFO_Configure+0x4c>)
 8001db8:	4013      	ands	r3, r2
                              USIC_CH_TBCTR_DPTR_Msk |
                              USIC_CH_TBCTR_SIZE_Msk)) |
                   (uint32_t)((limit << USIC_CH_TBCTR_LIMIT_Pos) |
 8001dba:	683a      	ldr	r2, [r7, #0]
 8001dbc:	0211      	lsls	r1, r2, #8
 8001dbe:	68ba      	ldr	r2, [r7, #8]
 8001dc0:	4311      	orrs	r1, r2
                              (data_pointer << USIC_CH_TBCTR_DPTR_Pos) |
                              ((uint32_t)size << USIC_CH_TBCTR_SIZE_Pos));
 8001dc2:	79fa      	ldrb	r2, [r7, #7]
 8001dc4:	0612      	lsls	r2, r2, #24
   *  from equal to below the limit, not the fact being below
   */
  channel->TBCTR = (uint32_t)(channel->TBCTR & (uint32_t)~(USIC_CH_TBCTR_LIMIT_Msk |
                              USIC_CH_TBCTR_DPTR_Msk |
                              USIC_CH_TBCTR_SIZE_Msk)) |
                   (uint32_t)((limit << USIC_CH_TBCTR_LIMIT_Pos) |
 8001dc6:	430a      	orrs	r2, r1
   * STBTEN = 0, the trigger of the standard transmit buffer event is based on the transition of the fill level
   *  from equal to below the limit, not the fact being below
   */
  channel->TBCTR = (uint32_t)(channel->TBCTR & (uint32_t)~(USIC_CH_TBCTR_LIMIT_Msk |
                              USIC_CH_TBCTR_DPTR_Msk |
                              USIC_CH_TBCTR_SIZE_Msk)) |
 8001dc8:	431a      	orrs	r2, r3
  /* LOF = 0, A standard transmit buffer event occurs when the filling level equals the limit value and gets
   * lower due to transmission of a data word
   * STBTEN = 0, the trigger of the standard transmit buffer event is based on the transition of the fill level
   *  from equal to below the limit, not the fact being below
   */
  channel->TBCTR = (uint32_t)(channel->TBCTR & (uint32_t)~(USIC_CH_TBCTR_LIMIT_Msk |
 8001dca:	68fb      	ldr	r3, [r7, #12]
 8001dcc:	f8c3 2108 	str.w	r2, [r3, #264]	; 0x108
                              USIC_CH_TBCTR_DPTR_Msk |
                              USIC_CH_TBCTR_SIZE_Msk)) |
                   (uint32_t)((limit << USIC_CH_TBCTR_LIMIT_Pos) |
                              (data_pointer << USIC_CH_TBCTR_DPTR_Pos) |
                              ((uint32_t)size << USIC_CH_TBCTR_SIZE_Pos));
}
 8001dd0:	3714      	adds	r7, #20
 8001dd2:	46bd      	mov	sp, r7
 8001dd4:	f85d 7b04 	ldr.w	r7, [sp], #4
 8001dd8:	4770      	bx	lr
 8001dda:	bf00      	nop
 8001ddc:	f8ffc0c0 	.word	0xf8ffc0c0

08001de0 <XMC_USIC_CH_RXFIFO_Configure>:

void XMC_USIC_CH_RXFIFO_Configure(XMC_USIC_CH_t *const channel,
                                  const uint32_t data_pointer,
                                  const XMC_USIC_CH_FIFO_SIZE_t size,
                                  const uint32_t limit)
{
 8001de0:	b480      	push	{r7}
 8001de2:	b085      	sub	sp, #20
 8001de4:	af00      	add	r7, sp, #0
 8001de6:	60f8      	str	r0, [r7, #12]
 8001de8:	60b9      	str	r1, [r7, #8]
 8001dea:	603b      	str	r3, [r7, #0]
 8001dec:	4613      	mov	r3, r2
 8001dee:	71fb      	strb	r3, [r7, #7]
  /* Disable FIFO */
  channel->RBCTR &= (uint32_t)~USIC_CH_RBCTR_SIZE_Msk;
 8001df0:	68fb      	ldr	r3, [r7, #12]
 8001df2:	f8d3 310c 	ldr.w	r3, [r3, #268]	; 0x10c
 8001df6:	f023 62e0 	bic.w	r2, r3, #117440512	; 0x7000000
 8001dfa:	68fb      	ldr	r3, [r7, #12]
 8001dfc:	f8c3 210c 	str.w	r2, [r3, #268]	; 0x10c

  /* LOF = 1, A standard receive buffer event occurs when the filling level equals the limit value and gets bigger
   *  due to the reception of a new data word
   */
  channel->RBCTR = (uint32_t)((channel->RBCTR & (uint32_t)~(USIC_CH_RBCTR_LIMIT_Msk |
 8001e00:	68fb      	ldr	r3, [r7, #12]
 8001e02:	f8d3 210c 	ldr.w	r2, [r3, #268]	; 0x10c
 8001e06:	4b0a      	ldr	r3, [pc, #40]	; (8001e30 <XMC_USIC_CH_RXFIFO_Configure+0x50>)
 8001e08:	4013      	ands	r3, r2
                               USIC_CH_RBCTR_DPTR_Msk |
                               USIC_CH_RBCTR_LOF_Msk)) |
                              ((limit << USIC_CH_RBCTR_LIMIT_Pos) |
 8001e0a:	683a      	ldr	r2, [r7, #0]
 8001e0c:	0211      	lsls	r1, r2, #8
 8001e0e:	68ba      	ldr	r2, [r7, #8]
 8001e10:	4311      	orrs	r1, r2
                               (data_pointer << USIC_CH_RBCTR_DPTR_Pos) |
                               ((uint32_t)size << USIC_CH_RBCTR_SIZE_Pos) |
 8001e12:	79fa      	ldrb	r2, [r7, #7]
 8001e14:	0612      	lsls	r2, r2, #24
   */
  channel->RBCTR = (uint32_t)((channel->RBCTR & (uint32_t)~(USIC_CH_RBCTR_LIMIT_Msk |
                               USIC_CH_RBCTR_DPTR_Msk |
                               USIC_CH_RBCTR_LOF_Msk)) |
                              ((limit << USIC_CH_RBCTR_LIMIT_Pos) |
                               (data_pointer << USIC_CH_RBCTR_DPTR_Pos) |
 8001e16:	430a      	orrs	r2, r1
  channel->RBCTR &= (uint32_t)~USIC_CH_RBCTR_SIZE_Msk;

  /* LOF = 1, A standard receive buffer event occurs when the filling level equals the limit value and gets bigger
   *  due to the reception of a new data word
   */
  channel->RBCTR = (uint32_t)((channel->RBCTR & (uint32_t)~(USIC_CH_RBCTR_LIMIT_Msk |
 8001e18:	4313      	orrs	r3, r2
 8001e1a:	f043 5280 	orr.w	r2, r3, #268435456	; 0x10000000
 8001e1e:	68fb      	ldr	r3, [r7, #12]
 8001e20:	f8c3 210c 	str.w	r2, [r3, #268]	; 0x10c
                               USIC_CH_RBCTR_LOF_Msk)) |
                              ((limit << USIC_CH_RBCTR_LIMIT_Pos) |
                               (data_pointer << USIC_CH_RBCTR_DPTR_Pos) |
                               ((uint32_t)size << USIC_CH_RBCTR_SIZE_Pos) |
                               (uint32_t)USIC_CH_RBCTR_LOF_Msk));
}
 8001e24:	3714      	adds	r7, #20
 8001e26:	46bd      	mov	sp, r7
 8001e28:	f85d 7b04 	ldr.w	r7, [sp], #4
 8001e2c:	4770      	bx	lr
 8001e2e:	bf00      	nop
 8001e30:	efffc0c0 	.word	0xefffc0c0

08001e34 <XMC_USIC_CH_RXFIFO_SetSizeTriggerLimit>:
}

void XMC_USIC_CH_RXFIFO_SetSizeTriggerLimit(XMC_USIC_CH_t *const channel,
    const XMC_USIC_CH_FIFO_SIZE_t size,
    const uint32_t limit)
{
 8001e34:	b480      	push	{r7}
 8001e36:	b085      	sub	sp, #20
 8001e38:	af00      	add	r7, sp, #0
 8001e3a:	60f8      	str	r0, [r7, #12]
 8001e3c:	460b      	mov	r3, r1
 8001e3e:	607a      	str	r2, [r7, #4]
 8001e40:	72fb      	strb	r3, [r7, #11]
  XMC_UNUSED_ARG(size);

  channel->RBCTR = (uint32_t)((uint32_t)(channel->RBCTR & (uint32_t)~USIC_CH_RBCTR_LIMIT_Msk) |
 8001e42:	68fb      	ldr	r3, [r7, #12]
 8001e44:	f8d3 310c 	ldr.w	r3, [r3, #268]	; 0x10c
 8001e48:	f423 527c 	bic.w	r2, r3, #16128	; 0x3f00
                              (limit << USIC_CH_RBCTR_LIMIT_Pos));
 8001e4c:	687b      	ldr	r3, [r7, #4]
 8001e4e:	021b      	lsls	r3, r3, #8
    const XMC_USIC_CH_FIFO_SIZE_t size,
    const uint32_t limit)
{
  XMC_UNUSED_ARG(size);

  channel->RBCTR = (uint32_t)((uint32_t)(channel->RBCTR & (uint32_t)~USIC_CH_RBCTR_LIMIT_Msk) |
 8001e50:	431a      	orrs	r2, r3
 8001e52:	68fb      	ldr	r3, [r7, #12]
 8001e54:	f8c3 210c 	str.w	r2, [r3, #268]	; 0x10c
                              (limit << USIC_CH_RBCTR_LIMIT_Pos));
}
 8001e58:	3714      	adds	r7, #20
 8001e5a:	46bd      	mov	sp, r7
 8001e5c:	f85d 7b04 	ldr.w	r7, [sp], #4
 8001e60:	4770      	bx	lr
 8001e62:	bf00      	nop

08001e64 <XMC_USIC_CH_SetInterruptNodePointer>:

void XMC_USIC_CH_SetInterruptNodePointer(XMC_USIC_CH_t *const channel,
    const XMC_USIC_CH_INTERRUPT_NODE_POINTER_t interrupt_node,
    const uint32_t service_request)
{
 8001e64:	b480      	push	{r7}
 8001e66:	b085      	sub	sp, #20
 8001e68:	af00      	add	r7, sp, #0
 8001e6a:	60f8      	str	r0, [r7, #12]
 8001e6c:	460b      	mov	r3, r1
 8001e6e:	607a      	str	r2, [r7, #4]
 8001e70:	72fb      	strb	r3, [r7, #11]
  channel->INPR = (uint32_t)((channel->INPR & (~(uint32_t)(USIC_CH_INPR_Msk << (uint32_t)interrupt_node))) |
 8001e72:	68fb      	ldr	r3, [r7, #12]
 8001e74:	699a      	ldr	r2, [r3, #24]
 8001e76:	7afb      	ldrb	r3, [r7, #11]
 8001e78:	2107      	movs	r1, #7
 8001e7a:	fa01 f303 	lsl.w	r3, r1, r3
 8001e7e:	43db      	mvns	r3, r3
 8001e80:	401a      	ands	r2, r3
                             (service_request << (uint32_t)interrupt_node));
 8001e82:	7afb      	ldrb	r3, [r7, #11]
 8001e84:	6879      	ldr	r1, [r7, #4]
 8001e86:	fa01 f303 	lsl.w	r3, r1, r3

void XMC_USIC_CH_SetInterruptNodePointer(XMC_USIC_CH_t *const channel,
    const XMC_USIC_CH_INTERRUPT_NODE_POINTER_t interrupt_node,
    const uint32_t service_request)
{
  channel->INPR = (uint32_t)((channel->INPR & (~(uint32_t)(USIC_CH_INPR_Msk << (uint32_t)interrupt_node))) |
 8001e8a:	431a      	orrs	r2, r3
 8001e8c:	68fb      	ldr	r3, [r7, #12]
 8001e8e:	619a      	str	r2, [r3, #24]
                             (service_request << (uint32_t)interrupt_node));
}
 8001e90:	3714      	adds	r7, #20
 8001e92:	46bd      	mov	sp, r7
 8001e94:	f85d 7b04 	ldr.w	r7, [sp], #4
 8001e98:	4770      	bx	lr
 8001e9a:	bf00      	nop

08001e9c <XMC_USIC_CH_TXFIFO_SetInterruptNodePointer>:

void XMC_USIC_CH_TXFIFO_SetInterruptNodePointer(XMC_USIC_CH_t *const channel,
    const XMC_USIC_CH_TXFIFO_INTERRUPT_NODE_POINTER_t interrupt_node,
    const uint32_t service_request)
{
 8001e9c:	b480      	push	{r7}
 8001e9e:	b085      	sub	sp, #20
 8001ea0:	af00      	add	r7, sp, #0
 8001ea2:	60f8      	str	r0, [r7, #12]
 8001ea4:	460b      	mov	r3, r1
 8001ea6:	607a      	str	r2, [r7, #4]
 8001ea8:	72fb      	strb	r3, [r7, #11]
  channel->TBCTR = (uint32_t)((channel->TBCTR & (~(uint32_t)(USIC_CH_INPR_Msk << (uint32_t)interrupt_node))) |
 8001eaa:	68fb      	ldr	r3, [r7, #12]
 8001eac:	f8d3 2108 	ldr.w	r2, [r3, #264]	; 0x108
 8001eb0:	7afb      	ldrb	r3, [r7, #11]
 8001eb2:	2107      	movs	r1, #7
 8001eb4:	fa01 f303 	lsl.w	r3, r1, r3
 8001eb8:	43db      	mvns	r3, r3
 8001eba:	401a      	ands	r2, r3
                              (service_request << (uint32_t)interrupt_node));
 8001ebc:	7afb      	ldrb	r3, [r7, #11]
 8001ebe:	6879      	ldr	r1, [r7, #4]
 8001ec0:	fa01 f303 	lsl.w	r3, r1, r3

void XMC_USIC_CH_TXFIFO_SetInterruptNodePointer(XMC_USIC_CH_t *const channel,
    const XMC_USIC_CH_TXFIFO_INTERRUPT_NODE_POINTER_t interrupt_node,
    const uint32_t service_request)
{
  channel->TBCTR = (uint32_t)((channel->TBCTR & (~(uint32_t)(USIC_CH_INPR_Msk << (uint32_t)interrupt_node))) |
 8001ec4:	431a      	orrs	r2, r3
 8001ec6:	68fb      	ldr	r3, [r7, #12]
 8001ec8:	f8c3 2108 	str.w	r2, [r3, #264]	; 0x108
                              (service_request << (uint32_t)interrupt_node));
}
 8001ecc:	3714      	adds	r7, #20
 8001ece:	46bd      	mov	sp, r7
 8001ed0:	f85d 7b04 	ldr.w	r7, [sp], #4
 8001ed4:	4770      	bx	lr
 8001ed6:	bf00      	nop

08001ed8 <XMC_USIC_CH_RXFIFO_SetInterruptNodePointer>:

void XMC_USIC_CH_RXFIFO_SetInterruptNodePointer(XMC_USIC_CH_t *const channel,
    const XMC_USIC_CH_RXFIFO_INTERRUPT_NODE_POINTER_t interrupt_node,
    const uint32_t service_request)
{
 8001ed8:	b480      	push	{r7}
 8001eda:	b085      	sub	sp, #20
 8001edc:	af00      	add	r7, sp, #0
 8001ede:	60f8      	str	r0, [r7, #12]
 8001ee0:	460b      	mov	r3, r1
 8001ee2:	607a      	str	r2, [r7, #4]
 8001ee4:	72fb      	strb	r3, [r7, #11]
  channel->RBCTR = (uint32_t)((channel->RBCTR & (~(uint32_t)(USIC_CH_INPR_Msk << (uint32_t)interrupt_node))) |
 8001ee6:	68fb      	ldr	r3, [r7, #12]
 8001ee8:	f8d3 210c 	ldr.w	r2, [r3, #268]	; 0x10c
 8001eec:	7afb      	ldrb	r3, [r7, #11]
 8001eee:	2107      	movs	r1, #7
 8001ef0:	fa01 f303 	lsl.w	r3, r1, r3
 8001ef4:	43db      	mvns	r3, r3
 8001ef6:	401a      	ands	r2, r3
                              (service_request << (uint32_t)interrupt_node));
 8001ef8:	7afb      	ldrb	r3, [r7, #11]
 8001efa:	6879      	ldr	r1, [r7, #4]
 8001efc:	fa01 f303 	lsl.w	r3, r1, r3

void XMC_USIC_CH_RXFIFO_SetInterruptNodePointer(XMC_USIC_CH_t *const channel,
    const XMC_USIC_CH_RXFIFO_INTERRUPT_NODE_POINTER_t interrupt_node,
    const uint32_t service_request)
{
  channel->RBCTR = (uint32_t)((channel->RBCTR & (~(uint32_t)(USIC_CH_INPR_Msk << (uint32_t)interrupt_node))) |
 8001f00:	431a      	orrs	r2, r3
 8001f02:	68fb      	ldr	r3, [r7, #12]
 8001f04:	f8c3 210c 	str.w	r2, [r3, #268]	; 0x10c
                              (service_request << (uint32_t)interrupt_node));
}
 8001f08:	3714      	adds	r7, #20
 8001f0a:	46bd      	mov	sp, r7
 8001f0c:	f85d 7b04 	ldr.w	r7, [sp], #4
 8001f10:	4770      	bx	lr
 8001f12:	bf00      	nop

08001f14 <XMC_USIC_Enable>:

void XMC_USIC_Enable(XMC_USIC_t *const usic)
{
 8001f14:	b580      	push	{r7, lr}
 8001f16:	b082      	sub	sp, #8
 8001f18:	af00      	add	r7, sp, #0
 8001f1a:	6078      	str	r0, [r7, #4]
  if (usic == USIC0)
 8001f1c:	687b      	ldr	r3, [r7, #4]
 8001f1e:	4a18      	ldr	r2, [pc, #96]	; (8001f80 <XMC_USIC_Enable+0x6c>)
 8001f20:	4293      	cmp	r3, r2
 8001f22:	d10c      	bne.n	8001f3e <XMC_USIC_Enable+0x2a>
#if defined(CLOCK_GATING_SUPPORTED)
    XMC_SCU_CLOCK_UngatePeripheralClock(XMC_SCU_PERIPHERAL_CLOCK_USIC0);
    while (XMC_SCU_CLOCK_IsPeripheralClockGated(XMC_SCU_PERIPHERAL_CLOCK_USIC0));
#endif
#if defined(PERIPHERAL_RESET_SUPPORTED)
    XMC_SCU_RESET_DeassertPeripheralReset(XMC_SCU_PERIPHERAL_RESET_USIC0);
 8001f24:	f44f 6000 	mov.w	r0, #2048	; 0x800
 8001f28:	f7fe fbbe 	bl	80006a8 <XMC_SCU_RESET_DeassertPeripheralReset>
    while (XMC_SCU_RESET_IsPeripheralResetAsserted(XMC_SCU_PERIPHERAL_RESET_USIC0));
 8001f2c:	bf00      	nop
 8001f2e:	f44f 6000 	mov.w	r0, #2048	; 0x800
 8001f32:	f7fe fbd5 	bl	80006e0 <XMC_SCU_RESET_IsPeripheralResetAsserted>
 8001f36:	4603      	mov	r3, r0
 8001f38:	2b00      	cmp	r3, #0
 8001f3a:	d1f8      	bne.n	8001f2e <XMC_USIC_Enable+0x1a>
 8001f3c:	e01c      	b.n	8001f78 <XMC_USIC_Enable+0x64>
#endif
  }
#if defined(USIC1)
  else if (usic == USIC1)
 8001f3e:	687b      	ldr	r3, [r7, #4]
 8001f40:	4a10      	ldr	r2, [pc, #64]	; (8001f84 <XMC_USIC_Enable+0x70>)
 8001f42:	4293      	cmp	r3, r2
 8001f44:	d10a      	bne.n	8001f5c <XMC_USIC_Enable+0x48>
#if defined(CLOCK_GATING_SUPPORTED)
    XMC_SCU_CLOCK_UngatePeripheralClock(XMC_SCU_PERIPHERAL_CLOCK_USIC1);
    while (XMC_SCU_CLOCK_IsPeripheralClockGated(XMC_SCU_PERIPHERAL_CLOCK_USIC1));
#endif
#if defined(PERIPHERAL_RESET_SUPPORTED)
    XMC_SCU_RESET_DeassertPeripheralReset(XMC_SCU_PERIPHERAL_RESET_USIC1);
 8001f46:	4810      	ldr	r0, [pc, #64]	; (8001f88 <XMC_USIC_Enable+0x74>)
 8001f48:	f7fe fbae 	bl	80006a8 <XMC_SCU_RESET_DeassertPeripheralReset>
    while (XMC_SCU_RESET_IsPeripheralResetAsserted(XMC_SCU_PERIPHERAL_RESET_USIC1));
 8001f4c:	bf00      	nop
 8001f4e:	480e      	ldr	r0, [pc, #56]	; (8001f88 <XMC_USIC_Enable+0x74>)
 8001f50:	f7fe fbc6 	bl	80006e0 <XMC_SCU_RESET_IsPeripheralResetAsserted>
 8001f54:	4603      	mov	r3, r0
 8001f56:	2b00      	cmp	r3, #0
 8001f58:	d1f9      	bne.n	8001f4e <XMC_USIC_Enable+0x3a>
 8001f5a:	e00d      	b.n	8001f78 <XMC_USIC_Enable+0x64>
#endif
  }
#endif
#if defined(USIC2)
  else if (usic == USIC2)
 8001f5c:	687b      	ldr	r3, [r7, #4]
 8001f5e:	4a0b      	ldr	r2, [pc, #44]	; (8001f8c <XMC_USIC_Enable+0x78>)
 8001f60:	4293      	cmp	r3, r2
 8001f62:	d109      	bne.n	8001f78 <XMC_USIC_Enable+0x64>
#if defined(CLOCK_GATING_SUPPORTED)
    XMC_SCU_CLOCK_UngatePeripheralClock(XMC_SCU_PERIPHERAL_CLOCK_USIC2);
    while (XMC_SCU_CLOCK_IsPeripheralClockGated(XMC_SCU_PERIPHERAL_CLOCK_USIC2));
#endif
#if defined(PERIPHERAL_RESET_SUPPORTED)
    XMC_SCU_RESET_DeassertPeripheralReset(XMC_SCU_PERIPHERAL_RESET_USIC2);
 8001f64:	480a      	ldr	r0, [pc, #40]	; (8001f90 <XMC_USIC_Enable+0x7c>)
 8001f66:	f7fe fb9f 	bl	80006a8 <XMC_SCU_RESET_DeassertPeripheralReset>
    while (XMC_SCU_RESET_IsPeripheralResetAsserted(XMC_SCU_PERIPHERAL_RESET_USIC2));
 8001f6a:	bf00      	nop
 8001f6c:	4808      	ldr	r0, [pc, #32]	; (8001f90 <XMC_USIC_Enable+0x7c>)
 8001f6e:	f7fe fbb7 	bl	80006e0 <XMC_SCU_RESET_IsPeripheralResetAsserted>
 8001f72:	4603      	mov	r3, r0
 8001f74:	2b00      	cmp	r3, #0
 8001f76:	d1f9      	bne.n	8001f6c <XMC_USIC_Enable+0x58>
#endif
  else
  {
    XMC_ASSERT("USIC module not available", 0/*Always*/);
  }
}
 8001f78:	3708      	adds	r7, #8
 8001f7a:	46bd      	mov	sp, r7
 8001f7c:	bd80      	pop	{r7, pc}
 8001f7e:	bf00      	nop
 8001f80:	40030008 	.word	0x40030008
 8001f84:	48020008 	.word	0x48020008
 8001f88:	10000080 	.word	0x10000080
 8001f8c:	48024008 	.word	0x48024008
 8001f90:	10000100 	.word	0x10000100

08001f94 <_init>:
  }
}

/* Init */
void _init(void)
{}
 8001f94:	b480      	push	{r7}
 8001f96:	af00      	add	r7, sp, #0
 8001f98:	46bd      	mov	sp, r7
 8001f9a:	f85d 7b04 	ldr.w	r7, [sp], #4
 8001f9e:	4770      	bx	lr

08001fa0 <XMC_USIC_CH_DisableEvent>:
 *
 * \par<b>Related APIs:</b><BR>
 * XMC_USIC_CH_EnableEvent(), XMC_USIC_CH_SetInterruptNodePointer() \n\n\n
*/
__STATIC_INLINE void XMC_USIC_CH_DisableEvent(XMC_USIC_CH_t *const channel, const uint32_t event)
{
 8001fa0:	b480      	push	{r7}
 8001fa2:	b083      	sub	sp, #12
 8001fa4:	af00      	add	r7, sp, #0
 8001fa6:	6078      	str	r0, [r7, #4]
 8001fa8:	6039      	str	r1, [r7, #0]
  channel->CCR &= (uint32_t)~event;
 8001faa:	687b      	ldr	r3, [r7, #4]
 8001fac:	6c1a      	ldr	r2, [r3, #64]	; 0x40
 8001fae:	683b      	ldr	r3, [r7, #0]
 8001fb0:	43db      	mvns	r3, r3
 8001fb2:	401a      	ands	r2, r3
 8001fb4:	687b      	ldr	r3, [r7, #4]
 8001fb6:	641a      	str	r2, [r3, #64]	; 0x40
}
 8001fb8:	370c      	adds	r7, #12
 8001fba:	46bd      	mov	sp, r7
 8001fbc:	f85d 7b04 	ldr.w	r7, [sp], #4
 8001fc0:	4770      	bx	lr
 8001fc2:	bf00      	nop

08001fc4 <XMC_USIC_CH_GetTransmitBufferStatus>:
 *
 * \par<b>Related APIs:</b><BR>
 * XMC_USIC_CH_SetDataOutputMode() \n\n\n
 */
__STATIC_INLINE XMC_USIC_CH_TBUF_STATUS_t XMC_USIC_CH_GetTransmitBufferStatus(XMC_USIC_CH_t *const channel)
{
 8001fc4:	b480      	push	{r7}
 8001fc6:	b083      	sub	sp, #12
 8001fc8:	af00      	add	r7, sp, #0
 8001fca:	6078      	str	r0, [r7, #4]
  return (XMC_USIC_CH_TBUF_STATUS_t)(channel->TCSR & USIC_CH_TCSR_TDV_Msk);
 8001fcc:	687b      	ldr	r3, [r7, #4]
 8001fce:	6b9b      	ldr	r3, [r3, #56]	; 0x38
 8001fd0:	b2db      	uxtb	r3, r3
 8001fd2:	f023 037f 	bic.w	r3, r3, #127	; 0x7f
 8001fd6:	b2db      	uxtb	r3, r3
}
 8001fd8:	4618      	mov	r0, r3
 8001fda:	370c      	adds	r7, #12
 8001fdc:	46bd      	mov	sp, r7
 8001fde:	f85d 7b04 	ldr.w	r7, [sp], #4
 8001fe2:	4770      	bx	lr

08001fe4 <XMC_USIC_CH_TXFIFO_DisableEvent>:
 *
 * \par<b>Related APIs:</b><BR>
 * XMC_USIC_CH_TXFIFO_GetEvent(), XMC_USIC_CH_TXFIFO_EnableEvent() \n\n\n
 */
__STATIC_INLINE void XMC_USIC_CH_TXFIFO_DisableEvent(XMC_USIC_CH_t *const channel, const uint32_t event)
{
 8001fe4:	b480      	push	{r7}
 8001fe6:	b083      	sub	sp, #12
 8001fe8:	af00      	add	r7, sp, #0
 8001fea:	6078      	str	r0, [r7, #4]
 8001fec:	6039      	str	r1, [r7, #0]
  channel->TBCTR &= (uint32_t)~event;
 8001fee:	687b      	ldr	r3, [r7, #4]
 8001ff0:	f8d3 2108 	ldr.w	r2, [r3, #264]	; 0x108
 8001ff4:	683b      	ldr	r3, [r7, #0]
 8001ff6:	43db      	mvns	r3, r3
 8001ff8:	401a      	ands	r2, r3
 8001ffa:	687b      	ldr	r3, [r7, #4]
 8001ffc:	f8c3 2108 	str.w	r2, [r3, #264]	; 0x108
}
 8002000:	370c      	adds	r7, #12
 8002002:	46bd      	mov	sp, r7
 8002004:	f85d 7b04 	ldr.w	r7, [sp], #4
 8002008:	4770      	bx	lr
 800200a:	bf00      	nop

0800200c <XMC_USIC_CH_TXFIFO_IsFull>:
 *
 * \par<b>Related APIs:</b><BR>
 * XMC_USIC_CH_TXFIFO_IsEmpty(), XMC_USIC_CH_TXFIFO_Flush() \n\n\n
 */
__STATIC_INLINE bool XMC_USIC_CH_TXFIFO_IsFull(XMC_USIC_CH_t *const channel)
{
 800200c:	b480      	push	{r7}
 800200e:	b083      	sub	sp, #12
 8002010:	af00      	add	r7, sp, #0
 8002012:	6078      	str	r0, [r7, #4]
  return (bool)(channel->TRBSR & USIC_CH_TRBSR_TFULL_Msk);
 8002014:	687b      	ldr	r3, [r7, #4]
 8002016:	f8d3 3114 	ldr.w	r3, [r3, #276]	; 0x114
 800201a:	f403 5380 	and.w	r3, r3, #4096	; 0x1000
 800201e:	2b00      	cmp	r3, #0
 8002020:	bf14      	ite	ne
 8002022:	2301      	movne	r3, #1
 8002024:	2300      	moveq	r3, #0
 8002026:	b2db      	uxtb	r3, r3
}
 8002028:	4618      	mov	r0, r3
 800202a:	370c      	adds	r7, #12
 800202c:	46bd      	mov	sp, r7
 800202e:	f85d 7b04 	ldr.w	r7, [sp], #4
 8002032:	4770      	bx	lr

08002034 <XMC_USIC_CH_TXFIFO_IsEmpty>:
 *
 * \par<b>Related APIs:</b><BR>
 * XMC_USIC_CH_TXFIFO_Flush(), XMC_USIC_CH_TXFIFO_PutData() \n\n\n
 */
__STATIC_INLINE bool XMC_USIC_CH_TXFIFO_IsEmpty(XMC_USIC_CH_t *const channel)
{
 8002034:	b480      	push	{r7}
 8002036:	b083      	sub	sp, #12
 8002038:	af00      	add	r7, sp, #0
 800203a:	6078      	str	r0, [r7, #4]
  return (bool)(channel->TRBSR & USIC_CH_TRBSR_TEMPTY_Msk);
 800203c:	687b      	ldr	r3, [r7, #4]
 800203e:	f8d3 3114 	ldr.w	r3, [r3, #276]	; 0x114
 8002042:	f403 6300 	and.w	r3, r3, #2048	; 0x800
 8002046:	2b00      	cmp	r3, #0
 8002048:	bf14      	ite	ne
 800204a:	2301      	movne	r3, #1
 800204c:	2300      	moveq	r3, #0
 800204e:	b2db      	uxtb	r3, r3
}
 8002050:	4618      	mov	r0, r3
 8002052:	370c      	adds	r7, #12
 8002054:	46bd      	mov	sp, r7
 8002056:	f85d 7b04 	ldr.w	r7, [sp], #4
 800205a:	4770      	bx	lr

0800205c <XMC_USIC_CH_RXFIFO_DisableEvent>:
 *
 * \par<b>Related APIs:</b><BR>
 * XMC_USIC_CH_RXFIFO_GetEvent(), XMC_USIC_CH_RXFIFO_EnableEvent() \n\n\n
 */
__STATIC_INLINE void XMC_USIC_CH_RXFIFO_DisableEvent(XMC_USIC_CH_t *const channel, const uint32_t event)
{
 800205c:	b480      	push	{r7}
 800205e:	b083      	sub	sp, #12
 8002060:	af00      	add	r7, sp, #0
 8002062:	6078      	str	r0, [r7, #4]
 8002064:	6039      	str	r1, [r7, #0]
  channel->RBCTR &= (uint32_t)~event;
 8002066:	687b      	ldr	r3, [r7, #4]
 8002068:	f8d3 210c 	ldr.w	r2, [r3, #268]	; 0x10c
 800206c:	683b      	ldr	r3, [r7, #0]
 800206e:	43db      	mvns	r3, r3
 8002070:	401a      	ands	r2, r3
 8002072:	687b      	ldr	r3, [r7, #4]
 8002074:	f8c3 210c 	str.w	r2, [r3, #268]	; 0x10c
}
 8002078:	370c      	adds	r7, #12
 800207a:	46bd      	mov	sp, r7
 800207c:	f85d 7b04 	ldr.w	r7, [sp], #4
 8002080:	4770      	bx	lr
 8002082:	bf00      	nop

08002084 <XMC_USIC_CH_RXFIFO_IsEmpty>:
 *
 * \par<b>Related APIs:</b><BR>
 * XMC_USIC_CH_RXFIFO_Flush(), XMC_USIC_CH_RXFIFO_PutData() \n\n\n
 */
__STATIC_INLINE bool XMC_USIC_CH_RXFIFO_IsEmpty(XMC_USIC_CH_t *const channel)
{
 8002084:	b480      	push	{r7}
 8002086:	b083      	sub	sp, #12
 8002088:	af00      	add	r7, sp, #0
 800208a:	6078      	str	r0, [r7, #4]
  return (bool)(channel->TRBSR & USIC_CH_TRBSR_REMPTY_Msk);
 800208c:	687b      	ldr	r3, [r7, #4]
 800208e:	f8d3 3114 	ldr.w	r3, [r3, #276]	; 0x114
 8002092:	f003 0308 	and.w	r3, r3, #8
 8002096:	2b00      	cmp	r3, #0
 8002098:	bf14      	ite	ne
 800209a:	2301      	movne	r3, #1
 800209c:	2300      	moveq	r3, #0
 800209e:	b2db      	uxtb	r3, r3
}
 80020a0:	4618      	mov	r0, r3
 80020a2:	370c      	adds	r7, #12
 80020a4:	46bd      	mov	sp, r7
 80020a6:	f85d 7b04 	ldr.w	r7, [sp], #4
 80020aa:	4770      	bx	lr

080020ac <UART_Init>:
 *          UART_SUCCESS: for successful UART initialization.<BR>
 *          UART_STATUS_FAILURE  : If UART initialization fails.<BR>
 *
 */
UART_STATUS_t UART_Init(const UART_t *const handle)
{
 80020ac:	b580      	push	{r7, lr}
 80020ae:	b084      	sub	sp, #16
 80020b0:	af00      	add	r7, sp, #0
 80020b2:	6078      	str	r0, [r7, #4]
  UART_STATUS_t status = UART_STATUS_SUCCESS;
 80020b4:	2300      	movs	r3, #0
 80020b6:	73fb      	strb	r3, [r7, #15]
  XMC_ASSERT("UART_Init : UART APP handle invalid", (((handle != NULL)&&
      (handle->config != NULL)) &&((handle->config->fptr_uart_config != NULL)&&
      (handle->runtime != NULL))));

  /*Initialize the multiplexers required for UART configuration*/
  status = handle->config->fptr_uart_config();
 80020b8:	687b      	ldr	r3, [r7, #4]
 80020ba:	685b      	ldr	r3, [r3, #4]
 80020bc:	685b      	ldr	r3, [r3, #4]
 80020be:	4798      	blx	r3
 80020c0:	4603      	mov	r3, r0
 80020c2:	73fb      	strb	r3, [r7, #15]

  return status;
 80020c4:	7bfb      	ldrb	r3, [r7, #15]
}
 80020c6:	4618      	mov	r0, r3
 80020c8:	3710      	adds	r7, #16
 80020ca:	46bd      	mov	sp, r7
 80020cc:	bd80      	pop	{r7, pc}
 80020ce:	bf00      	nop

080020d0 <UART_lTransmitHandler>:
 *  * param[in]  handle UART APP handle pointer of type UART_t*
 *
 *  * return void
 */
void UART_lTransmitHandler(const UART_t * const handle)
{
 80020d0:	b580      	push	{r7, lr}
 80020d2:	b084      	sub	sp, #16
 80020d4:	af00      	add	r7, sp, #0
 80020d6:	6078      	str	r0, [r7, #4]
  UART_RUNTIME_t * ptr_runtime = handle->runtime;
 80020d8:	687b      	ldr	r3, [r7, #4]
 80020da:	689b      	ldr	r3, [r3, #8]
 80020dc:	60fb      	str	r3, [r7, #12]

  if (ptr_runtime->tx_data_index < ptr_runtime->tx_data_count)
 80020de:	68fb      	ldr	r3, [r7, #12]
 80020e0:	68da      	ldr	r2, [r3, #12]
 80020e2:	68fb      	ldr	r3, [r7, #12]
 80020e4:	689b      	ldr	r3, [r3, #8]
 80020e6:	429a      	cmp	r2, r3
 80020e8:	d240      	bcs.n	800216c <UART_lTransmitHandler+0x9c>
  {
    if (handle->config->tx_fifo_size != XMC_USIC_CH_FIFO_DISABLED)
 80020ea:	687b      	ldr	r3, [r7, #4]
 80020ec:	685b      	ldr	r3, [r3, #4]
 80020ee:	f893 302b 	ldrb.w	r3, [r3, #43]	; 0x2b
 80020f2:	2b00      	cmp	r3, #0
 80020f4:	d027      	beq.n	8002146 <UART_lTransmitHandler+0x76>
    {
      /*When Transmit FIFO is enabled*/
      /*Fill the transmit FIFO */
      while (XMC_USIC_CH_TXFIFO_IsFull(handle->channel) == false)
 80020f6:	e01a      	b.n	800212e <UART_lTransmitHandler+0x5e>
      {
        if (ptr_runtime->tx_data_index < ptr_runtime->tx_data_count)
 80020f8:	68fb      	ldr	r3, [r7, #12]
 80020fa:	68da      	ldr	r2, [r3, #12]
 80020fc:	68fb      	ldr	r3, [r7, #12]
 80020fe:	689b      	ldr	r3, [r3, #8]
 8002100:	429a      	cmp	r2, r3
 8002102:	d212      	bcs.n	800212a <UART_lTransmitHandler+0x5a>
        {
          /*Load the FIFO byte by byte till either FIFO is full or all data is loaded*/
          XMC_UART_CH_Transmit(handle->channel,(uint16_t)ptr_runtime->tx_data[ptr_runtime->tx_data_index]);
 8002104:	687b      	ldr	r3, [r7, #4]
 8002106:	6819      	ldr	r1, [r3, #0]
 8002108:	68fb      	ldr	r3, [r7, #12]
 800210a:	681a      	ldr	r2, [r3, #0]
 800210c:	68fb      	ldr	r3, [r7, #12]
 800210e:	68db      	ldr	r3, [r3, #12]
 8002110:	4413      	add	r3, r2
 8002112:	781b      	ldrb	r3, [r3, #0]
 8002114:	b29b      	uxth	r3, r3
 8002116:	4608      	mov	r0, r1
 8002118:	4619      	mov	r1, r3
 800211a:	f7ff fcbb 	bl	8001a94 <XMC_UART_CH_Transmit>
          (ptr_runtime->tx_data_index)++;
 800211e:	68fb      	ldr	r3, [r7, #12]
 8002120:	68db      	ldr	r3, [r3, #12]
 8002122:	1c5a      	adds	r2, r3, #1
 8002124:	68fb      	ldr	r3, [r7, #12]
 8002126:	60da      	str	r2, [r3, #12]
 8002128:	e001      	b.n	800212e <UART_lTransmitHandler+0x5e>
        }
        else
        {
          break;
 800212a:	bf00      	nop
 800212c:	e053      	b.n	80021d6 <UART_lTransmitHandler+0x106>
  {
    if (handle->config->tx_fifo_size != XMC_USIC_CH_FIFO_DISABLED)
    {
      /*When Transmit FIFO is enabled*/
      /*Fill the transmit FIFO */
      while (XMC_USIC_CH_TXFIFO_IsFull(handle->channel) == false)
 800212e:	687b      	ldr	r3, [r7, #4]
 8002130:	681b      	ldr	r3, [r3, #0]
 8002132:	4618      	mov	r0, r3
 8002134:	f7ff ff6a 	bl	800200c <XMC_USIC_CH_TXFIFO_IsFull>
 8002138:	4603      	mov	r3, r0
 800213a:	f083 0301 	eor.w	r3, r3, #1
 800213e:	b2db      	uxtb	r3, r3
 8002140:	2b00      	cmp	r3, #0
 8002142:	d1d9      	bne.n	80020f8 <UART_lTransmitHandler+0x28>
 8002144:	e047      	b.n	80021d6 <UART_lTransmitHandler+0x106>
      }
    }
    else
    {
      /*When Transmit FIFO is disabled*/
      XMC_UART_CH_Transmit(handle->channel,(uint16_t)ptr_runtime->tx_data[ptr_runtime->tx_data_index]);
 8002146:	687b      	ldr	r3, [r7, #4]
 8002148:	6819      	ldr	r1, [r3, #0]
 800214a:	68fb      	ldr	r3, [r7, #12]
 800214c:	681a      	ldr	r2, [r3, #0]
 800214e:	68fb      	ldr	r3, [r7, #12]
 8002150:	68db      	ldr	r3, [r3, #12]
 8002152:	4413      	add	r3, r2
 8002154:	781b      	ldrb	r3, [r3, #0]
 8002156:	b29b      	uxth	r3, r3
 8002158:	4608      	mov	r0, r1
 800215a:	4619      	mov	r1, r3
 800215c:	f7ff fc9a 	bl	8001a94 <XMC_UART_CH_Transmit>
      (ptr_runtime->tx_data_index)++;
 8002160:	68fb      	ldr	r3, [r7, #12]
 8002162:	68db      	ldr	r3, [r3, #12]
 8002164:	1c5a      	adds	r2, r3, #1
 8002166:	68fb      	ldr	r3, [r7, #12]
 8002168:	60da      	str	r2, [r3, #12]
 800216a:	e034      	b.n	80021d6 <UART_lTransmitHandler+0x106>
    }
  }
  else
  {
    if (XMC_USIC_CH_TXFIFO_IsEmpty(handle->channel) == true)
 800216c:	687b      	ldr	r3, [r7, #4]
 800216e:	681b      	ldr	r3, [r3, #0]
 8002170:	4618      	mov	r0, r3
 8002172:	f7ff ff5f 	bl	8002034 <XMC_USIC_CH_TXFIFO_IsEmpty>
 8002176:	4603      	mov	r3, r0
 8002178:	2b00      	cmp	r3, #0
 800217a:	d02c      	beq.n	80021d6 <UART_lTransmitHandler+0x106>
    {
      if (handle->config->tx_fifo_size != XMC_USIC_CH_FIFO_DISABLED)
 800217c:	687b      	ldr	r3, [r7, #4]
 800217e:	685b      	ldr	r3, [r3, #4]
 8002180:	f893 302b 	ldrb.w	r3, [r3, #43]	; 0x2b
 8002184:	2b00      	cmp	r3, #0
 8002186:	d007      	beq.n	8002198 <UART_lTransmitHandler+0xc8>
      {
        /*Disable the transmit FIFO event*/
        XMC_USIC_CH_TXFIFO_DisableEvent(handle->channel,(uint32_t)XMC_USIC_CH_TXFIFO_EVENT_CONF_STANDARD);
 8002188:	687b      	ldr	r3, [r7, #4]
 800218a:	681b      	ldr	r3, [r3, #0]
 800218c:	4618      	mov	r0, r3
 800218e:	f04f 4180 	mov.w	r1, #1073741824	; 0x40000000
 8002192:	f7ff ff27 	bl	8001fe4 <XMC_USIC_CH_TXFIFO_DisableEvent>
 8002196:	e006      	b.n	80021a6 <UART_lTransmitHandler+0xd6>
      }
      else
      {
        /*Disable the standard transmit event*/
        XMC_USIC_CH_DisableEvent(handle->channel, (uint32_t)XMC_USIC_CH_EVENT_TRANSMIT_BUFFER);
 8002198:	687b      	ldr	r3, [r7, #4]
 800219a:	681b      	ldr	r3, [r3, #0]
 800219c:	4618      	mov	r0, r3
 800219e:	f44f 5100 	mov.w	r1, #8192	; 0x2000
 80021a2:	f7ff fefd 	bl	8001fa0 <XMC_USIC_CH_DisableEvent>
      }

      /*Wait for the transmit buffer to be free to ensure that all data is transmitted*/
      while (XMC_USIC_CH_GetTransmitBufferStatus(handle->channel) == XMC_USIC_CH_TBUF_STATUS_BUSY)
 80021a6:	bf00      	nop
 80021a8:	687b      	ldr	r3, [r7, #4]
 80021aa:	681b      	ldr	r3, [r3, #0]
 80021ac:	4618      	mov	r0, r3
 80021ae:	f7ff ff09 	bl	8001fc4 <XMC_USIC_CH_GetTransmitBufferStatus>
 80021b2:	4603      	mov	r3, r0
 80021b4:	2b80      	cmp	r3, #128	; 0x80
 80021b6:	d0f7      	beq.n	80021a8 <UART_lTransmitHandler+0xd8>
      {

      }
      /*All data is transmitted*/
      ptr_runtime->tx_busy = false;
 80021b8:	68fb      	ldr	r3, [r7, #12]
 80021ba:	2200      	movs	r2, #0
 80021bc:	761a      	strb	r2, [r3, #24]
      ptr_runtime->tx_data = NULL;
 80021be:	68fb      	ldr	r3, [r7, #12]
 80021c0:	2200      	movs	r2, #0
 80021c2:	601a      	str	r2, [r3, #0]

      if (handle->config->tx_cbhandler != NULL)
 80021c4:	687b      	ldr	r3, [r7, #4]
 80021c6:	685b      	ldr	r3, [r3, #4]
 80021c8:	689b      	ldr	r3, [r3, #8]
 80021ca:	2b00      	cmp	r3, #0
 80021cc:	d003      	beq.n	80021d6 <UART_lTransmitHandler+0x106>
      {
        /*Execute the callback function provided in the UART APP UI*/
        handle->config->tx_cbhandler();
 80021ce:	687b      	ldr	r3, [r7, #4]
 80021d0:	685b      	ldr	r3, [r3, #4]
 80021d2:	689b      	ldr	r3, [r3, #8]
 80021d4:	4798      	blx	r3
      }
    }
  }
}
 80021d6:	3710      	adds	r7, #16
 80021d8:	46bd      	mov	sp, r7
 80021da:	bd80      	pop	{r7, pc}

080021dc <UART_lReceiveHandler>:
 * param[in]  handle UART APP handle pointer of type UART_t*
 *
 * return void
 */
void UART_lReceiveHandler(const UART_t * const handle)
{
 80021dc:	b590      	push	{r4, r7, lr}
 80021de:	b085      	sub	sp, #20
 80021e0:	af00      	add	r7, sp, #0
 80021e2:	6078      	str	r0, [r7, #4]
  UART_RUNTIME_t * ptr_runtime = handle->runtime;
 80021e4:	687b      	ldr	r3, [r7, #4]
 80021e6:	689b      	ldr	r3, [r3, #8]
 80021e8:	60fb      	str	r3, [r7, #12]

  if (handle->config->rx_fifo_size != XMC_USIC_CH_FIFO_DISABLED)
 80021ea:	687b      	ldr	r3, [r7, #4]
 80021ec:	685b      	ldr	r3, [r3, #4]
 80021ee:	f893 302c 	ldrb.w	r3, [r3, #44]	; 0x2c
 80021f2:	2b00      	cmp	r3, #0
 80021f4:	d04e      	beq.n	8002294 <UART_lReceiveHandler+0xb8>
  {
    /*When Receive FIFO is enabled*/
    while (XMC_USIC_CH_RXFIFO_IsEmpty(handle->channel) == false)
 80021f6:	e032      	b.n	800225e <UART_lReceiveHandler+0x82>
    {
      if (ptr_runtime->rx_data_index < ptr_runtime->rx_data_count)
 80021f8:	68fb      	ldr	r3, [r7, #12]
 80021fa:	695a      	ldr	r2, [r3, #20]
 80021fc:	68fb      	ldr	r3, [r7, #12]
 80021fe:	691b      	ldr	r3, [r3, #16]
 8002200:	429a      	cmp	r2, r3
 8002202:	d211      	bcs.n	8002228 <UART_lReceiveHandler+0x4c>
      {
        /*Read all the content of Receive FIFO */
        ptr_runtime->rx_data[ptr_runtime->rx_data_index] = (uint8_t)XMC_UART_CH_GetReceivedData(handle->channel);
 8002204:	68fb      	ldr	r3, [r7, #12]
 8002206:	685a      	ldr	r2, [r3, #4]
 8002208:	68fb      	ldr	r3, [r7, #12]
 800220a:	695b      	ldr	r3, [r3, #20]
 800220c:	18d4      	adds	r4, r2, r3
 800220e:	687b      	ldr	r3, [r7, #4]
 8002210:	681b      	ldr	r3, [r3, #0]
 8002212:	4618      	mov	r0, r3
 8002214:	f7ff fc64 	bl	8001ae0 <XMC_UART_CH_GetReceivedData>
 8002218:	4603      	mov	r3, r0
 800221a:	b2db      	uxtb	r3, r3
 800221c:	7023      	strb	r3, [r4, #0]
        (ptr_runtime->rx_data_index)++;
 800221e:	68fb      	ldr	r3, [r7, #12]
 8002220:	695b      	ldr	r3, [r3, #20]
 8002222:	1c5a      	adds	r2, r3, #1
 8002224:	68fb      	ldr	r3, [r7, #12]
 8002226:	615a      	str	r2, [r3, #20]
      }

      if (ptr_runtime->rx_data_index == ptr_runtime->rx_data_count)
 8002228:	68fb      	ldr	r3, [r7, #12]
 800222a:	695a      	ldr	r2, [r3, #20]
 800222c:	68fb      	ldr	r3, [r7, #12]
 800222e:	691b      	ldr	r3, [r3, #16]
 8002230:	429a      	cmp	r2, r3
 8002232:	d114      	bne.n	800225e <UART_lReceiveHandler+0x82>
      {
        /*Reception complete*/
        ptr_runtime->rx_busy = false;
 8002234:	68fb      	ldr	r3, [r7, #12]
 8002236:	2200      	movs	r2, #0
 8002238:	765a      	strb	r2, [r3, #25]
        /*Disable both standard receive and alternative receive FIFO events*/
        XMC_USIC_CH_RXFIFO_DisableEvent(handle->channel,
 800223a:	687b      	ldr	r3, [r7, #4]
 800223c:	681b      	ldr	r3, [r3, #0]
 800223e:	4618      	mov	r0, r3
 8002240:	f04f 41c0 	mov.w	r1, #1610612736	; 0x60000000
 8002244:	f7ff ff0a 	bl	800205c <XMC_USIC_CH_RXFIFO_DisableEvent>
            (uint32_t)((uint32_t)XMC_USIC_CH_RXFIFO_EVENT_CONF_STANDARD |
            (uint32_t)XMC_USIC_CH_RXFIFO_EVENT_CONF_ALTERNATE));
        if (handle->config->rx_cbhandler != NULL)
 8002248:	687b      	ldr	r3, [r7, #4]
 800224a:	685b      	ldr	r3, [r3, #4]
 800224c:	68db      	ldr	r3, [r3, #12]
 800224e:	2b00      	cmp	r3, #0
 8002250:	d004      	beq.n	800225c <UART_lReceiveHandler+0x80>
        {
          /*Execute the 'End of reception' callback function*/
          handle->config->rx_cbhandler();
 8002252:	687b      	ldr	r3, [r7, #4]
 8002254:	685b      	ldr	r3, [r3, #4]
 8002256:	68db      	ldr	r3, [r3, #12]
 8002258:	4798      	blx	r3
        }
        break;
 800225a:	e00b      	b.n	8002274 <UART_lReceiveHandler+0x98>
 800225c:	e00a      	b.n	8002274 <UART_lReceiveHandler+0x98>
  UART_RUNTIME_t * ptr_runtime = handle->runtime;

  if (handle->config->rx_fifo_size != XMC_USIC_CH_FIFO_DISABLED)
  {
    /*When Receive FIFO is enabled*/
    while (XMC_USIC_CH_RXFIFO_IsEmpty(handle->channel) == false)
 800225e:	687b      	ldr	r3, [r7, #4]
 8002260:	681b      	ldr	r3, [r3, #0]
 8002262:	4618      	mov	r0, r3
 8002264:	f7ff ff0e 	bl	8002084 <XMC_USIC_CH_RXFIFO_IsEmpty>
 8002268:	4603      	mov	r3, r0
 800226a:	f083 0301 	eor.w	r3, r3, #1
 800226e:	b2db      	uxtb	r3, r3
 8002270:	2b00      	cmp	r3, #0
 8002272:	d1c1      	bne.n	80021f8 <UART_lReceiveHandler+0x1c>
        }
        break;
      }
    }
    /*Set the trigger limit if data still to be received*/
    if (ptr_runtime->rx_data_index < ptr_runtime->rx_data_count)
 8002274:	68fb      	ldr	r3, [r7, #12]
 8002276:	695a      	ldr	r2, [r3, #20]
 8002278:	68fb      	ldr	r3, [r7, #12]
 800227a:	691b      	ldr	r3, [r3, #16]
 800227c:	429a      	cmp	r2, r3
 800227e:	d23a      	bcs.n	80022f6 <UART_lReceiveHandler+0x11a>
    {
      UART_lReconfigureRxFIFO(handle,
          (uint32_t)(ptr_runtime->rx_data_count - ptr_runtime->rx_data_index));
 8002280:	68fb      	ldr	r3, [r7, #12]
 8002282:	691a      	ldr	r2, [r3, #16]
 8002284:	68fb      	ldr	r3, [r7, #12]
 8002286:	695b      	ldr	r3, [r3, #20]
      }
    }
    /*Set the trigger limit if data still to be received*/
    if (ptr_runtime->rx_data_index < ptr_runtime->rx_data_count)
    {
      UART_lReconfigureRxFIFO(handle,
 8002288:	1ad3      	subs	r3, r2, r3
 800228a:	6878      	ldr	r0, [r7, #4]
 800228c:	4619      	mov	r1, r3
 800228e:	f000 f835 	bl	80022fc <UART_lReconfigureRxFIFO>
 8002292:	e030      	b.n	80022f6 <UART_lReceiveHandler+0x11a>
    }
  }
  else
  {
    /*When RxFIFO is disabled*/
    if (ptr_runtime->rx_data_index < ptr_runtime->rx_data_count)
 8002294:	68fb      	ldr	r3, [r7, #12]
 8002296:	695a      	ldr	r2, [r3, #20]
 8002298:	68fb      	ldr	r3, [r7, #12]
 800229a:	691b      	ldr	r3, [r3, #16]
 800229c:	429a      	cmp	r2, r3
 800229e:	d211      	bcs.n	80022c4 <UART_lReceiveHandler+0xe8>
    {
      ptr_runtime->rx_data[ptr_runtime->rx_data_index] = (uint8_t)XMC_UART_CH_GetReceivedData(handle->channel);
 80022a0:	68fb      	ldr	r3, [r7, #12]
 80022a2:	685a      	ldr	r2, [r3, #4]
 80022a4:	68fb      	ldr	r3, [r7, #12]
 80022a6:	695b      	ldr	r3, [r3, #20]
 80022a8:	18d4      	adds	r4, r2, r3
 80022aa:	687b      	ldr	r3, [r7, #4]
 80022ac:	681b      	ldr	r3, [r3, #0]
 80022ae:	4618      	mov	r0, r3
 80022b0:	f7ff fc16 	bl	8001ae0 <XMC_UART_CH_GetReceivedData>
 80022b4:	4603      	mov	r3, r0
 80022b6:	b2db      	uxtb	r3, r3
 80022b8:	7023      	strb	r3, [r4, #0]
      (ptr_runtime->rx_data_index)++;
 80022ba:	68fb      	ldr	r3, [r7, #12]
 80022bc:	695b      	ldr	r3, [r3, #20]
 80022be:	1c5a      	adds	r2, r3, #1
 80022c0:	68fb      	ldr	r3, [r7, #12]
 80022c2:	615a      	str	r2, [r3, #20]
    }

    if (ptr_runtime->rx_data_index == ptr_runtime->rx_data_count)
 80022c4:	68fb      	ldr	r3, [r7, #12]
 80022c6:	695a      	ldr	r2, [r3, #20]
 80022c8:	68fb      	ldr	r3, [r7, #12]
 80022ca:	691b      	ldr	r3, [r3, #16]
 80022cc:	429a      	cmp	r2, r3
 80022ce:	d112      	bne.n	80022f6 <UART_lReceiveHandler+0x11a>
    {
      /*Reception complete*/
      ptr_runtime->rx_busy = false;
 80022d0:	68fb      	ldr	r3, [r7, #12]
 80022d2:	2200      	movs	r2, #0
 80022d4:	765a      	strb	r2, [r3, #25]
      /*Disable both standard receive and alternative receive FIFO events*/
      XMC_USIC_CH_DisableEvent(handle->channel,
 80022d6:	687b      	ldr	r3, [r7, #4]
 80022d8:	681b      	ldr	r3, [r3, #0]
 80022da:	4618      	mov	r0, r3
 80022dc:	f44f 4140 	mov.w	r1, #49152	; 0xc000
 80022e0:	f7ff fe5e 	bl	8001fa0 <XMC_USIC_CH_DisableEvent>
          (uint32_t)((uint32_t)XMC_USIC_CH_EVENT_ALTERNATIVE_RECEIVE | (uint32_t)XMC_USIC_CH_EVENT_STANDARD_RECEIVE));

      if (handle->config->rx_cbhandler != NULL)
 80022e4:	687b      	ldr	r3, [r7, #4]
 80022e6:	685b      	ldr	r3, [r3, #4]
 80022e8:	68db      	ldr	r3, [r3, #12]
 80022ea:	2b00      	cmp	r3, #0
 80022ec:	d003      	beq.n	80022f6 <UART_lReceiveHandler+0x11a>
      {
        /*Execute the 'End of reception' callback function*/
        handle->config->rx_cbhandler();
 80022ee:	687b      	ldr	r3, [r7, #4]
 80022f0:	685b      	ldr	r3, [r3, #4]
 80022f2:	68db      	ldr	r3, [r3, #12]
 80022f4:	4798      	blx	r3
      }
    }
  }
}
 80022f6:	3714      	adds	r7, #20
 80022f8:	46bd      	mov	sp, r7
 80022fa:	bd90      	pop	{r4, r7, pc}

080022fc <UART_lReconfigureRxFIFO>:
 * param[in] uint8_t  number of bytes to be received.
 *
 * return void.
 */
static void UART_lReconfigureRxFIFO(const UART_t * const handle, uint32_t data_size)
{
 80022fc:	b580      	push	{r7, lr}
 80022fe:	b084      	sub	sp, #16
 8002300:	af00      	add	r7, sp, #0
 8002302:	6078      	str	r0, [r7, #4]
 8002304:	6039      	str	r1, [r7, #0]
  uint32_t fifo_size;
  uint32_t ret_limit_val = 0U;
 8002306:	2300      	movs	r3, #0
 8002308:	60fb      	str	r3, [r7, #12]

  /*Get FIFO size in bytes*/
  fifo_size = (uint32_t)(0x01UL << (uint8_t)(handle->config->rx_fifo_size));
 800230a:	687b      	ldr	r3, [r7, #4]
 800230c:	685b      	ldr	r3, [r3, #4]
 800230e:	f893 302c 	ldrb.w	r3, [r3, #44]	; 0x2c
 8002312:	461a      	mov	r2, r3
 8002314:	2301      	movs	r3, #1
 8002316:	4093      	lsls	r3, r2
 8002318:	60bb      	str	r3, [r7, #8]
  /*If data size is more than FIFO size, configure the limit to the FIFO size*/
  if (data_size < fifo_size)
 800231a:	683a      	ldr	r2, [r7, #0]
 800231c:	68bb      	ldr	r3, [r7, #8]
 800231e:	429a      	cmp	r2, r3
 8002320:	d203      	bcs.n	800232a <UART_lReconfigureRxFIFO+0x2e>
  {
    ret_limit_val = (uint32_t)(data_size - 1U);
 8002322:	683b      	ldr	r3, [r7, #0]
 8002324:	3b01      	subs	r3, #1
 8002326:	60fb      	str	r3, [r7, #12]
 8002328:	e002      	b.n	8002330 <UART_lReconfigureRxFIFO+0x34>
  }
  else
  {
    ret_limit_val = (uint32_t)(fifo_size - 1U);
 800232a:	68bb      	ldr	r3, [r7, #8]
 800232c:	3b01      	subs	r3, #1
 800232e:	60fb      	str	r3, [r7, #12]
  }
  /*Set the limit value*/
  XMC_USIC_CH_RXFIFO_SetSizeTriggerLimit(handle->channel,
 8002330:	687b      	ldr	r3, [r7, #4]
 8002332:	681a      	ldr	r2, [r3, #0]
        handle->config->rx_fifo_size, ret_limit_val);
 8002334:	687b      	ldr	r3, [r7, #4]
 8002336:	685b      	ldr	r3, [r3, #4]
  else
  {
    ret_limit_val = (uint32_t)(fifo_size - 1U);
  }
  /*Set the limit value*/
  XMC_USIC_CH_RXFIFO_SetSizeTriggerLimit(handle->channel,
 8002338:	f893 302c 	ldrb.w	r3, [r3, #44]	; 0x2c
 800233c:	4610      	mov	r0, r2
 800233e:	4619      	mov	r1, r3
 8002340:	68fa      	ldr	r2, [r7, #12]
 8002342:	f7ff fd77 	bl	8001e34 <XMC_USIC_CH_RXFIFO_SetSizeTriggerLimit>
        handle->config->rx_fifo_size, ret_limit_val);
}
 8002346:	3710      	adds	r7, #16
 8002348:	46bd      	mov	sp, r7
 800234a:	bd80      	pop	{r7, pc}

0800234c <__NVIC_GetPriorityGrouping>:
  \brief   Get Priority Grouping
  \details Reads the priority grouping field from the NVIC Interrupt Controller.
  \return                Priority grouping field (SCB->AIRCR [10:8] PRIGROUP field).
 */
__STATIC_INLINE uint32_t __NVIC_GetPriorityGrouping(void)
{
 800234c:	b480      	push	{r7}
 800234e:	af00      	add	r7, sp, #0
  return ((uint32_t)((SCB->AIRCR & SCB_AIRCR_PRIGROUP_Msk) >> SCB_AIRCR_PRIGROUP_Pos));
 8002350:	4b04      	ldr	r3, [pc, #16]	; (8002364 <__NVIC_GetPriorityGrouping+0x18>)
 8002352:	68db      	ldr	r3, [r3, #12]
 8002354:	f403 63e0 	and.w	r3, r3, #1792	; 0x700
 8002358:	0a1b      	lsrs	r3, r3, #8
}
 800235a:	4618      	mov	r0, r3
 800235c:	46bd      	mov	sp, r7
 800235e:	f85d 7b04 	ldr.w	r7, [sp], #4
 8002362:	4770      	bx	lr
 8002364:	e000ed00 	.word	0xe000ed00

08002368 <__NVIC_EnableIRQ>:
  \details Enables a device specific interrupt in the NVIC interrupt controller.
  \param [in]      IRQn  Device specific interrupt number.
  \note    IRQn must not be negative.
 */
__STATIC_INLINE void __NVIC_EnableIRQ(IRQn_Type IRQn)
{
 8002368:	b480      	push	{r7}
 800236a:	b083      	sub	sp, #12
 800236c:	af00      	add	r7, sp, #0
 800236e:	4603      	mov	r3, r0
 8002370:	71fb      	strb	r3, [r7, #7]
  if ((int32_t)(IRQn) >= 0)
 8002372:	f997 3007 	ldrsb.w	r3, [r7, #7]
 8002376:	2b00      	cmp	r3, #0
 8002378:	db0b      	blt.n	8002392 <__NVIC_EnableIRQ+0x2a>
  {
    __COMPILER_BARRIER();
    NVIC->ISER[(((uint32_t)IRQn) >> 5UL)] = (uint32_t)(1UL << (((uint32_t)IRQn) & 0x1FUL));
 800237a:	4908      	ldr	r1, [pc, #32]	; (800239c <__NVIC_EnableIRQ+0x34>)
 800237c:	f997 3007 	ldrsb.w	r3, [r7, #7]
 8002380:	095b      	lsrs	r3, r3, #5
 8002382:	79fa      	ldrb	r2, [r7, #7]
 8002384:	f002 021f 	and.w	r2, r2, #31
 8002388:	2001      	movs	r0, #1
 800238a:	fa00 f202 	lsl.w	r2, r0, r2
 800238e:	f841 2023 	str.w	r2, [r1, r3, lsl #2]
    __COMPILER_BARRIER();
  }
}
 8002392:	370c      	adds	r7, #12
 8002394:	46bd      	mov	sp, r7
 8002396:	f85d 7b04 	ldr.w	r7, [sp], #4
 800239a:	4770      	bx	lr
 800239c:	e000e100 	.word	0xe000e100

080023a0 <__NVIC_SetPriority>:
  \param [in]      IRQn  Interrupt number.
  \param [in]  priority  Priority to set.
  \note    The priority cannot be set for every processor exception.
 */
__STATIC_INLINE void __NVIC_SetPriority(IRQn_Type IRQn, uint32_t priority)
{
 80023a0:	b480      	push	{r7}
 80023a2:	b083      	sub	sp, #12
 80023a4:	af00      	add	r7, sp, #0
 80023a6:	4603      	mov	r3, r0
 80023a8:	6039      	str	r1, [r7, #0]
 80023aa:	71fb      	strb	r3, [r7, #7]
  if ((int32_t)(IRQn) >= 0)
 80023ac:	f997 3007 	ldrsb.w	r3, [r7, #7]
 80023b0:	2b00      	cmp	r3, #0
 80023b2:	db0a      	blt.n	80023ca <__NVIC_SetPriority+0x2a>
  {
    NVIC->IP[((uint32_t)IRQn)]               = (uint8_t)((priority << (8U - __NVIC_PRIO_BITS)) & (uint32_t)0xFFUL);
 80023b4:	490d      	ldr	r1, [pc, #52]	; (80023ec <__NVIC_SetPriority+0x4c>)
 80023b6:	f997 3007 	ldrsb.w	r3, [r7, #7]
 80023ba:	683a      	ldr	r2, [r7, #0]
 80023bc:	b2d2      	uxtb	r2, r2
 80023be:	0092      	lsls	r2, r2, #2
 80023c0:	b2d2      	uxtb	r2, r2
 80023c2:	440b      	add	r3, r1
 80023c4:	f883 2300 	strb.w	r2, [r3, #768]	; 0x300
 80023c8:	e00a      	b.n	80023e0 <__NVIC_SetPriority+0x40>
  }
  else
  {
    SCB->SHP[(((uint32_t)IRQn) & 0xFUL)-4UL] = (uint8_t)((priority << (8U - __NVIC_PRIO_BITS)) & (uint32_t)0xFFUL);
 80023ca:	4909      	ldr	r1, [pc, #36]	; (80023f0 <__NVIC_SetPriority+0x50>)
 80023cc:	79fb      	ldrb	r3, [r7, #7]
 80023ce:	f003 030f 	and.w	r3, r3, #15
 80023d2:	3b04      	subs	r3, #4
 80023d4:	683a      	ldr	r2, [r7, #0]
 80023d6:	b2d2      	uxtb	r2, r2
 80023d8:	0092      	lsls	r2, r2, #2
 80023da:	b2d2      	uxtb	r2, r2
 80023dc:	440b      	add	r3, r1
 80023de:	761a      	strb	r2, [r3, #24]
  }
}
 80023e0:	370c      	adds	r7, #12
 80023e2:	46bd      	mov	sp, r7
 80023e4:	f85d 7b04 	ldr.w	r7, [sp], #4
 80023e8:	4770      	bx	lr
 80023ea:	bf00      	nop
 80023ec:	e000e100 	.word	0xe000e100
 80023f0:	e000ed00 	.word	0xe000ed00

080023f4 <NVIC_EncodePriority>:
  \param [in]   PreemptPriority  Preemptive priority value (starting from 0).
  \param [in]       SubPriority  Subpriority value (starting from 0).
  \return                        Encoded priority. Value can be used in the function \ref NVIC_SetPriority().
 */
__STATIC_INLINE uint32_t NVIC_EncodePriority (uint32_t PriorityGroup, uint32_t PreemptPriority, uint32_t SubPriority)
{
 80023f4:	b480      	push	{r7}
 80023f6:	b089      	sub	sp, #36	; 0x24
 80023f8:	af00      	add	r7, sp, #0
 80023fa:	60f8      	str	r0, [r7, #12]
 80023fc:	60b9      	str	r1, [r7, #8]
 80023fe:	607a      	str	r2, [r7, #4]
  uint32_t PriorityGroupTmp = (PriorityGroup & (uint32_t)0x07UL);   /* only values 0..7 are used          */
 8002400:	68fb      	ldr	r3, [r7, #12]
 8002402:	f003 0307 	and.w	r3, r3, #7
 8002406:	61fb      	str	r3, [r7, #28]
  uint32_t PreemptPriorityBits;
  uint32_t SubPriorityBits;

  PreemptPriorityBits = ((7UL - PriorityGroupTmp) > (uint32_t)(__NVIC_PRIO_BITS)) ? (uint32_t)(__NVIC_PRIO_BITS) : (uint32_t)(7UL - PriorityGroupTmp);
 8002408:	69fb      	ldr	r3, [r7, #28]
 800240a:	f1c3 0307 	rsb	r3, r3, #7
 800240e:	2b06      	cmp	r3, #6
 8002410:	bf28      	it	cs
 8002412:	2306      	movcs	r3, #6
 8002414:	61bb      	str	r3, [r7, #24]
  SubPriorityBits     = ((PriorityGroupTmp + (uint32_t)(__NVIC_PRIO_BITS)) < (uint32_t)7UL) ? (uint32_t)0UL : (uint32_t)((PriorityGroupTmp - 7UL) + (uint32_t)(__NVIC_PRIO_BITS));
 8002416:	69fb      	ldr	r3, [r7, #28]
 8002418:	3306      	adds	r3, #6
 800241a:	2b06      	cmp	r3, #6
 800241c:	d902      	bls.n	8002424 <NVIC_EncodePriority+0x30>
 800241e:	69fb      	ldr	r3, [r7, #28]
 8002420:	3b01      	subs	r3, #1
 8002422:	e000      	b.n	8002426 <NVIC_EncodePriority+0x32>
 8002424:	2300      	movs	r3, #0
 8002426:	617b      	str	r3, [r7, #20]

  return (
           ((PreemptPriority & (uint32_t)((1UL << (PreemptPriorityBits)) - 1UL)) << SubPriorityBits) |
 8002428:	69bb      	ldr	r3, [r7, #24]
 800242a:	2201      	movs	r2, #1
 800242c:	fa02 f303 	lsl.w	r3, r2, r3
 8002430:	1e5a      	subs	r2, r3, #1
 8002432:	68bb      	ldr	r3, [r7, #8]
 8002434:	401a      	ands	r2, r3
 8002436:	697b      	ldr	r3, [r7, #20]
 8002438:	409a      	lsls	r2, r3
           ((SubPriority     & (uint32_t)((1UL << (SubPriorityBits    )) - 1UL)))
 800243a:	697b      	ldr	r3, [r7, #20]
 800243c:	2101      	movs	r1, #1
 800243e:	fa01 f303 	lsl.w	r3, r1, r3
 8002442:	1e59      	subs	r1, r3, #1
 8002444:	687b      	ldr	r3, [r7, #4]
 8002446:	400b      	ands	r3, r1
  uint32_t SubPriorityBits;

  PreemptPriorityBits = ((7UL - PriorityGroupTmp) > (uint32_t)(__NVIC_PRIO_BITS)) ? (uint32_t)(__NVIC_PRIO_BITS) : (uint32_t)(7UL - PriorityGroupTmp);
  SubPriorityBits     = ((PriorityGroupTmp + (uint32_t)(__NVIC_PRIO_BITS)) < (uint32_t)7UL) ? (uint32_t)0UL : (uint32_t)((PriorityGroupTmp - 7UL) + (uint32_t)(__NVIC_PRIO_BITS));

  return (
 8002448:	4313      	orrs	r3, r2
           ((PreemptPriority & (uint32_t)((1UL << (PreemptPriorityBits)) - 1UL)) << SubPriorityBits) |
           ((SubPriority     & (uint32_t)((1UL << (SubPriorityBits    )) - 1UL)))
         );
}
 800244a:	4618      	mov	r0, r3
 800244c:	3724      	adds	r7, #36	; 0x24
 800244e:	46bd      	mov	sp, r7
 8002450:	f85d 7b04 	ldr.w	r7, [sp], #4
 8002454:	4770      	bx	lr
 8002456:	bf00      	nop

08002458 <XMC_USIC_CH_SetInputSource>:
 * \par<b>Related APIs:</b><BR>
 * XMC_USIC_CH_EnableInputInversion(), XMC_USIC_CH_EnableInputDigitalFilter(), XMC_USIC_CH_EnableInputSync(),
 * XMC_USIC_CH_SetInputSamplingFreq()\n\n\n
 */
__STATIC_INLINE void XMC_USIC_CH_SetInputSource(XMC_USIC_CH_t *const channel, const XMC_USIC_CH_INPUT_t input, const uint8_t source)
{
 8002458:	b480      	push	{r7}
 800245a:	b083      	sub	sp, #12
 800245c:	af00      	add	r7, sp, #0
 800245e:	6078      	str	r0, [r7, #4]
 8002460:	460b      	mov	r3, r1
 8002462:	70fb      	strb	r3, [r7, #3]
 8002464:	4613      	mov	r3, r2
 8002466:	70bb      	strb	r3, [r7, #2]
  channel->DXCR[input] = (uint32_t)((channel->DXCR[input] & (uint32_t)(~USIC_CH_DXCR_DSEL_Msk)) |
 8002468:	78f8      	ldrb	r0, [r7, #3]
 800246a:	78fb      	ldrb	r3, [r7, #3]
 800246c:	687a      	ldr	r2, [r7, #4]
 800246e:	3306      	adds	r3, #6
 8002470:	009b      	lsls	r3, r3, #2
 8002472:	4413      	add	r3, r2
 8002474:	685b      	ldr	r3, [r3, #4]
 8002476:	f023 0207 	bic.w	r2, r3, #7
                                    ((uint32_t)source << USIC_CH_DXCR_DSEL_Pos));
 800247a:	78bb      	ldrb	r3, [r7, #2]
 * XMC_USIC_CH_EnableInputInversion(), XMC_USIC_CH_EnableInputDigitalFilter(), XMC_USIC_CH_EnableInputSync(),
 * XMC_USIC_CH_SetInputSamplingFreq()\n\n\n
 */
__STATIC_INLINE void XMC_USIC_CH_SetInputSource(XMC_USIC_CH_t *const channel, const XMC_USIC_CH_INPUT_t input, const uint8_t source)
{
  channel->DXCR[input] = (uint32_t)((channel->DXCR[input] & (uint32_t)(~USIC_CH_DXCR_DSEL_Msk)) |
 800247c:	431a      	orrs	r2, r3
 800247e:	6879      	ldr	r1, [r7, #4]
 8002480:	1d83      	adds	r3, r0, #6
 8002482:	009b      	lsls	r3, r3, #2
 8002484:	440b      	add	r3, r1
 8002486:	605a      	str	r2, [r3, #4]
                                    ((uint32_t)source << USIC_CH_DXCR_DSEL_Pos));
}
 8002488:	370c      	adds	r7, #12
 800248a:	46bd      	mov	sp, r7
 800248c:	f85d 7b04 	ldr.w	r7, [sp], #4
 8002490:	4770      	bx	lr
 8002492:	bf00      	nop

08002494 <XMC_UART_CH_Init>:
 *
 * \par<b>Related APIs:</b><BR>
 * XMC_UART_CH_Start(), XMC_UART_CH_Stop(), XMC_UART_CH_Transmit()\n\n\n
 */
__STATIC_INLINE void XMC_UART_CH_Init(XMC_USIC_CH_t *const channel, const XMC_UART_CH_CONFIG_t *const config)
{
 8002494:	b580      	push	{r7, lr}
 8002496:	b082      	sub	sp, #8
 8002498:	af00      	add	r7, sp, #0
 800249a:	6078      	str	r0, [r7, #4]
 800249c:	6039      	str	r1, [r7, #0]
  XMC_UART_CH_InitEx(channel, config, true);
 800249e:	6878      	ldr	r0, [r7, #4]
 80024a0:	6839      	ldr	r1, [r7, #0]
 80024a2:	2201      	movs	r2, #1
 80024a4:	f7ff fa8c 	bl	80019c0 <XMC_UART_CH_InitEx>
}
 80024a8:	3708      	adds	r7, #8
 80024aa:	46bd      	mov	sp, r7
 80024ac:	bd80      	pop	{r7, pc}
 80024ae:	bf00      	nop

080024b0 <XMC_UART_CH_Start>:
 *
 * \par<b>Related APIs:</b><BR>
 * XMC_UART_CH_Stop(), XMC_UART_CH_Transmit()\n\n\n
 */
__STATIC_INLINE void XMC_UART_CH_Start(XMC_USIC_CH_t *const channel)
{
 80024b0:	b480      	push	{r7}
 80024b2:	b083      	sub	sp, #12
 80024b4:	af00      	add	r7, sp, #0
 80024b6:	6078      	str	r0, [r7, #4]
  channel->CCR = (uint32_t)(((channel->CCR) & (~USIC_CH_CCR_MODE_Msk)) | (uint32_t)XMC_USIC_CH_OPERATING_MODE_UART);
 80024b8:	687b      	ldr	r3, [r7, #4]
 80024ba:	6c1b      	ldr	r3, [r3, #64]	; 0x40
 80024bc:	f023 030f 	bic.w	r3, r3, #15
 80024c0:	f043 0202 	orr.w	r2, r3, #2
 80024c4:	687b      	ldr	r3, [r7, #4]
 80024c6:	641a      	str	r2, [r3, #64]	; 0x40
}
 80024c8:	370c      	adds	r7, #12
 80024ca:	46bd      	mov	sp, r7
 80024cc:	f85d 7b04 	ldr.w	r7, [sp], #4
 80024d0:	4770      	bx	lr
 80024d2:	bf00      	nop

080024d4 <UART_0_init>:
/**********************************************************************************************************************
 * API IMPLEMENTATION
 **********************************************************************************************************************/
/*Channel initialization function*/
UART_STATUS_t UART_0_init()
{
 80024d4:	b580      	push	{r7, lr}
 80024d6:	b082      	sub	sp, #8
 80024d8:	af00      	add	r7, sp, #0
  UART_STATUS_t status = UART_STATUS_SUCCESS;
 80024da:	2300      	movs	r3, #0
 80024dc:	71fb      	strb	r3, [r7, #7]
  /*Configure Receive pin*/
  XMC_GPIO_Init((XMC_GPIO_PORT_t *)PORT0_BASE, 0U, &UART_0_rx_pin_config);
 80024de:	482d      	ldr	r0, [pc, #180]	; (8002594 <UART_0_init+0xc0>)
 80024e0:	2100      	movs	r1, #0
 80024e2:	4a2d      	ldr	r2, [pc, #180]	; (8002598 <UART_0_init+0xc4>)
 80024e4:	f7fd ff6a 	bl	80003bc <XMC_GPIO_Init>
  /* Initialize USIC channel in UART mode*/
  XMC_UART_CH_Init(XMC_UART1_CH1, &UART_0_channel_config);
 80024e8:	482c      	ldr	r0, [pc, #176]	; (800259c <UART_0_init+0xc8>)
 80024ea:	492d      	ldr	r1, [pc, #180]	; (80025a0 <UART_0_init+0xcc>)
 80024ec:	f7ff ffd2 	bl	8002494 <XMC_UART_CH_Init>
  /*Set input source path*/
  XMC_USIC_CH_SetInputSource(XMC_UART1_CH1, XMC_USIC_CH_INPUT_DX0, 3U);
 80024f0:	482a      	ldr	r0, [pc, #168]	; (800259c <UART_0_init+0xc8>)
 80024f2:	2100      	movs	r1, #0
 80024f4:	2203      	movs	r2, #3
 80024f6:	f7ff ffaf 	bl	8002458 <XMC_USIC_CH_SetInputSource>
  /*Configure transmit FIFO*/
  XMC_USIC_CH_TXFIFO_Configure(XMC_UART1_CH1,
 80024fa:	4828      	ldr	r0, [pc, #160]	; (800259c <UART_0_init+0xc8>)
 80024fc:	2110      	movs	r1, #16
 80024fe:	2204      	movs	r2, #4
 8002500:	2301      	movs	r3, #1
 8002502:	f7ff fc45 	bl	8001d90 <XMC_USIC_CH_TXFIFO_Configure>
        16U,
        XMC_USIC_CH_FIFO_SIZE_16WORDS,
        1U);
  /*Configure receive FIFO*/
  XMC_USIC_CH_RXFIFO_Configure(XMC_UART1_CH1,
 8002506:	4825      	ldr	r0, [pc, #148]	; (800259c <UART_0_init+0xc8>)
 8002508:	2100      	movs	r1, #0
 800250a:	2204      	movs	r2, #4
 800250c:	2300      	movs	r3, #0
 800250e:	f7ff fc67 	bl	8001de0 <XMC_USIC_CH_RXFIFO_Configure>
        0U,
        XMC_USIC_CH_FIFO_SIZE_16WORDS,
        0U);
  /* Start UART */
  XMC_UART_CH_Start(XMC_UART1_CH1);
 8002512:	4822      	ldr	r0, [pc, #136]	; (800259c <UART_0_init+0xc8>)
 8002514:	f7ff ffcc 	bl	80024b0 <XMC_UART_CH_Start>

  /* Initialize UART TX pin */
  XMC_GPIO_Init((XMC_GPIO_PORT_t *)PORT0_BASE, 1U, &UART_0_tx_pin_config);
 8002518:	481e      	ldr	r0, [pc, #120]	; (8002594 <UART_0_init+0xc0>)
 800251a:	2101      	movs	r1, #1
 800251c:	4a21      	ldr	r2, [pc, #132]	; (80025a4 <UART_0_init+0xd0>)
 800251e:	f7fd ff4d 	bl	80003bc <XMC_GPIO_Init>

  /*Set service request for UART protocol events*/
  XMC_USIC_CH_SetInterruptNodePointer(XMC_UART1_CH1, XMC_USIC_CH_INTERRUPT_NODE_POINTER_PROTOCOL,
 8002522:	481e      	ldr	r0, [pc, #120]	; (800259c <UART_0_init+0xc8>)
 8002524:	2110      	movs	r1, #16
 8002526:	2202      	movs	r2, #2
 8002528:	f7ff fc9c 	bl	8001e64 <XMC_USIC_CH_SetInterruptNodePointer>
     2U);
  /*Set service request for tx FIFO transmit interrupt*/
  XMC_USIC_CH_TXFIFO_SetInterruptNodePointer(XMC_UART1_CH1, XMC_USIC_CH_TXFIFO_INTERRUPT_NODE_POINTER_STANDARD,
 800252c:	481b      	ldr	r0, [pc, #108]	; (800259c <UART_0_init+0xc8>)
 800252e:	2110      	movs	r1, #16
 8002530:	2201      	movs	r2, #1
 8002532:	f7ff fcb3 	bl	8001e9c <XMC_USIC_CH_TXFIFO_SetInterruptNodePointer>
      1U);
  /*Set service request for rx FIFO receive interrupt*/
  XMC_USIC_CH_RXFIFO_SetInterruptNodePointer(XMC_UART1_CH1, XMC_USIC_CH_RXFIFO_INTERRUPT_NODE_POINTER_STANDARD,
 8002536:	4819      	ldr	r0, [pc, #100]	; (800259c <UART_0_init+0xc8>)
 8002538:	2110      	movs	r1, #16
 800253a:	2200      	movs	r2, #0
 800253c:	f7ff fccc 	bl	8001ed8 <XMC_USIC_CH_RXFIFO_SetInterruptNodePointer>
       0x0U);
  XMC_USIC_CH_RXFIFO_SetInterruptNodePointer(XMC_UART1_CH1, XMC_USIC_CH_RXFIFO_INTERRUPT_NODE_POINTER_ALTERNATE,
 8002540:	4816      	ldr	r0, [pc, #88]	; (800259c <UART_0_init+0xc8>)
 8002542:	2113      	movs	r1, #19
 8002544:	2200      	movs	r2, #0
 8002546:	f7ff fcc7 	bl	8001ed8 <XMC_USIC_CH_RXFIFO_SetInterruptNodePointer>
       0x0U);
  /*Set priority and enable NVIC node for transmit interrupt*/
  NVIC_SetPriority((IRQn_Type)91, NVIC_EncodePriority(NVIC_GetPriorityGrouping(),
 800254a:	f7ff feff 	bl	800234c <__NVIC_GetPriorityGrouping>
 800254e:	4603      	mov	r3, r0
 8002550:	4618      	mov	r0, r3
 8002552:	213f      	movs	r1, #63	; 0x3f
 8002554:	2200      	movs	r2, #0
 8002556:	f7ff ff4d 	bl	80023f4 <NVIC_EncodePriority>
 800255a:	4603      	mov	r3, r0
 800255c:	205b      	movs	r0, #91	; 0x5b
 800255e:	4619      	mov	r1, r3
 8002560:	f7ff ff1e 	bl	80023a0 <__NVIC_SetPriority>
                        63U, 0U));
  NVIC_EnableIRQ((IRQn_Type)91);
 8002564:	205b      	movs	r0, #91	; 0x5b
 8002566:	f7ff feff 	bl	8002368 <__NVIC_EnableIRQ>
  /*Set priority and enable NVIC node for receive interrupt*/
  NVIC_SetPriority((IRQn_Type)90, NVIC_EncodePriority(NVIC_GetPriorityGrouping(),
 800256a:	f7ff feef 	bl	800234c <__NVIC_GetPriorityGrouping>
 800256e:	4603      	mov	r3, r0
 8002570:	4618      	mov	r0, r3
 8002572:	213f      	movs	r1, #63	; 0x3f
 8002574:	2200      	movs	r2, #0
 8002576:	f7ff ff3d 	bl	80023f4 <NVIC_EncodePriority>
 800257a:	4603      	mov	r3, r0
 800257c:	205a      	movs	r0, #90	; 0x5a
 800257e:	4619      	mov	r1, r3
 8002580:	f7ff ff0e 	bl	80023a0 <__NVIC_SetPriority>
                      63U, 0U));
  NVIC_EnableIRQ((IRQn_Type)90);
 8002584:	205a      	movs	r0, #90	; 0x5a
 8002586:	f7ff feef 	bl	8002368 <__NVIC_EnableIRQ>
  return status;
 800258a:	79fb      	ldrb	r3, [r7, #7]
}
 800258c:	4618      	mov	r0, r3
 800258e:	3708      	adds	r7, #8
 8002590:	46bd      	mov	sp, r7
 8002592:	bd80      	pop	{r7, pc}
 8002594:	48028000 	.word	0x48028000
 8002598:	080035fc 	.word	0x080035fc
 800259c:	48020200 	.word	0x48020200
 80025a0:	080035a8 	.word	0x080035a8
 80025a4:	080035b4 	.word	0x080035b4

080025a8 <USIC1_1_IRQHandler>:
/*Interrupt handlers*/
/*Transmit ISR*/
void UART_0_TX_HANDLER()
{
 80025a8:	b580      	push	{r7, lr}
 80025aa:	af00      	add	r7, sp, #0
  UART_lTransmitHandler(&UART_0);
 80025ac:	4801      	ldr	r0, [pc, #4]	; (80025b4 <USIC1_1_IRQHandler+0xc>)
 80025ae:	f7ff fd8f 	bl	80020d0 <UART_lTransmitHandler>
}
 80025b2:	bd80      	pop	{r7, pc}
 80025b4:	20000000 	.word	0x20000000

080025b8 <USIC1_0_IRQHandler>:

/*Receive ISR*/
void UART_0_RX_HANDLER()
{
 80025b8:	b580      	push	{r7, lr}
 80025ba:	af00      	add	r7, sp, #0
  UART_lReceiveHandler(&UART_0);
 80025bc:	4801      	ldr	r0, [pc, #4]	; (80025c4 <USIC1_0_IRQHandler+0xc>)
 80025be:	f7ff fe0d 	bl	80021dc <UART_lReceiveHandler>
}
 80025c2:	bd80      	pop	{r7, pc}
 80025c4:	20000000 	.word	0x20000000

080025c8 <SPI_SLAVE_Init>:
 *          SPI_SLAVE_SUCCESS: for successful SPI_SLAVE initialization.<BR>
 *          SPI_SLAVE_STATUS_FAILURE  : If SPI_SLAVE initialization fails.<BR>
 *
 */
SPI_SLAVE_STATUS_t SPI_SLAVE_Init(const SPI_SLAVE_t *const handle)
{
 80025c8:	b580      	push	{r7, lr}
 80025ca:	b084      	sub	sp, #16
 80025cc:	af00      	add	r7, sp, #0
 80025ce:	6078      	str	r0, [r7, #4]
  SPI_SLAVE_STATUS_t status = SPI_SLAVE_STATUS_SUCCESS;
 80025d0:	2300      	movs	r3, #0
 80025d2:	73fb      	strb	r3, [r7, #15]
  XMC_ASSERT("SPI_SLAVE_Init : SPI_SLAVE APP handle invalid", (((handle != NULL)&&
      (handle->config != NULL)) &&((handle->config->fptr_spi_slave_config != NULL)&&
      (handle->runtime != NULL))));
  /*Initialize the multiplexers required for SPI_SLAVE configuration*/
  status = handle->config->fptr_spi_slave_config();
 80025d4:	687b      	ldr	r3, [r7, #4]
 80025d6:	685b      	ldr	r3, [r3, #4]
 80025d8:	68db      	ldr	r3, [r3, #12]
 80025da:	4798      	blx	r3
 80025dc:	4603      	mov	r3, r0
 80025de:	73fb      	strb	r3, [r7, #15]

  return status;
 80025e0:	7bfb      	ldrb	r3, [r7, #15]
}
 80025e2:	4618      	mov	r0, r3
 80025e4:	3710      	adds	r7, #16
 80025e6:	46bd      	mov	sp, r7
 80025e8:	bd80      	pop	{r7, pc}
 80025ea:	bf00      	nop

080025ec <XMC_USIC_CH_SetInputSource>:
 * \par<b>Related APIs:</b><BR>
 * XMC_USIC_CH_EnableInputInversion(), XMC_USIC_CH_EnableInputDigitalFilter(), XMC_USIC_CH_EnableInputSync(),
 * XMC_USIC_CH_SetInputSamplingFreq()\n\n\n
 */
__STATIC_INLINE void XMC_USIC_CH_SetInputSource(XMC_USIC_CH_t *const channel, const XMC_USIC_CH_INPUT_t input, const uint8_t source)
{
 80025ec:	b480      	push	{r7}
 80025ee:	b083      	sub	sp, #12
 80025f0:	af00      	add	r7, sp, #0
 80025f2:	6078      	str	r0, [r7, #4]
 80025f4:	460b      	mov	r3, r1
 80025f6:	70fb      	strb	r3, [r7, #3]
 80025f8:	4613      	mov	r3, r2
 80025fa:	70bb      	strb	r3, [r7, #2]
  channel->DXCR[input] = (uint32_t)((channel->DXCR[input] & (uint32_t)(~USIC_CH_DXCR_DSEL_Msk)) |
 80025fc:	78f8      	ldrb	r0, [r7, #3]
 80025fe:	78fb      	ldrb	r3, [r7, #3]
 8002600:	687a      	ldr	r2, [r7, #4]
 8002602:	3306      	adds	r3, #6
 8002604:	009b      	lsls	r3, r3, #2
 8002606:	4413      	add	r3, r2
 8002608:	685b      	ldr	r3, [r3, #4]
 800260a:	f023 0207 	bic.w	r2, r3, #7
                                    ((uint32_t)source << USIC_CH_DXCR_DSEL_Pos));
 800260e:	78bb      	ldrb	r3, [r7, #2]
 * XMC_USIC_CH_EnableInputInversion(), XMC_USIC_CH_EnableInputDigitalFilter(), XMC_USIC_CH_EnableInputSync(),
 * XMC_USIC_CH_SetInputSamplingFreq()\n\n\n
 */
__STATIC_INLINE void XMC_USIC_CH_SetInputSource(XMC_USIC_CH_t *const channel, const XMC_USIC_CH_INPUT_t input, const uint8_t source)
{
  channel->DXCR[input] = (uint32_t)((channel->DXCR[input] & (uint32_t)(~USIC_CH_DXCR_DSEL_Msk)) |
 8002610:	431a      	orrs	r2, r3
 8002612:	6879      	ldr	r1, [r7, #4]
 8002614:	1d83      	adds	r3, r0, #6
 8002616:	009b      	lsls	r3, r3, #2
 8002618:	440b      	add	r3, r1
 800261a:	605a      	str	r2, [r3, #4]
                                    ((uint32_t)source << USIC_CH_DXCR_DSEL_Pos));
}
 800261c:	370c      	adds	r7, #12
 800261e:	46bd      	mov	sp, r7
 8002620:	f85d 7b04 	ldr.w	r7, [sp], #4
 8002624:	4770      	bx	lr
 8002626:	bf00      	nop

08002628 <XMC_USIC_CH_EnableInputInversion>:
 * Polarity of the input source can be changed to provide inverted data input.
 * \par<b>Related APIs:</b><BR>
 * XMC_USIC_CH_DisableInputInversion()\n\n\n
 */
__STATIC_INLINE void XMC_USIC_CH_EnableInputInversion(XMC_USIC_CH_t *const channel, const XMC_USIC_CH_INPUT_t input)
{
 8002628:	b480      	push	{r7}
 800262a:	b083      	sub	sp, #12
 800262c:	af00      	add	r7, sp, #0
 800262e:	6078      	str	r0, [r7, #4]
 8002630:	460b      	mov	r3, r1
 8002632:	70fb      	strb	r3, [r7, #3]
  channel->DXCR[input] |= USIC_CH_DXCR_DPOL_Msk;
 8002634:	78f8      	ldrb	r0, [r7, #3]
 8002636:	78fb      	ldrb	r3, [r7, #3]
 8002638:	687a      	ldr	r2, [r7, #4]
 800263a:	3306      	adds	r3, #6
 800263c:	009b      	lsls	r3, r3, #2
 800263e:	4413      	add	r3, r2
 8002640:	685b      	ldr	r3, [r3, #4]
 8002642:	f443 7280 	orr.w	r2, r3, #256	; 0x100
 8002646:	6879      	ldr	r1, [r7, #4]
 8002648:	1d83      	adds	r3, r0, #6
 800264a:	009b      	lsls	r3, r3, #2
 800264c:	440b      	add	r3, r1
 800264e:	605a      	str	r2, [r3, #4]
}
 8002650:	370c      	adds	r7, #12
 8002652:	46bd      	mov	sp, r7
 8002654:	f85d 7b04 	ldr.w	r7, [sp], #4
 8002658:	4770      	bx	lr
 800265a:	bf00      	nop

0800265c <XMC_USIC_CH_SetWordLength>:
 *
 * \par<b>Related APIs:</b><BR>
 * XMC_USIC_CH_SetFrameLength()\n\n\n
 */
__STATIC_INLINE void XMC_USIC_CH_SetWordLength(XMC_USIC_CH_t *const channel, const uint8_t word_length)
{
 800265c:	b480      	push	{r7}
 800265e:	b083      	sub	sp, #12
 8002660:	af00      	add	r7, sp, #0
 8002662:	6078      	str	r0, [r7, #4]
 8002664:	460b      	mov	r3, r1
 8002666:	70fb      	strb	r3, [r7, #3]
  channel->SCTR = (uint32_t)(channel->SCTR & (~USIC_CH_SCTR_WLE_Msk)) |
 8002668:	687b      	ldr	r3, [r7, #4]
 800266a:	6b5b      	ldr	r3, [r3, #52]	; 0x34
 800266c:	f023 6270 	bic.w	r2, r3, #251658240	; 0xf000000
                  (uint32_t)(((uint32_t)word_length - 1UL)  << USIC_CH_SCTR_WLE_Pos);
 8002670:	78fb      	ldrb	r3, [r7, #3]
 8002672:	3b01      	subs	r3, #1
 8002674:	061b      	lsls	r3, r3, #24
 * \par<b>Related APIs:</b><BR>
 * XMC_USIC_CH_SetFrameLength()\n\n\n
 */
__STATIC_INLINE void XMC_USIC_CH_SetWordLength(XMC_USIC_CH_t *const channel, const uint8_t word_length)
{
  channel->SCTR = (uint32_t)(channel->SCTR & (~USIC_CH_SCTR_WLE_Msk)) |
 8002676:	431a      	orrs	r2, r3
 8002678:	687b      	ldr	r3, [r7, #4]
 800267a:	635a      	str	r2, [r3, #52]	; 0x34
                  (uint32_t)(((uint32_t)word_length - 1UL)  << USIC_CH_SCTR_WLE_Pos);
}
 800267c:	370c      	adds	r7, #12
 800267e:	46bd      	mov	sp, r7
 8002680:	f85d 7b04 	ldr.w	r7, [sp], #4
 8002684:	4770      	bx	lr
 8002686:	bf00      	nop

08002688 <XMC_USIC_CH_SetFrameLength>:
 *
 * \par<b>Related APIs:</b><BR>
 * XMC_USIC_CH_SetWordLength(), XMC_USIC_CH_EnableFrameLengthControl() \n\n\n
 */
__STATIC_INLINE void XMC_USIC_CH_SetFrameLength(XMC_USIC_CH_t *const channel, const uint8_t frame_length)
{
 8002688:	b480      	push	{r7}
 800268a:	b083      	sub	sp, #12
 800268c:	af00      	add	r7, sp, #0
 800268e:	6078      	str	r0, [r7, #4]
 8002690:	460b      	mov	r3, r1
 8002692:	70fb      	strb	r3, [r7, #3]
  channel->SCTR = (uint32_t)(channel->SCTR & (~USIC_CH_SCTR_FLE_Msk)) |
 8002694:	687b      	ldr	r3, [r7, #4]
 8002696:	6b5b      	ldr	r3, [r3, #52]	; 0x34
 8002698:	f423 127c 	bic.w	r2, r3, #4128768	; 0x3f0000
                  (((uint32_t)frame_length - 0x1U)  << USIC_CH_SCTR_FLE_Pos);
 800269c:	78fb      	ldrb	r3, [r7, #3]
 800269e:	3b01      	subs	r3, #1
 80026a0:	041b      	lsls	r3, r3, #16
 * \par<b>Related APIs:</b><BR>
 * XMC_USIC_CH_SetWordLength(), XMC_USIC_CH_EnableFrameLengthControl() \n\n\n
 */
__STATIC_INLINE void XMC_USIC_CH_SetFrameLength(XMC_USIC_CH_t *const channel, const uint8_t frame_length)
{
  channel->SCTR = (uint32_t)(channel->SCTR & (~USIC_CH_SCTR_FLE_Msk)) |
 80026a2:	431a      	orrs	r2, r3
 80026a4:	687b      	ldr	r3, [r7, #4]
 80026a6:	635a      	str	r2, [r3, #52]	; 0x34
                  (((uint32_t)frame_length - 0x1U)  << USIC_CH_SCTR_FLE_Pos);
}
 80026a8:	370c      	adds	r7, #12
 80026aa:	46bd      	mov	sp, r7
 80026ac:	f85d 7b04 	ldr.w	r7, [sp], #4
 80026b0:	4770      	bx	lr
 80026b2:	bf00      	nop

080026b4 <XMC_USIC_CH_SetMode>:
 *
 * \par<b>Related APIs:</b><BR>
 * XMC_USIC_Enable(), XMC_USIC_CH_Enable() \n\n\n
 */
__STATIC_INLINE void XMC_USIC_CH_SetMode(XMC_USIC_CH_t *const channel, const XMC_USIC_CH_OPERATING_MODE_t mode)
{
 80026b4:	b480      	push	{r7}
 80026b6:	b083      	sub	sp, #12
 80026b8:	af00      	add	r7, sp, #0
 80026ba:	6078      	str	r0, [r7, #4]
 80026bc:	460b      	mov	r3, r1
 80026be:	70fb      	strb	r3, [r7, #3]
  channel->CCR = (uint32_t)(channel->CCR & (~(USIC_CH_CCR_MODE_Msk))) | (uint32_t)mode;
 80026c0:	687b      	ldr	r3, [r7, #4]
 80026c2:	6c1b      	ldr	r3, [r3, #64]	; 0x40
 80026c4:	f023 020f 	bic.w	r2, r3, #15
 80026c8:	78fb      	ldrb	r3, [r7, #3]
 80026ca:	431a      	orrs	r2, r3
 80026cc:	687b      	ldr	r3, [r7, #4]
 80026ce:	641a      	str	r2, [r3, #64]	; 0x40
}
 80026d0:	370c      	adds	r7, #12
 80026d2:	46bd      	mov	sp, r7
 80026d4:	f85d 7b04 	ldr.w	r7, [sp], #4
 80026d8:	4770      	bx	lr
 80026da:	bf00      	nop

080026dc <XMC_SPI_CH_Init>:
 * <li>Set polarity for the Slave signal,</li>
 * <li>Enable Frame end mode(MSLS signal is kept active after transmission of a frame)</li>
 * </ul>
 */
__STATIC_INLINE void XMC_SPI_CH_Init(XMC_USIC_CH_t *const channel, const XMC_SPI_CH_CONFIG_t *const config)
{
 80026dc:	b580      	push	{r7, lr}
 80026de:	b082      	sub	sp, #8
 80026e0:	af00      	add	r7, sp, #0
 80026e2:	6078      	str	r0, [r7, #4]
 80026e4:	6039      	str	r1, [r7, #0]
  XMC_SPI_CH_InitEx(channel, config, true);
 80026e6:	6878      	ldr	r0, [r7, #4]
 80026e8:	6839      	ldr	r1, [r7, #0]
 80026ea:	2201      	movs	r2, #1
 80026ec:	f7ff f904 	bl	80018f8 <XMC_SPI_CH_InitEx>
}
 80026f0:	3708      	adds	r7, #8
 80026f2:	46bd      	mov	sp, r7
 80026f4:	bd80      	pop	{r7, pc}
 80026f6:	bf00      	nop

080026f8 <XMC_SPI_CH_Start>:
 *
 * \par<b>Related APIs:</b><BR>
 * XMC_SPI_CH_Init(), XMC_SPI_CH_Stop()
 */
__STATIC_INLINE void XMC_SPI_CH_Start(XMC_USIC_CH_t *const channel)
{
 80026f8:	b580      	push	{r7, lr}
 80026fa:	b082      	sub	sp, #8
 80026fc:	af00      	add	r7, sp, #0
 80026fe:	6078      	str	r0, [r7, #4]
  /* USIC channel in SPI mode */
  XMC_USIC_CH_SetMode(channel, XMC_USIC_CH_OPERATING_MODE_SPI);
 8002700:	6878      	ldr	r0, [r7, #4]
 8002702:	2101      	movs	r1, #1
 8002704:	f7ff ffd6 	bl	80026b4 <XMC_USIC_CH_SetMode>
}
 8002708:	3708      	adds	r7, #8
 800270a:	46bd      	mov	sp, r7
 800270c:	bd80      	pop	{r7, pc}
 800270e:	bf00      	nop

08002710 <XMC_SPI_CH_SetBitOrderMsbFirst>:
 *
 * \par<b>Related APIs:</b><BR>
 * XMC_SPI_CH_SetBitOrderLsbFirst()
 */
__STATIC_INLINE void XMC_SPI_CH_SetBitOrderMsbFirst(XMC_USIC_CH_t *const channel)
{
 8002710:	b480      	push	{r7}
 8002712:	b083      	sub	sp, #12
 8002714:	af00      	add	r7, sp, #0
 8002716:	6078      	str	r0, [r7, #4]
  channel->SCTR |= (uint32_t)USIC_CH_SCTR_SDIR_Msk;
 8002718:	687b      	ldr	r3, [r7, #4]
 800271a:	6b5b      	ldr	r3, [r3, #52]	; 0x34
 800271c:	f043 0201 	orr.w	r2, r3, #1
 8002720:	687b      	ldr	r3, [r7, #4]
 8002722:	635a      	str	r2, [r3, #52]	; 0x34
}
 8002724:	370c      	adds	r7, #12
 8002726:	46bd      	mov	sp, r7
 8002728:	f85d 7b04 	ldr.w	r7, [sp], #4
 800272c:	4770      	bx	lr
 800272e:	bf00      	nop

08002730 <XMC_SPI_CH_SetWordLength>:
 *
 * \par<b>Related APIs:</b><BR>
 * XMC_SPI_CH_SetFrameLength()
 */
__STATIC_INLINE void XMC_SPI_CH_SetWordLength(XMC_USIC_CH_t *const channel, const uint8_t word_length)
{
 8002730:	b580      	push	{r7, lr}
 8002732:	b082      	sub	sp, #8
 8002734:	af00      	add	r7, sp, #0
 8002736:	6078      	str	r0, [r7, #4]
 8002738:	460b      	mov	r3, r1
 800273a:	70fb      	strb	r3, [r7, #3]
  XMC_USIC_CH_SetWordLength(channel, word_length);
 800273c:	78fb      	ldrb	r3, [r7, #3]
 800273e:	6878      	ldr	r0, [r7, #4]
 8002740:	4619      	mov	r1, r3
 8002742:	f7ff ff8b 	bl	800265c <XMC_USIC_CH_SetWordLength>
}
 8002746:	3708      	adds	r7, #8
 8002748:	46bd      	mov	sp, r7
 800274a:	bd80      	pop	{r7, pc}

0800274c <XMC_SPI_CH_SetFrameLength>:
 *
 * \par<b>Related APIs:</b><BR>
 * XMC_USIC_CH_SetWordLength(), XMC_USIC_CH_EnableFrameLengthControl(), XMC_SPI_CH_DisableSlaveSelect()
 */
__STATIC_INLINE void XMC_SPI_CH_SetFrameLength(XMC_USIC_CH_t *const channel, const uint8_t frame_length)
{
 800274c:	b580      	push	{r7, lr}
 800274e:	b082      	sub	sp, #8
 8002750:	af00      	add	r7, sp, #0
 8002752:	6078      	str	r0, [r7, #4]
 8002754:	460b      	mov	r3, r1
 8002756:	70fb      	strb	r3, [r7, #3]
  XMC_USIC_CH_SetFrameLength(channel, frame_length);
 8002758:	78fb      	ldrb	r3, [r7, #3]
 800275a:	6878      	ldr	r0, [r7, #4]
 800275c:	4619      	mov	r1, r3
 800275e:	f7ff ff93 	bl	8002688 <XMC_USIC_CH_SetFrameLength>
}
 8002762:	3708      	adds	r7, #8
 8002764:	46bd      	mov	sp, r7
 8002766:	bd80      	pop	{r7, pc}

08002768 <XMC_SPI_CH_SetInputSource>:
 * the SPI communication.
 */
__STATIC_INLINE void XMC_SPI_CH_SetInputSource(XMC_USIC_CH_t *const channel,
    const XMC_SPI_CH_INPUT_t input,
    const uint8_t source)
{
 8002768:	b580      	push	{r7, lr}
 800276a:	b082      	sub	sp, #8
 800276c:	af00      	add	r7, sp, #0
 800276e:	6078      	str	r0, [r7, #4]
 8002770:	460b      	mov	r3, r1
 8002772:	70fb      	strb	r3, [r7, #3]
 8002774:	4613      	mov	r3, r2
 8002776:	70bb      	strb	r3, [r7, #2]
  channel->DXCR[input] = (uint32_t)(channel->DXCR[input] & (~USIC_CH_DX0CR_DSEN_Msk)) | USIC_CH_DX0CR_INSW_Msk;
 8002778:	78f8      	ldrb	r0, [r7, #3]
 800277a:	78fb      	ldrb	r3, [r7, #3]
 800277c:	687a      	ldr	r2, [r7, #4]
 800277e:	3306      	adds	r3, #6
 8002780:	009b      	lsls	r3, r3, #2
 8002782:	4413      	add	r3, r2
 8002784:	685b      	ldr	r3, [r3, #4]
 8002786:	f023 0350 	bic.w	r3, r3, #80	; 0x50
 800278a:	f043 0210 	orr.w	r2, r3, #16
 800278e:	6879      	ldr	r1, [r7, #4]
 8002790:	1d83      	adds	r3, r0, #6
 8002792:	009b      	lsls	r3, r3, #2
 8002794:	440b      	add	r3, r1
 8002796:	605a      	str	r2, [r3, #4]
  XMC_USIC_CH_SetInputSource(channel, (XMC_USIC_CH_INPUT_t)input, source);
 8002798:	78fa      	ldrb	r2, [r7, #3]
 800279a:	78bb      	ldrb	r3, [r7, #2]
 800279c:	6878      	ldr	r0, [r7, #4]
 800279e:	4611      	mov	r1, r2
 80027a0:	461a      	mov	r2, r3
 80027a2:	f7ff ff23 	bl	80025ec <XMC_USIC_CH_SetInputSource>
}
 80027a6:	3708      	adds	r7, #8
 80027a8:	46bd      	mov	sp, r7
 80027aa:	bd80      	pop	{r7, pc}

080027ac <XMC_SPI_CH_EnableInputInversion>:
 * \par<b>Related APIs:</b><BR>
 * XMC_SPI_CH_DisableInputInversion()
 */
__STATIC_INLINE void XMC_SPI_CH_EnableInputInversion(XMC_USIC_CH_t *const channel,
    const XMC_SPI_CH_INPUT_t input)
{
 80027ac:	b580      	push	{r7, lr}
 80027ae:	b082      	sub	sp, #8
 80027b0:	af00      	add	r7, sp, #0
 80027b2:	6078      	str	r0, [r7, #4]
 80027b4:	460b      	mov	r3, r1
 80027b6:	70fb      	strb	r3, [r7, #3]
  XMC_USIC_CH_EnableInputInversion(channel, (XMC_USIC_CH_INPUT_t)input);
 80027b8:	78fb      	ldrb	r3, [r7, #3]
 80027ba:	6878      	ldr	r0, [r7, #4]
 80027bc:	4619      	mov	r1, r3
 80027be:	f7ff ff33 	bl	8002628 <XMC_USIC_CH_EnableInputInversion>
}
 80027c2:	3708      	adds	r7, #8
 80027c4:	46bd      	mov	sp, r7
 80027c6:	bd80      	pop	{r7, pc}

080027c8 <SPI_BUS_init>:
/**********************************************************************************************************************
 * API IMPLEMENTATION
 **********************************************************************************************************************/
/*Channel initialization function*/
SPI_SLAVE_STATUS_t SPI_BUS_init()
{
 80027c8:	b580      	push	{r7, lr}
 80027ca:	b082      	sub	sp, #8
 80027cc:	af00      	add	r7, sp, #0
  SPI_SLAVE_STATUS_t status = SPI_SLAVE_STATUS_SUCCESS;
 80027ce:	2300      	movs	r3, #0
 80027d0:	71fb      	strb	r3, [r7, #7]
  /*Reset the runtime state variables*/
  SPI_BUS.runtime->tx_busy = false;
 80027d2:	4b28      	ldr	r3, [pc, #160]	; (8002874 <SPI_BUS_init+0xac>)
 80027d4:	689b      	ldr	r3, [r3, #8]
 80027d6:	2200      	movs	r2, #0
 80027d8:	769a      	strb	r2, [r3, #26]
  SPI_BUS.runtime->rx_busy = false;
 80027da:	4b26      	ldr	r3, [pc, #152]	; (8002874 <SPI_BUS_init+0xac>)
 80027dc:	689b      	ldr	r3, [r3, #8]
 80027de:	2200      	movs	r2, #0
 80027e0:	76da      	strb	r2, [r3, #27]

  /*Configure SCLK pin*/
  XMC_GPIO_Init((XMC_GPIO_PORT_t *)PORT2_BASE, 4U, &SPI_BUS_sclk_pin_config);
 80027e2:	4825      	ldr	r0, [pc, #148]	; (8002878 <SPI_BUS_init+0xb0>)
 80027e4:	2104      	movs	r1, #4
 80027e6:	4a25      	ldr	r2, [pc, #148]	; (800287c <SPI_BUS_init+0xb4>)
 80027e8:	f7fd fde8 	bl	80003bc <XMC_GPIO_Init>
  /*Configure slave select pin*/
  XMC_GPIO_Init((XMC_GPIO_PORT_t *)PORT2_BASE, 3U, &SPI_BUS_slavesel_pin_config);
 80027ec:	4822      	ldr	r0, [pc, #136]	; (8002878 <SPI_BUS_init+0xb0>)
 80027ee:	2103      	movs	r1, #3
 80027f0:	4a23      	ldr	r2, [pc, #140]	; (8002880 <SPI_BUS_init+0xb8>)
 80027f2:	f7fd fde3 	bl	80003bc <XMC_GPIO_Init>
  /*Configure MOSI pin*/
  XMC_GPIO_Init((XMC_GPIO_PORT_t *)PORT2_BASE, 2U, &SPI_BUS_mosi_pin_config);
 80027f6:	4820      	ldr	r0, [pc, #128]	; (8002878 <SPI_BUS_init+0xb0>)
 80027f8:	2102      	movs	r1, #2
 80027fa:	4a22      	ldr	r2, [pc, #136]	; (8002884 <SPI_BUS_init+0xbc>)
 80027fc:	f7fd fdde 	bl	80003bc <XMC_GPIO_Init>
  /* Initialize USIC channel in SPI slave mode*/
  XMC_SPI_CH_Init(XMC_SPI0_CH1, &SPI_BUS_channel_config);
 8002800:	4821      	ldr	r0, [pc, #132]	; (8002888 <SPI_BUS_init+0xc0>)
 8002802:	4922      	ldr	r1, [pc, #136]	; (800288c <SPI_BUS_init+0xc4>)
 8002804:	f7ff ff6a 	bl	80026dc <XMC_SPI_CH_Init>
  XMC_SPI_CH_SetBitOrderMsbFirst(XMC_SPI0_CH1);
 8002808:	481f      	ldr	r0, [pc, #124]	; (8002888 <SPI_BUS_init+0xc0>)
 800280a:	f7ff ff81 	bl	8002710 <XMC_SPI_CH_SetBitOrderMsbFirst>

  XMC_SPI_CH_SetWordLength(XMC_SPI0_CH1, (uint8_t)8U);
 800280e:	481e      	ldr	r0, [pc, #120]	; (8002888 <SPI_BUS_init+0xc0>)
 8002810:	2108      	movs	r1, #8
 8002812:	f7ff ff8d 	bl	8002730 <XMC_SPI_CH_SetWordLength>
  XMC_SPI_CH_SetFrameLength(XMC_SPI0_CH1, (uint8_t)64U);
 8002816:	481c      	ldr	r0, [pc, #112]	; (8002888 <SPI_BUS_init+0xc0>)
 8002818:	2140      	movs	r1, #64	; 0x40
 800281a:	f7ff ff97 	bl	800274c <XMC_SPI_CH_SetFrameLength>

  /*Set input source path*/
  XMC_SPI_CH_SetInputSource(XMC_SPI0_CH1, (XMC_SPI_CH_INPUT_t)XMC_USIC_CH_INPUT_DX0, 0U);
 800281e:	481a      	ldr	r0, [pc, #104]	; (8002888 <SPI_BUS_init+0xc0>)
 8002820:	2100      	movs	r1, #0
 8002822:	2200      	movs	r2, #0
 8002824:	f7ff ffa0 	bl	8002768 <XMC_SPI_CH_SetInputSource>
  XMC_SPI_CH_SetInputSource(XMC_SPI0_CH1, (XMC_SPI_CH_INPUT_t)XMC_USIC_CH_INPUT_DX1, 0U);
 8002828:	4817      	ldr	r0, [pc, #92]	; (8002888 <SPI_BUS_init+0xc0>)
 800282a:	2101      	movs	r1, #1
 800282c:	2200      	movs	r2, #0
 800282e:	f7ff ff9b 	bl	8002768 <XMC_SPI_CH_SetInputSource>
  XMC_SPI_CH_SetInputSource(XMC_SPI0_CH1, (XMC_SPI_CH_INPUT_t)XMC_USIC_CH_INPUT_DX2, 0U);
 8002832:	4815      	ldr	r0, [pc, #84]	; (8002888 <SPI_BUS_init+0xc0>)
 8002834:	2102      	movs	r1, #2
 8002836:	2200      	movs	r2, #0
 8002838:	f7ff ff96 	bl	8002768 <XMC_SPI_CH_SetInputSource>
  XMC_SPI_CH_EnableInputInversion(XMC_SPI0_CH1, XMC_SPI_CH_INPUT_SLAVE_SELIN);
 800283c:	4812      	ldr	r0, [pc, #72]	; (8002888 <SPI_BUS_init+0xc0>)
 800283e:	2102      	movs	r1, #2
 8002840:	f7ff ffb4 	bl	80027ac <XMC_SPI_CH_EnableInputInversion>
  /*Set service request for SPI protocol events*/
  XMC_USIC_CH_SetInterruptNodePointer(XMC_SPI0_CH1, XMC_USIC_CH_INTERRUPT_NODE_POINTER_PROTOCOL,
 8002844:	4810      	ldr	r0, [pc, #64]	; (8002888 <SPI_BUS_init+0xc0>)
 8002846:	2110      	movs	r1, #16
 8002848:	2200      	movs	r2, #0
 800284a:	f7ff fb0b 	bl	8001e64 <XMC_USIC_CH_SetInterruptNodePointer>
     0U);
  /* Start SPI */
  XMC_SPI_CH_Start(XMC_SPI0_CH1);
 800284e:	480e      	ldr	r0, [pc, #56]	; (8002888 <SPI_BUS_init+0xc0>)
 8002850:	f7ff ff52 	bl	80026f8 <XMC_SPI_CH_Start>

  /* Initialize SPI Slave MISO pin */
  XMC_GPIO_Init((XMC_GPIO_PORT_t *)PORT2_BASE, 5U, &SPI_BUS_mosi1_pin_config);
 8002854:	4808      	ldr	r0, [pc, #32]	; (8002878 <SPI_BUS_init+0xb0>)
 8002856:	2105      	movs	r1, #5
 8002858:	4a0d      	ldr	r2, [pc, #52]	; (8002890 <SPI_BUS_init+0xc8>)
 800285a:	f7fd fdaf 	bl	80003bc <XMC_GPIO_Init>
  XMC_GPIO_SetHardwareControl((XMC_GPIO_PORT_t *)PORT2_BASE, 5U, XMC_GPIO_HWCTRL_DISABLED);
 800285e:	4806      	ldr	r0, [pc, #24]	; (8002878 <SPI_BUS_init+0xb0>)
 8002860:	2105      	movs	r1, #5
 8002862:	2200      	movs	r2, #0
 8002864:	f7fe ff7e 	bl	8001764 <XMC_GPIO_SetHardwareControl>

  return status;
 8002868:	79fb      	ldrb	r3, [r7, #7]
}
 800286a:	4618      	mov	r0, r3
 800286c:	3708      	adds	r7, #8
 800286e:	46bd      	mov	sp, r7
 8002870:	bd80      	pop	{r7, pc}
 8002872:	bf00      	nop
 8002874:	20000028 	.word	0x20000028
 8002878:	48028200 	.word	0x48028200
 800287c:	08003644 	.word	0x08003644
 8002880:	08003650 	.word	0x08003650
 8002884:	0800362c 	.word	0x0800362c
 8002888:	40030200 	.word	0x40030200
 800288c:	08003608 	.word	0x08003608
 8002890:	08003614 	.word	0x08003614

08002894 <XMC_CCU8_EnableClock>:
 *
 * \par<b>Related APIs:</b><br>
 * XMC_CCU8_DisableClock()<BR>  XMC_CCU8_EnableMultipleClocks()<BR>  XMC_CCU8_StartPrescaler()<BR>  XMC_CCU8_StopPrescaler().
 */
__STATIC_INLINE void XMC_CCU8_EnableClock(XMC_CCU8_MODULE_t *const module, const uint8_t slice_number)
{
 8002894:	b480      	push	{r7}
 8002896:	b083      	sub	sp, #12
 8002898:	af00      	add	r7, sp, #0
 800289a:	6078      	str	r0, [r7, #4]
 800289c:	460b      	mov	r3, r1
 800289e:	70fb      	strb	r3, [r7, #3]
  XMC_ASSERT("XMC_CCU8_EnableClock:Invalid Module Pointer", XMC_CCU8_IsValidModule(module));
  XMC_ASSERT("XMC_CCU8_EnableClock:Invalid Slice Number", (slice_number < 4U));

  module->GIDLC = ((uint32_t) 1 << slice_number);
 80028a0:	78fb      	ldrb	r3, [r7, #3]
 80028a2:	2201      	movs	r2, #1
 80028a4:	409a      	lsls	r2, r3
 80028a6:	687b      	ldr	r3, [r7, #4]
 80028a8:	60da      	str	r2, [r3, #12]
}
 80028aa:	370c      	adds	r7, #12
 80028ac:	46bd      	mov	sp, r7
 80028ae:	f85d 7b04 	ldr.w	r7, [sp], #4
 80028b2:	4770      	bx	lr

080028b4 <XMC_CCU8_SLICE_EnableTrap>:
 * \par<b>Related APIs:</b><br>
 *  XMC_CCU8_SLICE_TrapConfig()<BR>  XMC_CCU8_SLICE_DisableTrap()<BR>  XMC_CCU8_SLICE_ConfigureEvent()<BR>
 *  XMC_CCU8_SLICE_SetInput().
 */
__STATIC_INLINE void XMC_CCU8_SLICE_EnableTrap(XMC_CCU8_SLICE_t *const slice, const uint32_t out_mask)
{
 80028b4:	b480      	push	{r7}
 80028b6:	b083      	sub	sp, #12
 80028b8:	af00      	add	r7, sp, #0
 80028ba:	6078      	str	r0, [r7, #4]
 80028bc:	6039      	str	r1, [r7, #0]
  XMC_ASSERT("XMC_CCU8_SLICE_EnableTrap:Invalid Slice Pointer", XMC_CCU8_IsValidSlice(slice));
  slice->TC |= (uint32_t)out_mask << CCU8_CC8_TC_TRAPE0_Pos;
 80028be:	687b      	ldr	r3, [r7, #4]
 80028c0:	695a      	ldr	r2, [r3, #20]
 80028c2:	683b      	ldr	r3, [r7, #0]
 80028c4:	045b      	lsls	r3, r3, #17
 80028c6:	431a      	orrs	r2, r3
 80028c8:	687b      	ldr	r3, [r7, #4]
 80028ca:	615a      	str	r2, [r3, #20]
}
 80028cc:	370c      	adds	r7, #12
 80028ce:	46bd      	mov	sp, r7
 80028d0:	f85d 7b04 	ldr.w	r7, [sp], #4
 80028d4:	4770      	bx	lr
 80028d6:	bf00      	nop

080028d8 <XMC_CCU8_SLICE_StartTimer>:
 *
 * \par<b>Related APIs:</b><br>
 *  XMC_CCU8_SLICE_StopTimer().
 */
__STATIC_INLINE void XMC_CCU8_SLICE_StartTimer(XMC_CCU8_SLICE_t *const slice)
{
 80028d8:	b480      	push	{r7}
 80028da:	b083      	sub	sp, #12
 80028dc:	af00      	add	r7, sp, #0
 80028de:	6078      	str	r0, [r7, #4]
  XMC_ASSERT("XMC_CCU8_SLICE_StartTimer:Invalid Slice Pointer", XMC_CCU8_IsValidSlice(slice));
  slice->TCSET = CCU8_CC8_TCSET_TRBS_Msk;
 80028e0:	687b      	ldr	r3, [r7, #4]
 80028e2:	2201      	movs	r2, #1
 80028e4:	60da      	str	r2, [r3, #12]
}
 80028e6:	370c      	adds	r7, #12
 80028e8:	46bd      	mov	sp, r7
 80028ea:	f85d 7b04 	ldr.w	r7, [sp], #4
 80028ee:	4770      	bx	lr

080028f0 <XMC_CCU8_EnableShadowTransfer>:
 *
 * \par<b>Related APIs:</b><br>
 *  None.
 */
__STATIC_INLINE void XMC_CCU8_EnableShadowTransfer(XMC_CCU8_MODULE_t *const module, const uint32_t shadow_transfer_msk)
{
 80028f0:	b480      	push	{r7}
 80028f2:	b083      	sub	sp, #12
 80028f4:	af00      	add	r7, sp, #0
 80028f6:	6078      	str	r0, [r7, #4]
 80028f8:	6039      	str	r1, [r7, #0]
  XMC_ASSERT("XMC_CCU8_EnableShadowTransfer:Invalid module Pointer", XMC_CCU8_IsValidModule(module));
  module->GCSS = (uint32_t)shadow_transfer_msk;
 80028fa:	687b      	ldr	r3, [r7, #4]
 80028fc:	683a      	ldr	r2, [r7, #0]
 80028fe:	611a      	str	r2, [r3, #16]
}
 8002900:	370c      	adds	r7, #12
 8002902:	46bd      	mov	sp, r7
 8002904:	f85d 7b04 	ldr.w	r7, [sp], #4
 8002908:	4770      	bx	lr
 800290a:	bf00      	nop

0800290c <XMC_CCU8_SLICE_EnableEvent>:
 * \par<b>Related APIs:</b><br>
 *  XMC_CCU8_SLICE_SetInterruptNode()<BR>  XMC_CCU8_SLICE_EnableMultipleEvents()<BR>  XMC_CCU8_SLICE_DisableEvent()<BR>
 *  XMC_CCU8_SLICE_DisableMultipleEvents().
 */
__STATIC_INLINE void XMC_CCU8_SLICE_EnableEvent(XMC_CCU8_SLICE_t *const slice, const XMC_CCU8_SLICE_IRQ_ID_t event)
{
 800290c:	b480      	push	{r7}
 800290e:	b083      	sub	sp, #12
 8002910:	af00      	add	r7, sp, #0
 8002912:	6078      	str	r0, [r7, #4]
 8002914:	460b      	mov	r3, r1
 8002916:	70fb      	strb	r3, [r7, #3]
  XMC_ASSERT("XMC_CCU8_SLICE_EnableEvent:Invalid Slice Pointer", XMC_CCU8_IsValidSlice(slice));
  XMC_ASSERT("XMC_CCU8_SLICE_EnableEvent:Invalid SR event", XMC_CCU8_SLICE_CHECK_INTERRUPT(event));

  slice->INTE |= ((uint32_t) 1) << ((uint32_t) event);
 8002918:	687b      	ldr	r3, [r7, #4]
 800291a:	f8d3 20a4 	ldr.w	r2, [r3, #164]	; 0xa4
 800291e:	78fb      	ldrb	r3, [r7, #3]
 8002920:	2101      	movs	r1, #1
 8002922:	fa01 f303 	lsl.w	r3, r1, r3
 8002926:	431a      	orrs	r2, r3
 8002928:	687b      	ldr	r3, [r7, #4]
 800292a:	f8c3 20a4 	str.w	r2, [r3, #164]	; 0xa4
}
 800292e:	370c      	adds	r7, #12
 8002930:	46bd      	mov	sp, r7
 8002932:	f85d 7b04 	ldr.w	r7, [sp], #4
 8002936:	4770      	bx	lr

08002938 <PWM_CCU8_Init>:
  return version;
}

/* This function initializes the app */
PWM_CCU8_STATUS_t PWM_CCU8_Init(PWM_CCU8_t* handle_ptr)
{
 8002938:	b580      	push	{r7, lr}
 800293a:	b086      	sub	sp, #24
 800293c:	af00      	add	r7, sp, #0
 800293e:	6078      	str	r0, [r7, #4]
  PWM_CCU8_STATUS_t status;
  GLOBAL_CCU8_STATUS_t status_ccu8_global;
  uint32_t frequency_module;
  uint32_t prescalar;

  status = PWM_CCU8_STATUS_FAILURE;
 8002940:	2301      	movs	r3, #1
 8002942:	75fb      	strb	r3, [r7, #23]
  status_ccu8_global = GLOBAL_CCU8_STATUS_FAILURE;
 8002944:	2301      	movs	r3, #1
 8002946:	75bb      	strb	r3, [r7, #22]
  XMC_ASSERT("PWM_CCU8_Init:handle_ptr is NULL", (handle_ptr != NULL));

  if (PWM_CCU8_STATE_UNINITIALIZED == handle_ptr->state)
 8002948:	687b      	ldr	r3, [r7, #4]
 800294a:	7f1b      	ldrb	r3, [r3, #28]
 800294c:	2b00      	cmp	r3, #0
 800294e:	f040 809a 	bne.w	8002a86 <PWM_CCU8_Init+0x14e>
  {
    /* Initialize consumed Apps */
    status_ccu8_global = GLOBAL_CCU8_Init(handle_ptr->config_ptr->global_ccu8_handle);
 8002952:	687b      	ldr	r3, [r7, #4]
 8002954:	681b      	ldr	r3, [r3, #0]
 8002956:	f8d3 3088 	ldr.w	r3, [r3, #136]	; 0x88
 800295a:	4618      	mov	r0, r3
 800295c:	f000 fb96 	bl	800308c <GLOBAL_CCU8_Init>
 8002960:	4603      	mov	r3, r0
 8002962:	75bb      	strb	r3, [r7, #22]

    /* Initialize CCU8x_CC8y slice */
    if (GLOBAL_CCU8_STATUS_SUCCESS == status_ccu8_global)
 8002964:	7dbb      	ldrb	r3, [r7, #22]
 8002966:	2b00      	cmp	r3, #0
 8002968:	f040 8089 	bne.w	8002a7e <PWM_CCU8_Init+0x146>
    {
      XMC_DEBUG("PWM_CCU8_Init:Initilizing slice");

      /* Configure CCU8x_CC8y slice as timer */
      XMC_CCU8_SLICE_CompareInit(handle_ptr->ccu8_slice_ptr, handle_ptr->config_ptr->ccu8_cc8_slice_timer_ptr);
 800296c:	687b      	ldr	r3, [r7, #4]
 800296e:	689a      	ldr	r2, [r3, #8]
 8002970:	687b      	ldr	r3, [r7, #4]
 8002972:	681b      	ldr	r3, [r3, #0]
 8002974:	6c5b      	ldr	r3, [r3, #68]	; 0x44
 8002976:	4610      	mov	r0, r2
 8002978:	4619      	mov	r1, r3
 800297a:	f7fe fb77 	bl	800106c <XMC_CCU8_SLICE_CompareInit>
      /* Set period match value of the timer  */
      XMC_CCU8_SLICE_SetTimerPeriodMatch(handle_ptr->ccu8_slice_ptr, handle_ptr->config_ptr->period_value);
 800297e:	687b      	ldr	r3, [r7, #4]
 8002980:	689a      	ldr	r2, [r3, #8]
 8002982:	687b      	ldr	r3, [r7, #4]
 8002984:	681b      	ldr	r3, [r3, #0]
 8002986:	885b      	ldrh	r3, [r3, #2]
 8002988:	4610      	mov	r0, r2
 800298a:	4619      	mov	r1, r3
 800298c:	f7fe fe06 	bl	800159c <XMC_CCU8_SLICE_SetTimerPeriodMatch>

      /* Set timer compare match value for channel 1 */
      XMC_CCU8_SLICE_SetTimerCompareMatch(handle_ptr->ccu8_slice_ptr, XMC_CCU8_SLICE_COMPARE_CHANNEL_1,
 8002990:	687b      	ldr	r3, [r7, #4]
 8002992:	689a      	ldr	r2, [r3, #8]
                                          (uint16_t) handle_ptr->config_ptr->compare1_value);
 8002994:	687b      	ldr	r3, [r7, #4]
 8002996:	681b      	ldr	r3, [r3, #0]
      XMC_CCU8_SLICE_CompareInit(handle_ptr->ccu8_slice_ptr, handle_ptr->config_ptr->ccu8_cc8_slice_timer_ptr);
      /* Set period match value of the timer  */
      XMC_CCU8_SLICE_SetTimerPeriodMatch(handle_ptr->ccu8_slice_ptr, handle_ptr->config_ptr->period_value);

      /* Set timer compare match value for channel 1 */
      XMC_CCU8_SLICE_SetTimerCompareMatch(handle_ptr->ccu8_slice_ptr, XMC_CCU8_SLICE_COMPARE_CHANNEL_1,
 8002998:	889b      	ldrh	r3, [r3, #4]
 800299a:	4610      	mov	r0, r2
 800299c:	2100      	movs	r1, #0
 800299e:	461a      	mov	r2, r3
 80029a0:	f7fe fe0a 	bl	80015b8 <XMC_CCU8_SLICE_SetTimerCompareMatch>
                                          (uint16_t) handle_ptr->config_ptr->compare1_value);
      /* Set timer compare match value for channel 2 */
      XMC_CCU8_SLICE_SetTimerCompareMatch(handle_ptr->ccu8_slice_ptr, XMC_CCU8_SLICE_COMPARE_CHANNEL_2,
 80029a4:	687b      	ldr	r3, [r7, #4]
 80029a6:	689a      	ldr	r2, [r3, #8]
                                          (uint16_t) handle_ptr->config_ptr->compare2_value);
 80029a8:	687b      	ldr	r3, [r7, #4]
 80029aa:	681b      	ldr	r3, [r3, #0]

      /* Set timer compare match value for channel 1 */
      XMC_CCU8_SLICE_SetTimerCompareMatch(handle_ptr->ccu8_slice_ptr, XMC_CCU8_SLICE_COMPARE_CHANNEL_1,
                                          (uint16_t) handle_ptr->config_ptr->compare1_value);
      /* Set timer compare match value for channel 2 */
      XMC_CCU8_SLICE_SetTimerCompareMatch(handle_ptr->ccu8_slice_ptr, XMC_CCU8_SLICE_COMPARE_CHANNEL_2,
 80029ac:	88db      	ldrh	r3, [r3, #6]
 80029ae:	4610      	mov	r0, r2
 80029b0:	2101      	movs	r1, #1
 80029b2:	461a      	mov	r2, r3
 80029b4:	f7fe fe00 	bl	80015b8 <XMC_CCU8_SLICE_SetTimerCompareMatch>
                                          (uint16_t) handle_ptr->config_ptr->compare2_value);

      if ((1U == handle_ptr->config_ptr->ccu8_cc8_slice_timer_ptr->mcm_ch1_enable) || (1U
 80029b8:	687b      	ldr	r3, [r7, #4]
 80029ba:	681b      	ldr	r3, [r3, #0]
 80029bc:	6c5b      	ldr	r3, [r3, #68]	; 0x44
 80029be:	78db      	ldrb	r3, [r3, #3]
 80029c0:	f003 0302 	and.w	r3, r3, #2
 80029c4:	b2db      	uxtb	r3, r3
 80029c6:	2b00      	cmp	r3, #0
 80029c8:	d108      	bne.n	80029dc <PWM_CCU8_Init+0xa4>
          == handle_ptr->config_ptr->ccu8_cc8_slice_timer_ptr->mcm_ch2_enable))
 80029ca:	687b      	ldr	r3, [r7, #4]
 80029cc:	681b      	ldr	r3, [r3, #0]
 80029ce:	6c5b      	ldr	r3, [r3, #68]	; 0x44
 80029d0:	78db      	ldrb	r3, [r3, #3]
 80029d2:	f003 0304 	and.w	r3, r3, #4
 80029d6:	b2db      	uxtb	r3, r3
                                          (uint16_t) handle_ptr->config_ptr->compare1_value);
      /* Set timer compare match value for channel 2 */
      XMC_CCU8_SLICE_SetTimerCompareMatch(handle_ptr->ccu8_slice_ptr, XMC_CCU8_SLICE_COMPARE_CHANNEL_2,
                                          (uint16_t) handle_ptr->config_ptr->compare2_value);

      if ((1U == handle_ptr->config_ptr->ccu8_cc8_slice_timer_ptr->mcm_ch1_enable) || (1U
 80029d8:	2b00      	cmp	r3, #0
 80029da:	d008      	beq.n	80029ee <PWM_CCU8_Init+0xb6>
          == handle_ptr->config_ptr->ccu8_cc8_slice_timer_ptr->mcm_ch2_enable))
      {
        XMC_CCU8_SetMultiChannelShadowTransferMode(handle_ptr->ccu8_module_ptr,
 80029dc:	687b      	ldr	r3, [r7, #4]
 80029de:	685a      	ldr	r2, [r3, #4]
                                                   (uint32_t) handle_ptr->config_ptr->mcm_shadow_txfr_mode);
 80029e0:	687b      	ldr	r3, [r7, #4]
 80029e2:	681b      	ldr	r3, [r3, #0]
 80029e4:	6bdb      	ldr	r3, [r3, #60]	; 0x3c
                                          (uint16_t) handle_ptr->config_ptr->compare2_value);

      if ((1U == handle_ptr->config_ptr->ccu8_cc8_slice_timer_ptr->mcm_ch1_enable) || (1U
          == handle_ptr->config_ptr->ccu8_cc8_slice_timer_ptr->mcm_ch2_enable))
      {
        XMC_CCU8_SetMultiChannelShadowTransferMode(handle_ptr->ccu8_module_ptr,
 80029e6:	4610      	mov	r0, r2
 80029e8:	4619      	mov	r1, r3
 80029ea:	f7fe fb79 	bl	80010e0 <XMC_CCU8_SetMultiChannelShadowTransferMode>
        XMC_CCU8_SLICE_EnableCascadedShadowTransfer(handle_ptr->ccu8_slice_ptr);
      }
#endif

      /* Transfer value from shadow timer registers to actual timer registers */
      XMC_CCU8_EnableShadowTransfer(handle_ptr->ccu8_module_ptr, handle_ptr->shadow_txfr_msk);
 80029ee:	687b      	ldr	r3, [r7, #4]
 80029f0:	685a      	ldr	r2, [r3, #4]
 80029f2:	687b      	ldr	r3, [r7, #4]
 80029f4:	691b      	ldr	r3, [r3, #16]
 80029f6:	4610      	mov	r0, r2
 80029f8:	4619      	mov	r1, r3
 80029fa:	f7ff ff79 	bl	80028f0 <XMC_CCU8_EnableShadowTransfer>
      XMC_CCU8_EnableShadowTransfer(handle_ptr->ccu8_module_ptr, handle_ptr->dither_shadow_txfr_msk);
 80029fe:	687b      	ldr	r3, [r7, #4]
 8002a00:	685a      	ldr	r2, [r3, #4]
 8002a02:	687b      	ldr	r3, [r7, #4]
 8002a04:	695b      	ldr	r3, [r3, #20]
 8002a06:	4610      	mov	r0, r2
 8002a08:	4619      	mov	r1, r3
 8002a0a:	f7ff ff71 	bl	80028f0 <XMC_CCU8_EnableShadowTransfer>

      XMC_CCU8_SLICE_DeadTimeInit(handle_ptr->ccu8_slice_ptr, handle_ptr->config_ptr->dt_config_ptr);
 8002a0e:	687b      	ldr	r3, [r7, #4]
 8002a10:	689a      	ldr	r2, [r3, #8]
 8002a12:	687b      	ldr	r3, [r7, #4]
 8002a14:	681b      	ldr	r3, [r3, #0]
 8002a16:	6c1b      	ldr	r3, [r3, #64]	; 0x40
 8002a18:	4610      	mov	r0, r2
 8002a1a:	4619      	mov	r1, r3
 8002a1c:	f7fe fe4c 	bl	80016b8 <XMC_CCU8_SLICE_DeadTimeInit>

      /* Configure events */
      PWM_CCU8_lConfigure_Events(handle_ptr);
 8002a20:	6878      	ldr	r0, [r7, #4]
 8002a22:	f000 f957 	bl	8002cd4 <PWM_CCU8_lConfigure_Events>

      /* Enable the interrupts */
      PWM_CCU8_lInit_Interrupt(handle_ptr);
 8002a26:	6878      	ldr	r0, [r7, #4]
 8002a28:	f000 f834 	bl	8002a94 <PWM_CCU8_lInit_Interrupt>

      /*Initializes the GPIO*/
      PWM_CCU8_lInit_GPIO(handle_ptr);
 8002a2c:	6878      	ldr	r0, [r7, #4]
 8002a2e:	f000 f8f5 	bl	8002c1c <PWM_CCU8_lInit_GPIO>

      frequency_module = handle_ptr->config_ptr->global_ccu8_handle->module_frequency;
 8002a32:	687b      	ldr	r3, [r7, #4]
 8002a34:	681b      	ldr	r3, [r3, #0]
 8002a36:	f8d3 3088 	ldr.w	r3, [r3, #136]	; 0x88
 8002a3a:	681b      	ldr	r3, [r3, #0]
 8002a3c:	613b      	str	r3, [r7, #16]
      prescalar = (uint32_t) handle_ptr->config_ptr->ccu8_cc8_slice_timer_ptr->prescaler_initval;
 8002a3e:	687b      	ldr	r3, [r7, #4]
 8002a40:	681b      	ldr	r3, [r3, #0]
 8002a42:	6c5b      	ldr	r3, [r3, #68]	; 0x44
 8002a44:	7b1b      	ldrb	r3, [r3, #12]
 8002a46:	f3c3 0303 	ubfx	r3, r3, #0, #4
 8002a4a:	b2db      	uxtb	r3, r3
 8002a4c:	60fb      	str	r3, [r7, #12]
      frequency_module = frequency_module / ((uint32_t) 1 << prescalar);
 8002a4e:	68fb      	ldr	r3, [r7, #12]
 8002a50:	693a      	ldr	r2, [r7, #16]
 8002a52:	fa22 f303 	lsr.w	r3, r2, r3
 8002a56:	613b      	str	r3, [r7, #16]
      handle_ptr->frequency_tclk = frequency_module;
 8002a58:	687b      	ldr	r3, [r7, #4]
 8002a5a:	693a      	ldr	r2, [r7, #16]
 8002a5c:	621a      	str	r2, [r3, #32]

      handle_ptr->state = PWM_CCU8_STATE_INITIALIZED;
 8002a5e:	687b      	ldr	r3, [r7, #4]
 8002a60:	2201      	movs	r2, #1
 8002a62:	771a      	strb	r2, [r3, #28]
      status = PWM_CCU8_STATUS_SUCCESS;
 8002a64:	2300      	movs	r3, #0
 8002a66:	75fb      	strb	r3, [r7, #23]

      /* Start the PWM generation if start at initialization is enabled */
      if ((bool) true == handle_ptr->config_ptr->start_control)
 8002a68:	687b      	ldr	r3, [r7, #4]
 8002a6a:	681b      	ldr	r3, [r3, #0]
 8002a6c:	781b      	ldrb	r3, [r3, #0]
 8002a6e:	2b00      	cmp	r3, #0
 8002a70:	d00b      	beq.n	8002a8a <PWM_CCU8_Init+0x152>
      {
        status = PWM_CCU8_Start(handle_ptr);
 8002a72:	6878      	ldr	r0, [r7, #4]
 8002a74:	f000 fa1e 	bl	8002eb4 <PWM_CCU8_Start>
 8002a78:	4603      	mov	r3, r0
 8002a7a:	75fb      	strb	r3, [r7, #23]
 8002a7c:	e005      	b.n	8002a8a <PWM_CCU8_Init+0x152>
      }

    }
    else
    {
      handle_ptr->state = PWM_CCU8_STATE_UNINITIALIZED;
 8002a7e:	687b      	ldr	r3, [r7, #4]
 8002a80:	2200      	movs	r2, #0
 8002a82:	771a      	strb	r2, [r3, #28]
 8002a84:	e001      	b.n	8002a8a <PWM_CCU8_Init+0x152>
    }

  }
  else
  {
    status = PWM_CCU8_STATUS_ALREADY_INITIALIZED;
 8002a86:	2302      	movs	r3, #2
 8002a88:	75fb      	strb	r3, [r7, #23]
    XMC_DEBUG("PWM_CCU8_Init:PWM_CCU8_STATUS_ALREADY_INITIALIZED");
  }

  return (status);
 8002a8a:	7dfb      	ldrb	r3, [r7, #23]
} /* end of PWM_CCU8_Init() api */
 8002a8c:	4618      	mov	r0, r3
 8002a8e:	3718      	adds	r7, #24
 8002a90:	46bd      	mov	sp, r7
 8002a92:	bd80      	pop	{r7, pc}

08002a94 <PWM_CCU8_lInit_Interrupt>:

static void PWM_CCU8_lInit_Interrupt(PWM_CCU8_t* handle_ptr)
{
 8002a94:	b580      	push	{r7, lr}
 8002a96:	b082      	sub	sp, #8
 8002a98:	af00      	add	r7, sp, #0
 8002a9a:	6078      	str	r0, [r7, #4]

  /* Enable events. Bind event to corresponding service request node. */

  XMC_CCU8_SLICE_SetInterruptNode(handle_ptr->ccu8_slice_ptr, XMC_CCU8_SLICE_IRQ_ID_PERIOD_MATCH,
 8002a9c:	687b      	ldr	r3, [r7, #4]
 8002a9e:	689a      	ldr	r2, [r3, #8]
                                  handle_ptr->config_ptr->sr_per_match);
 8002aa0:	687b      	ldr	r3, [r7, #4]
 8002aa2:	681b      	ldr	r3, [r3, #0]
static void PWM_CCU8_lInit_Interrupt(PWM_CCU8_t* handle_ptr)
{

  /* Enable events. Bind event to corresponding service request node. */

  XMC_CCU8_SLICE_SetInterruptNode(handle_ptr->ccu8_slice_ptr, XMC_CCU8_SLICE_IRQ_ID_PERIOD_MATCH,
 8002aa4:	7c5b      	ldrb	r3, [r3, #17]
 8002aa6:	4610      	mov	r0, r2
 8002aa8:	2100      	movs	r1, #0
 8002aaa:	461a      	mov	r2, r3
 8002aac:	f7fe fd9c 	bl	80015e8 <XMC_CCU8_SLICE_SetInterruptNode>
                                  handle_ptr->config_ptr->sr_per_match);
  XMC_CCU8_SLICE_SetInterruptNode(handle_ptr->ccu8_slice_ptr, XMC_CCU8_SLICE_IRQ_ID_COMPARE_MATCH_UP_CH_1,
 8002ab0:	687b      	ldr	r3, [r7, #4]
 8002ab2:	689a      	ldr	r2, [r3, #8]
                                  handle_ptr->config_ptr->sr_cmp1_match_up);
 8002ab4:	687b      	ldr	r3, [r7, #4]
 8002ab6:	681b      	ldr	r3, [r3, #0]

  /* Enable events. Bind event to corresponding service request node. */

  XMC_CCU8_SLICE_SetInterruptNode(handle_ptr->ccu8_slice_ptr, XMC_CCU8_SLICE_IRQ_ID_PERIOD_MATCH,
                                  handle_ptr->config_ptr->sr_per_match);
  XMC_CCU8_SLICE_SetInterruptNode(handle_ptr->ccu8_slice_ptr, XMC_CCU8_SLICE_IRQ_ID_COMPARE_MATCH_UP_CH_1,
 8002ab8:	7c9b      	ldrb	r3, [r3, #18]
 8002aba:	4610      	mov	r0, r2
 8002abc:	2102      	movs	r1, #2
 8002abe:	461a      	mov	r2, r3
 8002ac0:	f7fe fd92 	bl	80015e8 <XMC_CCU8_SLICE_SetInterruptNode>
                                  handle_ptr->config_ptr->sr_cmp1_match_up);
  XMC_CCU8_SLICE_SetInterruptNode(handle_ptr->ccu8_slice_ptr, XMC_CCU8_SLICE_IRQ_ID_COMPARE_MATCH_DOWN_CH_1,
 8002ac4:	687b      	ldr	r3, [r7, #4]
 8002ac6:	689a      	ldr	r2, [r3, #8]
                                  handle_ptr->config_ptr->sr_cmp1_match_down);
 8002ac8:	687b      	ldr	r3, [r7, #4]
 8002aca:	681b      	ldr	r3, [r3, #0]

  XMC_CCU8_SLICE_SetInterruptNode(handle_ptr->ccu8_slice_ptr, XMC_CCU8_SLICE_IRQ_ID_PERIOD_MATCH,
                                  handle_ptr->config_ptr->sr_per_match);
  XMC_CCU8_SLICE_SetInterruptNode(handle_ptr->ccu8_slice_ptr, XMC_CCU8_SLICE_IRQ_ID_COMPARE_MATCH_UP_CH_1,
                                  handle_ptr->config_ptr->sr_cmp1_match_up);
  XMC_CCU8_SLICE_SetInterruptNode(handle_ptr->ccu8_slice_ptr, XMC_CCU8_SLICE_IRQ_ID_COMPARE_MATCH_DOWN_CH_1,
 8002acc:	7cdb      	ldrb	r3, [r3, #19]
 8002ace:	4610      	mov	r0, r2
 8002ad0:	2103      	movs	r1, #3
 8002ad2:	461a      	mov	r2, r3
 8002ad4:	f7fe fd88 	bl	80015e8 <XMC_CCU8_SLICE_SetInterruptNode>
                                  handle_ptr->config_ptr->sr_cmp1_match_down);
  XMC_CCU8_SLICE_SetInterruptNode(handle_ptr->ccu8_slice_ptr, XMC_CCU8_SLICE_IRQ_ID_COMPARE_MATCH_UP_CH_2,
 8002ad8:	687b      	ldr	r3, [r7, #4]
 8002ada:	689a      	ldr	r2, [r3, #8]
                                  handle_ptr->config_ptr->sr_cmp2_match_up);
 8002adc:	687b      	ldr	r3, [r7, #4]
 8002ade:	681b      	ldr	r3, [r3, #0]
                                  handle_ptr->config_ptr->sr_per_match);
  XMC_CCU8_SLICE_SetInterruptNode(handle_ptr->ccu8_slice_ptr, XMC_CCU8_SLICE_IRQ_ID_COMPARE_MATCH_UP_CH_1,
                                  handle_ptr->config_ptr->sr_cmp1_match_up);
  XMC_CCU8_SLICE_SetInterruptNode(handle_ptr->ccu8_slice_ptr, XMC_CCU8_SLICE_IRQ_ID_COMPARE_MATCH_DOWN_CH_1,
                                  handle_ptr->config_ptr->sr_cmp1_match_down);
  XMC_CCU8_SLICE_SetInterruptNode(handle_ptr->ccu8_slice_ptr, XMC_CCU8_SLICE_IRQ_ID_COMPARE_MATCH_UP_CH_2,
 8002ae0:	7d1b      	ldrb	r3, [r3, #20]
 8002ae2:	4610      	mov	r0, r2
 8002ae4:	2104      	movs	r1, #4
 8002ae6:	461a      	mov	r2, r3
 8002ae8:	f7fe fd7e 	bl	80015e8 <XMC_CCU8_SLICE_SetInterruptNode>
                                  handle_ptr->config_ptr->sr_cmp2_match_up);
  XMC_CCU8_SLICE_SetInterruptNode(handle_ptr->ccu8_slice_ptr, XMC_CCU8_SLICE_IRQ_ID_COMPARE_MATCH_DOWN_CH_2,
 8002aec:	687b      	ldr	r3, [r7, #4]
 8002aee:	689a      	ldr	r2, [r3, #8]
                                  handle_ptr->config_ptr->sr_cmp2_match_down);
 8002af0:	687b      	ldr	r3, [r7, #4]
 8002af2:	681b      	ldr	r3, [r3, #0]
                                  handle_ptr->config_ptr->sr_cmp1_match_up);
  XMC_CCU8_SLICE_SetInterruptNode(handle_ptr->ccu8_slice_ptr, XMC_CCU8_SLICE_IRQ_ID_COMPARE_MATCH_DOWN_CH_1,
                                  handle_ptr->config_ptr->sr_cmp1_match_down);
  XMC_CCU8_SLICE_SetInterruptNode(handle_ptr->ccu8_slice_ptr, XMC_CCU8_SLICE_IRQ_ID_COMPARE_MATCH_UP_CH_2,
                                  handle_ptr->config_ptr->sr_cmp2_match_up);
  XMC_CCU8_SLICE_SetInterruptNode(handle_ptr->ccu8_slice_ptr, XMC_CCU8_SLICE_IRQ_ID_COMPARE_MATCH_DOWN_CH_2,
 8002af4:	7d5b      	ldrb	r3, [r3, #21]
 8002af6:	4610      	mov	r0, r2
 8002af8:	2105      	movs	r1, #5
 8002afa:	461a      	mov	r2, r3
 8002afc:	f7fe fd74 	bl	80015e8 <XMC_CCU8_SLICE_SetInterruptNode>
                                  handle_ptr->config_ptr->sr_cmp2_match_down);
  XMC_CCU8_SLICE_SetInterruptNode(handle_ptr->ccu8_slice_ptr, XMC_CCU8_SLICE_IRQ_ID_ONE_MATCH,
 8002b00:	687b      	ldr	r3, [r7, #4]
 8002b02:	689a      	ldr	r2, [r3, #8]
                                  handle_ptr->config_ptr->sr_one_match_down);
 8002b04:	687b      	ldr	r3, [r7, #4]
 8002b06:	681b      	ldr	r3, [r3, #0]
                                  handle_ptr->config_ptr->sr_cmp1_match_down);
  XMC_CCU8_SLICE_SetInterruptNode(handle_ptr->ccu8_slice_ptr, XMC_CCU8_SLICE_IRQ_ID_COMPARE_MATCH_UP_CH_2,
                                  handle_ptr->config_ptr->sr_cmp2_match_up);
  XMC_CCU8_SLICE_SetInterruptNode(handle_ptr->ccu8_slice_ptr, XMC_CCU8_SLICE_IRQ_ID_COMPARE_MATCH_DOWN_CH_2,
                                  handle_ptr->config_ptr->sr_cmp2_match_down);
  XMC_CCU8_SLICE_SetInterruptNode(handle_ptr->ccu8_slice_ptr, XMC_CCU8_SLICE_IRQ_ID_ONE_MATCH,
 8002b08:	7d9b      	ldrb	r3, [r3, #22]
 8002b0a:	4610      	mov	r0, r2
 8002b0c:	2101      	movs	r1, #1
 8002b0e:	461a      	mov	r2, r3
 8002b10:	f7fe fd6a 	bl	80015e8 <XMC_CCU8_SLICE_SetInterruptNode>
                                  handle_ptr->config_ptr->sr_one_match_down);
  XMC_CCU8_SLICE_SetInterruptNode(handle_ptr->ccu8_slice_ptr, XMC_CCU8_SLICE_IRQ_ID_EVENT0,
 8002b14:	687b      	ldr	r3, [r7, #4]
 8002b16:	689a      	ldr	r2, [r3, #8]
                                  handle_ptr->config_ptr->sr_e0);
 8002b18:	687b      	ldr	r3, [r7, #4]
 8002b1a:	681b      	ldr	r3, [r3, #0]
                                  handle_ptr->config_ptr->sr_cmp2_match_up);
  XMC_CCU8_SLICE_SetInterruptNode(handle_ptr->ccu8_slice_ptr, XMC_CCU8_SLICE_IRQ_ID_COMPARE_MATCH_DOWN_CH_2,
                                  handle_ptr->config_ptr->sr_cmp2_match_down);
  XMC_CCU8_SLICE_SetInterruptNode(handle_ptr->ccu8_slice_ptr, XMC_CCU8_SLICE_IRQ_ID_ONE_MATCH,
                                  handle_ptr->config_ptr->sr_one_match_down);
  XMC_CCU8_SLICE_SetInterruptNode(handle_ptr->ccu8_slice_ptr, XMC_CCU8_SLICE_IRQ_ID_EVENT0,
 8002b1c:	7ddb      	ldrb	r3, [r3, #23]
 8002b1e:	4610      	mov	r0, r2
 8002b20:	2108      	movs	r1, #8
 8002b22:	461a      	mov	r2, r3
 8002b24:	f7fe fd60 	bl	80015e8 <XMC_CCU8_SLICE_SetInterruptNode>
                                  handle_ptr->config_ptr->sr_e0);
  XMC_CCU8_SLICE_SetInterruptNode(handle_ptr->ccu8_slice_ptr, XMC_CCU8_SLICE_IRQ_ID_EVENT1,
 8002b28:	687b      	ldr	r3, [r7, #4]
 8002b2a:	689a      	ldr	r2, [r3, #8]
                                  handle_ptr->config_ptr->sr_e1);
 8002b2c:	687b      	ldr	r3, [r7, #4]
 8002b2e:	681b      	ldr	r3, [r3, #0]
                                  handle_ptr->config_ptr->sr_cmp2_match_down);
  XMC_CCU8_SLICE_SetInterruptNode(handle_ptr->ccu8_slice_ptr, XMC_CCU8_SLICE_IRQ_ID_ONE_MATCH,
                                  handle_ptr->config_ptr->sr_one_match_down);
  XMC_CCU8_SLICE_SetInterruptNode(handle_ptr->ccu8_slice_ptr, XMC_CCU8_SLICE_IRQ_ID_EVENT0,
                                  handle_ptr->config_ptr->sr_e0);
  XMC_CCU8_SLICE_SetInterruptNode(handle_ptr->ccu8_slice_ptr, XMC_CCU8_SLICE_IRQ_ID_EVENT1,
 8002b30:	7e1b      	ldrb	r3, [r3, #24]
 8002b32:	4610      	mov	r0, r2
 8002b34:	2109      	movs	r1, #9
 8002b36:	461a      	mov	r2, r3
 8002b38:	f7fe fd56 	bl	80015e8 <XMC_CCU8_SLICE_SetInterruptNode>
                                  handle_ptr->config_ptr->sr_e1);
  XMC_CCU8_SLICE_SetInterruptNode(handle_ptr->ccu8_slice_ptr, XMC_CCU8_SLICE_IRQ_ID_EVENT2,
 8002b3c:	687b      	ldr	r3, [r7, #4]
 8002b3e:	689a      	ldr	r2, [r3, #8]
                                  handle_ptr->config_ptr->sr_e2);
 8002b40:	687b      	ldr	r3, [r7, #4]
 8002b42:	681b      	ldr	r3, [r3, #0]
                                  handle_ptr->config_ptr->sr_one_match_down);
  XMC_CCU8_SLICE_SetInterruptNode(handle_ptr->ccu8_slice_ptr, XMC_CCU8_SLICE_IRQ_ID_EVENT0,
                                  handle_ptr->config_ptr->sr_e0);
  XMC_CCU8_SLICE_SetInterruptNode(handle_ptr->ccu8_slice_ptr, XMC_CCU8_SLICE_IRQ_ID_EVENT1,
                                  handle_ptr->config_ptr->sr_e1);
  XMC_CCU8_SLICE_SetInterruptNode(handle_ptr->ccu8_slice_ptr, XMC_CCU8_SLICE_IRQ_ID_EVENT2,
 8002b44:	7e5b      	ldrb	r3, [r3, #25]
 8002b46:	4610      	mov	r0, r2
 8002b48:	210a      	movs	r1, #10
 8002b4a:	461a      	mov	r2, r3
 8002b4c:	f7fe fd4c 	bl	80015e8 <XMC_CCU8_SLICE_SetInterruptNode>
                                  handle_ptr->config_ptr->sr_e2);

  if ((bool) true == handle_ptr->config_ptr->int_per_match)
 8002b50:	687b      	ldr	r3, [r7, #4]
 8002b52:	681b      	ldr	r3, [r3, #0]
 8002b54:	7a1b      	ldrb	r3, [r3, #8]
 8002b56:	2b00      	cmp	r3, #0
 8002b58:	d005      	beq.n	8002b66 <PWM_CCU8_lInit_Interrupt+0xd2>
  {
    XMC_DEBUG("PWM_CCU8_Init: Interrupt period match enable");
    XMC_CCU8_SLICE_EnableEvent(handle_ptr->ccu8_slice_ptr, XMC_CCU8_SLICE_IRQ_ID_PERIOD_MATCH);
 8002b5a:	687b      	ldr	r3, [r7, #4]
 8002b5c:	689b      	ldr	r3, [r3, #8]
 8002b5e:	4618      	mov	r0, r3
 8002b60:	2100      	movs	r1, #0
 8002b62:	f7ff fed3 	bl	800290c <XMC_CCU8_SLICE_EnableEvent>
  }

  if ((bool) true == handle_ptr->config_ptr->int_cmp1_match_up)
 8002b66:	687b      	ldr	r3, [r7, #4]
 8002b68:	681b      	ldr	r3, [r3, #0]
 8002b6a:	7a5b      	ldrb	r3, [r3, #9]
 8002b6c:	2b00      	cmp	r3, #0
 8002b6e:	d005      	beq.n	8002b7c <PWM_CCU8_lInit_Interrupt+0xe8>
  {
    XMC_DEBUG("PWM_CCU8_Init: Interrupt compare match ch1 up enable");
    XMC_CCU8_SLICE_EnableEvent(handle_ptr->ccu8_slice_ptr, XMC_CCU8_SLICE_IRQ_ID_COMPARE_MATCH_UP_CH_1);
 8002b70:	687b      	ldr	r3, [r7, #4]
 8002b72:	689b      	ldr	r3, [r3, #8]
 8002b74:	4618      	mov	r0, r3
 8002b76:	2102      	movs	r1, #2
 8002b78:	f7ff fec8 	bl	800290c <XMC_CCU8_SLICE_EnableEvent>
  }

  if ((bool) true == handle_ptr->config_ptr->int_cmp1_match_down)
 8002b7c:	687b      	ldr	r3, [r7, #4]
 8002b7e:	681b      	ldr	r3, [r3, #0]
 8002b80:	7a9b      	ldrb	r3, [r3, #10]
 8002b82:	2b00      	cmp	r3, #0
 8002b84:	d005      	beq.n	8002b92 <PWM_CCU8_lInit_Interrupt+0xfe>
  {
    XMC_DEBUG("PWM_CCU8_Init: Interrupt compare match ch1 down enable");
    XMC_CCU8_SLICE_EnableEvent(handle_ptr->ccu8_slice_ptr, XMC_CCU8_SLICE_IRQ_ID_COMPARE_MATCH_DOWN_CH_1);
 8002b86:	687b      	ldr	r3, [r7, #4]
 8002b88:	689b      	ldr	r3, [r3, #8]
 8002b8a:	4618      	mov	r0, r3
 8002b8c:	2103      	movs	r1, #3
 8002b8e:	f7ff febd 	bl	800290c <XMC_CCU8_SLICE_EnableEvent>
  }

  if ((bool) true == handle_ptr->config_ptr->int_cmp2_match_up)
 8002b92:	687b      	ldr	r3, [r7, #4]
 8002b94:	681b      	ldr	r3, [r3, #0]
 8002b96:	7adb      	ldrb	r3, [r3, #11]
 8002b98:	2b00      	cmp	r3, #0
 8002b9a:	d005      	beq.n	8002ba8 <PWM_CCU8_lInit_Interrupt+0x114>
  {
    XMC_DEBUG("PWM_CCU8_Init: Interrupt compare match ch2 up enable");
    XMC_CCU8_SLICE_EnableEvent(handle_ptr->ccu8_slice_ptr, XMC_CCU8_SLICE_IRQ_ID_COMPARE_MATCH_UP_CH_2);
 8002b9c:	687b      	ldr	r3, [r7, #4]
 8002b9e:	689b      	ldr	r3, [r3, #8]
 8002ba0:	4618      	mov	r0, r3
 8002ba2:	2104      	movs	r1, #4
 8002ba4:	f7ff feb2 	bl	800290c <XMC_CCU8_SLICE_EnableEvent>
  }

  if ((bool) true == handle_ptr->config_ptr->int_cmp2_match_down)
 8002ba8:	687b      	ldr	r3, [r7, #4]
 8002baa:	681b      	ldr	r3, [r3, #0]
 8002bac:	7b1b      	ldrb	r3, [r3, #12]
 8002bae:	2b00      	cmp	r3, #0
 8002bb0:	d005      	beq.n	8002bbe <PWM_CCU8_lInit_Interrupt+0x12a>
  {
    XMC_DEBUG("PWM_CCU8_Init: Interrupt compare match ch2 down enable");
    XMC_CCU8_SLICE_EnableEvent(handle_ptr->ccu8_slice_ptr, XMC_CCU8_SLICE_IRQ_ID_COMPARE_MATCH_DOWN_CH_2);
 8002bb2:	687b      	ldr	r3, [r7, #4]
 8002bb4:	689b      	ldr	r3, [r3, #8]
 8002bb6:	4618      	mov	r0, r3
 8002bb8:	2105      	movs	r1, #5
 8002bba:	f7ff fea7 	bl	800290c <XMC_CCU8_SLICE_EnableEvent>
  }

  if ((bool) true == handle_ptr->config_ptr->int_one_match_down)
 8002bbe:	687b      	ldr	r3, [r7, #4]
 8002bc0:	681b      	ldr	r3, [r3, #0]
 8002bc2:	7b5b      	ldrb	r3, [r3, #13]
 8002bc4:	2b00      	cmp	r3, #0
 8002bc6:	d005      	beq.n	8002bd4 <PWM_CCU8_lInit_Interrupt+0x140>
  {
    XMC_DEBUG("PWM_CCU8_Init: Interrupt one match enable");
    XMC_CCU8_SLICE_EnableEvent(handle_ptr->ccu8_slice_ptr, XMC_CCU8_SLICE_IRQ_ID_ONE_MATCH);
 8002bc8:	687b      	ldr	r3, [r7, #4]
 8002bca:	689b      	ldr	r3, [r3, #8]
 8002bcc:	4618      	mov	r0, r3
 8002bce:	2101      	movs	r1, #1
 8002bd0:	f7ff fe9c 	bl	800290c <XMC_CCU8_SLICE_EnableEvent>
  }

  if ((bool) true == handle_ptr->config_ptr->int_e0)
 8002bd4:	687b      	ldr	r3, [r7, #4]
 8002bd6:	681b      	ldr	r3, [r3, #0]
 8002bd8:	7b9b      	ldrb	r3, [r3, #14]
 8002bda:	2b00      	cmp	r3, #0
 8002bdc:	d005      	beq.n	8002bea <PWM_CCU8_lInit_Interrupt+0x156>
  {
    XMC_DEBUG("PWM_CCU8_Init: Interrupt event 0 enable");
    XMC_CCU8_SLICE_EnableEvent(handle_ptr->ccu8_slice_ptr, XMC_CCU8_SLICE_IRQ_ID_EVENT0);
 8002bde:	687b      	ldr	r3, [r7, #4]
 8002be0:	689b      	ldr	r3, [r3, #8]
 8002be2:	4618      	mov	r0, r3
 8002be4:	2108      	movs	r1, #8
 8002be6:	f7ff fe91 	bl	800290c <XMC_CCU8_SLICE_EnableEvent>
  }

  if ((bool) true == handle_ptr->config_ptr->int_e1)
 8002bea:	687b      	ldr	r3, [r7, #4]
 8002bec:	681b      	ldr	r3, [r3, #0]
 8002bee:	7bdb      	ldrb	r3, [r3, #15]
 8002bf0:	2b00      	cmp	r3, #0
 8002bf2:	d005      	beq.n	8002c00 <PWM_CCU8_lInit_Interrupt+0x16c>
  {
    XMC_DEBUG("PWM_CCU8_Init: Interrupt event 1 enable");
    XMC_CCU8_SLICE_EnableEvent(handle_ptr->ccu8_slice_ptr, XMC_CCU8_SLICE_IRQ_ID_EVENT1);
 8002bf4:	687b      	ldr	r3, [r7, #4]
 8002bf6:	689b      	ldr	r3, [r3, #8]
 8002bf8:	4618      	mov	r0, r3
 8002bfa:	2109      	movs	r1, #9
 8002bfc:	f7ff fe86 	bl	800290c <XMC_CCU8_SLICE_EnableEvent>
  }

  if ((bool) true == handle_ptr->config_ptr->int_e2)
 8002c00:	687b      	ldr	r3, [r7, #4]
 8002c02:	681b      	ldr	r3, [r3, #0]
 8002c04:	7c1b      	ldrb	r3, [r3, #16]
 8002c06:	2b00      	cmp	r3, #0
 8002c08:	d005      	beq.n	8002c16 <PWM_CCU8_lInit_Interrupt+0x182>
  {
    XMC_DEBUG("PWM_CCU8_Init: Interrupt event 2 enable");
    XMC_CCU8_SLICE_EnableEvent(handle_ptr->ccu8_slice_ptr, XMC_CCU8_SLICE_IRQ_ID_EVENT2);
 8002c0a:	687b      	ldr	r3, [r7, #4]
 8002c0c:	689b      	ldr	r3, [r3, #8]
 8002c0e:	4618      	mov	r0, r3
 8002c10:	210a      	movs	r1, #10
 8002c12:	f7ff fe7b 	bl	800290c <XMC_CCU8_SLICE_EnableEvent>
  }
}
 8002c16:	3708      	adds	r7, #8
 8002c18:	46bd      	mov	sp, r7
 8002c1a:	bd80      	pop	{r7, pc}

08002c1c <PWM_CCU8_lInit_GPIO>:
static void PWM_CCU8_lInit_GPIO(PWM_CCU8_t* handle_ptr)
{
 8002c1c:	b580      	push	{r7, lr}
 8002c1e:	b082      	sub	sp, #8
 8002c20:	af00      	add	r7, sp, #0
 8002c22:	6078      	str	r0, [r7, #4]
  if ((bool) true == handle_ptr->config_ptr->gpio_ch1_out0_enable)
 8002c24:	687b      	ldr	r3, [r7, #4]
 8002c26:	681b      	ldr	r3, [r3, #0]
 8002c28:	f893 3048 	ldrb.w	r3, [r3, #72]	; 0x48
 8002c2c:	2b00      	cmp	r3, #0
 8002c2e:	d00e      	beq.n	8002c4e <PWM_CCU8_lInit_GPIO+0x32>
  {
    XMC_GPIO_Init(handle_ptr->config_ptr->gpio_ch1_out0_ptr, handle_ptr->config_ptr->gpio_ch1_out0_pin,
 8002c30:	687b      	ldr	r3, [r7, #4]
 8002c32:	681b      	ldr	r3, [r3, #0]
 8002c34:	6cd9      	ldr	r1, [r3, #76]	; 0x4c
 8002c36:	687b      	ldr	r3, [r7, #4]
 8002c38:	681b      	ldr	r3, [r3, #0]
 8002c3a:	f893 2050 	ldrb.w	r2, [r3, #80]	; 0x50
                  handle_ptr->config_ptr->gpio_ch1_out0_config_ptr);
 8002c3e:	687b      	ldr	r3, [r7, #4]
 8002c40:	681b      	ldr	r3, [r3, #0]
}
static void PWM_CCU8_lInit_GPIO(PWM_CCU8_t* handle_ptr)
{
  if ((bool) true == handle_ptr->config_ptr->gpio_ch1_out0_enable)
  {
    XMC_GPIO_Init(handle_ptr->config_ptr->gpio_ch1_out0_ptr, handle_ptr->config_ptr->gpio_ch1_out0_pin,
 8002c42:	6d5b      	ldr	r3, [r3, #84]	; 0x54
 8002c44:	4608      	mov	r0, r1
 8002c46:	4611      	mov	r1, r2
 8002c48:	461a      	mov	r2, r3
 8002c4a:	f7fd fbb7 	bl	80003bc <XMC_GPIO_Init>
                  handle_ptr->config_ptr->gpio_ch1_out0_config_ptr);
  }

  if ((bool) true == handle_ptr->config_ptr->gpio_ch1_out1_enable)
 8002c4e:	687b      	ldr	r3, [r7, #4]
 8002c50:	681b      	ldr	r3, [r3, #0]
 8002c52:	f893 3058 	ldrb.w	r3, [r3, #88]	; 0x58
 8002c56:	2b00      	cmp	r3, #0
 8002c58:	d00e      	beq.n	8002c78 <PWM_CCU8_lInit_GPIO+0x5c>
  {
    XMC_GPIO_Init(handle_ptr->config_ptr->gpio_ch1_out1_ptr, handle_ptr->config_ptr->gpio_ch1_out1_pin,
 8002c5a:	687b      	ldr	r3, [r7, #4]
 8002c5c:	681b      	ldr	r3, [r3, #0]
 8002c5e:	6dd9      	ldr	r1, [r3, #92]	; 0x5c
 8002c60:	687b      	ldr	r3, [r7, #4]
 8002c62:	681b      	ldr	r3, [r3, #0]
 8002c64:	f893 2060 	ldrb.w	r2, [r3, #96]	; 0x60
                  handle_ptr->config_ptr->gpio_ch1_out1_config_ptr);
 8002c68:	687b      	ldr	r3, [r7, #4]
 8002c6a:	681b      	ldr	r3, [r3, #0]
                  handle_ptr->config_ptr->gpio_ch1_out0_config_ptr);
  }

  if ((bool) true == handle_ptr->config_ptr->gpio_ch1_out1_enable)
  {
    XMC_GPIO_Init(handle_ptr->config_ptr->gpio_ch1_out1_ptr, handle_ptr->config_ptr->gpio_ch1_out1_pin,
 8002c6c:	6e5b      	ldr	r3, [r3, #100]	; 0x64
 8002c6e:	4608      	mov	r0, r1
 8002c70:	4611      	mov	r1, r2
 8002c72:	461a      	mov	r2, r3
 8002c74:	f7fd fba2 	bl	80003bc <XMC_GPIO_Init>
                  handle_ptr->config_ptr->gpio_ch1_out1_config_ptr);
  }

  if ((bool) true == handle_ptr->config_ptr->gpio_ch2_out2_enable)
 8002c78:	687b      	ldr	r3, [r7, #4]
 8002c7a:	681b      	ldr	r3, [r3, #0]
 8002c7c:	f893 3068 	ldrb.w	r3, [r3, #104]	; 0x68
 8002c80:	2b00      	cmp	r3, #0
 8002c82:	d00e      	beq.n	8002ca2 <PWM_CCU8_lInit_GPIO+0x86>
  {
    XMC_GPIO_Init(handle_ptr->config_ptr->gpio_ch2_out2_ptr, handle_ptr->config_ptr->gpio_ch2_out2_pin,
 8002c84:	687b      	ldr	r3, [r7, #4]
 8002c86:	681b      	ldr	r3, [r3, #0]
 8002c88:	6ed9      	ldr	r1, [r3, #108]	; 0x6c
 8002c8a:	687b      	ldr	r3, [r7, #4]
 8002c8c:	681b      	ldr	r3, [r3, #0]
 8002c8e:	f893 2070 	ldrb.w	r2, [r3, #112]	; 0x70
                  handle_ptr->config_ptr->gpio_ch2_out2_config_ptr);
 8002c92:	687b      	ldr	r3, [r7, #4]
 8002c94:	681b      	ldr	r3, [r3, #0]
                  handle_ptr->config_ptr->gpio_ch1_out1_config_ptr);
  }

  if ((bool) true == handle_ptr->config_ptr->gpio_ch2_out2_enable)
  {
    XMC_GPIO_Init(handle_ptr->config_ptr->gpio_ch2_out2_ptr, handle_ptr->config_ptr->gpio_ch2_out2_pin,
 8002c96:	6f5b      	ldr	r3, [r3, #116]	; 0x74
 8002c98:	4608      	mov	r0, r1
 8002c9a:	4611      	mov	r1, r2
 8002c9c:	461a      	mov	r2, r3
 8002c9e:	f7fd fb8d 	bl	80003bc <XMC_GPIO_Init>
                  handle_ptr->config_ptr->gpio_ch2_out2_config_ptr);
  }

  if ((bool) true == handle_ptr->config_ptr->gpio_ch2_out3_enable)
 8002ca2:	687b      	ldr	r3, [r7, #4]
 8002ca4:	681b      	ldr	r3, [r3, #0]
 8002ca6:	f893 3078 	ldrb.w	r3, [r3, #120]	; 0x78
 8002caa:	2b00      	cmp	r3, #0
 8002cac:	d00f      	beq.n	8002cce <PWM_CCU8_lInit_GPIO+0xb2>
  {
    XMC_GPIO_Init(handle_ptr->config_ptr->gpio_ch2_out3_ptr, handle_ptr->config_ptr->gpio_ch2_out3_pin,
 8002cae:	687b      	ldr	r3, [r7, #4]
 8002cb0:	681b      	ldr	r3, [r3, #0]
 8002cb2:	6fd9      	ldr	r1, [r3, #124]	; 0x7c
 8002cb4:	687b      	ldr	r3, [r7, #4]
 8002cb6:	681b      	ldr	r3, [r3, #0]
 8002cb8:	f893 2080 	ldrb.w	r2, [r3, #128]	; 0x80
                  handle_ptr->config_ptr->gpio_ch2_out3_config_ptr);
 8002cbc:	687b      	ldr	r3, [r7, #4]
 8002cbe:	681b      	ldr	r3, [r3, #0]
                  handle_ptr->config_ptr->gpio_ch2_out2_config_ptr);
  }

  if ((bool) true == handle_ptr->config_ptr->gpio_ch2_out3_enable)
  {
    XMC_GPIO_Init(handle_ptr->config_ptr->gpio_ch2_out3_ptr, handle_ptr->config_ptr->gpio_ch2_out3_pin,
 8002cc0:	f8d3 3084 	ldr.w	r3, [r3, #132]	; 0x84
 8002cc4:	4608      	mov	r0, r1
 8002cc6:	4611      	mov	r1, r2
 8002cc8:	461a      	mov	r2, r3
 8002cca:	f7fd fb77 	bl	80003bc <XMC_GPIO_Init>
                  handle_ptr->config_ptr->gpio_ch2_out3_config_ptr);
  }
}
 8002cce:	3708      	adds	r7, #8
 8002cd0:	46bd      	mov	sp, r7
 8002cd2:	bd80      	pop	{r7, pc}

08002cd4 <PWM_CCU8_lConfigure_Events>:

static void PWM_CCU8_lConfigure_Events(PWM_CCU8_t* handle_ptr)
{
 8002cd4:	b580      	push	{r7, lr}
 8002cd6:	b084      	sub	sp, #16
 8002cd8:	af02      	add	r7, sp, #8
 8002cda:	6078      	str	r0, [r7, #4]
  /* Configure slice to a external event 0 */
  XMC_CCU8_SLICE_ConfigureEvent(handle_ptr->ccu8_slice_ptr, XMC_CCU8_SLICE_EVENT_0,
 8002cdc:	687b      	ldr	r3, [r7, #4]
 8002cde:	689a      	ldr	r2, [r3, #8]
                                handle_ptr->config_ptr->event0_config_ptr);
 8002ce0:	687b      	ldr	r3, [r7, #4]
 8002ce2:	681b      	ldr	r3, [r3, #0]
}

static void PWM_CCU8_lConfigure_Events(PWM_CCU8_t* handle_ptr)
{
  /* Configure slice to a external event 0 */
  XMC_CCU8_SLICE_ConfigureEvent(handle_ptr->ccu8_slice_ptr, XMC_CCU8_SLICE_EVENT_0,
 8002ce4:	69db      	ldr	r3, [r3, #28]
 8002ce6:	4610      	mov	r0, r2
 8002ce8:	2101      	movs	r1, #1
 8002cea:	461a      	mov	r2, r3
 8002cec:	f7fe fbec 	bl	80014c8 <XMC_CCU8_SLICE_ConfigureEvent>
                                handle_ptr->config_ptr->event0_config_ptr);

  /* Configure slice to a external event 1 */
  XMC_CCU8_SLICE_ConfigureEvent(handle_ptr->ccu8_slice_ptr, XMC_CCU8_SLICE_EVENT_1,
 8002cf0:	687b      	ldr	r3, [r7, #4]
 8002cf2:	689a      	ldr	r2, [r3, #8]
                                handle_ptr->config_ptr->event1_config_ptr);
 8002cf4:	687b      	ldr	r3, [r7, #4]
 8002cf6:	681b      	ldr	r3, [r3, #0]
  /* Configure slice to a external event 0 */
  XMC_CCU8_SLICE_ConfigureEvent(handle_ptr->ccu8_slice_ptr, XMC_CCU8_SLICE_EVENT_0,
                                handle_ptr->config_ptr->event0_config_ptr);

  /* Configure slice to a external event 1 */
  XMC_CCU8_SLICE_ConfigureEvent(handle_ptr->ccu8_slice_ptr, XMC_CCU8_SLICE_EVENT_1,
 8002cf8:	6a1b      	ldr	r3, [r3, #32]
 8002cfa:	4610      	mov	r0, r2
 8002cfc:	2102      	movs	r1, #2
 8002cfe:	461a      	mov	r2, r3
 8002d00:	f7fe fbe2 	bl	80014c8 <XMC_CCU8_SLICE_ConfigureEvent>
                                handle_ptr->config_ptr->event1_config_ptr);

  /* Configure slice to a external event 2 */
  XMC_CCU8_SLICE_ConfigureEvent(handle_ptr->ccu8_slice_ptr, XMC_CCU8_SLICE_EVENT_2,
 8002d04:	687b      	ldr	r3, [r7, #4]
 8002d06:	689a      	ldr	r2, [r3, #8]
                                handle_ptr->config_ptr->event2_config_ptr);
 8002d08:	687b      	ldr	r3, [r7, #4]
 8002d0a:	681b      	ldr	r3, [r3, #0]
  /* Configure slice to a external event 1 */
  XMC_CCU8_SLICE_ConfigureEvent(handle_ptr->ccu8_slice_ptr, XMC_CCU8_SLICE_EVENT_1,
                                handle_ptr->config_ptr->event1_config_ptr);

  /* Configure slice to a external event 2 */
  XMC_CCU8_SLICE_ConfigureEvent(handle_ptr->ccu8_slice_ptr, XMC_CCU8_SLICE_EVENT_2,
 8002d0c:	6a5b      	ldr	r3, [r3, #36]	; 0x24
 8002d0e:	4610      	mov	r0, r2
 8002d10:	2103      	movs	r1, #3
 8002d12:	461a      	mov	r2, r3
 8002d14:	f7fe fbd8 	bl	80014c8 <XMC_CCU8_SLICE_ConfigureEvent>
                                handle_ptr->config_ptr->event2_config_ptr);

  /* External signal controls start of the timer */
  if (XMC_CCU8_SLICE_EVENT_NONE != handle_ptr->config_ptr->ext_start_event)
 8002d18:	687b      	ldr	r3, [r7, #4]
 8002d1a:	681b      	ldr	r3, [r3, #0]
 8002d1c:	f893 3028 	ldrb.w	r3, [r3, #40]	; 0x28
 8002d20:	2b00      	cmp	r3, #0
 8002d22:	d00e      	beq.n	8002d42 <PWM_CCU8_lConfigure_Events+0x6e>
  {
    XMC_CCU8_SLICE_StartConfig(handle_ptr->ccu8_slice_ptr, handle_ptr->config_ptr->ext_start_event,
 8002d24:	687b      	ldr	r3, [r7, #4]
 8002d26:	6899      	ldr	r1, [r3, #8]
 8002d28:	687b      	ldr	r3, [r7, #4]
 8002d2a:	681b      	ldr	r3, [r3, #0]
 8002d2c:	f893 2028 	ldrb.w	r2, [r3, #40]	; 0x28
                               handle_ptr->config_ptr->ext_start_mode);
 8002d30:	687b      	ldr	r3, [r7, #4]
 8002d32:	681b      	ldr	r3, [r3, #0]
                                handle_ptr->config_ptr->event2_config_ptr);

  /* External signal controls start of the timer */
  if (XMC_CCU8_SLICE_EVENT_NONE != handle_ptr->config_ptr->ext_start_event)
  {
    XMC_CCU8_SLICE_StartConfig(handle_ptr->ccu8_slice_ptr, handle_ptr->config_ptr->ext_start_event,
 8002d34:	f893 3029 	ldrb.w	r3, [r3, #41]	; 0x29
 8002d38:	4608      	mov	r0, r1
 8002d3a:	4611      	mov	r1, r2
 8002d3c:	461a      	mov	r2, r3
 8002d3e:	f7fe f9eb 	bl	8001118 <XMC_CCU8_SLICE_StartConfig>
                               handle_ptr->config_ptr->ext_start_mode);
  }

  /* External signal can stop the timer */
  if (XMC_CCU8_SLICE_EVENT_NONE != handle_ptr->config_ptr->ext_stop_event)
 8002d42:	687b      	ldr	r3, [r7, #4]
 8002d44:	681b      	ldr	r3, [r3, #0]
 8002d46:	f893 302a 	ldrb.w	r3, [r3, #42]	; 0x2a
 8002d4a:	2b00      	cmp	r3, #0
 8002d4c:	d00e      	beq.n	8002d6c <PWM_CCU8_lConfigure_Events+0x98>
  {
    XMC_CCU8_SLICE_StopConfig(handle_ptr->ccu8_slice_ptr, handle_ptr->config_ptr->ext_stop_event,
 8002d4e:	687b      	ldr	r3, [r7, #4]
 8002d50:	6899      	ldr	r1, [r3, #8]
 8002d52:	687b      	ldr	r3, [r7, #4]
 8002d54:	681b      	ldr	r3, [r3, #0]
 8002d56:	f893 202a 	ldrb.w	r2, [r3, #42]	; 0x2a
                              handle_ptr->config_ptr->ext_stop_mode);
 8002d5a:	687b      	ldr	r3, [r7, #4]
 8002d5c:	681b      	ldr	r3, [r3, #0]
  }

  /* External signal can stop the timer */
  if (XMC_CCU8_SLICE_EVENT_NONE != handle_ptr->config_ptr->ext_stop_event)
  {
    XMC_CCU8_SLICE_StopConfig(handle_ptr->ccu8_slice_ptr, handle_ptr->config_ptr->ext_stop_event,
 8002d5e:	f893 302b 	ldrb.w	r3, [r3, #43]	; 0x2b
 8002d62:	4608      	mov	r0, r1
 8002d64:	4611      	mov	r1, r2
 8002d66:	461a      	mov	r2, r3
 8002d68:	f7fe fa04 	bl	8001174 <XMC_CCU8_SLICE_StopConfig>
                              handle_ptr->config_ptr->ext_stop_mode);
  }

  /* External signal can change the timer counting direction */
  if (XMC_CCU8_SLICE_EVENT_NONE != handle_ptr->config_ptr->ext_count_dir_event)
 8002d6c:	687b      	ldr	r3, [r7, #4]
 8002d6e:	681b      	ldr	r3, [r3, #0]
 8002d70:	f893 302c 	ldrb.w	r3, [r3, #44]	; 0x2c
 8002d74:	2b00      	cmp	r3, #0
 8002d76:	d009      	beq.n	8002d8c <PWM_CCU8_lConfigure_Events+0xb8>
  {
    XMC_CCU8_SLICE_DirectionConfig(handle_ptr->ccu8_slice_ptr, handle_ptr->config_ptr->ext_count_dir_event);
 8002d78:	687b      	ldr	r3, [r7, #4]
 8002d7a:	689a      	ldr	r2, [r3, #8]
 8002d7c:	687b      	ldr	r3, [r7, #4]
 8002d7e:	681b      	ldr	r3, [r3, #0]
 8002d80:	f893 302c 	ldrb.w	r3, [r3, #44]	; 0x2c
 8002d84:	4610      	mov	r0, r2
 8002d86:	4619      	mov	r1, r3
 8002d88:	f7fe fad0 	bl	800132c <XMC_CCU8_SLICE_DirectionConfig>
  }
  /* External signal can stop the timer and the timer value remains same */
  if (XMC_CCU8_SLICE_EVENT_NONE != handle_ptr->config_ptr->ext_gate_event)
 8002d8c:	687b      	ldr	r3, [r7, #4]
 8002d8e:	681b      	ldr	r3, [r3, #0]
 8002d90:	f893 302d 	ldrb.w	r3, [r3, #45]	; 0x2d
 8002d94:	2b00      	cmp	r3, #0
 8002d96:	d009      	beq.n	8002dac <PWM_CCU8_lConfigure_Events+0xd8>
  {
    XMC_CCU8_SLICE_GateConfig(handle_ptr->ccu8_slice_ptr, handle_ptr->config_ptr->ext_gate_event);
 8002d98:	687b      	ldr	r3, [r7, #4]
 8002d9a:	689a      	ldr	r2, [r3, #8]
 8002d9c:	687b      	ldr	r3, [r7, #4]
 8002d9e:	681b      	ldr	r3, [r3, #0]
 8002da0:	f893 302d 	ldrb.w	r3, [r3, #45]	; 0x2d
 8002da4:	4610      	mov	r0, r2
 8002da6:	4619      	mov	r1, r3
 8002da8:	f7fe faa6 	bl	80012f8 <XMC_CCU8_SLICE_GateConfig>
  }
  /* Timer increments on external signal */
  if (XMC_CCU8_SLICE_EVENT_NONE != handle_ptr->config_ptr->ext_count_event)
 8002dac:	687b      	ldr	r3, [r7, #4]
 8002dae:	681b      	ldr	r3, [r3, #0]
 8002db0:	f893 302e 	ldrb.w	r3, [r3, #46]	; 0x2e
 8002db4:	2b00      	cmp	r3, #0
 8002db6:	d009      	beq.n	8002dcc <PWM_CCU8_lConfigure_Events+0xf8>
  {
    XMC_CCU8_SLICE_CountConfig(handle_ptr->ccu8_slice_ptr, handle_ptr->config_ptr->ext_count_event);
 8002db8:	687b      	ldr	r3, [r7, #4]
 8002dba:	689a      	ldr	r2, [r3, #8]
 8002dbc:	687b      	ldr	r3, [r7, #4]
 8002dbe:	681b      	ldr	r3, [r3, #0]
 8002dc0:	f893 302e 	ldrb.w	r3, [r3, #46]	; 0x2e
 8002dc4:	4610      	mov	r0, r2
 8002dc6:	4619      	mov	r1, r3
 8002dc8:	f7fe fa7c 	bl	80012c4 <XMC_CCU8_SLICE_CountConfig>
  }
  /* Timer gets loaded with compare register value or period register value on external signal */
  if (XMC_CCU8_SLICE_EVENT_NONE != handle_ptr->config_ptr->ext_load_event)
 8002dcc:	687b      	ldr	r3, [r7, #4]
 8002dce:	681b      	ldr	r3, [r3, #0]
 8002dd0:	f893 302f 	ldrb.w	r3, [r3, #47]	; 0x2f
 8002dd4:	2b00      	cmp	r3, #0
 8002dd6:	d013      	beq.n	8002e00 <PWM_CCU8_lConfigure_Events+0x12c>
  {
    XMC_CCU8_SLICE_LoadConfig(handle_ptr->ccu8_slice_ptr, handle_ptr->config_ptr->ext_load_event);
 8002dd8:	687b      	ldr	r3, [r7, #4]
 8002dda:	689a      	ldr	r2, [r3, #8]
 8002ddc:	687b      	ldr	r3, [r7, #4]
 8002dde:	681b      	ldr	r3, [r3, #0]
 8002de0:	f893 302f 	ldrb.w	r3, [r3, #47]	; 0x2f
 8002de4:	4610      	mov	r0, r2
 8002de6:	4619      	mov	r1, r3
 8002de8:	f7fe f9f0 	bl	80011cc <XMC_CCU8_SLICE_LoadConfig>
    XMC_CCU8_SLICE_LoadSelector(handle_ptr->ccu8_slice_ptr, handle_ptr->config_ptr->ext_load_selector);
 8002dec:	687b      	ldr	r3, [r7, #4]
 8002dee:	689a      	ldr	r2, [r3, #8]
 8002df0:	687b      	ldr	r3, [r7, #4]
 8002df2:	681b      	ldr	r3, [r3, #0]
 8002df4:	f893 3030 	ldrb.w	r3, [r3, #48]	; 0x30
 8002df8:	4610      	mov	r0, r2
 8002dfa:	4619      	mov	r1, r3
 8002dfc:	f7fe fa00 	bl	8001200 <XMC_CCU8_SLICE_LoadSelector>
  }
  /* External signal PWM signal (ST bit) output gets modulated by external signal */
  if (XMC_CCU8_SLICE_EVENT_NONE != handle_ptr->config_ptr->ext_mod_event)
 8002e00:	687b      	ldr	r3, [r7, #4]
 8002e02:	681b      	ldr	r3, [r3, #0]
 8002e04:	f893 3031 	ldrb.w	r3, [r3, #49]	; 0x31
 8002e08:	2b00      	cmp	r3, #0
 8002e0a:	d011      	beq.n	8002e30 <PWM_CCU8_lConfigure_Events+0x15c>
  {
    XMC_CCU8_SLICE_ModulationConfig(handle_ptr->ccu8_slice_ptr, handle_ptr->config_ptr->ext_mod_event,
 8002e0c:	687b      	ldr	r3, [r7, #4]
 8002e0e:	6898      	ldr	r0, [r3, #8]
 8002e10:	687b      	ldr	r3, [r7, #4]
 8002e12:	681b      	ldr	r3, [r3, #0]
 8002e14:	f893 1031 	ldrb.w	r1, [r3, #49]	; 0x31
                                    handle_ptr->config_ptr->ext_mod_mode, XMC_CCU8_SLICE_MODULATION_CHANNEL_1_AND_2,
 8002e18:	687b      	ldr	r3, [r7, #4]
 8002e1a:	681b      	ldr	r3, [r3, #0]
    XMC_CCU8_SLICE_LoadSelector(handle_ptr->ccu8_slice_ptr, handle_ptr->config_ptr->ext_load_selector);
  }
  /* External signal PWM signal (ST bit) output gets modulated by external signal */
  if (XMC_CCU8_SLICE_EVENT_NONE != handle_ptr->config_ptr->ext_mod_event)
  {
    XMC_CCU8_SLICE_ModulationConfig(handle_ptr->ccu8_slice_ptr, handle_ptr->config_ptr->ext_mod_event,
 8002e1c:	f893 2032 	ldrb.w	r2, [r3, #50]	; 0x32
                                    handle_ptr->config_ptr->ext_mod_mode, XMC_CCU8_SLICE_MODULATION_CHANNEL_1_AND_2,
                                    handle_ptr->config_ptr->ext_mod_sync);
 8002e20:	687b      	ldr	r3, [r7, #4]
 8002e22:	681b      	ldr	r3, [r3, #0]
    XMC_CCU8_SLICE_LoadSelector(handle_ptr->ccu8_slice_ptr, handle_ptr->config_ptr->ext_load_selector);
  }
  /* External signal PWM signal (ST bit) output gets modulated by external signal */
  if (XMC_CCU8_SLICE_EVENT_NONE != handle_ptr->config_ptr->ext_mod_event)
  {
    XMC_CCU8_SLICE_ModulationConfig(handle_ptr->ccu8_slice_ptr, handle_ptr->config_ptr->ext_mod_event,
 8002e24:	f893 3033 	ldrb.w	r3, [r3, #51]	; 0x33
 8002e28:	9300      	str	r3, [sp, #0]
 8002e2a:	2303      	movs	r3, #3
 8002e2c:	f7fe fa02 	bl	8001234 <XMC_CCU8_SLICE_ModulationConfig>
                                    handle_ptr->config_ptr->ext_mod_mode, XMC_CCU8_SLICE_MODULATION_CHANNEL_1_AND_2,
                                    handle_ptr->config_ptr->ext_mod_sync);
  }

  /* PWM signal (ST bit) output gets modulated by external signal */
  if (XMC_CCU8_SLICE_EVENT_2 == handle_ptr->config_ptr->ext_trap_event)
 8002e30:	687b      	ldr	r3, [r7, #4]
 8002e32:	681b      	ldr	r3, [r3, #0]
 8002e34:	f893 3037 	ldrb.w	r3, [r3, #55]	; 0x37
 8002e38:	2b03      	cmp	r3, #3
 8002e3a:	d11a      	bne.n	8002e72 <PWM_CCU8_lConfigure_Events+0x19e>
  {
    XMC_CCU8_SLICE_TrapConfig(handle_ptr->ccu8_slice_ptr, handle_ptr->config_ptr->ext_trap_exit,
 8002e3c:	687b      	ldr	r3, [r7, #4]
 8002e3e:	6899      	ldr	r1, [r3, #8]
 8002e40:	687b      	ldr	r3, [r7, #4]
 8002e42:	681b      	ldr	r3, [r3, #0]
 8002e44:	f893 2039 	ldrb.w	r2, [r3, #57]	; 0x39
                              handle_ptr->config_ptr->ext_trap_sync);
 8002e48:	687b      	ldr	r3, [r7, #4]
 8002e4a:	681b      	ldr	r3, [r3, #0]
  }

  /* PWM signal (ST bit) output gets modulated by external signal */
  if (XMC_CCU8_SLICE_EVENT_2 == handle_ptr->config_ptr->ext_trap_event)
  {
    XMC_CCU8_SLICE_TrapConfig(handle_ptr->ccu8_slice_ptr, handle_ptr->config_ptr->ext_trap_exit,
 8002e4c:	f893 3038 	ldrb.w	r3, [r3, #56]	; 0x38
 8002e50:	4608      	mov	r0, r1
 8002e52:	4611      	mov	r1, r2
 8002e54:	461a      	mov	r2, r3
 8002e56:	f7fe fa9b 	bl	8001390 <XMC_CCU8_SLICE_TrapConfig>
                              handle_ptr->config_ptr->ext_trap_sync);
    if ((bool) true == handle_ptr->config_ptr->ext_trap_enable)
 8002e5a:	687b      	ldr	r3, [r7, #4]
 8002e5c:	681b      	ldr	r3, [r3, #0]
 8002e5e:	f893 3036 	ldrb.w	r3, [r3, #54]	; 0x36
 8002e62:	2b00      	cmp	r3, #0
 8002e64:	d005      	beq.n	8002e72 <PWM_CCU8_lConfigure_Events+0x19e>
    {
      XMC_CCU8_SLICE_EnableTrap(
 8002e66:	687b      	ldr	r3, [r7, #4]
 8002e68:	689b      	ldr	r3, [r3, #8]
 8002e6a:	4618      	mov	r0, r3
 8002e6c:	210f      	movs	r1, #15
 8002e6e:	f7ff fd21 	bl	80028b4 <XMC_CCU8_SLICE_EnableTrap>
          (uint32_t)(XMC_CCU8_SLICE_OUTPUT_0 | XMC_CCU8_SLICE_OUTPUT_1 | XMC_CCU8_SLICE_OUTPUT_2 | XMC_CCU8_SLICE_OUTPUT_3)
		  );
    }
  }

  if ((XMC_CCU8_SLICE_EVENT_NONE != handle_ptr->config_ptr->ext_override_edge_event) || (XMC_CCU8_SLICE_EVENT_NONE
 8002e72:	687b      	ldr	r3, [r7, #4]
 8002e74:	681b      	ldr	r3, [r3, #0]
 8002e76:	f893 3034 	ldrb.w	r3, [r3, #52]	; 0x34
 8002e7a:	2b00      	cmp	r3, #0
 8002e7c:	d105      	bne.n	8002e8a <PWM_CCU8_lConfigure_Events+0x1b6>
      != handle_ptr->config_ptr->ext_override_level_event))
 8002e7e:	687b      	ldr	r3, [r7, #4]
 8002e80:	681b      	ldr	r3, [r3, #0]
 8002e82:	f893 3035 	ldrb.w	r3, [r3, #53]	; 0x35
          (uint32_t)(XMC_CCU8_SLICE_OUTPUT_0 | XMC_CCU8_SLICE_OUTPUT_1 | XMC_CCU8_SLICE_OUTPUT_2 | XMC_CCU8_SLICE_OUTPUT_3)
		  );
    }
  }

  if ((XMC_CCU8_SLICE_EVENT_NONE != handle_ptr->config_ptr->ext_override_edge_event) || (XMC_CCU8_SLICE_EVENT_NONE
 8002e86:	2b00      	cmp	r3, #0
 8002e88:	d011      	beq.n	8002eae <PWM_CCU8_lConfigure_Events+0x1da>
      != handle_ptr->config_ptr->ext_override_level_event))
  {
    XMC_CCU8_SLICE_ConfigureStatusBitOverrideEvent(handle_ptr->ccu8_slice_ptr,
 8002e8a:	687b      	ldr	r3, [r7, #4]
 8002e8c:	6899      	ldr	r1, [r3, #8]
                                                   handle_ptr->config_ptr->event1_config_ptr,
 8002e8e:	687b      	ldr	r3, [r7, #4]
 8002e90:	681b      	ldr	r3, [r3, #0]
  }

  if ((XMC_CCU8_SLICE_EVENT_NONE != handle_ptr->config_ptr->ext_override_edge_event) || (XMC_CCU8_SLICE_EVENT_NONE
      != handle_ptr->config_ptr->ext_override_level_event))
  {
    XMC_CCU8_SLICE_ConfigureStatusBitOverrideEvent(handle_ptr->ccu8_slice_ptr,
 8002e92:	6a1a      	ldr	r2, [r3, #32]
                                                   handle_ptr->config_ptr->event1_config_ptr,
                                                   handle_ptr->config_ptr->event2_config_ptr);
 8002e94:	687b      	ldr	r3, [r7, #4]
 8002e96:	681b      	ldr	r3, [r3, #0]
  }

  if ((XMC_CCU8_SLICE_EVENT_NONE != handle_ptr->config_ptr->ext_override_edge_event) || (XMC_CCU8_SLICE_EVENT_NONE
      != handle_ptr->config_ptr->ext_override_level_event))
  {
    XMC_CCU8_SLICE_ConfigureStatusBitOverrideEvent(handle_ptr->ccu8_slice_ptr,
 8002e98:	6a5b      	ldr	r3, [r3, #36]	; 0x24
 8002e9a:	4608      	mov	r0, r1
 8002e9c:	4611      	mov	r1, r2
 8002e9e:	461a      	mov	r2, r3
 8002ea0:	f7fe fab0 	bl	8001404 <XMC_CCU8_SLICE_ConfigureStatusBitOverrideEvent>
                                                   handle_ptr->config_ptr->event1_config_ptr,
                                                   handle_ptr->config_ptr->event2_config_ptr);
    XMC_CCU8_SLICE_StatusBitOverrideConfig(handle_ptr->ccu8_slice_ptr);
 8002ea4:	687b      	ldr	r3, [r7, #4]
 8002ea6:	689b      	ldr	r3, [r3, #8]
 8002ea8:	4618      	mov	r0, r3
 8002eaa:	f7fe fa59 	bl	8001360 <XMC_CCU8_SLICE_StatusBitOverrideConfig>
  }

}
 8002eae:	3708      	adds	r7, #8
 8002eb0:	46bd      	mov	sp, r7
 8002eb2:	bd80      	pop	{r7, pc}

08002eb4 <PWM_CCU8_Start>:
/**********************************************************************************************************/
/*Starts the CCU8_CC8 slice. This needs to be called even if external start is configured.*/
PWM_CCU8_STATUS_t PWM_CCU8_Start(PWM_CCU8_t* handle_ptr)
{
 8002eb4:	b580      	push	{r7, lr}
 8002eb6:	b084      	sub	sp, #16
 8002eb8:	af00      	add	r7, sp, #0
 8002eba:	6078      	str	r0, [r7, #4]
  PWM_CCU8_STATUS_t status;

  status = PWM_CCU8_STATUS_FAILURE;
 8002ebc:	2301      	movs	r3, #1
 8002ebe:	73fb      	strb	r3, [r7, #15]
  XMC_ASSERT("PWM_CCU8_Start:handle_ptr NULL", (handle_ptr != NULL));
  if ((PWM_CCU8_STATE_INITIALIZED == handle_ptr->state) || (PWM_CCU8_STATE_STOPPED == handle_ptr->state))
 8002ec0:	687b      	ldr	r3, [r7, #4]
 8002ec2:	7f1b      	ldrb	r3, [r3, #28]
 8002ec4:	2b01      	cmp	r3, #1
 8002ec6:	d003      	beq.n	8002ed0 <PWM_CCU8_Start+0x1c>
 8002ec8:	687b      	ldr	r3, [r7, #4]
 8002eca:	7f1b      	ldrb	r3, [r3, #28]
 8002ecc:	2b03      	cmp	r3, #3
 8002ece:	d117      	bne.n	8002f00 <PWM_CCU8_Start+0x4c>
  {
    /* clear IDLE mode for the slice; Start timer */
    XMC_CCU8_EnableClock(handle_ptr->ccu8_module_ptr, handle_ptr->slice_number);
 8002ed0:	687b      	ldr	r3, [r7, #4]
 8002ed2:	685a      	ldr	r2, [r3, #4]
 8002ed4:	687b      	ldr	r3, [r7, #4]
 8002ed6:	7b5b      	ldrb	r3, [r3, #13]
 8002ed8:	4610      	mov	r0, r2
 8002eda:	4619      	mov	r1, r3
 8002edc:	f7ff fcda 	bl	8002894 <XMC_CCU8_EnableClock>

    if (XMC_CCU8_SLICE_EVENT_NONE == handle_ptr->config_ptr->ext_start_event)
 8002ee0:	687b      	ldr	r3, [r7, #4]
 8002ee2:	681b      	ldr	r3, [r3, #0]
 8002ee4:	f893 3028 	ldrb.w	r3, [r3, #40]	; 0x28
 8002ee8:	2b00      	cmp	r3, #0
 8002eea:	d104      	bne.n	8002ef6 <PWM_CCU8_Start+0x42>
    {
      XMC_CCU8_SLICE_StartTimer(handle_ptr->ccu8_slice_ptr);
 8002eec:	687b      	ldr	r3, [r7, #4]
 8002eee:	689b      	ldr	r3, [r3, #8]
 8002ef0:	4618      	mov	r0, r3
 8002ef2:	f7ff fcf1 	bl	80028d8 <XMC_CCU8_SLICE_StartTimer>
    }

    handle_ptr->state = PWM_CCU8_STATE_RUNNING;
 8002ef6:	687b      	ldr	r3, [r7, #4]
 8002ef8:	2202      	movs	r2, #2
 8002efa:	771a      	strb	r2, [r3, #28]
    status = PWM_CCU8_STATUS_SUCCESS;
 8002efc:	2300      	movs	r3, #0
 8002efe:	73fb      	strb	r3, [r7, #15]
    XMC_DEBUG("PWM_CCU8_Start:start PWM");
  }
  return (status);
 8002f00:	7bfb      	ldrb	r3, [r7, #15]
} /* end of PWM_CCU8_Start() api */
 8002f02:	4618      	mov	r0, r3
 8002f04:	3710      	adds	r7, #16
 8002f06:	46bd      	mov	sp, r7
 8002f08:	bd80      	pop	{r7, pc}
 8002f0a:	bf00      	nop

08002f0c <I2C_MASTER_Init>:
  return (version);
}

/* Function to initialize the USIC Channel with GUI configured values.*/
I2C_MASTER_STATUS_t I2C_MASTER_Init(const I2C_MASTER_t *const handle)
{
 8002f0c:	b580      	push	{r7, lr}
 8002f0e:	b084      	sub	sp, #16
 8002f10:	af00      	add	r7, sp, #0
 8002f12:	6078      	str	r0, [r7, #4]
  I2C_MASTER_STATUS_t status;

  if (handle != NULL)
 8002f14:	687b      	ldr	r3, [r7, #4]
 8002f16:	2b00      	cmp	r3, #0
 8002f18:	d006      	beq.n	8002f28 <I2C_MASTER_Init+0x1c>
  {
    /*Initialize the multiplexers required for I2C_MASTER configuration*/
    handle->config->fptr_i2c_config();
 8002f1a:	687b      	ldr	r3, [r7, #4]
 8002f1c:	685b      	ldr	r3, [r3, #4]
 8002f1e:	685b      	ldr	r3, [r3, #4]
 8002f20:	4798      	blx	r3

    status = I2C_MASTER_STATUS_SUCCESS;
 8002f22:	2300      	movs	r3, #0
 8002f24:	73fb      	strb	r3, [r7, #15]
 8002f26:	e001      	b.n	8002f2c <I2C_MASTER_Init+0x20>
  }
  else
  {
    status = I2C_MASTER_STATUS_FAILURE;
 8002f28:	2301      	movs	r3, #1
 8002f2a:	73fb      	strb	r3, [r7, #15]
  }
  return (status);
 8002f2c:	7bfb      	ldrb	r3, [r7, #15]
}
 8002f2e:	4618      	mov	r0, r3
 8002f30:	3710      	adds	r7, #16
 8002f32:	46bd      	mov	sp, r7
 8002f34:	bd80      	pop	{r7, pc}
 8002f36:	bf00      	nop

08002f38 <XMC_USIC_CH_SetInputSource>:
 * \par<b>Related APIs:</b><BR>
 * XMC_USIC_CH_EnableInputInversion(), XMC_USIC_CH_EnableInputDigitalFilter(), XMC_USIC_CH_EnableInputSync(),
 * XMC_USIC_CH_SetInputSamplingFreq()\n\n\n
 */
__STATIC_INLINE void XMC_USIC_CH_SetInputSource(XMC_USIC_CH_t *const channel, const XMC_USIC_CH_INPUT_t input, const uint8_t source)
{
 8002f38:	b480      	push	{r7}
 8002f3a:	b083      	sub	sp, #12
 8002f3c:	af00      	add	r7, sp, #0
 8002f3e:	6078      	str	r0, [r7, #4]
 8002f40:	460b      	mov	r3, r1
 8002f42:	70fb      	strb	r3, [r7, #3]
 8002f44:	4613      	mov	r3, r2
 8002f46:	70bb      	strb	r3, [r7, #2]
  channel->DXCR[input] = (uint32_t)((channel->DXCR[input] & (uint32_t)(~USIC_CH_DXCR_DSEL_Msk)) |
 8002f48:	78f8      	ldrb	r0, [r7, #3]
 8002f4a:	78fb      	ldrb	r3, [r7, #3]
 8002f4c:	687a      	ldr	r2, [r7, #4]
 8002f4e:	3306      	adds	r3, #6
 8002f50:	009b      	lsls	r3, r3, #2
 8002f52:	4413      	add	r3, r2
 8002f54:	685b      	ldr	r3, [r3, #4]
 8002f56:	f023 0207 	bic.w	r2, r3, #7
                                    ((uint32_t)source << USIC_CH_DXCR_DSEL_Pos));
 8002f5a:	78bb      	ldrb	r3, [r7, #2]
 * XMC_USIC_CH_EnableInputInversion(), XMC_USIC_CH_EnableInputDigitalFilter(), XMC_USIC_CH_EnableInputSync(),
 * XMC_USIC_CH_SetInputSamplingFreq()\n\n\n
 */
__STATIC_INLINE void XMC_USIC_CH_SetInputSource(XMC_USIC_CH_t *const channel, const XMC_USIC_CH_INPUT_t input, const uint8_t source)
{
  channel->DXCR[input] = (uint32_t)((channel->DXCR[input] & (uint32_t)(~USIC_CH_DXCR_DSEL_Msk)) |
 8002f5c:	431a      	orrs	r2, r3
 8002f5e:	6879      	ldr	r1, [r7, #4]
 8002f60:	1d83      	adds	r3, r0, #6
 8002f62:	009b      	lsls	r3, r3, #2
 8002f64:	440b      	add	r3, r1
 8002f66:	605a      	str	r2, [r3, #4]
                                    ((uint32_t)source << USIC_CH_DXCR_DSEL_Pos));
}
 8002f68:	370c      	adds	r7, #12
 8002f6a:	46bd      	mov	sp, r7
 8002f6c:	f85d 7b04 	ldr.w	r7, [sp], #4
 8002f70:	4770      	bx	lr
 8002f72:	bf00      	nop

08002f74 <XMC_USIC_CH_SetMode>:
 *
 * \par<b>Related APIs:</b><BR>
 * XMC_USIC_Enable(), XMC_USIC_CH_Enable() \n\n\n
 */
__STATIC_INLINE void XMC_USIC_CH_SetMode(XMC_USIC_CH_t *const channel, const XMC_USIC_CH_OPERATING_MODE_t mode)
{
 8002f74:	b480      	push	{r7}
 8002f76:	b083      	sub	sp, #12
 8002f78:	af00      	add	r7, sp, #0
 8002f7a:	6078      	str	r0, [r7, #4]
 8002f7c:	460b      	mov	r3, r1
 8002f7e:	70fb      	strb	r3, [r7, #3]
  channel->CCR = (uint32_t)(channel->CCR & (~(USIC_CH_CCR_MODE_Msk))) | (uint32_t)mode;
 8002f80:	687b      	ldr	r3, [r7, #4]
 8002f82:	6c1b      	ldr	r3, [r3, #64]	; 0x40
 8002f84:	f023 020f 	bic.w	r2, r3, #15
 8002f88:	78fb      	ldrb	r3, [r7, #3]
 8002f8a:	431a      	orrs	r2, r3
 8002f8c:	687b      	ldr	r3, [r7, #4]
 8002f8e:	641a      	str	r2, [r3, #64]	; 0x40
}
 8002f90:	370c      	adds	r7, #12
 8002f92:	46bd      	mov	sp, r7
 8002f94:	f85d 7b04 	ldr.w	r7, [sp], #4
 8002f98:	4770      	bx	lr
 8002f9a:	bf00      	nop

08002f9c <XMC_I2C_CH_Init>:
 *
 * \par<b>Related APIs:</b><br>
 * XMC_USIC_CH_Enable()\n\n
 */
__STATIC_INLINE void XMC_I2C_CH_Init(XMC_USIC_CH_t *const channel, const XMC_I2C_CH_CONFIG_t *const config)
{
 8002f9c:	b580      	push	{r7, lr}
 8002f9e:	b082      	sub	sp, #8
 8002fa0:	af00      	add	r7, sp, #0
 8002fa2:	6078      	str	r0, [r7, #4]
 8002fa4:	6039      	str	r1, [r7, #0]
  XMC_I2C_CH_InitEx(channel, config, true);
 8002fa6:	6878      	ldr	r0, [r7, #4]
 8002fa8:	6839      	ldr	r1, [r7, #0]
 8002faa:	2201      	movs	r2, #1
 8002fac:	f7fe fbfc 	bl	80017a8 <XMC_I2C_CH_InitEx>
}
 8002fb0:	3708      	adds	r7, #8
 8002fb2:	46bd      	mov	sp, r7
 8002fb4:	bd80      	pop	{r7, pc}
 8002fb6:	bf00      	nop

08002fb8 <XMC_I2C_CH_Start>:
 *
 * \par<b>Related APIs:</b><br>
 * XMC_USIC_CH_SetMode()\n\n
 */
__STATIC_INLINE void XMC_I2C_CH_Start(XMC_USIC_CH_t *const channel)
{
 8002fb8:	b580      	push	{r7, lr}
 8002fba:	b082      	sub	sp, #8
 8002fbc:	af00      	add	r7, sp, #0
 8002fbe:	6078      	str	r0, [r7, #4]
  XMC_USIC_CH_SetMode(channel, XMC_USIC_CH_OPERATING_MODE_I2C);
 8002fc0:	6878      	ldr	r0, [r7, #4]
 8002fc2:	2104      	movs	r1, #4
 8002fc4:	f7ff ffd6 	bl	8002f74 <XMC_USIC_CH_SetMode>
}
 8002fc8:	3708      	adds	r7, #8
 8002fca:	46bd      	mov	sp, r7
 8002fcc:	bd80      	pop	{r7, pc}
 8002fce:	bf00      	nop

08002fd0 <I2C_BUS_disable_io>:
  .baudrate = (uint32_t)(400000U),
  .address  = 0
};

static void I2C_BUS_disable_io(void)
{
 8002fd0:	b580      	push	{r7, lr}
 8002fd2:	af00      	add	r7, sp, #0
  XMC_GPIO_SetMode((XMC_GPIO_PORT_t *)PORT2_BASE, (uint8_t)14, XMC_GPIO_MODE_INPUT_TRISTATE);
 8002fd4:	4805      	ldr	r0, [pc, #20]	; (8002fec <I2C_BUS_disable_io+0x1c>)
 8002fd6:	210e      	movs	r1, #14
 8002fd8:	2200      	movs	r2, #0
 8002fda:	f7fe fb83 	bl	80016e4 <XMC_GPIO_SetMode>
  XMC_GPIO_SetMode((XMC_GPIO_PORT_t *)PORT0_BASE, (uint8_t)11, XMC_GPIO_MODE_INPUT_TRISTATE);
 8002fde:	4804      	ldr	r0, [pc, #16]	; (8002ff0 <I2C_BUS_disable_io+0x20>)
 8002fe0:	210b      	movs	r1, #11
 8002fe2:	2200      	movs	r2, #0
 8002fe4:	f7fe fb7e 	bl	80016e4 <XMC_GPIO_SetMode>
}
 8002fe8:	bd80      	pop	{r7, pc}
 8002fea:	bf00      	nop
 8002fec:	48028200 	.word	0x48028200
 8002ff0:	48028000 	.word	0x48028000

08002ff4 <I2C_BUS_enable_io>:

static void I2C_BUS_enable_io(void)
{
 8002ff4:	b580      	push	{r7, lr}
 8002ff6:	af00      	add	r7, sp, #0
  XMC_GPIO_SetMode((XMC_GPIO_PORT_t *)PORT2_BASE, (uint8_t)14, I2C_BUS_sda_pin_config.mode);
 8002ff8:	23d0      	movs	r3, #208	; 0xd0
 8002ffa:	4806      	ldr	r0, [pc, #24]	; (8003014 <I2C_BUS_enable_io+0x20>)
 8002ffc:	210e      	movs	r1, #14
 8002ffe:	461a      	mov	r2, r3
 8003000:	f7fe fb70 	bl	80016e4 <XMC_GPIO_SetMode>
  XMC_GPIO_SetMode((XMC_GPIO_PORT_t *)PORT0_BASE, (uint8_t)11, I2C_BUS_scl_pin_config.mode);
 8003004:	23d0      	movs	r3, #208	; 0xd0
 8003006:	4804      	ldr	r0, [pc, #16]	; (8003018 <I2C_BUS_enable_io+0x24>)
 8003008:	210b      	movs	r1, #11
 800300a:	461a      	mov	r2, r3
 800300c:	f7fe fb6a 	bl	80016e4 <XMC_GPIO_SetMode>
}
 8003010:	bd80      	pop	{r7, pc}
 8003012:	bf00      	nop
 8003014:	48028200 	.word	0x48028200
 8003018:	48028000 	.word	0x48028000

0800301c <I2C_BUS_init>:
  .config = &I2C_BUS_config,
  .runtime = &I2C_BUS_runtime,
};

void I2C_BUS_init(void)
{
 800301c:	b580      	push	{r7, lr}
 800301e:	af00      	add	r7, sp, #0
 
  XMC_I2C_CH_Init(XMC_I2C1_CH0, &I2C_BUS_channel_config);
 8003020:	480d      	ldr	r0, [pc, #52]	; (8003058 <I2C_BUS_init+0x3c>)
 8003022:	490e      	ldr	r1, [pc, #56]	; (800305c <I2C_BUS_init+0x40>)
 8003024:	f7ff ffba 	bl	8002f9c <XMC_I2C_CH_Init>

  XMC_USIC_CH_SetInputSource(XMC_I2C1_CH0, XMC_USIC_CH_INPUT_DX0, 3);
 8003028:	480b      	ldr	r0, [pc, #44]	; (8003058 <I2C_BUS_init+0x3c>)
 800302a:	2100      	movs	r1, #0
 800302c:	2203      	movs	r2, #3
 800302e:	f7ff ff83 	bl	8002f38 <XMC_USIC_CH_SetInputSource>
  XMC_USIC_CH_SetInputSource(XMC_I2C1_CH0, XMC_USIC_CH_INPUT_DX1, 0);
 8003032:	4809      	ldr	r0, [pc, #36]	; (8003058 <I2C_BUS_init+0x3c>)
 8003034:	2101      	movs	r1, #1
 8003036:	2200      	movs	r2, #0
 8003038:	f7ff ff7e 	bl	8002f38 <XMC_USIC_CH_SetInputSource>

  XMC_I2C_CH_Start(XMC_I2C1_CH0);
 800303c:	4806      	ldr	r0, [pc, #24]	; (8003058 <I2C_BUS_init+0x3c>)
 800303e:	f7ff ffbb 	bl	8002fb8 <XMC_I2C_CH_Start>

  XMC_GPIO_Init((XMC_GPIO_PORT_t *)PORT2_BASE, (uint8_t)14, &I2C_BUS_sda_pin_config);
 8003042:	4807      	ldr	r0, [pc, #28]	; (8003060 <I2C_BUS_init+0x44>)
 8003044:	210e      	movs	r1, #14
 8003046:	4a07      	ldr	r2, [pc, #28]	; (8003064 <I2C_BUS_init+0x48>)
 8003048:	f7fd f9b8 	bl	80003bc <XMC_GPIO_Init>
  XMC_GPIO_Init((XMC_GPIO_PORT_t *)PORT0_BASE, (uint8_t)11, &I2C_BUS_scl_pin_config);
 800304c:	4806      	ldr	r0, [pc, #24]	; (8003068 <I2C_BUS_init+0x4c>)
 800304e:	210b      	movs	r1, #11
 8003050:	4a06      	ldr	r2, [pc, #24]	; (800306c <I2C_BUS_init+0x50>)
 8003052:	f7fd f9b3 	bl	80003bc <XMC_GPIO_Init>
}
 8003056:	bd80      	pop	{r7, pc}
 8003058:	48020000 	.word	0x48020000
 800305c:	08003c94 	.word	0x08003c94
 8003060:	48028200 	.word	0x48028200
 8003064:	08003c7c 	.word	0x08003c7c
 8003068:	48028000 	.word	0x48028000
 800306c:	08003c88 	.word	0x08003c88

08003070 <XMC_CCU8_StartPrescaler>:
 * \par<b>Related APIs:</b><br>
 * XMC_CCU8_Init()<BR>  XMC_CCU8_EnableClock()<BR>  XMC_CCU8_DisableClock()<BR>  XMC_CCU8_StartPrescaler()<BR>
 *  XMC_CCU8_StopPrescaler().
 */
__STATIC_INLINE void XMC_CCU8_StartPrescaler(XMC_CCU8_MODULE_t *const module)
{
 8003070:	b480      	push	{r7}
 8003072:	b083      	sub	sp, #12
 8003074:	af00      	add	r7, sp, #0
 8003076:	6078      	str	r0, [r7, #4]
  XMC_ASSERT("XMC_CCU8_StartPrescaler:Invalid Module Pointer", XMC_CCU8_IsValidModule(module));
  module->GIDLC = (uint32_t) CCU8_GIDLC_SPRB_Msk;
 8003078:	687b      	ldr	r3, [r7, #4]
 800307a:	f44f 7280 	mov.w	r2, #256	; 0x100
 800307e:	60da      	str	r2, [r3, #12]
}
 8003080:	370c      	adds	r7, #12
 8003082:	46bd      	mov	sp, r7
 8003084:	f85d 7b04 	ldr.w	r7, [sp], #4
 8003088:	4770      	bx	lr
 800308a:	bf00      	nop

0800308c <GLOBAL_CCU8_Init>:
  return version;
}

/* Initializes the slice with the generated configuration */
GLOBAL_CCU8_STATUS_t GLOBAL_CCU8_Init(GLOBAL_CCU8_t* handle)
{
 800308c:	b580      	push	{r7, lr}
 800308e:	b082      	sub	sp, #8
 8003090:	af00      	add	r7, sp, #0
 8003092:	6078      	str	r0, [r7, #4]
  XMC_ASSERT("GLOBAL_CCU8_Init:NULL handler", (NULL != handle));

  if (false == handle->is_initialized)
 8003094:	687b      	ldr	r3, [r7, #4]
 8003096:	7b5b      	ldrb	r3, [r3, #13]
 8003098:	f083 0301 	eor.w	r3, r3, #1
 800309c:	b2db      	uxtb	r3, r3
 800309e:	2b00      	cmp	r3, #0
 80030a0:	d00f      	beq.n	80030c2 <GLOBAL_CCU8_Init+0x36>
  {
    /* Enable CCU8 module */
    XMC_CCU8_Init(handle->module_ptr,handle->mcs_action);
 80030a2:	687b      	ldr	r3, [r7, #4]
 80030a4:	689a      	ldr	r2, [r3, #8]
 80030a6:	687b      	ldr	r3, [r7, #4]
 80030a8:	7b1b      	ldrb	r3, [r3, #12]
 80030aa:	4610      	mov	r0, r2
 80030ac:	4619      	mov	r1, r3
 80030ae:	f7fd ffbf 	bl	8001030 <XMC_CCU8_Init>
    /* Start the prescaler */
    XMC_CCU8_StartPrescaler(handle->module_ptr);
 80030b2:	687b      	ldr	r3, [r7, #4]
 80030b4:	689b      	ldr	r3, [r3, #8]
 80030b6:	4618      	mov	r0, r3
 80030b8:	f7ff ffda 	bl	8003070 <XMC_CCU8_StartPrescaler>
    /* Restricts multiple initializations */
    handle->is_initialized = true;
 80030bc:	687b      	ldr	r3, [r7, #4]
 80030be:	2201      	movs	r2, #1
 80030c0:	735a      	strb	r2, [r3, #13]
  }

  return (GLOBAL_CCU8_STATUS_SUCCESS);
 80030c2:	2300      	movs	r3, #0
}
 80030c4:	4618      	mov	r0, r3
 80030c6:	3708      	adds	r7, #8
 80030c8:	46bd      	mov	sp, r7
 80030ca:	bd80      	pop	{r7, pc}

080030cc <XMC_CCU4_StartPrescaler>:
 * \par<b>Related APIs:</b><br>
 * XMC_CCU4_Init()<BR> XMC_CCU4_EnableClock()<BR> XMC_CCU4_DisableClock()<BR> XMC_CCU4_StartPrescaler()<BR>
 * XMC_CCU4_StopPrescaler().
 */
__STATIC_INLINE void XMC_CCU4_StartPrescaler(XMC_CCU4_MODULE_t *const module)
{
 80030cc:	b480      	push	{r7}
 80030ce:	b083      	sub	sp, #12
 80030d0:	af00      	add	r7, sp, #0
 80030d2:	6078      	str	r0, [r7, #4]
  XMC_ASSERT("XMC_CCU4_StartPrescaler:Invalid Module Pointer", XMC_CCU4_IsValidModule(module));
  module->GIDLC = (uint32_t) CCU4_GIDLC_SPRB_Msk;
 80030d4:	687b      	ldr	r3, [r7, #4]
 80030d6:	f44f 7280 	mov.w	r2, #256	; 0x100
 80030da:	60da      	str	r2, [r3, #12]
}
 80030dc:	370c      	adds	r7, #12
 80030de:	46bd      	mov	sp, r7
 80030e0:	f85d 7b04 	ldr.w	r7, [sp], #4
 80030e4:	4770      	bx	lr
 80030e6:	bf00      	nop

080030e8 <GLOBAL_CCU4_Init>:
  return version;
}

/* Initializes the slice with the generated configuration */
GLOBAL_CCU4_STATUS_t GLOBAL_CCU4_Init(GLOBAL_CCU4_t* handle)
{
 80030e8:	b580      	push	{r7, lr}
 80030ea:	b082      	sub	sp, #8
 80030ec:	af00      	add	r7, sp, #0
 80030ee:	6078      	str	r0, [r7, #4]
  XMC_ASSERT("GLOBAL_CCU4_Init:NULL handler", (NULL != handle));

  if (false == handle->is_initialized)
 80030f0:	687b      	ldr	r3, [r7, #4]
 80030f2:	7b5b      	ldrb	r3, [r3, #13]
 80030f4:	f083 0301 	eor.w	r3, r3, #1
 80030f8:	b2db      	uxtb	r3, r3
 80030fa:	2b00      	cmp	r3, #0
 80030fc:	d00f      	beq.n	800311e <GLOBAL_CCU4_Init+0x36>
  {
    /* Enable CCU4 module */
    XMC_CCU4_Init(handle->module_ptr,handle->mcs_action);
 80030fe:	687b      	ldr	r3, [r7, #4]
 8003100:	689a      	ldr	r2, [r3, #8]
 8003102:	687b      	ldr	r3, [r7, #4]
 8003104:	7b1b      	ldrb	r3, [r3, #12]
 8003106:	4610      	mov	r0, r2
 8003108:	4619      	mov	r1, r3
 800310a:	f7fd fe59 	bl	8000dc0 <XMC_CCU4_Init>
    /* Start the prescaler */
    XMC_CCU4_StartPrescaler(handle->module_ptr);
 800310e:	687b      	ldr	r3, [r7, #4]
 8003110:	689b      	ldr	r3, [r3, #8]
 8003112:	4618      	mov	r0, r3
 8003114:	f7ff ffda 	bl	80030cc <XMC_CCU4_StartPrescaler>
    /* Restricts multiple initializations */
    handle->is_initialized = true;
 8003118:	687b      	ldr	r3, [r7, #4]
 800311a:	2201      	movs	r2, #1
 800311c:	735a      	strb	r2, [r3, #13]
  }

  return (GLOBAL_CCU4_STATUS_SUCCESS);
 800311e:	2300      	movs	r3, #0
}
 8003120:	4618      	mov	r0, r3
 8003122:	3708      	adds	r7, #8
 8003124:	46bd      	mov	sp, r7
 8003126:	bd80      	pop	{r7, pc}

08003128 <DIGITAL_IO_Init>:
* @param handler Pointer pointing to APP data structure.
* @return DIGITAL_IO_STATUS_t DIGITAL_IO APP status.
*/

DIGITAL_IO_STATUS_t DIGITAL_IO_Init(const DIGITAL_IO_t *const handler)
{
 8003128:	b580      	push	{r7, lr}
 800312a:	b082      	sub	sp, #8
 800312c:	af00      	add	r7, sp, #0
 800312e:	6078      	str	r0, [r7, #4]
  XMC_ASSERT("DIGITAL_IO_Init: handler null pointer", handler != NULL);

  /* Initializes input / output characteristics */
  XMC_GPIO_Init(handler->gpio_port, handler->gpio_pin, &handler->gpio_config);
 8003130:	687b      	ldr	r3, [r7, #4]
 8003132:	6819      	ldr	r1, [r3, #0]
 8003134:	687b      	ldr	r3, [r7, #4]
 8003136:	7c1a      	ldrb	r2, [r3, #16]
 8003138:	687b      	ldr	r3, [r7, #4]
 800313a:	3304      	adds	r3, #4
 800313c:	4608      	mov	r0, r1
 800313e:	4611      	mov	r1, r2
 8003140:	461a      	mov	r2, r3
 8003142:	f7fd f93b 	bl	80003bc <XMC_GPIO_Init>

  /*Configure hardware port control*/
  XMC_GPIO_SetHardwareControl(handler->gpio_port, handler->gpio_pin, handler->hwctrl);
 8003146:	687b      	ldr	r3, [r7, #4]
 8003148:	6819      	ldr	r1, [r3, #0]
 800314a:	687b      	ldr	r3, [r7, #4]
 800314c:	7c1a      	ldrb	r2, [r3, #16]
 800314e:	687b      	ldr	r3, [r7, #4]
 8003150:	7c5b      	ldrb	r3, [r3, #17]
 8003152:	4608      	mov	r0, r1
 8003154:	4611      	mov	r1, r2
 8003156:	461a      	mov	r2, r3
 8003158:	f7fe fb04 	bl	8001764 <XMC_GPIO_SetHardwareControl>

  return (DIGITAL_IO_STATUS_OK);
 800315c:	2300      	movs	r3, #0
}
 800315e:	4618      	mov	r0, r3
 8003160:	3708      	adds	r7, #8
 8003162:	46bd      	mov	sp, r7
 8003164:	bd80      	pop	{r7, pc}
 8003166:	bf00      	nop

08003168 <__NVIC_SetPriorityGrouping>:
           In case of a conflict between priority grouping and available
           priority bits (__NVIC_PRIO_BITS), the smallest possible priority group is set.
  \param [in]      PriorityGroup  Priority grouping field.
 */
__STATIC_INLINE void __NVIC_SetPriorityGrouping(uint32_t PriorityGroup)
{
 8003168:	b480      	push	{r7}
 800316a:	b085      	sub	sp, #20
 800316c:	af00      	add	r7, sp, #0
 800316e:	6078      	str	r0, [r7, #4]
  uint32_t reg_value;
  uint32_t PriorityGroupTmp = (PriorityGroup & (uint32_t)0x07UL);             /* only values 0..7 are used          */
 8003170:	687b      	ldr	r3, [r7, #4]
 8003172:	f003 0307 	and.w	r3, r3, #7
 8003176:	60fb      	str	r3, [r7, #12]

  reg_value  =  SCB->AIRCR;                                                   /* read old register configuration    */
 8003178:	4b0c      	ldr	r3, [pc, #48]	; (80031ac <__NVIC_SetPriorityGrouping+0x44>)
 800317a:	68db      	ldr	r3, [r3, #12]
 800317c:	60bb      	str	r3, [r7, #8]
  reg_value &= ~((uint32_t)(SCB_AIRCR_VECTKEY_Msk | SCB_AIRCR_PRIGROUP_Msk)); /* clear bits to change               */
 800317e:	68ba      	ldr	r2, [r7, #8]
 8003180:	f64f 03ff 	movw	r3, #63743	; 0xf8ff
 8003184:	4013      	ands	r3, r2
 8003186:	60bb      	str	r3, [r7, #8]
  reg_value  =  (reg_value                                   |
                ((uint32_t)0x5FAUL << SCB_AIRCR_VECTKEY_Pos) |
                (PriorityGroupTmp << SCB_AIRCR_PRIGROUP_Pos)  );              /* Insert write key and priority group */
 8003188:	68fb      	ldr	r3, [r7, #12]
 800318a:	021a      	lsls	r2, r3, #8
  uint32_t PriorityGroupTmp = (PriorityGroup & (uint32_t)0x07UL);             /* only values 0..7 are used          */

  reg_value  =  SCB->AIRCR;                                                   /* read old register configuration    */
  reg_value &= ~((uint32_t)(SCB_AIRCR_VECTKEY_Msk | SCB_AIRCR_PRIGROUP_Msk)); /* clear bits to change               */
  reg_value  =  (reg_value                                   |
                ((uint32_t)0x5FAUL << SCB_AIRCR_VECTKEY_Pos) |
 800318c:	68bb      	ldr	r3, [r7, #8]
 800318e:	4313      	orrs	r3, r2
  uint32_t reg_value;
  uint32_t PriorityGroupTmp = (PriorityGroup & (uint32_t)0x07UL);             /* only values 0..7 are used          */

  reg_value  =  SCB->AIRCR;                                                   /* read old register configuration    */
  reg_value &= ~((uint32_t)(SCB_AIRCR_VECTKEY_Msk | SCB_AIRCR_PRIGROUP_Msk)); /* clear bits to change               */
  reg_value  =  (reg_value                                   |
 8003190:	f043 63bf 	orr.w	r3, r3, #100139008	; 0x5f80000
 8003194:	f443 3300 	orr.w	r3, r3, #131072	; 0x20000
 8003198:	60bb      	str	r3, [r7, #8]
                ((uint32_t)0x5FAUL << SCB_AIRCR_VECTKEY_Pos) |
                (PriorityGroupTmp << SCB_AIRCR_PRIGROUP_Pos)  );              /* Insert write key and priority group */
  SCB->AIRCR =  reg_value;
 800319a:	4a04      	ldr	r2, [pc, #16]	; (80031ac <__NVIC_SetPriorityGrouping+0x44>)
 800319c:	68bb      	ldr	r3, [r7, #8]
 800319e:	60d3      	str	r3, [r2, #12]
}
 80031a0:	3714      	adds	r7, #20
 80031a2:	46bd      	mov	sp, r7
 80031a4:	f85d 7b04 	ldr.w	r7, [sp], #4
 80031a8:	4770      	bx	lr
 80031aa:	bf00      	nop
 80031ac:	e000ed00 	.word	0xe000ed00

080031b0 <SystemCoreSetup>:
  .initialized = false
};	


void SystemCoreSetup(void)
{
 80031b0:	b580      	push	{r7, lr}
 80031b2:	b082      	sub	sp, #8
 80031b4:	af00      	add	r7, sp, #0
  uint32_t temp;

  NVIC_SetPriorityGrouping(1U);
 80031b6:	2001      	movs	r0, #1
 80031b8:	f7ff ffd6 	bl	8003168 <__NVIC_SetPriorityGrouping>
  \details Disables IRQ interrupts by setting the I-bit in the CPSR.
           Can only be executed in Privileged modes.
 */
__STATIC_FORCEINLINE void __disable_irq(void)
{
  __ASM volatile ("cpsid i" : : : "memory");
 80031bc:	b672      	cpsid	i
	
  /* relocate vector table */
  __disable_irq();

#if !defined(__TASKING__)
  SCB->VTOR = (uint32_t)(&__Vectors);
 80031be:	4b21      	ldr	r3, [pc, #132]	; (8003244 <SystemCoreSetup+0x94>)
 80031c0:	4a21      	ldr	r2, [pc, #132]	; (8003248 <SystemCoreSetup+0x98>)
 80031c2:	609a      	str	r2, [r3, #8]
  \details Acts as a special kind of Data Memory Barrier.
           It completes when all explicit memory accesses before this instruction complete.
 */
__STATIC_FORCEINLINE void __DSB(void)
{
  __ASM volatile ("dsb 0xF":::"memory");
 80031c4:	f3bf 8f4f 	dsb	sy
  \details Enables IRQ interrupts by clearing the I-bit in the CPSR.
           Can only be executed in Privileged modes.
 */
__STATIC_FORCEINLINE void __enable_irq(void)
{
  __ASM volatile ("cpsie i" : : : "memory");
 80031c8:	b662      	cpsie	i

  __DSB();
  __enable_irq();
	
#if ((__FPU_PRESENT == 1) && (__FPU_USED == 1))
  SCB->CPACR |= ((3UL << 10*2) |                 /* set CP10 Full Access */
 80031ca:	4a1e      	ldr	r2, [pc, #120]	; (8003244 <SystemCoreSetup+0x94>)
 80031cc:	4b1d      	ldr	r3, [pc, #116]	; (8003244 <SystemCoreSetup+0x94>)
 80031ce:	f8d3 3088 	ldr.w	r3, [r3, #136]	; 0x88
 80031d2:	f443 0370 	orr.w	r3, r3, #15728640	; 0xf00000
 80031d6:	f8c2 3088 	str.w	r3, [r2, #136]	; 0x88
				 (3UL << 11*2)  );               /* set CP11 Full Access */
#endif
  /* Set flash wait states */
  temp = FLASH0->FCON;
 80031da:	4b1c      	ldr	r3, [pc, #112]	; (800324c <SystemCoreSetup+0x9c>)
 80031dc:	f503 5380 	add.w	r3, r3, #4096	; 0x1000
 80031e0:	3314      	adds	r3, #20
 80031e2:	681b      	ldr	r3, [r3, #0]
 80031e4:	607b      	str	r3, [r7, #4]
  temp &= ~FLASH_FCON_WSPFLASH_Msk;
 80031e6:	687b      	ldr	r3, [r7, #4]
 80031e8:	f023 030f 	bic.w	r3, r3, #15
 80031ec:	607b      	str	r3, [r7, #4]
  temp |= PMU_FLASH_WS;
 80031ee:	687b      	ldr	r3, [r7, #4]
 80031f0:	f043 0303 	orr.w	r3, r3, #3
 80031f4:	607b      	str	r3, [r7, #4]
  FLASH0->FCON = temp;
 80031f6:	4b15      	ldr	r3, [pc, #84]	; (800324c <SystemCoreSetup+0x9c>)
 80031f8:	f503 5380 	add.w	r3, r3, #4096	; 0x1000
 80031fc:	3314      	adds	r3, #20
 80031fe:	687a      	ldr	r2, [r7, #4]
 8003200:	601a      	str	r2, [r3, #0]


  /* Disable divide by zero trap */
  SCB->CCR &= ~SCB_CCR_DIV_0_TRP_Msk; 
 8003202:	4a10      	ldr	r2, [pc, #64]	; (8003244 <SystemCoreSetup+0x94>)
 8003204:	4b0f      	ldr	r3, [pc, #60]	; (8003244 <SystemCoreSetup+0x94>)
 8003206:	695b      	ldr	r3, [r3, #20]
 8003208:	f023 0310 	bic.w	r3, r3, #16
 800320c:	6153      	str	r3, [r2, #20]

  /* Disable unaligned memory access trap */
  SCB->CCR &= ~SCB_CCR_UNALIGN_TRP_Msk; 
 800320e:	4a0d      	ldr	r2, [pc, #52]	; (8003244 <SystemCoreSetup+0x94>)
 8003210:	4b0c      	ldr	r3, [pc, #48]	; (8003244 <SystemCoreSetup+0x94>)
 8003212:	695b      	ldr	r3, [r3, #20]
 8003214:	f023 0308 	bic.w	r3, r3, #8
 8003218:	6153      	str	r3, [r2, #20]

  /* Disable memory management fault */
  SCB->SHCSR &= ~SCB_SHCSR_MEMFAULTENA_Msk;
 800321a:	4a0a      	ldr	r2, [pc, #40]	; (8003244 <SystemCoreSetup+0x94>)
 800321c:	4b09      	ldr	r3, [pc, #36]	; (8003244 <SystemCoreSetup+0x94>)
 800321e:	6a5b      	ldr	r3, [r3, #36]	; 0x24
 8003220:	f423 3380 	bic.w	r3, r3, #65536	; 0x10000
 8003224:	6253      	str	r3, [r2, #36]	; 0x24

  /* Disable bus fault */
  SCB->SHCSR &= ~SCB_SHCSR_BUSFAULTENA_Msk;
 8003226:	4a07      	ldr	r2, [pc, #28]	; (8003244 <SystemCoreSetup+0x94>)
 8003228:	4b06      	ldr	r3, [pc, #24]	; (8003244 <SystemCoreSetup+0x94>)
 800322a:	6a5b      	ldr	r3, [r3, #36]	; 0x24
 800322c:	f423 3300 	bic.w	r3, r3, #131072	; 0x20000
 8003230:	6253      	str	r3, [r2, #36]	; 0x24

  /* Disable usage fault */
  SCB->SHCSR &= ~SCB_SHCSR_USGFAULTENA_Msk;
 8003232:	4a04      	ldr	r2, [pc, #16]	; (8003244 <SystemCoreSetup+0x94>)
 8003234:	4b03      	ldr	r3, [pc, #12]	; (8003244 <SystemCoreSetup+0x94>)
 8003236:	6a5b      	ldr	r3, [r3, #36]	; 0x24
 8003238:	f423 2380 	bic.w	r3, r3, #262144	; 0x40000
 800323c:	6253      	str	r3, [r2, #36]	; 0x24
}
 800323e:	3708      	adds	r7, #8
 8003240:	46bd      	mov	sp, r7
 8003242:	bd80      	pop	{r7, pc}
 8003244:	e000ed00 	.word	0xe000ed00
 8003248:	08000000 	.word	0x08000000
 800324c:	58001000 	.word	0x58001000

08003250 <CLOCK_XMC4_Init>:

/*
 * API to initialize the CLOCK_XMC4 APP TRAP events
 */
CLOCK_XMC4_STATUS_t CLOCK_XMC4_Init(CLOCK_XMC4_t *handle)
{
 8003250:	b480      	push	{r7}
 8003252:	b085      	sub	sp, #20
 8003254:	af00      	add	r7, sp, #0
 8003256:	6078      	str	r0, [r7, #4]
  CLOCK_XMC4_STATUS_t status = CLOCK_XMC4_STATUS_SUCCESS;
 8003258:	2300      	movs	r3, #0
 800325a:	73fb      	strb	r3, [r7, #15]

  XMC_ASSERT("CLOCK_XMC4 APP handle function pointer uninitialized", (handle != NULL));

  handle->init_status = true;
 800325c:	687b      	ldr	r3, [r7, #4]
 800325e:	2201      	movs	r2, #1
 8003260:	701a      	strb	r2, [r3, #0]

  return (status);
 8003262:	7bfb      	ldrb	r3, [r7, #15]
}
 8003264:	4618      	mov	r0, r3
 8003266:	3714      	adds	r7, #20
 8003268:	46bd      	mov	sp, r7
 800326a:	f85d 7b04 	ldr.w	r7, [sp], #4
 800326e:	4770      	bx	lr

08003270 <SystemCoreClockSetup>:
* @note   -
* @param  None
* @retval None
*/
void SystemCoreClockSetup(void)
{
 8003270:	b5b0      	push	{r4, r5, r7, lr}
 8003272:	b086      	sub	sp, #24
 8003274:	af00      	add	r7, sp, #0
  /* Local data structure for initializing the clock functional block */
  const XMC_SCU_CLOCK_CONFIG_t CLOCK_XMC4_0_CONFIG =
 8003276:	4b0d      	ldr	r3, [pc, #52]	; (80032ac <SystemCoreClockSetup+0x3c>)
 8003278:	1d3c      	adds	r4, r7, #4
 800327a:	461d      	mov	r5, r3
 800327c:	cd0f      	ldmia	r5!, {r0, r1, r2, r3}
 800327e:	c40f      	stmia	r4!, {r0, r1, r2, r3}
 8003280:	682b      	ldr	r3, [r5, #0]
 8003282:	6023      	str	r3, [r4, #0]
#endif
    /* Peripheral Clock Divider Value */
    .fperipheral_clkdiv = 1U
  };
  /* Initialize the SCU clock */
  XMC_SCU_CLOCK_Init(&CLOCK_XMC4_0_CONFIG);
 8003284:	1d3b      	adds	r3, r7, #4
 8003286:	4618      	mov	r0, r3
 8003288:	f7fd f992 	bl	80005b0 <XMC_SCU_CLOCK_Init>
  /* RTC source clock */
  XMC_SCU_HIB_SetRtcClockSource(XMC_SCU_HIB_RTCCLKSRC_OSI);
 800328c:	2000      	movs	r0, #0
 800328e:	f7fd faa3 	bl	80007d8 <XMC_SCU_HIB_SetRtcClockSource>
  XMC_SCU_CLOCK_SetUsbClockDivider(4U);
#endif

#ifdef CLOCK_XMC4_WDTCLK_ENABLED    
  /* WDT source clock */
  XMC_SCU_CLOCK_SetWdtClockSource(XMC_SCU_CLOCK_WDTCLKSRC_OFI);
 8003292:	2000      	movs	r0, #0
 8003294:	f7fd fa6c 	bl	8000770 <XMC_SCU_CLOCK_SetWdtClockSource>
  /* WDT divider setting */
  XMC_SCU_CLOCK_SetWdtClockDivider(1U);
 8003298:	2001      	movs	r0, #1
 800329a:	f7fd fb3d 	bl	8000918 <XMC_SCU_CLOCK_SetWdtClockDivider>
#endif

#ifdef CLOCK_XMC4_EBUCLK_ENABLED 
  /* EBU divider setting */
  XMC_SCU_CLOCK_SetEbuClockDivider(1U);
 800329e:	2001      	movs	r0, #1
 80032a0:	f7fd fb26 	bl	80008f0 <XMC_SCU_CLOCK_SetEbuClockDivider>
#endif

}
 80032a4:	3718      	adds	r7, #24
 80032a6:	46bd      	mov	sp, r7
 80032a8:	bdb0      	pop	{r4, r5, r7, pc}
 80032aa:	bf00      	nop
 80032ac:	08003cdc 	.word	0x08003cdc

080032b0 <CCU4_SLICE_CONFIG_Init>:
  return (version);
}

/* API to initialize the CCU4 slice */
CCU4_SLICE_CONFIG_STATUS_t CCU4_SLICE_CONFIG_Init(const CCU4_SLICE_CONFIG_t *const handle_ptr)
{
 80032b0:	b580      	push	{r7, lr}
 80032b2:	b082      	sub	sp, #8
 80032b4:	af00      	add	r7, sp, #0
 80032b6:	6078      	str	r0, [r7, #4]
  return handle_ptr->init();
 80032b8:	687b      	ldr	r3, [r7, #4]
 80032ba:	681b      	ldr	r3, [r3, #0]
 80032bc:	4798      	blx	r3
 80032be:	4603      	mov	r3, r0
}
 80032c0:	4618      	mov	r0, r3
 80032c2:	3708      	adds	r7, #8
 80032c4:	46bd      	mov	sp, r7
 80032c6:	bd80      	pop	{r7, pc}

080032c8 <XMC_CCU4_EnableClock>:
 *
 * \par<b>Related APIs:</b><br>
 * XMC_CCU4_DisableClock()<BR> XMC_CCU4_EnableMultipleClocks()<BR> XMC_CCU4_StartPrescaler()<BR> XMC_CCU4_StopPrescaler().
 */
__STATIC_INLINE void XMC_CCU4_EnableClock(XMC_CCU4_MODULE_t *const module, const uint8_t slice_number)
{
 80032c8:	b480      	push	{r7}
 80032ca:	b083      	sub	sp, #12
 80032cc:	af00      	add	r7, sp, #0
 80032ce:	6078      	str	r0, [r7, #4]
 80032d0:	460b      	mov	r3, r1
 80032d2:	70fb      	strb	r3, [r7, #3]
  XMC_ASSERT("XMC_CCU4_EnableClock:Invalid Module Pointer", XMC_CCU4_IsValidModule(module));
  XMC_ASSERT("XMC_CCU4_EnableClock:Invalid Slice Number", (slice_number < 4U));

  module->GIDLC = ((uint32_t) 1) << slice_number;
 80032d4:	78fb      	ldrb	r3, [r7, #3]
 80032d6:	2201      	movs	r2, #1
 80032d8:	409a      	lsls	r2, r3
 80032da:	687b      	ldr	r3, [r7, #4]
 80032dc:	60da      	str	r2, [r3, #12]
}
 80032de:	370c      	adds	r7, #12
 80032e0:	46bd      	mov	sp, r7
 80032e2:	f85d 7b04 	ldr.w	r7, [sp], #4
 80032e6:	4770      	bx	lr

080032e8 <XMC_CCU4_SLICE_StartTimer>:
 *
 * \par<b>Related APIs:</b><br>
 *  XMC_CCU4_SLICE_StopTimer().
 */
__STATIC_INLINE void XMC_CCU4_SLICE_StartTimer(XMC_CCU4_SLICE_t *const slice)
{
 80032e8:	b480      	push	{r7}
 80032ea:	b083      	sub	sp, #12
 80032ec:	af00      	add	r7, sp, #0
 80032ee:	6078      	str	r0, [r7, #4]
  XMC_ASSERT("XMC_CCU4_SLICE_StartTimer:Invalid Slice Pointer", XMC_CCU4_IsValidSlice(slice));
  slice->TCSET = CCU4_CC4_TCSET_TRBS_Msk;
 80032f0:	687b      	ldr	r3, [r7, #4]
 80032f2:	2201      	movs	r2, #1
 80032f4:	60da      	str	r2, [r3, #12]
}
 80032f6:	370c      	adds	r7, #12
 80032f8:	46bd      	mov	sp, r7
 80032fa:	f85d 7b04 	ldr.w	r7, [sp], #4
 80032fe:	4770      	bx	lr

08003300 <XMC_CCU4_SLICE_SetTimerPeriodMatch>:
 *
 * \par<b>Related APIs:</b><br>
 *  XMC_CCU4_SLICE_GetTimerPeriodMatch().
 */
__STATIC_INLINE void XMC_CCU4_SLICE_SetTimerPeriodMatch(XMC_CCU4_SLICE_t *const slice, const uint16_t period_val)
{
 8003300:	b480      	push	{r7}
 8003302:	b083      	sub	sp, #12
 8003304:	af00      	add	r7, sp, #0
 8003306:	6078      	str	r0, [r7, #4]
 8003308:	460b      	mov	r3, r1
 800330a:	807b      	strh	r3, [r7, #2]
  XMC_ASSERT("XMC_CCU4_SLICE_SetTimerPeriodMatch:Invalid Slice Pointer", XMC_CCU4_IsValidSlice(slice));
  slice->PRS = (uint32_t) period_val;
 800330c:	887a      	ldrh	r2, [r7, #2]
 800330e:	687b      	ldr	r3, [r7, #4]
 8003310:	635a      	str	r2, [r3, #52]	; 0x34
}
 8003312:	370c      	adds	r7, #12
 8003314:	46bd      	mov	sp, r7
 8003316:	f85d 7b04 	ldr.w	r7, [sp], #4
 800331a:	4770      	bx	lr

0800331c <XMC_CCU4_SLICE_SetTimerCompareMatch>:
 *
 * \par<b>Related APIs:</b><br>
 *  XMC_CCU4_SLICE_GetTimerPeriodMatch().
 */
__STATIC_INLINE void XMC_CCU4_SLICE_SetTimerCompareMatch(XMC_CCU4_SLICE_t *const slice, const uint16_t compare_val)
{
 800331c:	b480      	push	{r7}
 800331e:	b083      	sub	sp, #12
 8003320:	af00      	add	r7, sp, #0
 8003322:	6078      	str	r0, [r7, #4]
 8003324:	460b      	mov	r3, r1
 8003326:	807b      	strh	r3, [r7, #2]
  XMC_ASSERT("XMC_CCU4_SLICE_SetTimerCompareMatch:Invalid Slice Pointer", XMC_CCU4_IsValidSlice(slice));
  slice->CRS = (uint32_t) compare_val;
 8003328:	887a      	ldrh	r2, [r7, #2]
 800332a:	687b      	ldr	r3, [r7, #4]
 800332c:	63da      	str	r2, [r3, #60]	; 0x3c
}
 800332e:	370c      	adds	r7, #12
 8003330:	46bd      	mov	sp, r7
 8003332:	f85d 7b04 	ldr.w	r7, [sp], #4
 8003336:	4770      	bx	lr

08003338 <XMC_CCU4_EnableShadowTransfer>:
 *
 * \par<b>Related APIs:</b><br>
 *  None.
 */
__STATIC_INLINE void XMC_CCU4_EnableShadowTransfer(XMC_CCU4_MODULE_t *const module, const uint32_t shadow_transfer_msk)
{
 8003338:	b480      	push	{r7}
 800333a:	b083      	sub	sp, #12
 800333c:	af00      	add	r7, sp, #0
 800333e:	6078      	str	r0, [r7, #4]
 8003340:	6039      	str	r1, [r7, #0]
  XMC_ASSERT("XMC_CCU4_EnableShadowTransfer:Invalid Slice Pointer", XMC_CCU4_IsValidModule(module));
  module->GCSS = (uint32_t)shadow_transfer_msk;
 8003342:	687b      	ldr	r3, [r7, #4]
 8003344:	683a      	ldr	r2, [r7, #0]
 8003346:	611a      	str	r2, [r3, #16]
}
 8003348:	370c      	adds	r7, #12
 800334a:	46bd      	mov	sp, r7
 800334c:	f85d 7b04 	ldr.w	r7, [sp], #4
 8003350:	4770      	bx	lr
 8003352:	bf00      	nop

08003354 <XMC_CCU4_SLICE_SetTimerValue>:
 *
 * \par<b>Related APIs:</b><br>
 *  XMC_CCU4_SLICE_GetTimerValue().
 */
__STATIC_INLINE void XMC_CCU4_SLICE_SetTimerValue(XMC_CCU4_SLICE_t *const slice, const uint16_t timer_val)
{
 8003354:	b480      	push	{r7}
 8003356:	b083      	sub	sp, #12
 8003358:	af00      	add	r7, sp, #0
 800335a:	6078      	str	r0, [r7, #4]
 800335c:	460b      	mov	r3, r1
 800335e:	807b      	strh	r3, [r7, #2]
  XMC_ASSERT("XMC_CCU4_SLICE_SetTimerValue:Invalid Slice Pointer", XMC_CCU4_IsValidSlice(slice));
  slice->TIMER = (uint32_t) timer_val;
 8003360:	887a      	ldrh	r2, [r7, #2]
 8003362:	687b      	ldr	r3, [r7, #4]
 8003364:	671a      	str	r2, [r3, #112]	; 0x70
}
 8003366:	370c      	adds	r7, #12
 8003368:	46bd      	mov	sp, r7
 800336a:	f85d 7b04 	ldr.w	r7, [sp], #4
 800336e:	4770      	bx	lr

08003370 <CCU4_SLICE_CONFIG_0_lInit>:
  .level               = XMC_CCU4_SLICE_EVENT_LEVEL_SENSITIVITY_ACTIVE_HIGH,
  .duration            = XMC_CCU4_SLICE_EVENT_FILTER_DISABLED                               
 };
            /* Channel initialization function */
CCU4_SLICE_CONFIG_STATUS_t CCU4_SLICE_CONFIG_0_lInit(void)
{
 8003370:	b580      	push	{r7, lr}
 8003372:	af00      	add	r7, sp, #0
  GLOBAL_CCU4_Init(&GLOBAL_CCU4_1);
 8003374:	481d      	ldr	r0, [pc, #116]	; (80033ec <CCU4_SLICE_CONFIG_0_lInit+0x7c>)
 8003376:	f7ff feb7 	bl	80030e8 <GLOBAL_CCU4_Init>
  /* Configure CCU4x_CC4y slice as timer unit */
  XMC_CCU4_SLICE_CompareInit(CCU41_CC40, &CCU4_SLICE_CONFIG_0_compare_config);
 800337a:	481d      	ldr	r0, [pc, #116]	; (80033f0 <CCU4_SLICE_CONFIG_0_lInit+0x80>)
 800337c:	491d      	ldr	r1, [pc, #116]	; (80033f4 <CCU4_SLICE_CONFIG_0_lInit+0x84>)
 800337e:	f7fd fd59 	bl	8000e34 <XMC_CCU4_SLICE_CompareInit>
  /* Set timer compare register value */
  XMC_CCU4_SLICE_SetTimerCompareMatch(CCU41_CC40, (uint16_t)32768U);
 8003382:	481b      	ldr	r0, [pc, #108]	; (80033f0 <CCU4_SLICE_CONFIG_0_lInit+0x80>)
 8003384:	f44f 4100 	mov.w	r1, #32768	; 0x8000
 8003388:	f7ff ffc8 	bl	800331c <XMC_CCU4_SLICE_SetTimerCompareMatch>
  /* Set timer period register value */
  XMC_CCU4_SLICE_SetTimerPeriodMatch(CCU41_CC40, (uint16_t)65535U);	
 800338c:	4818      	ldr	r0, [pc, #96]	; (80033f0 <CCU4_SLICE_CONFIG_0_lInit+0x80>)
 800338e:	f64f 71ff 	movw	r1, #65535	; 0xffff
 8003392:	f7ff ffb5 	bl	8003300 <XMC_CCU4_SLICE_SetTimerPeriodMatch>
  /* Register value update settings */
  XMC_CCU4_SetMultiChannelShadowTransferMode(CCU41, (uint32_t)XMC_CCU4_MULTI_CHANNEL_SHADOW_TRANSFER_SW_SLICE0);
 8003396:	4818      	ldr	r0, [pc, #96]	; (80033f8 <CCU4_SLICE_CONFIG_0_lInit+0x88>)
 8003398:	f04f 6180 	mov.w	r1, #67108864	; 0x4000000
 800339c:	f7fd fd2e 	bl	8000dfc <XMC_CCU4_SetMultiChannelShadowTransferMode>
  /* Transfer value from shadow registers to actual timer registers */
  XMC_CCU4_EnableShadowTransfer(CCU41, (uint32_t)XMC_CCU4_SHADOW_TRANSFER_SLICE_0 |
 80033a0:	4815      	ldr	r0, [pc, #84]	; (80033f8 <CCU4_SLICE_CONFIG_0_lInit+0x88>)
 80033a2:	2107      	movs	r1, #7
 80033a4:	f7ff ffc8 	bl	8003338 <XMC_CCU4_EnableShadowTransfer>
                                               (uint32_t)XMC_CCU4_SHADOW_TRANSFER_DITHER_SLICE_0 |
                                               (uint32_t)XMC_CCU4_SHADOW_TRANSFER_PRESCALER_SLICE_0);
  /* Events and function settings */
  XMC_CCU4_SLICE_ConfigureEvent(CCU41_CC40, XMC_CCU4_SLICE_EVENT_0, &CCU4_SLICE_CONFIG_0_event0_config);
 80033a8:	4811      	ldr	r0, [pc, #68]	; (80033f0 <CCU4_SLICE_CONFIG_0_lInit+0x80>)
 80033aa:	2101      	movs	r1, #1
 80033ac:	4a13      	ldr	r2, [pc, #76]	; (80033fc <CCU4_SLICE_CONFIG_0_lInit+0x8c>)
 80033ae:	f7fd fd91 	bl	8000ed4 <XMC_CCU4_SLICE_ConfigureEvent>
  XMC_CCU4_SLICE_ConfigureEvent(CCU41_CC40, XMC_CCU4_SLICE_EVENT_1, &CCU4_SLICE_CONFIG_0_event1_config);
 80033b2:	480f      	ldr	r0, [pc, #60]	; (80033f0 <CCU4_SLICE_CONFIG_0_lInit+0x80>)
 80033b4:	2102      	movs	r1, #2
 80033b6:	4a12      	ldr	r2, [pc, #72]	; (8003400 <CCU4_SLICE_CONFIG_0_lInit+0x90>)
 80033b8:	f7fd fd8c 	bl	8000ed4 <XMC_CCU4_SLICE_ConfigureEvent>
  XMC_CCU4_SLICE_ConfigureEvent(CCU41_CC40, XMC_CCU4_SLICE_EVENT_2, &CCU4_SLICE_CONFIG_0_event2_config);
 80033bc:	480c      	ldr	r0, [pc, #48]	; (80033f0 <CCU4_SLICE_CONFIG_0_lInit+0x80>)
 80033be:	2103      	movs	r1, #3
 80033c0:	4a10      	ldr	r2, [pc, #64]	; (8003404 <CCU4_SLICE_CONFIG_0_lInit+0x94>)
 80033c2:	f7fd fd87 	bl	8000ed4 <XMC_CCU4_SLICE_ConfigureEvent>
  XMC_CCU4_SLICE_CountConfig(CCU41_CC40, XMC_CCU4_SLICE_EVENT_0);
 80033c6:	480a      	ldr	r0, [pc, #40]	; (80033f0 <CCU4_SLICE_CONFIG_0_lInit+0x80>)
 80033c8:	2101      	movs	r1, #1
 80033ca:	f7fd fd69 	bl	8000ea0 <XMC_CCU4_SLICE_CountConfig>
  /* clear IDLE mode for the slice*/
  XMC_CCU4_EnableClock(CCU41, (uint8_t)0);	
 80033ce:	480a      	ldr	r0, [pc, #40]	; (80033f8 <CCU4_SLICE_CONFIG_0_lInit+0x88>)
 80033d0:	2100      	movs	r1, #0
 80033d2:	f7ff ff79 	bl	80032c8 <XMC_CCU4_EnableClock>
  /* Set initial value of timer */
  XMC_CCU4_SLICE_SetTimerValue(CCU41_CC40, (uint16_t)0U);
 80033d6:	4806      	ldr	r0, [pc, #24]	; (80033f0 <CCU4_SLICE_CONFIG_0_lInit+0x80>)
 80033d8:	2100      	movs	r1, #0
 80033da:	f7ff ffbb 	bl	8003354 <XMC_CCU4_SLICE_SetTimerValue>
  /* Start the timer */
  XMC_CCU4_SLICE_StartTimer(CCU41_CC40);
 80033de:	4804      	ldr	r0, [pc, #16]	; (80033f0 <CCU4_SLICE_CONFIG_0_lInit+0x80>)
 80033e0:	f7ff ff82 	bl	80032e8 <XMC_CCU4_SLICE_StartTimer>
  return CCU4_SLICE_CONFIG_STATUS_SUCCESS;
 80033e4:	2300      	movs	r3, #0
}
 80033e6:	4618      	mov	r0, r3
 80033e8:	bd80      	pop	{r7, pc}
 80033ea:	bf00      	nop
 80033ec:	20000210 	.word	0x20000210
 80033f0:	40010100 	.word	0x40010100
 80033f4:	08003d00 	.word	0x08003d00
 80033f8:	40010000 	.word	0x40010000
 80033fc:	08003d08 	.word	0x08003d08
 8003400:	08003d0c 	.word	0x08003d0c
 8003404:	08003d10 	.word	0x08003d10

08003408 <DAVE_Init>:
 * @param[in]  None
 *
 * @return  DAVE_STATUS_t <BR>
 ******************************************************************************/
__WEAK DAVE_STATUS_t DAVE_Init(void)
{
 8003408:	b580      	push	{r7, lr}
 800340a:	b082      	sub	sp, #8
 800340c:	af00      	add	r7, sp, #0
  DAVE_STATUS_t init_status;
  
  init_status = DAVE_STATUS_SUCCESS;
 800340e:	2300      	movs	r3, #0
 8003410:	71fb      	strb	r3, [r7, #7]
     /** @Initialization of APPs Init Functions */
     init_status = (DAVE_STATUS_t)CLOCK_XMC4_Init(&CLOCK_XMC4_0);
 8003412:	483d      	ldr	r0, [pc, #244]	; (8003508 <DAVE_Init+0x100>)
 8003414:	f7ff ff1c 	bl	8003250 <CLOCK_XMC4_Init>
 8003418:	4603      	mov	r3, r0
 800341a:	71fb      	strb	r3, [r7, #7]

  if (init_status == DAVE_STATUS_SUCCESS)
 800341c:	79fb      	ldrb	r3, [r7, #7]
 800341e:	2b00      	cmp	r3, #0
 8003420:	d104      	bne.n	800342c <DAVE_Init+0x24>
  {
	 /**  Initialization of SPI_SLAVE APP instance SPI_BUS */
	 init_status = (DAVE_STATUS_t)SPI_SLAVE_Init(&SPI_BUS); 
 8003422:	483a      	ldr	r0, [pc, #232]	; (800350c <DAVE_Init+0x104>)
 8003424:	f7ff f8d0 	bl	80025c8 <SPI_SLAVE_Init>
 8003428:	4603      	mov	r3, r0
 800342a:	71fb      	strb	r3, [r7, #7]
   } 
  if (init_status == DAVE_STATUS_SUCCESS)
 800342c:	79fb      	ldrb	r3, [r7, #7]
 800342e:	2b00      	cmp	r3, #0
 8003430:	d104      	bne.n	800343c <DAVE_Init+0x34>
  {
	 /**  Initialization of I2C_MASTER APP instance I2C_BUS */
	 init_status = (DAVE_STATUS_t)I2C_MASTER_Init(&I2C_BUS); 
 8003432:	4837      	ldr	r0, [pc, #220]	; (8003510 <DAVE_Init+0x108>)
 8003434:	f7ff fd6a 	bl	8002f0c <I2C_MASTER_Init>
 8003438:	4603      	mov	r3, r0
 800343a:	71fb      	strb	r3, [r7, #7]
   } 
  if (init_status == DAVE_STATUS_SUCCESS)
 800343c:	79fb      	ldrb	r3, [r7, #7]
 800343e:	2b00      	cmp	r3, #0
 8003440:	d104      	bne.n	800344c <DAVE_Init+0x44>
  {
	 /**  Initialization of PWM_CCU8 APP instance PWM_CCU8_0 */
	 init_status = (DAVE_STATUS_t)PWM_CCU8_Init(&PWM_CCU8_0); 
 8003442:	4834      	ldr	r0, [pc, #208]	; (8003514 <DAVE_Init+0x10c>)
 8003444:	f7ff fa78 	bl	8002938 <PWM_CCU8_Init>
 8003448:	4603      	mov	r3, r0
 800344a:	71fb      	strb	r3, [r7, #7]
   } 
  if (init_status == DAVE_STATUS_SUCCESS)
 800344c:	79fb      	ldrb	r3, [r7, #7]
 800344e:	2b00      	cmp	r3, #0
 8003450:	d104      	bne.n	800345c <DAVE_Init+0x54>
  {
	 /**  Initialization of PWM_CCU8 APP instance PWM_CCU8_1 */
	 init_status = (DAVE_STATUS_t)PWM_CCU8_Init(&PWM_CCU8_1); 
 8003452:	4831      	ldr	r0, [pc, #196]	; (8003518 <DAVE_Init+0x110>)
 8003454:	f7ff fa70 	bl	8002938 <PWM_CCU8_Init>
 8003458:	4603      	mov	r3, r0
 800345a:	71fb      	strb	r3, [r7, #7]
   } 
  if (init_status == DAVE_STATUS_SUCCESS)
 800345c:	79fb      	ldrb	r3, [r7, #7]
 800345e:	2b00      	cmp	r3, #0
 8003460:	d104      	bne.n	800346c <DAVE_Init+0x64>
  {
	 /**  Initialization of PWM_CCU8 APP instance PWM_CCU8_2 */
	 init_status = (DAVE_STATUS_t)PWM_CCU8_Init(&PWM_CCU8_2); 
 8003462:	482e      	ldr	r0, [pc, #184]	; (800351c <DAVE_Init+0x114>)
 8003464:	f7ff fa68 	bl	8002938 <PWM_CCU8_Init>
 8003468:	4603      	mov	r3, r0
 800346a:	71fb      	strb	r3, [r7, #7]
   } 
  if (init_status == DAVE_STATUS_SUCCESS)
 800346c:	79fb      	ldrb	r3, [r7, #7]
 800346e:	2b00      	cmp	r3, #0
 8003470:	d104      	bne.n	800347c <DAVE_Init+0x74>
  {
	 /**  Initialization of PWM_CCU8 APP instance PWM_CCU8_3 */
	 init_status = (DAVE_STATUS_t)PWM_CCU8_Init(&PWM_CCU8_3); 
 8003472:	482b      	ldr	r0, [pc, #172]	; (8003520 <DAVE_Init+0x118>)
 8003474:	f7ff fa60 	bl	8002938 <PWM_CCU8_Init>
 8003478:	4603      	mov	r3, r0
 800347a:	71fb      	strb	r3, [r7, #7]
   } 
  if (init_status == DAVE_STATUS_SUCCESS)
 800347c:	79fb      	ldrb	r3, [r7, #7]
 800347e:	2b00      	cmp	r3, #0
 8003480:	d104      	bne.n	800348c <DAVE_Init+0x84>
  {
	 /**  Initialization of PWM_CCU8 APP instance PWM_CCU8_4 */
	 init_status = (DAVE_STATUS_t)PWM_CCU8_Init(&PWM_CCU8_4); 
 8003482:	4828      	ldr	r0, [pc, #160]	; (8003524 <DAVE_Init+0x11c>)
 8003484:	f7ff fa58 	bl	8002938 <PWM_CCU8_Init>
 8003488:	4603      	mov	r3, r0
 800348a:	71fb      	strb	r3, [r7, #7]
   } 
  if (init_status == DAVE_STATUS_SUCCESS)
 800348c:	79fb      	ldrb	r3, [r7, #7]
 800348e:	2b00      	cmp	r3, #0
 8003490:	d104      	bne.n	800349c <DAVE_Init+0x94>
  {
	 /**  Initialization of PWM_CCU8 APP instance PWM_CCU8_5 */
	 init_status = (DAVE_STATUS_t)PWM_CCU8_Init(&PWM_CCU8_5); 
 8003492:	4825      	ldr	r0, [pc, #148]	; (8003528 <DAVE_Init+0x120>)
 8003494:	f7ff fa50 	bl	8002938 <PWM_CCU8_Init>
 8003498:	4603      	mov	r3, r0
 800349a:	71fb      	strb	r3, [r7, #7]
   } 
  if (init_status == DAVE_STATUS_SUCCESS)
 800349c:	79fb      	ldrb	r3, [r7, #7]
 800349e:	2b00      	cmp	r3, #0
 80034a0:	d104      	bne.n	80034ac <DAVE_Init+0xa4>
  {
	 /**  Initialization of PWM_CCU8 APP instance PWM_CCU8_6 */
	 init_status = (DAVE_STATUS_t)PWM_CCU8_Init(&PWM_CCU8_6); 
 80034a2:	4822      	ldr	r0, [pc, #136]	; (800352c <DAVE_Init+0x124>)
 80034a4:	f7ff fa48 	bl	8002938 <PWM_CCU8_Init>
 80034a8:	4603      	mov	r3, r0
 80034aa:	71fb      	strb	r3, [r7, #7]
   } 
  if (init_status == DAVE_STATUS_SUCCESS)
 80034ac:	79fb      	ldrb	r3, [r7, #7]
 80034ae:	2b00      	cmp	r3, #0
 80034b0:	d104      	bne.n	80034bc <DAVE_Init+0xb4>
  {
	 /**  Initialization of PWM_CCU8 APP instance PWM_CCU8_7 */
	 init_status = (DAVE_STATUS_t)PWM_CCU8_Init(&PWM_CCU8_7); 
 80034b2:	481f      	ldr	r0, [pc, #124]	; (8003530 <DAVE_Init+0x128>)
 80034b4:	f7ff fa40 	bl	8002938 <PWM_CCU8_Init>
 80034b8:	4603      	mov	r3, r0
 80034ba:	71fb      	strb	r3, [r7, #7]
   } 
  if (init_status == DAVE_STATUS_SUCCESS)
 80034bc:	79fb      	ldrb	r3, [r7, #7]
 80034be:	2b00      	cmp	r3, #0
 80034c0:	d104      	bne.n	80034cc <DAVE_Init+0xc4>
  {
	 /**  Initialization of GLOBAL_CCU4 APP instance GLOBAL_CCU4_0 */
	 init_status = (DAVE_STATUS_t)GLOBAL_CCU4_Init(&GLOBAL_CCU4_0); 
 80034c2:	481c      	ldr	r0, [pc, #112]	; (8003534 <DAVE_Init+0x12c>)
 80034c4:	f7ff fe10 	bl	80030e8 <GLOBAL_CCU4_Init>
 80034c8:	4603      	mov	r3, r0
 80034ca:	71fb      	strb	r3, [r7, #7]
   } 
  if (init_status == DAVE_STATUS_SUCCESS)
 80034cc:	79fb      	ldrb	r3, [r7, #7]
 80034ce:	2b00      	cmp	r3, #0
 80034d0:	d104      	bne.n	80034dc <DAVE_Init+0xd4>
  {
	 /**  Initialization of UART APP instance UART_0 */
	 init_status = (DAVE_STATUS_t)UART_Init(&UART_0); 
 80034d2:	4819      	ldr	r0, [pc, #100]	; (8003538 <DAVE_Init+0x130>)
 80034d4:	f7fe fdea 	bl	80020ac <UART_Init>
 80034d8:	4603      	mov	r3, r0
 80034da:	71fb      	strb	r3, [r7, #7]
   } 
  if (init_status == DAVE_STATUS_SUCCESS)
 80034dc:	79fb      	ldrb	r3, [r7, #7]
 80034de:	2b00      	cmp	r3, #0
 80034e0:	d104      	bne.n	80034ec <DAVE_Init+0xe4>
  {
	 /**  Initialization of CCU4_SLICE_CONFIG APP instance CCU4_SLICE_CONFIG_0 */
	 init_status = (DAVE_STATUS_t)CCU4_SLICE_CONFIG_Init(&CCU4_SLICE_CONFIG_0); 
 80034e2:	4816      	ldr	r0, [pc, #88]	; (800353c <DAVE_Init+0x134>)
 80034e4:	f7ff fee4 	bl	80032b0 <CCU4_SLICE_CONFIG_Init>
 80034e8:	4603      	mov	r3, r0
 80034ea:	71fb      	strb	r3, [r7, #7]
   } 
  if (init_status == DAVE_STATUS_SUCCESS)
 80034ec:	79fb      	ldrb	r3, [r7, #7]
 80034ee:	2b00      	cmp	r3, #0
 80034f0:	d104      	bne.n	80034fc <DAVE_Init+0xf4>
  {
	 /**  Initialization of DIGITAL_IO APP instance DIGITAL_IO_0 */
	 init_status = (DAVE_STATUS_t)DIGITAL_IO_Init(&DIGITAL_IO_0); 
 80034f2:	4813      	ldr	r0, [pc, #76]	; (8003540 <DAVE_Init+0x138>)
 80034f4:	f7ff fe18 	bl	8003128 <DIGITAL_IO_Init>
 80034f8:	4603      	mov	r3, r0
 80034fa:	71fb      	strb	r3, [r7, #7]
   }  
  return init_status;
 80034fc:	79fb      	ldrb	r3, [r7, #7]
} /**  End of function DAVE_Init */
 80034fe:	4618      	mov	r0, r3
 8003500:	3708      	adds	r7, #8
 8003502:	46bd      	mov	sp, r7
 8003504:	bd80      	pop	{r7, pc}
 8003506:	bf00      	nop
 8003508:	20000268 	.word	0x20000268
 800350c:	20000028 	.word	0x20000028
 8003510:	200001d4 	.word	0x200001d4
 8003514:	20000034 	.word	0x20000034
 8003518:	20000068 	.word	0x20000068
 800351c:	2000009c 	.word	0x2000009c
 8003520:	200000d0 	.word	0x200000d0
 8003524:	20000104 	.word	0x20000104
 8003528:	20000138 	.word	0x20000138
 800352c:	2000016c 	.word	0x2000016c
 8003530:	200001a0 	.word	0x200001a0
 8003534:	20000200 	.word	0x20000200
 8003538:	20000000 	.word	0x20000000
 800353c:	08003cf0 	.word	0x08003cf0
 8003540:	08003cc8 	.word	0x08003cc8

08003544 <main>:
 * invoking the APP initialization dispatcher routine - DAVE_Init() and hosting the place-holder for user application
 * code.
 */

int main(void)
{
 8003544:	b580      	push	{r7, lr}
 8003546:	b082      	sub	sp, #8
 8003548:	af00      	add	r7, sp, #0
  DAVE_STATUS_t status;

  status = DAVE_Init();           /* Initialization of DAVE APPs  */
 800354a:	f7ff ff5d 	bl	8003408 <DAVE_Init>
 800354e:	4603      	mov	r3, r0
 8003550:	71fb      	strb	r3, [r7, #7]

  if (status != DAVE_STATUS_SUCCESS)
 8003552:	79fb      	ldrb	r3, [r7, #7]
 8003554:	2b00      	cmp	r3, #0
 8003556:	d000      	beq.n	800355a <main+0x16>
    XMC_DEBUG("DAVE APPs initialization failed\n");

    while(1U)
    {

    }
 8003558:	e7fe      	b.n	8003558 <main+0x14>

  /* Placeholder for user application code. The while loop below can be replaced with user application code. */
  while(1U)
  {

  }
 800355a:	e7fe      	b.n	800355a <main+0x16>

0800355c <__libc_init_array>:
 800355c:	b570      	push	{r4, r5, r6, lr}
 800355e:	4b0e      	ldr	r3, [pc, #56]	; (8003598 <__libc_init_array+0x3c>)
 8003560:	4c0e      	ldr	r4, [pc, #56]	; (800359c <__libc_init_array+0x40>)
 8003562:	1ae4      	subs	r4, r4, r3
 8003564:	10a4      	asrs	r4, r4, #2
 8003566:	2500      	movs	r5, #0
 8003568:	461e      	mov	r6, r3
 800356a:	42a5      	cmp	r5, r4
 800356c:	d004      	beq.n	8003578 <__libc_init_array+0x1c>
 800356e:	f856 3025 	ldr.w	r3, [r6, r5, lsl #2]
 8003572:	4798      	blx	r3
 8003574:	3501      	adds	r5, #1
 8003576:	e7f8      	b.n	800356a <__libc_init_array+0xe>
 8003578:	f7fe fd0c 	bl	8001f94 <_init>
 800357c:	4c08      	ldr	r4, [pc, #32]	; (80035a0 <__libc_init_array+0x44>)
 800357e:	4b09      	ldr	r3, [pc, #36]	; (80035a4 <__libc_init_array+0x48>)
 8003580:	1ae4      	subs	r4, r4, r3
 8003582:	10a4      	asrs	r4, r4, #2
 8003584:	2500      	movs	r5, #0
 8003586:	461e      	mov	r6, r3
 8003588:	42a5      	cmp	r5, r4
 800358a:	d004      	beq.n	8003596 <__libc_init_array+0x3a>
 800358c:	f856 3025 	ldr.w	r3, [r6, r5, lsl #2]
 8003590:	4798      	blx	r3
 8003592:	3501      	adds	r5, #1
 8003594:	e7f8      	b.n	8003588 <__libc_init_array+0x2c>
 8003596:	bd70      	pop	{r4, r5, r6, pc}
 8003598:	20000220 	.word	0x20000220
 800359c:	20000220 	.word	0x20000220
 80035a0:	20000220 	.word	0x20000220
 80035a4:	20000220 	.word	0x20000220

080035a8 <UART_0_channel_config>:
 80035a8:	00004b00 01080800 00000010              .K..........

080035b4 <UART_0_tx_pin_config>:
 80035b4:	00000090 00000001 00000002              ............

080035c0 <UART_0_tx_pin>:
 80035c0:	48028000 00000001 080035b4              ...H.....5..

080035cc <UART_0_config>:
 80035cc:	080035a8 080024d5 00000000 00000000     .5...$..........
	...
 80035f0:	080035c0 04000000 00000104              .5..........

080035fc <UART_0_rx_pin_config>:
 80035fc:	00000000 00000001 00000002              ............

08003608 <SPI_BUS_channel_config>:
 8003608:	00000000 00000100 00000000              ............

08003614 <SPI_BUS_mosi1_pin_config>:
 8003614:	00000090 00000001 00000000              ............

08003620 <SPI_BUS_miso_pin>:
 8003620:	48028200 08003614 00000500              ...H.6......

0800362c <SPI_BUS_mosi_pin_config>:
 800362c:	00000000 00000001 00000000              ............

08003638 <SPI_BUS_mosi_pin>:
 8003638:	48028200 0800362c 00000200              ...H,6......

08003644 <SPI_BUS_sclk_pin_config>:
 8003644:	00000000 00000001 00000001              ............

08003650 <SPI_BUS_slavesel_pin_config>:
 8003650:	00000000 00000001 00000001              ............

0800365c <SPI_BUS_conf>:
 800365c:	08003608 08003620 08003638 080027c9     .6.. 6..86...'..
	...
 8003674:	00000202 00000000                       ........

0800367c <PWM_CCU8_0_timer_handle>:
	...
 8003684:	00000014 00000000                       ........

0800368c <PWM_CCU8_0_event0_config>:
 800368c:	00010000                                ....

08003690 <PWM_CCU8_0_event1_config>:
 8003690:	00010000                                ....

08003694 <PWM_CCU8_0_event2_config>:
 8003694:	00010000                                ....

08003698 <PWM_CCU8_0_dt_config>:
	...

080036a4 <PWM_CCU8_0_ch1_out0_config>:
 80036a4:	00000098 00010000 00000000              ............

080036b0 <PWM_CCU8_0_config_handle>:
 80036b0:	04af0000 0257033a 00000000 00000000     ....:.W.........
	...
 80036cc:	0800368c 08003690 08003694 00000000     .6...6...6......
	...
 80036e8:	00000001 04000000 08003698 0800367c     .........6..|6..
 80036f8:	00000001 48028000 00000005 080036a4     .......H.....6..
	...
 8003738:	200001e0                                ... 

0800373c <PWM_CCU8_1_timer_handle>:
	...
 8003744:	00000014 00000000                       ........

0800374c <PWM_CCU8_1_event0_config>:
 800374c:	00010000                                ....

08003750 <PWM_CCU8_1_event1_config>:
 8003750:	00010000                                ....

08003754 <PWM_CCU8_1_event2_config>:
 8003754:	00010000                                ....

08003758 <PWM_CCU8_1_dt_config>:
	...

08003764 <PWM_CCU8_1_ch1_out0_config>:
 8003764:	00000098 00010000 00000000              ............

08003770 <PWM_CCU8_1_config_handle>:
 8003770:	04af0000 0257033a 00000000 00000000     ....:.W.........
	...
 800378c:	0800374c 08003750 08003754 00000000     L7..P7..T7......
	...
 80037a8:	00000001 08000000 08003758 0800373c     ........X7..<7..
 80037b8:	00000001 48028000 00000004 08003764     .......H....d7..
	...
 80037f8:	200001e0                                ... 

080037fc <PWM_CCU8_2_timer_handle>:
	...
 8003804:	00000014 00000000                       ........

0800380c <PWM_CCU8_2_event0_config>:
 800380c:	00010000                                ....

08003810 <PWM_CCU8_2_event1_config>:
 8003810:	00010000                                ....

08003814 <PWM_CCU8_2_event2_config>:
 8003814:	00010000                                ....

08003818 <PWM_CCU8_2_dt_config>:
	...

08003824 <PWM_CCU8_2_ch1_out0_config>:
 8003824:	00000098 00010000 00000000              ............

08003830 <PWM_CCU8_2_config_handle>:
 8003830:	04af0000 0257033a 00000000 00000000     ....:.W.........
	...
 800384c:	0800380c 08003810 08003814 00000000     .8...8...8......
	...
 8003868:	00000001 10000000 08003818 080037fc     .........8...7..
 8003878:	00000001 48028000 00000003 08003824     .......H....$8..
	...
 80038b8:	200001e0                                ... 

080038bc <PWM_CCU8_3_timer_handle>:
	...
 80038c4:	00000014 00000000                       ........

080038cc <PWM_CCU8_3_event0_config>:
 80038cc:	00010000                                ....

080038d0 <PWM_CCU8_3_event1_config>:
 80038d0:	00010000                                ....

080038d4 <PWM_CCU8_3_event2_config>:
 80038d4:	00010000                                ....

080038d8 <PWM_CCU8_3_dt_config>:
	...

080038e4 <PWM_CCU8_3_ch1_out0_config>:
 80038e4:	00000098 00010000 00000000              ............

080038f0 <PWM_CCU8_3_config_handle>:
 80038f0:	04af0000 0257033a 00000000 00000000     ....:.W.........
	...
 800390c:	080038cc 080038d0 080038d4 00000000     .8...8...8......
	...
 8003928:	00000001 20000000 080038d8 080038bc     ....... .8...8..
 8003938:	00000001 48028000 00000006 080038e4     .......H.....8..
	...
 8003978:	200001e0                                ... 

0800397c <PWM_CCU8_4_timer_handle>:
	...
 8003984:	00000014 00000000                       ........

0800398c <PWM_CCU8_4_event0_config>:
 800398c:	00010000                                ....

08003990 <PWM_CCU8_4_event1_config>:
 8003990:	00010000                                ....

08003994 <PWM_CCU8_4_event2_config>:
 8003994:	00010000                                ....

08003998 <PWM_CCU8_4_dt_config>:
	...

080039a4 <PWM_CCU8_4_ch1_out0_config>:
 80039a4:	00000098 00010000 00000000              ............

080039b0 <PWM_CCU8_4_config_handle>:
 80039b0:	04af0000 0257033a 00000000 00000000     ....:.W.........
	...
 80039cc:	0800398c 08003990 08003994 00000000     .9...9...9......
	...
 80039e8:	00000001 04000000 08003998 0800397c     .........9..|9..
 80039f8:	00000001 48028100 0000000f 080039a4     .......H.....9..
	...
 8003a38:	200001f0                                ... 

08003a3c <PWM_CCU8_5_timer_handle>:
	...
 8003a44:	00000014 00000000                       ........

08003a4c <PWM_CCU8_5_event0_config>:
 8003a4c:	00010000                                ....

08003a50 <PWM_CCU8_5_event1_config>:
 8003a50:	00010000                                ....

08003a54 <PWM_CCU8_5_event2_config>:
 8003a54:	00010000                                ....

08003a58 <PWM_CCU8_5_dt_config>:
	...

08003a64 <PWM_CCU8_5_ch1_out0_config>:
 8003a64:	00000098 00010000 00000000              ............

08003a70 <PWM_CCU8_5_config_handle>:
 8003a70:	04af0000 0257033a 00000000 00000000     ....:.W.........
	...
 8003a8c:	08003a4c 08003a50 08003a54 00000000     L:..P:..T:......
	...
 8003aa8:	00000001 08000000 08003a58 08003a3c     ........X:..<:..
 8003ab8:	00000001 48028100 0000000e 08003a64     .......H....d:..
	...
 8003af8:	200001f0                                ... 

08003afc <PWM_CCU8_6_timer_handle>:
	...
 8003b04:	00000014 00000000                       ........

08003b0c <PWM_CCU8_6_event0_config>:
 8003b0c:	00010000                                ....

08003b10 <PWM_CCU8_6_event1_config>:
 8003b10:	00010000                                ....

08003b14 <PWM_CCU8_6_event2_config>:
 8003b14:	00010000                                ....

08003b18 <PWM_CCU8_6_dt_config>:
	...

08003b24 <PWM_CCU8_6_ch1_out0_config>:
 8003b24:	000000a0 00010000 00000000              ............

08003b30 <PWM_CCU8_6_config_handle>:
 8003b30:	04af0000 0257033a 00000000 00000000     ....:.W.........
	...
 8003b4c:	08003b0c 08003b10 08003b14 00000000     .;...;...;......
	...
 8003b68:	00000001 10000000 08003b18 08003afc     .........;...:..
 8003b78:	00000001 48028100 00000004 08003b24     .......H....$;..
	...
 8003bb8:	200001f0                                ... 

08003bbc <PWM_CCU8_7_timer_handle>:
	...
 8003bc4:	00000014 00000000                       ........

08003bcc <PWM_CCU8_7_event0_config>:
 8003bcc:	00010000                                ....

08003bd0 <PWM_CCU8_7_event1_config>:
 8003bd0:	00010000                                ....

08003bd4 <PWM_CCU8_7_event2_config>:
 8003bd4:	00010000                                ....

08003bd8 <PWM_CCU8_7_dt_config>:
	...

08003be4 <PWM_CCU8_7_ch2_out2_config>:
 8003be4:	00000098 00010000 00000000              ............

08003bf0 <PWM_CCU8_7_config_handle>:
 8003bf0:	04af0000 0257033a 00000000 00000000     ....:.W.........
	...
 8003c0c:	08003bcc 08003bd0 08003bd4 00000000     .;...;...;......
	...
 8003c28:	00000001 20000000 08003bd8 08003bbc     ....... .;...;..
	...
 8003c58:	00000001 48028500 00000001 08003be4     .......H.....;..
	...
 8003c78:	200001f0                                ... 

08003c7c <I2C_BUS_sda_pin_config>:
 8003c7c:	000000d0 00000001 00000000              ............

08003c88 <I2C_BUS_scl_pin_config>:
 8003c88:	000000d0 00000001 00000000              ............

08003c94 <I2C_BUS_channel_config>:
 8003c94:	00061a80 00000000                       ........

08003c9c <I2C_BUS_config>:
 8003c9c:	08003c94 0800301d 08002ff5 08002fd1     .<...0.../.../..
	...
 8003cc0:	00000202 0000ffff                       ........

08003cc8 <DIGITAL_IO_0>:
 8003cc8:	48028500 00000000 00000000 00000000     ...H............
 8003cd8:	00000007 01040228 00000101 00000000     ....(...........
 8003ce8:	00010000 01010101                       ........

08003cf0 <CCU4_SLICE_CONFIG_0>:
 8003cf0:	08003371 20000210 40010100 00000000     q3..... ...@....

08003d00 <CCU4_SLICE_CONFIG_0_compare_config>:
 8003d00:	02000000 000000f0                       ........

08003d08 <CCU4_SLICE_CONFIG_0_event0_config>:
 8003d08:	00000100                                ....

08003d0c <CCU4_SLICE_CONFIG_0_event1_config>:
 8003d0c:	00000000                                ....

08003d10 <CCU4_SLICE_CONFIG_0_event2_config>:
 8003d10:	00000000                                ....
