   1              	 .syntax unified
   2              	 .cpu cortex-m4
   3              	 .eabi_attribute 27,3
   4              	 .fpu fpv4-sp-d16
   5              	 .eabi_attribute 20,1
   6              	 .eabi_attribute 21,1
   7              	 .eabi_attribute 23,3
   8              	 .eabi_attribute 24,1
   9              	 .eabi_attribute 25,1
  10              	 .eabi_attribute 26,1
  11              	 .eabi_attribute 30,6
  12              	 .eabi_attribute 34,1
  13              	 .eabi_attribute 18,4
  14              	 .thumb
  15              	 .file "i2c_master_conf.c"
  16              	 .text
  17              	.Ltext0:
  18              	 .cfi_sections .debug_frame
  19              	 .section .text.__NVIC_GetPriorityGrouping,"ax",%progbits
  20              	 .align 2
  21              	 .thumb
  22              	 .thumb_func
  24              	__NVIC_GetPriorityGrouping:
  25              	.LFB106:
  26              	 .file 1 "D:/Projekty/TrinityTrack6000/MainControlBoard/XMC/XMC4200/Libraries/CMSIS/Include/core_cm4.h"
   1:D:/Projekty/TrinityTrack6000/MainControlBoard/XMC/XMC4200/Libraries/CMSIS/Include\core_cm4.h **** /**************************************************************************//**
   2:D:/Projekty/TrinityTrack6000/MainControlBoard/XMC/XMC4200/Libraries/CMSIS/Include\core_cm4.h ****  * @file     core_cm4.h
   3:D:/Projekty/TrinityTrack6000/MainControlBoard/XMC/XMC4200/Libraries/CMSIS/Include\core_cm4.h ****  * @brief    CMSIS Cortex-M4 Core Peripheral Access Layer Header File
   4:D:/Projekty/TrinityTrack6000/MainControlBoard/XMC/XMC4200/Libraries/CMSIS/Include\core_cm4.h ****  * @version  V5.1.1
   5:D:/Projekty/TrinityTrack6000/MainControlBoard/XMC/XMC4200/Libraries/CMSIS/Include\core_cm4.h ****  * @date     27. March 2020
   6:D:/Projekty/TrinityTrack6000/MainControlBoard/XMC/XMC4200/Libraries/CMSIS/Include\core_cm4.h ****  ******************************************************************************/
   7:D:/Projekty/TrinityTrack6000/MainControlBoard/XMC/XMC4200/Libraries/CMSIS/Include\core_cm4.h **** /*
   8:D:/Projekty/TrinityTrack6000/MainControlBoard/XMC/XMC4200/Libraries/CMSIS/Include\core_cm4.h ****  * Copyright (c) 2009-2020 Arm Limited. All rights reserved.
   9:D:/Projekty/TrinityTrack6000/MainControlBoard/XMC/XMC4200/Libraries/CMSIS/Include\core_cm4.h ****  *
  10:D:/Projekty/TrinityTrack6000/MainControlBoard/XMC/XMC4200/Libraries/CMSIS/Include\core_cm4.h ****  * SPDX-License-Identifier: Apache-2.0
  11:D:/Projekty/TrinityTrack6000/MainControlBoard/XMC/XMC4200/Libraries/CMSIS/Include\core_cm4.h ****  *
  12:D:/Projekty/TrinityTrack6000/MainControlBoard/XMC/XMC4200/Libraries/CMSIS/Include\core_cm4.h ****  * Licensed under the Apache License, Version 2.0 (the License); you may
  13:D:/Projekty/TrinityTrack6000/MainControlBoard/XMC/XMC4200/Libraries/CMSIS/Include\core_cm4.h ****  * not use this file except in compliance with the License.
  14:D:/Projekty/TrinityTrack6000/MainControlBoard/XMC/XMC4200/Libraries/CMSIS/Include\core_cm4.h ****  * You may obtain a copy of the License at
  15:D:/Projekty/TrinityTrack6000/MainControlBoard/XMC/XMC4200/Libraries/CMSIS/Include\core_cm4.h ****  *
  16:D:/Projekty/TrinityTrack6000/MainControlBoard/XMC/XMC4200/Libraries/CMSIS/Include\core_cm4.h ****  * www.apache.org/licenses/LICENSE-2.0
  17:D:/Projekty/TrinityTrack6000/MainControlBoard/XMC/XMC4200/Libraries/CMSIS/Include\core_cm4.h ****  *
  18:D:/Projekty/TrinityTrack6000/MainControlBoard/XMC/XMC4200/Libraries/CMSIS/Include\core_cm4.h ****  * Unless required by applicable law or agreed to in writing, software
  19:D:/Projekty/TrinityTrack6000/MainControlBoard/XMC/XMC4200/Libraries/CMSIS/Include\core_cm4.h ****  * distributed under the License is distributed on an AS IS BASIS, WITHOUT
  20:D:/Projekty/TrinityTrack6000/MainControlBoard/XMC/XMC4200/Libraries/CMSIS/Include\core_cm4.h ****  * WARRANTIES OR CONDITIONS OF ANY KIND, either express or implied.
  21:D:/Projekty/TrinityTrack6000/MainControlBoard/XMC/XMC4200/Libraries/CMSIS/Include\core_cm4.h ****  * See the License for the specific language governing permissions and
  22:D:/Projekty/TrinityTrack6000/MainControlBoard/XMC/XMC4200/Libraries/CMSIS/Include\core_cm4.h ****  * limitations under the License.
  23:D:/Projekty/TrinityTrack6000/MainControlBoard/XMC/XMC4200/Libraries/CMSIS/Include\core_cm4.h ****  */
  24:D:/Projekty/TrinityTrack6000/MainControlBoard/XMC/XMC4200/Libraries/CMSIS/Include\core_cm4.h **** 
  25:D:/Projekty/TrinityTrack6000/MainControlBoard/XMC/XMC4200/Libraries/CMSIS/Include\core_cm4.h **** #if   defined ( __ICCARM__ )
  26:D:/Projekty/TrinityTrack6000/MainControlBoard/XMC/XMC4200/Libraries/CMSIS/Include\core_cm4.h ****   #pragma system_include         /* treat file as system include file for MISRA check */
  27:D:/Projekty/TrinityTrack6000/MainControlBoard/XMC/XMC4200/Libraries/CMSIS/Include\core_cm4.h **** #elif defined (__clang__)
  28:D:/Projekty/TrinityTrack6000/MainControlBoard/XMC/XMC4200/Libraries/CMSIS/Include\core_cm4.h ****   #pragma clang system_header   /* treat file as system include file */
  29:D:/Projekty/TrinityTrack6000/MainControlBoard/XMC/XMC4200/Libraries/CMSIS/Include\core_cm4.h **** #endif
  30:D:/Projekty/TrinityTrack6000/MainControlBoard/XMC/XMC4200/Libraries/CMSIS/Include\core_cm4.h **** 
  31:D:/Projekty/TrinityTrack6000/MainControlBoard/XMC/XMC4200/Libraries/CMSIS/Include\core_cm4.h **** #ifndef __CORE_CM4_H_GENERIC
  32:D:/Projekty/TrinityTrack6000/MainControlBoard/XMC/XMC4200/Libraries/CMSIS/Include\core_cm4.h **** #define __CORE_CM4_H_GENERIC
  33:D:/Projekty/TrinityTrack6000/MainControlBoard/XMC/XMC4200/Libraries/CMSIS/Include\core_cm4.h **** 
  34:D:/Projekty/TrinityTrack6000/MainControlBoard/XMC/XMC4200/Libraries/CMSIS/Include\core_cm4.h **** #include <stdint.h>
  35:D:/Projekty/TrinityTrack6000/MainControlBoard/XMC/XMC4200/Libraries/CMSIS/Include\core_cm4.h **** 
  36:D:/Projekty/TrinityTrack6000/MainControlBoard/XMC/XMC4200/Libraries/CMSIS/Include\core_cm4.h **** #ifdef __cplusplus
  37:D:/Projekty/TrinityTrack6000/MainControlBoard/XMC/XMC4200/Libraries/CMSIS/Include\core_cm4.h ****  extern "C" {
  38:D:/Projekty/TrinityTrack6000/MainControlBoard/XMC/XMC4200/Libraries/CMSIS/Include\core_cm4.h **** #endif
  39:D:/Projekty/TrinityTrack6000/MainControlBoard/XMC/XMC4200/Libraries/CMSIS/Include\core_cm4.h **** 
  40:D:/Projekty/TrinityTrack6000/MainControlBoard/XMC/XMC4200/Libraries/CMSIS/Include\core_cm4.h **** /**
  41:D:/Projekty/TrinityTrack6000/MainControlBoard/XMC/XMC4200/Libraries/CMSIS/Include\core_cm4.h ****   \page CMSIS_MISRA_Exceptions  MISRA-C:2004 Compliance Exceptions
  42:D:/Projekty/TrinityTrack6000/MainControlBoard/XMC/XMC4200/Libraries/CMSIS/Include\core_cm4.h ****   CMSIS violates the following MISRA-C:2004 rules:
  43:D:/Projekty/TrinityTrack6000/MainControlBoard/XMC/XMC4200/Libraries/CMSIS/Include\core_cm4.h **** 
  44:D:/Projekty/TrinityTrack6000/MainControlBoard/XMC/XMC4200/Libraries/CMSIS/Include\core_cm4.h ****    \li Required Rule 8.5, object/function definition in header file.<br>
  45:D:/Projekty/TrinityTrack6000/MainControlBoard/XMC/XMC4200/Libraries/CMSIS/Include\core_cm4.h ****      Function definitions in header files are used to allow 'inlining'.
  46:D:/Projekty/TrinityTrack6000/MainControlBoard/XMC/XMC4200/Libraries/CMSIS/Include\core_cm4.h **** 
  47:D:/Projekty/TrinityTrack6000/MainControlBoard/XMC/XMC4200/Libraries/CMSIS/Include\core_cm4.h ****    \li Required Rule 18.4, declaration of union type or object of union type: '{...}'.<br>
  48:D:/Projekty/TrinityTrack6000/MainControlBoard/XMC/XMC4200/Libraries/CMSIS/Include\core_cm4.h ****      Unions are used for effective representation of core registers.
  49:D:/Projekty/TrinityTrack6000/MainControlBoard/XMC/XMC4200/Libraries/CMSIS/Include\core_cm4.h **** 
  50:D:/Projekty/TrinityTrack6000/MainControlBoard/XMC/XMC4200/Libraries/CMSIS/Include\core_cm4.h ****    \li Advisory Rule 19.7, Function-like macro defined.<br>
  51:D:/Projekty/TrinityTrack6000/MainControlBoard/XMC/XMC4200/Libraries/CMSIS/Include\core_cm4.h ****      Function-like macros are used to allow more efficient code.
  52:D:/Projekty/TrinityTrack6000/MainControlBoard/XMC/XMC4200/Libraries/CMSIS/Include\core_cm4.h ****  */
  53:D:/Projekty/TrinityTrack6000/MainControlBoard/XMC/XMC4200/Libraries/CMSIS/Include\core_cm4.h **** 
  54:D:/Projekty/TrinityTrack6000/MainControlBoard/XMC/XMC4200/Libraries/CMSIS/Include\core_cm4.h **** 
  55:D:/Projekty/TrinityTrack6000/MainControlBoard/XMC/XMC4200/Libraries/CMSIS/Include\core_cm4.h **** /*******************************************************************************
  56:D:/Projekty/TrinityTrack6000/MainControlBoard/XMC/XMC4200/Libraries/CMSIS/Include\core_cm4.h ****  *                 CMSIS definitions
  57:D:/Projekty/TrinityTrack6000/MainControlBoard/XMC/XMC4200/Libraries/CMSIS/Include\core_cm4.h ****  ******************************************************************************/
  58:D:/Projekty/TrinityTrack6000/MainControlBoard/XMC/XMC4200/Libraries/CMSIS/Include\core_cm4.h **** /**
  59:D:/Projekty/TrinityTrack6000/MainControlBoard/XMC/XMC4200/Libraries/CMSIS/Include\core_cm4.h ****   \ingroup Cortex_M4
  60:D:/Projekty/TrinityTrack6000/MainControlBoard/XMC/XMC4200/Libraries/CMSIS/Include\core_cm4.h ****   @{
  61:D:/Projekty/TrinityTrack6000/MainControlBoard/XMC/XMC4200/Libraries/CMSIS/Include\core_cm4.h ****  */
  62:D:/Projekty/TrinityTrack6000/MainControlBoard/XMC/XMC4200/Libraries/CMSIS/Include\core_cm4.h **** 
  63:D:/Projekty/TrinityTrack6000/MainControlBoard/XMC/XMC4200/Libraries/CMSIS/Include\core_cm4.h **** #include "cmsis_version.h"
  64:D:/Projekty/TrinityTrack6000/MainControlBoard/XMC/XMC4200/Libraries/CMSIS/Include\core_cm4.h **** 
  65:D:/Projekty/TrinityTrack6000/MainControlBoard/XMC/XMC4200/Libraries/CMSIS/Include\core_cm4.h **** /* CMSIS CM4 definitions */
  66:D:/Projekty/TrinityTrack6000/MainControlBoard/XMC/XMC4200/Libraries/CMSIS/Include\core_cm4.h **** #define __CM4_CMSIS_VERSION_MAIN  (__CM_CMSIS_VERSION_MAIN)              /*!< \deprecated [31:16] C
  67:D:/Projekty/TrinityTrack6000/MainControlBoard/XMC/XMC4200/Libraries/CMSIS/Include\core_cm4.h **** #define __CM4_CMSIS_VERSION_SUB   (__CM_CMSIS_VERSION_SUB)               /*!< \deprecated [15:0]  C
  68:D:/Projekty/TrinityTrack6000/MainControlBoard/XMC/XMC4200/Libraries/CMSIS/Include\core_cm4.h **** #define __CM4_CMSIS_VERSION       ((__CM4_CMSIS_VERSION_MAIN << 16U) | \
  69:D:/Projekty/TrinityTrack6000/MainControlBoard/XMC/XMC4200/Libraries/CMSIS/Include\core_cm4.h ****                                     __CM4_CMSIS_VERSION_SUB           )  /*!< \deprecated CMSIS HAL
  70:D:/Projekty/TrinityTrack6000/MainControlBoard/XMC/XMC4200/Libraries/CMSIS/Include\core_cm4.h **** 
  71:D:/Projekty/TrinityTrack6000/MainControlBoard/XMC/XMC4200/Libraries/CMSIS/Include\core_cm4.h **** #define __CORTEX_M                (4U)                                   /*!< Cortex-M Core */
  72:D:/Projekty/TrinityTrack6000/MainControlBoard/XMC/XMC4200/Libraries/CMSIS/Include\core_cm4.h **** 
  73:D:/Projekty/TrinityTrack6000/MainControlBoard/XMC/XMC4200/Libraries/CMSIS/Include\core_cm4.h **** /** __FPU_USED indicates whether an FPU is used or not.
  74:D:/Projekty/TrinityTrack6000/MainControlBoard/XMC/XMC4200/Libraries/CMSIS/Include\core_cm4.h ****     For this, __FPU_PRESENT has to be checked prior to making use of FPU specific registers and fun
  75:D:/Projekty/TrinityTrack6000/MainControlBoard/XMC/XMC4200/Libraries/CMSIS/Include\core_cm4.h **** */
  76:D:/Projekty/TrinityTrack6000/MainControlBoard/XMC/XMC4200/Libraries/CMSIS/Include\core_cm4.h **** #if defined ( __CC_ARM )
  77:D:/Projekty/TrinityTrack6000/MainControlBoard/XMC/XMC4200/Libraries/CMSIS/Include\core_cm4.h ****   #if defined __TARGET_FPU_VFP
  78:D:/Projekty/TrinityTrack6000/MainControlBoard/XMC/XMC4200/Libraries/CMSIS/Include\core_cm4.h ****     #if defined (__FPU_PRESENT) && (__FPU_PRESENT == 1U)
  79:D:/Projekty/TrinityTrack6000/MainControlBoard/XMC/XMC4200/Libraries/CMSIS/Include\core_cm4.h ****       #define __FPU_USED       1U
  80:D:/Projekty/TrinityTrack6000/MainControlBoard/XMC/XMC4200/Libraries/CMSIS/Include\core_cm4.h ****     #else
  81:D:/Projekty/TrinityTrack6000/MainControlBoard/XMC/XMC4200/Libraries/CMSIS/Include\core_cm4.h ****       #error "Compiler generates FPU instructions for a device without an FPU (check __FPU_PRESENT)
  82:D:/Projekty/TrinityTrack6000/MainControlBoard/XMC/XMC4200/Libraries/CMSIS/Include\core_cm4.h ****       #define __FPU_USED       0U
  83:D:/Projekty/TrinityTrack6000/MainControlBoard/XMC/XMC4200/Libraries/CMSIS/Include\core_cm4.h ****     #endif
  84:D:/Projekty/TrinityTrack6000/MainControlBoard/XMC/XMC4200/Libraries/CMSIS/Include\core_cm4.h ****   #else
  85:D:/Projekty/TrinityTrack6000/MainControlBoard/XMC/XMC4200/Libraries/CMSIS/Include\core_cm4.h ****     #define __FPU_USED         0U
  86:D:/Projekty/TrinityTrack6000/MainControlBoard/XMC/XMC4200/Libraries/CMSIS/Include\core_cm4.h ****   #endif
  87:D:/Projekty/TrinityTrack6000/MainControlBoard/XMC/XMC4200/Libraries/CMSIS/Include\core_cm4.h **** 
  88:D:/Projekty/TrinityTrack6000/MainControlBoard/XMC/XMC4200/Libraries/CMSIS/Include\core_cm4.h **** #elif defined (__ARMCC_VERSION) && (__ARMCC_VERSION >= 6010050)
  89:D:/Projekty/TrinityTrack6000/MainControlBoard/XMC/XMC4200/Libraries/CMSIS/Include\core_cm4.h ****   #if defined __ARM_FP
  90:D:/Projekty/TrinityTrack6000/MainControlBoard/XMC/XMC4200/Libraries/CMSIS/Include\core_cm4.h ****     #if defined (__FPU_PRESENT) && (__FPU_PRESENT == 1U)
  91:D:/Projekty/TrinityTrack6000/MainControlBoard/XMC/XMC4200/Libraries/CMSIS/Include\core_cm4.h ****       #define __FPU_USED       1U
  92:D:/Projekty/TrinityTrack6000/MainControlBoard/XMC/XMC4200/Libraries/CMSIS/Include\core_cm4.h ****     #else
  93:D:/Projekty/TrinityTrack6000/MainControlBoard/XMC/XMC4200/Libraries/CMSIS/Include\core_cm4.h ****       #warning "Compiler generates FPU instructions for a device without an FPU (check __FPU_PRESEN
  94:D:/Projekty/TrinityTrack6000/MainControlBoard/XMC/XMC4200/Libraries/CMSIS/Include\core_cm4.h ****       #define __FPU_USED       0U
  95:D:/Projekty/TrinityTrack6000/MainControlBoard/XMC/XMC4200/Libraries/CMSIS/Include\core_cm4.h ****     #endif
  96:D:/Projekty/TrinityTrack6000/MainControlBoard/XMC/XMC4200/Libraries/CMSIS/Include\core_cm4.h ****   #else
  97:D:/Projekty/TrinityTrack6000/MainControlBoard/XMC/XMC4200/Libraries/CMSIS/Include\core_cm4.h ****     #define __FPU_USED         0U
  98:D:/Projekty/TrinityTrack6000/MainControlBoard/XMC/XMC4200/Libraries/CMSIS/Include\core_cm4.h ****   #endif
  99:D:/Projekty/TrinityTrack6000/MainControlBoard/XMC/XMC4200/Libraries/CMSIS/Include\core_cm4.h **** 
 100:D:/Projekty/TrinityTrack6000/MainControlBoard/XMC/XMC4200/Libraries/CMSIS/Include\core_cm4.h **** #elif defined ( __GNUC__ )
 101:D:/Projekty/TrinityTrack6000/MainControlBoard/XMC/XMC4200/Libraries/CMSIS/Include\core_cm4.h ****   #if defined (__VFP_FP__) && !defined(__SOFTFP__)
 102:D:/Projekty/TrinityTrack6000/MainControlBoard/XMC/XMC4200/Libraries/CMSIS/Include\core_cm4.h ****     #if defined (__FPU_PRESENT) && (__FPU_PRESENT == 1U)
 103:D:/Projekty/TrinityTrack6000/MainControlBoard/XMC/XMC4200/Libraries/CMSIS/Include\core_cm4.h ****       #define __FPU_USED       1U
 104:D:/Projekty/TrinityTrack6000/MainControlBoard/XMC/XMC4200/Libraries/CMSIS/Include\core_cm4.h ****     #else
 105:D:/Projekty/TrinityTrack6000/MainControlBoard/XMC/XMC4200/Libraries/CMSIS/Include\core_cm4.h ****       #error "Compiler generates FPU instructions for a device without an FPU (check __FPU_PRESENT)
 106:D:/Projekty/TrinityTrack6000/MainControlBoard/XMC/XMC4200/Libraries/CMSIS/Include\core_cm4.h ****       #define __FPU_USED       0U
 107:D:/Projekty/TrinityTrack6000/MainControlBoard/XMC/XMC4200/Libraries/CMSIS/Include\core_cm4.h ****     #endif
 108:D:/Projekty/TrinityTrack6000/MainControlBoard/XMC/XMC4200/Libraries/CMSIS/Include\core_cm4.h ****   #else
 109:D:/Projekty/TrinityTrack6000/MainControlBoard/XMC/XMC4200/Libraries/CMSIS/Include\core_cm4.h ****     #define __FPU_USED         0U
 110:D:/Projekty/TrinityTrack6000/MainControlBoard/XMC/XMC4200/Libraries/CMSIS/Include\core_cm4.h ****   #endif
 111:D:/Projekty/TrinityTrack6000/MainControlBoard/XMC/XMC4200/Libraries/CMSIS/Include\core_cm4.h **** 
 112:D:/Projekty/TrinityTrack6000/MainControlBoard/XMC/XMC4200/Libraries/CMSIS/Include\core_cm4.h **** #elif defined ( __ICCARM__ )
 113:D:/Projekty/TrinityTrack6000/MainControlBoard/XMC/XMC4200/Libraries/CMSIS/Include\core_cm4.h ****   #if defined __ARMVFP__
 114:D:/Projekty/TrinityTrack6000/MainControlBoard/XMC/XMC4200/Libraries/CMSIS/Include\core_cm4.h ****     #if defined (__FPU_PRESENT) && (__FPU_PRESENT == 1U)
 115:D:/Projekty/TrinityTrack6000/MainControlBoard/XMC/XMC4200/Libraries/CMSIS/Include\core_cm4.h ****       #define __FPU_USED       1U
 116:D:/Projekty/TrinityTrack6000/MainControlBoard/XMC/XMC4200/Libraries/CMSIS/Include\core_cm4.h ****     #else
 117:D:/Projekty/TrinityTrack6000/MainControlBoard/XMC/XMC4200/Libraries/CMSIS/Include\core_cm4.h ****       #error "Compiler generates FPU instructions for a device without an FPU (check __FPU_PRESENT)
 118:D:/Projekty/TrinityTrack6000/MainControlBoard/XMC/XMC4200/Libraries/CMSIS/Include\core_cm4.h ****       #define __FPU_USED       0U
 119:D:/Projekty/TrinityTrack6000/MainControlBoard/XMC/XMC4200/Libraries/CMSIS/Include\core_cm4.h ****     #endif
 120:D:/Projekty/TrinityTrack6000/MainControlBoard/XMC/XMC4200/Libraries/CMSIS/Include\core_cm4.h ****   #else
 121:D:/Projekty/TrinityTrack6000/MainControlBoard/XMC/XMC4200/Libraries/CMSIS/Include\core_cm4.h ****     #define __FPU_USED         0U
 122:D:/Projekty/TrinityTrack6000/MainControlBoard/XMC/XMC4200/Libraries/CMSIS/Include\core_cm4.h ****   #endif
 123:D:/Projekty/TrinityTrack6000/MainControlBoard/XMC/XMC4200/Libraries/CMSIS/Include\core_cm4.h **** 
 124:D:/Projekty/TrinityTrack6000/MainControlBoard/XMC/XMC4200/Libraries/CMSIS/Include\core_cm4.h **** #elif defined ( __TI_ARM__ )
 125:D:/Projekty/TrinityTrack6000/MainControlBoard/XMC/XMC4200/Libraries/CMSIS/Include\core_cm4.h ****   #if defined __TI_VFP_SUPPORT__
 126:D:/Projekty/TrinityTrack6000/MainControlBoard/XMC/XMC4200/Libraries/CMSIS/Include\core_cm4.h ****     #if defined (__FPU_PRESENT) && (__FPU_PRESENT == 1U)
 127:D:/Projekty/TrinityTrack6000/MainControlBoard/XMC/XMC4200/Libraries/CMSIS/Include\core_cm4.h ****       #define __FPU_USED       1U
 128:D:/Projekty/TrinityTrack6000/MainControlBoard/XMC/XMC4200/Libraries/CMSIS/Include\core_cm4.h ****     #else
 129:D:/Projekty/TrinityTrack6000/MainControlBoard/XMC/XMC4200/Libraries/CMSIS/Include\core_cm4.h ****       #error "Compiler generates FPU instructions for a device without an FPU (check __FPU_PRESENT)
 130:D:/Projekty/TrinityTrack6000/MainControlBoard/XMC/XMC4200/Libraries/CMSIS/Include\core_cm4.h ****       #define __FPU_USED       0U
 131:D:/Projekty/TrinityTrack6000/MainControlBoard/XMC/XMC4200/Libraries/CMSIS/Include\core_cm4.h ****     #endif
 132:D:/Projekty/TrinityTrack6000/MainControlBoard/XMC/XMC4200/Libraries/CMSIS/Include\core_cm4.h ****   #else
 133:D:/Projekty/TrinityTrack6000/MainControlBoard/XMC/XMC4200/Libraries/CMSIS/Include\core_cm4.h ****     #define __FPU_USED         0U
 134:D:/Projekty/TrinityTrack6000/MainControlBoard/XMC/XMC4200/Libraries/CMSIS/Include\core_cm4.h ****   #endif
 135:D:/Projekty/TrinityTrack6000/MainControlBoard/XMC/XMC4200/Libraries/CMSIS/Include\core_cm4.h **** 
 136:D:/Projekty/TrinityTrack6000/MainControlBoard/XMC/XMC4200/Libraries/CMSIS/Include\core_cm4.h **** #elif defined ( __TASKING__ )
 137:D:/Projekty/TrinityTrack6000/MainControlBoard/XMC/XMC4200/Libraries/CMSIS/Include\core_cm4.h ****   #if defined __FPU_VFP__
 138:D:/Projekty/TrinityTrack6000/MainControlBoard/XMC/XMC4200/Libraries/CMSIS/Include\core_cm4.h ****     #if defined (__FPU_PRESENT) && (__FPU_PRESENT == 1U)
 139:D:/Projekty/TrinityTrack6000/MainControlBoard/XMC/XMC4200/Libraries/CMSIS/Include\core_cm4.h ****       #define __FPU_USED       1U
 140:D:/Projekty/TrinityTrack6000/MainControlBoard/XMC/XMC4200/Libraries/CMSIS/Include\core_cm4.h ****     #else
 141:D:/Projekty/TrinityTrack6000/MainControlBoard/XMC/XMC4200/Libraries/CMSIS/Include\core_cm4.h ****       #error "Compiler generates FPU instructions for a device without an FPU (check __FPU_PRESENT)
 142:D:/Projekty/TrinityTrack6000/MainControlBoard/XMC/XMC4200/Libraries/CMSIS/Include\core_cm4.h ****       #define __FPU_USED       0U
 143:D:/Projekty/TrinityTrack6000/MainControlBoard/XMC/XMC4200/Libraries/CMSIS/Include\core_cm4.h ****     #endif
 144:D:/Projekty/TrinityTrack6000/MainControlBoard/XMC/XMC4200/Libraries/CMSIS/Include\core_cm4.h ****   #else
 145:D:/Projekty/TrinityTrack6000/MainControlBoard/XMC/XMC4200/Libraries/CMSIS/Include\core_cm4.h ****     #define __FPU_USED         0U
 146:D:/Projekty/TrinityTrack6000/MainControlBoard/XMC/XMC4200/Libraries/CMSIS/Include\core_cm4.h ****   #endif
 147:D:/Projekty/TrinityTrack6000/MainControlBoard/XMC/XMC4200/Libraries/CMSIS/Include\core_cm4.h **** 
 148:D:/Projekty/TrinityTrack6000/MainControlBoard/XMC/XMC4200/Libraries/CMSIS/Include\core_cm4.h **** #elif defined ( __CSMC__ )
 149:D:/Projekty/TrinityTrack6000/MainControlBoard/XMC/XMC4200/Libraries/CMSIS/Include\core_cm4.h ****   #if ( __CSMC__ & 0x400U)
 150:D:/Projekty/TrinityTrack6000/MainControlBoard/XMC/XMC4200/Libraries/CMSIS/Include\core_cm4.h ****     #if defined (__FPU_PRESENT) && (__FPU_PRESENT == 1U)
 151:D:/Projekty/TrinityTrack6000/MainControlBoard/XMC/XMC4200/Libraries/CMSIS/Include\core_cm4.h ****       #define __FPU_USED       1U
 152:D:/Projekty/TrinityTrack6000/MainControlBoard/XMC/XMC4200/Libraries/CMSIS/Include\core_cm4.h ****     #else
 153:D:/Projekty/TrinityTrack6000/MainControlBoard/XMC/XMC4200/Libraries/CMSIS/Include\core_cm4.h ****       #error "Compiler generates FPU instructions for a device without an FPU (check __FPU_PRESENT)
 154:D:/Projekty/TrinityTrack6000/MainControlBoard/XMC/XMC4200/Libraries/CMSIS/Include\core_cm4.h ****       #define __FPU_USED       0U
 155:D:/Projekty/TrinityTrack6000/MainControlBoard/XMC/XMC4200/Libraries/CMSIS/Include\core_cm4.h ****     #endif
 156:D:/Projekty/TrinityTrack6000/MainControlBoard/XMC/XMC4200/Libraries/CMSIS/Include\core_cm4.h ****   #else
 157:D:/Projekty/TrinityTrack6000/MainControlBoard/XMC/XMC4200/Libraries/CMSIS/Include\core_cm4.h ****     #define __FPU_USED         0U
 158:D:/Projekty/TrinityTrack6000/MainControlBoard/XMC/XMC4200/Libraries/CMSIS/Include\core_cm4.h ****   #endif
 159:D:/Projekty/TrinityTrack6000/MainControlBoard/XMC/XMC4200/Libraries/CMSIS/Include\core_cm4.h **** 
 160:D:/Projekty/TrinityTrack6000/MainControlBoard/XMC/XMC4200/Libraries/CMSIS/Include\core_cm4.h **** #endif
 161:D:/Projekty/TrinityTrack6000/MainControlBoard/XMC/XMC4200/Libraries/CMSIS/Include\core_cm4.h **** 
 162:D:/Projekty/TrinityTrack6000/MainControlBoard/XMC/XMC4200/Libraries/CMSIS/Include\core_cm4.h **** #include "cmsis_compiler.h"               /* CMSIS compiler specific defines */
 163:D:/Projekty/TrinityTrack6000/MainControlBoard/XMC/XMC4200/Libraries/CMSIS/Include\core_cm4.h **** 
 164:D:/Projekty/TrinityTrack6000/MainControlBoard/XMC/XMC4200/Libraries/CMSIS/Include\core_cm4.h **** 
 165:D:/Projekty/TrinityTrack6000/MainControlBoard/XMC/XMC4200/Libraries/CMSIS/Include\core_cm4.h **** #ifdef __cplusplus
 166:D:/Projekty/TrinityTrack6000/MainControlBoard/XMC/XMC4200/Libraries/CMSIS/Include\core_cm4.h **** }
 167:D:/Projekty/TrinityTrack6000/MainControlBoard/XMC/XMC4200/Libraries/CMSIS/Include\core_cm4.h **** #endif
 168:D:/Projekty/TrinityTrack6000/MainControlBoard/XMC/XMC4200/Libraries/CMSIS/Include\core_cm4.h **** 
 169:D:/Projekty/TrinityTrack6000/MainControlBoard/XMC/XMC4200/Libraries/CMSIS/Include\core_cm4.h **** #endif /* __CORE_CM4_H_GENERIC */
 170:D:/Projekty/TrinityTrack6000/MainControlBoard/XMC/XMC4200/Libraries/CMSIS/Include\core_cm4.h **** 
 171:D:/Projekty/TrinityTrack6000/MainControlBoard/XMC/XMC4200/Libraries/CMSIS/Include\core_cm4.h **** #ifndef __CMSIS_GENERIC
 172:D:/Projekty/TrinityTrack6000/MainControlBoard/XMC/XMC4200/Libraries/CMSIS/Include\core_cm4.h **** 
 173:D:/Projekty/TrinityTrack6000/MainControlBoard/XMC/XMC4200/Libraries/CMSIS/Include\core_cm4.h **** #ifndef __CORE_CM4_H_DEPENDANT
 174:D:/Projekty/TrinityTrack6000/MainControlBoard/XMC/XMC4200/Libraries/CMSIS/Include\core_cm4.h **** #define __CORE_CM4_H_DEPENDANT
 175:D:/Projekty/TrinityTrack6000/MainControlBoard/XMC/XMC4200/Libraries/CMSIS/Include\core_cm4.h **** 
 176:D:/Projekty/TrinityTrack6000/MainControlBoard/XMC/XMC4200/Libraries/CMSIS/Include\core_cm4.h **** #ifdef __cplusplus
 177:D:/Projekty/TrinityTrack6000/MainControlBoard/XMC/XMC4200/Libraries/CMSIS/Include\core_cm4.h ****  extern "C" {
 178:D:/Projekty/TrinityTrack6000/MainControlBoard/XMC/XMC4200/Libraries/CMSIS/Include\core_cm4.h **** #endif
 179:D:/Projekty/TrinityTrack6000/MainControlBoard/XMC/XMC4200/Libraries/CMSIS/Include\core_cm4.h **** 
 180:D:/Projekty/TrinityTrack6000/MainControlBoard/XMC/XMC4200/Libraries/CMSIS/Include\core_cm4.h **** /* check device defines and use defaults */
 181:D:/Projekty/TrinityTrack6000/MainControlBoard/XMC/XMC4200/Libraries/CMSIS/Include\core_cm4.h **** #if defined __CHECK_DEVICE_DEFINES
 182:D:/Projekty/TrinityTrack6000/MainControlBoard/XMC/XMC4200/Libraries/CMSIS/Include\core_cm4.h ****   #ifndef __CM4_REV
 183:D:/Projekty/TrinityTrack6000/MainControlBoard/XMC/XMC4200/Libraries/CMSIS/Include\core_cm4.h ****     #define __CM4_REV               0x0000U
 184:D:/Projekty/TrinityTrack6000/MainControlBoard/XMC/XMC4200/Libraries/CMSIS/Include\core_cm4.h ****     #warning "__CM4_REV not defined in device header file; using default!"
 185:D:/Projekty/TrinityTrack6000/MainControlBoard/XMC/XMC4200/Libraries/CMSIS/Include\core_cm4.h ****   #endif
 186:D:/Projekty/TrinityTrack6000/MainControlBoard/XMC/XMC4200/Libraries/CMSIS/Include\core_cm4.h **** 
 187:D:/Projekty/TrinityTrack6000/MainControlBoard/XMC/XMC4200/Libraries/CMSIS/Include\core_cm4.h ****   #ifndef __FPU_PRESENT
 188:D:/Projekty/TrinityTrack6000/MainControlBoard/XMC/XMC4200/Libraries/CMSIS/Include\core_cm4.h ****     #define __FPU_PRESENT             0U
 189:D:/Projekty/TrinityTrack6000/MainControlBoard/XMC/XMC4200/Libraries/CMSIS/Include\core_cm4.h ****     #warning "__FPU_PRESENT not defined in device header file; using default!"
 190:D:/Projekty/TrinityTrack6000/MainControlBoard/XMC/XMC4200/Libraries/CMSIS/Include\core_cm4.h ****   #endif
 191:D:/Projekty/TrinityTrack6000/MainControlBoard/XMC/XMC4200/Libraries/CMSIS/Include\core_cm4.h **** 
 192:D:/Projekty/TrinityTrack6000/MainControlBoard/XMC/XMC4200/Libraries/CMSIS/Include\core_cm4.h ****   #ifndef __MPU_PRESENT
 193:D:/Projekty/TrinityTrack6000/MainControlBoard/XMC/XMC4200/Libraries/CMSIS/Include\core_cm4.h ****     #define __MPU_PRESENT             0U
 194:D:/Projekty/TrinityTrack6000/MainControlBoard/XMC/XMC4200/Libraries/CMSIS/Include\core_cm4.h ****     #warning "__MPU_PRESENT not defined in device header file; using default!"
 195:D:/Projekty/TrinityTrack6000/MainControlBoard/XMC/XMC4200/Libraries/CMSIS/Include\core_cm4.h ****   #endif
 196:D:/Projekty/TrinityTrack6000/MainControlBoard/XMC/XMC4200/Libraries/CMSIS/Include\core_cm4.h **** 
 197:D:/Projekty/TrinityTrack6000/MainControlBoard/XMC/XMC4200/Libraries/CMSIS/Include\core_cm4.h ****   #ifndef __VTOR_PRESENT
 198:D:/Projekty/TrinityTrack6000/MainControlBoard/XMC/XMC4200/Libraries/CMSIS/Include\core_cm4.h ****     #define __VTOR_PRESENT             1U
 199:D:/Projekty/TrinityTrack6000/MainControlBoard/XMC/XMC4200/Libraries/CMSIS/Include\core_cm4.h ****     #warning "__VTOR_PRESENT not defined in device header file; using default!"
 200:D:/Projekty/TrinityTrack6000/MainControlBoard/XMC/XMC4200/Libraries/CMSIS/Include\core_cm4.h ****   #endif
 201:D:/Projekty/TrinityTrack6000/MainControlBoard/XMC/XMC4200/Libraries/CMSIS/Include\core_cm4.h ****   
 202:D:/Projekty/TrinityTrack6000/MainControlBoard/XMC/XMC4200/Libraries/CMSIS/Include\core_cm4.h ****   #ifndef __NVIC_PRIO_BITS
 203:D:/Projekty/TrinityTrack6000/MainControlBoard/XMC/XMC4200/Libraries/CMSIS/Include\core_cm4.h ****     #define __NVIC_PRIO_BITS          3U
 204:D:/Projekty/TrinityTrack6000/MainControlBoard/XMC/XMC4200/Libraries/CMSIS/Include\core_cm4.h ****     #warning "__NVIC_PRIO_BITS not defined in device header file; using default!"
 205:D:/Projekty/TrinityTrack6000/MainControlBoard/XMC/XMC4200/Libraries/CMSIS/Include\core_cm4.h ****   #endif
 206:D:/Projekty/TrinityTrack6000/MainControlBoard/XMC/XMC4200/Libraries/CMSIS/Include\core_cm4.h **** 
 207:D:/Projekty/TrinityTrack6000/MainControlBoard/XMC/XMC4200/Libraries/CMSIS/Include\core_cm4.h ****   #ifndef __Vendor_SysTickConfig
 208:D:/Projekty/TrinityTrack6000/MainControlBoard/XMC/XMC4200/Libraries/CMSIS/Include\core_cm4.h ****     #define __Vendor_SysTickConfig    0U
 209:D:/Projekty/TrinityTrack6000/MainControlBoard/XMC/XMC4200/Libraries/CMSIS/Include\core_cm4.h ****     #warning "__Vendor_SysTickConfig not defined in device header file; using default!"
 210:D:/Projekty/TrinityTrack6000/MainControlBoard/XMC/XMC4200/Libraries/CMSIS/Include\core_cm4.h ****   #endif
 211:D:/Projekty/TrinityTrack6000/MainControlBoard/XMC/XMC4200/Libraries/CMSIS/Include\core_cm4.h **** #endif
 212:D:/Projekty/TrinityTrack6000/MainControlBoard/XMC/XMC4200/Libraries/CMSIS/Include\core_cm4.h **** 
 213:D:/Projekty/TrinityTrack6000/MainControlBoard/XMC/XMC4200/Libraries/CMSIS/Include\core_cm4.h **** /* IO definitions (access restrictions to peripheral registers) */
 214:D:/Projekty/TrinityTrack6000/MainControlBoard/XMC/XMC4200/Libraries/CMSIS/Include\core_cm4.h **** /**
 215:D:/Projekty/TrinityTrack6000/MainControlBoard/XMC/XMC4200/Libraries/CMSIS/Include\core_cm4.h ****     \defgroup CMSIS_glob_defs CMSIS Global Defines
 216:D:/Projekty/TrinityTrack6000/MainControlBoard/XMC/XMC4200/Libraries/CMSIS/Include\core_cm4.h **** 
 217:D:/Projekty/TrinityTrack6000/MainControlBoard/XMC/XMC4200/Libraries/CMSIS/Include\core_cm4.h ****     <strong>IO Type Qualifiers</strong> are used
 218:D:/Projekty/TrinityTrack6000/MainControlBoard/XMC/XMC4200/Libraries/CMSIS/Include\core_cm4.h ****     \li to specify the access to peripheral variables.
 219:D:/Projekty/TrinityTrack6000/MainControlBoard/XMC/XMC4200/Libraries/CMSIS/Include\core_cm4.h ****     \li for automatic generation of peripheral register debug information.
 220:D:/Projekty/TrinityTrack6000/MainControlBoard/XMC/XMC4200/Libraries/CMSIS/Include\core_cm4.h **** */
 221:D:/Projekty/TrinityTrack6000/MainControlBoard/XMC/XMC4200/Libraries/CMSIS/Include\core_cm4.h **** #ifdef __cplusplus
 222:D:/Projekty/TrinityTrack6000/MainControlBoard/XMC/XMC4200/Libraries/CMSIS/Include\core_cm4.h ****   #define   __I     volatile             /*!< Defines 'read only' permissions */
 223:D:/Projekty/TrinityTrack6000/MainControlBoard/XMC/XMC4200/Libraries/CMSIS/Include\core_cm4.h **** #else
 224:D:/Projekty/TrinityTrack6000/MainControlBoard/XMC/XMC4200/Libraries/CMSIS/Include\core_cm4.h ****   #define   __I     volatile const       /*!< Defines 'read only' permissions */
 225:D:/Projekty/TrinityTrack6000/MainControlBoard/XMC/XMC4200/Libraries/CMSIS/Include\core_cm4.h **** #endif
 226:D:/Projekty/TrinityTrack6000/MainControlBoard/XMC/XMC4200/Libraries/CMSIS/Include\core_cm4.h **** #define     __O     volatile             /*!< Defines 'write only' permissions */
 227:D:/Projekty/TrinityTrack6000/MainControlBoard/XMC/XMC4200/Libraries/CMSIS/Include\core_cm4.h **** #define     __IO    volatile             /*!< Defines 'read / write' permissions */
 228:D:/Projekty/TrinityTrack6000/MainControlBoard/XMC/XMC4200/Libraries/CMSIS/Include\core_cm4.h **** 
 229:D:/Projekty/TrinityTrack6000/MainControlBoard/XMC/XMC4200/Libraries/CMSIS/Include\core_cm4.h **** /* following defines should be used for structure members */
 230:D:/Projekty/TrinityTrack6000/MainControlBoard/XMC/XMC4200/Libraries/CMSIS/Include\core_cm4.h **** #define     __IM     volatile const      /*! Defines 'read only' structure member permissions */
 231:D:/Projekty/TrinityTrack6000/MainControlBoard/XMC/XMC4200/Libraries/CMSIS/Include\core_cm4.h **** #define     __OM     volatile            /*! Defines 'write only' structure member permissions */
 232:D:/Projekty/TrinityTrack6000/MainControlBoard/XMC/XMC4200/Libraries/CMSIS/Include\core_cm4.h **** #define     __IOM    volatile            /*! Defines 'read / write' structure member permissions */
 233:D:/Projekty/TrinityTrack6000/MainControlBoard/XMC/XMC4200/Libraries/CMSIS/Include\core_cm4.h **** 
 234:D:/Projekty/TrinityTrack6000/MainControlBoard/XMC/XMC4200/Libraries/CMSIS/Include\core_cm4.h **** /*@} end of group Cortex_M4 */
 235:D:/Projekty/TrinityTrack6000/MainControlBoard/XMC/XMC4200/Libraries/CMSIS/Include\core_cm4.h **** 
 236:D:/Projekty/TrinityTrack6000/MainControlBoard/XMC/XMC4200/Libraries/CMSIS/Include\core_cm4.h **** 
 237:D:/Projekty/TrinityTrack6000/MainControlBoard/XMC/XMC4200/Libraries/CMSIS/Include\core_cm4.h **** 
 238:D:/Projekty/TrinityTrack6000/MainControlBoard/XMC/XMC4200/Libraries/CMSIS/Include\core_cm4.h **** /*******************************************************************************
 239:D:/Projekty/TrinityTrack6000/MainControlBoard/XMC/XMC4200/Libraries/CMSIS/Include\core_cm4.h ****  *                 Register Abstraction
 240:D:/Projekty/TrinityTrack6000/MainControlBoard/XMC/XMC4200/Libraries/CMSIS/Include\core_cm4.h ****   Core Register contain:
 241:D:/Projekty/TrinityTrack6000/MainControlBoard/XMC/XMC4200/Libraries/CMSIS/Include\core_cm4.h ****   - Core Register
 242:D:/Projekty/TrinityTrack6000/MainControlBoard/XMC/XMC4200/Libraries/CMSIS/Include\core_cm4.h ****   - Core NVIC Register
 243:D:/Projekty/TrinityTrack6000/MainControlBoard/XMC/XMC4200/Libraries/CMSIS/Include\core_cm4.h ****   - Core SCB Register
 244:D:/Projekty/TrinityTrack6000/MainControlBoard/XMC/XMC4200/Libraries/CMSIS/Include\core_cm4.h ****   - Core SysTick Register
 245:D:/Projekty/TrinityTrack6000/MainControlBoard/XMC/XMC4200/Libraries/CMSIS/Include\core_cm4.h ****   - Core Debug Register
 246:D:/Projekty/TrinityTrack6000/MainControlBoard/XMC/XMC4200/Libraries/CMSIS/Include\core_cm4.h ****   - Core MPU Register
 247:D:/Projekty/TrinityTrack6000/MainControlBoard/XMC/XMC4200/Libraries/CMSIS/Include\core_cm4.h ****   - Core FPU Register
 248:D:/Projekty/TrinityTrack6000/MainControlBoard/XMC/XMC4200/Libraries/CMSIS/Include\core_cm4.h ****  ******************************************************************************/
 249:D:/Projekty/TrinityTrack6000/MainControlBoard/XMC/XMC4200/Libraries/CMSIS/Include\core_cm4.h **** /**
 250:D:/Projekty/TrinityTrack6000/MainControlBoard/XMC/XMC4200/Libraries/CMSIS/Include\core_cm4.h ****   \defgroup CMSIS_core_register Defines and Type Definitions
 251:D:/Projekty/TrinityTrack6000/MainControlBoard/XMC/XMC4200/Libraries/CMSIS/Include\core_cm4.h ****   \brief Type definitions and defines for Cortex-M processor based devices.
 252:D:/Projekty/TrinityTrack6000/MainControlBoard/XMC/XMC4200/Libraries/CMSIS/Include\core_cm4.h **** */
 253:D:/Projekty/TrinityTrack6000/MainControlBoard/XMC/XMC4200/Libraries/CMSIS/Include\core_cm4.h **** 
 254:D:/Projekty/TrinityTrack6000/MainControlBoard/XMC/XMC4200/Libraries/CMSIS/Include\core_cm4.h **** /**
 255:D:/Projekty/TrinityTrack6000/MainControlBoard/XMC/XMC4200/Libraries/CMSIS/Include\core_cm4.h ****   \ingroup    CMSIS_core_register
 256:D:/Projekty/TrinityTrack6000/MainControlBoard/XMC/XMC4200/Libraries/CMSIS/Include\core_cm4.h ****   \defgroup   CMSIS_CORE  Status and Control Registers
 257:D:/Projekty/TrinityTrack6000/MainControlBoard/XMC/XMC4200/Libraries/CMSIS/Include\core_cm4.h ****   \brief      Core Register type definitions.
 258:D:/Projekty/TrinityTrack6000/MainControlBoard/XMC/XMC4200/Libraries/CMSIS/Include\core_cm4.h ****   @{
 259:D:/Projekty/TrinityTrack6000/MainControlBoard/XMC/XMC4200/Libraries/CMSIS/Include\core_cm4.h ****  */
 260:D:/Projekty/TrinityTrack6000/MainControlBoard/XMC/XMC4200/Libraries/CMSIS/Include\core_cm4.h **** 
 261:D:/Projekty/TrinityTrack6000/MainControlBoard/XMC/XMC4200/Libraries/CMSIS/Include\core_cm4.h **** /**
 262:D:/Projekty/TrinityTrack6000/MainControlBoard/XMC/XMC4200/Libraries/CMSIS/Include\core_cm4.h ****   \brief  Union type to access the Application Program Status Register (APSR).
 263:D:/Projekty/TrinityTrack6000/MainControlBoard/XMC/XMC4200/Libraries/CMSIS/Include\core_cm4.h ****  */
 264:D:/Projekty/TrinityTrack6000/MainControlBoard/XMC/XMC4200/Libraries/CMSIS/Include\core_cm4.h **** typedef union
 265:D:/Projekty/TrinityTrack6000/MainControlBoard/XMC/XMC4200/Libraries/CMSIS/Include\core_cm4.h **** {
 266:D:/Projekty/TrinityTrack6000/MainControlBoard/XMC/XMC4200/Libraries/CMSIS/Include\core_cm4.h ****   struct
 267:D:/Projekty/TrinityTrack6000/MainControlBoard/XMC/XMC4200/Libraries/CMSIS/Include\core_cm4.h ****   {
 268:D:/Projekty/TrinityTrack6000/MainControlBoard/XMC/XMC4200/Libraries/CMSIS/Include\core_cm4.h ****     uint32_t _reserved0:16;              /*!< bit:  0..15  Reserved */
 269:D:/Projekty/TrinityTrack6000/MainControlBoard/XMC/XMC4200/Libraries/CMSIS/Include\core_cm4.h ****     uint32_t GE:4;                       /*!< bit: 16..19  Greater than or Equal flags */
 270:D:/Projekty/TrinityTrack6000/MainControlBoard/XMC/XMC4200/Libraries/CMSIS/Include\core_cm4.h ****     uint32_t _reserved1:7;               /*!< bit: 20..26  Reserved */
 271:D:/Projekty/TrinityTrack6000/MainControlBoard/XMC/XMC4200/Libraries/CMSIS/Include\core_cm4.h ****     uint32_t Q:1;                        /*!< bit:     27  Saturation condition flag */
 272:D:/Projekty/TrinityTrack6000/MainControlBoard/XMC/XMC4200/Libraries/CMSIS/Include\core_cm4.h ****     uint32_t V:1;                        /*!< bit:     28  Overflow condition code flag */
 273:D:/Projekty/TrinityTrack6000/MainControlBoard/XMC/XMC4200/Libraries/CMSIS/Include\core_cm4.h ****     uint32_t C:1;                        /*!< bit:     29  Carry condition code flag */
 274:D:/Projekty/TrinityTrack6000/MainControlBoard/XMC/XMC4200/Libraries/CMSIS/Include\core_cm4.h ****     uint32_t Z:1;                        /*!< bit:     30  Zero condition code flag */
 275:D:/Projekty/TrinityTrack6000/MainControlBoard/XMC/XMC4200/Libraries/CMSIS/Include\core_cm4.h ****     uint32_t N:1;                        /*!< bit:     31  Negative condition code flag */
 276:D:/Projekty/TrinityTrack6000/MainControlBoard/XMC/XMC4200/Libraries/CMSIS/Include\core_cm4.h ****   } b;                                   /*!< Structure used for bit  access */
 277:D:/Projekty/TrinityTrack6000/MainControlBoard/XMC/XMC4200/Libraries/CMSIS/Include\core_cm4.h ****   uint32_t w;                            /*!< Type      used for word access */
 278:D:/Projekty/TrinityTrack6000/MainControlBoard/XMC/XMC4200/Libraries/CMSIS/Include\core_cm4.h **** } APSR_Type;
 279:D:/Projekty/TrinityTrack6000/MainControlBoard/XMC/XMC4200/Libraries/CMSIS/Include\core_cm4.h **** 
 280:D:/Projekty/TrinityTrack6000/MainControlBoard/XMC/XMC4200/Libraries/CMSIS/Include\core_cm4.h **** /* APSR Register Definitions */
 281:D:/Projekty/TrinityTrack6000/MainControlBoard/XMC/XMC4200/Libraries/CMSIS/Include\core_cm4.h **** #define APSR_N_Pos                         31U                                            /*!< APSR
 282:D:/Projekty/TrinityTrack6000/MainControlBoard/XMC/XMC4200/Libraries/CMSIS/Include\core_cm4.h **** #define APSR_N_Msk                         (1UL << APSR_N_Pos)                            /*!< APSR
 283:D:/Projekty/TrinityTrack6000/MainControlBoard/XMC/XMC4200/Libraries/CMSIS/Include\core_cm4.h **** 
 284:D:/Projekty/TrinityTrack6000/MainControlBoard/XMC/XMC4200/Libraries/CMSIS/Include\core_cm4.h **** #define APSR_Z_Pos                         30U                                            /*!< APSR
 285:D:/Projekty/TrinityTrack6000/MainControlBoard/XMC/XMC4200/Libraries/CMSIS/Include\core_cm4.h **** #define APSR_Z_Msk                         (1UL << APSR_Z_Pos)                            /*!< APSR
 286:D:/Projekty/TrinityTrack6000/MainControlBoard/XMC/XMC4200/Libraries/CMSIS/Include\core_cm4.h **** 
 287:D:/Projekty/TrinityTrack6000/MainControlBoard/XMC/XMC4200/Libraries/CMSIS/Include\core_cm4.h **** #define APSR_C_Pos                         29U                                            /*!< APSR
 288:D:/Projekty/TrinityTrack6000/MainControlBoard/XMC/XMC4200/Libraries/CMSIS/Include\core_cm4.h **** #define APSR_C_Msk                         (1UL << APSR_C_Pos)                            /*!< APSR
 289:D:/Projekty/TrinityTrack6000/MainControlBoard/XMC/XMC4200/Libraries/CMSIS/Include\core_cm4.h **** 
 290:D:/Projekty/TrinityTrack6000/MainControlBoard/XMC/XMC4200/Libraries/CMSIS/Include\core_cm4.h **** #define APSR_V_Pos                         28U                                            /*!< APSR
 291:D:/Projekty/TrinityTrack6000/MainControlBoard/XMC/XMC4200/Libraries/CMSIS/Include\core_cm4.h **** #define APSR_V_Msk                         (1UL << APSR_V_Pos)                            /*!< APSR
 292:D:/Projekty/TrinityTrack6000/MainControlBoard/XMC/XMC4200/Libraries/CMSIS/Include\core_cm4.h **** 
 293:D:/Projekty/TrinityTrack6000/MainControlBoard/XMC/XMC4200/Libraries/CMSIS/Include\core_cm4.h **** #define APSR_Q_Pos                         27U                                            /*!< APSR
 294:D:/Projekty/TrinityTrack6000/MainControlBoard/XMC/XMC4200/Libraries/CMSIS/Include\core_cm4.h **** #define APSR_Q_Msk                         (1UL << APSR_Q_Pos)                            /*!< APSR
 295:D:/Projekty/TrinityTrack6000/MainControlBoard/XMC/XMC4200/Libraries/CMSIS/Include\core_cm4.h **** 
 296:D:/Projekty/TrinityTrack6000/MainControlBoard/XMC/XMC4200/Libraries/CMSIS/Include\core_cm4.h **** #define APSR_GE_Pos                        16U                                            /*!< APSR
 297:D:/Projekty/TrinityTrack6000/MainControlBoard/XMC/XMC4200/Libraries/CMSIS/Include\core_cm4.h **** #define APSR_GE_Msk                        (0xFUL << APSR_GE_Pos)                         /*!< APSR
 298:D:/Projekty/TrinityTrack6000/MainControlBoard/XMC/XMC4200/Libraries/CMSIS/Include\core_cm4.h **** 
 299:D:/Projekty/TrinityTrack6000/MainControlBoard/XMC/XMC4200/Libraries/CMSIS/Include\core_cm4.h **** 
 300:D:/Projekty/TrinityTrack6000/MainControlBoard/XMC/XMC4200/Libraries/CMSIS/Include\core_cm4.h **** /**
 301:D:/Projekty/TrinityTrack6000/MainControlBoard/XMC/XMC4200/Libraries/CMSIS/Include\core_cm4.h ****   \brief  Union type to access the Interrupt Program Status Register (IPSR).
 302:D:/Projekty/TrinityTrack6000/MainControlBoard/XMC/XMC4200/Libraries/CMSIS/Include\core_cm4.h ****  */
 303:D:/Projekty/TrinityTrack6000/MainControlBoard/XMC/XMC4200/Libraries/CMSIS/Include\core_cm4.h **** typedef union
 304:D:/Projekty/TrinityTrack6000/MainControlBoard/XMC/XMC4200/Libraries/CMSIS/Include\core_cm4.h **** {
 305:D:/Projekty/TrinityTrack6000/MainControlBoard/XMC/XMC4200/Libraries/CMSIS/Include\core_cm4.h ****   struct
 306:D:/Projekty/TrinityTrack6000/MainControlBoard/XMC/XMC4200/Libraries/CMSIS/Include\core_cm4.h ****   {
 307:D:/Projekty/TrinityTrack6000/MainControlBoard/XMC/XMC4200/Libraries/CMSIS/Include\core_cm4.h ****     uint32_t ISR:9;                      /*!< bit:  0.. 8  Exception number */
 308:D:/Projekty/TrinityTrack6000/MainControlBoard/XMC/XMC4200/Libraries/CMSIS/Include\core_cm4.h ****     uint32_t _reserved0:23;              /*!< bit:  9..31  Reserved */
 309:D:/Projekty/TrinityTrack6000/MainControlBoard/XMC/XMC4200/Libraries/CMSIS/Include\core_cm4.h ****   } b;                                   /*!< Structure used for bit  access */
 310:D:/Projekty/TrinityTrack6000/MainControlBoard/XMC/XMC4200/Libraries/CMSIS/Include\core_cm4.h ****   uint32_t w;                            /*!< Type      used for word access */
 311:D:/Projekty/TrinityTrack6000/MainControlBoard/XMC/XMC4200/Libraries/CMSIS/Include\core_cm4.h **** } IPSR_Type;
 312:D:/Projekty/TrinityTrack6000/MainControlBoard/XMC/XMC4200/Libraries/CMSIS/Include\core_cm4.h **** 
 313:D:/Projekty/TrinityTrack6000/MainControlBoard/XMC/XMC4200/Libraries/CMSIS/Include\core_cm4.h **** /* IPSR Register Definitions */
 314:D:/Projekty/TrinityTrack6000/MainControlBoard/XMC/XMC4200/Libraries/CMSIS/Include\core_cm4.h **** #define IPSR_ISR_Pos                        0U                                            /*!< IPSR
 315:D:/Projekty/TrinityTrack6000/MainControlBoard/XMC/XMC4200/Libraries/CMSIS/Include\core_cm4.h **** #define IPSR_ISR_Msk                       (0x1FFUL /*<< IPSR_ISR_Pos*/)                  /*!< IPSR
 316:D:/Projekty/TrinityTrack6000/MainControlBoard/XMC/XMC4200/Libraries/CMSIS/Include\core_cm4.h **** 
 317:D:/Projekty/TrinityTrack6000/MainControlBoard/XMC/XMC4200/Libraries/CMSIS/Include\core_cm4.h **** 
 318:D:/Projekty/TrinityTrack6000/MainControlBoard/XMC/XMC4200/Libraries/CMSIS/Include\core_cm4.h **** /**
 319:D:/Projekty/TrinityTrack6000/MainControlBoard/XMC/XMC4200/Libraries/CMSIS/Include\core_cm4.h ****   \brief  Union type to access the Special-Purpose Program Status Registers (xPSR).
 320:D:/Projekty/TrinityTrack6000/MainControlBoard/XMC/XMC4200/Libraries/CMSIS/Include\core_cm4.h ****  */
 321:D:/Projekty/TrinityTrack6000/MainControlBoard/XMC/XMC4200/Libraries/CMSIS/Include\core_cm4.h **** typedef union
 322:D:/Projekty/TrinityTrack6000/MainControlBoard/XMC/XMC4200/Libraries/CMSIS/Include\core_cm4.h **** {
 323:D:/Projekty/TrinityTrack6000/MainControlBoard/XMC/XMC4200/Libraries/CMSIS/Include\core_cm4.h ****   struct
 324:D:/Projekty/TrinityTrack6000/MainControlBoard/XMC/XMC4200/Libraries/CMSIS/Include\core_cm4.h ****   {
 325:D:/Projekty/TrinityTrack6000/MainControlBoard/XMC/XMC4200/Libraries/CMSIS/Include\core_cm4.h ****     uint32_t ISR:9;                      /*!< bit:  0.. 8  Exception number */
 326:D:/Projekty/TrinityTrack6000/MainControlBoard/XMC/XMC4200/Libraries/CMSIS/Include\core_cm4.h ****     uint32_t _reserved0:1;               /*!< bit:      9  Reserved */
 327:D:/Projekty/TrinityTrack6000/MainControlBoard/XMC/XMC4200/Libraries/CMSIS/Include\core_cm4.h ****     uint32_t ICI_IT_1:6;                 /*!< bit: 10..15  ICI/IT part 1 */
 328:D:/Projekty/TrinityTrack6000/MainControlBoard/XMC/XMC4200/Libraries/CMSIS/Include\core_cm4.h ****     uint32_t GE:4;                       /*!< bit: 16..19  Greater than or Equal flags */
 329:D:/Projekty/TrinityTrack6000/MainControlBoard/XMC/XMC4200/Libraries/CMSIS/Include\core_cm4.h ****     uint32_t _reserved1:4;               /*!< bit: 20..23  Reserved */
 330:D:/Projekty/TrinityTrack6000/MainControlBoard/XMC/XMC4200/Libraries/CMSIS/Include\core_cm4.h ****     uint32_t T:1;                        /*!< bit:     24  Thumb bit */
 331:D:/Projekty/TrinityTrack6000/MainControlBoard/XMC/XMC4200/Libraries/CMSIS/Include\core_cm4.h ****     uint32_t ICI_IT_2:2;                 /*!< bit: 25..26  ICI/IT part 2 */
 332:D:/Projekty/TrinityTrack6000/MainControlBoard/XMC/XMC4200/Libraries/CMSIS/Include\core_cm4.h ****     uint32_t Q:1;                        /*!< bit:     27  Saturation condition flag */
 333:D:/Projekty/TrinityTrack6000/MainControlBoard/XMC/XMC4200/Libraries/CMSIS/Include\core_cm4.h ****     uint32_t V:1;                        /*!< bit:     28  Overflow condition code flag */
 334:D:/Projekty/TrinityTrack6000/MainControlBoard/XMC/XMC4200/Libraries/CMSIS/Include\core_cm4.h ****     uint32_t C:1;                        /*!< bit:     29  Carry condition code flag */
 335:D:/Projekty/TrinityTrack6000/MainControlBoard/XMC/XMC4200/Libraries/CMSIS/Include\core_cm4.h ****     uint32_t Z:1;                        /*!< bit:     30  Zero condition code flag */
 336:D:/Projekty/TrinityTrack6000/MainControlBoard/XMC/XMC4200/Libraries/CMSIS/Include\core_cm4.h ****     uint32_t N:1;                        /*!< bit:     31  Negative condition code flag */
 337:D:/Projekty/TrinityTrack6000/MainControlBoard/XMC/XMC4200/Libraries/CMSIS/Include\core_cm4.h ****   } b;                                   /*!< Structure used for bit  access */
 338:D:/Projekty/TrinityTrack6000/MainControlBoard/XMC/XMC4200/Libraries/CMSIS/Include\core_cm4.h ****   uint32_t w;                            /*!< Type      used for word access */
 339:D:/Projekty/TrinityTrack6000/MainControlBoard/XMC/XMC4200/Libraries/CMSIS/Include\core_cm4.h **** } xPSR_Type;
 340:D:/Projekty/TrinityTrack6000/MainControlBoard/XMC/XMC4200/Libraries/CMSIS/Include\core_cm4.h **** 
 341:D:/Projekty/TrinityTrack6000/MainControlBoard/XMC/XMC4200/Libraries/CMSIS/Include\core_cm4.h **** /* xPSR Register Definitions */
 342:D:/Projekty/TrinityTrack6000/MainControlBoard/XMC/XMC4200/Libraries/CMSIS/Include\core_cm4.h **** #define xPSR_N_Pos                         31U                                            /*!< xPSR
 343:D:/Projekty/TrinityTrack6000/MainControlBoard/XMC/XMC4200/Libraries/CMSIS/Include\core_cm4.h **** #define xPSR_N_Msk                         (1UL << xPSR_N_Pos)                            /*!< xPSR
 344:D:/Projekty/TrinityTrack6000/MainControlBoard/XMC/XMC4200/Libraries/CMSIS/Include\core_cm4.h **** 
 345:D:/Projekty/TrinityTrack6000/MainControlBoard/XMC/XMC4200/Libraries/CMSIS/Include\core_cm4.h **** #define xPSR_Z_Pos                         30U                                            /*!< xPSR
 346:D:/Projekty/TrinityTrack6000/MainControlBoard/XMC/XMC4200/Libraries/CMSIS/Include\core_cm4.h **** #define xPSR_Z_Msk                         (1UL << xPSR_Z_Pos)                            /*!< xPSR
 347:D:/Projekty/TrinityTrack6000/MainControlBoard/XMC/XMC4200/Libraries/CMSIS/Include\core_cm4.h **** 
 348:D:/Projekty/TrinityTrack6000/MainControlBoard/XMC/XMC4200/Libraries/CMSIS/Include\core_cm4.h **** #define xPSR_C_Pos                         29U                                            /*!< xPSR
 349:D:/Projekty/TrinityTrack6000/MainControlBoard/XMC/XMC4200/Libraries/CMSIS/Include\core_cm4.h **** #define xPSR_C_Msk                         (1UL << xPSR_C_Pos)                            /*!< xPSR
 350:D:/Projekty/TrinityTrack6000/MainControlBoard/XMC/XMC4200/Libraries/CMSIS/Include\core_cm4.h **** 
 351:D:/Projekty/TrinityTrack6000/MainControlBoard/XMC/XMC4200/Libraries/CMSIS/Include\core_cm4.h **** #define xPSR_V_Pos                         28U                                            /*!< xPSR
 352:D:/Projekty/TrinityTrack6000/MainControlBoard/XMC/XMC4200/Libraries/CMSIS/Include\core_cm4.h **** #define xPSR_V_Msk                         (1UL << xPSR_V_Pos)                            /*!< xPSR
 353:D:/Projekty/TrinityTrack6000/MainControlBoard/XMC/XMC4200/Libraries/CMSIS/Include\core_cm4.h **** 
 354:D:/Projekty/TrinityTrack6000/MainControlBoard/XMC/XMC4200/Libraries/CMSIS/Include\core_cm4.h **** #define xPSR_Q_Pos                         27U                                            /*!< xPSR
 355:D:/Projekty/TrinityTrack6000/MainControlBoard/XMC/XMC4200/Libraries/CMSIS/Include\core_cm4.h **** #define xPSR_Q_Msk                         (1UL << xPSR_Q_Pos)                            /*!< xPSR
 356:D:/Projekty/TrinityTrack6000/MainControlBoard/XMC/XMC4200/Libraries/CMSIS/Include\core_cm4.h **** 
 357:D:/Projekty/TrinityTrack6000/MainControlBoard/XMC/XMC4200/Libraries/CMSIS/Include\core_cm4.h **** #define xPSR_ICI_IT_2_Pos                  25U                                            /*!< xPSR
 358:D:/Projekty/TrinityTrack6000/MainControlBoard/XMC/XMC4200/Libraries/CMSIS/Include\core_cm4.h **** #define xPSR_ICI_IT_2_Msk                  (3UL << xPSR_ICI_IT_2_Pos)                     /*!< xPSR
 359:D:/Projekty/TrinityTrack6000/MainControlBoard/XMC/XMC4200/Libraries/CMSIS/Include\core_cm4.h **** 
 360:D:/Projekty/TrinityTrack6000/MainControlBoard/XMC/XMC4200/Libraries/CMSIS/Include\core_cm4.h **** #define xPSR_T_Pos                         24U                                            /*!< xPSR
 361:D:/Projekty/TrinityTrack6000/MainControlBoard/XMC/XMC4200/Libraries/CMSIS/Include\core_cm4.h **** #define xPSR_T_Msk                         (1UL << xPSR_T_Pos)                            /*!< xPSR
 362:D:/Projekty/TrinityTrack6000/MainControlBoard/XMC/XMC4200/Libraries/CMSIS/Include\core_cm4.h **** 
 363:D:/Projekty/TrinityTrack6000/MainControlBoard/XMC/XMC4200/Libraries/CMSIS/Include\core_cm4.h **** #define xPSR_GE_Pos                        16U                                            /*!< xPSR
 364:D:/Projekty/TrinityTrack6000/MainControlBoard/XMC/XMC4200/Libraries/CMSIS/Include\core_cm4.h **** #define xPSR_GE_Msk                        (0xFUL << xPSR_GE_Pos)                         /*!< xPSR
 365:D:/Projekty/TrinityTrack6000/MainControlBoard/XMC/XMC4200/Libraries/CMSIS/Include\core_cm4.h **** 
 366:D:/Projekty/TrinityTrack6000/MainControlBoard/XMC/XMC4200/Libraries/CMSIS/Include\core_cm4.h **** #define xPSR_ICI_IT_1_Pos                  10U                                            /*!< xPSR
 367:D:/Projekty/TrinityTrack6000/MainControlBoard/XMC/XMC4200/Libraries/CMSIS/Include\core_cm4.h **** #define xPSR_ICI_IT_1_Msk                  (0x3FUL << xPSR_ICI_IT_1_Pos)                  /*!< xPSR
 368:D:/Projekty/TrinityTrack6000/MainControlBoard/XMC/XMC4200/Libraries/CMSIS/Include\core_cm4.h **** 
 369:D:/Projekty/TrinityTrack6000/MainControlBoard/XMC/XMC4200/Libraries/CMSIS/Include\core_cm4.h **** #define xPSR_ISR_Pos                        0U                                            /*!< xPSR
 370:D:/Projekty/TrinityTrack6000/MainControlBoard/XMC/XMC4200/Libraries/CMSIS/Include\core_cm4.h **** #define xPSR_ISR_Msk                       (0x1FFUL /*<< xPSR_ISR_Pos*/)                  /*!< xPSR
 371:D:/Projekty/TrinityTrack6000/MainControlBoard/XMC/XMC4200/Libraries/CMSIS/Include\core_cm4.h **** 
 372:D:/Projekty/TrinityTrack6000/MainControlBoard/XMC/XMC4200/Libraries/CMSIS/Include\core_cm4.h **** 
 373:D:/Projekty/TrinityTrack6000/MainControlBoard/XMC/XMC4200/Libraries/CMSIS/Include\core_cm4.h **** /**
 374:D:/Projekty/TrinityTrack6000/MainControlBoard/XMC/XMC4200/Libraries/CMSIS/Include\core_cm4.h ****   \brief  Union type to access the Control Registers (CONTROL).
 375:D:/Projekty/TrinityTrack6000/MainControlBoard/XMC/XMC4200/Libraries/CMSIS/Include\core_cm4.h ****  */
 376:D:/Projekty/TrinityTrack6000/MainControlBoard/XMC/XMC4200/Libraries/CMSIS/Include\core_cm4.h **** typedef union
 377:D:/Projekty/TrinityTrack6000/MainControlBoard/XMC/XMC4200/Libraries/CMSIS/Include\core_cm4.h **** {
 378:D:/Projekty/TrinityTrack6000/MainControlBoard/XMC/XMC4200/Libraries/CMSIS/Include\core_cm4.h ****   struct
 379:D:/Projekty/TrinityTrack6000/MainControlBoard/XMC/XMC4200/Libraries/CMSIS/Include\core_cm4.h ****   {
 380:D:/Projekty/TrinityTrack6000/MainControlBoard/XMC/XMC4200/Libraries/CMSIS/Include\core_cm4.h ****     uint32_t nPRIV:1;                    /*!< bit:      0  Execution privilege in Thread mode */
 381:D:/Projekty/TrinityTrack6000/MainControlBoard/XMC/XMC4200/Libraries/CMSIS/Include\core_cm4.h ****     uint32_t SPSEL:1;                    /*!< bit:      1  Stack to be used */
 382:D:/Projekty/TrinityTrack6000/MainControlBoard/XMC/XMC4200/Libraries/CMSIS/Include\core_cm4.h ****     uint32_t FPCA:1;                     /*!< bit:      2  FP extension active flag */
 383:D:/Projekty/TrinityTrack6000/MainControlBoard/XMC/XMC4200/Libraries/CMSIS/Include\core_cm4.h ****     uint32_t _reserved0:29;              /*!< bit:  3..31  Reserved */
 384:D:/Projekty/TrinityTrack6000/MainControlBoard/XMC/XMC4200/Libraries/CMSIS/Include\core_cm4.h ****   } b;                                   /*!< Structure used for bit  access */
 385:D:/Projekty/TrinityTrack6000/MainControlBoard/XMC/XMC4200/Libraries/CMSIS/Include\core_cm4.h ****   uint32_t w;                            /*!< Type      used for word access */
 386:D:/Projekty/TrinityTrack6000/MainControlBoard/XMC/XMC4200/Libraries/CMSIS/Include\core_cm4.h **** } CONTROL_Type;
 387:D:/Projekty/TrinityTrack6000/MainControlBoard/XMC/XMC4200/Libraries/CMSIS/Include\core_cm4.h **** 
 388:D:/Projekty/TrinityTrack6000/MainControlBoard/XMC/XMC4200/Libraries/CMSIS/Include\core_cm4.h **** /* CONTROL Register Definitions */
 389:D:/Projekty/TrinityTrack6000/MainControlBoard/XMC/XMC4200/Libraries/CMSIS/Include\core_cm4.h **** #define CONTROL_FPCA_Pos                    2U                                            /*!< CONT
 390:D:/Projekty/TrinityTrack6000/MainControlBoard/XMC/XMC4200/Libraries/CMSIS/Include\core_cm4.h **** #define CONTROL_FPCA_Msk                   (1UL << CONTROL_FPCA_Pos)                      /*!< CONT
 391:D:/Projekty/TrinityTrack6000/MainControlBoard/XMC/XMC4200/Libraries/CMSIS/Include\core_cm4.h **** 
 392:D:/Projekty/TrinityTrack6000/MainControlBoard/XMC/XMC4200/Libraries/CMSIS/Include\core_cm4.h **** #define CONTROL_SPSEL_Pos                   1U                                            /*!< CONT
 393:D:/Projekty/TrinityTrack6000/MainControlBoard/XMC/XMC4200/Libraries/CMSIS/Include\core_cm4.h **** #define CONTROL_SPSEL_Msk                  (1UL << CONTROL_SPSEL_Pos)                     /*!< CONT
 394:D:/Projekty/TrinityTrack6000/MainControlBoard/XMC/XMC4200/Libraries/CMSIS/Include\core_cm4.h **** 
 395:D:/Projekty/TrinityTrack6000/MainControlBoard/XMC/XMC4200/Libraries/CMSIS/Include\core_cm4.h **** #define CONTROL_nPRIV_Pos                   0U                                            /*!< CONT
 396:D:/Projekty/TrinityTrack6000/MainControlBoard/XMC/XMC4200/Libraries/CMSIS/Include\core_cm4.h **** #define CONTROL_nPRIV_Msk                  (1UL /*<< CONTROL_nPRIV_Pos*/)                 /*!< CONT
 397:D:/Projekty/TrinityTrack6000/MainControlBoard/XMC/XMC4200/Libraries/CMSIS/Include\core_cm4.h **** 
 398:D:/Projekty/TrinityTrack6000/MainControlBoard/XMC/XMC4200/Libraries/CMSIS/Include\core_cm4.h **** /*@} end of group CMSIS_CORE */
 399:D:/Projekty/TrinityTrack6000/MainControlBoard/XMC/XMC4200/Libraries/CMSIS/Include\core_cm4.h **** 
 400:D:/Projekty/TrinityTrack6000/MainControlBoard/XMC/XMC4200/Libraries/CMSIS/Include\core_cm4.h **** 
 401:D:/Projekty/TrinityTrack6000/MainControlBoard/XMC/XMC4200/Libraries/CMSIS/Include\core_cm4.h **** /**
 402:D:/Projekty/TrinityTrack6000/MainControlBoard/XMC/XMC4200/Libraries/CMSIS/Include\core_cm4.h ****   \ingroup    CMSIS_core_register
 403:D:/Projekty/TrinityTrack6000/MainControlBoard/XMC/XMC4200/Libraries/CMSIS/Include\core_cm4.h ****   \defgroup   CMSIS_NVIC  Nested Vectored Interrupt Controller (NVIC)
 404:D:/Projekty/TrinityTrack6000/MainControlBoard/XMC/XMC4200/Libraries/CMSIS/Include\core_cm4.h ****   \brief      Type definitions for the NVIC Registers
 405:D:/Projekty/TrinityTrack6000/MainControlBoard/XMC/XMC4200/Libraries/CMSIS/Include\core_cm4.h ****   @{
 406:D:/Projekty/TrinityTrack6000/MainControlBoard/XMC/XMC4200/Libraries/CMSIS/Include\core_cm4.h ****  */
 407:D:/Projekty/TrinityTrack6000/MainControlBoard/XMC/XMC4200/Libraries/CMSIS/Include\core_cm4.h **** 
 408:D:/Projekty/TrinityTrack6000/MainControlBoard/XMC/XMC4200/Libraries/CMSIS/Include\core_cm4.h **** /**
 409:D:/Projekty/TrinityTrack6000/MainControlBoard/XMC/XMC4200/Libraries/CMSIS/Include\core_cm4.h ****   \brief  Structure type to access the Nested Vectored Interrupt Controller (NVIC).
 410:D:/Projekty/TrinityTrack6000/MainControlBoard/XMC/XMC4200/Libraries/CMSIS/Include\core_cm4.h ****  */
 411:D:/Projekty/TrinityTrack6000/MainControlBoard/XMC/XMC4200/Libraries/CMSIS/Include\core_cm4.h **** typedef struct
 412:D:/Projekty/TrinityTrack6000/MainControlBoard/XMC/XMC4200/Libraries/CMSIS/Include\core_cm4.h **** {
 413:D:/Projekty/TrinityTrack6000/MainControlBoard/XMC/XMC4200/Libraries/CMSIS/Include\core_cm4.h ****   __IOM uint32_t ISER[8U];               /*!< Offset: 0x000 (R/W)  Interrupt Set Enable Register */
 414:D:/Projekty/TrinityTrack6000/MainControlBoard/XMC/XMC4200/Libraries/CMSIS/Include\core_cm4.h ****         uint32_t RESERVED0[24U];
 415:D:/Projekty/TrinityTrack6000/MainControlBoard/XMC/XMC4200/Libraries/CMSIS/Include\core_cm4.h ****   __IOM uint32_t ICER[8U];               /*!< Offset: 0x080 (R/W)  Interrupt Clear Enable Register 
 416:D:/Projekty/TrinityTrack6000/MainControlBoard/XMC/XMC4200/Libraries/CMSIS/Include\core_cm4.h ****         uint32_t RESERVED1[24U];
 417:D:/Projekty/TrinityTrack6000/MainControlBoard/XMC/XMC4200/Libraries/CMSIS/Include\core_cm4.h ****   __IOM uint32_t ISPR[8U];               /*!< Offset: 0x100 (R/W)  Interrupt Set Pending Register *
 418:D:/Projekty/TrinityTrack6000/MainControlBoard/XMC/XMC4200/Libraries/CMSIS/Include\core_cm4.h ****         uint32_t RESERVED2[24U];
 419:D:/Projekty/TrinityTrack6000/MainControlBoard/XMC/XMC4200/Libraries/CMSIS/Include\core_cm4.h ****   __IOM uint32_t ICPR[8U];               /*!< Offset: 0x180 (R/W)  Interrupt Clear Pending Register
 420:D:/Projekty/TrinityTrack6000/MainControlBoard/XMC/XMC4200/Libraries/CMSIS/Include\core_cm4.h ****         uint32_t RESERVED3[24U];
 421:D:/Projekty/TrinityTrack6000/MainControlBoard/XMC/XMC4200/Libraries/CMSIS/Include\core_cm4.h ****   __IOM uint32_t IABR[8U];               /*!< Offset: 0x200 (R/W)  Interrupt Active bit Register */
 422:D:/Projekty/TrinityTrack6000/MainControlBoard/XMC/XMC4200/Libraries/CMSIS/Include\core_cm4.h ****         uint32_t RESERVED4[56U];
 423:D:/Projekty/TrinityTrack6000/MainControlBoard/XMC/XMC4200/Libraries/CMSIS/Include\core_cm4.h ****   __IOM uint8_t  IP[240U];               /*!< Offset: 0x300 (R/W)  Interrupt Priority Register (8Bi
 424:D:/Projekty/TrinityTrack6000/MainControlBoard/XMC/XMC4200/Libraries/CMSIS/Include\core_cm4.h ****         uint32_t RESERVED5[644U];
 425:D:/Projekty/TrinityTrack6000/MainControlBoard/XMC/XMC4200/Libraries/CMSIS/Include\core_cm4.h ****   __OM  uint32_t STIR;                   /*!< Offset: 0xE00 ( /W)  Software Trigger Interrupt Regis
 426:D:/Projekty/TrinityTrack6000/MainControlBoard/XMC/XMC4200/Libraries/CMSIS/Include\core_cm4.h **** }  NVIC_Type;
 427:D:/Projekty/TrinityTrack6000/MainControlBoard/XMC/XMC4200/Libraries/CMSIS/Include\core_cm4.h **** 
 428:D:/Projekty/TrinityTrack6000/MainControlBoard/XMC/XMC4200/Libraries/CMSIS/Include\core_cm4.h **** /* Software Triggered Interrupt Register Definitions */
 429:D:/Projekty/TrinityTrack6000/MainControlBoard/XMC/XMC4200/Libraries/CMSIS/Include\core_cm4.h **** #define NVIC_STIR_INTID_Pos                 0U                                         /*!< STIR: I
 430:D:/Projekty/TrinityTrack6000/MainControlBoard/XMC/XMC4200/Libraries/CMSIS/Include\core_cm4.h **** #define NVIC_STIR_INTID_Msk                (0x1FFUL /*<< NVIC_STIR_INTID_Pos*/)        /*!< STIR: I
 431:D:/Projekty/TrinityTrack6000/MainControlBoard/XMC/XMC4200/Libraries/CMSIS/Include\core_cm4.h **** 
 432:D:/Projekty/TrinityTrack6000/MainControlBoard/XMC/XMC4200/Libraries/CMSIS/Include\core_cm4.h **** /*@} end of group CMSIS_NVIC */
 433:D:/Projekty/TrinityTrack6000/MainControlBoard/XMC/XMC4200/Libraries/CMSIS/Include\core_cm4.h **** 
 434:D:/Projekty/TrinityTrack6000/MainControlBoard/XMC/XMC4200/Libraries/CMSIS/Include\core_cm4.h **** 
 435:D:/Projekty/TrinityTrack6000/MainControlBoard/XMC/XMC4200/Libraries/CMSIS/Include\core_cm4.h **** /**
 436:D:/Projekty/TrinityTrack6000/MainControlBoard/XMC/XMC4200/Libraries/CMSIS/Include\core_cm4.h ****   \ingroup  CMSIS_core_register
 437:D:/Projekty/TrinityTrack6000/MainControlBoard/XMC/XMC4200/Libraries/CMSIS/Include\core_cm4.h ****   \defgroup CMSIS_SCB     System Control Block (SCB)
 438:D:/Projekty/TrinityTrack6000/MainControlBoard/XMC/XMC4200/Libraries/CMSIS/Include\core_cm4.h ****   \brief    Type definitions for the System Control Block Registers
 439:D:/Projekty/TrinityTrack6000/MainControlBoard/XMC/XMC4200/Libraries/CMSIS/Include\core_cm4.h ****   @{
 440:D:/Projekty/TrinityTrack6000/MainControlBoard/XMC/XMC4200/Libraries/CMSIS/Include\core_cm4.h ****  */
 441:D:/Projekty/TrinityTrack6000/MainControlBoard/XMC/XMC4200/Libraries/CMSIS/Include\core_cm4.h **** 
 442:D:/Projekty/TrinityTrack6000/MainControlBoard/XMC/XMC4200/Libraries/CMSIS/Include\core_cm4.h **** /**
 443:D:/Projekty/TrinityTrack6000/MainControlBoard/XMC/XMC4200/Libraries/CMSIS/Include\core_cm4.h ****   \brief  Structure type to access the System Control Block (SCB).
 444:D:/Projekty/TrinityTrack6000/MainControlBoard/XMC/XMC4200/Libraries/CMSIS/Include\core_cm4.h ****  */
 445:D:/Projekty/TrinityTrack6000/MainControlBoard/XMC/XMC4200/Libraries/CMSIS/Include\core_cm4.h **** typedef struct
 446:D:/Projekty/TrinityTrack6000/MainControlBoard/XMC/XMC4200/Libraries/CMSIS/Include\core_cm4.h **** {
 447:D:/Projekty/TrinityTrack6000/MainControlBoard/XMC/XMC4200/Libraries/CMSIS/Include\core_cm4.h ****   __IM  uint32_t CPUID;                  /*!< Offset: 0x000 (R/ )  CPUID Base Register */
 448:D:/Projekty/TrinityTrack6000/MainControlBoard/XMC/XMC4200/Libraries/CMSIS/Include\core_cm4.h ****   __IOM uint32_t ICSR;                   /*!< Offset: 0x004 (R/W)  Interrupt Control and State Regi
 449:D:/Projekty/TrinityTrack6000/MainControlBoard/XMC/XMC4200/Libraries/CMSIS/Include\core_cm4.h ****   __IOM uint32_t VTOR;                   /*!< Offset: 0x008 (R/W)  Vector Table Offset Register */
 450:D:/Projekty/TrinityTrack6000/MainControlBoard/XMC/XMC4200/Libraries/CMSIS/Include\core_cm4.h ****   __IOM uint32_t AIRCR;                  /*!< Offset: 0x00C (R/W)  Application Interrupt and Reset 
 451:D:/Projekty/TrinityTrack6000/MainControlBoard/XMC/XMC4200/Libraries/CMSIS/Include\core_cm4.h ****   __IOM uint32_t SCR;                    /*!< Offset: 0x010 (R/W)  System Control Register */
 452:D:/Projekty/TrinityTrack6000/MainControlBoard/XMC/XMC4200/Libraries/CMSIS/Include\core_cm4.h ****   __IOM uint32_t CCR;                    /*!< Offset: 0x014 (R/W)  Configuration Control Register *
 453:D:/Projekty/TrinityTrack6000/MainControlBoard/XMC/XMC4200/Libraries/CMSIS/Include\core_cm4.h ****   __IOM uint8_t  SHP[12U];               /*!< Offset: 0x018 (R/W)  System Handlers Priority Registe
 454:D:/Projekty/TrinityTrack6000/MainControlBoard/XMC/XMC4200/Libraries/CMSIS/Include\core_cm4.h ****   __IOM uint32_t SHCSR;                  /*!< Offset: 0x024 (R/W)  System Handler Control and State
 455:D:/Projekty/TrinityTrack6000/MainControlBoard/XMC/XMC4200/Libraries/CMSIS/Include\core_cm4.h ****   __IOM uint32_t CFSR;                   /*!< Offset: 0x028 (R/W)  Configurable Fault Status Regist
 456:D:/Projekty/TrinityTrack6000/MainControlBoard/XMC/XMC4200/Libraries/CMSIS/Include\core_cm4.h ****   __IOM uint32_t HFSR;                   /*!< Offset: 0x02C (R/W)  HardFault Status Register */
 457:D:/Projekty/TrinityTrack6000/MainControlBoard/XMC/XMC4200/Libraries/CMSIS/Include\core_cm4.h ****   __IOM uint32_t DFSR;                   /*!< Offset: 0x030 (R/W)  Debug Fault Status Register */
 458:D:/Projekty/TrinityTrack6000/MainControlBoard/XMC/XMC4200/Libraries/CMSIS/Include\core_cm4.h ****   __IOM uint32_t MMFAR;                  /*!< Offset: 0x034 (R/W)  MemManage Fault Address Register
 459:D:/Projekty/TrinityTrack6000/MainControlBoard/XMC/XMC4200/Libraries/CMSIS/Include\core_cm4.h ****   __IOM uint32_t BFAR;                   /*!< Offset: 0x038 (R/W)  BusFault Address Register */
 460:D:/Projekty/TrinityTrack6000/MainControlBoard/XMC/XMC4200/Libraries/CMSIS/Include\core_cm4.h ****   __IOM uint32_t AFSR;                   /*!< Offset: 0x03C (R/W)  Auxiliary Fault Status Register 
 461:D:/Projekty/TrinityTrack6000/MainControlBoard/XMC/XMC4200/Libraries/CMSIS/Include\core_cm4.h ****   __IM  uint32_t PFR[2U];                /*!< Offset: 0x040 (R/ )  Processor Feature Register */
 462:D:/Projekty/TrinityTrack6000/MainControlBoard/XMC/XMC4200/Libraries/CMSIS/Include\core_cm4.h ****   __IM  uint32_t DFR;                    /*!< Offset: 0x048 (R/ )  Debug Feature Register */
 463:D:/Projekty/TrinityTrack6000/MainControlBoard/XMC/XMC4200/Libraries/CMSIS/Include\core_cm4.h ****   __IM  uint32_t ADR;                    /*!< Offset: 0x04C (R/ )  Auxiliary Feature Register */
 464:D:/Projekty/TrinityTrack6000/MainControlBoard/XMC/XMC4200/Libraries/CMSIS/Include\core_cm4.h ****   __IM  uint32_t MMFR[4U];               /*!< Offset: 0x050 (R/ )  Memory Model Feature Register */
 465:D:/Projekty/TrinityTrack6000/MainControlBoard/XMC/XMC4200/Libraries/CMSIS/Include\core_cm4.h ****   __IM  uint32_t ISAR[5U];               /*!< Offset: 0x060 (R/ )  Instruction Set Attributes Regis
 466:D:/Projekty/TrinityTrack6000/MainControlBoard/XMC/XMC4200/Libraries/CMSIS/Include\core_cm4.h ****         uint32_t RESERVED0[5U];
 467:D:/Projekty/TrinityTrack6000/MainControlBoard/XMC/XMC4200/Libraries/CMSIS/Include\core_cm4.h ****   __IOM uint32_t CPACR;                  /*!< Offset: 0x088 (R/W)  Coprocessor Access Control Regis
 468:D:/Projekty/TrinityTrack6000/MainControlBoard/XMC/XMC4200/Libraries/CMSIS/Include\core_cm4.h **** } SCB_Type;
 469:D:/Projekty/TrinityTrack6000/MainControlBoard/XMC/XMC4200/Libraries/CMSIS/Include\core_cm4.h **** 
 470:D:/Projekty/TrinityTrack6000/MainControlBoard/XMC/XMC4200/Libraries/CMSIS/Include\core_cm4.h **** /* SCB CPUID Register Definitions */
 471:D:/Projekty/TrinityTrack6000/MainControlBoard/XMC/XMC4200/Libraries/CMSIS/Include\core_cm4.h **** #define SCB_CPUID_IMPLEMENTER_Pos          24U                                            /*!< SCB 
 472:D:/Projekty/TrinityTrack6000/MainControlBoard/XMC/XMC4200/Libraries/CMSIS/Include\core_cm4.h **** #define SCB_CPUID_IMPLEMENTER_Msk          (0xFFUL << SCB_CPUID_IMPLEMENTER_Pos)          /*!< SCB 
 473:D:/Projekty/TrinityTrack6000/MainControlBoard/XMC/XMC4200/Libraries/CMSIS/Include\core_cm4.h **** 
 474:D:/Projekty/TrinityTrack6000/MainControlBoard/XMC/XMC4200/Libraries/CMSIS/Include\core_cm4.h **** #define SCB_CPUID_VARIANT_Pos              20U                                            /*!< SCB 
 475:D:/Projekty/TrinityTrack6000/MainControlBoard/XMC/XMC4200/Libraries/CMSIS/Include\core_cm4.h **** #define SCB_CPUID_VARIANT_Msk              (0xFUL << SCB_CPUID_VARIANT_Pos)               /*!< SCB 
 476:D:/Projekty/TrinityTrack6000/MainControlBoard/XMC/XMC4200/Libraries/CMSIS/Include\core_cm4.h **** 
 477:D:/Projekty/TrinityTrack6000/MainControlBoard/XMC/XMC4200/Libraries/CMSIS/Include\core_cm4.h **** #define SCB_CPUID_ARCHITECTURE_Pos         16U                                            /*!< SCB 
 478:D:/Projekty/TrinityTrack6000/MainControlBoard/XMC/XMC4200/Libraries/CMSIS/Include\core_cm4.h **** #define SCB_CPUID_ARCHITECTURE_Msk         (0xFUL << SCB_CPUID_ARCHITECTURE_Pos)          /*!< SCB 
 479:D:/Projekty/TrinityTrack6000/MainControlBoard/XMC/XMC4200/Libraries/CMSIS/Include\core_cm4.h **** 
 480:D:/Projekty/TrinityTrack6000/MainControlBoard/XMC/XMC4200/Libraries/CMSIS/Include\core_cm4.h **** #define SCB_CPUID_PARTNO_Pos                4U                                            /*!< SCB 
 481:D:/Projekty/TrinityTrack6000/MainControlBoard/XMC/XMC4200/Libraries/CMSIS/Include\core_cm4.h **** #define SCB_CPUID_PARTNO_Msk               (0xFFFUL << SCB_CPUID_PARTNO_Pos)              /*!< SCB 
 482:D:/Projekty/TrinityTrack6000/MainControlBoard/XMC/XMC4200/Libraries/CMSIS/Include\core_cm4.h **** 
 483:D:/Projekty/TrinityTrack6000/MainControlBoard/XMC/XMC4200/Libraries/CMSIS/Include\core_cm4.h **** #define SCB_CPUID_REVISION_Pos              0U                                            /*!< SCB 
 484:D:/Projekty/TrinityTrack6000/MainControlBoard/XMC/XMC4200/Libraries/CMSIS/Include\core_cm4.h **** #define SCB_CPUID_REVISION_Msk             (0xFUL /*<< SCB_CPUID_REVISION_Pos*/)          /*!< SCB 
 485:D:/Projekty/TrinityTrack6000/MainControlBoard/XMC/XMC4200/Libraries/CMSIS/Include\core_cm4.h **** 
 486:D:/Projekty/TrinityTrack6000/MainControlBoard/XMC/XMC4200/Libraries/CMSIS/Include\core_cm4.h **** /* SCB Interrupt Control State Register Definitions */
 487:D:/Projekty/TrinityTrack6000/MainControlBoard/XMC/XMC4200/Libraries/CMSIS/Include\core_cm4.h **** #define SCB_ICSR_NMIPENDSET_Pos            31U                                            /*!< SCB 
 488:D:/Projekty/TrinityTrack6000/MainControlBoard/XMC/XMC4200/Libraries/CMSIS/Include\core_cm4.h **** #define SCB_ICSR_NMIPENDSET_Msk            (1UL << SCB_ICSR_NMIPENDSET_Pos)               /*!< SCB 
 489:D:/Projekty/TrinityTrack6000/MainControlBoard/XMC/XMC4200/Libraries/CMSIS/Include\core_cm4.h **** 
 490:D:/Projekty/TrinityTrack6000/MainControlBoard/XMC/XMC4200/Libraries/CMSIS/Include\core_cm4.h **** #define SCB_ICSR_PENDSVSET_Pos             28U                                            /*!< SCB 
 491:D:/Projekty/TrinityTrack6000/MainControlBoard/XMC/XMC4200/Libraries/CMSIS/Include\core_cm4.h **** #define SCB_ICSR_PENDSVSET_Msk             (1UL << SCB_ICSR_PENDSVSET_Pos)                /*!< SCB 
 492:D:/Projekty/TrinityTrack6000/MainControlBoard/XMC/XMC4200/Libraries/CMSIS/Include\core_cm4.h **** 
 493:D:/Projekty/TrinityTrack6000/MainControlBoard/XMC/XMC4200/Libraries/CMSIS/Include\core_cm4.h **** #define SCB_ICSR_PENDSVCLR_Pos             27U                                            /*!< SCB 
 494:D:/Projekty/TrinityTrack6000/MainControlBoard/XMC/XMC4200/Libraries/CMSIS/Include\core_cm4.h **** #define SCB_ICSR_PENDSVCLR_Msk             (1UL << SCB_ICSR_PENDSVCLR_Pos)                /*!< SCB 
 495:D:/Projekty/TrinityTrack6000/MainControlBoard/XMC/XMC4200/Libraries/CMSIS/Include\core_cm4.h **** 
 496:D:/Projekty/TrinityTrack6000/MainControlBoard/XMC/XMC4200/Libraries/CMSIS/Include\core_cm4.h **** #define SCB_ICSR_PENDSTSET_Pos             26U                                            /*!< SCB 
 497:D:/Projekty/TrinityTrack6000/MainControlBoard/XMC/XMC4200/Libraries/CMSIS/Include\core_cm4.h **** #define SCB_ICSR_PENDSTSET_Msk             (1UL << SCB_ICSR_PENDSTSET_Pos)                /*!< SCB 
 498:D:/Projekty/TrinityTrack6000/MainControlBoard/XMC/XMC4200/Libraries/CMSIS/Include\core_cm4.h **** 
 499:D:/Projekty/TrinityTrack6000/MainControlBoard/XMC/XMC4200/Libraries/CMSIS/Include\core_cm4.h **** #define SCB_ICSR_PENDSTCLR_Pos             25U                                            /*!< SCB 
 500:D:/Projekty/TrinityTrack6000/MainControlBoard/XMC/XMC4200/Libraries/CMSIS/Include\core_cm4.h **** #define SCB_ICSR_PENDSTCLR_Msk             (1UL << SCB_ICSR_PENDSTCLR_Pos)                /*!< SCB 
 501:D:/Projekty/TrinityTrack6000/MainControlBoard/XMC/XMC4200/Libraries/CMSIS/Include\core_cm4.h **** 
 502:D:/Projekty/TrinityTrack6000/MainControlBoard/XMC/XMC4200/Libraries/CMSIS/Include\core_cm4.h **** #define SCB_ICSR_ISRPREEMPT_Pos            23U                                            /*!< SCB 
 503:D:/Projekty/TrinityTrack6000/MainControlBoard/XMC/XMC4200/Libraries/CMSIS/Include\core_cm4.h **** #define SCB_ICSR_ISRPREEMPT_Msk            (1UL << SCB_ICSR_ISRPREEMPT_Pos)               /*!< SCB 
 504:D:/Projekty/TrinityTrack6000/MainControlBoard/XMC/XMC4200/Libraries/CMSIS/Include\core_cm4.h **** 
 505:D:/Projekty/TrinityTrack6000/MainControlBoard/XMC/XMC4200/Libraries/CMSIS/Include\core_cm4.h **** #define SCB_ICSR_ISRPENDING_Pos            22U                                            /*!< SCB 
 506:D:/Projekty/TrinityTrack6000/MainControlBoard/XMC/XMC4200/Libraries/CMSIS/Include\core_cm4.h **** #define SCB_ICSR_ISRPENDING_Msk            (1UL << SCB_ICSR_ISRPENDING_Pos)               /*!< SCB 
 507:D:/Projekty/TrinityTrack6000/MainControlBoard/XMC/XMC4200/Libraries/CMSIS/Include\core_cm4.h **** 
 508:D:/Projekty/TrinityTrack6000/MainControlBoard/XMC/XMC4200/Libraries/CMSIS/Include\core_cm4.h **** #define SCB_ICSR_VECTPENDING_Pos           12U                                            /*!< SCB 
 509:D:/Projekty/TrinityTrack6000/MainControlBoard/XMC/XMC4200/Libraries/CMSIS/Include\core_cm4.h **** #define SCB_ICSR_VECTPENDING_Msk           (0x1FFUL << SCB_ICSR_VECTPENDING_Pos)          /*!< SCB 
 510:D:/Projekty/TrinityTrack6000/MainControlBoard/XMC/XMC4200/Libraries/CMSIS/Include\core_cm4.h **** 
 511:D:/Projekty/TrinityTrack6000/MainControlBoard/XMC/XMC4200/Libraries/CMSIS/Include\core_cm4.h **** #define SCB_ICSR_RETTOBASE_Pos             11U                                            /*!< SCB 
 512:D:/Projekty/TrinityTrack6000/MainControlBoard/XMC/XMC4200/Libraries/CMSIS/Include\core_cm4.h **** #define SCB_ICSR_RETTOBASE_Msk             (1UL << SCB_ICSR_RETTOBASE_Pos)                /*!< SCB 
 513:D:/Projekty/TrinityTrack6000/MainControlBoard/XMC/XMC4200/Libraries/CMSIS/Include\core_cm4.h **** 
 514:D:/Projekty/TrinityTrack6000/MainControlBoard/XMC/XMC4200/Libraries/CMSIS/Include\core_cm4.h **** #define SCB_ICSR_VECTACTIVE_Pos             0U                                            /*!< SCB 
 515:D:/Projekty/TrinityTrack6000/MainControlBoard/XMC/XMC4200/Libraries/CMSIS/Include\core_cm4.h **** #define SCB_ICSR_VECTACTIVE_Msk            (0x1FFUL /*<< SCB_ICSR_VECTACTIVE_Pos*/)       /*!< SCB 
 516:D:/Projekty/TrinityTrack6000/MainControlBoard/XMC/XMC4200/Libraries/CMSIS/Include\core_cm4.h **** 
 517:D:/Projekty/TrinityTrack6000/MainControlBoard/XMC/XMC4200/Libraries/CMSIS/Include\core_cm4.h **** /* SCB Vector Table Offset Register Definitions */
 518:D:/Projekty/TrinityTrack6000/MainControlBoard/XMC/XMC4200/Libraries/CMSIS/Include\core_cm4.h **** #define SCB_VTOR_TBLOFF_Pos                 7U                                            /*!< SCB 
 519:D:/Projekty/TrinityTrack6000/MainControlBoard/XMC/XMC4200/Libraries/CMSIS/Include\core_cm4.h **** #define SCB_VTOR_TBLOFF_Msk                (0x1FFFFFFUL << SCB_VTOR_TBLOFF_Pos)           /*!< SCB 
 520:D:/Projekty/TrinityTrack6000/MainControlBoard/XMC/XMC4200/Libraries/CMSIS/Include\core_cm4.h **** 
 521:D:/Projekty/TrinityTrack6000/MainControlBoard/XMC/XMC4200/Libraries/CMSIS/Include\core_cm4.h **** /* SCB Application Interrupt and Reset Control Register Definitions */
 522:D:/Projekty/TrinityTrack6000/MainControlBoard/XMC/XMC4200/Libraries/CMSIS/Include\core_cm4.h **** #define SCB_AIRCR_VECTKEY_Pos              16U                                            /*!< SCB 
 523:D:/Projekty/TrinityTrack6000/MainControlBoard/XMC/XMC4200/Libraries/CMSIS/Include\core_cm4.h **** #define SCB_AIRCR_VECTKEY_Msk              (0xFFFFUL << SCB_AIRCR_VECTKEY_Pos)            /*!< SCB 
 524:D:/Projekty/TrinityTrack6000/MainControlBoard/XMC/XMC4200/Libraries/CMSIS/Include\core_cm4.h **** 
 525:D:/Projekty/TrinityTrack6000/MainControlBoard/XMC/XMC4200/Libraries/CMSIS/Include\core_cm4.h **** #define SCB_AIRCR_VECTKEYSTAT_Pos          16U                                            /*!< SCB 
 526:D:/Projekty/TrinityTrack6000/MainControlBoard/XMC/XMC4200/Libraries/CMSIS/Include\core_cm4.h **** #define SCB_AIRCR_VECTKEYSTAT_Msk          (0xFFFFUL << SCB_AIRCR_VECTKEYSTAT_Pos)        /*!< SCB 
 527:D:/Projekty/TrinityTrack6000/MainControlBoard/XMC/XMC4200/Libraries/CMSIS/Include\core_cm4.h **** 
 528:D:/Projekty/TrinityTrack6000/MainControlBoard/XMC/XMC4200/Libraries/CMSIS/Include\core_cm4.h **** #define SCB_AIRCR_ENDIANESS_Pos            15U                                            /*!< SCB 
 529:D:/Projekty/TrinityTrack6000/MainControlBoard/XMC/XMC4200/Libraries/CMSIS/Include\core_cm4.h **** #define SCB_AIRCR_ENDIANESS_Msk            (1UL << SCB_AIRCR_ENDIANESS_Pos)               /*!< SCB 
 530:D:/Projekty/TrinityTrack6000/MainControlBoard/XMC/XMC4200/Libraries/CMSIS/Include\core_cm4.h **** 
 531:D:/Projekty/TrinityTrack6000/MainControlBoard/XMC/XMC4200/Libraries/CMSIS/Include\core_cm4.h **** #define SCB_AIRCR_PRIGROUP_Pos              8U                                            /*!< SCB 
 532:D:/Projekty/TrinityTrack6000/MainControlBoard/XMC/XMC4200/Libraries/CMSIS/Include\core_cm4.h **** #define SCB_AIRCR_PRIGROUP_Msk             (7UL << SCB_AIRCR_PRIGROUP_Pos)                /*!< SCB 
 533:D:/Projekty/TrinityTrack6000/MainControlBoard/XMC/XMC4200/Libraries/CMSIS/Include\core_cm4.h **** 
 534:D:/Projekty/TrinityTrack6000/MainControlBoard/XMC/XMC4200/Libraries/CMSIS/Include\core_cm4.h **** #define SCB_AIRCR_SYSRESETREQ_Pos           2U                                            /*!< SCB 
 535:D:/Projekty/TrinityTrack6000/MainControlBoard/XMC/XMC4200/Libraries/CMSIS/Include\core_cm4.h **** #define SCB_AIRCR_SYSRESETREQ_Msk          (1UL << SCB_AIRCR_SYSRESETREQ_Pos)             /*!< SCB 
 536:D:/Projekty/TrinityTrack6000/MainControlBoard/XMC/XMC4200/Libraries/CMSIS/Include\core_cm4.h **** 
 537:D:/Projekty/TrinityTrack6000/MainControlBoard/XMC/XMC4200/Libraries/CMSIS/Include\core_cm4.h **** #define SCB_AIRCR_VECTCLRACTIVE_Pos         1U                                            /*!< SCB 
 538:D:/Projekty/TrinityTrack6000/MainControlBoard/XMC/XMC4200/Libraries/CMSIS/Include\core_cm4.h **** #define SCB_AIRCR_VECTCLRACTIVE_Msk        (1UL << SCB_AIRCR_VECTCLRACTIVE_Pos)           /*!< SCB 
 539:D:/Projekty/TrinityTrack6000/MainControlBoard/XMC/XMC4200/Libraries/CMSIS/Include\core_cm4.h **** 
 540:D:/Projekty/TrinityTrack6000/MainControlBoard/XMC/XMC4200/Libraries/CMSIS/Include\core_cm4.h **** #define SCB_AIRCR_VECTRESET_Pos             0U                                            /*!< SCB 
 541:D:/Projekty/TrinityTrack6000/MainControlBoard/XMC/XMC4200/Libraries/CMSIS/Include\core_cm4.h **** #define SCB_AIRCR_VECTRESET_Msk            (1UL /*<< SCB_AIRCR_VECTRESET_Pos*/)           /*!< SCB 
 542:D:/Projekty/TrinityTrack6000/MainControlBoard/XMC/XMC4200/Libraries/CMSIS/Include\core_cm4.h **** 
 543:D:/Projekty/TrinityTrack6000/MainControlBoard/XMC/XMC4200/Libraries/CMSIS/Include\core_cm4.h **** /* SCB System Control Register Definitions */
 544:D:/Projekty/TrinityTrack6000/MainControlBoard/XMC/XMC4200/Libraries/CMSIS/Include\core_cm4.h **** #define SCB_SCR_SEVONPEND_Pos               4U                                            /*!< SCB 
 545:D:/Projekty/TrinityTrack6000/MainControlBoard/XMC/XMC4200/Libraries/CMSIS/Include\core_cm4.h **** #define SCB_SCR_SEVONPEND_Msk              (1UL << SCB_SCR_SEVONPEND_Pos)                 /*!< SCB 
 546:D:/Projekty/TrinityTrack6000/MainControlBoard/XMC/XMC4200/Libraries/CMSIS/Include\core_cm4.h **** 
 547:D:/Projekty/TrinityTrack6000/MainControlBoard/XMC/XMC4200/Libraries/CMSIS/Include\core_cm4.h **** #define SCB_SCR_SLEEPDEEP_Pos               2U                                            /*!< SCB 
 548:D:/Projekty/TrinityTrack6000/MainControlBoard/XMC/XMC4200/Libraries/CMSIS/Include\core_cm4.h **** #define SCB_SCR_SLEEPDEEP_Msk              (1UL << SCB_SCR_SLEEPDEEP_Pos)                 /*!< SCB 
 549:D:/Projekty/TrinityTrack6000/MainControlBoard/XMC/XMC4200/Libraries/CMSIS/Include\core_cm4.h **** 
 550:D:/Projekty/TrinityTrack6000/MainControlBoard/XMC/XMC4200/Libraries/CMSIS/Include\core_cm4.h **** #define SCB_SCR_SLEEPONEXIT_Pos             1U                                            /*!< SCB 
 551:D:/Projekty/TrinityTrack6000/MainControlBoard/XMC/XMC4200/Libraries/CMSIS/Include\core_cm4.h **** #define SCB_SCR_SLEEPONEXIT_Msk            (1UL << SCB_SCR_SLEEPONEXIT_Pos)               /*!< SCB 
 552:D:/Projekty/TrinityTrack6000/MainControlBoard/XMC/XMC4200/Libraries/CMSIS/Include\core_cm4.h **** 
 553:D:/Projekty/TrinityTrack6000/MainControlBoard/XMC/XMC4200/Libraries/CMSIS/Include\core_cm4.h **** /* SCB Configuration Control Register Definitions */
 554:D:/Projekty/TrinityTrack6000/MainControlBoard/XMC/XMC4200/Libraries/CMSIS/Include\core_cm4.h **** #define SCB_CCR_STKALIGN_Pos                9U                                            /*!< SCB 
 555:D:/Projekty/TrinityTrack6000/MainControlBoard/XMC/XMC4200/Libraries/CMSIS/Include\core_cm4.h **** #define SCB_CCR_STKALIGN_Msk               (1UL << SCB_CCR_STKALIGN_Pos)                  /*!< SCB 
 556:D:/Projekty/TrinityTrack6000/MainControlBoard/XMC/XMC4200/Libraries/CMSIS/Include\core_cm4.h **** 
 557:D:/Projekty/TrinityTrack6000/MainControlBoard/XMC/XMC4200/Libraries/CMSIS/Include\core_cm4.h **** #define SCB_CCR_BFHFNMIGN_Pos               8U                                            /*!< SCB 
 558:D:/Projekty/TrinityTrack6000/MainControlBoard/XMC/XMC4200/Libraries/CMSIS/Include\core_cm4.h **** #define SCB_CCR_BFHFNMIGN_Msk              (1UL << SCB_CCR_BFHFNMIGN_Pos)                 /*!< SCB 
 559:D:/Projekty/TrinityTrack6000/MainControlBoard/XMC/XMC4200/Libraries/CMSIS/Include\core_cm4.h **** 
 560:D:/Projekty/TrinityTrack6000/MainControlBoard/XMC/XMC4200/Libraries/CMSIS/Include\core_cm4.h **** #define SCB_CCR_DIV_0_TRP_Pos               4U                                            /*!< SCB 
 561:D:/Projekty/TrinityTrack6000/MainControlBoard/XMC/XMC4200/Libraries/CMSIS/Include\core_cm4.h **** #define SCB_CCR_DIV_0_TRP_Msk              (1UL << SCB_CCR_DIV_0_TRP_Pos)                 /*!< SCB 
 562:D:/Projekty/TrinityTrack6000/MainControlBoard/XMC/XMC4200/Libraries/CMSIS/Include\core_cm4.h **** 
 563:D:/Projekty/TrinityTrack6000/MainControlBoard/XMC/XMC4200/Libraries/CMSIS/Include\core_cm4.h **** #define SCB_CCR_UNALIGN_TRP_Pos             3U                                            /*!< SCB 
 564:D:/Projekty/TrinityTrack6000/MainControlBoard/XMC/XMC4200/Libraries/CMSIS/Include\core_cm4.h **** #define SCB_CCR_UNALIGN_TRP_Msk            (1UL << SCB_CCR_UNALIGN_TRP_Pos)               /*!< SCB 
 565:D:/Projekty/TrinityTrack6000/MainControlBoard/XMC/XMC4200/Libraries/CMSIS/Include\core_cm4.h **** 
 566:D:/Projekty/TrinityTrack6000/MainControlBoard/XMC/XMC4200/Libraries/CMSIS/Include\core_cm4.h **** #define SCB_CCR_USERSETMPEND_Pos            1U                                            /*!< SCB 
 567:D:/Projekty/TrinityTrack6000/MainControlBoard/XMC/XMC4200/Libraries/CMSIS/Include\core_cm4.h **** #define SCB_CCR_USERSETMPEND_Msk           (1UL << SCB_CCR_USERSETMPEND_Pos)              /*!< SCB 
 568:D:/Projekty/TrinityTrack6000/MainControlBoard/XMC/XMC4200/Libraries/CMSIS/Include\core_cm4.h **** 
 569:D:/Projekty/TrinityTrack6000/MainControlBoard/XMC/XMC4200/Libraries/CMSIS/Include\core_cm4.h **** #define SCB_CCR_NONBASETHRDENA_Pos          0U                                            /*!< SCB 
 570:D:/Projekty/TrinityTrack6000/MainControlBoard/XMC/XMC4200/Libraries/CMSIS/Include\core_cm4.h **** #define SCB_CCR_NONBASETHRDENA_Msk         (1UL /*<< SCB_CCR_NONBASETHRDENA_Pos*/)        /*!< SCB 
 571:D:/Projekty/TrinityTrack6000/MainControlBoard/XMC/XMC4200/Libraries/CMSIS/Include\core_cm4.h **** 
 572:D:/Projekty/TrinityTrack6000/MainControlBoard/XMC/XMC4200/Libraries/CMSIS/Include\core_cm4.h **** /* SCB System Handler Control and State Register Definitions */
 573:D:/Projekty/TrinityTrack6000/MainControlBoard/XMC/XMC4200/Libraries/CMSIS/Include\core_cm4.h **** #define SCB_SHCSR_USGFAULTENA_Pos          18U                                            /*!< SCB 
 574:D:/Projekty/TrinityTrack6000/MainControlBoard/XMC/XMC4200/Libraries/CMSIS/Include\core_cm4.h **** #define SCB_SHCSR_USGFAULTENA_Msk          (1UL << SCB_SHCSR_USGFAULTENA_Pos)             /*!< SCB 
 575:D:/Projekty/TrinityTrack6000/MainControlBoard/XMC/XMC4200/Libraries/CMSIS/Include\core_cm4.h **** 
 576:D:/Projekty/TrinityTrack6000/MainControlBoard/XMC/XMC4200/Libraries/CMSIS/Include\core_cm4.h **** #define SCB_SHCSR_BUSFAULTENA_Pos          17U                                            /*!< SCB 
 577:D:/Projekty/TrinityTrack6000/MainControlBoard/XMC/XMC4200/Libraries/CMSIS/Include\core_cm4.h **** #define SCB_SHCSR_BUSFAULTENA_Msk          (1UL << SCB_SHCSR_BUSFAULTENA_Pos)             /*!< SCB 
 578:D:/Projekty/TrinityTrack6000/MainControlBoard/XMC/XMC4200/Libraries/CMSIS/Include\core_cm4.h **** 
 579:D:/Projekty/TrinityTrack6000/MainControlBoard/XMC/XMC4200/Libraries/CMSIS/Include\core_cm4.h **** #define SCB_SHCSR_MEMFAULTENA_Pos          16U                                            /*!< SCB 
 580:D:/Projekty/TrinityTrack6000/MainControlBoard/XMC/XMC4200/Libraries/CMSIS/Include\core_cm4.h **** #define SCB_SHCSR_MEMFAULTENA_Msk          (1UL << SCB_SHCSR_MEMFAULTENA_Pos)             /*!< SCB 
 581:D:/Projekty/TrinityTrack6000/MainControlBoard/XMC/XMC4200/Libraries/CMSIS/Include\core_cm4.h **** 
 582:D:/Projekty/TrinityTrack6000/MainControlBoard/XMC/XMC4200/Libraries/CMSIS/Include\core_cm4.h **** #define SCB_SHCSR_SVCALLPENDED_Pos         15U                                            /*!< SCB 
 583:D:/Projekty/TrinityTrack6000/MainControlBoard/XMC/XMC4200/Libraries/CMSIS/Include\core_cm4.h **** #define SCB_SHCSR_SVCALLPENDED_Msk         (1UL << SCB_SHCSR_SVCALLPENDED_Pos)            /*!< SCB 
 584:D:/Projekty/TrinityTrack6000/MainControlBoard/XMC/XMC4200/Libraries/CMSIS/Include\core_cm4.h **** 
 585:D:/Projekty/TrinityTrack6000/MainControlBoard/XMC/XMC4200/Libraries/CMSIS/Include\core_cm4.h **** #define SCB_SHCSR_BUSFAULTPENDED_Pos       14U                                            /*!< SCB 
 586:D:/Projekty/TrinityTrack6000/MainControlBoard/XMC/XMC4200/Libraries/CMSIS/Include\core_cm4.h **** #define SCB_SHCSR_BUSFAULTPENDED_Msk       (1UL << SCB_SHCSR_BUSFAULTPENDED_Pos)          /*!< SCB 
 587:D:/Projekty/TrinityTrack6000/MainControlBoard/XMC/XMC4200/Libraries/CMSIS/Include\core_cm4.h **** 
 588:D:/Projekty/TrinityTrack6000/MainControlBoard/XMC/XMC4200/Libraries/CMSIS/Include\core_cm4.h **** #define SCB_SHCSR_MEMFAULTPENDED_Pos       13U                                            /*!< SCB 
 589:D:/Projekty/TrinityTrack6000/MainControlBoard/XMC/XMC4200/Libraries/CMSIS/Include\core_cm4.h **** #define SCB_SHCSR_MEMFAULTPENDED_Msk       (1UL << SCB_SHCSR_MEMFAULTPENDED_Pos)          /*!< SCB 
 590:D:/Projekty/TrinityTrack6000/MainControlBoard/XMC/XMC4200/Libraries/CMSIS/Include\core_cm4.h **** 
 591:D:/Projekty/TrinityTrack6000/MainControlBoard/XMC/XMC4200/Libraries/CMSIS/Include\core_cm4.h **** #define SCB_SHCSR_USGFAULTPENDED_Pos       12U                                            /*!< SCB 
 592:D:/Projekty/TrinityTrack6000/MainControlBoard/XMC/XMC4200/Libraries/CMSIS/Include\core_cm4.h **** #define SCB_SHCSR_USGFAULTPENDED_Msk       (1UL << SCB_SHCSR_USGFAULTPENDED_Pos)          /*!< SCB 
 593:D:/Projekty/TrinityTrack6000/MainControlBoard/XMC/XMC4200/Libraries/CMSIS/Include\core_cm4.h **** 
 594:D:/Projekty/TrinityTrack6000/MainControlBoard/XMC/XMC4200/Libraries/CMSIS/Include\core_cm4.h **** #define SCB_SHCSR_SYSTICKACT_Pos           11U                                            /*!< SCB 
 595:D:/Projekty/TrinityTrack6000/MainControlBoard/XMC/XMC4200/Libraries/CMSIS/Include\core_cm4.h **** #define SCB_SHCSR_SYSTICKACT_Msk           (1UL << SCB_SHCSR_SYSTICKACT_Pos)              /*!< SCB 
 596:D:/Projekty/TrinityTrack6000/MainControlBoard/XMC/XMC4200/Libraries/CMSIS/Include\core_cm4.h **** 
 597:D:/Projekty/TrinityTrack6000/MainControlBoard/XMC/XMC4200/Libraries/CMSIS/Include\core_cm4.h **** #define SCB_SHCSR_PENDSVACT_Pos            10U                                            /*!< SCB 
 598:D:/Projekty/TrinityTrack6000/MainControlBoard/XMC/XMC4200/Libraries/CMSIS/Include\core_cm4.h **** #define SCB_SHCSR_PENDSVACT_Msk            (1UL << SCB_SHCSR_PENDSVACT_Pos)               /*!< SCB 
 599:D:/Projekty/TrinityTrack6000/MainControlBoard/XMC/XMC4200/Libraries/CMSIS/Include\core_cm4.h **** 
 600:D:/Projekty/TrinityTrack6000/MainControlBoard/XMC/XMC4200/Libraries/CMSIS/Include\core_cm4.h **** #define SCB_SHCSR_MONITORACT_Pos            8U                                            /*!< SCB 
 601:D:/Projekty/TrinityTrack6000/MainControlBoard/XMC/XMC4200/Libraries/CMSIS/Include\core_cm4.h **** #define SCB_SHCSR_MONITORACT_Msk           (1UL << SCB_SHCSR_MONITORACT_Pos)              /*!< SCB 
 602:D:/Projekty/TrinityTrack6000/MainControlBoard/XMC/XMC4200/Libraries/CMSIS/Include\core_cm4.h **** 
 603:D:/Projekty/TrinityTrack6000/MainControlBoard/XMC/XMC4200/Libraries/CMSIS/Include\core_cm4.h **** #define SCB_SHCSR_SVCALLACT_Pos             7U                                            /*!< SCB 
 604:D:/Projekty/TrinityTrack6000/MainControlBoard/XMC/XMC4200/Libraries/CMSIS/Include\core_cm4.h **** #define SCB_SHCSR_SVCALLACT_Msk            (1UL << SCB_SHCSR_SVCALLACT_Pos)               /*!< SCB 
 605:D:/Projekty/TrinityTrack6000/MainControlBoard/XMC/XMC4200/Libraries/CMSIS/Include\core_cm4.h **** 
 606:D:/Projekty/TrinityTrack6000/MainControlBoard/XMC/XMC4200/Libraries/CMSIS/Include\core_cm4.h **** #define SCB_SHCSR_USGFAULTACT_Pos           3U                                            /*!< SCB 
 607:D:/Projekty/TrinityTrack6000/MainControlBoard/XMC/XMC4200/Libraries/CMSIS/Include\core_cm4.h **** #define SCB_SHCSR_USGFAULTACT_Msk          (1UL << SCB_SHCSR_USGFAULTACT_Pos)             /*!< SCB 
 608:D:/Projekty/TrinityTrack6000/MainControlBoard/XMC/XMC4200/Libraries/CMSIS/Include\core_cm4.h **** 
 609:D:/Projekty/TrinityTrack6000/MainControlBoard/XMC/XMC4200/Libraries/CMSIS/Include\core_cm4.h **** #define SCB_SHCSR_BUSFAULTACT_Pos           1U                                            /*!< SCB 
 610:D:/Projekty/TrinityTrack6000/MainControlBoard/XMC/XMC4200/Libraries/CMSIS/Include\core_cm4.h **** #define SCB_SHCSR_BUSFAULTACT_Msk          (1UL << SCB_SHCSR_BUSFAULTACT_Pos)             /*!< SCB 
 611:D:/Projekty/TrinityTrack6000/MainControlBoard/XMC/XMC4200/Libraries/CMSIS/Include\core_cm4.h **** 
 612:D:/Projekty/TrinityTrack6000/MainControlBoard/XMC/XMC4200/Libraries/CMSIS/Include\core_cm4.h **** #define SCB_SHCSR_MEMFAULTACT_Pos           0U                                            /*!< SCB 
 613:D:/Projekty/TrinityTrack6000/MainControlBoard/XMC/XMC4200/Libraries/CMSIS/Include\core_cm4.h **** #define SCB_SHCSR_MEMFAULTACT_Msk          (1UL /*<< SCB_SHCSR_MEMFAULTACT_Pos*/)         /*!< SCB 
 614:D:/Projekty/TrinityTrack6000/MainControlBoard/XMC/XMC4200/Libraries/CMSIS/Include\core_cm4.h **** 
 615:D:/Projekty/TrinityTrack6000/MainControlBoard/XMC/XMC4200/Libraries/CMSIS/Include\core_cm4.h **** /* SCB Configurable Fault Status Register Definitions */
 616:D:/Projekty/TrinityTrack6000/MainControlBoard/XMC/XMC4200/Libraries/CMSIS/Include\core_cm4.h **** #define SCB_CFSR_USGFAULTSR_Pos            16U                                            /*!< SCB 
 617:D:/Projekty/TrinityTrack6000/MainControlBoard/XMC/XMC4200/Libraries/CMSIS/Include\core_cm4.h **** #define SCB_CFSR_USGFAULTSR_Msk            (0xFFFFUL << SCB_CFSR_USGFAULTSR_Pos)          /*!< SCB 
 618:D:/Projekty/TrinityTrack6000/MainControlBoard/XMC/XMC4200/Libraries/CMSIS/Include\core_cm4.h **** 
 619:D:/Projekty/TrinityTrack6000/MainControlBoard/XMC/XMC4200/Libraries/CMSIS/Include\core_cm4.h **** #define SCB_CFSR_BUSFAULTSR_Pos             8U                                            /*!< SCB 
 620:D:/Projekty/TrinityTrack6000/MainControlBoard/XMC/XMC4200/Libraries/CMSIS/Include\core_cm4.h **** #define SCB_CFSR_BUSFAULTSR_Msk            (0xFFUL << SCB_CFSR_BUSFAULTSR_Pos)            /*!< SCB 
 621:D:/Projekty/TrinityTrack6000/MainControlBoard/XMC/XMC4200/Libraries/CMSIS/Include\core_cm4.h **** 
 622:D:/Projekty/TrinityTrack6000/MainControlBoard/XMC/XMC4200/Libraries/CMSIS/Include\core_cm4.h **** #define SCB_CFSR_MEMFAULTSR_Pos             0U                                            /*!< SCB 
 623:D:/Projekty/TrinityTrack6000/MainControlBoard/XMC/XMC4200/Libraries/CMSIS/Include\core_cm4.h **** #define SCB_CFSR_MEMFAULTSR_Msk            (0xFFUL /*<< SCB_CFSR_MEMFAULTSR_Pos*/)        /*!< SCB 
 624:D:/Projekty/TrinityTrack6000/MainControlBoard/XMC/XMC4200/Libraries/CMSIS/Include\core_cm4.h **** 
 625:D:/Projekty/TrinityTrack6000/MainControlBoard/XMC/XMC4200/Libraries/CMSIS/Include\core_cm4.h **** /* MemManage Fault Status Register (part of SCB Configurable Fault Status Register) */
 626:D:/Projekty/TrinityTrack6000/MainControlBoard/XMC/XMC4200/Libraries/CMSIS/Include\core_cm4.h **** #define SCB_CFSR_MMARVALID_Pos             (SCB_SHCSR_MEMFAULTACT_Pos + 7U)               /*!< SCB 
 627:D:/Projekty/TrinityTrack6000/MainControlBoard/XMC/XMC4200/Libraries/CMSIS/Include\core_cm4.h **** #define SCB_CFSR_MMARVALID_Msk             (1UL << SCB_CFSR_MMARVALID_Pos)                /*!< SCB 
 628:D:/Projekty/TrinityTrack6000/MainControlBoard/XMC/XMC4200/Libraries/CMSIS/Include\core_cm4.h **** 
 629:D:/Projekty/TrinityTrack6000/MainControlBoard/XMC/XMC4200/Libraries/CMSIS/Include\core_cm4.h **** #define SCB_CFSR_MLSPERR_Pos               (SCB_SHCSR_MEMFAULTACT_Pos + 5U)               /*!< SCB 
 630:D:/Projekty/TrinityTrack6000/MainControlBoard/XMC/XMC4200/Libraries/CMSIS/Include\core_cm4.h **** #define SCB_CFSR_MLSPERR_Msk               (1UL << SCB_CFSR_MLSPERR_Pos)                  /*!< SCB 
 631:D:/Projekty/TrinityTrack6000/MainControlBoard/XMC/XMC4200/Libraries/CMSIS/Include\core_cm4.h **** 
 632:D:/Projekty/TrinityTrack6000/MainControlBoard/XMC/XMC4200/Libraries/CMSIS/Include\core_cm4.h **** #define SCB_CFSR_MSTKERR_Pos               (SCB_SHCSR_MEMFAULTACT_Pos + 4U)               /*!< SCB 
 633:D:/Projekty/TrinityTrack6000/MainControlBoard/XMC/XMC4200/Libraries/CMSIS/Include\core_cm4.h **** #define SCB_CFSR_MSTKERR_Msk               (1UL << SCB_CFSR_MSTKERR_Pos)                  /*!< SCB 
 634:D:/Projekty/TrinityTrack6000/MainControlBoard/XMC/XMC4200/Libraries/CMSIS/Include\core_cm4.h **** 
 635:D:/Projekty/TrinityTrack6000/MainControlBoard/XMC/XMC4200/Libraries/CMSIS/Include\core_cm4.h **** #define SCB_CFSR_MUNSTKERR_Pos             (SCB_SHCSR_MEMFAULTACT_Pos + 3U)               /*!< SCB 
 636:D:/Projekty/TrinityTrack6000/MainControlBoard/XMC/XMC4200/Libraries/CMSIS/Include\core_cm4.h **** #define SCB_CFSR_MUNSTKERR_Msk             (1UL << SCB_CFSR_MUNSTKERR_Pos)                /*!< SCB 
 637:D:/Projekty/TrinityTrack6000/MainControlBoard/XMC/XMC4200/Libraries/CMSIS/Include\core_cm4.h **** 
 638:D:/Projekty/TrinityTrack6000/MainControlBoard/XMC/XMC4200/Libraries/CMSIS/Include\core_cm4.h **** #define SCB_CFSR_DACCVIOL_Pos              (SCB_SHCSR_MEMFAULTACT_Pos + 1U)               /*!< SCB 
 639:D:/Projekty/TrinityTrack6000/MainControlBoard/XMC/XMC4200/Libraries/CMSIS/Include\core_cm4.h **** #define SCB_CFSR_DACCVIOL_Msk              (1UL << SCB_CFSR_DACCVIOL_Pos)                 /*!< SCB 
 640:D:/Projekty/TrinityTrack6000/MainControlBoard/XMC/XMC4200/Libraries/CMSIS/Include\core_cm4.h **** 
 641:D:/Projekty/TrinityTrack6000/MainControlBoard/XMC/XMC4200/Libraries/CMSIS/Include\core_cm4.h **** #define SCB_CFSR_IACCVIOL_Pos              (SCB_SHCSR_MEMFAULTACT_Pos + 0U)               /*!< SCB 
 642:D:/Projekty/TrinityTrack6000/MainControlBoard/XMC/XMC4200/Libraries/CMSIS/Include\core_cm4.h **** #define SCB_CFSR_IACCVIOL_Msk              (1UL /*<< SCB_CFSR_IACCVIOL_Pos*/)             /*!< SCB 
 643:D:/Projekty/TrinityTrack6000/MainControlBoard/XMC/XMC4200/Libraries/CMSIS/Include\core_cm4.h **** 
 644:D:/Projekty/TrinityTrack6000/MainControlBoard/XMC/XMC4200/Libraries/CMSIS/Include\core_cm4.h **** /* BusFault Status Register (part of SCB Configurable Fault Status Register) */
 645:D:/Projekty/TrinityTrack6000/MainControlBoard/XMC/XMC4200/Libraries/CMSIS/Include\core_cm4.h **** #define SCB_CFSR_BFARVALID_Pos            (SCB_CFSR_BUSFAULTSR_Pos + 7U)                  /*!< SCB 
 646:D:/Projekty/TrinityTrack6000/MainControlBoard/XMC/XMC4200/Libraries/CMSIS/Include\core_cm4.h **** #define SCB_CFSR_BFARVALID_Msk            (1UL << SCB_CFSR_BFARVALID_Pos)                 /*!< SCB 
 647:D:/Projekty/TrinityTrack6000/MainControlBoard/XMC/XMC4200/Libraries/CMSIS/Include\core_cm4.h **** 
 648:D:/Projekty/TrinityTrack6000/MainControlBoard/XMC/XMC4200/Libraries/CMSIS/Include\core_cm4.h **** #define SCB_CFSR_LSPERR_Pos               (SCB_CFSR_BUSFAULTSR_Pos + 5U)                  /*!< SCB 
 649:D:/Projekty/TrinityTrack6000/MainControlBoard/XMC/XMC4200/Libraries/CMSIS/Include\core_cm4.h **** #define SCB_CFSR_LSPERR_Msk               (1UL << SCB_CFSR_LSPERR_Pos)                    /*!< SCB 
 650:D:/Projekty/TrinityTrack6000/MainControlBoard/XMC/XMC4200/Libraries/CMSIS/Include\core_cm4.h **** 
 651:D:/Projekty/TrinityTrack6000/MainControlBoard/XMC/XMC4200/Libraries/CMSIS/Include\core_cm4.h **** #define SCB_CFSR_STKERR_Pos               (SCB_CFSR_BUSFAULTSR_Pos + 4U)                  /*!< SCB 
 652:D:/Projekty/TrinityTrack6000/MainControlBoard/XMC/XMC4200/Libraries/CMSIS/Include\core_cm4.h **** #define SCB_CFSR_STKERR_Msk               (1UL << SCB_CFSR_STKERR_Pos)                    /*!< SCB 
 653:D:/Projekty/TrinityTrack6000/MainControlBoard/XMC/XMC4200/Libraries/CMSIS/Include\core_cm4.h **** 
 654:D:/Projekty/TrinityTrack6000/MainControlBoard/XMC/XMC4200/Libraries/CMSIS/Include\core_cm4.h **** #define SCB_CFSR_UNSTKERR_Pos             (SCB_CFSR_BUSFAULTSR_Pos + 3U)                  /*!< SCB 
 655:D:/Projekty/TrinityTrack6000/MainControlBoard/XMC/XMC4200/Libraries/CMSIS/Include\core_cm4.h **** #define SCB_CFSR_UNSTKERR_Msk             (1UL << SCB_CFSR_UNSTKERR_Pos)                  /*!< SCB 
 656:D:/Projekty/TrinityTrack6000/MainControlBoard/XMC/XMC4200/Libraries/CMSIS/Include\core_cm4.h **** 
 657:D:/Projekty/TrinityTrack6000/MainControlBoard/XMC/XMC4200/Libraries/CMSIS/Include\core_cm4.h **** #define SCB_CFSR_IMPRECISERR_Pos          (SCB_CFSR_BUSFAULTSR_Pos + 2U)                  /*!< SCB 
 658:D:/Projekty/TrinityTrack6000/MainControlBoard/XMC/XMC4200/Libraries/CMSIS/Include\core_cm4.h **** #define SCB_CFSR_IMPRECISERR_Msk          (1UL << SCB_CFSR_IMPRECISERR_Pos)               /*!< SCB 
 659:D:/Projekty/TrinityTrack6000/MainControlBoard/XMC/XMC4200/Libraries/CMSIS/Include\core_cm4.h **** 
 660:D:/Projekty/TrinityTrack6000/MainControlBoard/XMC/XMC4200/Libraries/CMSIS/Include\core_cm4.h **** #define SCB_CFSR_PRECISERR_Pos            (SCB_CFSR_BUSFAULTSR_Pos + 1U)                  /*!< SCB 
 661:D:/Projekty/TrinityTrack6000/MainControlBoard/XMC/XMC4200/Libraries/CMSIS/Include\core_cm4.h **** #define SCB_CFSR_PRECISERR_Msk            (1UL << SCB_CFSR_PRECISERR_Pos)                 /*!< SCB 
 662:D:/Projekty/TrinityTrack6000/MainControlBoard/XMC/XMC4200/Libraries/CMSIS/Include\core_cm4.h **** 
 663:D:/Projekty/TrinityTrack6000/MainControlBoard/XMC/XMC4200/Libraries/CMSIS/Include\core_cm4.h **** #define SCB_CFSR_IBUSERR_Pos              (SCB_CFSR_BUSFAULTSR_Pos + 0U)                  /*!< SCB 
 664:D:/Projekty/TrinityTrack6000/MainControlBoard/XMC/XMC4200/Libraries/CMSIS/Include\core_cm4.h **** #define SCB_CFSR_IBUSERR_Msk              (1UL << SCB_CFSR_IBUSERR_Pos)                   /*!< SCB 
 665:D:/Projekty/TrinityTrack6000/MainControlBoard/XMC/XMC4200/Libraries/CMSIS/Include\core_cm4.h **** 
 666:D:/Projekty/TrinityTrack6000/MainControlBoard/XMC/XMC4200/Libraries/CMSIS/Include\core_cm4.h **** /* UsageFault Status Register (part of SCB Configurable Fault Status Register) */
 667:D:/Projekty/TrinityTrack6000/MainControlBoard/XMC/XMC4200/Libraries/CMSIS/Include\core_cm4.h **** #define SCB_CFSR_DIVBYZERO_Pos            (SCB_CFSR_USGFAULTSR_Pos + 9U)                  /*!< SCB 
 668:D:/Projekty/TrinityTrack6000/MainControlBoard/XMC/XMC4200/Libraries/CMSIS/Include\core_cm4.h **** #define SCB_CFSR_DIVBYZERO_Msk            (1UL << SCB_CFSR_DIVBYZERO_Pos)                 /*!< SCB 
 669:D:/Projekty/TrinityTrack6000/MainControlBoard/XMC/XMC4200/Libraries/CMSIS/Include\core_cm4.h **** 
 670:D:/Projekty/TrinityTrack6000/MainControlBoard/XMC/XMC4200/Libraries/CMSIS/Include\core_cm4.h **** #define SCB_CFSR_UNALIGNED_Pos            (SCB_CFSR_USGFAULTSR_Pos + 8U)                  /*!< SCB 
 671:D:/Projekty/TrinityTrack6000/MainControlBoard/XMC/XMC4200/Libraries/CMSIS/Include\core_cm4.h **** #define SCB_CFSR_UNALIGNED_Msk            (1UL << SCB_CFSR_UNALIGNED_Pos)                 /*!< SCB 
 672:D:/Projekty/TrinityTrack6000/MainControlBoard/XMC/XMC4200/Libraries/CMSIS/Include\core_cm4.h **** 
 673:D:/Projekty/TrinityTrack6000/MainControlBoard/XMC/XMC4200/Libraries/CMSIS/Include\core_cm4.h **** #define SCB_CFSR_NOCP_Pos                 (SCB_CFSR_USGFAULTSR_Pos + 3U)                  /*!< SCB 
 674:D:/Projekty/TrinityTrack6000/MainControlBoard/XMC/XMC4200/Libraries/CMSIS/Include\core_cm4.h **** #define SCB_CFSR_NOCP_Msk                 (1UL << SCB_CFSR_NOCP_Pos)                      /*!< SCB 
 675:D:/Projekty/TrinityTrack6000/MainControlBoard/XMC/XMC4200/Libraries/CMSIS/Include\core_cm4.h **** 
 676:D:/Projekty/TrinityTrack6000/MainControlBoard/XMC/XMC4200/Libraries/CMSIS/Include\core_cm4.h **** #define SCB_CFSR_INVPC_Pos                (SCB_CFSR_USGFAULTSR_Pos + 2U)                  /*!< SCB 
 677:D:/Projekty/TrinityTrack6000/MainControlBoard/XMC/XMC4200/Libraries/CMSIS/Include\core_cm4.h **** #define SCB_CFSR_INVPC_Msk                (1UL << SCB_CFSR_INVPC_Pos)                     /*!< SCB 
 678:D:/Projekty/TrinityTrack6000/MainControlBoard/XMC/XMC4200/Libraries/CMSIS/Include\core_cm4.h **** 
 679:D:/Projekty/TrinityTrack6000/MainControlBoard/XMC/XMC4200/Libraries/CMSIS/Include\core_cm4.h **** #define SCB_CFSR_INVSTATE_Pos             (SCB_CFSR_USGFAULTSR_Pos + 1U)                  /*!< SCB 
 680:D:/Projekty/TrinityTrack6000/MainControlBoard/XMC/XMC4200/Libraries/CMSIS/Include\core_cm4.h **** #define SCB_CFSR_INVSTATE_Msk             (1UL << SCB_CFSR_INVSTATE_Pos)                  /*!< SCB 
 681:D:/Projekty/TrinityTrack6000/MainControlBoard/XMC/XMC4200/Libraries/CMSIS/Include\core_cm4.h **** 
 682:D:/Projekty/TrinityTrack6000/MainControlBoard/XMC/XMC4200/Libraries/CMSIS/Include\core_cm4.h **** #define SCB_CFSR_UNDEFINSTR_Pos           (SCB_CFSR_USGFAULTSR_Pos + 0U)                  /*!< SCB 
 683:D:/Projekty/TrinityTrack6000/MainControlBoard/XMC/XMC4200/Libraries/CMSIS/Include\core_cm4.h **** #define SCB_CFSR_UNDEFINSTR_Msk           (1UL << SCB_CFSR_UNDEFINSTR_Pos)                /*!< SCB 
 684:D:/Projekty/TrinityTrack6000/MainControlBoard/XMC/XMC4200/Libraries/CMSIS/Include\core_cm4.h **** 
 685:D:/Projekty/TrinityTrack6000/MainControlBoard/XMC/XMC4200/Libraries/CMSIS/Include\core_cm4.h **** /* SCB Hard Fault Status Register Definitions */
 686:D:/Projekty/TrinityTrack6000/MainControlBoard/XMC/XMC4200/Libraries/CMSIS/Include\core_cm4.h **** #define SCB_HFSR_DEBUGEVT_Pos              31U                                            /*!< SCB 
 687:D:/Projekty/TrinityTrack6000/MainControlBoard/XMC/XMC4200/Libraries/CMSIS/Include\core_cm4.h **** #define SCB_HFSR_DEBUGEVT_Msk              (1UL << SCB_HFSR_DEBUGEVT_Pos)                 /*!< SCB 
 688:D:/Projekty/TrinityTrack6000/MainControlBoard/XMC/XMC4200/Libraries/CMSIS/Include\core_cm4.h **** 
 689:D:/Projekty/TrinityTrack6000/MainControlBoard/XMC/XMC4200/Libraries/CMSIS/Include\core_cm4.h **** #define SCB_HFSR_FORCED_Pos                30U                                            /*!< SCB 
 690:D:/Projekty/TrinityTrack6000/MainControlBoard/XMC/XMC4200/Libraries/CMSIS/Include\core_cm4.h **** #define SCB_HFSR_FORCED_Msk                (1UL << SCB_HFSR_FORCED_Pos)                   /*!< SCB 
 691:D:/Projekty/TrinityTrack6000/MainControlBoard/XMC/XMC4200/Libraries/CMSIS/Include\core_cm4.h **** 
 692:D:/Projekty/TrinityTrack6000/MainControlBoard/XMC/XMC4200/Libraries/CMSIS/Include\core_cm4.h **** #define SCB_HFSR_VECTTBL_Pos                1U                                            /*!< SCB 
 693:D:/Projekty/TrinityTrack6000/MainControlBoard/XMC/XMC4200/Libraries/CMSIS/Include\core_cm4.h **** #define SCB_HFSR_VECTTBL_Msk               (1UL << SCB_HFSR_VECTTBL_Pos)                  /*!< SCB 
 694:D:/Projekty/TrinityTrack6000/MainControlBoard/XMC/XMC4200/Libraries/CMSIS/Include\core_cm4.h **** 
 695:D:/Projekty/TrinityTrack6000/MainControlBoard/XMC/XMC4200/Libraries/CMSIS/Include\core_cm4.h **** /* SCB Debug Fault Status Register Definitions */
 696:D:/Projekty/TrinityTrack6000/MainControlBoard/XMC/XMC4200/Libraries/CMSIS/Include\core_cm4.h **** #define SCB_DFSR_EXTERNAL_Pos               4U                                            /*!< SCB 
 697:D:/Projekty/TrinityTrack6000/MainControlBoard/XMC/XMC4200/Libraries/CMSIS/Include\core_cm4.h **** #define SCB_DFSR_EXTERNAL_Msk              (1UL << SCB_DFSR_EXTERNAL_Pos)                 /*!< SCB 
 698:D:/Projekty/TrinityTrack6000/MainControlBoard/XMC/XMC4200/Libraries/CMSIS/Include\core_cm4.h **** 
 699:D:/Projekty/TrinityTrack6000/MainControlBoard/XMC/XMC4200/Libraries/CMSIS/Include\core_cm4.h **** #define SCB_DFSR_VCATCH_Pos                 3U                                            /*!< SCB 
 700:D:/Projekty/TrinityTrack6000/MainControlBoard/XMC/XMC4200/Libraries/CMSIS/Include\core_cm4.h **** #define SCB_DFSR_VCATCH_Msk                (1UL << SCB_DFSR_VCATCH_Pos)                   /*!< SCB 
 701:D:/Projekty/TrinityTrack6000/MainControlBoard/XMC/XMC4200/Libraries/CMSIS/Include\core_cm4.h **** 
 702:D:/Projekty/TrinityTrack6000/MainControlBoard/XMC/XMC4200/Libraries/CMSIS/Include\core_cm4.h **** #define SCB_DFSR_DWTTRAP_Pos                2U                                            /*!< SCB 
 703:D:/Projekty/TrinityTrack6000/MainControlBoard/XMC/XMC4200/Libraries/CMSIS/Include\core_cm4.h **** #define SCB_DFSR_DWTTRAP_Msk               (1UL << SCB_DFSR_DWTTRAP_Pos)                  /*!< SCB 
 704:D:/Projekty/TrinityTrack6000/MainControlBoard/XMC/XMC4200/Libraries/CMSIS/Include\core_cm4.h **** 
 705:D:/Projekty/TrinityTrack6000/MainControlBoard/XMC/XMC4200/Libraries/CMSIS/Include\core_cm4.h **** #define SCB_DFSR_BKPT_Pos                   1U                                            /*!< SCB 
 706:D:/Projekty/TrinityTrack6000/MainControlBoard/XMC/XMC4200/Libraries/CMSIS/Include\core_cm4.h **** #define SCB_DFSR_BKPT_Msk                  (1UL << SCB_DFSR_BKPT_Pos)                     /*!< SCB 
 707:D:/Projekty/TrinityTrack6000/MainControlBoard/XMC/XMC4200/Libraries/CMSIS/Include\core_cm4.h **** 
 708:D:/Projekty/TrinityTrack6000/MainControlBoard/XMC/XMC4200/Libraries/CMSIS/Include\core_cm4.h **** #define SCB_DFSR_HALTED_Pos                 0U                                            /*!< SCB 
 709:D:/Projekty/TrinityTrack6000/MainControlBoard/XMC/XMC4200/Libraries/CMSIS/Include\core_cm4.h **** #define SCB_DFSR_HALTED_Msk                (1UL /*<< SCB_DFSR_HALTED_Pos*/)               /*!< SCB 
 710:D:/Projekty/TrinityTrack6000/MainControlBoard/XMC/XMC4200/Libraries/CMSIS/Include\core_cm4.h **** 
 711:D:/Projekty/TrinityTrack6000/MainControlBoard/XMC/XMC4200/Libraries/CMSIS/Include\core_cm4.h **** /*@} end of group CMSIS_SCB */
 712:D:/Projekty/TrinityTrack6000/MainControlBoard/XMC/XMC4200/Libraries/CMSIS/Include\core_cm4.h **** 
 713:D:/Projekty/TrinityTrack6000/MainControlBoard/XMC/XMC4200/Libraries/CMSIS/Include\core_cm4.h **** 
 714:D:/Projekty/TrinityTrack6000/MainControlBoard/XMC/XMC4200/Libraries/CMSIS/Include\core_cm4.h **** /**
 715:D:/Projekty/TrinityTrack6000/MainControlBoard/XMC/XMC4200/Libraries/CMSIS/Include\core_cm4.h ****   \ingroup  CMSIS_core_register
 716:D:/Projekty/TrinityTrack6000/MainControlBoard/XMC/XMC4200/Libraries/CMSIS/Include\core_cm4.h ****   \defgroup CMSIS_SCnSCB System Controls not in SCB (SCnSCB)
 717:D:/Projekty/TrinityTrack6000/MainControlBoard/XMC/XMC4200/Libraries/CMSIS/Include\core_cm4.h ****   \brief    Type definitions for the System Control and ID Register not in the SCB
 718:D:/Projekty/TrinityTrack6000/MainControlBoard/XMC/XMC4200/Libraries/CMSIS/Include\core_cm4.h ****   @{
 719:D:/Projekty/TrinityTrack6000/MainControlBoard/XMC/XMC4200/Libraries/CMSIS/Include\core_cm4.h ****  */
 720:D:/Projekty/TrinityTrack6000/MainControlBoard/XMC/XMC4200/Libraries/CMSIS/Include\core_cm4.h **** 
 721:D:/Projekty/TrinityTrack6000/MainControlBoard/XMC/XMC4200/Libraries/CMSIS/Include\core_cm4.h **** /**
 722:D:/Projekty/TrinityTrack6000/MainControlBoard/XMC/XMC4200/Libraries/CMSIS/Include\core_cm4.h ****   \brief  Structure type to access the System Control and ID Register not in the SCB.
 723:D:/Projekty/TrinityTrack6000/MainControlBoard/XMC/XMC4200/Libraries/CMSIS/Include\core_cm4.h ****  */
 724:D:/Projekty/TrinityTrack6000/MainControlBoard/XMC/XMC4200/Libraries/CMSIS/Include\core_cm4.h **** typedef struct
 725:D:/Projekty/TrinityTrack6000/MainControlBoard/XMC/XMC4200/Libraries/CMSIS/Include\core_cm4.h **** {
 726:D:/Projekty/TrinityTrack6000/MainControlBoard/XMC/XMC4200/Libraries/CMSIS/Include\core_cm4.h ****         uint32_t RESERVED0[1U];
 727:D:/Projekty/TrinityTrack6000/MainControlBoard/XMC/XMC4200/Libraries/CMSIS/Include\core_cm4.h ****   __IM  uint32_t ICTR;                   /*!< Offset: 0x004 (R/ )  Interrupt Controller Type Regist
 728:D:/Projekty/TrinityTrack6000/MainControlBoard/XMC/XMC4200/Libraries/CMSIS/Include\core_cm4.h ****   __IOM uint32_t ACTLR;                  /*!< Offset: 0x008 (R/W)  Auxiliary Control Register */
 729:D:/Projekty/TrinityTrack6000/MainControlBoard/XMC/XMC4200/Libraries/CMSIS/Include\core_cm4.h **** } SCnSCB_Type;
 730:D:/Projekty/TrinityTrack6000/MainControlBoard/XMC/XMC4200/Libraries/CMSIS/Include\core_cm4.h **** 
 731:D:/Projekty/TrinityTrack6000/MainControlBoard/XMC/XMC4200/Libraries/CMSIS/Include\core_cm4.h **** /* Interrupt Controller Type Register Definitions */
 732:D:/Projekty/TrinityTrack6000/MainControlBoard/XMC/XMC4200/Libraries/CMSIS/Include\core_cm4.h **** #define SCnSCB_ICTR_INTLINESNUM_Pos         0U                                         /*!< ICTR: I
 733:D:/Projekty/TrinityTrack6000/MainControlBoard/XMC/XMC4200/Libraries/CMSIS/Include\core_cm4.h **** #define SCnSCB_ICTR_INTLINESNUM_Msk        (0xFUL /*<< SCnSCB_ICTR_INTLINESNUM_Pos*/)  /*!< ICTR: I
 734:D:/Projekty/TrinityTrack6000/MainControlBoard/XMC/XMC4200/Libraries/CMSIS/Include\core_cm4.h **** 
 735:D:/Projekty/TrinityTrack6000/MainControlBoard/XMC/XMC4200/Libraries/CMSIS/Include\core_cm4.h **** /* Auxiliary Control Register Definitions */
 736:D:/Projekty/TrinityTrack6000/MainControlBoard/XMC/XMC4200/Libraries/CMSIS/Include\core_cm4.h **** #define SCnSCB_ACTLR_DISOOFP_Pos            9U                                         /*!< ACTLR: 
 737:D:/Projekty/TrinityTrack6000/MainControlBoard/XMC/XMC4200/Libraries/CMSIS/Include\core_cm4.h **** #define SCnSCB_ACTLR_DISOOFP_Msk           (1UL << SCnSCB_ACTLR_DISOOFP_Pos)           /*!< ACTLR: 
 738:D:/Projekty/TrinityTrack6000/MainControlBoard/XMC/XMC4200/Libraries/CMSIS/Include\core_cm4.h **** 
 739:D:/Projekty/TrinityTrack6000/MainControlBoard/XMC/XMC4200/Libraries/CMSIS/Include\core_cm4.h **** #define SCnSCB_ACTLR_DISFPCA_Pos            8U                                         /*!< ACTLR: 
 740:D:/Projekty/TrinityTrack6000/MainControlBoard/XMC/XMC4200/Libraries/CMSIS/Include\core_cm4.h **** #define SCnSCB_ACTLR_DISFPCA_Msk           (1UL << SCnSCB_ACTLR_DISFPCA_Pos)           /*!< ACTLR: 
 741:D:/Projekty/TrinityTrack6000/MainControlBoard/XMC/XMC4200/Libraries/CMSIS/Include\core_cm4.h **** 
 742:D:/Projekty/TrinityTrack6000/MainControlBoard/XMC/XMC4200/Libraries/CMSIS/Include\core_cm4.h **** #define SCnSCB_ACTLR_DISFOLD_Pos            2U                                         /*!< ACTLR: 
 743:D:/Projekty/TrinityTrack6000/MainControlBoard/XMC/XMC4200/Libraries/CMSIS/Include\core_cm4.h **** #define SCnSCB_ACTLR_DISFOLD_Msk           (1UL << SCnSCB_ACTLR_DISFOLD_Pos)           /*!< ACTLR: 
 744:D:/Projekty/TrinityTrack6000/MainControlBoard/XMC/XMC4200/Libraries/CMSIS/Include\core_cm4.h **** 
 745:D:/Projekty/TrinityTrack6000/MainControlBoard/XMC/XMC4200/Libraries/CMSIS/Include\core_cm4.h **** #define SCnSCB_ACTLR_DISDEFWBUF_Pos         1U                                         /*!< ACTLR: 
 746:D:/Projekty/TrinityTrack6000/MainControlBoard/XMC/XMC4200/Libraries/CMSIS/Include\core_cm4.h **** #define SCnSCB_ACTLR_DISDEFWBUF_Msk        (1UL << SCnSCB_ACTLR_DISDEFWBUF_Pos)        /*!< ACTLR: 
 747:D:/Projekty/TrinityTrack6000/MainControlBoard/XMC/XMC4200/Libraries/CMSIS/Include\core_cm4.h **** 
 748:D:/Projekty/TrinityTrack6000/MainControlBoard/XMC/XMC4200/Libraries/CMSIS/Include\core_cm4.h **** #define SCnSCB_ACTLR_DISMCYCINT_Pos         0U                                         /*!< ACTLR: 
 749:D:/Projekty/TrinityTrack6000/MainControlBoard/XMC/XMC4200/Libraries/CMSIS/Include\core_cm4.h **** #define SCnSCB_ACTLR_DISMCYCINT_Msk        (1UL /*<< SCnSCB_ACTLR_DISMCYCINT_Pos*/)    /*!< ACTLR: 
 750:D:/Projekty/TrinityTrack6000/MainControlBoard/XMC/XMC4200/Libraries/CMSIS/Include\core_cm4.h **** 
 751:D:/Projekty/TrinityTrack6000/MainControlBoard/XMC/XMC4200/Libraries/CMSIS/Include\core_cm4.h **** /*@} end of group CMSIS_SCnotSCB */
 752:D:/Projekty/TrinityTrack6000/MainControlBoard/XMC/XMC4200/Libraries/CMSIS/Include\core_cm4.h **** 
 753:D:/Projekty/TrinityTrack6000/MainControlBoard/XMC/XMC4200/Libraries/CMSIS/Include\core_cm4.h **** 
 754:D:/Projekty/TrinityTrack6000/MainControlBoard/XMC/XMC4200/Libraries/CMSIS/Include\core_cm4.h **** /**
 755:D:/Projekty/TrinityTrack6000/MainControlBoard/XMC/XMC4200/Libraries/CMSIS/Include\core_cm4.h ****   \ingroup  CMSIS_core_register
 756:D:/Projekty/TrinityTrack6000/MainControlBoard/XMC/XMC4200/Libraries/CMSIS/Include\core_cm4.h ****   \defgroup CMSIS_SysTick     System Tick Timer (SysTick)
 757:D:/Projekty/TrinityTrack6000/MainControlBoard/XMC/XMC4200/Libraries/CMSIS/Include\core_cm4.h ****   \brief    Type definitions for the System Timer Registers.
 758:D:/Projekty/TrinityTrack6000/MainControlBoard/XMC/XMC4200/Libraries/CMSIS/Include\core_cm4.h ****   @{
 759:D:/Projekty/TrinityTrack6000/MainControlBoard/XMC/XMC4200/Libraries/CMSIS/Include\core_cm4.h ****  */
 760:D:/Projekty/TrinityTrack6000/MainControlBoard/XMC/XMC4200/Libraries/CMSIS/Include\core_cm4.h **** 
 761:D:/Projekty/TrinityTrack6000/MainControlBoard/XMC/XMC4200/Libraries/CMSIS/Include\core_cm4.h **** /**
 762:D:/Projekty/TrinityTrack6000/MainControlBoard/XMC/XMC4200/Libraries/CMSIS/Include\core_cm4.h ****   \brief  Structure type to access the System Timer (SysTick).
 763:D:/Projekty/TrinityTrack6000/MainControlBoard/XMC/XMC4200/Libraries/CMSIS/Include\core_cm4.h ****  */
 764:D:/Projekty/TrinityTrack6000/MainControlBoard/XMC/XMC4200/Libraries/CMSIS/Include\core_cm4.h **** typedef struct
 765:D:/Projekty/TrinityTrack6000/MainControlBoard/XMC/XMC4200/Libraries/CMSIS/Include\core_cm4.h **** {
 766:D:/Projekty/TrinityTrack6000/MainControlBoard/XMC/XMC4200/Libraries/CMSIS/Include\core_cm4.h ****   __IOM uint32_t CTRL;                   /*!< Offset: 0x000 (R/W)  SysTick Control and Status Regis
 767:D:/Projekty/TrinityTrack6000/MainControlBoard/XMC/XMC4200/Libraries/CMSIS/Include\core_cm4.h ****   __IOM uint32_t LOAD;                   /*!< Offset: 0x004 (R/W)  SysTick Reload Value Register */
 768:D:/Projekty/TrinityTrack6000/MainControlBoard/XMC/XMC4200/Libraries/CMSIS/Include\core_cm4.h ****   __IOM uint32_t VAL;                    /*!< Offset: 0x008 (R/W)  SysTick Current Value Register *
 769:D:/Projekty/TrinityTrack6000/MainControlBoard/XMC/XMC4200/Libraries/CMSIS/Include\core_cm4.h ****   __IM  uint32_t CALIB;                  /*!< Offset: 0x00C (R/ )  SysTick Calibration Register */
 770:D:/Projekty/TrinityTrack6000/MainControlBoard/XMC/XMC4200/Libraries/CMSIS/Include\core_cm4.h **** } SysTick_Type;
 771:D:/Projekty/TrinityTrack6000/MainControlBoard/XMC/XMC4200/Libraries/CMSIS/Include\core_cm4.h **** 
 772:D:/Projekty/TrinityTrack6000/MainControlBoard/XMC/XMC4200/Libraries/CMSIS/Include\core_cm4.h **** /* SysTick Control / Status Register Definitions */
 773:D:/Projekty/TrinityTrack6000/MainControlBoard/XMC/XMC4200/Libraries/CMSIS/Include\core_cm4.h **** #define SysTick_CTRL_COUNTFLAG_Pos         16U                                            /*!< SysT
 774:D:/Projekty/TrinityTrack6000/MainControlBoard/XMC/XMC4200/Libraries/CMSIS/Include\core_cm4.h **** #define SysTick_CTRL_COUNTFLAG_Msk         (1UL << SysTick_CTRL_COUNTFLAG_Pos)            /*!< SysT
 775:D:/Projekty/TrinityTrack6000/MainControlBoard/XMC/XMC4200/Libraries/CMSIS/Include\core_cm4.h **** 
 776:D:/Projekty/TrinityTrack6000/MainControlBoard/XMC/XMC4200/Libraries/CMSIS/Include\core_cm4.h **** #define SysTick_CTRL_CLKSOURCE_Pos          2U                                            /*!< SysT
 777:D:/Projekty/TrinityTrack6000/MainControlBoard/XMC/XMC4200/Libraries/CMSIS/Include\core_cm4.h **** #define SysTick_CTRL_CLKSOURCE_Msk         (1UL << SysTick_CTRL_CLKSOURCE_Pos)            /*!< SysT
 778:D:/Projekty/TrinityTrack6000/MainControlBoard/XMC/XMC4200/Libraries/CMSIS/Include\core_cm4.h **** 
 779:D:/Projekty/TrinityTrack6000/MainControlBoard/XMC/XMC4200/Libraries/CMSIS/Include\core_cm4.h **** #define SysTick_CTRL_TICKINT_Pos            1U                                            /*!< SysT
 780:D:/Projekty/TrinityTrack6000/MainControlBoard/XMC/XMC4200/Libraries/CMSIS/Include\core_cm4.h **** #define SysTick_CTRL_TICKINT_Msk           (1UL << SysTick_CTRL_TICKINT_Pos)              /*!< SysT
 781:D:/Projekty/TrinityTrack6000/MainControlBoard/XMC/XMC4200/Libraries/CMSIS/Include\core_cm4.h **** 
 782:D:/Projekty/TrinityTrack6000/MainControlBoard/XMC/XMC4200/Libraries/CMSIS/Include\core_cm4.h **** #define SysTick_CTRL_ENABLE_Pos             0U                                            /*!< SysT
 783:D:/Projekty/TrinityTrack6000/MainControlBoard/XMC/XMC4200/Libraries/CMSIS/Include\core_cm4.h **** #define SysTick_CTRL_ENABLE_Msk            (1UL /*<< SysTick_CTRL_ENABLE_Pos*/)           /*!< SysT
 784:D:/Projekty/TrinityTrack6000/MainControlBoard/XMC/XMC4200/Libraries/CMSIS/Include\core_cm4.h **** 
 785:D:/Projekty/TrinityTrack6000/MainControlBoard/XMC/XMC4200/Libraries/CMSIS/Include\core_cm4.h **** /* SysTick Reload Register Definitions */
 786:D:/Projekty/TrinityTrack6000/MainControlBoard/XMC/XMC4200/Libraries/CMSIS/Include\core_cm4.h **** #define SysTick_LOAD_RELOAD_Pos             0U                                            /*!< SysT
 787:D:/Projekty/TrinityTrack6000/MainControlBoard/XMC/XMC4200/Libraries/CMSIS/Include\core_cm4.h **** #define SysTick_LOAD_RELOAD_Msk            (0xFFFFFFUL /*<< SysTick_LOAD_RELOAD_Pos*/)    /*!< SysT
 788:D:/Projekty/TrinityTrack6000/MainControlBoard/XMC/XMC4200/Libraries/CMSIS/Include\core_cm4.h **** 
 789:D:/Projekty/TrinityTrack6000/MainControlBoard/XMC/XMC4200/Libraries/CMSIS/Include\core_cm4.h **** /* SysTick Current Register Definitions */
 790:D:/Projekty/TrinityTrack6000/MainControlBoard/XMC/XMC4200/Libraries/CMSIS/Include\core_cm4.h **** #define SysTick_VAL_CURRENT_Pos             0U                                            /*!< SysT
 791:D:/Projekty/TrinityTrack6000/MainControlBoard/XMC/XMC4200/Libraries/CMSIS/Include\core_cm4.h **** #define SysTick_VAL_CURRENT_Msk            (0xFFFFFFUL /*<< SysTick_VAL_CURRENT_Pos*/)    /*!< SysT
 792:D:/Projekty/TrinityTrack6000/MainControlBoard/XMC/XMC4200/Libraries/CMSIS/Include\core_cm4.h **** 
 793:D:/Projekty/TrinityTrack6000/MainControlBoard/XMC/XMC4200/Libraries/CMSIS/Include\core_cm4.h **** /* SysTick Calibration Register Definitions */
 794:D:/Projekty/TrinityTrack6000/MainControlBoard/XMC/XMC4200/Libraries/CMSIS/Include\core_cm4.h **** #define SysTick_CALIB_NOREF_Pos            31U                                            /*!< SysT
 795:D:/Projekty/TrinityTrack6000/MainControlBoard/XMC/XMC4200/Libraries/CMSIS/Include\core_cm4.h **** #define SysTick_CALIB_NOREF_Msk            (1UL << SysTick_CALIB_NOREF_Pos)               /*!< SysT
 796:D:/Projekty/TrinityTrack6000/MainControlBoard/XMC/XMC4200/Libraries/CMSIS/Include\core_cm4.h **** 
 797:D:/Projekty/TrinityTrack6000/MainControlBoard/XMC/XMC4200/Libraries/CMSIS/Include\core_cm4.h **** #define SysTick_CALIB_SKEW_Pos             30U                                            /*!< SysT
 798:D:/Projekty/TrinityTrack6000/MainControlBoard/XMC/XMC4200/Libraries/CMSIS/Include\core_cm4.h **** #define SysTick_CALIB_SKEW_Msk             (1UL << SysTick_CALIB_SKEW_Pos)                /*!< SysT
 799:D:/Projekty/TrinityTrack6000/MainControlBoard/XMC/XMC4200/Libraries/CMSIS/Include\core_cm4.h **** 
 800:D:/Projekty/TrinityTrack6000/MainControlBoard/XMC/XMC4200/Libraries/CMSIS/Include\core_cm4.h **** #define SysTick_CALIB_TENMS_Pos             0U                                            /*!< SysT
 801:D:/Projekty/TrinityTrack6000/MainControlBoard/XMC/XMC4200/Libraries/CMSIS/Include\core_cm4.h **** #define SysTick_CALIB_TENMS_Msk            (0xFFFFFFUL /*<< SysTick_CALIB_TENMS_Pos*/)    /*!< SysT
 802:D:/Projekty/TrinityTrack6000/MainControlBoard/XMC/XMC4200/Libraries/CMSIS/Include\core_cm4.h **** 
 803:D:/Projekty/TrinityTrack6000/MainControlBoard/XMC/XMC4200/Libraries/CMSIS/Include\core_cm4.h **** /*@} end of group CMSIS_SysTick */
 804:D:/Projekty/TrinityTrack6000/MainControlBoard/XMC/XMC4200/Libraries/CMSIS/Include\core_cm4.h **** 
 805:D:/Projekty/TrinityTrack6000/MainControlBoard/XMC/XMC4200/Libraries/CMSIS/Include\core_cm4.h **** 
 806:D:/Projekty/TrinityTrack6000/MainControlBoard/XMC/XMC4200/Libraries/CMSIS/Include\core_cm4.h **** /**
 807:D:/Projekty/TrinityTrack6000/MainControlBoard/XMC/XMC4200/Libraries/CMSIS/Include\core_cm4.h ****   \ingroup  CMSIS_core_register
 808:D:/Projekty/TrinityTrack6000/MainControlBoard/XMC/XMC4200/Libraries/CMSIS/Include\core_cm4.h ****   \defgroup CMSIS_ITM     Instrumentation Trace Macrocell (ITM)
 809:D:/Projekty/TrinityTrack6000/MainControlBoard/XMC/XMC4200/Libraries/CMSIS/Include\core_cm4.h ****   \brief    Type definitions for the Instrumentation Trace Macrocell (ITM)
 810:D:/Projekty/TrinityTrack6000/MainControlBoard/XMC/XMC4200/Libraries/CMSIS/Include\core_cm4.h ****   @{
 811:D:/Projekty/TrinityTrack6000/MainControlBoard/XMC/XMC4200/Libraries/CMSIS/Include\core_cm4.h ****  */
 812:D:/Projekty/TrinityTrack6000/MainControlBoard/XMC/XMC4200/Libraries/CMSIS/Include\core_cm4.h **** 
 813:D:/Projekty/TrinityTrack6000/MainControlBoard/XMC/XMC4200/Libraries/CMSIS/Include\core_cm4.h **** /**
 814:D:/Projekty/TrinityTrack6000/MainControlBoard/XMC/XMC4200/Libraries/CMSIS/Include\core_cm4.h ****   \brief  Structure type to access the Instrumentation Trace Macrocell Register (ITM).
 815:D:/Projekty/TrinityTrack6000/MainControlBoard/XMC/XMC4200/Libraries/CMSIS/Include\core_cm4.h ****  */
 816:D:/Projekty/TrinityTrack6000/MainControlBoard/XMC/XMC4200/Libraries/CMSIS/Include\core_cm4.h **** typedef struct
 817:D:/Projekty/TrinityTrack6000/MainControlBoard/XMC/XMC4200/Libraries/CMSIS/Include\core_cm4.h **** {
 818:D:/Projekty/TrinityTrack6000/MainControlBoard/XMC/XMC4200/Libraries/CMSIS/Include\core_cm4.h ****   __OM  union
 819:D:/Projekty/TrinityTrack6000/MainControlBoard/XMC/XMC4200/Libraries/CMSIS/Include\core_cm4.h ****   {
 820:D:/Projekty/TrinityTrack6000/MainControlBoard/XMC/XMC4200/Libraries/CMSIS/Include\core_cm4.h ****     __OM  uint8_t    u8;                 /*!< Offset: 0x000 ( /W)  ITM Stimulus Port 8-bit */
 821:D:/Projekty/TrinityTrack6000/MainControlBoard/XMC/XMC4200/Libraries/CMSIS/Include\core_cm4.h ****     __OM  uint16_t   u16;                /*!< Offset: 0x000 ( /W)  ITM Stimulus Port 16-bit */
 822:D:/Projekty/TrinityTrack6000/MainControlBoard/XMC/XMC4200/Libraries/CMSIS/Include\core_cm4.h ****     __OM  uint32_t   u32;                /*!< Offset: 0x000 ( /W)  ITM Stimulus Port 32-bit */
 823:D:/Projekty/TrinityTrack6000/MainControlBoard/XMC/XMC4200/Libraries/CMSIS/Include\core_cm4.h ****   }  PORT [32U];                         /*!< Offset: 0x000 ( /W)  ITM Stimulus Port Registers */
 824:D:/Projekty/TrinityTrack6000/MainControlBoard/XMC/XMC4200/Libraries/CMSIS/Include\core_cm4.h ****         uint32_t RESERVED0[864U];
 825:D:/Projekty/TrinityTrack6000/MainControlBoard/XMC/XMC4200/Libraries/CMSIS/Include\core_cm4.h ****   __IOM uint32_t TER;                    /*!< Offset: 0xE00 (R/W)  ITM Trace Enable Register */
 826:D:/Projekty/TrinityTrack6000/MainControlBoard/XMC/XMC4200/Libraries/CMSIS/Include\core_cm4.h ****         uint32_t RESERVED1[15U];
 827:D:/Projekty/TrinityTrack6000/MainControlBoard/XMC/XMC4200/Libraries/CMSIS/Include\core_cm4.h ****   __IOM uint32_t TPR;                    /*!< Offset: 0xE40 (R/W)  ITM Trace Privilege Register */
 828:D:/Projekty/TrinityTrack6000/MainControlBoard/XMC/XMC4200/Libraries/CMSIS/Include\core_cm4.h ****         uint32_t RESERVED2[15U];
 829:D:/Projekty/TrinityTrack6000/MainControlBoard/XMC/XMC4200/Libraries/CMSIS/Include\core_cm4.h ****   __IOM uint32_t TCR;                    /*!< Offset: 0xE80 (R/W)  ITM Trace Control Register */
 830:D:/Projekty/TrinityTrack6000/MainControlBoard/XMC/XMC4200/Libraries/CMSIS/Include\core_cm4.h ****         uint32_t RESERVED3[32U];
 831:D:/Projekty/TrinityTrack6000/MainControlBoard/XMC/XMC4200/Libraries/CMSIS/Include\core_cm4.h ****         uint32_t RESERVED4[43U];
 832:D:/Projekty/TrinityTrack6000/MainControlBoard/XMC/XMC4200/Libraries/CMSIS/Include\core_cm4.h ****   __OM  uint32_t LAR;                    /*!< Offset: 0xFB0 ( /W)  ITM Lock Access Register */
 833:D:/Projekty/TrinityTrack6000/MainControlBoard/XMC/XMC4200/Libraries/CMSIS/Include\core_cm4.h ****   __IM  uint32_t LSR;                    /*!< Offset: 0xFB4 (R/ )  ITM Lock Status Register */
 834:D:/Projekty/TrinityTrack6000/MainControlBoard/XMC/XMC4200/Libraries/CMSIS/Include\core_cm4.h ****         uint32_t RESERVED5[6U];
 835:D:/Projekty/TrinityTrack6000/MainControlBoard/XMC/XMC4200/Libraries/CMSIS/Include\core_cm4.h ****   __IM  uint32_t PID4;                   /*!< Offset: 0xFD0 (R/ )  ITM Peripheral Identification Re
 836:D:/Projekty/TrinityTrack6000/MainControlBoard/XMC/XMC4200/Libraries/CMSIS/Include\core_cm4.h ****   __IM  uint32_t PID5;                   /*!< Offset: 0xFD4 (R/ )  ITM Peripheral Identification Re
 837:D:/Projekty/TrinityTrack6000/MainControlBoard/XMC/XMC4200/Libraries/CMSIS/Include\core_cm4.h ****   __IM  uint32_t PID6;                   /*!< Offset: 0xFD8 (R/ )  ITM Peripheral Identification Re
 838:D:/Projekty/TrinityTrack6000/MainControlBoard/XMC/XMC4200/Libraries/CMSIS/Include\core_cm4.h ****   __IM  uint32_t PID7;                   /*!< Offset: 0xFDC (R/ )  ITM Peripheral Identification Re
 839:D:/Projekty/TrinityTrack6000/MainControlBoard/XMC/XMC4200/Libraries/CMSIS/Include\core_cm4.h ****   __IM  uint32_t PID0;                   /*!< Offset: 0xFE0 (R/ )  ITM Peripheral Identification Re
 840:D:/Projekty/TrinityTrack6000/MainControlBoard/XMC/XMC4200/Libraries/CMSIS/Include\core_cm4.h ****   __IM  uint32_t PID1;                   /*!< Offset: 0xFE4 (R/ )  ITM Peripheral Identification Re
 841:D:/Projekty/TrinityTrack6000/MainControlBoard/XMC/XMC4200/Libraries/CMSIS/Include\core_cm4.h ****   __IM  uint32_t PID2;                   /*!< Offset: 0xFE8 (R/ )  ITM Peripheral Identification Re
 842:D:/Projekty/TrinityTrack6000/MainControlBoard/XMC/XMC4200/Libraries/CMSIS/Include\core_cm4.h ****   __IM  uint32_t PID3;                   /*!< Offset: 0xFEC (R/ )  ITM Peripheral Identification Re
 843:D:/Projekty/TrinityTrack6000/MainControlBoard/XMC/XMC4200/Libraries/CMSIS/Include\core_cm4.h ****   __IM  uint32_t CID0;                   /*!< Offset: 0xFF0 (R/ )  ITM Component  Identification Re
 844:D:/Projekty/TrinityTrack6000/MainControlBoard/XMC/XMC4200/Libraries/CMSIS/Include\core_cm4.h ****   __IM  uint32_t CID1;                   /*!< Offset: 0xFF4 (R/ )  ITM Component  Identification Re
 845:D:/Projekty/TrinityTrack6000/MainControlBoard/XMC/XMC4200/Libraries/CMSIS/Include\core_cm4.h ****   __IM  uint32_t CID2;                   /*!< Offset: 0xFF8 (R/ )  ITM Component  Identification Re
 846:D:/Projekty/TrinityTrack6000/MainControlBoard/XMC/XMC4200/Libraries/CMSIS/Include\core_cm4.h ****   __IM  uint32_t CID3;                   /*!< Offset: 0xFFC (R/ )  ITM Component  Identification Re
 847:D:/Projekty/TrinityTrack6000/MainControlBoard/XMC/XMC4200/Libraries/CMSIS/Include\core_cm4.h **** } ITM_Type;
 848:D:/Projekty/TrinityTrack6000/MainControlBoard/XMC/XMC4200/Libraries/CMSIS/Include\core_cm4.h **** 
 849:D:/Projekty/TrinityTrack6000/MainControlBoard/XMC/XMC4200/Libraries/CMSIS/Include\core_cm4.h **** /* ITM Trace Privilege Register Definitions */
 850:D:/Projekty/TrinityTrack6000/MainControlBoard/XMC/XMC4200/Libraries/CMSIS/Include\core_cm4.h **** #define ITM_TPR_PRIVMASK_Pos                0U                                            /*!< ITM 
 851:D:/Projekty/TrinityTrack6000/MainControlBoard/XMC/XMC4200/Libraries/CMSIS/Include\core_cm4.h **** #define ITM_TPR_PRIVMASK_Msk               (0xFFFFFFFFUL /*<< ITM_TPR_PRIVMASK_Pos*/)     /*!< ITM 
 852:D:/Projekty/TrinityTrack6000/MainControlBoard/XMC/XMC4200/Libraries/CMSIS/Include\core_cm4.h **** 
 853:D:/Projekty/TrinityTrack6000/MainControlBoard/XMC/XMC4200/Libraries/CMSIS/Include\core_cm4.h **** /* ITM Trace Control Register Definitions */
 854:D:/Projekty/TrinityTrack6000/MainControlBoard/XMC/XMC4200/Libraries/CMSIS/Include\core_cm4.h **** #define ITM_TCR_BUSY_Pos                   23U                                            /*!< ITM 
 855:D:/Projekty/TrinityTrack6000/MainControlBoard/XMC/XMC4200/Libraries/CMSIS/Include\core_cm4.h **** #define ITM_TCR_BUSY_Msk                   (1UL << ITM_TCR_BUSY_Pos)                      /*!< ITM 
 856:D:/Projekty/TrinityTrack6000/MainControlBoard/XMC/XMC4200/Libraries/CMSIS/Include\core_cm4.h **** 
 857:D:/Projekty/TrinityTrack6000/MainControlBoard/XMC/XMC4200/Libraries/CMSIS/Include\core_cm4.h **** #define ITM_TCR_TraceBusID_Pos             16U                                            /*!< ITM 
 858:D:/Projekty/TrinityTrack6000/MainControlBoard/XMC/XMC4200/Libraries/CMSIS/Include\core_cm4.h **** #define ITM_TCR_TraceBusID_Msk             (0x7FUL << ITM_TCR_TraceBusID_Pos)             /*!< ITM 
 859:D:/Projekty/TrinityTrack6000/MainControlBoard/XMC/XMC4200/Libraries/CMSIS/Include\core_cm4.h **** 
 860:D:/Projekty/TrinityTrack6000/MainControlBoard/XMC/XMC4200/Libraries/CMSIS/Include\core_cm4.h **** #define ITM_TCR_GTSFREQ_Pos                10U                                            /*!< ITM 
 861:D:/Projekty/TrinityTrack6000/MainControlBoard/XMC/XMC4200/Libraries/CMSIS/Include\core_cm4.h **** #define ITM_TCR_GTSFREQ_Msk                (3UL << ITM_TCR_GTSFREQ_Pos)                   /*!< ITM 
 862:D:/Projekty/TrinityTrack6000/MainControlBoard/XMC/XMC4200/Libraries/CMSIS/Include\core_cm4.h **** 
 863:D:/Projekty/TrinityTrack6000/MainControlBoard/XMC/XMC4200/Libraries/CMSIS/Include\core_cm4.h **** #define ITM_TCR_TSPrescale_Pos              8U                                            /*!< ITM 
 864:D:/Projekty/TrinityTrack6000/MainControlBoard/XMC/XMC4200/Libraries/CMSIS/Include\core_cm4.h **** #define ITM_TCR_TSPrescale_Msk             (3UL << ITM_TCR_TSPrescale_Pos)                /*!< ITM 
 865:D:/Projekty/TrinityTrack6000/MainControlBoard/XMC/XMC4200/Libraries/CMSIS/Include\core_cm4.h **** 
 866:D:/Projekty/TrinityTrack6000/MainControlBoard/XMC/XMC4200/Libraries/CMSIS/Include\core_cm4.h **** #define ITM_TCR_SWOENA_Pos                  4U                                            /*!< ITM 
 867:D:/Projekty/TrinityTrack6000/MainControlBoard/XMC/XMC4200/Libraries/CMSIS/Include\core_cm4.h **** #define ITM_TCR_SWOENA_Msk                 (1UL << ITM_TCR_SWOENA_Pos)                    /*!< ITM 
 868:D:/Projekty/TrinityTrack6000/MainControlBoard/XMC/XMC4200/Libraries/CMSIS/Include\core_cm4.h **** 
 869:D:/Projekty/TrinityTrack6000/MainControlBoard/XMC/XMC4200/Libraries/CMSIS/Include\core_cm4.h **** #define ITM_TCR_DWTENA_Pos                  3U                                            /*!< ITM 
 870:D:/Projekty/TrinityTrack6000/MainControlBoard/XMC/XMC4200/Libraries/CMSIS/Include\core_cm4.h **** #define ITM_TCR_DWTENA_Msk                 (1UL << ITM_TCR_DWTENA_Pos)                    /*!< ITM 
 871:D:/Projekty/TrinityTrack6000/MainControlBoard/XMC/XMC4200/Libraries/CMSIS/Include\core_cm4.h **** 
 872:D:/Projekty/TrinityTrack6000/MainControlBoard/XMC/XMC4200/Libraries/CMSIS/Include\core_cm4.h **** #define ITM_TCR_SYNCENA_Pos                 2U                                            /*!< ITM 
 873:D:/Projekty/TrinityTrack6000/MainControlBoard/XMC/XMC4200/Libraries/CMSIS/Include\core_cm4.h **** #define ITM_TCR_SYNCENA_Msk                (1UL << ITM_TCR_SYNCENA_Pos)                   /*!< ITM 
 874:D:/Projekty/TrinityTrack6000/MainControlBoard/XMC/XMC4200/Libraries/CMSIS/Include\core_cm4.h **** 
 875:D:/Projekty/TrinityTrack6000/MainControlBoard/XMC/XMC4200/Libraries/CMSIS/Include\core_cm4.h **** #define ITM_TCR_TSENA_Pos                   1U                                            /*!< ITM 
 876:D:/Projekty/TrinityTrack6000/MainControlBoard/XMC/XMC4200/Libraries/CMSIS/Include\core_cm4.h **** #define ITM_TCR_TSENA_Msk                  (1UL << ITM_TCR_TSENA_Pos)                     /*!< ITM 
 877:D:/Projekty/TrinityTrack6000/MainControlBoard/XMC/XMC4200/Libraries/CMSIS/Include\core_cm4.h **** 
 878:D:/Projekty/TrinityTrack6000/MainControlBoard/XMC/XMC4200/Libraries/CMSIS/Include\core_cm4.h **** #define ITM_TCR_ITMENA_Pos                  0U                                            /*!< ITM 
 879:D:/Projekty/TrinityTrack6000/MainControlBoard/XMC/XMC4200/Libraries/CMSIS/Include\core_cm4.h **** #define ITM_TCR_ITMENA_Msk                 (1UL /*<< ITM_TCR_ITMENA_Pos*/)                /*!< ITM 
 880:D:/Projekty/TrinityTrack6000/MainControlBoard/XMC/XMC4200/Libraries/CMSIS/Include\core_cm4.h **** 
 881:D:/Projekty/TrinityTrack6000/MainControlBoard/XMC/XMC4200/Libraries/CMSIS/Include\core_cm4.h **** /* ITM Lock Status Register Definitions */
 882:D:/Projekty/TrinityTrack6000/MainControlBoard/XMC/XMC4200/Libraries/CMSIS/Include\core_cm4.h **** #define ITM_LSR_ByteAcc_Pos                 2U                                            /*!< ITM 
 883:D:/Projekty/TrinityTrack6000/MainControlBoard/XMC/XMC4200/Libraries/CMSIS/Include\core_cm4.h **** #define ITM_LSR_ByteAcc_Msk                (1UL << ITM_LSR_ByteAcc_Pos)                   /*!< ITM 
 884:D:/Projekty/TrinityTrack6000/MainControlBoard/XMC/XMC4200/Libraries/CMSIS/Include\core_cm4.h **** 
 885:D:/Projekty/TrinityTrack6000/MainControlBoard/XMC/XMC4200/Libraries/CMSIS/Include\core_cm4.h **** #define ITM_LSR_Access_Pos                  1U                                            /*!< ITM 
 886:D:/Projekty/TrinityTrack6000/MainControlBoard/XMC/XMC4200/Libraries/CMSIS/Include\core_cm4.h **** #define ITM_LSR_Access_Msk                 (1UL << ITM_LSR_Access_Pos)                    /*!< ITM 
 887:D:/Projekty/TrinityTrack6000/MainControlBoard/XMC/XMC4200/Libraries/CMSIS/Include\core_cm4.h **** 
 888:D:/Projekty/TrinityTrack6000/MainControlBoard/XMC/XMC4200/Libraries/CMSIS/Include\core_cm4.h **** #define ITM_LSR_Present_Pos                 0U                                            /*!< ITM 
 889:D:/Projekty/TrinityTrack6000/MainControlBoard/XMC/XMC4200/Libraries/CMSIS/Include\core_cm4.h **** #define ITM_LSR_Present_Msk                (1UL /*<< ITM_LSR_Present_Pos*/)               /*!< ITM 
 890:D:/Projekty/TrinityTrack6000/MainControlBoard/XMC/XMC4200/Libraries/CMSIS/Include\core_cm4.h **** 
 891:D:/Projekty/TrinityTrack6000/MainControlBoard/XMC/XMC4200/Libraries/CMSIS/Include\core_cm4.h **** /*@}*/ /* end of group CMSIS_ITM */
 892:D:/Projekty/TrinityTrack6000/MainControlBoard/XMC/XMC4200/Libraries/CMSIS/Include\core_cm4.h **** 
 893:D:/Projekty/TrinityTrack6000/MainControlBoard/XMC/XMC4200/Libraries/CMSIS/Include\core_cm4.h **** 
 894:D:/Projekty/TrinityTrack6000/MainControlBoard/XMC/XMC4200/Libraries/CMSIS/Include\core_cm4.h **** /**
 895:D:/Projekty/TrinityTrack6000/MainControlBoard/XMC/XMC4200/Libraries/CMSIS/Include\core_cm4.h ****   \ingroup  CMSIS_core_register
 896:D:/Projekty/TrinityTrack6000/MainControlBoard/XMC/XMC4200/Libraries/CMSIS/Include\core_cm4.h ****   \defgroup CMSIS_DWT     Data Watchpoint and Trace (DWT)
 897:D:/Projekty/TrinityTrack6000/MainControlBoard/XMC/XMC4200/Libraries/CMSIS/Include\core_cm4.h ****   \brief    Type definitions for the Data Watchpoint and Trace (DWT)
 898:D:/Projekty/TrinityTrack6000/MainControlBoard/XMC/XMC4200/Libraries/CMSIS/Include\core_cm4.h ****   @{
 899:D:/Projekty/TrinityTrack6000/MainControlBoard/XMC/XMC4200/Libraries/CMSIS/Include\core_cm4.h ****  */
 900:D:/Projekty/TrinityTrack6000/MainControlBoard/XMC/XMC4200/Libraries/CMSIS/Include\core_cm4.h **** 
 901:D:/Projekty/TrinityTrack6000/MainControlBoard/XMC/XMC4200/Libraries/CMSIS/Include\core_cm4.h **** /**
 902:D:/Projekty/TrinityTrack6000/MainControlBoard/XMC/XMC4200/Libraries/CMSIS/Include\core_cm4.h ****   \brief  Structure type to access the Data Watchpoint and Trace Register (DWT).
 903:D:/Projekty/TrinityTrack6000/MainControlBoard/XMC/XMC4200/Libraries/CMSIS/Include\core_cm4.h ****  */
 904:D:/Projekty/TrinityTrack6000/MainControlBoard/XMC/XMC4200/Libraries/CMSIS/Include\core_cm4.h **** typedef struct
 905:D:/Projekty/TrinityTrack6000/MainControlBoard/XMC/XMC4200/Libraries/CMSIS/Include\core_cm4.h **** {
 906:D:/Projekty/TrinityTrack6000/MainControlBoard/XMC/XMC4200/Libraries/CMSIS/Include\core_cm4.h ****   __IOM uint32_t CTRL;                   /*!< Offset: 0x000 (R/W)  Control Register */
 907:D:/Projekty/TrinityTrack6000/MainControlBoard/XMC/XMC4200/Libraries/CMSIS/Include\core_cm4.h ****   __IOM uint32_t CYCCNT;                 /*!< Offset: 0x004 (R/W)  Cycle Count Register */
 908:D:/Projekty/TrinityTrack6000/MainControlBoard/XMC/XMC4200/Libraries/CMSIS/Include\core_cm4.h ****   __IOM uint32_t CPICNT;                 /*!< Offset: 0x008 (R/W)  CPI Count Register */
 909:D:/Projekty/TrinityTrack6000/MainControlBoard/XMC/XMC4200/Libraries/CMSIS/Include\core_cm4.h ****   __IOM uint32_t EXCCNT;                 /*!< Offset: 0x00C (R/W)  Exception Overhead Count Registe
 910:D:/Projekty/TrinityTrack6000/MainControlBoard/XMC/XMC4200/Libraries/CMSIS/Include\core_cm4.h ****   __IOM uint32_t SLEEPCNT;               /*!< Offset: 0x010 (R/W)  Sleep Count Register */
 911:D:/Projekty/TrinityTrack6000/MainControlBoard/XMC/XMC4200/Libraries/CMSIS/Include\core_cm4.h ****   __IOM uint32_t LSUCNT;                 /*!< Offset: 0x014 (R/W)  LSU Count Register */
 912:D:/Projekty/TrinityTrack6000/MainControlBoard/XMC/XMC4200/Libraries/CMSIS/Include\core_cm4.h ****   __IOM uint32_t FOLDCNT;                /*!< Offset: 0x018 (R/W)  Folded-instruction Count Registe
 913:D:/Projekty/TrinityTrack6000/MainControlBoard/XMC/XMC4200/Libraries/CMSIS/Include\core_cm4.h ****   __IM  uint32_t PCSR;                   /*!< Offset: 0x01C (R/ )  Program Counter Sample Register 
 914:D:/Projekty/TrinityTrack6000/MainControlBoard/XMC/XMC4200/Libraries/CMSIS/Include\core_cm4.h ****   __IOM uint32_t COMP0;                  /*!< Offset: 0x020 (R/W)  Comparator Register 0 */
 915:D:/Projekty/TrinityTrack6000/MainControlBoard/XMC/XMC4200/Libraries/CMSIS/Include\core_cm4.h ****   __IOM uint32_t MASK0;                  /*!< Offset: 0x024 (R/W)  Mask Register 0 */
 916:D:/Projekty/TrinityTrack6000/MainControlBoard/XMC/XMC4200/Libraries/CMSIS/Include\core_cm4.h ****   __IOM uint32_t FUNCTION0;              /*!< Offset: 0x028 (R/W)  Function Register 0 */
 917:D:/Projekty/TrinityTrack6000/MainControlBoard/XMC/XMC4200/Libraries/CMSIS/Include\core_cm4.h ****         uint32_t RESERVED0[1U];
 918:D:/Projekty/TrinityTrack6000/MainControlBoard/XMC/XMC4200/Libraries/CMSIS/Include\core_cm4.h ****   __IOM uint32_t COMP1;                  /*!< Offset: 0x030 (R/W)  Comparator Register 1 */
 919:D:/Projekty/TrinityTrack6000/MainControlBoard/XMC/XMC4200/Libraries/CMSIS/Include\core_cm4.h ****   __IOM uint32_t MASK1;                  /*!< Offset: 0x034 (R/W)  Mask Register 1 */
 920:D:/Projekty/TrinityTrack6000/MainControlBoard/XMC/XMC4200/Libraries/CMSIS/Include\core_cm4.h ****   __IOM uint32_t FUNCTION1;              /*!< Offset: 0x038 (R/W)  Function Register 1 */
 921:D:/Projekty/TrinityTrack6000/MainControlBoard/XMC/XMC4200/Libraries/CMSIS/Include\core_cm4.h ****         uint32_t RESERVED1[1U];
 922:D:/Projekty/TrinityTrack6000/MainControlBoard/XMC/XMC4200/Libraries/CMSIS/Include\core_cm4.h ****   __IOM uint32_t COMP2;                  /*!< Offset: 0x040 (R/W)  Comparator Register 2 */
 923:D:/Projekty/TrinityTrack6000/MainControlBoard/XMC/XMC4200/Libraries/CMSIS/Include\core_cm4.h ****   __IOM uint32_t MASK2;                  /*!< Offset: 0x044 (R/W)  Mask Register 2 */
 924:D:/Projekty/TrinityTrack6000/MainControlBoard/XMC/XMC4200/Libraries/CMSIS/Include\core_cm4.h ****   __IOM uint32_t FUNCTION2;              /*!< Offset: 0x048 (R/W)  Function Register 2 */
 925:D:/Projekty/TrinityTrack6000/MainControlBoard/XMC/XMC4200/Libraries/CMSIS/Include\core_cm4.h ****         uint32_t RESERVED2[1U];
 926:D:/Projekty/TrinityTrack6000/MainControlBoard/XMC/XMC4200/Libraries/CMSIS/Include\core_cm4.h ****   __IOM uint32_t COMP3;                  /*!< Offset: 0x050 (R/W)  Comparator Register 3 */
 927:D:/Projekty/TrinityTrack6000/MainControlBoard/XMC/XMC4200/Libraries/CMSIS/Include\core_cm4.h ****   __IOM uint32_t MASK3;                  /*!< Offset: 0x054 (R/W)  Mask Register 3 */
 928:D:/Projekty/TrinityTrack6000/MainControlBoard/XMC/XMC4200/Libraries/CMSIS/Include\core_cm4.h ****   __IOM uint32_t FUNCTION3;              /*!< Offset: 0x058 (R/W)  Function Register 3 */
 929:D:/Projekty/TrinityTrack6000/MainControlBoard/XMC/XMC4200/Libraries/CMSIS/Include\core_cm4.h **** } DWT_Type;
 930:D:/Projekty/TrinityTrack6000/MainControlBoard/XMC/XMC4200/Libraries/CMSIS/Include\core_cm4.h **** 
 931:D:/Projekty/TrinityTrack6000/MainControlBoard/XMC/XMC4200/Libraries/CMSIS/Include\core_cm4.h **** /* DWT Control Register Definitions */
 932:D:/Projekty/TrinityTrack6000/MainControlBoard/XMC/XMC4200/Libraries/CMSIS/Include\core_cm4.h **** #define DWT_CTRL_NUMCOMP_Pos               28U                                         /*!< DWT CTR
 933:D:/Projekty/TrinityTrack6000/MainControlBoard/XMC/XMC4200/Libraries/CMSIS/Include\core_cm4.h **** #define DWT_CTRL_NUMCOMP_Msk               (0xFUL << DWT_CTRL_NUMCOMP_Pos)             /*!< DWT CTR
 934:D:/Projekty/TrinityTrack6000/MainControlBoard/XMC/XMC4200/Libraries/CMSIS/Include\core_cm4.h **** 
 935:D:/Projekty/TrinityTrack6000/MainControlBoard/XMC/XMC4200/Libraries/CMSIS/Include\core_cm4.h **** #define DWT_CTRL_NOTRCPKT_Pos              27U                                         /*!< DWT CTR
 936:D:/Projekty/TrinityTrack6000/MainControlBoard/XMC/XMC4200/Libraries/CMSIS/Include\core_cm4.h **** #define DWT_CTRL_NOTRCPKT_Msk              (0x1UL << DWT_CTRL_NOTRCPKT_Pos)            /*!< DWT CTR
 937:D:/Projekty/TrinityTrack6000/MainControlBoard/XMC/XMC4200/Libraries/CMSIS/Include\core_cm4.h **** 
 938:D:/Projekty/TrinityTrack6000/MainControlBoard/XMC/XMC4200/Libraries/CMSIS/Include\core_cm4.h **** #define DWT_CTRL_NOEXTTRIG_Pos             26U                                         /*!< DWT CTR
 939:D:/Projekty/TrinityTrack6000/MainControlBoard/XMC/XMC4200/Libraries/CMSIS/Include\core_cm4.h **** #define DWT_CTRL_NOEXTTRIG_Msk             (0x1UL << DWT_CTRL_NOEXTTRIG_Pos)           /*!< DWT CTR
 940:D:/Projekty/TrinityTrack6000/MainControlBoard/XMC/XMC4200/Libraries/CMSIS/Include\core_cm4.h **** 
 941:D:/Projekty/TrinityTrack6000/MainControlBoard/XMC/XMC4200/Libraries/CMSIS/Include\core_cm4.h **** #define DWT_CTRL_NOCYCCNT_Pos              25U                                         /*!< DWT CTR
 942:D:/Projekty/TrinityTrack6000/MainControlBoard/XMC/XMC4200/Libraries/CMSIS/Include\core_cm4.h **** #define DWT_CTRL_NOCYCCNT_Msk              (0x1UL << DWT_CTRL_NOCYCCNT_Pos)            /*!< DWT CTR
 943:D:/Projekty/TrinityTrack6000/MainControlBoard/XMC/XMC4200/Libraries/CMSIS/Include\core_cm4.h **** 
 944:D:/Projekty/TrinityTrack6000/MainControlBoard/XMC/XMC4200/Libraries/CMSIS/Include\core_cm4.h **** #define DWT_CTRL_NOPRFCNT_Pos              24U                                         /*!< DWT CTR
 945:D:/Projekty/TrinityTrack6000/MainControlBoard/XMC/XMC4200/Libraries/CMSIS/Include\core_cm4.h **** #define DWT_CTRL_NOPRFCNT_Msk              (0x1UL << DWT_CTRL_NOPRFCNT_Pos)            /*!< DWT CTR
 946:D:/Projekty/TrinityTrack6000/MainControlBoard/XMC/XMC4200/Libraries/CMSIS/Include\core_cm4.h **** 
 947:D:/Projekty/TrinityTrack6000/MainControlBoard/XMC/XMC4200/Libraries/CMSIS/Include\core_cm4.h **** #define DWT_CTRL_CYCEVTENA_Pos             22U                                         /*!< DWT CTR
 948:D:/Projekty/TrinityTrack6000/MainControlBoard/XMC/XMC4200/Libraries/CMSIS/Include\core_cm4.h **** #define DWT_CTRL_CYCEVTENA_Msk             (0x1UL << DWT_CTRL_CYCEVTENA_Pos)           /*!< DWT CTR
 949:D:/Projekty/TrinityTrack6000/MainControlBoard/XMC/XMC4200/Libraries/CMSIS/Include\core_cm4.h **** 
 950:D:/Projekty/TrinityTrack6000/MainControlBoard/XMC/XMC4200/Libraries/CMSIS/Include\core_cm4.h **** #define DWT_CTRL_FOLDEVTENA_Pos            21U                                         /*!< DWT CTR
 951:D:/Projekty/TrinityTrack6000/MainControlBoard/XMC/XMC4200/Libraries/CMSIS/Include\core_cm4.h **** #define DWT_CTRL_FOLDEVTENA_Msk            (0x1UL << DWT_CTRL_FOLDEVTENA_Pos)          /*!< DWT CTR
 952:D:/Projekty/TrinityTrack6000/MainControlBoard/XMC/XMC4200/Libraries/CMSIS/Include\core_cm4.h **** 
 953:D:/Projekty/TrinityTrack6000/MainControlBoard/XMC/XMC4200/Libraries/CMSIS/Include\core_cm4.h **** #define DWT_CTRL_LSUEVTENA_Pos             20U                                         /*!< DWT CTR
 954:D:/Projekty/TrinityTrack6000/MainControlBoard/XMC/XMC4200/Libraries/CMSIS/Include\core_cm4.h **** #define DWT_CTRL_LSUEVTENA_Msk             (0x1UL << DWT_CTRL_LSUEVTENA_Pos)           /*!< DWT CTR
 955:D:/Projekty/TrinityTrack6000/MainControlBoard/XMC/XMC4200/Libraries/CMSIS/Include\core_cm4.h **** 
 956:D:/Projekty/TrinityTrack6000/MainControlBoard/XMC/XMC4200/Libraries/CMSIS/Include\core_cm4.h **** #define DWT_CTRL_SLEEPEVTENA_Pos           19U                                         /*!< DWT CTR
 957:D:/Projekty/TrinityTrack6000/MainControlBoard/XMC/XMC4200/Libraries/CMSIS/Include\core_cm4.h **** #define DWT_CTRL_SLEEPEVTENA_Msk           (0x1UL << DWT_CTRL_SLEEPEVTENA_Pos)         /*!< DWT CTR
 958:D:/Projekty/TrinityTrack6000/MainControlBoard/XMC/XMC4200/Libraries/CMSIS/Include\core_cm4.h **** 
 959:D:/Projekty/TrinityTrack6000/MainControlBoard/XMC/XMC4200/Libraries/CMSIS/Include\core_cm4.h **** #define DWT_CTRL_EXCEVTENA_Pos             18U                                         /*!< DWT CTR
 960:D:/Projekty/TrinityTrack6000/MainControlBoard/XMC/XMC4200/Libraries/CMSIS/Include\core_cm4.h **** #define DWT_CTRL_EXCEVTENA_Msk             (0x1UL << DWT_CTRL_EXCEVTENA_Pos)           /*!< DWT CTR
 961:D:/Projekty/TrinityTrack6000/MainControlBoard/XMC/XMC4200/Libraries/CMSIS/Include\core_cm4.h **** 
 962:D:/Projekty/TrinityTrack6000/MainControlBoard/XMC/XMC4200/Libraries/CMSIS/Include\core_cm4.h **** #define DWT_CTRL_CPIEVTENA_Pos             17U                                         /*!< DWT CTR
 963:D:/Projekty/TrinityTrack6000/MainControlBoard/XMC/XMC4200/Libraries/CMSIS/Include\core_cm4.h **** #define DWT_CTRL_CPIEVTENA_Msk             (0x1UL << DWT_CTRL_CPIEVTENA_Pos)           /*!< DWT CTR
 964:D:/Projekty/TrinityTrack6000/MainControlBoard/XMC/XMC4200/Libraries/CMSIS/Include\core_cm4.h **** 
 965:D:/Projekty/TrinityTrack6000/MainControlBoard/XMC/XMC4200/Libraries/CMSIS/Include\core_cm4.h **** #define DWT_CTRL_EXCTRCENA_Pos             16U                                         /*!< DWT CTR
 966:D:/Projekty/TrinityTrack6000/MainControlBoard/XMC/XMC4200/Libraries/CMSIS/Include\core_cm4.h **** #define DWT_CTRL_EXCTRCENA_Msk             (0x1UL << DWT_CTRL_EXCTRCENA_Pos)           /*!< DWT CTR
 967:D:/Projekty/TrinityTrack6000/MainControlBoard/XMC/XMC4200/Libraries/CMSIS/Include\core_cm4.h **** 
 968:D:/Projekty/TrinityTrack6000/MainControlBoard/XMC/XMC4200/Libraries/CMSIS/Include\core_cm4.h **** #define DWT_CTRL_PCSAMPLENA_Pos            12U                                         /*!< DWT CTR
 969:D:/Projekty/TrinityTrack6000/MainControlBoard/XMC/XMC4200/Libraries/CMSIS/Include\core_cm4.h **** #define DWT_CTRL_PCSAMPLENA_Msk            (0x1UL << DWT_CTRL_PCSAMPLENA_Pos)          /*!< DWT CTR
 970:D:/Projekty/TrinityTrack6000/MainControlBoard/XMC/XMC4200/Libraries/CMSIS/Include\core_cm4.h **** 
 971:D:/Projekty/TrinityTrack6000/MainControlBoard/XMC/XMC4200/Libraries/CMSIS/Include\core_cm4.h **** #define DWT_CTRL_SYNCTAP_Pos               10U                                         /*!< DWT CTR
 972:D:/Projekty/TrinityTrack6000/MainControlBoard/XMC/XMC4200/Libraries/CMSIS/Include\core_cm4.h **** #define DWT_CTRL_SYNCTAP_Msk               (0x3UL << DWT_CTRL_SYNCTAP_Pos)             /*!< DWT CTR
 973:D:/Projekty/TrinityTrack6000/MainControlBoard/XMC/XMC4200/Libraries/CMSIS/Include\core_cm4.h **** 
 974:D:/Projekty/TrinityTrack6000/MainControlBoard/XMC/XMC4200/Libraries/CMSIS/Include\core_cm4.h **** #define DWT_CTRL_CYCTAP_Pos                 9U                                         /*!< DWT CTR
 975:D:/Projekty/TrinityTrack6000/MainControlBoard/XMC/XMC4200/Libraries/CMSIS/Include\core_cm4.h **** #define DWT_CTRL_CYCTAP_Msk                (0x1UL << DWT_CTRL_CYCTAP_Pos)              /*!< DWT CTR
 976:D:/Projekty/TrinityTrack6000/MainControlBoard/XMC/XMC4200/Libraries/CMSIS/Include\core_cm4.h **** 
 977:D:/Projekty/TrinityTrack6000/MainControlBoard/XMC/XMC4200/Libraries/CMSIS/Include\core_cm4.h **** #define DWT_CTRL_POSTINIT_Pos               5U                                         /*!< DWT CTR
 978:D:/Projekty/TrinityTrack6000/MainControlBoard/XMC/XMC4200/Libraries/CMSIS/Include\core_cm4.h **** #define DWT_CTRL_POSTINIT_Msk              (0xFUL << DWT_CTRL_POSTINIT_Pos)            /*!< DWT CTR
 979:D:/Projekty/TrinityTrack6000/MainControlBoard/XMC/XMC4200/Libraries/CMSIS/Include\core_cm4.h **** 
 980:D:/Projekty/TrinityTrack6000/MainControlBoard/XMC/XMC4200/Libraries/CMSIS/Include\core_cm4.h **** #define DWT_CTRL_POSTPRESET_Pos             1U                                         /*!< DWT CTR
 981:D:/Projekty/TrinityTrack6000/MainControlBoard/XMC/XMC4200/Libraries/CMSIS/Include\core_cm4.h **** #define DWT_CTRL_POSTPRESET_Msk            (0xFUL << DWT_CTRL_POSTPRESET_Pos)          /*!< DWT CTR
 982:D:/Projekty/TrinityTrack6000/MainControlBoard/XMC/XMC4200/Libraries/CMSIS/Include\core_cm4.h **** 
 983:D:/Projekty/TrinityTrack6000/MainControlBoard/XMC/XMC4200/Libraries/CMSIS/Include\core_cm4.h **** #define DWT_CTRL_CYCCNTENA_Pos              0U                                         /*!< DWT CTR
 984:D:/Projekty/TrinityTrack6000/MainControlBoard/XMC/XMC4200/Libraries/CMSIS/Include\core_cm4.h **** #define DWT_CTRL_CYCCNTENA_Msk             (0x1UL /*<< DWT_CTRL_CYCCNTENA_Pos*/)       /*!< DWT CTR
 985:D:/Projekty/TrinityTrack6000/MainControlBoard/XMC/XMC4200/Libraries/CMSIS/Include\core_cm4.h **** 
 986:D:/Projekty/TrinityTrack6000/MainControlBoard/XMC/XMC4200/Libraries/CMSIS/Include\core_cm4.h **** /* DWT CPI Count Register Definitions */
 987:D:/Projekty/TrinityTrack6000/MainControlBoard/XMC/XMC4200/Libraries/CMSIS/Include\core_cm4.h **** #define DWT_CPICNT_CPICNT_Pos               0U                                         /*!< DWT CPI
 988:D:/Projekty/TrinityTrack6000/MainControlBoard/XMC/XMC4200/Libraries/CMSIS/Include\core_cm4.h **** #define DWT_CPICNT_CPICNT_Msk              (0xFFUL /*<< DWT_CPICNT_CPICNT_Pos*/)       /*!< DWT CPI
 989:D:/Projekty/TrinityTrack6000/MainControlBoard/XMC/XMC4200/Libraries/CMSIS/Include\core_cm4.h **** 
 990:D:/Projekty/TrinityTrack6000/MainControlBoard/XMC/XMC4200/Libraries/CMSIS/Include\core_cm4.h **** /* DWT Exception Overhead Count Register Definitions */
 991:D:/Projekty/TrinityTrack6000/MainControlBoard/XMC/XMC4200/Libraries/CMSIS/Include\core_cm4.h **** #define DWT_EXCCNT_EXCCNT_Pos               0U                                         /*!< DWT EXC
 992:D:/Projekty/TrinityTrack6000/MainControlBoard/XMC/XMC4200/Libraries/CMSIS/Include\core_cm4.h **** #define DWT_EXCCNT_EXCCNT_Msk              (0xFFUL /*<< DWT_EXCCNT_EXCCNT_Pos*/)       /*!< DWT EXC
 993:D:/Projekty/TrinityTrack6000/MainControlBoard/XMC/XMC4200/Libraries/CMSIS/Include\core_cm4.h **** 
 994:D:/Projekty/TrinityTrack6000/MainControlBoard/XMC/XMC4200/Libraries/CMSIS/Include\core_cm4.h **** /* DWT Sleep Count Register Definitions */
 995:D:/Projekty/TrinityTrack6000/MainControlBoard/XMC/XMC4200/Libraries/CMSIS/Include\core_cm4.h **** #define DWT_SLEEPCNT_SLEEPCNT_Pos           0U                                         /*!< DWT SLE
 996:D:/Projekty/TrinityTrack6000/MainControlBoard/XMC/XMC4200/Libraries/CMSIS/Include\core_cm4.h **** #define DWT_SLEEPCNT_SLEEPCNT_Msk          (0xFFUL /*<< DWT_SLEEPCNT_SLEEPCNT_Pos*/)   /*!< DWT SLE
 997:D:/Projekty/TrinityTrack6000/MainControlBoard/XMC/XMC4200/Libraries/CMSIS/Include\core_cm4.h **** 
 998:D:/Projekty/TrinityTrack6000/MainControlBoard/XMC/XMC4200/Libraries/CMSIS/Include\core_cm4.h **** /* DWT LSU Count Register Definitions */
 999:D:/Projekty/TrinityTrack6000/MainControlBoard/XMC/XMC4200/Libraries/CMSIS/Include\core_cm4.h **** #define DWT_LSUCNT_LSUCNT_Pos               0U                                         /*!< DWT LSU
1000:D:/Projekty/TrinityTrack6000/MainControlBoard/XMC/XMC4200/Libraries/CMSIS/Include\core_cm4.h **** #define DWT_LSUCNT_LSUCNT_Msk              (0xFFUL /*<< DWT_LSUCNT_LSUCNT_Pos*/)       /*!< DWT LSU
1001:D:/Projekty/TrinityTrack6000/MainControlBoard/XMC/XMC4200/Libraries/CMSIS/Include\core_cm4.h **** 
1002:D:/Projekty/TrinityTrack6000/MainControlBoard/XMC/XMC4200/Libraries/CMSIS/Include\core_cm4.h **** /* DWT Folded-instruction Count Register Definitions */
1003:D:/Projekty/TrinityTrack6000/MainControlBoard/XMC/XMC4200/Libraries/CMSIS/Include\core_cm4.h **** #define DWT_FOLDCNT_FOLDCNT_Pos             0U                                         /*!< DWT FOL
1004:D:/Projekty/TrinityTrack6000/MainControlBoard/XMC/XMC4200/Libraries/CMSIS/Include\core_cm4.h **** #define DWT_FOLDCNT_FOLDCNT_Msk            (0xFFUL /*<< DWT_FOLDCNT_FOLDCNT_Pos*/)     /*!< DWT FOL
1005:D:/Projekty/TrinityTrack6000/MainControlBoard/XMC/XMC4200/Libraries/CMSIS/Include\core_cm4.h **** 
1006:D:/Projekty/TrinityTrack6000/MainControlBoard/XMC/XMC4200/Libraries/CMSIS/Include\core_cm4.h **** /* DWT Comparator Mask Register Definitions */
1007:D:/Projekty/TrinityTrack6000/MainControlBoard/XMC/XMC4200/Libraries/CMSIS/Include\core_cm4.h **** #define DWT_MASK_MASK_Pos                   0U                                         /*!< DWT MAS
1008:D:/Projekty/TrinityTrack6000/MainControlBoard/XMC/XMC4200/Libraries/CMSIS/Include\core_cm4.h **** #define DWT_MASK_MASK_Msk                  (0x1FUL /*<< DWT_MASK_MASK_Pos*/)           /*!< DWT MAS
1009:D:/Projekty/TrinityTrack6000/MainControlBoard/XMC/XMC4200/Libraries/CMSIS/Include\core_cm4.h **** 
1010:D:/Projekty/TrinityTrack6000/MainControlBoard/XMC/XMC4200/Libraries/CMSIS/Include\core_cm4.h **** /* DWT Comparator Function Register Definitions */
1011:D:/Projekty/TrinityTrack6000/MainControlBoard/XMC/XMC4200/Libraries/CMSIS/Include\core_cm4.h **** #define DWT_FUNCTION_MATCHED_Pos           24U                                         /*!< DWT FUN
1012:D:/Projekty/TrinityTrack6000/MainControlBoard/XMC/XMC4200/Libraries/CMSIS/Include\core_cm4.h **** #define DWT_FUNCTION_MATCHED_Msk           (0x1UL << DWT_FUNCTION_MATCHED_Pos)         /*!< DWT FUN
1013:D:/Projekty/TrinityTrack6000/MainControlBoard/XMC/XMC4200/Libraries/CMSIS/Include\core_cm4.h **** 
1014:D:/Projekty/TrinityTrack6000/MainControlBoard/XMC/XMC4200/Libraries/CMSIS/Include\core_cm4.h **** #define DWT_FUNCTION_DATAVADDR1_Pos        16U                                         /*!< DWT FUN
1015:D:/Projekty/TrinityTrack6000/MainControlBoard/XMC/XMC4200/Libraries/CMSIS/Include\core_cm4.h **** #define DWT_FUNCTION_DATAVADDR1_Msk        (0xFUL << DWT_FUNCTION_DATAVADDR1_Pos)      /*!< DWT FUN
1016:D:/Projekty/TrinityTrack6000/MainControlBoard/XMC/XMC4200/Libraries/CMSIS/Include\core_cm4.h **** 
1017:D:/Projekty/TrinityTrack6000/MainControlBoard/XMC/XMC4200/Libraries/CMSIS/Include\core_cm4.h **** #define DWT_FUNCTION_DATAVADDR0_Pos        12U                                         /*!< DWT FUN
1018:D:/Projekty/TrinityTrack6000/MainControlBoard/XMC/XMC4200/Libraries/CMSIS/Include\core_cm4.h **** #define DWT_FUNCTION_DATAVADDR0_Msk        (0xFUL << DWT_FUNCTION_DATAVADDR0_Pos)      /*!< DWT FUN
1019:D:/Projekty/TrinityTrack6000/MainControlBoard/XMC/XMC4200/Libraries/CMSIS/Include\core_cm4.h **** 
1020:D:/Projekty/TrinityTrack6000/MainControlBoard/XMC/XMC4200/Libraries/CMSIS/Include\core_cm4.h **** #define DWT_FUNCTION_DATAVSIZE_Pos         10U                                         /*!< DWT FUN
1021:D:/Projekty/TrinityTrack6000/MainControlBoard/XMC/XMC4200/Libraries/CMSIS/Include\core_cm4.h **** #define DWT_FUNCTION_DATAVSIZE_Msk         (0x3UL << DWT_FUNCTION_DATAVSIZE_Pos)       /*!< DWT FUN
1022:D:/Projekty/TrinityTrack6000/MainControlBoard/XMC/XMC4200/Libraries/CMSIS/Include\core_cm4.h **** 
1023:D:/Projekty/TrinityTrack6000/MainControlBoard/XMC/XMC4200/Libraries/CMSIS/Include\core_cm4.h **** #define DWT_FUNCTION_LNK1ENA_Pos            9U                                         /*!< DWT FUN
1024:D:/Projekty/TrinityTrack6000/MainControlBoard/XMC/XMC4200/Libraries/CMSIS/Include\core_cm4.h **** #define DWT_FUNCTION_LNK1ENA_Msk           (0x1UL << DWT_FUNCTION_LNK1ENA_Pos)         /*!< DWT FUN
1025:D:/Projekty/TrinityTrack6000/MainControlBoard/XMC/XMC4200/Libraries/CMSIS/Include\core_cm4.h **** 
1026:D:/Projekty/TrinityTrack6000/MainControlBoard/XMC/XMC4200/Libraries/CMSIS/Include\core_cm4.h **** #define DWT_FUNCTION_DATAVMATCH_Pos         8U                                         /*!< DWT FUN
1027:D:/Projekty/TrinityTrack6000/MainControlBoard/XMC/XMC4200/Libraries/CMSIS/Include\core_cm4.h **** #define DWT_FUNCTION_DATAVMATCH_Msk        (0x1UL << DWT_FUNCTION_DATAVMATCH_Pos)      /*!< DWT FUN
1028:D:/Projekty/TrinityTrack6000/MainControlBoard/XMC/XMC4200/Libraries/CMSIS/Include\core_cm4.h **** 
1029:D:/Projekty/TrinityTrack6000/MainControlBoard/XMC/XMC4200/Libraries/CMSIS/Include\core_cm4.h **** #define DWT_FUNCTION_CYCMATCH_Pos           7U                                         /*!< DWT FUN
1030:D:/Projekty/TrinityTrack6000/MainControlBoard/XMC/XMC4200/Libraries/CMSIS/Include\core_cm4.h **** #define DWT_FUNCTION_CYCMATCH_Msk          (0x1UL << DWT_FUNCTION_CYCMATCH_Pos)        /*!< DWT FUN
1031:D:/Projekty/TrinityTrack6000/MainControlBoard/XMC/XMC4200/Libraries/CMSIS/Include\core_cm4.h **** 
1032:D:/Projekty/TrinityTrack6000/MainControlBoard/XMC/XMC4200/Libraries/CMSIS/Include\core_cm4.h **** #define DWT_FUNCTION_EMITRANGE_Pos          5U                                         /*!< DWT FUN
1033:D:/Projekty/TrinityTrack6000/MainControlBoard/XMC/XMC4200/Libraries/CMSIS/Include\core_cm4.h **** #define DWT_FUNCTION_EMITRANGE_Msk         (0x1UL << DWT_FUNCTION_EMITRANGE_Pos)       /*!< DWT FUN
1034:D:/Projekty/TrinityTrack6000/MainControlBoard/XMC/XMC4200/Libraries/CMSIS/Include\core_cm4.h **** 
1035:D:/Projekty/TrinityTrack6000/MainControlBoard/XMC/XMC4200/Libraries/CMSIS/Include\core_cm4.h **** #define DWT_FUNCTION_FUNCTION_Pos           0U                                         /*!< DWT FUN
1036:D:/Projekty/TrinityTrack6000/MainControlBoard/XMC/XMC4200/Libraries/CMSIS/Include\core_cm4.h **** #define DWT_FUNCTION_FUNCTION_Msk          (0xFUL /*<< DWT_FUNCTION_FUNCTION_Pos*/)    /*!< DWT FUN
1037:D:/Projekty/TrinityTrack6000/MainControlBoard/XMC/XMC4200/Libraries/CMSIS/Include\core_cm4.h **** 
1038:D:/Projekty/TrinityTrack6000/MainControlBoard/XMC/XMC4200/Libraries/CMSIS/Include\core_cm4.h **** /*@}*/ /* end of group CMSIS_DWT */
1039:D:/Projekty/TrinityTrack6000/MainControlBoard/XMC/XMC4200/Libraries/CMSIS/Include\core_cm4.h **** 
1040:D:/Projekty/TrinityTrack6000/MainControlBoard/XMC/XMC4200/Libraries/CMSIS/Include\core_cm4.h **** 
1041:D:/Projekty/TrinityTrack6000/MainControlBoard/XMC/XMC4200/Libraries/CMSIS/Include\core_cm4.h **** /**
1042:D:/Projekty/TrinityTrack6000/MainControlBoard/XMC/XMC4200/Libraries/CMSIS/Include\core_cm4.h ****   \ingroup  CMSIS_core_register
1043:D:/Projekty/TrinityTrack6000/MainControlBoard/XMC/XMC4200/Libraries/CMSIS/Include\core_cm4.h ****   \defgroup CMSIS_TPI     Trace Port Interface (TPI)
1044:D:/Projekty/TrinityTrack6000/MainControlBoard/XMC/XMC4200/Libraries/CMSIS/Include\core_cm4.h ****   \brief    Type definitions for the Trace Port Interface (TPI)
1045:D:/Projekty/TrinityTrack6000/MainControlBoard/XMC/XMC4200/Libraries/CMSIS/Include\core_cm4.h ****   @{
1046:D:/Projekty/TrinityTrack6000/MainControlBoard/XMC/XMC4200/Libraries/CMSIS/Include\core_cm4.h ****  */
1047:D:/Projekty/TrinityTrack6000/MainControlBoard/XMC/XMC4200/Libraries/CMSIS/Include\core_cm4.h **** 
1048:D:/Projekty/TrinityTrack6000/MainControlBoard/XMC/XMC4200/Libraries/CMSIS/Include\core_cm4.h **** /**
1049:D:/Projekty/TrinityTrack6000/MainControlBoard/XMC/XMC4200/Libraries/CMSIS/Include\core_cm4.h ****   \brief  Structure type to access the Trace Port Interface Register (TPI).
1050:D:/Projekty/TrinityTrack6000/MainControlBoard/XMC/XMC4200/Libraries/CMSIS/Include\core_cm4.h ****  */
1051:D:/Projekty/TrinityTrack6000/MainControlBoard/XMC/XMC4200/Libraries/CMSIS/Include\core_cm4.h **** typedef struct
1052:D:/Projekty/TrinityTrack6000/MainControlBoard/XMC/XMC4200/Libraries/CMSIS/Include\core_cm4.h **** {
1053:D:/Projekty/TrinityTrack6000/MainControlBoard/XMC/XMC4200/Libraries/CMSIS/Include\core_cm4.h ****   __IM  uint32_t SSPSR;                  /*!< Offset: 0x000 (R/ )  Supported Parallel Port Size Reg
1054:D:/Projekty/TrinityTrack6000/MainControlBoard/XMC/XMC4200/Libraries/CMSIS/Include\core_cm4.h ****   __IOM uint32_t CSPSR;                  /*!< Offset: 0x004 (R/W)  Current Parallel Port Size Regis
1055:D:/Projekty/TrinityTrack6000/MainControlBoard/XMC/XMC4200/Libraries/CMSIS/Include\core_cm4.h ****         uint32_t RESERVED0[2U];
1056:D:/Projekty/TrinityTrack6000/MainControlBoard/XMC/XMC4200/Libraries/CMSIS/Include\core_cm4.h ****   __IOM uint32_t ACPR;                   /*!< Offset: 0x010 (R/W)  Asynchronous Clock Prescaler Reg
1057:D:/Projekty/TrinityTrack6000/MainControlBoard/XMC/XMC4200/Libraries/CMSIS/Include\core_cm4.h ****         uint32_t RESERVED1[55U];
1058:D:/Projekty/TrinityTrack6000/MainControlBoard/XMC/XMC4200/Libraries/CMSIS/Include\core_cm4.h ****   __IOM uint32_t SPPR;                   /*!< Offset: 0x0F0 (R/W)  Selected Pin Protocol Register *
1059:D:/Projekty/TrinityTrack6000/MainControlBoard/XMC/XMC4200/Libraries/CMSIS/Include\core_cm4.h ****         uint32_t RESERVED2[131U];
1060:D:/Projekty/TrinityTrack6000/MainControlBoard/XMC/XMC4200/Libraries/CMSIS/Include\core_cm4.h ****   __IM  uint32_t FFSR;                   /*!< Offset: 0x300 (R/ )  Formatter and Flush Status Regis
1061:D:/Projekty/TrinityTrack6000/MainControlBoard/XMC/XMC4200/Libraries/CMSIS/Include\core_cm4.h ****   __IOM uint32_t FFCR;                   /*!< Offset: 0x304 (R/W)  Formatter and Flush Control Regi
1062:D:/Projekty/TrinityTrack6000/MainControlBoard/XMC/XMC4200/Libraries/CMSIS/Include\core_cm4.h ****   __IM  uint32_t FSCR;                   /*!< Offset: 0x308 (R/ )  Formatter Synchronization Counte
1063:D:/Projekty/TrinityTrack6000/MainControlBoard/XMC/XMC4200/Libraries/CMSIS/Include\core_cm4.h ****         uint32_t RESERVED3[759U];
1064:D:/Projekty/TrinityTrack6000/MainControlBoard/XMC/XMC4200/Libraries/CMSIS/Include\core_cm4.h ****   __IM  uint32_t TRIGGER;                /*!< Offset: 0xEE8 (R/ )  TRIGGER Register */
1065:D:/Projekty/TrinityTrack6000/MainControlBoard/XMC/XMC4200/Libraries/CMSIS/Include\core_cm4.h ****   __IM  uint32_t FIFO0;                  /*!< Offset: 0xEEC (R/ )  Integration ETM Data */
1066:D:/Projekty/TrinityTrack6000/MainControlBoard/XMC/XMC4200/Libraries/CMSIS/Include\core_cm4.h ****   __IM  uint32_t ITATBCTR2;              /*!< Offset: 0xEF0 (R/ )  ITATBCTR2 */
1067:D:/Projekty/TrinityTrack6000/MainControlBoard/XMC/XMC4200/Libraries/CMSIS/Include\core_cm4.h ****         uint32_t RESERVED4[1U];
1068:D:/Projekty/TrinityTrack6000/MainControlBoard/XMC/XMC4200/Libraries/CMSIS/Include\core_cm4.h ****   __IM  uint32_t ITATBCTR0;              /*!< Offset: 0xEF8 (R/ )  ITATBCTR0 */
1069:D:/Projekty/TrinityTrack6000/MainControlBoard/XMC/XMC4200/Libraries/CMSIS/Include\core_cm4.h ****   __IM  uint32_t FIFO1;                  /*!< Offset: 0xEFC (R/ )  Integration ITM Data */
1070:D:/Projekty/TrinityTrack6000/MainControlBoard/XMC/XMC4200/Libraries/CMSIS/Include\core_cm4.h ****   __IOM uint32_t ITCTRL;                 /*!< Offset: 0xF00 (R/W)  Integration Mode Control */
1071:D:/Projekty/TrinityTrack6000/MainControlBoard/XMC/XMC4200/Libraries/CMSIS/Include\core_cm4.h ****         uint32_t RESERVED5[39U];
1072:D:/Projekty/TrinityTrack6000/MainControlBoard/XMC/XMC4200/Libraries/CMSIS/Include\core_cm4.h ****   __IOM uint32_t CLAIMSET;               /*!< Offset: 0xFA0 (R/W)  Claim tag set */
1073:D:/Projekty/TrinityTrack6000/MainControlBoard/XMC/XMC4200/Libraries/CMSIS/Include\core_cm4.h ****   __IOM uint32_t CLAIMCLR;               /*!< Offset: 0xFA4 (R/W)  Claim tag clear */
1074:D:/Projekty/TrinityTrack6000/MainControlBoard/XMC/XMC4200/Libraries/CMSIS/Include\core_cm4.h ****         uint32_t RESERVED7[8U];
1075:D:/Projekty/TrinityTrack6000/MainControlBoard/XMC/XMC4200/Libraries/CMSIS/Include\core_cm4.h ****   __IM  uint32_t DEVID;                  /*!< Offset: 0xFC8 (R/ )  TPIU_DEVID */
1076:D:/Projekty/TrinityTrack6000/MainControlBoard/XMC/XMC4200/Libraries/CMSIS/Include\core_cm4.h ****   __IM  uint32_t DEVTYPE;                /*!< Offset: 0xFCC (R/ )  TPIU_DEVTYPE */
1077:D:/Projekty/TrinityTrack6000/MainControlBoard/XMC/XMC4200/Libraries/CMSIS/Include\core_cm4.h **** } TPI_Type;
1078:D:/Projekty/TrinityTrack6000/MainControlBoard/XMC/XMC4200/Libraries/CMSIS/Include\core_cm4.h **** 
1079:D:/Projekty/TrinityTrack6000/MainControlBoard/XMC/XMC4200/Libraries/CMSIS/Include\core_cm4.h **** /* TPI Asynchronous Clock Prescaler Register Definitions */
1080:D:/Projekty/TrinityTrack6000/MainControlBoard/XMC/XMC4200/Libraries/CMSIS/Include\core_cm4.h **** #define TPI_ACPR_PRESCALER_Pos              0U                                         /*!< TPI ACP
1081:D:/Projekty/TrinityTrack6000/MainControlBoard/XMC/XMC4200/Libraries/CMSIS/Include\core_cm4.h **** #define TPI_ACPR_PRESCALER_Msk             (0x1FFFUL /*<< TPI_ACPR_PRESCALER_Pos*/)    /*!< TPI ACP
1082:D:/Projekty/TrinityTrack6000/MainControlBoard/XMC/XMC4200/Libraries/CMSIS/Include\core_cm4.h **** 
1083:D:/Projekty/TrinityTrack6000/MainControlBoard/XMC/XMC4200/Libraries/CMSIS/Include\core_cm4.h **** /* TPI Selected Pin Protocol Register Definitions */
1084:D:/Projekty/TrinityTrack6000/MainControlBoard/XMC/XMC4200/Libraries/CMSIS/Include\core_cm4.h **** #define TPI_SPPR_TXMODE_Pos                 0U                                         /*!< TPI SPP
1085:D:/Projekty/TrinityTrack6000/MainControlBoard/XMC/XMC4200/Libraries/CMSIS/Include\core_cm4.h **** #define TPI_SPPR_TXMODE_Msk                (0x3UL /*<< TPI_SPPR_TXMODE_Pos*/)          /*!< TPI SPP
1086:D:/Projekty/TrinityTrack6000/MainControlBoard/XMC/XMC4200/Libraries/CMSIS/Include\core_cm4.h **** 
1087:D:/Projekty/TrinityTrack6000/MainControlBoard/XMC/XMC4200/Libraries/CMSIS/Include\core_cm4.h **** /* TPI Formatter and Flush Status Register Definitions */
1088:D:/Projekty/TrinityTrack6000/MainControlBoard/XMC/XMC4200/Libraries/CMSIS/Include\core_cm4.h **** #define TPI_FFSR_FtNonStop_Pos              3U                                         /*!< TPI FFS
1089:D:/Projekty/TrinityTrack6000/MainControlBoard/XMC/XMC4200/Libraries/CMSIS/Include\core_cm4.h **** #define TPI_FFSR_FtNonStop_Msk             (0x1UL << TPI_FFSR_FtNonStop_Pos)           /*!< TPI FFS
1090:D:/Projekty/TrinityTrack6000/MainControlBoard/XMC/XMC4200/Libraries/CMSIS/Include\core_cm4.h **** 
1091:D:/Projekty/TrinityTrack6000/MainControlBoard/XMC/XMC4200/Libraries/CMSIS/Include\core_cm4.h **** #define TPI_FFSR_TCPresent_Pos              2U                                         /*!< TPI FFS
1092:D:/Projekty/TrinityTrack6000/MainControlBoard/XMC/XMC4200/Libraries/CMSIS/Include\core_cm4.h **** #define TPI_FFSR_TCPresent_Msk             (0x1UL << TPI_FFSR_TCPresent_Pos)           /*!< TPI FFS
1093:D:/Projekty/TrinityTrack6000/MainControlBoard/XMC/XMC4200/Libraries/CMSIS/Include\core_cm4.h **** 
1094:D:/Projekty/TrinityTrack6000/MainControlBoard/XMC/XMC4200/Libraries/CMSIS/Include\core_cm4.h **** #define TPI_FFSR_FtStopped_Pos              1U                                         /*!< TPI FFS
1095:D:/Projekty/TrinityTrack6000/MainControlBoard/XMC/XMC4200/Libraries/CMSIS/Include\core_cm4.h **** #define TPI_FFSR_FtStopped_Msk             (0x1UL << TPI_FFSR_FtStopped_Pos)           /*!< TPI FFS
1096:D:/Projekty/TrinityTrack6000/MainControlBoard/XMC/XMC4200/Libraries/CMSIS/Include\core_cm4.h **** 
1097:D:/Projekty/TrinityTrack6000/MainControlBoard/XMC/XMC4200/Libraries/CMSIS/Include\core_cm4.h **** #define TPI_FFSR_FlInProg_Pos               0U                                         /*!< TPI FFS
1098:D:/Projekty/TrinityTrack6000/MainControlBoard/XMC/XMC4200/Libraries/CMSIS/Include\core_cm4.h **** #define TPI_FFSR_FlInProg_Msk              (0x1UL /*<< TPI_FFSR_FlInProg_Pos*/)        /*!< TPI FFS
1099:D:/Projekty/TrinityTrack6000/MainControlBoard/XMC/XMC4200/Libraries/CMSIS/Include\core_cm4.h **** 
1100:D:/Projekty/TrinityTrack6000/MainControlBoard/XMC/XMC4200/Libraries/CMSIS/Include\core_cm4.h **** /* TPI Formatter and Flush Control Register Definitions */
1101:D:/Projekty/TrinityTrack6000/MainControlBoard/XMC/XMC4200/Libraries/CMSIS/Include\core_cm4.h **** #define TPI_FFCR_TrigIn_Pos                 8U                                         /*!< TPI FFC
1102:D:/Projekty/TrinityTrack6000/MainControlBoard/XMC/XMC4200/Libraries/CMSIS/Include\core_cm4.h **** #define TPI_FFCR_TrigIn_Msk                (0x1UL << TPI_FFCR_TrigIn_Pos)              /*!< TPI FFC
1103:D:/Projekty/TrinityTrack6000/MainControlBoard/XMC/XMC4200/Libraries/CMSIS/Include\core_cm4.h **** 
1104:D:/Projekty/TrinityTrack6000/MainControlBoard/XMC/XMC4200/Libraries/CMSIS/Include\core_cm4.h **** #define TPI_FFCR_EnFCont_Pos                1U                                         /*!< TPI FFC
1105:D:/Projekty/TrinityTrack6000/MainControlBoard/XMC/XMC4200/Libraries/CMSIS/Include\core_cm4.h **** #define TPI_FFCR_EnFCont_Msk               (0x1UL << TPI_FFCR_EnFCont_Pos)             /*!< TPI FFC
1106:D:/Projekty/TrinityTrack6000/MainControlBoard/XMC/XMC4200/Libraries/CMSIS/Include\core_cm4.h **** 
1107:D:/Projekty/TrinityTrack6000/MainControlBoard/XMC/XMC4200/Libraries/CMSIS/Include\core_cm4.h **** /* TPI TRIGGER Register Definitions */
1108:D:/Projekty/TrinityTrack6000/MainControlBoard/XMC/XMC4200/Libraries/CMSIS/Include\core_cm4.h **** #define TPI_TRIGGER_TRIGGER_Pos             0U                                         /*!< TPI TRI
1109:D:/Projekty/TrinityTrack6000/MainControlBoard/XMC/XMC4200/Libraries/CMSIS/Include\core_cm4.h **** #define TPI_TRIGGER_TRIGGER_Msk            (0x1UL /*<< TPI_TRIGGER_TRIGGER_Pos*/)      /*!< TPI TRI
1110:D:/Projekty/TrinityTrack6000/MainControlBoard/XMC/XMC4200/Libraries/CMSIS/Include\core_cm4.h **** 
1111:D:/Projekty/TrinityTrack6000/MainControlBoard/XMC/XMC4200/Libraries/CMSIS/Include\core_cm4.h **** /* TPI Integration ETM Data Register Definitions (FIFO0) */
1112:D:/Projekty/TrinityTrack6000/MainControlBoard/XMC/XMC4200/Libraries/CMSIS/Include\core_cm4.h **** #define TPI_FIFO0_ITM_ATVALID_Pos          29U                                         /*!< TPI FIF
1113:D:/Projekty/TrinityTrack6000/MainControlBoard/XMC/XMC4200/Libraries/CMSIS/Include\core_cm4.h **** #define TPI_FIFO0_ITM_ATVALID_Msk          (0x1UL << TPI_FIFO0_ITM_ATVALID_Pos)        /*!< TPI FIF
1114:D:/Projekty/TrinityTrack6000/MainControlBoard/XMC/XMC4200/Libraries/CMSIS/Include\core_cm4.h **** 
1115:D:/Projekty/TrinityTrack6000/MainControlBoard/XMC/XMC4200/Libraries/CMSIS/Include\core_cm4.h **** #define TPI_FIFO0_ITM_bytecount_Pos        27U                                         /*!< TPI FIF
1116:D:/Projekty/TrinityTrack6000/MainControlBoard/XMC/XMC4200/Libraries/CMSIS/Include\core_cm4.h **** #define TPI_FIFO0_ITM_bytecount_Msk        (0x3UL << TPI_FIFO0_ITM_bytecount_Pos)      /*!< TPI FIF
1117:D:/Projekty/TrinityTrack6000/MainControlBoard/XMC/XMC4200/Libraries/CMSIS/Include\core_cm4.h **** 
1118:D:/Projekty/TrinityTrack6000/MainControlBoard/XMC/XMC4200/Libraries/CMSIS/Include\core_cm4.h **** #define TPI_FIFO0_ETM_ATVALID_Pos          26U                                         /*!< TPI FIF
1119:D:/Projekty/TrinityTrack6000/MainControlBoard/XMC/XMC4200/Libraries/CMSIS/Include\core_cm4.h **** #define TPI_FIFO0_ETM_ATVALID_Msk          (0x1UL << TPI_FIFO0_ETM_ATVALID_Pos)        /*!< TPI FIF
1120:D:/Projekty/TrinityTrack6000/MainControlBoard/XMC/XMC4200/Libraries/CMSIS/Include\core_cm4.h **** 
1121:D:/Projekty/TrinityTrack6000/MainControlBoard/XMC/XMC4200/Libraries/CMSIS/Include\core_cm4.h **** #define TPI_FIFO0_ETM_bytecount_Pos        24U                                         /*!< TPI FIF
1122:D:/Projekty/TrinityTrack6000/MainControlBoard/XMC/XMC4200/Libraries/CMSIS/Include\core_cm4.h **** #define TPI_FIFO0_ETM_bytecount_Msk        (0x3UL << TPI_FIFO0_ETM_bytecount_Pos)      /*!< TPI FIF
1123:D:/Projekty/TrinityTrack6000/MainControlBoard/XMC/XMC4200/Libraries/CMSIS/Include\core_cm4.h **** 
1124:D:/Projekty/TrinityTrack6000/MainControlBoard/XMC/XMC4200/Libraries/CMSIS/Include\core_cm4.h **** #define TPI_FIFO0_ETM2_Pos                 16U                                         /*!< TPI FIF
1125:D:/Projekty/TrinityTrack6000/MainControlBoard/XMC/XMC4200/Libraries/CMSIS/Include\core_cm4.h **** #define TPI_FIFO0_ETM2_Msk                 (0xFFUL << TPI_FIFO0_ETM2_Pos)              /*!< TPI FIF
1126:D:/Projekty/TrinityTrack6000/MainControlBoard/XMC/XMC4200/Libraries/CMSIS/Include\core_cm4.h **** 
1127:D:/Projekty/TrinityTrack6000/MainControlBoard/XMC/XMC4200/Libraries/CMSIS/Include\core_cm4.h **** #define TPI_FIFO0_ETM1_Pos                  8U                                         /*!< TPI FIF
1128:D:/Projekty/TrinityTrack6000/MainControlBoard/XMC/XMC4200/Libraries/CMSIS/Include\core_cm4.h **** #define TPI_FIFO0_ETM1_Msk                 (0xFFUL << TPI_FIFO0_ETM1_Pos)              /*!< TPI FIF
1129:D:/Projekty/TrinityTrack6000/MainControlBoard/XMC/XMC4200/Libraries/CMSIS/Include\core_cm4.h **** 
1130:D:/Projekty/TrinityTrack6000/MainControlBoard/XMC/XMC4200/Libraries/CMSIS/Include\core_cm4.h **** #define TPI_FIFO0_ETM0_Pos                  0U                                         /*!< TPI FIF
1131:D:/Projekty/TrinityTrack6000/MainControlBoard/XMC/XMC4200/Libraries/CMSIS/Include\core_cm4.h **** #define TPI_FIFO0_ETM0_Msk                 (0xFFUL /*<< TPI_FIFO0_ETM0_Pos*/)          /*!< TPI FIF
1132:D:/Projekty/TrinityTrack6000/MainControlBoard/XMC/XMC4200/Libraries/CMSIS/Include\core_cm4.h **** 
1133:D:/Projekty/TrinityTrack6000/MainControlBoard/XMC/XMC4200/Libraries/CMSIS/Include\core_cm4.h **** /* TPI ITATBCTR2 Register Definitions */
1134:D:/Projekty/TrinityTrack6000/MainControlBoard/XMC/XMC4200/Libraries/CMSIS/Include\core_cm4.h **** #define TPI_ITATBCTR2_ATREADY2_Pos          0U                                         /*!< TPI ITA
1135:D:/Projekty/TrinityTrack6000/MainControlBoard/XMC/XMC4200/Libraries/CMSIS/Include\core_cm4.h **** #define TPI_ITATBCTR2_ATREADY2_Msk         (0x1UL /*<< TPI_ITATBCTR2_ATREADY2_Pos*/)   /*!< TPI ITA
1136:D:/Projekty/TrinityTrack6000/MainControlBoard/XMC/XMC4200/Libraries/CMSIS/Include\core_cm4.h **** 
1137:D:/Projekty/TrinityTrack6000/MainControlBoard/XMC/XMC4200/Libraries/CMSIS/Include\core_cm4.h **** #define TPI_ITATBCTR2_ATREADY1_Pos          0U                                         /*!< TPI ITA
1138:D:/Projekty/TrinityTrack6000/MainControlBoard/XMC/XMC4200/Libraries/CMSIS/Include\core_cm4.h **** #define TPI_ITATBCTR2_ATREADY1_Msk         (0x1UL /*<< TPI_ITATBCTR2_ATREADY1_Pos*/)   /*!< TPI ITA
1139:D:/Projekty/TrinityTrack6000/MainControlBoard/XMC/XMC4200/Libraries/CMSIS/Include\core_cm4.h **** 
1140:D:/Projekty/TrinityTrack6000/MainControlBoard/XMC/XMC4200/Libraries/CMSIS/Include\core_cm4.h **** /* TPI Integration ITM Data Register Definitions (FIFO1) */
1141:D:/Projekty/TrinityTrack6000/MainControlBoard/XMC/XMC4200/Libraries/CMSIS/Include\core_cm4.h **** #define TPI_FIFO1_ITM_ATVALID_Pos          29U                                         /*!< TPI FIF
1142:D:/Projekty/TrinityTrack6000/MainControlBoard/XMC/XMC4200/Libraries/CMSIS/Include\core_cm4.h **** #define TPI_FIFO1_ITM_ATVALID_Msk          (0x1UL << TPI_FIFO1_ITM_ATVALID_Pos)        /*!< TPI FIF
1143:D:/Projekty/TrinityTrack6000/MainControlBoard/XMC/XMC4200/Libraries/CMSIS/Include\core_cm4.h **** 
1144:D:/Projekty/TrinityTrack6000/MainControlBoard/XMC/XMC4200/Libraries/CMSIS/Include\core_cm4.h **** #define TPI_FIFO1_ITM_bytecount_Pos        27U                                         /*!< TPI FIF
1145:D:/Projekty/TrinityTrack6000/MainControlBoard/XMC/XMC4200/Libraries/CMSIS/Include\core_cm4.h **** #define TPI_FIFO1_ITM_bytecount_Msk        (0x3UL << TPI_FIFO1_ITM_bytecount_Pos)      /*!< TPI FIF
1146:D:/Projekty/TrinityTrack6000/MainControlBoard/XMC/XMC4200/Libraries/CMSIS/Include\core_cm4.h **** 
1147:D:/Projekty/TrinityTrack6000/MainControlBoard/XMC/XMC4200/Libraries/CMSIS/Include\core_cm4.h **** #define TPI_FIFO1_ETM_ATVALID_Pos          26U                                         /*!< TPI FIF
1148:D:/Projekty/TrinityTrack6000/MainControlBoard/XMC/XMC4200/Libraries/CMSIS/Include\core_cm4.h **** #define TPI_FIFO1_ETM_ATVALID_Msk          (0x1UL << TPI_FIFO1_ETM_ATVALID_Pos)        /*!< TPI FIF
1149:D:/Projekty/TrinityTrack6000/MainControlBoard/XMC/XMC4200/Libraries/CMSIS/Include\core_cm4.h **** 
1150:D:/Projekty/TrinityTrack6000/MainControlBoard/XMC/XMC4200/Libraries/CMSIS/Include\core_cm4.h **** #define TPI_FIFO1_ETM_bytecount_Pos        24U                                         /*!< TPI FIF
1151:D:/Projekty/TrinityTrack6000/MainControlBoard/XMC/XMC4200/Libraries/CMSIS/Include\core_cm4.h **** #define TPI_FIFO1_ETM_bytecount_Msk        (0x3UL << TPI_FIFO1_ETM_bytecount_Pos)      /*!< TPI FIF
1152:D:/Projekty/TrinityTrack6000/MainControlBoard/XMC/XMC4200/Libraries/CMSIS/Include\core_cm4.h **** 
1153:D:/Projekty/TrinityTrack6000/MainControlBoard/XMC/XMC4200/Libraries/CMSIS/Include\core_cm4.h **** #define TPI_FIFO1_ITM2_Pos                 16U                                         /*!< TPI FIF
1154:D:/Projekty/TrinityTrack6000/MainControlBoard/XMC/XMC4200/Libraries/CMSIS/Include\core_cm4.h **** #define TPI_FIFO1_ITM2_Msk                 (0xFFUL << TPI_FIFO1_ITM2_Pos)              /*!< TPI FIF
1155:D:/Projekty/TrinityTrack6000/MainControlBoard/XMC/XMC4200/Libraries/CMSIS/Include\core_cm4.h **** 
1156:D:/Projekty/TrinityTrack6000/MainControlBoard/XMC/XMC4200/Libraries/CMSIS/Include\core_cm4.h **** #define TPI_FIFO1_ITM1_Pos                  8U                                         /*!< TPI FIF
1157:D:/Projekty/TrinityTrack6000/MainControlBoard/XMC/XMC4200/Libraries/CMSIS/Include\core_cm4.h **** #define TPI_FIFO1_ITM1_Msk                 (0xFFUL << TPI_FIFO1_ITM1_Pos)              /*!< TPI FIF
1158:D:/Projekty/TrinityTrack6000/MainControlBoard/XMC/XMC4200/Libraries/CMSIS/Include\core_cm4.h **** 
1159:D:/Projekty/TrinityTrack6000/MainControlBoard/XMC/XMC4200/Libraries/CMSIS/Include\core_cm4.h **** #define TPI_FIFO1_ITM0_Pos                  0U                                         /*!< TPI FIF
1160:D:/Projekty/TrinityTrack6000/MainControlBoard/XMC/XMC4200/Libraries/CMSIS/Include\core_cm4.h **** #define TPI_FIFO1_ITM0_Msk                 (0xFFUL /*<< TPI_FIFO1_ITM0_Pos*/)          /*!< TPI FIF
1161:D:/Projekty/TrinityTrack6000/MainControlBoard/XMC/XMC4200/Libraries/CMSIS/Include\core_cm4.h **** 
1162:D:/Projekty/TrinityTrack6000/MainControlBoard/XMC/XMC4200/Libraries/CMSIS/Include\core_cm4.h **** /* TPI ITATBCTR0 Register Definitions */
1163:D:/Projekty/TrinityTrack6000/MainControlBoard/XMC/XMC4200/Libraries/CMSIS/Include\core_cm4.h **** #define TPI_ITATBCTR0_ATREADY2_Pos          0U                                         /*!< TPI ITA
1164:D:/Projekty/TrinityTrack6000/MainControlBoard/XMC/XMC4200/Libraries/CMSIS/Include\core_cm4.h **** #define TPI_ITATBCTR0_ATREADY2_Msk         (0x1UL /*<< TPI_ITATBCTR0_ATREADY2_Pos*/)   /*!< TPI ITA
1165:D:/Projekty/TrinityTrack6000/MainControlBoard/XMC/XMC4200/Libraries/CMSIS/Include\core_cm4.h **** 
1166:D:/Projekty/TrinityTrack6000/MainControlBoard/XMC/XMC4200/Libraries/CMSIS/Include\core_cm4.h **** #define TPI_ITATBCTR0_ATREADY1_Pos          0U                                         /*!< TPI ITA
1167:D:/Projekty/TrinityTrack6000/MainControlBoard/XMC/XMC4200/Libraries/CMSIS/Include\core_cm4.h **** #define TPI_ITATBCTR0_ATREADY1_Msk         (0x1UL /*<< TPI_ITATBCTR0_ATREADY1_Pos*/)   /*!< TPI ITA
1168:D:/Projekty/TrinityTrack6000/MainControlBoard/XMC/XMC4200/Libraries/CMSIS/Include\core_cm4.h **** 
1169:D:/Projekty/TrinityTrack6000/MainControlBoard/XMC/XMC4200/Libraries/CMSIS/Include\core_cm4.h **** /* TPI Integration Mode Control Register Definitions */
1170:D:/Projekty/TrinityTrack6000/MainControlBoard/XMC/XMC4200/Libraries/CMSIS/Include\core_cm4.h **** #define TPI_ITCTRL_Mode_Pos                 0U                                         /*!< TPI ITC
1171:D:/Projekty/TrinityTrack6000/MainControlBoard/XMC/XMC4200/Libraries/CMSIS/Include\core_cm4.h **** #define TPI_ITCTRL_Mode_Msk                (0x3UL /*<< TPI_ITCTRL_Mode_Pos*/)          /*!< TPI ITC
1172:D:/Projekty/TrinityTrack6000/MainControlBoard/XMC/XMC4200/Libraries/CMSIS/Include\core_cm4.h **** 
1173:D:/Projekty/TrinityTrack6000/MainControlBoard/XMC/XMC4200/Libraries/CMSIS/Include\core_cm4.h **** /* TPI DEVID Register Definitions */
1174:D:/Projekty/TrinityTrack6000/MainControlBoard/XMC/XMC4200/Libraries/CMSIS/Include\core_cm4.h **** #define TPI_DEVID_NRZVALID_Pos             11U                                         /*!< TPI DEV
1175:D:/Projekty/TrinityTrack6000/MainControlBoard/XMC/XMC4200/Libraries/CMSIS/Include\core_cm4.h **** #define TPI_DEVID_NRZVALID_Msk             (0x1UL << TPI_DEVID_NRZVALID_Pos)           /*!< TPI DEV
1176:D:/Projekty/TrinityTrack6000/MainControlBoard/XMC/XMC4200/Libraries/CMSIS/Include\core_cm4.h **** 
1177:D:/Projekty/TrinityTrack6000/MainControlBoard/XMC/XMC4200/Libraries/CMSIS/Include\core_cm4.h **** #define TPI_DEVID_MANCVALID_Pos            10U                                         /*!< TPI DEV
1178:D:/Projekty/TrinityTrack6000/MainControlBoard/XMC/XMC4200/Libraries/CMSIS/Include\core_cm4.h **** #define TPI_DEVID_MANCVALID_Msk            (0x1UL << TPI_DEVID_MANCVALID_Pos)          /*!< TPI DEV
1179:D:/Projekty/TrinityTrack6000/MainControlBoard/XMC/XMC4200/Libraries/CMSIS/Include\core_cm4.h **** 
1180:D:/Projekty/TrinityTrack6000/MainControlBoard/XMC/XMC4200/Libraries/CMSIS/Include\core_cm4.h **** #define TPI_DEVID_PTINVALID_Pos             9U                                         /*!< TPI DEV
1181:D:/Projekty/TrinityTrack6000/MainControlBoard/XMC/XMC4200/Libraries/CMSIS/Include\core_cm4.h **** #define TPI_DEVID_PTINVALID_Msk            (0x1UL << TPI_DEVID_PTINVALID_Pos)          /*!< TPI DEV
1182:D:/Projekty/TrinityTrack6000/MainControlBoard/XMC/XMC4200/Libraries/CMSIS/Include\core_cm4.h **** 
1183:D:/Projekty/TrinityTrack6000/MainControlBoard/XMC/XMC4200/Libraries/CMSIS/Include\core_cm4.h **** #define TPI_DEVID_MinBufSz_Pos              6U                                         /*!< TPI DEV
1184:D:/Projekty/TrinityTrack6000/MainControlBoard/XMC/XMC4200/Libraries/CMSIS/Include\core_cm4.h **** #define TPI_DEVID_MinBufSz_Msk             (0x7UL << TPI_DEVID_MinBufSz_Pos)           /*!< TPI DEV
1185:D:/Projekty/TrinityTrack6000/MainControlBoard/XMC/XMC4200/Libraries/CMSIS/Include\core_cm4.h **** 
1186:D:/Projekty/TrinityTrack6000/MainControlBoard/XMC/XMC4200/Libraries/CMSIS/Include\core_cm4.h **** #define TPI_DEVID_AsynClkIn_Pos             5U                                         /*!< TPI DEV
1187:D:/Projekty/TrinityTrack6000/MainControlBoard/XMC/XMC4200/Libraries/CMSIS/Include\core_cm4.h **** #define TPI_DEVID_AsynClkIn_Msk            (0x1UL << TPI_DEVID_AsynClkIn_Pos)          /*!< TPI DEV
1188:D:/Projekty/TrinityTrack6000/MainControlBoard/XMC/XMC4200/Libraries/CMSIS/Include\core_cm4.h **** 
1189:D:/Projekty/TrinityTrack6000/MainControlBoard/XMC/XMC4200/Libraries/CMSIS/Include\core_cm4.h **** #define TPI_DEVID_NrTraceInput_Pos          0U                                         /*!< TPI DEV
1190:D:/Projekty/TrinityTrack6000/MainControlBoard/XMC/XMC4200/Libraries/CMSIS/Include\core_cm4.h **** #define TPI_DEVID_NrTraceInput_Msk         (0x1FUL /*<< TPI_DEVID_NrTraceInput_Pos*/)  /*!< TPI DEV
1191:D:/Projekty/TrinityTrack6000/MainControlBoard/XMC/XMC4200/Libraries/CMSIS/Include\core_cm4.h **** 
1192:D:/Projekty/TrinityTrack6000/MainControlBoard/XMC/XMC4200/Libraries/CMSIS/Include\core_cm4.h **** /* TPI DEVTYPE Register Definitions */
1193:D:/Projekty/TrinityTrack6000/MainControlBoard/XMC/XMC4200/Libraries/CMSIS/Include\core_cm4.h **** #define TPI_DEVTYPE_SubType_Pos             4U                                         /*!< TPI DEV
1194:D:/Projekty/TrinityTrack6000/MainControlBoard/XMC/XMC4200/Libraries/CMSIS/Include\core_cm4.h **** #define TPI_DEVTYPE_SubType_Msk            (0xFUL /*<< TPI_DEVTYPE_SubType_Pos*/)      /*!< TPI DEV
1195:D:/Projekty/TrinityTrack6000/MainControlBoard/XMC/XMC4200/Libraries/CMSIS/Include\core_cm4.h **** 
1196:D:/Projekty/TrinityTrack6000/MainControlBoard/XMC/XMC4200/Libraries/CMSIS/Include\core_cm4.h **** #define TPI_DEVTYPE_MajorType_Pos           0U                                         /*!< TPI DEV
1197:D:/Projekty/TrinityTrack6000/MainControlBoard/XMC/XMC4200/Libraries/CMSIS/Include\core_cm4.h **** #define TPI_DEVTYPE_MajorType_Msk          (0xFUL << TPI_DEVTYPE_MajorType_Pos)        /*!< TPI DEV
1198:D:/Projekty/TrinityTrack6000/MainControlBoard/XMC/XMC4200/Libraries/CMSIS/Include\core_cm4.h **** 
1199:D:/Projekty/TrinityTrack6000/MainControlBoard/XMC/XMC4200/Libraries/CMSIS/Include\core_cm4.h **** /*@}*/ /* end of group CMSIS_TPI */
1200:D:/Projekty/TrinityTrack6000/MainControlBoard/XMC/XMC4200/Libraries/CMSIS/Include\core_cm4.h **** 
1201:D:/Projekty/TrinityTrack6000/MainControlBoard/XMC/XMC4200/Libraries/CMSIS/Include\core_cm4.h **** 
1202:D:/Projekty/TrinityTrack6000/MainControlBoard/XMC/XMC4200/Libraries/CMSIS/Include\core_cm4.h **** #if defined (__MPU_PRESENT) && (__MPU_PRESENT == 1U)
1203:D:/Projekty/TrinityTrack6000/MainControlBoard/XMC/XMC4200/Libraries/CMSIS/Include\core_cm4.h **** /**
1204:D:/Projekty/TrinityTrack6000/MainControlBoard/XMC/XMC4200/Libraries/CMSIS/Include\core_cm4.h ****   \ingroup  CMSIS_core_register
1205:D:/Projekty/TrinityTrack6000/MainControlBoard/XMC/XMC4200/Libraries/CMSIS/Include\core_cm4.h ****   \defgroup CMSIS_MPU     Memory Protection Unit (MPU)
1206:D:/Projekty/TrinityTrack6000/MainControlBoard/XMC/XMC4200/Libraries/CMSIS/Include\core_cm4.h ****   \brief    Type definitions for the Memory Protection Unit (MPU)
1207:D:/Projekty/TrinityTrack6000/MainControlBoard/XMC/XMC4200/Libraries/CMSIS/Include\core_cm4.h ****   @{
1208:D:/Projekty/TrinityTrack6000/MainControlBoard/XMC/XMC4200/Libraries/CMSIS/Include\core_cm4.h ****  */
1209:D:/Projekty/TrinityTrack6000/MainControlBoard/XMC/XMC4200/Libraries/CMSIS/Include\core_cm4.h **** 
1210:D:/Projekty/TrinityTrack6000/MainControlBoard/XMC/XMC4200/Libraries/CMSIS/Include\core_cm4.h **** /**
1211:D:/Projekty/TrinityTrack6000/MainControlBoard/XMC/XMC4200/Libraries/CMSIS/Include\core_cm4.h ****   \brief  Structure type to access the Memory Protection Unit (MPU).
1212:D:/Projekty/TrinityTrack6000/MainControlBoard/XMC/XMC4200/Libraries/CMSIS/Include\core_cm4.h ****  */
1213:D:/Projekty/TrinityTrack6000/MainControlBoard/XMC/XMC4200/Libraries/CMSIS/Include\core_cm4.h **** typedef struct
1214:D:/Projekty/TrinityTrack6000/MainControlBoard/XMC/XMC4200/Libraries/CMSIS/Include\core_cm4.h **** {
1215:D:/Projekty/TrinityTrack6000/MainControlBoard/XMC/XMC4200/Libraries/CMSIS/Include\core_cm4.h ****   __IM  uint32_t TYPE;                   /*!< Offset: 0x000 (R/ )  MPU Type Register */
1216:D:/Projekty/TrinityTrack6000/MainControlBoard/XMC/XMC4200/Libraries/CMSIS/Include\core_cm4.h ****   __IOM uint32_t CTRL;                   /*!< Offset: 0x004 (R/W)  MPU Control Register */
1217:D:/Projekty/TrinityTrack6000/MainControlBoard/XMC/XMC4200/Libraries/CMSIS/Include\core_cm4.h ****   __IOM uint32_t RNR;                    /*!< Offset: 0x008 (R/W)  MPU Region RNRber Register */
1218:D:/Projekty/TrinityTrack6000/MainControlBoard/XMC/XMC4200/Libraries/CMSIS/Include\core_cm4.h ****   __IOM uint32_t RBAR;                   /*!< Offset: 0x00C (R/W)  MPU Region Base Address Register
1219:D:/Projekty/TrinityTrack6000/MainControlBoard/XMC/XMC4200/Libraries/CMSIS/Include\core_cm4.h ****   __IOM uint32_t RASR;                   /*!< Offset: 0x010 (R/W)  MPU Region Attribute and Size Re
1220:D:/Projekty/TrinityTrack6000/MainControlBoard/XMC/XMC4200/Libraries/CMSIS/Include\core_cm4.h ****   __IOM uint32_t RBAR_A1;                /*!< Offset: 0x014 (R/W)  MPU Alias 1 Region Base Address 
1221:D:/Projekty/TrinityTrack6000/MainControlBoard/XMC/XMC4200/Libraries/CMSIS/Include\core_cm4.h ****   __IOM uint32_t RASR_A1;                /*!< Offset: 0x018 (R/W)  MPU Alias 1 Region Attribute and
1222:D:/Projekty/TrinityTrack6000/MainControlBoard/XMC/XMC4200/Libraries/CMSIS/Include\core_cm4.h ****   __IOM uint32_t RBAR_A2;                /*!< Offset: 0x01C (R/W)  MPU Alias 2 Region Base Address 
1223:D:/Projekty/TrinityTrack6000/MainControlBoard/XMC/XMC4200/Libraries/CMSIS/Include\core_cm4.h ****   __IOM uint32_t RASR_A2;                /*!< Offset: 0x020 (R/W)  MPU Alias 2 Region Attribute and
1224:D:/Projekty/TrinityTrack6000/MainControlBoard/XMC/XMC4200/Libraries/CMSIS/Include\core_cm4.h ****   __IOM uint32_t RBAR_A3;                /*!< Offset: 0x024 (R/W)  MPU Alias 3 Region Base Address 
1225:D:/Projekty/TrinityTrack6000/MainControlBoard/XMC/XMC4200/Libraries/CMSIS/Include\core_cm4.h ****   __IOM uint32_t RASR_A3;                /*!< Offset: 0x028 (R/W)  MPU Alias 3 Region Attribute and
1226:D:/Projekty/TrinityTrack6000/MainControlBoard/XMC/XMC4200/Libraries/CMSIS/Include\core_cm4.h **** } MPU_Type;
1227:D:/Projekty/TrinityTrack6000/MainControlBoard/XMC/XMC4200/Libraries/CMSIS/Include\core_cm4.h **** 
1228:D:/Projekty/TrinityTrack6000/MainControlBoard/XMC/XMC4200/Libraries/CMSIS/Include\core_cm4.h **** #define MPU_TYPE_RALIASES                  4U
1229:D:/Projekty/TrinityTrack6000/MainControlBoard/XMC/XMC4200/Libraries/CMSIS/Include\core_cm4.h **** 
1230:D:/Projekty/TrinityTrack6000/MainControlBoard/XMC/XMC4200/Libraries/CMSIS/Include\core_cm4.h **** /* MPU Type Register Definitions */
1231:D:/Projekty/TrinityTrack6000/MainControlBoard/XMC/XMC4200/Libraries/CMSIS/Include\core_cm4.h **** #define MPU_TYPE_IREGION_Pos               16U                                            /*!< MPU 
1232:D:/Projekty/TrinityTrack6000/MainControlBoard/XMC/XMC4200/Libraries/CMSIS/Include\core_cm4.h **** #define MPU_TYPE_IREGION_Msk               (0xFFUL << MPU_TYPE_IREGION_Pos)               /*!< MPU 
1233:D:/Projekty/TrinityTrack6000/MainControlBoard/XMC/XMC4200/Libraries/CMSIS/Include\core_cm4.h **** 
1234:D:/Projekty/TrinityTrack6000/MainControlBoard/XMC/XMC4200/Libraries/CMSIS/Include\core_cm4.h **** #define MPU_TYPE_DREGION_Pos                8U                                            /*!< MPU 
1235:D:/Projekty/TrinityTrack6000/MainControlBoard/XMC/XMC4200/Libraries/CMSIS/Include\core_cm4.h **** #define MPU_TYPE_DREGION_Msk               (0xFFUL << MPU_TYPE_DREGION_Pos)               /*!< MPU 
1236:D:/Projekty/TrinityTrack6000/MainControlBoard/XMC/XMC4200/Libraries/CMSIS/Include\core_cm4.h **** 
1237:D:/Projekty/TrinityTrack6000/MainControlBoard/XMC/XMC4200/Libraries/CMSIS/Include\core_cm4.h **** #define MPU_TYPE_SEPARATE_Pos               0U                                            /*!< MPU 
1238:D:/Projekty/TrinityTrack6000/MainControlBoard/XMC/XMC4200/Libraries/CMSIS/Include\core_cm4.h **** #define MPU_TYPE_SEPARATE_Msk              (1UL /*<< MPU_TYPE_SEPARATE_Pos*/)             /*!< MPU 
1239:D:/Projekty/TrinityTrack6000/MainControlBoard/XMC/XMC4200/Libraries/CMSIS/Include\core_cm4.h **** 
1240:D:/Projekty/TrinityTrack6000/MainControlBoard/XMC/XMC4200/Libraries/CMSIS/Include\core_cm4.h **** /* MPU Control Register Definitions */
1241:D:/Projekty/TrinityTrack6000/MainControlBoard/XMC/XMC4200/Libraries/CMSIS/Include\core_cm4.h **** #define MPU_CTRL_PRIVDEFENA_Pos             2U                                            /*!< MPU 
1242:D:/Projekty/TrinityTrack6000/MainControlBoard/XMC/XMC4200/Libraries/CMSIS/Include\core_cm4.h **** #define MPU_CTRL_PRIVDEFENA_Msk            (1UL << MPU_CTRL_PRIVDEFENA_Pos)               /*!< MPU 
1243:D:/Projekty/TrinityTrack6000/MainControlBoard/XMC/XMC4200/Libraries/CMSIS/Include\core_cm4.h **** 
1244:D:/Projekty/TrinityTrack6000/MainControlBoard/XMC/XMC4200/Libraries/CMSIS/Include\core_cm4.h **** #define MPU_CTRL_HFNMIENA_Pos               1U                                            /*!< MPU 
1245:D:/Projekty/TrinityTrack6000/MainControlBoard/XMC/XMC4200/Libraries/CMSIS/Include\core_cm4.h **** #define MPU_CTRL_HFNMIENA_Msk              (1UL << MPU_CTRL_HFNMIENA_Pos)                 /*!< MPU 
1246:D:/Projekty/TrinityTrack6000/MainControlBoard/XMC/XMC4200/Libraries/CMSIS/Include\core_cm4.h **** 
1247:D:/Projekty/TrinityTrack6000/MainControlBoard/XMC/XMC4200/Libraries/CMSIS/Include\core_cm4.h **** #define MPU_CTRL_ENABLE_Pos                 0U                                            /*!< MPU 
1248:D:/Projekty/TrinityTrack6000/MainControlBoard/XMC/XMC4200/Libraries/CMSIS/Include\core_cm4.h **** #define MPU_CTRL_ENABLE_Msk                (1UL /*<< MPU_CTRL_ENABLE_Pos*/)               /*!< MPU 
1249:D:/Projekty/TrinityTrack6000/MainControlBoard/XMC/XMC4200/Libraries/CMSIS/Include\core_cm4.h **** 
1250:D:/Projekty/TrinityTrack6000/MainControlBoard/XMC/XMC4200/Libraries/CMSIS/Include\core_cm4.h **** /* MPU Region Number Register Definitions */
1251:D:/Projekty/TrinityTrack6000/MainControlBoard/XMC/XMC4200/Libraries/CMSIS/Include\core_cm4.h **** #define MPU_RNR_REGION_Pos                  0U                                            /*!< MPU 
1252:D:/Projekty/TrinityTrack6000/MainControlBoard/XMC/XMC4200/Libraries/CMSIS/Include\core_cm4.h **** #define MPU_RNR_REGION_Msk                 (0xFFUL /*<< MPU_RNR_REGION_Pos*/)             /*!< MPU 
1253:D:/Projekty/TrinityTrack6000/MainControlBoard/XMC/XMC4200/Libraries/CMSIS/Include\core_cm4.h **** 
1254:D:/Projekty/TrinityTrack6000/MainControlBoard/XMC/XMC4200/Libraries/CMSIS/Include\core_cm4.h **** /* MPU Region Base Address Register Definitions */
1255:D:/Projekty/TrinityTrack6000/MainControlBoard/XMC/XMC4200/Libraries/CMSIS/Include\core_cm4.h **** #define MPU_RBAR_ADDR_Pos                   5U                                            /*!< MPU 
1256:D:/Projekty/TrinityTrack6000/MainControlBoard/XMC/XMC4200/Libraries/CMSIS/Include\core_cm4.h **** #define MPU_RBAR_ADDR_Msk                  (0x7FFFFFFUL << MPU_RBAR_ADDR_Pos)             /*!< MPU 
1257:D:/Projekty/TrinityTrack6000/MainControlBoard/XMC/XMC4200/Libraries/CMSIS/Include\core_cm4.h **** 
1258:D:/Projekty/TrinityTrack6000/MainControlBoard/XMC/XMC4200/Libraries/CMSIS/Include\core_cm4.h **** #define MPU_RBAR_VALID_Pos                  4U                                            /*!< MPU 
1259:D:/Projekty/TrinityTrack6000/MainControlBoard/XMC/XMC4200/Libraries/CMSIS/Include\core_cm4.h **** #define MPU_RBAR_VALID_Msk                 (1UL << MPU_RBAR_VALID_Pos)                    /*!< MPU 
1260:D:/Projekty/TrinityTrack6000/MainControlBoard/XMC/XMC4200/Libraries/CMSIS/Include\core_cm4.h **** 
1261:D:/Projekty/TrinityTrack6000/MainControlBoard/XMC/XMC4200/Libraries/CMSIS/Include\core_cm4.h **** #define MPU_RBAR_REGION_Pos                 0U                                            /*!< MPU 
1262:D:/Projekty/TrinityTrack6000/MainControlBoard/XMC/XMC4200/Libraries/CMSIS/Include\core_cm4.h **** #define MPU_RBAR_REGION_Msk                (0xFUL /*<< MPU_RBAR_REGION_Pos*/)             /*!< MPU 
1263:D:/Projekty/TrinityTrack6000/MainControlBoard/XMC/XMC4200/Libraries/CMSIS/Include\core_cm4.h **** 
1264:D:/Projekty/TrinityTrack6000/MainControlBoard/XMC/XMC4200/Libraries/CMSIS/Include\core_cm4.h **** /* MPU Region Attribute and Size Register Definitions */
1265:D:/Projekty/TrinityTrack6000/MainControlBoard/XMC/XMC4200/Libraries/CMSIS/Include\core_cm4.h **** #define MPU_RASR_ATTRS_Pos                 16U                                            /*!< MPU 
1266:D:/Projekty/TrinityTrack6000/MainControlBoard/XMC/XMC4200/Libraries/CMSIS/Include\core_cm4.h **** #define MPU_RASR_ATTRS_Msk                 (0xFFFFUL << MPU_RASR_ATTRS_Pos)               /*!< MPU 
1267:D:/Projekty/TrinityTrack6000/MainControlBoard/XMC/XMC4200/Libraries/CMSIS/Include\core_cm4.h **** 
1268:D:/Projekty/TrinityTrack6000/MainControlBoard/XMC/XMC4200/Libraries/CMSIS/Include\core_cm4.h **** #define MPU_RASR_XN_Pos                    28U                                            /*!< MPU 
1269:D:/Projekty/TrinityTrack6000/MainControlBoard/XMC/XMC4200/Libraries/CMSIS/Include\core_cm4.h **** #define MPU_RASR_XN_Msk                    (1UL << MPU_RASR_XN_Pos)                       /*!< MPU 
1270:D:/Projekty/TrinityTrack6000/MainControlBoard/XMC/XMC4200/Libraries/CMSIS/Include\core_cm4.h **** 
1271:D:/Projekty/TrinityTrack6000/MainControlBoard/XMC/XMC4200/Libraries/CMSIS/Include\core_cm4.h **** #define MPU_RASR_AP_Pos                    24U                                            /*!< MPU 
1272:D:/Projekty/TrinityTrack6000/MainControlBoard/XMC/XMC4200/Libraries/CMSIS/Include\core_cm4.h **** #define MPU_RASR_AP_Msk                    (0x7UL << MPU_RASR_AP_Pos)                     /*!< MPU 
1273:D:/Projekty/TrinityTrack6000/MainControlBoard/XMC/XMC4200/Libraries/CMSIS/Include\core_cm4.h **** 
1274:D:/Projekty/TrinityTrack6000/MainControlBoard/XMC/XMC4200/Libraries/CMSIS/Include\core_cm4.h **** #define MPU_RASR_TEX_Pos                   19U                                            /*!< MPU 
1275:D:/Projekty/TrinityTrack6000/MainControlBoard/XMC/XMC4200/Libraries/CMSIS/Include\core_cm4.h **** #define MPU_RASR_TEX_Msk                   (0x7UL << MPU_RASR_TEX_Pos)                    /*!< MPU 
1276:D:/Projekty/TrinityTrack6000/MainControlBoard/XMC/XMC4200/Libraries/CMSIS/Include\core_cm4.h **** 
1277:D:/Projekty/TrinityTrack6000/MainControlBoard/XMC/XMC4200/Libraries/CMSIS/Include\core_cm4.h **** #define MPU_RASR_S_Pos                     18U                                            /*!< MPU 
1278:D:/Projekty/TrinityTrack6000/MainControlBoard/XMC/XMC4200/Libraries/CMSIS/Include\core_cm4.h **** #define MPU_RASR_S_Msk                     (1UL << MPU_RASR_S_Pos)                        /*!< MPU 
1279:D:/Projekty/TrinityTrack6000/MainControlBoard/XMC/XMC4200/Libraries/CMSIS/Include\core_cm4.h **** 
1280:D:/Projekty/TrinityTrack6000/MainControlBoard/XMC/XMC4200/Libraries/CMSIS/Include\core_cm4.h **** #define MPU_RASR_C_Pos                     17U                                            /*!< MPU 
1281:D:/Projekty/TrinityTrack6000/MainControlBoard/XMC/XMC4200/Libraries/CMSIS/Include\core_cm4.h **** #define MPU_RASR_C_Msk                     (1UL << MPU_RASR_C_Pos)                        /*!< MPU 
1282:D:/Projekty/TrinityTrack6000/MainControlBoard/XMC/XMC4200/Libraries/CMSIS/Include\core_cm4.h **** 
1283:D:/Projekty/TrinityTrack6000/MainControlBoard/XMC/XMC4200/Libraries/CMSIS/Include\core_cm4.h **** #define MPU_RASR_B_Pos                     16U                                            /*!< MPU 
1284:D:/Projekty/TrinityTrack6000/MainControlBoard/XMC/XMC4200/Libraries/CMSIS/Include\core_cm4.h **** #define MPU_RASR_B_Msk                     (1UL << MPU_RASR_B_Pos)                        /*!< MPU 
1285:D:/Projekty/TrinityTrack6000/MainControlBoard/XMC/XMC4200/Libraries/CMSIS/Include\core_cm4.h **** 
1286:D:/Projekty/TrinityTrack6000/MainControlBoard/XMC/XMC4200/Libraries/CMSIS/Include\core_cm4.h **** #define MPU_RASR_SRD_Pos                    8U                                            /*!< MPU 
1287:D:/Projekty/TrinityTrack6000/MainControlBoard/XMC/XMC4200/Libraries/CMSIS/Include\core_cm4.h **** #define MPU_RASR_SRD_Msk                   (0xFFUL << MPU_RASR_SRD_Pos)                   /*!< MPU 
1288:D:/Projekty/TrinityTrack6000/MainControlBoard/XMC/XMC4200/Libraries/CMSIS/Include\core_cm4.h **** 
1289:D:/Projekty/TrinityTrack6000/MainControlBoard/XMC/XMC4200/Libraries/CMSIS/Include\core_cm4.h **** #define MPU_RASR_SIZE_Pos                   1U                                            /*!< MPU 
1290:D:/Projekty/TrinityTrack6000/MainControlBoard/XMC/XMC4200/Libraries/CMSIS/Include\core_cm4.h **** #define MPU_RASR_SIZE_Msk                  (0x1FUL << MPU_RASR_SIZE_Pos)                  /*!< MPU 
1291:D:/Projekty/TrinityTrack6000/MainControlBoard/XMC/XMC4200/Libraries/CMSIS/Include\core_cm4.h **** 
1292:D:/Projekty/TrinityTrack6000/MainControlBoard/XMC/XMC4200/Libraries/CMSIS/Include\core_cm4.h **** #define MPU_RASR_ENABLE_Pos                 0U                                            /*!< MPU 
1293:D:/Projekty/TrinityTrack6000/MainControlBoard/XMC/XMC4200/Libraries/CMSIS/Include\core_cm4.h **** #define MPU_RASR_ENABLE_Msk                (1UL /*<< MPU_RASR_ENABLE_Pos*/)               /*!< MPU 
1294:D:/Projekty/TrinityTrack6000/MainControlBoard/XMC/XMC4200/Libraries/CMSIS/Include\core_cm4.h **** 
1295:D:/Projekty/TrinityTrack6000/MainControlBoard/XMC/XMC4200/Libraries/CMSIS/Include\core_cm4.h **** /*@} end of group CMSIS_MPU */
1296:D:/Projekty/TrinityTrack6000/MainControlBoard/XMC/XMC4200/Libraries/CMSIS/Include\core_cm4.h **** #endif /* defined (__MPU_PRESENT) && (__MPU_PRESENT == 1U) */
1297:D:/Projekty/TrinityTrack6000/MainControlBoard/XMC/XMC4200/Libraries/CMSIS/Include\core_cm4.h **** 
1298:D:/Projekty/TrinityTrack6000/MainControlBoard/XMC/XMC4200/Libraries/CMSIS/Include\core_cm4.h **** 
1299:D:/Projekty/TrinityTrack6000/MainControlBoard/XMC/XMC4200/Libraries/CMSIS/Include\core_cm4.h **** /**
1300:D:/Projekty/TrinityTrack6000/MainControlBoard/XMC/XMC4200/Libraries/CMSIS/Include\core_cm4.h ****   \ingroup  CMSIS_core_register
1301:D:/Projekty/TrinityTrack6000/MainControlBoard/XMC/XMC4200/Libraries/CMSIS/Include\core_cm4.h ****   \defgroup CMSIS_FPU     Floating Point Unit (FPU)
1302:D:/Projekty/TrinityTrack6000/MainControlBoard/XMC/XMC4200/Libraries/CMSIS/Include\core_cm4.h ****   \brief    Type definitions for the Floating Point Unit (FPU)
1303:D:/Projekty/TrinityTrack6000/MainControlBoard/XMC/XMC4200/Libraries/CMSIS/Include\core_cm4.h ****   @{
1304:D:/Projekty/TrinityTrack6000/MainControlBoard/XMC/XMC4200/Libraries/CMSIS/Include\core_cm4.h ****  */
1305:D:/Projekty/TrinityTrack6000/MainControlBoard/XMC/XMC4200/Libraries/CMSIS/Include\core_cm4.h **** 
1306:D:/Projekty/TrinityTrack6000/MainControlBoard/XMC/XMC4200/Libraries/CMSIS/Include\core_cm4.h **** /**
1307:D:/Projekty/TrinityTrack6000/MainControlBoard/XMC/XMC4200/Libraries/CMSIS/Include\core_cm4.h ****   \brief  Structure type to access the Floating Point Unit (FPU).
1308:D:/Projekty/TrinityTrack6000/MainControlBoard/XMC/XMC4200/Libraries/CMSIS/Include\core_cm4.h ****  */
1309:D:/Projekty/TrinityTrack6000/MainControlBoard/XMC/XMC4200/Libraries/CMSIS/Include\core_cm4.h **** typedef struct
1310:D:/Projekty/TrinityTrack6000/MainControlBoard/XMC/XMC4200/Libraries/CMSIS/Include\core_cm4.h **** {
1311:D:/Projekty/TrinityTrack6000/MainControlBoard/XMC/XMC4200/Libraries/CMSIS/Include\core_cm4.h ****         uint32_t RESERVED0[1U];
1312:D:/Projekty/TrinityTrack6000/MainControlBoard/XMC/XMC4200/Libraries/CMSIS/Include\core_cm4.h ****   __IOM uint32_t FPCCR;                  /*!< Offset: 0x004 (R/W)  Floating-Point Context Control R
1313:D:/Projekty/TrinityTrack6000/MainControlBoard/XMC/XMC4200/Libraries/CMSIS/Include\core_cm4.h ****   __IOM uint32_t FPCAR;                  /*!< Offset: 0x008 (R/W)  Floating-Point Context Address R
1314:D:/Projekty/TrinityTrack6000/MainControlBoard/XMC/XMC4200/Libraries/CMSIS/Include\core_cm4.h ****   __IOM uint32_t FPDSCR;                 /*!< Offset: 0x00C (R/W)  Floating-Point Default Status Co
1315:D:/Projekty/TrinityTrack6000/MainControlBoard/XMC/XMC4200/Libraries/CMSIS/Include\core_cm4.h ****   __IM  uint32_t MVFR0;                  /*!< Offset: 0x010 (R/ )  Media and FP Feature Register 0 
1316:D:/Projekty/TrinityTrack6000/MainControlBoard/XMC/XMC4200/Libraries/CMSIS/Include\core_cm4.h ****   __IM  uint32_t MVFR1;                  /*!< Offset: 0x014 (R/ )  Media and FP Feature Register 1 
1317:D:/Projekty/TrinityTrack6000/MainControlBoard/XMC/XMC4200/Libraries/CMSIS/Include\core_cm4.h ****   __IM  uint32_t MVFR2;                  /*!< Offset: 0x018 (R/ )  Media and FP Feature Register 2 
1318:D:/Projekty/TrinityTrack6000/MainControlBoard/XMC/XMC4200/Libraries/CMSIS/Include\core_cm4.h **** } FPU_Type;
1319:D:/Projekty/TrinityTrack6000/MainControlBoard/XMC/XMC4200/Libraries/CMSIS/Include\core_cm4.h **** 
1320:D:/Projekty/TrinityTrack6000/MainControlBoard/XMC/XMC4200/Libraries/CMSIS/Include\core_cm4.h **** /* Floating-Point Context Control Register Definitions */
1321:D:/Projekty/TrinityTrack6000/MainControlBoard/XMC/XMC4200/Libraries/CMSIS/Include\core_cm4.h **** #define FPU_FPCCR_ASPEN_Pos                31U                                            /*!< FPCC
1322:D:/Projekty/TrinityTrack6000/MainControlBoard/XMC/XMC4200/Libraries/CMSIS/Include\core_cm4.h **** #define FPU_FPCCR_ASPEN_Msk                (1UL << FPU_FPCCR_ASPEN_Pos)                   /*!< FPCC
1323:D:/Projekty/TrinityTrack6000/MainControlBoard/XMC/XMC4200/Libraries/CMSIS/Include\core_cm4.h **** 
1324:D:/Projekty/TrinityTrack6000/MainControlBoard/XMC/XMC4200/Libraries/CMSIS/Include\core_cm4.h **** #define FPU_FPCCR_LSPEN_Pos                30U                                            /*!< FPCC
1325:D:/Projekty/TrinityTrack6000/MainControlBoard/XMC/XMC4200/Libraries/CMSIS/Include\core_cm4.h **** #define FPU_FPCCR_LSPEN_Msk                (1UL << FPU_FPCCR_LSPEN_Pos)                   /*!< FPCC
1326:D:/Projekty/TrinityTrack6000/MainControlBoard/XMC/XMC4200/Libraries/CMSIS/Include\core_cm4.h **** 
1327:D:/Projekty/TrinityTrack6000/MainControlBoard/XMC/XMC4200/Libraries/CMSIS/Include\core_cm4.h **** #define FPU_FPCCR_MONRDY_Pos                8U                                            /*!< FPCC
1328:D:/Projekty/TrinityTrack6000/MainControlBoard/XMC/XMC4200/Libraries/CMSIS/Include\core_cm4.h **** #define FPU_FPCCR_MONRDY_Msk               (1UL << FPU_FPCCR_MONRDY_Pos)                  /*!< FPCC
1329:D:/Projekty/TrinityTrack6000/MainControlBoard/XMC/XMC4200/Libraries/CMSIS/Include\core_cm4.h **** 
1330:D:/Projekty/TrinityTrack6000/MainControlBoard/XMC/XMC4200/Libraries/CMSIS/Include\core_cm4.h **** #define FPU_FPCCR_BFRDY_Pos                 6U                                            /*!< FPCC
1331:D:/Projekty/TrinityTrack6000/MainControlBoard/XMC/XMC4200/Libraries/CMSIS/Include\core_cm4.h **** #define FPU_FPCCR_BFRDY_Msk                (1UL << FPU_FPCCR_BFRDY_Pos)                   /*!< FPCC
1332:D:/Projekty/TrinityTrack6000/MainControlBoard/XMC/XMC4200/Libraries/CMSIS/Include\core_cm4.h **** 
1333:D:/Projekty/TrinityTrack6000/MainControlBoard/XMC/XMC4200/Libraries/CMSIS/Include\core_cm4.h **** #define FPU_FPCCR_MMRDY_Pos                 5U                                            /*!< FPCC
1334:D:/Projekty/TrinityTrack6000/MainControlBoard/XMC/XMC4200/Libraries/CMSIS/Include\core_cm4.h **** #define FPU_FPCCR_MMRDY_Msk                (1UL << FPU_FPCCR_MMRDY_Pos)                   /*!< FPCC
1335:D:/Projekty/TrinityTrack6000/MainControlBoard/XMC/XMC4200/Libraries/CMSIS/Include\core_cm4.h **** 
1336:D:/Projekty/TrinityTrack6000/MainControlBoard/XMC/XMC4200/Libraries/CMSIS/Include\core_cm4.h **** #define FPU_FPCCR_HFRDY_Pos                 4U                                            /*!< FPCC
1337:D:/Projekty/TrinityTrack6000/MainControlBoard/XMC/XMC4200/Libraries/CMSIS/Include\core_cm4.h **** #define FPU_FPCCR_HFRDY_Msk                (1UL << FPU_FPCCR_HFRDY_Pos)                   /*!< FPCC
1338:D:/Projekty/TrinityTrack6000/MainControlBoard/XMC/XMC4200/Libraries/CMSIS/Include\core_cm4.h **** 
1339:D:/Projekty/TrinityTrack6000/MainControlBoard/XMC/XMC4200/Libraries/CMSIS/Include\core_cm4.h **** #define FPU_FPCCR_THREAD_Pos                3U                                            /*!< FPCC
1340:D:/Projekty/TrinityTrack6000/MainControlBoard/XMC/XMC4200/Libraries/CMSIS/Include\core_cm4.h **** #define FPU_FPCCR_THREAD_Msk               (1UL << FPU_FPCCR_THREAD_Pos)                  /*!< FPCC
1341:D:/Projekty/TrinityTrack6000/MainControlBoard/XMC/XMC4200/Libraries/CMSIS/Include\core_cm4.h **** 
1342:D:/Projekty/TrinityTrack6000/MainControlBoard/XMC/XMC4200/Libraries/CMSIS/Include\core_cm4.h **** #define FPU_FPCCR_USER_Pos                  1U                                            /*!< FPCC
1343:D:/Projekty/TrinityTrack6000/MainControlBoard/XMC/XMC4200/Libraries/CMSIS/Include\core_cm4.h **** #define FPU_FPCCR_USER_Msk                 (1UL << FPU_FPCCR_USER_Pos)                    /*!< FPCC
1344:D:/Projekty/TrinityTrack6000/MainControlBoard/XMC/XMC4200/Libraries/CMSIS/Include\core_cm4.h **** 
1345:D:/Projekty/TrinityTrack6000/MainControlBoard/XMC/XMC4200/Libraries/CMSIS/Include\core_cm4.h **** #define FPU_FPCCR_LSPACT_Pos                0U                                            /*!< FPCC
1346:D:/Projekty/TrinityTrack6000/MainControlBoard/XMC/XMC4200/Libraries/CMSIS/Include\core_cm4.h **** #define FPU_FPCCR_LSPACT_Msk               (1UL /*<< FPU_FPCCR_LSPACT_Pos*/)              /*!< FPCC
1347:D:/Projekty/TrinityTrack6000/MainControlBoard/XMC/XMC4200/Libraries/CMSIS/Include\core_cm4.h **** 
1348:D:/Projekty/TrinityTrack6000/MainControlBoard/XMC/XMC4200/Libraries/CMSIS/Include\core_cm4.h **** /* Floating-Point Context Address Register Definitions */
1349:D:/Projekty/TrinityTrack6000/MainControlBoard/XMC/XMC4200/Libraries/CMSIS/Include\core_cm4.h **** #define FPU_FPCAR_ADDRESS_Pos               3U                                            /*!< FPCA
1350:D:/Projekty/TrinityTrack6000/MainControlBoard/XMC/XMC4200/Libraries/CMSIS/Include\core_cm4.h **** #define FPU_FPCAR_ADDRESS_Msk              (0x1FFFFFFFUL << FPU_FPCAR_ADDRESS_Pos)        /*!< FPCA
1351:D:/Projekty/TrinityTrack6000/MainControlBoard/XMC/XMC4200/Libraries/CMSIS/Include\core_cm4.h **** 
1352:D:/Projekty/TrinityTrack6000/MainControlBoard/XMC/XMC4200/Libraries/CMSIS/Include\core_cm4.h **** /* Floating-Point Default Status Control Register Definitions */
1353:D:/Projekty/TrinityTrack6000/MainControlBoard/XMC/XMC4200/Libraries/CMSIS/Include\core_cm4.h **** #define FPU_FPDSCR_AHP_Pos                 26U                                            /*!< FPDS
1354:D:/Projekty/TrinityTrack6000/MainControlBoard/XMC/XMC4200/Libraries/CMSIS/Include\core_cm4.h **** #define FPU_FPDSCR_AHP_Msk                 (1UL << FPU_FPDSCR_AHP_Pos)                    /*!< FPDS
1355:D:/Projekty/TrinityTrack6000/MainControlBoard/XMC/XMC4200/Libraries/CMSIS/Include\core_cm4.h **** 
1356:D:/Projekty/TrinityTrack6000/MainControlBoard/XMC/XMC4200/Libraries/CMSIS/Include\core_cm4.h **** #define FPU_FPDSCR_DN_Pos                  25U                                            /*!< FPDS
1357:D:/Projekty/TrinityTrack6000/MainControlBoard/XMC/XMC4200/Libraries/CMSIS/Include\core_cm4.h **** #define FPU_FPDSCR_DN_Msk                  (1UL << FPU_FPDSCR_DN_Pos)                     /*!< FPDS
1358:D:/Projekty/TrinityTrack6000/MainControlBoard/XMC/XMC4200/Libraries/CMSIS/Include\core_cm4.h **** 
1359:D:/Projekty/TrinityTrack6000/MainControlBoard/XMC/XMC4200/Libraries/CMSIS/Include\core_cm4.h **** #define FPU_FPDSCR_FZ_Pos                  24U                                            /*!< FPDS
1360:D:/Projekty/TrinityTrack6000/MainControlBoard/XMC/XMC4200/Libraries/CMSIS/Include\core_cm4.h **** #define FPU_FPDSCR_FZ_Msk                  (1UL << FPU_FPDSCR_FZ_Pos)                     /*!< FPDS
1361:D:/Projekty/TrinityTrack6000/MainControlBoard/XMC/XMC4200/Libraries/CMSIS/Include\core_cm4.h **** 
1362:D:/Projekty/TrinityTrack6000/MainControlBoard/XMC/XMC4200/Libraries/CMSIS/Include\core_cm4.h **** #define FPU_FPDSCR_RMode_Pos               22U                                            /*!< FPDS
1363:D:/Projekty/TrinityTrack6000/MainControlBoard/XMC/XMC4200/Libraries/CMSIS/Include\core_cm4.h **** #define FPU_FPDSCR_RMode_Msk               (3UL << FPU_FPDSCR_RMode_Pos)                  /*!< FPDS
1364:D:/Projekty/TrinityTrack6000/MainControlBoard/XMC/XMC4200/Libraries/CMSIS/Include\core_cm4.h **** 
1365:D:/Projekty/TrinityTrack6000/MainControlBoard/XMC/XMC4200/Libraries/CMSIS/Include\core_cm4.h **** /* Media and FP Feature Register 0 Definitions */
1366:D:/Projekty/TrinityTrack6000/MainControlBoard/XMC/XMC4200/Libraries/CMSIS/Include\core_cm4.h **** #define FPU_MVFR0_FP_rounding_modes_Pos    28U                                            /*!< MVFR
1367:D:/Projekty/TrinityTrack6000/MainControlBoard/XMC/XMC4200/Libraries/CMSIS/Include\core_cm4.h **** #define FPU_MVFR0_FP_rounding_modes_Msk    (0xFUL << FPU_MVFR0_FP_rounding_modes_Pos)     /*!< MVFR
1368:D:/Projekty/TrinityTrack6000/MainControlBoard/XMC/XMC4200/Libraries/CMSIS/Include\core_cm4.h **** 
1369:D:/Projekty/TrinityTrack6000/MainControlBoard/XMC/XMC4200/Libraries/CMSIS/Include\core_cm4.h **** #define FPU_MVFR0_Short_vectors_Pos        24U                                            /*!< MVFR
1370:D:/Projekty/TrinityTrack6000/MainControlBoard/XMC/XMC4200/Libraries/CMSIS/Include\core_cm4.h **** #define FPU_MVFR0_Short_vectors_Msk        (0xFUL << FPU_MVFR0_Short_vectors_Pos)         /*!< MVFR
1371:D:/Projekty/TrinityTrack6000/MainControlBoard/XMC/XMC4200/Libraries/CMSIS/Include\core_cm4.h **** 
1372:D:/Projekty/TrinityTrack6000/MainControlBoard/XMC/XMC4200/Libraries/CMSIS/Include\core_cm4.h **** #define FPU_MVFR0_Square_root_Pos          20U                                            /*!< MVFR
1373:D:/Projekty/TrinityTrack6000/MainControlBoard/XMC/XMC4200/Libraries/CMSIS/Include\core_cm4.h **** #define FPU_MVFR0_Square_root_Msk          (0xFUL << FPU_MVFR0_Square_root_Pos)           /*!< MVFR
1374:D:/Projekty/TrinityTrack6000/MainControlBoard/XMC/XMC4200/Libraries/CMSIS/Include\core_cm4.h **** 
1375:D:/Projekty/TrinityTrack6000/MainControlBoard/XMC/XMC4200/Libraries/CMSIS/Include\core_cm4.h **** #define FPU_MVFR0_Divide_Pos               16U                                            /*!< MVFR
1376:D:/Projekty/TrinityTrack6000/MainControlBoard/XMC/XMC4200/Libraries/CMSIS/Include\core_cm4.h **** #define FPU_MVFR0_Divide_Msk               (0xFUL << FPU_MVFR0_Divide_Pos)                /*!< MVFR
1377:D:/Projekty/TrinityTrack6000/MainControlBoard/XMC/XMC4200/Libraries/CMSIS/Include\core_cm4.h **** 
1378:D:/Projekty/TrinityTrack6000/MainControlBoard/XMC/XMC4200/Libraries/CMSIS/Include\core_cm4.h **** #define FPU_MVFR0_FP_excep_trapping_Pos    12U                                            /*!< MVFR
1379:D:/Projekty/TrinityTrack6000/MainControlBoard/XMC/XMC4200/Libraries/CMSIS/Include\core_cm4.h **** #define FPU_MVFR0_FP_excep_trapping_Msk    (0xFUL << FPU_MVFR0_FP_excep_trapping_Pos)     /*!< MVFR
1380:D:/Projekty/TrinityTrack6000/MainControlBoard/XMC/XMC4200/Libraries/CMSIS/Include\core_cm4.h **** 
1381:D:/Projekty/TrinityTrack6000/MainControlBoard/XMC/XMC4200/Libraries/CMSIS/Include\core_cm4.h **** #define FPU_MVFR0_Double_precision_Pos      8U                                            /*!< MVFR
1382:D:/Projekty/TrinityTrack6000/MainControlBoard/XMC/XMC4200/Libraries/CMSIS/Include\core_cm4.h **** #define FPU_MVFR0_Double_precision_Msk     (0xFUL << FPU_MVFR0_Double_precision_Pos)      /*!< MVFR
1383:D:/Projekty/TrinityTrack6000/MainControlBoard/XMC/XMC4200/Libraries/CMSIS/Include\core_cm4.h **** 
1384:D:/Projekty/TrinityTrack6000/MainControlBoard/XMC/XMC4200/Libraries/CMSIS/Include\core_cm4.h **** #define FPU_MVFR0_Single_precision_Pos      4U                                            /*!< MVFR
1385:D:/Projekty/TrinityTrack6000/MainControlBoard/XMC/XMC4200/Libraries/CMSIS/Include\core_cm4.h **** #define FPU_MVFR0_Single_precision_Msk     (0xFUL << FPU_MVFR0_Single_precision_Pos)      /*!< MVFR
1386:D:/Projekty/TrinityTrack6000/MainControlBoard/XMC/XMC4200/Libraries/CMSIS/Include\core_cm4.h **** 
1387:D:/Projekty/TrinityTrack6000/MainControlBoard/XMC/XMC4200/Libraries/CMSIS/Include\core_cm4.h **** #define FPU_MVFR0_A_SIMD_registers_Pos      0U                                            /*!< MVFR
1388:D:/Projekty/TrinityTrack6000/MainControlBoard/XMC/XMC4200/Libraries/CMSIS/Include\core_cm4.h **** #define FPU_MVFR0_A_SIMD_registers_Msk     (0xFUL /*<< FPU_MVFR0_A_SIMD_registers_Pos*/)  /*!< MVFR
1389:D:/Projekty/TrinityTrack6000/MainControlBoard/XMC/XMC4200/Libraries/CMSIS/Include\core_cm4.h **** 
1390:D:/Projekty/TrinityTrack6000/MainControlBoard/XMC/XMC4200/Libraries/CMSIS/Include\core_cm4.h **** /* Media and FP Feature Register 1 Definitions */
1391:D:/Projekty/TrinityTrack6000/MainControlBoard/XMC/XMC4200/Libraries/CMSIS/Include\core_cm4.h **** #define FPU_MVFR1_FP_fused_MAC_Pos         28U                                            /*!< MVFR
1392:D:/Projekty/TrinityTrack6000/MainControlBoard/XMC/XMC4200/Libraries/CMSIS/Include\core_cm4.h **** #define FPU_MVFR1_FP_fused_MAC_Msk         (0xFUL << FPU_MVFR1_FP_fused_MAC_Pos)          /*!< MVFR
1393:D:/Projekty/TrinityTrack6000/MainControlBoard/XMC/XMC4200/Libraries/CMSIS/Include\core_cm4.h **** 
1394:D:/Projekty/TrinityTrack6000/MainControlBoard/XMC/XMC4200/Libraries/CMSIS/Include\core_cm4.h **** #define FPU_MVFR1_FP_HPFP_Pos              24U                                            /*!< MVFR
1395:D:/Projekty/TrinityTrack6000/MainControlBoard/XMC/XMC4200/Libraries/CMSIS/Include\core_cm4.h **** #define FPU_MVFR1_FP_HPFP_Msk              (0xFUL << FPU_MVFR1_FP_HPFP_Pos)               /*!< MVFR
1396:D:/Projekty/TrinityTrack6000/MainControlBoard/XMC/XMC4200/Libraries/CMSIS/Include\core_cm4.h **** 
1397:D:/Projekty/TrinityTrack6000/MainControlBoard/XMC/XMC4200/Libraries/CMSIS/Include\core_cm4.h **** #define FPU_MVFR1_D_NaN_mode_Pos            4U                                            /*!< MVFR
1398:D:/Projekty/TrinityTrack6000/MainControlBoard/XMC/XMC4200/Libraries/CMSIS/Include\core_cm4.h **** #define FPU_MVFR1_D_NaN_mode_Msk           (0xFUL << FPU_MVFR1_D_NaN_mode_Pos)            /*!< MVFR
1399:D:/Projekty/TrinityTrack6000/MainControlBoard/XMC/XMC4200/Libraries/CMSIS/Include\core_cm4.h **** 
1400:D:/Projekty/TrinityTrack6000/MainControlBoard/XMC/XMC4200/Libraries/CMSIS/Include\core_cm4.h **** #define FPU_MVFR1_FtZ_mode_Pos              0U                                            /*!< MVFR
1401:D:/Projekty/TrinityTrack6000/MainControlBoard/XMC/XMC4200/Libraries/CMSIS/Include\core_cm4.h **** #define FPU_MVFR1_FtZ_mode_Msk             (0xFUL /*<< FPU_MVFR1_FtZ_mode_Pos*/)          /*!< MVFR
1402:D:/Projekty/TrinityTrack6000/MainControlBoard/XMC/XMC4200/Libraries/CMSIS/Include\core_cm4.h **** 
1403:D:/Projekty/TrinityTrack6000/MainControlBoard/XMC/XMC4200/Libraries/CMSIS/Include\core_cm4.h **** /* Media and FP Feature Register 2 Definitions */
1404:D:/Projekty/TrinityTrack6000/MainControlBoard/XMC/XMC4200/Libraries/CMSIS/Include\core_cm4.h **** 
1405:D:/Projekty/TrinityTrack6000/MainControlBoard/XMC/XMC4200/Libraries/CMSIS/Include\core_cm4.h **** #define FPU_MVFR2_VFP_Misc_Pos              4U                                            /*!< MVFR
1406:D:/Projekty/TrinityTrack6000/MainControlBoard/XMC/XMC4200/Libraries/CMSIS/Include\core_cm4.h **** #define FPU_MVFR2_VFP_Misc_Msk             (0xFUL << FPU_MVFR2_VFP_Misc_Pos)              /*!< MVFR
1407:D:/Projekty/TrinityTrack6000/MainControlBoard/XMC/XMC4200/Libraries/CMSIS/Include\core_cm4.h **** 
1408:D:/Projekty/TrinityTrack6000/MainControlBoard/XMC/XMC4200/Libraries/CMSIS/Include\core_cm4.h **** /*@} end of group CMSIS_FPU */
1409:D:/Projekty/TrinityTrack6000/MainControlBoard/XMC/XMC4200/Libraries/CMSIS/Include\core_cm4.h **** 
1410:D:/Projekty/TrinityTrack6000/MainControlBoard/XMC/XMC4200/Libraries/CMSIS/Include\core_cm4.h **** 
1411:D:/Projekty/TrinityTrack6000/MainControlBoard/XMC/XMC4200/Libraries/CMSIS/Include\core_cm4.h **** /**
1412:D:/Projekty/TrinityTrack6000/MainControlBoard/XMC/XMC4200/Libraries/CMSIS/Include\core_cm4.h ****   \ingroup  CMSIS_core_register
1413:D:/Projekty/TrinityTrack6000/MainControlBoard/XMC/XMC4200/Libraries/CMSIS/Include\core_cm4.h ****   \defgroup CMSIS_CoreDebug       Core Debug Registers (CoreDebug)
1414:D:/Projekty/TrinityTrack6000/MainControlBoard/XMC/XMC4200/Libraries/CMSIS/Include\core_cm4.h ****   \brief    Type definitions for the Core Debug Registers
1415:D:/Projekty/TrinityTrack6000/MainControlBoard/XMC/XMC4200/Libraries/CMSIS/Include\core_cm4.h ****   @{
1416:D:/Projekty/TrinityTrack6000/MainControlBoard/XMC/XMC4200/Libraries/CMSIS/Include\core_cm4.h ****  */
1417:D:/Projekty/TrinityTrack6000/MainControlBoard/XMC/XMC4200/Libraries/CMSIS/Include\core_cm4.h **** 
1418:D:/Projekty/TrinityTrack6000/MainControlBoard/XMC/XMC4200/Libraries/CMSIS/Include\core_cm4.h **** /**
1419:D:/Projekty/TrinityTrack6000/MainControlBoard/XMC/XMC4200/Libraries/CMSIS/Include\core_cm4.h ****   \brief  Structure type to access the Core Debug Register (CoreDebug).
1420:D:/Projekty/TrinityTrack6000/MainControlBoard/XMC/XMC4200/Libraries/CMSIS/Include\core_cm4.h ****  */
1421:D:/Projekty/TrinityTrack6000/MainControlBoard/XMC/XMC4200/Libraries/CMSIS/Include\core_cm4.h **** typedef struct
1422:D:/Projekty/TrinityTrack6000/MainControlBoard/XMC/XMC4200/Libraries/CMSIS/Include\core_cm4.h **** {
1423:D:/Projekty/TrinityTrack6000/MainControlBoard/XMC/XMC4200/Libraries/CMSIS/Include\core_cm4.h ****   __IOM uint32_t DHCSR;                  /*!< Offset: 0x000 (R/W)  Debug Halting Control and Status
1424:D:/Projekty/TrinityTrack6000/MainControlBoard/XMC/XMC4200/Libraries/CMSIS/Include\core_cm4.h ****   __OM  uint32_t DCRSR;                  /*!< Offset: 0x004 ( /W)  Debug Core Register Selector Reg
1425:D:/Projekty/TrinityTrack6000/MainControlBoard/XMC/XMC4200/Libraries/CMSIS/Include\core_cm4.h ****   __IOM uint32_t DCRDR;                  /*!< Offset: 0x008 (R/W)  Debug Core Register Data Registe
1426:D:/Projekty/TrinityTrack6000/MainControlBoard/XMC/XMC4200/Libraries/CMSIS/Include\core_cm4.h ****   __IOM uint32_t DEMCR;                  /*!< Offset: 0x00C (R/W)  Debug Exception and Monitor Cont
1427:D:/Projekty/TrinityTrack6000/MainControlBoard/XMC/XMC4200/Libraries/CMSIS/Include\core_cm4.h **** } CoreDebug_Type;
1428:D:/Projekty/TrinityTrack6000/MainControlBoard/XMC/XMC4200/Libraries/CMSIS/Include\core_cm4.h **** 
1429:D:/Projekty/TrinityTrack6000/MainControlBoard/XMC/XMC4200/Libraries/CMSIS/Include\core_cm4.h **** /* Debug Halting Control and Status Register Definitions */
1430:D:/Projekty/TrinityTrack6000/MainControlBoard/XMC/XMC4200/Libraries/CMSIS/Include\core_cm4.h **** #define CoreDebug_DHCSR_DBGKEY_Pos         16U                                            /*!< Core
1431:D:/Projekty/TrinityTrack6000/MainControlBoard/XMC/XMC4200/Libraries/CMSIS/Include\core_cm4.h **** #define CoreDebug_DHCSR_DBGKEY_Msk         (0xFFFFUL << CoreDebug_DHCSR_DBGKEY_Pos)       /*!< Core
1432:D:/Projekty/TrinityTrack6000/MainControlBoard/XMC/XMC4200/Libraries/CMSIS/Include\core_cm4.h **** 
1433:D:/Projekty/TrinityTrack6000/MainControlBoard/XMC/XMC4200/Libraries/CMSIS/Include\core_cm4.h **** #define CoreDebug_DHCSR_S_RESET_ST_Pos     25U                                            /*!< Core
1434:D:/Projekty/TrinityTrack6000/MainControlBoard/XMC/XMC4200/Libraries/CMSIS/Include\core_cm4.h **** #define CoreDebug_DHCSR_S_RESET_ST_Msk     (1UL << CoreDebug_DHCSR_S_RESET_ST_Pos)        /*!< Core
1435:D:/Projekty/TrinityTrack6000/MainControlBoard/XMC/XMC4200/Libraries/CMSIS/Include\core_cm4.h **** 
1436:D:/Projekty/TrinityTrack6000/MainControlBoard/XMC/XMC4200/Libraries/CMSIS/Include\core_cm4.h **** #define CoreDebug_DHCSR_S_RETIRE_ST_Pos    24U                                            /*!< Core
1437:D:/Projekty/TrinityTrack6000/MainControlBoard/XMC/XMC4200/Libraries/CMSIS/Include\core_cm4.h **** #define CoreDebug_DHCSR_S_RETIRE_ST_Msk    (1UL << CoreDebug_DHCSR_S_RETIRE_ST_Pos)       /*!< Core
1438:D:/Projekty/TrinityTrack6000/MainControlBoard/XMC/XMC4200/Libraries/CMSIS/Include\core_cm4.h **** 
1439:D:/Projekty/TrinityTrack6000/MainControlBoard/XMC/XMC4200/Libraries/CMSIS/Include\core_cm4.h **** #define CoreDebug_DHCSR_S_LOCKUP_Pos       19U                                            /*!< Core
1440:D:/Projekty/TrinityTrack6000/MainControlBoard/XMC/XMC4200/Libraries/CMSIS/Include\core_cm4.h **** #define CoreDebug_DHCSR_S_LOCKUP_Msk       (1UL << CoreDebug_DHCSR_S_LOCKUP_Pos)          /*!< Core
1441:D:/Projekty/TrinityTrack6000/MainControlBoard/XMC/XMC4200/Libraries/CMSIS/Include\core_cm4.h **** 
1442:D:/Projekty/TrinityTrack6000/MainControlBoard/XMC/XMC4200/Libraries/CMSIS/Include\core_cm4.h **** #define CoreDebug_DHCSR_S_SLEEP_Pos        18U                                            /*!< Core
1443:D:/Projekty/TrinityTrack6000/MainControlBoard/XMC/XMC4200/Libraries/CMSIS/Include\core_cm4.h **** #define CoreDebug_DHCSR_S_SLEEP_Msk        (1UL << CoreDebug_DHCSR_S_SLEEP_Pos)           /*!< Core
1444:D:/Projekty/TrinityTrack6000/MainControlBoard/XMC/XMC4200/Libraries/CMSIS/Include\core_cm4.h **** 
1445:D:/Projekty/TrinityTrack6000/MainControlBoard/XMC/XMC4200/Libraries/CMSIS/Include\core_cm4.h **** #define CoreDebug_DHCSR_S_HALT_Pos         17U                                            /*!< Core
1446:D:/Projekty/TrinityTrack6000/MainControlBoard/XMC/XMC4200/Libraries/CMSIS/Include\core_cm4.h **** #define CoreDebug_DHCSR_S_HALT_Msk         (1UL << CoreDebug_DHCSR_S_HALT_Pos)            /*!< Core
1447:D:/Projekty/TrinityTrack6000/MainControlBoard/XMC/XMC4200/Libraries/CMSIS/Include\core_cm4.h **** 
1448:D:/Projekty/TrinityTrack6000/MainControlBoard/XMC/XMC4200/Libraries/CMSIS/Include\core_cm4.h **** #define CoreDebug_DHCSR_S_REGRDY_Pos       16U                                            /*!< Core
1449:D:/Projekty/TrinityTrack6000/MainControlBoard/XMC/XMC4200/Libraries/CMSIS/Include\core_cm4.h **** #define CoreDebug_DHCSR_S_REGRDY_Msk       (1UL << CoreDebug_DHCSR_S_REGRDY_Pos)          /*!< Core
1450:D:/Projekty/TrinityTrack6000/MainControlBoard/XMC/XMC4200/Libraries/CMSIS/Include\core_cm4.h **** 
1451:D:/Projekty/TrinityTrack6000/MainControlBoard/XMC/XMC4200/Libraries/CMSIS/Include\core_cm4.h **** #define CoreDebug_DHCSR_C_SNAPSTALL_Pos     5U                                            /*!< Core
1452:D:/Projekty/TrinityTrack6000/MainControlBoard/XMC/XMC4200/Libraries/CMSIS/Include\core_cm4.h **** #define CoreDebug_DHCSR_C_SNAPSTALL_Msk    (1UL << CoreDebug_DHCSR_C_SNAPSTALL_Pos)       /*!< Core
1453:D:/Projekty/TrinityTrack6000/MainControlBoard/XMC/XMC4200/Libraries/CMSIS/Include\core_cm4.h **** 
1454:D:/Projekty/TrinityTrack6000/MainControlBoard/XMC/XMC4200/Libraries/CMSIS/Include\core_cm4.h **** #define CoreDebug_DHCSR_C_MASKINTS_Pos      3U                                            /*!< Core
1455:D:/Projekty/TrinityTrack6000/MainControlBoard/XMC/XMC4200/Libraries/CMSIS/Include\core_cm4.h **** #define CoreDebug_DHCSR_C_MASKINTS_Msk     (1UL << CoreDebug_DHCSR_C_MASKINTS_Pos)        /*!< Core
1456:D:/Projekty/TrinityTrack6000/MainControlBoard/XMC/XMC4200/Libraries/CMSIS/Include\core_cm4.h **** 
1457:D:/Projekty/TrinityTrack6000/MainControlBoard/XMC/XMC4200/Libraries/CMSIS/Include\core_cm4.h **** #define CoreDebug_DHCSR_C_STEP_Pos          2U                                            /*!< Core
1458:D:/Projekty/TrinityTrack6000/MainControlBoard/XMC/XMC4200/Libraries/CMSIS/Include\core_cm4.h **** #define CoreDebug_DHCSR_C_STEP_Msk         (1UL << CoreDebug_DHCSR_C_STEP_Pos)            /*!< Core
1459:D:/Projekty/TrinityTrack6000/MainControlBoard/XMC/XMC4200/Libraries/CMSIS/Include\core_cm4.h **** 
1460:D:/Projekty/TrinityTrack6000/MainControlBoard/XMC/XMC4200/Libraries/CMSIS/Include\core_cm4.h **** #define CoreDebug_DHCSR_C_HALT_Pos          1U                                            /*!< Core
1461:D:/Projekty/TrinityTrack6000/MainControlBoard/XMC/XMC4200/Libraries/CMSIS/Include\core_cm4.h **** #define CoreDebug_DHCSR_C_HALT_Msk         (1UL << CoreDebug_DHCSR_C_HALT_Pos)            /*!< Core
1462:D:/Projekty/TrinityTrack6000/MainControlBoard/XMC/XMC4200/Libraries/CMSIS/Include\core_cm4.h **** 
1463:D:/Projekty/TrinityTrack6000/MainControlBoard/XMC/XMC4200/Libraries/CMSIS/Include\core_cm4.h **** #define CoreDebug_DHCSR_C_DEBUGEN_Pos       0U                                            /*!< Core
1464:D:/Projekty/TrinityTrack6000/MainControlBoard/XMC/XMC4200/Libraries/CMSIS/Include\core_cm4.h **** #define CoreDebug_DHCSR_C_DEBUGEN_Msk      (1UL /*<< CoreDebug_DHCSR_C_DEBUGEN_Pos*/)     /*!< Core
1465:D:/Projekty/TrinityTrack6000/MainControlBoard/XMC/XMC4200/Libraries/CMSIS/Include\core_cm4.h **** 
1466:D:/Projekty/TrinityTrack6000/MainControlBoard/XMC/XMC4200/Libraries/CMSIS/Include\core_cm4.h **** /* Debug Core Register Selector Register Definitions */
1467:D:/Projekty/TrinityTrack6000/MainControlBoard/XMC/XMC4200/Libraries/CMSIS/Include\core_cm4.h **** #define CoreDebug_DCRSR_REGWnR_Pos         16U                                            /*!< Core
1468:D:/Projekty/TrinityTrack6000/MainControlBoard/XMC/XMC4200/Libraries/CMSIS/Include\core_cm4.h **** #define CoreDebug_DCRSR_REGWnR_Msk         (1UL << CoreDebug_DCRSR_REGWnR_Pos)            /*!< Core
1469:D:/Projekty/TrinityTrack6000/MainControlBoard/XMC/XMC4200/Libraries/CMSIS/Include\core_cm4.h **** 
1470:D:/Projekty/TrinityTrack6000/MainControlBoard/XMC/XMC4200/Libraries/CMSIS/Include\core_cm4.h **** #define CoreDebug_DCRSR_REGSEL_Pos          0U                                            /*!< Core
1471:D:/Projekty/TrinityTrack6000/MainControlBoard/XMC/XMC4200/Libraries/CMSIS/Include\core_cm4.h **** #define CoreDebug_DCRSR_REGSEL_Msk         (0x1FUL /*<< CoreDebug_DCRSR_REGSEL_Pos*/)     /*!< Core
1472:D:/Projekty/TrinityTrack6000/MainControlBoard/XMC/XMC4200/Libraries/CMSIS/Include\core_cm4.h **** 
1473:D:/Projekty/TrinityTrack6000/MainControlBoard/XMC/XMC4200/Libraries/CMSIS/Include\core_cm4.h **** /* Debug Exception and Monitor Control Register Definitions */
1474:D:/Projekty/TrinityTrack6000/MainControlBoard/XMC/XMC4200/Libraries/CMSIS/Include\core_cm4.h **** #define CoreDebug_DEMCR_TRCENA_Pos         24U                                            /*!< Core
1475:D:/Projekty/TrinityTrack6000/MainControlBoard/XMC/XMC4200/Libraries/CMSIS/Include\core_cm4.h **** #define CoreDebug_DEMCR_TRCENA_Msk         (1UL << CoreDebug_DEMCR_TRCENA_Pos)            /*!< Core
1476:D:/Projekty/TrinityTrack6000/MainControlBoard/XMC/XMC4200/Libraries/CMSIS/Include\core_cm4.h **** 
1477:D:/Projekty/TrinityTrack6000/MainControlBoard/XMC/XMC4200/Libraries/CMSIS/Include\core_cm4.h **** #define CoreDebug_DEMCR_MON_REQ_Pos        19U                                            /*!< Core
1478:D:/Projekty/TrinityTrack6000/MainControlBoard/XMC/XMC4200/Libraries/CMSIS/Include\core_cm4.h **** #define CoreDebug_DEMCR_MON_REQ_Msk        (1UL << CoreDebug_DEMCR_MON_REQ_Pos)           /*!< Core
1479:D:/Projekty/TrinityTrack6000/MainControlBoard/XMC/XMC4200/Libraries/CMSIS/Include\core_cm4.h **** 
1480:D:/Projekty/TrinityTrack6000/MainControlBoard/XMC/XMC4200/Libraries/CMSIS/Include\core_cm4.h **** #define CoreDebug_DEMCR_MON_STEP_Pos       18U                                            /*!< Core
1481:D:/Projekty/TrinityTrack6000/MainControlBoard/XMC/XMC4200/Libraries/CMSIS/Include\core_cm4.h **** #define CoreDebug_DEMCR_MON_STEP_Msk       (1UL << CoreDebug_DEMCR_MON_STEP_Pos)          /*!< Core
1482:D:/Projekty/TrinityTrack6000/MainControlBoard/XMC/XMC4200/Libraries/CMSIS/Include\core_cm4.h **** 
1483:D:/Projekty/TrinityTrack6000/MainControlBoard/XMC/XMC4200/Libraries/CMSIS/Include\core_cm4.h **** #define CoreDebug_DEMCR_MON_PEND_Pos       17U                                            /*!< Core
1484:D:/Projekty/TrinityTrack6000/MainControlBoard/XMC/XMC4200/Libraries/CMSIS/Include\core_cm4.h **** #define CoreDebug_DEMCR_MON_PEND_Msk       (1UL << CoreDebug_DEMCR_MON_PEND_Pos)          /*!< Core
1485:D:/Projekty/TrinityTrack6000/MainControlBoard/XMC/XMC4200/Libraries/CMSIS/Include\core_cm4.h **** 
1486:D:/Projekty/TrinityTrack6000/MainControlBoard/XMC/XMC4200/Libraries/CMSIS/Include\core_cm4.h **** #define CoreDebug_DEMCR_MON_EN_Pos         16U                                            /*!< Core
1487:D:/Projekty/TrinityTrack6000/MainControlBoard/XMC/XMC4200/Libraries/CMSIS/Include\core_cm4.h **** #define CoreDebug_DEMCR_MON_EN_Msk         (1UL << CoreDebug_DEMCR_MON_EN_Pos)            /*!< Core
1488:D:/Projekty/TrinityTrack6000/MainControlBoard/XMC/XMC4200/Libraries/CMSIS/Include\core_cm4.h **** 
1489:D:/Projekty/TrinityTrack6000/MainControlBoard/XMC/XMC4200/Libraries/CMSIS/Include\core_cm4.h **** #define CoreDebug_DEMCR_VC_HARDERR_Pos     10U                                            /*!< Core
1490:D:/Projekty/TrinityTrack6000/MainControlBoard/XMC/XMC4200/Libraries/CMSIS/Include\core_cm4.h **** #define CoreDebug_DEMCR_VC_HARDERR_Msk     (1UL << CoreDebug_DEMCR_VC_HARDERR_Pos)        /*!< Core
1491:D:/Projekty/TrinityTrack6000/MainControlBoard/XMC/XMC4200/Libraries/CMSIS/Include\core_cm4.h **** 
1492:D:/Projekty/TrinityTrack6000/MainControlBoard/XMC/XMC4200/Libraries/CMSIS/Include\core_cm4.h **** #define CoreDebug_DEMCR_VC_INTERR_Pos       9U                                            /*!< Core
1493:D:/Projekty/TrinityTrack6000/MainControlBoard/XMC/XMC4200/Libraries/CMSIS/Include\core_cm4.h **** #define CoreDebug_DEMCR_VC_INTERR_Msk      (1UL << CoreDebug_DEMCR_VC_INTERR_Pos)         /*!< Core
1494:D:/Projekty/TrinityTrack6000/MainControlBoard/XMC/XMC4200/Libraries/CMSIS/Include\core_cm4.h **** 
1495:D:/Projekty/TrinityTrack6000/MainControlBoard/XMC/XMC4200/Libraries/CMSIS/Include\core_cm4.h **** #define CoreDebug_DEMCR_VC_BUSERR_Pos       8U                                            /*!< Core
1496:D:/Projekty/TrinityTrack6000/MainControlBoard/XMC/XMC4200/Libraries/CMSIS/Include\core_cm4.h **** #define CoreDebug_DEMCR_VC_BUSERR_Msk      (1UL << CoreDebug_DEMCR_VC_BUSERR_Pos)         /*!< Core
1497:D:/Projekty/TrinityTrack6000/MainControlBoard/XMC/XMC4200/Libraries/CMSIS/Include\core_cm4.h **** 
1498:D:/Projekty/TrinityTrack6000/MainControlBoard/XMC/XMC4200/Libraries/CMSIS/Include\core_cm4.h **** #define CoreDebug_DEMCR_VC_STATERR_Pos      7U                                            /*!< Core
1499:D:/Projekty/TrinityTrack6000/MainControlBoard/XMC/XMC4200/Libraries/CMSIS/Include\core_cm4.h **** #define CoreDebug_DEMCR_VC_STATERR_Msk     (1UL << CoreDebug_DEMCR_VC_STATERR_Pos)        /*!< Core
1500:D:/Projekty/TrinityTrack6000/MainControlBoard/XMC/XMC4200/Libraries/CMSIS/Include\core_cm4.h **** 
1501:D:/Projekty/TrinityTrack6000/MainControlBoard/XMC/XMC4200/Libraries/CMSIS/Include\core_cm4.h **** #define CoreDebug_DEMCR_VC_CHKERR_Pos       6U                                            /*!< Core
1502:D:/Projekty/TrinityTrack6000/MainControlBoard/XMC/XMC4200/Libraries/CMSIS/Include\core_cm4.h **** #define CoreDebug_DEMCR_VC_CHKERR_Msk      (1UL << CoreDebug_DEMCR_VC_CHKERR_Pos)         /*!< Core
1503:D:/Projekty/TrinityTrack6000/MainControlBoard/XMC/XMC4200/Libraries/CMSIS/Include\core_cm4.h **** 
1504:D:/Projekty/TrinityTrack6000/MainControlBoard/XMC/XMC4200/Libraries/CMSIS/Include\core_cm4.h **** #define CoreDebug_DEMCR_VC_NOCPERR_Pos      5U                                            /*!< Core
1505:D:/Projekty/TrinityTrack6000/MainControlBoard/XMC/XMC4200/Libraries/CMSIS/Include\core_cm4.h **** #define CoreDebug_DEMCR_VC_NOCPERR_Msk     (1UL << CoreDebug_DEMCR_VC_NOCPERR_Pos)        /*!< Core
1506:D:/Projekty/TrinityTrack6000/MainControlBoard/XMC/XMC4200/Libraries/CMSIS/Include\core_cm4.h **** 
1507:D:/Projekty/TrinityTrack6000/MainControlBoard/XMC/XMC4200/Libraries/CMSIS/Include\core_cm4.h **** #define CoreDebug_DEMCR_VC_MMERR_Pos        4U                                            /*!< Core
1508:D:/Projekty/TrinityTrack6000/MainControlBoard/XMC/XMC4200/Libraries/CMSIS/Include\core_cm4.h **** #define CoreDebug_DEMCR_VC_MMERR_Msk       (1UL << CoreDebug_DEMCR_VC_MMERR_Pos)          /*!< Core
1509:D:/Projekty/TrinityTrack6000/MainControlBoard/XMC/XMC4200/Libraries/CMSIS/Include\core_cm4.h **** 
1510:D:/Projekty/TrinityTrack6000/MainControlBoard/XMC/XMC4200/Libraries/CMSIS/Include\core_cm4.h **** #define CoreDebug_DEMCR_VC_CORERESET_Pos    0U                                            /*!< Core
1511:D:/Projekty/TrinityTrack6000/MainControlBoard/XMC/XMC4200/Libraries/CMSIS/Include\core_cm4.h **** #define CoreDebug_DEMCR_VC_CORERESET_Msk   (1UL /*<< CoreDebug_DEMCR_VC_CORERESET_Pos*/)  /*!< Core
1512:D:/Projekty/TrinityTrack6000/MainControlBoard/XMC/XMC4200/Libraries/CMSIS/Include\core_cm4.h **** 
1513:D:/Projekty/TrinityTrack6000/MainControlBoard/XMC/XMC4200/Libraries/CMSIS/Include\core_cm4.h **** /*@} end of group CMSIS_CoreDebug */
1514:D:/Projekty/TrinityTrack6000/MainControlBoard/XMC/XMC4200/Libraries/CMSIS/Include\core_cm4.h **** 
1515:D:/Projekty/TrinityTrack6000/MainControlBoard/XMC/XMC4200/Libraries/CMSIS/Include\core_cm4.h **** 
1516:D:/Projekty/TrinityTrack6000/MainControlBoard/XMC/XMC4200/Libraries/CMSIS/Include\core_cm4.h **** /**
1517:D:/Projekty/TrinityTrack6000/MainControlBoard/XMC/XMC4200/Libraries/CMSIS/Include\core_cm4.h ****   \ingroup    CMSIS_core_register
1518:D:/Projekty/TrinityTrack6000/MainControlBoard/XMC/XMC4200/Libraries/CMSIS/Include\core_cm4.h ****   \defgroup   CMSIS_core_bitfield     Core register bit field macros
1519:D:/Projekty/TrinityTrack6000/MainControlBoard/XMC/XMC4200/Libraries/CMSIS/Include\core_cm4.h ****   \brief      Macros for use with bit field definitions (xxx_Pos, xxx_Msk).
1520:D:/Projekty/TrinityTrack6000/MainControlBoard/XMC/XMC4200/Libraries/CMSIS/Include\core_cm4.h ****   @{
1521:D:/Projekty/TrinityTrack6000/MainControlBoard/XMC/XMC4200/Libraries/CMSIS/Include\core_cm4.h ****  */
1522:D:/Projekty/TrinityTrack6000/MainControlBoard/XMC/XMC4200/Libraries/CMSIS/Include\core_cm4.h **** 
1523:D:/Projekty/TrinityTrack6000/MainControlBoard/XMC/XMC4200/Libraries/CMSIS/Include\core_cm4.h **** /**
1524:D:/Projekty/TrinityTrack6000/MainControlBoard/XMC/XMC4200/Libraries/CMSIS/Include\core_cm4.h ****   \brief   Mask and shift a bit field value for use in a register bit range.
1525:D:/Projekty/TrinityTrack6000/MainControlBoard/XMC/XMC4200/Libraries/CMSIS/Include\core_cm4.h ****   \param[in] field  Name of the register bit field.
1526:D:/Projekty/TrinityTrack6000/MainControlBoard/XMC/XMC4200/Libraries/CMSIS/Include\core_cm4.h ****   \param[in] value  Value of the bit field. This parameter is interpreted as an uint32_t type.
1527:D:/Projekty/TrinityTrack6000/MainControlBoard/XMC/XMC4200/Libraries/CMSIS/Include\core_cm4.h ****   \return           Masked and shifted value.
1528:D:/Projekty/TrinityTrack6000/MainControlBoard/XMC/XMC4200/Libraries/CMSIS/Include\core_cm4.h **** */
1529:D:/Projekty/TrinityTrack6000/MainControlBoard/XMC/XMC4200/Libraries/CMSIS/Include\core_cm4.h **** #define _VAL2FLD(field, value)    (((uint32_t)(value) << field ## _Pos) & field ## _Msk)
1530:D:/Projekty/TrinityTrack6000/MainControlBoard/XMC/XMC4200/Libraries/CMSIS/Include\core_cm4.h **** 
1531:D:/Projekty/TrinityTrack6000/MainControlBoard/XMC/XMC4200/Libraries/CMSIS/Include\core_cm4.h **** /**
1532:D:/Projekty/TrinityTrack6000/MainControlBoard/XMC/XMC4200/Libraries/CMSIS/Include\core_cm4.h ****   \brief     Mask and shift a register value to extract a bit filed value.
1533:D:/Projekty/TrinityTrack6000/MainControlBoard/XMC/XMC4200/Libraries/CMSIS/Include\core_cm4.h ****   \param[in] field  Name of the register bit field.
1534:D:/Projekty/TrinityTrack6000/MainControlBoard/XMC/XMC4200/Libraries/CMSIS/Include\core_cm4.h ****   \param[in] value  Value of register. This parameter is interpreted as an uint32_t type.
1535:D:/Projekty/TrinityTrack6000/MainControlBoard/XMC/XMC4200/Libraries/CMSIS/Include\core_cm4.h ****   \return           Masked and shifted bit field value.
1536:D:/Projekty/TrinityTrack6000/MainControlBoard/XMC/XMC4200/Libraries/CMSIS/Include\core_cm4.h **** */
1537:D:/Projekty/TrinityTrack6000/MainControlBoard/XMC/XMC4200/Libraries/CMSIS/Include\core_cm4.h **** #define _FLD2VAL(field, value)    (((uint32_t)(value) & field ## _Msk) >> field ## _Pos)
1538:D:/Projekty/TrinityTrack6000/MainControlBoard/XMC/XMC4200/Libraries/CMSIS/Include\core_cm4.h **** 
1539:D:/Projekty/TrinityTrack6000/MainControlBoard/XMC/XMC4200/Libraries/CMSIS/Include\core_cm4.h **** /*@} end of group CMSIS_core_bitfield */
1540:D:/Projekty/TrinityTrack6000/MainControlBoard/XMC/XMC4200/Libraries/CMSIS/Include\core_cm4.h **** 
1541:D:/Projekty/TrinityTrack6000/MainControlBoard/XMC/XMC4200/Libraries/CMSIS/Include\core_cm4.h **** 
1542:D:/Projekty/TrinityTrack6000/MainControlBoard/XMC/XMC4200/Libraries/CMSIS/Include\core_cm4.h **** /**
1543:D:/Projekty/TrinityTrack6000/MainControlBoard/XMC/XMC4200/Libraries/CMSIS/Include\core_cm4.h ****   \ingroup    CMSIS_core_register
1544:D:/Projekty/TrinityTrack6000/MainControlBoard/XMC/XMC4200/Libraries/CMSIS/Include\core_cm4.h ****   \defgroup   CMSIS_core_base     Core Definitions
1545:D:/Projekty/TrinityTrack6000/MainControlBoard/XMC/XMC4200/Libraries/CMSIS/Include\core_cm4.h ****   \brief      Definitions for base addresses, unions, and structures.
1546:D:/Projekty/TrinityTrack6000/MainControlBoard/XMC/XMC4200/Libraries/CMSIS/Include\core_cm4.h ****   @{
1547:D:/Projekty/TrinityTrack6000/MainControlBoard/XMC/XMC4200/Libraries/CMSIS/Include\core_cm4.h ****  */
1548:D:/Projekty/TrinityTrack6000/MainControlBoard/XMC/XMC4200/Libraries/CMSIS/Include\core_cm4.h **** 
1549:D:/Projekty/TrinityTrack6000/MainControlBoard/XMC/XMC4200/Libraries/CMSIS/Include\core_cm4.h **** /* Memory mapping of Core Hardware */
1550:D:/Projekty/TrinityTrack6000/MainControlBoard/XMC/XMC4200/Libraries/CMSIS/Include\core_cm4.h **** #define SCS_BASE            (0xE000E000UL)                            /*!< System Control Space Bas
1551:D:/Projekty/TrinityTrack6000/MainControlBoard/XMC/XMC4200/Libraries/CMSIS/Include\core_cm4.h **** #define ITM_BASE            (0xE0000000UL)                            /*!< ITM Base Address */
1552:D:/Projekty/TrinityTrack6000/MainControlBoard/XMC/XMC4200/Libraries/CMSIS/Include\core_cm4.h **** #define DWT_BASE            (0xE0001000UL)                            /*!< DWT Base Address */
1553:D:/Projekty/TrinityTrack6000/MainControlBoard/XMC/XMC4200/Libraries/CMSIS/Include\core_cm4.h **** #define TPI_BASE            (0xE0040000UL)                            /*!< TPI Base Address */
1554:D:/Projekty/TrinityTrack6000/MainControlBoard/XMC/XMC4200/Libraries/CMSIS/Include\core_cm4.h **** #define CoreDebug_BASE      (0xE000EDF0UL)                            /*!< Core Debug Base Address 
1555:D:/Projekty/TrinityTrack6000/MainControlBoard/XMC/XMC4200/Libraries/CMSIS/Include\core_cm4.h **** #define SysTick_BASE        (SCS_BASE +  0x0010UL)                    /*!< SysTick Base Address */
1556:D:/Projekty/TrinityTrack6000/MainControlBoard/XMC/XMC4200/Libraries/CMSIS/Include\core_cm4.h **** #define NVIC_BASE           (SCS_BASE +  0x0100UL)                    /*!< NVIC Base Address */
1557:D:/Projekty/TrinityTrack6000/MainControlBoard/XMC/XMC4200/Libraries/CMSIS/Include\core_cm4.h **** #define SCB_BASE            (SCS_BASE +  0x0D00UL)                    /*!< System Control Block Bas
1558:D:/Projekty/TrinityTrack6000/MainControlBoard/XMC/XMC4200/Libraries/CMSIS/Include\core_cm4.h **** 
1559:D:/Projekty/TrinityTrack6000/MainControlBoard/XMC/XMC4200/Libraries/CMSIS/Include\core_cm4.h **** #define SCnSCB              ((SCnSCB_Type    *)     SCS_BASE      )   /*!< System control Register 
1560:D:/Projekty/TrinityTrack6000/MainControlBoard/XMC/XMC4200/Libraries/CMSIS/Include\core_cm4.h **** #define SCB                 ((SCB_Type       *)     SCB_BASE      )   /*!< SCB configuration struct
1561:D:/Projekty/TrinityTrack6000/MainControlBoard/XMC/XMC4200/Libraries/CMSIS/Include\core_cm4.h **** #define SysTick             ((SysTick_Type   *)     SysTick_BASE  )   /*!< SysTick configuration st
1562:D:/Projekty/TrinityTrack6000/MainControlBoard/XMC/XMC4200/Libraries/CMSIS/Include\core_cm4.h **** #define NVIC                ((NVIC_Type      *)     NVIC_BASE     )   /*!< NVIC configuration struc
1563:D:/Projekty/TrinityTrack6000/MainControlBoard/XMC/XMC4200/Libraries/CMSIS/Include\core_cm4.h **** #define ITM                 ((ITM_Type       *)     ITM_BASE      )   /*!< ITM configuration struct
1564:D:/Projekty/TrinityTrack6000/MainControlBoard/XMC/XMC4200/Libraries/CMSIS/Include\core_cm4.h **** #define DWT                 ((DWT_Type       *)     DWT_BASE      )   /*!< DWT configuration struct
1565:D:/Projekty/TrinityTrack6000/MainControlBoard/XMC/XMC4200/Libraries/CMSIS/Include\core_cm4.h **** #define TPI                 ((TPI_Type       *)     TPI_BASE      )   /*!< TPI configuration struct
1566:D:/Projekty/TrinityTrack6000/MainControlBoard/XMC/XMC4200/Libraries/CMSIS/Include\core_cm4.h **** #define CoreDebug           ((CoreDebug_Type *)     CoreDebug_BASE)   /*!< Core Debug configuration
1567:D:/Projekty/TrinityTrack6000/MainControlBoard/XMC/XMC4200/Libraries/CMSIS/Include\core_cm4.h **** 
1568:D:/Projekty/TrinityTrack6000/MainControlBoard/XMC/XMC4200/Libraries/CMSIS/Include\core_cm4.h **** #if defined (__MPU_PRESENT) && (__MPU_PRESENT == 1U)
1569:D:/Projekty/TrinityTrack6000/MainControlBoard/XMC/XMC4200/Libraries/CMSIS/Include\core_cm4.h ****   #define MPU_BASE          (SCS_BASE +  0x0D90UL)                    /*!< Memory Protection Unit *
1570:D:/Projekty/TrinityTrack6000/MainControlBoard/XMC/XMC4200/Libraries/CMSIS/Include\core_cm4.h ****   #define MPU               ((MPU_Type       *)     MPU_BASE      )   /*!< Memory Protection Unit *
1571:D:/Projekty/TrinityTrack6000/MainControlBoard/XMC/XMC4200/Libraries/CMSIS/Include\core_cm4.h **** #endif
1572:D:/Projekty/TrinityTrack6000/MainControlBoard/XMC/XMC4200/Libraries/CMSIS/Include\core_cm4.h **** 
1573:D:/Projekty/TrinityTrack6000/MainControlBoard/XMC/XMC4200/Libraries/CMSIS/Include\core_cm4.h **** #define FPU_BASE            (SCS_BASE +  0x0F30UL)                    /*!< Floating Point Unit */
1574:D:/Projekty/TrinityTrack6000/MainControlBoard/XMC/XMC4200/Libraries/CMSIS/Include\core_cm4.h **** #define FPU                 ((FPU_Type       *)     FPU_BASE      )   /*!< Floating Point Unit */
1575:D:/Projekty/TrinityTrack6000/MainControlBoard/XMC/XMC4200/Libraries/CMSIS/Include\core_cm4.h **** 
1576:D:/Projekty/TrinityTrack6000/MainControlBoard/XMC/XMC4200/Libraries/CMSIS/Include\core_cm4.h **** /*@} */
1577:D:/Projekty/TrinityTrack6000/MainControlBoard/XMC/XMC4200/Libraries/CMSIS/Include\core_cm4.h **** 
1578:D:/Projekty/TrinityTrack6000/MainControlBoard/XMC/XMC4200/Libraries/CMSIS/Include\core_cm4.h **** 
1579:D:/Projekty/TrinityTrack6000/MainControlBoard/XMC/XMC4200/Libraries/CMSIS/Include\core_cm4.h **** 
1580:D:/Projekty/TrinityTrack6000/MainControlBoard/XMC/XMC4200/Libraries/CMSIS/Include\core_cm4.h **** /*******************************************************************************
1581:D:/Projekty/TrinityTrack6000/MainControlBoard/XMC/XMC4200/Libraries/CMSIS/Include\core_cm4.h ****  *                Hardware Abstraction Layer
1582:D:/Projekty/TrinityTrack6000/MainControlBoard/XMC/XMC4200/Libraries/CMSIS/Include\core_cm4.h ****   Core Function Interface contains:
1583:D:/Projekty/TrinityTrack6000/MainControlBoard/XMC/XMC4200/Libraries/CMSIS/Include\core_cm4.h ****   - Core NVIC Functions
1584:D:/Projekty/TrinityTrack6000/MainControlBoard/XMC/XMC4200/Libraries/CMSIS/Include\core_cm4.h ****   - Core SysTick Functions
1585:D:/Projekty/TrinityTrack6000/MainControlBoard/XMC/XMC4200/Libraries/CMSIS/Include\core_cm4.h ****   - Core Debug Functions
1586:D:/Projekty/TrinityTrack6000/MainControlBoard/XMC/XMC4200/Libraries/CMSIS/Include\core_cm4.h ****   - Core Register Access Functions
1587:D:/Projekty/TrinityTrack6000/MainControlBoard/XMC/XMC4200/Libraries/CMSIS/Include\core_cm4.h ****  ******************************************************************************/
1588:D:/Projekty/TrinityTrack6000/MainControlBoard/XMC/XMC4200/Libraries/CMSIS/Include\core_cm4.h **** /**
1589:D:/Projekty/TrinityTrack6000/MainControlBoard/XMC/XMC4200/Libraries/CMSIS/Include\core_cm4.h ****   \defgroup CMSIS_Core_FunctionInterface Functions and Instructions Reference
1590:D:/Projekty/TrinityTrack6000/MainControlBoard/XMC/XMC4200/Libraries/CMSIS/Include\core_cm4.h **** */
1591:D:/Projekty/TrinityTrack6000/MainControlBoard/XMC/XMC4200/Libraries/CMSIS/Include\core_cm4.h **** 
1592:D:/Projekty/TrinityTrack6000/MainControlBoard/XMC/XMC4200/Libraries/CMSIS/Include\core_cm4.h **** 
1593:D:/Projekty/TrinityTrack6000/MainControlBoard/XMC/XMC4200/Libraries/CMSIS/Include\core_cm4.h **** 
1594:D:/Projekty/TrinityTrack6000/MainControlBoard/XMC/XMC4200/Libraries/CMSIS/Include\core_cm4.h **** /* ##########################   NVIC functions  #################################### */
1595:D:/Projekty/TrinityTrack6000/MainControlBoard/XMC/XMC4200/Libraries/CMSIS/Include\core_cm4.h **** /**
1596:D:/Projekty/TrinityTrack6000/MainControlBoard/XMC/XMC4200/Libraries/CMSIS/Include\core_cm4.h ****   \ingroup  CMSIS_Core_FunctionInterface
1597:D:/Projekty/TrinityTrack6000/MainControlBoard/XMC/XMC4200/Libraries/CMSIS/Include\core_cm4.h ****   \defgroup CMSIS_Core_NVICFunctions NVIC Functions
1598:D:/Projekty/TrinityTrack6000/MainControlBoard/XMC/XMC4200/Libraries/CMSIS/Include\core_cm4.h ****   \brief    Functions that manage interrupts and exceptions via the NVIC.
1599:D:/Projekty/TrinityTrack6000/MainControlBoard/XMC/XMC4200/Libraries/CMSIS/Include\core_cm4.h ****   @{
1600:D:/Projekty/TrinityTrack6000/MainControlBoard/XMC/XMC4200/Libraries/CMSIS/Include\core_cm4.h ****  */
1601:D:/Projekty/TrinityTrack6000/MainControlBoard/XMC/XMC4200/Libraries/CMSIS/Include\core_cm4.h **** 
1602:D:/Projekty/TrinityTrack6000/MainControlBoard/XMC/XMC4200/Libraries/CMSIS/Include\core_cm4.h **** #ifdef CMSIS_NVIC_VIRTUAL
1603:D:/Projekty/TrinityTrack6000/MainControlBoard/XMC/XMC4200/Libraries/CMSIS/Include\core_cm4.h ****   #ifndef CMSIS_NVIC_VIRTUAL_HEADER_FILE
1604:D:/Projekty/TrinityTrack6000/MainControlBoard/XMC/XMC4200/Libraries/CMSIS/Include\core_cm4.h ****     #define CMSIS_NVIC_VIRTUAL_HEADER_FILE "cmsis_nvic_virtual.h"
1605:D:/Projekty/TrinityTrack6000/MainControlBoard/XMC/XMC4200/Libraries/CMSIS/Include\core_cm4.h ****   #endif
1606:D:/Projekty/TrinityTrack6000/MainControlBoard/XMC/XMC4200/Libraries/CMSIS/Include\core_cm4.h ****   #include CMSIS_NVIC_VIRTUAL_HEADER_FILE
1607:D:/Projekty/TrinityTrack6000/MainControlBoard/XMC/XMC4200/Libraries/CMSIS/Include\core_cm4.h **** #else
1608:D:/Projekty/TrinityTrack6000/MainControlBoard/XMC/XMC4200/Libraries/CMSIS/Include\core_cm4.h ****   #define NVIC_SetPriorityGrouping    __NVIC_SetPriorityGrouping
1609:D:/Projekty/TrinityTrack6000/MainControlBoard/XMC/XMC4200/Libraries/CMSIS/Include\core_cm4.h ****   #define NVIC_GetPriorityGrouping    __NVIC_GetPriorityGrouping
1610:D:/Projekty/TrinityTrack6000/MainControlBoard/XMC/XMC4200/Libraries/CMSIS/Include\core_cm4.h ****   #define NVIC_EnableIRQ              __NVIC_EnableIRQ
1611:D:/Projekty/TrinityTrack6000/MainControlBoard/XMC/XMC4200/Libraries/CMSIS/Include\core_cm4.h ****   #define NVIC_GetEnableIRQ           __NVIC_GetEnableIRQ
1612:D:/Projekty/TrinityTrack6000/MainControlBoard/XMC/XMC4200/Libraries/CMSIS/Include\core_cm4.h ****   #define NVIC_DisableIRQ             __NVIC_DisableIRQ
1613:D:/Projekty/TrinityTrack6000/MainControlBoard/XMC/XMC4200/Libraries/CMSIS/Include\core_cm4.h ****   #define NVIC_GetPendingIRQ          __NVIC_GetPendingIRQ
1614:D:/Projekty/TrinityTrack6000/MainControlBoard/XMC/XMC4200/Libraries/CMSIS/Include\core_cm4.h ****   #define NVIC_SetPendingIRQ          __NVIC_SetPendingIRQ
1615:D:/Projekty/TrinityTrack6000/MainControlBoard/XMC/XMC4200/Libraries/CMSIS/Include\core_cm4.h ****   #define NVIC_ClearPendingIRQ        __NVIC_ClearPendingIRQ
1616:D:/Projekty/TrinityTrack6000/MainControlBoard/XMC/XMC4200/Libraries/CMSIS/Include\core_cm4.h ****   #define NVIC_GetActive              __NVIC_GetActive
1617:D:/Projekty/TrinityTrack6000/MainControlBoard/XMC/XMC4200/Libraries/CMSIS/Include\core_cm4.h ****   #define NVIC_SetPriority            __NVIC_SetPriority
1618:D:/Projekty/TrinityTrack6000/MainControlBoard/XMC/XMC4200/Libraries/CMSIS/Include\core_cm4.h ****   #define NVIC_GetPriority            __NVIC_GetPriority
1619:D:/Projekty/TrinityTrack6000/MainControlBoard/XMC/XMC4200/Libraries/CMSIS/Include\core_cm4.h ****   #define NVIC_SystemReset            __NVIC_SystemReset
1620:D:/Projekty/TrinityTrack6000/MainControlBoard/XMC/XMC4200/Libraries/CMSIS/Include\core_cm4.h **** #endif /* CMSIS_NVIC_VIRTUAL */
1621:D:/Projekty/TrinityTrack6000/MainControlBoard/XMC/XMC4200/Libraries/CMSIS/Include\core_cm4.h **** 
1622:D:/Projekty/TrinityTrack6000/MainControlBoard/XMC/XMC4200/Libraries/CMSIS/Include\core_cm4.h **** #ifdef CMSIS_VECTAB_VIRTUAL
1623:D:/Projekty/TrinityTrack6000/MainControlBoard/XMC/XMC4200/Libraries/CMSIS/Include\core_cm4.h ****   #ifndef CMSIS_VECTAB_VIRTUAL_HEADER_FILE
1624:D:/Projekty/TrinityTrack6000/MainControlBoard/XMC/XMC4200/Libraries/CMSIS/Include\core_cm4.h ****     #define CMSIS_VECTAB_VIRTUAL_HEADER_FILE "cmsis_vectab_virtual.h"
1625:D:/Projekty/TrinityTrack6000/MainControlBoard/XMC/XMC4200/Libraries/CMSIS/Include\core_cm4.h ****   #endif
1626:D:/Projekty/TrinityTrack6000/MainControlBoard/XMC/XMC4200/Libraries/CMSIS/Include\core_cm4.h ****   #include CMSIS_VECTAB_VIRTUAL_HEADER_FILE
1627:D:/Projekty/TrinityTrack6000/MainControlBoard/XMC/XMC4200/Libraries/CMSIS/Include\core_cm4.h **** #else
1628:D:/Projekty/TrinityTrack6000/MainControlBoard/XMC/XMC4200/Libraries/CMSIS/Include\core_cm4.h ****   #define NVIC_SetVector              __NVIC_SetVector
1629:D:/Projekty/TrinityTrack6000/MainControlBoard/XMC/XMC4200/Libraries/CMSIS/Include\core_cm4.h ****   #define NVIC_GetVector              __NVIC_GetVector
1630:D:/Projekty/TrinityTrack6000/MainControlBoard/XMC/XMC4200/Libraries/CMSIS/Include\core_cm4.h **** #endif  /* (CMSIS_VECTAB_VIRTUAL) */
1631:D:/Projekty/TrinityTrack6000/MainControlBoard/XMC/XMC4200/Libraries/CMSIS/Include\core_cm4.h **** 
1632:D:/Projekty/TrinityTrack6000/MainControlBoard/XMC/XMC4200/Libraries/CMSIS/Include\core_cm4.h **** #define NVIC_USER_IRQ_OFFSET          16
1633:D:/Projekty/TrinityTrack6000/MainControlBoard/XMC/XMC4200/Libraries/CMSIS/Include\core_cm4.h **** 
1634:D:/Projekty/TrinityTrack6000/MainControlBoard/XMC/XMC4200/Libraries/CMSIS/Include\core_cm4.h **** 
1635:D:/Projekty/TrinityTrack6000/MainControlBoard/XMC/XMC4200/Libraries/CMSIS/Include\core_cm4.h **** /* The following EXC_RETURN values are saved the LR on exception entry */
1636:D:/Projekty/TrinityTrack6000/MainControlBoard/XMC/XMC4200/Libraries/CMSIS/Include\core_cm4.h **** #define EXC_RETURN_HANDLER         (0xFFFFFFF1UL)     /* return to Handler mode, uses MSP after ret
1637:D:/Projekty/TrinityTrack6000/MainControlBoard/XMC/XMC4200/Libraries/CMSIS/Include\core_cm4.h **** #define EXC_RETURN_THREAD_MSP      (0xFFFFFFF9UL)     /* return to Thread mode, uses MSP after retu
1638:D:/Projekty/TrinityTrack6000/MainControlBoard/XMC/XMC4200/Libraries/CMSIS/Include\core_cm4.h **** #define EXC_RETURN_THREAD_PSP      (0xFFFFFFFDUL)     /* return to Thread mode, uses PSP after retu
1639:D:/Projekty/TrinityTrack6000/MainControlBoard/XMC/XMC4200/Libraries/CMSIS/Include\core_cm4.h **** #define EXC_RETURN_HANDLER_FPU     (0xFFFFFFE1UL)     /* return to Handler mode, uses MSP after ret
1640:D:/Projekty/TrinityTrack6000/MainControlBoard/XMC/XMC4200/Libraries/CMSIS/Include\core_cm4.h **** #define EXC_RETURN_THREAD_MSP_FPU  (0xFFFFFFE9UL)     /* return to Thread mode, uses MSP after retu
1641:D:/Projekty/TrinityTrack6000/MainControlBoard/XMC/XMC4200/Libraries/CMSIS/Include\core_cm4.h **** #define EXC_RETURN_THREAD_PSP_FPU  (0xFFFFFFEDUL)     /* return to Thread mode, uses PSP after retu
1642:D:/Projekty/TrinityTrack6000/MainControlBoard/XMC/XMC4200/Libraries/CMSIS/Include\core_cm4.h **** 
1643:D:/Projekty/TrinityTrack6000/MainControlBoard/XMC/XMC4200/Libraries/CMSIS/Include\core_cm4.h **** 
1644:D:/Projekty/TrinityTrack6000/MainControlBoard/XMC/XMC4200/Libraries/CMSIS/Include\core_cm4.h **** /**
1645:D:/Projekty/TrinityTrack6000/MainControlBoard/XMC/XMC4200/Libraries/CMSIS/Include\core_cm4.h ****   \brief   Set Priority Grouping
1646:D:/Projekty/TrinityTrack6000/MainControlBoard/XMC/XMC4200/Libraries/CMSIS/Include\core_cm4.h ****   \details Sets the priority grouping field using the required unlock sequence.
1647:D:/Projekty/TrinityTrack6000/MainControlBoard/XMC/XMC4200/Libraries/CMSIS/Include\core_cm4.h ****            The parameter PriorityGroup is assigned to the field SCB->AIRCR [10:8] PRIGROUP field.
1648:D:/Projekty/TrinityTrack6000/MainControlBoard/XMC/XMC4200/Libraries/CMSIS/Include\core_cm4.h ****            Only values from 0..7 are used.
1649:D:/Projekty/TrinityTrack6000/MainControlBoard/XMC/XMC4200/Libraries/CMSIS/Include\core_cm4.h ****            In case of a conflict between priority grouping and available
1650:D:/Projekty/TrinityTrack6000/MainControlBoard/XMC/XMC4200/Libraries/CMSIS/Include\core_cm4.h ****            priority bits (__NVIC_PRIO_BITS), the smallest possible priority group is set.
1651:D:/Projekty/TrinityTrack6000/MainControlBoard/XMC/XMC4200/Libraries/CMSIS/Include\core_cm4.h ****   \param [in]      PriorityGroup  Priority grouping field.
1652:D:/Projekty/TrinityTrack6000/MainControlBoard/XMC/XMC4200/Libraries/CMSIS/Include\core_cm4.h ****  */
1653:D:/Projekty/TrinityTrack6000/MainControlBoard/XMC/XMC4200/Libraries/CMSIS/Include\core_cm4.h **** __STATIC_INLINE void __NVIC_SetPriorityGrouping(uint32_t PriorityGroup)
1654:D:/Projekty/TrinityTrack6000/MainControlBoard/XMC/XMC4200/Libraries/CMSIS/Include\core_cm4.h **** {
1655:D:/Projekty/TrinityTrack6000/MainControlBoard/XMC/XMC4200/Libraries/CMSIS/Include\core_cm4.h ****   uint32_t reg_value;
1656:D:/Projekty/TrinityTrack6000/MainControlBoard/XMC/XMC4200/Libraries/CMSIS/Include\core_cm4.h ****   uint32_t PriorityGroupTmp = (PriorityGroup & (uint32_t)0x07UL);             /* only values 0..7 a
1657:D:/Projekty/TrinityTrack6000/MainControlBoard/XMC/XMC4200/Libraries/CMSIS/Include\core_cm4.h **** 
1658:D:/Projekty/TrinityTrack6000/MainControlBoard/XMC/XMC4200/Libraries/CMSIS/Include\core_cm4.h ****   reg_value  =  SCB->AIRCR;                                                   /* read old register 
1659:D:/Projekty/TrinityTrack6000/MainControlBoard/XMC/XMC4200/Libraries/CMSIS/Include\core_cm4.h ****   reg_value &= ~((uint32_t)(SCB_AIRCR_VECTKEY_Msk | SCB_AIRCR_PRIGROUP_Msk)); /* clear bits to chan
1660:D:/Projekty/TrinityTrack6000/MainControlBoard/XMC/XMC4200/Libraries/CMSIS/Include\core_cm4.h ****   reg_value  =  (reg_value                                   |
1661:D:/Projekty/TrinityTrack6000/MainControlBoard/XMC/XMC4200/Libraries/CMSIS/Include\core_cm4.h ****                 ((uint32_t)0x5FAUL << SCB_AIRCR_VECTKEY_Pos) |
1662:D:/Projekty/TrinityTrack6000/MainControlBoard/XMC/XMC4200/Libraries/CMSIS/Include\core_cm4.h ****                 (PriorityGroupTmp << SCB_AIRCR_PRIGROUP_Pos)  );              /* Insert write key a
1663:D:/Projekty/TrinityTrack6000/MainControlBoard/XMC/XMC4200/Libraries/CMSIS/Include\core_cm4.h ****   SCB->AIRCR =  reg_value;
1664:D:/Projekty/TrinityTrack6000/MainControlBoard/XMC/XMC4200/Libraries/CMSIS/Include\core_cm4.h **** }
1665:D:/Projekty/TrinityTrack6000/MainControlBoard/XMC/XMC4200/Libraries/CMSIS/Include\core_cm4.h **** 
1666:D:/Projekty/TrinityTrack6000/MainControlBoard/XMC/XMC4200/Libraries/CMSIS/Include\core_cm4.h **** 
1667:D:/Projekty/TrinityTrack6000/MainControlBoard/XMC/XMC4200/Libraries/CMSIS/Include\core_cm4.h **** /**
1668:D:/Projekty/TrinityTrack6000/MainControlBoard/XMC/XMC4200/Libraries/CMSIS/Include\core_cm4.h ****   \brief   Get Priority Grouping
1669:D:/Projekty/TrinityTrack6000/MainControlBoard/XMC/XMC4200/Libraries/CMSIS/Include\core_cm4.h ****   \details Reads the priority grouping field from the NVIC Interrupt Controller.
1670:D:/Projekty/TrinityTrack6000/MainControlBoard/XMC/XMC4200/Libraries/CMSIS/Include\core_cm4.h ****   \return                Priority grouping field (SCB->AIRCR [10:8] PRIGROUP field).
1671:D:/Projekty/TrinityTrack6000/MainControlBoard/XMC/XMC4200/Libraries/CMSIS/Include\core_cm4.h ****  */
1672:D:/Projekty/TrinityTrack6000/MainControlBoard/XMC/XMC4200/Libraries/CMSIS/Include\core_cm4.h **** __STATIC_INLINE uint32_t __NVIC_GetPriorityGrouping(void)
1673:D:/Projekty/TrinityTrack6000/MainControlBoard/XMC/XMC4200/Libraries/CMSIS/Include\core_cm4.h **** {
  27              	 .loc 1 1673 0
  28              	 .cfi_startproc
  29              	 
  30              	 
  31              	 
  32 0000 80B4     	 push {r7}
  33              	.LCFI0:
  34              	 .cfi_def_cfa_offset 4
  35              	 .cfi_offset 7,-4
  36 0002 00AF     	 add r7,sp,#0
  37              	.LCFI1:
  38              	 .cfi_def_cfa_register 7
1674:D:/Projekty/TrinityTrack6000/MainControlBoard/XMC/XMC4200/Libraries/CMSIS/Include\core_cm4.h ****   return ((uint32_t)((SCB->AIRCR & SCB_AIRCR_PRIGROUP_Msk) >> SCB_AIRCR_PRIGROUP_Pos));
  39              	 .loc 1 1674 0
  40 0004 044B     	 ldr r3,.L3
  41 0006 DB68     	 ldr r3,[r3,#12]
  42 0008 03F4E063 	 and r3,r3,#1792
  43 000c 1B0A     	 lsrs r3,r3,#8
1675:D:/Projekty/TrinityTrack6000/MainControlBoard/XMC/XMC4200/Libraries/CMSIS/Include\core_cm4.h **** }
  44              	 .loc 1 1675 0
  45 000e 1846     	 mov r0,r3
  46 0010 BD46     	 mov sp,r7
  47              	.LCFI2:
  48              	 .cfi_def_cfa_register 13
  49              	 
  50 0012 5DF8047B 	 ldr r7,[sp],#4
  51              	.LCFI3:
  52              	 .cfi_restore 7
  53              	 .cfi_def_cfa_offset 0
  54 0016 7047     	 bx lr
  55              	.L4:
  56              	 .align 2
  57              	.L3:
  58 0018 00ED00E0 	 .word -536810240
  59              	 .cfi_endproc
  60              	.LFE106:
  62              	 .section .text.__NVIC_EnableIRQ,"ax",%progbits
  63              	 .align 2
  64              	 .thumb
  65              	 .thumb_func
  67              	__NVIC_EnableIRQ:
  68              	.LFB107:
1676:D:/Projekty/TrinityTrack6000/MainControlBoard/XMC/XMC4200/Libraries/CMSIS/Include\core_cm4.h **** 
1677:D:/Projekty/TrinityTrack6000/MainControlBoard/XMC/XMC4200/Libraries/CMSIS/Include\core_cm4.h **** 
1678:D:/Projekty/TrinityTrack6000/MainControlBoard/XMC/XMC4200/Libraries/CMSIS/Include\core_cm4.h **** /**
1679:D:/Projekty/TrinityTrack6000/MainControlBoard/XMC/XMC4200/Libraries/CMSIS/Include\core_cm4.h ****   \brief   Enable Interrupt
1680:D:/Projekty/TrinityTrack6000/MainControlBoard/XMC/XMC4200/Libraries/CMSIS/Include\core_cm4.h ****   \details Enables a device specific interrupt in the NVIC interrupt controller.
1681:D:/Projekty/TrinityTrack6000/MainControlBoard/XMC/XMC4200/Libraries/CMSIS/Include\core_cm4.h ****   \param [in]      IRQn  Device specific interrupt number.
1682:D:/Projekty/TrinityTrack6000/MainControlBoard/XMC/XMC4200/Libraries/CMSIS/Include\core_cm4.h ****   \note    IRQn must not be negative.
1683:D:/Projekty/TrinityTrack6000/MainControlBoard/XMC/XMC4200/Libraries/CMSIS/Include\core_cm4.h ****  */
1684:D:/Projekty/TrinityTrack6000/MainControlBoard/XMC/XMC4200/Libraries/CMSIS/Include\core_cm4.h **** __STATIC_INLINE void __NVIC_EnableIRQ(IRQn_Type IRQn)
1685:D:/Projekty/TrinityTrack6000/MainControlBoard/XMC/XMC4200/Libraries/CMSIS/Include\core_cm4.h **** {
  69              	 .loc 1 1685 0
  70              	 .cfi_startproc
  71              	 
  72              	 
  73              	 
  74 0000 80B4     	 push {r7}
  75              	.LCFI4:
  76              	 .cfi_def_cfa_offset 4
  77              	 .cfi_offset 7,-4
  78 0002 83B0     	 sub sp,sp,#12
  79              	.LCFI5:
  80              	 .cfi_def_cfa_offset 16
  81 0004 00AF     	 add r7,sp,#0
  82              	.LCFI6:
  83              	 .cfi_def_cfa_register 7
  84 0006 0346     	 mov r3,r0
  85 0008 FB71     	 strb r3,[r7,#7]
1686:D:/Projekty/TrinityTrack6000/MainControlBoard/XMC/XMC4200/Libraries/CMSIS/Include\core_cm4.h ****   if ((int32_t)(IRQn) >= 0)
  86              	 .loc 1 1686 0
  87 000a 97F90730 	 ldrsb r3,[r7,#7]
  88 000e 002B     	 cmp r3,#0
  89 0010 0BDB     	 blt .L5
1687:D:/Projekty/TrinityTrack6000/MainControlBoard/XMC/XMC4200/Libraries/CMSIS/Include\core_cm4.h ****   {
1688:D:/Projekty/TrinityTrack6000/MainControlBoard/XMC/XMC4200/Libraries/CMSIS/Include\core_cm4.h ****     __COMPILER_BARRIER();
  90              	 .loc 1 1688 0
1689:D:/Projekty/TrinityTrack6000/MainControlBoard/XMC/XMC4200/Libraries/CMSIS/Include\core_cm4.h ****     NVIC->ISER[(((uint32_t)IRQn) >> 5UL)] = (uint32_t)(1UL << (((uint32_t)IRQn) & 0x1FUL));
  91              	 .loc 1 1689 0
  92 0012 0849     	 ldr r1,.L7
  93 0014 97F90730 	 ldrsb r3,[r7,#7]
  94 0018 5B09     	 lsrs r3,r3,#5
  95 001a FA79     	 ldrb r2,[r7,#7]
  96 001c 02F01F02 	 and r2,r2,#31
  97 0020 0120     	 movs r0,#1
  98 0022 00FA02F2 	 lsl r2,r0,r2
  99 0026 41F82320 	 str r2,[r1,r3,lsl#2]
1690:D:/Projekty/TrinityTrack6000/MainControlBoard/XMC/XMC4200/Libraries/CMSIS/Include\core_cm4.h ****     __COMPILER_BARRIER();
 100              	 .loc 1 1690 0
 101              	.L5:
1691:D:/Projekty/TrinityTrack6000/MainControlBoard/XMC/XMC4200/Libraries/CMSIS/Include\core_cm4.h ****   }
1692:D:/Projekty/TrinityTrack6000/MainControlBoard/XMC/XMC4200/Libraries/CMSIS/Include\core_cm4.h **** }
 102              	 .loc 1 1692 0
 103 002a 0C37     	 adds r7,r7,#12
 104              	.LCFI7:
 105              	 .cfi_def_cfa_offset 4
 106 002c BD46     	 mov sp,r7
 107              	.LCFI8:
 108              	 .cfi_def_cfa_register 13
 109              	 
 110 002e 5DF8047B 	 ldr r7,[sp],#4
 111              	.LCFI9:
 112              	 .cfi_restore 7
 113              	 .cfi_def_cfa_offset 0
 114 0032 7047     	 bx lr
 115              	.L8:
 116              	 .align 2
 117              	.L7:
 118 0034 00E100E0 	 .word -536813312
 119              	 .cfi_endproc
 120              	.LFE107:
 122              	 .section .text.__NVIC_SetPriority,"ax",%progbits
 123              	 .align 2
 124              	 .thumb
 125              	 .thumb_func
 127              	__NVIC_SetPriority:
 128              	.LFB114:
1693:D:/Projekty/TrinityTrack6000/MainControlBoard/XMC/XMC4200/Libraries/CMSIS/Include\core_cm4.h **** 
1694:D:/Projekty/TrinityTrack6000/MainControlBoard/XMC/XMC4200/Libraries/CMSIS/Include\core_cm4.h **** 
1695:D:/Projekty/TrinityTrack6000/MainControlBoard/XMC/XMC4200/Libraries/CMSIS/Include\core_cm4.h **** /**
1696:D:/Projekty/TrinityTrack6000/MainControlBoard/XMC/XMC4200/Libraries/CMSIS/Include\core_cm4.h ****   \brief   Get Interrupt Enable status
1697:D:/Projekty/TrinityTrack6000/MainControlBoard/XMC/XMC4200/Libraries/CMSIS/Include\core_cm4.h ****   \details Returns a device specific interrupt enable status from the NVIC interrupt controller.
1698:D:/Projekty/TrinityTrack6000/MainControlBoard/XMC/XMC4200/Libraries/CMSIS/Include\core_cm4.h ****   \param [in]      IRQn  Device specific interrupt number.
1699:D:/Projekty/TrinityTrack6000/MainControlBoard/XMC/XMC4200/Libraries/CMSIS/Include\core_cm4.h ****   \return             0  Interrupt is not enabled.
1700:D:/Projekty/TrinityTrack6000/MainControlBoard/XMC/XMC4200/Libraries/CMSIS/Include\core_cm4.h ****   \return             1  Interrupt is enabled.
1701:D:/Projekty/TrinityTrack6000/MainControlBoard/XMC/XMC4200/Libraries/CMSIS/Include\core_cm4.h ****   \note    IRQn must not be negative.
1702:D:/Projekty/TrinityTrack6000/MainControlBoard/XMC/XMC4200/Libraries/CMSIS/Include\core_cm4.h ****  */
1703:D:/Projekty/TrinityTrack6000/MainControlBoard/XMC/XMC4200/Libraries/CMSIS/Include\core_cm4.h **** __STATIC_INLINE uint32_t __NVIC_GetEnableIRQ(IRQn_Type IRQn)
1704:D:/Projekty/TrinityTrack6000/MainControlBoard/XMC/XMC4200/Libraries/CMSIS/Include\core_cm4.h **** {
1705:D:/Projekty/TrinityTrack6000/MainControlBoard/XMC/XMC4200/Libraries/CMSIS/Include\core_cm4.h ****   if ((int32_t)(IRQn) >= 0)
1706:D:/Projekty/TrinityTrack6000/MainControlBoard/XMC/XMC4200/Libraries/CMSIS/Include\core_cm4.h ****   {
1707:D:/Projekty/TrinityTrack6000/MainControlBoard/XMC/XMC4200/Libraries/CMSIS/Include\core_cm4.h ****     return((uint32_t)(((NVIC->ISER[(((uint32_t)IRQn) >> 5UL)] & (1UL << (((uint32_t)IRQn) & 0x1FUL)
1708:D:/Projekty/TrinityTrack6000/MainControlBoard/XMC/XMC4200/Libraries/CMSIS/Include\core_cm4.h ****   }
1709:D:/Projekty/TrinityTrack6000/MainControlBoard/XMC/XMC4200/Libraries/CMSIS/Include\core_cm4.h ****   else
1710:D:/Projekty/TrinityTrack6000/MainControlBoard/XMC/XMC4200/Libraries/CMSIS/Include\core_cm4.h ****   {
1711:D:/Projekty/TrinityTrack6000/MainControlBoard/XMC/XMC4200/Libraries/CMSIS/Include\core_cm4.h ****     return(0U);
1712:D:/Projekty/TrinityTrack6000/MainControlBoard/XMC/XMC4200/Libraries/CMSIS/Include\core_cm4.h ****   }
1713:D:/Projekty/TrinityTrack6000/MainControlBoard/XMC/XMC4200/Libraries/CMSIS/Include\core_cm4.h **** }
1714:D:/Projekty/TrinityTrack6000/MainControlBoard/XMC/XMC4200/Libraries/CMSIS/Include\core_cm4.h **** 
1715:D:/Projekty/TrinityTrack6000/MainControlBoard/XMC/XMC4200/Libraries/CMSIS/Include\core_cm4.h **** 
1716:D:/Projekty/TrinityTrack6000/MainControlBoard/XMC/XMC4200/Libraries/CMSIS/Include\core_cm4.h **** /**
1717:D:/Projekty/TrinityTrack6000/MainControlBoard/XMC/XMC4200/Libraries/CMSIS/Include\core_cm4.h ****   \brief   Disable Interrupt
1718:D:/Projekty/TrinityTrack6000/MainControlBoard/XMC/XMC4200/Libraries/CMSIS/Include\core_cm4.h ****   \details Disables a device specific interrupt in the NVIC interrupt controller.
1719:D:/Projekty/TrinityTrack6000/MainControlBoard/XMC/XMC4200/Libraries/CMSIS/Include\core_cm4.h ****   \param [in]      IRQn  Device specific interrupt number.
1720:D:/Projekty/TrinityTrack6000/MainControlBoard/XMC/XMC4200/Libraries/CMSIS/Include\core_cm4.h ****   \note    IRQn must not be negative.
1721:D:/Projekty/TrinityTrack6000/MainControlBoard/XMC/XMC4200/Libraries/CMSIS/Include\core_cm4.h ****  */
1722:D:/Projekty/TrinityTrack6000/MainControlBoard/XMC/XMC4200/Libraries/CMSIS/Include\core_cm4.h **** __STATIC_INLINE void __NVIC_DisableIRQ(IRQn_Type IRQn)
1723:D:/Projekty/TrinityTrack6000/MainControlBoard/XMC/XMC4200/Libraries/CMSIS/Include\core_cm4.h **** {
1724:D:/Projekty/TrinityTrack6000/MainControlBoard/XMC/XMC4200/Libraries/CMSIS/Include\core_cm4.h ****   if ((int32_t)(IRQn) >= 0)
1725:D:/Projekty/TrinityTrack6000/MainControlBoard/XMC/XMC4200/Libraries/CMSIS/Include\core_cm4.h ****   {
1726:D:/Projekty/TrinityTrack6000/MainControlBoard/XMC/XMC4200/Libraries/CMSIS/Include\core_cm4.h ****     NVIC->ICER[(((uint32_t)IRQn) >> 5UL)] = (uint32_t)(1UL << (((uint32_t)IRQn) & 0x1FUL));
1727:D:/Projekty/TrinityTrack6000/MainControlBoard/XMC/XMC4200/Libraries/CMSIS/Include\core_cm4.h ****     __DSB();
1728:D:/Projekty/TrinityTrack6000/MainControlBoard/XMC/XMC4200/Libraries/CMSIS/Include\core_cm4.h ****     __ISB();
1729:D:/Projekty/TrinityTrack6000/MainControlBoard/XMC/XMC4200/Libraries/CMSIS/Include\core_cm4.h ****   }
1730:D:/Projekty/TrinityTrack6000/MainControlBoard/XMC/XMC4200/Libraries/CMSIS/Include\core_cm4.h **** }
1731:D:/Projekty/TrinityTrack6000/MainControlBoard/XMC/XMC4200/Libraries/CMSIS/Include\core_cm4.h **** 
1732:D:/Projekty/TrinityTrack6000/MainControlBoard/XMC/XMC4200/Libraries/CMSIS/Include\core_cm4.h **** 
1733:D:/Projekty/TrinityTrack6000/MainControlBoard/XMC/XMC4200/Libraries/CMSIS/Include\core_cm4.h **** /**
1734:D:/Projekty/TrinityTrack6000/MainControlBoard/XMC/XMC4200/Libraries/CMSIS/Include\core_cm4.h ****   \brief   Get Pending Interrupt
1735:D:/Projekty/TrinityTrack6000/MainControlBoard/XMC/XMC4200/Libraries/CMSIS/Include\core_cm4.h ****   \details Reads the NVIC pending register and returns the pending bit for the specified device spe
1736:D:/Projekty/TrinityTrack6000/MainControlBoard/XMC/XMC4200/Libraries/CMSIS/Include\core_cm4.h ****   \param [in]      IRQn  Device specific interrupt number.
1737:D:/Projekty/TrinityTrack6000/MainControlBoard/XMC/XMC4200/Libraries/CMSIS/Include\core_cm4.h ****   \return             0  Interrupt status is not pending.
1738:D:/Projekty/TrinityTrack6000/MainControlBoard/XMC/XMC4200/Libraries/CMSIS/Include\core_cm4.h ****   \return             1  Interrupt status is pending.
1739:D:/Projekty/TrinityTrack6000/MainControlBoard/XMC/XMC4200/Libraries/CMSIS/Include\core_cm4.h ****   \note    IRQn must not be negative.
1740:D:/Projekty/TrinityTrack6000/MainControlBoard/XMC/XMC4200/Libraries/CMSIS/Include\core_cm4.h ****  */
1741:D:/Projekty/TrinityTrack6000/MainControlBoard/XMC/XMC4200/Libraries/CMSIS/Include\core_cm4.h **** __STATIC_INLINE uint32_t __NVIC_GetPendingIRQ(IRQn_Type IRQn)
1742:D:/Projekty/TrinityTrack6000/MainControlBoard/XMC/XMC4200/Libraries/CMSIS/Include\core_cm4.h **** {
1743:D:/Projekty/TrinityTrack6000/MainControlBoard/XMC/XMC4200/Libraries/CMSIS/Include\core_cm4.h ****   if ((int32_t)(IRQn) >= 0)
1744:D:/Projekty/TrinityTrack6000/MainControlBoard/XMC/XMC4200/Libraries/CMSIS/Include\core_cm4.h ****   {
1745:D:/Projekty/TrinityTrack6000/MainControlBoard/XMC/XMC4200/Libraries/CMSIS/Include\core_cm4.h ****     return((uint32_t)(((NVIC->ISPR[(((uint32_t)IRQn) >> 5UL)] & (1UL << (((uint32_t)IRQn) & 0x1FUL)
1746:D:/Projekty/TrinityTrack6000/MainControlBoard/XMC/XMC4200/Libraries/CMSIS/Include\core_cm4.h ****   }
1747:D:/Projekty/TrinityTrack6000/MainControlBoard/XMC/XMC4200/Libraries/CMSIS/Include\core_cm4.h ****   else
1748:D:/Projekty/TrinityTrack6000/MainControlBoard/XMC/XMC4200/Libraries/CMSIS/Include\core_cm4.h ****   {
1749:D:/Projekty/TrinityTrack6000/MainControlBoard/XMC/XMC4200/Libraries/CMSIS/Include\core_cm4.h ****     return(0U);
1750:D:/Projekty/TrinityTrack6000/MainControlBoard/XMC/XMC4200/Libraries/CMSIS/Include\core_cm4.h ****   }
1751:D:/Projekty/TrinityTrack6000/MainControlBoard/XMC/XMC4200/Libraries/CMSIS/Include\core_cm4.h **** }
1752:D:/Projekty/TrinityTrack6000/MainControlBoard/XMC/XMC4200/Libraries/CMSIS/Include\core_cm4.h **** 
1753:D:/Projekty/TrinityTrack6000/MainControlBoard/XMC/XMC4200/Libraries/CMSIS/Include\core_cm4.h **** 
1754:D:/Projekty/TrinityTrack6000/MainControlBoard/XMC/XMC4200/Libraries/CMSIS/Include\core_cm4.h **** /**
1755:D:/Projekty/TrinityTrack6000/MainControlBoard/XMC/XMC4200/Libraries/CMSIS/Include\core_cm4.h ****   \brief   Set Pending Interrupt
1756:D:/Projekty/TrinityTrack6000/MainControlBoard/XMC/XMC4200/Libraries/CMSIS/Include\core_cm4.h ****   \details Sets the pending bit of a device specific interrupt in the NVIC pending register.
1757:D:/Projekty/TrinityTrack6000/MainControlBoard/XMC/XMC4200/Libraries/CMSIS/Include\core_cm4.h ****   \param [in]      IRQn  Device specific interrupt number.
1758:D:/Projekty/TrinityTrack6000/MainControlBoard/XMC/XMC4200/Libraries/CMSIS/Include\core_cm4.h ****   \note    IRQn must not be negative.
1759:D:/Projekty/TrinityTrack6000/MainControlBoard/XMC/XMC4200/Libraries/CMSIS/Include\core_cm4.h ****  */
1760:D:/Projekty/TrinityTrack6000/MainControlBoard/XMC/XMC4200/Libraries/CMSIS/Include\core_cm4.h **** __STATIC_INLINE void __NVIC_SetPendingIRQ(IRQn_Type IRQn)
1761:D:/Projekty/TrinityTrack6000/MainControlBoard/XMC/XMC4200/Libraries/CMSIS/Include\core_cm4.h **** {
1762:D:/Projekty/TrinityTrack6000/MainControlBoard/XMC/XMC4200/Libraries/CMSIS/Include\core_cm4.h ****   if ((int32_t)(IRQn) >= 0)
1763:D:/Projekty/TrinityTrack6000/MainControlBoard/XMC/XMC4200/Libraries/CMSIS/Include\core_cm4.h ****   {
1764:D:/Projekty/TrinityTrack6000/MainControlBoard/XMC/XMC4200/Libraries/CMSIS/Include\core_cm4.h ****     NVIC->ISPR[(((uint32_t)IRQn) >> 5UL)] = (uint32_t)(1UL << (((uint32_t)IRQn) & 0x1FUL));
1765:D:/Projekty/TrinityTrack6000/MainControlBoard/XMC/XMC4200/Libraries/CMSIS/Include\core_cm4.h ****   }
1766:D:/Projekty/TrinityTrack6000/MainControlBoard/XMC/XMC4200/Libraries/CMSIS/Include\core_cm4.h **** }
1767:D:/Projekty/TrinityTrack6000/MainControlBoard/XMC/XMC4200/Libraries/CMSIS/Include\core_cm4.h **** 
1768:D:/Projekty/TrinityTrack6000/MainControlBoard/XMC/XMC4200/Libraries/CMSIS/Include\core_cm4.h **** 
1769:D:/Projekty/TrinityTrack6000/MainControlBoard/XMC/XMC4200/Libraries/CMSIS/Include\core_cm4.h **** /**
1770:D:/Projekty/TrinityTrack6000/MainControlBoard/XMC/XMC4200/Libraries/CMSIS/Include\core_cm4.h ****   \brief   Clear Pending Interrupt
1771:D:/Projekty/TrinityTrack6000/MainControlBoard/XMC/XMC4200/Libraries/CMSIS/Include\core_cm4.h ****   \details Clears the pending bit of a device specific interrupt in the NVIC pending register.
1772:D:/Projekty/TrinityTrack6000/MainControlBoard/XMC/XMC4200/Libraries/CMSIS/Include\core_cm4.h ****   \param [in]      IRQn  Device specific interrupt number.
1773:D:/Projekty/TrinityTrack6000/MainControlBoard/XMC/XMC4200/Libraries/CMSIS/Include\core_cm4.h ****   \note    IRQn must not be negative.
1774:D:/Projekty/TrinityTrack6000/MainControlBoard/XMC/XMC4200/Libraries/CMSIS/Include\core_cm4.h ****  */
1775:D:/Projekty/TrinityTrack6000/MainControlBoard/XMC/XMC4200/Libraries/CMSIS/Include\core_cm4.h **** __STATIC_INLINE void __NVIC_ClearPendingIRQ(IRQn_Type IRQn)
1776:D:/Projekty/TrinityTrack6000/MainControlBoard/XMC/XMC4200/Libraries/CMSIS/Include\core_cm4.h **** {
1777:D:/Projekty/TrinityTrack6000/MainControlBoard/XMC/XMC4200/Libraries/CMSIS/Include\core_cm4.h ****   if ((int32_t)(IRQn) >= 0)
1778:D:/Projekty/TrinityTrack6000/MainControlBoard/XMC/XMC4200/Libraries/CMSIS/Include\core_cm4.h ****   {
1779:D:/Projekty/TrinityTrack6000/MainControlBoard/XMC/XMC4200/Libraries/CMSIS/Include\core_cm4.h ****     NVIC->ICPR[(((uint32_t)IRQn) >> 5UL)] = (uint32_t)(1UL << (((uint32_t)IRQn) & 0x1FUL));
1780:D:/Projekty/TrinityTrack6000/MainControlBoard/XMC/XMC4200/Libraries/CMSIS/Include\core_cm4.h ****   }
1781:D:/Projekty/TrinityTrack6000/MainControlBoard/XMC/XMC4200/Libraries/CMSIS/Include\core_cm4.h **** }
1782:D:/Projekty/TrinityTrack6000/MainControlBoard/XMC/XMC4200/Libraries/CMSIS/Include\core_cm4.h **** 
1783:D:/Projekty/TrinityTrack6000/MainControlBoard/XMC/XMC4200/Libraries/CMSIS/Include\core_cm4.h **** 
1784:D:/Projekty/TrinityTrack6000/MainControlBoard/XMC/XMC4200/Libraries/CMSIS/Include\core_cm4.h **** /**
1785:D:/Projekty/TrinityTrack6000/MainControlBoard/XMC/XMC4200/Libraries/CMSIS/Include\core_cm4.h ****   \brief   Get Active Interrupt
1786:D:/Projekty/TrinityTrack6000/MainControlBoard/XMC/XMC4200/Libraries/CMSIS/Include\core_cm4.h ****   \details Reads the active register in the NVIC and returns the active bit for the device specific
1787:D:/Projekty/TrinityTrack6000/MainControlBoard/XMC/XMC4200/Libraries/CMSIS/Include\core_cm4.h ****   \param [in]      IRQn  Device specific interrupt number.
1788:D:/Projekty/TrinityTrack6000/MainControlBoard/XMC/XMC4200/Libraries/CMSIS/Include\core_cm4.h ****   \return             0  Interrupt status is not active.
1789:D:/Projekty/TrinityTrack6000/MainControlBoard/XMC/XMC4200/Libraries/CMSIS/Include\core_cm4.h ****   \return             1  Interrupt status is active.
1790:D:/Projekty/TrinityTrack6000/MainControlBoard/XMC/XMC4200/Libraries/CMSIS/Include\core_cm4.h ****   \note    IRQn must not be negative.
1791:D:/Projekty/TrinityTrack6000/MainControlBoard/XMC/XMC4200/Libraries/CMSIS/Include\core_cm4.h ****  */
1792:D:/Projekty/TrinityTrack6000/MainControlBoard/XMC/XMC4200/Libraries/CMSIS/Include\core_cm4.h **** __STATIC_INLINE uint32_t __NVIC_GetActive(IRQn_Type IRQn)
1793:D:/Projekty/TrinityTrack6000/MainControlBoard/XMC/XMC4200/Libraries/CMSIS/Include\core_cm4.h **** {
1794:D:/Projekty/TrinityTrack6000/MainControlBoard/XMC/XMC4200/Libraries/CMSIS/Include\core_cm4.h ****   if ((int32_t)(IRQn) >= 0)
1795:D:/Projekty/TrinityTrack6000/MainControlBoard/XMC/XMC4200/Libraries/CMSIS/Include\core_cm4.h ****   {
1796:D:/Projekty/TrinityTrack6000/MainControlBoard/XMC/XMC4200/Libraries/CMSIS/Include\core_cm4.h ****     return((uint32_t)(((NVIC->IABR[(((uint32_t)IRQn) >> 5UL)] & (1UL << (((uint32_t)IRQn) & 0x1FUL)
1797:D:/Projekty/TrinityTrack6000/MainControlBoard/XMC/XMC4200/Libraries/CMSIS/Include\core_cm4.h ****   }
1798:D:/Projekty/TrinityTrack6000/MainControlBoard/XMC/XMC4200/Libraries/CMSIS/Include\core_cm4.h ****   else
1799:D:/Projekty/TrinityTrack6000/MainControlBoard/XMC/XMC4200/Libraries/CMSIS/Include\core_cm4.h ****   {
1800:D:/Projekty/TrinityTrack6000/MainControlBoard/XMC/XMC4200/Libraries/CMSIS/Include\core_cm4.h ****     return(0U);
1801:D:/Projekty/TrinityTrack6000/MainControlBoard/XMC/XMC4200/Libraries/CMSIS/Include\core_cm4.h ****   }
1802:D:/Projekty/TrinityTrack6000/MainControlBoard/XMC/XMC4200/Libraries/CMSIS/Include\core_cm4.h **** }
1803:D:/Projekty/TrinityTrack6000/MainControlBoard/XMC/XMC4200/Libraries/CMSIS/Include\core_cm4.h **** 
1804:D:/Projekty/TrinityTrack6000/MainControlBoard/XMC/XMC4200/Libraries/CMSIS/Include\core_cm4.h **** 
1805:D:/Projekty/TrinityTrack6000/MainControlBoard/XMC/XMC4200/Libraries/CMSIS/Include\core_cm4.h **** /**
1806:D:/Projekty/TrinityTrack6000/MainControlBoard/XMC/XMC4200/Libraries/CMSIS/Include\core_cm4.h ****   \brief   Set Interrupt Priority
1807:D:/Projekty/TrinityTrack6000/MainControlBoard/XMC/XMC4200/Libraries/CMSIS/Include\core_cm4.h ****   \details Sets the priority of a device specific interrupt or a processor exception.
1808:D:/Projekty/TrinityTrack6000/MainControlBoard/XMC/XMC4200/Libraries/CMSIS/Include\core_cm4.h ****            The interrupt number can be positive to specify a device specific interrupt,
1809:D:/Projekty/TrinityTrack6000/MainControlBoard/XMC/XMC4200/Libraries/CMSIS/Include\core_cm4.h ****            or negative to specify a processor exception.
1810:D:/Projekty/TrinityTrack6000/MainControlBoard/XMC/XMC4200/Libraries/CMSIS/Include\core_cm4.h ****   \param [in]      IRQn  Interrupt number.
1811:D:/Projekty/TrinityTrack6000/MainControlBoard/XMC/XMC4200/Libraries/CMSIS/Include\core_cm4.h ****   \param [in]  priority  Priority to set.
1812:D:/Projekty/TrinityTrack6000/MainControlBoard/XMC/XMC4200/Libraries/CMSIS/Include\core_cm4.h ****   \note    The priority cannot be set for every processor exception.
1813:D:/Projekty/TrinityTrack6000/MainControlBoard/XMC/XMC4200/Libraries/CMSIS/Include\core_cm4.h ****  */
1814:D:/Projekty/TrinityTrack6000/MainControlBoard/XMC/XMC4200/Libraries/CMSIS/Include\core_cm4.h **** __STATIC_INLINE void __NVIC_SetPriority(IRQn_Type IRQn, uint32_t priority)
1815:D:/Projekty/TrinityTrack6000/MainControlBoard/XMC/XMC4200/Libraries/CMSIS/Include\core_cm4.h **** {
 129              	 .loc 1 1815 0
 130              	 .cfi_startproc
 131              	 
 132              	 
 133              	 
 134 0000 80B4     	 push {r7}
 135              	.LCFI10:
 136              	 .cfi_def_cfa_offset 4
 137              	 .cfi_offset 7,-4
 138 0002 83B0     	 sub sp,sp,#12
 139              	.LCFI11:
 140              	 .cfi_def_cfa_offset 16
 141 0004 00AF     	 add r7,sp,#0
 142              	.LCFI12:
 143              	 .cfi_def_cfa_register 7
 144 0006 0346     	 mov r3,r0
 145 0008 3960     	 str r1,[r7]
 146 000a FB71     	 strb r3,[r7,#7]
1816:D:/Projekty/TrinityTrack6000/MainControlBoard/XMC/XMC4200/Libraries/CMSIS/Include\core_cm4.h ****   if ((int32_t)(IRQn) >= 0)
 147              	 .loc 1 1816 0
 148 000c 97F90730 	 ldrsb r3,[r7,#7]
 149 0010 002B     	 cmp r3,#0
 150 0012 0ADB     	 blt .L10
1817:D:/Projekty/TrinityTrack6000/MainControlBoard/XMC/XMC4200/Libraries/CMSIS/Include\core_cm4.h ****   {
1818:D:/Projekty/TrinityTrack6000/MainControlBoard/XMC/XMC4200/Libraries/CMSIS/Include\core_cm4.h ****     NVIC->IP[((uint32_t)IRQn)]               = (uint8_t)((priority << (8U - __NVIC_PRIO_BITS)) & (u
 151              	 .loc 1 1818 0
 152 0014 0D49     	 ldr r1,.L12
 153 0016 97F90730 	 ldrsb r3,[r7,#7]
 154 001a 3A68     	 ldr r2,[r7]
 155 001c D2B2     	 uxtb r2,r2
 156 001e 9200     	 lsls r2,r2,#2
 157 0020 D2B2     	 uxtb r2,r2
 158 0022 0B44     	 add r3,r3,r1
 159 0024 83F80023 	 strb r2,[r3,#768]
 160 0028 0AE0     	 b .L9
 161              	.L10:
1819:D:/Projekty/TrinityTrack6000/MainControlBoard/XMC/XMC4200/Libraries/CMSIS/Include\core_cm4.h ****   }
1820:D:/Projekty/TrinityTrack6000/MainControlBoard/XMC/XMC4200/Libraries/CMSIS/Include\core_cm4.h ****   else
1821:D:/Projekty/TrinityTrack6000/MainControlBoard/XMC/XMC4200/Libraries/CMSIS/Include\core_cm4.h ****   {
1822:D:/Projekty/TrinityTrack6000/MainControlBoard/XMC/XMC4200/Libraries/CMSIS/Include\core_cm4.h ****     SCB->SHP[(((uint32_t)IRQn) & 0xFUL)-4UL] = (uint8_t)((priority << (8U - __NVIC_PRIO_BITS)) & (u
 162              	 .loc 1 1822 0
 163 002a 0949     	 ldr r1,.L12+4
 164 002c FB79     	 ldrb r3,[r7,#7]
 165 002e 03F00F03 	 and r3,r3,#15
 166 0032 043B     	 subs r3,r3,#4
 167 0034 3A68     	 ldr r2,[r7]
 168 0036 D2B2     	 uxtb r2,r2
 169 0038 9200     	 lsls r2,r2,#2
 170 003a D2B2     	 uxtb r2,r2
 171 003c 0B44     	 add r3,r3,r1
 172 003e 1A76     	 strb r2,[r3,#24]
 173              	.L9:
1823:D:/Projekty/TrinityTrack6000/MainControlBoard/XMC/XMC4200/Libraries/CMSIS/Include\core_cm4.h ****   }
1824:D:/Projekty/TrinityTrack6000/MainControlBoard/XMC/XMC4200/Libraries/CMSIS/Include\core_cm4.h **** }
 174              	 .loc 1 1824 0
 175 0040 0C37     	 adds r7,r7,#12
 176              	.LCFI13:
 177              	 .cfi_def_cfa_offset 4
 178 0042 BD46     	 mov sp,r7
 179              	.LCFI14:
 180              	 .cfi_def_cfa_register 13
 181              	 
 182 0044 5DF8047B 	 ldr r7,[sp],#4
 183              	.LCFI15:
 184              	 .cfi_restore 7
 185              	 .cfi_def_cfa_offset 0
 186 0048 7047     	 bx lr
 187              	.L13:
 188 004a 00BF     	 .align 2
 189              	.L12:
 190 004c 00E100E0 	 .word -536813312
 191 0050 00ED00E0 	 .word -536810240
 192              	 .cfi_endproc
 193              	.LFE114:
 195              	 .section .text.NVIC_EncodePriority,"ax",%progbits
 196              	 .align 2
 197              	 .thumb
 198              	 .thumb_func
 200              	NVIC_EncodePriority:
 201              	.LFB116:
1825:D:/Projekty/TrinityTrack6000/MainControlBoard/XMC/XMC4200/Libraries/CMSIS/Include\core_cm4.h **** 
1826:D:/Projekty/TrinityTrack6000/MainControlBoard/XMC/XMC4200/Libraries/CMSIS/Include\core_cm4.h **** 
1827:D:/Projekty/TrinityTrack6000/MainControlBoard/XMC/XMC4200/Libraries/CMSIS/Include\core_cm4.h **** /**
1828:D:/Projekty/TrinityTrack6000/MainControlBoard/XMC/XMC4200/Libraries/CMSIS/Include\core_cm4.h ****   \brief   Get Interrupt Priority
1829:D:/Projekty/TrinityTrack6000/MainControlBoard/XMC/XMC4200/Libraries/CMSIS/Include\core_cm4.h ****   \details Reads the priority of a device specific interrupt or a processor exception.
1830:D:/Projekty/TrinityTrack6000/MainControlBoard/XMC/XMC4200/Libraries/CMSIS/Include\core_cm4.h ****            The interrupt number can be positive to specify a device specific interrupt,
1831:D:/Projekty/TrinityTrack6000/MainControlBoard/XMC/XMC4200/Libraries/CMSIS/Include\core_cm4.h ****            or negative to specify a processor exception.
1832:D:/Projekty/TrinityTrack6000/MainControlBoard/XMC/XMC4200/Libraries/CMSIS/Include\core_cm4.h ****   \param [in]   IRQn  Interrupt number.
1833:D:/Projekty/TrinityTrack6000/MainControlBoard/XMC/XMC4200/Libraries/CMSIS/Include\core_cm4.h ****   \return             Interrupt Priority.
1834:D:/Projekty/TrinityTrack6000/MainControlBoard/XMC/XMC4200/Libraries/CMSIS/Include\core_cm4.h ****                       Value is aligned automatically to the implemented priority bits of the microc
1835:D:/Projekty/TrinityTrack6000/MainControlBoard/XMC/XMC4200/Libraries/CMSIS/Include\core_cm4.h ****  */
1836:D:/Projekty/TrinityTrack6000/MainControlBoard/XMC/XMC4200/Libraries/CMSIS/Include\core_cm4.h **** __STATIC_INLINE uint32_t __NVIC_GetPriority(IRQn_Type IRQn)
1837:D:/Projekty/TrinityTrack6000/MainControlBoard/XMC/XMC4200/Libraries/CMSIS/Include\core_cm4.h **** {
1838:D:/Projekty/TrinityTrack6000/MainControlBoard/XMC/XMC4200/Libraries/CMSIS/Include\core_cm4.h **** 
1839:D:/Projekty/TrinityTrack6000/MainControlBoard/XMC/XMC4200/Libraries/CMSIS/Include\core_cm4.h ****   if ((int32_t)(IRQn) >= 0)
1840:D:/Projekty/TrinityTrack6000/MainControlBoard/XMC/XMC4200/Libraries/CMSIS/Include\core_cm4.h ****   {
1841:D:/Projekty/TrinityTrack6000/MainControlBoard/XMC/XMC4200/Libraries/CMSIS/Include\core_cm4.h ****     return(((uint32_t)NVIC->IP[((uint32_t)IRQn)]               >> (8U - __NVIC_PRIO_BITS)));
1842:D:/Projekty/TrinityTrack6000/MainControlBoard/XMC/XMC4200/Libraries/CMSIS/Include\core_cm4.h ****   }
1843:D:/Projekty/TrinityTrack6000/MainControlBoard/XMC/XMC4200/Libraries/CMSIS/Include\core_cm4.h ****   else
1844:D:/Projekty/TrinityTrack6000/MainControlBoard/XMC/XMC4200/Libraries/CMSIS/Include\core_cm4.h ****   {
1845:D:/Projekty/TrinityTrack6000/MainControlBoard/XMC/XMC4200/Libraries/CMSIS/Include\core_cm4.h ****     return(((uint32_t)SCB->SHP[(((uint32_t)IRQn) & 0xFUL)-4UL] >> (8U - __NVIC_PRIO_BITS)));
1846:D:/Projekty/TrinityTrack6000/MainControlBoard/XMC/XMC4200/Libraries/CMSIS/Include\core_cm4.h ****   }
1847:D:/Projekty/TrinityTrack6000/MainControlBoard/XMC/XMC4200/Libraries/CMSIS/Include\core_cm4.h **** }
1848:D:/Projekty/TrinityTrack6000/MainControlBoard/XMC/XMC4200/Libraries/CMSIS/Include\core_cm4.h **** 
1849:D:/Projekty/TrinityTrack6000/MainControlBoard/XMC/XMC4200/Libraries/CMSIS/Include\core_cm4.h **** 
1850:D:/Projekty/TrinityTrack6000/MainControlBoard/XMC/XMC4200/Libraries/CMSIS/Include\core_cm4.h **** /**
1851:D:/Projekty/TrinityTrack6000/MainControlBoard/XMC/XMC4200/Libraries/CMSIS/Include\core_cm4.h ****   \brief   Encode Priority
1852:D:/Projekty/TrinityTrack6000/MainControlBoard/XMC/XMC4200/Libraries/CMSIS/Include\core_cm4.h ****   \details Encodes the priority for an interrupt with the given priority group,
1853:D:/Projekty/TrinityTrack6000/MainControlBoard/XMC/XMC4200/Libraries/CMSIS/Include\core_cm4.h ****            preemptive priority value, and subpriority value.
1854:D:/Projekty/TrinityTrack6000/MainControlBoard/XMC/XMC4200/Libraries/CMSIS/Include\core_cm4.h ****            In case of a conflict between priority grouping and available
1855:D:/Projekty/TrinityTrack6000/MainControlBoard/XMC/XMC4200/Libraries/CMSIS/Include\core_cm4.h ****            priority bits (__NVIC_PRIO_BITS), the smallest possible priority group is set.
1856:D:/Projekty/TrinityTrack6000/MainControlBoard/XMC/XMC4200/Libraries/CMSIS/Include\core_cm4.h ****   \param [in]     PriorityGroup  Used priority group.
1857:D:/Projekty/TrinityTrack6000/MainControlBoard/XMC/XMC4200/Libraries/CMSIS/Include\core_cm4.h ****   \param [in]   PreemptPriority  Preemptive priority value (starting from 0).
1858:D:/Projekty/TrinityTrack6000/MainControlBoard/XMC/XMC4200/Libraries/CMSIS/Include\core_cm4.h ****   \param [in]       SubPriority  Subpriority value (starting from 0).
1859:D:/Projekty/TrinityTrack6000/MainControlBoard/XMC/XMC4200/Libraries/CMSIS/Include\core_cm4.h ****   \return                        Encoded priority. Value can be used in the function \ref NVIC_SetP
1860:D:/Projekty/TrinityTrack6000/MainControlBoard/XMC/XMC4200/Libraries/CMSIS/Include\core_cm4.h ****  */
1861:D:/Projekty/TrinityTrack6000/MainControlBoard/XMC/XMC4200/Libraries/CMSIS/Include\core_cm4.h **** __STATIC_INLINE uint32_t NVIC_EncodePriority (uint32_t PriorityGroup, uint32_t PreemptPriority, uin
1862:D:/Projekty/TrinityTrack6000/MainControlBoard/XMC/XMC4200/Libraries/CMSIS/Include\core_cm4.h **** {
 202              	 .loc 1 1862 0
 203              	 .cfi_startproc
 204              	 
 205              	 
 206              	 
 207 0000 80B4     	 push {r7}
 208              	.LCFI16:
 209              	 .cfi_def_cfa_offset 4
 210              	 .cfi_offset 7,-4
 211 0002 89B0     	 sub sp,sp,#36
 212              	.LCFI17:
 213              	 .cfi_def_cfa_offset 40
 214 0004 00AF     	 add r7,sp,#0
 215              	.LCFI18:
 216              	 .cfi_def_cfa_register 7
 217 0006 F860     	 str r0,[r7,#12]
 218 0008 B960     	 str r1,[r7,#8]
 219 000a 7A60     	 str r2,[r7,#4]
1863:D:/Projekty/TrinityTrack6000/MainControlBoard/XMC/XMC4200/Libraries/CMSIS/Include\core_cm4.h ****   uint32_t PriorityGroupTmp = (PriorityGroup & (uint32_t)0x07UL);   /* only values 0..7 are used   
 220              	 .loc 1 1863 0
 221 000c FB68     	 ldr r3,[r7,#12]
 222 000e 03F00703 	 and r3,r3,#7
 223 0012 FB61     	 str r3,[r7,#28]
1864:D:/Projekty/TrinityTrack6000/MainControlBoard/XMC/XMC4200/Libraries/CMSIS/Include\core_cm4.h ****   uint32_t PreemptPriorityBits;
1865:D:/Projekty/TrinityTrack6000/MainControlBoard/XMC/XMC4200/Libraries/CMSIS/Include\core_cm4.h ****   uint32_t SubPriorityBits;
1866:D:/Projekty/TrinityTrack6000/MainControlBoard/XMC/XMC4200/Libraries/CMSIS/Include\core_cm4.h **** 
1867:D:/Projekty/TrinityTrack6000/MainControlBoard/XMC/XMC4200/Libraries/CMSIS/Include\core_cm4.h ****   PreemptPriorityBits = ((7UL - PriorityGroupTmp) > (uint32_t)(__NVIC_PRIO_BITS)) ? (uint32_t)(__NV
 224              	 .loc 1 1867 0
 225 0014 FB69     	 ldr r3,[r7,#28]
 226 0016 C3F10703 	 rsb r3,r3,#7
 227 001a 062B     	 cmp r3,#6
 228 001c 28BF     	 it cs
 229 001e 0623     	 movcs r3,#6
 230 0020 BB61     	 str r3,[r7,#24]
1868:D:/Projekty/TrinityTrack6000/MainControlBoard/XMC/XMC4200/Libraries/CMSIS/Include\core_cm4.h ****   SubPriorityBits     = ((PriorityGroupTmp + (uint32_t)(__NVIC_PRIO_BITS)) < (uint32_t)7UL) ? (uint
 231              	 .loc 1 1868 0
 232 0022 FB69     	 ldr r3,[r7,#28]
 233 0024 0633     	 adds r3,r3,#6
 234 0026 062B     	 cmp r3,#6
 235 0028 02D9     	 bls .L15
 236              	 .loc 1 1868 0 is_stmt 0 discriminator 1
 237 002a FB69     	 ldr r3,[r7,#28]
 238 002c 013B     	 subs r3,r3,#1
 239 002e 00E0     	 b .L16
 240              	.L15:
 241              	 .loc 1 1868 0 discriminator 2
 242 0030 0023     	 movs r3,#0
 243              	.L16:
 244              	 .loc 1 1868 0 discriminator 4
 245 0032 7B61     	 str r3,[r7,#20]
1869:D:/Projekty/TrinityTrack6000/MainControlBoard/XMC/XMC4200/Libraries/CMSIS/Include\core_cm4.h **** 
1870:D:/Projekty/TrinityTrack6000/MainControlBoard/XMC/XMC4200/Libraries/CMSIS/Include\core_cm4.h ****   return (
1871:D:/Projekty/TrinityTrack6000/MainControlBoard/XMC/XMC4200/Libraries/CMSIS/Include\core_cm4.h ****            ((PreemptPriority & (uint32_t)((1UL << (PreemptPriorityBits)) - 1UL)) << SubPriorityBits
 246              	 .loc 1 1871 0 is_stmt 1 discriminator 4
 247 0034 BB69     	 ldr r3,[r7,#24]
 248 0036 0122     	 movs r2,#1
 249 0038 02FA03F3 	 lsl r3,r2,r3
 250 003c 5A1E     	 subs r2,r3,#1
 251 003e BB68     	 ldr r3,[r7,#8]
 252 0040 1A40     	 ands r2,r2,r3
 253 0042 7B69     	 ldr r3,[r7,#20]
 254 0044 9A40     	 lsls r2,r2,r3
1872:D:/Projekty/TrinityTrack6000/MainControlBoard/XMC/XMC4200/Libraries/CMSIS/Include\core_cm4.h ****            ((SubPriority     & (uint32_t)((1UL << (SubPriorityBits    )) - 1UL)))
 255              	 .loc 1 1872 0 discriminator 4
 256 0046 7B69     	 ldr r3,[r7,#20]
 257 0048 0121     	 movs r1,#1
 258 004a 01FA03F3 	 lsl r3,r1,r3
 259 004e 591E     	 subs r1,r3,#1
 260 0050 7B68     	 ldr r3,[r7,#4]
 261 0052 0B40     	 ands r3,r3,r1
1870:D:/Projekty/TrinityTrack6000/MainControlBoard/XMC/XMC4200/Libraries/CMSIS/Include\core_cm4.h ****            ((PreemptPriority & (uint32_t)((1UL << (PreemptPriorityBits)) - 1UL)) << SubPriorityBits
 262              	 .loc 1 1870 0 discriminator 4
 263 0054 1343     	 orrs r3,r3,r2
1873:D:/Projekty/TrinityTrack6000/MainControlBoard/XMC/XMC4200/Libraries/CMSIS/Include\core_cm4.h ****          );
1874:D:/Projekty/TrinityTrack6000/MainControlBoard/XMC/XMC4200/Libraries/CMSIS/Include\core_cm4.h **** }
 264              	 .loc 1 1874 0 discriminator 4
 265 0056 1846     	 mov r0,r3
 266 0058 2437     	 adds r7,r7,#36
 267              	.LCFI19:
 268              	 .cfi_def_cfa_offset 4
 269 005a BD46     	 mov sp,r7
 270              	.LCFI20:
 271              	 .cfi_def_cfa_register 13
 272              	 
 273 005c 5DF8047B 	 ldr r7,[sp],#4
 274              	.LCFI21:
 275              	 .cfi_restore 7
 276              	 .cfi_def_cfa_offset 0
 277 0060 7047     	 bx lr
 278              	 .cfi_endproc
 279              	.LFE116:
 281 0062 00BF     	 .section .text.XMC_USIC_CH_SetInputSource,"ax",%progbits
 282              	 .align 2
 283              	 .thumb
 284              	 .thumb_func
 286              	XMC_USIC_CH_SetInputSource:
 287              	.LFB145:
 288              	 .file 2 "D:/Projekty/TrinityTrack6000/MainControlBoard/XMC/XMC4200/Libraries/XMCLib/inc/xmc_usic.h"
   1:D:/Projekty/TrinityTrack6000/MainControlBoard/XMC/XMC4200/Libraries/XMCLib/inc\xmc_usic.h **** /**
   2:D:/Projekty/TrinityTrack6000/MainControlBoard/XMC/XMC4200/Libraries/XMCLib/inc\xmc_usic.h ****  * @file xmc_usic.h
   3:D:/Projekty/TrinityTrack6000/MainControlBoard/XMC/XMC4200/Libraries/XMCLib/inc\xmc_usic.h ****  * @date 2020-12-05
   4:D:/Projekty/TrinityTrack6000/MainControlBoard/XMC/XMC4200/Libraries/XMCLib/inc\xmc_usic.h ****  *
   5:D:/Projekty/TrinityTrack6000/MainControlBoard/XMC/XMC4200/Libraries/XMCLib/inc\xmc_usic.h ****  * @cond
   6:D:/Projekty/TrinityTrack6000/MainControlBoard/XMC/XMC4200/Libraries/XMCLib/inc\xmc_usic.h ****  *****************************************************************************
   7:D:/Projekty/TrinityTrack6000/MainControlBoard/XMC/XMC4200/Libraries/XMCLib/inc\xmc_usic.h ****  * XMClib v2.2.0 - XMC Peripheral Driver Library
   8:D:/Projekty/TrinityTrack6000/MainControlBoard/XMC/XMC4200/Libraries/XMCLib/inc\xmc_usic.h ****  *
   9:D:/Projekty/TrinityTrack6000/MainControlBoard/XMC/XMC4200/Libraries/XMCLib/inc\xmc_usic.h ****  * Copyright (c) 2015-2020, Infineon Technologies AG
  10:D:/Projekty/TrinityTrack6000/MainControlBoard/XMC/XMC4200/Libraries/XMCLib/inc\xmc_usic.h ****  * All rights reserved.
  11:D:/Projekty/TrinityTrack6000/MainControlBoard/XMC/XMC4200/Libraries/XMCLib/inc\xmc_usic.h ****  *
  12:D:/Projekty/TrinityTrack6000/MainControlBoard/XMC/XMC4200/Libraries/XMCLib/inc\xmc_usic.h ****  * Boost Software License - Version 1.0 - August 17th, 2003
  13:D:/Projekty/TrinityTrack6000/MainControlBoard/XMC/XMC4200/Libraries/XMCLib/inc\xmc_usic.h ****  *
  14:D:/Projekty/TrinityTrack6000/MainControlBoard/XMC/XMC4200/Libraries/XMCLib/inc\xmc_usic.h ****  * Permission is hereby granted, free of charge, to any person or organization
  15:D:/Projekty/TrinityTrack6000/MainControlBoard/XMC/XMC4200/Libraries/XMCLib/inc\xmc_usic.h ****  * obtaining a copy of the software and accompanying documentation covered by
  16:D:/Projekty/TrinityTrack6000/MainControlBoard/XMC/XMC4200/Libraries/XMCLib/inc\xmc_usic.h ****  * this license (the "Software") to use, reproduce, display, distribute,
  17:D:/Projekty/TrinityTrack6000/MainControlBoard/XMC/XMC4200/Libraries/XMCLib/inc\xmc_usic.h ****  * execute, and transmit the Software, and to prepare derivative works of the
  18:D:/Projekty/TrinityTrack6000/MainControlBoard/XMC/XMC4200/Libraries/XMCLib/inc\xmc_usic.h ****  * Software, and to permit third-parties to whom the Software is furnished to
  19:D:/Projekty/TrinityTrack6000/MainControlBoard/XMC/XMC4200/Libraries/XMCLib/inc\xmc_usic.h ****  * do so, all subject to the following:
  20:D:/Projekty/TrinityTrack6000/MainControlBoard/XMC/XMC4200/Libraries/XMCLib/inc\xmc_usic.h ****  *
  21:D:/Projekty/TrinityTrack6000/MainControlBoard/XMC/XMC4200/Libraries/XMCLib/inc\xmc_usic.h ****  * The copyright notices in the Software and this entire statement, including
  22:D:/Projekty/TrinityTrack6000/MainControlBoard/XMC/XMC4200/Libraries/XMCLib/inc\xmc_usic.h ****  * the above license grant, this restriction and the following disclaimer,
  23:D:/Projekty/TrinityTrack6000/MainControlBoard/XMC/XMC4200/Libraries/XMCLib/inc\xmc_usic.h ****  * must be included in all copies of the Software, in whole or in part, and
  24:D:/Projekty/TrinityTrack6000/MainControlBoard/XMC/XMC4200/Libraries/XMCLib/inc\xmc_usic.h ****  * all derivative works of the Software, unless such copies or derivative
  25:D:/Projekty/TrinityTrack6000/MainControlBoard/XMC/XMC4200/Libraries/XMCLib/inc\xmc_usic.h ****  * works are solely in the form of machine-executable object code generated by
  26:D:/Projekty/TrinityTrack6000/MainControlBoard/XMC/XMC4200/Libraries/XMCLib/inc\xmc_usic.h ****  * a source language processor.
  27:D:/Projekty/TrinityTrack6000/MainControlBoard/XMC/XMC4200/Libraries/XMCLib/inc\xmc_usic.h ****  *
  28:D:/Projekty/TrinityTrack6000/MainControlBoard/XMC/XMC4200/Libraries/XMCLib/inc\xmc_usic.h ****  * THE SOFTWARE IS PROVIDED "AS IS", WITHOUT WARRANTY OF ANY KIND, EXPRESS OR
  29:D:/Projekty/TrinityTrack6000/MainControlBoard/XMC/XMC4200/Libraries/XMCLib/inc\xmc_usic.h ****  * IMPLIED, INCLUDING BUT NOT LIMITED TO THE WARRANTIES OF MERCHANTABILITY,
  30:D:/Projekty/TrinityTrack6000/MainControlBoard/XMC/XMC4200/Libraries/XMCLib/inc\xmc_usic.h ****  * FITNESS FOR A PARTICULAR PURPOSE, TITLE AND NON-INFRINGEMENT. IN NO EVENT
  31:D:/Projekty/TrinityTrack6000/MainControlBoard/XMC/XMC4200/Libraries/XMCLib/inc\xmc_usic.h ****  * SHALL THE COPYRIGHT HOLDERS OR ANYONE DISTRIBUTING THE SOFTWARE BE LIABLE
  32:D:/Projekty/TrinityTrack6000/MainControlBoard/XMC/XMC4200/Libraries/XMCLib/inc\xmc_usic.h ****  * FOR ANY DAMAGES OR OTHER LIABILITY, WHETHER IN CONTRACT, TORT OR OTHERWISE,
  33:D:/Projekty/TrinityTrack6000/MainControlBoard/XMC/XMC4200/Libraries/XMCLib/inc\xmc_usic.h ****  * ARISING FROM, OUT OF OR IN CONNECTION WITH THE SOFTWARE OR THE USE OR OTHER
  34:D:/Projekty/TrinityTrack6000/MainControlBoard/XMC/XMC4200/Libraries/XMCLib/inc\xmc_usic.h ****  * DEALINGS IN THE SOFTWARE.
  35:D:/Projekty/TrinityTrack6000/MainControlBoard/XMC/XMC4200/Libraries/XMCLib/inc\xmc_usic.h ****  *
  36:D:/Projekty/TrinityTrack6000/MainControlBoard/XMC/XMC4200/Libraries/XMCLib/inc\xmc_usic.h ****  * To improve the quality of the software, users are encouraged to share
  37:D:/Projekty/TrinityTrack6000/MainControlBoard/XMC/XMC4200/Libraries/XMCLib/inc\xmc_usic.h ****  * modifications, enhancements or bug fixes with Infineon Technologies AG
  38:D:/Projekty/TrinityTrack6000/MainControlBoard/XMC/XMC4200/Libraries/XMCLib/inc\xmc_usic.h ****  * at XMCSupport@infineon.com.
  39:D:/Projekty/TrinityTrack6000/MainControlBoard/XMC/XMC4200/Libraries/XMCLib/inc\xmc_usic.h ****  *****************************************************************************
  40:D:/Projekty/TrinityTrack6000/MainControlBoard/XMC/XMC4200/Libraries/XMCLib/inc\xmc_usic.h ****  *
  41:D:/Projekty/TrinityTrack6000/MainControlBoard/XMC/XMC4200/Libraries/XMCLib/inc\xmc_usic.h ****  * Change History
  42:D:/Projekty/TrinityTrack6000/MainControlBoard/XMC/XMC4200/Libraries/XMCLib/inc\xmc_usic.h ****  * --------------
  43:D:/Projekty/TrinityTrack6000/MainControlBoard/XMC/XMC4200/Libraries/XMCLib/inc\xmc_usic.h ****  *
  44:D:/Projekty/TrinityTrack6000/MainControlBoard/XMC/XMC4200/Libraries/XMCLib/inc\xmc_usic.h ****  * 2015-02-20:
  45:D:/Projekty/TrinityTrack6000/MainControlBoard/XMC/XMC4200/Libraries/XMCLib/inc\xmc_usic.h ****  *     - Initial draft<br>
  46:D:/Projekty/TrinityTrack6000/MainControlBoard/XMC/XMC4200/Libraries/XMCLib/inc\xmc_usic.h ****  *     - Documentation improved <br>
  47:D:/Projekty/TrinityTrack6000/MainControlBoard/XMC/XMC4200/Libraries/XMCLib/inc\xmc_usic.h ****  *
  48:D:/Projekty/TrinityTrack6000/MainControlBoard/XMC/XMC4200/Libraries/XMCLib/inc\xmc_usic.h ****  * 2015-05-08:
  49:D:/Projekty/TrinityTrack6000/MainControlBoard/XMC/XMC4200/Libraries/XMCLib/inc\xmc_usic.h ****  *     - Added XMC_USIC_CH_SetInputTriggerCombinationMode() and XMC_USIC_CH_SetTransmitBufferStatus
  50:D:/Projekty/TrinityTrack6000/MainControlBoard/XMC/XMC4200/Libraries/XMCLib/inc\xmc_usic.h ****  *
  51:D:/Projekty/TrinityTrack6000/MainControlBoard/XMC/XMC4200/Libraries/XMCLib/inc\xmc_usic.h ****  * 2015-06-20:
  52:D:/Projekty/TrinityTrack6000/MainControlBoard/XMC/XMC4200/Libraries/XMCLib/inc\xmc_usic.h ****  *     - Removed version macros and declaration of GetDriverVersion API
  53:D:/Projekty/TrinityTrack6000/MainControlBoard/XMC/XMC4200/Libraries/XMCLib/inc\xmc_usic.h ****  *
  54:D:/Projekty/TrinityTrack6000/MainControlBoard/XMC/XMC4200/Libraries/XMCLib/inc\xmc_usic.h ****  * 2015-08-17:
  55:D:/Projekty/TrinityTrack6000/MainControlBoard/XMC/XMC4200/Libraries/XMCLib/inc\xmc_usic.h ****  *     - Bug fixed in XMC_USIC_CH_SetTransmitBufferStatus API. OR operator removed.
  56:D:/Projekty/TrinityTrack6000/MainControlBoard/XMC/XMC4200/Libraries/XMCLib/inc\xmc_usic.h ****  *
  57:D:/Projekty/TrinityTrack6000/MainControlBoard/XMC/XMC4200/Libraries/XMCLib/inc\xmc_usic.h ****  * 2015-08-24:
  58:D:/Projekty/TrinityTrack6000/MainControlBoard/XMC/XMC4200/Libraries/XMCLib/inc\xmc_usic.h ****  *     - Added APIs for enabling/disabling delay compensation XMC_USIC_CH_DisableDelayCompensation(
  59:D:/Projekty/TrinityTrack6000/MainControlBoard/XMC/XMC4200/Libraries/XMCLib/inc\xmc_usic.h ****  *       XMC_USIC_CH_DisableDelayCompensation()
  60:D:/Projekty/TrinityTrack6000/MainControlBoard/XMC/XMC4200/Libraries/XMCLib/inc\xmc_usic.h ****  *
  61:D:/Projekty/TrinityTrack6000/MainControlBoard/XMC/XMC4200/Libraries/XMCLib/inc\xmc_usic.h ****  * 2015-08-25:
  62:D:/Projekty/TrinityTrack6000/MainControlBoard/XMC/XMC4200/Libraries/XMCLib/inc\xmc_usic.h ****  *     - Added APIs for defining if the data shift unit input is derived
  63:D:/Projekty/TrinityTrack6000/MainControlBoard/XMC/XMC4200/Libraries/XMCLib/inc\xmc_usic.h ****  *       from the input data path DXn or from the selected protocol pre-processors: XMC_USIC_CH_Con
  64:D:/Projekty/TrinityTrack6000/MainControlBoard/XMC/XMC4200/Libraries/XMCLib/inc\xmc_usic.h ****  *       and XMC_USIC_CH_ConnectInputDataShiftToDataInput()
  65:D:/Projekty/TrinityTrack6000/MainControlBoard/XMC/XMC4200/Libraries/XMCLib/inc\xmc_usic.h ****  *
  66:D:/Projekty/TrinityTrack6000/MainControlBoard/XMC/XMC4200/Libraries/XMCLib/inc\xmc_usic.h ****  * 2015-08-27:
  67:D:/Projekty/TrinityTrack6000/MainControlBoard/XMC/XMC4200/Libraries/XMCLib/inc\xmc_usic.h ****  *     - Fixed bug in XMC_USIC_CH_BRG_CLOCK_SOURCE_DX1T value.
  68:D:/Projekty/TrinityTrack6000/MainControlBoard/XMC/XMC4200/Libraries/XMCLib/inc\xmc_usic.h ****  *     - Added APIs for direct TBUF access: XMC_USIC_CH_WriteToTBUF() and XMC_USIC_CH_WriteToTBUFTC
  69:D:/Projekty/TrinityTrack6000/MainControlBoard/XMC/XMC4200/Libraries/XMCLib/inc\xmc_usic.h ****  *     - Added APIs for external input for BRG configuration:XMC_USIC_CH_ConfigExternalInputSignalT
  70:D:/Projekty/TrinityTrack6000/MainControlBoard/XMC/XMC4200/Libraries/XMCLib/inc\xmc_usic.h ****  *
  71:D:/Projekty/TrinityTrack6000/MainControlBoard/XMC/XMC4200/Libraries/XMCLib/inc\xmc_usic.h ****  * 2015-08-28:
  72:D:/Projekty/TrinityTrack6000/MainControlBoard/XMC/XMC4200/Libraries/XMCLib/inc\xmc_usic.h ****  *     - Added API for enabling the transfer trigger unit to set bit TCSR.TE if the trigger signal 
  73:D:/Projekty/TrinityTrack6000/MainControlBoard/XMC/XMC4200/Libraries/XMCLib/inc\xmc_usic.h ****  *       Clear to Send (CTS) signal: XMC_USIC_CH_EnableTBUFDataValidTrigger() and XMC_USIC_CH_Disab
  74:D:/Projekty/TrinityTrack6000/MainControlBoard/XMC/XMC4200/Libraries/XMCLib/inc\xmc_usic.h ****  *
  75:D:/Projekty/TrinityTrack6000/MainControlBoard/XMC/XMC4200/Libraries/XMCLib/inc\xmc_usic.h ****  * 2016-03-09:
  76:D:/Projekty/TrinityTrack6000/MainControlBoard/XMC/XMC4200/Libraries/XMCLib/inc\xmc_usic.h ****  *     - Optimization of write only registers
  77:D:/Projekty/TrinityTrack6000/MainControlBoard/XMC/XMC4200/Libraries/XMCLib/inc\xmc_usic.h ****  *
  78:D:/Projekty/TrinityTrack6000/MainControlBoard/XMC/XMC4200/Libraries/XMCLib/inc\xmc_usic.h ****  * 2016-04-10:
  79:D:/Projekty/TrinityTrack6000/MainControlBoard/XMC/XMC4200/Libraries/XMCLib/inc\xmc_usic.h ****  *     - Added an API to put the data into FIFO when hardware port control is enabled: XMC_USIC_CH_
  80:D:/Projekty/TrinityTrack6000/MainControlBoard/XMC/XMC4200/Libraries/XMCLib/inc\xmc_usic.h ****  *
  81:D:/Projekty/TrinityTrack6000/MainControlBoard/XMC/XMC4200/Libraries/XMCLib/inc\xmc_usic.h ****  * 2017-02-10:
  82:D:/Projekty/TrinityTrack6000/MainControlBoard/XMC/XMC4200/Libraries/XMCLib/inc\xmc_usic.h ****  *     - Added XMC_USIC_CH_SetShiftDirection() to allow selection of shift direction of the data wo
  83:D:/Projekty/TrinityTrack6000/MainControlBoard/XMC/XMC4200/Libraries/XMCLib/inc\xmc_usic.h ****  *     - Added XMC_USIC_CH_GetCaptureTimerValue() and XMC_USIC_CH_SetFractionalDivider()
  84:D:/Projekty/TrinityTrack6000/MainControlBoard/XMC/XMC4200/Libraries/XMCLib/inc\xmc_usic.h ****  *
  85:D:/Projekty/TrinityTrack6000/MainControlBoard/XMC/XMC4200/Libraries/XMCLib/inc\xmc_usic.h ****  * 2017-09-08:
  86:D:/Projekty/TrinityTrack6000/MainControlBoard/XMC/XMC4200/Libraries/XMCLib/inc\xmc_usic.h ****  *     - Fixed value of macro XMC_USIC_CH_SHIFT_DIRECTION_MSB_FIRST used in XMC_USIC_CH_SetShiftDir
  87:D:/Projekty/TrinityTrack6000/MainControlBoard/XMC/XMC4200/Libraries/XMCLib/inc\xmc_usic.h ****  *
  88:D:/Projekty/TrinityTrack6000/MainControlBoard/XMC/XMC4200/Libraries/XMCLib/inc\xmc_usic.h ****  * 2018-09-29:
  89:D:/Projekty/TrinityTrack6000/MainControlBoard/XMC/XMC4200/Libraries/XMCLib/inc\xmc_usic.h ****  *     - Added XMC_USIC_CH_SetBaudrateEx which uses the integer divider instead of the fractional d
  90:D:/Projekty/TrinityTrack6000/MainControlBoard/XMC/XMC4200/Libraries/XMCLib/inc\xmc_usic.h ****  *
  91:D:/Projekty/TrinityTrack6000/MainControlBoard/XMC/XMC4200/Libraries/XMCLib/inc\xmc_usic.h ****  * 2019-05-07:
  92:D:/Projekty/TrinityTrack6000/MainControlBoard/XMC/XMC4200/Libraries/XMCLib/inc\xmc_usic.h ****  *     - Added XMC_USIC_CH_GetBaudrate(), XMC_USIC_CH_GetSCLKFrequency() and XMC_USIC_CH_GetMCLKFre
  93:D:/Projekty/TrinityTrack6000/MainControlBoard/XMC/XMC4200/Libraries/XMCLib/inc\xmc_usic.h ****  *
  94:D:/Projekty/TrinityTrack6000/MainControlBoard/XMC/XMC4200/Libraries/XMCLib/inc\xmc_usic.h ****  * 2019-07-01:
  95:D:/Projekty/TrinityTrack6000/MainControlBoard/XMC/XMC4200/Libraries/XMCLib/inc\xmc_usic.h ****  *     - Changed XMC_USIC_CH_SetBaudrateEx() input parameter types
  96:D:/Projekty/TrinityTrack6000/MainControlBoard/XMC/XMC4200/Libraries/XMCLib/inc\xmc_usic.h ****  *
  97:D:/Projekty/TrinityTrack6000/MainControlBoard/XMC/XMC4200/Libraries/XMCLib/inc\xmc_usic.h ****  * 2019-09-30:
  98:D:/Projekty/TrinityTrack6000/MainControlBoard/XMC/XMC4200/Libraries/XMCLib/inc\xmc_usic.h ****  *     - Added XMC_USIC_CH_InvalidateReadData(), XMC_USIC_CH_EnableWordLengthControl() and XMC_USIC
  99:D:/Projekty/TrinityTrack6000/MainControlBoard/XMC/XMC4200/Libraries/XMCLib/inc\xmc_usic.h ****  *
 100:D:/Projekty/TrinityTrack6000/MainControlBoard/XMC/XMC4200/Libraries/XMCLib/inc\xmc_usic.h ****  * 2019-12-05:
 101:D:/Projekty/TrinityTrack6000/MainControlBoard/XMC/XMC4200/Libraries/XMCLib/inc\xmc_usic.h ****  *     - Added XMC_USIC_CH_TXFIFO_PutDataEx()
 102:D:/Projekty/TrinityTrack6000/MainControlBoard/XMC/XMC4200/Libraries/XMCLib/inc\xmc_usic.h ****  *
 103:D:/Projekty/TrinityTrack6000/MainControlBoard/XMC/XMC4200/Libraries/XMCLib/inc\xmc_usic.h ****  * 2020-04-30:
 104:D:/Projekty/TrinityTrack6000/MainControlBoard/XMC/XMC4200/Libraries/XMCLib/inc\xmc_usic.h ****  *     - Added XMC_USIC_CH_TXFIFO_SetTriggerLimit() and XMC_USIC_CH_RXFIFO_SetTriggerLimit()
 105:D:/Projekty/TrinityTrack6000/MainControlBoard/XMC/XMC4200/Libraries/XMCLib/inc\xmc_usic.h ****  *
 106:D:/Projekty/TrinityTrack6000/MainControlBoard/XMC/XMC4200/Libraries/XMCLib/inc\xmc_usic.h ****  * 2020-12-05:
 107:D:/Projekty/TrinityTrack6000/MainControlBoard/XMC/XMC4200/Libraries/XMCLib/inc\xmc_usic.h ****  *     - Added XMC_USIC_CH_BRG_CLOCK_SOURCE_DX1S to XMC_USIC_CH_BRG_CLOCK_SOURCE_t
 108:D:/Projekty/TrinityTrack6000/MainControlBoard/XMC/XMC4200/Libraries/XMCLib/inc\xmc_usic.h ****  *     - Added XMC_USIC_CH_BRG_CTQSEL_t
 109:D:/Projekty/TrinityTrack6000/MainControlBoard/XMC/XMC4200/Libraries/XMCLib/inc\xmc_usic.h ****  *     - Added XMC_USIC_CH_SetBaudrateDivider()
 110:D:/Projekty/TrinityTrack6000/MainControlBoard/XMC/XMC4200/Libraries/XMCLib/inc\xmc_usic.h ****  * 
 111:D:/Projekty/TrinityTrack6000/MainControlBoard/XMC/XMC4200/Libraries/XMCLib/inc\xmc_usic.h ****  * @endcond
 112:D:/Projekty/TrinityTrack6000/MainControlBoard/XMC/XMC4200/Libraries/XMCLib/inc\xmc_usic.h ****  *
 113:D:/Projekty/TrinityTrack6000/MainControlBoard/XMC/XMC4200/Libraries/XMCLib/inc\xmc_usic.h ****  */
 114:D:/Projekty/TrinityTrack6000/MainControlBoard/XMC/XMC4200/Libraries/XMCLib/inc\xmc_usic.h **** 
 115:D:/Projekty/TrinityTrack6000/MainControlBoard/XMC/XMC4200/Libraries/XMCLib/inc\xmc_usic.h **** #ifndef XMC_USIC_H
 116:D:/Projekty/TrinityTrack6000/MainControlBoard/XMC/XMC4200/Libraries/XMCLib/inc\xmc_usic.h **** #define XMC_USIC_H
 117:D:/Projekty/TrinityTrack6000/MainControlBoard/XMC/XMC4200/Libraries/XMCLib/inc\xmc_usic.h **** /*******************************************************************************
 118:D:/Projekty/TrinityTrack6000/MainControlBoard/XMC/XMC4200/Libraries/XMCLib/inc\xmc_usic.h ****  * HEADER FILES
 119:D:/Projekty/TrinityTrack6000/MainControlBoard/XMC/XMC4200/Libraries/XMCLib/inc\xmc_usic.h ****  *******************************************************************************/
 120:D:/Projekty/TrinityTrack6000/MainControlBoard/XMC/XMC4200/Libraries/XMCLib/inc\xmc_usic.h **** 
 121:D:/Projekty/TrinityTrack6000/MainControlBoard/XMC/XMC4200/Libraries/XMCLib/inc\xmc_usic.h **** #include "xmc_common.h"
 122:D:/Projekty/TrinityTrack6000/MainControlBoard/XMC/XMC4200/Libraries/XMCLib/inc\xmc_usic.h **** 
 123:D:/Projekty/TrinityTrack6000/MainControlBoard/XMC/XMC4200/Libraries/XMCLib/inc\xmc_usic.h **** /**
 124:D:/Projekty/TrinityTrack6000/MainControlBoard/XMC/XMC4200/Libraries/XMCLib/inc\xmc_usic.h ****  * @addtogroup XMClib XMC Peripheral Library
 125:D:/Projekty/TrinityTrack6000/MainControlBoard/XMC/XMC4200/Libraries/XMCLib/inc\xmc_usic.h ****  * @{
 126:D:/Projekty/TrinityTrack6000/MainControlBoard/XMC/XMC4200/Libraries/XMCLib/inc\xmc_usic.h ****  */
 127:D:/Projekty/TrinityTrack6000/MainControlBoard/XMC/XMC4200/Libraries/XMCLib/inc\xmc_usic.h **** 
 128:D:/Projekty/TrinityTrack6000/MainControlBoard/XMC/XMC4200/Libraries/XMCLib/inc\xmc_usic.h **** /**
 129:D:/Projekty/TrinityTrack6000/MainControlBoard/XMC/XMC4200/Libraries/XMCLib/inc\xmc_usic.h ****  * @addtogroup USIC
 130:D:/Projekty/TrinityTrack6000/MainControlBoard/XMC/XMC4200/Libraries/XMCLib/inc\xmc_usic.h ****  * @brief Universal Serial Interface Channel(USIC) driver for serial communication.
 131:D:/Projekty/TrinityTrack6000/MainControlBoard/XMC/XMC4200/Libraries/XMCLib/inc\xmc_usic.h ****  *
 132:D:/Projekty/TrinityTrack6000/MainControlBoard/XMC/XMC4200/Libraries/XMCLib/inc\xmc_usic.h ****  * The Universal Serial Interface Channel(USIC) module is a flexible interface module
 133:D:/Projekty/TrinityTrack6000/MainControlBoard/XMC/XMC4200/Libraries/XMCLib/inc\xmc_usic.h ****  * covering several serial communication protocols. A USIC module contains two
 134:D:/Projekty/TrinityTrack6000/MainControlBoard/XMC/XMC4200/Libraries/XMCLib/inc\xmc_usic.h ****  * independent communication channels named USICx_CH0 and USICx_CH1, with x
 135:D:/Projekty/TrinityTrack6000/MainControlBoard/XMC/XMC4200/Libraries/XMCLib/inc\xmc_usic.h ****  * being the number of the USIC module. The user can program, during run-time, which protocol will 
 136:D:/Projekty/TrinityTrack6000/MainControlBoard/XMC/XMC4200/Libraries/XMCLib/inc\xmc_usic.h ****  * by each communication channel and which pins are used.
 137:D:/Projekty/TrinityTrack6000/MainControlBoard/XMC/XMC4200/Libraries/XMCLib/inc\xmc_usic.h ****  * The driver provides APIs, configuration structures and enumerations to configure common features
 138:D:/Projekty/TrinityTrack6000/MainControlBoard/XMC/XMC4200/Libraries/XMCLib/inc\xmc_usic.h ****  * communication protocols.
 139:D:/Projekty/TrinityTrack6000/MainControlBoard/XMC/XMC4200/Libraries/XMCLib/inc\xmc_usic.h ****  *
 140:D:/Projekty/TrinityTrack6000/MainControlBoard/XMC/XMC4200/Libraries/XMCLib/inc\xmc_usic.h ****  * USIC driver features:
 141:D:/Projekty/TrinityTrack6000/MainControlBoard/XMC/XMC4200/Libraries/XMCLib/inc\xmc_usic.h ****  * -# Allows configuration of FIFO for transmit and receive functions.
 142:D:/Projekty/TrinityTrack6000/MainControlBoard/XMC/XMC4200/Libraries/XMCLib/inc\xmc_usic.h ****  * -# Provides a structure type XMC_USIC_CH_t to represent the USIC channel registers in a programm
 143:D:/Projekty/TrinityTrack6000/MainControlBoard/XMC/XMC4200/Libraries/XMCLib/inc\xmc_usic.h ****  friendly format.
 144:D:/Projekty/TrinityTrack6000/MainControlBoard/XMC/XMC4200/Libraries/XMCLib/inc\xmc_usic.h ****  * -# Allows configuration of automatic update for frame length, word length, slave select or slave
 145:D:/Projekty/TrinityTrack6000/MainControlBoard/XMC/XMC4200/Libraries/XMCLib/inc\xmc_usic.h ****  * -# Allows transmission of data to FIFO using XMC_USIC_CH_TXFIFO_PutData() and XMC_USIC_CH_TXFIFO
 146:D:/Projekty/TrinityTrack6000/MainControlBoard/XMC/XMC4200/Libraries/XMCLib/inc\xmc_usic.h ****  * -# Allows reading of received data in FIFO using XMC_USIC_CH_RXFIFO_GetData()
 147:D:/Projekty/TrinityTrack6000/MainControlBoard/XMC/XMC4200/Libraries/XMCLib/inc\xmc_usic.h ****  * -# Allows configuration of baudrate using XMC_USIC_CH_SetBaudrate()
 148:D:/Projekty/TrinityTrack6000/MainControlBoard/XMC/XMC4200/Libraries/XMCLib/inc\xmc_usic.h ****  * -# Provides API to trigger interrupts using XMC_USIC_CH_TriggerServiceRequest()
 149:D:/Projekty/TrinityTrack6000/MainControlBoard/XMC/XMC4200/Libraries/XMCLib/inc\xmc_usic.h ****  * @{
 150:D:/Projekty/TrinityTrack6000/MainControlBoard/XMC/XMC4200/Libraries/XMCLib/inc\xmc_usic.h ****  */
 151:D:/Projekty/TrinityTrack6000/MainControlBoard/XMC/XMC4200/Libraries/XMCLib/inc\xmc_usic.h **** 
 152:D:/Projekty/TrinityTrack6000/MainControlBoard/XMC/XMC4200/Libraries/XMCLib/inc\xmc_usic.h **** /*******************************************************************************
 153:D:/Projekty/TrinityTrack6000/MainControlBoard/XMC/XMC4200/Libraries/XMCLib/inc\xmc_usic.h ****  * MACROS
 154:D:/Projekty/TrinityTrack6000/MainControlBoard/XMC/XMC4200/Libraries/XMCLib/inc\xmc_usic.h ****  *******************************************************************************/
 155:D:/Projekty/TrinityTrack6000/MainControlBoard/XMC/XMC4200/Libraries/XMCLib/inc\xmc_usic.h **** 
 156:D:/Projekty/TrinityTrack6000/MainControlBoard/XMC/XMC4200/Libraries/XMCLib/inc\xmc_usic.h **** #define XMC_USIC0 ((XMC_USIC_t *)USIC0_BASE)			/**< USIC0 module base address */
 157:D:/Projekty/TrinityTrack6000/MainControlBoard/XMC/XMC4200/Libraries/XMCLib/inc\xmc_usic.h **** #define XMC_USIC0_CH0 ((XMC_USIC_CH_t *)USIC0_CH0_BASE)	/**< USIC0 channel 0 base address */
 158:D:/Projekty/TrinityTrack6000/MainControlBoard/XMC/XMC4200/Libraries/XMCLib/inc\xmc_usic.h **** #define XMC_USIC0_CH1 ((XMC_USIC_CH_t *)USIC0_CH1_BASE)	/**< USIC0 channel 1 base address */
 159:D:/Projekty/TrinityTrack6000/MainControlBoard/XMC/XMC4200/Libraries/XMCLib/inc\xmc_usic.h **** 
 160:D:/Projekty/TrinityTrack6000/MainControlBoard/XMC/XMC4200/Libraries/XMCLib/inc\xmc_usic.h **** #if defined(USIC1)
 161:D:/Projekty/TrinityTrack6000/MainControlBoard/XMC/XMC4200/Libraries/XMCLib/inc\xmc_usic.h **** #define XMC_USIC1 ((XMC_USIC_t *)USIC1_BASE)			/**< USIC1 module base address */
 162:D:/Projekty/TrinityTrack6000/MainControlBoard/XMC/XMC4200/Libraries/XMCLib/inc\xmc_usic.h **** #define XMC_USIC1_CH0 ((XMC_USIC_CH_t *)USIC1_CH0_BASE)	/**< USIC1 channel 0 base address */
 163:D:/Projekty/TrinityTrack6000/MainControlBoard/XMC/XMC4200/Libraries/XMCLib/inc\xmc_usic.h **** #define XMC_USIC1_CH1 ((XMC_USIC_CH_t *)USIC1_CH1_BASE)	/**< USIC1 channel 1 base address */
 164:D:/Projekty/TrinityTrack6000/MainControlBoard/XMC/XMC4200/Libraries/XMCLib/inc\xmc_usic.h **** #endif
 165:D:/Projekty/TrinityTrack6000/MainControlBoard/XMC/XMC4200/Libraries/XMCLib/inc\xmc_usic.h **** 
 166:D:/Projekty/TrinityTrack6000/MainControlBoard/XMC/XMC4200/Libraries/XMCLib/inc\xmc_usic.h **** #if defined(USIC2)
 167:D:/Projekty/TrinityTrack6000/MainControlBoard/XMC/XMC4200/Libraries/XMCLib/inc\xmc_usic.h **** #define XMC_USIC2 ((XMC_USIC_t *)USIC2_BASE)			/**< USIC2 module base address */
 168:D:/Projekty/TrinityTrack6000/MainControlBoard/XMC/XMC4200/Libraries/XMCLib/inc\xmc_usic.h **** #define XMC_USIC2_CH0 ((XMC_USIC_CH_t *)USIC2_CH0_BASE)	/**< USIC2 channel 0 base address */
 169:D:/Projekty/TrinityTrack6000/MainControlBoard/XMC/XMC4200/Libraries/XMCLib/inc\xmc_usic.h **** #define XMC_USIC2_CH1 ((XMC_USIC_CH_t *)USIC2_CH1_BASE)	/**< USIC2 channel 1 base address */
 170:D:/Projekty/TrinityTrack6000/MainControlBoard/XMC/XMC4200/Libraries/XMCLib/inc\xmc_usic.h **** #endif
 171:D:/Projekty/TrinityTrack6000/MainControlBoard/XMC/XMC4200/Libraries/XMCLib/inc\xmc_usic.h **** 
 172:D:/Projekty/TrinityTrack6000/MainControlBoard/XMC/XMC4200/Libraries/XMCLib/inc\xmc_usic.h **** #define USIC_CH_DXCR_DSEL_Msk  USIC_CH_DX0CR_DSEL_Msk   /**< Common mask for DSEL bitfield mask in 
 173:D:/Projekty/TrinityTrack6000/MainControlBoard/XMC/XMC4200/Libraries/XMCLib/inc\xmc_usic.h **** #define USIC_CH_DXCR_DSEL_Pos  USIC_CH_DX0CR_DSEL_Pos   /**< Common mask for DSEL bitfield position
 174:D:/Projekty/TrinityTrack6000/MainControlBoard/XMC/XMC4200/Libraries/XMCLib/inc\xmc_usic.h **** #define USIC_CH_DXCR_SFSEL_Pos USIC_CH_DX0CR_SFSEL_Pos  /**< Common mask for SFSEL bitfield positio
 175:D:/Projekty/TrinityTrack6000/MainControlBoard/XMC/XMC4200/Libraries/XMCLib/inc\xmc_usic.h **** #define USIC_CH_DXCR_SFSEL_Msk USIC_CH_DX0CR_SFSEL_Msk  /**< Common mask for SFSEL bitfield mask in
 176:D:/Projekty/TrinityTrack6000/MainControlBoard/XMC/XMC4200/Libraries/XMCLib/inc\xmc_usic.h **** #define USIC_CH_DXCR_DPOL_Msk  USIC_CH_DX0CR_DPOL_Msk   /**< Common mask for DPOL bitfield mask in 
 177:D:/Projekty/TrinityTrack6000/MainControlBoard/XMC/XMC4200/Libraries/XMCLib/inc\xmc_usic.h **** #define USIC_CH_DXCR_DFEN_Msk  USIC_CH_DX0CR_DFEN_Msk   /**< Common mask for DFEN bitfield mask in 
 178:D:/Projekty/TrinityTrack6000/MainControlBoard/XMC/XMC4200/Libraries/XMCLib/inc\xmc_usic.h **** #define USIC_CH_DXCR_DSEN_Msk  USIC_CH_DX0CR_DSEN_Msk   /**< Common mask for DSEN bitfield mask in 
 179:D:/Projekty/TrinityTrack6000/MainControlBoard/XMC/XMC4200/Libraries/XMCLib/inc\xmc_usic.h **** #define USIC_CH_DXCR_CM_Pos    USIC_CH_DX0CR_CM_Pos     /**< Common mask for CM bitfield position i
 180:D:/Projekty/TrinityTrack6000/MainControlBoard/XMC/XMC4200/Libraries/XMCLib/inc\xmc_usic.h **** #define USIC_CH_DXCR_CM_Msk    USIC_CH_DX0CR_CM_Msk     /**< Common mask for CM bitfield mask in DX
 181:D:/Projekty/TrinityTrack6000/MainControlBoard/XMC/XMC4200/Libraries/XMCLib/inc\xmc_usic.h **** #define USIC_CH_DXCR_INSW_Msk  USIC_CH_DX0CR_INSW_Msk   /**< Common mask for INSW bitfield mask in 
 182:D:/Projekty/TrinityTrack6000/MainControlBoard/XMC/XMC4200/Libraries/XMCLib/inc\xmc_usic.h **** #define USIC_CH_DXCR_INSW_pos  USIC_CH_DX0CR_INSW_Pos   /**< Common mask for INSW bitfield position
 183:D:/Projekty/TrinityTrack6000/MainControlBoard/XMC/XMC4200/Libraries/XMCLib/inc\xmc_usic.h **** 
 184:D:/Projekty/TrinityTrack6000/MainControlBoard/XMC/XMC4200/Libraries/XMCLib/inc\xmc_usic.h **** #if UC_FAMILY == XMC1
 185:D:/Projekty/TrinityTrack6000/MainControlBoard/XMC/XMC4200/Libraries/XMCLib/inc\xmc_usic.h **** #include "xmc1_usic_map.h"
 186:D:/Projekty/TrinityTrack6000/MainControlBoard/XMC/XMC4200/Libraries/XMCLib/inc\xmc_usic.h **** #endif
 187:D:/Projekty/TrinityTrack6000/MainControlBoard/XMC/XMC4200/Libraries/XMCLib/inc\xmc_usic.h **** 
 188:D:/Projekty/TrinityTrack6000/MainControlBoard/XMC/XMC4200/Libraries/XMCLib/inc\xmc_usic.h **** #if UC_FAMILY == XMC4
 189:D:/Projekty/TrinityTrack6000/MainControlBoard/XMC/XMC4200/Libraries/XMCLib/inc\xmc_usic.h **** #include "xmc4_usic_map.h"
 190:D:/Projekty/TrinityTrack6000/MainControlBoard/XMC/XMC4200/Libraries/XMCLib/inc\xmc_usic.h **** #endif
 191:D:/Projekty/TrinityTrack6000/MainControlBoard/XMC/XMC4200/Libraries/XMCLib/inc\xmc_usic.h **** 
 192:D:/Projekty/TrinityTrack6000/MainControlBoard/XMC/XMC4200/Libraries/XMCLib/inc\xmc_usic.h **** /*******************************************************************************
 193:D:/Projekty/TrinityTrack6000/MainControlBoard/XMC/XMC4200/Libraries/XMCLib/inc\xmc_usic.h ****  * ENUMS
 194:D:/Projekty/TrinityTrack6000/MainControlBoard/XMC/XMC4200/Libraries/XMCLib/inc\xmc_usic.h ****  *******************************************************************************/
 195:D:/Projekty/TrinityTrack6000/MainControlBoard/XMC/XMC4200/Libraries/XMCLib/inc\xmc_usic.h **** 
 196:D:/Projekty/TrinityTrack6000/MainControlBoard/XMC/XMC4200/Libraries/XMCLib/inc\xmc_usic.h **** /**
 197:D:/Projekty/TrinityTrack6000/MainControlBoard/XMC/XMC4200/Libraries/XMCLib/inc\xmc_usic.h ****  * USIC channel driver status
 198:D:/Projekty/TrinityTrack6000/MainControlBoard/XMC/XMC4200/Libraries/XMCLib/inc\xmc_usic.h ****  */
 199:D:/Projekty/TrinityTrack6000/MainControlBoard/XMC/XMC4200/Libraries/XMCLib/inc\xmc_usic.h **** typedef enum XMC_USIC_CH_STATUS
 200:D:/Projekty/TrinityTrack6000/MainControlBoard/XMC/XMC4200/Libraries/XMCLib/inc\xmc_usic.h **** {
 201:D:/Projekty/TrinityTrack6000/MainControlBoard/XMC/XMC4200/Libraries/XMCLib/inc\xmc_usic.h ****   XMC_USIC_CH_STATUS_OK,    /**< USIC driver status : OK */
 202:D:/Projekty/TrinityTrack6000/MainControlBoard/XMC/XMC4200/Libraries/XMCLib/inc\xmc_usic.h ****   XMC_USIC_CH_STATUS_ERROR, /**< USIC driver status : ERROR */
 203:D:/Projekty/TrinityTrack6000/MainControlBoard/XMC/XMC4200/Libraries/XMCLib/inc\xmc_usic.h ****   XMC_USIC_CH_STATUS_BUSY   /**< USIC driver status : BUSY */
 204:D:/Projekty/TrinityTrack6000/MainControlBoard/XMC/XMC4200/Libraries/XMCLib/inc\xmc_usic.h **** } XMC_USIC_CH_STATUS_t;
 205:D:/Projekty/TrinityTrack6000/MainControlBoard/XMC/XMC4200/Libraries/XMCLib/inc\xmc_usic.h **** 
 206:D:/Projekty/TrinityTrack6000/MainControlBoard/XMC/XMC4200/Libraries/XMCLib/inc\xmc_usic.h **** /**
 207:D:/Projekty/TrinityTrack6000/MainControlBoard/XMC/XMC4200/Libraries/XMCLib/inc\xmc_usic.h **** * USIC channel kernel mode
 208:D:/Projekty/TrinityTrack6000/MainControlBoard/XMC/XMC4200/Libraries/XMCLib/inc\xmc_usic.h **** */
 209:D:/Projekty/TrinityTrack6000/MainControlBoard/XMC/XMC4200/Libraries/XMCLib/inc\xmc_usic.h **** typedef enum XMC_USIC_CH_KERNEL_MODE
 210:D:/Projekty/TrinityTrack6000/MainControlBoard/XMC/XMC4200/Libraries/XMCLib/inc\xmc_usic.h **** {
 211:D:/Projekty/TrinityTrack6000/MainControlBoard/XMC/XMC4200/Libraries/XMCLib/inc\xmc_usic.h ****   XMC_USIC_CH_KERNEL_MODE_RUN_0  = 0x0UL,  /**< Run mode 0 (transmission and reception possible)*/
 212:D:/Projekty/TrinityTrack6000/MainControlBoard/XMC/XMC4200/Libraries/XMCLib/inc\xmc_usic.h ****   XMC_USIC_CH_KERNEL_MODE_RUN_1  = 0x1UL << USIC_CH_KSCFG_NOMCFG_Pos,  /**< Run mode 1 (transmissio
 213:D:/Projekty/TrinityTrack6000/MainControlBoard/XMC/XMC4200/Libraries/XMCLib/inc\xmc_usic.h ****   XMC_USIC_CH_KERNEL_MODE_STOP_0 = 0x2UL << USIC_CH_KSCFG_NOMCFG_Pos,  /**< Stop mode 0 (no transmi
 214:D:/Projekty/TrinityTrack6000/MainControlBoard/XMC/XMC4200/Libraries/XMCLib/inc\xmc_usic.h ****   XMC_USIC_CH_KERNEL_MODE_STOP_1 = 0x3UL << USIC_CH_KSCFG_NOMCFG_Pos   /**< Stop mode 1 (both trans
 215:D:/Projekty/TrinityTrack6000/MainControlBoard/XMC/XMC4200/Libraries/XMCLib/inc\xmc_usic.h **** } XMC_USIC_CH_KERNEL_MODE_t;
 216:D:/Projekty/TrinityTrack6000/MainControlBoard/XMC/XMC4200/Libraries/XMCLib/inc\xmc_usic.h **** 
 217:D:/Projekty/TrinityTrack6000/MainControlBoard/XMC/XMC4200/Libraries/XMCLib/inc\xmc_usic.h **** /**
 218:D:/Projekty/TrinityTrack6000/MainControlBoard/XMC/XMC4200/Libraries/XMCLib/inc\xmc_usic.h ****  * USIC channel operating mode
 219:D:/Projekty/TrinityTrack6000/MainControlBoard/XMC/XMC4200/Libraries/XMCLib/inc\xmc_usic.h ****  */
 220:D:/Projekty/TrinityTrack6000/MainControlBoard/XMC/XMC4200/Libraries/XMCLib/inc\xmc_usic.h **** typedef enum XMC_USIC_CH_OPERATING_MODE
 221:D:/Projekty/TrinityTrack6000/MainControlBoard/XMC/XMC4200/Libraries/XMCLib/inc\xmc_usic.h **** {
 222:D:/Projekty/TrinityTrack6000/MainControlBoard/XMC/XMC4200/Libraries/XMCLib/inc\xmc_usic.h ****   XMC_USIC_CH_OPERATING_MODE_IDLE = 0x0UL, /**< USIC channel idle */
 223:D:/Projekty/TrinityTrack6000/MainControlBoard/XMC/XMC4200/Libraries/XMCLib/inc\xmc_usic.h ****   XMC_USIC_CH_OPERATING_MODE_SPI  = 0x1UL << USIC_CH_CCR_MODE_Pos, /**< SPI mode */
 224:D:/Projekty/TrinityTrack6000/MainControlBoard/XMC/XMC4200/Libraries/XMCLib/inc\xmc_usic.h ****   XMC_USIC_CH_OPERATING_MODE_UART = 0x2UL << USIC_CH_CCR_MODE_Pos, /**< UART mode */
 225:D:/Projekty/TrinityTrack6000/MainControlBoard/XMC/XMC4200/Libraries/XMCLib/inc\xmc_usic.h ****   XMC_USIC_CH_OPERATING_MODE_I2S  = 0x3UL << USIC_CH_CCR_MODE_Pos, /**< I2S mode */
 226:D:/Projekty/TrinityTrack6000/MainControlBoard/XMC/XMC4200/Libraries/XMCLib/inc\xmc_usic.h ****   XMC_USIC_CH_OPERATING_MODE_I2C  = 0x4UL << USIC_CH_CCR_MODE_Pos  /**< I2C mode */
 227:D:/Projekty/TrinityTrack6000/MainControlBoard/XMC/XMC4200/Libraries/XMCLib/inc\xmc_usic.h **** } XMC_USIC_CH_OPERATING_MODE_t;
 228:D:/Projekty/TrinityTrack6000/MainControlBoard/XMC/XMC4200/Libraries/XMCLib/inc\xmc_usic.h **** 
 229:D:/Projekty/TrinityTrack6000/MainControlBoard/XMC/XMC4200/Libraries/XMCLib/inc\xmc_usic.h **** /**
 230:D:/Projekty/TrinityTrack6000/MainControlBoard/XMC/XMC4200/Libraries/XMCLib/inc\xmc_usic.h ****  * USIC channel inputs
 231:D:/Projekty/TrinityTrack6000/MainControlBoard/XMC/XMC4200/Libraries/XMCLib/inc\xmc_usic.h ****  */
 232:D:/Projekty/TrinityTrack6000/MainControlBoard/XMC/XMC4200/Libraries/XMCLib/inc\xmc_usic.h **** typedef enum XMC_USIC_CH_INPUT
 233:D:/Projekty/TrinityTrack6000/MainControlBoard/XMC/XMC4200/Libraries/XMCLib/inc\xmc_usic.h **** {
 234:D:/Projekty/TrinityTrack6000/MainControlBoard/XMC/XMC4200/Libraries/XMCLib/inc\xmc_usic.h ****   XMC_USIC_CH_INPUT_DX0, /**< DX0 input */
 235:D:/Projekty/TrinityTrack6000/MainControlBoard/XMC/XMC4200/Libraries/XMCLib/inc\xmc_usic.h ****   XMC_USIC_CH_INPUT_DX1, /**< DX1 input */
 236:D:/Projekty/TrinityTrack6000/MainControlBoard/XMC/XMC4200/Libraries/XMCLib/inc\xmc_usic.h ****   XMC_USIC_CH_INPUT_DX2, /**< DX2 input */
 237:D:/Projekty/TrinityTrack6000/MainControlBoard/XMC/XMC4200/Libraries/XMCLib/inc\xmc_usic.h ****   XMC_USIC_CH_INPUT_DX3, /**< DX3 input */
 238:D:/Projekty/TrinityTrack6000/MainControlBoard/XMC/XMC4200/Libraries/XMCLib/inc\xmc_usic.h ****   XMC_USIC_CH_INPUT_DX4, /**< DX4 input */
 239:D:/Projekty/TrinityTrack6000/MainControlBoard/XMC/XMC4200/Libraries/XMCLib/inc\xmc_usic.h ****   XMC_USIC_CH_INPUT_DX5  /**< DX5 input */
 240:D:/Projekty/TrinityTrack6000/MainControlBoard/XMC/XMC4200/Libraries/XMCLib/inc\xmc_usic.h **** } XMC_USIC_CH_INPUT_t;
 241:D:/Projekty/TrinityTrack6000/MainControlBoard/XMC/XMC4200/Libraries/XMCLib/inc\xmc_usic.h **** 
 242:D:/Projekty/TrinityTrack6000/MainControlBoard/XMC/XMC4200/Libraries/XMCLib/inc\xmc_usic.h **** /**
 243:D:/Projekty/TrinityTrack6000/MainControlBoard/XMC/XMC4200/Libraries/XMCLib/inc\xmc_usic.h ****  * USIC channel input source sampling frequency
 244:D:/Projekty/TrinityTrack6000/MainControlBoard/XMC/XMC4200/Libraries/XMCLib/inc\xmc_usic.h ****  */
 245:D:/Projekty/TrinityTrack6000/MainControlBoard/XMC/XMC4200/Libraries/XMCLib/inc\xmc_usic.h **** typedef enum XMC_USIC_CH_INPUT_SAMPLING_FREQ
 246:D:/Projekty/TrinityTrack6000/MainControlBoard/XMC/XMC4200/Libraries/XMCLib/inc\xmc_usic.h **** {
 247:D:/Projekty/TrinityTrack6000/MainControlBoard/XMC/XMC4200/Libraries/XMCLib/inc\xmc_usic.h ****   XMC_USIC_CH_INPUT_SAMPLING_FREQ_FPERIPH            = 0x0UL, /**< Use fperiph frequency for input 
 248:D:/Projekty/TrinityTrack6000/MainControlBoard/XMC/XMC4200/Libraries/XMCLib/inc\xmc_usic.h ****   XMC_USIC_CH_INPUT_SAMPLING_FREQ_FRACTIONAL_DIVIDER = 0x1UL << USIC_CH_DXCR_SFSEL_Pos  /**< Use fF
 249:D:/Projekty/TrinityTrack6000/MainControlBoard/XMC/XMC4200/Libraries/XMCLib/inc\xmc_usic.h **** } XMC_USIC_CH_INPUT_SAMPLING_FREQ_t;
 250:D:/Projekty/TrinityTrack6000/MainControlBoard/XMC/XMC4200/Libraries/XMCLib/inc\xmc_usic.h **** 
 251:D:/Projekty/TrinityTrack6000/MainControlBoard/XMC/XMC4200/Libraries/XMCLib/inc\xmc_usic.h **** /**
 252:D:/Projekty/TrinityTrack6000/MainControlBoard/XMC/XMC4200/Libraries/XMCLib/inc\xmc_usic.h ****  * USIC channel input combination mode
 253:D:/Projekty/TrinityTrack6000/MainControlBoard/XMC/XMC4200/Libraries/XMCLib/inc\xmc_usic.h ****  */
 254:D:/Projekty/TrinityTrack6000/MainControlBoard/XMC/XMC4200/Libraries/XMCLib/inc\xmc_usic.h **** typedef enum XMC_USIC_CH_INPUT_COMBINATION_MODE
 255:D:/Projekty/TrinityTrack6000/MainControlBoard/XMC/XMC4200/Libraries/XMCLib/inc\xmc_usic.h **** {
 256:D:/Projekty/TrinityTrack6000/MainControlBoard/XMC/XMC4200/Libraries/XMCLib/inc\xmc_usic.h ****   XMC_USIC_CH_INPUT_COMBINATION_MODE_TRIGGER_DISABLED = 0x0UL, /**< The trigger activation is disab
 257:D:/Projekty/TrinityTrack6000/MainControlBoard/XMC/XMC4200/Libraries/XMCLib/inc\xmc_usic.h ****   XMC_USIC_CH_INPUT_COMBINATION_MODE_RISING_EDGE      = 0x1UL, /**< A rising edge activates DXnT*/
 258:D:/Projekty/TrinityTrack6000/MainControlBoard/XMC/XMC4200/Libraries/XMCLib/inc\xmc_usic.h ****   XMC_USIC_CH_INPUT_COMBINATION_MODE_FALLING_EDGE     = 0x2UL, /**< A falling edge activates DXnT*/
 259:D:/Projekty/TrinityTrack6000/MainControlBoard/XMC/XMC4200/Libraries/XMCLib/inc\xmc_usic.h ****   XMC_USIC_CH_INPUT_COMBINATION_MODE_BOTH_EDGES       = 0x3UL, /**< Both edges activate DXnT*/
 260:D:/Projekty/TrinityTrack6000/MainControlBoard/XMC/XMC4200/Libraries/XMCLib/inc\xmc_usic.h **** } XMC_USIC_CH_INPUT_COMBINATION_MODE_t;
 261:D:/Projekty/TrinityTrack6000/MainControlBoard/XMC/XMC4200/Libraries/XMCLib/inc\xmc_usic.h **** 
 262:D:/Projekty/TrinityTrack6000/MainControlBoard/XMC/XMC4200/Libraries/XMCLib/inc\xmc_usic.h **** /**
 263:D:/Projekty/TrinityTrack6000/MainControlBoard/XMC/XMC4200/Libraries/XMCLib/inc\xmc_usic.h ****  * USIC channel data transmission start modes.
 264:D:/Projekty/TrinityTrack6000/MainControlBoard/XMC/XMC4200/Libraries/XMCLib/inc\xmc_usic.h ****  * Data shifted out of the transmit pin depends on the value configured for the
 265:D:/Projekty/TrinityTrack6000/MainControlBoard/XMC/XMC4200/Libraries/XMCLib/inc\xmc_usic.h ****  * TDEN bitfield of the TCSR register. Following enum values are used for configuring
 266:D:/Projekty/TrinityTrack6000/MainControlBoard/XMC/XMC4200/Libraries/XMCLib/inc\xmc_usic.h ****  * the TCSR->TDEN bitfield.
 267:D:/Projekty/TrinityTrack6000/MainControlBoard/XMC/XMC4200/Libraries/XMCLib/inc\xmc_usic.h ****  */
 268:D:/Projekty/TrinityTrack6000/MainControlBoard/XMC/XMC4200/Libraries/XMCLib/inc\xmc_usic.h **** typedef enum XMC_USIC_CH_START_TRANSMISION_MODE
 269:D:/Projekty/TrinityTrack6000/MainControlBoard/XMC/XMC4200/Libraries/XMCLib/inc\xmc_usic.h **** {
 270:D:/Projekty/TrinityTrack6000/MainControlBoard/XMC/XMC4200/Libraries/XMCLib/inc\xmc_usic.h ****   XMC_USIC_CH_START_TRANSMISION_DISABLED      = 0x0U, /**< Passive data level is sent out on transm
 271:D:/Projekty/TrinityTrack6000/MainControlBoard/XMC/XMC4200/Libraries/XMCLib/inc\xmc_usic.h ****   XMC_USIC_CH_START_TRANSMISION_ON_TDV        = 0x1UL << USIC_CH_TCSR_TDEN_Pos, /**< Transmission o
 272:D:/Projekty/TrinityTrack6000/MainControlBoard/XMC/XMC4200/Libraries/XMCLib/inc\xmc_usic.h ****   XMC_USIC_CH_START_TRANSMISION_ON_TDV_DX2S_0 = 0x2UL << USIC_CH_TCSR_TDEN_Pos, /**< Transmission o
 273:D:/Projekty/TrinityTrack6000/MainControlBoard/XMC/XMC4200/Libraries/XMCLib/inc\xmc_usic.h ****   XMC_USIC_CH_START_TRANSMISION_ON_TDV_DX2S_1 = 0x3UL << USIC_CH_TCSR_TDEN_Pos  /**< Transmission o
 274:D:/Projekty/TrinityTrack6000/MainControlBoard/XMC/XMC4200/Libraries/XMCLib/inc\xmc_usic.h **** } XMC_USIC_CH_START_TRANSMISION_MODE_t;
 275:D:/Projekty/TrinityTrack6000/MainControlBoard/XMC/XMC4200/Libraries/XMCLib/inc\xmc_usic.h **** 
 276:D:/Projekty/TrinityTrack6000/MainControlBoard/XMC/XMC4200/Libraries/XMCLib/inc\xmc_usic.h **** /**
 277:D:/Projekty/TrinityTrack6000/MainControlBoard/XMC/XMC4200/Libraries/XMCLib/inc\xmc_usic.h ****  * USIC channel interrupt node pointers
 278:D:/Projekty/TrinityTrack6000/MainControlBoard/XMC/XMC4200/Libraries/XMCLib/inc\xmc_usic.h ****  */
 279:D:/Projekty/TrinityTrack6000/MainControlBoard/XMC/XMC4200/Libraries/XMCLib/inc\xmc_usic.h **** typedef enum XMC_USIC_CH_INTERRUPT_NODE_POINTER
 280:D:/Projekty/TrinityTrack6000/MainControlBoard/XMC/XMC4200/Libraries/XMCLib/inc\xmc_usic.h **** {
 281:D:/Projekty/TrinityTrack6000/MainControlBoard/XMC/XMC4200/Libraries/XMCLib/inc\xmc_usic.h ****   XMC_USIC_CH_INTERRUPT_NODE_POINTER_TRANSMIT_SHIFT      = USIC_CH_INPR_TSINP_Pos, /**< Node pointe
 282:D:/Projekty/TrinityTrack6000/MainControlBoard/XMC/XMC4200/Libraries/XMCLib/inc\xmc_usic.h ****   XMC_USIC_CH_INTERRUPT_NODE_POINTER_TRANSMIT_BUFFER     = USIC_CH_INPR_TBINP_Pos, /**< Node pointe
 283:D:/Projekty/TrinityTrack6000/MainControlBoard/XMC/XMC4200/Libraries/XMCLib/inc\xmc_usic.h ****   XMC_USIC_CH_INTERRUPT_NODE_POINTER_RECEIVE             = USIC_CH_INPR_RINP_Pos,  /**< Node pointe
 284:D:/Projekty/TrinityTrack6000/MainControlBoard/XMC/XMC4200/Libraries/XMCLib/inc\xmc_usic.h ****   XMC_USIC_CH_INTERRUPT_NODE_POINTER_ALTERNATE_RECEIVE   = USIC_CH_INPR_AINP_Pos,  /**< Node pointe
 285:D:/Projekty/TrinityTrack6000/MainControlBoard/XMC/XMC4200/Libraries/XMCLib/inc\xmc_usic.h ****   XMC_USIC_CH_INTERRUPT_NODE_POINTER_PROTOCOL            = USIC_CH_INPR_PINP_Pos   /**< Node pointe
 286:D:/Projekty/TrinityTrack6000/MainControlBoard/XMC/XMC4200/Libraries/XMCLib/inc\xmc_usic.h **** } XMC_USIC_CH_INTERRUPT_NODE_POINTER_t;
 287:D:/Projekty/TrinityTrack6000/MainControlBoard/XMC/XMC4200/Libraries/XMCLib/inc\xmc_usic.h **** 
 288:D:/Projekty/TrinityTrack6000/MainControlBoard/XMC/XMC4200/Libraries/XMCLib/inc\xmc_usic.h **** /**
 289:D:/Projekty/TrinityTrack6000/MainControlBoard/XMC/XMC4200/Libraries/XMCLib/inc\xmc_usic.h ****  * USIC channel events
 290:D:/Projekty/TrinityTrack6000/MainControlBoard/XMC/XMC4200/Libraries/XMCLib/inc\xmc_usic.h ****  */
 291:D:/Projekty/TrinityTrack6000/MainControlBoard/XMC/XMC4200/Libraries/XMCLib/inc\xmc_usic.h **** typedef enum XMC_USIC_CH_EVENT
 292:D:/Projekty/TrinityTrack6000/MainControlBoard/XMC/XMC4200/Libraries/XMCLib/inc\xmc_usic.h **** {
 293:D:/Projekty/TrinityTrack6000/MainControlBoard/XMC/XMC4200/Libraries/XMCLib/inc\xmc_usic.h ****   XMC_USIC_CH_EVENT_RECEIVE_START       = USIC_CH_CCR_RSIEN_Msk, /**< Receive start event */
 294:D:/Projekty/TrinityTrack6000/MainControlBoard/XMC/XMC4200/Libraries/XMCLib/inc\xmc_usic.h ****   XMC_USIC_CH_EVENT_DATA_LOST           = USIC_CH_CCR_DLIEN_Msk, /**< Data lost event */
 295:D:/Projekty/TrinityTrack6000/MainControlBoard/XMC/XMC4200/Libraries/XMCLib/inc\xmc_usic.h ****   XMC_USIC_CH_EVENT_TRANSMIT_SHIFT      = USIC_CH_CCR_TSIEN_Msk, /**< Transmit shift event */
 296:D:/Projekty/TrinityTrack6000/MainControlBoard/XMC/XMC4200/Libraries/XMCLib/inc\xmc_usic.h ****   XMC_USIC_CH_EVENT_TRANSMIT_BUFFER     = USIC_CH_CCR_TBIEN_Msk, /**< Transmit buffer event */
 297:D:/Projekty/TrinityTrack6000/MainControlBoard/XMC/XMC4200/Libraries/XMCLib/inc\xmc_usic.h ****   XMC_USIC_CH_EVENT_STANDARD_RECEIVE    = USIC_CH_CCR_RIEN_Msk,  /**< Receive event */
 298:D:/Projekty/TrinityTrack6000/MainControlBoard/XMC/XMC4200/Libraries/XMCLib/inc\xmc_usic.h ****   XMC_USIC_CH_EVENT_ALTERNATIVE_RECEIVE = USIC_CH_CCR_AIEN_Msk,  /**< Alternate receive event */
 299:D:/Projekty/TrinityTrack6000/MainControlBoard/XMC/XMC4200/Libraries/XMCLib/inc\xmc_usic.h ****   XMC_USIC_CH_EVENT_BAUD_RATE_GENERATOR = USIC_CH_CCR_BRGIEN_Msk /**< Baudrate generator event */
 300:D:/Projekty/TrinityTrack6000/MainControlBoard/XMC/XMC4200/Libraries/XMCLib/inc\xmc_usic.h **** } XMC_USIC_CH_EVENT_t;
 301:D:/Projekty/TrinityTrack6000/MainControlBoard/XMC/XMC4200/Libraries/XMCLib/inc\xmc_usic.h **** 
 302:D:/Projekty/TrinityTrack6000/MainControlBoard/XMC/XMC4200/Libraries/XMCLib/inc\xmc_usic.h **** /**
 303:D:/Projekty/TrinityTrack6000/MainControlBoard/XMC/XMC4200/Libraries/XMCLib/inc\xmc_usic.h **** * USIC channel parity mode
 304:D:/Projekty/TrinityTrack6000/MainControlBoard/XMC/XMC4200/Libraries/XMCLib/inc\xmc_usic.h **** */
 305:D:/Projekty/TrinityTrack6000/MainControlBoard/XMC/XMC4200/Libraries/XMCLib/inc\xmc_usic.h **** typedef enum XMC_USIC_CH_PARITY_MODE
 306:D:/Projekty/TrinityTrack6000/MainControlBoard/XMC/XMC4200/Libraries/XMCLib/inc\xmc_usic.h **** {
 307:D:/Projekty/TrinityTrack6000/MainControlBoard/XMC/XMC4200/Libraries/XMCLib/inc\xmc_usic.h ****   XMC_USIC_CH_PARITY_MODE_NONE     = 0x0UL,  /**< Disable parity mode */
 308:D:/Projekty/TrinityTrack6000/MainControlBoard/XMC/XMC4200/Libraries/XMCLib/inc\xmc_usic.h ****   XMC_USIC_CH_PARITY_MODE_EVEN     = 0x2UL << USIC_CH_CCR_PM_Pos,  /**< Enable even parity mode */
 309:D:/Projekty/TrinityTrack6000/MainControlBoard/XMC/XMC4200/Libraries/XMCLib/inc\xmc_usic.h ****   XMC_USIC_CH_PARITY_MODE_ODD      = 0x3UL << USIC_CH_CCR_PM_Pos   /**< Enable odd parity mode */
 310:D:/Projekty/TrinityTrack6000/MainControlBoard/XMC/XMC4200/Libraries/XMCLib/inc\xmc_usic.h **** } XMC_USIC_CH_PARITY_MODE_t;
 311:D:/Projekty/TrinityTrack6000/MainControlBoard/XMC/XMC4200/Libraries/XMCLib/inc\xmc_usic.h **** 
 312:D:/Projekty/TrinityTrack6000/MainControlBoard/XMC/XMC4200/Libraries/XMCLib/inc\xmc_usic.h **** /**
 313:D:/Projekty/TrinityTrack6000/MainControlBoard/XMC/XMC4200/Libraries/XMCLib/inc\xmc_usic.h **** * USIC channel data output mode
 314:D:/Projekty/TrinityTrack6000/MainControlBoard/XMC/XMC4200/Libraries/XMCLib/inc\xmc_usic.h **** */
 315:D:/Projekty/TrinityTrack6000/MainControlBoard/XMC/XMC4200/Libraries/XMCLib/inc\xmc_usic.h **** typedef enum XMC_USIC_CH_DATA_OUTPUT_MODE
 316:D:/Projekty/TrinityTrack6000/MainControlBoard/XMC/XMC4200/Libraries/XMCLib/inc\xmc_usic.h **** {
 317:D:/Projekty/TrinityTrack6000/MainControlBoard/XMC/XMC4200/Libraries/XMCLib/inc\xmc_usic.h ****   XMC_USIC_CH_DATA_OUTPUT_MODE_NORMAL   = 0x0UL,  /**< Data output normal mode */
 318:D:/Projekty/TrinityTrack6000/MainControlBoard/XMC/XMC4200/Libraries/XMCLib/inc\xmc_usic.h ****   XMC_USIC_CH_DATA_OUTPUT_MODE_INVERTED = 0x1UL << USIC_CH_SCTR_DOCFG_Pos   /**< Data output invert
 319:D:/Projekty/TrinityTrack6000/MainControlBoard/XMC/XMC4200/Libraries/XMCLib/inc\xmc_usic.h **** } XMC_USIC_CH_DATA_OUTPUT_MODE_t;
 320:D:/Projekty/TrinityTrack6000/MainControlBoard/XMC/XMC4200/Libraries/XMCLib/inc\xmc_usic.h **** 
 321:D:/Projekty/TrinityTrack6000/MainControlBoard/XMC/XMC4200/Libraries/XMCLib/inc\xmc_usic.h **** /**
 322:D:/Projekty/TrinityTrack6000/MainControlBoard/XMC/XMC4200/Libraries/XMCLib/inc\xmc_usic.h **** * USIC channel data transmit buffer status
 323:D:/Projekty/TrinityTrack6000/MainControlBoard/XMC/XMC4200/Libraries/XMCLib/inc\xmc_usic.h **** */
 324:D:/Projekty/TrinityTrack6000/MainControlBoard/XMC/XMC4200/Libraries/XMCLib/inc\xmc_usic.h **** typedef enum XMC_USIC_CH_TBUF_STATUS
 325:D:/Projekty/TrinityTrack6000/MainControlBoard/XMC/XMC4200/Libraries/XMCLib/inc\xmc_usic.h **** {
 326:D:/Projekty/TrinityTrack6000/MainControlBoard/XMC/XMC4200/Libraries/XMCLib/inc\xmc_usic.h ****   XMC_USIC_CH_TBUF_STATUS_IDLE = 0x0UL,                 /**< Transfer buffer is currently idle*/
 327:D:/Projekty/TrinityTrack6000/MainControlBoard/XMC/XMC4200/Libraries/XMCLib/inc\xmc_usic.h ****   XMC_USIC_CH_TBUF_STATUS_BUSY = USIC_CH_TCSR_TDV_Msk   /**< Transfer buffer is currently busy*/
 328:D:/Projekty/TrinityTrack6000/MainControlBoard/XMC/XMC4200/Libraries/XMCLib/inc\xmc_usic.h **** } XMC_USIC_CH_TBUF_STATUS_t;
 329:D:/Projekty/TrinityTrack6000/MainControlBoard/XMC/XMC4200/Libraries/XMCLib/inc\xmc_usic.h **** 
 330:D:/Projekty/TrinityTrack6000/MainControlBoard/XMC/XMC4200/Libraries/XMCLib/inc\xmc_usic.h **** 
 331:D:/Projekty/TrinityTrack6000/MainControlBoard/XMC/XMC4200/Libraries/XMCLib/inc\xmc_usic.h **** 
 332:D:/Projekty/TrinityTrack6000/MainControlBoard/XMC/XMC4200/Libraries/XMCLib/inc\xmc_usic.h **** /**
 333:D:/Projekty/TrinityTrack6000/MainControlBoard/XMC/XMC4200/Libraries/XMCLib/inc\xmc_usic.h **** * USIC channel data transmit buffer status modification
 334:D:/Projekty/TrinityTrack6000/MainControlBoard/XMC/XMC4200/Libraries/XMCLib/inc\xmc_usic.h **** */
 335:D:/Projekty/TrinityTrack6000/MainControlBoard/XMC/XMC4200/Libraries/XMCLib/inc\xmc_usic.h **** typedef enum XMC_USIC_CH_TBUF_STATUS_SET
 336:D:/Projekty/TrinityTrack6000/MainControlBoard/XMC/XMC4200/Libraries/XMCLib/inc\xmc_usic.h **** {
 337:D:/Projekty/TrinityTrack6000/MainControlBoard/XMC/XMC4200/Libraries/XMCLib/inc\xmc_usic.h ****   XMC_USIC_CH_TBUF_STATUS_SET_BUSY   = 0x1UL, /**< Set Transfer buffer status to busy*/
 338:D:/Projekty/TrinityTrack6000/MainControlBoard/XMC/XMC4200/Libraries/XMCLib/inc\xmc_usic.h ****   XMC_USIC_CH_TBUF_STATUS_SET_IDLE   = 0x2UL  /**< Set Transfer buffer status to idle*/
 339:D:/Projekty/TrinityTrack6000/MainControlBoard/XMC/XMC4200/Libraries/XMCLib/inc\xmc_usic.h **** } XMC_USIC_CH_TBUF_STATUS_SET_t;
 340:D:/Projekty/TrinityTrack6000/MainControlBoard/XMC/XMC4200/Libraries/XMCLib/inc\xmc_usic.h **** 
 341:D:/Projekty/TrinityTrack6000/MainControlBoard/XMC/XMC4200/Libraries/XMCLib/inc\xmc_usic.h **** /**
 342:D:/Projekty/TrinityTrack6000/MainControlBoard/XMC/XMC4200/Libraries/XMCLib/inc\xmc_usic.h **** * USIC channel receive buffer status
 343:D:/Projekty/TrinityTrack6000/MainControlBoard/XMC/XMC4200/Libraries/XMCLib/inc\xmc_usic.h **** */
 344:D:/Projekty/TrinityTrack6000/MainControlBoard/XMC/XMC4200/Libraries/XMCLib/inc\xmc_usic.h **** typedef enum XMC_USIC_CH_RBUF_STATUS
 345:D:/Projekty/TrinityTrack6000/MainControlBoard/XMC/XMC4200/Libraries/XMCLib/inc\xmc_usic.h **** {
 346:D:/Projekty/TrinityTrack6000/MainControlBoard/XMC/XMC4200/Libraries/XMCLib/inc\xmc_usic.h ****   XMC_USIC_CH_RBUF_STATUS_DATA_VALID0 = USIC_CH_RBUFSR_RDV0_Msk, /**< RBUF0 data has not yet been r
 347:D:/Projekty/TrinityTrack6000/MainControlBoard/XMC/XMC4200/Libraries/XMCLib/inc\xmc_usic.h ****   XMC_USIC_CH_RBUF_STATUS_DATA_VALID1 = USIC_CH_RBUFSR_RDV1_Msk  /**< RBUF1 data has not yet been r
 348:D:/Projekty/TrinityTrack6000/MainControlBoard/XMC/XMC4200/Libraries/XMCLib/inc\xmc_usic.h **** } XMC_USIC_CH_RBUF_STATUS_t;
 349:D:/Projekty/TrinityTrack6000/MainControlBoard/XMC/XMC4200/Libraries/XMCLib/inc\xmc_usic.h **** 
 350:D:/Projekty/TrinityTrack6000/MainControlBoard/XMC/XMC4200/Libraries/XMCLib/inc\xmc_usic.h **** /**
 351:D:/Projekty/TrinityTrack6000/MainControlBoard/XMC/XMC4200/Libraries/XMCLib/inc\xmc_usic.h ****  * USIC channel output signal passive data level
 352:D:/Projekty/TrinityTrack6000/MainControlBoard/XMC/XMC4200/Libraries/XMCLib/inc\xmc_usic.h **** */
 353:D:/Projekty/TrinityTrack6000/MainControlBoard/XMC/XMC4200/Libraries/XMCLib/inc\xmc_usic.h **** typedef enum XMC_USCI_CH_PASSIVE_DATA_LEVEL
 354:D:/Projekty/TrinityTrack6000/MainControlBoard/XMC/XMC4200/Libraries/XMCLib/inc\xmc_usic.h **** {
 355:D:/Projekty/TrinityTrack6000/MainControlBoard/XMC/XMC4200/Libraries/XMCLib/inc\xmc_usic.h ****   XMC_USIC_CH_PASSIVE_DATA_LEVEL0 = 0x0UL, /**< Passive level(idle mode signal level) 0 */
 356:D:/Projekty/TrinityTrack6000/MainControlBoard/XMC/XMC4200/Libraries/XMCLib/inc\xmc_usic.h ****   XMC_USIC_CH_PASSIVE_DATA_LEVEL1 = 0x1UL << USIC_CH_SCTR_PDL_Pos  /**< Passive level(idle mode sig
 357:D:/Projekty/TrinityTrack6000/MainControlBoard/XMC/XMC4200/Libraries/XMCLib/inc\xmc_usic.h **** } XMC_USIC_CH_PASSIVE_DATA_LEVEL_t;
 358:D:/Projekty/TrinityTrack6000/MainControlBoard/XMC/XMC4200/Libraries/XMCLib/inc\xmc_usic.h **** 
 359:D:/Projekty/TrinityTrack6000/MainControlBoard/XMC/XMC4200/Libraries/XMCLib/inc\xmc_usic.h **** /**
 360:D:/Projekty/TrinityTrack6000/MainControlBoard/XMC/XMC4200/Libraries/XMCLib/inc\xmc_usic.h **** * USIC channel receive FIFO size
 361:D:/Projekty/TrinityTrack6000/MainControlBoard/XMC/XMC4200/Libraries/XMCLib/inc\xmc_usic.h **** */
 362:D:/Projekty/TrinityTrack6000/MainControlBoard/XMC/XMC4200/Libraries/XMCLib/inc\xmc_usic.h **** typedef enum XMC_USIC_CH_FIFO_SIZE
 363:D:/Projekty/TrinityTrack6000/MainControlBoard/XMC/XMC4200/Libraries/XMCLib/inc\xmc_usic.h **** {
 364:D:/Projekty/TrinityTrack6000/MainControlBoard/XMC/XMC4200/Libraries/XMCLib/inc\xmc_usic.h ****   XMC_USIC_CH_FIFO_DISABLED     = 0x0U,  /**< FIFO Disabled */
 365:D:/Projekty/TrinityTrack6000/MainControlBoard/XMC/XMC4200/Libraries/XMCLib/inc\xmc_usic.h ****   XMC_USIC_CH_FIFO_SIZE_2WORDS  = 0x1U,  /**< FIFO size: 2 words */
 366:D:/Projekty/TrinityTrack6000/MainControlBoard/XMC/XMC4200/Libraries/XMCLib/inc\xmc_usic.h ****   XMC_USIC_CH_FIFO_SIZE_4WORDS  = 0x2U,  /**< FIFO size: 4 words */
 367:D:/Projekty/TrinityTrack6000/MainControlBoard/XMC/XMC4200/Libraries/XMCLib/inc\xmc_usic.h ****   XMC_USIC_CH_FIFO_SIZE_8WORDS  = 0x3U,  /**< FIFO size: 8 words */
 368:D:/Projekty/TrinityTrack6000/MainControlBoard/XMC/XMC4200/Libraries/XMCLib/inc\xmc_usic.h ****   XMC_USIC_CH_FIFO_SIZE_16WORDS = 0x4U,  /**< FIFO size: 16 words */
 369:D:/Projekty/TrinityTrack6000/MainControlBoard/XMC/XMC4200/Libraries/XMCLib/inc\xmc_usic.h ****   XMC_USIC_CH_FIFO_SIZE_32WORDS = 0x5U,  /**< FIFO size: 32 words */
 370:D:/Projekty/TrinityTrack6000/MainControlBoard/XMC/XMC4200/Libraries/XMCLib/inc\xmc_usic.h ****   XMC_USIC_CH_FIFO_SIZE_64WORDS = 0x6U   /**< FIFO size: 64 words */
 371:D:/Projekty/TrinityTrack6000/MainControlBoard/XMC/XMC4200/Libraries/XMCLib/inc\xmc_usic.h **** } XMC_USIC_CH_FIFO_SIZE_t;
 372:D:/Projekty/TrinityTrack6000/MainControlBoard/XMC/XMC4200/Libraries/XMCLib/inc\xmc_usic.h **** 
 373:D:/Projekty/TrinityTrack6000/MainControlBoard/XMC/XMC4200/Libraries/XMCLib/inc\xmc_usic.h **** /**
 374:D:/Projekty/TrinityTrack6000/MainControlBoard/XMC/XMC4200/Libraries/XMCLib/inc\xmc_usic.h **** * USIC channel transmit FIFO interrupt node pointers
 375:D:/Projekty/TrinityTrack6000/MainControlBoard/XMC/XMC4200/Libraries/XMCLib/inc\xmc_usic.h **** */
 376:D:/Projekty/TrinityTrack6000/MainControlBoard/XMC/XMC4200/Libraries/XMCLib/inc\xmc_usic.h **** typedef enum XMC_USIC_CH_TXFIFO_INTERRUPT_NODE_POINTER
 377:D:/Projekty/TrinityTrack6000/MainControlBoard/XMC/XMC4200/Libraries/XMCLib/inc\xmc_usic.h **** {
 378:D:/Projekty/TrinityTrack6000/MainControlBoard/XMC/XMC4200/Libraries/XMCLib/inc\xmc_usic.h ****   XMC_USIC_CH_TXFIFO_INTERRUPT_NODE_POINTER_STANDARD  = USIC_CH_TBCTR_STBINP_Pos,  /**< Node pointe
 379:D:/Projekty/TrinityTrack6000/MainControlBoard/XMC/XMC4200/Libraries/XMCLib/inc\xmc_usic.h ****   XMC_USIC_CH_TXFIFO_INTERRUPT_NODE_POINTER_ALTERNATE = USIC_CH_TBCTR_ATBINP_Pos   /**< Node pointe
 380:D:/Projekty/TrinityTrack6000/MainControlBoard/XMC/XMC4200/Libraries/XMCLib/inc\xmc_usic.h **** } XMC_USIC_CH_TXFIFO_INTERRUPT_NODE_POINTER_t;
 381:D:/Projekty/TrinityTrack6000/MainControlBoard/XMC/XMC4200/Libraries/XMCLib/inc\xmc_usic.h **** 
 382:D:/Projekty/TrinityTrack6000/MainControlBoard/XMC/XMC4200/Libraries/XMCLib/inc\xmc_usic.h **** /**
 383:D:/Projekty/TrinityTrack6000/MainControlBoard/XMC/XMC4200/Libraries/XMCLib/inc\xmc_usic.h **** * USIC channel transmit FIFO event configuration
 384:D:/Projekty/TrinityTrack6000/MainControlBoard/XMC/XMC4200/Libraries/XMCLib/inc\xmc_usic.h **** */
 385:D:/Projekty/TrinityTrack6000/MainControlBoard/XMC/XMC4200/Libraries/XMCLib/inc\xmc_usic.h **** typedef enum XMC_USIC_CH_TXFIFO_EVENT_CONF
 386:D:/Projekty/TrinityTrack6000/MainControlBoard/XMC/XMC4200/Libraries/XMCLib/inc\xmc_usic.h **** {
 387:D:/Projekty/TrinityTrack6000/MainControlBoard/XMC/XMC4200/Libraries/XMCLib/inc\xmc_usic.h ****   XMC_USIC_CH_TXFIFO_EVENT_CONF_STANDARD  = USIC_CH_TBCTR_STBIEN_Msk,   /**< Enable FIFO standard t
 388:D:/Projekty/TrinityTrack6000/MainControlBoard/XMC/XMC4200/Libraries/XMCLib/inc\xmc_usic.h ****   XMC_USIC_CH_TXFIFO_EVENT_CONF_ERROR     = (int32_t)USIC_CH_TBCTR_TBERIEN_Msk  /**< Enable transmi
 389:D:/Projekty/TrinityTrack6000/MainControlBoard/XMC/XMC4200/Libraries/XMCLib/inc\xmc_usic.h **** } XMC_USIC_CH_TXFIFO_EVENT_CONF_t;
 390:D:/Projekty/TrinityTrack6000/MainControlBoard/XMC/XMC4200/Libraries/XMCLib/inc\xmc_usic.h **** 
 391:D:/Projekty/TrinityTrack6000/MainControlBoard/XMC/XMC4200/Libraries/XMCLib/inc\xmc_usic.h **** /**
 392:D:/Projekty/TrinityTrack6000/MainControlBoard/XMC/XMC4200/Libraries/XMCLib/inc\xmc_usic.h **** * USIC channel transmit FIFO status
 393:D:/Projekty/TrinityTrack6000/MainControlBoard/XMC/XMC4200/Libraries/XMCLib/inc\xmc_usic.h **** */
 394:D:/Projekty/TrinityTrack6000/MainControlBoard/XMC/XMC4200/Libraries/XMCLib/inc\xmc_usic.h **** typedef enum XMC_USIC_CH_TXFIFO_EVENT
 395:D:/Projekty/TrinityTrack6000/MainControlBoard/XMC/XMC4200/Libraries/XMCLib/inc\xmc_usic.h **** {
 396:D:/Projekty/TrinityTrack6000/MainControlBoard/XMC/XMC4200/Libraries/XMCLib/inc\xmc_usic.h ****   XMC_USIC_CH_TXFIFO_EVENT_STANDARD = USIC_CH_TRBSR_STBI_Msk,    /**< Transmit FIFO status: Standar
 397:D:/Projekty/TrinityTrack6000/MainControlBoard/XMC/XMC4200/Libraries/XMCLib/inc\xmc_usic.h ****   XMC_USIC_CH_TXFIFO_EVENT_ERROR    = USIC_CH_TRBSR_TBERI_Msk    /**< Transmit FIFO status: Error e
 398:D:/Projekty/TrinityTrack6000/MainControlBoard/XMC/XMC4200/Libraries/XMCLib/inc\xmc_usic.h **** } XMC_USIC_CH_TXFIFO_EVENT_t;
 399:D:/Projekty/TrinityTrack6000/MainControlBoard/XMC/XMC4200/Libraries/XMCLib/inc\xmc_usic.h **** 
 400:D:/Projekty/TrinityTrack6000/MainControlBoard/XMC/XMC4200/Libraries/XMCLib/inc\xmc_usic.h **** /**
 401:D:/Projekty/TrinityTrack6000/MainControlBoard/XMC/XMC4200/Libraries/XMCLib/inc\xmc_usic.h **** * USIC channel receive FIFO interrupt node pointers
 402:D:/Projekty/TrinityTrack6000/MainControlBoard/XMC/XMC4200/Libraries/XMCLib/inc\xmc_usic.h **** */
 403:D:/Projekty/TrinityTrack6000/MainControlBoard/XMC/XMC4200/Libraries/XMCLib/inc\xmc_usic.h **** typedef enum XMC_USIC_CH_RXFIFO_INTERRUPT_NODE_POINTER
 404:D:/Projekty/TrinityTrack6000/MainControlBoard/XMC/XMC4200/Libraries/XMCLib/inc\xmc_usic.h **** {
 405:D:/Projekty/TrinityTrack6000/MainControlBoard/XMC/XMC4200/Libraries/XMCLib/inc\xmc_usic.h ****   XMC_USIC_CH_RXFIFO_INTERRUPT_NODE_POINTER_STANDARD  = USIC_CH_RBCTR_SRBINP_Pos, /**< Node pointer
 406:D:/Projekty/TrinityTrack6000/MainControlBoard/XMC/XMC4200/Libraries/XMCLib/inc\xmc_usic.h ****   XMC_USIC_CH_RXFIFO_INTERRUPT_NODE_POINTER_ALTERNATE = USIC_CH_RBCTR_ARBINP_Pos  /**< Node pointer
 407:D:/Projekty/TrinityTrack6000/MainControlBoard/XMC/XMC4200/Libraries/XMCLib/inc\xmc_usic.h **** } XMC_USIC_CH_RXFIFO_INTERRUPT_NODE_POINTER_t;
 408:D:/Projekty/TrinityTrack6000/MainControlBoard/XMC/XMC4200/Libraries/XMCLib/inc\xmc_usic.h **** 
 409:D:/Projekty/TrinityTrack6000/MainControlBoard/XMC/XMC4200/Libraries/XMCLib/inc\xmc_usic.h **** /**
 410:D:/Projekty/TrinityTrack6000/MainControlBoard/XMC/XMC4200/Libraries/XMCLib/inc\xmc_usic.h **** * USIC channel receive FIFO event configuration
 411:D:/Projekty/TrinityTrack6000/MainControlBoard/XMC/XMC4200/Libraries/XMCLib/inc\xmc_usic.h **** */
 412:D:/Projekty/TrinityTrack6000/MainControlBoard/XMC/XMC4200/Libraries/XMCLib/inc\xmc_usic.h **** typedef enum XMC_USIC_CH_RXFIFO_EVENT_CONF
 413:D:/Projekty/TrinityTrack6000/MainControlBoard/XMC/XMC4200/Libraries/XMCLib/inc\xmc_usic.h **** {
 414:D:/Projekty/TrinityTrack6000/MainControlBoard/XMC/XMC4200/Libraries/XMCLib/inc\xmc_usic.h ****   XMC_USIC_CH_RXFIFO_EVENT_CONF_STANDARD  = USIC_CH_RBCTR_SRBIEN_Msk,   /**< Enable FIFO standard r
 415:D:/Projekty/TrinityTrack6000/MainControlBoard/XMC/XMC4200/Libraries/XMCLib/inc\xmc_usic.h ****   XMC_USIC_CH_RXFIFO_EVENT_CONF_ERROR     = (int32_t)USIC_CH_RBCTR_RBERIEN_Msk,  /**< Enable receiv
 416:D:/Projekty/TrinityTrack6000/MainControlBoard/XMC/XMC4200/Libraries/XMCLib/inc\xmc_usic.h ****   XMC_USIC_CH_RXFIFO_EVENT_CONF_ALTERNATE = USIC_CH_RBCTR_ARBIEN_Msk   /**< Enable FIFO alternative
 417:D:/Projekty/TrinityTrack6000/MainControlBoard/XMC/XMC4200/Libraries/XMCLib/inc\xmc_usic.h **** } XMC_USIC_CH_RXFIFO_EVENT_CONF_t;
 418:D:/Projekty/TrinityTrack6000/MainControlBoard/XMC/XMC4200/Libraries/XMCLib/inc\xmc_usic.h **** 
 419:D:/Projekty/TrinityTrack6000/MainControlBoard/XMC/XMC4200/Libraries/XMCLib/inc\xmc_usic.h **** /**
 420:D:/Projekty/TrinityTrack6000/MainControlBoard/XMC/XMC4200/Libraries/XMCLib/inc\xmc_usic.h **** * USIC channel receive FIFO status
 421:D:/Projekty/TrinityTrack6000/MainControlBoard/XMC/XMC4200/Libraries/XMCLib/inc\xmc_usic.h **** */
 422:D:/Projekty/TrinityTrack6000/MainControlBoard/XMC/XMC4200/Libraries/XMCLib/inc\xmc_usic.h **** typedef enum XMC_USIC_CH_RXFIFO_EVENT
 423:D:/Projekty/TrinityTrack6000/MainControlBoard/XMC/XMC4200/Libraries/XMCLib/inc\xmc_usic.h **** {
 424:D:/Projekty/TrinityTrack6000/MainControlBoard/XMC/XMC4200/Libraries/XMCLib/inc\xmc_usic.h ****   XMC_USIC_CH_RXFIFO_EVENT_STANDARD  = USIC_CH_TRBSR_SRBI_Msk,   /**< Receive FIFO status: Standard
 425:D:/Projekty/TrinityTrack6000/MainControlBoard/XMC/XMC4200/Libraries/XMCLib/inc\xmc_usic.h ****   XMC_USIC_CH_RXFIFO_EVENT_ERROR     = USIC_CH_TRBSR_RBERI_Msk,  /**< Receive FIFO status: Error ev
 426:D:/Projekty/TrinityTrack6000/MainControlBoard/XMC/XMC4200/Libraries/XMCLib/inc\xmc_usic.h ****   XMC_USIC_CH_RXFIFO_EVENT_ALTERNATE = USIC_CH_TRBSR_ARBI_Msk    /**< Receive FIFO status: Alternat
 427:D:/Projekty/TrinityTrack6000/MainControlBoard/XMC/XMC4200/Libraries/XMCLib/inc\xmc_usic.h **** } XMC_USIC_CH_RXFIFO_EVENT_t;
 428:D:/Projekty/TrinityTrack6000/MainControlBoard/XMC/XMC4200/Libraries/XMCLib/inc\xmc_usic.h **** 
 429:D:/Projekty/TrinityTrack6000/MainControlBoard/XMC/XMC4200/Libraries/XMCLib/inc\xmc_usic.h **** /**
 430:D:/Projekty/TrinityTrack6000/MainControlBoard/XMC/XMC4200/Libraries/XMCLib/inc\xmc_usic.h **** * USIC channel baudrate generator clock source
 431:D:/Projekty/TrinityTrack6000/MainControlBoard/XMC/XMC4200/Libraries/XMCLib/inc\xmc_usic.h **** */
 432:D:/Projekty/TrinityTrack6000/MainControlBoard/XMC/XMC4200/Libraries/XMCLib/inc\xmc_usic.h **** typedef enum XMC_USIC_CH_BRG_CLOCK_SOURCE
 433:D:/Projekty/TrinityTrack6000/MainControlBoard/XMC/XMC4200/Libraries/XMCLib/inc\xmc_usic.h **** {
 434:D:/Projekty/TrinityTrack6000/MainControlBoard/XMC/XMC4200/Libraries/XMCLib/inc\xmc_usic.h ****   XMC_USIC_CH_BRG_CLOCK_SOURCE_DIVIDER = 0x0UL, /**< Baudrate generator clock source : Source divid
 435:D:/Projekty/TrinityTrack6000/MainControlBoard/XMC/XMC4200/Libraries/XMCLib/inc\xmc_usic.h ****   XMC_USIC_CH_BRG_CLOCK_SOURCE_DX1T    = 0x2UL << USIC_CH_BRG_CLKSEL_Pos,  /**< Baudrate generator 
 436:D:/Projekty/TrinityTrack6000/MainControlBoard/XMC/XMC4200/Libraries/XMCLib/inc\xmc_usic.h ****   XMC_USIC_CH_BRG_CLOCK_SOURCE_DX1S    = 0x3UL << USIC_CH_BRG_CLKSEL_Pos  /**< Baudrate generator c
 437:D:/Projekty/TrinityTrack6000/MainControlBoard/XMC/XMC4200/Libraries/XMCLib/inc\xmc_usic.h **** } XMC_USIC_CH_BRG_CLOCK_SOURCE_t;
 438:D:/Projekty/TrinityTrack6000/MainControlBoard/XMC/XMC4200/Libraries/XMCLib/inc\xmc_usic.h **** 
 439:D:/Projekty/TrinityTrack6000/MainControlBoard/XMC/XMC4200/Libraries/XMCLib/inc\xmc_usic.h **** /**
 440:D:/Projekty/TrinityTrack6000/MainControlBoard/XMC/XMC4200/Libraries/XMCLib/inc\xmc_usic.h **** * USIC channel input selection for CTQ
 441:D:/Projekty/TrinityTrack6000/MainControlBoard/XMC/XMC4200/Libraries/XMCLib/inc\xmc_usic.h **** */
 442:D:/Projekty/TrinityTrack6000/MainControlBoard/XMC/XMC4200/Libraries/XMCLib/inc\xmc_usic.h **** typedef enum XMC_USIC_CH_BRG_CTQSEL
 443:D:/Projekty/TrinityTrack6000/MainControlBoard/XMC/XMC4200/Libraries/XMCLib/inc\xmc_usic.h **** {
 444:D:/Projekty/TrinityTrack6000/MainControlBoard/XMC/XMC4200/Libraries/XMCLib/inc\xmc_usic.h ****   XMC_USIC_CH_BRG_CTQSEL_PDIV = 0x0UL, /**< fCTQIN = fPDIV */
 445:D:/Projekty/TrinityTrack6000/MainControlBoard/XMC/XMC4200/Libraries/XMCLib/inc\xmc_usic.h ****   XMC_USIC_CH_BRG_CTQSEL_PPP  = 0x1UL << USIC_CH_BRG_CTQSEL_Pos,  /**< fCTQIN = fPPP */
 446:D:/Projekty/TrinityTrack6000/MainControlBoard/XMC/XMC4200/Libraries/XMCLib/inc\xmc_usic.h ****   XMC_USIC_CH_BRG_CTQSEL_SCLK = 0x2UL << USIC_CH_BRG_CTQSEL_Pos,  /**< fCTQIN = fSCLK */
 447:D:/Projekty/TrinityTrack6000/MainControlBoard/XMC/XMC4200/Libraries/XMCLib/inc\xmc_usic.h ****   XMC_USIC_CH_BRG_CTQSEL_MCLK = 0x3UL << USIC_CH_BRG_CTQSEL_Pos  /**< fCTQIN = fMCLK */
 448:D:/Projekty/TrinityTrack6000/MainControlBoard/XMC/XMC4200/Libraries/XMCLib/inc\xmc_usic.h **** } XMC_USIC_CH_BRG_CTQSEL_t;
 449:D:/Projekty/TrinityTrack6000/MainControlBoard/XMC/XMC4200/Libraries/XMCLib/inc\xmc_usic.h **** 
 450:D:/Projekty/TrinityTrack6000/MainControlBoard/XMC/XMC4200/Libraries/XMCLib/inc\xmc_usic.h **** 
 451:D:/Projekty/TrinityTrack6000/MainControlBoard/XMC/XMC4200/Libraries/XMCLib/inc\xmc_usic.h **** /**
 452:D:/Projekty/TrinityTrack6000/MainControlBoard/XMC/XMC4200/Libraries/XMCLib/inc\xmc_usic.h **** * USIC channel baudrate generator divider mode
 453:D:/Projekty/TrinityTrack6000/MainControlBoard/XMC/XMC4200/Libraries/XMCLib/inc\xmc_usic.h **** */
 454:D:/Projekty/TrinityTrack6000/MainControlBoard/XMC/XMC4200/Libraries/XMCLib/inc\xmc_usic.h **** typedef enum XMC_USIC_CH_BRG_CLOCK_DIVIDER_MODE
 455:D:/Projekty/TrinityTrack6000/MainControlBoard/XMC/XMC4200/Libraries/XMCLib/inc\xmc_usic.h **** {
 456:D:/Projekty/TrinityTrack6000/MainControlBoard/XMC/XMC4200/Libraries/XMCLib/inc\xmc_usic.h ****   XMC_USIC_CH_BRG_CLOCK_DIVIDER_MODE_DISABLED   = 0x0UL, /**< Baudrate generator clock divider: Dis
 457:D:/Projekty/TrinityTrack6000/MainControlBoard/XMC/XMC4200/Libraries/XMCLib/inc\xmc_usic.h ****   XMC_USIC_CH_BRG_CLOCK_DIVIDER_MODE_NORMAL     = 0x1UL << USIC_CH_FDR_DM_Pos, /**< Baudrate genera
 458:D:/Projekty/TrinityTrack6000/MainControlBoard/XMC/XMC4200/Libraries/XMCLib/inc\xmc_usic.h ****   XMC_USIC_CH_BRG_CLOCK_DIVIDER_MODE_FRACTIONAL = 0x2UL << USIC_CH_FDR_DM_Pos  /**< Baudrate genera
 459:D:/Projekty/TrinityTrack6000/MainControlBoard/XMC/XMC4200/Libraries/XMCLib/inc\xmc_usic.h **** } XMC_USIC_CH_BRG_CLOCK_DIVIDER_MODE_t;
 460:D:/Projekty/TrinityTrack6000/MainControlBoard/XMC/XMC4200/Libraries/XMCLib/inc\xmc_usic.h **** 
 461:D:/Projekty/TrinityTrack6000/MainControlBoard/XMC/XMC4200/Libraries/XMCLib/inc\xmc_usic.h **** /**
 462:D:/Projekty/TrinityTrack6000/MainControlBoard/XMC/XMC4200/Libraries/XMCLib/inc\xmc_usic.h **** * USIC channel baudrate generator master clock passive level
 463:D:/Projekty/TrinityTrack6000/MainControlBoard/XMC/XMC4200/Libraries/XMCLib/inc\xmc_usic.h **** */
 464:D:/Projekty/TrinityTrack6000/MainControlBoard/XMC/XMC4200/Libraries/XMCLib/inc\xmc_usic.h **** typedef enum XMC_USIC_CH_BRG_MASTER_CLOCK_PASSIVE_LEVEL
 465:D:/Projekty/TrinityTrack6000/MainControlBoard/XMC/XMC4200/Libraries/XMCLib/inc\xmc_usic.h **** {
 466:D:/Projekty/TrinityTrack6000/MainControlBoard/XMC/XMC4200/Libraries/XMCLib/inc\xmc_usic.h ****   XMC_USIC_CH_BRG_MASTER_CLOCK_PASSIVE_LEVEL_0 = 0x0UL, /**< Baudrate generator master clock passiv
 467:D:/Projekty/TrinityTrack6000/MainControlBoard/XMC/XMC4200/Libraries/XMCLib/inc\xmc_usic.h ****   XMC_USIC_CH_BRG_MASTER_CLOCK_PASSIVE_LEVEL_1 = 0x1UL << USIC_CH_BRG_MCLKCFG_Pos  /**< Baudrate ge
 468:D:/Projekty/TrinityTrack6000/MainControlBoard/XMC/XMC4200/Libraries/XMCLib/inc\xmc_usic.h **** } XMC_USIC_CH_BRG_MASTER_CLOCK_PASSIVE_LEVEL_t;
 469:D:/Projekty/TrinityTrack6000/MainControlBoard/XMC/XMC4200/Libraries/XMCLib/inc\xmc_usic.h **** 
 470:D:/Projekty/TrinityTrack6000/MainControlBoard/XMC/XMC4200/Libraries/XMCLib/inc\xmc_usic.h **** /**
 471:D:/Projekty/TrinityTrack6000/MainControlBoard/XMC/XMC4200/Libraries/XMCLib/inc\xmc_usic.h **** * USIC channel baudrate generator shift clock passive level
 472:D:/Projekty/TrinityTrack6000/MainControlBoard/XMC/XMC4200/Libraries/XMCLib/inc\xmc_usic.h **** */
 473:D:/Projekty/TrinityTrack6000/MainControlBoard/XMC/XMC4200/Libraries/XMCLib/inc\xmc_usic.h **** typedef enum XMC_USIC_CH_BRG_SHIFT_CLOCK_PASSIVE_LEVEL
 474:D:/Projekty/TrinityTrack6000/MainControlBoard/XMC/XMC4200/Libraries/XMCLib/inc\xmc_usic.h **** {
 475:D:/Projekty/TrinityTrack6000/MainControlBoard/XMC/XMC4200/Libraries/XMCLib/inc\xmc_usic.h ****   XMC_USIC_CH_BRG_SHIFT_CLOCK_PASSIVE_LEVEL_0_DELAY_DISABLED = 0x0UL, /**< Shift clock passive leve
 476:D:/Projekty/TrinityTrack6000/MainControlBoard/XMC/XMC4200/Libraries/XMCLib/inc\xmc_usic.h ****   XMC_USIC_CH_BRG_SHIFT_CLOCK_PASSIVE_LEVEL_1_DELAY_DISABLED = 0x1UL << USIC_CH_BRG_SCLKCFG_Pos, /*
 477:D:/Projekty/TrinityTrack6000/MainControlBoard/XMC/XMC4200/Libraries/XMCLib/inc\xmc_usic.h ****   XMC_USIC_CH_BRG_SHIFT_CLOCK_PASSIVE_LEVEL_0_DELAY_ENABLED  = (int32_t)(0x2UL << USIC_CH_BRG_SCLKC
 478:D:/Projekty/TrinityTrack6000/MainControlBoard/XMC/XMC4200/Libraries/XMCLib/inc\xmc_usic.h ****   XMC_USIC_CH_BRG_SHIFT_CLOCK_PASSIVE_LEVEL_1_DELAY_ENABLED  = (int32_t)(0x3UL << USIC_CH_BRG_SCLKC
 479:D:/Projekty/TrinityTrack6000/MainControlBoard/XMC/XMC4200/Libraries/XMCLib/inc\xmc_usic.h **** } XMC_USIC_CH_BRG_SHIFT_CLOCK_PASSIVE_LEVEL_t;
 480:D:/Projekty/TrinityTrack6000/MainControlBoard/XMC/XMC4200/Libraries/XMCLib/inc\xmc_usic.h **** 
 481:D:/Projekty/TrinityTrack6000/MainControlBoard/XMC/XMC4200/Libraries/XMCLib/inc\xmc_usic.h **** /**
 482:D:/Projekty/TrinityTrack6000/MainControlBoard/XMC/XMC4200/Libraries/XMCLib/inc\xmc_usic.h **** * USIC channel baudrate generator shift clock output
 483:D:/Projekty/TrinityTrack6000/MainControlBoard/XMC/XMC4200/Libraries/XMCLib/inc\xmc_usic.h **** */
 484:D:/Projekty/TrinityTrack6000/MainControlBoard/XMC/XMC4200/Libraries/XMCLib/inc\xmc_usic.h **** typedef enum XMC_USIC_CH_BRG_SHIFT_CLOCK_OUTPUT
 485:D:/Projekty/TrinityTrack6000/MainControlBoard/XMC/XMC4200/Libraries/XMCLib/inc\xmc_usic.h **** {
 486:D:/Projekty/TrinityTrack6000/MainControlBoard/XMC/XMC4200/Libraries/XMCLib/inc\xmc_usic.h ****   XMC_USIC_CH_BRG_SHIFT_CLOCK_OUTPUT_SCLK = 0x0UL, /**< Baudrate generator shift clock output: SCL.
 487:D:/Projekty/TrinityTrack6000/MainControlBoard/XMC/XMC4200/Libraries/XMCLib/inc\xmc_usic.h ****   XMC_USIC_CH_BRG_SHIFT_CLOCK_OUTPUT_DX1 = 0x1UL << USIC_CH_BRG_SCLKOSEL_Pos   /**< Baudrate genera
 488:D:/Projekty/TrinityTrack6000/MainControlBoard/XMC/XMC4200/Libraries/XMCLib/inc\xmc_usic.h **** } XMC_USIC_CH_BRG_SHIFT_CLOCK_OUTPUT_t;
 489:D:/Projekty/TrinityTrack6000/MainControlBoard/XMC/XMC4200/Libraries/XMCLib/inc\xmc_usic.h **** 
 490:D:/Projekty/TrinityTrack6000/MainControlBoard/XMC/XMC4200/Libraries/XMCLib/inc\xmc_usic.h **** /**
 491:D:/Projekty/TrinityTrack6000/MainControlBoard/XMC/XMC4200/Libraries/XMCLib/inc\xmc_usic.h **** * USIC channel shift direction.
 492:D:/Projekty/TrinityTrack6000/MainControlBoard/XMC/XMC4200/Libraries/XMCLib/inc\xmc_usic.h **** * Defines the shift direction of the data words for transmission and reception
 493:D:/Projekty/TrinityTrack6000/MainControlBoard/XMC/XMC4200/Libraries/XMCLib/inc\xmc_usic.h **** */
 494:D:/Projekty/TrinityTrack6000/MainControlBoard/XMC/XMC4200/Libraries/XMCLib/inc\xmc_usic.h **** typedef enum XMC_USIC_CH_SHIFT_DIRECTION
 495:D:/Projekty/TrinityTrack6000/MainControlBoard/XMC/XMC4200/Libraries/XMCLib/inc\xmc_usic.h **** {
 496:D:/Projekty/TrinityTrack6000/MainControlBoard/XMC/XMC4200/Libraries/XMCLib/inc\xmc_usic.h ****   XMC_USIC_CH_SHIFT_DIRECTION_LSB_FIRST = 0x0UL, /**< Shift LSB first. The first data bit of a data
 497:D:/Projekty/TrinityTrack6000/MainControlBoard/XMC/XMC4200/Libraries/XMCLib/inc\xmc_usic.h ****   XMC_USIC_CH_SHIFT_DIRECTION_MSB_FIRST = 0x1UL << USIC_CH_SCTR_SDIR_Pos /**< Shift MSB first. The 
 498:D:/Projekty/TrinityTrack6000/MainControlBoard/XMC/XMC4200/Libraries/XMCLib/inc\xmc_usic.h **** } XMC_USIC_CH_SHIFT_DIRECTION_t;
 499:D:/Projekty/TrinityTrack6000/MainControlBoard/XMC/XMC4200/Libraries/XMCLib/inc\xmc_usic.h **** 
 500:D:/Projekty/TrinityTrack6000/MainControlBoard/XMC/XMC4200/Libraries/XMCLib/inc\xmc_usic.h **** 
 501:D:/Projekty/TrinityTrack6000/MainControlBoard/XMC/XMC4200/Libraries/XMCLib/inc\xmc_usic.h **** /*******************************************************************************
 502:D:/Projekty/TrinityTrack6000/MainControlBoard/XMC/XMC4200/Libraries/XMCLib/inc\xmc_usic.h ****  * DATA STRUCTURES
 503:D:/Projekty/TrinityTrack6000/MainControlBoard/XMC/XMC4200/Libraries/XMCLib/inc\xmc_usic.h ****  *******************************************************************************/
 504:D:/Projekty/TrinityTrack6000/MainControlBoard/XMC/XMC4200/Libraries/XMCLib/inc\xmc_usic.h **** 
 505:D:/Projekty/TrinityTrack6000/MainControlBoard/XMC/XMC4200/Libraries/XMCLib/inc\xmc_usic.h **** /*Anonymous structure/union guard start*/
 506:D:/Projekty/TrinityTrack6000/MainControlBoard/XMC/XMC4200/Libraries/XMCLib/inc\xmc_usic.h **** #if defined(__CC_ARM)
 507:D:/Projekty/TrinityTrack6000/MainControlBoard/XMC/XMC4200/Libraries/XMCLib/inc\xmc_usic.h **** #pragma push
 508:D:/Projekty/TrinityTrack6000/MainControlBoard/XMC/XMC4200/Libraries/XMCLib/inc\xmc_usic.h **** #pragma anon_unions
 509:D:/Projekty/TrinityTrack6000/MainControlBoard/XMC/XMC4200/Libraries/XMCLib/inc\xmc_usic.h **** #elif defined(__TASKING__)
 510:D:/Projekty/TrinityTrack6000/MainControlBoard/XMC/XMC4200/Libraries/XMCLib/inc\xmc_usic.h **** #pragma warning 586
 511:D:/Projekty/TrinityTrack6000/MainControlBoard/XMC/XMC4200/Libraries/XMCLib/inc\xmc_usic.h **** #endif
 512:D:/Projekty/TrinityTrack6000/MainControlBoard/XMC/XMC4200/Libraries/XMCLib/inc\xmc_usic.h **** 
 513:D:/Projekty/TrinityTrack6000/MainControlBoard/XMC/XMC4200/Libraries/XMCLib/inc\xmc_usic.h **** /**
 514:D:/Projekty/TrinityTrack6000/MainControlBoard/XMC/XMC4200/Libraries/XMCLib/inc\xmc_usic.h ****  * USIC module structure
 515:D:/Projekty/TrinityTrack6000/MainControlBoard/XMC/XMC4200/Libraries/XMCLib/inc\xmc_usic.h ****  */
 516:D:/Projekty/TrinityTrack6000/MainControlBoard/XMC/XMC4200/Libraries/XMCLib/inc\xmc_usic.h **** typedef USIC_GLOBAL_TypeDef XMC_USIC_t;
 517:D:/Projekty/TrinityTrack6000/MainControlBoard/XMC/XMC4200/Libraries/XMCLib/inc\xmc_usic.h **** 
 518:D:/Projekty/TrinityTrack6000/MainControlBoard/XMC/XMC4200/Libraries/XMCLib/inc\xmc_usic.h **** /**
 519:D:/Projekty/TrinityTrack6000/MainControlBoard/XMC/XMC4200/Libraries/XMCLib/inc\xmc_usic.h ****  * USIC channel structure.<br> The members of the structure are same as in the device header file,
 520:D:/Projekty/TrinityTrack6000/MainControlBoard/XMC/XMC4200/Libraries/XMCLib/inc\xmc_usic.h ****  * except for some registers.
 521:D:/Projekty/TrinityTrack6000/MainControlBoard/XMC/XMC4200/Libraries/XMCLib/inc\xmc_usic.h ****  * DX0CR, DX1CR, DX2CR, DX3CR, DX4CR and DX5CR are replaced with the array DXCR[6].
 522:D:/Projekty/TrinityTrack6000/MainControlBoard/XMC/XMC4200/Libraries/XMCLib/inc\xmc_usic.h ****  * TBUF0 to TBUF31 are replaced with TBUF[32].
 523:D:/Projekty/TrinityTrack6000/MainControlBoard/XMC/XMC4200/Libraries/XMCLib/inc\xmc_usic.h ****  * IN0 to IN31 are replaced with IN[32].
 524:D:/Projekty/TrinityTrack6000/MainControlBoard/XMC/XMC4200/Libraries/XMCLib/inc\xmc_usic.h ****  */
 525:D:/Projekty/TrinityTrack6000/MainControlBoard/XMC/XMC4200/Libraries/XMCLib/inc\xmc_usic.h **** typedef struct XMC_USIC_CH
 526:D:/Projekty/TrinityTrack6000/MainControlBoard/XMC/XMC4200/Libraries/XMCLib/inc\xmc_usic.h **** {
 527:D:/Projekty/TrinityTrack6000/MainControlBoard/XMC/XMC4200/Libraries/XMCLib/inc\xmc_usic.h ****   __I  uint32_t  RESERVED0;
 528:D:/Projekty/TrinityTrack6000/MainControlBoard/XMC/XMC4200/Libraries/XMCLib/inc\xmc_usic.h ****   __I  uint32_t  CCFG;			/**< Channel configuration register*/
 529:D:/Projekty/TrinityTrack6000/MainControlBoard/XMC/XMC4200/Libraries/XMCLib/inc\xmc_usic.h ****   __I  uint32_t  RESERVED1;
 530:D:/Projekty/TrinityTrack6000/MainControlBoard/XMC/XMC4200/Libraries/XMCLib/inc\xmc_usic.h ****   __IO uint32_t  KSCFG;			/**< Kernel state configuration register*/
 531:D:/Projekty/TrinityTrack6000/MainControlBoard/XMC/XMC4200/Libraries/XMCLib/inc\xmc_usic.h ****   __IO uint32_t  FDR;			/**< Fractional divider configuration register*/
 532:D:/Projekty/TrinityTrack6000/MainControlBoard/XMC/XMC4200/Libraries/XMCLib/inc\xmc_usic.h ****   __IO uint32_t  BRG;			/**< Baud rate generator register*/
 533:D:/Projekty/TrinityTrack6000/MainControlBoard/XMC/XMC4200/Libraries/XMCLib/inc\xmc_usic.h ****   __IO uint32_t  INPR;			/**< Interrupt node pointer register*/
 534:D:/Projekty/TrinityTrack6000/MainControlBoard/XMC/XMC4200/Libraries/XMCLib/inc\xmc_usic.h ****   __IO uint32_t  DXCR[6];		/**< Input control registers DX0 to DX5.*/
 535:D:/Projekty/TrinityTrack6000/MainControlBoard/XMC/XMC4200/Libraries/XMCLib/inc\xmc_usic.h ****   __IO uint32_t  SCTR;			/**< Shift control register*/
 536:D:/Projekty/TrinityTrack6000/MainControlBoard/XMC/XMC4200/Libraries/XMCLib/inc\xmc_usic.h ****   __IO uint32_t  TCSR;
 537:D:/Projekty/TrinityTrack6000/MainControlBoard/XMC/XMC4200/Libraries/XMCLib/inc\xmc_usic.h **** 
 538:D:/Projekty/TrinityTrack6000/MainControlBoard/XMC/XMC4200/Libraries/XMCLib/inc\xmc_usic.h ****   union
 539:D:/Projekty/TrinityTrack6000/MainControlBoard/XMC/XMC4200/Libraries/XMCLib/inc\xmc_usic.h ****   {
 540:D:/Projekty/TrinityTrack6000/MainControlBoard/XMC/XMC4200/Libraries/XMCLib/inc\xmc_usic.h ****     __IO uint32_t  PCR_IICMode;	/**< I2C protocol configuration register*/
 541:D:/Projekty/TrinityTrack6000/MainControlBoard/XMC/XMC4200/Libraries/XMCLib/inc\xmc_usic.h ****     __IO uint32_t  PCR_IISMode; /**< I2S protocol configuration register*/
 542:D:/Projekty/TrinityTrack6000/MainControlBoard/XMC/XMC4200/Libraries/XMCLib/inc\xmc_usic.h ****     __IO uint32_t  PCR_SSCMode;	/**< SPI protocol configuration register*/
 543:D:/Projekty/TrinityTrack6000/MainControlBoard/XMC/XMC4200/Libraries/XMCLib/inc\xmc_usic.h ****     __IO uint32_t  PCR;			/**< Protocol configuration register*/
 544:D:/Projekty/TrinityTrack6000/MainControlBoard/XMC/XMC4200/Libraries/XMCLib/inc\xmc_usic.h ****     __IO uint32_t  PCR_ASCMode;	/**< UART protocol configuration register*/
 545:D:/Projekty/TrinityTrack6000/MainControlBoard/XMC/XMC4200/Libraries/XMCLib/inc\xmc_usic.h ****   };
 546:D:/Projekty/TrinityTrack6000/MainControlBoard/XMC/XMC4200/Libraries/XMCLib/inc\xmc_usic.h ****   __IO uint32_t  CCR;			/**< Channel control register*/
 547:D:/Projekty/TrinityTrack6000/MainControlBoard/XMC/XMC4200/Libraries/XMCLib/inc\xmc_usic.h ****   __IO uint32_t  CMTR;			/**< Capture mode timer register*/
 548:D:/Projekty/TrinityTrack6000/MainControlBoard/XMC/XMC4200/Libraries/XMCLib/inc\xmc_usic.h **** 
 549:D:/Projekty/TrinityTrack6000/MainControlBoard/XMC/XMC4200/Libraries/XMCLib/inc\xmc_usic.h ****   union
 550:D:/Projekty/TrinityTrack6000/MainControlBoard/XMC/XMC4200/Libraries/XMCLib/inc\xmc_usic.h ****   {
 551:D:/Projekty/TrinityTrack6000/MainControlBoard/XMC/XMC4200/Libraries/XMCLib/inc\xmc_usic.h ****     __IO uint32_t  PSR_IICMode;	/**< I2C protocol status register*/
 552:D:/Projekty/TrinityTrack6000/MainControlBoard/XMC/XMC4200/Libraries/XMCLib/inc\xmc_usic.h ****     __IO uint32_t  PSR_IISMode;	/**< I2S protocol status register*/
 553:D:/Projekty/TrinityTrack6000/MainControlBoard/XMC/XMC4200/Libraries/XMCLib/inc\xmc_usic.h ****     __IO uint32_t  PSR_SSCMode;	/**< SPI protocol status register*/
 554:D:/Projekty/TrinityTrack6000/MainControlBoard/XMC/XMC4200/Libraries/XMCLib/inc\xmc_usic.h ****     __IO uint32_t  PSR;			/**< Protocol status register*/
 555:D:/Projekty/TrinityTrack6000/MainControlBoard/XMC/XMC4200/Libraries/XMCLib/inc\xmc_usic.h ****     __IO uint32_t  PSR_ASCMode;	/**< UART protocol status register*/
 556:D:/Projekty/TrinityTrack6000/MainControlBoard/XMC/XMC4200/Libraries/XMCLib/inc\xmc_usic.h ****   };
 557:D:/Projekty/TrinityTrack6000/MainControlBoard/XMC/XMC4200/Libraries/XMCLib/inc\xmc_usic.h ****   __O  uint32_t  PSCR;			/**< Protocol status clear register*/
 558:D:/Projekty/TrinityTrack6000/MainControlBoard/XMC/XMC4200/Libraries/XMCLib/inc\xmc_usic.h ****   __I  uint32_t  RBUFSR;		/**< Receive buffer status register*/
 559:D:/Projekty/TrinityTrack6000/MainControlBoard/XMC/XMC4200/Libraries/XMCLib/inc\xmc_usic.h ****   __I  uint32_t  RBUF;			/**< Receive buffer register*/
 560:D:/Projekty/TrinityTrack6000/MainControlBoard/XMC/XMC4200/Libraries/XMCLib/inc\xmc_usic.h ****   __I  uint32_t  RBUFD;			/**< Debug mode receive buffer register*/
 561:D:/Projekty/TrinityTrack6000/MainControlBoard/XMC/XMC4200/Libraries/XMCLib/inc\xmc_usic.h ****   __I  uint32_t  RBUF0;			/**< Receive buffer 0*/
 562:D:/Projekty/TrinityTrack6000/MainControlBoard/XMC/XMC4200/Libraries/XMCLib/inc\xmc_usic.h ****   __I  uint32_t  RBUF1;			/**< Receive buffer 1*/
 563:D:/Projekty/TrinityTrack6000/MainControlBoard/XMC/XMC4200/Libraries/XMCLib/inc\xmc_usic.h ****   __I  uint32_t  RBUF01SR;		/**< Receive buffer status register*/
 564:D:/Projekty/TrinityTrack6000/MainControlBoard/XMC/XMC4200/Libraries/XMCLib/inc\xmc_usic.h ****   __O  uint32_t  FMR;			/**< Flag modification register*/
 565:D:/Projekty/TrinityTrack6000/MainControlBoard/XMC/XMC4200/Libraries/XMCLib/inc\xmc_usic.h ****   __I  uint32_t  RESERVED2[5];
 566:D:/Projekty/TrinityTrack6000/MainControlBoard/XMC/XMC4200/Libraries/XMCLib/inc\xmc_usic.h ****   __IO uint32_t  TBUF[32];		/**< Tranmsit buffer registers*/
 567:D:/Projekty/TrinityTrack6000/MainControlBoard/XMC/XMC4200/Libraries/XMCLib/inc\xmc_usic.h ****   __IO uint32_t  BYP;			/**< FIFO bypass register*/
 568:D:/Projekty/TrinityTrack6000/MainControlBoard/XMC/XMC4200/Libraries/XMCLib/inc\xmc_usic.h ****   __IO uint32_t  BYPCR;			/**< FIFO bypass control register*/
 569:D:/Projekty/TrinityTrack6000/MainControlBoard/XMC/XMC4200/Libraries/XMCLib/inc\xmc_usic.h ****   __IO uint32_t  TBCTR;			/**< Transmit FIFO control register*/
 570:D:/Projekty/TrinityTrack6000/MainControlBoard/XMC/XMC4200/Libraries/XMCLib/inc\xmc_usic.h ****   __IO uint32_t  RBCTR;			/**< Receive FIFO control register*/
 571:D:/Projekty/TrinityTrack6000/MainControlBoard/XMC/XMC4200/Libraries/XMCLib/inc\xmc_usic.h ****   __I  uint32_t  TRBPTR;		/**< Transmit/recive buffer pointer register*/
 572:D:/Projekty/TrinityTrack6000/MainControlBoard/XMC/XMC4200/Libraries/XMCLib/inc\xmc_usic.h ****   __IO uint32_t  TRBSR;			/**< Transmit/receive buffer status register*/
 573:D:/Projekty/TrinityTrack6000/MainControlBoard/XMC/XMC4200/Libraries/XMCLib/inc\xmc_usic.h ****   __O  uint32_t  TRBSCR;		/**< Transmit/receive buffer status clear register*/
 574:D:/Projekty/TrinityTrack6000/MainControlBoard/XMC/XMC4200/Libraries/XMCLib/inc\xmc_usic.h ****   __I  uint32_t  OUTR;			/**< Receive FIFO output register*/
 575:D:/Projekty/TrinityTrack6000/MainControlBoard/XMC/XMC4200/Libraries/XMCLib/inc\xmc_usic.h ****   __I  uint32_t  OUTDR;			/**< Receive FIFO debug output register*/
 576:D:/Projekty/TrinityTrack6000/MainControlBoard/XMC/XMC4200/Libraries/XMCLib/inc\xmc_usic.h ****   __I  uint32_t  RESERVED3[23];
 577:D:/Projekty/TrinityTrack6000/MainControlBoard/XMC/XMC4200/Libraries/XMCLib/inc\xmc_usic.h ****   __O  uint32_t  IN[32];		/**< Transmit FIFO input register*/
 578:D:/Projekty/TrinityTrack6000/MainControlBoard/XMC/XMC4200/Libraries/XMCLib/inc\xmc_usic.h **** } XMC_USIC_CH_t;
 579:D:/Projekty/TrinityTrack6000/MainControlBoard/XMC/XMC4200/Libraries/XMCLib/inc\xmc_usic.h **** 
 580:D:/Projekty/TrinityTrack6000/MainControlBoard/XMC/XMC4200/Libraries/XMCLib/inc\xmc_usic.h **** 
 581:D:/Projekty/TrinityTrack6000/MainControlBoard/XMC/XMC4200/Libraries/XMCLib/inc\xmc_usic.h **** /*Anonymous structure/union guard end*/
 582:D:/Projekty/TrinityTrack6000/MainControlBoard/XMC/XMC4200/Libraries/XMCLib/inc\xmc_usic.h **** #if defined(__CC_ARM)
 583:D:/Projekty/TrinityTrack6000/MainControlBoard/XMC/XMC4200/Libraries/XMCLib/inc\xmc_usic.h **** #pragma pop
 584:D:/Projekty/TrinityTrack6000/MainControlBoard/XMC/XMC4200/Libraries/XMCLib/inc\xmc_usic.h **** #elif defined(__TASKING__)
 585:D:/Projekty/TrinityTrack6000/MainControlBoard/XMC/XMC4200/Libraries/XMCLib/inc\xmc_usic.h **** #pragma warning restore
 586:D:/Projekty/TrinityTrack6000/MainControlBoard/XMC/XMC4200/Libraries/XMCLib/inc\xmc_usic.h **** #endif
 587:D:/Projekty/TrinityTrack6000/MainControlBoard/XMC/XMC4200/Libraries/XMCLib/inc\xmc_usic.h **** 
 588:D:/Projekty/TrinityTrack6000/MainControlBoard/XMC/XMC4200/Libraries/XMCLib/inc\xmc_usic.h **** /*******************************************************************************
 589:D:/Projekty/TrinityTrack6000/MainControlBoard/XMC/XMC4200/Libraries/XMCLib/inc\xmc_usic.h ****  * API PROTOTYPES
 590:D:/Projekty/TrinityTrack6000/MainControlBoard/XMC/XMC4200/Libraries/XMCLib/inc\xmc_usic.h ****  ******************************************************************************/
 591:D:/Projekty/TrinityTrack6000/MainControlBoard/XMC/XMC4200/Libraries/XMCLib/inc\xmc_usic.h **** 
 592:D:/Projekty/TrinityTrack6000/MainControlBoard/XMC/XMC4200/Libraries/XMCLib/inc\xmc_usic.h **** #ifdef __cplusplus
 593:D:/Projekty/TrinityTrack6000/MainControlBoard/XMC/XMC4200/Libraries/XMCLib/inc\xmc_usic.h **** extern "C" {
 594:D:/Projekty/TrinityTrack6000/MainControlBoard/XMC/XMC4200/Libraries/XMCLib/inc\xmc_usic.h **** #endif
 595:D:/Projekty/TrinityTrack6000/MainControlBoard/XMC/XMC4200/Libraries/XMCLib/inc\xmc_usic.h **** 
 596:D:/Projekty/TrinityTrack6000/MainControlBoard/XMC/XMC4200/Libraries/XMCLib/inc\xmc_usic.h **** __STATIC_INLINE bool XMC_USIC_IsModuleValid(const XMC_USIC_t *const module)
 597:D:/Projekty/TrinityTrack6000/MainControlBoard/XMC/XMC4200/Libraries/XMCLib/inc\xmc_usic.h **** {
 598:D:/Projekty/TrinityTrack6000/MainControlBoard/XMC/XMC4200/Libraries/XMCLib/inc\xmc_usic.h ****   bool tmp;
 599:D:/Projekty/TrinityTrack6000/MainControlBoard/XMC/XMC4200/Libraries/XMCLib/inc\xmc_usic.h **** 
 600:D:/Projekty/TrinityTrack6000/MainControlBoard/XMC/XMC4200/Libraries/XMCLib/inc\xmc_usic.h ****   tmp = (module == XMC_USIC0);
 601:D:/Projekty/TrinityTrack6000/MainControlBoard/XMC/XMC4200/Libraries/XMCLib/inc\xmc_usic.h **** #if defined(XMC_USIC1)
 602:D:/Projekty/TrinityTrack6000/MainControlBoard/XMC/XMC4200/Libraries/XMCLib/inc\xmc_usic.h ****   tmp = tmp || (module == XMC_USIC1);
 603:D:/Projekty/TrinityTrack6000/MainControlBoard/XMC/XMC4200/Libraries/XMCLib/inc\xmc_usic.h **** #endif
 604:D:/Projekty/TrinityTrack6000/MainControlBoard/XMC/XMC4200/Libraries/XMCLib/inc\xmc_usic.h **** #if defined(XMC_USIC2)
 605:D:/Projekty/TrinityTrack6000/MainControlBoard/XMC/XMC4200/Libraries/XMCLib/inc\xmc_usic.h ****   tmp = tmp || (module == XMC_USIC2);
 606:D:/Projekty/TrinityTrack6000/MainControlBoard/XMC/XMC4200/Libraries/XMCLib/inc\xmc_usic.h **** #endif
 607:D:/Projekty/TrinityTrack6000/MainControlBoard/XMC/XMC4200/Libraries/XMCLib/inc\xmc_usic.h **** 
 608:D:/Projekty/TrinityTrack6000/MainControlBoard/XMC/XMC4200/Libraries/XMCLib/inc\xmc_usic.h ****   return tmp;
 609:D:/Projekty/TrinityTrack6000/MainControlBoard/XMC/XMC4200/Libraries/XMCLib/inc\xmc_usic.h **** }
 610:D:/Projekty/TrinityTrack6000/MainControlBoard/XMC/XMC4200/Libraries/XMCLib/inc\xmc_usic.h **** 
 611:D:/Projekty/TrinityTrack6000/MainControlBoard/XMC/XMC4200/Libraries/XMCLib/inc\xmc_usic.h **** __STATIC_INLINE bool XMC_USIC_IsChannelValid(const XMC_USIC_CH_t *const channel)
 612:D:/Projekty/TrinityTrack6000/MainControlBoard/XMC/XMC4200/Libraries/XMCLib/inc\xmc_usic.h **** {
 613:D:/Projekty/TrinityTrack6000/MainControlBoard/XMC/XMC4200/Libraries/XMCLib/inc\xmc_usic.h ****   bool tmp;
 614:D:/Projekty/TrinityTrack6000/MainControlBoard/XMC/XMC4200/Libraries/XMCLib/inc\xmc_usic.h **** 
 615:D:/Projekty/TrinityTrack6000/MainControlBoard/XMC/XMC4200/Libraries/XMCLib/inc\xmc_usic.h ****   tmp = ((channel == XMC_USIC0_CH0) || (channel == XMC_USIC0_CH1));
 616:D:/Projekty/TrinityTrack6000/MainControlBoard/XMC/XMC4200/Libraries/XMCLib/inc\xmc_usic.h **** #if defined(XMC_USIC1)
 617:D:/Projekty/TrinityTrack6000/MainControlBoard/XMC/XMC4200/Libraries/XMCLib/inc\xmc_usic.h ****   tmp = tmp || ((channel == XMC_USIC1_CH0) || (channel == XMC_USIC1_CH1));
 618:D:/Projekty/TrinityTrack6000/MainControlBoard/XMC/XMC4200/Libraries/XMCLib/inc\xmc_usic.h **** #endif
 619:D:/Projekty/TrinityTrack6000/MainControlBoard/XMC/XMC4200/Libraries/XMCLib/inc\xmc_usic.h **** #if defined(XMC_USIC2)
 620:D:/Projekty/TrinityTrack6000/MainControlBoard/XMC/XMC4200/Libraries/XMCLib/inc\xmc_usic.h ****   tmp = tmp || ((channel == XMC_USIC2_CH0) || (channel == XMC_USIC2_CH1));
 621:D:/Projekty/TrinityTrack6000/MainControlBoard/XMC/XMC4200/Libraries/XMCLib/inc\xmc_usic.h **** #endif
 622:D:/Projekty/TrinityTrack6000/MainControlBoard/XMC/XMC4200/Libraries/XMCLib/inc\xmc_usic.h **** 
 623:D:/Projekty/TrinityTrack6000/MainControlBoard/XMC/XMC4200/Libraries/XMCLib/inc\xmc_usic.h ****   return tmp;
 624:D:/Projekty/TrinityTrack6000/MainControlBoard/XMC/XMC4200/Libraries/XMCLib/inc\xmc_usic.h **** }
 625:D:/Projekty/TrinityTrack6000/MainControlBoard/XMC/XMC4200/Libraries/XMCLib/inc\xmc_usic.h **** 
 626:D:/Projekty/TrinityTrack6000/MainControlBoard/XMC/XMC4200/Libraries/XMCLib/inc\xmc_usic.h **** /* Common APIs */
 627:D:/Projekty/TrinityTrack6000/MainControlBoard/XMC/XMC4200/Libraries/XMCLib/inc\xmc_usic.h **** 
 628:D:/Projekty/TrinityTrack6000/MainControlBoard/XMC/XMC4200/Libraries/XMCLib/inc\xmc_usic.h **** /**
 629:D:/Projekty/TrinityTrack6000/MainControlBoard/XMC/XMC4200/Libraries/XMCLib/inc\xmc_usic.h ****  * @param  usic Pointer to USIC module handler of type @ref XMC_USIC_t.\n
 630:D:/Projekty/TrinityTrack6000/MainControlBoard/XMC/XMC4200/Libraries/XMCLib/inc\xmc_usic.h ****  * 				\b Range: @ref XMC_USIC0 to @ref XMC_USIC2 based on device support.
 631:D:/Projekty/TrinityTrack6000/MainControlBoard/XMC/XMC4200/Libraries/XMCLib/inc\xmc_usic.h ****  * @return None
 632:D:/Projekty/TrinityTrack6000/MainControlBoard/XMC/XMC4200/Libraries/XMCLib/inc\xmc_usic.h ****  *
 633:D:/Projekty/TrinityTrack6000/MainControlBoard/XMC/XMC4200/Libraries/XMCLib/inc\xmc_usic.h ****  * \par<b>Description</b><br>
 634:D:/Projekty/TrinityTrack6000/MainControlBoard/XMC/XMC4200/Libraries/XMCLib/inc\xmc_usic.h ****  * Enables the USIC module.\n\n
 635:D:/Projekty/TrinityTrack6000/MainControlBoard/XMC/XMC4200/Libraries/XMCLib/inc\xmc_usic.h ****  * Enables the clock for the USIC module by following the
 636:D:/Projekty/TrinityTrack6000/MainControlBoard/XMC/XMC4200/Libraries/XMCLib/inc\xmc_usic.h ****  * clock enabling sequence for the selected device.
 637:D:/Projekty/TrinityTrack6000/MainControlBoard/XMC/XMC4200/Libraries/XMCLib/inc\xmc_usic.h ****  *
 638:D:/Projekty/TrinityTrack6000/MainControlBoard/XMC/XMC4200/Libraries/XMCLib/inc\xmc_usic.h ****  * \par<b>Related APIs:</b><BR>
 639:D:/Projekty/TrinityTrack6000/MainControlBoard/XMC/XMC4200/Libraries/XMCLib/inc\xmc_usic.h ****  * XMC_USIC_CH_Enable(), XMC_USIC_Disable() \n\n\n
 640:D:/Projekty/TrinityTrack6000/MainControlBoard/XMC/XMC4200/Libraries/XMCLib/inc\xmc_usic.h ****  */
 641:D:/Projekty/TrinityTrack6000/MainControlBoard/XMC/XMC4200/Libraries/XMCLib/inc\xmc_usic.h **** void XMC_USIC_Enable(XMC_USIC_t *const usic);
 642:D:/Projekty/TrinityTrack6000/MainControlBoard/XMC/XMC4200/Libraries/XMCLib/inc\xmc_usic.h **** /**
 643:D:/Projekty/TrinityTrack6000/MainControlBoard/XMC/XMC4200/Libraries/XMCLib/inc\xmc_usic.h ****  * @param  usic Pointer to USIC module handler of type @ref XMC_USIC_t.\n
 644:D:/Projekty/TrinityTrack6000/MainControlBoard/XMC/XMC4200/Libraries/XMCLib/inc\xmc_usic.h ****  * 				\b Range: @ref XMC_USIC0 to @ref XMC_USIC2 based on device support.
 645:D:/Projekty/TrinityTrack6000/MainControlBoard/XMC/XMC4200/Libraries/XMCLib/inc\xmc_usic.h ****  * @return None
 646:D:/Projekty/TrinityTrack6000/MainControlBoard/XMC/XMC4200/Libraries/XMCLib/inc\xmc_usic.h ****  *
 647:D:/Projekty/TrinityTrack6000/MainControlBoard/XMC/XMC4200/Libraries/XMCLib/inc\xmc_usic.h ****  * \par<b>Description</b><br>
 648:D:/Projekty/TrinityTrack6000/MainControlBoard/XMC/XMC4200/Libraries/XMCLib/inc\xmc_usic.h ****  * Disables the USIC module.\n\n
 649:D:/Projekty/TrinityTrack6000/MainControlBoard/XMC/XMC4200/Libraries/XMCLib/inc\xmc_usic.h ****  * Disables the clock for the USIC module by following the clock
 650:D:/Projekty/TrinityTrack6000/MainControlBoard/XMC/XMC4200/Libraries/XMCLib/inc\xmc_usic.h ****  * disabling sequence for the selected device.
 651:D:/Projekty/TrinityTrack6000/MainControlBoard/XMC/XMC4200/Libraries/XMCLib/inc\xmc_usic.h ****  *
 652:D:/Projekty/TrinityTrack6000/MainControlBoard/XMC/XMC4200/Libraries/XMCLib/inc\xmc_usic.h ****  * \par<b>Related APIs:</b><BR>
 653:D:/Projekty/TrinityTrack6000/MainControlBoard/XMC/XMC4200/Libraries/XMCLib/inc\xmc_usic.h ****  * XMC_USIC_CH_Disable(), XMC_USIC_Enable() \n\n\n
 654:D:/Projekty/TrinityTrack6000/MainControlBoard/XMC/XMC4200/Libraries/XMCLib/inc\xmc_usic.h ****  */
 655:D:/Projekty/TrinityTrack6000/MainControlBoard/XMC/XMC4200/Libraries/XMCLib/inc\xmc_usic.h **** void XMC_USIC_Disable(XMC_USIC_t *const usic);
 656:D:/Projekty/TrinityTrack6000/MainControlBoard/XMC/XMC4200/Libraries/XMCLib/inc\xmc_usic.h **** /**
 657:D:/Projekty/TrinityTrack6000/MainControlBoard/XMC/XMC4200/Libraries/XMCLib/inc\xmc_usic.h ****  * @param  channel Pointer to USIC channel handler of type @ref XMC_USIC_CH_t \n
 658:D:/Projekty/TrinityTrack6000/MainControlBoard/XMC/XMC4200/Libraries/XMCLib/inc\xmc_usic.h ****  * 				   \b Range: @ref XMC_USIC0_CH0, @ref XMC_USIC0_CH1 to @ref XMC_USIC2_CH1 based on device su
 659:D:/Projekty/TrinityTrack6000/MainControlBoard/XMC/XMC4200/Libraries/XMCLib/inc\xmc_usic.h ****  * @return None
 660:D:/Projekty/TrinityTrack6000/MainControlBoard/XMC/XMC4200/Libraries/XMCLib/inc\xmc_usic.h ****  *
 661:D:/Projekty/TrinityTrack6000/MainControlBoard/XMC/XMC4200/Libraries/XMCLib/inc\xmc_usic.h ****  * \par<b>Description</b><br>
 662:D:/Projekty/TrinityTrack6000/MainControlBoard/XMC/XMC4200/Libraries/XMCLib/inc\xmc_usic.h ****  * Enables the USIC channel. \n\n
 663:D:/Projekty/TrinityTrack6000/MainControlBoard/XMC/XMC4200/Libraries/XMCLib/inc\xmc_usic.h ****  * USIC channel is enabled by setting the module enable bit in KSCFG register bitfield MODEN.
 664:D:/Projekty/TrinityTrack6000/MainControlBoard/XMC/XMC4200/Libraries/XMCLib/inc\xmc_usic.h ****  * On enabling, the channel is set to idle mode.
 665:D:/Projekty/TrinityTrack6000/MainControlBoard/XMC/XMC4200/Libraries/XMCLib/inc\xmc_usic.h ****  *
 666:D:/Projekty/TrinityTrack6000/MainControlBoard/XMC/XMC4200/Libraries/XMCLib/inc\xmc_usic.h ****  * \par<b>Related APIs:</b><BR>
 667:D:/Projekty/TrinityTrack6000/MainControlBoard/XMC/XMC4200/Libraries/XMCLib/inc\xmc_usic.h ****  * XMC_USIC_CH_Disable(), XMC_USIC_Enable() \n\n\n
 668:D:/Projekty/TrinityTrack6000/MainControlBoard/XMC/XMC4200/Libraries/XMCLib/inc\xmc_usic.h ****  */
 669:D:/Projekty/TrinityTrack6000/MainControlBoard/XMC/XMC4200/Libraries/XMCLib/inc\xmc_usic.h **** void XMC_USIC_CH_Enable(XMC_USIC_CH_t *const channel);
 670:D:/Projekty/TrinityTrack6000/MainControlBoard/XMC/XMC4200/Libraries/XMCLib/inc\xmc_usic.h **** /**
 671:D:/Projekty/TrinityTrack6000/MainControlBoard/XMC/XMC4200/Libraries/XMCLib/inc\xmc_usic.h ****  * @param  channel Pointer to USIC channel handler of type @ref XMC_USIC_CH_t \n
 672:D:/Projekty/TrinityTrack6000/MainControlBoard/XMC/XMC4200/Libraries/XMCLib/inc\xmc_usic.h ****  * 				   \b Range: @ref XMC_USIC0_CH0, @ref XMC_USIC0_CH1 to @ref XMC_USIC2_CH1 based on device su
 673:D:/Projekty/TrinityTrack6000/MainControlBoard/XMC/XMC4200/Libraries/XMCLib/inc\xmc_usic.h ****  * @return None
 674:D:/Projekty/TrinityTrack6000/MainControlBoard/XMC/XMC4200/Libraries/XMCLib/inc\xmc_usic.h ****  *
 675:D:/Projekty/TrinityTrack6000/MainControlBoard/XMC/XMC4200/Libraries/XMCLib/inc\xmc_usic.h ****  * \par<b>Description</b><br>
 676:D:/Projekty/TrinityTrack6000/MainControlBoard/XMC/XMC4200/Libraries/XMCLib/inc\xmc_usic.h ****  * Disables the USIC channel.\n\n
 677:D:/Projekty/TrinityTrack6000/MainControlBoard/XMC/XMC4200/Libraries/XMCLib/inc\xmc_usic.h ****  * USIC channel is disabled by setting the module enable bit(MDEN) to 0 in the register KSCFG.
 678:D:/Projekty/TrinityTrack6000/MainControlBoard/XMC/XMC4200/Libraries/XMCLib/inc\xmc_usic.h ****  *
 679:D:/Projekty/TrinityTrack6000/MainControlBoard/XMC/XMC4200/Libraries/XMCLib/inc\xmc_usic.h ****  * \par<b>Related APIs:</b><BR>
 680:D:/Projekty/TrinityTrack6000/MainControlBoard/XMC/XMC4200/Libraries/XMCLib/inc\xmc_usic.h ****  * XMC_USIC_CH_Enable(), XMC_USIC_Disable() \n\n\n
 681:D:/Projekty/TrinityTrack6000/MainControlBoard/XMC/XMC4200/Libraries/XMCLib/inc\xmc_usic.h ****  */
 682:D:/Projekty/TrinityTrack6000/MainControlBoard/XMC/XMC4200/Libraries/XMCLib/inc\xmc_usic.h **** void XMC_USIC_CH_Disable(XMC_USIC_CH_t *const channel);
 683:D:/Projekty/TrinityTrack6000/MainControlBoard/XMC/XMC4200/Libraries/XMCLib/inc\xmc_usic.h **** 
 684:D:/Projekty/TrinityTrack6000/MainControlBoard/XMC/XMC4200/Libraries/XMCLib/inc\xmc_usic.h **** /**
 685:D:/Projekty/TrinityTrack6000/MainControlBoard/XMC/XMC4200/Libraries/XMCLib/inc\xmc_usic.h ****  * @param  channel Pointer to USIC channel handler of type @ref XMC_USIC_CH_t \n
 686:D:/Projekty/TrinityTrack6000/MainControlBoard/XMC/XMC4200/Libraries/XMCLib/inc\xmc_usic.h ****  * 				   \b Range: @ref XMC_USIC0_CH0, @ref XMC_USIC0_CH1 to @ref XMC_USIC2_CH1 based on device su
 687:D:/Projekty/TrinityTrack6000/MainControlBoard/XMC/XMC4200/Libraries/XMCLib/inc\xmc_usic.h ****  * @param  rate Desired baudrate. \b Range: minimum value = 100, maximum value depends on the perip
 688:D:/Projekty/TrinityTrack6000/MainControlBoard/XMC/XMC4200/Libraries/XMCLib/inc\xmc_usic.h ****  * 				and \a oversampling. Maximum baudrate can be derived using the formula: (fperiph * 1023)/(10
 689:D:/Projekty/TrinityTrack6000/MainControlBoard/XMC/XMC4200/Libraries/XMCLib/inc\xmc_usic.h ****  * @param  oversampling Required oversampling. The value indicates the number of time quanta for on
 690:D:/Projekty/TrinityTrack6000/MainControlBoard/XMC/XMC4200/Libraries/XMCLib/inc\xmc_usic.h ****  * 						This can be related to the number of samples for each logic state of the data signal. \n
 691:D:/Projekty/TrinityTrack6000/MainControlBoard/XMC/XMC4200/Libraries/XMCLib/inc\xmc_usic.h ****  * 						\b Range: 1 to 32. Value should be chosen based on the protocol used.
 692:D:/Projekty/TrinityTrack6000/MainControlBoard/XMC/XMC4200/Libraries/XMCLib/inc\xmc_usic.h ****  * @return Status indicating the baudrate configuration.\n
 693:D:/Projekty/TrinityTrack6000/MainControlBoard/XMC/XMC4200/Libraries/XMCLib/inc\xmc_usic.h ****  * 			\b Range: @ref XMC_USIC_CH_STATUS_OK if baudrate is successfully configured,
 694:D:/Projekty/TrinityTrack6000/MainControlBoard/XMC/XMC4200/Libraries/XMCLib/inc\xmc_usic.h ****  * 					  @ref XMC_USIC_CH_STATUS_ERROR if desired baudrate or oversampling is invalid.
 695:D:/Projekty/TrinityTrack6000/MainControlBoard/XMC/XMC4200/Libraries/XMCLib/inc\xmc_usic.h ****  *
 696:D:/Projekty/TrinityTrack6000/MainControlBoard/XMC/XMC4200/Libraries/XMCLib/inc\xmc_usic.h ****  * \par<b>Description</b><br>
 697:D:/Projekty/TrinityTrack6000/MainControlBoard/XMC/XMC4200/Libraries/XMCLib/inc\xmc_usic.h ****  * Configures the baudrate of the USIC channel. \n\n
 698:D:/Projekty/TrinityTrack6000/MainControlBoard/XMC/XMC4200/Libraries/XMCLib/inc\xmc_usic.h ****  * Baudrate is configured by considering the peripheral frequency and the desired baudrate.
 699:D:/Projekty/TrinityTrack6000/MainControlBoard/XMC/XMC4200/Libraries/XMCLib/inc\xmc_usic.h ****  * Optimum values of FDR->STEP and BRG->PDIV are calulated and used for generating the desired
 700:D:/Projekty/TrinityTrack6000/MainControlBoard/XMC/XMC4200/Libraries/XMCLib/inc\xmc_usic.h ****  * baudrate.
 701:D:/Projekty/TrinityTrack6000/MainControlBoard/XMC/XMC4200/Libraries/XMCLib/inc\xmc_usic.h ****  *
 702:D:/Projekty/TrinityTrack6000/MainControlBoard/XMC/XMC4200/Libraries/XMCLib/inc\xmc_usic.h ****  * \par<b>Related APIs:</b><BR>
 703:D:/Projekty/TrinityTrack6000/MainControlBoard/XMC/XMC4200/Libraries/XMCLib/inc\xmc_usic.h ****  * XMC_USIC_CH_SetStartTransmisionMode(), XMC_USIC_CH_SetInputSource() \n\n\n
 704:D:/Projekty/TrinityTrack6000/MainControlBoard/XMC/XMC4200/Libraries/XMCLib/inc\xmc_usic.h ****  */
 705:D:/Projekty/TrinityTrack6000/MainControlBoard/XMC/XMC4200/Libraries/XMCLib/inc\xmc_usic.h **** XMC_USIC_CH_STATUS_t XMC_USIC_CH_SetBaudrate(XMC_USIC_CH_t *const channel, uint32_t rate, uint32_t 
 706:D:/Projekty/TrinityTrack6000/MainControlBoard/XMC/XMC4200/Libraries/XMCLib/inc\xmc_usic.h **** 
 707:D:/Projekty/TrinityTrack6000/MainControlBoard/XMC/XMC4200/Libraries/XMCLib/inc\xmc_usic.h **** /**
 708:D:/Projekty/TrinityTrack6000/MainControlBoard/XMC/XMC4200/Libraries/XMCLib/inc\xmc_usic.h ****  * @param  channel Pointer to USIC channel handler of type @ref XMC_USIC_CH_t \n
 709:D:/Projekty/TrinityTrack6000/MainControlBoard/XMC/XMC4200/Libraries/XMCLib/inc\xmc_usic.h ****  *           \b Range: @ref XMC_USIC0_CH0, @ref XMC_USIC0_CH1 to @ref XMC_USIC2_CH1 based on device
 710:D:/Projekty/TrinityTrack6000/MainControlBoard/XMC/XMC4200/Libraries/XMCLib/inc\xmc_usic.h ****  * @param  rate Desired baudrate. Only integer dividers of peripheral clock are achievable
 711:D:/Projekty/TrinityTrack6000/MainControlBoard/XMC/XMC4200/Libraries/XMCLib/inc\xmc_usic.h ****  * @param  oversampling Required oversampling. The value indicates the number of time quanta for on
 712:D:/Projekty/TrinityTrack6000/MainControlBoard/XMC/XMC4200/Libraries/XMCLib/inc\xmc_usic.h ****  *            This can be related to the number of samples for each logic state of the data signal.
 713:D:/Projekty/TrinityTrack6000/MainControlBoard/XMC/XMC4200/Libraries/XMCLib/inc\xmc_usic.h ****  *            \b Range: 1 to 32. Value should be chosen based on the protocol used.
 714:D:/Projekty/TrinityTrack6000/MainControlBoard/XMC/XMC4200/Libraries/XMCLib/inc\xmc_usic.h ****  * @return Status indicating the baudrate configuration.\n
 715:D:/Projekty/TrinityTrack6000/MainControlBoard/XMC/XMC4200/Libraries/XMCLib/inc\xmc_usic.h ****  *      \b Range: @ref XMC_USIC_CH_STATUS_OK if baudrate is successfully configured,
 716:D:/Projekty/TrinityTrack6000/MainControlBoard/XMC/XMC4200/Libraries/XMCLib/inc\xmc_usic.h ****  *            @ref XMC_USIC_CH_STATUS_ERROR if desired baudrate or oversampling is invalid.
 717:D:/Projekty/TrinityTrack6000/MainControlBoard/XMC/XMC4200/Libraries/XMCLib/inc\xmc_usic.h ****  *
 718:D:/Projekty/TrinityTrack6000/MainControlBoard/XMC/XMC4200/Libraries/XMCLib/inc\xmc_usic.h ****  * \par<b>Description</b><br>
 719:D:/Projekty/TrinityTrack6000/MainControlBoard/XMC/XMC4200/Libraries/XMCLib/inc\xmc_usic.h ****  * Configures the baudrate of the USIC channel using the integer divider which restrics the achieva
 720:D:/Projekty/TrinityTrack6000/MainControlBoard/XMC/XMC4200/Libraries/XMCLib/inc\xmc_usic.h ****  * Baudrate is configured by considering the peripheral frequency and the desired baudrate.
 721:D:/Projekty/TrinityTrack6000/MainControlBoard/XMC/XMC4200/Libraries/XMCLib/inc\xmc_usic.h ****  * Optimum values of FDR->STEP and BRG->PDIV are calulated and used for generating the desired
 722:D:/Projekty/TrinityTrack6000/MainControlBoard/XMC/XMC4200/Libraries/XMCLib/inc\xmc_usic.h ****  * baudrate.
 723:D:/Projekty/TrinityTrack6000/MainControlBoard/XMC/XMC4200/Libraries/XMCLib/inc\xmc_usic.h ****  *
 724:D:/Projekty/TrinityTrack6000/MainControlBoard/XMC/XMC4200/Libraries/XMCLib/inc\xmc_usic.h ****  * \par<b>Related APIs:</b><BR>
 725:D:/Projekty/TrinityTrack6000/MainControlBoard/XMC/XMC4200/Libraries/XMCLib/inc\xmc_usic.h ****  * XMC_USIC_CH_SetStartTransmisionMode(), XMC_USIC_CH_SetInputSource() \n\n\n
 726:D:/Projekty/TrinityTrack6000/MainControlBoard/XMC/XMC4200/Libraries/XMCLib/inc\xmc_usic.h ****  */
 727:D:/Projekty/TrinityTrack6000/MainControlBoard/XMC/XMC4200/Libraries/XMCLib/inc\xmc_usic.h **** XMC_USIC_CH_STATUS_t XMC_USIC_CH_SetBaudrateEx(XMC_USIC_CH_t *const channel, int32_t rate, int32_t 
 728:D:/Projekty/TrinityTrack6000/MainControlBoard/XMC/XMC4200/Libraries/XMCLib/inc\xmc_usic.h **** 
 729:D:/Projekty/TrinityTrack6000/MainControlBoard/XMC/XMC4200/Libraries/XMCLib/inc\xmc_usic.h **** /**
 730:D:/Projekty/TrinityTrack6000/MainControlBoard/XMC/XMC4200/Libraries/XMCLib/inc\xmc_usic.h ****  * @param  channel Pointer to USIC channel handler of type @ref XMC_USIC_CH_t \n
 731:D:/Projekty/TrinityTrack6000/MainControlBoard/XMC/XMC4200/Libraries/XMCLib/inc\xmc_usic.h ****  *           \b Range: @ref XMC_USIC0_CH0, @ref XMC_USIC0_CH1 to @ref XMC_USIC2_CH1 based on device
 732:D:/Projekty/TrinityTrack6000/MainControlBoard/XMC/XMC4200/Libraries/XMCLib/inc\xmc_usic.h ****  * @param  clksel Baudrate generator clock source.
 733:D:/Projekty/TrinityTrack6000/MainControlBoard/XMC/XMC4200/Libraries/XMCLib/inc\xmc_usic.h ****  * @param  pppen Enable 2:1 Divider for fPPP.
 734:D:/Projekty/TrinityTrack6000/MainControlBoard/XMC/XMC4200/Libraries/XMCLib/inc\xmc_usic.h ****  * @param  pdiv Divider Factor to generate fPDIV = fPPP / (pDIV + 1)
 735:D:/Projekty/TrinityTrack6000/MainControlBoard/XMC/XMC4200/Libraries/XMCLib/inc\xmc_usic.h ****  * @param  ctqsel Input selection for CTQ.
 736:D:/Projekty/TrinityTrack6000/MainControlBoard/XMC/XMC4200/Libraries/XMCLib/inc\xmc_usic.h ****  * @param  pctq Pre-Divider for Time Quanta Counter. fCTQIN / (PCQT + 1)
 737:D:/Projekty/TrinityTrack6000/MainControlBoard/XMC/XMC4200/Libraries/XMCLib/inc\xmc_usic.h ****  * @param  dctq Denominator for Time Quanta Counter. fTQ / (DCTQ + 1)
 738:D:/Projekty/TrinityTrack6000/MainControlBoard/XMC/XMC4200/Libraries/XMCLib/inc\xmc_usic.h ****  * @return None
 739:D:/Projekty/TrinityTrack6000/MainControlBoard/XMC/XMC4200/Libraries/XMCLib/inc\xmc_usic.h ****  *
 740:D:/Projekty/TrinityTrack6000/MainControlBoard/XMC/XMC4200/Libraries/XMCLib/inc\xmc_usic.h ****  * \par<b>Description</b><br>
 741:D:/Projekty/TrinityTrack6000/MainControlBoard/XMC/XMC4200/Libraries/XMCLib/inc\xmc_usic.h ****  * Configures the baudrate generator of the USIC channel.
 742:D:/Projekty/TrinityTrack6000/MainControlBoard/XMC/XMC4200/Libraries/XMCLib/inc\xmc_usic.h ****  *
 743:D:/Projekty/TrinityTrack6000/MainControlBoard/XMC/XMC4200/Libraries/XMCLib/inc\xmc_usic.h ****  * \par<b>Related APIs:</b><BR>
 744:D:/Projekty/TrinityTrack6000/MainControlBoard/XMC/XMC4200/Libraries/XMCLib/inc\xmc_usic.h ****  * XMC_USIC_CH_SetFractionalDivider() \n\n\n
 745:D:/Projekty/TrinityTrack6000/MainControlBoard/XMC/XMC4200/Libraries/XMCLib/inc\xmc_usic.h ****  */
 746:D:/Projekty/TrinityTrack6000/MainControlBoard/XMC/XMC4200/Libraries/XMCLib/inc\xmc_usic.h **** void XMC_USIC_CH_SetBaudrateDivider(XMC_USIC_CH_t *const channel, 
 747:D:/Projekty/TrinityTrack6000/MainControlBoard/XMC/XMC4200/Libraries/XMCLib/inc\xmc_usic.h ****                                     XMC_USIC_CH_BRG_CLOCK_SOURCE_t clksel,
 748:D:/Projekty/TrinityTrack6000/MainControlBoard/XMC/XMC4200/Libraries/XMCLib/inc\xmc_usic.h ****                                     bool pppen,
 749:D:/Projekty/TrinityTrack6000/MainControlBoard/XMC/XMC4200/Libraries/XMCLib/inc\xmc_usic.h ****                                     uint32_t pdiv,
 750:D:/Projekty/TrinityTrack6000/MainControlBoard/XMC/XMC4200/Libraries/XMCLib/inc\xmc_usic.h ****                                     XMC_USIC_CH_BRG_CTQSEL_t ctqsel,
 751:D:/Projekty/TrinityTrack6000/MainControlBoard/XMC/XMC4200/Libraries/XMCLib/inc\xmc_usic.h ****                                     uint32_t pctq,
 752:D:/Projekty/TrinityTrack6000/MainControlBoard/XMC/XMC4200/Libraries/XMCLib/inc\xmc_usic.h ****                                     uint32_t dctq);
 753:D:/Projekty/TrinityTrack6000/MainControlBoard/XMC/XMC4200/Libraries/XMCLib/inc\xmc_usic.h **** 
 754:D:/Projekty/TrinityTrack6000/MainControlBoard/XMC/XMC4200/Libraries/XMCLib/inc\xmc_usic.h **** /**
 755:D:/Projekty/TrinityTrack6000/MainControlBoard/XMC/XMC4200/Libraries/XMCLib/inc\xmc_usic.h ****  * @param  channel Pointer to USIC channel handler of type @ref XMC_USIC_CH_t \n
 756:D:/Projekty/TrinityTrack6000/MainControlBoard/XMC/XMC4200/Libraries/XMCLib/inc\xmc_usic.h ****  *           \b Range: @ref XMC_USIC0_CH0, @ref XMC_USIC0_CH1 to @ref XMC_USIC2_CH1 based on device
 757:D:/Projekty/TrinityTrack6000/MainControlBoard/XMC/XMC4200/Libraries/XMCLib/inc\xmc_usic.h ****  * @return baudrate currently used by USIC channel for .\n
 758:D:/Projekty/TrinityTrack6000/MainControlBoard/XMC/XMC4200/Libraries/XMCLib/inc\xmc_usic.h ****  *
 759:D:/Projekty/TrinityTrack6000/MainControlBoard/XMC/XMC4200/Libraries/XMCLib/inc\xmc_usic.h ****  * \par<b>Description</b><br>
 760:D:/Projekty/TrinityTrack6000/MainControlBoard/XMC/XMC4200/Libraries/XMCLib/inc\xmc_usic.h ****  * Calculates the current used baudrate (fCTQIN) of a USIC channel. \n\n
 761:D:/Projekty/TrinityTrack6000/MainControlBoard/XMC/XMC4200/Libraries/XMCLib/inc\xmc_usic.h ****  * @image html ../images/usic_brg.png
 762:D:/Projekty/TrinityTrack6000/MainControlBoard/XMC/XMC4200/Libraries/XMCLib/inc\xmc_usic.h ****  * @image latex ../images/usic_brg.png
 763:D:/Projekty/TrinityTrack6000/MainControlBoard/XMC/XMC4200/Libraries/XMCLib/inc\xmc_usic.h ****  *
 764:D:/Projekty/TrinityTrack6000/MainControlBoard/XMC/XMC4200/Libraries/XMCLib/inc\xmc_usic.h ****  * \par<b>Related APIs:</b><BR>
 765:D:/Projekty/TrinityTrack6000/MainControlBoard/XMC/XMC4200/Libraries/XMCLib/inc\xmc_usic.h ****  * XMC_USIC_CH_SetBaudrateMode(), XMC_USIC_CH_SetBaudrate(), XMC_USIC_CH_SetBaudrateEx() \n\n\n
 766:D:/Projekty/TrinityTrack6000/MainControlBoard/XMC/XMC4200/Libraries/XMCLib/inc\xmc_usic.h ****  */
 767:D:/Projekty/TrinityTrack6000/MainControlBoard/XMC/XMC4200/Libraries/XMCLib/inc\xmc_usic.h **** uint32_t XMC_USIC_CH_GetBaudrate(XMC_USIC_CH_t *const channel);
 768:D:/Projekty/TrinityTrack6000/MainControlBoard/XMC/XMC4200/Libraries/XMCLib/inc\xmc_usic.h **** 
 769:D:/Projekty/TrinityTrack6000/MainControlBoard/XMC/XMC4200/Libraries/XMCLib/inc\xmc_usic.h **** /**
 770:D:/Projekty/TrinityTrack6000/MainControlBoard/XMC/XMC4200/Libraries/XMCLib/inc\xmc_usic.h ****  * @param  channel Pointer to USIC channel handler of type @ref XMC_USIC_CH_t \n
 771:D:/Projekty/TrinityTrack6000/MainControlBoard/XMC/XMC4200/Libraries/XMCLib/inc\xmc_usic.h ****  *           \b Range: @ref XMC_USIC0_CH0, @ref XMC_USIC0_CH1 to @ref XMC_USIC2_CH1 based on device
 772:D:/Projekty/TrinityTrack6000/MainControlBoard/XMC/XMC4200/Libraries/XMCLib/inc\xmc_usic.h ****  * @return baudrate currently used by USIC channel.\n
 773:D:/Projekty/TrinityTrack6000/MainControlBoard/XMC/XMC4200/Libraries/XMCLib/inc\xmc_usic.h ****  *
 774:D:/Projekty/TrinityTrack6000/MainControlBoard/XMC/XMC4200/Libraries/XMCLib/inc\xmc_usic.h ****  * \par<b>Description</b><br>
 775:D:/Projekty/TrinityTrack6000/MainControlBoard/XMC/XMC4200/Libraries/XMCLib/inc\xmc_usic.h ****  * Calculates the current used SCLK frequency of a USIC channel. \n\n
 776:D:/Projekty/TrinityTrack6000/MainControlBoard/XMC/XMC4200/Libraries/XMCLib/inc\xmc_usic.h ****  * @image html ../images/usic_brg.png
 777:D:/Projekty/TrinityTrack6000/MainControlBoard/XMC/XMC4200/Libraries/XMCLib/inc\xmc_usic.h ****  * @image latex ../images/usic_brg.png
 778:D:/Projekty/TrinityTrack6000/MainControlBoard/XMC/XMC4200/Libraries/XMCLib/inc\xmc_usic.h ****  *
 779:D:/Projekty/TrinityTrack6000/MainControlBoard/XMC/XMC4200/Libraries/XMCLib/inc\xmc_usic.h ****  * \par<b>Related APIs:</b><BR>
 780:D:/Projekty/TrinityTrack6000/MainControlBoard/XMC/XMC4200/Libraries/XMCLib/inc\xmc_usic.h ****  * XMC_USIC_CH_SetBaudrateMode(), XMC_USIC_CH_SetBaudrate(), XMC_USIC_CH_SetBaudrateEx() \n\n\n
 781:D:/Projekty/TrinityTrack6000/MainControlBoard/XMC/XMC4200/Libraries/XMCLib/inc\xmc_usic.h ****  */
 782:D:/Projekty/TrinityTrack6000/MainControlBoard/XMC/XMC4200/Libraries/XMCLib/inc\xmc_usic.h **** uint32_t XMC_USIC_CH_GetSCLKFrequency(XMC_USIC_CH_t *const channel);
 783:D:/Projekty/TrinityTrack6000/MainControlBoard/XMC/XMC4200/Libraries/XMCLib/inc\xmc_usic.h **** 
 784:D:/Projekty/TrinityTrack6000/MainControlBoard/XMC/XMC4200/Libraries/XMCLib/inc\xmc_usic.h **** /**
 785:D:/Projekty/TrinityTrack6000/MainControlBoard/XMC/XMC4200/Libraries/XMCLib/inc\xmc_usic.h ****  * @param  channel Pointer to USIC channel handler of type @ref XMC_USIC_CH_t \n
 786:D:/Projekty/TrinityTrack6000/MainControlBoard/XMC/XMC4200/Libraries/XMCLib/inc\xmc_usic.h ****  *           \b Range: @ref XMC_USIC0_CH0, @ref XMC_USIC0_CH1 to @ref XMC_USIC2_CH1 based on device
 787:D:/Projekty/TrinityTrack6000/MainControlBoard/XMC/XMC4200/Libraries/XMCLib/inc\xmc_usic.h ****  * @return baudrate currently used by USIC channel.\n
 788:D:/Projekty/TrinityTrack6000/MainControlBoard/XMC/XMC4200/Libraries/XMCLib/inc\xmc_usic.h ****  *
 789:D:/Projekty/TrinityTrack6000/MainControlBoard/XMC/XMC4200/Libraries/XMCLib/inc\xmc_usic.h ****  * \par<b>Description</b><br>
 790:D:/Projekty/TrinityTrack6000/MainControlBoard/XMC/XMC4200/Libraries/XMCLib/inc\xmc_usic.h ****  * Calculates the current used MCLK frequency of a USIC channel. \n\n
 791:D:/Projekty/TrinityTrack6000/MainControlBoard/XMC/XMC4200/Libraries/XMCLib/inc\xmc_usic.h ****  * @image html ../images/usic_brg.png
 792:D:/Projekty/TrinityTrack6000/MainControlBoard/XMC/XMC4200/Libraries/XMCLib/inc\xmc_usic.h ****  * @image latex ../images/usic_brg.png
 793:D:/Projekty/TrinityTrack6000/MainControlBoard/XMC/XMC4200/Libraries/XMCLib/inc\xmc_usic.h ****  *
 794:D:/Projekty/TrinityTrack6000/MainControlBoard/XMC/XMC4200/Libraries/XMCLib/inc\xmc_usic.h ****  * \par<b>Related APIs:</b><BR>
 795:D:/Projekty/TrinityTrack6000/MainControlBoard/XMC/XMC4200/Libraries/XMCLib/inc\xmc_usic.h ****  * XMC_USIC_CH_SetBaudrateMode(), XMC_USIC_CH_SetBaudrate(), XMC_USIC_CH_SetBaudrateEx() \n\n\n
 796:D:/Projekty/TrinityTrack6000/MainControlBoard/XMC/XMC4200/Libraries/XMCLib/inc\xmc_usic.h ****  */
 797:D:/Projekty/TrinityTrack6000/MainControlBoard/XMC/XMC4200/Libraries/XMCLib/inc\xmc_usic.h **** uint32_t XMC_USIC_CH_GetMCLKFrequency(XMC_USIC_CH_t *const channel);
 798:D:/Projekty/TrinityTrack6000/MainControlBoard/XMC/XMC4200/Libraries/XMCLib/inc\xmc_usic.h **** 
 799:D:/Projekty/TrinityTrack6000/MainControlBoard/XMC/XMC4200/Libraries/XMCLib/inc\xmc_usic.h **** /**
 800:D:/Projekty/TrinityTrack6000/MainControlBoard/XMC/XMC4200/Libraries/XMCLib/inc\xmc_usic.h ****  * @param  channel Pointer to USIC channel handler of type @ref XMC_USIC_CH_t \n
 801:D:/Projekty/TrinityTrack6000/MainControlBoard/XMC/XMC4200/Libraries/XMCLib/inc\xmc_usic.h ****  * 				   \b Range: @ref XMC_USIC0_CH0, @ref XMC_USIC0_CH1 to @ref XMC_USIC2_CH1 based on device su
 802:D:/Projekty/TrinityTrack6000/MainControlBoard/XMC/XMC4200/Libraries/XMCLib/inc\xmc_usic.h ****  * @param  pdiv Desired divider for the external frequency input. \b Range: minimum value = 1, maxi
 803:D:/Projekty/TrinityTrack6000/MainControlBoard/XMC/XMC4200/Libraries/XMCLib/inc\xmc_usic.h ****  * @param  oversampling Required oversampling. The value indicates the number of time quanta for on
 804:D:/Projekty/TrinityTrack6000/MainControlBoard/XMC/XMC4200/Libraries/XMCLib/inc\xmc_usic.h ****  * 						This can be related to the number of samples for each logic state of the data signal. \n
 805:D:/Projekty/TrinityTrack6000/MainControlBoard/XMC/XMC4200/Libraries/XMCLib/inc\xmc_usic.h ****  * 						\b Range: 1 to 32. Value should be chosen based on the protocol used.
 806:D:/Projekty/TrinityTrack6000/MainControlBoard/XMC/XMC4200/Libraries/XMCLib/inc\xmc_usic.h ****  * @param  combination_mode Selects which edge of the synchronized(and optionally filtered) signal 
 807:D:/Projekty/TrinityTrack6000/MainControlBoard/XMC/XMC4200/Libraries/XMCLib/inc\xmc_usic.h ****  *                          output DXnT of the input stage.
 808:D:/Projekty/TrinityTrack6000/MainControlBoard/XMC/XMC4200/Libraries/XMCLib/inc\xmc_usic.h ****  *
 809:D:/Projekty/TrinityTrack6000/MainControlBoard/XMC/XMC4200/Libraries/XMCLib/inc\xmc_usic.h ****  * @return None
 810:D:/Projekty/TrinityTrack6000/MainControlBoard/XMC/XMC4200/Libraries/XMCLib/inc\xmc_usic.h ****  *
 811:D:/Projekty/TrinityTrack6000/MainControlBoard/XMC/XMC4200/Libraries/XMCLib/inc\xmc_usic.h ****  * \par<b>Description</b><br>
 812:D:/Projekty/TrinityTrack6000/MainControlBoard/XMC/XMC4200/Libraries/XMCLib/inc\xmc_usic.h ****  * Enables the external frequency input for the Baudrate Generator and configures the divider, over
 813:D:/Projekty/TrinityTrack6000/MainControlBoard/XMC/XMC4200/Libraries/XMCLib/inc\xmc_usic.h ****  * the combination mode of the USIC channel. \n\n
 814:D:/Projekty/TrinityTrack6000/MainControlBoard/XMC/XMC4200/Libraries/XMCLib/inc\xmc_usic.h ****  *
 815:D:/Projekty/TrinityTrack6000/MainControlBoard/XMC/XMC4200/Libraries/XMCLib/inc\xmc_usic.h ****  * \par<b>Related APIs:</b><BR>
 816:D:/Projekty/TrinityTrack6000/MainControlBoard/XMC/XMC4200/Libraries/XMCLib/inc\xmc_usic.h ****  * XMC_USIC_CH_SetBRGInputClockSource(), XMC_USIC_CH_SetInputTriggerCombinationMode() \n\n\n
 817:D:/Projekty/TrinityTrack6000/MainControlBoard/XMC/XMC4200/Libraries/XMCLib/inc\xmc_usic.h ****  */
 818:D:/Projekty/TrinityTrack6000/MainControlBoard/XMC/XMC4200/Libraries/XMCLib/inc\xmc_usic.h **** void XMC_USIC_CH_ConfigExternalInputSignalToBRG(XMC_USIC_CH_t *const channel,
 819:D:/Projekty/TrinityTrack6000/MainControlBoard/XMC/XMC4200/Libraries/XMCLib/inc\xmc_usic.h ****     const uint16_t pdiv,
 820:D:/Projekty/TrinityTrack6000/MainControlBoard/XMC/XMC4200/Libraries/XMCLib/inc\xmc_usic.h ****     const uint32_t oversampling,
 821:D:/Projekty/TrinityTrack6000/MainControlBoard/XMC/XMC4200/Libraries/XMCLib/inc\xmc_usic.h ****     const XMC_USIC_CH_INPUT_COMBINATION_MODE_t combination_mode);
 822:D:/Projekty/TrinityTrack6000/MainControlBoard/XMC/XMC4200/Libraries/XMCLib/inc\xmc_usic.h **** 
 823:D:/Projekty/TrinityTrack6000/MainControlBoard/XMC/XMC4200/Libraries/XMCLib/inc\xmc_usic.h **** /**
 824:D:/Projekty/TrinityTrack6000/MainControlBoard/XMC/XMC4200/Libraries/XMCLib/inc\xmc_usic.h ****  * @param  channel Pointer to USIC channel handler of type @ref XMC_USIC_CH_t \n
 825:D:/Projekty/TrinityTrack6000/MainControlBoard/XMC/XMC4200/Libraries/XMCLib/inc\xmc_usic.h ****  * 				   \b Range: @ref XMC_USIC0_CH0, @ref XMC_USIC0_CH1 to @ref XMC_USIC2_CH1 based on device su
 826:D:/Projekty/TrinityTrack6000/MainControlBoard/XMC/XMC4200/Libraries/XMCLib/inc\xmc_usic.h ****  * @param  input USIC channel input stage of type @ref XMC_USIC_CH_INPUT_t. \n
 827:D:/Projekty/TrinityTrack6000/MainControlBoard/XMC/XMC4200/Libraries/XMCLib/inc\xmc_usic.h ****  * 				 \b Range: @ref XMC_USIC_CH_INPUT_DX0 to @ref XMC_USIC_CH_INPUT_DX5
 828:D:/Projekty/TrinityTrack6000/MainControlBoard/XMC/XMC4200/Libraries/XMCLib/inc\xmc_usic.h ****  * @param  source Input source select for the input stage. The table below maps the enum value with
 829:D:/Projekty/TrinityTrack6000/MainControlBoard/XMC/XMC4200/Libraries/XMCLib/inc\xmc_usic.h ****  * <table><tr><td>0</td><td>DXnA</td></tr><tr><td>1</td><td>DXnB</td></tr><tr><td>2</td><td>DXnC</t
 830:D:/Projekty/TrinityTrack6000/MainControlBoard/XMC/XMC4200/Libraries/XMCLib/inc\xmc_usic.h ****  * <tr><td>4</td><td>DXnE</td></tr><tr><td>5</td><td>DXnF</td></tr><tr><td>6</td><td>DXnG</td></tr>
 831:D:/Projekty/TrinityTrack6000/MainControlBoard/XMC/XMC4200/Libraries/XMCLib/inc\xmc_usic.h ****  * </tr></table>
 832:D:/Projekty/TrinityTrack6000/MainControlBoard/XMC/XMC4200/Libraries/XMCLib/inc\xmc_usic.h ****  * @return None
 833:D:/Projekty/TrinityTrack6000/MainControlBoard/XMC/XMC4200/Libraries/XMCLib/inc\xmc_usic.h ****  *
 834:D:/Projekty/TrinityTrack6000/MainControlBoard/XMC/XMC4200/Libraries/XMCLib/inc\xmc_usic.h ****  * \par<b>Description</b><br>
 835:D:/Projekty/TrinityTrack6000/MainControlBoard/XMC/XMC4200/Libraries/XMCLib/inc\xmc_usic.h ****  * Selects the data source for USIC input stage.\n\n
 836:D:/Projekty/TrinityTrack6000/MainControlBoard/XMC/XMC4200/Libraries/XMCLib/inc\xmc_usic.h ****  * Selects the input data signal source among DXnA, DXnB.. DXnG for the input stage. The API can be
 837:D:/Projekty/TrinityTrack6000/MainControlBoard/XMC/XMC4200/Libraries/XMCLib/inc\xmc_usic.h ****  * like DX0CR, DX1CR etc.
 838:D:/Projekty/TrinityTrack6000/MainControlBoard/XMC/XMC4200/Libraries/XMCLib/inc\xmc_usic.h ****  *
 839:D:/Projekty/TrinityTrack6000/MainControlBoard/XMC/XMC4200/Libraries/XMCLib/inc\xmc_usic.h ****  * \par<b>Related APIs:</b><BR>
 840:D:/Projekty/TrinityTrack6000/MainControlBoard/XMC/XMC4200/Libraries/XMCLib/inc\xmc_usic.h ****  * XMC_USIC_CH_EnableInputInversion(), XMC_USIC_CH_EnableInputDigitalFilter(), XMC_USIC_CH_EnableIn
 841:D:/Projekty/TrinityTrack6000/MainControlBoard/XMC/XMC4200/Libraries/XMCLib/inc\xmc_usic.h ****  * XMC_USIC_CH_SetInputSamplingFreq()\n\n\n
 842:D:/Projekty/TrinityTrack6000/MainControlBoard/XMC/XMC4200/Libraries/XMCLib/inc\xmc_usic.h ****  */
 843:D:/Projekty/TrinityTrack6000/MainControlBoard/XMC/XMC4200/Libraries/XMCLib/inc\xmc_usic.h **** __STATIC_INLINE void XMC_USIC_CH_SetInputSource(XMC_USIC_CH_t *const channel, const XMC_USIC_CH_INP
 844:D:/Projekty/TrinityTrack6000/MainControlBoard/XMC/XMC4200/Libraries/XMCLib/inc\xmc_usic.h **** {
 289              	 .loc 2 844 0
 290              	 .cfi_startproc
 291              	 
 292              	 
 293              	 
 294 0000 80B4     	 push {r7}
 295              	.LCFI22:
 296              	 .cfi_def_cfa_offset 4
 297              	 .cfi_offset 7,-4
 298 0002 83B0     	 sub sp,sp,#12
 299              	.LCFI23:
 300              	 .cfi_def_cfa_offset 16
 301 0004 00AF     	 add r7,sp,#0
 302              	.LCFI24:
 303              	 .cfi_def_cfa_register 7
 304 0006 7860     	 str r0,[r7,#4]
 305 0008 0B46     	 mov r3,r1
 306 000a FB70     	 strb r3,[r7,#3]
 307 000c 1346     	 mov r3,r2
 308 000e BB70     	 strb r3,[r7,#2]
 845:D:/Projekty/TrinityTrack6000/MainControlBoard/XMC/XMC4200/Libraries/XMCLib/inc\xmc_usic.h ****   channel->DXCR[input] = (uint32_t)((channel->DXCR[input] & (uint32_t)(~USIC_CH_DXCR_DSEL_Msk)) |
 309              	 .loc 2 845 0
 310 0010 F878     	 ldrb r0,[r7,#3]
 311 0012 FB78     	 ldrb r3,[r7,#3]
 312 0014 7A68     	 ldr r2,[r7,#4]
 313 0016 0633     	 adds r3,r3,#6
 314 0018 9B00     	 lsls r3,r3,#2
 315 001a 1344     	 add r3,r3,r2
 316 001c 5B68     	 ldr r3,[r3,#4]
 317 001e 23F00702 	 bic r2,r3,#7
 846:D:/Projekty/TrinityTrack6000/MainControlBoard/XMC/XMC4200/Libraries/XMCLib/inc\xmc_usic.h ****                                     ((uint32_t)source << USIC_CH_DXCR_DSEL_Pos));
 318              	 .loc 2 846 0
 319 0022 BB78     	 ldrb r3,[r7,#2]
 845:D:/Projekty/TrinityTrack6000/MainControlBoard/XMC/XMC4200/Libraries/XMCLib/inc\xmc_usic.h ****   channel->DXCR[input] = (uint32_t)((channel->DXCR[input] & (uint32_t)(~USIC_CH_DXCR_DSEL_Msk)) |
 320              	 .loc 2 845 0
 321 0024 1A43     	 orrs r2,r2,r3
 322 0026 7968     	 ldr r1,[r7,#4]
 323 0028 831D     	 adds r3,r0,#6
 324 002a 9B00     	 lsls r3,r3,#2
 325 002c 0B44     	 add r3,r3,r1
 326 002e 5A60     	 str r2,[r3,#4]
 847:D:/Projekty/TrinityTrack6000/MainControlBoard/XMC/XMC4200/Libraries/XMCLib/inc\xmc_usic.h **** }
 327              	 .loc 2 847 0
 328 0030 0C37     	 adds r7,r7,#12
 329              	.LCFI25:
 330              	 .cfi_def_cfa_offset 4
 331 0032 BD46     	 mov sp,r7
 332              	.LCFI26:
 333              	 .cfi_def_cfa_register 13
 334              	 
 335 0034 5DF8047B 	 ldr r7,[sp],#4
 336              	.LCFI27:
 337              	 .cfi_restore 7
 338              	 .cfi_def_cfa_offset 0
 339 0038 7047     	 bx lr
 340              	 .cfi_endproc
 341              	.LFE145:
 343 003a 00BF     	 .section .text.XMC_USIC_CH_TXFIFO_EnableEvent,"ax",%progbits
 344              	 .align 2
 345              	 .thumb
 346              	 .thumb_func
 348              	XMC_USIC_CH_TXFIFO_EnableEvent:
 349              	.LFB183:
 848:D:/Projekty/TrinityTrack6000/MainControlBoard/XMC/XMC4200/Libraries/XMCLib/inc\xmc_usic.h **** /**
 849:D:/Projekty/TrinityTrack6000/MainControlBoard/XMC/XMC4200/Libraries/XMCLib/inc\xmc_usic.h ****  * @param  channel Pointer to USIC channel handler of type @ref XMC_USIC_CH_t \n
 850:D:/Projekty/TrinityTrack6000/MainControlBoard/XMC/XMC4200/Libraries/XMCLib/inc\xmc_usic.h ****  * 				   \b Range: @ref XMC_USIC0_CH0, @ref XMC_USIC0_CH1 to @ref XMC_USIC2_CH1 based on device su
 851:D:/Projekty/TrinityTrack6000/MainControlBoard/XMC/XMC4200/Libraries/XMCLib/inc\xmc_usic.h ****  * @param  input USIC channel input stage of type @ref XMC_USIC_CH_INPUT_t. \n
 852:D:/Projekty/TrinityTrack6000/MainControlBoard/XMC/XMC4200/Libraries/XMCLib/inc\xmc_usic.h ****  * 				 \b Range: @ref XMC_USIC_CH_INPUT_DX0 to @ref XMC_USIC_CH_INPUT_DX5
 853:D:/Projekty/TrinityTrack6000/MainControlBoard/XMC/XMC4200/Libraries/XMCLib/inc\xmc_usic.h ****  * @return None
 854:D:/Projekty/TrinityTrack6000/MainControlBoard/XMC/XMC4200/Libraries/XMCLib/inc\xmc_usic.h ****  *
 855:D:/Projekty/TrinityTrack6000/MainControlBoard/XMC/XMC4200/Libraries/XMCLib/inc\xmc_usic.h ****  * \par<b>Description</b><br>
 856:D:/Projekty/TrinityTrack6000/MainControlBoard/XMC/XMC4200/Libraries/XMCLib/inc\xmc_usic.h ****  * The input of the data shift unit is controlled by the
 857:D:/Projekty/TrinityTrack6000/MainControlBoard/XMC/XMC4200/Libraries/XMCLib/inc\xmc_usic.h ****  * protocol pre-processor. \n\n
 858:D:/Projekty/TrinityTrack6000/MainControlBoard/XMC/XMC4200/Libraries/XMCLib/inc\xmc_usic.h ****  *
 859:D:/Projekty/TrinityTrack6000/MainControlBoard/XMC/XMC4200/Libraries/XMCLib/inc\xmc_usic.h ****  * \par<b>Related APIs:</b><BR>
 860:D:/Projekty/TrinityTrack6000/MainControlBoard/XMC/XMC4200/Libraries/XMCLib/inc\xmc_usic.h ****  * XMC_USIC_CH_ConnectInputDataShiftToDataInput()\n\n\n
 861:D:/Projekty/TrinityTrack6000/MainControlBoard/XMC/XMC4200/Libraries/XMCLib/inc\xmc_usic.h ****  */
 862:D:/Projekty/TrinityTrack6000/MainControlBoard/XMC/XMC4200/Libraries/XMCLib/inc\xmc_usic.h **** __STATIC_INLINE void XMC_USIC_CH_ConnectInputDataShiftToPPP(XMC_USIC_CH_t *const channel, const XMC
 863:D:/Projekty/TrinityTrack6000/MainControlBoard/XMC/XMC4200/Libraries/XMCLib/inc\xmc_usic.h **** {
 864:D:/Projekty/TrinityTrack6000/MainControlBoard/XMC/XMC4200/Libraries/XMCLib/inc\xmc_usic.h ****   channel->DXCR[input] &= (uint32_t)~USIC_CH_DXCR_INSW_Msk;
 865:D:/Projekty/TrinityTrack6000/MainControlBoard/XMC/XMC4200/Libraries/XMCLib/inc\xmc_usic.h **** }
 866:D:/Projekty/TrinityTrack6000/MainControlBoard/XMC/XMC4200/Libraries/XMCLib/inc\xmc_usic.h **** 
 867:D:/Projekty/TrinityTrack6000/MainControlBoard/XMC/XMC4200/Libraries/XMCLib/inc\xmc_usic.h **** /**
 868:D:/Projekty/TrinityTrack6000/MainControlBoard/XMC/XMC4200/Libraries/XMCLib/inc\xmc_usic.h ****  * @param  channel Pointer to USIC channel handler of type @ref XMC_USIC_CH_t \n
 869:D:/Projekty/TrinityTrack6000/MainControlBoard/XMC/XMC4200/Libraries/XMCLib/inc\xmc_usic.h ****  * 				   \b Range: @ref XMC_USIC0_CH0, @ref XMC_USIC0_CH1 to @ref XMC_USIC2_CH1 based on device su
 870:D:/Projekty/TrinityTrack6000/MainControlBoard/XMC/XMC4200/Libraries/XMCLib/inc\xmc_usic.h ****  * @param  input USIC channel input stage of type @ref XMC_USIC_CH_INPUT_t. \n
 871:D:/Projekty/TrinityTrack6000/MainControlBoard/XMC/XMC4200/Libraries/XMCLib/inc\xmc_usic.h ****  * 				 \b Range: @ref XMC_USIC_CH_INPUT_DX0 to @ref XMC_USIC_CH_INPUT_DX5
 872:D:/Projekty/TrinityTrack6000/MainControlBoard/XMC/XMC4200/Libraries/XMCLib/inc\xmc_usic.h ****  * @return None
 873:D:/Projekty/TrinityTrack6000/MainControlBoard/XMC/XMC4200/Libraries/XMCLib/inc\xmc_usic.h ****  *
 874:D:/Projekty/TrinityTrack6000/MainControlBoard/XMC/XMC4200/Libraries/XMCLib/inc\xmc_usic.h ****  * \par<b>Description</b><br>
 875:D:/Projekty/TrinityTrack6000/MainControlBoard/XMC/XMC4200/Libraries/XMCLib/inc\xmc_usic.h ****  * The input of the data shift unit is connected to
 876:D:/Projekty/TrinityTrack6000/MainControlBoard/XMC/XMC4200/Libraries/XMCLib/inc\xmc_usic.h ****  * the selected data input line. \n\n
 877:D:/Projekty/TrinityTrack6000/MainControlBoard/XMC/XMC4200/Libraries/XMCLib/inc\xmc_usic.h ****  *
 878:D:/Projekty/TrinityTrack6000/MainControlBoard/XMC/XMC4200/Libraries/XMCLib/inc\xmc_usic.h ****  * This setting is used
 879:D:/Projekty/TrinityTrack6000/MainControlBoard/XMC/XMC4200/Libraries/XMCLib/inc\xmc_usic.h ****  * if the signals are directly derived from an input
 880:D:/Projekty/TrinityTrack6000/MainControlBoard/XMC/XMC4200/Libraries/XMCLib/inc\xmc_usic.h ****  * pin without treatment by the protocol preprocessor.
 881:D:/Projekty/TrinityTrack6000/MainControlBoard/XMC/XMC4200/Libraries/XMCLib/inc\xmc_usic.h ****  * \par<b>Related APIs:</b><BR>
 882:D:/Projekty/TrinityTrack6000/MainControlBoard/XMC/XMC4200/Libraries/XMCLib/inc\xmc_usic.h ****  * XMC_USIC_CH_ConnectInputDataShiftToPPP()\n\n\n
 883:D:/Projekty/TrinityTrack6000/MainControlBoard/XMC/XMC4200/Libraries/XMCLib/inc\xmc_usic.h ****  */
 884:D:/Projekty/TrinityTrack6000/MainControlBoard/XMC/XMC4200/Libraries/XMCLib/inc\xmc_usic.h **** __STATIC_INLINE void XMC_USIC_CH_ConnectInputDataShiftToDataInput(XMC_USIC_CH_t *const channel, con
 885:D:/Projekty/TrinityTrack6000/MainControlBoard/XMC/XMC4200/Libraries/XMCLib/inc\xmc_usic.h **** {
 886:D:/Projekty/TrinityTrack6000/MainControlBoard/XMC/XMC4200/Libraries/XMCLib/inc\xmc_usic.h ****   channel->DXCR[input] |= USIC_CH_DXCR_INSW_Msk;
 887:D:/Projekty/TrinityTrack6000/MainControlBoard/XMC/XMC4200/Libraries/XMCLib/inc\xmc_usic.h **** }
 888:D:/Projekty/TrinityTrack6000/MainControlBoard/XMC/XMC4200/Libraries/XMCLib/inc\xmc_usic.h **** 
 889:D:/Projekty/TrinityTrack6000/MainControlBoard/XMC/XMC4200/Libraries/XMCLib/inc\xmc_usic.h **** /**
 890:D:/Projekty/TrinityTrack6000/MainControlBoard/XMC/XMC4200/Libraries/XMCLib/inc\xmc_usic.h ****  * @param  channel Pointer to USIC channel handler of type @ref XMC_USIC_CH_t \n
 891:D:/Projekty/TrinityTrack6000/MainControlBoard/XMC/XMC4200/Libraries/XMCLib/inc\xmc_usic.h ****  * 				   \b Range: @ref XMC_USIC0_CH0, @ref XMC_USIC0_CH1 to @ref XMC_USIC2_CH1 based on device su
 892:D:/Projekty/TrinityTrack6000/MainControlBoard/XMC/XMC4200/Libraries/XMCLib/inc\xmc_usic.h ****  * @param  input USIC channel input stage of type @ref XMC_USIC_CH_INPUT_t. \n
 893:D:/Projekty/TrinityTrack6000/MainControlBoard/XMC/XMC4200/Libraries/XMCLib/inc\xmc_usic.h ****  * 				 \b Range: @ref XMC_USIC_CH_INPUT_DX0 to @ref XMC_USIC_CH_INPUT_DX5
 894:D:/Projekty/TrinityTrack6000/MainControlBoard/XMC/XMC4200/Libraries/XMCLib/inc\xmc_usic.h ****  * @return None
 895:D:/Projekty/TrinityTrack6000/MainControlBoard/XMC/XMC4200/Libraries/XMCLib/inc\xmc_usic.h ****  *
 896:D:/Projekty/TrinityTrack6000/MainControlBoard/XMC/XMC4200/Libraries/XMCLib/inc\xmc_usic.h ****  * \par<b>Description</b><br>
 897:D:/Projekty/TrinityTrack6000/MainControlBoard/XMC/XMC4200/Libraries/XMCLib/inc\xmc_usic.h ****  * Enables input inversion for USIC channel input data signal. \n\n
 898:D:/Projekty/TrinityTrack6000/MainControlBoard/XMC/XMC4200/Libraries/XMCLib/inc\xmc_usic.h ****  *
 899:D:/Projekty/TrinityTrack6000/MainControlBoard/XMC/XMC4200/Libraries/XMCLib/inc\xmc_usic.h ****  * Polarity of the input source can be changed to provide inverted data input.
 900:D:/Projekty/TrinityTrack6000/MainControlBoard/XMC/XMC4200/Libraries/XMCLib/inc\xmc_usic.h ****  * \par<b>Related APIs:</b><BR>
 901:D:/Projekty/TrinityTrack6000/MainControlBoard/XMC/XMC4200/Libraries/XMCLib/inc\xmc_usic.h ****  * XMC_USIC_CH_DisableInputInversion()\n\n\n
 902:D:/Projekty/TrinityTrack6000/MainControlBoard/XMC/XMC4200/Libraries/XMCLib/inc\xmc_usic.h ****  */
 903:D:/Projekty/TrinityTrack6000/MainControlBoard/XMC/XMC4200/Libraries/XMCLib/inc\xmc_usic.h **** __STATIC_INLINE void XMC_USIC_CH_EnableInputInversion(XMC_USIC_CH_t *const channel, const XMC_USIC_
 904:D:/Projekty/TrinityTrack6000/MainControlBoard/XMC/XMC4200/Libraries/XMCLib/inc\xmc_usic.h **** {
 905:D:/Projekty/TrinityTrack6000/MainControlBoard/XMC/XMC4200/Libraries/XMCLib/inc\xmc_usic.h ****   channel->DXCR[input] |= USIC_CH_DXCR_DPOL_Msk;
 906:D:/Projekty/TrinityTrack6000/MainControlBoard/XMC/XMC4200/Libraries/XMCLib/inc\xmc_usic.h **** }
 907:D:/Projekty/TrinityTrack6000/MainControlBoard/XMC/XMC4200/Libraries/XMCLib/inc\xmc_usic.h **** 
 908:D:/Projekty/TrinityTrack6000/MainControlBoard/XMC/XMC4200/Libraries/XMCLib/inc\xmc_usic.h **** /**
 909:D:/Projekty/TrinityTrack6000/MainControlBoard/XMC/XMC4200/Libraries/XMCLib/inc\xmc_usic.h ****  * @param  channel Pointer to USIC channel handler of type @ref XMC_USIC_CH_t \n
 910:D:/Projekty/TrinityTrack6000/MainControlBoard/XMC/XMC4200/Libraries/XMCLib/inc\xmc_usic.h ****  * 				   \b Range: @ref XMC_USIC0_CH0, @ref XMC_USIC0_CH1 to @ref XMC_USIC2_CH1 based on device su
 911:D:/Projekty/TrinityTrack6000/MainControlBoard/XMC/XMC4200/Libraries/XMCLib/inc\xmc_usic.h ****  * @param  input USIC channel input stage of type @ref XMC_USIC_CH_INPUT_t. \n
 912:D:/Projekty/TrinityTrack6000/MainControlBoard/XMC/XMC4200/Libraries/XMCLib/inc\xmc_usic.h ****  * 				 \b Range: @ref XMC_USIC_CH_INPUT_DX0 to @ref XMC_USIC_CH_INPUT_DX5
 913:D:/Projekty/TrinityTrack6000/MainControlBoard/XMC/XMC4200/Libraries/XMCLib/inc\xmc_usic.h ****  * @return None
 914:D:/Projekty/TrinityTrack6000/MainControlBoard/XMC/XMC4200/Libraries/XMCLib/inc\xmc_usic.h ****  *
 915:D:/Projekty/TrinityTrack6000/MainControlBoard/XMC/XMC4200/Libraries/XMCLib/inc\xmc_usic.h ****  * \par<b>Description</b><br>
 916:D:/Projekty/TrinityTrack6000/MainControlBoard/XMC/XMC4200/Libraries/XMCLib/inc\xmc_usic.h ****  * Disables input inversion for USIC channel. \n\n
 917:D:/Projekty/TrinityTrack6000/MainControlBoard/XMC/XMC4200/Libraries/XMCLib/inc\xmc_usic.h ****  *
 918:D:/Projekty/TrinityTrack6000/MainControlBoard/XMC/XMC4200/Libraries/XMCLib/inc\xmc_usic.h ****  * Resets the input data polarity for the USIC channel input data signal.
 919:D:/Projekty/TrinityTrack6000/MainControlBoard/XMC/XMC4200/Libraries/XMCLib/inc\xmc_usic.h ****  * \par<b>Related APIs:</b><BR>
 920:D:/Projekty/TrinityTrack6000/MainControlBoard/XMC/XMC4200/Libraries/XMCLib/inc\xmc_usic.h ****  * XMC_USIC_CH_EnableInputInversion()\n\n\n
 921:D:/Projekty/TrinityTrack6000/MainControlBoard/XMC/XMC4200/Libraries/XMCLib/inc\xmc_usic.h ****  */
 922:D:/Projekty/TrinityTrack6000/MainControlBoard/XMC/XMC4200/Libraries/XMCLib/inc\xmc_usic.h **** __STATIC_INLINE void XMC_USIC_CH_DisableInputInversion(XMC_USIC_CH_t *const channel, const XMC_USIC
 923:D:/Projekty/TrinityTrack6000/MainControlBoard/XMC/XMC4200/Libraries/XMCLib/inc\xmc_usic.h **** {
 924:D:/Projekty/TrinityTrack6000/MainControlBoard/XMC/XMC4200/Libraries/XMCLib/inc\xmc_usic.h ****   channel->DXCR[input] &= (uint32_t)~USIC_CH_DXCR_DPOL_Msk;
 925:D:/Projekty/TrinityTrack6000/MainControlBoard/XMC/XMC4200/Libraries/XMCLib/inc\xmc_usic.h **** }
 926:D:/Projekty/TrinityTrack6000/MainControlBoard/XMC/XMC4200/Libraries/XMCLib/inc\xmc_usic.h **** 
 927:D:/Projekty/TrinityTrack6000/MainControlBoard/XMC/XMC4200/Libraries/XMCLib/inc\xmc_usic.h **** /**
 928:D:/Projekty/TrinityTrack6000/MainControlBoard/XMC/XMC4200/Libraries/XMCLib/inc\xmc_usic.h ****  * @param  channel Pointer to USIC channel handler of type @ref XMC_USIC_CH_t \n
 929:D:/Projekty/TrinityTrack6000/MainControlBoard/XMC/XMC4200/Libraries/XMCLib/inc\xmc_usic.h ****  * 				   \b Range: @ref XMC_USIC0_CH0, @ref XMC_USIC0_CH1 to @ref XMC_USIC2_CH1 based on device su
 930:D:/Projekty/TrinityTrack6000/MainControlBoard/XMC/XMC4200/Libraries/XMCLib/inc\xmc_usic.h ****  * @return None
 931:D:/Projekty/TrinityTrack6000/MainControlBoard/XMC/XMC4200/Libraries/XMCLib/inc\xmc_usic.h ****  *
 932:D:/Projekty/TrinityTrack6000/MainControlBoard/XMC/XMC4200/Libraries/XMCLib/inc\xmc_usic.h ****  * \par<b>Description</b><br>
 933:D:/Projekty/TrinityTrack6000/MainControlBoard/XMC/XMC4200/Libraries/XMCLib/inc\xmc_usic.h ****  * Enables delay compensation. \n\n
 934:D:/Projekty/TrinityTrack6000/MainControlBoard/XMC/XMC4200/Libraries/XMCLib/inc\xmc_usic.h ****  *
 935:D:/Projekty/TrinityTrack6000/MainControlBoard/XMC/XMC4200/Libraries/XMCLib/inc\xmc_usic.h ****  * Delay compensation can be applied to the receive path.
 936:D:/Projekty/TrinityTrack6000/MainControlBoard/XMC/XMC4200/Libraries/XMCLib/inc\xmc_usic.h ****  * \par<b>Related APIs:</b><BR>
 937:D:/Projekty/TrinityTrack6000/MainControlBoard/XMC/XMC4200/Libraries/XMCLib/inc\xmc_usic.h ****  * XMC_USIC_CH_DisableDelayCompensation()\n\n\n
 938:D:/Projekty/TrinityTrack6000/MainControlBoard/XMC/XMC4200/Libraries/XMCLib/inc\xmc_usic.h ****  */
 939:D:/Projekty/TrinityTrack6000/MainControlBoard/XMC/XMC4200/Libraries/XMCLib/inc\xmc_usic.h **** __STATIC_INLINE void XMC_USIC_CH_EnableDelayCompensation(XMC_USIC_CH_t *const channel)
 940:D:/Projekty/TrinityTrack6000/MainControlBoard/XMC/XMC4200/Libraries/XMCLib/inc\xmc_usic.h **** {
 941:D:/Projekty/TrinityTrack6000/MainControlBoard/XMC/XMC4200/Libraries/XMCLib/inc\xmc_usic.h ****   channel->DXCR[1U] |= USIC_CH_DX1CR_DCEN_Msk;
 942:D:/Projekty/TrinityTrack6000/MainControlBoard/XMC/XMC4200/Libraries/XMCLib/inc\xmc_usic.h **** }
 943:D:/Projekty/TrinityTrack6000/MainControlBoard/XMC/XMC4200/Libraries/XMCLib/inc\xmc_usic.h **** 
 944:D:/Projekty/TrinityTrack6000/MainControlBoard/XMC/XMC4200/Libraries/XMCLib/inc\xmc_usic.h **** /**
 945:D:/Projekty/TrinityTrack6000/MainControlBoard/XMC/XMC4200/Libraries/XMCLib/inc\xmc_usic.h ****  * @param  channel Pointer to USIC channel handler of type @ref XMC_USIC_CH_t \n
 946:D:/Projekty/TrinityTrack6000/MainControlBoard/XMC/XMC4200/Libraries/XMCLib/inc\xmc_usic.h ****  * 				   \b Range: @ref XMC_USIC0_CH0, @ref XMC_USIC0_CH1 to @ref XMC_USIC2_CH1 based on device su
 947:D:/Projekty/TrinityTrack6000/MainControlBoard/XMC/XMC4200/Libraries/XMCLib/inc\xmc_usic.h ****  * @return None
 948:D:/Projekty/TrinityTrack6000/MainControlBoard/XMC/XMC4200/Libraries/XMCLib/inc\xmc_usic.h ****  *
 949:D:/Projekty/TrinityTrack6000/MainControlBoard/XMC/XMC4200/Libraries/XMCLib/inc\xmc_usic.h ****  * \par<b>Description</b><br>
 950:D:/Projekty/TrinityTrack6000/MainControlBoard/XMC/XMC4200/Libraries/XMCLib/inc\xmc_usic.h ****  * Disables delay compensation.. \n\n
 951:D:/Projekty/TrinityTrack6000/MainControlBoard/XMC/XMC4200/Libraries/XMCLib/inc\xmc_usic.h ****  *
 952:D:/Projekty/TrinityTrack6000/MainControlBoard/XMC/XMC4200/Libraries/XMCLib/inc\xmc_usic.h ****  * \par<b>Related APIs:</b><BR>
 953:D:/Projekty/TrinityTrack6000/MainControlBoard/XMC/XMC4200/Libraries/XMCLib/inc\xmc_usic.h ****  * XMC_USIC_CH_EnableDelayCompensation()\n\n\n
 954:D:/Projekty/TrinityTrack6000/MainControlBoard/XMC/XMC4200/Libraries/XMCLib/inc\xmc_usic.h ****  */
 955:D:/Projekty/TrinityTrack6000/MainControlBoard/XMC/XMC4200/Libraries/XMCLib/inc\xmc_usic.h **** __STATIC_INLINE void XMC_USIC_CH_DisableDelayCompensation(XMC_USIC_CH_t *const channel)
 956:D:/Projekty/TrinityTrack6000/MainControlBoard/XMC/XMC4200/Libraries/XMCLib/inc\xmc_usic.h **** {
 957:D:/Projekty/TrinityTrack6000/MainControlBoard/XMC/XMC4200/Libraries/XMCLib/inc\xmc_usic.h ****   channel->DXCR[1U] &= (uint32_t)~USIC_CH_DX1CR_DCEN_Msk;
 958:D:/Projekty/TrinityTrack6000/MainControlBoard/XMC/XMC4200/Libraries/XMCLib/inc\xmc_usic.h **** }
 959:D:/Projekty/TrinityTrack6000/MainControlBoard/XMC/XMC4200/Libraries/XMCLib/inc\xmc_usic.h **** 
 960:D:/Projekty/TrinityTrack6000/MainControlBoard/XMC/XMC4200/Libraries/XMCLib/inc\xmc_usic.h **** /**
 961:D:/Projekty/TrinityTrack6000/MainControlBoard/XMC/XMC4200/Libraries/XMCLib/inc\xmc_usic.h ****  * @param  channel Pointer to USIC channel handler of type @ref XMC_USIC_CH_t \n
 962:D:/Projekty/TrinityTrack6000/MainControlBoard/XMC/XMC4200/Libraries/XMCLib/inc\xmc_usic.h ****  * 				   \b Range: @ref XMC_USIC0_CH0, @ref XMC_USIC0_CH1 to @ref XMC_USIC2_CH1 based on device su
 963:D:/Projekty/TrinityTrack6000/MainControlBoard/XMC/XMC4200/Libraries/XMCLib/inc\xmc_usic.h ****  * @param  input USIC channel input stage of type @ref XMC_USIC_CH_INPUT_t. \n
 964:D:/Projekty/TrinityTrack6000/MainControlBoard/XMC/XMC4200/Libraries/XMCLib/inc\xmc_usic.h ****  * 				 \b Range: @ref XMC_USIC_CH_INPUT_DX0 to @ref XMC_USIC_CH_INPUT_DX5
 965:D:/Projekty/TrinityTrack6000/MainControlBoard/XMC/XMC4200/Libraries/XMCLib/inc\xmc_usic.h ****  * @return None
 966:D:/Projekty/TrinityTrack6000/MainControlBoard/XMC/XMC4200/Libraries/XMCLib/inc\xmc_usic.h ****  *
 967:D:/Projekty/TrinityTrack6000/MainControlBoard/XMC/XMC4200/Libraries/XMCLib/inc\xmc_usic.h ****  * \par<b>Description</b><br>
 968:D:/Projekty/TrinityTrack6000/MainControlBoard/XMC/XMC4200/Libraries/XMCLib/inc\xmc_usic.h ****  * Enables the input digital filter for USIC channel input data signal. \n\n
 969:D:/Projekty/TrinityTrack6000/MainControlBoard/XMC/XMC4200/Libraries/XMCLib/inc\xmc_usic.h ****  * Input data signal from the selected multiplexer will be digitally filtered.
 970:D:/Projekty/TrinityTrack6000/MainControlBoard/XMC/XMC4200/Libraries/XMCLib/inc\xmc_usic.h ****  *
 971:D:/Projekty/TrinityTrack6000/MainControlBoard/XMC/XMC4200/Libraries/XMCLib/inc\xmc_usic.h ****  * \par<b>Related APIs:</b><BR>
 972:D:/Projekty/TrinityTrack6000/MainControlBoard/XMC/XMC4200/Libraries/XMCLib/inc\xmc_usic.h ****  * XMC_USIC_CH_DisableInputDigitalFilter()\n\n\n
 973:D:/Projekty/TrinityTrack6000/MainControlBoard/XMC/XMC4200/Libraries/XMCLib/inc\xmc_usic.h ****  */
 974:D:/Projekty/TrinityTrack6000/MainControlBoard/XMC/XMC4200/Libraries/XMCLib/inc\xmc_usic.h **** __STATIC_INLINE void XMC_USIC_CH_EnableInputDigitalFilter(XMC_USIC_CH_t *const channel, const XMC_U
 975:D:/Projekty/TrinityTrack6000/MainControlBoard/XMC/XMC4200/Libraries/XMCLib/inc\xmc_usic.h **** {
 976:D:/Projekty/TrinityTrack6000/MainControlBoard/XMC/XMC4200/Libraries/XMCLib/inc\xmc_usic.h ****   channel->DXCR[input] |= (uint32_t)USIC_CH_DXCR_DFEN_Msk;
 977:D:/Projekty/TrinityTrack6000/MainControlBoard/XMC/XMC4200/Libraries/XMCLib/inc\xmc_usic.h **** }
 978:D:/Projekty/TrinityTrack6000/MainControlBoard/XMC/XMC4200/Libraries/XMCLib/inc\xmc_usic.h **** /**
 979:D:/Projekty/TrinityTrack6000/MainControlBoard/XMC/XMC4200/Libraries/XMCLib/inc\xmc_usic.h ****  * @param  channel Pointer to USIC channel handler of type @ref XMC_USIC_CH_t \n
 980:D:/Projekty/TrinityTrack6000/MainControlBoard/XMC/XMC4200/Libraries/XMCLib/inc\xmc_usic.h ****  * 				   \b Range: @ref XMC_USIC0_CH0, @ref XMC_USIC0_CH1 to @ref XMC_USIC2_CH1 based on device su
 981:D:/Projekty/TrinityTrack6000/MainControlBoard/XMC/XMC4200/Libraries/XMCLib/inc\xmc_usic.h ****  * @param  input USIC channel input stage of type @ref XMC_USIC_CH_INPUT_t. \n
 982:D:/Projekty/TrinityTrack6000/MainControlBoard/XMC/XMC4200/Libraries/XMCLib/inc\xmc_usic.h ****  * 				 \b Range: @ref XMC_USIC_CH_INPUT_DX0 to @ref XMC_USIC_CH_INPUT_DX5
 983:D:/Projekty/TrinityTrack6000/MainControlBoard/XMC/XMC4200/Libraries/XMCLib/inc\xmc_usic.h ****  * @return None
 984:D:/Projekty/TrinityTrack6000/MainControlBoard/XMC/XMC4200/Libraries/XMCLib/inc\xmc_usic.h ****  *
 985:D:/Projekty/TrinityTrack6000/MainControlBoard/XMC/XMC4200/Libraries/XMCLib/inc\xmc_usic.h ****  * \par<b>Description</b><br>
 986:D:/Projekty/TrinityTrack6000/MainControlBoard/XMC/XMC4200/Libraries/XMCLib/inc\xmc_usic.h ****  * Disables the input digital filter for USIC channel input data signal. \n\n
 987:D:/Projekty/TrinityTrack6000/MainControlBoard/XMC/XMC4200/Libraries/XMCLib/inc\xmc_usic.h ****  * Input data signal from the selected multiplexer will not be digitally filtered.
 988:D:/Projekty/TrinityTrack6000/MainControlBoard/XMC/XMC4200/Libraries/XMCLib/inc\xmc_usic.h ****  *
 989:D:/Projekty/TrinityTrack6000/MainControlBoard/XMC/XMC4200/Libraries/XMCLib/inc\xmc_usic.h ****  * \par<b>Related APIs:</b><BR>
 990:D:/Projekty/TrinityTrack6000/MainControlBoard/XMC/XMC4200/Libraries/XMCLib/inc\xmc_usic.h ****  * XMC_USIC_CH_EnableInputDigitalFilter()\n\n\n
 991:D:/Projekty/TrinityTrack6000/MainControlBoard/XMC/XMC4200/Libraries/XMCLib/inc\xmc_usic.h ****  */
 992:D:/Projekty/TrinityTrack6000/MainControlBoard/XMC/XMC4200/Libraries/XMCLib/inc\xmc_usic.h **** __STATIC_INLINE void XMC_USIC_CH_DisableInputDigitalFilter(XMC_USIC_CH_t *const channel, const XMC_
 993:D:/Projekty/TrinityTrack6000/MainControlBoard/XMC/XMC4200/Libraries/XMCLib/inc\xmc_usic.h **** {
 994:D:/Projekty/TrinityTrack6000/MainControlBoard/XMC/XMC4200/Libraries/XMCLib/inc\xmc_usic.h ****   channel->DXCR[input] &= (uint32_t)~USIC_CH_DXCR_DFEN_Msk;
 995:D:/Projekty/TrinityTrack6000/MainControlBoard/XMC/XMC4200/Libraries/XMCLib/inc\xmc_usic.h **** }
 996:D:/Projekty/TrinityTrack6000/MainControlBoard/XMC/XMC4200/Libraries/XMCLib/inc\xmc_usic.h **** /**
 997:D:/Projekty/TrinityTrack6000/MainControlBoard/XMC/XMC4200/Libraries/XMCLib/inc\xmc_usic.h ****  * @param  channel Pointer to USIC channel handler of type @ref XMC_USIC_CH_t \n
 998:D:/Projekty/TrinityTrack6000/MainControlBoard/XMC/XMC4200/Libraries/XMCLib/inc\xmc_usic.h ****  * 				   \b Range: @ref XMC_USIC0_CH0, @ref XMC_USIC0_CH1 to @ref XMC_USIC2_CH1 based on device su
 999:D:/Projekty/TrinityTrack6000/MainControlBoard/XMC/XMC4200/Libraries/XMCLib/inc\xmc_usic.h ****  * @param  input USIC channel input stage of type @ref XMC_USIC_CH_INPUT_t. \n
1000:D:/Projekty/TrinityTrack6000/MainControlBoard/XMC/XMC4200/Libraries/XMCLib/inc\xmc_usic.h ****  * 				 \b Range: @ref XMC_USIC_CH_INPUT_DX0 to @ref XMC_USIC_CH_INPUT_DX5
1001:D:/Projekty/TrinityTrack6000/MainControlBoard/XMC/XMC4200/Libraries/XMCLib/inc\xmc_usic.h ****  * @return None
1002:D:/Projekty/TrinityTrack6000/MainControlBoard/XMC/XMC4200/Libraries/XMCLib/inc\xmc_usic.h ****  *
1003:D:/Projekty/TrinityTrack6000/MainControlBoard/XMC/XMC4200/Libraries/XMCLib/inc\xmc_usic.h ****  * \par<b>Description</b><br>
1004:D:/Projekty/TrinityTrack6000/MainControlBoard/XMC/XMC4200/Libraries/XMCLib/inc\xmc_usic.h ****  * Enables input synchronization for the USIC channel input data signal. \n\n
1005:D:/Projekty/TrinityTrack6000/MainControlBoard/XMC/XMC4200/Libraries/XMCLib/inc\xmc_usic.h ****  * Input data signal from the selected multiplexer will be synchronized with fPERIPH.
1006:D:/Projekty/TrinityTrack6000/MainControlBoard/XMC/XMC4200/Libraries/XMCLib/inc\xmc_usic.h ****  * A noisy signal can be synchronized and filtered by enabling the digital filter.
1007:D:/Projekty/TrinityTrack6000/MainControlBoard/XMC/XMC4200/Libraries/XMCLib/inc\xmc_usic.h ****  *
1008:D:/Projekty/TrinityTrack6000/MainControlBoard/XMC/XMC4200/Libraries/XMCLib/inc\xmc_usic.h ****  * \par<b>Related APIs:</b><BR>
1009:D:/Projekty/TrinityTrack6000/MainControlBoard/XMC/XMC4200/Libraries/XMCLib/inc\xmc_usic.h ****  * XMC_USIC_CH_DisableInputSync(), XMC_USIC_CH_EnableInputDigitalFilter()\n\n\n
1010:D:/Projekty/TrinityTrack6000/MainControlBoard/XMC/XMC4200/Libraries/XMCLib/inc\xmc_usic.h ****  */
1011:D:/Projekty/TrinityTrack6000/MainControlBoard/XMC/XMC4200/Libraries/XMCLib/inc\xmc_usic.h **** __STATIC_INLINE void XMC_USIC_CH_EnableInputSync(XMC_USIC_CH_t *const channel, const XMC_USIC_CH_IN
1012:D:/Projekty/TrinityTrack6000/MainControlBoard/XMC/XMC4200/Libraries/XMCLib/inc\xmc_usic.h **** {
1013:D:/Projekty/TrinityTrack6000/MainControlBoard/XMC/XMC4200/Libraries/XMCLib/inc\xmc_usic.h ****   channel->DXCR[input] |= (uint32_t)USIC_CH_DXCR_DSEN_Msk;
1014:D:/Projekty/TrinityTrack6000/MainControlBoard/XMC/XMC4200/Libraries/XMCLib/inc\xmc_usic.h **** }
1015:D:/Projekty/TrinityTrack6000/MainControlBoard/XMC/XMC4200/Libraries/XMCLib/inc\xmc_usic.h **** /**
1016:D:/Projekty/TrinityTrack6000/MainControlBoard/XMC/XMC4200/Libraries/XMCLib/inc\xmc_usic.h ****  * @param  channel Pointer to USIC channel handler of type @ref XMC_USIC_CH_t \n
1017:D:/Projekty/TrinityTrack6000/MainControlBoard/XMC/XMC4200/Libraries/XMCLib/inc\xmc_usic.h ****  * 				   \b Range: @ref XMC_USIC0_CH0, @ref XMC_USIC0_CH1 to @ref XMC_USIC2_CH1 based on device su
1018:D:/Projekty/TrinityTrack6000/MainControlBoard/XMC/XMC4200/Libraries/XMCLib/inc\xmc_usic.h ****  * @param  input USIC channel input stage of type @ref XMC_USIC_CH_INPUT_t. \n
1019:D:/Projekty/TrinityTrack6000/MainControlBoard/XMC/XMC4200/Libraries/XMCLib/inc\xmc_usic.h ****  * 				 \b Range: @ref XMC_USIC_CH_INPUT_DX0 to @ref XMC_USIC_CH_INPUT_DX5
1020:D:/Projekty/TrinityTrack6000/MainControlBoard/XMC/XMC4200/Libraries/XMCLib/inc\xmc_usic.h ****  * @return None
1021:D:/Projekty/TrinityTrack6000/MainControlBoard/XMC/XMC4200/Libraries/XMCLib/inc\xmc_usic.h ****  *
1022:D:/Projekty/TrinityTrack6000/MainControlBoard/XMC/XMC4200/Libraries/XMCLib/inc\xmc_usic.h ****  * \par<b>Description</b><br>
1023:D:/Projekty/TrinityTrack6000/MainControlBoard/XMC/XMC4200/Libraries/XMCLib/inc\xmc_usic.h ****  * Disables input synchronization for the USIC channel input data signal. \n\n
1024:D:/Projekty/TrinityTrack6000/MainControlBoard/XMC/XMC4200/Libraries/XMCLib/inc\xmc_usic.h ****  * Input data signal from the selected multiplexer will not be synchronized.
1025:D:/Projekty/TrinityTrack6000/MainControlBoard/XMC/XMC4200/Libraries/XMCLib/inc\xmc_usic.h ****  *
1026:D:/Projekty/TrinityTrack6000/MainControlBoard/XMC/XMC4200/Libraries/XMCLib/inc\xmc_usic.h ****  * \par<b>Related APIs:</b><BR>
1027:D:/Projekty/TrinityTrack6000/MainControlBoard/XMC/XMC4200/Libraries/XMCLib/inc\xmc_usic.h ****  * XMC_USIC_CH_EnableInputSync(), XMC_USIC_CH_DisableInputDigitalFilter() \n\n\n
1028:D:/Projekty/TrinityTrack6000/MainControlBoard/XMC/XMC4200/Libraries/XMCLib/inc\xmc_usic.h ****  */
1029:D:/Projekty/TrinityTrack6000/MainControlBoard/XMC/XMC4200/Libraries/XMCLib/inc\xmc_usic.h **** __STATIC_INLINE void XMC_USIC_CH_DisableInputSync(XMC_USIC_CH_t *const channel, const XMC_USIC_CH_I
1030:D:/Projekty/TrinityTrack6000/MainControlBoard/XMC/XMC4200/Libraries/XMCLib/inc\xmc_usic.h **** {
1031:D:/Projekty/TrinityTrack6000/MainControlBoard/XMC/XMC4200/Libraries/XMCLib/inc\xmc_usic.h ****   channel->DXCR[input] &= (uint32_t)~USIC_CH_DXCR_DSEN_Msk;
1032:D:/Projekty/TrinityTrack6000/MainControlBoard/XMC/XMC4200/Libraries/XMCLib/inc\xmc_usic.h **** }
1033:D:/Projekty/TrinityTrack6000/MainControlBoard/XMC/XMC4200/Libraries/XMCLib/inc\xmc_usic.h **** /**
1034:D:/Projekty/TrinityTrack6000/MainControlBoard/XMC/XMC4200/Libraries/XMCLib/inc\xmc_usic.h ****  * @param  channel Pointer to USIC channel handler of type @ref XMC_USIC_CH_t \n
1035:D:/Projekty/TrinityTrack6000/MainControlBoard/XMC/XMC4200/Libraries/XMCLib/inc\xmc_usic.h ****  * 				   \b Range: @ref XMC_USIC0_CH0, @ref XMC_USIC0_CH1 to @ref XMC_USIC2_CH1 based on device su
1036:D:/Projekty/TrinityTrack6000/MainControlBoard/XMC/XMC4200/Libraries/XMCLib/inc\xmc_usic.h ****  * @param  input USIC channel input stage of type @ref XMC_USIC_CH_INPUT_t. \n
1037:D:/Projekty/TrinityTrack6000/MainControlBoard/XMC/XMC4200/Libraries/XMCLib/inc\xmc_usic.h ****  * 				 \b Range: @ref XMC_USIC_CH_INPUT_DX0 to @ref XMC_USIC_CH_INPUT_DX5
1038:D:/Projekty/TrinityTrack6000/MainControlBoard/XMC/XMC4200/Libraries/XMCLib/inc\xmc_usic.h ****  * @param  sampling_freq Sampling frequency value of type \a XMC_USIC_CH_INPUT_SAMPLING_FREQ_t.
1039:D:/Projekty/TrinityTrack6000/MainControlBoard/XMC/XMC4200/Libraries/XMCLib/inc\xmc_usic.h ****  * @return None
1040:D:/Projekty/TrinityTrack6000/MainControlBoard/XMC/XMC4200/Libraries/XMCLib/inc\xmc_usic.h ****  *
1041:D:/Projekty/TrinityTrack6000/MainControlBoard/XMC/XMC4200/Libraries/XMCLib/inc\xmc_usic.h ****  * \par<b>Description</b><br>
1042:D:/Projekty/TrinityTrack6000/MainControlBoard/XMC/XMC4200/Libraries/XMCLib/inc\xmc_usic.h ****  * Sets sampling frequency for USIC channel input data signal. \n\n
1043:D:/Projekty/TrinityTrack6000/MainControlBoard/XMC/XMC4200/Libraries/XMCLib/inc\xmc_usic.h ****  *
1044:D:/Projekty/TrinityTrack6000/MainControlBoard/XMC/XMC4200/Libraries/XMCLib/inc\xmc_usic.h ****  * \par<b>Related APIs:</b><BR>
1045:D:/Projekty/TrinityTrack6000/MainControlBoard/XMC/XMC4200/Libraries/XMCLib/inc\xmc_usic.h ****  * XMC_USIC_CH_SetInputSource(), XMC_USIC_CH_EnableInputSync(), XMC_USIC_CH_EnableInputDigitalFilte
1046:D:/Projekty/TrinityTrack6000/MainControlBoard/XMC/XMC4200/Libraries/XMCLib/inc\xmc_usic.h ****  */
1047:D:/Projekty/TrinityTrack6000/MainControlBoard/XMC/XMC4200/Libraries/XMCLib/inc\xmc_usic.h **** __STATIC_INLINE void XMC_USIC_CH_SetInputSamplingFreq(XMC_USIC_CH_t *const channel,
1048:D:/Projekty/TrinityTrack6000/MainControlBoard/XMC/XMC4200/Libraries/XMCLib/inc\xmc_usic.h ****     const XMC_USIC_CH_INPUT_t input,
1049:D:/Projekty/TrinityTrack6000/MainControlBoard/XMC/XMC4200/Libraries/XMCLib/inc\xmc_usic.h ****     const XMC_USIC_CH_INPUT_SAMPLING_FREQ_t sampling_freq)
1050:D:/Projekty/TrinityTrack6000/MainControlBoard/XMC/XMC4200/Libraries/XMCLib/inc\xmc_usic.h **** {
1051:D:/Projekty/TrinityTrack6000/MainControlBoard/XMC/XMC4200/Libraries/XMCLib/inc\xmc_usic.h ****   channel->DXCR[input] = (uint32_t)(channel->DXCR[input] & (~USIC_CH_DXCR_SFSEL_Msk)) |
1052:D:/Projekty/TrinityTrack6000/MainControlBoard/XMC/XMC4200/Libraries/XMCLib/inc\xmc_usic.h ****                          ((uint32_t)sampling_freq);
1053:D:/Projekty/TrinityTrack6000/MainControlBoard/XMC/XMC4200/Libraries/XMCLib/inc\xmc_usic.h **** }
1054:D:/Projekty/TrinityTrack6000/MainControlBoard/XMC/XMC4200/Libraries/XMCLib/inc\xmc_usic.h **** 
1055:D:/Projekty/TrinityTrack6000/MainControlBoard/XMC/XMC4200/Libraries/XMCLib/inc\xmc_usic.h **** /**
1056:D:/Projekty/TrinityTrack6000/MainControlBoard/XMC/XMC4200/Libraries/XMCLib/inc\xmc_usic.h ****  * @param  channel Pointer to USIC channel handler of type @ref XMC_USIC_CH_t \n
1057:D:/Projekty/TrinityTrack6000/MainControlBoard/XMC/XMC4200/Libraries/XMCLib/inc\xmc_usic.h ****  * 				   \b Range: @ref XMC_USIC0_CH0, @ref XMC_USIC0_CH1 to @ref XMC_USIC2_CH1 based on device su
1058:D:/Projekty/TrinityTrack6000/MainControlBoard/XMC/XMC4200/Libraries/XMCLib/inc\xmc_usic.h ****  * @param  input USIC channel input stage of type @ref XMC_USIC_CH_INPUT_t. \n
1059:D:/Projekty/TrinityTrack6000/MainControlBoard/XMC/XMC4200/Libraries/XMCLib/inc\xmc_usic.h ****  * 				 \b Range: @ref XMC_USIC_CH_INPUT_DX0 to @ref XMC_USIC_CH_INPUT_DX5
1060:D:/Projekty/TrinityTrack6000/MainControlBoard/XMC/XMC4200/Libraries/XMCLib/inc\xmc_usic.h ****  * @param  combination_mode Combination mode value of type \a XMC_USIC_CH_INPUT_COMBINATION_MODE_t.
1061:D:/Projekty/TrinityTrack6000/MainControlBoard/XMC/XMC4200/Libraries/XMCLib/inc\xmc_usic.h ****  * @return None
1062:D:/Projekty/TrinityTrack6000/MainControlBoard/XMC/XMC4200/Libraries/XMCLib/inc\xmc_usic.h ****  *
1063:D:/Projekty/TrinityTrack6000/MainControlBoard/XMC/XMC4200/Libraries/XMCLib/inc\xmc_usic.h ****  * \par<b>Description</b><br>
1064:D:/Projekty/TrinityTrack6000/MainControlBoard/XMC/XMC4200/Libraries/XMCLib/inc\xmc_usic.h ****  * Selects which edge of the synchronized signal DXnS activates the trigger output DXnT of the inpu
1065:D:/Projekty/TrinityTrack6000/MainControlBoard/XMC/XMC4200/Libraries/XMCLib/inc\xmc_usic.h ****  *
1066:D:/Projekty/TrinityTrack6000/MainControlBoard/XMC/XMC4200/Libraries/XMCLib/inc\xmc_usic.h ****  * \par<b>Related APIs:</b><BR>
1067:D:/Projekty/TrinityTrack6000/MainControlBoard/XMC/XMC4200/Libraries/XMCLib/inc\xmc_usic.h ****  * XMC_USIC_CH_SetInputSource(), XMC_USIC_CH_EnableInputSync(), XMC_USIC_CH_EnableInputDigitalFilte
1068:D:/Projekty/TrinityTrack6000/MainControlBoard/XMC/XMC4200/Libraries/XMCLib/inc\xmc_usic.h ****  */
1069:D:/Projekty/TrinityTrack6000/MainControlBoard/XMC/XMC4200/Libraries/XMCLib/inc\xmc_usic.h **** __STATIC_INLINE void XMC_USIC_CH_SetInputTriggerCombinationMode(XMC_USIC_CH_t *const channel,
1070:D:/Projekty/TrinityTrack6000/MainControlBoard/XMC/XMC4200/Libraries/XMCLib/inc\xmc_usic.h ****     const XMC_USIC_CH_INPUT_t input,
1071:D:/Projekty/TrinityTrack6000/MainControlBoard/XMC/XMC4200/Libraries/XMCLib/inc\xmc_usic.h ****     const XMC_USIC_CH_INPUT_COMBINATION_MODE_t combination_mode)
1072:D:/Projekty/TrinityTrack6000/MainControlBoard/XMC/XMC4200/Libraries/XMCLib/inc\xmc_usic.h **** {
1073:D:/Projekty/TrinityTrack6000/MainControlBoard/XMC/XMC4200/Libraries/XMCLib/inc\xmc_usic.h ****   channel->DXCR[input] = (uint32_t)(channel->DXCR[input] & (~USIC_CH_DXCR_CM_Msk)) |
1074:D:/Projekty/TrinityTrack6000/MainControlBoard/XMC/XMC4200/Libraries/XMCLib/inc\xmc_usic.h ****                          ((uint32_t)combination_mode << USIC_CH_DXCR_CM_Pos);
1075:D:/Projekty/TrinityTrack6000/MainControlBoard/XMC/XMC4200/Libraries/XMCLib/inc\xmc_usic.h **** }
1076:D:/Projekty/TrinityTrack6000/MainControlBoard/XMC/XMC4200/Libraries/XMCLib/inc\xmc_usic.h **** 
1077:D:/Projekty/TrinityTrack6000/MainControlBoard/XMC/XMC4200/Libraries/XMCLib/inc\xmc_usic.h **** /**
1078:D:/Projekty/TrinityTrack6000/MainControlBoard/XMC/XMC4200/Libraries/XMCLib/inc\xmc_usic.h ****  * @param  channel Pointer to USIC channel handler of type @ref XMC_USIC_CH_t \n
1079:D:/Projekty/TrinityTrack6000/MainControlBoard/XMC/XMC4200/Libraries/XMCLib/inc\xmc_usic.h ****  * 				   \b Range: @ref XMC_USIC0_CH0, @ref XMC_USIC0_CH1 to @ref XMC_USIC2_CH1 based on device su
1080:D:/Projekty/TrinityTrack6000/MainControlBoard/XMC/XMC4200/Libraries/XMCLib/inc\xmc_usic.h ****  * @param  clock_source clock source for the BRG.
1081:D:/Projekty/TrinityTrack6000/MainControlBoard/XMC/XMC4200/Libraries/XMCLib/inc\xmc_usic.h ****  * @return None
1082:D:/Projekty/TrinityTrack6000/MainControlBoard/XMC/XMC4200/Libraries/XMCLib/inc\xmc_usic.h ****  *
1083:D:/Projekty/TrinityTrack6000/MainControlBoard/XMC/XMC4200/Libraries/XMCLib/inc\xmc_usic.h ****  * \par<b>Description</b><br>
1084:D:/Projekty/TrinityTrack6000/MainControlBoard/XMC/XMC4200/Libraries/XMCLib/inc\xmc_usic.h ****  * Sets the clock source for the BRG. \n\n
1085:D:/Projekty/TrinityTrack6000/MainControlBoard/XMC/XMC4200/Libraries/XMCLib/inc\xmc_usic.h ****  *
1086:D:/Projekty/TrinityTrack6000/MainControlBoard/XMC/XMC4200/Libraries/XMCLib/inc\xmc_usic.h ****  * \par<b>Related APIs:</b><BR>
1087:D:/Projekty/TrinityTrack6000/MainControlBoard/XMC/XMC4200/Libraries/XMCLib/inc\xmc_usic.h ****  * XMC_USIC_CH_SetInputTriggerCombinationMode(), XMC_USIC_CH_SetExternalClockBRGDivider()\n\n\n
1088:D:/Projekty/TrinityTrack6000/MainControlBoard/XMC/XMC4200/Libraries/XMCLib/inc\xmc_usic.h ****  */
1089:D:/Projekty/TrinityTrack6000/MainControlBoard/XMC/XMC4200/Libraries/XMCLib/inc\xmc_usic.h **** __STATIC_INLINE void XMC_USIC_CH_SetBRGInputClockSource(XMC_USIC_CH_t *const channel, const XMC_USI
1090:D:/Projekty/TrinityTrack6000/MainControlBoard/XMC/XMC4200/Libraries/XMCLib/inc\xmc_usic.h **** {
1091:D:/Projekty/TrinityTrack6000/MainControlBoard/XMC/XMC4200/Libraries/XMCLib/inc\xmc_usic.h ****   channel->BRG = (uint32_t)(channel->BRG & (~USIC_CH_BRG_CLKSEL_Msk)) | (uint32_t)(clock_source);
1092:D:/Projekty/TrinityTrack6000/MainControlBoard/XMC/XMC4200/Libraries/XMCLib/inc\xmc_usic.h **** }
1093:D:/Projekty/TrinityTrack6000/MainControlBoard/XMC/XMC4200/Libraries/XMCLib/inc\xmc_usic.h **** 
1094:D:/Projekty/TrinityTrack6000/MainControlBoard/XMC/XMC4200/Libraries/XMCLib/inc\xmc_usic.h **** /**
1095:D:/Projekty/TrinityTrack6000/MainControlBoard/XMC/XMC4200/Libraries/XMCLib/inc\xmc_usic.h ****  * @param channel Pointer to USIC channel handler of type @ref XMC_USIC_CH_t \n
1096:D:/Projekty/TrinityTrack6000/MainControlBoard/XMC/XMC4200/Libraries/XMCLib/inc\xmc_usic.h ****  * 				   \b Range: @ref XMC_USIC0_CH0, @ref XMC_USIC0_CH1 to @ref XMC_USIC2_CH1 based on device su
1097:D:/Projekty/TrinityTrack6000/MainControlBoard/XMC/XMC4200/Libraries/XMCLib/inc\xmc_usic.h ****  * @param data Data to be transmitted. \n
1098:D:/Projekty/TrinityTrack6000/MainControlBoard/XMC/XMC4200/Libraries/XMCLib/inc\xmc_usic.h ****  *           \b Range: 16bit unsigned data. minimum= 0, maximum= 65535
1099:D:/Projekty/TrinityTrack6000/MainControlBoard/XMC/XMC4200/Libraries/XMCLib/inc\xmc_usic.h ****  * @return None
1100:D:/Projekty/TrinityTrack6000/MainControlBoard/XMC/XMC4200/Libraries/XMCLib/inc\xmc_usic.h ****  *
1101:D:/Projekty/TrinityTrack6000/MainControlBoard/XMC/XMC4200/Libraries/XMCLib/inc\xmc_usic.h ****  * \par<b>Description</b><br>
1102:D:/Projekty/TrinityTrack6000/MainControlBoard/XMC/XMC4200/Libraries/XMCLib/inc\xmc_usic.h ****  * Writes data into the transmit buffer. \n\n
1103:D:/Projekty/TrinityTrack6000/MainControlBoard/XMC/XMC4200/Libraries/XMCLib/inc\xmc_usic.h ****  * The data provided is placed in TBUF[0U].
1104:D:/Projekty/TrinityTrack6000/MainControlBoard/XMC/XMC4200/Libraries/XMCLib/inc\xmc_usic.h ****  *
1105:D:/Projekty/TrinityTrack6000/MainControlBoard/XMC/XMC4200/Libraries/XMCLib/inc\xmc_usic.h ****  *
1106:D:/Projekty/TrinityTrack6000/MainControlBoard/XMC/XMC4200/Libraries/XMCLib/inc\xmc_usic.h ****  * \par<b>Related APIs:</b><BR>
1107:D:/Projekty/TrinityTrack6000/MainControlBoard/XMC/XMC4200/Libraries/XMCLib/inc\xmc_usic.h ****  * XMC_USIC_CH_WriteToTBUFTCI() \n\n\n
1108:D:/Projekty/TrinityTrack6000/MainControlBoard/XMC/XMC4200/Libraries/XMCLib/inc\xmc_usic.h ****  */
1109:D:/Projekty/TrinityTrack6000/MainControlBoard/XMC/XMC4200/Libraries/XMCLib/inc\xmc_usic.h **** __STATIC_INLINE void XMC_USIC_CH_WriteToTBUF(XMC_USIC_CH_t *const channel, const uint16_t data)
1110:D:/Projekty/TrinityTrack6000/MainControlBoard/XMC/XMC4200/Libraries/XMCLib/inc\xmc_usic.h **** {
1111:D:/Projekty/TrinityTrack6000/MainControlBoard/XMC/XMC4200/Libraries/XMCLib/inc\xmc_usic.h ****   channel->TBUF[0U] = data;
1112:D:/Projekty/TrinityTrack6000/MainControlBoard/XMC/XMC4200/Libraries/XMCLib/inc\xmc_usic.h **** }
1113:D:/Projekty/TrinityTrack6000/MainControlBoard/XMC/XMC4200/Libraries/XMCLib/inc\xmc_usic.h **** 
1114:D:/Projekty/TrinityTrack6000/MainControlBoard/XMC/XMC4200/Libraries/XMCLib/inc\xmc_usic.h **** /**
1115:D:/Projekty/TrinityTrack6000/MainControlBoard/XMC/XMC4200/Libraries/XMCLib/inc\xmc_usic.h ****  * @param channel Pointer to USIC channel handler of type @ref XMC_USIC_CH_t \n
1116:D:/Projekty/TrinityTrack6000/MainControlBoard/XMC/XMC4200/Libraries/XMCLib/inc\xmc_usic.h ****  * 				   \b Range: @ref XMC_USIC0_CH0, @ref XMC_USIC0_CH1 to @ref XMC_USIC2_CH1 based on device su
1117:D:/Projekty/TrinityTrack6000/MainControlBoard/XMC/XMC4200/Libraries/XMCLib/inc\xmc_usic.h ****  * @param data Data to be transmitted.
1118:D:/Projekty/TrinityTrack6000/MainControlBoard/XMC/XMC4200/Libraries/XMCLib/inc\xmc_usic.h ****  * @param transmit_control_information transmit control information to be configured while transmit
1119:D:/Projekty/TrinityTrack6000/MainControlBoard/XMC/XMC4200/Libraries/XMCLib/inc\xmc_usic.h ****  * 			\b Range: minimum= 0, maximum= 31.
1120:D:/Projekty/TrinityTrack6000/MainControlBoard/XMC/XMC4200/Libraries/XMCLib/inc\xmc_usic.h ****  * @return None
1121:D:/Projekty/TrinityTrack6000/MainControlBoard/XMC/XMC4200/Libraries/XMCLib/inc\xmc_usic.h ****  *
1122:D:/Projekty/TrinityTrack6000/MainControlBoard/XMC/XMC4200/Libraries/XMCLib/inc\xmc_usic.h ****  * \par<b>Description</b><br>
1123:D:/Projekty/TrinityTrack6000/MainControlBoard/XMC/XMC4200/Libraries/XMCLib/inc\xmc_usic.h ****  * Writes data to the transmit buffer in a control mode. \n\n
1124:D:/Projekty/TrinityTrack6000/MainControlBoard/XMC/XMC4200/Libraries/XMCLib/inc\xmc_usic.h ****  * When the respective control mode is enabled , this API can be used.
1125:D:/Projekty/TrinityTrack6000/MainControlBoard/XMC/XMC4200/Libraries/XMCLib/inc\xmc_usic.h ****  *
1126:D:/Projekty/TrinityTrack6000/MainControlBoard/XMC/XMC4200/Libraries/XMCLib/inc\xmc_usic.h ****  *
1127:D:/Projekty/TrinityTrack6000/MainControlBoard/XMC/XMC4200/Libraries/XMCLib/inc\xmc_usic.h ****  * \par<b>Related APIs:</b><BR>
1128:D:/Projekty/TrinityTrack6000/MainControlBoard/XMC/XMC4200/Libraries/XMCLib/inc\xmc_usic.h ****  * XMC_USIC_CH_WriteToTBUF() \n\n\n
1129:D:/Projekty/TrinityTrack6000/MainControlBoard/XMC/XMC4200/Libraries/XMCLib/inc\xmc_usic.h ****  */
1130:D:/Projekty/TrinityTrack6000/MainControlBoard/XMC/XMC4200/Libraries/XMCLib/inc\xmc_usic.h **** __STATIC_INLINE void XMC_USIC_CH_WriteToTBUFTCI(XMC_USIC_CH_t *const channel,
1131:D:/Projekty/TrinityTrack6000/MainControlBoard/XMC/XMC4200/Libraries/XMCLib/inc\xmc_usic.h ****     const uint16_t data,
1132:D:/Projekty/TrinityTrack6000/MainControlBoard/XMC/XMC4200/Libraries/XMCLib/inc\xmc_usic.h ****     const uint32_t transmit_control_information)
1133:D:/Projekty/TrinityTrack6000/MainControlBoard/XMC/XMC4200/Libraries/XMCLib/inc\xmc_usic.h **** {
1134:D:/Projekty/TrinityTrack6000/MainControlBoard/XMC/XMC4200/Libraries/XMCLib/inc\xmc_usic.h ****   channel->TBUF[transmit_control_information] = data;
1135:D:/Projekty/TrinityTrack6000/MainControlBoard/XMC/XMC4200/Libraries/XMCLib/inc\xmc_usic.h **** }
1136:D:/Projekty/TrinityTrack6000/MainControlBoard/XMC/XMC4200/Libraries/XMCLib/inc\xmc_usic.h **** 
1137:D:/Projekty/TrinityTrack6000/MainControlBoard/XMC/XMC4200/Libraries/XMCLib/inc\xmc_usic.h **** /**
1138:D:/Projekty/TrinityTrack6000/MainControlBoard/XMC/XMC4200/Libraries/XMCLib/inc\xmc_usic.h ****  * @param  channel Pointer to USIC channel handler of type @ref XMC_USIC_CH_t \n
1139:D:/Projekty/TrinityTrack6000/MainControlBoard/XMC/XMC4200/Libraries/XMCLib/inc\xmc_usic.h ****  * 				   \b Range: @ref XMC_USIC0_CH0, @ref XMC_USIC0_CH1 to @ref XMC_USIC2_CH1 based on device su
1140:D:/Projekty/TrinityTrack6000/MainControlBoard/XMC/XMC4200/Libraries/XMCLib/inc\xmc_usic.h ****  * @param  word_length Number of bits to be configured for a data word. \n
1141:D:/Projekty/TrinityTrack6000/MainControlBoard/XMC/XMC4200/Libraries/XMCLib/inc\xmc_usic.h ****  * 					   \b Range: minimum= 1, maximum= 16. \n
1142:D:/Projekty/TrinityTrack6000/MainControlBoard/XMC/XMC4200/Libraries/XMCLib/inc\xmc_usic.h ****  * 					   e.g: For word length of 8, \a word_length should be provided as 8.
1143:D:/Projekty/TrinityTrack6000/MainControlBoard/XMC/XMC4200/Libraries/XMCLib/inc\xmc_usic.h ****  * @return None
1144:D:/Projekty/TrinityTrack6000/MainControlBoard/XMC/XMC4200/Libraries/XMCLib/inc\xmc_usic.h ****  *
1145:D:/Projekty/TrinityTrack6000/MainControlBoard/XMC/XMC4200/Libraries/XMCLib/inc\xmc_usic.h ****  * \par<b>Description</b><br>
1146:D:/Projekty/TrinityTrack6000/MainControlBoard/XMC/XMC4200/Libraries/XMCLib/inc\xmc_usic.h ****  * Sets the data word length in number of bits. \n\n
1147:D:/Projekty/TrinityTrack6000/MainControlBoard/XMC/XMC4200/Libraries/XMCLib/inc\xmc_usic.h ****  * Sets the number of bits to represent a data word. Frame length should be a multiple of word leng
1148:D:/Projekty/TrinityTrack6000/MainControlBoard/XMC/XMC4200/Libraries/XMCLib/inc\xmc_usic.h ****  *
1149:D:/Projekty/TrinityTrack6000/MainControlBoard/XMC/XMC4200/Libraries/XMCLib/inc\xmc_usic.h ****  * \par<b>Related APIs:</b><BR>
1150:D:/Projekty/TrinityTrack6000/MainControlBoard/XMC/XMC4200/Libraries/XMCLib/inc\xmc_usic.h ****  * XMC_USIC_CH_SetFrameLength()\n\n\n
1151:D:/Projekty/TrinityTrack6000/MainControlBoard/XMC/XMC4200/Libraries/XMCLib/inc\xmc_usic.h ****  */
1152:D:/Projekty/TrinityTrack6000/MainControlBoard/XMC/XMC4200/Libraries/XMCLib/inc\xmc_usic.h **** __STATIC_INLINE void XMC_USIC_CH_SetWordLength(XMC_USIC_CH_t *const channel, const uint8_t word_len
1153:D:/Projekty/TrinityTrack6000/MainControlBoard/XMC/XMC4200/Libraries/XMCLib/inc\xmc_usic.h **** {
1154:D:/Projekty/TrinityTrack6000/MainControlBoard/XMC/XMC4200/Libraries/XMCLib/inc\xmc_usic.h ****   channel->SCTR = (uint32_t)(channel->SCTR & (~USIC_CH_SCTR_WLE_Msk)) |
1155:D:/Projekty/TrinityTrack6000/MainControlBoard/XMC/XMC4200/Libraries/XMCLib/inc\xmc_usic.h ****                   (uint32_t)(((uint32_t)word_length - 1UL)  << USIC_CH_SCTR_WLE_Pos);
1156:D:/Projekty/TrinityTrack6000/MainControlBoard/XMC/XMC4200/Libraries/XMCLib/inc\xmc_usic.h **** }
1157:D:/Projekty/TrinityTrack6000/MainControlBoard/XMC/XMC4200/Libraries/XMCLib/inc\xmc_usic.h **** 
1158:D:/Projekty/TrinityTrack6000/MainControlBoard/XMC/XMC4200/Libraries/XMCLib/inc\xmc_usic.h **** /**
1159:D:/Projekty/TrinityTrack6000/MainControlBoard/XMC/XMC4200/Libraries/XMCLib/inc\xmc_usic.h ****  * @param  channel Pointer to USIC channel handler of type @ref XMC_USIC_CH_t \n
1160:D:/Projekty/TrinityTrack6000/MainControlBoard/XMC/XMC4200/Libraries/XMCLib/inc\xmc_usic.h ****  *           \b Range: @ref XMC_USIC0_CH0, @ref XMC_USIC0_CH1 to @ref XMC_USIC2_CH1 based on device
1161:D:/Projekty/TrinityTrack6000/MainControlBoard/XMC/XMC4200/Libraries/XMCLib/inc\xmc_usic.h ****  * @param  word_length Number of bits to be configured for a data word. \n
1162:D:/Projekty/TrinityTrack6000/MainControlBoard/XMC/XMC4200/Libraries/XMCLib/inc\xmc_usic.h ****  *             \b Range: minimum= 1, maximum= 16. \n
1163:D:/Projekty/TrinityTrack6000/MainControlBoard/XMC/XMC4200/Libraries/XMCLib/inc\xmc_usic.h ****  *             e.g: For word length of 8, \a word_length should be provided as 8.
1164:D:/Projekty/TrinityTrack6000/MainControlBoard/XMC/XMC4200/Libraries/XMCLib/inc\xmc_usic.h ****  * @return None
1165:D:/Projekty/TrinityTrack6000/MainControlBoard/XMC/XMC4200/Libraries/XMCLib/inc\xmc_usic.h ****  *
1166:D:/Projekty/TrinityTrack6000/MainControlBoard/XMC/XMC4200/Libraries/XMCLib/inc\xmc_usic.h ****  * \par<b>Description</b><br>
1167:D:/Projekty/TrinityTrack6000/MainControlBoard/XMC/XMC4200/Libraries/XMCLib/inc\xmc_usic.h ****  * Sets the data word length in number of bits. \n\n
1168:D:/Projekty/TrinityTrack6000/MainControlBoard/XMC/XMC4200/Libraries/XMCLib/inc\xmc_usic.h ****  * Sets the number of bits to represent a data word. Frame length should be a multiple of word leng
1169:D:/Projekty/TrinityTrack6000/MainControlBoard/XMC/XMC4200/Libraries/XMCLib/inc\xmc_usic.h ****  *
1170:D:/Projekty/TrinityTrack6000/MainControlBoard/XMC/XMC4200/Libraries/XMCLib/inc\xmc_usic.h ****  * \par<b>Related APIs:</b><BR>
1171:D:/Projekty/TrinityTrack6000/MainControlBoard/XMC/XMC4200/Libraries/XMCLib/inc\xmc_usic.h ****  * XMC_USIC_CH_SetFrameLength()\n\n\n
1172:D:/Projekty/TrinityTrack6000/MainControlBoard/XMC/XMC4200/Libraries/XMCLib/inc\xmc_usic.h ****  */
1173:D:/Projekty/TrinityTrack6000/MainControlBoard/XMC/XMC4200/Libraries/XMCLib/inc\xmc_usic.h **** __STATIC_INLINE void XMC_USIC_CH_SetShiftDirection(XMC_USIC_CH_t *const channel, const XMC_USIC_CH_
1174:D:/Projekty/TrinityTrack6000/MainControlBoard/XMC/XMC4200/Libraries/XMCLib/inc\xmc_usic.h **** {
1175:D:/Projekty/TrinityTrack6000/MainControlBoard/XMC/XMC4200/Libraries/XMCLib/inc\xmc_usic.h ****   channel->SCTR = (uint32_t)(channel->SCTR & (~USIC_CH_SCTR_SDIR_Msk)) | (uint32_t)shift_direction;
1176:D:/Projekty/TrinityTrack6000/MainControlBoard/XMC/XMC4200/Libraries/XMCLib/inc\xmc_usic.h **** }
1177:D:/Projekty/TrinityTrack6000/MainControlBoard/XMC/XMC4200/Libraries/XMCLib/inc\xmc_usic.h **** 
1178:D:/Projekty/TrinityTrack6000/MainControlBoard/XMC/XMC4200/Libraries/XMCLib/inc\xmc_usic.h **** 
1179:D:/Projekty/TrinityTrack6000/MainControlBoard/XMC/XMC4200/Libraries/XMCLib/inc\xmc_usic.h **** /**
1180:D:/Projekty/TrinityTrack6000/MainControlBoard/XMC/XMC4200/Libraries/XMCLib/inc\xmc_usic.h ****  * @param  channel Pointer to USIC channel handler of type @ref XMC_USIC_CH_t \n
1181:D:/Projekty/TrinityTrack6000/MainControlBoard/XMC/XMC4200/Libraries/XMCLib/inc\xmc_usic.h ****  *           \b Range: @ref XMC_USIC0_CH0, @ref XMC_USIC0_CH1 to @ref XMC_USIC2_CH1 based on device
1182:D:/Projekty/TrinityTrack6000/MainControlBoard/XMC/XMC4200/Libraries/XMCLib/inc\xmc_usic.h ****  * @return Captured counter value
1183:D:/Projekty/TrinityTrack6000/MainControlBoard/XMC/XMC4200/Libraries/XMCLib/inc\xmc_usic.h ****  *
1184:D:/Projekty/TrinityTrack6000/MainControlBoard/XMC/XMC4200/Libraries/XMCLib/inc\xmc_usic.h ****  *
1185:D:/Projekty/TrinityTrack6000/MainControlBoard/XMC/XMC4200/Libraries/XMCLib/inc\xmc_usic.h ****  * \par<b>Description</b><br>
1186:D:/Projekty/TrinityTrack6000/MainControlBoard/XMC/XMC4200/Libraries/XMCLib/inc\xmc_usic.h ****  * The value of the counter is captured if one of the trigger signals DX0T or DX1T are activated by
1187:D:/Projekty/TrinityTrack6000/MainControlBoard/XMC/XMC4200/Libraries/XMCLib/inc\xmc_usic.h ****  */
1188:D:/Projekty/TrinityTrack6000/MainControlBoard/XMC/XMC4200/Libraries/XMCLib/inc\xmc_usic.h **** __STATIC_INLINE uint32_t XMC_USIC_CH_GetCaptureTimerValue(const XMC_USIC_CH_t *const channel)
1189:D:/Projekty/TrinityTrack6000/MainControlBoard/XMC/XMC4200/Libraries/XMCLib/inc\xmc_usic.h **** {
1190:D:/Projekty/TrinityTrack6000/MainControlBoard/XMC/XMC4200/Libraries/XMCLib/inc\xmc_usic.h ****   return channel->CMTR;
1191:D:/Projekty/TrinityTrack6000/MainControlBoard/XMC/XMC4200/Libraries/XMCLib/inc\xmc_usic.h **** }
1192:D:/Projekty/TrinityTrack6000/MainControlBoard/XMC/XMC4200/Libraries/XMCLib/inc\xmc_usic.h **** 
1193:D:/Projekty/TrinityTrack6000/MainControlBoard/XMC/XMC4200/Libraries/XMCLib/inc\xmc_usic.h **** /**
1194:D:/Projekty/TrinityTrack6000/MainControlBoard/XMC/XMC4200/Libraries/XMCLib/inc\xmc_usic.h ****  * @param  channel Pointer to USIC channel handler of type @ref XMC_USIC_CH_t \n
1195:D:/Projekty/TrinityTrack6000/MainControlBoard/XMC/XMC4200/Libraries/XMCLib/inc\xmc_usic.h ****  *           \b Range: @ref XMC_USIC0_CH0, @ref XMC_USIC0_CH1 to @ref XMC_USIC2_CH1 based on device
1196:D:/Projekty/TrinityTrack6000/MainControlBoard/XMC/XMC4200/Libraries/XMCLib/inc\xmc_usic.h ****  * @param  mode divider mode ::XMC_USIC_CH_BRG_CLOCK_DIVIDER_MODE_t \n
1197:D:/Projekty/TrinityTrack6000/MainControlBoard/XMC/XMC4200/Libraries/XMCLib/inc\xmc_usic.h ****  * @param  step divider \n
1198:D:/Projekty/TrinityTrack6000/MainControlBoard/XMC/XMC4200/Libraries/XMCLib/inc\xmc_usic.h ****  *             \b XMC_USIC_CH_BRG_CLOCK_DIVIDER_MODE_NORMAL resulting divider = 1023 - step \n
1199:D:/Projekty/TrinityTrack6000/MainControlBoard/XMC/XMC4200/Libraries/XMCLib/inc\xmc_usic.h ****  *             \b XMC_USIC_CH_BRG_CLOCK_DIVIDER_MODE_FRACTIONAL resulting divider = 1023 / step \n
1200:D:/Projekty/TrinityTrack6000/MainControlBoard/XMC/XMC4200/Libraries/XMCLib/inc\xmc_usic.h ****  *
1201:D:/Projekty/TrinityTrack6000/MainControlBoard/XMC/XMC4200/Libraries/XMCLib/inc\xmc_usic.h ****  * @return None
1202:D:/Projekty/TrinityTrack6000/MainControlBoard/XMC/XMC4200/Libraries/XMCLib/inc\xmc_usic.h ****  *
1203:D:/Projekty/TrinityTrack6000/MainControlBoard/XMC/XMC4200/Libraries/XMCLib/inc\xmc_usic.h ****  * \par<b>Description</b><br>
1204:D:/Projekty/TrinityTrack6000/MainControlBoard/XMC/XMC4200/Libraries/XMCLib/inc\xmc_usic.h ****  * The fractional divider generates its output frequency fFD by either dividing the input frequency
1205:D:/Projekty/TrinityTrack6000/MainControlBoard/XMC/XMC4200/Libraries/XMCLib/inc\xmc_usic.h ****  *
1206:D:/Projekty/TrinityTrack6000/MainControlBoard/XMC/XMC4200/Libraries/XMCLib/inc\xmc_usic.h ****  */
1207:D:/Projekty/TrinityTrack6000/MainControlBoard/XMC/XMC4200/Libraries/XMCLib/inc\xmc_usic.h **** __STATIC_INLINE void XMC_USIC_CH_SetFractionalDivider(XMC_USIC_CH_t *const channel, const XMC_USIC_
1208:D:/Projekty/TrinityTrack6000/MainControlBoard/XMC/XMC4200/Libraries/XMCLib/inc\xmc_usic.h **** {
1209:D:/Projekty/TrinityTrack6000/MainControlBoard/XMC/XMC4200/Libraries/XMCLib/inc\xmc_usic.h ****   channel->FDR = mode | step;
1210:D:/Projekty/TrinityTrack6000/MainControlBoard/XMC/XMC4200/Libraries/XMCLib/inc\xmc_usic.h **** }
1211:D:/Projekty/TrinityTrack6000/MainControlBoard/XMC/XMC4200/Libraries/XMCLib/inc\xmc_usic.h **** 
1212:D:/Projekty/TrinityTrack6000/MainControlBoard/XMC/XMC4200/Libraries/XMCLib/inc\xmc_usic.h **** /**
1213:D:/Projekty/TrinityTrack6000/MainControlBoard/XMC/XMC4200/Libraries/XMCLib/inc\xmc_usic.h ****  * @param  channel Pointer to USIC channel handler of type @ref XMC_USIC_CH_t \n
1214:D:/Projekty/TrinityTrack6000/MainControlBoard/XMC/XMC4200/Libraries/XMCLib/inc\xmc_usic.h ****  * 				   \b Range: @ref XMC_USIC0_CH0, @ref XMC_USIC0_CH1 to @ref XMC_USIC2_CH1 based on device su
1215:D:/Projekty/TrinityTrack6000/MainControlBoard/XMC/XMC4200/Libraries/XMCLib/inc\xmc_usic.h ****  * @param  frame_length Number of bits in a frame. \n
1216:D:/Projekty/TrinityTrack6000/MainControlBoard/XMC/XMC4200/Libraries/XMCLib/inc\xmc_usic.h ****  * 						\b Range: minimum= 1, maximum= 0x3f. The maximum value for fixed frame size is 0x3f. \n
1217:D:/Projekty/TrinityTrack6000/MainControlBoard/XMC/XMC4200/Libraries/XMCLib/inc\xmc_usic.h ****  * 						e.g: For a frame length of 16, \a frame_length should be provided as 16.
1218:D:/Projekty/TrinityTrack6000/MainControlBoard/XMC/XMC4200/Libraries/XMCLib/inc\xmc_usic.h ****  * @return None
1219:D:/Projekty/TrinityTrack6000/MainControlBoard/XMC/XMC4200/Libraries/XMCLib/inc\xmc_usic.h ****  *
1220:D:/Projekty/TrinityTrack6000/MainControlBoard/XMC/XMC4200/Libraries/XMCLib/inc\xmc_usic.h ****  * \par<b>Description</b><br>
1221:D:/Projekty/TrinityTrack6000/MainControlBoard/XMC/XMC4200/Libraries/XMCLib/inc\xmc_usic.h ****  * Define the data frame length.\n\n
1222:D:/Projekty/TrinityTrack6000/MainControlBoard/XMC/XMC4200/Libraries/XMCLib/inc\xmc_usic.h ****  * Set the number of bits to be serially transmitted in a frame.
1223:D:/Projekty/TrinityTrack6000/MainControlBoard/XMC/XMC4200/Libraries/XMCLib/inc\xmc_usic.h ****  * The frame length should be multiples of word length. If the value is set to 0x40, the frame leng
1224:D:/Projekty/TrinityTrack6000/MainControlBoard/XMC/XMC4200/Libraries/XMCLib/inc\xmc_usic.h ****  * has to be controlled explicitly.
1225:D:/Projekty/TrinityTrack6000/MainControlBoard/XMC/XMC4200/Libraries/XMCLib/inc\xmc_usic.h ****  *
1226:D:/Projekty/TrinityTrack6000/MainControlBoard/XMC/XMC4200/Libraries/XMCLib/inc\xmc_usic.h ****  * \par<b>Related APIs:</b><BR>
1227:D:/Projekty/TrinityTrack6000/MainControlBoard/XMC/XMC4200/Libraries/XMCLib/inc\xmc_usic.h ****  * XMC_USIC_CH_SetWordLength(), XMC_USIC_CH_EnableFrameLengthControl() \n\n\n
1228:D:/Projekty/TrinityTrack6000/MainControlBoard/XMC/XMC4200/Libraries/XMCLib/inc\xmc_usic.h ****  */
1229:D:/Projekty/TrinityTrack6000/MainControlBoard/XMC/XMC4200/Libraries/XMCLib/inc\xmc_usic.h **** __STATIC_INLINE void XMC_USIC_CH_SetFrameLength(XMC_USIC_CH_t *const channel, const uint8_t frame_l
1230:D:/Projekty/TrinityTrack6000/MainControlBoard/XMC/XMC4200/Libraries/XMCLib/inc\xmc_usic.h **** {
1231:D:/Projekty/TrinityTrack6000/MainControlBoard/XMC/XMC4200/Libraries/XMCLib/inc\xmc_usic.h ****   channel->SCTR = (uint32_t)(channel->SCTR & (~USIC_CH_SCTR_FLE_Msk)) |
1232:D:/Projekty/TrinityTrack6000/MainControlBoard/XMC/XMC4200/Libraries/XMCLib/inc\xmc_usic.h ****                   (((uint32_t)frame_length - 0x1U)  << USIC_CH_SCTR_FLE_Pos);
1233:D:/Projekty/TrinityTrack6000/MainControlBoard/XMC/XMC4200/Libraries/XMCLib/inc\xmc_usic.h **** }
1234:D:/Projekty/TrinityTrack6000/MainControlBoard/XMC/XMC4200/Libraries/XMCLib/inc\xmc_usic.h **** 
1235:D:/Projekty/TrinityTrack6000/MainControlBoard/XMC/XMC4200/Libraries/XMCLib/inc\xmc_usic.h **** /**
1236:D:/Projekty/TrinityTrack6000/MainControlBoard/XMC/XMC4200/Libraries/XMCLib/inc\xmc_usic.h ****  * @param channel Pointer to USIC channel handler of type @ref XMC_USIC_CH_t \n
1237:D:/Projekty/TrinityTrack6000/MainControlBoard/XMC/XMC4200/Libraries/XMCLib/inc\xmc_usic.h ****  * 				   \b Range: @ref XMC_USIC0_CH0, @ref XMC_USIC0_CH1 to @ref XMC_USIC2_CH1 based on device su
1238:D:/Projekty/TrinityTrack6000/MainControlBoard/XMC/XMC4200/Libraries/XMCLib/inc\xmc_usic.h ****  * @param event Bit mask of the channel events to be enabled. Use @ref XMC_USIC_CH_EVENT_t for the 
1239:D:/Projekty/TrinityTrack6000/MainControlBoard/XMC/XMC4200/Libraries/XMCLib/inc\xmc_usic.h ****  * 				\b Range: @ref XMC_USIC_CH_EVENT_RECEIVE_START, @ref XMC_USIC_CH_EVENT_DATA_LOST etc. Multip
1240:D:/Projekty/TrinityTrack6000/MainControlBoard/XMC/XMC4200/Libraries/XMCLib/inc\xmc_usic.h ****  * 				can be combined using \a OR operation.
1241:D:/Projekty/TrinityTrack6000/MainControlBoard/XMC/XMC4200/Libraries/XMCLib/inc\xmc_usic.h ****  * @return None
1242:D:/Projekty/TrinityTrack6000/MainControlBoard/XMC/XMC4200/Libraries/XMCLib/inc\xmc_usic.h ****  *
1243:D:/Projekty/TrinityTrack6000/MainControlBoard/XMC/XMC4200/Libraries/XMCLib/inc\xmc_usic.h ****  * \par<b>Description</b><br>
1244:D:/Projekty/TrinityTrack6000/MainControlBoard/XMC/XMC4200/Libraries/XMCLib/inc\xmc_usic.h ****  * Enable the channel interrupt events.\n\n
1245:D:/Projekty/TrinityTrack6000/MainControlBoard/XMC/XMC4200/Libraries/XMCLib/inc\xmc_usic.h ****  * Common channel events related to serial communication can be configured using this API.
1246:D:/Projekty/TrinityTrack6000/MainControlBoard/XMC/XMC4200/Libraries/XMCLib/inc\xmc_usic.h ****  * Multiple events can be combined using the bitwise OR operation and configured in one function ca
1247:D:/Projekty/TrinityTrack6000/MainControlBoard/XMC/XMC4200/Libraries/XMCLib/inc\xmc_usic.h ****  * XMC_USIC_CH_EVENT_t enumerates multiple protocol event bitmasks. These enumerations can be used 
1248:D:/Projekty/TrinityTrack6000/MainControlBoard/XMC/XMC4200/Libraries/XMCLib/inc\xmc_usic.h ****  *
1249:D:/Projekty/TrinityTrack6000/MainControlBoard/XMC/XMC4200/Libraries/XMCLib/inc\xmc_usic.h ****  * \par<b>Related APIs:</b><BR>
1250:D:/Projekty/TrinityTrack6000/MainControlBoard/XMC/XMC4200/Libraries/XMCLib/inc\xmc_usic.h ****  * XMC_USIC_CH_DisableEvent(), XMC_USIC_CH_SetInterruptNodePointer() \n\n\n
1251:D:/Projekty/TrinityTrack6000/MainControlBoard/XMC/XMC4200/Libraries/XMCLib/inc\xmc_usic.h ****  */
1252:D:/Projekty/TrinityTrack6000/MainControlBoard/XMC/XMC4200/Libraries/XMCLib/inc\xmc_usic.h **** __STATIC_INLINE void XMC_USIC_CH_EnableEvent(XMC_USIC_CH_t *const channel, const uint32_t event)
1253:D:/Projekty/TrinityTrack6000/MainControlBoard/XMC/XMC4200/Libraries/XMCLib/inc\xmc_usic.h **** {
1254:D:/Projekty/TrinityTrack6000/MainControlBoard/XMC/XMC4200/Libraries/XMCLib/inc\xmc_usic.h ****   channel->CCR |= event;
1255:D:/Projekty/TrinityTrack6000/MainControlBoard/XMC/XMC4200/Libraries/XMCLib/inc\xmc_usic.h **** }
1256:D:/Projekty/TrinityTrack6000/MainControlBoard/XMC/XMC4200/Libraries/XMCLib/inc\xmc_usic.h **** 
1257:D:/Projekty/TrinityTrack6000/MainControlBoard/XMC/XMC4200/Libraries/XMCLib/inc\xmc_usic.h **** /**
1258:D:/Projekty/TrinityTrack6000/MainControlBoard/XMC/XMC4200/Libraries/XMCLib/inc\xmc_usic.h ****  * @param channel Pointer to USIC channel handler of type @ref XMC_USIC_CH_t \n
1259:D:/Projekty/TrinityTrack6000/MainControlBoard/XMC/XMC4200/Libraries/XMCLib/inc\xmc_usic.h ****  * 				  \b Range: @ref XMC_USIC0_CH0, @ref XMC_USIC0_CH1 to @ref XMC_USIC2_CH1 based on device sup
1260:D:/Projekty/TrinityTrack6000/MainControlBoard/XMC/XMC4200/Libraries/XMCLib/inc\xmc_usic.h ****  * @param event Bit mask of the channel events to be disabled. Use @ref XMC_USIC_CH_EVENT_t for the
1261:D:/Projekty/TrinityTrack6000/MainControlBoard/XMC/XMC4200/Libraries/XMCLib/inc\xmc_usic.h ****  * 				\b Range: @ref XMC_USIC_CH_EVENT_RECEIVE_START, @ref XMC_USIC_CH_EVENT_DATA_LOST etc. Multip
1262:D:/Projekty/TrinityTrack6000/MainControlBoard/XMC/XMC4200/Libraries/XMCLib/inc\xmc_usic.h ****  * 				can be combined using \a OR operation.
1263:D:/Projekty/TrinityTrack6000/MainControlBoard/XMC/XMC4200/Libraries/XMCLib/inc\xmc_usic.h ****  * @return None
1264:D:/Projekty/TrinityTrack6000/MainControlBoard/XMC/XMC4200/Libraries/XMCLib/inc\xmc_usic.h ****  *
1265:D:/Projekty/TrinityTrack6000/MainControlBoard/XMC/XMC4200/Libraries/XMCLib/inc\xmc_usic.h ****  * \par<b>Description</b><br>
1266:D:/Projekty/TrinityTrack6000/MainControlBoard/XMC/XMC4200/Libraries/XMCLib/inc\xmc_usic.h ****  * Disable the channel interrupt events. \n\n
1267:D:/Projekty/TrinityTrack6000/MainControlBoard/XMC/XMC4200/Libraries/XMCLib/inc\xmc_usic.h ****  * Multiple events can be combined using the bitwise OR operation and configured in one function ca
1268:D:/Projekty/TrinityTrack6000/MainControlBoard/XMC/XMC4200/Libraries/XMCLib/inc\xmc_usic.h ****  * XMC_USIC_CH_EVENT_t enumerates multiple protocol event bitmasks. These enumerations can be used 
1269:D:/Projekty/TrinityTrack6000/MainControlBoard/XMC/XMC4200/Libraries/XMCLib/inc\xmc_usic.h ****  *
1270:D:/Projekty/TrinityTrack6000/MainControlBoard/XMC/XMC4200/Libraries/XMCLib/inc\xmc_usic.h ****  * \par<b>Related APIs:</b><BR>
1271:D:/Projekty/TrinityTrack6000/MainControlBoard/XMC/XMC4200/Libraries/XMCLib/inc\xmc_usic.h ****  * XMC_USIC_CH_EnableEvent(), XMC_USIC_CH_SetInterruptNodePointer() \n\n\n
1272:D:/Projekty/TrinityTrack6000/MainControlBoard/XMC/XMC4200/Libraries/XMCLib/inc\xmc_usic.h **** */
1273:D:/Projekty/TrinityTrack6000/MainControlBoard/XMC/XMC4200/Libraries/XMCLib/inc\xmc_usic.h **** __STATIC_INLINE void XMC_USIC_CH_DisableEvent(XMC_USIC_CH_t *const channel, const uint32_t event)
1274:D:/Projekty/TrinityTrack6000/MainControlBoard/XMC/XMC4200/Libraries/XMCLib/inc\xmc_usic.h **** {
1275:D:/Projekty/TrinityTrack6000/MainControlBoard/XMC/XMC4200/Libraries/XMCLib/inc\xmc_usic.h ****   channel->CCR &= (uint32_t)~event;
1276:D:/Projekty/TrinityTrack6000/MainControlBoard/XMC/XMC4200/Libraries/XMCLib/inc\xmc_usic.h **** }
1277:D:/Projekty/TrinityTrack6000/MainControlBoard/XMC/XMC4200/Libraries/XMCLib/inc\xmc_usic.h **** 
1278:D:/Projekty/TrinityTrack6000/MainControlBoard/XMC/XMC4200/Libraries/XMCLib/inc\xmc_usic.h **** /**
1279:D:/Projekty/TrinityTrack6000/MainControlBoard/XMC/XMC4200/Libraries/XMCLib/inc\xmc_usic.h ****  * @param channel Pointer to USIC channel handler of type @ref XMC_USIC_CH_t \n
1280:D:/Projekty/TrinityTrack6000/MainControlBoard/XMC/XMC4200/Libraries/XMCLib/inc\xmc_usic.h ****  * 				  \b Range: @ref XMC_USIC0_CH0, @ref XMC_USIC0_CH1 to @ref XMC_USIC2_CH1 based on device sup
1281:D:/Projekty/TrinityTrack6000/MainControlBoard/XMC/XMC4200/Libraries/XMCLib/inc\xmc_usic.h ****  * @param  interrupt_node Interrupt node pointer to be configured. \n
1282:D:/Projekty/TrinityTrack6000/MainControlBoard/XMC/XMC4200/Libraries/XMCLib/inc\xmc_usic.h ****  * 						  \b Range: @ref XMC_USIC_CH_INTERRUPT_NODE_POINTER_TRANSMIT_SHIFT,
1283:D:/Projekty/TrinityTrack6000/MainControlBoard/XMC/XMC4200/Libraries/XMCLib/inc\xmc_usic.h ****  * 						  			@ref XMC_USIC_CH_INTERRUPT_NODE_POINTER_TRANSMIT_BUFFER etc.
1284:D:/Projekty/TrinityTrack6000/MainControlBoard/XMC/XMC4200/Libraries/XMCLib/inc\xmc_usic.h ****  * @param service_request Service request number.\n
1285:D:/Projekty/TrinityTrack6000/MainControlBoard/XMC/XMC4200/Libraries/XMCLib/inc\xmc_usic.h ****  * 						  \b Range: 0 to 5.
1286:D:/Projekty/TrinityTrack6000/MainControlBoard/XMC/XMC4200/Libraries/XMCLib/inc\xmc_usic.h ****  * @return None
1287:D:/Projekty/TrinityTrack6000/MainControlBoard/XMC/XMC4200/Libraries/XMCLib/inc\xmc_usic.h ****  *
1288:D:/Projekty/TrinityTrack6000/MainControlBoard/XMC/XMC4200/Libraries/XMCLib/inc\xmc_usic.h ****  * \par<b>Description</b><br>
1289:D:/Projekty/TrinityTrack6000/MainControlBoard/XMC/XMC4200/Libraries/XMCLib/inc\xmc_usic.h ****  * Sets the interrupt node for USIC channel events. \n\n
1290:D:/Projekty/TrinityTrack6000/MainControlBoard/XMC/XMC4200/Libraries/XMCLib/inc\xmc_usic.h ****  * For an event to generate interrupt, node pointer should be configured with service request(SR0, 
1291:D:/Projekty/TrinityTrack6000/MainControlBoard/XMC/XMC4200/Libraries/XMCLib/inc\xmc_usic.h ****  * The NVIC node gets linked to the interrupt event by doing so.<br>
1292:D:/Projekty/TrinityTrack6000/MainControlBoard/XMC/XMC4200/Libraries/XMCLib/inc\xmc_usic.h ****  * Note: NVIC node should be separately enabled to generate the interrupt.
1293:D:/Projekty/TrinityTrack6000/MainControlBoard/XMC/XMC4200/Libraries/XMCLib/inc\xmc_usic.h ****  *
1294:D:/Projekty/TrinityTrack6000/MainControlBoard/XMC/XMC4200/Libraries/XMCLib/inc\xmc_usic.h ****  * \par<b>Related APIs:</b><BR>
1295:D:/Projekty/TrinityTrack6000/MainControlBoard/XMC/XMC4200/Libraries/XMCLib/inc\xmc_usic.h ****  * XMC_USIC_CH_EnableEvent() \n\n\n
1296:D:/Projekty/TrinityTrack6000/MainControlBoard/XMC/XMC4200/Libraries/XMCLib/inc\xmc_usic.h ****  */
1297:D:/Projekty/TrinityTrack6000/MainControlBoard/XMC/XMC4200/Libraries/XMCLib/inc\xmc_usic.h **** void XMC_USIC_CH_SetInterruptNodePointer(XMC_USIC_CH_t *const channel,
1298:D:/Projekty/TrinityTrack6000/MainControlBoard/XMC/XMC4200/Libraries/XMCLib/inc\xmc_usic.h ****     const XMC_USIC_CH_INTERRUPT_NODE_POINTER_t interrupt_node,
1299:D:/Projekty/TrinityTrack6000/MainControlBoard/XMC/XMC4200/Libraries/XMCLib/inc\xmc_usic.h ****     const uint32_t service_request);
1300:D:/Projekty/TrinityTrack6000/MainControlBoard/XMC/XMC4200/Libraries/XMCLib/inc\xmc_usic.h **** 
1301:D:/Projekty/TrinityTrack6000/MainControlBoard/XMC/XMC4200/Libraries/XMCLib/inc\xmc_usic.h **** /**
1302:D:/Projekty/TrinityTrack6000/MainControlBoard/XMC/XMC4200/Libraries/XMCLib/inc\xmc_usic.h ****  * @param  channel Pointer to USIC channel handler of type @ref XMC_USIC_CH_t \n
1303:D:/Projekty/TrinityTrack6000/MainControlBoard/XMC/XMC4200/Libraries/XMCLib/inc\xmc_usic.h ****  * 				   \b Range: @ref XMC_USIC0_CH0, @ref XMC_USIC0_CH1 to @ref XMC_USIC2_CH1 based on device su
1304:D:/Projekty/TrinityTrack6000/MainControlBoard/XMC/XMC4200/Libraries/XMCLib/inc\xmc_usic.h ****  * @return Stataus @ref XMC_USIC_CH_TBUF_STATUS_IDLE if transmit buffer is free,
1305:D:/Projekty/TrinityTrack6000/MainControlBoard/XMC/XMC4200/Libraries/XMCLib/inc\xmc_usic.h ****  *                 @ref XMC_USIC_CH_TBUF_STATUS_BUSY if transmit buffer is busy.
1306:D:/Projekty/TrinityTrack6000/MainControlBoard/XMC/XMC4200/Libraries/XMCLib/inc\xmc_usic.h ****  *
1307:D:/Projekty/TrinityTrack6000/MainControlBoard/XMC/XMC4200/Libraries/XMCLib/inc\xmc_usic.h ****  * \par<b>Description</b><br>
1308:D:/Projekty/TrinityTrack6000/MainControlBoard/XMC/XMC4200/Libraries/XMCLib/inc\xmc_usic.h ****  * Gets transmit buffer status. \n\n
1309:D:/Projekty/TrinityTrack6000/MainControlBoard/XMC/XMC4200/Libraries/XMCLib/inc\xmc_usic.h ****  * Status indicates whether the transmit buffer is free, or busy transmitting data.
1310:D:/Projekty/TrinityTrack6000/MainControlBoard/XMC/XMC4200/Libraries/XMCLib/inc\xmc_usic.h ****  * The status depends on the value of TDV flag in TCSR register.
1311:D:/Projekty/TrinityTrack6000/MainControlBoard/XMC/XMC4200/Libraries/XMCLib/inc\xmc_usic.h ****  * This status can be used while transmitting data. Transmit data when the transmit buffer
1312:D:/Projekty/TrinityTrack6000/MainControlBoard/XMC/XMC4200/Libraries/XMCLib/inc\xmc_usic.h ****  * status is @ref XMC_USIC_CH_TBUF_STATUS_IDLE.
1313:D:/Projekty/TrinityTrack6000/MainControlBoard/XMC/XMC4200/Libraries/XMCLib/inc\xmc_usic.h ****  *
1314:D:/Projekty/TrinityTrack6000/MainControlBoard/XMC/XMC4200/Libraries/XMCLib/inc\xmc_usic.h ****  * \par<b>Related APIs:</b><BR>
1315:D:/Projekty/TrinityTrack6000/MainControlBoard/XMC/XMC4200/Libraries/XMCLib/inc\xmc_usic.h ****  * XMC_USIC_CH_SetDataOutputMode() \n\n\n
1316:D:/Projekty/TrinityTrack6000/MainControlBoard/XMC/XMC4200/Libraries/XMCLib/inc\xmc_usic.h ****  */
1317:D:/Projekty/TrinityTrack6000/MainControlBoard/XMC/XMC4200/Libraries/XMCLib/inc\xmc_usic.h **** __STATIC_INLINE XMC_USIC_CH_TBUF_STATUS_t XMC_USIC_CH_GetTransmitBufferStatus(XMC_USIC_CH_t *const 
1318:D:/Projekty/TrinityTrack6000/MainControlBoard/XMC/XMC4200/Libraries/XMCLib/inc\xmc_usic.h **** {
1319:D:/Projekty/TrinityTrack6000/MainControlBoard/XMC/XMC4200/Libraries/XMCLib/inc\xmc_usic.h ****   return (XMC_USIC_CH_TBUF_STATUS_t)(channel->TCSR & USIC_CH_TCSR_TDV_Msk);
1320:D:/Projekty/TrinityTrack6000/MainControlBoard/XMC/XMC4200/Libraries/XMCLib/inc\xmc_usic.h **** }
1321:D:/Projekty/TrinityTrack6000/MainControlBoard/XMC/XMC4200/Libraries/XMCLib/inc\xmc_usic.h **** 
1322:D:/Projekty/TrinityTrack6000/MainControlBoard/XMC/XMC4200/Libraries/XMCLib/inc\xmc_usic.h **** /**
1323:D:/Projekty/TrinityTrack6000/MainControlBoard/XMC/XMC4200/Libraries/XMCLib/inc\xmc_usic.h ****  * @brief API to get receive buffer status
1324:D:/Projekty/TrinityTrack6000/MainControlBoard/XMC/XMC4200/Libraries/XMCLib/inc\xmc_usic.h ****  * @param  channel Pointer to USIC channel handler of type @ref XMC_USIC_CH_t \n
1325:D:/Projekty/TrinityTrack6000/MainControlBoard/XMC/XMC4200/Libraries/XMCLib/inc\xmc_usic.h ****  * 				   \b Range: @ref XMC_USIC0_CH0, @ref XMC_USIC0_CH1 to @ref XMC_USIC2_CH1 based on device su
1326:D:/Projekty/TrinityTrack6000/MainControlBoard/XMC/XMC4200/Libraries/XMCLib/inc\xmc_usic.h ****  * @return Status of data validity check for RBUF0 and RBUF1. \n
1327:D:/Projekty/TrinityTrack6000/MainControlBoard/XMC/XMC4200/Libraries/XMCLib/inc\xmc_usic.h ****  * 		   Returned value should be masked with RDV0 and RDV1 bits to know the status. \n
1328:D:/Projekty/TrinityTrack6000/MainControlBoard/XMC/XMC4200/Libraries/XMCLib/inc\xmc_usic.h ****  * 		   \b Range: @ref XMC_USIC_CH_RBUF_STATUS_DATA_VALID0, @ref XMC_USIC_CH_RBUF_STATUS_DATA_VALID
1329:D:/Projekty/TrinityTrack6000/MainControlBoard/XMC/XMC4200/Libraries/XMCLib/inc\xmc_usic.h ****  *
1330:D:/Projekty/TrinityTrack6000/MainControlBoard/XMC/XMC4200/Libraries/XMCLib/inc\xmc_usic.h ****  * \par<b>Description</b><br>
1331:D:/Projekty/TrinityTrack6000/MainControlBoard/XMC/XMC4200/Libraries/XMCLib/inc\xmc_usic.h ****  * Checks if RBUF0 and RBUF1 have valid unread data. \n\n
1332:D:/Projekty/TrinityTrack6000/MainControlBoard/XMC/XMC4200/Libraries/XMCLib/inc\xmc_usic.h ****  * It checks the bits RDV0 and RDV1 of the RBUFSR register.
1333:D:/Projekty/TrinityTrack6000/MainControlBoard/XMC/XMC4200/Libraries/XMCLib/inc\xmc_usic.h ****  * Returns the value of RBUFSR masked with bitmasks of RDV0 and RDV1.
1334:D:/Projekty/TrinityTrack6000/MainControlBoard/XMC/XMC4200/Libraries/XMCLib/inc\xmc_usic.h ****  * It can be used to decide whether 2bytes has to be read from RBUF or 1 byte.
1335:D:/Projekty/TrinityTrack6000/MainControlBoard/XMC/XMC4200/Libraries/XMCLib/inc\xmc_usic.h ****  * If both bitmasks XMC_USIC_CH_RBUF_STATUS_DATA_VALID0 and XMC_USIC_CH_RBUF_STATUS_DATA_VALID1
1336:D:/Projekty/TrinityTrack6000/MainControlBoard/XMC/XMC4200/Libraries/XMCLib/inc\xmc_usic.h ****  * are set, then 2 bytes can be read from RBUF. If only either of them is set, then only one byte
1337:D:/Projekty/TrinityTrack6000/MainControlBoard/XMC/XMC4200/Libraries/XMCLib/inc\xmc_usic.h ****  * can be read from RBUF.
1338:D:/Projekty/TrinityTrack6000/MainControlBoard/XMC/XMC4200/Libraries/XMCLib/inc\xmc_usic.h ****  * \par<b>Related APIs:</b><BR>
1339:D:/Projekty/TrinityTrack6000/MainControlBoard/XMC/XMC4200/Libraries/XMCLib/inc\xmc_usic.h ****  * XMC_USIC_CH_GetTransmitBufferStatus() \n\n\n
1340:D:/Projekty/TrinityTrack6000/MainControlBoard/XMC/XMC4200/Libraries/XMCLib/inc\xmc_usic.h ****  */
1341:D:/Projekty/TrinityTrack6000/MainControlBoard/XMC/XMC4200/Libraries/XMCLib/inc\xmc_usic.h **** __STATIC_INLINE uint32_t XMC_USIC_CH_GetReceiveBufferStatus(XMC_USIC_CH_t *const channel)
1342:D:/Projekty/TrinityTrack6000/MainControlBoard/XMC/XMC4200/Libraries/XMCLib/inc\xmc_usic.h **** {
1343:D:/Projekty/TrinityTrack6000/MainControlBoard/XMC/XMC4200/Libraries/XMCLib/inc\xmc_usic.h ****   return ((uint32_t) (channel->RBUFSR & (USIC_CH_RBUFSR_RDV0_Msk | USIC_CH_RBUFSR_RDV1_Msk)));
1344:D:/Projekty/TrinityTrack6000/MainControlBoard/XMC/XMC4200/Libraries/XMCLib/inc\xmc_usic.h **** }
1345:D:/Projekty/TrinityTrack6000/MainControlBoard/XMC/XMC4200/Libraries/XMCLib/inc\xmc_usic.h **** 
1346:D:/Projekty/TrinityTrack6000/MainControlBoard/XMC/XMC4200/Libraries/XMCLib/inc\xmc_usic.h **** 
1347:D:/Projekty/TrinityTrack6000/MainControlBoard/XMC/XMC4200/Libraries/XMCLib/inc\xmc_usic.h **** /**
1348:D:/Projekty/TrinityTrack6000/MainControlBoard/XMC/XMC4200/Libraries/XMCLib/inc\xmc_usic.h ****  * @param  channel Pointer to USIC channel handler of type @ref XMC_USIC_CH_t \n
1349:D:/Projekty/TrinityTrack6000/MainControlBoard/XMC/XMC4200/Libraries/XMCLib/inc\xmc_usic.h ****  * 				   \b Range: @ref XMC_USIC0_CH0, @ref XMC_USIC0_CH1 to @ref XMC_USIC2_CH1 based on device su
1350:D:/Projekty/TrinityTrack6000/MainControlBoard/XMC/XMC4200/Libraries/XMCLib/inc\xmc_usic.h ****  * @param  start_transmision_mode Transmission mode to be enabled. \n
1351:D:/Projekty/TrinityTrack6000/MainControlBoard/XMC/XMC4200/Libraries/XMCLib/inc\xmc_usic.h ****  * 								\b Range: @ref XMC_USIC_CH_START_TRANSMISION_DISABLED,
1352:D:/Projekty/TrinityTrack6000/MainControlBoard/XMC/XMC4200/Libraries/XMCLib/inc\xmc_usic.h ****  * 								@ref XMC_USIC_CH_START_TRANSMISION_ON_TDV, @ref XMC_USIC_CH_START_TRANSMISION_ON_TDV_DX2
1353:D:/Projekty/TrinityTrack6000/MainControlBoard/XMC/XMC4200/Libraries/XMCLib/inc\xmc_usic.h ****  * 								@ref XMC_USIC_CH_START_TRANSMISION_ON_TDV_DX2S_1
1354:D:/Projekty/TrinityTrack6000/MainControlBoard/XMC/XMC4200/Libraries/XMCLib/inc\xmc_usic.h ****  *
1355:D:/Projekty/TrinityTrack6000/MainControlBoard/XMC/XMC4200/Libraries/XMCLib/inc\xmc_usic.h ****  * @return None
1356:D:/Projekty/TrinityTrack6000/MainControlBoard/XMC/XMC4200/Libraries/XMCLib/inc\xmc_usic.h ****  *
1357:D:/Projekty/TrinityTrack6000/MainControlBoard/XMC/XMC4200/Libraries/XMCLib/inc\xmc_usic.h ****  * \par<b>Description</b><br>
1358:D:/Projekty/TrinityTrack6000/MainControlBoard/XMC/XMC4200/Libraries/XMCLib/inc\xmc_usic.h ****  * Configures data transmission. \n\n
1359:D:/Projekty/TrinityTrack6000/MainControlBoard/XMC/XMC4200/Libraries/XMCLib/inc\xmc_usic.h ****  * The configuration affects the data shifted on the DOUT0 pin.
1360:D:/Projekty/TrinityTrack6000/MainControlBoard/XMC/XMC4200/Libraries/XMCLib/inc\xmc_usic.h ****  *
1361:D:/Projekty/TrinityTrack6000/MainControlBoard/XMC/XMC4200/Libraries/XMCLib/inc\xmc_usic.h ****  * \par<b>Related APIs:</b><BR>
1362:D:/Projekty/TrinityTrack6000/MainControlBoard/XMC/XMC4200/Libraries/XMCLib/inc\xmc_usic.h ****  * XMC_USIC_CH_GetTransmitBufferStatus(), XMC_USIC_CH_SetDataOutputMode() \n\n\n
1363:D:/Projekty/TrinityTrack6000/MainControlBoard/XMC/XMC4200/Libraries/XMCLib/inc\xmc_usic.h ****  */
1364:D:/Projekty/TrinityTrack6000/MainControlBoard/XMC/XMC4200/Libraries/XMCLib/inc\xmc_usic.h **** __STATIC_INLINE void XMC_USIC_CH_SetStartTransmisionMode(XMC_USIC_CH_t *const channel,
1365:D:/Projekty/TrinityTrack6000/MainControlBoard/XMC/XMC4200/Libraries/XMCLib/inc\xmc_usic.h ****     const XMC_USIC_CH_START_TRANSMISION_MODE_t start_transmision_mode)
1366:D:/Projekty/TrinityTrack6000/MainControlBoard/XMC/XMC4200/Libraries/XMCLib/inc\xmc_usic.h **** {
1367:D:/Projekty/TrinityTrack6000/MainControlBoard/XMC/XMC4200/Libraries/XMCLib/inc\xmc_usic.h ****   channel->TCSR = (uint32_t)(channel->TCSR & (~USIC_CH_TCSR_TDEN_Msk)) | (uint32_t)start_transmisio
1368:D:/Projekty/TrinityTrack6000/MainControlBoard/XMC/XMC4200/Libraries/XMCLib/inc\xmc_usic.h **** }
1369:D:/Projekty/TrinityTrack6000/MainControlBoard/XMC/XMC4200/Libraries/XMCLib/inc\xmc_usic.h **** 
1370:D:/Projekty/TrinityTrack6000/MainControlBoard/XMC/XMC4200/Libraries/XMCLib/inc\xmc_usic.h **** 
1371:D:/Projekty/TrinityTrack6000/MainControlBoard/XMC/XMC4200/Libraries/XMCLib/inc\xmc_usic.h **** /**
1372:D:/Projekty/TrinityTrack6000/MainControlBoard/XMC/XMC4200/Libraries/XMCLib/inc\xmc_usic.h ****  * @param  channel Pointer to USIC channel handler of type @ref XMC_USIC_CH_t \n
1373:D:/Projekty/TrinityTrack6000/MainControlBoard/XMC/XMC4200/Libraries/XMCLib/inc\xmc_usic.h ****  * 				   \b Range: @ref XMC_USIC0_CH0, @ref XMC_USIC0_CH1 to @ref XMC_USIC2_CH1 based on device su
1374:D:/Projekty/TrinityTrack6000/MainControlBoard/XMC/XMC4200/Libraries/XMCLib/inc\xmc_usic.h ****  * @param  data_output_mode  Data output mode. \n
1375:D:/Projekty/TrinityTrack6000/MainControlBoard/XMC/XMC4200/Libraries/XMCLib/inc\xmc_usic.h ****  * 			\b Range: @ref XMC_USIC_CH_DATA_OUTPUT_MODE_NORMAL, @ref XMC_USIC_CH_DATA_OUTPUT_MODE_INVERTE
1376:D:/Projekty/TrinityTrack6000/MainControlBoard/XMC/XMC4200/Libraries/XMCLib/inc\xmc_usic.h ****  * @return None
1377:D:/Projekty/TrinityTrack6000/MainControlBoard/XMC/XMC4200/Libraries/XMCLib/inc\xmc_usic.h ****  *
1378:D:/Projekty/TrinityTrack6000/MainControlBoard/XMC/XMC4200/Libraries/XMCLib/inc\xmc_usic.h ****  * \par<b>Description</b><br>
1379:D:/Projekty/TrinityTrack6000/MainControlBoard/XMC/XMC4200/Libraries/XMCLib/inc\xmc_usic.h ****  * Configures the mode for data output. \n\n
1380:D:/Projekty/TrinityTrack6000/MainControlBoard/XMC/XMC4200/Libraries/XMCLib/inc\xmc_usic.h ****  * USIC channel can be configured to shift inverted data or direct data based on the input to the A
1381:D:/Projekty/TrinityTrack6000/MainControlBoard/XMC/XMC4200/Libraries/XMCLib/inc\xmc_usic.h ****  *
1382:D:/Projekty/TrinityTrack6000/MainControlBoard/XMC/XMC4200/Libraries/XMCLib/inc\xmc_usic.h ****  * \par<b>Related APIs:</b><BR>
1383:D:/Projekty/TrinityTrack6000/MainControlBoard/XMC/XMC4200/Libraries/XMCLib/inc\xmc_usic.h ****  * XMC_USIC_CH_SetStartTransmisionMode() \n\n\n
1384:D:/Projekty/TrinityTrack6000/MainControlBoard/XMC/XMC4200/Libraries/XMCLib/inc\xmc_usic.h ****  */
1385:D:/Projekty/TrinityTrack6000/MainControlBoard/XMC/XMC4200/Libraries/XMCLib/inc\xmc_usic.h **** __STATIC_INLINE void XMC_USIC_CH_SetDataOutputMode(XMC_USIC_CH_t *const channel,
1386:D:/Projekty/TrinityTrack6000/MainControlBoard/XMC/XMC4200/Libraries/XMCLib/inc\xmc_usic.h ****     const XMC_USIC_CH_DATA_OUTPUT_MODE_t data_output_mode)
1387:D:/Projekty/TrinityTrack6000/MainControlBoard/XMC/XMC4200/Libraries/XMCLib/inc\xmc_usic.h **** {
1388:D:/Projekty/TrinityTrack6000/MainControlBoard/XMC/XMC4200/Libraries/XMCLib/inc\xmc_usic.h ****   channel->SCTR = (uint32_t)(channel->SCTR & (~USIC_CH_SCTR_DOCFG_Msk)) | (uint32_t)data_output_mod
1389:D:/Projekty/TrinityTrack6000/MainControlBoard/XMC/XMC4200/Libraries/XMCLib/inc\xmc_usic.h **** }
1390:D:/Projekty/TrinityTrack6000/MainControlBoard/XMC/XMC4200/Libraries/XMCLib/inc\xmc_usic.h **** 
1391:D:/Projekty/TrinityTrack6000/MainControlBoard/XMC/XMC4200/Libraries/XMCLib/inc\xmc_usic.h **** /**
1392:D:/Projekty/TrinityTrack6000/MainControlBoard/XMC/XMC4200/Libraries/XMCLib/inc\xmc_usic.h ****  * @param  channel Pointer to USIC channel handler of type @ref XMC_USIC_CH_t \n
1393:D:/Projekty/TrinityTrack6000/MainControlBoard/XMC/XMC4200/Libraries/XMCLib/inc\xmc_usic.h ****  * 				   \b Range: @ref XMC_USIC0_CH0, @ref XMC_USIC0_CH1 to @ref XMC_USIC2_CH1 based on device su
1394:D:/Projekty/TrinityTrack6000/MainControlBoard/XMC/XMC4200/Libraries/XMCLib/inc\xmc_usic.h ****  * @return None
1395:D:/Projekty/TrinityTrack6000/MainControlBoard/XMC/XMC4200/Libraries/XMCLib/inc\xmc_usic.h ****  *
1396:D:/Projekty/TrinityTrack6000/MainControlBoard/XMC/XMC4200/Libraries/XMCLib/inc\xmc_usic.h ****  * \par<b>Description</b><br>
1397:D:/Projekty/TrinityTrack6000/MainControlBoard/XMC/XMC4200/Libraries/XMCLib/inc\xmc_usic.h ****  * Enables automatic update of frame length. \n\n
1398:D:/Projekty/TrinityTrack6000/MainControlBoard/XMC/XMC4200/Libraries/XMCLib/inc\xmc_usic.h ****  * When the automatic update of frame length is enabled, frame length is configured based on the
1399:D:/Projekty/TrinityTrack6000/MainControlBoard/XMC/XMC4200/Libraries/XMCLib/inc\xmc_usic.h ****  * index of the TBUF[]/IN[] register array. When the data is written to TBUF[x], frame length is co
1400:D:/Projekty/TrinityTrack6000/MainControlBoard/XMC/XMC4200/Libraries/XMCLib/inc\xmc_usic.h ****  * with the mask value of \a x at the last 5 bit positions. Same logic is applicable if data is wri
1401:D:/Projekty/TrinityTrack6000/MainControlBoard/XMC/XMC4200/Libraries/XMCLib/inc\xmc_usic.h ****  * IN[x] register.
1402:D:/Projekty/TrinityTrack6000/MainControlBoard/XMC/XMC4200/Libraries/XMCLib/inc\xmc_usic.h ****  *
1403:D:/Projekty/TrinityTrack6000/MainControlBoard/XMC/XMC4200/Libraries/XMCLib/inc\xmc_usic.h ****  * \par<b>Related APIs:</b><BR>
1404:D:/Projekty/TrinityTrack6000/MainControlBoard/XMC/XMC4200/Libraries/XMCLib/inc\xmc_usic.h ****  * XMC_USIC_CH_DisableFrameLengthControl(), XMC_USIC_CH_TXFIFO_PutDataFLEMode() \n\n\n
1405:D:/Projekty/TrinityTrack6000/MainControlBoard/XMC/XMC4200/Libraries/XMCLib/inc\xmc_usic.h ****  */
1406:D:/Projekty/TrinityTrack6000/MainControlBoard/XMC/XMC4200/Libraries/XMCLib/inc\xmc_usic.h **** __STATIC_INLINE void XMC_USIC_CH_EnableFrameLengthControl(XMC_USIC_CH_t *const channel)
1407:D:/Projekty/TrinityTrack6000/MainControlBoard/XMC/XMC4200/Libraries/XMCLib/inc\xmc_usic.h **** {
1408:D:/Projekty/TrinityTrack6000/MainControlBoard/XMC/XMC4200/Libraries/XMCLib/inc\xmc_usic.h ****   channel->TCSR = (uint32_t)(channel->TCSR & (~(USIC_CH_TCSR_WLEMD_Msk |
1409:D:/Projekty/TrinityTrack6000/MainControlBoard/XMC/XMC4200/Libraries/XMCLib/inc\xmc_usic.h ****                              USIC_CH_TCSR_SELMD_Msk |
1410:D:/Projekty/TrinityTrack6000/MainControlBoard/XMC/XMC4200/Libraries/XMCLib/inc\xmc_usic.h ****                              USIC_CH_TCSR_WAMD_Msk |
1411:D:/Projekty/TrinityTrack6000/MainControlBoard/XMC/XMC4200/Libraries/XMCLib/inc\xmc_usic.h ****                              USIC_CH_TCSR_HPCMD_Msk))) |
1412:D:/Projekty/TrinityTrack6000/MainControlBoard/XMC/XMC4200/Libraries/XMCLib/inc\xmc_usic.h ****                   (uint32_t)USIC_CH_TCSR_FLEMD_Msk;
1413:D:/Projekty/TrinityTrack6000/MainControlBoard/XMC/XMC4200/Libraries/XMCLib/inc\xmc_usic.h **** }
1414:D:/Projekty/TrinityTrack6000/MainControlBoard/XMC/XMC4200/Libraries/XMCLib/inc\xmc_usic.h **** 
1415:D:/Projekty/TrinityTrack6000/MainControlBoard/XMC/XMC4200/Libraries/XMCLib/inc\xmc_usic.h **** /**
1416:D:/Projekty/TrinityTrack6000/MainControlBoard/XMC/XMC4200/Libraries/XMCLib/inc\xmc_usic.h ****  * @param  channel Pointer to USIC channel handler of type @ref XMC_USIC_CH_t \n
1417:D:/Projekty/TrinityTrack6000/MainControlBoard/XMC/XMC4200/Libraries/XMCLib/inc\xmc_usic.h ****  * 				   \b Range: @ref XMC_USIC0_CH0, @ref XMC_USIC0_CH1 to @ref XMC_USIC2_CH1 based on device su
1418:D:/Projekty/TrinityTrack6000/MainControlBoard/XMC/XMC4200/Libraries/XMCLib/inc\xmc_usic.h ****  * @return None
1419:D:/Projekty/TrinityTrack6000/MainControlBoard/XMC/XMC4200/Libraries/XMCLib/inc\xmc_usic.h ****  *
1420:D:/Projekty/TrinityTrack6000/MainControlBoard/XMC/XMC4200/Libraries/XMCLib/inc\xmc_usic.h ****  * \par<b>Description</b><br>
1421:D:/Projekty/TrinityTrack6000/MainControlBoard/XMC/XMC4200/Libraries/XMCLib/inc\xmc_usic.h ****  * Enables automatic update of word length. \n\n
1422:D:/Projekty/TrinityTrack6000/MainControlBoard/XMC/XMC4200/Libraries/XMCLib/inc\xmc_usic.h ****  * When the automatic update of word length is enabled, word length is configured based on the
1423:D:/Projekty/TrinityTrack6000/MainControlBoard/XMC/XMC4200/Libraries/XMCLib/inc\xmc_usic.h ****  * index of the TBUF[]/IN[] register array. When the data is written to TBUF[x], word length is con
1424:D:/Projekty/TrinityTrack6000/MainControlBoard/XMC/XMC4200/Libraries/XMCLib/inc\xmc_usic.h ****  * with the mask value of \a x at the last 5 bit positions. Same logic is applicable if data is wri
1425:D:/Projekty/TrinityTrack6000/MainControlBoard/XMC/XMC4200/Libraries/XMCLib/inc\xmc_usic.h ****  * IN[x] register.
1426:D:/Projekty/TrinityTrack6000/MainControlBoard/XMC/XMC4200/Libraries/XMCLib/inc\xmc_usic.h ****  *
1427:D:/Projekty/TrinityTrack6000/MainControlBoard/XMC/XMC4200/Libraries/XMCLib/inc\xmc_usic.h ****  * \par<b>Related APIs:</b><BR>
1428:D:/Projekty/TrinityTrack6000/MainControlBoard/XMC/XMC4200/Libraries/XMCLib/inc\xmc_usic.h ****  * XMC_USIC_CH_DisableFrameLengthControl(), XMC_USIC_CH_TXFIFO_PutDataFLEMode() \n\n\n
1429:D:/Projekty/TrinityTrack6000/MainControlBoard/XMC/XMC4200/Libraries/XMCLib/inc\xmc_usic.h ****  */
1430:D:/Projekty/TrinityTrack6000/MainControlBoard/XMC/XMC4200/Libraries/XMCLib/inc\xmc_usic.h **** __STATIC_INLINE void XMC_USIC_CH_EnableWordLengthControl(XMC_USIC_CH_t *const channel)
1431:D:/Projekty/TrinityTrack6000/MainControlBoard/XMC/XMC4200/Libraries/XMCLib/inc\xmc_usic.h **** {
1432:D:/Projekty/TrinityTrack6000/MainControlBoard/XMC/XMC4200/Libraries/XMCLib/inc\xmc_usic.h ****   channel->TCSR = (uint32_t)(channel->TCSR & (~(USIC_CH_TCSR_WLEMD_Msk |
1433:D:/Projekty/TrinityTrack6000/MainControlBoard/XMC/XMC4200/Libraries/XMCLib/inc\xmc_usic.h ****                              USIC_CH_TCSR_SELMD_Msk |
1434:D:/Projekty/TrinityTrack6000/MainControlBoard/XMC/XMC4200/Libraries/XMCLib/inc\xmc_usic.h ****                              USIC_CH_TCSR_WAMD_Msk |
1435:D:/Projekty/TrinityTrack6000/MainControlBoard/XMC/XMC4200/Libraries/XMCLib/inc\xmc_usic.h ****                              USIC_CH_TCSR_HPCMD_Msk))) |
1436:D:/Projekty/TrinityTrack6000/MainControlBoard/XMC/XMC4200/Libraries/XMCLib/inc\xmc_usic.h ****                   (uint32_t)USIC_CH_TCSR_WLEMD_Msk;
1437:D:/Projekty/TrinityTrack6000/MainControlBoard/XMC/XMC4200/Libraries/XMCLib/inc\xmc_usic.h **** }
1438:D:/Projekty/TrinityTrack6000/MainControlBoard/XMC/XMC4200/Libraries/XMCLib/inc\xmc_usic.h **** 
1439:D:/Projekty/TrinityTrack6000/MainControlBoard/XMC/XMC4200/Libraries/XMCLib/inc\xmc_usic.h **** /**
1440:D:/Projekty/TrinityTrack6000/MainControlBoard/XMC/XMC4200/Libraries/XMCLib/inc\xmc_usic.h ****  * @param  channel Pointer to USIC channel handler of type @ref XMC_USIC_CH_t \n
1441:D:/Projekty/TrinityTrack6000/MainControlBoard/XMC/XMC4200/Libraries/XMCLib/inc\xmc_usic.h ****  * 				   \b Range: @ref XMC_USIC0_CH0, @ref XMC_USIC0_CH1 to @ref XMC_USIC2_CH1 based on device su
1442:D:/Projekty/TrinityTrack6000/MainControlBoard/XMC/XMC4200/Libraries/XMCLib/inc\xmc_usic.h ****  * @return None
1443:D:/Projekty/TrinityTrack6000/MainControlBoard/XMC/XMC4200/Libraries/XMCLib/inc\xmc_usic.h ****  *
1444:D:/Projekty/TrinityTrack6000/MainControlBoard/XMC/XMC4200/Libraries/XMCLib/inc\xmc_usic.h ****  * \par<b>Description</b><br>
1445:D:/Projekty/TrinityTrack6000/MainControlBoard/XMC/XMC4200/Libraries/XMCLib/inc\xmc_usic.h ****  * Disables automatic update of frame length. \n\n
1446:D:/Projekty/TrinityTrack6000/MainControlBoard/XMC/XMC4200/Libraries/XMCLib/inc\xmc_usic.h ****  * When automatic update of frame length is disabled, frame length has to configured explicitly.
1447:D:/Projekty/TrinityTrack6000/MainControlBoard/XMC/XMC4200/Libraries/XMCLib/inc\xmc_usic.h ****  * Frame length remains fixed until it is changed again.
1448:D:/Projekty/TrinityTrack6000/MainControlBoard/XMC/XMC4200/Libraries/XMCLib/inc\xmc_usic.h ****  *
1449:D:/Projekty/TrinityTrack6000/MainControlBoard/XMC/XMC4200/Libraries/XMCLib/inc\xmc_usic.h ****  * \par<b>Related APIs:</b><BR>
1450:D:/Projekty/TrinityTrack6000/MainControlBoard/XMC/XMC4200/Libraries/XMCLib/inc\xmc_usic.h ****  * XMC_USIC_CH_EnableFrameLengthControl(), XMC_USIC_CH_SetFrameLength() \n\n\n
1451:D:/Projekty/TrinityTrack6000/MainControlBoard/XMC/XMC4200/Libraries/XMCLib/inc\xmc_usic.h ****  */
1452:D:/Projekty/TrinityTrack6000/MainControlBoard/XMC/XMC4200/Libraries/XMCLib/inc\xmc_usic.h **** __STATIC_INLINE void XMC_USIC_CH_DisableFrameLengthControl(XMC_USIC_CH_t *const channel)
1453:D:/Projekty/TrinityTrack6000/MainControlBoard/XMC/XMC4200/Libraries/XMCLib/inc\xmc_usic.h **** {
1454:D:/Projekty/TrinityTrack6000/MainControlBoard/XMC/XMC4200/Libraries/XMCLib/inc\xmc_usic.h ****   channel->TCSR &= (uint32_t)~USIC_CH_TCSR_FLEMD_Msk;
1455:D:/Projekty/TrinityTrack6000/MainControlBoard/XMC/XMC4200/Libraries/XMCLib/inc\xmc_usic.h **** }
1456:D:/Projekty/TrinityTrack6000/MainControlBoard/XMC/XMC4200/Libraries/XMCLib/inc\xmc_usic.h **** 
1457:D:/Projekty/TrinityTrack6000/MainControlBoard/XMC/XMC4200/Libraries/XMCLib/inc\xmc_usic.h **** /**
1458:D:/Projekty/TrinityTrack6000/MainControlBoard/XMC/XMC4200/Libraries/XMCLib/inc\xmc_usic.h ****  * @param  channel Pointer to USIC channel handler of type @ref XMC_USIC_CH_t \n
1459:D:/Projekty/TrinityTrack6000/MainControlBoard/XMC/XMC4200/Libraries/XMCLib/inc\xmc_usic.h ****  * 				   \b Range: @ref XMC_USIC0_CH0, @ref XMC_USIC0_CH1 to @ref XMC_USIC2_CH1 based on device su
1460:D:/Projekty/TrinityTrack6000/MainControlBoard/XMC/XMC4200/Libraries/XMCLib/inc\xmc_usic.h ****  * @return None
1461:D:/Projekty/TrinityTrack6000/MainControlBoard/XMC/XMC4200/Libraries/XMCLib/inc\xmc_usic.h ****  *
1462:D:/Projekty/TrinityTrack6000/MainControlBoard/XMC/XMC4200/Libraries/XMCLib/inc\xmc_usic.h ****  * \par<b>Description</b><br>
1463:D:/Projekty/TrinityTrack6000/MainControlBoard/XMC/XMC4200/Libraries/XMCLib/inc\xmc_usic.h ****  * Disables automatic update of word length. \n\n
1464:D:/Projekty/TrinityTrack6000/MainControlBoard/XMC/XMC4200/Libraries/XMCLib/inc\xmc_usic.h ****  * When automatic update of word length is disabled, word length has to configured explicitly.
1465:D:/Projekty/TrinityTrack6000/MainControlBoard/XMC/XMC4200/Libraries/XMCLib/inc\xmc_usic.h ****  * Word length remains fixed until it is changed again.
1466:D:/Projekty/TrinityTrack6000/MainControlBoard/XMC/XMC4200/Libraries/XMCLib/inc\xmc_usic.h ****  *
1467:D:/Projekty/TrinityTrack6000/MainControlBoard/XMC/XMC4200/Libraries/XMCLib/inc\xmc_usic.h ****  * \par<b>Related APIs:</b><BR>
1468:D:/Projekty/TrinityTrack6000/MainControlBoard/XMC/XMC4200/Libraries/XMCLib/inc\xmc_usic.h ****  * XMC_USIC_CH_EnableFrameLengthControl(), XMC_USIC_CH_SetWordLength() \n\n\n
1469:D:/Projekty/TrinityTrack6000/MainControlBoard/XMC/XMC4200/Libraries/XMCLib/inc\xmc_usic.h ****  */
1470:D:/Projekty/TrinityTrack6000/MainControlBoard/XMC/XMC4200/Libraries/XMCLib/inc\xmc_usic.h **** __STATIC_INLINE void XMC_USIC_CH_DisableWordLengthControl(XMC_USIC_CH_t *const channel)
1471:D:/Projekty/TrinityTrack6000/MainControlBoard/XMC/XMC4200/Libraries/XMCLib/inc\xmc_usic.h **** {
1472:D:/Projekty/TrinityTrack6000/MainControlBoard/XMC/XMC4200/Libraries/XMCLib/inc\xmc_usic.h ****   channel->TCSR &= (uint32_t)~USIC_CH_TCSR_WLEMD_Msk;
1473:D:/Projekty/TrinityTrack6000/MainControlBoard/XMC/XMC4200/Libraries/XMCLib/inc\xmc_usic.h **** }
1474:D:/Projekty/TrinityTrack6000/MainControlBoard/XMC/XMC4200/Libraries/XMCLib/inc\xmc_usic.h **** 
1475:D:/Projekty/TrinityTrack6000/MainControlBoard/XMC/XMC4200/Libraries/XMCLib/inc\xmc_usic.h **** /**
1476:D:/Projekty/TrinityTrack6000/MainControlBoard/XMC/XMC4200/Libraries/XMCLib/inc\xmc_usic.h ****  * @param  channel Pointer to USIC channel handler of type @ref XMC_USIC_CH_t \n
1477:D:/Projekty/TrinityTrack6000/MainControlBoard/XMC/XMC4200/Libraries/XMCLib/inc\xmc_usic.h ****  * 				   \b Range: @ref XMC_USIC0_CH0, @ref XMC_USIC0_CH1 to @ref XMC_USIC2_CH1 based on device su
1478:D:/Projekty/TrinityTrack6000/MainControlBoard/XMC/XMC4200/Libraries/XMCLib/inc\xmc_usic.h ****  * @return None
1479:D:/Projekty/TrinityTrack6000/MainControlBoard/XMC/XMC4200/Libraries/XMCLib/inc\xmc_usic.h ****  *
1480:D:/Projekty/TrinityTrack6000/MainControlBoard/XMC/XMC4200/Libraries/XMCLib/inc\xmc_usic.h ****  * \par<b>Description</b><br>
1481:D:/Projekty/TrinityTrack6000/MainControlBoard/XMC/XMC4200/Libraries/XMCLib/inc\xmc_usic.h ****  * Bit TCSR.TE is set if DX2T becomes active while TDV = 1. \n\n
1482:D:/Projekty/TrinityTrack6000/MainControlBoard/XMC/XMC4200/Libraries/XMCLib/inc\xmc_usic.h ****  * Enables the transfer trigger unit to set bit TCSR.TE if the trigger signal DX2T becomes active
1483:D:/Projekty/TrinityTrack6000/MainControlBoard/XMC/XMC4200/Libraries/XMCLib/inc\xmc_usic.h ****  * for event driven transfer starts.
1484:D:/Projekty/TrinityTrack6000/MainControlBoard/XMC/XMC4200/Libraries/XMCLib/inc\xmc_usic.h ****  *
1485:D:/Projekty/TrinityTrack6000/MainControlBoard/XMC/XMC4200/Libraries/XMCLib/inc\xmc_usic.h ****  * \par<b>Related APIs:</b><BR>
1486:D:/Projekty/TrinityTrack6000/MainControlBoard/XMC/XMC4200/Libraries/XMCLib/inc\xmc_usic.h ****  * XMC_USIC_CH_DisableTBUFDataValidTrigger()\n\n\n
1487:D:/Projekty/TrinityTrack6000/MainControlBoard/XMC/XMC4200/Libraries/XMCLib/inc\xmc_usic.h ****  */
1488:D:/Projekty/TrinityTrack6000/MainControlBoard/XMC/XMC4200/Libraries/XMCLib/inc\xmc_usic.h **** __STATIC_INLINE void XMC_USIC_CH_EnableTBUFDataValidTrigger(XMC_USIC_CH_t *const channel)
1489:D:/Projekty/TrinityTrack6000/MainControlBoard/XMC/XMC4200/Libraries/XMCLib/inc\xmc_usic.h **** {
1490:D:/Projekty/TrinityTrack6000/MainControlBoard/XMC/XMC4200/Libraries/XMCLib/inc\xmc_usic.h ****   channel->TCSR |= (uint32_t)USIC_CH_TCSR_TDVTR_Msk;
1491:D:/Projekty/TrinityTrack6000/MainControlBoard/XMC/XMC4200/Libraries/XMCLib/inc\xmc_usic.h **** }
1492:D:/Projekty/TrinityTrack6000/MainControlBoard/XMC/XMC4200/Libraries/XMCLib/inc\xmc_usic.h **** 
1493:D:/Projekty/TrinityTrack6000/MainControlBoard/XMC/XMC4200/Libraries/XMCLib/inc\xmc_usic.h **** /**
1494:D:/Projekty/TrinityTrack6000/MainControlBoard/XMC/XMC4200/Libraries/XMCLib/inc\xmc_usic.h ****  * @param  channel Pointer to USIC channel handler of type @ref XMC_USIC_CH_t \n
1495:D:/Projekty/TrinityTrack6000/MainControlBoard/XMC/XMC4200/Libraries/XMCLib/inc\xmc_usic.h ****  * 				   \b Range: @ref XMC_USIC0_CH0, @ref XMC_USIC0_CH1 to @ref XMC_USIC2_CH1 based on device su
1496:D:/Projekty/TrinityTrack6000/MainControlBoard/XMC/XMC4200/Libraries/XMCLib/inc\xmc_usic.h ****  * @return None
1497:D:/Projekty/TrinityTrack6000/MainControlBoard/XMC/XMC4200/Libraries/XMCLib/inc\xmc_usic.h ****  *
1498:D:/Projekty/TrinityTrack6000/MainControlBoard/XMC/XMC4200/Libraries/XMCLib/inc\xmc_usic.h ****  * \par<b>Description</b><br>
1499:D:/Projekty/TrinityTrack6000/MainControlBoard/XMC/XMC4200/Libraries/XMCLib/inc\xmc_usic.h ****  * Disables the trigger of TDV depending on DX2T signal. \n\n
1500:D:/Projekty/TrinityTrack6000/MainControlBoard/XMC/XMC4200/Libraries/XMCLib/inc\xmc_usic.h ****  * Bit TCSR.TE is permanently set.
1501:D:/Projekty/TrinityTrack6000/MainControlBoard/XMC/XMC4200/Libraries/XMCLib/inc\xmc_usic.h ****  *
1502:D:/Projekty/TrinityTrack6000/MainControlBoard/XMC/XMC4200/Libraries/XMCLib/inc\xmc_usic.h ****  * \par<b>Related APIs:</b><BR>
1503:D:/Projekty/TrinityTrack6000/MainControlBoard/XMC/XMC4200/Libraries/XMCLib/inc\xmc_usic.h ****  * XMC_USIC_CH_EnableTBUFDataValidTrigger() \n\n\n
1504:D:/Projekty/TrinityTrack6000/MainControlBoard/XMC/XMC4200/Libraries/XMCLib/inc\xmc_usic.h ****  */
1505:D:/Projekty/TrinityTrack6000/MainControlBoard/XMC/XMC4200/Libraries/XMCLib/inc\xmc_usic.h **** __STATIC_INLINE void XMC_USIC_CH_DisableTBUFDataValidTrigger(XMC_USIC_CH_t *const channel)
1506:D:/Projekty/TrinityTrack6000/MainControlBoard/XMC/XMC4200/Libraries/XMCLib/inc\xmc_usic.h **** {
1507:D:/Projekty/TrinityTrack6000/MainControlBoard/XMC/XMC4200/Libraries/XMCLib/inc\xmc_usic.h ****   channel->TCSR &= (uint32_t)~USIC_CH_TCSR_TDVTR_Msk;
1508:D:/Projekty/TrinityTrack6000/MainControlBoard/XMC/XMC4200/Libraries/XMCLib/inc\xmc_usic.h **** }
1509:D:/Projekty/TrinityTrack6000/MainControlBoard/XMC/XMC4200/Libraries/XMCLib/inc\xmc_usic.h **** 
1510:D:/Projekty/TrinityTrack6000/MainControlBoard/XMC/XMC4200/Libraries/XMCLib/inc\xmc_usic.h **** /**
1511:D:/Projekty/TrinityTrack6000/MainControlBoard/XMC/XMC4200/Libraries/XMCLib/inc\xmc_usic.h ****  * @param  channel Pointer to USIC channel handler of type @ref XMC_USIC_CH_t \n
1512:D:/Projekty/TrinityTrack6000/MainControlBoard/XMC/XMC4200/Libraries/XMCLib/inc\xmc_usic.h ****  * 				   \b Range: @ref XMC_USIC0_CH0, @ref XMC_USIC0_CH1 to @ref XMC_USIC2_CH1 based on device su
1513:D:/Projekty/TrinityTrack6000/MainControlBoard/XMC/XMC4200/Libraries/XMCLib/inc\xmc_usic.h ****  * @param  service_request_line service request number of the event to be triggered. \n
1514:D:/Projekty/TrinityTrack6000/MainControlBoard/XMC/XMC4200/Libraries/XMCLib/inc\xmc_usic.h ****  * 			\b Range: 0 to 5.
1515:D:/Projekty/TrinityTrack6000/MainControlBoard/XMC/XMC4200/Libraries/XMCLib/inc\xmc_usic.h ****  * @return None
1516:D:/Projekty/TrinityTrack6000/MainControlBoard/XMC/XMC4200/Libraries/XMCLib/inc\xmc_usic.h ****  *
1517:D:/Projekty/TrinityTrack6000/MainControlBoard/XMC/XMC4200/Libraries/XMCLib/inc\xmc_usic.h ****  * \par<b>Description</b><br>
1518:D:/Projekty/TrinityTrack6000/MainControlBoard/XMC/XMC4200/Libraries/XMCLib/inc\xmc_usic.h ****  * Trigger a USIC interrupt service request.\n\n
1519:D:/Projekty/TrinityTrack6000/MainControlBoard/XMC/XMC4200/Libraries/XMCLib/inc\xmc_usic.h ****  * When the USIC service request is triggered, the NVIC interrupt associated with it will be
1520:D:/Projekty/TrinityTrack6000/MainControlBoard/XMC/XMC4200/Libraries/XMCLib/inc\xmc_usic.h ****  * generated if enabled.
1521:D:/Projekty/TrinityTrack6000/MainControlBoard/XMC/XMC4200/Libraries/XMCLib/inc\xmc_usic.h ****  *
1522:D:/Projekty/TrinityTrack6000/MainControlBoard/XMC/XMC4200/Libraries/XMCLib/inc\xmc_usic.h ****  * \par<b>Related APIs:</b><BR>
1523:D:/Projekty/TrinityTrack6000/MainControlBoard/XMC/XMC4200/Libraries/XMCLib/inc\xmc_usic.h ****  * XMC_USIC_CH_SetInterruptNodePointer() \n\n\n
1524:D:/Projekty/TrinityTrack6000/MainControlBoard/XMC/XMC4200/Libraries/XMCLib/inc\xmc_usic.h ****  */
1525:D:/Projekty/TrinityTrack6000/MainControlBoard/XMC/XMC4200/Libraries/XMCLib/inc\xmc_usic.h **** __STATIC_INLINE void XMC_USIC_CH_TriggerServiceRequest(XMC_USIC_CH_t *const channel, const uint32_t
1526:D:/Projekty/TrinityTrack6000/MainControlBoard/XMC/XMC4200/Libraries/XMCLib/inc\xmc_usic.h **** {
1527:D:/Projekty/TrinityTrack6000/MainControlBoard/XMC/XMC4200/Libraries/XMCLib/inc\xmc_usic.h ****   channel->FMR = (uint32_t)(USIC_CH_FMR_SIO0_Msk << service_request_line);
1528:D:/Projekty/TrinityTrack6000/MainControlBoard/XMC/XMC4200/Libraries/XMCLib/inc\xmc_usic.h **** }
1529:D:/Projekty/TrinityTrack6000/MainControlBoard/XMC/XMC4200/Libraries/XMCLib/inc\xmc_usic.h **** 
1530:D:/Projekty/TrinityTrack6000/MainControlBoard/XMC/XMC4200/Libraries/XMCLib/inc\xmc_usic.h **** /**
1531:D:/Projekty/TrinityTrack6000/MainControlBoard/XMC/XMC4200/Libraries/XMCLib/inc\xmc_usic.h ****  * @param  channel Pointer to USIC channel handler of type @ref XMC_USIC_CH_t \n
1532:D:/Projekty/TrinityTrack6000/MainControlBoard/XMC/XMC4200/Libraries/XMCLib/inc\xmc_usic.h ****  * 				   \b Range: @ref XMC_USIC0_CH0, @ref XMC_USIC0_CH1 to @ref XMC_USIC2_CH1 based on device su
1533:D:/Projekty/TrinityTrack6000/MainControlBoard/XMC/XMC4200/Libraries/XMCLib/inc\xmc_usic.h ****  * @param  transmit_buffer_status clearing or setting the TDV flag. \n
1534:D:/Projekty/TrinityTrack6000/MainControlBoard/XMC/XMC4200/Libraries/XMCLib/inc\xmc_usic.h ****  *
1535:D:/Projekty/TrinityTrack6000/MainControlBoard/XMC/XMC4200/Libraries/XMCLib/inc\xmc_usic.h ****  * @return None
1536:D:/Projekty/TrinityTrack6000/MainControlBoard/XMC/XMC4200/Libraries/XMCLib/inc\xmc_usic.h ****  *
1537:D:/Projekty/TrinityTrack6000/MainControlBoard/XMC/XMC4200/Libraries/XMCLib/inc\xmc_usic.h ****  * \par<b>Description</b><br>
1538:D:/Projekty/TrinityTrack6000/MainControlBoard/XMC/XMC4200/Libraries/XMCLib/inc\xmc_usic.h ****  * Modify TCSR.TDV and TCSR.TE to control the start of a data word transmission by software.
1539:D:/Projekty/TrinityTrack6000/MainControlBoard/XMC/XMC4200/Libraries/XMCLib/inc\xmc_usic.h ****  *
1540:D:/Projekty/TrinityTrack6000/MainControlBoard/XMC/XMC4200/Libraries/XMCLib/inc\xmc_usic.h ****  * \par<b>Related APIs:</b><BR>
1541:D:/Projekty/TrinityTrack6000/MainControlBoard/XMC/XMC4200/Libraries/XMCLib/inc\xmc_usic.h ****  * XMC_USIC_CH_GetTransmitBufferStatus() \n\n\n
1542:D:/Projekty/TrinityTrack6000/MainControlBoard/XMC/XMC4200/Libraries/XMCLib/inc\xmc_usic.h ****  */
1543:D:/Projekty/TrinityTrack6000/MainControlBoard/XMC/XMC4200/Libraries/XMCLib/inc\xmc_usic.h **** __STATIC_INLINE void XMC_USIC_CH_SetTransmitBufferStatus(XMC_USIC_CH_t *const channel,
1544:D:/Projekty/TrinityTrack6000/MainControlBoard/XMC/XMC4200/Libraries/XMCLib/inc\xmc_usic.h ****     const XMC_USIC_CH_TBUF_STATUS_SET_t transmit_buffer_status)
1545:D:/Projekty/TrinityTrack6000/MainControlBoard/XMC/XMC4200/Libraries/XMCLib/inc\xmc_usic.h **** {
1546:D:/Projekty/TrinityTrack6000/MainControlBoard/XMC/XMC4200/Libraries/XMCLib/inc\xmc_usic.h ****   channel->FMR = (uint32_t)transmit_buffer_status;
1547:D:/Projekty/TrinityTrack6000/MainControlBoard/XMC/XMC4200/Libraries/XMCLib/inc\xmc_usic.h **** }
1548:D:/Projekty/TrinityTrack6000/MainControlBoard/XMC/XMC4200/Libraries/XMCLib/inc\xmc_usic.h **** 
1549:D:/Projekty/TrinityTrack6000/MainControlBoard/XMC/XMC4200/Libraries/XMCLib/inc\xmc_usic.h **** /**
1550:D:/Projekty/TrinityTrack6000/MainControlBoard/XMC/XMC4200/Libraries/XMCLib/inc\xmc_usic.h ****  * @param  channel Pointer to USIC channel handler of type @ref XMC_USIC_CH_t \n
1551:D:/Projekty/TrinityTrack6000/MainControlBoard/XMC/XMC4200/Libraries/XMCLib/inc\xmc_usic.h ****  * 				   \b Range: @ref XMC_USIC0_CH0, @ref XMC_USIC0_CH1 to @ref XMC_USIC2_CH1 based on device su
1552:D:/Projekty/TrinityTrack6000/MainControlBoard/XMC/XMC4200/Libraries/XMCLib/inc\xmc_usic.h ****  *
1553:D:/Projekty/TrinityTrack6000/MainControlBoard/XMC/XMC4200/Libraries/XMCLib/inc\xmc_usic.h ****  * @return None
1554:D:/Projekty/TrinityTrack6000/MainControlBoard/XMC/XMC4200/Libraries/XMCLib/inc\xmc_usic.h ****  *
1555:D:/Projekty/TrinityTrack6000/MainControlBoard/XMC/XMC4200/Libraries/XMCLib/inc\xmc_usic.h ****  * \par<b>Description</b><br>
1556:D:/Projekty/TrinityTrack6000/MainControlBoard/XMC/XMC4200/Libraries/XMCLib/inc\xmc_usic.h ****  * Modify TCSR.TDV and TCSR.TE to control the start of a data word transmission by software.
1557:D:/Projekty/TrinityTrack6000/MainControlBoard/XMC/XMC4200/Libraries/XMCLib/inc\xmc_usic.h ****  *
1558:D:/Projekty/TrinityTrack6000/MainControlBoard/XMC/XMC4200/Libraries/XMCLib/inc\xmc_usic.h ****  * \par<b>Related APIs:</b><BR>
1559:D:/Projekty/TrinityTrack6000/MainControlBoard/XMC/XMC4200/Libraries/XMCLib/inc\xmc_usic.h ****  * XMC_USIC_CH_GetTransmitBufferStatus() \n\n\n
1560:D:/Projekty/TrinityTrack6000/MainControlBoard/XMC/XMC4200/Libraries/XMCLib/inc\xmc_usic.h ****  */
1561:D:/Projekty/TrinityTrack6000/MainControlBoard/XMC/XMC4200/Libraries/XMCLib/inc\xmc_usic.h **** __STATIC_INLINE void XMC_USIC_CH_InvalidateReadData(XMC_USIC_CH_t *const channel)
1562:D:/Projekty/TrinityTrack6000/MainControlBoard/XMC/XMC4200/Libraries/XMCLib/inc\xmc_usic.h **** {
1563:D:/Projekty/TrinityTrack6000/MainControlBoard/XMC/XMC4200/Libraries/XMCLib/inc\xmc_usic.h ****   channel->FMR = USIC_CH_FMR_CRDV0_Msk | USIC_CH_FMR_CRDV1_Msk;
1564:D:/Projekty/TrinityTrack6000/MainControlBoard/XMC/XMC4200/Libraries/XMCLib/inc\xmc_usic.h **** }
1565:D:/Projekty/TrinityTrack6000/MainControlBoard/XMC/XMC4200/Libraries/XMCLib/inc\xmc_usic.h **** 
1566:D:/Projekty/TrinityTrack6000/MainControlBoard/XMC/XMC4200/Libraries/XMCLib/inc\xmc_usic.h **** 
1567:D:/Projekty/TrinityTrack6000/MainControlBoard/XMC/XMC4200/Libraries/XMCLib/inc\xmc_usic.h **** /**
1568:D:/Projekty/TrinityTrack6000/MainControlBoard/XMC/XMC4200/Libraries/XMCLib/inc\xmc_usic.h ****  * @param  channel Pointer to USIC channel handler of type @ref XMC_USIC_CH_t \n
1569:D:/Projekty/TrinityTrack6000/MainControlBoard/XMC/XMC4200/Libraries/XMCLib/inc\xmc_usic.h ****  * 				   \b Range: @ref XMC_USIC0_CH0, @ref XMC_USIC0_CH1 to @ref XMC_USIC2_CH1 based on device su
1570:D:/Projekty/TrinityTrack6000/MainControlBoard/XMC/XMC4200/Libraries/XMCLib/inc\xmc_usic.h ****  * @param  passive_level Value of passive level for the channel. \n
1571:D:/Projekty/TrinityTrack6000/MainControlBoard/XMC/XMC4200/Libraries/XMCLib/inc\xmc_usic.h ****  * 			\b Range: @ref XMC_USIC_CH_PASSIVE_DATA_LEVEL0, @ref XMC_USIC_CH_PASSIVE_DATA_LEVEL1
1572:D:/Projekty/TrinityTrack6000/MainControlBoard/XMC/XMC4200/Libraries/XMCLib/inc\xmc_usic.h ****  * @return None
1573:D:/Projekty/TrinityTrack6000/MainControlBoard/XMC/XMC4200/Libraries/XMCLib/inc\xmc_usic.h ****  *
1574:D:/Projekty/TrinityTrack6000/MainControlBoard/XMC/XMC4200/Libraries/XMCLib/inc\xmc_usic.h ****  * \par<b>Description</b><br>
1575:D:/Projekty/TrinityTrack6000/MainControlBoard/XMC/XMC4200/Libraries/XMCLib/inc\xmc_usic.h ****  * Set the passive data level of the output signal. \n\n
1576:D:/Projekty/TrinityTrack6000/MainControlBoard/XMC/XMC4200/Libraries/XMCLib/inc\xmc_usic.h ****  * When the USIC channel transmit stage is idle, the output signal level stays at the
1577:D:/Projekty/TrinityTrack6000/MainControlBoard/XMC/XMC4200/Libraries/XMCLib/inc\xmc_usic.h ****  * configured passive level.
1578:D:/Projekty/TrinityTrack6000/MainControlBoard/XMC/XMC4200/Libraries/XMCLib/inc\xmc_usic.h ****  *
1579:D:/Projekty/TrinityTrack6000/MainControlBoard/XMC/XMC4200/Libraries/XMCLib/inc\xmc_usic.h ****  * \par<b>Related APIs:</b><BR>
1580:D:/Projekty/TrinityTrack6000/MainControlBoard/XMC/XMC4200/Libraries/XMCLib/inc\xmc_usic.h ****  * XMC_USIC_CH_GetTransmitBufferStatus(), XMC_USIC_CH_SetStartTransmisionMode() \n\n\n
1581:D:/Projekty/TrinityTrack6000/MainControlBoard/XMC/XMC4200/Libraries/XMCLib/inc\xmc_usic.h ****  */
1582:D:/Projekty/TrinityTrack6000/MainControlBoard/XMC/XMC4200/Libraries/XMCLib/inc\xmc_usic.h **** __STATIC_INLINE void XMC_USIC_CH_SetPassiveDataLevel(XMC_USIC_CH_t *const channel,
1583:D:/Projekty/TrinityTrack6000/MainControlBoard/XMC/XMC4200/Libraries/XMCLib/inc\xmc_usic.h ****     const XMC_USIC_CH_PASSIVE_DATA_LEVEL_t passive_level)
1584:D:/Projekty/TrinityTrack6000/MainControlBoard/XMC/XMC4200/Libraries/XMCLib/inc\xmc_usic.h **** {
1585:D:/Projekty/TrinityTrack6000/MainControlBoard/XMC/XMC4200/Libraries/XMCLib/inc\xmc_usic.h ****   channel->SCTR &= (~USIC_CH_SCTR_PDL_Msk);
1586:D:/Projekty/TrinityTrack6000/MainControlBoard/XMC/XMC4200/Libraries/XMCLib/inc\xmc_usic.h ****   channel->SCTR |= (uint32_t)passive_level;
1587:D:/Projekty/TrinityTrack6000/MainControlBoard/XMC/XMC4200/Libraries/XMCLib/inc\xmc_usic.h **** }
1588:D:/Projekty/TrinityTrack6000/MainControlBoard/XMC/XMC4200/Libraries/XMCLib/inc\xmc_usic.h **** 
1589:D:/Projekty/TrinityTrack6000/MainControlBoard/XMC/XMC4200/Libraries/XMCLib/inc\xmc_usic.h **** /* TX FIFO APIs */
1590:D:/Projekty/TrinityTrack6000/MainControlBoard/XMC/XMC4200/Libraries/XMCLib/inc\xmc_usic.h **** /**
1591:D:/Projekty/TrinityTrack6000/MainControlBoard/XMC/XMC4200/Libraries/XMCLib/inc\xmc_usic.h ****  * @param channel Pointer to USIC channel handler of type @ref XMC_USIC_CH_t \n
1592:D:/Projekty/TrinityTrack6000/MainControlBoard/XMC/XMC4200/Libraries/XMCLib/inc\xmc_usic.h ****  * 				   \b Range: @ref XMC_USIC0_CH0, @ref XMC_USIC0_CH1 to @ref XMC_USIC2_CH1 based on device su
1593:D:/Projekty/TrinityTrack6000/MainControlBoard/XMC/XMC4200/Libraries/XMCLib/inc\xmc_usic.h ****  * @param data_pointer Start position inside the FIFO buffer. \n
1594:D:/Projekty/TrinityTrack6000/MainControlBoard/XMC/XMC4200/Libraries/XMCLib/inc\xmc_usic.h ****  * 		\b Range: 0 to 63.
1595:D:/Projekty/TrinityTrack6000/MainControlBoard/XMC/XMC4200/Libraries/XMCLib/inc\xmc_usic.h ****  * @param size Required size of the transmit FIFO. \n
1596:D:/Projekty/TrinityTrack6000/MainControlBoard/XMC/XMC4200/Libraries/XMCLib/inc\xmc_usic.h ****  * 		\b Range: @ref XMC_USIC_CH_FIFO_DISABLED, @ref XMC_USIC_CH_FIFO_SIZE_2WORDS.. @ref XMC_USIC_CH
1597:D:/Projekty/TrinityTrack6000/MainControlBoard/XMC/XMC4200/Libraries/XMCLib/inc\xmc_usic.h ****  * @param limit Threshold of transmit FIFO filling level to be considered for generating events. \n
1598:D:/Projekty/TrinityTrack6000/MainControlBoard/XMC/XMC4200/Libraries/XMCLib/inc\xmc_usic.h ****  * 		\b Range: 0 to \a size -1.
1599:D:/Projekty/TrinityTrack6000/MainControlBoard/XMC/XMC4200/Libraries/XMCLib/inc\xmc_usic.h ****  * @return None
1600:D:/Projekty/TrinityTrack6000/MainControlBoard/XMC/XMC4200/Libraries/XMCLib/inc\xmc_usic.h ****  *
1601:D:/Projekty/TrinityTrack6000/MainControlBoard/XMC/XMC4200/Libraries/XMCLib/inc\xmc_usic.h ****  * \par<b>Description</b><br>
1602:D:/Projekty/TrinityTrack6000/MainControlBoard/XMC/XMC4200/Libraries/XMCLib/inc\xmc_usic.h ****  * Initializes the transmit FIFO. \n\n
1603:D:/Projekty/TrinityTrack6000/MainControlBoard/XMC/XMC4200/Libraries/XMCLib/inc\xmc_usic.h ****  * Transmit FIFO is a subset of a common FIFO sized 64 words. This FIFO is shared between 2 channel
1604:D:/Projekty/TrinityTrack6000/MainControlBoard/XMC/XMC4200/Libraries/XMCLib/inc\xmc_usic.h ****  * Each channel can share the FIFO for transmission and reception. \a data_pointer represents the s
1605:D:/Projekty/TrinityTrack6000/MainControlBoard/XMC/XMC4200/Libraries/XMCLib/inc\xmc_usic.h ****  * from where transmit data can be put, for the selected USIC channel. \a size represents the size 
1606:D:/Projekty/TrinityTrack6000/MainControlBoard/XMC/XMC4200/Libraries/XMCLib/inc\xmc_usic.h ****  * 2. Since the FIFO is shared between 2 USIC channels, FIFO size should be carefully selected. A F
1607:D:/Projekty/TrinityTrack6000/MainControlBoard/XMC/XMC4200/Libraries/XMCLib/inc\xmc_usic.h ****  * event is generated when the FIFO filling level falls below the \a limit value.
1608:D:/Projekty/TrinityTrack6000/MainControlBoard/XMC/XMC4200/Libraries/XMCLib/inc\xmc_usic.h ****  *
1609:D:/Projekty/TrinityTrack6000/MainControlBoard/XMC/XMC4200/Libraries/XMCLib/inc\xmc_usic.h ****  * \par<b>Related APIs:</b><BR>
1610:D:/Projekty/TrinityTrack6000/MainControlBoard/XMC/XMC4200/Libraries/XMCLib/inc\xmc_usic.h ****  * XMC_USIC_CH_TXFIFO_EnableEvent(), XMC_USIC_CH_TXFIFO_SetInterruptNodePointer() \n\n\n
1611:D:/Projekty/TrinityTrack6000/MainControlBoard/XMC/XMC4200/Libraries/XMCLib/inc\xmc_usic.h ****  */
1612:D:/Projekty/TrinityTrack6000/MainControlBoard/XMC/XMC4200/Libraries/XMCLib/inc\xmc_usic.h **** void XMC_USIC_CH_TXFIFO_Configure(XMC_USIC_CH_t *const channel,
1613:D:/Projekty/TrinityTrack6000/MainControlBoard/XMC/XMC4200/Libraries/XMCLib/inc\xmc_usic.h ****                                   const uint32_t data_pointer,
1614:D:/Projekty/TrinityTrack6000/MainControlBoard/XMC/XMC4200/Libraries/XMCLib/inc\xmc_usic.h ****                                   const XMC_USIC_CH_FIFO_SIZE_t size,
1615:D:/Projekty/TrinityTrack6000/MainControlBoard/XMC/XMC4200/Libraries/XMCLib/inc\xmc_usic.h ****                                   const uint32_t limit);
1616:D:/Projekty/TrinityTrack6000/MainControlBoard/XMC/XMC4200/Libraries/XMCLib/inc\xmc_usic.h **** 
1617:D:/Projekty/TrinityTrack6000/MainControlBoard/XMC/XMC4200/Libraries/XMCLib/inc\xmc_usic.h **** /**
1618:D:/Projekty/TrinityTrack6000/MainControlBoard/XMC/XMC4200/Libraries/XMCLib/inc\xmc_usic.h ****  * @param channel Pointer to USIC channel handler of type @ref XMC_USIC_CH_t \n
1619:D:/Projekty/TrinityTrack6000/MainControlBoard/XMC/XMC4200/Libraries/XMCLib/inc\xmc_usic.h ****  * 				   \b Range: @ref XMC_USIC0_CH0, @ref XMC_USIC0_CH1 to @ref XMC_USIC2_CH1 based on device su
1620:D:/Projekty/TrinityTrack6000/MainControlBoard/XMC/XMC4200/Libraries/XMCLib/inc\xmc_usic.h ****  * @param size Required size of the transmit FIFO. \n
1621:D:/Projekty/TrinityTrack6000/MainControlBoard/XMC/XMC4200/Libraries/XMCLib/inc\xmc_usic.h ****  * 		\b Range: @ref XMC_USIC_CH_FIFO_DISABLED, @ref XMC_USIC_CH_FIFO_SIZE_2WORDS.. @ref XMC_USIC_CH
1622:D:/Projekty/TrinityTrack6000/MainControlBoard/XMC/XMC4200/Libraries/XMCLib/inc\xmc_usic.h ****  * @param limit Threshold for transmit FIFO filling level to be considered for generating events. \
1623:D:/Projekty/TrinityTrack6000/MainControlBoard/XMC/XMC4200/Libraries/XMCLib/inc\xmc_usic.h ****  * 		\b Range: 0 to \a size -1.
1624:D:/Projekty/TrinityTrack6000/MainControlBoard/XMC/XMC4200/Libraries/XMCLib/inc\xmc_usic.h ****  * @return None
1625:D:/Projekty/TrinityTrack6000/MainControlBoard/XMC/XMC4200/Libraries/XMCLib/inc\xmc_usic.h ****  *
1626:D:/Projekty/TrinityTrack6000/MainControlBoard/XMC/XMC4200/Libraries/XMCLib/inc\xmc_usic.h ****  * \deprecated { Use XMC_USIC_CH_TXFIFO_SetSizeTriggerLimit() }
1627:D:/Projekty/TrinityTrack6000/MainControlBoard/XMC/XMC4200/Libraries/XMCLib/inc\xmc_usic.h ****  *
1628:D:/Projekty/TrinityTrack6000/MainControlBoard/XMC/XMC4200/Libraries/XMCLib/inc\xmc_usic.h ****  * \par<b>Description</b><br>
1629:D:/Projekty/TrinityTrack6000/MainControlBoard/XMC/XMC4200/Libraries/XMCLib/inc\xmc_usic.h ****  * Sets the size and trigger limit for the transmit FIFO. \n\n
1630:D:/Projekty/TrinityTrack6000/MainControlBoard/XMC/XMC4200/Libraries/XMCLib/inc\xmc_usic.h ****  * The API is not to be called for initializing the transmit FIFO. The API shall be used for the
1631:D:/Projekty/TrinityTrack6000/MainControlBoard/XMC/XMC4200/Libraries/XMCLib/inc\xmc_usic.h ****  * runtime change of transmit FIFO trigger limit. FIFO start position will not be affected on execu
1632:D:/Projekty/TrinityTrack6000/MainControlBoard/XMC/XMC4200/Libraries/XMCLib/inc\xmc_usic.h ****  *
1633:D:/Projekty/TrinityTrack6000/MainControlBoard/XMC/XMC4200/Libraries/XMCLib/inc\xmc_usic.h ****  * \par<b>Related APIs:</b><BR>
1634:D:/Projekty/TrinityTrack6000/MainControlBoard/XMC/XMC4200/Libraries/XMCLib/inc\xmc_usic.h ****  * XMC_USIC_CH_RXFIFO_SetSizeTriggerLimit() \n\n\n
1635:D:/Projekty/TrinityTrack6000/MainControlBoard/XMC/XMC4200/Libraries/XMCLib/inc\xmc_usic.h ****  */
1636:D:/Projekty/TrinityTrack6000/MainControlBoard/XMC/XMC4200/Libraries/XMCLib/inc\xmc_usic.h **** void XMC_USIC_CH_TXFIFO_SetSizeTriggerLimit(XMC_USIC_CH_t *const channel,
1637:D:/Projekty/TrinityTrack6000/MainControlBoard/XMC/XMC4200/Libraries/XMCLib/inc\xmc_usic.h ****     const XMC_USIC_CH_FIFO_SIZE_t size,
1638:D:/Projekty/TrinityTrack6000/MainControlBoard/XMC/XMC4200/Libraries/XMCLib/inc\xmc_usic.h ****     const uint32_t limit);
1639:D:/Projekty/TrinityTrack6000/MainControlBoard/XMC/XMC4200/Libraries/XMCLib/inc\xmc_usic.h **** 
1640:D:/Projekty/TrinityTrack6000/MainControlBoard/XMC/XMC4200/Libraries/XMCLib/inc\xmc_usic.h **** 
1641:D:/Projekty/TrinityTrack6000/MainControlBoard/XMC/XMC4200/Libraries/XMCLib/inc\xmc_usic.h **** /**
1642:D:/Projekty/TrinityTrack6000/MainControlBoard/XMC/XMC4200/Libraries/XMCLib/inc\xmc_usic.h ****  * @param channel Pointer to USIC channel handler of type @ref XMC_USIC_CH_t \n
1643:D:/Projekty/TrinityTrack6000/MainControlBoard/XMC/XMC4200/Libraries/XMCLib/inc\xmc_usic.h ****  * 				   \b Range: @ref XMC_USIC0_CH0, @ref XMC_USIC0_CH1 to @ref XMC_USIC2_CH1 based on device su
1644:D:/Projekty/TrinityTrack6000/MainControlBoard/XMC/XMC4200/Libraries/XMCLib/inc\xmc_usic.h ****  * @param limit Threshold for transmit FIFO filling level to be considered for generating events. \
1645:D:/Projekty/TrinityTrack6000/MainControlBoard/XMC/XMC4200/Libraries/XMCLib/inc\xmc_usic.h ****  * 		\b Range: 0 to \a fifo size -1.
1646:D:/Projekty/TrinityTrack6000/MainControlBoard/XMC/XMC4200/Libraries/XMCLib/inc\xmc_usic.h ****  * @return None
1647:D:/Projekty/TrinityTrack6000/MainControlBoard/XMC/XMC4200/Libraries/XMCLib/inc\xmc_usic.h ****  *
1648:D:/Projekty/TrinityTrack6000/MainControlBoard/XMC/XMC4200/Libraries/XMCLib/inc\xmc_usic.h ****  * \par<b>Description</b><br>
1649:D:/Projekty/TrinityTrack6000/MainControlBoard/XMC/XMC4200/Libraries/XMCLib/inc\xmc_usic.h ****  * Sets the trigger limit for the TX FIFO. \n\n
1650:D:/Projekty/TrinityTrack6000/MainControlBoard/XMC/XMC4200/Libraries/XMCLib/inc\xmc_usic.h ****  *
1651:D:/Projekty/TrinityTrack6000/MainControlBoard/XMC/XMC4200/Libraries/XMCLib/inc\xmc_usic.h ****  * \par<b>Related APIs:</b><BR>
1652:D:/Projekty/TrinityTrack6000/MainControlBoard/XMC/XMC4200/Libraries/XMCLib/inc\xmc_usic.h ****  * XMC_USIC_CH_RXFIFO_SetSizeTriggerLimit() \n\n\n
1653:D:/Projekty/TrinityTrack6000/MainControlBoard/XMC/XMC4200/Libraries/XMCLib/inc\xmc_usic.h ****  */
1654:D:/Projekty/TrinityTrack6000/MainControlBoard/XMC/XMC4200/Libraries/XMCLib/inc\xmc_usic.h **** __STATIC_INLINE void XMC_USIC_CH_TXFIFO_SetTriggerLimit(XMC_USIC_CH_t *const channel,
1655:D:/Projekty/TrinityTrack6000/MainControlBoard/XMC/XMC4200/Libraries/XMCLib/inc\xmc_usic.h ****     const uint32_t limit)
1656:D:/Projekty/TrinityTrack6000/MainControlBoard/XMC/XMC4200/Libraries/XMCLib/inc\xmc_usic.h **** {
1657:D:/Projekty/TrinityTrack6000/MainControlBoard/XMC/XMC4200/Libraries/XMCLib/inc\xmc_usic.h ****   channel->TBCTR = (channel->TBCTR & (uint32_t)~USIC_CH_TBCTR_LIMIT_Msk) | ((limit << USIC_CH_TBCTR
1658:D:/Projekty/TrinityTrack6000/MainControlBoard/XMC/XMC4200/Libraries/XMCLib/inc\xmc_usic.h **** }
1659:D:/Projekty/TrinityTrack6000/MainControlBoard/XMC/XMC4200/Libraries/XMCLib/inc\xmc_usic.h **** 
1660:D:/Projekty/TrinityTrack6000/MainControlBoard/XMC/XMC4200/Libraries/XMCLib/inc\xmc_usic.h **** 
1661:D:/Projekty/TrinityTrack6000/MainControlBoard/XMC/XMC4200/Libraries/XMCLib/inc\xmc_usic.h **** 
1662:D:/Projekty/TrinityTrack6000/MainControlBoard/XMC/XMC4200/Libraries/XMCLib/inc\xmc_usic.h **** /**
1663:D:/Projekty/TrinityTrack6000/MainControlBoard/XMC/XMC4200/Libraries/XMCLib/inc\xmc_usic.h ****  * @param channel Pointer to USIC channel handler of type @ref XMC_USIC_CH_t \n
1664:D:/Projekty/TrinityTrack6000/MainControlBoard/XMC/XMC4200/Libraries/XMCLib/inc\xmc_usic.h ****  * 				   \b Range: @ref XMC_USIC0_CH0, @ref XMC_USIC0_CH1 to @ref XMC_USIC2_CH1 based on device su
1665:D:/Projekty/TrinityTrack6000/MainControlBoard/XMC/XMC4200/Libraries/XMCLib/inc\xmc_usic.h ****  * @param event Events to be enabled. Multiple events can be bitwise OR combined. @ref XMC_USIC_CH_
1666:D:/Projekty/TrinityTrack6000/MainControlBoard/XMC/XMC4200/Libraries/XMCLib/inc\xmc_usic.h ****  * @return None
1667:D:/Projekty/TrinityTrack6000/MainControlBoard/XMC/XMC4200/Libraries/XMCLib/inc\xmc_usic.h ****  *
1668:D:/Projekty/TrinityTrack6000/MainControlBoard/XMC/XMC4200/Libraries/XMCLib/inc\xmc_usic.h ****  * \par<b>Description</b><br>
1669:D:/Projekty/TrinityTrack6000/MainControlBoard/XMC/XMC4200/Libraries/XMCLib/inc\xmc_usic.h ****  * Enables the interrupt events related to transmit FIFO. \n\n
1670:D:/Projekty/TrinityTrack6000/MainControlBoard/XMC/XMC4200/Libraries/XMCLib/inc\xmc_usic.h ****  * Event bitmasks can be constructed using the enumeration @ref XMC_USIC_CH_TXFIFO_EVENT_CONF_t.
1671:D:/Projekty/TrinityTrack6000/MainControlBoard/XMC/XMC4200/Libraries/XMCLib/inc\xmc_usic.h ****  * Multiple events can be enabled by providing multiple events in a single call. For providing
1672:D:/Projekty/TrinityTrack6000/MainControlBoard/XMC/XMC4200/Libraries/XMCLib/inc\xmc_usic.h ****  * multiple events, combine the events using bitwise OR operation. Events are configured in the TBC
1673:D:/Projekty/TrinityTrack6000/MainControlBoard/XMC/XMC4200/Libraries/XMCLib/inc\xmc_usic.h ****  *
1674:D:/Projekty/TrinityTrack6000/MainControlBoard/XMC/XMC4200/Libraries/XMCLib/inc\xmc_usic.h ****  * Note: API only enables the events. For interrupt generation, interrupt node must be configured a
1675:D:/Projekty/TrinityTrack6000/MainControlBoard/XMC/XMC4200/Libraries/XMCLib/inc\xmc_usic.h ****  * must be enabled.
1676:D:/Projekty/TrinityTrack6000/MainControlBoard/XMC/XMC4200/Libraries/XMCLib/inc\xmc_usic.h ****  *
1677:D:/Projekty/TrinityTrack6000/MainControlBoard/XMC/XMC4200/Libraries/XMCLib/inc\xmc_usic.h ****  * \par<b>Related APIs:</b><BR>
1678:D:/Projekty/TrinityTrack6000/MainControlBoard/XMC/XMC4200/Libraries/XMCLib/inc\xmc_usic.h ****  * XMC_USIC_CH_TXFIFO_SetInterruptNodePointer() \n\n\n
1679:D:/Projekty/TrinityTrack6000/MainControlBoard/XMC/XMC4200/Libraries/XMCLib/inc\xmc_usic.h ****  */
1680:D:/Projekty/TrinityTrack6000/MainControlBoard/XMC/XMC4200/Libraries/XMCLib/inc\xmc_usic.h **** __STATIC_INLINE void XMC_USIC_CH_TXFIFO_EnableEvent(XMC_USIC_CH_t *const channel, const uint32_t ev
1681:D:/Projekty/TrinityTrack6000/MainControlBoard/XMC/XMC4200/Libraries/XMCLib/inc\xmc_usic.h **** {
 350              	 .loc 2 1681 0
 351              	 .cfi_startproc
 352              	 
 353              	 
 354              	 
 355 0000 80B4     	 push {r7}
 356              	.LCFI28:
 357              	 .cfi_def_cfa_offset 4
 358              	 .cfi_offset 7,-4
 359 0002 83B0     	 sub sp,sp,#12
 360              	.LCFI29:
 361              	 .cfi_def_cfa_offset 16
 362 0004 00AF     	 add r7,sp,#0
 363              	.LCFI30:
 364              	 .cfi_def_cfa_register 7
 365 0006 7860     	 str r0,[r7,#4]
 366 0008 3960     	 str r1,[r7]
1682:D:/Projekty/TrinityTrack6000/MainControlBoard/XMC/XMC4200/Libraries/XMCLib/inc\xmc_usic.h ****   channel->TBCTR |= event;
 367              	 .loc 2 1682 0
 368 000a 7B68     	 ldr r3,[r7,#4]
 369 000c D3F80821 	 ldr r2,[r3,#264]
 370 0010 3B68     	 ldr r3,[r7]
 371 0012 1A43     	 orrs r2,r2,r3
 372 0014 7B68     	 ldr r3,[r7,#4]
 373 0016 C3F80821 	 str r2,[r3,#264]
1683:D:/Projekty/TrinityTrack6000/MainControlBoard/XMC/XMC4200/Libraries/XMCLib/inc\xmc_usic.h **** }
 374              	 .loc 2 1683 0
 375 001a 0C37     	 adds r7,r7,#12
 376              	.LCFI31:
 377              	 .cfi_def_cfa_offset 4
 378 001c BD46     	 mov sp,r7
 379              	.LCFI32:
 380              	 .cfi_def_cfa_register 13
 381              	 
 382 001e 5DF8047B 	 ldr r7,[sp],#4
 383              	.LCFI33:
 384              	 .cfi_restore 7
 385              	 .cfi_def_cfa_offset 0
 386 0022 7047     	 bx lr
 387              	 .cfi_endproc
 388              	.LFE183:
 390              	 .section .text.XMC_USIC_CH_RXFIFO_EnableEvent,"ax",%progbits
 391              	 .align 2
 392              	 .thumb
 393              	 .thumb_func
 395              	XMC_USIC_CH_RXFIFO_EnableEvent:
 396              	.LFB196:
1684:D:/Projekty/TrinityTrack6000/MainControlBoard/XMC/XMC4200/Libraries/XMCLib/inc\xmc_usic.h **** 
1685:D:/Projekty/TrinityTrack6000/MainControlBoard/XMC/XMC4200/Libraries/XMCLib/inc\xmc_usic.h **** 
1686:D:/Projekty/TrinityTrack6000/MainControlBoard/XMC/XMC4200/Libraries/XMCLib/inc\xmc_usic.h **** /**
1687:D:/Projekty/TrinityTrack6000/MainControlBoard/XMC/XMC4200/Libraries/XMCLib/inc\xmc_usic.h ****  * @param channel Pointer to USIC channel handler of type @ref XMC_USIC_CH_t \n
1688:D:/Projekty/TrinityTrack6000/MainControlBoard/XMC/XMC4200/Libraries/XMCLib/inc\xmc_usic.h ****  * 				   \b Range: @ref XMC_USIC0_CH0, @ref XMC_USIC0_CH1 to @ref XMC_USIC2_CH1 based on device su
1689:D:/Projekty/TrinityTrack6000/MainControlBoard/XMC/XMC4200/Libraries/XMCLib/inc\xmc_usic.h ****  * @param event Events to be disabled. @ref XMC_USIC_CH_TXFIFO_EVENT_CONF_t \n
1690:D:/Projekty/TrinityTrack6000/MainControlBoard/XMC/XMC4200/Libraries/XMCLib/inc\xmc_usic.h ****  * @return None
1691:D:/Projekty/TrinityTrack6000/MainControlBoard/XMC/XMC4200/Libraries/XMCLib/inc\xmc_usic.h ****  *
1692:D:/Projekty/TrinityTrack6000/MainControlBoard/XMC/XMC4200/Libraries/XMCLib/inc\xmc_usic.h ****  * \par<b>Description</b><br>
1693:D:/Projekty/TrinityTrack6000/MainControlBoard/XMC/XMC4200/Libraries/XMCLib/inc\xmc_usic.h ****  * Disables the interrupt events related to transmit FIFO. \n\n
1694:D:/Projekty/TrinityTrack6000/MainControlBoard/XMC/XMC4200/Libraries/XMCLib/inc\xmc_usic.h ****  * By disabling the interrupt events, generation of interrupt is stopped. User can poll the event
1695:D:/Projekty/TrinityTrack6000/MainControlBoard/XMC/XMC4200/Libraries/XMCLib/inc\xmc_usic.h ****  * flags from the status register using the API XMC_USIC_CH_TXFIFO_GetEvent().
1696:D:/Projekty/TrinityTrack6000/MainControlBoard/XMC/XMC4200/Libraries/XMCLib/inc\xmc_usic.h ****  * Event bitmasks can be constructed using the enumeration @ref XMC_USIC_CH_TXFIFO_EVENT_CONF_t. Fo
1697:D:/Projekty/TrinityTrack6000/MainControlBoard/XMC/XMC4200/Libraries/XMCLib/inc\xmc_usic.h ****  * multiple events, combine the events using bitwise OR operation.
1698:D:/Projekty/TrinityTrack6000/MainControlBoard/XMC/XMC4200/Libraries/XMCLib/inc\xmc_usic.h ****  *
1699:D:/Projekty/TrinityTrack6000/MainControlBoard/XMC/XMC4200/Libraries/XMCLib/inc\xmc_usic.h ****  * \par<b>Related APIs:</b><BR>
1700:D:/Projekty/TrinityTrack6000/MainControlBoard/XMC/XMC4200/Libraries/XMCLib/inc\xmc_usic.h ****  * XMC_USIC_CH_TXFIFO_GetEvent(), XMC_USIC_CH_TXFIFO_EnableEvent() \n\n\n
1701:D:/Projekty/TrinityTrack6000/MainControlBoard/XMC/XMC4200/Libraries/XMCLib/inc\xmc_usic.h ****  */
1702:D:/Projekty/TrinityTrack6000/MainControlBoard/XMC/XMC4200/Libraries/XMCLib/inc\xmc_usic.h **** __STATIC_INLINE void XMC_USIC_CH_TXFIFO_DisableEvent(XMC_USIC_CH_t *const channel, const uint32_t e
1703:D:/Projekty/TrinityTrack6000/MainControlBoard/XMC/XMC4200/Libraries/XMCLib/inc\xmc_usic.h **** {
1704:D:/Projekty/TrinityTrack6000/MainControlBoard/XMC/XMC4200/Libraries/XMCLib/inc\xmc_usic.h ****   channel->TBCTR &= (uint32_t)~event;
1705:D:/Projekty/TrinityTrack6000/MainControlBoard/XMC/XMC4200/Libraries/XMCLib/inc\xmc_usic.h **** }
1706:D:/Projekty/TrinityTrack6000/MainControlBoard/XMC/XMC4200/Libraries/XMCLib/inc\xmc_usic.h **** 
1707:D:/Projekty/TrinityTrack6000/MainControlBoard/XMC/XMC4200/Libraries/XMCLib/inc\xmc_usic.h **** /**
1708:D:/Projekty/TrinityTrack6000/MainControlBoard/XMC/XMC4200/Libraries/XMCLib/inc\xmc_usic.h ****  * @param channel Pointer to USIC channel handler of type @ref XMC_USIC_CH_t \n
1709:D:/Projekty/TrinityTrack6000/MainControlBoard/XMC/XMC4200/Libraries/XMCLib/inc\xmc_usic.h ****  * 				      \b Range: @ref XMC_USIC0_CH0, @ref XMC_USIC0_CH1 to @ref XMC_USIC2_CH1 based on device
1710:D:/Projekty/TrinityTrack6000/MainControlBoard/XMC/XMC4200/Libraries/XMCLib/inc\xmc_usic.h ****  * @param interrupt_node Node pointer representing the transmit FIFO events. \n
1711:D:/Projekty/TrinityTrack6000/MainControlBoard/XMC/XMC4200/Libraries/XMCLib/inc\xmc_usic.h ****  * 						  \b Range: @ref XMC_USIC_CH_TXFIFO_INTERRUPT_NODE_POINTER_STANDARD,
1712:D:/Projekty/TrinityTrack6000/MainControlBoard/XMC/XMC4200/Libraries/XMCLib/inc\xmc_usic.h ****  * 						  			@ref XMC_USIC_CH_TXFIFO_INTERRUPT_NODE_POINTER_ALTERNATE
1713:D:/Projekty/TrinityTrack6000/MainControlBoard/XMC/XMC4200/Libraries/XMCLib/inc\xmc_usic.h ****  * @param service_request The service request to be used for interrupt generation. \n
1714:D:/Projekty/TrinityTrack6000/MainControlBoard/XMC/XMC4200/Libraries/XMCLib/inc\xmc_usic.h ****  * 						  \b Range: 0 to 5.
1715:D:/Projekty/TrinityTrack6000/MainControlBoard/XMC/XMC4200/Libraries/XMCLib/inc\xmc_usic.h ****  * @return None
1716:D:/Projekty/TrinityTrack6000/MainControlBoard/XMC/XMC4200/Libraries/XMCLib/inc\xmc_usic.h ****  *
1717:D:/Projekty/TrinityTrack6000/MainControlBoard/XMC/XMC4200/Libraries/XMCLib/inc\xmc_usic.h ****  * \par<b>Description</b><br>
1718:D:/Projekty/TrinityTrack6000/MainControlBoard/XMC/XMC4200/Libraries/XMCLib/inc\xmc_usic.h ****  * Sets an interrupt node for the transmit FIFO events.\n\n
1719:D:/Projekty/TrinityTrack6000/MainControlBoard/XMC/XMC4200/Libraries/XMCLib/inc\xmc_usic.h ****  * A node pointer represents one or more interrupt events. Service request represents the interrupt
1720:D:/Projekty/TrinityTrack6000/MainControlBoard/XMC/XMC4200/Libraries/XMCLib/inc\xmc_usic.h ****  * among the 6 interrupt nodes available for USIC module.
1721:D:/Projekty/TrinityTrack6000/MainControlBoard/XMC/XMC4200/Libraries/XMCLib/inc\xmc_usic.h ****  * API configures the service request to be used for interrupt generation for the events selected.
1722:D:/Projekty/TrinityTrack6000/MainControlBoard/XMC/XMC4200/Libraries/XMCLib/inc\xmc_usic.h ****  * A transmit FIFO event can generate an interrupt only if the interrupt node is configured for the
1723:D:/Projekty/TrinityTrack6000/MainControlBoard/XMC/XMC4200/Libraries/XMCLib/inc\xmc_usic.h ****  * the interrupt generation is enabled for the event. For example, transmit FIFO standard transmit 
1724:D:/Projekty/TrinityTrack6000/MainControlBoard/XMC/XMC4200/Libraries/XMCLib/inc\xmc_usic.h ****  * interrupt is generated if the interrupt node for the same is set and interrupt is enabled.<br>
1725:D:/Projekty/TrinityTrack6000/MainControlBoard/XMC/XMC4200/Libraries/XMCLib/inc\xmc_usic.h ****  *
1726:D:/Projekty/TrinityTrack6000/MainControlBoard/XMC/XMC4200/Libraries/XMCLib/inc\xmc_usic.h ****  * Note: NVIC node should be explicitly enabled for the interrupt generation.
1727:D:/Projekty/TrinityTrack6000/MainControlBoard/XMC/XMC4200/Libraries/XMCLib/inc\xmc_usic.h ****  *
1728:D:/Projekty/TrinityTrack6000/MainControlBoard/XMC/XMC4200/Libraries/XMCLib/inc\xmc_usic.h ****  * \par<b>Related APIs:</b><BR>
1729:D:/Projekty/TrinityTrack6000/MainControlBoard/XMC/XMC4200/Libraries/XMCLib/inc\xmc_usic.h ****  * XMC_USIC_CH_TXFIFO_EnableEvent() \n\n\n
1730:D:/Projekty/TrinityTrack6000/MainControlBoard/XMC/XMC4200/Libraries/XMCLib/inc\xmc_usic.h ****  */
1731:D:/Projekty/TrinityTrack6000/MainControlBoard/XMC/XMC4200/Libraries/XMCLib/inc\xmc_usic.h **** void XMC_USIC_CH_TXFIFO_SetInterruptNodePointer(XMC_USIC_CH_t *const channel,
1732:D:/Projekty/TrinityTrack6000/MainControlBoard/XMC/XMC4200/Libraries/XMCLib/inc\xmc_usic.h ****     const XMC_USIC_CH_TXFIFO_INTERRUPT_NODE_POINTER_t interrupt_node,
1733:D:/Projekty/TrinityTrack6000/MainControlBoard/XMC/XMC4200/Libraries/XMCLib/inc\xmc_usic.h ****     const uint32_t service_request);
1734:D:/Projekty/TrinityTrack6000/MainControlBoard/XMC/XMC4200/Libraries/XMCLib/inc\xmc_usic.h **** 
1735:D:/Projekty/TrinityTrack6000/MainControlBoard/XMC/XMC4200/Libraries/XMCLib/inc\xmc_usic.h **** /**
1736:D:/Projekty/TrinityTrack6000/MainControlBoard/XMC/XMC4200/Libraries/XMCLib/inc\xmc_usic.h ****  * @param channel Pointer to USIC channel handler of type @ref XMC_USIC_CH_t \n
1737:D:/Projekty/TrinityTrack6000/MainControlBoard/XMC/XMC4200/Libraries/XMCLib/inc\xmc_usic.h ****  * 				   \b Range: @ref XMC_USIC0_CH0, @ref XMC_USIC0_CH1 to @ref XMC_USIC2_CH1 based on device su
1738:D:/Projekty/TrinityTrack6000/MainControlBoard/XMC/XMC4200/Libraries/XMCLib/inc\xmc_usic.h ****  * @param data Data to be transmitted. \n
1739:D:/Projekty/TrinityTrack6000/MainControlBoard/XMC/XMC4200/Libraries/XMCLib/inc\xmc_usic.h ****  *           \b Range: 16bit unsigned data. minimum= 0, maximum= 65535
1740:D:/Projekty/TrinityTrack6000/MainControlBoard/XMC/XMC4200/Libraries/XMCLib/inc\xmc_usic.h ****  * @return None
1741:D:/Projekty/TrinityTrack6000/MainControlBoard/XMC/XMC4200/Libraries/XMCLib/inc\xmc_usic.h ****  *
1742:D:/Projekty/TrinityTrack6000/MainControlBoard/XMC/XMC4200/Libraries/XMCLib/inc\xmc_usic.h ****  * \par<b>Description</b><br>
1743:D:/Projekty/TrinityTrack6000/MainControlBoard/XMC/XMC4200/Libraries/XMCLib/inc\xmc_usic.h ****  * Writes data into the transmit FIFO. \n\n
1744:D:/Projekty/TrinityTrack6000/MainControlBoard/XMC/XMC4200/Libraries/XMCLib/inc\xmc_usic.h ****  * The data provided is placed in the transmit FIFO.
1745:D:/Projekty/TrinityTrack6000/MainControlBoard/XMC/XMC4200/Libraries/XMCLib/inc\xmc_usic.h ****  * The transmit FIFO should be configured before calling this API.
1746:D:/Projekty/TrinityTrack6000/MainControlBoard/XMC/XMC4200/Libraries/XMCLib/inc\xmc_usic.h ****  *
1747:D:/Projekty/TrinityTrack6000/MainControlBoard/XMC/XMC4200/Libraries/XMCLib/inc\xmc_usic.h ****  * \par<b>Related APIs:</b><BR>
1748:D:/Projekty/TrinityTrack6000/MainControlBoard/XMC/XMC4200/Libraries/XMCLib/inc\xmc_usic.h ****  * XMC_USIC_CH_TXFIFO_EnableEvent() \n\n\n
1749:D:/Projekty/TrinityTrack6000/MainControlBoard/XMC/XMC4200/Libraries/XMCLib/inc\xmc_usic.h ****  */
1750:D:/Projekty/TrinityTrack6000/MainControlBoard/XMC/XMC4200/Libraries/XMCLib/inc\xmc_usic.h **** __STATIC_INLINE void XMC_USIC_CH_TXFIFO_PutData(XMC_USIC_CH_t *const channel, const uint16_t data)
1751:D:/Projekty/TrinityTrack6000/MainControlBoard/XMC/XMC4200/Libraries/XMCLib/inc\xmc_usic.h **** {
1752:D:/Projekty/TrinityTrack6000/MainControlBoard/XMC/XMC4200/Libraries/XMCLib/inc\xmc_usic.h ****   channel->IN[0] = data;
1753:D:/Projekty/TrinityTrack6000/MainControlBoard/XMC/XMC4200/Libraries/XMCLib/inc\xmc_usic.h **** }
1754:D:/Projekty/TrinityTrack6000/MainControlBoard/XMC/XMC4200/Libraries/XMCLib/inc\xmc_usic.h **** 
1755:D:/Projekty/TrinityTrack6000/MainControlBoard/XMC/XMC4200/Libraries/XMCLib/inc\xmc_usic.h **** /**
1756:D:/Projekty/TrinityTrack6000/MainControlBoard/XMC/XMC4200/Libraries/XMCLib/inc\xmc_usic.h ****  * @param channel Pointer to USIC channel handler of type @ref XMC_USIC_CH_t \n
1757:D:/Projekty/TrinityTrack6000/MainControlBoard/XMC/XMC4200/Libraries/XMCLib/inc\xmc_usic.h ****  * 				   \b Range: @ref XMC_USIC0_CH0, @ref XMC_USIC0_CH1 to @ref XMC_USIC2_CH1 based on device su
1758:D:/Projekty/TrinityTrack6000/MainControlBoard/XMC/XMC4200/Libraries/XMCLib/inc\xmc_usic.h ****  * @param data Data to be transmitted. \n
1759:D:/Projekty/TrinityTrack6000/MainControlBoard/XMC/XMC4200/Libraries/XMCLib/inc\xmc_usic.h ****  *           \b Range: 16bit unsigned data. minimum= 0, maximum= 65535
1760:D:/Projekty/TrinityTrack6000/MainControlBoard/XMC/XMC4200/Libraries/XMCLib/inc\xmc_usic.h ****  * @param loc Input location. \n
1761:D:/Projekty/TrinityTrack6000/MainControlBoard/XMC/XMC4200/Libraries/XMCLib/inc\xmc_usic.h ****  * @return None
1762:D:/Projekty/TrinityTrack6000/MainControlBoard/XMC/XMC4200/Libraries/XMCLib/inc\xmc_usic.h ****  *
1763:D:/Projekty/TrinityTrack6000/MainControlBoard/XMC/XMC4200/Libraries/XMCLib/inc\xmc_usic.h ****  * \par<b>Description</b><br>
1764:D:/Projekty/TrinityTrack6000/MainControlBoard/XMC/XMC4200/Libraries/XMCLib/inc\xmc_usic.h ****  * Transmit data can be loaded to TBUF by software by writing to the transmit buffer input
1765:D:/Projekty/TrinityTrack6000/MainControlBoard/XMC/XMC4200/Libraries/XMCLib/inc\xmc_usic.h ****  * locations TBUFx (x = 00-31), consisting of 32 consecutive addresses. The data written
1766:D:/Projekty/TrinityTrack6000/MainControlBoard/XMC/XMC4200/Libraries/XMCLib/inc\xmc_usic.h ****  * to one of these input locations is stored in the transmit buffer TBUF. Additionally, the
1767:D:/Projekty/TrinityTrack6000/MainControlBoard/XMC/XMC4200/Libraries/XMCLib/inc\xmc_usic.h ****  * address of the written location is evaluated and can be used for additional control
1768:D:/Projekty/TrinityTrack6000/MainControlBoard/XMC/XMC4200/Libraries/XMCLib/inc\xmc_usic.h ****  * purposes. This 5-bit wide information (named Transmit Control Information TCI) can be
1769:D:/Projekty/TrinityTrack6000/MainControlBoard/XMC/XMC4200/Libraries/XMCLib/inc\xmc_usic.h ****  * used for different purposes in different protocols.
1770:D:/Projekty/TrinityTrack6000/MainControlBoard/XMC/XMC4200/Libraries/XMCLib/inc\xmc_usic.h ****  *
1771:D:/Projekty/TrinityTrack6000/MainControlBoard/XMC/XMC4200/Libraries/XMCLib/inc\xmc_usic.h ****  * \par<b>Related APIs:</b><BR>
1772:D:/Projekty/TrinityTrack6000/MainControlBoard/XMC/XMC4200/Libraries/XMCLib/inc\xmc_usic.h ****  * XMC_USIC_CH_EnableWordLengthControl() \n
1773:D:/Projekty/TrinityTrack6000/MainControlBoard/XMC/XMC4200/Libraries/XMCLib/inc\xmc_usic.h ****  * XMC_USIC_CH_EnableFrameLengthControl() \n\n\n
1774:D:/Projekty/TrinityTrack6000/MainControlBoard/XMC/XMC4200/Libraries/XMCLib/inc\xmc_usic.h ****  */
1775:D:/Projekty/TrinityTrack6000/MainControlBoard/XMC/XMC4200/Libraries/XMCLib/inc\xmc_usic.h **** __STATIC_INLINE void XMC_USIC_CH_TXFIFO_PutDataEx(XMC_USIC_CH_t *const channel, const uint16_t data
1776:D:/Projekty/TrinityTrack6000/MainControlBoard/XMC/XMC4200/Libraries/XMCLib/inc\xmc_usic.h **** {
1777:D:/Projekty/TrinityTrack6000/MainControlBoard/XMC/XMC4200/Libraries/XMCLib/inc\xmc_usic.h ****   channel->IN[loc] = data;
1778:D:/Projekty/TrinityTrack6000/MainControlBoard/XMC/XMC4200/Libraries/XMCLib/inc\xmc_usic.h **** }
1779:D:/Projekty/TrinityTrack6000/MainControlBoard/XMC/XMC4200/Libraries/XMCLib/inc\xmc_usic.h **** 
1780:D:/Projekty/TrinityTrack6000/MainControlBoard/XMC/XMC4200/Libraries/XMCLib/inc\xmc_usic.h **** /**
1781:D:/Projekty/TrinityTrack6000/MainControlBoard/XMC/XMC4200/Libraries/XMCLib/inc\xmc_usic.h ****  * @param channel Pointer to USIC channel handler of type @ref XMC_USIC_CH_t \n
1782:D:/Projekty/TrinityTrack6000/MainControlBoard/XMC/XMC4200/Libraries/XMCLib/inc\xmc_usic.h ****  * 				   \b Range: @ref XMC_USIC0_CH0, @ref XMC_USIC0_CH1 to @ref XMC_USIC2_CH1 based on device su
1783:D:/Projekty/TrinityTrack6000/MainControlBoard/XMC/XMC4200/Libraries/XMCLib/inc\xmc_usic.h ****  * @param data Data to be transmitted.
1784:D:/Projekty/TrinityTrack6000/MainControlBoard/XMC/XMC4200/Libraries/XMCLib/inc\xmc_usic.h ****  * @param frame_length Frame length to be configured while transmitting the data. \n
1785:D:/Projekty/TrinityTrack6000/MainControlBoard/XMC/XMC4200/Libraries/XMCLib/inc\xmc_usic.h ****  * 			\b Range: minimum= 0, maximum= 31. e.g: For a frame length of 16, set \a frame_length as 15.
1786:D:/Projekty/TrinityTrack6000/MainControlBoard/XMC/XMC4200/Libraries/XMCLib/inc\xmc_usic.h ****  * @return None
1787:D:/Projekty/TrinityTrack6000/MainControlBoard/XMC/XMC4200/Libraries/XMCLib/inc\xmc_usic.h ****  *
1788:D:/Projekty/TrinityTrack6000/MainControlBoard/XMC/XMC4200/Libraries/XMCLib/inc\xmc_usic.h ****  * \par<b>Description</b><br>
1789:D:/Projekty/TrinityTrack6000/MainControlBoard/XMC/XMC4200/Libraries/XMCLib/inc\xmc_usic.h ****  * Writes data to the transmit FIFO in frame length control mode. \n\n
1790:D:/Projekty/TrinityTrack6000/MainControlBoard/XMC/XMC4200/Libraries/XMCLib/inc\xmc_usic.h ****  * When frame length control is enabled for dynamic update of frame length, this API can be used.
1791:D:/Projekty/TrinityTrack6000/MainControlBoard/XMC/XMC4200/Libraries/XMCLib/inc\xmc_usic.h ****  * \a frame_length represents the frame length to be updated by the peripheral.
1792:D:/Projekty/TrinityTrack6000/MainControlBoard/XMC/XMC4200/Libraries/XMCLib/inc\xmc_usic.h ****  * \a frame_length is used as index for the IN[] register array.
1793:D:/Projekty/TrinityTrack6000/MainControlBoard/XMC/XMC4200/Libraries/XMCLib/inc\xmc_usic.h ****  *
1794:D:/Projekty/TrinityTrack6000/MainControlBoard/XMC/XMC4200/Libraries/XMCLib/inc\xmc_usic.h ****  * \par<b>Related APIs:</b><BR>
1795:D:/Projekty/TrinityTrack6000/MainControlBoard/XMC/XMC4200/Libraries/XMCLib/inc\xmc_usic.h ****  * XMC_USIC_CH_TXFIFO_PutDataEx() \n
1796:D:/Projekty/TrinityTrack6000/MainControlBoard/XMC/XMC4200/Libraries/XMCLib/inc\xmc_usic.h ****  * XMC_USIC_CH_EnableFrameLengthControl() \n\n\n
1797:D:/Projekty/TrinityTrack6000/MainControlBoard/XMC/XMC4200/Libraries/XMCLib/inc\xmc_usic.h ****  */
1798:D:/Projekty/TrinityTrack6000/MainControlBoard/XMC/XMC4200/Libraries/XMCLib/inc\xmc_usic.h **** __STATIC_INLINE void XMC_USIC_CH_TXFIFO_PutDataFLEMode(XMC_USIC_CH_t *const channel,
1799:D:/Projekty/TrinityTrack6000/MainControlBoard/XMC/XMC4200/Libraries/XMCLib/inc\xmc_usic.h ****     const uint16_t data,
1800:D:/Projekty/TrinityTrack6000/MainControlBoard/XMC/XMC4200/Libraries/XMCLib/inc\xmc_usic.h ****     const uint32_t frame_length)
1801:D:/Projekty/TrinityTrack6000/MainControlBoard/XMC/XMC4200/Libraries/XMCLib/inc\xmc_usic.h **** {
1802:D:/Projekty/TrinityTrack6000/MainControlBoard/XMC/XMC4200/Libraries/XMCLib/inc\xmc_usic.h ****   channel->IN[frame_length] = data;
1803:D:/Projekty/TrinityTrack6000/MainControlBoard/XMC/XMC4200/Libraries/XMCLib/inc\xmc_usic.h **** }
1804:D:/Projekty/TrinityTrack6000/MainControlBoard/XMC/XMC4200/Libraries/XMCLib/inc\xmc_usic.h **** 
1805:D:/Projekty/TrinityTrack6000/MainControlBoard/XMC/XMC4200/Libraries/XMCLib/inc\xmc_usic.h **** /**
1806:D:/Projekty/TrinityTrack6000/MainControlBoard/XMC/XMC4200/Libraries/XMCLib/inc\xmc_usic.h ****  * @param channel Pointer to USIC channel handler of type @ref XMC_USIC_CH_t \n
1807:D:/Projekty/TrinityTrack6000/MainControlBoard/XMC/XMC4200/Libraries/XMCLib/inc\xmc_usic.h ****  * 				   \b Range: @ref XMC_USIC0_CH0, @ref XMC_USIC0_CH1 to @ref XMC_USIC2_CH1 based on device su
1808:D:/Projekty/TrinityTrack6000/MainControlBoard/XMC/XMC4200/Libraries/XMCLib/inc\xmc_usic.h ****  * @param data Data to be transmitted.
1809:D:/Projekty/TrinityTrack6000/MainControlBoard/XMC/XMC4200/Libraries/XMCLib/inc\xmc_usic.h ****  * @param frame_length Frame length to be configured while transmitting the data. \n
1810:D:/Projekty/TrinityTrack6000/MainControlBoard/XMC/XMC4200/Libraries/XMCLib/inc\xmc_usic.h ****  * 			\b Range: minimum= 0, maximum= 31. e.g: For a frame length of 16, set \a frame_length as 15.
1811:D:/Projekty/TrinityTrack6000/MainControlBoard/XMC/XMC4200/Libraries/XMCLib/inc\xmc_usic.h ****  * @return None
1812:D:/Projekty/TrinityTrack6000/MainControlBoard/XMC/XMC4200/Libraries/XMCLib/inc\xmc_usic.h ****  *
1813:D:/Projekty/TrinityTrack6000/MainControlBoard/XMC/XMC4200/Libraries/XMCLib/inc\xmc_usic.h ****  * \par<b>Description</b><br>
1814:D:/Projekty/TrinityTrack6000/MainControlBoard/XMC/XMC4200/Libraries/XMCLib/inc\xmc_usic.h ****  * Writes data to the transmit FIFO in hardware port control mode. \n\n
1815:D:/Projekty/TrinityTrack6000/MainControlBoard/XMC/XMC4200/Libraries/XMCLib/inc\xmc_usic.h ****  * When hardware port control is enabled for dynamic update of frame length, this API can be used.
1816:D:/Projekty/TrinityTrack6000/MainControlBoard/XMC/XMC4200/Libraries/XMCLib/inc\xmc_usic.h ****  * \a frame_length represents the frame length to be updated by the peripheral.
1817:D:/Projekty/TrinityTrack6000/MainControlBoard/XMC/XMC4200/Libraries/XMCLib/inc\xmc_usic.h ****  * \a frame_length is used as index for the IN[] register array.
1818:D:/Projekty/TrinityTrack6000/MainControlBoard/XMC/XMC4200/Libraries/XMCLib/inc\xmc_usic.h ****  *
1819:D:/Projekty/TrinityTrack6000/MainControlBoard/XMC/XMC4200/Libraries/XMCLib/inc\xmc_usic.h ****  * \par<b>Related APIs:</b><BR>
1820:D:/Projekty/TrinityTrack6000/MainControlBoard/XMC/XMC4200/Libraries/XMCLib/inc\xmc_usic.h ****  * XMC_USIC_CH_EnableFrameLengthControl() \n\n\n
1821:D:/Projekty/TrinityTrack6000/MainControlBoard/XMC/XMC4200/Libraries/XMCLib/inc\xmc_usic.h ****  */
1822:D:/Projekty/TrinityTrack6000/MainControlBoard/XMC/XMC4200/Libraries/XMCLib/inc\xmc_usic.h **** __STATIC_INLINE void XMC_USIC_CH_TXFIFO_PutDataHPCMode(XMC_USIC_CH_t *const channel,
1823:D:/Projekty/TrinityTrack6000/MainControlBoard/XMC/XMC4200/Libraries/XMCLib/inc\xmc_usic.h ****     const uint16_t data,
1824:D:/Projekty/TrinityTrack6000/MainControlBoard/XMC/XMC4200/Libraries/XMCLib/inc\xmc_usic.h ****     const uint32_t frame_length)
1825:D:/Projekty/TrinityTrack6000/MainControlBoard/XMC/XMC4200/Libraries/XMCLib/inc\xmc_usic.h **** {
1826:D:/Projekty/TrinityTrack6000/MainControlBoard/XMC/XMC4200/Libraries/XMCLib/inc\xmc_usic.h ****   channel->IN[frame_length] = data;
1827:D:/Projekty/TrinityTrack6000/MainControlBoard/XMC/XMC4200/Libraries/XMCLib/inc\xmc_usic.h **** }
1828:D:/Projekty/TrinityTrack6000/MainControlBoard/XMC/XMC4200/Libraries/XMCLib/inc\xmc_usic.h **** 
1829:D:/Projekty/TrinityTrack6000/MainControlBoard/XMC/XMC4200/Libraries/XMCLib/inc\xmc_usic.h **** /**
1830:D:/Projekty/TrinityTrack6000/MainControlBoard/XMC/XMC4200/Libraries/XMCLib/inc\xmc_usic.h ****  * @param channel Pointer to USIC channel handler of type @ref XMC_USIC_CH_t \n
1831:D:/Projekty/TrinityTrack6000/MainControlBoard/XMC/XMC4200/Libraries/XMCLib/inc\xmc_usic.h ****  * 				   \b Range: @ref XMC_USIC0_CH0, @ref XMC_USIC0_CH1 to @ref XMC_USIC2_CH1 based on device su
1832:D:/Projekty/TrinityTrack6000/MainControlBoard/XMC/XMC4200/Libraries/XMCLib/inc\xmc_usic.h ****  * @return None
1833:D:/Projekty/TrinityTrack6000/MainControlBoard/XMC/XMC4200/Libraries/XMCLib/inc\xmc_usic.h ****  *
1834:D:/Projekty/TrinityTrack6000/MainControlBoard/XMC/XMC4200/Libraries/XMCLib/inc\xmc_usic.h ****  * \par<b>Description</b><br>
1835:D:/Projekty/TrinityTrack6000/MainControlBoard/XMC/XMC4200/Libraries/XMCLib/inc\xmc_usic.h ****  * Clears the contents of transmit FIFO. \n\n
1836:D:/Projekty/TrinityTrack6000/MainControlBoard/XMC/XMC4200/Libraries/XMCLib/inc\xmc_usic.h ****  * Transmit FIFO contents will be cleared and the filling level will be reset to 0.
1837:D:/Projekty/TrinityTrack6000/MainControlBoard/XMC/XMC4200/Libraries/XMCLib/inc\xmc_usic.h ****  *
1838:D:/Projekty/TrinityTrack6000/MainControlBoard/XMC/XMC4200/Libraries/XMCLib/inc\xmc_usic.h ****  * \par<b>Related APIs:</b><BR>
1839:D:/Projekty/TrinityTrack6000/MainControlBoard/XMC/XMC4200/Libraries/XMCLib/inc\xmc_usic.h ****  * XMC_USIC_CH_TXFIFO_GetLevel() \n\n\n
1840:D:/Projekty/TrinityTrack6000/MainControlBoard/XMC/XMC4200/Libraries/XMCLib/inc\xmc_usic.h ****  */
1841:D:/Projekty/TrinityTrack6000/MainControlBoard/XMC/XMC4200/Libraries/XMCLib/inc\xmc_usic.h **** __STATIC_INLINE void XMC_USIC_CH_TXFIFO_Flush(XMC_USIC_CH_t *const channel)
1842:D:/Projekty/TrinityTrack6000/MainControlBoard/XMC/XMC4200/Libraries/XMCLib/inc\xmc_usic.h **** {
1843:D:/Projekty/TrinityTrack6000/MainControlBoard/XMC/XMC4200/Libraries/XMCLib/inc\xmc_usic.h ****   channel->TRBSCR = (uint32_t)USIC_CH_TRBSCR_FLUSHTB_Msk;
1844:D:/Projekty/TrinityTrack6000/MainControlBoard/XMC/XMC4200/Libraries/XMCLib/inc\xmc_usic.h **** }
1845:D:/Projekty/TrinityTrack6000/MainControlBoard/XMC/XMC4200/Libraries/XMCLib/inc\xmc_usic.h **** 
1846:D:/Projekty/TrinityTrack6000/MainControlBoard/XMC/XMC4200/Libraries/XMCLib/inc\xmc_usic.h **** /**
1847:D:/Projekty/TrinityTrack6000/MainControlBoard/XMC/XMC4200/Libraries/XMCLib/inc\xmc_usic.h ****  * @param channel Pointer to USIC channel handler of type @ref XMC_USIC_CH_t \n
1848:D:/Projekty/TrinityTrack6000/MainControlBoard/XMC/XMC4200/Libraries/XMCLib/inc\xmc_usic.h ****  * 				   \b Range: @ref XMC_USIC0_CH0, @ref XMC_USIC0_CH1 to @ref XMC_USIC2_CH1 based on device su
1849:D:/Projekty/TrinityTrack6000/MainControlBoard/XMC/XMC4200/Libraries/XMCLib/inc\xmc_usic.h ****  * @return Status \a true if transmit FIFO is full
1850:D:/Projekty/TrinityTrack6000/MainControlBoard/XMC/XMC4200/Libraries/XMCLib/inc\xmc_usic.h ****  *              \a false if transmit FIFO is not full.
1851:D:/Projekty/TrinityTrack6000/MainControlBoard/XMC/XMC4200/Libraries/XMCLib/inc\xmc_usic.h ****  *
1852:D:/Projekty/TrinityTrack6000/MainControlBoard/XMC/XMC4200/Libraries/XMCLib/inc\xmc_usic.h ****  * \par<b>Description</b><br>
1853:D:/Projekty/TrinityTrack6000/MainControlBoard/XMC/XMC4200/Libraries/XMCLib/inc\xmc_usic.h ****  * Checks if transmit FIFO is full. \n\n
1854:D:/Projekty/TrinityTrack6000/MainControlBoard/XMC/XMC4200/Libraries/XMCLib/inc\xmc_usic.h ****  * When the transmit FIFO filling level reaches the configured size, FIFO full flag is set.
1855:D:/Projekty/TrinityTrack6000/MainControlBoard/XMC/XMC4200/Libraries/XMCLib/inc\xmc_usic.h ****  * User should not write to the FIFO when the transmit FIFO is full.
1856:D:/Projekty/TrinityTrack6000/MainControlBoard/XMC/XMC4200/Libraries/XMCLib/inc\xmc_usic.h ****  *
1857:D:/Projekty/TrinityTrack6000/MainControlBoard/XMC/XMC4200/Libraries/XMCLib/inc\xmc_usic.h ****  * \par<b>Related APIs:</b><BR>
1858:D:/Projekty/TrinityTrack6000/MainControlBoard/XMC/XMC4200/Libraries/XMCLib/inc\xmc_usic.h ****  * XMC_USIC_CH_TXFIFO_IsEmpty(), XMC_USIC_CH_TXFIFO_Flush() \n\n\n
1859:D:/Projekty/TrinityTrack6000/MainControlBoard/XMC/XMC4200/Libraries/XMCLib/inc\xmc_usic.h ****  */
1860:D:/Projekty/TrinityTrack6000/MainControlBoard/XMC/XMC4200/Libraries/XMCLib/inc\xmc_usic.h **** __STATIC_INLINE bool XMC_USIC_CH_TXFIFO_IsFull(XMC_USIC_CH_t *const channel)
1861:D:/Projekty/TrinityTrack6000/MainControlBoard/XMC/XMC4200/Libraries/XMCLib/inc\xmc_usic.h **** {
1862:D:/Projekty/TrinityTrack6000/MainControlBoard/XMC/XMC4200/Libraries/XMCLib/inc\xmc_usic.h ****   return (bool)(channel->TRBSR & USIC_CH_TRBSR_TFULL_Msk);
1863:D:/Projekty/TrinityTrack6000/MainControlBoard/XMC/XMC4200/Libraries/XMCLib/inc\xmc_usic.h **** }
1864:D:/Projekty/TrinityTrack6000/MainControlBoard/XMC/XMC4200/Libraries/XMCLib/inc\xmc_usic.h **** 
1865:D:/Projekty/TrinityTrack6000/MainControlBoard/XMC/XMC4200/Libraries/XMCLib/inc\xmc_usic.h **** /**
1866:D:/Projekty/TrinityTrack6000/MainControlBoard/XMC/XMC4200/Libraries/XMCLib/inc\xmc_usic.h ****  * @param channel Pointer to USIC channel handler of type @ref XMC_USIC_CH_t \n
1867:D:/Projekty/TrinityTrack6000/MainControlBoard/XMC/XMC4200/Libraries/XMCLib/inc\xmc_usic.h ****  * 				   \b Range: @ref XMC_USIC0_CH0, @ref XMC_USIC0_CH1 to @ref XMC_USIC2_CH1 based on device su
1868:D:/Projekty/TrinityTrack6000/MainControlBoard/XMC/XMC4200/Libraries/XMCLib/inc\xmc_usic.h ****  * @return Status \a true if transmit FIFO is empty
1869:D:/Projekty/TrinityTrack6000/MainControlBoard/XMC/XMC4200/Libraries/XMCLib/inc\xmc_usic.h ****  *              \a false if transmit FIFO has some data.
1870:D:/Projekty/TrinityTrack6000/MainControlBoard/XMC/XMC4200/Libraries/XMCLib/inc\xmc_usic.h ****  *
1871:D:/Projekty/TrinityTrack6000/MainControlBoard/XMC/XMC4200/Libraries/XMCLib/inc\xmc_usic.h ****  * \par<b>Description</b><br>
1872:D:/Projekty/TrinityTrack6000/MainControlBoard/XMC/XMC4200/Libraries/XMCLib/inc\xmc_usic.h ****  * Checks if transmit FIFO is empty. \n\n
1873:D:/Projekty/TrinityTrack6000/MainControlBoard/XMC/XMC4200/Libraries/XMCLib/inc\xmc_usic.h ****  * When the transmit FIFO is empty, data can be written to FIFO.
1874:D:/Projekty/TrinityTrack6000/MainControlBoard/XMC/XMC4200/Libraries/XMCLib/inc\xmc_usic.h ****  * When the last written word to the transmit FIFO is transmitted out of the FIFO,
1875:D:/Projekty/TrinityTrack6000/MainControlBoard/XMC/XMC4200/Libraries/XMCLib/inc\xmc_usic.h ****  * FIFO empty flag is set.
1876:D:/Projekty/TrinityTrack6000/MainControlBoard/XMC/XMC4200/Libraries/XMCLib/inc\xmc_usic.h ****  *
1877:D:/Projekty/TrinityTrack6000/MainControlBoard/XMC/XMC4200/Libraries/XMCLib/inc\xmc_usic.h ****  * \par<b>Related APIs:</b><BR>
1878:D:/Projekty/TrinityTrack6000/MainControlBoard/XMC/XMC4200/Libraries/XMCLib/inc\xmc_usic.h ****  * XMC_USIC_CH_TXFIFO_Flush(), XMC_USIC_CH_TXFIFO_PutData() \n\n\n
1879:D:/Projekty/TrinityTrack6000/MainControlBoard/XMC/XMC4200/Libraries/XMCLib/inc\xmc_usic.h ****  */
1880:D:/Projekty/TrinityTrack6000/MainControlBoard/XMC/XMC4200/Libraries/XMCLib/inc\xmc_usic.h **** __STATIC_INLINE bool XMC_USIC_CH_TXFIFO_IsEmpty(XMC_USIC_CH_t *const channel)
1881:D:/Projekty/TrinityTrack6000/MainControlBoard/XMC/XMC4200/Libraries/XMCLib/inc\xmc_usic.h **** {
1882:D:/Projekty/TrinityTrack6000/MainControlBoard/XMC/XMC4200/Libraries/XMCLib/inc\xmc_usic.h ****   return (bool)(channel->TRBSR & USIC_CH_TRBSR_TEMPTY_Msk);
1883:D:/Projekty/TrinityTrack6000/MainControlBoard/XMC/XMC4200/Libraries/XMCLib/inc\xmc_usic.h **** }
1884:D:/Projekty/TrinityTrack6000/MainControlBoard/XMC/XMC4200/Libraries/XMCLib/inc\xmc_usic.h **** 
1885:D:/Projekty/TrinityTrack6000/MainControlBoard/XMC/XMC4200/Libraries/XMCLib/inc\xmc_usic.h **** /**
1886:D:/Projekty/TrinityTrack6000/MainControlBoard/XMC/XMC4200/Libraries/XMCLib/inc\xmc_usic.h ****  * @param channel Pointer to USIC channel handler of type @ref XMC_USIC_CH_t \n
1887:D:/Projekty/TrinityTrack6000/MainControlBoard/XMC/XMC4200/Libraries/XMCLib/inc\xmc_usic.h ****  * 				   \b Range: @ref XMC_USIC0_CH0, @ref XMC_USIC0_CH1 to @ref XMC_USIC2_CH1 based on device su
1888:D:/Projekty/TrinityTrack6000/MainControlBoard/XMC/XMC4200/Libraries/XMCLib/inc\xmc_usic.h ****  * @return Transmit FIFO filling level. \n
1889:D:/Projekty/TrinityTrack6000/MainControlBoard/XMC/XMC4200/Libraries/XMCLib/inc\xmc_usic.h ****  *           \b Range: minimum= 0(FIFO empty), maximum= transmit FIFO size.
1890:D:/Projekty/TrinityTrack6000/MainControlBoard/XMC/XMC4200/Libraries/XMCLib/inc\xmc_usic.h ****  *
1891:D:/Projekty/TrinityTrack6000/MainControlBoard/XMC/XMC4200/Libraries/XMCLib/inc\xmc_usic.h ****  * \par<b>Description</b><br>
1892:D:/Projekty/TrinityTrack6000/MainControlBoard/XMC/XMC4200/Libraries/XMCLib/inc\xmc_usic.h ****  * Gets the transmit FIFO filling level. \n\n
1893:D:/Projekty/TrinityTrack6000/MainControlBoard/XMC/XMC4200/Libraries/XMCLib/inc\xmc_usic.h ****  * For every word written to the FIFO, filling level is updated. The API gives the value
1894:D:/Projekty/TrinityTrack6000/MainControlBoard/XMC/XMC4200/Libraries/XMCLib/inc\xmc_usic.h ****  * of this filling level.
1895:D:/Projekty/TrinityTrack6000/MainControlBoard/XMC/XMC4200/Libraries/XMCLib/inc\xmc_usic.h ****  *
1896:D:/Projekty/TrinityTrack6000/MainControlBoard/XMC/XMC4200/Libraries/XMCLib/inc\xmc_usic.h ****  * \par<b>Related APIs:</b><BR>
1897:D:/Projekty/TrinityTrack6000/MainControlBoard/XMC/XMC4200/Libraries/XMCLib/inc\xmc_usic.h ****  * XMC_USIC_CH_TXFIFO_Flush(), XMC_USIC_CH_TXFIFO_PutData() \n\n\n
1898:D:/Projekty/TrinityTrack6000/MainControlBoard/XMC/XMC4200/Libraries/XMCLib/inc\xmc_usic.h ****  */
1899:D:/Projekty/TrinityTrack6000/MainControlBoard/XMC/XMC4200/Libraries/XMCLib/inc\xmc_usic.h **** __STATIC_INLINE uint32_t XMC_USIC_CH_TXFIFO_GetLevel(XMC_USIC_CH_t *const channel)
1900:D:/Projekty/TrinityTrack6000/MainControlBoard/XMC/XMC4200/Libraries/XMCLib/inc\xmc_usic.h **** {
1901:D:/Projekty/TrinityTrack6000/MainControlBoard/XMC/XMC4200/Libraries/XMCLib/inc\xmc_usic.h ****   return ((uint32_t)(channel->TRBSR & USIC_CH_TRBSR_TBFLVL_Msk) >> USIC_CH_TRBSR_TBFLVL_Pos);
1902:D:/Projekty/TrinityTrack6000/MainControlBoard/XMC/XMC4200/Libraries/XMCLib/inc\xmc_usic.h **** }
1903:D:/Projekty/TrinityTrack6000/MainControlBoard/XMC/XMC4200/Libraries/XMCLib/inc\xmc_usic.h **** 
1904:D:/Projekty/TrinityTrack6000/MainControlBoard/XMC/XMC4200/Libraries/XMCLib/inc\xmc_usic.h **** /**
1905:D:/Projekty/TrinityTrack6000/MainControlBoard/XMC/XMC4200/Libraries/XMCLib/inc\xmc_usic.h ****  * @param channel Pointer to USIC channel handler of type @ref XMC_USIC_CH_t \n
1906:D:/Projekty/TrinityTrack6000/MainControlBoard/XMC/XMC4200/Libraries/XMCLib/inc\xmc_usic.h ****  * 				   \b Range: @ref XMC_USIC0_CH0, @ref XMC_USIC0_CH1 to @ref XMC_USIC2_CH1 based on device su
1907:D:/Projekty/TrinityTrack6000/MainControlBoard/XMC/XMC4200/Libraries/XMCLib/inc\xmc_usic.h ****  * @return Status of standard transmit and transmit buffer error events. @ref XMC_USIC_CH_TXFIFO_EV
1908:D:/Projekty/TrinityTrack6000/MainControlBoard/XMC/XMC4200/Libraries/XMCLib/inc\xmc_usic.h ****  *
1909:D:/Projekty/TrinityTrack6000/MainControlBoard/XMC/XMC4200/Libraries/XMCLib/inc\xmc_usic.h ****  * \par<b>Description</b><br>
1910:D:/Projekty/TrinityTrack6000/MainControlBoard/XMC/XMC4200/Libraries/XMCLib/inc\xmc_usic.h ****  * Gets the transmit FIFO event status. \n\n
1911:D:/Projekty/TrinityTrack6000/MainControlBoard/XMC/XMC4200/Libraries/XMCLib/inc\xmc_usic.h ****  * Gives the status of transmit FIFO standard transmit buffer event and transmit buffer error event
1912:D:/Projekty/TrinityTrack6000/MainControlBoard/XMC/XMC4200/Libraries/XMCLib/inc\xmc_usic.h ****  * The status bits are located at their bit positions in the TRBSR register in the returned value.
1913:D:/Projekty/TrinityTrack6000/MainControlBoard/XMC/XMC4200/Libraries/XMCLib/inc\xmc_usic.h ****  * User can make use of the @ref XMC_USIC_CH_TXFIFO_EVENT_t enumeration for checking the status of 
1914:D:/Projekty/TrinityTrack6000/MainControlBoard/XMC/XMC4200/Libraries/XMCLib/inc\xmc_usic.h ****  * The status can be found by using the bitwise AND operation on the returned value with the enumer
1915:D:/Projekty/TrinityTrack6000/MainControlBoard/XMC/XMC4200/Libraries/XMCLib/inc\xmc_usic.h ****  *
1916:D:/Projekty/TrinityTrack6000/MainControlBoard/XMC/XMC4200/Libraries/XMCLib/inc\xmc_usic.h ****  * Note: Event status flags should be cleared by the user explicitly.
1917:D:/Projekty/TrinityTrack6000/MainControlBoard/XMC/XMC4200/Libraries/XMCLib/inc\xmc_usic.h ****  *
1918:D:/Projekty/TrinityTrack6000/MainControlBoard/XMC/XMC4200/Libraries/XMCLib/inc\xmc_usic.h ****  * \par<b>Related APIs:</b><BR>
1919:D:/Projekty/TrinityTrack6000/MainControlBoard/XMC/XMC4200/Libraries/XMCLib/inc\xmc_usic.h ****  * XMC_USIC_CH_TXFIFO_ClearEvent() \n\n\n
1920:D:/Projekty/TrinityTrack6000/MainControlBoard/XMC/XMC4200/Libraries/XMCLib/inc\xmc_usic.h ****  */
1921:D:/Projekty/TrinityTrack6000/MainControlBoard/XMC/XMC4200/Libraries/XMCLib/inc\xmc_usic.h **** __STATIC_INLINE uint32_t XMC_USIC_CH_TXFIFO_GetEvent(XMC_USIC_CH_t *const channel)
1922:D:/Projekty/TrinityTrack6000/MainControlBoard/XMC/XMC4200/Libraries/XMCLib/inc\xmc_usic.h **** {
1923:D:/Projekty/TrinityTrack6000/MainControlBoard/XMC/XMC4200/Libraries/XMCLib/inc\xmc_usic.h ****   return (uint32_t)((channel->TRBSR) & (USIC_CH_TRBSR_STBI_Msk |
1924:D:/Projekty/TrinityTrack6000/MainControlBoard/XMC/XMC4200/Libraries/XMCLib/inc\xmc_usic.h ****                                         USIC_CH_TRBSR_TBERI_Msk));
1925:D:/Projekty/TrinityTrack6000/MainControlBoard/XMC/XMC4200/Libraries/XMCLib/inc\xmc_usic.h **** }
1926:D:/Projekty/TrinityTrack6000/MainControlBoard/XMC/XMC4200/Libraries/XMCLib/inc\xmc_usic.h **** 
1927:D:/Projekty/TrinityTrack6000/MainControlBoard/XMC/XMC4200/Libraries/XMCLib/inc\xmc_usic.h **** /**
1928:D:/Projekty/TrinityTrack6000/MainControlBoard/XMC/XMC4200/Libraries/XMCLib/inc\xmc_usic.h ****  * @param channel Pointer to USIC channel handler of type @ref XMC_USIC_CH_t \n
1929:D:/Projekty/TrinityTrack6000/MainControlBoard/XMC/XMC4200/Libraries/XMCLib/inc\xmc_usic.h ****  * 				   \b Range: @ref XMC_USIC0_CH0, @ref XMC_USIC0_CH1 to @ref XMC_USIC2_CH1 based on device su
1930:D:/Projekty/TrinityTrack6000/MainControlBoard/XMC/XMC4200/Libraries/XMCLib/inc\xmc_usic.h ****  * @param  event Transmit FIFO events to be cleared. \n
1931:D:/Projekty/TrinityTrack6000/MainControlBoard/XMC/XMC4200/Libraries/XMCLib/inc\xmc_usic.h ****  * 			     \b Range: @ref XMC_USIC_CH_TXFIFO_EVENT_STANDARD, @ref XMC_USIC_CH_TXFIFO_EVENT_ERROR.
1932:D:/Projekty/TrinityTrack6000/MainControlBoard/XMC/XMC4200/Libraries/XMCLib/inc\xmc_usic.h ****  * @return None
1933:D:/Projekty/TrinityTrack6000/MainControlBoard/XMC/XMC4200/Libraries/XMCLib/inc\xmc_usic.h ****  *
1934:D:/Projekty/TrinityTrack6000/MainControlBoard/XMC/XMC4200/Libraries/XMCLib/inc\xmc_usic.h ****  * \par<b>Description</b><br>
1935:D:/Projekty/TrinityTrack6000/MainControlBoard/XMC/XMC4200/Libraries/XMCLib/inc\xmc_usic.h ****  * Clears the transmit FIFO event flags in the status register. \n\n
1936:D:/Projekty/TrinityTrack6000/MainControlBoard/XMC/XMC4200/Libraries/XMCLib/inc\xmc_usic.h ****  * USIC channel peripheral does not clear the event flags after they are read.
1937:D:/Projekty/TrinityTrack6000/MainControlBoard/XMC/XMC4200/Libraries/XMCLib/inc\xmc_usic.h ****  * This API clears the events provided in the \a mask value.
1938:D:/Projekty/TrinityTrack6000/MainControlBoard/XMC/XMC4200/Libraries/XMCLib/inc\xmc_usic.h ****  * XMC_USIC_CH_TXFIFO_EVENT enumeration can be used as input. Multiple events
1939:D:/Projekty/TrinityTrack6000/MainControlBoard/XMC/XMC4200/Libraries/XMCLib/inc\xmc_usic.h ****  * can be cleared by providing a mask value obtained by bitwise OR operation of
1940:D:/Projekty/TrinityTrack6000/MainControlBoard/XMC/XMC4200/Libraries/XMCLib/inc\xmc_usic.h ****  * multiple event enumerations.
1941:D:/Projekty/TrinityTrack6000/MainControlBoard/XMC/XMC4200/Libraries/XMCLib/inc\xmc_usic.h ****  *
1942:D:/Projekty/TrinityTrack6000/MainControlBoard/XMC/XMC4200/Libraries/XMCLib/inc\xmc_usic.h ****  * \par<b>Related APIs:</b><BR>
1943:D:/Projekty/TrinityTrack6000/MainControlBoard/XMC/XMC4200/Libraries/XMCLib/inc\xmc_usic.h ****  * XMC_USIC_CH_TXFIFO_GetEvent() \n\n\n
1944:D:/Projekty/TrinityTrack6000/MainControlBoard/XMC/XMC4200/Libraries/XMCLib/inc\xmc_usic.h ****  */
1945:D:/Projekty/TrinityTrack6000/MainControlBoard/XMC/XMC4200/Libraries/XMCLib/inc\xmc_usic.h **** __STATIC_INLINE void XMC_USIC_CH_TXFIFO_ClearEvent(XMC_USIC_CH_t *const channel,
1946:D:/Projekty/TrinityTrack6000/MainControlBoard/XMC/XMC4200/Libraries/XMCLib/inc\xmc_usic.h ****     const uint32_t event)
1947:D:/Projekty/TrinityTrack6000/MainControlBoard/XMC/XMC4200/Libraries/XMCLib/inc\xmc_usic.h **** {
1948:D:/Projekty/TrinityTrack6000/MainControlBoard/XMC/XMC4200/Libraries/XMCLib/inc\xmc_usic.h ****   channel->TRBSCR = event;
1949:D:/Projekty/TrinityTrack6000/MainControlBoard/XMC/XMC4200/Libraries/XMCLib/inc\xmc_usic.h **** }
1950:D:/Projekty/TrinityTrack6000/MainControlBoard/XMC/XMC4200/Libraries/XMCLib/inc\xmc_usic.h **** 
1951:D:/Projekty/TrinityTrack6000/MainControlBoard/XMC/XMC4200/Libraries/XMCLib/inc\xmc_usic.h **** /**
1952:D:/Projekty/TrinityTrack6000/MainControlBoard/XMC/XMC4200/Libraries/XMCLib/inc\xmc_usic.h ****  * @param channel Pointer to USIC channel handler of type @ref XMC_USIC_CH_t \n
1953:D:/Projekty/TrinityTrack6000/MainControlBoard/XMC/XMC4200/Libraries/XMCLib/inc\xmc_usic.h ****  * 				   \b Range: @ref XMC_USIC0_CH0, @ref XMC_USIC0_CH1 to @ref XMC_USIC2_CH1 based on device su
1954:D:/Projekty/TrinityTrack6000/MainControlBoard/XMC/XMC4200/Libraries/XMCLib/inc\xmc_usic.h ****  * @param data_pointer Start position inside the FIFO buffer. \n
1955:D:/Projekty/TrinityTrack6000/MainControlBoard/XMC/XMC4200/Libraries/XMCLib/inc\xmc_usic.h ****  * 		\b Range: 0 to 63.
1956:D:/Projekty/TrinityTrack6000/MainControlBoard/XMC/XMC4200/Libraries/XMCLib/inc\xmc_usic.h ****  * @param size Required size of the receive FIFO. \n
1957:D:/Projekty/TrinityTrack6000/MainControlBoard/XMC/XMC4200/Libraries/XMCLib/inc\xmc_usic.h ****  * 		\b Range: @ref XMC_USIC_CH_FIFO_DISABLED, @ref XMC_USIC_CH_FIFO_SIZE_2WORDS.. @ref XMC_USIC_CH
1958:D:/Projekty/TrinityTrack6000/MainControlBoard/XMC/XMC4200/Libraries/XMCLib/inc\xmc_usic.h ****  * @param limit Threshold of receive FIFO filling level to be considered for generating events. \n
1959:D:/Projekty/TrinityTrack6000/MainControlBoard/XMC/XMC4200/Libraries/XMCLib/inc\xmc_usic.h ****  * 		\b Range: 0 to \a size -1.
1960:D:/Projekty/TrinityTrack6000/MainControlBoard/XMC/XMC4200/Libraries/XMCLib/inc\xmc_usic.h ****  * @return None
1961:D:/Projekty/TrinityTrack6000/MainControlBoard/XMC/XMC4200/Libraries/XMCLib/inc\xmc_usic.h ****  *
1962:D:/Projekty/TrinityTrack6000/MainControlBoard/XMC/XMC4200/Libraries/XMCLib/inc\xmc_usic.h ****  * \par<b>Description</b><br>
1963:D:/Projekty/TrinityTrack6000/MainControlBoard/XMC/XMC4200/Libraries/XMCLib/inc\xmc_usic.h ****  * Configures the receive FIFO. \n\n
1964:D:/Projekty/TrinityTrack6000/MainControlBoard/XMC/XMC4200/Libraries/XMCLib/inc\xmc_usic.h ****  * Receive FIFO is the subset of a common FIFO sized 64 words. This FIFO is shared between 2 channe
1965:D:/Projekty/TrinityTrack6000/MainControlBoard/XMC/XMC4200/Libraries/XMCLib/inc\xmc_usic.h ****  * Each channel can share the FIFO for transmission and reception. \a data_pointer represents the s
1966:D:/Projekty/TrinityTrack6000/MainControlBoard/XMC/XMC4200/Libraries/XMCLib/inc\xmc_usic.h ****  * from where received data can be put. \a size represents the size of receive FIFO as a multiple o
1967:D:/Projekty/TrinityTrack6000/MainControlBoard/XMC/XMC4200/Libraries/XMCLib/inc\xmc_usic.h ****  * Since the FIFO is shared between 2 USIC channels, FIFO size should be carefully selected. A FIFO
1968:D:/Projekty/TrinityTrack6000/MainControlBoard/XMC/XMC4200/Libraries/XMCLib/inc\xmc_usic.h ****  * event or alternative receive buffer event is generated when the FIFO filling level exceeds the \
1969:D:/Projekty/TrinityTrack6000/MainControlBoard/XMC/XMC4200/Libraries/XMCLib/inc\xmc_usic.h ****  *
1970:D:/Projekty/TrinityTrack6000/MainControlBoard/XMC/XMC4200/Libraries/XMCLib/inc\xmc_usic.h ****  * \par<b>Related APIs:</b><BR>
1971:D:/Projekty/TrinityTrack6000/MainControlBoard/XMC/XMC4200/Libraries/XMCLib/inc\xmc_usic.h ****  * XMC_USIC_CH_RXFIFO_EnableEvent(), XMC_USIC_CH_RXFIFO_SetInterruptNodePointer() \n\n\n
1972:D:/Projekty/TrinityTrack6000/MainControlBoard/XMC/XMC4200/Libraries/XMCLib/inc\xmc_usic.h **** */
1973:D:/Projekty/TrinityTrack6000/MainControlBoard/XMC/XMC4200/Libraries/XMCLib/inc\xmc_usic.h **** void XMC_USIC_CH_RXFIFO_Configure(XMC_USIC_CH_t *const channel,
1974:D:/Projekty/TrinityTrack6000/MainControlBoard/XMC/XMC4200/Libraries/XMCLib/inc\xmc_usic.h ****                                   const uint32_t data_pointer,
1975:D:/Projekty/TrinityTrack6000/MainControlBoard/XMC/XMC4200/Libraries/XMCLib/inc\xmc_usic.h ****                                   const XMC_USIC_CH_FIFO_SIZE_t size,
1976:D:/Projekty/TrinityTrack6000/MainControlBoard/XMC/XMC4200/Libraries/XMCLib/inc\xmc_usic.h ****                                   const uint32_t limit);
1977:D:/Projekty/TrinityTrack6000/MainControlBoard/XMC/XMC4200/Libraries/XMCLib/inc\xmc_usic.h **** 
1978:D:/Projekty/TrinityTrack6000/MainControlBoard/XMC/XMC4200/Libraries/XMCLib/inc\xmc_usic.h **** /**
1979:D:/Projekty/TrinityTrack6000/MainControlBoard/XMC/XMC4200/Libraries/XMCLib/inc\xmc_usic.h ****  * @param channel Pointer to USIC channel handler of type @ref XMC_USIC_CH_t \n
1980:D:/Projekty/TrinityTrack6000/MainControlBoard/XMC/XMC4200/Libraries/XMCLib/inc\xmc_usic.h ****  * 				   \b Range: @ref XMC_USIC0_CH0, @ref XMC_USIC0_CH1 to @ref XMC_USIC2_CH1 based on device su
1981:D:/Projekty/TrinityTrack6000/MainControlBoard/XMC/XMC4200/Libraries/XMCLib/inc\xmc_usic.h ****  * @param size Required size of the receive FIFO. \n
1982:D:/Projekty/TrinityTrack6000/MainControlBoard/XMC/XMC4200/Libraries/XMCLib/inc\xmc_usic.h ****  * 		\b Range: @ref XMC_USIC_CH_FIFO_DISABLED, @ref XMC_USIC_CH_FIFO_SIZE_2WORDS.. @ref XMC_USIC_CH
1983:D:/Projekty/TrinityTrack6000/MainControlBoard/XMC/XMC4200/Libraries/XMCLib/inc\xmc_usic.h ****  * @param limit Threshold for receive FIFO filling level to be considered for generating events. \n
1984:D:/Projekty/TrinityTrack6000/MainControlBoard/XMC/XMC4200/Libraries/XMCLib/inc\xmc_usic.h ****  * 		\b Range: 0 to \a size -1.
1985:D:/Projekty/TrinityTrack6000/MainControlBoard/XMC/XMC4200/Libraries/XMCLib/inc\xmc_usic.h ****  * @return None
1986:D:/Projekty/TrinityTrack6000/MainControlBoard/XMC/XMC4200/Libraries/XMCLib/inc\xmc_usic.h ****  *
1987:D:/Projekty/TrinityTrack6000/MainControlBoard/XMC/XMC4200/Libraries/XMCLib/inc\xmc_usic.h ****  * \deprecated { Use XMC_USIC_CH_RXFIFO_SetTriggerLimit() }
1988:D:/Projekty/TrinityTrack6000/MainControlBoard/XMC/XMC4200/Libraries/XMCLib/inc\xmc_usic.h ****  *
1989:D:/Projekty/TrinityTrack6000/MainControlBoard/XMC/XMC4200/Libraries/XMCLib/inc\xmc_usic.h ****  * \par<b>Description</b><br>
1990:D:/Projekty/TrinityTrack6000/MainControlBoard/XMC/XMC4200/Libraries/XMCLib/inc\xmc_usic.h ****  * Sets the size and trigger limit for the receive FIFO. \n\n
1991:D:/Projekty/TrinityTrack6000/MainControlBoard/XMC/XMC4200/Libraries/XMCLib/inc\xmc_usic.h ****  * The API is not to be called for initializing the receive FIFO. The API shall be used for the
1992:D:/Projekty/TrinityTrack6000/MainControlBoard/XMC/XMC4200/Libraries/XMCLib/inc\xmc_usic.h ****  * runtime change of receive FIFO trigger limit. FIFO start position will not be affected on execut
1993:D:/Projekty/TrinityTrack6000/MainControlBoard/XMC/XMC4200/Libraries/XMCLib/inc\xmc_usic.h ****  *
1994:D:/Projekty/TrinityTrack6000/MainControlBoard/XMC/XMC4200/Libraries/XMCLib/inc\xmc_usic.h ****  * \par<b>Related APIs:</b><BR>
1995:D:/Projekty/TrinityTrack6000/MainControlBoard/XMC/XMC4200/Libraries/XMCLib/inc\xmc_usic.h ****  * XMC_USIC_CH_TXFIFO_SetSizeTriggerLimit()\ n\n\n
1996:D:/Projekty/TrinityTrack6000/MainControlBoard/XMC/XMC4200/Libraries/XMCLib/inc\xmc_usic.h ****  */
1997:D:/Projekty/TrinityTrack6000/MainControlBoard/XMC/XMC4200/Libraries/XMCLib/inc\xmc_usic.h **** void XMC_USIC_CH_RXFIFO_SetSizeTriggerLimit(XMC_USIC_CH_t *const channel,
1998:D:/Projekty/TrinityTrack6000/MainControlBoard/XMC/XMC4200/Libraries/XMCLib/inc\xmc_usic.h ****     const XMC_USIC_CH_FIFO_SIZE_t size,
1999:D:/Projekty/TrinityTrack6000/MainControlBoard/XMC/XMC4200/Libraries/XMCLib/inc\xmc_usic.h ****     const uint32_t limit);
2000:D:/Projekty/TrinityTrack6000/MainControlBoard/XMC/XMC4200/Libraries/XMCLib/inc\xmc_usic.h **** 
2001:D:/Projekty/TrinityTrack6000/MainControlBoard/XMC/XMC4200/Libraries/XMCLib/inc\xmc_usic.h **** /**
2002:D:/Projekty/TrinityTrack6000/MainControlBoard/XMC/XMC4200/Libraries/XMCLib/inc\xmc_usic.h ****  * @param channel Pointer to USIC channel handler of type @ref XMC_USIC_CH_t \n
2003:D:/Projekty/TrinityTrack6000/MainControlBoard/XMC/XMC4200/Libraries/XMCLib/inc\xmc_usic.h ****  * 				   \b Range: @ref XMC_USIC0_CH0, @ref XMC_USIC0_CH1 to @ref XMC_USIC2_CH1 based on device su
2004:D:/Projekty/TrinityTrack6000/MainControlBoard/XMC/XMC4200/Libraries/XMCLib/inc\xmc_usic.h ****  * @param limit Threshold for transmit FIFO filling level to be considered for generating events. \
2005:D:/Projekty/TrinityTrack6000/MainControlBoard/XMC/XMC4200/Libraries/XMCLib/inc\xmc_usic.h ****  * 		\b Range: 0 to \a fifo size -1.
2006:D:/Projekty/TrinityTrack6000/MainControlBoard/XMC/XMC4200/Libraries/XMCLib/inc\xmc_usic.h ****  * @return None
2007:D:/Projekty/TrinityTrack6000/MainControlBoard/XMC/XMC4200/Libraries/XMCLib/inc\xmc_usic.h ****  *
2008:D:/Projekty/TrinityTrack6000/MainControlBoard/XMC/XMC4200/Libraries/XMCLib/inc\xmc_usic.h ****  * \par<b>Description</b><br>
2009:D:/Projekty/TrinityTrack6000/MainControlBoard/XMC/XMC4200/Libraries/XMCLib/inc\xmc_usic.h ****  * Sets the trigger limit for the TX FIFO. \n\n
2010:D:/Projekty/TrinityTrack6000/MainControlBoard/XMC/XMC4200/Libraries/XMCLib/inc\xmc_usic.h ****  *
2011:D:/Projekty/TrinityTrack6000/MainControlBoard/XMC/XMC4200/Libraries/XMCLib/inc\xmc_usic.h ****  * \par<b>Related APIs:</b><BR>
2012:D:/Projekty/TrinityTrack6000/MainControlBoard/XMC/XMC4200/Libraries/XMCLib/inc\xmc_usic.h ****  * XMC_USIC_CH_TXFIFO_SetSizeTriggerLimit() \n\n\n
2013:D:/Projekty/TrinityTrack6000/MainControlBoard/XMC/XMC4200/Libraries/XMCLib/inc\xmc_usic.h ****  */
2014:D:/Projekty/TrinityTrack6000/MainControlBoard/XMC/XMC4200/Libraries/XMCLib/inc\xmc_usic.h **** __STATIC_INLINE void XMC_USIC_CH_RXFIFO_SetTriggerLimit(XMC_USIC_CH_t *const channel,
2015:D:/Projekty/TrinityTrack6000/MainControlBoard/XMC/XMC4200/Libraries/XMCLib/inc\xmc_usic.h ****     const uint32_t limit)
2016:D:/Projekty/TrinityTrack6000/MainControlBoard/XMC/XMC4200/Libraries/XMCLib/inc\xmc_usic.h **** {
2017:D:/Projekty/TrinityTrack6000/MainControlBoard/XMC/XMC4200/Libraries/XMCLib/inc\xmc_usic.h ****   channel->RBCTR = (channel->RBCTR & (uint32_t)~USIC_CH_RBCTR_LIMIT_Msk) | ((limit << USIC_CH_RBCTR
2018:D:/Projekty/TrinityTrack6000/MainControlBoard/XMC/XMC4200/Libraries/XMCLib/inc\xmc_usic.h **** }
2019:D:/Projekty/TrinityTrack6000/MainControlBoard/XMC/XMC4200/Libraries/XMCLib/inc\xmc_usic.h **** 
2020:D:/Projekty/TrinityTrack6000/MainControlBoard/XMC/XMC4200/Libraries/XMCLib/inc\xmc_usic.h **** /**
2021:D:/Projekty/TrinityTrack6000/MainControlBoard/XMC/XMC4200/Libraries/XMCLib/inc\xmc_usic.h ****  * @param channel Pointer to USIC channel handler of type @ref XMC_USIC_CH_t \n
2022:D:/Projekty/TrinityTrack6000/MainControlBoard/XMC/XMC4200/Libraries/XMCLib/inc\xmc_usic.h ****  * 				   \b Range: @ref XMC_USIC0_CH0, @ref XMC_USIC0_CH1 to @ref XMC_USIC2_CH1 based on device su
2023:D:/Projekty/TrinityTrack6000/MainControlBoard/XMC/XMC4200/Libraries/XMCLib/inc\xmc_usic.h ****  * @param event Events to be enabled. Multiple events can be bitwise OR combined. @ref XMC_USIC_CH_
2024:D:/Projekty/TrinityTrack6000/MainControlBoard/XMC/XMC4200/Libraries/XMCLib/inc\xmc_usic.h ****  * @return None
2025:D:/Projekty/TrinityTrack6000/MainControlBoard/XMC/XMC4200/Libraries/XMCLib/inc\xmc_usic.h ****  *
2026:D:/Projekty/TrinityTrack6000/MainControlBoard/XMC/XMC4200/Libraries/XMCLib/inc\xmc_usic.h ****  * \par<b>Description</b><br>
2027:D:/Projekty/TrinityTrack6000/MainControlBoard/XMC/XMC4200/Libraries/XMCLib/inc\xmc_usic.h ****  * Enables the interrupt events related to transmit FIFO. \n\n
2028:D:/Projekty/TrinityTrack6000/MainControlBoard/XMC/XMC4200/Libraries/XMCLib/inc\xmc_usic.h ****  * Event bitmasks can be constructed using the enumeration @ref XMC_USIC_CH_RXFIFO_EVENT_CONF_t.
2029:D:/Projekty/TrinityTrack6000/MainControlBoard/XMC/XMC4200/Libraries/XMCLib/inc\xmc_usic.h ****  * Multiple events can be enabled by providing multiple events in a single call. For providing
2030:D:/Projekty/TrinityTrack6000/MainControlBoard/XMC/XMC4200/Libraries/XMCLib/inc\xmc_usic.h ****  * multiple events, combine the events using bitwise OR operation.<br>
2031:D:/Projekty/TrinityTrack6000/MainControlBoard/XMC/XMC4200/Libraries/XMCLib/inc\xmc_usic.h ****  *
2032:D:/Projekty/TrinityTrack6000/MainControlBoard/XMC/XMC4200/Libraries/XMCLib/inc\xmc_usic.h ****  * Note: API only enables the events. For interrupt generation, interrupt node must be configured a
2033:D:/Projekty/TrinityTrack6000/MainControlBoard/XMC/XMC4200/Libraries/XMCLib/inc\xmc_usic.h ****  * must be enabled.
2034:D:/Projekty/TrinityTrack6000/MainControlBoard/XMC/XMC4200/Libraries/XMCLib/inc\xmc_usic.h ****  *
2035:D:/Projekty/TrinityTrack6000/MainControlBoard/XMC/XMC4200/Libraries/XMCLib/inc\xmc_usic.h ****  * \par<b>Related APIs:</b><BR>
2036:D:/Projekty/TrinityTrack6000/MainControlBoard/XMC/XMC4200/Libraries/XMCLib/inc\xmc_usic.h ****  * XMC_USIC_CH_RXFIFO_SetInterruptNodePointer() \n\n\n
2037:D:/Projekty/TrinityTrack6000/MainControlBoard/XMC/XMC4200/Libraries/XMCLib/inc\xmc_usic.h ****  */
2038:D:/Projekty/TrinityTrack6000/MainControlBoard/XMC/XMC4200/Libraries/XMCLib/inc\xmc_usic.h **** __STATIC_INLINE void XMC_USIC_CH_RXFIFO_EnableEvent(XMC_USIC_CH_t *const channel, const uint32_t ev
2039:D:/Projekty/TrinityTrack6000/MainControlBoard/XMC/XMC4200/Libraries/XMCLib/inc\xmc_usic.h **** {
 397              	 .loc 2 2039 0
 398              	 .cfi_startproc
 399              	 
 400              	 
 401              	 
 402 0000 80B4     	 push {r7}
 403              	.LCFI34:
 404              	 .cfi_def_cfa_offset 4
 405              	 .cfi_offset 7,-4
 406 0002 83B0     	 sub sp,sp,#12
 407              	.LCFI35:
 408              	 .cfi_def_cfa_offset 16
 409 0004 00AF     	 add r7,sp,#0
 410              	.LCFI36:
 411              	 .cfi_def_cfa_register 7
 412 0006 7860     	 str r0,[r7,#4]
 413 0008 3960     	 str r1,[r7]
2040:D:/Projekty/TrinityTrack6000/MainControlBoard/XMC/XMC4200/Libraries/XMCLib/inc\xmc_usic.h ****   channel->RBCTR |= event;
 414              	 .loc 2 2040 0
 415 000a 7B68     	 ldr r3,[r7,#4]
 416 000c D3F80C21 	 ldr r2,[r3,#268]
 417 0010 3B68     	 ldr r3,[r7]
 418 0012 1A43     	 orrs r2,r2,r3
 419 0014 7B68     	 ldr r3,[r7,#4]
 420 0016 C3F80C21 	 str r2,[r3,#268]
2041:D:/Projekty/TrinityTrack6000/MainControlBoard/XMC/XMC4200/Libraries/XMCLib/inc\xmc_usic.h **** }
 421              	 .loc 2 2041 0
 422 001a 0C37     	 adds r7,r7,#12
 423              	.LCFI37:
 424              	 .cfi_def_cfa_offset 4
 425 001c BD46     	 mov sp,r7
 426              	.LCFI38:
 427              	 .cfi_def_cfa_register 13
 428              	 
 429 001e 5DF8047B 	 ldr r7,[sp],#4
 430              	.LCFI39:
 431              	 .cfi_restore 7
 432              	 .cfi_def_cfa_offset 0
 433 0022 7047     	 bx lr
 434              	 .cfi_endproc
 435              	.LFE196:
 437              	 .section .text.XMC_USIC_CH_SetMode,"ax",%progbits
 438              	 .align 2
 439              	 .thumb
 440              	 .thumb_func
 442              	XMC_USIC_CH_SetMode:
 443              	.LFB209:
2042:D:/Projekty/TrinityTrack6000/MainControlBoard/XMC/XMC4200/Libraries/XMCLib/inc\xmc_usic.h **** 
2043:D:/Projekty/TrinityTrack6000/MainControlBoard/XMC/XMC4200/Libraries/XMCLib/inc\xmc_usic.h **** 
2044:D:/Projekty/TrinityTrack6000/MainControlBoard/XMC/XMC4200/Libraries/XMCLib/inc\xmc_usic.h **** /**
2045:D:/Projekty/TrinityTrack6000/MainControlBoard/XMC/XMC4200/Libraries/XMCLib/inc\xmc_usic.h ****  * @param channel Pointer to USIC channel handler of type @ref XMC_USIC_CH_t \n
2046:D:/Projekty/TrinityTrack6000/MainControlBoard/XMC/XMC4200/Libraries/XMCLib/inc\xmc_usic.h ****  * 				   \b Range: @ref XMC_USIC0_CH0, @ref XMC_USIC0_CH1 to @ref XMC_USIC2_CH1 based on device su
2047:D:/Projekty/TrinityTrack6000/MainControlBoard/XMC/XMC4200/Libraries/XMCLib/inc\xmc_usic.h ****  * @param event Events to be disabled. \n
2048:D:/Projekty/TrinityTrack6000/MainControlBoard/XMC/XMC4200/Libraries/XMCLib/inc\xmc_usic.h ****  * 			\b Range: @ref XMC_USIC_CH_RXFIFO_EVENT_CONF_STANDARD, @ref XMC_USIC_CH_RXFIFO_EVENT_CONF_ERR
2049:D:/Projekty/TrinityTrack6000/MainControlBoard/XMC/XMC4200/Libraries/XMCLib/inc\xmc_usic.h ****  * 			@ref XMC_USIC_CH_RXFIFO_EVENT_CONF_ALTERNATE.
2050:D:/Projekty/TrinityTrack6000/MainControlBoard/XMC/XMC4200/Libraries/XMCLib/inc\xmc_usic.h ****  * @return None
2051:D:/Projekty/TrinityTrack6000/MainControlBoard/XMC/XMC4200/Libraries/XMCLib/inc\xmc_usic.h ****  *
2052:D:/Projekty/TrinityTrack6000/MainControlBoard/XMC/XMC4200/Libraries/XMCLib/inc\xmc_usic.h ****  * \par<b>Description</b><br>
2053:D:/Projekty/TrinityTrack6000/MainControlBoard/XMC/XMC4200/Libraries/XMCLib/inc\xmc_usic.h ****  * Disables the selected interrupt events related to receive FIFO. \n\n
2054:D:/Projekty/TrinityTrack6000/MainControlBoard/XMC/XMC4200/Libraries/XMCLib/inc\xmc_usic.h ****  * By disabling the interrupt events, generation of interrupt is stopped. User can poll the event
2055:D:/Projekty/TrinityTrack6000/MainControlBoard/XMC/XMC4200/Libraries/XMCLib/inc\xmc_usic.h ****  * flags from the status register using the API XMC_USIC_CH_RXFIFO_GetEvent().
2056:D:/Projekty/TrinityTrack6000/MainControlBoard/XMC/XMC4200/Libraries/XMCLib/inc\xmc_usic.h ****  * Event bitmasks can be constructed using the enumeration \a XMC_USIC_CH_RXFIFO_EVENT_CONF. For pr
2057:D:/Projekty/TrinityTrack6000/MainControlBoard/XMC/XMC4200/Libraries/XMCLib/inc\xmc_usic.h ****  * multiple events, combine the events using bitwise OR operation.
2058:D:/Projekty/TrinityTrack6000/MainControlBoard/XMC/XMC4200/Libraries/XMCLib/inc\xmc_usic.h ****  *
2059:D:/Projekty/TrinityTrack6000/MainControlBoard/XMC/XMC4200/Libraries/XMCLib/inc\xmc_usic.h ****  * \par<b>Related APIs:</b><BR>
2060:D:/Projekty/TrinityTrack6000/MainControlBoard/XMC/XMC4200/Libraries/XMCLib/inc\xmc_usic.h ****  * XMC_USIC_CH_RXFIFO_GetEvent(), XMC_USIC_CH_RXFIFO_EnableEvent() \n\n\n
2061:D:/Projekty/TrinityTrack6000/MainControlBoard/XMC/XMC4200/Libraries/XMCLib/inc\xmc_usic.h ****  */
2062:D:/Projekty/TrinityTrack6000/MainControlBoard/XMC/XMC4200/Libraries/XMCLib/inc\xmc_usic.h **** __STATIC_INLINE void XMC_USIC_CH_RXFIFO_DisableEvent(XMC_USIC_CH_t *const channel, const uint32_t e
2063:D:/Projekty/TrinityTrack6000/MainControlBoard/XMC/XMC4200/Libraries/XMCLib/inc\xmc_usic.h **** {
2064:D:/Projekty/TrinityTrack6000/MainControlBoard/XMC/XMC4200/Libraries/XMCLib/inc\xmc_usic.h ****   channel->RBCTR &= (uint32_t)~event;
2065:D:/Projekty/TrinityTrack6000/MainControlBoard/XMC/XMC4200/Libraries/XMCLib/inc\xmc_usic.h **** }
2066:D:/Projekty/TrinityTrack6000/MainControlBoard/XMC/XMC4200/Libraries/XMCLib/inc\xmc_usic.h **** 
2067:D:/Projekty/TrinityTrack6000/MainControlBoard/XMC/XMC4200/Libraries/XMCLib/inc\xmc_usic.h **** /**
2068:D:/Projekty/TrinityTrack6000/MainControlBoard/XMC/XMC4200/Libraries/XMCLib/inc\xmc_usic.h ****  * @param channel Pointer to USIC channel handler of type @ref XMC_USIC_CH_t \n
2069:D:/Projekty/TrinityTrack6000/MainControlBoard/XMC/XMC4200/Libraries/XMCLib/inc\xmc_usic.h ****  * 				   \b Range: @ref XMC_USIC0_CH0, @ref XMC_USIC0_CH1 to @ref XMC_USIC2_CH1 based on device su
2070:D:/Projekty/TrinityTrack6000/MainControlBoard/XMC/XMC4200/Libraries/XMCLib/inc\xmc_usic.h ****  * @param interrupt_node Node pointer representing the receive FIFO events. \n
2071:D:/Projekty/TrinityTrack6000/MainControlBoard/XMC/XMC4200/Libraries/XMCLib/inc\xmc_usic.h ****  * 					\b Range: @ref XMC_USIC_CH_RXFIFO_INTERRUPT_NODE_POINTER_STANDARD,
2072:D:/Projekty/TrinityTrack6000/MainControlBoard/XMC/XMC4200/Libraries/XMCLib/inc\xmc_usic.h ****  * 					@ref XMC_USIC_CH_RXFIFO_INTERRUPT_NODE_POINTER_ALTERNATE
2073:D:/Projekty/TrinityTrack6000/MainControlBoard/XMC/XMC4200/Libraries/XMCLib/inc\xmc_usic.h ****  * @param service_request The service request to be used for interrupt generation.\n
2074:D:/Projekty/TrinityTrack6000/MainControlBoard/XMC/XMC4200/Libraries/XMCLib/inc\xmc_usic.h ****  * 					\b Range: 0 to 5.
2075:D:/Projekty/TrinityTrack6000/MainControlBoard/XMC/XMC4200/Libraries/XMCLib/inc\xmc_usic.h ****  * @return None
2076:D:/Projekty/TrinityTrack6000/MainControlBoard/XMC/XMC4200/Libraries/XMCLib/inc\xmc_usic.h ****  *
2077:D:/Projekty/TrinityTrack6000/MainControlBoard/XMC/XMC4200/Libraries/XMCLib/inc\xmc_usic.h ****  * \par<b>Description</b><br>
2078:D:/Projekty/TrinityTrack6000/MainControlBoard/XMC/XMC4200/Libraries/XMCLib/inc\xmc_usic.h ****  * Sets an interrupt node for the receive FIFO events. \n\n
2079:D:/Projekty/TrinityTrack6000/MainControlBoard/XMC/XMC4200/Libraries/XMCLib/inc\xmc_usic.h ****  * A node pointer represents one or more interrupt events. Service request represents the interrupt
2080:D:/Projekty/TrinityTrack6000/MainControlBoard/XMC/XMC4200/Libraries/XMCLib/inc\xmc_usic.h ****  * among the 6 interrupt nodes available for USIC module.
2081:D:/Projekty/TrinityTrack6000/MainControlBoard/XMC/XMC4200/Libraries/XMCLib/inc\xmc_usic.h ****  * API configures the service request to be used for interrupt generation for the events selected.
2082:D:/Projekty/TrinityTrack6000/MainControlBoard/XMC/XMC4200/Libraries/XMCLib/inc\xmc_usic.h ****  * A receive FIFO event can generate an interrupt only if the interrupt node is configured for the 
2083:D:/Projekty/TrinityTrack6000/MainControlBoard/XMC/XMC4200/Libraries/XMCLib/inc\xmc_usic.h ****  * the interrupt generation is enabled for the event. For example, transmit FIFO standard transmit 
2084:D:/Projekty/TrinityTrack6000/MainControlBoard/XMC/XMC4200/Libraries/XMCLib/inc\xmc_usic.h ****  * interrupt is generated if the interrupt node for the same is set and interrupt is enabled.<br>
2085:D:/Projekty/TrinityTrack6000/MainControlBoard/XMC/XMC4200/Libraries/XMCLib/inc\xmc_usic.h ****  *
2086:D:/Projekty/TrinityTrack6000/MainControlBoard/XMC/XMC4200/Libraries/XMCLib/inc\xmc_usic.h ****  * Note: NVIC node should be explicitly enabled for the interrupt generation.
2087:D:/Projekty/TrinityTrack6000/MainControlBoard/XMC/XMC4200/Libraries/XMCLib/inc\xmc_usic.h ****  *
2088:D:/Projekty/TrinityTrack6000/MainControlBoard/XMC/XMC4200/Libraries/XMCLib/inc\xmc_usic.h ****  * \par<b>Related APIs:</b><BR>
2089:D:/Projekty/TrinityTrack6000/MainControlBoard/XMC/XMC4200/Libraries/XMCLib/inc\xmc_usic.h ****  * XMC_USIC_CH_RXFIFO_EnableEvent() \n\n\n
2090:D:/Projekty/TrinityTrack6000/MainControlBoard/XMC/XMC4200/Libraries/XMCLib/inc\xmc_usic.h ****  */
2091:D:/Projekty/TrinityTrack6000/MainControlBoard/XMC/XMC4200/Libraries/XMCLib/inc\xmc_usic.h **** void XMC_USIC_CH_RXFIFO_SetInterruptNodePointer(XMC_USIC_CH_t *const channel,
2092:D:/Projekty/TrinityTrack6000/MainControlBoard/XMC/XMC4200/Libraries/XMCLib/inc\xmc_usic.h ****     const XMC_USIC_CH_RXFIFO_INTERRUPT_NODE_POINTER_t interrupt_node,
2093:D:/Projekty/TrinityTrack6000/MainControlBoard/XMC/XMC4200/Libraries/XMCLib/inc\xmc_usic.h ****     const uint32_t service_request);
2094:D:/Projekty/TrinityTrack6000/MainControlBoard/XMC/XMC4200/Libraries/XMCLib/inc\xmc_usic.h **** 
2095:D:/Projekty/TrinityTrack6000/MainControlBoard/XMC/XMC4200/Libraries/XMCLib/inc\xmc_usic.h **** /**
2096:D:/Projekty/TrinityTrack6000/MainControlBoard/XMC/XMC4200/Libraries/XMCLib/inc\xmc_usic.h ****  * @param channel Pointer to USIC channel handler of type @ref XMC_USIC_CH_t \n
2097:D:/Projekty/TrinityTrack6000/MainControlBoard/XMC/XMC4200/Libraries/XMCLib/inc\xmc_usic.h ****  * 				   \b Range: @ref XMC_USIC0_CH0, @ref XMC_USIC0_CH1 to @ref XMC_USIC2_CH1 based on device su
2098:D:/Projekty/TrinityTrack6000/MainControlBoard/XMC/XMC4200/Libraries/XMCLib/inc\xmc_usic.h ****  * @return Value read from the receive FIFO. \n
2099:D:/Projekty/TrinityTrack6000/MainControlBoard/XMC/XMC4200/Libraries/XMCLib/inc\xmc_usic.h ****  * 			\b Range: 16bit data. Length of data depends on the word length configuration.
2100:D:/Projekty/TrinityTrack6000/MainControlBoard/XMC/XMC4200/Libraries/XMCLib/inc\xmc_usic.h ****  *
2101:D:/Projekty/TrinityTrack6000/MainControlBoard/XMC/XMC4200/Libraries/XMCLib/inc\xmc_usic.h ****  * \par<b>Description</b><br>
2102:D:/Projekty/TrinityTrack6000/MainControlBoard/XMC/XMC4200/Libraries/XMCLib/inc\xmc_usic.h ****  * Gets data from the receive FIFO. \n\n
2103:D:/Projekty/TrinityTrack6000/MainControlBoard/XMC/XMC4200/Libraries/XMCLib/inc\xmc_usic.h ****  * Receive FIFO should be read only if data is availble in the FIFO. This can be checked using
2104:D:/Projekty/TrinityTrack6000/MainControlBoard/XMC/XMC4200/Libraries/XMCLib/inc\xmc_usic.h ****  * the API XMC_USIC_CH_RXFIFO_IsEmpty(). Receive FIFO error flag will be set if an attempt is made
2105:D:/Projekty/TrinityTrack6000/MainControlBoard/XMC/XMC4200/Libraries/XMCLib/inc\xmc_usic.h ****  * to read from an empty receive FIFO. To read all the received data, user should keep reading data
2106:D:/Projekty/TrinityTrack6000/MainControlBoard/XMC/XMC4200/Libraries/XMCLib/inc\xmc_usic.h ****  * until receive FIFO is empty.
2107:D:/Projekty/TrinityTrack6000/MainControlBoard/XMC/XMC4200/Libraries/XMCLib/inc\xmc_usic.h ****  *
2108:D:/Projekty/TrinityTrack6000/MainControlBoard/XMC/XMC4200/Libraries/XMCLib/inc\xmc_usic.h ****  * \par<b>Related APIs:</b><BR>
2109:D:/Projekty/TrinityTrack6000/MainControlBoard/XMC/XMC4200/Libraries/XMCLib/inc\xmc_usic.h ****  * XMC_USIC_CH_RXFIFO_ClearEvent() \n\n\n
2110:D:/Projekty/TrinityTrack6000/MainControlBoard/XMC/XMC4200/Libraries/XMCLib/inc\xmc_usic.h ****  */
2111:D:/Projekty/TrinityTrack6000/MainControlBoard/XMC/XMC4200/Libraries/XMCLib/inc\xmc_usic.h **** __STATIC_INLINE uint16_t XMC_USIC_CH_RXFIFO_GetData(XMC_USIC_CH_t *const channel)
2112:D:/Projekty/TrinityTrack6000/MainControlBoard/XMC/XMC4200/Libraries/XMCLib/inc\xmc_usic.h **** {
2113:D:/Projekty/TrinityTrack6000/MainControlBoard/XMC/XMC4200/Libraries/XMCLib/inc\xmc_usic.h ****   return (uint16_t)(channel->OUTR);
2114:D:/Projekty/TrinityTrack6000/MainControlBoard/XMC/XMC4200/Libraries/XMCLib/inc\xmc_usic.h **** }
2115:D:/Projekty/TrinityTrack6000/MainControlBoard/XMC/XMC4200/Libraries/XMCLib/inc\xmc_usic.h **** 
2116:D:/Projekty/TrinityTrack6000/MainControlBoard/XMC/XMC4200/Libraries/XMCLib/inc\xmc_usic.h **** /**
2117:D:/Projekty/TrinityTrack6000/MainControlBoard/XMC/XMC4200/Libraries/XMCLib/inc\xmc_usic.h ****  * @param channel Pointer to USIC channel handler of type @ref XMC_USIC_CH_t \n
2118:D:/Projekty/TrinityTrack6000/MainControlBoard/XMC/XMC4200/Libraries/XMCLib/inc\xmc_usic.h ****  * 				   \b Range: @ref XMC_USIC0_CH0, @ref XMC_USIC0_CH1 to @ref XMC_USIC2_CH1 based on device su
2119:D:/Projekty/TrinityTrack6000/MainControlBoard/XMC/XMC4200/Libraries/XMCLib/inc\xmc_usic.h ****  * @return None
2120:D:/Projekty/TrinityTrack6000/MainControlBoard/XMC/XMC4200/Libraries/XMCLib/inc\xmc_usic.h ****  *
2121:D:/Projekty/TrinityTrack6000/MainControlBoard/XMC/XMC4200/Libraries/XMCLib/inc\xmc_usic.h ****  * \par<b>Description</b><br>
2122:D:/Projekty/TrinityTrack6000/MainControlBoard/XMC/XMC4200/Libraries/XMCLib/inc\xmc_usic.h ****  * Clears the contents of receive FIFO. \n\n
2123:D:/Projekty/TrinityTrack6000/MainControlBoard/XMC/XMC4200/Libraries/XMCLib/inc\xmc_usic.h ****  * Receive FIFO contents will be cleared and the filling level will be reset to 0.
2124:D:/Projekty/TrinityTrack6000/MainControlBoard/XMC/XMC4200/Libraries/XMCLib/inc\xmc_usic.h ****  *
2125:D:/Projekty/TrinityTrack6000/MainControlBoard/XMC/XMC4200/Libraries/XMCLib/inc\xmc_usic.h ****  * \par<b>Related APIs:</b><BR>
2126:D:/Projekty/TrinityTrack6000/MainControlBoard/XMC/XMC4200/Libraries/XMCLib/inc\xmc_usic.h ****  * XMC_USIC_CH_RXFIFO_GetLevel() \n\n\n
2127:D:/Projekty/TrinityTrack6000/MainControlBoard/XMC/XMC4200/Libraries/XMCLib/inc\xmc_usic.h ****  */
2128:D:/Projekty/TrinityTrack6000/MainControlBoard/XMC/XMC4200/Libraries/XMCLib/inc\xmc_usic.h **** __STATIC_INLINE void XMC_USIC_CH_RXFIFO_Flush(XMC_USIC_CH_t *const channel)
2129:D:/Projekty/TrinityTrack6000/MainControlBoard/XMC/XMC4200/Libraries/XMCLib/inc\xmc_usic.h **** {
2130:D:/Projekty/TrinityTrack6000/MainControlBoard/XMC/XMC4200/Libraries/XMCLib/inc\xmc_usic.h ****   channel->TRBSCR = (uint32_t)USIC_CH_TRBSCR_FLUSHRB_Msk;
2131:D:/Projekty/TrinityTrack6000/MainControlBoard/XMC/XMC4200/Libraries/XMCLib/inc\xmc_usic.h **** }
2132:D:/Projekty/TrinityTrack6000/MainControlBoard/XMC/XMC4200/Libraries/XMCLib/inc\xmc_usic.h **** 
2133:D:/Projekty/TrinityTrack6000/MainControlBoard/XMC/XMC4200/Libraries/XMCLib/inc\xmc_usic.h **** /**
2134:D:/Projekty/TrinityTrack6000/MainControlBoard/XMC/XMC4200/Libraries/XMCLib/inc\xmc_usic.h ****  * @param channel Pointer to USIC channel handler of type @ref XMC_USIC_CH_t \n
2135:D:/Projekty/TrinityTrack6000/MainControlBoard/XMC/XMC4200/Libraries/XMCLib/inc\xmc_usic.h ****  * 				   \b Range: @ref XMC_USIC0_CH0, @ref XMC_USIC0_CH1 to @ref XMC_USIC2_CH1 based on device su
2136:D:/Projekty/TrinityTrack6000/MainControlBoard/XMC/XMC4200/Libraries/XMCLib/inc\xmc_usic.h ****  * @return Status \a true if receive FIFO is full
2137:D:/Projekty/TrinityTrack6000/MainControlBoard/XMC/XMC4200/Libraries/XMCLib/inc\xmc_usic.h ****  *              \a false if receive FIFO is not full.
2138:D:/Projekty/TrinityTrack6000/MainControlBoard/XMC/XMC4200/Libraries/XMCLib/inc\xmc_usic.h ****  *
2139:D:/Projekty/TrinityTrack6000/MainControlBoard/XMC/XMC4200/Libraries/XMCLib/inc\xmc_usic.h ****  * \par<b>Description</b><br>
2140:D:/Projekty/TrinityTrack6000/MainControlBoard/XMC/XMC4200/Libraries/XMCLib/inc\xmc_usic.h ****  * Checks if receive FIFO is full. \n\n
2141:D:/Projekty/TrinityTrack6000/MainControlBoard/XMC/XMC4200/Libraries/XMCLib/inc\xmc_usic.h ****  * When the receive FIFO filling level reaches the configured size, FIFO full flag is set.
2142:D:/Projekty/TrinityTrack6000/MainControlBoard/XMC/XMC4200/Libraries/XMCLib/inc\xmc_usic.h ****  * Any data received when the receive FIFO is full, is lost.
2143:D:/Projekty/TrinityTrack6000/MainControlBoard/XMC/XMC4200/Libraries/XMCLib/inc\xmc_usic.h ****  *
2144:D:/Projekty/TrinityTrack6000/MainControlBoard/XMC/XMC4200/Libraries/XMCLib/inc\xmc_usic.h ****  * \par<b>Related APIs:</b><BR>
2145:D:/Projekty/TrinityTrack6000/MainControlBoard/XMC/XMC4200/Libraries/XMCLib/inc\xmc_usic.h ****  * XMC_USIC_CH_RXFIFO_IsEmpty(), XMC_USIC_CH_RXFIFO_Flush() \n\n\n
2146:D:/Projekty/TrinityTrack6000/MainControlBoard/XMC/XMC4200/Libraries/XMCLib/inc\xmc_usic.h ****  */
2147:D:/Projekty/TrinityTrack6000/MainControlBoard/XMC/XMC4200/Libraries/XMCLib/inc\xmc_usic.h **** __STATIC_INLINE bool XMC_USIC_CH_RXFIFO_IsFull(XMC_USIC_CH_t *const channel)
2148:D:/Projekty/TrinityTrack6000/MainControlBoard/XMC/XMC4200/Libraries/XMCLib/inc\xmc_usic.h **** {
2149:D:/Projekty/TrinityTrack6000/MainControlBoard/XMC/XMC4200/Libraries/XMCLib/inc\xmc_usic.h ****   return (bool)(channel->TRBSR & USIC_CH_TRBSR_RFULL_Msk);
2150:D:/Projekty/TrinityTrack6000/MainControlBoard/XMC/XMC4200/Libraries/XMCLib/inc\xmc_usic.h **** }
2151:D:/Projekty/TrinityTrack6000/MainControlBoard/XMC/XMC4200/Libraries/XMCLib/inc\xmc_usic.h **** 
2152:D:/Projekty/TrinityTrack6000/MainControlBoard/XMC/XMC4200/Libraries/XMCLib/inc\xmc_usic.h **** /**
2153:D:/Projekty/TrinityTrack6000/MainControlBoard/XMC/XMC4200/Libraries/XMCLib/inc\xmc_usic.h ****  * @param channel Pointer to USIC channel handler of type @ref XMC_USIC_CH_t \n
2154:D:/Projekty/TrinityTrack6000/MainControlBoard/XMC/XMC4200/Libraries/XMCLib/inc\xmc_usic.h ****  * 				   \b Range: @ref XMC_USIC0_CH0, @ref XMC_USIC0_CH1 to @ref XMC_USIC2_CH1 based on device su
2155:D:/Projekty/TrinityTrack6000/MainControlBoard/XMC/XMC4200/Libraries/XMCLib/inc\xmc_usic.h ****  * @return Status \a true if receive FIFO is empty,
2156:D:/Projekty/TrinityTrack6000/MainControlBoard/XMC/XMC4200/Libraries/XMCLib/inc\xmc_usic.h ****  *              \a false if receive FIFO has some data.
2157:D:/Projekty/TrinityTrack6000/MainControlBoard/XMC/XMC4200/Libraries/XMCLib/inc\xmc_usic.h ****  *
2158:D:/Projekty/TrinityTrack6000/MainControlBoard/XMC/XMC4200/Libraries/XMCLib/inc\xmc_usic.h ****  * \par<b>Description</b><br>
2159:D:/Projekty/TrinityTrack6000/MainControlBoard/XMC/XMC4200/Libraries/XMCLib/inc\xmc_usic.h ****  * Checks if receive FIFO is empty. \n\n
2160:D:/Projekty/TrinityTrack6000/MainControlBoard/XMC/XMC4200/Libraries/XMCLib/inc\xmc_usic.h ****  * When the receive FIFO is empty, received data will be put in receive FIFO.
2161:D:/Projekty/TrinityTrack6000/MainControlBoard/XMC/XMC4200/Libraries/XMCLib/inc\xmc_usic.h ****  * When the last received word in the FIFO is read, FIFO empty flag is set. Any attempt
2162:D:/Projekty/TrinityTrack6000/MainControlBoard/XMC/XMC4200/Libraries/XMCLib/inc\xmc_usic.h ****  * to read from an empty receive FIFO will set the receive FIFO error flag.
2163:D:/Projekty/TrinityTrack6000/MainControlBoard/XMC/XMC4200/Libraries/XMCLib/inc\xmc_usic.h ****  *
2164:D:/Projekty/TrinityTrack6000/MainControlBoard/XMC/XMC4200/Libraries/XMCLib/inc\xmc_usic.h ****  * \par<b>Related APIs:</b><BR>
2165:D:/Projekty/TrinityTrack6000/MainControlBoard/XMC/XMC4200/Libraries/XMCLib/inc\xmc_usic.h ****  * XMC_USIC_CH_RXFIFO_Flush(), XMC_USIC_CH_RXFIFO_PutData() \n\n\n
2166:D:/Projekty/TrinityTrack6000/MainControlBoard/XMC/XMC4200/Libraries/XMCLib/inc\xmc_usic.h ****  */
2167:D:/Projekty/TrinityTrack6000/MainControlBoard/XMC/XMC4200/Libraries/XMCLib/inc\xmc_usic.h **** __STATIC_INLINE bool XMC_USIC_CH_RXFIFO_IsEmpty(XMC_USIC_CH_t *const channel)
2168:D:/Projekty/TrinityTrack6000/MainControlBoard/XMC/XMC4200/Libraries/XMCLib/inc\xmc_usic.h **** {
2169:D:/Projekty/TrinityTrack6000/MainControlBoard/XMC/XMC4200/Libraries/XMCLib/inc\xmc_usic.h ****   return (bool)(channel->TRBSR & USIC_CH_TRBSR_REMPTY_Msk);
2170:D:/Projekty/TrinityTrack6000/MainControlBoard/XMC/XMC4200/Libraries/XMCLib/inc\xmc_usic.h **** }
2171:D:/Projekty/TrinityTrack6000/MainControlBoard/XMC/XMC4200/Libraries/XMCLib/inc\xmc_usic.h **** 
2172:D:/Projekty/TrinityTrack6000/MainControlBoard/XMC/XMC4200/Libraries/XMCLib/inc\xmc_usic.h **** /**
2173:D:/Projekty/TrinityTrack6000/MainControlBoard/XMC/XMC4200/Libraries/XMCLib/inc\xmc_usic.h ****  * @param channel Pointer to USIC channel handler of type @ref XMC_USIC_CH_t \n
2174:D:/Projekty/TrinityTrack6000/MainControlBoard/XMC/XMC4200/Libraries/XMCLib/inc\xmc_usic.h ****  * 				   \b Range: @ref XMC_USIC0_CH0, @ref XMC_USIC0_CH1 to @ref XMC_USIC2_CH1 based on device su
2175:D:/Projekty/TrinityTrack6000/MainControlBoard/XMC/XMC4200/Libraries/XMCLib/inc\xmc_usic.h ****  * @return uint32_t Receive FIFO filling level. \n
2176:D:/Projekty/TrinityTrack6000/MainControlBoard/XMC/XMC4200/Libraries/XMCLib/inc\xmc_usic.h ****  *           \b Range: minimum= 0(FIFO empty), maximum= receive FIFO size.
2177:D:/Projekty/TrinityTrack6000/MainControlBoard/XMC/XMC4200/Libraries/XMCLib/inc\xmc_usic.h ****  *
2178:D:/Projekty/TrinityTrack6000/MainControlBoard/XMC/XMC4200/Libraries/XMCLib/inc\xmc_usic.h ****  * \par<b>Description</b><br>
2179:D:/Projekty/TrinityTrack6000/MainControlBoard/XMC/XMC4200/Libraries/XMCLib/inc\xmc_usic.h ****  * Gets the receive FIFO filling level. \n\n
2180:D:/Projekty/TrinityTrack6000/MainControlBoard/XMC/XMC4200/Libraries/XMCLib/inc\xmc_usic.h ****  * For every word received, the filling level is incremented. The API gives the value
2181:D:/Projekty/TrinityTrack6000/MainControlBoard/XMC/XMC4200/Libraries/XMCLib/inc\xmc_usic.h ****  * of this filling level. The filling level is decremented when the data is read out of the
2182:D:/Projekty/TrinityTrack6000/MainControlBoard/XMC/XMC4200/Libraries/XMCLib/inc\xmc_usic.h ****  * receive FIFO.
2183:D:/Projekty/TrinityTrack6000/MainControlBoard/XMC/XMC4200/Libraries/XMCLib/inc\xmc_usic.h ****  *
2184:D:/Projekty/TrinityTrack6000/MainControlBoard/XMC/XMC4200/Libraries/XMCLib/inc\xmc_usic.h ****  * \par<b>Related APIs:</b><BR>
2185:D:/Projekty/TrinityTrack6000/MainControlBoard/XMC/XMC4200/Libraries/XMCLib/inc\xmc_usic.h ****  * XMC_USIC_CH_RXFIFO_Flush(), XMC_USIC_CH_RXFIFO_PutData() \n\n\n
2186:D:/Projekty/TrinityTrack6000/MainControlBoard/XMC/XMC4200/Libraries/XMCLib/inc\xmc_usic.h ****  */
2187:D:/Projekty/TrinityTrack6000/MainControlBoard/XMC/XMC4200/Libraries/XMCLib/inc\xmc_usic.h **** __STATIC_INLINE uint32_t XMC_USIC_CH_RXFIFO_GetLevel(XMC_USIC_CH_t *const channel)
2188:D:/Projekty/TrinityTrack6000/MainControlBoard/XMC/XMC4200/Libraries/XMCLib/inc\xmc_usic.h **** {
2189:D:/Projekty/TrinityTrack6000/MainControlBoard/XMC/XMC4200/Libraries/XMCLib/inc\xmc_usic.h ****   return ((uint32_t)(channel->TRBSR & USIC_CH_TRBSR_RBFLVL_Msk) >> USIC_CH_TRBSR_RBFLVL_Pos);
2190:D:/Projekty/TrinityTrack6000/MainControlBoard/XMC/XMC4200/Libraries/XMCLib/inc\xmc_usic.h **** }
2191:D:/Projekty/TrinityTrack6000/MainControlBoard/XMC/XMC4200/Libraries/XMCLib/inc\xmc_usic.h **** 
2192:D:/Projekty/TrinityTrack6000/MainControlBoard/XMC/XMC4200/Libraries/XMCLib/inc\xmc_usic.h **** /**
2193:D:/Projekty/TrinityTrack6000/MainControlBoard/XMC/XMC4200/Libraries/XMCLib/inc\xmc_usic.h ****  * @param channel Pointer to USIC channel handler of type @ref XMC_USIC_CH_t \n
2194:D:/Projekty/TrinityTrack6000/MainControlBoard/XMC/XMC4200/Libraries/XMCLib/inc\xmc_usic.h ****  * 				   \b Range: @ref XMC_USIC0_CH0, @ref XMC_USIC0_CH1 to @ref XMC_USIC2_CH1 based on device su
2195:D:/Projekty/TrinityTrack6000/MainControlBoard/XMC/XMC4200/Libraries/XMCLib/inc\xmc_usic.h ****  * @return Status of standard receive buffer, alternative receive buffer and receive buffer error e
2196:D:/Projekty/TrinityTrack6000/MainControlBoard/XMC/XMC4200/Libraries/XMCLib/inc\xmc_usic.h ****  * 			\b Range: @ref XMC_USIC_CH_RXFIFO_EVENT_STANDARD, @ref XMC_USIC_CH_RXFIFO_EVENT_ERROR,
2197:D:/Projekty/TrinityTrack6000/MainControlBoard/XMC/XMC4200/Libraries/XMCLib/inc\xmc_usic.h ****  * 					  @ref XMC_USIC_CH_RXFIFO_EVENT_ALTERNATE.
2198:D:/Projekty/TrinityTrack6000/MainControlBoard/XMC/XMC4200/Libraries/XMCLib/inc\xmc_usic.h ****  *
2199:D:/Projekty/TrinityTrack6000/MainControlBoard/XMC/XMC4200/Libraries/XMCLib/inc\xmc_usic.h ****  * \par<b>Description</b><br>
2200:D:/Projekty/TrinityTrack6000/MainControlBoard/XMC/XMC4200/Libraries/XMCLib/inc\xmc_usic.h ****  * Gets the receive FIFO events' status. \n\n
2201:D:/Projekty/TrinityTrack6000/MainControlBoard/XMC/XMC4200/Libraries/XMCLib/inc\xmc_usic.h ****  * Gives the status of receive FIFO standard receive buffer event, alternative receive buffer event
2202:D:/Projekty/TrinityTrack6000/MainControlBoard/XMC/XMC4200/Libraries/XMCLib/inc\xmc_usic.h ****  * The status bits are located at their bitpositions in the TRBSR register in the returned value.
2203:D:/Projekty/TrinityTrack6000/MainControlBoard/XMC/XMC4200/Libraries/XMCLib/inc\xmc_usic.h ****  * User can make use of the XMC_USIC_CH_RXFIFO_EVENT enumeration for checking the status of return 
2204:D:/Projekty/TrinityTrack6000/MainControlBoard/XMC/XMC4200/Libraries/XMCLib/inc\xmc_usic.h ****  * The status can be found by using the bitwise AND operation on the returned value with the enumer
2205:D:/Projekty/TrinityTrack6000/MainControlBoard/XMC/XMC4200/Libraries/XMCLib/inc\xmc_usic.h ****  *
2206:D:/Projekty/TrinityTrack6000/MainControlBoard/XMC/XMC4200/Libraries/XMCLib/inc\xmc_usic.h ****  * Note: Event status flags should be cleared by the user explicitly.
2207:D:/Projekty/TrinityTrack6000/MainControlBoard/XMC/XMC4200/Libraries/XMCLib/inc\xmc_usic.h ****  *
2208:D:/Projekty/TrinityTrack6000/MainControlBoard/XMC/XMC4200/Libraries/XMCLib/inc\xmc_usic.h ****  * \par<b>Related APIs:</b><BR>
2209:D:/Projekty/TrinityTrack6000/MainControlBoard/XMC/XMC4200/Libraries/XMCLib/inc\xmc_usic.h ****  * XMC_USIC_CH_RXFIFO_ClearEvent()\n\n\n
2210:D:/Projekty/TrinityTrack6000/MainControlBoard/XMC/XMC4200/Libraries/XMCLib/inc\xmc_usic.h ****  */
2211:D:/Projekty/TrinityTrack6000/MainControlBoard/XMC/XMC4200/Libraries/XMCLib/inc\xmc_usic.h **** __STATIC_INLINE uint32_t XMC_USIC_CH_RXFIFO_GetEvent(XMC_USIC_CH_t *const channel)
2212:D:/Projekty/TrinityTrack6000/MainControlBoard/XMC/XMC4200/Libraries/XMCLib/inc\xmc_usic.h **** {
2213:D:/Projekty/TrinityTrack6000/MainControlBoard/XMC/XMC4200/Libraries/XMCLib/inc\xmc_usic.h ****   return (uint32_t)((channel->TRBSR) & (USIC_CH_TRBSR_SRBI_Msk |
2214:D:/Projekty/TrinityTrack6000/MainControlBoard/XMC/XMC4200/Libraries/XMCLib/inc\xmc_usic.h ****                                         USIC_CH_TRBSR_RBERI_Msk |
2215:D:/Projekty/TrinityTrack6000/MainControlBoard/XMC/XMC4200/Libraries/XMCLib/inc\xmc_usic.h ****                                         USIC_CH_TRBSR_ARBI_Msk));
2216:D:/Projekty/TrinityTrack6000/MainControlBoard/XMC/XMC4200/Libraries/XMCLib/inc\xmc_usic.h **** }
2217:D:/Projekty/TrinityTrack6000/MainControlBoard/XMC/XMC4200/Libraries/XMCLib/inc\xmc_usic.h **** 
2218:D:/Projekty/TrinityTrack6000/MainControlBoard/XMC/XMC4200/Libraries/XMCLib/inc\xmc_usic.h **** /**
2219:D:/Projekty/TrinityTrack6000/MainControlBoard/XMC/XMC4200/Libraries/XMCLib/inc\xmc_usic.h ****  * @param channel Pointer to USIC channel handler of type @ref XMC_USIC_CH_t \n
2220:D:/Projekty/TrinityTrack6000/MainControlBoard/XMC/XMC4200/Libraries/XMCLib/inc\xmc_usic.h ****  * 				   \b Range: @ref XMC_USIC0_CH0, @ref XMC_USIC0_CH1 to @ref XMC_USIC2_CH1 based on device su
2221:D:/Projekty/TrinityTrack6000/MainControlBoard/XMC/XMC4200/Libraries/XMCLib/inc\xmc_usic.h ****  * @param  event Receive FIFO events to be cleared. \n
2222:D:/Projekty/TrinityTrack6000/MainControlBoard/XMC/XMC4200/Libraries/XMCLib/inc\xmc_usic.h ****  * 			\b Range: @ref XMC_USIC_CH_RXFIFO_EVENT_STANDARD, @ref XMC_USIC_CH_RXFIFO_EVENT_ERROR,
2223:D:/Projekty/TrinityTrack6000/MainControlBoard/XMC/XMC4200/Libraries/XMCLib/inc\xmc_usic.h ****  * 					  @ref XMC_USIC_CH_RXFIFO_EVENT_ALTERNATE.
2224:D:/Projekty/TrinityTrack6000/MainControlBoard/XMC/XMC4200/Libraries/XMCLib/inc\xmc_usic.h ****  * @return None
2225:D:/Projekty/TrinityTrack6000/MainControlBoard/XMC/XMC4200/Libraries/XMCLib/inc\xmc_usic.h ****  *
2226:D:/Projekty/TrinityTrack6000/MainControlBoard/XMC/XMC4200/Libraries/XMCLib/inc\xmc_usic.h ****  * \par<b>Description</b><br>
2227:D:/Projekty/TrinityTrack6000/MainControlBoard/XMC/XMC4200/Libraries/XMCLib/inc\xmc_usic.h ****  * Clears the receive FIFO event flags in the status register. \n\n
2228:D:/Projekty/TrinityTrack6000/MainControlBoard/XMC/XMC4200/Libraries/XMCLib/inc\xmc_usic.h ****  * USIC channel peripheral does not clear the event flags after they are read.
2229:D:/Projekty/TrinityTrack6000/MainControlBoard/XMC/XMC4200/Libraries/XMCLib/inc\xmc_usic.h ****  * This API clears the events provided in the \a mask value.
2230:D:/Projekty/TrinityTrack6000/MainControlBoard/XMC/XMC4200/Libraries/XMCLib/inc\xmc_usic.h ****  * XMC_USIC_CH_RXFIFO_EVENT enumeration can be used as input. Multiple events
2231:D:/Projekty/TrinityTrack6000/MainControlBoard/XMC/XMC4200/Libraries/XMCLib/inc\xmc_usic.h ****  * can be cleared by providing a mask value obtained by bitwise OR operation of
2232:D:/Projekty/TrinityTrack6000/MainControlBoard/XMC/XMC4200/Libraries/XMCLib/inc\xmc_usic.h ****  * multiple event enumerations.
2233:D:/Projekty/TrinityTrack6000/MainControlBoard/XMC/XMC4200/Libraries/XMCLib/inc\xmc_usic.h ****  *
2234:D:/Projekty/TrinityTrack6000/MainControlBoard/XMC/XMC4200/Libraries/XMCLib/inc\xmc_usic.h ****  * \par<b>Related APIs:</b><BR>
2235:D:/Projekty/TrinityTrack6000/MainControlBoard/XMC/XMC4200/Libraries/XMCLib/inc\xmc_usic.h ****  * XMC_USIC_CH_RXFIFO_GetEvent() \n\n\n
2236:D:/Projekty/TrinityTrack6000/MainControlBoard/XMC/XMC4200/Libraries/XMCLib/inc\xmc_usic.h ****  */
2237:D:/Projekty/TrinityTrack6000/MainControlBoard/XMC/XMC4200/Libraries/XMCLib/inc\xmc_usic.h **** __STATIC_INLINE void XMC_USIC_CH_RXFIFO_ClearEvent(XMC_USIC_CH_t *const channel,
2238:D:/Projekty/TrinityTrack6000/MainControlBoard/XMC/XMC4200/Libraries/XMCLib/inc\xmc_usic.h ****     const uint32_t event)
2239:D:/Projekty/TrinityTrack6000/MainControlBoard/XMC/XMC4200/Libraries/XMCLib/inc\xmc_usic.h **** {
2240:D:/Projekty/TrinityTrack6000/MainControlBoard/XMC/XMC4200/Libraries/XMCLib/inc\xmc_usic.h ****   channel->TRBSCR = event;
2241:D:/Projekty/TrinityTrack6000/MainControlBoard/XMC/XMC4200/Libraries/XMCLib/inc\xmc_usic.h **** }
2242:D:/Projekty/TrinityTrack6000/MainControlBoard/XMC/XMC4200/Libraries/XMCLib/inc\xmc_usic.h **** 
2243:D:/Projekty/TrinityTrack6000/MainControlBoard/XMC/XMC4200/Libraries/XMCLib/inc\xmc_usic.h **** /**
2244:D:/Projekty/TrinityTrack6000/MainControlBoard/XMC/XMC4200/Libraries/XMCLib/inc\xmc_usic.h ****  * @param channel Pointer to USIC channel handler of type @ref XMC_USIC_CH_t \n
2245:D:/Projekty/TrinityTrack6000/MainControlBoard/XMC/XMC4200/Libraries/XMCLib/inc\xmc_usic.h ****  * 				   \b Range: @ref XMC_USIC0_CH0, @ref XMC_USIC0_CH1 to @ref XMC_USIC2_CH1 based on device su
2246:D:/Projekty/TrinityTrack6000/MainControlBoard/XMC/XMC4200/Libraries/XMCLib/inc\xmc_usic.h ****  * @return None
2247:D:/Projekty/TrinityTrack6000/MainControlBoard/XMC/XMC4200/Libraries/XMCLib/inc\xmc_usic.h ****  *
2248:D:/Projekty/TrinityTrack6000/MainControlBoard/XMC/XMC4200/Libraries/XMCLib/inc\xmc_usic.h ****  * \par<b>Description</b><br>
2249:D:/Projekty/TrinityTrack6000/MainControlBoard/XMC/XMC4200/Libraries/XMCLib/inc\xmc_usic.h ****  * Enables time measurement using the capture mode timer. \n\n
2250:D:/Projekty/TrinityTrack6000/MainControlBoard/XMC/XMC4200/Libraries/XMCLib/inc\xmc_usic.h ****  * Time measurement is enabled by setting the timer enable flag in BRG register.
2251:D:/Projekty/TrinityTrack6000/MainControlBoard/XMC/XMC4200/Libraries/XMCLib/inc\xmc_usic.h ****  *
2252:D:/Projekty/TrinityTrack6000/MainControlBoard/XMC/XMC4200/Libraries/XMCLib/inc\xmc_usic.h ****  * \par<b>Related APIs:</b><BR>
2253:D:/Projekty/TrinityTrack6000/MainControlBoard/XMC/XMC4200/Libraries/XMCLib/inc\xmc_usic.h ****  * XMC_USIC_CH_DisableTimeMeasurement() \n\n\n
2254:D:/Projekty/TrinityTrack6000/MainControlBoard/XMC/XMC4200/Libraries/XMCLib/inc\xmc_usic.h ****  */
2255:D:/Projekty/TrinityTrack6000/MainControlBoard/XMC/XMC4200/Libraries/XMCLib/inc\xmc_usic.h **** __STATIC_INLINE void XMC_USIC_CH_EnableTimeMeasurement(XMC_USIC_CH_t *const channel)
2256:D:/Projekty/TrinityTrack6000/MainControlBoard/XMC/XMC4200/Libraries/XMCLib/inc\xmc_usic.h **** {
2257:D:/Projekty/TrinityTrack6000/MainControlBoard/XMC/XMC4200/Libraries/XMCLib/inc\xmc_usic.h ****   channel->BRG |= (uint32_t)USIC_CH_BRG_TMEN_Msk;
2258:D:/Projekty/TrinityTrack6000/MainControlBoard/XMC/XMC4200/Libraries/XMCLib/inc\xmc_usic.h **** }
2259:D:/Projekty/TrinityTrack6000/MainControlBoard/XMC/XMC4200/Libraries/XMCLib/inc\xmc_usic.h **** 
2260:D:/Projekty/TrinityTrack6000/MainControlBoard/XMC/XMC4200/Libraries/XMCLib/inc\xmc_usic.h **** /**
2261:D:/Projekty/TrinityTrack6000/MainControlBoard/XMC/XMC4200/Libraries/XMCLib/inc\xmc_usic.h ****  * @param channel Pointer to USIC channel handler of type @ref XMC_USIC_CH_t \n
2262:D:/Projekty/TrinityTrack6000/MainControlBoard/XMC/XMC4200/Libraries/XMCLib/inc\xmc_usic.h ****  * 				   \b Range: @ref XMC_USIC0_CH0, @ref XMC_USIC0_CH1 to @ref XMC_USIC2_CH1 based on device su
2263:D:/Projekty/TrinityTrack6000/MainControlBoard/XMC/XMC4200/Libraries/XMCLib/inc\xmc_usic.h ****  * @return None
2264:D:/Projekty/TrinityTrack6000/MainControlBoard/XMC/XMC4200/Libraries/XMCLib/inc\xmc_usic.h ****  *
2265:D:/Projekty/TrinityTrack6000/MainControlBoard/XMC/XMC4200/Libraries/XMCLib/inc\xmc_usic.h ****  * \par<b>Description</b><br>
2266:D:/Projekty/TrinityTrack6000/MainControlBoard/XMC/XMC4200/Libraries/XMCLib/inc\xmc_usic.h ****  * Disables time measurement using the capture mode timer. \n\n
2267:D:/Projekty/TrinityTrack6000/MainControlBoard/XMC/XMC4200/Libraries/XMCLib/inc\xmc_usic.h ****  * Time measurement is disabled by clearing the timer enable flag in BRG register.
2268:D:/Projekty/TrinityTrack6000/MainControlBoard/XMC/XMC4200/Libraries/XMCLib/inc\xmc_usic.h ****  *
2269:D:/Projekty/TrinityTrack6000/MainControlBoard/XMC/XMC4200/Libraries/XMCLib/inc\xmc_usic.h ****  * \par<b>Related APIs:</b><BR>
2270:D:/Projekty/TrinityTrack6000/MainControlBoard/XMC/XMC4200/Libraries/XMCLib/inc\xmc_usic.h ****  * XMC_USIC_CH_EnableTimeMeasurement() \n\n\n
2271:D:/Projekty/TrinityTrack6000/MainControlBoard/XMC/XMC4200/Libraries/XMCLib/inc\xmc_usic.h ****  */
2272:D:/Projekty/TrinityTrack6000/MainControlBoard/XMC/XMC4200/Libraries/XMCLib/inc\xmc_usic.h **** __STATIC_INLINE void XMC_USIC_CH_DisableTimeMeasurement(XMC_USIC_CH_t *const channel)
2273:D:/Projekty/TrinityTrack6000/MainControlBoard/XMC/XMC4200/Libraries/XMCLib/inc\xmc_usic.h **** {
2274:D:/Projekty/TrinityTrack6000/MainControlBoard/XMC/XMC4200/Libraries/XMCLib/inc\xmc_usic.h ****   channel->BRG &= (uint32_t)~USIC_CH_BRG_TMEN_Msk;
2275:D:/Projekty/TrinityTrack6000/MainControlBoard/XMC/XMC4200/Libraries/XMCLib/inc\xmc_usic.h **** }
2276:D:/Projekty/TrinityTrack6000/MainControlBoard/XMC/XMC4200/Libraries/XMCLib/inc\xmc_usic.h **** 
2277:D:/Projekty/TrinityTrack6000/MainControlBoard/XMC/XMC4200/Libraries/XMCLib/inc\xmc_usic.h **** /**
2278:D:/Projekty/TrinityTrack6000/MainControlBoard/XMC/XMC4200/Libraries/XMCLib/inc\xmc_usic.h ****  * @param channel Pointer to USIC channel handler of type @ref XMC_USIC_CH_t \n
2279:D:/Projekty/TrinityTrack6000/MainControlBoard/XMC/XMC4200/Libraries/XMCLib/inc\xmc_usic.h ****  * 				   \b Range: @ref XMC_USIC0_CH0, @ref XMC_USIC0_CH1 to @ref XMC_USIC2_CH1 based on device su
2280:D:/Projekty/TrinityTrack6000/MainControlBoard/XMC/XMC4200/Libraries/XMCLib/inc\xmc_usic.h ****  * @param passive_level Passive level for the master clock output. \n
2281:D:/Projekty/TrinityTrack6000/MainControlBoard/XMC/XMC4200/Libraries/XMCLib/inc\xmc_usic.h ****  * 					\b Range: @ref XMC_USIC_CH_BRG_MASTER_CLOCK_PASSIVE_LEVEL_0, @ref XMC_USIC_CH_BRG_MASTER_CL
2282:D:/Projekty/TrinityTrack6000/MainControlBoard/XMC/XMC4200/Libraries/XMCLib/inc\xmc_usic.h ****  * @return None
2283:D:/Projekty/TrinityTrack6000/MainControlBoard/XMC/XMC4200/Libraries/XMCLib/inc\xmc_usic.h ****  *
2284:D:/Projekty/TrinityTrack6000/MainControlBoard/XMC/XMC4200/Libraries/XMCLib/inc\xmc_usic.h ****  * \par<b>Description</b><br>
2285:D:/Projekty/TrinityTrack6000/MainControlBoard/XMC/XMC4200/Libraries/XMCLib/inc\xmc_usic.h ****  * Sets the idle mode pin level for the master clock output. \n
2286:D:/Projekty/TrinityTrack6000/MainControlBoard/XMC/XMC4200/Libraries/XMCLib/inc\xmc_usic.h ****  */
2287:D:/Projekty/TrinityTrack6000/MainControlBoard/XMC/XMC4200/Libraries/XMCLib/inc\xmc_usic.h **** __STATIC_INLINE void XMC_USIC_CH_SetMclkOutputPassiveLevel(XMC_USIC_CH_t *const channel,
2288:D:/Projekty/TrinityTrack6000/MainControlBoard/XMC/XMC4200/Libraries/XMCLib/inc\xmc_usic.h ****     const XMC_USIC_CH_BRG_MASTER_CLOCK_PASSIVE_LEVEL_t passive_level)
2289:D:/Projekty/TrinityTrack6000/MainControlBoard/XMC/XMC4200/Libraries/XMCLib/inc\xmc_usic.h **** {
2290:D:/Projekty/TrinityTrack6000/MainControlBoard/XMC/XMC4200/Libraries/XMCLib/inc\xmc_usic.h ****   channel->BRG = (uint32_t)(channel->BRG & (~USIC_CH_BRG_MCLKCFG_Msk)) | (uint32_t)passive_level;
2291:D:/Projekty/TrinityTrack6000/MainControlBoard/XMC/XMC4200/Libraries/XMCLib/inc\xmc_usic.h **** }
2292:D:/Projekty/TrinityTrack6000/MainControlBoard/XMC/XMC4200/Libraries/XMCLib/inc\xmc_usic.h **** /**
2293:D:/Projekty/TrinityTrack6000/MainControlBoard/XMC/XMC4200/Libraries/XMCLib/inc\xmc_usic.h ****  * @param channel Pointer to USIC channel handler of type @ref XMC_USIC_CH_t \n
2294:D:/Projekty/TrinityTrack6000/MainControlBoard/XMC/XMC4200/Libraries/XMCLib/inc\xmc_usic.h ****  * 				   \b Range: @ref XMC_USIC0_CH0, @ref XMC_USIC0_CH1 to @ref XMC_USIC2_CH1 based on device su
2295:D:/Projekty/TrinityTrack6000/MainControlBoard/XMC/XMC4200/Libraries/XMCLib/inc\xmc_usic.h ****  * @param passive_level Passive level for the clock output. \n
2296:D:/Projekty/TrinityTrack6000/MainControlBoard/XMC/XMC4200/Libraries/XMCLib/inc\xmc_usic.h ****  * 					\b Range: @ref XMC_USIC_CH_BRG_SHIFT_CLOCK_PASSIVE_LEVEL_0_DELAY_DISABLED,
2297:D:/Projekty/TrinityTrack6000/MainControlBoard/XMC/XMC4200/Libraries/XMCLib/inc\xmc_usic.h ****  * 							  @ref XMC_USIC_CH_BRG_SHIFT_CLOCK_PASSIVE_LEVEL_0_DELAY_ENABLED,
2298:D:/Projekty/TrinityTrack6000/MainControlBoard/XMC/XMC4200/Libraries/XMCLib/inc\xmc_usic.h ****  * 							  @ref XMC_USIC_CH_BRG_SHIFT_CLOCK_PASSIVE_LEVEL_1_DELAY_DISABLED,
2299:D:/Projekty/TrinityTrack6000/MainControlBoard/XMC/XMC4200/Libraries/XMCLib/inc\xmc_usic.h ****  *							  @ref XMC_USIC_CH_BRG_SHIFT_CLOCK_PASSIVE_LEVEL_1_DELAY_ENABLED,
2300:D:/Projekty/TrinityTrack6000/MainControlBoard/XMC/XMC4200/Libraries/XMCLib/inc\xmc_usic.h ****  * @param clock_output Shift clock source selection. \n
2301:D:/Projekty/TrinityTrack6000/MainControlBoard/XMC/XMC4200/Libraries/XMCLib/inc\xmc_usic.h ****  * 					\b Range: Use @ref XMC_USIC_CH_BRG_SHIFT_CLOCK_OUTPUT_SCLK,
2302:D:/Projekty/TrinityTrack6000/MainControlBoard/XMC/XMC4200/Libraries/XMCLib/inc\xmc_usic.h ****  * 								  @ref XMC_USIC_CH_BRG_SHIFT_CLOCK_OUTPUT_DX1
2303:D:/Projekty/TrinityTrack6000/MainControlBoard/XMC/XMC4200/Libraries/XMCLib/inc\xmc_usic.h ****  * @return None
2304:D:/Projekty/TrinityTrack6000/MainControlBoard/XMC/XMC4200/Libraries/XMCLib/inc\xmc_usic.h ****  *
2305:D:/Projekty/TrinityTrack6000/MainControlBoard/XMC/XMC4200/Libraries/XMCLib/inc\xmc_usic.h ****  * \par<b>Description</b><br>
2306:D:/Projekty/TrinityTrack6000/MainControlBoard/XMC/XMC4200/Libraries/XMCLib/inc\xmc_usic.h ****  * Sets the idle mode shift clock output level and selects the shift clock source. \n\n
2307:D:/Projekty/TrinityTrack6000/MainControlBoard/XMC/XMC4200/Libraries/XMCLib/inc\xmc_usic.h ****  * Shift clock idle mode output level can be set to logic high or low. Shift clock output can be co
2308:D:/Projekty/TrinityTrack6000/MainControlBoard/XMC/XMC4200/Libraries/XMCLib/inc\xmc_usic.h ****  * delay of half shift clock period. Both the configurations are available as enumeration values de
2309:D:/Projekty/TrinityTrack6000/MainControlBoard/XMC/XMC4200/Libraries/XMCLib/inc\xmc_usic.h ****  * @ref XMC_USIC_CH_BRG_SHIFT_CLOCK_PASSIVE_LEVEL_t.
2310:D:/Projekty/TrinityTrack6000/MainControlBoard/XMC/XMC4200/Libraries/XMCLib/inc\xmc_usic.h ****  * This value should be configured based on the slave device requirement.
2311:D:/Projekty/TrinityTrack6000/MainControlBoard/XMC/XMC4200/Libraries/XMCLib/inc\xmc_usic.h ****  * Shift clock source can be selected between internal clock(master) and external input(slave).
2312:D:/Projekty/TrinityTrack6000/MainControlBoard/XMC/XMC4200/Libraries/XMCLib/inc\xmc_usic.h ****  *
2313:D:/Projekty/TrinityTrack6000/MainControlBoard/XMC/XMC4200/Libraries/XMCLib/inc\xmc_usic.h ****  */
2314:D:/Projekty/TrinityTrack6000/MainControlBoard/XMC/XMC4200/Libraries/XMCLib/inc\xmc_usic.h **** __STATIC_INLINE void XMC_USIC_CH_ConfigureShiftClockOutput(XMC_USIC_CH_t *const channel,
2315:D:/Projekty/TrinityTrack6000/MainControlBoard/XMC/XMC4200/Libraries/XMCLib/inc\xmc_usic.h ****     const XMC_USIC_CH_BRG_SHIFT_CLOCK_PASSIVE_LEVEL_t passive_level,
2316:D:/Projekty/TrinityTrack6000/MainControlBoard/XMC/XMC4200/Libraries/XMCLib/inc\xmc_usic.h ****     const XMC_USIC_CH_BRG_SHIFT_CLOCK_OUTPUT_t clock_output)
2317:D:/Projekty/TrinityTrack6000/MainControlBoard/XMC/XMC4200/Libraries/XMCLib/inc\xmc_usic.h **** {
2318:D:/Projekty/TrinityTrack6000/MainControlBoard/XMC/XMC4200/Libraries/XMCLib/inc\xmc_usic.h ****   channel->BRG = (uint32_t)(channel->BRG & (~(USIC_CH_BRG_SCLKCFG_Msk |
2319:D:/Projekty/TrinityTrack6000/MainControlBoard/XMC/XMC4200/Libraries/XMCLib/inc\xmc_usic.h ****                             USIC_CH_BRG_SCLKOSEL_Msk))) |
2320:D:/Projekty/TrinityTrack6000/MainControlBoard/XMC/XMC4200/Libraries/XMCLib/inc\xmc_usic.h ****                  (uint32_t)passive_level |
2321:D:/Projekty/TrinityTrack6000/MainControlBoard/XMC/XMC4200/Libraries/XMCLib/inc\xmc_usic.h ****                  (uint32_t)clock_output;
2322:D:/Projekty/TrinityTrack6000/MainControlBoard/XMC/XMC4200/Libraries/XMCLib/inc\xmc_usic.h **** }
2323:D:/Projekty/TrinityTrack6000/MainControlBoard/XMC/XMC4200/Libraries/XMCLib/inc\xmc_usic.h **** 
2324:D:/Projekty/TrinityTrack6000/MainControlBoard/XMC/XMC4200/Libraries/XMCLib/inc\xmc_usic.h **** /**
2325:D:/Projekty/TrinityTrack6000/MainControlBoard/XMC/XMC4200/Libraries/XMCLib/inc\xmc_usic.h ****  * @param channel Pointer to USIC channel handler of type @ref XMC_USIC_CH_t \n
2326:D:/Projekty/TrinityTrack6000/MainControlBoard/XMC/XMC4200/Libraries/XMCLib/inc\xmc_usic.h ****  * 				   \b Range: @ref XMC_USIC0_CH0, @ref XMC_USIC0_CH1 to @ref XMC_USIC2_CH1 based on device su
2327:D:/Projekty/TrinityTrack6000/MainControlBoard/XMC/XMC4200/Libraries/XMCLib/inc\xmc_usic.h ****  * @param mode USIC channel operation mode. \n
2328:D:/Projekty/TrinityTrack6000/MainControlBoard/XMC/XMC4200/Libraries/XMCLib/inc\xmc_usic.h ****  * 				\b Range: @ref XMC_USIC_CH_OPERATING_MODE_IDLE, @ref XMC_USIC_CH_OPERATING_MODE_SPI,
2329:D:/Projekty/TrinityTrack6000/MainControlBoard/XMC/XMC4200/Libraries/XMCLib/inc\xmc_usic.h ****  * 						  @ref XMC_USIC_CH_OPERATING_MODE_UART, @ref XMC_USIC_CH_OPERATING_MODE_I2S,
2330:D:/Projekty/TrinityTrack6000/MainControlBoard/XMC/XMC4200/Libraries/XMCLib/inc\xmc_usic.h ****  * 						  @ref XMC_USIC_CH_OPERATING_MODE_I2C.
2331:D:/Projekty/TrinityTrack6000/MainControlBoard/XMC/XMC4200/Libraries/XMCLib/inc\xmc_usic.h ****  * @return None
2332:D:/Projekty/TrinityTrack6000/MainControlBoard/XMC/XMC4200/Libraries/XMCLib/inc\xmc_usic.h ****  *
2333:D:/Projekty/TrinityTrack6000/MainControlBoard/XMC/XMC4200/Libraries/XMCLib/inc\xmc_usic.h ****  * \par<b>Description</b><br>
2334:D:/Projekty/TrinityTrack6000/MainControlBoard/XMC/XMC4200/Libraries/XMCLib/inc\xmc_usic.h ****  * Sets the USIC channel operation mode.\n\n
2335:D:/Projekty/TrinityTrack6000/MainControlBoard/XMC/XMC4200/Libraries/XMCLib/inc\xmc_usic.h ****  * A USIC channel can support multiple serial communication protocols like UART, SPI, I2C and I2S.
2336:D:/Projekty/TrinityTrack6000/MainControlBoard/XMC/XMC4200/Libraries/XMCLib/inc\xmc_usic.h ****  * The API sets the input operation mode to the USIC channel.
2337:D:/Projekty/TrinityTrack6000/MainControlBoard/XMC/XMC4200/Libraries/XMCLib/inc\xmc_usic.h ****  *
2338:D:/Projekty/TrinityTrack6000/MainControlBoard/XMC/XMC4200/Libraries/XMCLib/inc\xmc_usic.h ****  * \par<b>Related APIs:</b><BR>
2339:D:/Projekty/TrinityTrack6000/MainControlBoard/XMC/XMC4200/Libraries/XMCLib/inc\xmc_usic.h ****  * XMC_USIC_Enable(), XMC_USIC_CH_Enable() \n\n\n
2340:D:/Projekty/TrinityTrack6000/MainControlBoard/XMC/XMC4200/Libraries/XMCLib/inc\xmc_usic.h ****  */
2341:D:/Projekty/TrinityTrack6000/MainControlBoard/XMC/XMC4200/Libraries/XMCLib/inc\xmc_usic.h **** __STATIC_INLINE void XMC_USIC_CH_SetMode(XMC_USIC_CH_t *const channel, const XMC_USIC_CH_OPERATING_
2342:D:/Projekty/TrinityTrack6000/MainControlBoard/XMC/XMC4200/Libraries/XMCLib/inc\xmc_usic.h **** {
 444              	 .loc 2 2342 0
 445              	 .cfi_startproc
 446              	 
 447              	 
 448              	 
 449 0000 80B4     	 push {r7}
 450              	.LCFI40:
 451              	 .cfi_def_cfa_offset 4
 452              	 .cfi_offset 7,-4
 453 0002 83B0     	 sub sp,sp,#12
 454              	.LCFI41:
 455              	 .cfi_def_cfa_offset 16
 456 0004 00AF     	 add r7,sp,#0
 457              	.LCFI42:
 458              	 .cfi_def_cfa_register 7
 459 0006 7860     	 str r0,[r7,#4]
 460 0008 0B46     	 mov r3,r1
 461 000a FB70     	 strb r3,[r7,#3]
2343:D:/Projekty/TrinityTrack6000/MainControlBoard/XMC/XMC4200/Libraries/XMCLib/inc\xmc_usic.h ****   channel->CCR = (uint32_t)(channel->CCR & (~(USIC_CH_CCR_MODE_Msk))) | (uint32_t)mode;
 462              	 .loc 2 2343 0
 463 000c 7B68     	 ldr r3,[r7,#4]
 464 000e 1B6C     	 ldr r3,[r3,#64]
 465 0010 23F00F02 	 bic r2,r3,#15
 466 0014 FB78     	 ldrb r3,[r7,#3]
 467 0016 1A43     	 orrs r2,r2,r3
 468 0018 7B68     	 ldr r3,[r7,#4]
 469 001a 1A64     	 str r2,[r3,#64]
2344:D:/Projekty/TrinityTrack6000/MainControlBoard/XMC/XMC4200/Libraries/XMCLib/inc\xmc_usic.h **** }
 470              	 .loc 2 2344 0
 471 001c 0C37     	 adds r7,r7,#12
 472              	.LCFI43:
 473              	 .cfi_def_cfa_offset 4
 474 001e BD46     	 mov sp,r7
 475              	.LCFI44:
 476              	 .cfi_def_cfa_register 13
 477              	 
 478 0020 5DF8047B 	 ldr r7,[sp],#4
 479              	.LCFI45:
 480              	 .cfi_restore 7
 481              	 .cfi_def_cfa_offset 0
 482 0024 7047     	 bx lr
 483              	 .cfi_endproc
 484              	.LFE209:
 486 0026 00BF     	 .section .text.XMC_I2C_CH_Init,"ax",%progbits
 487              	 .align 2
 488              	 .thumb
 489              	 .thumb_func
 491              	XMC_I2C_CH_Init:
 492              	.LFB210:
 493              	 .file 3 "D:/Projekty/TrinityTrack6000/MainControlBoard/XMC/XMC4200/Libraries/XMCLib/inc/xmc_i2c.h"
   1:D:/Projekty/TrinityTrack6000/MainControlBoard/XMC/XMC4200/Libraries/XMCLib/inc\xmc_i2c.h **** /**
   2:D:/Projekty/TrinityTrack6000/MainControlBoard/XMC/XMC4200/Libraries/XMCLib/inc\xmc_i2c.h ****  * @file xmc_i2c.h
   3:D:/Projekty/TrinityTrack6000/MainControlBoard/XMC/XMC4200/Libraries/XMCLib/inc\xmc_i2c.h ****  * @date 2020-12-05
   4:D:/Projekty/TrinityTrack6000/MainControlBoard/XMC/XMC4200/Libraries/XMCLib/inc\xmc_i2c.h ****  *
   5:D:/Projekty/TrinityTrack6000/MainControlBoard/XMC/XMC4200/Libraries/XMCLib/inc\xmc_i2c.h ****  * @cond
   6:D:/Projekty/TrinityTrack6000/MainControlBoard/XMC/XMC4200/Libraries/XMCLib/inc\xmc_i2c.h ****  *****************************************************************************
   7:D:/Projekty/TrinityTrack6000/MainControlBoard/XMC/XMC4200/Libraries/XMCLib/inc\xmc_i2c.h ****  * XMClib v2.2.0 - XMC Peripheral Driver Library
   8:D:/Projekty/TrinityTrack6000/MainControlBoard/XMC/XMC4200/Libraries/XMCLib/inc\xmc_i2c.h ****  *
   9:D:/Projekty/TrinityTrack6000/MainControlBoard/XMC/XMC4200/Libraries/XMCLib/inc\xmc_i2c.h ****  * Copyright (c) 2015-2020, Infineon Technologies AG
  10:D:/Projekty/TrinityTrack6000/MainControlBoard/XMC/XMC4200/Libraries/XMCLib/inc\xmc_i2c.h ****  * All rights reserved.
  11:D:/Projekty/TrinityTrack6000/MainControlBoard/XMC/XMC4200/Libraries/XMCLib/inc\xmc_i2c.h ****  *
  12:D:/Projekty/TrinityTrack6000/MainControlBoard/XMC/XMC4200/Libraries/XMCLib/inc\xmc_i2c.h ****  * Boost Software License - Version 1.0 - August 17th, 2003
  13:D:/Projekty/TrinityTrack6000/MainControlBoard/XMC/XMC4200/Libraries/XMCLib/inc\xmc_i2c.h ****  *
  14:D:/Projekty/TrinityTrack6000/MainControlBoard/XMC/XMC4200/Libraries/XMCLib/inc\xmc_i2c.h ****  * Permission is hereby granted, free of charge, to any person or organization
  15:D:/Projekty/TrinityTrack6000/MainControlBoard/XMC/XMC4200/Libraries/XMCLib/inc\xmc_i2c.h ****  * obtaining a copy of the software and accompanying documentation covered by
  16:D:/Projekty/TrinityTrack6000/MainControlBoard/XMC/XMC4200/Libraries/XMCLib/inc\xmc_i2c.h ****  * this license (the "Software") to use, reproduce, display, distribute,
  17:D:/Projekty/TrinityTrack6000/MainControlBoard/XMC/XMC4200/Libraries/XMCLib/inc\xmc_i2c.h ****  * execute, and transmit the Software, and to prepare derivative works of the
  18:D:/Projekty/TrinityTrack6000/MainControlBoard/XMC/XMC4200/Libraries/XMCLib/inc\xmc_i2c.h ****  * Software, and to permit third-parties to whom the Software is furnished to
  19:D:/Projekty/TrinityTrack6000/MainControlBoard/XMC/XMC4200/Libraries/XMCLib/inc\xmc_i2c.h ****  * do so, all subject to the following:
  20:D:/Projekty/TrinityTrack6000/MainControlBoard/XMC/XMC4200/Libraries/XMCLib/inc\xmc_i2c.h ****  *
  21:D:/Projekty/TrinityTrack6000/MainControlBoard/XMC/XMC4200/Libraries/XMCLib/inc\xmc_i2c.h ****  * The copyright notices in the Software and this entire statement, including
  22:D:/Projekty/TrinityTrack6000/MainControlBoard/XMC/XMC4200/Libraries/XMCLib/inc\xmc_i2c.h ****  * the above license grant, this restriction and the following disclaimer,
  23:D:/Projekty/TrinityTrack6000/MainControlBoard/XMC/XMC4200/Libraries/XMCLib/inc\xmc_i2c.h ****  * must be included in all copies of the Software, in whole or in part, and
  24:D:/Projekty/TrinityTrack6000/MainControlBoard/XMC/XMC4200/Libraries/XMCLib/inc\xmc_i2c.h ****  * all derivative works of the Software, unless such copies or derivative
  25:D:/Projekty/TrinityTrack6000/MainControlBoard/XMC/XMC4200/Libraries/XMCLib/inc\xmc_i2c.h ****  * works are solely in the form of machine-executable object code generated by
  26:D:/Projekty/TrinityTrack6000/MainControlBoard/XMC/XMC4200/Libraries/XMCLib/inc\xmc_i2c.h ****  * a source language processor.
  27:D:/Projekty/TrinityTrack6000/MainControlBoard/XMC/XMC4200/Libraries/XMCLib/inc\xmc_i2c.h ****  *
  28:D:/Projekty/TrinityTrack6000/MainControlBoard/XMC/XMC4200/Libraries/XMCLib/inc\xmc_i2c.h ****  * THE SOFTWARE IS PROVIDED "AS IS", WITHOUT WARRANTY OF ANY KIND, EXPRESS OR
  29:D:/Projekty/TrinityTrack6000/MainControlBoard/XMC/XMC4200/Libraries/XMCLib/inc\xmc_i2c.h ****  * IMPLIED, INCLUDING BUT NOT LIMITED TO THE WARRANTIES OF MERCHANTABILITY,
  30:D:/Projekty/TrinityTrack6000/MainControlBoard/XMC/XMC4200/Libraries/XMCLib/inc\xmc_i2c.h ****  * FITNESS FOR A PARTICULAR PURPOSE, TITLE AND NON-INFRINGEMENT. IN NO EVENT
  31:D:/Projekty/TrinityTrack6000/MainControlBoard/XMC/XMC4200/Libraries/XMCLib/inc\xmc_i2c.h ****  * SHALL THE COPYRIGHT HOLDERS OR ANYONE DISTRIBUTING THE SOFTWARE BE LIABLE
  32:D:/Projekty/TrinityTrack6000/MainControlBoard/XMC/XMC4200/Libraries/XMCLib/inc\xmc_i2c.h ****  * FOR ANY DAMAGES OR OTHER LIABILITY, WHETHER IN CONTRACT, TORT OR OTHERWISE,
  33:D:/Projekty/TrinityTrack6000/MainControlBoard/XMC/XMC4200/Libraries/XMCLib/inc\xmc_i2c.h ****  * ARISING FROM, OUT OF OR IN CONNECTION WITH THE SOFTWARE OR THE USE OR OTHER
  34:D:/Projekty/TrinityTrack6000/MainControlBoard/XMC/XMC4200/Libraries/XMCLib/inc\xmc_i2c.h ****  * DEALINGS IN THE SOFTWARE.
  35:D:/Projekty/TrinityTrack6000/MainControlBoard/XMC/XMC4200/Libraries/XMCLib/inc\xmc_i2c.h ****  *
  36:D:/Projekty/TrinityTrack6000/MainControlBoard/XMC/XMC4200/Libraries/XMCLib/inc\xmc_i2c.h ****  * To improve the quality of the software, users are encouraged to share
  37:D:/Projekty/TrinityTrack6000/MainControlBoard/XMC/XMC4200/Libraries/XMCLib/inc\xmc_i2c.h ****  * modifications, enhancements or bug fixes with Infineon Technologies AG
  38:D:/Projekty/TrinityTrack6000/MainControlBoard/XMC/XMC4200/Libraries/XMCLib/inc\xmc_i2c.h ****  * at XMCSupport@infineon.com.
  39:D:/Projekty/TrinityTrack6000/MainControlBoard/XMC/XMC4200/Libraries/XMCLib/inc\xmc_i2c.h ****  *****************************************************************************
  40:D:/Projekty/TrinityTrack6000/MainControlBoard/XMC/XMC4200/Libraries/XMCLib/inc\xmc_i2c.h ****  *
  41:D:/Projekty/TrinityTrack6000/MainControlBoard/XMC/XMC4200/Libraries/XMCLib/inc\xmc_i2c.h ****  * Change History
  42:D:/Projekty/TrinityTrack6000/MainControlBoard/XMC/XMC4200/Libraries/XMCLib/inc\xmc_i2c.h ****  * --------------
  43:D:/Projekty/TrinityTrack6000/MainControlBoard/XMC/XMC4200/Libraries/XMCLib/inc\xmc_i2c.h ****  *
  44:D:/Projekty/TrinityTrack6000/MainControlBoard/XMC/XMC4200/Libraries/XMCLib/inc\xmc_i2c.h ****  * 2015-02-20:
  45:D:/Projekty/TrinityTrack6000/MainControlBoard/XMC/XMC4200/Libraries/XMCLib/inc\xmc_i2c.h ****  *     - Initial <br>
  46:D:/Projekty/TrinityTrack6000/MainControlBoard/XMC/XMC4200/Libraries/XMCLib/inc\xmc_i2c.h ****  *
  47:D:/Projekty/TrinityTrack6000/MainControlBoard/XMC/XMC4200/Libraries/XMCLib/inc\xmc_i2c.h ****  * 2015-05-20:
  48:D:/Projekty/TrinityTrack6000/MainControlBoard/XMC/XMC4200/Libraries/XMCLib/inc\xmc_i2c.h ****  *     - Description updated <br>
  49:D:/Projekty/TrinityTrack6000/MainControlBoard/XMC/XMC4200/Libraries/XMCLib/inc\xmc_i2c.h ****  *     - Added XMC_I2C_CH_TriggerServiceRequest() and XMC_I2C_CH_SelectInterruptNodePointer() <br>
  50:D:/Projekty/TrinityTrack6000/MainControlBoard/XMC/XMC4200/Libraries/XMCLib/inc\xmc_i2c.h ****  *
  51:D:/Projekty/TrinityTrack6000/MainControlBoard/XMC/XMC4200/Libraries/XMCLib/inc\xmc_i2c.h ****  * 2015-06-20:
  52:D:/Projekty/TrinityTrack6000/MainControlBoard/XMC/XMC4200/Libraries/XMCLib/inc\xmc_i2c.h ****  *     - Removed version macros and declaration of GetDriverVersion API <br>
  53:D:/Projekty/TrinityTrack6000/MainControlBoard/XMC/XMC4200/Libraries/XMCLib/inc\xmc_i2c.h ****  *
  54:D:/Projekty/TrinityTrack6000/MainControlBoard/XMC/XMC4200/Libraries/XMCLib/inc\xmc_i2c.h ****  * 2015-08-27:
  55:D:/Projekty/TrinityTrack6000/MainControlBoard/XMC/XMC4200/Libraries/XMCLib/inc\xmc_i2c.h ****  *     - Added APIs for external input for BRG configuration:XMC_I2C_CH_ConfigExternalInputSignalTo
  56:D:/Projekty/TrinityTrack6000/MainControlBoard/XMC/XMC4200/Libraries/XMCLib/inc\xmc_i2c.h ****  *
  57:D:/Projekty/TrinityTrack6000/MainControlBoard/XMC/XMC4200/Libraries/XMCLib/inc\xmc_i2c.h ****  * 2015-09-01:
  58:D:/Projekty/TrinityTrack6000/MainControlBoard/XMC/XMC4200/Libraries/XMCLib/inc\xmc_i2c.h ****  *     - Added APIs for enabling or disabling the ACK response to a 0x00 slave address: XMC_I2C_CH_
  59:D:/Projekty/TrinityTrack6000/MainControlBoard/XMC/XMC4200/Libraries/XMCLib/inc\xmc_i2c.h ****  *       XMC_I2C_CH_DisableSlaveAcknowledgeTo00(). <br>
  60:D:/Projekty/TrinityTrack6000/MainControlBoard/XMC/XMC4200/Libraries/XMCLib/inc\xmc_i2c.h ****  *     - Modified XMC_I2C_CH_SetInputSource() API for avoiding complete DXCR register overwriting. 
  61:D:/Projekty/TrinityTrack6000/MainControlBoard/XMC/XMC4200/Libraries/XMCLib/inc\xmc_i2c.h ****  *     - Modified XMC_I2C_CH_EVENT_t enum for supporting XMC_I2C_CH_EnableEvent() and XMC_I2C_CH_Di
  62:D:/Projekty/TrinityTrack6000/MainControlBoard/XMC/XMC4200/Libraries/XMCLib/inc\xmc_i2c.h ****  *       for supporting multiple events configuration <br>
  63:D:/Projekty/TrinityTrack6000/MainControlBoard/XMC/XMC4200/Libraries/XMCLib/inc\xmc_i2c.h ****  *
  64:D:/Projekty/TrinityTrack6000/MainControlBoard/XMC/XMC4200/Libraries/XMCLib/inc\xmc_i2c.h ****  * 2015-10-02:
  65:D:/Projekty/TrinityTrack6000/MainControlBoard/XMC/XMC4200/Libraries/XMCLib/inc\xmc_i2c.h ****  *     - Fix 10bit addressing
  66:D:/Projekty/TrinityTrack6000/MainControlBoard/XMC/XMC4200/Libraries/XMCLib/inc\xmc_i2c.h ****  *
  67:D:/Projekty/TrinityTrack6000/MainControlBoard/XMC/XMC4200/Libraries/XMCLib/inc\xmc_i2c.h ****  * 2015-10-07:
  68:D:/Projekty/TrinityTrack6000/MainControlBoard/XMC/XMC4200/Libraries/XMCLib/inc\xmc_i2c.h ****  *     - Fix register access in XMC_I2C_CH_EnableSlaveAcknowledgeTo00() and XMC_I2C_CH_DisableSlave
  69:D:/Projekty/TrinityTrack6000/MainControlBoard/XMC/XMC4200/Libraries/XMCLib/inc\xmc_i2c.h ****  *     - Naming of APIs modified: from XMC_I2C_CH_EnableSlaveAcknowledgeTo00() to  XMC_I2C_CH_Enabl
  70:D:/Projekty/TrinityTrack6000/MainControlBoard/XMC/XMC4200/Libraries/XMCLib/inc\xmc_i2c.h ****  *       and from XMC_I2C_CH_DisableSlaveAcknowledgeTo00() to XMC_I2C_CH_DisableAcknowledgeAddress0
  71:D:/Projekty/TrinityTrack6000/MainControlBoard/XMC/XMC4200/Libraries/XMCLib/inc\xmc_i2c.h ****  *
  72:D:/Projekty/TrinityTrack6000/MainControlBoard/XMC/XMC4200/Libraries/XMCLib/inc\xmc_i2c.h ****  * 2016-05-20:
  73:D:/Projekty/TrinityTrack6000/MainControlBoard/XMC/XMC4200/Libraries/XMCLib/inc\xmc_i2c.h ****  *     - Added XMC_I2C_CH_EnableDataTransmission() and XMC_I2C_CH_DisableDataTransmission()
  74:D:/Projekty/TrinityTrack6000/MainControlBoard/XMC/XMC4200/Libraries/XMCLib/inc\xmc_i2c.h ****  *
  75:D:/Projekty/TrinityTrack6000/MainControlBoard/XMC/XMC4200/Libraries/XMCLib/inc\xmc_i2c.h ****  * 2016-08-17:
  76:D:/Projekty/TrinityTrack6000/MainControlBoard/XMC/XMC4200/Libraries/XMCLib/inc\xmc_i2c.h ****  *     - Improved documentation of slave address passing
  77:D:/Projekty/TrinityTrack6000/MainControlBoard/XMC/XMC4200/Libraries/XMCLib/inc\xmc_i2c.h ****  *
  78:D:/Projekty/TrinityTrack6000/MainControlBoard/XMC/XMC4200/Libraries/XMCLib/inc\xmc_i2c.h ****  * 2017-10-25:
  79:D:/Projekty/TrinityTrack6000/MainControlBoard/XMC/XMC4200/Libraries/XMCLib/inc\xmc_i2c.h ****  *     - Added XMC_I2C_CH_EnableMasterClock() and XMC_I2C_CH_DisableMasterClock()
  80:D:/Projekty/TrinityTrack6000/MainControlBoard/XMC/XMC4200/Libraries/XMCLib/inc\xmc_i2c.h ****  *
  81:D:/Projekty/TrinityTrack6000/MainControlBoard/XMC/XMC4200/Libraries/XMCLib/inc\xmc_i2c.h ****  * 2019-05-07:
  82:D:/Projekty/TrinityTrack6000/MainControlBoard/XMC/XMC4200/Libraries/XMCLib/inc\xmc_i2c.h ****  *     - Added normal_divider_mode to XMC_I2C_CH_CONFIG_t configuration structure.
  83:D:/Projekty/TrinityTrack6000/MainControlBoard/XMC/XMC4200/Libraries/XMCLib/inc\xmc_i2c.h ****  *       It selects normal divider mode for baudrate generator instead of default fractional divide
  84:D:/Projekty/TrinityTrack6000/MainControlBoard/XMC/XMC4200/Libraries/XMCLib/inc\xmc_i2c.h ****  *     - Added XMC_I2C_CH_SetBaudrateEx()
  85:D:/Projekty/TrinityTrack6000/MainControlBoard/XMC/XMC4200/Libraries/XMCLib/inc\xmc_i2c.h ****  *
  86:D:/Projekty/TrinityTrack6000/MainControlBoard/XMC/XMC4200/Libraries/XMCLib/inc\xmc_i2c.h ****  * 2019-12-10:
  87:D:/Projekty/TrinityTrack6000/MainControlBoard/XMC/XMC4200/Libraries/XMCLib/inc\xmc_i2c.h ****  *     - Added XMC_I2C_CH_SetHoldDelay()
  88:D:/Projekty/TrinityTrack6000/MainControlBoard/XMC/XMC4200/Libraries/XMCLib/inc\xmc_i2c.h ****  *
  89:D:/Projekty/TrinityTrack6000/MainControlBoard/XMC/XMC4200/Libraries/XMCLib/inc\xmc_i2c.h ****  * 2020-12-05:
  90:D:/Projekty/TrinityTrack6000/MainControlBoard/XMC/XMC4200/Libraries/XMCLib/inc\xmc_i2c.h ****  *    - Added XMC_I2C_CH_InitEx() that allows user select if automatic baudrate configuration shoul
  91:D:/Projekty/TrinityTrack6000/MainControlBoard/XMC/XMC4200/Libraries/XMCLib/inc\xmc_i2c.h ****  * 
  92:D:/Projekty/TrinityTrack6000/MainControlBoard/XMC/XMC4200/Libraries/XMCLib/inc\xmc_i2c.h ****  * @endcond
  93:D:/Projekty/TrinityTrack6000/MainControlBoard/XMC/XMC4200/Libraries/XMCLib/inc\xmc_i2c.h ****  *
  94:D:/Projekty/TrinityTrack6000/MainControlBoard/XMC/XMC4200/Libraries/XMCLib/inc\xmc_i2c.h ****  */
  95:D:/Projekty/TrinityTrack6000/MainControlBoard/XMC/XMC4200/Libraries/XMCLib/inc\xmc_i2c.h **** 
  96:D:/Projekty/TrinityTrack6000/MainControlBoard/XMC/XMC4200/Libraries/XMCLib/inc\xmc_i2c.h **** #ifndef XMC_I2C_H
  97:D:/Projekty/TrinityTrack6000/MainControlBoard/XMC/XMC4200/Libraries/XMCLib/inc\xmc_i2c.h **** #define XMC_I2C_H
  98:D:/Projekty/TrinityTrack6000/MainControlBoard/XMC/XMC4200/Libraries/XMCLib/inc\xmc_i2c.h **** 
  99:D:/Projekty/TrinityTrack6000/MainControlBoard/XMC/XMC4200/Libraries/XMCLib/inc\xmc_i2c.h **** /*******************************************************************************
 100:D:/Projekty/TrinityTrack6000/MainControlBoard/XMC/XMC4200/Libraries/XMCLib/inc\xmc_i2c.h ****  * HEADER FILES
 101:D:/Projekty/TrinityTrack6000/MainControlBoard/XMC/XMC4200/Libraries/XMCLib/inc\xmc_i2c.h ****  *******************************************************************************/
 102:D:/Projekty/TrinityTrack6000/MainControlBoard/XMC/XMC4200/Libraries/XMCLib/inc\xmc_i2c.h **** 
 103:D:/Projekty/TrinityTrack6000/MainControlBoard/XMC/XMC4200/Libraries/XMCLib/inc\xmc_i2c.h **** #include "xmc_usic.h"
 104:D:/Projekty/TrinityTrack6000/MainControlBoard/XMC/XMC4200/Libraries/XMCLib/inc\xmc_i2c.h **** 
 105:D:/Projekty/TrinityTrack6000/MainControlBoard/XMC/XMC4200/Libraries/XMCLib/inc\xmc_i2c.h **** /**
 106:D:/Projekty/TrinityTrack6000/MainControlBoard/XMC/XMC4200/Libraries/XMCLib/inc\xmc_i2c.h ****  * @addtogroup XMClib XMC Peripheral Library
 107:D:/Projekty/TrinityTrack6000/MainControlBoard/XMC/XMC4200/Libraries/XMCLib/inc\xmc_i2c.h ****  * @{
 108:D:/Projekty/TrinityTrack6000/MainControlBoard/XMC/XMC4200/Libraries/XMCLib/inc\xmc_i2c.h ****  */
 109:D:/Projekty/TrinityTrack6000/MainControlBoard/XMC/XMC4200/Libraries/XMCLib/inc\xmc_i2c.h **** 
 110:D:/Projekty/TrinityTrack6000/MainControlBoard/XMC/XMC4200/Libraries/XMCLib/inc\xmc_i2c.h **** /**
 111:D:/Projekty/TrinityTrack6000/MainControlBoard/XMC/XMC4200/Libraries/XMCLib/inc\xmc_i2c.h ****  * @addtogroup I2C
 112:D:/Projekty/TrinityTrack6000/MainControlBoard/XMC/XMC4200/Libraries/XMCLib/inc\xmc_i2c.h ****  * @brief Inter Integrated Circuit(IIC) driver for the XMC microcontroller family.
 113:D:/Projekty/TrinityTrack6000/MainControlBoard/XMC/XMC4200/Libraries/XMCLib/inc\xmc_i2c.h ****  *
 114:D:/Projekty/TrinityTrack6000/MainControlBoard/XMC/XMC4200/Libraries/XMCLib/inc\xmc_i2c.h ****  * USIC IIC Features: <br>
 115:D:/Projekty/TrinityTrack6000/MainControlBoard/XMC/XMC4200/Libraries/XMCLib/inc\xmc_i2c.h ****  *  * Two-wire interface, with one line for shift clock transfer and synchronization (shift clock S
 116:D:/Projekty/TrinityTrack6000/MainControlBoard/XMC/XMC4200/Libraries/XMCLib/inc\xmc_i2c.h ****  *	* Communication in standard mode (100 kBit/s) or in fast mode (up to 400 kBit/s) <br>
 117:D:/Projekty/TrinityTrack6000/MainControlBoard/XMC/XMC4200/Libraries/XMCLib/inc\xmc_i2c.h ****  *	* Support of 7-bit addressing, as well as 10-bit addressing <br>
 118:D:/Projekty/TrinityTrack6000/MainControlBoard/XMC/XMC4200/Libraries/XMCLib/inc\xmc_i2c.h ****  *	* Master mode operation, where the IIC controls the bus transactions and provides the clock sign
 119:D:/Projekty/TrinityTrack6000/MainControlBoard/XMC/XMC4200/Libraries/XMCLib/inc\xmc_i2c.h ****  *	* Slave mode operation, where an external master controls the bus transactions and provides the 
 120:D:/Projekty/TrinityTrack6000/MainControlBoard/XMC/XMC4200/Libraries/XMCLib/inc\xmc_i2c.h ****  *	* Multi-master mode operation, where several masters can be connected to the bus and bus arbitra
 121:D:/Projekty/TrinityTrack6000/MainControlBoard/XMC/XMC4200/Libraries/XMCLib/inc\xmc_i2c.h **** 	  The master/slave operation of an IIC bus participant can change from frame to frame. <br>
 122:D:/Projekty/TrinityTrack6000/MainControlBoard/XMC/XMC4200/Libraries/XMCLib/inc\xmc_i2c.h ****  *	* Efficient frame handling (low software effort), also allowing DMA transfers <br>
 123:D:/Projekty/TrinityTrack6000/MainControlBoard/XMC/XMC4200/Libraries/XMCLib/inc\xmc_i2c.h ****  *	* Powerful interrupt handling due to multitude of indication flags <br>
 124:D:/Projekty/TrinityTrack6000/MainControlBoard/XMC/XMC4200/Libraries/XMCLib/inc\xmc_i2c.h ****  * @{
 125:D:/Projekty/TrinityTrack6000/MainControlBoard/XMC/XMC4200/Libraries/XMCLib/inc\xmc_i2c.h ****  */
 126:D:/Projekty/TrinityTrack6000/MainControlBoard/XMC/XMC4200/Libraries/XMCLib/inc\xmc_i2c.h **** 
 127:D:/Projekty/TrinityTrack6000/MainControlBoard/XMC/XMC4200/Libraries/XMCLib/inc\xmc_i2c.h **** /*******************************************************************************
 128:D:/Projekty/TrinityTrack6000/MainControlBoard/XMC/XMC4200/Libraries/XMCLib/inc\xmc_i2c.h ****  * MACROS
 129:D:/Projekty/TrinityTrack6000/MainControlBoard/XMC/XMC4200/Libraries/XMCLib/inc\xmc_i2c.h ****  *******************************************************************************/
 130:D:/Projekty/TrinityTrack6000/MainControlBoard/XMC/XMC4200/Libraries/XMCLib/inc\xmc_i2c.h **** 
 131:D:/Projekty/TrinityTrack6000/MainControlBoard/XMC/XMC4200/Libraries/XMCLib/inc\xmc_i2c.h **** #if defined(USIC0)
 132:D:/Projekty/TrinityTrack6000/MainControlBoard/XMC/XMC4200/Libraries/XMCLib/inc\xmc_i2c.h **** #define XMC_I2C0_CH0 XMC_USIC0_CH0                   /**< USIC0 channel 0 base address */
 133:D:/Projekty/TrinityTrack6000/MainControlBoard/XMC/XMC4200/Libraries/XMCLib/inc\xmc_i2c.h **** #define XMC_I2C0_CH1 XMC_USIC0_CH1                   /**< USIC0 channel 1 base address */
 134:D:/Projekty/TrinityTrack6000/MainControlBoard/XMC/XMC4200/Libraries/XMCLib/inc\xmc_i2c.h **** #endif
 135:D:/Projekty/TrinityTrack6000/MainControlBoard/XMC/XMC4200/Libraries/XMCLib/inc\xmc_i2c.h **** 
 136:D:/Projekty/TrinityTrack6000/MainControlBoard/XMC/XMC4200/Libraries/XMCLib/inc\xmc_i2c.h **** #if defined(USIC1)
 137:D:/Projekty/TrinityTrack6000/MainControlBoard/XMC/XMC4200/Libraries/XMCLib/inc\xmc_i2c.h **** #define XMC_I2C1_CH0 XMC_USIC1_CH0                   /**< USIC1 channel 0 base address */
 138:D:/Projekty/TrinityTrack6000/MainControlBoard/XMC/XMC4200/Libraries/XMCLib/inc\xmc_i2c.h **** #define XMC_I2C1_CH1 XMC_USIC1_CH1                   /**< USIC1 channel 1 base address */
 139:D:/Projekty/TrinityTrack6000/MainControlBoard/XMC/XMC4200/Libraries/XMCLib/inc\xmc_i2c.h **** #endif
 140:D:/Projekty/TrinityTrack6000/MainControlBoard/XMC/XMC4200/Libraries/XMCLib/inc\xmc_i2c.h **** 
 141:D:/Projekty/TrinityTrack6000/MainControlBoard/XMC/XMC4200/Libraries/XMCLib/inc\xmc_i2c.h **** #if defined(USIC2)
 142:D:/Projekty/TrinityTrack6000/MainControlBoard/XMC/XMC4200/Libraries/XMCLib/inc\xmc_i2c.h **** #define XMC_I2C2_CH0 XMC_USIC2_CH0                   /**< USIC2 channel 0 base address */
 143:D:/Projekty/TrinityTrack6000/MainControlBoard/XMC/XMC4200/Libraries/XMCLib/inc\xmc_i2c.h **** #define XMC_I2C2_CH1 XMC_USIC2_CH1                   /**< USIC2 channel 1 base address */
 144:D:/Projekty/TrinityTrack6000/MainControlBoard/XMC/XMC4200/Libraries/XMCLib/inc\xmc_i2c.h **** #endif
 145:D:/Projekty/TrinityTrack6000/MainControlBoard/XMC/XMC4200/Libraries/XMCLib/inc\xmc_i2c.h **** 
 146:D:/Projekty/TrinityTrack6000/MainControlBoard/XMC/XMC4200/Libraries/XMCLib/inc\xmc_i2c.h **** #define XMC_I2C_10BIT_ADDR_GROUP       (0x7800U)	 /**< Value to verify the address is 10-bit or not
 147:D:/Projekty/TrinityTrack6000/MainControlBoard/XMC/XMC4200/Libraries/XMCLib/inc\xmc_i2c.h **** 
 148:D:/Projekty/TrinityTrack6000/MainControlBoard/XMC/XMC4200/Libraries/XMCLib/inc\xmc_i2c.h **** /*******************************************************************************
 149:D:/Projekty/TrinityTrack6000/MainControlBoard/XMC/XMC4200/Libraries/XMCLib/inc\xmc_i2c.h ****  * ENUMS
 150:D:/Projekty/TrinityTrack6000/MainControlBoard/XMC/XMC4200/Libraries/XMCLib/inc\xmc_i2c.h ****  *******************************************************************************/
 151:D:/Projekty/TrinityTrack6000/MainControlBoard/XMC/XMC4200/Libraries/XMCLib/inc\xmc_i2c.h **** 
 152:D:/Projekty/TrinityTrack6000/MainControlBoard/XMC/XMC4200/Libraries/XMCLib/inc\xmc_i2c.h **** /**
 153:D:/Projekty/TrinityTrack6000/MainControlBoard/XMC/XMC4200/Libraries/XMCLib/inc\xmc_i2c.h ****  * @brief I2C Status
 154:D:/Projekty/TrinityTrack6000/MainControlBoard/XMC/XMC4200/Libraries/XMCLib/inc\xmc_i2c.h ****  */
 155:D:/Projekty/TrinityTrack6000/MainControlBoard/XMC/XMC4200/Libraries/XMCLib/inc\xmc_i2c.h **** typedef enum XMC_I2C_CH_STATUS
 156:D:/Projekty/TrinityTrack6000/MainControlBoard/XMC/XMC4200/Libraries/XMCLib/inc\xmc_i2c.h **** {
 157:D:/Projekty/TrinityTrack6000/MainControlBoard/XMC/XMC4200/Libraries/XMCLib/inc\xmc_i2c.h ****   XMC_I2C_CH_STATUS_OK,      /**< Status OK */
 158:D:/Projekty/TrinityTrack6000/MainControlBoard/XMC/XMC4200/Libraries/XMCLib/inc\xmc_i2c.h ****   XMC_I2C_CH_STATUS_ERROR,   /**< Status ERROR */
 159:D:/Projekty/TrinityTrack6000/MainControlBoard/XMC/XMC4200/Libraries/XMCLib/inc\xmc_i2c.h ****   XMC_I2C_CH_STATUS_BUSY     /**< Status BUSY */
 160:D:/Projekty/TrinityTrack6000/MainControlBoard/XMC/XMC4200/Libraries/XMCLib/inc\xmc_i2c.h **** } XMC_I2C_CH_STATUS_t;
 161:D:/Projekty/TrinityTrack6000/MainControlBoard/XMC/XMC4200/Libraries/XMCLib/inc\xmc_i2c.h **** 
 162:D:/Projekty/TrinityTrack6000/MainControlBoard/XMC/XMC4200/Libraries/XMCLib/inc\xmc_i2c.h **** /**
 163:D:/Projekty/TrinityTrack6000/MainControlBoard/XMC/XMC4200/Libraries/XMCLib/inc\xmc_i2c.h ****  * @brief I2C status
 164:D:/Projekty/TrinityTrack6000/MainControlBoard/XMC/XMC4200/Libraries/XMCLib/inc\xmc_i2c.h ****  */
 165:D:/Projekty/TrinityTrack6000/MainControlBoard/XMC/XMC4200/Libraries/XMCLib/inc\xmc_i2c.h **** typedef enum XMC_I2C_CH_STATUS_FLAG
 166:D:/Projekty/TrinityTrack6000/MainControlBoard/XMC/XMC4200/Libraries/XMCLib/inc\xmc_i2c.h **** {
 167:D:/Projekty/TrinityTrack6000/MainControlBoard/XMC/XMC4200/Libraries/XMCLib/inc\xmc_i2c.h ****   XMC_I2C_CH_STATUS_FLAG_SLAVE_SELECT = USIC_CH_PSR_IICMode_SLSEL_Msk,                     /**< Sla
 168:D:/Projekty/TrinityTrack6000/MainControlBoard/XMC/XMC4200/Libraries/XMCLib/inc\xmc_i2c.h ****   XMC_I2C_CH_STATUS_FLAG_WRONG_TDF_CODE_FOUND = USIC_CH_PSR_IICMode_WTDF_Msk,              /**< Wro
 169:D:/Projekty/TrinityTrack6000/MainControlBoard/XMC/XMC4200/Libraries/XMCLib/inc\xmc_i2c.h ****   XMC_I2C_CH_STATUS_FLAG_START_CONDITION_RECEIVED = USIC_CH_PSR_IICMode_SCR_Msk,           /**< Sta
 170:D:/Projekty/TrinityTrack6000/MainControlBoard/XMC/XMC4200/Libraries/XMCLib/inc\xmc_i2c.h ****   XMC_I2C_CH_STATUS_FLAG_REPEATED_START_CONDITION_RECEIVED = USIC_CH_PSR_IICMode_RSCR_Msk, /**< Rep
 171:D:/Projekty/TrinityTrack6000/MainControlBoard/XMC/XMC4200/Libraries/XMCLib/inc\xmc_i2c.h ****   XMC_I2C_CH_STATUS_FLAG_STOP_CONDITION_RECEIVED = USIC_CH_PSR_IICMode_PCR_Msk,            /**< Sto
 172:D:/Projekty/TrinityTrack6000/MainControlBoard/XMC/XMC4200/Libraries/XMCLib/inc\xmc_i2c.h ****   XMC_I2C_CH_STATUS_FLAG_NACK_RECEIVED = USIC_CH_PSR_IICMode_NACK_Msk,                     /**< NAC
 173:D:/Projekty/TrinityTrack6000/MainControlBoard/XMC/XMC4200/Libraries/XMCLib/inc\xmc_i2c.h ****   XMC_I2C_CH_STATUS_FLAG_ARBITRATION_LOST = USIC_CH_PSR_IICMode_ARL_Msk,                   /**< Arb
 174:D:/Projekty/TrinityTrack6000/MainControlBoard/XMC/XMC4200/Libraries/XMCLib/inc\xmc_i2c.h ****   XMC_I2C_CH_STATUS_FLAG_SLAVE_READ_REQUESTED = USIC_CH_PSR_IICMode_SRR_Msk,               /**< Sla
 175:D:/Projekty/TrinityTrack6000/MainControlBoard/XMC/XMC4200/Libraries/XMCLib/inc\xmc_i2c.h ****   XMC_I2C_CH_STATUS_FLAG_ERROR = USIC_CH_PSR_IICMode_ERR_Msk,                              /**< Err
 176:D:/Projekty/TrinityTrack6000/MainControlBoard/XMC/XMC4200/Libraries/XMCLib/inc\xmc_i2c.h ****   XMC_I2C_CH_STATUS_FLAG_ACK_RECEIVED = USIC_CH_PSR_IICMode_ACK_Msk,                       /**< ACK
 177:D:/Projekty/TrinityTrack6000/MainControlBoard/XMC/XMC4200/Libraries/XMCLib/inc\xmc_i2c.h ****   XMC_I2C_CH_STATUS_FLAG_RECEIVER_START_INDICATION = USIC_CH_PSR_IICMode_RSIF_Msk,         /**< Rec
 178:D:/Projekty/TrinityTrack6000/MainControlBoard/XMC/XMC4200/Libraries/XMCLib/inc\xmc_i2c.h ****   XMC_I2C_CH_STATUS_FLAG_DATA_LOST_INDICATION = USIC_CH_PSR_IICMode_DLIF_Msk,              /**< Dat
 179:D:/Projekty/TrinityTrack6000/MainControlBoard/XMC/XMC4200/Libraries/XMCLib/inc\xmc_i2c.h ****   XMC_I2C_CH_STATUS_FLAG_TRANSMIT_SHIFT_INDICATION = USIC_CH_PSR_IICMode_TSIF_Msk,         /**< Tra
 180:D:/Projekty/TrinityTrack6000/MainControlBoard/XMC/XMC4200/Libraries/XMCLib/inc\xmc_i2c.h ****   XMC_I2C_CH_STATUS_FLAG_TRANSMIT_BUFFER_INDICATION = USIC_CH_PSR_IICMode_TBIF_Msk,        /**< Tra
 181:D:/Projekty/TrinityTrack6000/MainControlBoard/XMC/XMC4200/Libraries/XMCLib/inc\xmc_i2c.h ****   XMC_I2C_CH_STATUS_FLAG_RECEIVE_INDICATION = USIC_CH_PSR_IICMode_RIF_Msk,                 /**< Rec
 182:D:/Projekty/TrinityTrack6000/MainControlBoard/XMC/XMC4200/Libraries/XMCLib/inc\xmc_i2c.h ****   XMC_I2C_CH_STATUS_FLAG_ALTERNATIVE_RECEIVE_INDICATION = USIC_CH_PSR_IICMode_AIF_Msk,     /**< Alt
 183:D:/Projekty/TrinityTrack6000/MainControlBoard/XMC/XMC4200/Libraries/XMCLib/inc\xmc_i2c.h ****   XMC_I2C_CH_STATUS_FLAG_BAUD_RATE_GENERATOR_INDICATION = USIC_CH_PSR_IICMode_BRGIF_Msk    /**< Bau
 184:D:/Projekty/TrinityTrack6000/MainControlBoard/XMC/XMC4200/Libraries/XMCLib/inc\xmc_i2c.h **** } XMC_I2C_CH_STATUS_FLAG_t;
 185:D:/Projekty/TrinityTrack6000/MainControlBoard/XMC/XMC4200/Libraries/XMCLib/inc\xmc_i2c.h **** 
 186:D:/Projekty/TrinityTrack6000/MainControlBoard/XMC/XMC4200/Libraries/XMCLib/inc\xmc_i2c.h **** /**
 187:D:/Projekty/TrinityTrack6000/MainControlBoard/XMC/XMC4200/Libraries/XMCLib/inc\xmc_i2c.h ****  * @brief I2C receiver status. The received data byte is available at the bit
 188:D:/Projekty/TrinityTrack6000/MainControlBoard/XMC/XMC4200/Libraries/XMCLib/inc\xmc_i2c.h ****  * positions RBUF[7:0], whereas the additional information is monitored at the bit positions
 189:D:/Projekty/TrinityTrack6000/MainControlBoard/XMC/XMC4200/Libraries/XMCLib/inc\xmc_i2c.h **** *  RBUF[12:8].
 190:D:/Projekty/TrinityTrack6000/MainControlBoard/XMC/XMC4200/Libraries/XMCLib/inc\xmc_i2c.h ****  */
 191:D:/Projekty/TrinityTrack6000/MainControlBoard/XMC/XMC4200/Libraries/XMCLib/inc\xmc_i2c.h **** typedef enum XMC_I2C_CH_RECEIVER_STATUS_FLAG
 192:D:/Projekty/TrinityTrack6000/MainControlBoard/XMC/XMC4200/Libraries/XMCLib/inc\xmc_i2c.h **** {
 193:D:/Projekty/TrinityTrack6000/MainControlBoard/XMC/XMC4200/Libraries/XMCLib/inc\xmc_i2c.h ****   XMC_I2C_CH_RECEIVER_STATUS_FLAG_ACK = 0x1U,      /**< Bit 8:  Value of Received Acknowledgement b
 194:D:/Projekty/TrinityTrack6000/MainControlBoard/XMC/XMC4200/Libraries/XMCLib/inc\xmc_i2c.h ****   XMC_I2C_CH_RECEIVER_STATUS_FLAG_FIN = 0x2U,      /**< Bit 9:  A 1 at this bit position indicates 
 195:D:/Projekty/TrinityTrack6000/MainControlBoard/XMC/XMC4200/Libraries/XMCLib/inc\xmc_i2c.h ****                                                                 followed by the address reception t
 196:D:/Projekty/TrinityTrack6000/MainControlBoard/XMC/XMC4200/Libraries/XMCLib/inc\xmc_i2c.h ****                                                                 been received. A 0 at this bit posi
 197:D:/Projekty/TrinityTrack6000/MainControlBoard/XMC/XMC4200/Libraries/XMCLib/inc\xmc_i2c.h ****   XMC_I2C_CH_RECEIVER_STATUS_FLAG_MODE = 0x4U,     /**< Bit 10: A 0 at this bit position indicates 
 198:D:/Projekty/TrinityTrack6000/MainControlBoard/XMC/XMC4200/Libraries/XMCLib/inc\xmc_i2c.h ****                                                                 when the device has been in slave m
 199:D:/Projekty/TrinityTrack6000/MainControlBoard/XMC/XMC4200/Libraries/XMCLib/inc\xmc_i2c.h ****   XMC_I2C_CH_RECEIVER_STATUS_FLAG_ERR = 0x8U,      /**< Bit 11: A 1 at this bit position indicates 
 200:D:/Projekty/TrinityTrack6000/MainControlBoard/XMC/XMC4200/Libraries/XMCLib/inc\xmc_i2c.h ****                                                                 data byte in the receive buffer */
 201:D:/Projekty/TrinityTrack6000/MainControlBoard/XMC/XMC4200/Libraries/XMCLib/inc\xmc_i2c.h ****   XMC_I2C_CH_RECEIVER_STATUS_FLAG_ADR = 0x10       /**< Bit 12: A 0 at this bit position indicates 
 202:D:/Projekty/TrinityTrack6000/MainControlBoard/XMC/XMC4200/Libraries/XMCLib/inc\xmc_i2c.h ****                                                                 has been received. A 1 indicates a 
 203:D:/Projekty/TrinityTrack6000/MainControlBoard/XMC/XMC4200/Libraries/XMCLib/inc\xmc_i2c.h **** } XMC_I2C_CH_RECEIVER_STATUS_FLAG_t;
 204:D:/Projekty/TrinityTrack6000/MainControlBoard/XMC/XMC4200/Libraries/XMCLib/inc\xmc_i2c.h **** 
 205:D:/Projekty/TrinityTrack6000/MainControlBoard/XMC/XMC4200/Libraries/XMCLib/inc\xmc_i2c.h **** /**
 206:D:/Projekty/TrinityTrack6000/MainControlBoard/XMC/XMC4200/Libraries/XMCLib/inc\xmc_i2c.h ****  * @brief I2C commands
 207:D:/Projekty/TrinityTrack6000/MainControlBoard/XMC/XMC4200/Libraries/XMCLib/inc\xmc_i2c.h ****  */
 208:D:/Projekty/TrinityTrack6000/MainControlBoard/XMC/XMC4200/Libraries/XMCLib/inc\xmc_i2c.h **** typedef enum XMC_I2C_CH_CMD
 209:D:/Projekty/TrinityTrack6000/MainControlBoard/XMC/XMC4200/Libraries/XMCLib/inc\xmc_i2c.h **** {
 210:D:/Projekty/TrinityTrack6000/MainControlBoard/XMC/XMC4200/Libraries/XMCLib/inc\xmc_i2c.h ****   XMC_I2C_CH_CMD_WRITE,                            /**< I2C Command Write */
 211:D:/Projekty/TrinityTrack6000/MainControlBoard/XMC/XMC4200/Libraries/XMCLib/inc\xmc_i2c.h ****   XMC_I2C_CH_CMD_READ                              /**< I2C Command Read */
 212:D:/Projekty/TrinityTrack6000/MainControlBoard/XMC/XMC4200/Libraries/XMCLib/inc\xmc_i2c.h **** } XMC_I2C_CH_CMD_t;
 213:D:/Projekty/TrinityTrack6000/MainControlBoard/XMC/XMC4200/Libraries/XMCLib/inc\xmc_i2c.h **** 
 214:D:/Projekty/TrinityTrack6000/MainControlBoard/XMC/XMC4200/Libraries/XMCLib/inc\xmc_i2c.h **** /**
 215:D:/Projekty/TrinityTrack6000/MainControlBoard/XMC/XMC4200/Libraries/XMCLib/inc\xmc_i2c.h ****  * @brief I2C events
 216:D:/Projekty/TrinityTrack6000/MainControlBoard/XMC/XMC4200/Libraries/XMCLib/inc\xmc_i2c.h ****  */
 217:D:/Projekty/TrinityTrack6000/MainControlBoard/XMC/XMC4200/Libraries/XMCLib/inc\xmc_i2c.h **** typedef enum XMC_I2C_CH_EVENT
 218:D:/Projekty/TrinityTrack6000/MainControlBoard/XMC/XMC4200/Libraries/XMCLib/inc\xmc_i2c.h **** {
 219:D:/Projekty/TrinityTrack6000/MainControlBoard/XMC/XMC4200/Libraries/XMCLib/inc\xmc_i2c.h ****   XMC_I2C_CH_EVENT_RECEIVE_START       = USIC_CH_CCR_RSIEN_Msk,  /**< Receive start event */
 220:D:/Projekty/TrinityTrack6000/MainControlBoard/XMC/XMC4200/Libraries/XMCLib/inc\xmc_i2c.h ****   XMC_I2C_CH_EVENT_DATA_LOST           = USIC_CH_CCR_DLIEN_Msk,  /**< Data lost event */
 221:D:/Projekty/TrinityTrack6000/MainControlBoard/XMC/XMC4200/Libraries/XMCLib/inc\xmc_i2c.h ****   XMC_I2C_CH_EVENT_TRANSMIT_SHIFT      = USIC_CH_CCR_TSIEN_Msk,  /**< Transmit shift event */
 222:D:/Projekty/TrinityTrack6000/MainControlBoard/XMC/XMC4200/Libraries/XMCLib/inc\xmc_i2c.h ****   XMC_I2C_CH_EVENT_TRANSMIT_BUFFER     = USIC_CH_CCR_TBIEN_Msk,  /**< Transmit buffer event */
 223:D:/Projekty/TrinityTrack6000/MainControlBoard/XMC/XMC4200/Libraries/XMCLib/inc\xmc_i2c.h ****   XMC_I2C_CH_EVENT_STANDARD_RECEIVE    = USIC_CH_CCR_RIEN_Msk,   /**< Receive event */
 224:D:/Projekty/TrinityTrack6000/MainControlBoard/XMC/XMC4200/Libraries/XMCLib/inc\xmc_i2c.h ****   XMC_I2C_CH_EVENT_ALTERNATIVE_RECEIVE = USIC_CH_CCR_AIEN_Msk,   /**< Alternate receive event */
 225:D:/Projekty/TrinityTrack6000/MainControlBoard/XMC/XMC4200/Libraries/XMCLib/inc\xmc_i2c.h ****   XMC_I2C_CH_EVENT_BAUD_RATE_GENERATOR = USIC_CH_CCR_BRGIEN_Msk, /**< Baudrate generator event */
 226:D:/Projekty/TrinityTrack6000/MainControlBoard/XMC/XMC4200/Libraries/XMCLib/inc\xmc_i2c.h **** 
 227:D:/Projekty/TrinityTrack6000/MainControlBoard/XMC/XMC4200/Libraries/XMCLib/inc\xmc_i2c.h ****   XMC_I2C_CH_EVENT_START_CONDITION_RECEIVED = USIC_CH_PCR_IICMode_SCRIEN_Msk,             /**< Star
 228:D:/Projekty/TrinityTrack6000/MainControlBoard/XMC/XMC4200/Libraries/XMCLib/inc\xmc_i2c.h ****   XMC_I2C_CH_EVENT_REPEATED_START_CONDITION_RECEIVED = USIC_CH_PCR_IICMode_RSCRIEN_Msk,   /**< Repe
 229:D:/Projekty/TrinityTrack6000/MainControlBoard/XMC/XMC4200/Libraries/XMCLib/inc\xmc_i2c.h ****   XMC_I2C_CH_EVENT_STOP_CONDITION_RECEIVED = USIC_CH_PCR_IICMode_PCRIEN_Msk,              /**< Stop
 230:D:/Projekty/TrinityTrack6000/MainControlBoard/XMC/XMC4200/Libraries/XMCLib/inc\xmc_i2c.h ****   XMC_I2C_CH_EVENT_NACK = USIC_CH_PCR_IICMode_NACKIEN_Msk,                                /**< NACK
 231:D:/Projekty/TrinityTrack6000/MainControlBoard/XMC/XMC4200/Libraries/XMCLib/inc\xmc_i2c.h ****   XMC_I2C_CH_EVENT_ARBITRATION_LOST = USIC_CH_PCR_IICMode_ARLIEN_Msk,                     /**< Arbi
 232:D:/Projekty/TrinityTrack6000/MainControlBoard/XMC/XMC4200/Libraries/XMCLib/inc\xmc_i2c.h ****   XMC_I2C_CH_EVENT_SLAVE_READ_REQUEST = USIC_CH_PCR_IICMode_SRRIEN_Msk,                   /**< Slav
 233:D:/Projekty/TrinityTrack6000/MainControlBoard/XMC/XMC4200/Libraries/XMCLib/inc\xmc_i2c.h ****   XMC_I2C_CH_EVENT_ERROR = USIC_CH_PCR_IICMode_ERRIEN_Msk,	                              /**< Error
 234:D:/Projekty/TrinityTrack6000/MainControlBoard/XMC/XMC4200/Libraries/XMCLib/inc\xmc_i2c.h ****   XMC_I2C_CH_EVENT_ACK = USIC_CH_PCR_IICMode_ACKIEN_Msk                                   /**< ACK 
 235:D:/Projekty/TrinityTrack6000/MainControlBoard/XMC/XMC4200/Libraries/XMCLib/inc\xmc_i2c.h **** } XMC_I2C_CH_EVENT_t;
 236:D:/Projekty/TrinityTrack6000/MainControlBoard/XMC/XMC4200/Libraries/XMCLib/inc\xmc_i2c.h **** 
 237:D:/Projekty/TrinityTrack6000/MainControlBoard/XMC/XMC4200/Libraries/XMCLib/inc\xmc_i2c.h **** /**
 238:D:/Projekty/TrinityTrack6000/MainControlBoard/XMC/XMC4200/Libraries/XMCLib/inc\xmc_i2c.h ****  * @brief I2C input stage selection
 239:D:/Projekty/TrinityTrack6000/MainControlBoard/XMC/XMC4200/Libraries/XMCLib/inc\xmc_i2c.h ****  */
 240:D:/Projekty/TrinityTrack6000/MainControlBoard/XMC/XMC4200/Libraries/XMCLib/inc\xmc_i2c.h **** typedef enum XMC_I2C_CH_INPUT
 241:D:/Projekty/TrinityTrack6000/MainControlBoard/XMC/XMC4200/Libraries/XMCLib/inc\xmc_i2c.h **** {
 242:D:/Projekty/TrinityTrack6000/MainControlBoard/XMC/XMC4200/Libraries/XMCLib/inc\xmc_i2c.h ****   XMC_I2C_CH_INPUT_SDA = 0U,   /**< selection of sda input stage */
 243:D:/Projekty/TrinityTrack6000/MainControlBoard/XMC/XMC4200/Libraries/XMCLib/inc\xmc_i2c.h **** #if UC_FAMILY == XMC1
 244:D:/Projekty/TrinityTrack6000/MainControlBoard/XMC/XMC4200/Libraries/XMCLib/inc\xmc_i2c.h ****   XMC_I2C_CH_INPUT_SDA1 = 3U,
 245:D:/Projekty/TrinityTrack6000/MainControlBoard/XMC/XMC4200/Libraries/XMCLib/inc\xmc_i2c.h ****   XMC_I2C_CH_INPUT_SDA2 = 5U,
 246:D:/Projekty/TrinityTrack6000/MainControlBoard/XMC/XMC4200/Libraries/XMCLib/inc\xmc_i2c.h **** #endif
 247:D:/Projekty/TrinityTrack6000/MainControlBoard/XMC/XMC4200/Libraries/XMCLib/inc\xmc_i2c.h ****   XMC_I2C_CH_INPUT_SCL = 1U,  /**< selection of scl input stage */
 248:D:/Projekty/TrinityTrack6000/MainControlBoard/XMC/XMC4200/Libraries/XMCLib/inc\xmc_i2c.h **** #if UC_FAMILY == XMC1
 249:D:/Projekty/TrinityTrack6000/MainControlBoard/XMC/XMC4200/Libraries/XMCLib/inc\xmc_i2c.h ****   XMC_I2C_CH_INPUT_SCL1 = 4U
 250:D:/Projekty/TrinityTrack6000/MainControlBoard/XMC/XMC4200/Libraries/XMCLib/inc\xmc_i2c.h **** #endif
 251:D:/Projekty/TrinityTrack6000/MainControlBoard/XMC/XMC4200/Libraries/XMCLib/inc\xmc_i2c.h **** } XMC_I2C_CH_INPUT_t;
 252:D:/Projekty/TrinityTrack6000/MainControlBoard/XMC/XMC4200/Libraries/XMCLib/inc\xmc_i2c.h **** 
 253:D:/Projekty/TrinityTrack6000/MainControlBoard/XMC/XMC4200/Libraries/XMCLib/inc\xmc_i2c.h **** /**
 254:D:/Projekty/TrinityTrack6000/MainControlBoard/XMC/XMC4200/Libraries/XMCLib/inc\xmc_i2c.h ****  * I2C channel interrupt node pointers
 255:D:/Projekty/TrinityTrack6000/MainControlBoard/XMC/XMC4200/Libraries/XMCLib/inc\xmc_i2c.h ****  */
 256:D:/Projekty/TrinityTrack6000/MainControlBoard/XMC/XMC4200/Libraries/XMCLib/inc\xmc_i2c.h **** typedef enum XMC_I2C_CH_INTERRUPT_NODE_POINTER
 257:D:/Projekty/TrinityTrack6000/MainControlBoard/XMC/XMC4200/Libraries/XMCLib/inc\xmc_i2c.h **** {
 258:D:/Projekty/TrinityTrack6000/MainControlBoard/XMC/XMC4200/Libraries/XMCLib/inc\xmc_i2c.h ****   XMC_I2C_CH_INTERRUPT_NODE_POINTER_TRANSMIT_SHIFT      = XMC_USIC_CH_INTERRUPT_NODE_POINTER_TRANSM
 259:D:/Projekty/TrinityTrack6000/MainControlBoard/XMC/XMC4200/Libraries/XMCLib/inc\xmc_i2c.h ****   XMC_I2C_CH_INTERRUPT_NODE_POINTER_TRANSMIT_BUFFER     = XMC_USIC_CH_INTERRUPT_NODE_POINTER_TRANSM
 260:D:/Projekty/TrinityTrack6000/MainControlBoard/XMC/XMC4200/Libraries/XMCLib/inc\xmc_i2c.h ****   XMC_I2C_CH_INTERRUPT_NODE_POINTER_RECEIVE             = XMC_USIC_CH_INTERRUPT_NODE_POINTER_RECEIV
 261:D:/Projekty/TrinityTrack6000/MainControlBoard/XMC/XMC4200/Libraries/XMCLib/inc\xmc_i2c.h ****   XMC_I2C_CH_INTERRUPT_NODE_POINTER_ALTERNATE_RECEIVE   = XMC_USIC_CH_INTERRUPT_NODE_POINTER_ALTERN
 262:D:/Projekty/TrinityTrack6000/MainControlBoard/XMC/XMC4200/Libraries/XMCLib/inc\xmc_i2c.h ****   XMC_I2C_CH_INTERRUPT_NODE_POINTER_PROTOCOL            = XMC_USIC_CH_INTERRUPT_NODE_POINTER_PROTOC
 263:D:/Projekty/TrinityTrack6000/MainControlBoard/XMC/XMC4200/Libraries/XMCLib/inc\xmc_i2c.h **** } XMC_I2C_CH_INTERRUPT_NODE_POINTER_t;
 264:D:/Projekty/TrinityTrack6000/MainControlBoard/XMC/XMC4200/Libraries/XMCLib/inc\xmc_i2c.h **** 
 265:D:/Projekty/TrinityTrack6000/MainControlBoard/XMC/XMC4200/Libraries/XMCLib/inc\xmc_i2c.h **** /*******************************************************************************
 266:D:/Projekty/TrinityTrack6000/MainControlBoard/XMC/XMC4200/Libraries/XMCLib/inc\xmc_i2c.h ****  * DATA STRUCTURES
 267:D:/Projekty/TrinityTrack6000/MainControlBoard/XMC/XMC4200/Libraries/XMCLib/inc\xmc_i2c.h ****  *******************************************************************************/
 268:D:/Projekty/TrinityTrack6000/MainControlBoard/XMC/XMC4200/Libraries/XMCLib/inc\xmc_i2c.h **** /**
 269:D:/Projekty/TrinityTrack6000/MainControlBoard/XMC/XMC4200/Libraries/XMCLib/inc\xmc_i2c.h ****  * @brief I2C_CH configuration structure
 270:D:/Projekty/TrinityTrack6000/MainControlBoard/XMC/XMC4200/Libraries/XMCLib/inc\xmc_i2c.h ****  */
 271:D:/Projekty/TrinityTrack6000/MainControlBoard/XMC/XMC4200/Libraries/XMCLib/inc\xmc_i2c.h **** typedef struct XMC_I2C_CH_CONFIG
 272:D:/Projekty/TrinityTrack6000/MainControlBoard/XMC/XMC4200/Libraries/XMCLib/inc\xmc_i2c.h **** {
 273:D:/Projekty/TrinityTrack6000/MainControlBoard/XMC/XMC4200/Libraries/XMCLib/inc\xmc_i2c.h ****   uint32_t baudrate;   /**< baud rate configuration upto max of 400KHz */
 274:D:/Projekty/TrinityTrack6000/MainControlBoard/XMC/XMC4200/Libraries/XMCLib/inc\xmc_i2c.h ****   bool normal_divider_mode; /**< Selects normal divider mode for baudrate generator instead of defa
 275:D:/Projekty/TrinityTrack6000/MainControlBoard/XMC/XMC4200/Libraries/XMCLib/inc\xmc_i2c.h ****   uint16_t address;    /**< slave address
 276:D:/Projekty/TrinityTrack6000/MainControlBoard/XMC/XMC4200/Libraries/XMCLib/inc\xmc_i2c.h ****                             A 7-bit address needs to be left shifted it by 1.
 277:D:/Projekty/TrinityTrack6000/MainControlBoard/XMC/XMC4200/Libraries/XMCLib/inc\xmc_i2c.h ****                             A 10-bit address needs to be ORed with XMC_I2C_10BIT_ADDR_GROUP. */
 278:D:/Projekty/TrinityTrack6000/MainControlBoard/XMC/XMC4200/Libraries/XMCLib/inc\xmc_i2c.h **** } XMC_I2C_CH_CONFIG_t;
 279:D:/Projekty/TrinityTrack6000/MainControlBoard/XMC/XMC4200/Libraries/XMCLib/inc\xmc_i2c.h **** 
 280:D:/Projekty/TrinityTrack6000/MainControlBoard/XMC/XMC4200/Libraries/XMCLib/inc\xmc_i2c.h **** /*******************************************************************************
 281:D:/Projekty/TrinityTrack6000/MainControlBoard/XMC/XMC4200/Libraries/XMCLib/inc\xmc_i2c.h ****  * API PROTOTYPES
 282:D:/Projekty/TrinityTrack6000/MainControlBoard/XMC/XMC4200/Libraries/XMCLib/inc\xmc_i2c.h ****  *******************************************************************************/
 283:D:/Projekty/TrinityTrack6000/MainControlBoard/XMC/XMC4200/Libraries/XMCLib/inc\xmc_i2c.h **** 
 284:D:/Projekty/TrinityTrack6000/MainControlBoard/XMC/XMC4200/Libraries/XMCLib/inc\xmc_i2c.h **** #ifdef __cplusplus
 285:D:/Projekty/TrinityTrack6000/MainControlBoard/XMC/XMC4200/Libraries/XMCLib/inc\xmc_i2c.h **** extern "C" {
 286:D:/Projekty/TrinityTrack6000/MainControlBoard/XMC/XMC4200/Libraries/XMCLib/inc\xmc_i2c.h **** #endif
 287:D:/Projekty/TrinityTrack6000/MainControlBoard/XMC/XMC4200/Libraries/XMCLib/inc\xmc_i2c.h **** 
 288:D:/Projekty/TrinityTrack6000/MainControlBoard/XMC/XMC4200/Libraries/XMCLib/inc\xmc_i2c.h **** /**
 289:D:/Projekty/TrinityTrack6000/MainControlBoard/XMC/XMC4200/Libraries/XMCLib/inc\xmc_i2c.h ****  * @param channel Constant pointer to USIC channel structure of type @ref XMC_USIC_CH_t
 290:D:/Projekty/TrinityTrack6000/MainControlBoard/XMC/XMC4200/Libraries/XMCLib/inc\xmc_i2c.h ****  * @param config  Constant pointer to I2C channel config structure of type @ref XMC_I2C_CH_CONFIG_t
 291:D:/Projekty/TrinityTrack6000/MainControlBoard/XMC/XMC4200/Libraries/XMCLib/inc\xmc_i2c.h ****  * @param init_brg Selects if the baudrate generator should be configured automatically.
 292:D:/Projekty/TrinityTrack6000/MainControlBoard/XMC/XMC4200/Libraries/XMCLib/inc\xmc_i2c.h ****  *
 293:D:/Projekty/TrinityTrack6000/MainControlBoard/XMC/XMC4200/Libraries/XMCLib/inc\xmc_i2c.h ****  * @return None<br>
 294:D:/Projekty/TrinityTrack6000/MainControlBoard/XMC/XMC4200/Libraries/XMCLib/inc\xmc_i2c.h ****  *
 295:D:/Projekty/TrinityTrack6000/MainControlBoard/XMC/XMC4200/Libraries/XMCLib/inc\xmc_i2c.h ****  * \par<b>Description:</b><br>
 296:D:/Projekty/TrinityTrack6000/MainControlBoard/XMC/XMC4200/Libraries/XMCLib/inc\xmc_i2c.h ****  * Initializes the I2C \a channel.<br>
 297:D:/Projekty/TrinityTrack6000/MainControlBoard/XMC/XMC4200/Libraries/XMCLib/inc\xmc_i2c.h ****  *
 298:D:/Projekty/TrinityTrack6000/MainControlBoard/XMC/XMC4200/Libraries/XMCLib/inc\xmc_i2c.h ****  * \par
 299:D:/Projekty/TrinityTrack6000/MainControlBoard/XMC/XMC4200/Libraries/XMCLib/inc\xmc_i2c.h ****  * Configures the data format in SCTR register. Sets the slave address, baud rate. Enables transmit
 300:D:/Projekty/TrinityTrack6000/MainControlBoard/XMC/XMC4200/Libraries/XMCLib/inc\xmc_i2c.h ****  * and disables parity generation.<br>
 301:D:/Projekty/TrinityTrack6000/MainControlBoard/XMC/XMC4200/Libraries/XMCLib/inc\xmc_i2c.h ****  *
 302:D:/Projekty/TrinityTrack6000/MainControlBoard/XMC/XMC4200/Libraries/XMCLib/inc\xmc_i2c.h ****  * \par<b>Related APIs:</b><br>
 303:D:/Projekty/TrinityTrack6000/MainControlBoard/XMC/XMC4200/Libraries/XMCLib/inc\xmc_i2c.h ****  * XMC_USIC_CH_Enable()\n\n
 304:D:/Projekty/TrinityTrack6000/MainControlBoard/XMC/XMC4200/Libraries/XMCLib/inc\xmc_i2c.h ****  */
 305:D:/Projekty/TrinityTrack6000/MainControlBoard/XMC/XMC4200/Libraries/XMCLib/inc\xmc_i2c.h **** void XMC_I2C_CH_InitEx(XMC_USIC_CH_t *const channel, const XMC_I2C_CH_CONFIG_t *const config, bool 
 306:D:/Projekty/TrinityTrack6000/MainControlBoard/XMC/XMC4200/Libraries/XMCLib/inc\xmc_i2c.h **** 
 307:D:/Projekty/TrinityTrack6000/MainControlBoard/XMC/XMC4200/Libraries/XMCLib/inc\xmc_i2c.h **** /**
 308:D:/Projekty/TrinityTrack6000/MainControlBoard/XMC/XMC4200/Libraries/XMCLib/inc\xmc_i2c.h ****  * @param channel Constant pointer to USIC channel structure of type @ref XMC_USIC_CH_t
 309:D:/Projekty/TrinityTrack6000/MainControlBoard/XMC/XMC4200/Libraries/XMCLib/inc\xmc_i2c.h ****  * @param config  Constant pointer to I2C channel config structure of type @ref XMC_I2C_CH_CONFIG_t
 310:D:/Projekty/TrinityTrack6000/MainControlBoard/XMC/XMC4200/Libraries/XMCLib/inc\xmc_i2c.h ****  *
 311:D:/Projekty/TrinityTrack6000/MainControlBoard/XMC/XMC4200/Libraries/XMCLib/inc\xmc_i2c.h ****  * @return None<br>
 312:D:/Projekty/TrinityTrack6000/MainControlBoard/XMC/XMC4200/Libraries/XMCLib/inc\xmc_i2c.h ****  *
 313:D:/Projekty/TrinityTrack6000/MainControlBoard/XMC/XMC4200/Libraries/XMCLib/inc\xmc_i2c.h ****  * \par<b>Description:</b><br>
 314:D:/Projekty/TrinityTrack6000/MainControlBoard/XMC/XMC4200/Libraries/XMCLib/inc\xmc_i2c.h ****  * Initializes the I2C \a channel.<br>
 315:D:/Projekty/TrinityTrack6000/MainControlBoard/XMC/XMC4200/Libraries/XMCLib/inc\xmc_i2c.h ****  *
 316:D:/Projekty/TrinityTrack6000/MainControlBoard/XMC/XMC4200/Libraries/XMCLib/inc\xmc_i2c.h ****  * \par
 317:D:/Projekty/TrinityTrack6000/MainControlBoard/XMC/XMC4200/Libraries/XMCLib/inc\xmc_i2c.h ****  * Configures the data format in SCTR register. Sets the slave address, baud rate. Enables transmit
 318:D:/Projekty/TrinityTrack6000/MainControlBoard/XMC/XMC4200/Libraries/XMCLib/inc\xmc_i2c.h ****  * and disables parity generation.<br>
 319:D:/Projekty/TrinityTrack6000/MainControlBoard/XMC/XMC4200/Libraries/XMCLib/inc\xmc_i2c.h ****  *
 320:D:/Projekty/TrinityTrack6000/MainControlBoard/XMC/XMC4200/Libraries/XMCLib/inc\xmc_i2c.h ****  * \par<b>Related APIs:</b><br>
 321:D:/Projekty/TrinityTrack6000/MainControlBoard/XMC/XMC4200/Libraries/XMCLib/inc\xmc_i2c.h ****  * XMC_USIC_CH_Enable()\n\n
 322:D:/Projekty/TrinityTrack6000/MainControlBoard/XMC/XMC4200/Libraries/XMCLib/inc\xmc_i2c.h ****  */
 323:D:/Projekty/TrinityTrack6000/MainControlBoard/XMC/XMC4200/Libraries/XMCLib/inc\xmc_i2c.h **** __STATIC_INLINE void XMC_I2C_CH_Init(XMC_USIC_CH_t *const channel, const XMC_I2C_CH_CONFIG_t *const
 324:D:/Projekty/TrinityTrack6000/MainControlBoard/XMC/XMC4200/Libraries/XMCLib/inc\xmc_i2c.h **** {
 494              	 .loc 3 324 0
 495              	 .cfi_startproc
 496              	 
 497              	 
 498 0000 80B5     	 push {r7,lr}
 499              	.LCFI46:
 500              	 .cfi_def_cfa_offset 8
 501              	 .cfi_offset 7,-8
 502              	 .cfi_offset 14,-4
 503 0002 82B0     	 sub sp,sp,#8
 504              	.LCFI47:
 505              	 .cfi_def_cfa_offset 16
 506 0004 00AF     	 add r7,sp,#0
 507              	.LCFI48:
 508              	 .cfi_def_cfa_register 7
 509 0006 7860     	 str r0,[r7,#4]
 510 0008 3960     	 str r1,[r7]
 325:D:/Projekty/TrinityTrack6000/MainControlBoard/XMC/XMC4200/Libraries/XMCLib/inc\xmc_i2c.h ****   XMC_I2C_CH_InitEx(channel, config, true);
 511              	 .loc 3 325 0
 512 000a 7868     	 ldr r0,[r7,#4]
 513 000c 3968     	 ldr r1,[r7]
 514 000e 0122     	 movs r2,#1
 515 0010 FFF7FEFF 	 bl XMC_I2C_CH_InitEx
 326:D:/Projekty/TrinityTrack6000/MainControlBoard/XMC/XMC4200/Libraries/XMCLib/inc\xmc_i2c.h **** }
 516              	 .loc 3 326 0
 517 0014 0837     	 adds r7,r7,#8
 518              	.LCFI49:
 519              	 .cfi_def_cfa_offset 8
 520 0016 BD46     	 mov sp,r7
 521              	.LCFI50:
 522              	 .cfi_def_cfa_register 13
 523              	 
 524 0018 80BD     	 pop {r7,pc}
 525              	 .cfi_endproc
 526              	.LFE210:
 528 001a 00BF     	 .section .text.XMC_I2C_CH_Start,"ax",%progbits
 529              	 .align 2
 530              	 .thumb
 531              	 .thumb_func
 533              	XMC_I2C_CH_Start:
 534              	.LFB211:
 327:D:/Projekty/TrinityTrack6000/MainControlBoard/XMC/XMC4200/Libraries/XMCLib/inc\xmc_i2c.h **** 
 328:D:/Projekty/TrinityTrack6000/MainControlBoard/XMC/XMC4200/Libraries/XMCLib/inc\xmc_i2c.h **** /**
 329:D:/Projekty/TrinityTrack6000/MainControlBoard/XMC/XMC4200/Libraries/XMCLib/inc\xmc_i2c.h ****  * @param channel Constant pointer to USIC channel structure of type @ref XMC_USIC_CH_t
 330:D:/Projekty/TrinityTrack6000/MainControlBoard/XMC/XMC4200/Libraries/XMCLib/inc\xmc_i2c.h ****  * @param rate  baud rate of I2C channel
 331:D:/Projekty/TrinityTrack6000/MainControlBoard/XMC/XMC4200/Libraries/XMCLib/inc\xmc_i2c.h ****  *
 332:D:/Projekty/TrinityTrack6000/MainControlBoard/XMC/XMC4200/Libraries/XMCLib/inc\xmc_i2c.h ****  * @return None<br>
 333:D:/Projekty/TrinityTrack6000/MainControlBoard/XMC/XMC4200/Libraries/XMCLib/inc\xmc_i2c.h ****  *
 334:D:/Projekty/TrinityTrack6000/MainControlBoard/XMC/XMC4200/Libraries/XMCLib/inc\xmc_i2c.h ****  * \par<b>Description:</b><br>
 335:D:/Projekty/TrinityTrack6000/MainControlBoard/XMC/XMC4200/Libraries/XMCLib/inc\xmc_i2c.h ****  * Sets the rate of I2C \a channel.
 336:D:/Projekty/TrinityTrack6000/MainControlBoard/XMC/XMC4200/Libraries/XMCLib/inc\xmc_i2c.h ****  *
 337:D:/Projekty/TrinityTrack6000/MainControlBoard/XMC/XMC4200/Libraries/XMCLib/inc\xmc_i2c.h ****  * \par<b>Note:</b><br>
 338:D:/Projekty/TrinityTrack6000/MainControlBoard/XMC/XMC4200/Libraries/XMCLib/inc\xmc_i2c.h ****  * Standard over sampling is considered if rate <= 100KHz and fast over sampling is considered if r
 339:D:/Projekty/TrinityTrack6000/MainControlBoard/XMC/XMC4200/Libraries/XMCLib/inc\xmc_i2c.h ****  *
 340:D:/Projekty/TrinityTrack6000/MainControlBoard/XMC/XMC4200/Libraries/XMCLib/inc\xmc_i2c.h ****  * \par<b>Related APIs:</b><br>
 341:D:/Projekty/TrinityTrack6000/MainControlBoard/XMC/XMC4200/Libraries/XMCLib/inc\xmc_i2c.h ****  * XMC_USIC_CH_SetBaudrate()\n\n
 342:D:/Projekty/TrinityTrack6000/MainControlBoard/XMC/XMC4200/Libraries/XMCLib/inc\xmc_i2c.h ****  */
 343:D:/Projekty/TrinityTrack6000/MainControlBoard/XMC/XMC4200/Libraries/XMCLib/inc\xmc_i2c.h **** XMC_I2C_CH_STATUS_t XMC_I2C_CH_SetBaudrate(XMC_USIC_CH_t *const channel, const uint32_t rate);
 344:D:/Projekty/TrinityTrack6000/MainControlBoard/XMC/XMC4200/Libraries/XMCLib/inc\xmc_i2c.h **** 
 345:D:/Projekty/TrinityTrack6000/MainControlBoard/XMC/XMC4200/Libraries/XMCLib/inc\xmc_i2c.h **** /**
 346:D:/Projekty/TrinityTrack6000/MainControlBoard/XMC/XMC4200/Libraries/XMCLib/inc\xmc_i2c.h ****  * @param channel Constant pointer to USIC channel structure of type @ref XMC_USIC_CH_t
 347:D:/Projekty/TrinityTrack6000/MainControlBoard/XMC/XMC4200/Libraries/XMCLib/inc\xmc_i2c.h ****  * @param rate  baud rate of I2C channel
 348:D:/Projekty/TrinityTrack6000/MainControlBoard/XMC/XMC4200/Libraries/XMCLib/inc\xmc_i2c.h ****  * @param normal_divider_mode Selects normal divider mode for baudrate generator instead of default
 349:D:/Projekty/TrinityTrack6000/MainControlBoard/XMC/XMC4200/Libraries/XMCLib/inc\xmc_i2c.h ****  *
 350:D:/Projekty/TrinityTrack6000/MainControlBoard/XMC/XMC4200/Libraries/XMCLib/inc\xmc_i2c.h ****  * @return None<br>
 351:D:/Projekty/TrinityTrack6000/MainControlBoard/XMC/XMC4200/Libraries/XMCLib/inc\xmc_i2c.h ****  *
 352:D:/Projekty/TrinityTrack6000/MainControlBoard/XMC/XMC4200/Libraries/XMCLib/inc\xmc_i2c.h ****  * \par<b>Description:</b><br>
 353:D:/Projekty/TrinityTrack6000/MainControlBoard/XMC/XMC4200/Libraries/XMCLib/inc\xmc_i2c.h ****  * Sets the rate of I2C \a channel.
 354:D:/Projekty/TrinityTrack6000/MainControlBoard/XMC/XMC4200/Libraries/XMCLib/inc\xmc_i2c.h ****  *
 355:D:/Projekty/TrinityTrack6000/MainControlBoard/XMC/XMC4200/Libraries/XMCLib/inc\xmc_i2c.h ****  * \par<b>Note:</b><br>
 356:D:/Projekty/TrinityTrack6000/MainControlBoard/XMC/XMC4200/Libraries/XMCLib/inc\xmc_i2c.h ****  * Standard over sampling is considered if rate <= 100KHz and fast over sampling is considered if r
 357:D:/Projekty/TrinityTrack6000/MainControlBoard/XMC/XMC4200/Libraries/XMCLib/inc\xmc_i2c.h ****  *
 358:D:/Projekty/TrinityTrack6000/MainControlBoard/XMC/XMC4200/Libraries/XMCLib/inc\xmc_i2c.h ****  * \par<b>Related APIs:</b><br>
 359:D:/Projekty/TrinityTrack6000/MainControlBoard/XMC/XMC4200/Libraries/XMCLib/inc\xmc_i2c.h ****  * XMC_USIC_CH_SetBaudrate()\n\n
 360:D:/Projekty/TrinityTrack6000/MainControlBoard/XMC/XMC4200/Libraries/XMCLib/inc\xmc_i2c.h ****  */
 361:D:/Projekty/TrinityTrack6000/MainControlBoard/XMC/XMC4200/Libraries/XMCLib/inc\xmc_i2c.h **** XMC_I2C_CH_STATUS_t XMC_I2C_CH_SetBaudrateEx(XMC_USIC_CH_t *const channel, uint32_t rate, bool norm
 362:D:/Projekty/TrinityTrack6000/MainControlBoard/XMC/XMC4200/Libraries/XMCLib/inc\xmc_i2c.h **** 
 363:D:/Projekty/TrinityTrack6000/MainControlBoard/XMC/XMC4200/Libraries/XMCLib/inc\xmc_i2c.h **** /**
 364:D:/Projekty/TrinityTrack6000/MainControlBoard/XMC/XMC4200/Libraries/XMCLib/inc\xmc_i2c.h ****  * @param channel Constant pointer to USIC channel structure of type @ref XMC_USIC_CH_t
 365:D:/Projekty/TrinityTrack6000/MainControlBoard/XMC/XMC4200/Libraries/XMCLib/inc\xmc_i2c.h ****  *
 366:D:/Projekty/TrinityTrack6000/MainControlBoard/XMC/XMC4200/Libraries/XMCLib/inc\xmc_i2c.h ****  * @return None<br>
 367:D:/Projekty/TrinityTrack6000/MainControlBoard/XMC/XMC4200/Libraries/XMCLib/inc\xmc_i2c.h ****  *
 368:D:/Projekty/TrinityTrack6000/MainControlBoard/XMC/XMC4200/Libraries/XMCLib/inc\xmc_i2c.h ****  * \par<b>Description:</b><br>
 369:D:/Projekty/TrinityTrack6000/MainControlBoard/XMC/XMC4200/Libraries/XMCLib/inc\xmc_i2c.h ****  * Starts the I2C \a channel.
 370:D:/Projekty/TrinityTrack6000/MainControlBoard/XMC/XMC4200/Libraries/XMCLib/inc\xmc_i2c.h ****  *
 371:D:/Projekty/TrinityTrack6000/MainControlBoard/XMC/XMC4200/Libraries/XMCLib/inc\xmc_i2c.h ****  * \par
 372:D:/Projekty/TrinityTrack6000/MainControlBoard/XMC/XMC4200/Libraries/XMCLib/inc\xmc_i2c.h ****  * Sets the USIC input operation mode to I2C mode using CCR register.
 373:D:/Projekty/TrinityTrack6000/MainControlBoard/XMC/XMC4200/Libraries/XMCLib/inc\xmc_i2c.h ****  *
 374:D:/Projekty/TrinityTrack6000/MainControlBoard/XMC/XMC4200/Libraries/XMCLib/inc\xmc_i2c.h ****  * \par<b>Related APIs:</b><br>
 375:D:/Projekty/TrinityTrack6000/MainControlBoard/XMC/XMC4200/Libraries/XMCLib/inc\xmc_i2c.h ****  * XMC_USIC_CH_SetMode()\n\n
 376:D:/Projekty/TrinityTrack6000/MainControlBoard/XMC/XMC4200/Libraries/XMCLib/inc\xmc_i2c.h ****  */
 377:D:/Projekty/TrinityTrack6000/MainControlBoard/XMC/XMC4200/Libraries/XMCLib/inc\xmc_i2c.h **** __STATIC_INLINE void XMC_I2C_CH_Start(XMC_USIC_CH_t *const channel)
 378:D:/Projekty/TrinityTrack6000/MainControlBoard/XMC/XMC4200/Libraries/XMCLib/inc\xmc_i2c.h **** {
 535              	 .loc 3 378 0
 536              	 .cfi_startproc
 537              	 
 538              	 
 539 0000 80B5     	 push {r7,lr}
 540              	.LCFI51:
 541              	 .cfi_def_cfa_offset 8
 542              	 .cfi_offset 7,-8
 543              	 .cfi_offset 14,-4
 544 0002 82B0     	 sub sp,sp,#8
 545              	.LCFI52:
 546              	 .cfi_def_cfa_offset 16
 547 0004 00AF     	 add r7,sp,#0
 548              	.LCFI53:
 549              	 .cfi_def_cfa_register 7
 550 0006 7860     	 str r0,[r7,#4]
 379:D:/Projekty/TrinityTrack6000/MainControlBoard/XMC/XMC4200/Libraries/XMCLib/inc\xmc_i2c.h ****   XMC_USIC_CH_SetMode(channel, XMC_USIC_CH_OPERATING_MODE_I2C);
 551              	 .loc 3 379 0
 552 0008 7868     	 ldr r0,[r7,#4]
 553 000a 0421     	 movs r1,#4
 554 000c FFF7FEFF 	 bl XMC_USIC_CH_SetMode
 380:D:/Projekty/TrinityTrack6000/MainControlBoard/XMC/XMC4200/Libraries/XMCLib/inc\xmc_i2c.h **** }
 555              	 .loc 3 380 0
 556 0010 0837     	 adds r7,r7,#8
 557              	.LCFI54:
 558              	 .cfi_def_cfa_offset 8
 559 0012 BD46     	 mov sp,r7
 560              	.LCFI55:
 561              	 .cfi_def_cfa_register 13
 562              	 
 563 0014 80BD     	 pop {r7,pc}
 564              	 .cfi_endproc
 565              	.LFE211:
 567 0016 00BF     	 .section .rodata.I2C_BUS_sda_pin_config,"a",%progbits
 568              	 .align 2
 571              	I2C_BUS_sda_pin_config:
 572 0000 D0       	 .byte -48
 573 0001 000000   	 .space 3
 574 0004 01000000 	 .word 1
 575 0008 00000000 	 .space 4
 576              	 .section .rodata.I2C_BUS_scl_pin_config,"a",%progbits
 577              	 .align 2
 580              	I2C_BUS_scl_pin_config:
 581 0000 D0       	 .byte -48
 582 0001 000000   	 .space 3
 583 0004 01000000 	 .word 1
 584 0008 00000000 	 .space 4
 585              	 .global I2C_BUS_channel_config
 586              	 .section .rodata.I2C_BUS_channel_config,"a",%progbits
 587              	 .align 2
 590              	I2C_BUS_channel_config:
 591 0000 801A0600 	 .word 400000
 592 0004 0000     	 .space 2
 593 0006 0000     	 .short 0
 594              	 .section .text.I2C_BUS_disable_io,"ax",%progbits
 595              	 .align 2
 596              	 .thumb
 597              	 .thumb_func
 599              	I2C_BUS_disable_io:
 600              	.LFB250:
 601              	 .file 4 "../Dave/Generated/I2C_MASTER/i2c_master_conf.c"
   1:../Dave/Generated/I2C_MASTER/i2c_master_conf.c **** /**************************************************************************************************
   2:../Dave/Generated/I2C_MASTER/i2c_master_conf.c **** * DAVE APP Name : I2C_MASTER       APP Version: 4.1.34
   3:../Dave/Generated/I2C_MASTER/i2c_master_conf.c **** *
   4:../Dave/Generated/I2C_MASTER/i2c_master_conf.c **** * NOTE:
   5:../Dave/Generated/I2C_MASTER/i2c_master_conf.c **** * This file is generated by DAVE. Any manual modification done to this file will be lost when the c
   6:../Dave/Generated/I2C_MASTER/i2c_master_conf.c **** ***************************************************************************************************
   7:../Dave/Generated/I2C_MASTER/i2c_master_conf.c **** 
   8:../Dave/Generated/I2C_MASTER/i2c_master_conf.c **** /**
   9:../Dave/Generated/I2C_MASTER/i2c_master_conf.c ****  * @cond
  10:../Dave/Generated/I2C_MASTER/i2c_master_conf.c ****  **************************************************************************************************
  11:../Dave/Generated/I2C_MASTER/i2c_master_conf.c ****  *
  12:../Dave/Generated/I2C_MASTER/i2c_master_conf.c ****  * Copyright (c) 2015-2020, Infineon Technologies AG
  13:../Dave/Generated/I2C_MASTER/i2c_master_conf.c ****  * All rights reserved.
  14:../Dave/Generated/I2C_MASTER/i2c_master_conf.c ****  *
  15:../Dave/Generated/I2C_MASTER/i2c_master_conf.c ****  * Redistribution and use in source and binary forms, with or without modification,are permitted pr
  16:../Dave/Generated/I2C_MASTER/i2c_master_conf.c ****  * following conditions are met:
  17:../Dave/Generated/I2C_MASTER/i2c_master_conf.c ****  *
  18:../Dave/Generated/I2C_MASTER/i2c_master_conf.c ****  *   Redistributions of source code must retain the above copyright notice, this list of conditions
  19:../Dave/Generated/I2C_MASTER/i2c_master_conf.c ****  *   disclaimer.
  20:../Dave/Generated/I2C_MASTER/i2c_master_conf.c ****  *
  21:../Dave/Generated/I2C_MASTER/i2c_master_conf.c ****  *   Redistributions in binary form must reproduce the above copyright notice, this list of conditi
  22:../Dave/Generated/I2C_MASTER/i2c_master_conf.c ****  *   following disclaimer in the documentation and/or other materials provided with the distributio
  23:../Dave/Generated/I2C_MASTER/i2c_master_conf.c ****  *
  24:../Dave/Generated/I2C_MASTER/i2c_master_conf.c ****  *   Neither the name of the copyright holders nor the names of its contributors may be used to end
  25:../Dave/Generated/I2C_MASTER/i2c_master_conf.c ****  *   products derived from this software without specific prior written permission.
  26:../Dave/Generated/I2C_MASTER/i2c_master_conf.c ****  *
  27:../Dave/Generated/I2C_MASTER/i2c_master_conf.c ****  * THIS SOFTWARE IS PROVIDED BY THE COPYRIGHT HOLDERS AND CONTRIBUTORS "AS IS" AND ANY EXPRESS OR I
  28:../Dave/Generated/I2C_MASTER/i2c_master_conf.c ****  * INCLUDING, BUT NOT LIMITED TO, THE IMPLIED WARRANTIES OF MERCHANTABILITY AND FITNESS FOR A PARTI
  29:../Dave/Generated/I2C_MASTER/i2c_master_conf.c ****  * DISCLAIMED. IN NO EVENT SHALL THE COPYRIGHT HOLDER OR CONTRIBUTORS BE LIABLE  FOR ANY DIRECT, IN
  30:../Dave/Generated/I2C_MASTER/i2c_master_conf.c ****  * SPECIAL, EXEMPLARY, OR CONSEQUENTIAL DAMAGES (INCLUDING, BUT NOT LIMITED TO, PROCUREMENT OF SUBS
  31:../Dave/Generated/I2C_MASTER/i2c_master_conf.c ****  * SERVICES; LOSS OF USE, DATA, OR PROFITS; OR BUSINESS INTERRUPTION) HOWEVER CAUSED AND ON ANY THE
  32:../Dave/Generated/I2C_MASTER/i2c_master_conf.c ****  * WHETHER IN CONTRACT, STRICT LIABILITY,OR TORT (INCLUDING NEGLIGENCE OR OTHERWISE) ARISING IN ANY
  33:../Dave/Generated/I2C_MASTER/i2c_master_conf.c ****  * USE OF THIS SOFTWARE, EVEN IF ADVISED OF THE POSSIBILITY OF SUCH DAMAGE.
  34:../Dave/Generated/I2C_MASTER/i2c_master_conf.c ****  *
  35:../Dave/Generated/I2C_MASTER/i2c_master_conf.c ****  * To improve the quality of the software, users are encouraged to share modifications, enhancement
  36:../Dave/Generated/I2C_MASTER/i2c_master_conf.c ****  * with Infineon Technologies AG (dave@infineon.com).
  37:../Dave/Generated/I2C_MASTER/i2c_master_conf.c ****  **************************************************************************************************
  38:../Dave/Generated/I2C_MASTER/i2c_master_conf.c ****  *
  39:../Dave/Generated/I2C_MASTER/i2c_master_conf.c ****  * Change History
  40:../Dave/Generated/I2C_MASTER/i2c_master_conf.c ****  * --------------
  41:../Dave/Generated/I2C_MASTER/i2c_master_conf.c ****  *
  42:../Dave/Generated/I2C_MASTER/i2c_master_conf.c ****  * 2015-02-16:
  43:../Dave/Generated/I2C_MASTER/i2c_master_conf.c ****  *     - Initial version<br>
  44:../Dave/Generated/I2C_MASTER/i2c_master_conf.c ****  *
  45:../Dave/Generated/I2C_MASTER/i2c_master_conf.c ****  * 2015-04-06:
  46:../Dave/Generated/I2C_MASTER/i2c_master_conf.c ****  *     - Optimized generation of config code<br>
  47:../Dave/Generated/I2C_MASTER/i2c_master_conf.c ****  *
  48:../Dave/Generated/I2C_MASTER/i2c_master_conf.c ****  * 2015-07-29:
  49:../Dave/Generated/I2C_MASTER/i2c_master_conf.c ****  *     - Added DMA, direct mode support<br>
  50:../Dave/Generated/I2C_MASTER/i2c_master_conf.c ****  *
  51:../Dave/Generated/I2C_MASTER/i2c_master_conf.c ****  * 2018-02-20:
  52:../Dave/Generated/I2C_MASTER/i2c_master_conf.c ****  *     - Within dma_tx_handler() tx_callback only called if transmitting
  53:../Dave/Generated/I2C_MASTER/i2c_master_conf.c ****  *     - Added digital filter
  54:../Dave/Generated/I2C_MASTER/i2c_master_conf.c ****  *
  55:../Dave/Generated/I2C_MASTER/i2c_master_conf.c ****  * @endcond
  56:../Dave/Generated/I2C_MASTER/i2c_master_conf.c ****  *
  57:../Dave/Generated/I2C_MASTER/i2c_master_conf.c ****  */
  58:../Dave/Generated/I2C_MASTER/i2c_master_conf.c **** 
  59:../Dave/Generated/I2C_MASTER/i2c_master_conf.c **** /**************************************************************************************************
  60:../Dave/Generated/I2C_MASTER/i2c_master_conf.c ****  * HEADER FILES
  61:../Dave/Generated/I2C_MASTER/i2c_master_conf.c ****  **************************************************************************************************
  62:../Dave/Generated/I2C_MASTER/i2c_master_conf.c **** #include "i2c_master.h" 
  63:../Dave/Generated/I2C_MASTER/i2c_master_conf.c **** #if (UC_FAMILY == XMC1)
  64:../Dave/Generated/I2C_MASTER/i2c_master_conf.c **** #include "xmc_scu.h"
  65:../Dave/Generated/I2C_MASTER/i2c_master_conf.c **** #endif
  66:../Dave/Generated/I2C_MASTER/i2c_master_conf.c **** /**************************************************************************************************
  67:../Dave/Generated/I2C_MASTER/i2c_master_conf.c **** * DATA STRUCTURES
  68:../Dave/Generated/I2C_MASTER/i2c_master_conf.c **** ***************************************************************************************************
  69:../Dave/Generated/I2C_MASTER/i2c_master_conf.c **** /*
  70:../Dave/Generated/I2C_MASTER/i2c_master_conf.c ****  * Function implements the data transmission. It is called from the transmit interrupt service hand
  71:../Dave/Generated/I2C_MASTER/i2c_master_conf.c ****  * Function pushes data to the output block and releases control. It is called again when the previ
  72:../Dave/Generated/I2C_MASTER/i2c_master_conf.c ****  * transmitted. When transmit FIFO is used, the function sets the trigger limit based on the size o
  73:../Dave/Generated/I2C_MASTER/i2c_master_conf.c ****  * transmitted. This makes sure that the CPU usage is optimum.
  74:../Dave/Generated/I2C_MASTER/i2c_master_conf.c ****  *
  75:../Dave/Generated/I2C_MASTER/i2c_master_conf.c ****  * I2C_MASTER_t * pointer to the I2C_MASTER APP instance handle
  76:../Dave/Generated/I2C_MASTER/i2c_master_conf.c ****  *
  77:../Dave/Generated/I2C_MASTER/i2c_master_conf.c ****  */
  78:../Dave/Generated/I2C_MASTER/i2c_master_conf.c **** void I2C_MASTER_TransmitHandler(I2C_MASTER_t * const handle);
  79:../Dave/Generated/I2C_MASTER/i2c_master_conf.c **** 
  80:../Dave/Generated/I2C_MASTER/i2c_master_conf.c **** /*
  81:../Dave/Generated/I2C_MASTER/i2c_master_conf.c ****  * Function implements the data reception. It is called from the receive interrupt service handler.
  82:../Dave/Generated/I2C_MASTER/i2c_master_conf.c ****  * Function reads data from the receive block and updates the user's buffer. It is called again whe
  83:../Dave/Generated/I2C_MASTER/i2c_master_conf.c ****  * received again. When receive FIFO is used, the function sets the trigger limit based on the size
  84:../Dave/Generated/I2C_MASTER/i2c_master_conf.c ****  * received. This makes sure that the CPU usage is optimum.
  85:../Dave/Generated/I2C_MASTER/i2c_master_conf.c ****  *
  86:../Dave/Generated/I2C_MASTER/i2c_master_conf.c ****  * I2C_MASTER_t * pointer to the I2C_MASTER APP instance handle
  87:../Dave/Generated/I2C_MASTER/i2c_master_conf.c ****  *
  88:../Dave/Generated/I2C_MASTER/i2c_master_conf.c ****  */
  89:../Dave/Generated/I2C_MASTER/i2c_master_conf.c **** void I2C_MASTER_ReceiveHandler(I2C_MASTER_t * const handle);
  90:../Dave/Generated/I2C_MASTER/i2c_master_conf.c **** 
  91:../Dave/Generated/I2C_MASTER/i2c_master_conf.c **** void I2C_BUS_init(void);
  92:../Dave/Generated/I2C_MASTER/i2c_master_conf.c **** #if (I2C_MASTER_DMA_TX_ENABLED == 1)
  93:../Dave/Generated/I2C_MASTER/i2c_master_conf.c **** void I2C_BUS_dma_tx_handler(XMC_DMA_CH_EVENT_t event);
  94:../Dave/Generated/I2C_MASTER/i2c_master_conf.c **** #endif
  95:../Dave/Generated/I2C_MASTER/i2c_master_conf.c **** #if (I2C_MASTER_DMA_RX_ENABLED == 1)
  96:../Dave/Generated/I2C_MASTER/i2c_master_conf.c **** void I2C_BUS_dma_rx_handler(XMC_DMA_CH_EVENT_t event);
  97:../Dave/Generated/I2C_MASTER/i2c_master_conf.c **** #endif
  98:../Dave/Generated/I2C_MASTER/i2c_master_conf.c ****   static const XMC_GPIO_CONFIG_t I2C_BUS_sda_pin_config   =
  99:../Dave/Generated/I2C_MASTER/i2c_master_conf.c ****   { 
 100:../Dave/Generated/I2C_MASTER/i2c_master_conf.c ****     .mode = XMC_GPIO_MODE_OUTPUT_OPEN_DRAIN_ALT2,
 101:../Dave/Generated/I2C_MASTER/i2c_master_conf.c ****     .output_level   = XMC_GPIO_OUTPUT_LEVEL_HIGH,
 102:../Dave/Generated/I2C_MASTER/i2c_master_conf.c ****   }; 
 103:../Dave/Generated/I2C_MASTER/i2c_master_conf.c ****   static const XMC_GPIO_CONFIG_t I2C_BUS_scl_pin_config   =
 104:../Dave/Generated/I2C_MASTER/i2c_master_conf.c ****   { 
 105:../Dave/Generated/I2C_MASTER/i2c_master_conf.c ****     .mode = XMC_GPIO_MODE_OUTPUT_OPEN_DRAIN_ALT2,
 106:../Dave/Generated/I2C_MASTER/i2c_master_conf.c ****     .output_level  = XMC_GPIO_OUTPUT_LEVEL_HIGH,
 107:../Dave/Generated/I2C_MASTER/i2c_master_conf.c ****   }; 
 108:../Dave/Generated/I2C_MASTER/i2c_master_conf.c **** const XMC_I2C_CH_CONFIG_t I2C_BUS_channel_config =
 109:../Dave/Generated/I2C_MASTER/i2c_master_conf.c **** {
 110:../Dave/Generated/I2C_MASTER/i2c_master_conf.c ****   .baudrate = (uint32_t)(400000U),
 111:../Dave/Generated/I2C_MASTER/i2c_master_conf.c ****   .address  = 0
 112:../Dave/Generated/I2C_MASTER/i2c_master_conf.c **** };
 113:../Dave/Generated/I2C_MASTER/i2c_master_conf.c **** 
 114:../Dave/Generated/I2C_MASTER/i2c_master_conf.c **** static void I2C_BUS_disable_io(void)
 115:../Dave/Generated/I2C_MASTER/i2c_master_conf.c **** {
 602              	 .loc 4 115 0
 603              	 .cfi_startproc
 604              	 
 605              	 
 606 0000 80B5     	 push {r7,lr}
 607              	.LCFI56:
 608              	 .cfi_def_cfa_offset 8
 609              	 .cfi_offset 7,-8
 610              	 .cfi_offset 14,-4
 611 0002 00AF     	 add r7,sp,#0
 612              	.LCFI57:
 613              	 .cfi_def_cfa_register 7
 116:../Dave/Generated/I2C_MASTER/i2c_master_conf.c ****   XMC_GPIO_SetMode((XMC_GPIO_PORT_t *)PORT2_BASE, (uint8_t)14, XMC_GPIO_MODE_INPUT_TRISTATE);
 614              	 .loc 4 116 0
 615 0004 0548     	 ldr r0,.L25
 616 0006 0E21     	 movs r1,#14
 617 0008 0022     	 movs r2,#0
 618 000a FFF7FEFF 	 bl XMC_GPIO_SetMode
 117:../Dave/Generated/I2C_MASTER/i2c_master_conf.c ****   XMC_GPIO_SetMode((XMC_GPIO_PORT_t *)PORT0_BASE, (uint8_t)11, XMC_GPIO_MODE_INPUT_TRISTATE);
 619              	 .loc 4 117 0
 620 000e 0448     	 ldr r0,.L25+4
 621 0010 0B21     	 movs r1,#11
 622 0012 0022     	 movs r2,#0
 623 0014 FFF7FEFF 	 bl XMC_GPIO_SetMode
 118:../Dave/Generated/I2C_MASTER/i2c_master_conf.c **** }
 624              	 .loc 4 118 0
 625 0018 80BD     	 pop {r7,pc}
 626              	.L26:
 627 001a 00BF     	 .align 2
 628              	.L25:
 629 001c 00820248 	 .word 1208123904
 630 0020 00800248 	 .word 1208123392
 631              	 .cfi_endproc
 632              	.LFE250:
 634              	 .section .text.I2C_BUS_enable_io,"ax",%progbits
 635              	 .align 2
 636              	 .thumb
 637              	 .thumb_func
 639              	I2C_BUS_enable_io:
 640              	.LFB251:
 119:../Dave/Generated/I2C_MASTER/i2c_master_conf.c **** 
 120:../Dave/Generated/I2C_MASTER/i2c_master_conf.c **** static void I2C_BUS_enable_io(void)
 121:../Dave/Generated/I2C_MASTER/i2c_master_conf.c **** {
 641              	 .loc 4 121 0
 642              	 .cfi_startproc
 643              	 
 644              	 
 645 0000 80B5     	 push {r7,lr}
 646              	.LCFI58:
 647              	 .cfi_def_cfa_offset 8
 648              	 .cfi_offset 7,-8
 649              	 .cfi_offset 14,-4
 650 0002 00AF     	 add r7,sp,#0
 651              	.LCFI59:
 652              	 .cfi_def_cfa_register 7
 122:../Dave/Generated/I2C_MASTER/i2c_master_conf.c ****   XMC_GPIO_SetMode((XMC_GPIO_PORT_t *)PORT2_BASE, (uint8_t)14, I2C_BUS_sda_pin_config.mode);
 653              	 .loc 4 122 0
 654 0004 D023     	 movs r3,#208
 655 0006 0648     	 ldr r0,.L28
 656 0008 0E21     	 movs r1,#14
 657 000a 1A46     	 mov r2,r3
 658 000c FFF7FEFF 	 bl XMC_GPIO_SetMode
 123:../Dave/Generated/I2C_MASTER/i2c_master_conf.c ****   XMC_GPIO_SetMode((XMC_GPIO_PORT_t *)PORT0_BASE, (uint8_t)11, I2C_BUS_scl_pin_config.mode);
 659              	 .loc 4 123 0
 660 0010 D023     	 movs r3,#208
 661 0012 0448     	 ldr r0,.L28+4
 662 0014 0B21     	 movs r1,#11
 663 0016 1A46     	 mov r2,r3
 664 0018 FFF7FEFF 	 bl XMC_GPIO_SetMode
 124:../Dave/Generated/I2C_MASTER/i2c_master_conf.c **** }
 665              	 .loc 4 124 0
 666 001c 80BD     	 pop {r7,pc}
 667              	.L29:
 668 001e 00BF     	 .align 2
 669              	.L28:
 670 0020 00820248 	 .word 1208123904
 671 0024 00800248 	 .word 1208123392
 672              	 .cfi_endproc
 673              	.LFE251:
 675              	 .global I2C_BUS_config
 676              	 .section .rodata.I2C_BUS_config,"a",%progbits
 677              	 .align 2
 680              	I2C_BUS_config:
 681 0000 00000000 	 .word I2C_BUS_channel_config
 682 0004 00000000 	 .word I2C_BUS_init
 683 0008 00000000 	 .word I2C_BUS_enable_io
 684 000c 00000000 	 .word I2C_BUS_disable_io
 685 0010 00000000 	 .word 0
 686 0014 00000000 	 .word 0
 687 0018 00000000 	 .word 0
 688 001c 00000000 	 .word 0
 689 0020 00000000 	 .word 0
 690 0024 00       	 .byte 0
 691 0025 00       	 .byte 0
 692 0026 04       	 .byte 4
 693 0027 04       	 .byte 4
 694 0028 5B       	 .byte 91
 695 0029 5A       	 .byte 90
 696 002a 0000     	 .space 2
 697              	 .global I2C_BUS_runtime
 698              	 .section .data.I2C_BUS_runtime,"aw",%progbits
 699              	 .align 2
 702              	I2C_BUS_runtime:
 703 0000 00000000 	 .space 36
 703      00000000 
 703      00000000 
 703      00000000 
 703      00000000 
 704 0024 01       	 .byte 1
 705 0025 00       	 .byte 0
 706 0026 00       	 .byte 0
 707 0027 00       	 .byte 0
 708 0028 00       	 .byte 0
 709 0029 000000   	 .space 3
 710              	 .global I2C_BUS
 711              	 .section .data.I2C_BUS,"aw",%progbits
 712              	 .align 2
 715              	I2C_BUS:
 716 0000 00000248 	 .word 1208090624
 717 0004 00000000 	 .word I2C_BUS_config
 718 0008 00000000 	 .word I2C_BUS_runtime
 719              	 .section .text.I2C_BUS_init,"ax",%progbits
 720              	 .align 2
 721              	 .global I2C_BUS_init
 722              	 .thumb
 723              	 .thumb_func
 725              	I2C_BUS_init:
 726              	.LFB252:
 125:../Dave/Generated/I2C_MASTER/i2c_master_conf.c **** 
 126:../Dave/Generated/I2C_MASTER/i2c_master_conf.c **** const I2C_MASTER_CONFIG_t I2C_BUS_config =
 127:../Dave/Generated/I2C_MASTER/i2c_master_conf.c **** {
 128:../Dave/Generated/I2C_MASTER/i2c_master_conf.c ****   .brg_config = &I2C_BUS_channel_config,
 129:../Dave/Generated/I2C_MASTER/i2c_master_conf.c ****   .fptr_i2c_config = I2C_BUS_init,
 130:../Dave/Generated/I2C_MASTER/i2c_master_conf.c ****   .fptr_i2c_enable_io = I2C_BUS_enable_io,
 131:../Dave/Generated/I2C_MASTER/i2c_master_conf.c ****   .fptr_i2c_disable_io = I2C_BUS_disable_io,
 132:../Dave/Generated/I2C_MASTER/i2c_master_conf.c ****   .tx_cbhandler = NULL,
 133:../Dave/Generated/I2C_MASTER/i2c_master_conf.c ****   .rx_cbhandler = NULL,
 134:../Dave/Generated/I2C_MASTER/i2c_master_conf.c ****   .nack_cbhandler = NULL,
 135:../Dave/Generated/I2C_MASTER/i2c_master_conf.c ****   .arbitration_cbhandler = NULL,
 136:../Dave/Generated/I2C_MASTER/i2c_master_conf.c ****   .error_cbhandler = NULL,
 137:../Dave/Generated/I2C_MASTER/i2c_master_conf.c ****   .transmit_mode = I2C_MASTER_TRANSFER_MODE_INTERRUPT,
 138:../Dave/Generated/I2C_MASTER/i2c_master_conf.c ****   .receive_mode = I2C_MASTER_TRANSFER_MODE_INTERRUPT,
 139:../Dave/Generated/I2C_MASTER/i2c_master_conf.c ****   .txFIFO_size = XMC_USIC_CH_FIFO_SIZE_16WORDS,
 140:../Dave/Generated/I2C_MASTER/i2c_master_conf.c ****  
 141:../Dave/Generated/I2C_MASTER/i2c_master_conf.c ****   .rxFIFO_size = XMC_USIC_CH_FIFO_SIZE_16WORDS,
 142:../Dave/Generated/I2C_MASTER/i2c_master_conf.c ****   
 143:../Dave/Generated/I2C_MASTER/i2c_master_conf.c **** #if defined(I2C_BUS_TX_IRQN)
 144:../Dave/Generated/I2C_MASTER/i2c_master_conf.c ****   .tx_irqn = I2C_BUS_TX_IRQN,
 145:../Dave/Generated/I2C_MASTER/i2c_master_conf.c **** #else
 146:../Dave/Generated/I2C_MASTER/i2c_master_conf.c ****   .tx_irqn = -1,
 147:../Dave/Generated/I2C_MASTER/i2c_master_conf.c **** #endif
 148:../Dave/Generated/I2C_MASTER/i2c_master_conf.c **** 
 149:../Dave/Generated/I2C_MASTER/i2c_master_conf.c **** #if defined(I2C_BUS_RX_IRQN)
 150:../Dave/Generated/I2C_MASTER/i2c_master_conf.c ****   .rx_irqn = I2C_BUS_RX_IRQN
 151:../Dave/Generated/I2C_MASTER/i2c_master_conf.c **** #else
 152:../Dave/Generated/I2C_MASTER/i2c_master_conf.c ****   .rx_irqn = -1
 153:../Dave/Generated/I2C_MASTER/i2c_master_conf.c **** #endif
 154:../Dave/Generated/I2C_MASTER/i2c_master_conf.c **** 
 155:../Dave/Generated/I2C_MASTER/i2c_master_conf.c **** };
 156:../Dave/Generated/I2C_MASTER/i2c_master_conf.c **** I2C_MASTER_RUNTIME_t I2C_BUS_runtime =
 157:../Dave/Generated/I2C_MASTER/i2c_master_conf.c **** {
 158:../Dave/Generated/I2C_MASTER/i2c_master_conf.c ****   .tx_ack_sr = 0x1U,
 159:../Dave/Generated/I2C_MASTER/i2c_master_conf.c ****   .tx_busy = false,
 160:../Dave/Generated/I2C_MASTER/i2c_master_conf.c ****   .rx_sr = 0x0U,
 161:../Dave/Generated/I2C_MASTER/i2c_master_conf.c ****   .rx_busy = false,
 162:../Dave/Generated/I2C_MASTER/i2c_master_conf.c ****   .bus_acquired = false
 163:../Dave/Generated/I2C_MASTER/i2c_master_conf.c **** };
 164:../Dave/Generated/I2C_MASTER/i2c_master_conf.c **** 
 165:../Dave/Generated/I2C_MASTER/i2c_master_conf.c **** I2C_MASTER_t I2C_BUS =
 166:../Dave/Generated/I2C_MASTER/i2c_master_conf.c **** {
 167:../Dave/Generated/I2C_MASTER/i2c_master_conf.c ****   .channel = XMC_I2C1_CH0,
 168:../Dave/Generated/I2C_MASTER/i2c_master_conf.c ****   .config = &I2C_BUS_config,
 169:../Dave/Generated/I2C_MASTER/i2c_master_conf.c ****   .runtime = &I2C_BUS_runtime,
 170:../Dave/Generated/I2C_MASTER/i2c_master_conf.c **** };
 171:../Dave/Generated/I2C_MASTER/i2c_master_conf.c **** 
 172:../Dave/Generated/I2C_MASTER/i2c_master_conf.c **** void I2C_BUS_init(void)
 173:../Dave/Generated/I2C_MASTER/i2c_master_conf.c **** {
 727              	 .loc 4 173 0
 728              	 .cfi_startproc
 729              	 
 730              	 
 731 0000 80B5     	 push {r7,lr}
 732              	.LCFI60:
 733              	 .cfi_def_cfa_offset 8
 734              	 .cfi_offset 7,-8
 735              	 .cfi_offset 14,-4
 736 0002 82B0     	 sub sp,sp,#8
 737              	.LCFI61:
 738              	 .cfi_def_cfa_offset 16
 739 0004 00AF     	 add r7,sp,#0
 740              	.LCFI62:
 741              	 .cfi_def_cfa_register 7
 174:../Dave/Generated/I2C_MASTER/i2c_master_conf.c ****  
 175:../Dave/Generated/I2C_MASTER/i2c_master_conf.c ****   const uint32_t tx_fifo_events = (uint32_t)(0);
 742              	 .loc 4 175 0
 743 0006 0023     	 movs r3,#0
 744 0008 7B60     	 str r3,[r7,#4]
 176:../Dave/Generated/I2C_MASTER/i2c_master_conf.c ****   const uint32_t rx_fifo_events = (uint32_t)(XMC_USIC_CH_RXFIFO_EVENT_CONF_ALTERNATE | XMC_USIC_CH_
 745              	 .loc 4 176 0
 746 000a 4FF0C043 	 mov r3,#1610612736
 747 000e 3B60     	 str r3,[r7]
 177:../Dave/Generated/I2C_MASTER/i2c_master_conf.c ****   XMC_I2C_CH_Init(XMC_I2C1_CH0, &I2C_BUS_channel_config);
 748              	 .loc 4 177 0
 749 0010 3248     	 ldr r0,.L31
 750 0012 3349     	 ldr r1,.L31+4
 751 0014 FFF7FEFF 	 bl XMC_I2C_CH_Init
 178:../Dave/Generated/I2C_MASTER/i2c_master_conf.c **** 
 179:../Dave/Generated/I2C_MASTER/i2c_master_conf.c ****   XMC_USIC_CH_SetInputSource(XMC_I2C1_CH0, XMC_USIC_CH_INPUT_DX0, 3);
 752              	 .loc 4 179 0
 753 0018 3048     	 ldr r0,.L31
 754 001a 0021     	 movs r1,#0
 755 001c 0322     	 movs r2,#3
 756 001e FFF7FEFF 	 bl XMC_USIC_CH_SetInputSource
 180:../Dave/Generated/I2C_MASTER/i2c_master_conf.c ****   XMC_USIC_CH_SetInputSource(XMC_I2C1_CH0, XMC_USIC_CH_INPUT_DX1, 0);
 757              	 .loc 4 180 0
 758 0022 2E48     	 ldr r0,.L31
 759 0024 0121     	 movs r1,#1
 760 0026 0022     	 movs r2,#0
 761 0028 FFF7FEFF 	 bl XMC_USIC_CH_SetInputSource
 181:../Dave/Generated/I2C_MASTER/i2c_master_conf.c **** 
 182:../Dave/Generated/I2C_MASTER/i2c_master_conf.c ****   /* configure i2c tx fifo */
 183:../Dave/Generated/I2C_MASTER/i2c_master_conf.c ****   XMC_USIC_CH_TXFIFO_Configure(XMC_I2C1_CH0,
 762              	 .loc 4 183 0
 763 002c 2B48     	 ldr r0,.L31
 764 002e 1021     	 movs r1,#16
 765 0030 0422     	 movs r2,#4
 766 0032 0123     	 movs r3,#1
 767 0034 FFF7FEFF 	 bl XMC_USIC_CH_TXFIFO_Configure
 184:../Dave/Generated/I2C_MASTER/i2c_master_conf.c ****                                16,
 185:../Dave/Generated/I2C_MASTER/i2c_master_conf.c ****                                XMC_USIC_CH_FIFO_SIZE_16WORDS,
 186:../Dave/Generated/I2C_MASTER/i2c_master_conf.c ****                                (uint32_t)1);
 187:../Dave/Generated/I2C_MASTER/i2c_master_conf.c ****   XMC_USIC_CH_TXFIFO_SetInterruptNodePointer(XMC_I2C1_CH0,
 768              	 .loc 4 187 0
 769 0038 2848     	 ldr r0,.L31
 770 003a 1021     	 movs r1,#16
 771 003c 0122     	 movs r2,#1
 772 003e FFF7FEFF 	 bl XMC_USIC_CH_TXFIFO_SetInterruptNodePointer
 188:../Dave/Generated/I2C_MASTER/i2c_master_conf.c ****                                                XMC_USIC_CH_TXFIFO_INTERRUPT_NODE_POINTER_STANDARD,
 189:../Dave/Generated/I2C_MASTER/i2c_master_conf.c ****                                              ((uint32_t)1));
 190:../Dave/Generated/I2C_MASTER/i2c_master_conf.c ****   XMC_USIC_CH_TXFIFO_EnableEvent(XMC_I2C1_CH0, tx_fifo_events);
 773              	 .loc 4 190 0
 774 0042 2648     	 ldr r0,.L31
 775 0044 7968     	 ldr r1,[r7,#4]
 776 0046 FFF7FEFF 	 bl XMC_USIC_CH_TXFIFO_EnableEvent
 191:../Dave/Generated/I2C_MASTER/i2c_master_conf.c ****   /* configure i2c rx fifo */
 192:../Dave/Generated/I2C_MASTER/i2c_master_conf.c ****   XMC_USIC_CH_RXFIFO_Configure(XMC_I2C1_CH0,
 777              	 .loc 4 192 0
 778 004a 2448     	 ldr r0,.L31
 779 004c 0021     	 movs r1,#0
 780 004e 0422     	 movs r2,#4
 781 0050 0F23     	 movs r3,#15
 782 0052 FFF7FEFF 	 bl XMC_USIC_CH_RXFIFO_Configure
 193:../Dave/Generated/I2C_MASTER/i2c_master_conf.c ****                                0,
 194:../Dave/Generated/I2C_MASTER/i2c_master_conf.c ****                                XMC_USIC_CH_FIFO_SIZE_16WORDS,
 195:../Dave/Generated/I2C_MASTER/i2c_master_conf.c ****                                 (uint32_t)(15));
 196:../Dave/Generated/I2C_MASTER/i2c_master_conf.c ****   XMC_USIC_CH_RXFIFO_SetInterruptNodePointer(XMC_I2C1_CH0,
 783              	 .loc 4 196 0
 784 0056 2148     	 ldr r0,.L31
 785 0058 1021     	 movs r1,#16
 786 005a 0022     	 movs r2,#0
 787 005c FFF7FEFF 	 bl XMC_USIC_CH_RXFIFO_SetInterruptNodePointer
 197:../Dave/Generated/I2C_MASTER/i2c_master_conf.c ****                                                XMC_USIC_CH_RXFIFO_INTERRUPT_NODE_POINTER_STANDARD,
 198:../Dave/Generated/I2C_MASTER/i2c_master_conf.c ****                                               ((uint32_t)0x0));
 199:../Dave/Generated/I2C_MASTER/i2c_master_conf.c ****   XMC_USIC_CH_RXFIFO_SetInterruptNodePointer(XMC_I2C1_CH0,
 788              	 .loc 4 199 0
 789 0060 1E48     	 ldr r0,.L31
 790 0062 1321     	 movs r1,#19
 791 0064 0022     	 movs r2,#0
 792 0066 FFF7FEFF 	 bl XMC_USIC_CH_RXFIFO_SetInterruptNodePointer
 200:../Dave/Generated/I2C_MASTER/i2c_master_conf.c ****                                                XMC_USIC_CH_RXFIFO_INTERRUPT_NODE_POINTER_ALTERNATE,
 201:../Dave/Generated/I2C_MASTER/i2c_master_conf.c ****                                               ((uint32_t)0x0));
 202:../Dave/Generated/I2C_MASTER/i2c_master_conf.c ****   XMC_USIC_CH_RXFIFO_EnableEvent(XMC_I2C1_CH0, rx_fifo_events);
 793              	 .loc 4 202 0
 794 006a 1C48     	 ldr r0,.L31
 795 006c 3968     	 ldr r1,[r7]
 796 006e FFF7FEFF 	 bl XMC_USIC_CH_RXFIFO_EnableEvent
 203:../Dave/Generated/I2C_MASTER/i2c_master_conf.c ****   XMC_USIC_CH_SetInterruptNodePointer(XMC_I2C1_CH0,
 797              	 .loc 4 203 0
 798 0072 1A48     	 ldr r0,.L31
 799 0074 1021     	 movs r1,#16
 800 0076 0222     	 movs r2,#2
 801 0078 FFF7FEFF 	 bl XMC_USIC_CH_SetInterruptNodePointer
 204:../Dave/Generated/I2C_MASTER/i2c_master_conf.c ****                                       XMC_USIC_CH_INTERRUPT_NODE_POINTER_PROTOCOL,
 205:../Dave/Generated/I2C_MASTER/i2c_master_conf.c ****                                        ((uint32_t)2));
 206:../Dave/Generated/I2C_MASTER/i2c_master_conf.c ****   XMC_I2C_CH_Start(XMC_I2C1_CH0);
 802              	 .loc 4 206 0
 803 007c 1748     	 ldr r0,.L31
 804 007e FFF7FEFF 	 bl XMC_I2C_CH_Start
 207:../Dave/Generated/I2C_MASTER/i2c_master_conf.c **** 
 208:../Dave/Generated/I2C_MASTER/i2c_master_conf.c ****   XMC_GPIO_Init((XMC_GPIO_PORT_t *)PORT2_BASE, (uint8_t)14, &I2C_BUS_sda_pin_config);
 805              	 .loc 4 208 0
 806 0082 1848     	 ldr r0,.L31+8
 807 0084 0E21     	 movs r1,#14
 808 0086 184A     	 ldr r2,.L31+12
 809 0088 FFF7FEFF 	 bl XMC_GPIO_Init
 209:../Dave/Generated/I2C_MASTER/i2c_master_conf.c ****   XMC_GPIO_Init((XMC_GPIO_PORT_t *)PORT0_BASE, (uint8_t)11, &I2C_BUS_scl_pin_config);
 810              	 .loc 4 209 0
 811 008c 1748     	 ldr r0,.L31+16
 812 008e 0B21     	 movs r1,#11
 813 0090 174A     	 ldr r2,.L31+20
 814 0092 FFF7FEFF 	 bl XMC_GPIO_Init
 210:../Dave/Generated/I2C_MASTER/i2c_master_conf.c **** /* Tx interrupt priority settings */
 211:../Dave/Generated/I2C_MASTER/i2c_master_conf.c ****   NVIC_SetPriority((IRQn_Type)91, NVIC_EncodePriority(NVIC_GetPriorityGrouping(),63,0));
 815              	 .loc 4 211 0
 816 0096 FFF7FEFF 	 bl __NVIC_GetPriorityGrouping
 817 009a 0346     	 mov r3,r0
 818 009c 1846     	 mov r0,r3
 819 009e 3F21     	 movs r1,#63
 820 00a0 0022     	 movs r2,#0
 821 00a2 FFF7FEFF 	 bl NVIC_EncodePriority
 822 00a6 0346     	 mov r3,r0
 823 00a8 5B20     	 movs r0,#91
 824 00aa 1946     	 mov r1,r3
 825 00ac FFF7FEFF 	 bl __NVIC_SetPriority
 212:../Dave/Generated/I2C_MASTER/i2c_master_conf.c ****   NVIC_EnableIRQ((IRQn_Type)91);/* Rx interrupt priority settings */
 826              	 .loc 4 212 0
 827 00b0 5B20     	 movs r0,#91
 828 00b2 FFF7FEFF 	 bl __NVIC_EnableIRQ
 213:../Dave/Generated/I2C_MASTER/i2c_master_conf.c ****   NVIC_SetPriority((IRQn_Type)90, NVIC_EncodePriority(NVIC_GetPriorityGrouping(),63,0));
 829              	 .loc 4 213 0
 830 00b6 FFF7FEFF 	 bl __NVIC_GetPriorityGrouping
 831 00ba 0346     	 mov r3,r0
 832 00bc 1846     	 mov r0,r3
 833 00be 3F21     	 movs r1,#63
 834 00c0 0022     	 movs r2,#0
 835 00c2 FFF7FEFF 	 bl NVIC_EncodePriority
 836 00c6 0346     	 mov r3,r0
 837 00c8 5A20     	 movs r0,#90
 838 00ca 1946     	 mov r1,r3
 839 00cc FFF7FEFF 	 bl __NVIC_SetPriority
 214:../Dave/Generated/I2C_MASTER/i2c_master_conf.c ****   NVIC_EnableIRQ((IRQn_Type)90);}
 840              	 .loc 4 214 0
 841 00d0 5A20     	 movs r0,#90
 842 00d2 FFF7FEFF 	 bl __NVIC_EnableIRQ
 843 00d6 0837     	 adds r7,r7,#8
 844              	.LCFI63:
 845              	 .cfi_def_cfa_offset 8
 846 00d8 BD46     	 mov sp,r7
 847              	.LCFI64:
 848              	 .cfi_def_cfa_register 13
 849              	 
 850 00da 80BD     	 pop {r7,pc}
 851              	.L32:
 852              	 .align 2
 853              	.L31:
 854 00dc 00000248 	 .word 1208090624
 855 00e0 00000000 	 .word I2C_BUS_channel_config
 856 00e4 00820248 	 .word 1208123904
 857 00e8 00000000 	 .word I2C_BUS_sda_pin_config
 858 00ec 00800248 	 .word 1208123392
 859 00f0 00000000 	 .word I2C_BUS_scl_pin_config
 860              	 .cfi_endproc
 861              	.LFE252:
 863              	 .section .text.USIC1_1_IRQHandler,"ax",%progbits
 864              	 .align 2
 865              	 .global USIC1_1_IRQHandler
 866              	 .thumb
 867              	 .thumb_func
 869              	USIC1_1_IRQHandler:
 870              	.LFB253:
 215:../Dave/Generated/I2C_MASTER/i2c_master_conf.c **** /*Transmit ISR*/
 216:../Dave/Generated/I2C_MASTER/i2c_master_conf.c **** void I2C_BUS_TX_HANDLER()
 217:../Dave/Generated/I2C_MASTER/i2c_master_conf.c **** {
 871              	 .loc 4 217 0
 872              	 .cfi_startproc
 873              	 
 874              	 
 875 0000 80B5     	 push {r7,lr}
 876              	.LCFI65:
 877              	 .cfi_def_cfa_offset 8
 878              	 .cfi_offset 7,-8
 879              	 .cfi_offset 14,-4
 880 0002 00AF     	 add r7,sp,#0
 881              	.LCFI66:
 882              	 .cfi_def_cfa_register 7
 218:../Dave/Generated/I2C_MASTER/i2c_master_conf.c ****   I2C_MASTER_TransmitHandler(&I2C_BUS);
 883              	 .loc 4 218 0
 884 0004 0148     	 ldr r0,.L34
 885 0006 FFF7FEFF 	 bl I2C_MASTER_TransmitHandler
 219:../Dave/Generated/I2C_MASTER/i2c_master_conf.c **** }
 886              	 .loc 4 219 0
 887 000a 80BD     	 pop {r7,pc}
 888              	.L35:
 889              	 .align 2
 890              	.L34:
 891 000c 00000000 	 .word I2C_BUS
 892              	 .cfi_endproc
 893              	.LFE253:
 895              	 .section .text.USIC1_0_IRQHandler,"ax",%progbits
 896              	 .align 2
 897              	 .global USIC1_0_IRQHandler
 898              	 .thumb
 899              	 .thumb_func
 901              	USIC1_0_IRQHandler:
 902              	.LFB254:
 220:../Dave/Generated/I2C_MASTER/i2c_master_conf.c **** /*Receive ISR*/
 221:../Dave/Generated/I2C_MASTER/i2c_master_conf.c **** void I2C_BUS_RX_HANDLER()
 222:../Dave/Generated/I2C_MASTER/i2c_master_conf.c **** {
 903              	 .loc 4 222 0
 904              	 .cfi_startproc
 905              	 
 906              	 
 907 0000 80B5     	 push {r7,lr}
 908              	.LCFI67:
 909              	 .cfi_def_cfa_offset 8
 910              	 .cfi_offset 7,-8
 911              	 .cfi_offset 14,-4
 912 0002 00AF     	 add r7,sp,#0
 913              	.LCFI68:
 914              	 .cfi_def_cfa_register 7
 223:../Dave/Generated/I2C_MASTER/i2c_master_conf.c ****   I2C_MASTER_ReceiveHandler(&I2C_BUS);
 915              	 .loc 4 223 0
 916 0004 0148     	 ldr r0,.L37
 917 0006 FFF7FEFF 	 bl I2C_MASTER_ReceiveHandler
 224:../Dave/Generated/I2C_MASTER/i2c_master_conf.c **** }
 918              	 .loc 4 224 0
 919 000a 80BD     	 pop {r7,pc}
 920              	.L38:
 921              	 .align 2
 922              	.L37:
 923 000c 00000000 	 .word I2C_BUS
 924              	 .cfi_endproc
 925              	.LFE254:
 927              	 .text
 928              	.Letext0:
 929              	 .file 5 "d:\\programy\\4.5.0.202105191637\\eclipse\\arm-gcc-49\\arm-none-eabi\\include\\machine\\_default_types.h"
 930              	 .file 6 "d:\\programy\\4.5.0.202105191637\\eclipse\\arm-gcc-49\\arm-none-eabi\\include\\stdint.h"
 931              	 .file 7 "D:/Projekty/TrinityTrack6000/MainControlBoard/XMC/XMC4200/Libraries/CMSIS/Infineon/XMC4200_series/Include/XMC4200.h"
 932              	 .file 8 "D:/Projekty/TrinityTrack6000/MainControlBoard/XMC/XMC4200/Libraries/XMCLib/inc/xmc_gpio.h"
 933              	 .file 9 "D:/Projekty/TrinityTrack6000/MainControlBoard/XMC/XMC4200/Libraries/XMCLib/inc/xmc4_gpio.h"
 934              	 .file 10 "../Dave/Generated/I2C_MASTER/i2c_master.h"
 935              	 .file 11 "D:/Projekty/TrinityTrack6000/MainControlBoard/XMC/XMC4200/Libraries/CMSIS/Include/cmsis_gcc.h"
DEFINED SYMBOLS
                            *ABS*:00000000 i2c_master_conf.c
    {standard input}:20     .text.__NVIC_GetPriorityGrouping:00000000 $t
    {standard input}:24     .text.__NVIC_GetPriorityGrouping:00000000 __NVIC_GetPriorityGrouping
    {standard input}:58     .text.__NVIC_GetPriorityGrouping:00000018 $d
    {standard input}:63     .text.__NVIC_EnableIRQ:00000000 $t
    {standard input}:67     .text.__NVIC_EnableIRQ:00000000 __NVIC_EnableIRQ
    {standard input}:118    .text.__NVIC_EnableIRQ:00000034 $d
    {standard input}:123    .text.__NVIC_SetPriority:00000000 $t
    {standard input}:127    .text.__NVIC_SetPriority:00000000 __NVIC_SetPriority
    {standard input}:190    .text.__NVIC_SetPriority:0000004c $d
    {standard input}:196    .text.NVIC_EncodePriority:00000000 $t
    {standard input}:200    .text.NVIC_EncodePriority:00000000 NVIC_EncodePriority
    {standard input}:282    .text.XMC_USIC_CH_SetInputSource:00000000 $t
    {standard input}:286    .text.XMC_USIC_CH_SetInputSource:00000000 XMC_USIC_CH_SetInputSource
    {standard input}:344    .text.XMC_USIC_CH_TXFIFO_EnableEvent:00000000 $t
    {standard input}:348    .text.XMC_USIC_CH_TXFIFO_EnableEvent:00000000 XMC_USIC_CH_TXFIFO_EnableEvent
    {standard input}:391    .text.XMC_USIC_CH_RXFIFO_EnableEvent:00000000 $t
    {standard input}:395    .text.XMC_USIC_CH_RXFIFO_EnableEvent:00000000 XMC_USIC_CH_RXFIFO_EnableEvent
    {standard input}:438    .text.XMC_USIC_CH_SetMode:00000000 $t
    {standard input}:442    .text.XMC_USIC_CH_SetMode:00000000 XMC_USIC_CH_SetMode
    {standard input}:487    .text.XMC_I2C_CH_Init:00000000 $t
    {standard input}:491    .text.XMC_I2C_CH_Init:00000000 XMC_I2C_CH_Init
    {standard input}:529    .text.XMC_I2C_CH_Start:00000000 $t
    {standard input}:533    .text.XMC_I2C_CH_Start:00000000 XMC_I2C_CH_Start
    {standard input}:568    .rodata.I2C_BUS_sda_pin_config:00000000 $d
    {standard input}:571    .rodata.I2C_BUS_sda_pin_config:00000000 I2C_BUS_sda_pin_config
    {standard input}:577    .rodata.I2C_BUS_scl_pin_config:00000000 $d
    {standard input}:580    .rodata.I2C_BUS_scl_pin_config:00000000 I2C_BUS_scl_pin_config
    {standard input}:590    .rodata.I2C_BUS_channel_config:00000000 I2C_BUS_channel_config
    {standard input}:587    .rodata.I2C_BUS_channel_config:00000000 $d
    {standard input}:595    .text.I2C_BUS_disable_io:00000000 $t
    {standard input}:599    .text.I2C_BUS_disable_io:00000000 I2C_BUS_disable_io
    {standard input}:629    .text.I2C_BUS_disable_io:0000001c $d
    {standard input}:635    .text.I2C_BUS_enable_io:00000000 $t
    {standard input}:639    .text.I2C_BUS_enable_io:00000000 I2C_BUS_enable_io
    {standard input}:670    .text.I2C_BUS_enable_io:00000020 $d
    {standard input}:680    .rodata.I2C_BUS_config:00000000 I2C_BUS_config
    {standard input}:677    .rodata.I2C_BUS_config:00000000 $d
    {standard input}:725    .text.I2C_BUS_init:00000000 I2C_BUS_init
    {standard input}:702    .data.I2C_BUS_runtime:00000000 I2C_BUS_runtime
    {standard input}:699    .data.I2C_BUS_runtime:00000000 $d
    {standard input}:715    .data.I2C_BUS:00000000 I2C_BUS
    {standard input}:712    .data.I2C_BUS:00000000 $d
    {standard input}:720    .text.I2C_BUS_init:00000000 $t
    {standard input}:854    .text.I2C_BUS_init:000000dc $d
    {standard input}:864    .text.USIC1_1_IRQHandler:00000000 $t
    {standard input}:869    .text.USIC1_1_IRQHandler:00000000 USIC1_1_IRQHandler
    {standard input}:891    .text.USIC1_1_IRQHandler:0000000c $d
    {standard input}:896    .text.USIC1_0_IRQHandler:00000000 $t
    {standard input}:901    .text.USIC1_0_IRQHandler:00000000 USIC1_0_IRQHandler
    {standard input}:923    .text.USIC1_0_IRQHandler:0000000c $d
                     .debug_frame:00000010 $d

UNDEFINED SYMBOLS
XMC_I2C_CH_InitEx
XMC_GPIO_SetMode
XMC_USIC_CH_TXFIFO_Configure
XMC_USIC_CH_TXFIFO_SetInterruptNodePointer
XMC_USIC_CH_RXFIFO_Configure
XMC_USIC_CH_RXFIFO_SetInterruptNodePointer
XMC_USIC_CH_SetInterruptNodePointer
XMC_GPIO_Init
I2C_MASTER_TransmitHandler
I2C_MASTER_ReceiveHandler
