Jul 07, 2026 11:39:19 PM java.util.logging.LogManager$RootLogger log
INFO: Start of solver :getFeasiblePins() : Tue Jul 07 23:39:19 CEST 2026


Jul 07, 2026 11:39:19 PM java.util.logging.LogManager$RootLogger log
INFO: 
timeout(ask_feasible_mapping([reserved([cpu,0,exception,nmi],'cpu_ctrl_xmc4$01637679009$0'),
reserved([cpu,0,exception,hardfault],'cpu_ctrl_xmc4$0571328980$0'),
reserved([cpu,0,exception,memmanage],'cpu_ctrl_xmc4$1768468879$0'),
reserved([cpu,0,exception,busfault],'cpu_ctrl_xmc4$1763234541$0'),
reserved([cpu,0,exception,usagefault],'cpu_ctrl_xmc4$1814460844$0'),
reserved([cpu,0,debug],'cpu_ctrl_xmc4$1964564605$0'),
reserved([debug_port,_,pad,_],'cpu_ctrl_xmc4$01540614004$0'),
reserved([debug_port,_,pad,_],'cpu_ctrl_xmc4$01540614322$0'),
reserved([p,_,pad,_],'cpu_ctrl_xmc4$1445176365$0'),
reserved([p,_,pad,_],'cpu_ctrl_xmc4$1540657681$0'),
reserved([p,_,pad,_],'cpu_ctrl_xmc4$1540657682$0'),
reserved([p,_,pad,_],'cpu_ctrl_xmc4$1540657683$0'),
reserved([p,_,pad,_],'cpu_ctrl_xmc4$1540657684$0'),
reserved([devicepackage,0,_],'cpu_ctrl_xmc4$39943779$0'),
reserved([devicepackage,0,_],'cpu_ctrl_xmc4$0268126521$0'),
reserved([devicepackage,0,_],'cpu_ctrl_xmc4$0268126520$0'),
reserved([devicepackage,0,_],'cpu_ctrl_xmc4$0268126519$0'),
reserved([devicepackage,0,_],'cpu_ctrl_xmc4$0268126518$0'),
reserved([ccu8,GLOBAL_CCU80sv0,global],'global_ccu8$1465655520$0'),
reserved([scu,_,gcu,ccu8_global_enable,GLOBAL_CCU80sv0],'global_ccu8$1118816002$0'),
reserved([scu,0,clkctrl,0,pll],'clock_xmc4$01551378862$0'),
reserved([scu,0,clkctrl,0,sys],'clock_xmc4$01551375569$0'),
reserved([scu,0,clkctrl,0,cpu],'clock_xmc4$01551391222$0'),
reserved([scu,0,clkctrl,0,perbridge],'clock_xmc4$494804424$0'),
reserved([scu,0,clkctrl,0,ebu],'clock_xmc4$01551389734$0'),
reserved([scu,0,clkctrl,0,ccu],'clock_xmc4$01551391625$0'),
reserved([scu,0,clkctrl,0,wdt],'clock_xmc4$01551372375$0'),
reserved([scu,0,clkctrl,0,usb],'clock_xmc4$01551373850$0'),
reserved([scu,0,clkctrl,0,sdmmc],'clock_xmc4$01551381723$0'),
reserved([scu,0,pwrctrl,0,hibernate],'clock_xmc4$0778278092$0'),
reserved([scu,0,rtcclksel],'clock_xmc4$1142722683$0'),
reserved([scu,0,trap,0,sysoscwd],'clock_xmc4$1091210735$0'),
reserved([scu,0,trap,0,sysvcolock],'clock_xmc4$1586947406$0'),
reserved([scu,0,trap,0,usbvcolock],'clock_xmc4$0261647995$0'),
reserved([scu,0,trap,0,ulpwdg],'clock_xmc4$01047137491$0'),
reserved([ccu8,_,cc8,_],'pwm_ccu8$01113979708$0'),
reserved([ccu8,_,cc8,_],'pwm_ccu8$1142931299$1'),
reserved([ccu8,_,cc8,_],'pwm_ccu8$0895124990$2'),
reserved([ccu8,_,cc8,_],'pwm_ccu8$1361786017$3'),
reserved([ccu8,GLOBAL_CCU81sv0,global],'global_ccu8$1476971647$1'),
reserved([scu,_,gcu,ccu8_global_enable,GLOBAL_CCU81sv0],'global_ccu8$0581924477$1'),
reserved([ccu8,_,cc8,_],'pwm_ccu8$0676270272$4'),
reserved([ccu8,_,cc8,_],'pwm_ccu8$1580640735$5'),
reserved([ccu8,_,cc8,_],'pwm_ccu8$0457415554$6'),
reserved([ccu8,_,cc8,_],'pwm_ccu8$1799495453$7'),
reserved([usic,_,channel,_],'uart$02118624699$0'),
reserved([p,_,pad,_],'uart$01053640812$0'),
reserved([p,_,pad,_],'uart$01053640750$0'),
reserved([cpu,0,nvic,interrupt,_],'uart$01148723541$0'),
reserved([cpu,0,nvic,interrupt,_],'uart$01148723603$0'),
reserved([devicepackage,0,_],'uart$0164365666$0'),
reserved([devicepackage,0,_],'uart$0164365604$0'),
reserved([usic,_,channel,_],'spi_slave$01366864342$0'),
reserved([p,_,pad,_],'spi_slave$01333033692$0'),
reserved([p,_,pad,_],'spi_slave$1145447222$0'),
reserved([p,_,pad,_],'spi_slave$0403454326$0'),
reserved([p,_,pad,_],'spi_slave$125532735$0'),
reserved([cpu,0,nvic,interrupt,_],'spi_slave$01881239066$0'),
reserved([cpu,0,nvic,interrupt,_],'spi_slave$01881239128$0'),
reserved([devicepackage,0,_],'spi_slave$1438010906$0'),
reserved([devicepackage,0,_],'spi_slave$912294912$0'),
reserved([devicepackage,0,_],'spi_slave$1074287872$0'),
reserved([devicepackage,0,_],'spi_slave$01073724151$0'),
reserved([ccu4,GLOBAL_CCU40sv0,global],'global_ccu4$01760137752$0'),
reserved([scu,_,gcu,ccu4_global_enable,GLOBAL_CCU40sv0],'global_ccu4$89752826$0'),
reserved([posif,_,posif,global],'global_posif$096723225$0'),
reserved([p,_,pad,_],'encoder_posif$01718583280$0'),
reserved([p,_,pad,_],'encoder_posif$01718583279$0'),
reserved([p,_,pad,_],'encoder_posif$0122803319$0'),
reserved([posif,_,posif,hsc_qd],'encoder_posif$0809707646$0'),
reserved([ccu4,_,cc4,_],'encoder_posif$1605311925$0'),
reserved([ccu4,_,cc4,_],'encoder_posif$1605311927$0'),
reserved([ccu4,_,cc4,_],'encoder_posif$1605311928$0'),
reserved([devicepackage,0,_],'encoder_posif$01508859622$0'),
reserved([devicepackage,0,_],'encoder_posif$01508859621$0'),
reserved([devicepackage,0,_],'encoder_posif$01512731969$0'),
reserved([ccu4,GLOBAL_CCU41sv0,global],'global_ccu4$01748821625$1'),
reserved([scu,_,gcu,ccu4_global_enable,GLOBAL_CCU41sv0],'global_ccu4$01610987653$1'),
reserved([p,_,pad,_],'encoder_posif$1579311663$1'),
reserved([p,_,pad,_],'encoder_posif$1579311664$1'),
reserved([p,_,pad,_],'encoder_posif$227996618$1'),
reserved([posif,_,posif,hsc_qd],'encoder_posif$1447203361$1'),
reserved([ccu4,_,cc4,_],'encoder_posif$760840054$1'),
reserved([ccu4,_,cc4,_],'encoder_posif$760840056$1'),
reserved([ccu4,_,cc4,_],'encoder_posif$760840057$1'),
reserved([devicepackage,0,_],'encoder_posif$01575866375$1'),
reserved([devicepackage,0,_],'encoder_posif$01575866374$1'),
reserved([devicepackage,0,_],'encoder_posif$01182966208$1'),
reserved([vadc,_,global_limits],'global_adc$01890798523$0'),
reserved([vadc,_,global],'global_adc$1790945385$0'),
reserved([vadc,_,group,0,config],'global_adc$1796505175$0'),
reserved([vadc,_,group,1,config],'global_adc$1796505176$0'),
reserved([vadc,_,group,2,config],'global_adc$1796505177$0'),
reserved([vadc,_,group,3,config],'global_adc$1796505178$0'),
reserved([vadc,0,group,_,ch,ADC_MEASUREMENT_ADV0sv0],'adc_measurement_adv$1424598793$0'),
reserved([vadc,0,group,_,ch,ADC_MEASUREMENT_ADV0sv4],'adc_measurement_adv$1424598797$0'),
reserved([vadc,0,group,_,ch,ADC_MEASUREMENT_ADV0sv8],'adc_measurement_adv$1424598801$0'),
reserved([vadc,0,group,_,ch,ADC_MEASUREMENT_ADV0sv12],'adc_measurement_adv$1212889704$0'),
reserved([vadc,0,group,_,ch,ADC_MEASUREMENT_ADV0sv16],'adc_measurement_adv$1212889708$0'),
reserved([vadc,0,group,ADC_MEASUREMENT_ADV0sv20,ADC_MEASUREMENT_ADV0sv21,ADC_MEASUREMENT_ADV0sv22],'adc_measurement_adv$0461604565$0'),
reserved([vadc,0,group,ADC_MEASUREMENT_ADV0sv23,ADC_MEASUREMENT_ADV0sv24,ADC_MEASUREMENT_ADV0sv25],'adc_measurement_adv$0461604564$0'),
reserved([vadc,0,group,ADC_MEASUREMENT_ADV0sv26,ADC_MEASUREMENT_ADV0sv27,ADC_MEASUREMENT_ADV0sv28],'adc_measurement_adv$0461604563$0'),
reserved([vadc,0,group,ADC_MEASUREMENT_ADV0sv29,ADC_MEASUREMENT_ADV0sv30,ADC_MEASUREMENT_ADV0sv31],'adc_measurement_adv$0461604562$0'),
reserved([vadc,0,group,ADC_MEASUREMENT_ADV0sv32,ADC_MEASUREMENT_ADV0sv33,ADC_MEASUREMENT_ADV0sv34],'adc_measurement_adv$0461604561$0'),
reserved([vadc,_,group,_,scan],'adc_measurement_adv$431302940$0'),
reserved([vadc,_,group,_,class,_],'adc_measurement_adv$248008525$0'),
reserved([p,ANALOG_IO0sv0,pad,_],'analog_io$0459569530$0'),
reserved([devicepackage,0,_],'analog_io$01694626416$0'),
reserved([p,ANALOG_IO1sv0,pad,_],'analog_io$0970103707$1'),
reserved([devicepackage,0,_],'analog_io$562284591$1'),
reserved([p,ANALOG_IO2sv0,pad,_],'analog_io$01480637884$2'),
reserved([devicepackage,0,_],'analog_io$01475771698$2'),
reserved([p,ANALOG_IO3sv0,pad,_],'analog_io$01991172061$3'),
reserved([devicepackage,0,_],'analog_io$781139309$3'),
reserved([p,ANALOG_IO4sv0,pad,_],'analog_io$1793261058$4'),
reserved([devicepackage,0,_],'analog_io$01256916980$4'),
reserved([vadc,0,group,_,ch,ADC_MEASUREMENT_ADV1sv0],'adc_measurement_adv$0276141686$1'),
reserved([vadc,0,group,_,ch,ADC_MEASUREMENT_ADV1sv4],'adc_measurement_adv$0276141682$1'),
reserved([vadc,0,group,_,ch,ADC_MEASUREMENT_ADV1sv8],'adc_measurement_adv$0276141678$1'),
reserved([vadc,0,group,_,ch,ADC_MEASUREMENT_ADV1sv12],'adc_measurement_adv$29542407$1'),
reserved([vadc,0,group,_,ch,ADC_MEASUREMENT_ADV1sv16],'adc_measurement_adv$29542411$1'),
reserved([vadc,0,group,_,ch,ADC_MEASUREMENT_ADV1sv17],'adc_measurement_adv$29542412$1'),
reserved([vadc,0,group,_,ch,ADC_MEASUREMENT_ADV1sv18],'adc_measurement_adv$29542413$1'),
reserved([vadc,0,group,ADC_MEASUREMENT_ADV1sv20,ADC_MEASUREMENT_ADV1sv21,ADC_MEASUREMENT_ADV1sv22],'adc_measurement_adv$1509334892$1'),
reserved([vadc,0,group,ADC_MEASUREMENT_ADV1sv23,ADC_MEASUREMENT_ADV1sv24,ADC_MEASUREMENT_ADV1sv25],'adc_measurement_adv$1509334893$1'),
reserved([vadc,0,group,ADC_MEASUREMENT_ADV1sv26,ADC_MEASUREMENT_ADV1sv27,ADC_MEASUREMENT_ADV1sv28],'adc_measurement_adv$1509334894$1'),
reserved([vadc,0,group,ADC_MEASUREMENT_ADV1sv29,ADC_MEASUREMENT_ADV1sv30,ADC_MEASUREMENT_ADV1sv31],'adc_measurement_adv$1509334895$1'),
reserved([vadc,0,group,ADC_MEASUREMENT_ADV1sv32,ADC_MEASUREMENT_ADV1sv33,ADC_MEASUREMENT_ADV1sv34],'adc_measurement_adv$1509334896$1'),
reserved([vadc,0,group,ADC_MEASUREMENT_ADV1sv35,ADC_MEASUREMENT_ADV1sv36,ADC_MEASUREMENT_ADV1sv37],'adc_measurement_adv$1509334897$1'),
reserved([vadc,0,group,ADC_MEASUREMENT_ADV1sv38,ADC_MEASUREMENT_ADV1sv39,ADC_MEASUREMENT_ADV1sv40],'adc_measurement_adv$1509334898$1'),
reserved([vadc,_,group,_,scan],'adc_measurement_adv$1784612637$1'),
reserved([vadc,_,group,_,class,_],'adc_measurement_adv$1492773006$1'),
reserved([p,ANALOG_IO5sv0,pad,_],'analog_io$1282726881$5'),
reserved([devicepackage,0,_],'analog_io$999994027$5'),
reserved([p,ANALOG_IO6sv0,pad,_],'analog_io$772192704$6'),
reserved([devicepackage,0,_],'analog_io$01038062262$6'),
reserved([p,ANALOG_IO7sv0,pad,_],'analog_io$261658527$7'),
reserved([devicepackage,0,_],'analog_io$1218848745$7'),
reserved([p,ANALOG_IO8sv0,pad,_],'analog_io$0248875650$8'),
reserved([devicepackage,0,_],'analog_io$0819207544$8'),
reserved([p,ANALOG_IO9sv0,pad,_],'analog_io$0759409827$9'),
reserved([devicepackage,0,_],'analog_io$1437703463$9'),
reserved([p,ANALOG_IO10sv0,pad,_],'analog_io$01889477709$10'),
reserved([devicepackage,0,_],'analog_io$472386813$10'),
reserved([p,ANALOG_IO11sv0,pad,_],'analog_io$1894955410$11'),
reserved([devicepackage,0,_],'analog_io$01565669476$11'),
reserved([p,DIGITAL_IO1sv0,pad,_],'digital_io$01893669597$1'),
reserved([devicepackage,0,_],'digital_io$02001255827$1'),
reserved([p,DIGITAL_IO2sv0,pad,_],'digital_io$1890763522$2'),
reserved([devicepackage,0,_],'digital_io$255655180$2'),
reserved([p,DIGITAL_IO3sv0,pad,_],'digital_io$1380229345$3'),
reserved([devicepackage,0,_],'digital_io$01782401109$3'),
reserved([p,DIGITAL_IO4sv0,pad,_],'digital_io$869695168$4'),
reserved([devicepackage,0,_],'digital_io$474509898$4'),
reserved([p,DIGITAL_IO5sv0,pad,_],'digital_io$359160991$5'),
reserved([devicepackage,0,_],'digital_io$01563546391$5'),
reserved([p,DIGITAL_IO6sv0,pad,_],'digital_io$0151373186$6'),
reserved([devicepackage,0,_],'digital_io$693364616$6'),
reserved([p,DIGITAL_IO7sv0,pad,_],'digital_io$0661907363$7'),
reserved([devicepackage,0,_],'digital_io$01344691673$7'),
reserved([cpu,0,nvic,interrupt,_],'pin_interrupt$371705443$0'),
reserved([p,_,pad,_],'pin_interrupt$01353729833$0'),
reserved([eru,_,ers_etl,_],'pin_interrupt$504037229$0'),
reserved([eru,_,ogu,_],'pin_interrupt$1919814214$0'),
reserved([scu,_,gcu,interrupt,erunmi,_],'pin_interrupt$01936049730$0'),
reserved([devicepackage,0,_],'pin_interrupt$1126006561$0'),
signal('cpu_ctrl_xmc4$01637679009$0',nmi_in,'cpu_ctrl_xmc4$01637679009$0$nmi_in'),
signal('cpu_ctrl_xmc4$1964564605$0',db_tck,'cpu_ctrl_xmc4$1964564605$0$db_tck'),
signal('cpu_ctrl_xmc4$1964564605$0',db_tms,'cpu_ctrl_xmc4$1964564605$0$db_tms'),
signal('cpu_ctrl_xmc4$1964564605$0',db_etm_traceclk,'cpu_ctrl_xmc4$1964564605$0$db_etm_traceclk'),
signal('cpu_ctrl_xmc4$1964564605$0',db_etm_tracedata0,'cpu_ctrl_xmc4$1964564605$0$db_etm_tracedata0'),
signal('cpu_ctrl_xmc4$1964564605$0',db_etm_tracedata1,'cpu_ctrl_xmc4$1964564605$0$db_etm_tracedata1'),
signal('cpu_ctrl_xmc4$1964564605$0',db_etm_tracedata2,'cpu_ctrl_xmc4$1964564605$0$db_etm_tracedata2'),
signal('cpu_ctrl_xmc4$1964564605$0',db_etm_tracedata3,'cpu_ctrl_xmc4$1964564605$0$db_etm_tracedata3'),
signal('cpu_ctrl_xmc4$1445176365$0',hw_o,'cpu_ctrl_xmc4$1445176365$0$hw_o'),
signal('cpu_ctrl_xmc4$1445176365$0',pad,'cpu_ctrl_xmc4$1445176365$0$pad'),
signal('cpu_ctrl_xmc4$1540657681$0',hw_o,'cpu_ctrl_xmc4$1540657681$0$hw_o'),
signal('cpu_ctrl_xmc4$1540657681$0',pad,'cpu_ctrl_xmc4$1540657681$0$pad'),
signal('cpu_ctrl_xmc4$1540657682$0',hw_o,'cpu_ctrl_xmc4$1540657682$0$hw_o'),
signal('cpu_ctrl_xmc4$1540657682$0',pad,'cpu_ctrl_xmc4$1540657682$0$pad'),
signal('cpu_ctrl_xmc4$1540657683$0',hw_o,'cpu_ctrl_xmc4$1540657683$0$hw_o'),
signal('cpu_ctrl_xmc4$1540657683$0',pad,'cpu_ctrl_xmc4$1540657683$0$pad'),
signal('cpu_ctrl_xmc4$1540657684$0',hw_o,'cpu_ctrl_xmc4$1540657684$0$hw_o'),
signal('cpu_ctrl_xmc4$1540657684$0',pad,'cpu_ctrl_xmc4$1540657684$0$pad'),
signal('cpu_ctrl_xmc4$39943779$0',pin,'cpu_ctrl_xmc4$39943779$0$pin'),
signal('cpu_ctrl_xmc4$0268126521$0',pin,'cpu_ctrl_xmc4$0268126521$0$pin'),
signal('cpu_ctrl_xmc4$0268126520$0',pin,'cpu_ctrl_xmc4$0268126520$0$pin'),
signal('cpu_ctrl_xmc4$0268126519$0',pin,'cpu_ctrl_xmc4$0268126519$0$pin'),
signal('cpu_ctrl_xmc4$0268126518$0',pin,'cpu_ctrl_xmc4$0268126518$0$pin'),
signal('global_ccu8$1465655520$0',global_signal,'global_ccu8$1465655520$0$global_signal'),
signal('global_ccu8$1465655520$0',clk,'global_ccu8$1465655520$0$clk'),
signal('global_ccu8$1118816002$0',gsc_enable,'global_ccu8$1118816002$0$gsc_enable'),
signal('clock_xmc4$494804424$0',fpb,'clock_xmc4$494804424$0$fpb'),
signal('clock_xmc4$01551391625$0',fccu,'clock_xmc4$01551391625$0$fccu'),
signal('pwm_ccu8$01113979708$0',global_signal,'pwm_ccu8$01113979708$0$global_signal'),
signal('pwm_ccu8$01113979708$0',st,'pwm_ccu8$01113979708$0$st'),
signal('pwm_ccu8$01113979708$0',sta,'pwm_ccu8$01113979708$0$sta'),
signal('pwm_ccu8$01113979708$0',stb,'pwm_ccu8$01113979708$0$stb'),
signal('pwm_ccu8$01113979708$0',out0,'pwm_ccu8$01113979708$0$out0'),
signal('pwm_ccu8$01113979708$0',out1,'pwm_ccu8$01113979708$0$out1'),
signal('pwm_ccu8$01113979708$0',out2,'pwm_ccu8$01113979708$0$out2'),
signal('pwm_ccu8$01113979708$0',out3,'pwm_ccu8$01113979708$0$out3'),
signal('pwm_ccu8$01113979708$0',gp0_unsync,'pwm_ccu8$01113979708$0$gp0_unsync'),
signal('pwm_ccu8$01113979708$0',gp1_unsync,'pwm_ccu8$01113979708$0$gp1_unsync'),
signal('pwm_ccu8$01113979708$0',gp2_unsync,'pwm_ccu8$01113979708$0$gp2_unsync'),
signal('pwm_ccu8$01113979708$0',gp0,'pwm_ccu8$01113979708$0$gp0'),
signal('pwm_ccu8$01113979708$0',gp1,'pwm_ccu8$01113979708$0$gp1'),
signal('pwm_ccu8$01113979708$0',gp2,'pwm_ccu8$01113979708$0$gp2'),
signal('pwm_ccu8$01113979708$0',ps,'pwm_ccu8$01113979708$0$ps'),
signal('pwm_ccu8$01113979708$0',mci0,'pwm_ccu8$01113979708$0$mci0'),
signal('pwm_ccu8$01113979708$0',mci1,'pwm_ccu8$01113979708$0$mci1'),
signal('pwm_ccu8$01113979708$0',mci2,'pwm_ccu8$01113979708$0$mci2'),
signal('pwm_ccu8$01113979708$0',mci3,'pwm_ccu8$01113979708$0$mci3'),
signal('pwm_ccu8$01113979708$0',mcss,'pwm_ccu8$01113979708$0$mcss'),
signal('pwm_ccu8$1142931299$1',global_signal,'pwm_ccu8$1142931299$1$global_signal'),
signal('pwm_ccu8$1142931299$1',st,'pwm_ccu8$1142931299$1$st'),
signal('pwm_ccu8$1142931299$1',sta,'pwm_ccu8$1142931299$1$sta'),
signal('pwm_ccu8$1142931299$1',stb,'pwm_ccu8$1142931299$1$stb'),
signal('pwm_ccu8$1142931299$1',out0,'pwm_ccu8$1142931299$1$out0'),
signal('pwm_ccu8$1142931299$1',out1,'pwm_ccu8$1142931299$1$out1'),
signal('pwm_ccu8$1142931299$1',out2,'pwm_ccu8$1142931299$1$out2'),
signal('pwm_ccu8$1142931299$1',out3,'pwm_ccu8$1142931299$1$out3'),
signal('pwm_ccu8$1142931299$1',gp0_unsync,'pwm_ccu8$1142931299$1$gp0_unsync'),
signal('pwm_ccu8$1142931299$1',gp1_unsync,'pwm_ccu8$1142931299$1$gp1_unsync'),
signal('pwm_ccu8$1142931299$1',gp2_unsync,'pwm_ccu8$1142931299$1$gp2_unsync'),
signal('pwm_ccu8$1142931299$1',gp0,'pwm_ccu8$1142931299$1$gp0'),
signal('pwm_ccu8$1142931299$1',gp1,'pwm_ccu8$1142931299$1$gp1'),
signal('pwm_ccu8$1142931299$1',gp2,'pwm_ccu8$1142931299$1$gp2'),
signal('pwm_ccu8$1142931299$1',ps,'pwm_ccu8$1142931299$1$ps'),
signal('pwm_ccu8$1142931299$1',mci0,'pwm_ccu8$1142931299$1$mci0'),
signal('pwm_ccu8$1142931299$1',mci1,'pwm_ccu8$1142931299$1$mci1'),
signal('pwm_ccu8$1142931299$1',mci2,'pwm_ccu8$1142931299$1$mci2'),
signal('pwm_ccu8$1142931299$1',mci3,'pwm_ccu8$1142931299$1$mci3'),
signal('pwm_ccu8$1142931299$1',mcss,'pwm_ccu8$1142931299$1$mcss'),
signal('pwm_ccu8$0895124990$2',global_signal,'pwm_ccu8$0895124990$2$global_signal'),
signal('pwm_ccu8$0895124990$2',st,'pwm_ccu8$0895124990$2$st'),
signal('pwm_ccu8$0895124990$2',sta,'pwm_ccu8$0895124990$2$sta'),
signal('pwm_ccu8$0895124990$2',stb,'pwm_ccu8$0895124990$2$stb'),
signal('pwm_ccu8$0895124990$2',out0,'pwm_ccu8$0895124990$2$out0'),
signal('pwm_ccu8$0895124990$2',out1,'pwm_ccu8$0895124990$2$out1'),
signal('pwm_ccu8$0895124990$2',out2,'pwm_ccu8$0895124990$2$out2'),
signal('pwm_ccu8$0895124990$2',out3,'pwm_ccu8$0895124990$2$out3'),
signal('pwm_ccu8$0895124990$2',gp0_unsync,'pwm_ccu8$0895124990$2$gp0_unsync'),
signal('pwm_ccu8$0895124990$2',gp1_unsync,'pwm_ccu8$0895124990$2$gp1_unsync'),
signal('pwm_ccu8$0895124990$2',gp2_unsync,'pwm_ccu8$0895124990$2$gp2_unsync'),
signal('pwm_ccu8$0895124990$2',gp0,'pwm_ccu8$0895124990$2$gp0'),
signal('pwm_ccu8$0895124990$2',gp1,'pwm_ccu8$0895124990$2$gp1'),
signal('pwm_ccu8$0895124990$2',gp2,'pwm_ccu8$0895124990$2$gp2'),
signal('pwm_ccu8$0895124990$2',ps,'pwm_ccu8$0895124990$2$ps'),
signal('pwm_ccu8$0895124990$2',mci0,'pwm_ccu8$0895124990$2$mci0'),
signal('pwm_ccu8$0895124990$2',mci1,'pwm_ccu8$0895124990$2$mci1'),
signal('pwm_ccu8$0895124990$2',mci2,'pwm_ccu8$0895124990$2$mci2'),
signal('pwm_ccu8$0895124990$2',mci3,'pwm_ccu8$0895124990$2$mci3'),
signal('pwm_ccu8$0895124990$2',mcss,'pwm_ccu8$0895124990$2$mcss'),
signal('pwm_ccu8$1361786017$3',global_signal,'pwm_ccu8$1361786017$3$global_signal'),
signal('pwm_ccu8$1361786017$3',st,'pwm_ccu8$1361786017$3$st'),
signal('pwm_ccu8$1361786017$3',sta,'pwm_ccu8$1361786017$3$sta'),
signal('pwm_ccu8$1361786017$3',stb,'pwm_ccu8$1361786017$3$stb'),
signal('pwm_ccu8$1361786017$3',out0,'pwm_ccu8$1361786017$3$out0'),
signal('pwm_ccu8$1361786017$3',out1,'pwm_ccu8$1361786017$3$out1'),
signal('pwm_ccu8$1361786017$3',out2,'pwm_ccu8$1361786017$3$out2'),
signal('pwm_ccu8$1361786017$3',out3,'pwm_ccu8$1361786017$3$out3'),
signal('pwm_ccu8$1361786017$3',gp0_unsync,'pwm_ccu8$1361786017$3$gp0_unsync'),
signal('pwm_ccu8$1361786017$3',gp1_unsync,'pwm_ccu8$1361786017$3$gp1_unsync'),
signal('pwm_ccu8$1361786017$3',gp2_unsync,'pwm_ccu8$1361786017$3$gp2_unsync'),
signal('pwm_ccu8$1361786017$3',gp0,'pwm_ccu8$1361786017$3$gp0'),
signal('pwm_ccu8$1361786017$3',gp1,'pwm_ccu8$1361786017$3$gp1'),
signal('pwm_ccu8$1361786017$3',gp2,'pwm_ccu8$1361786017$3$gp2'),
signal('pwm_ccu8$1361786017$3',ps,'pwm_ccu8$1361786017$3$ps'),
signal('pwm_ccu8$1361786017$3',mci0,'pwm_ccu8$1361786017$3$mci0'),
signal('pwm_ccu8$1361786017$3',mci1,'pwm_ccu8$1361786017$3$mci1'),
signal('pwm_ccu8$1361786017$3',mci2,'pwm_ccu8$1361786017$3$mci2'),
signal('pwm_ccu8$1361786017$3',mci3,'pwm_ccu8$1361786017$3$mci3'),
signal('pwm_ccu8$1361786017$3',mcss,'pwm_ccu8$1361786017$3$mcss'),
signal('global_ccu8$1476971647$1',global_signal,'global_ccu8$1476971647$1$global_signal'),
signal('global_ccu8$1476971647$1',clk,'global_ccu8$1476971647$1$clk'),
signal('global_ccu8$0581924477$1',gsc_enable,'global_ccu8$0581924477$1$gsc_enable'),
signal('pwm_ccu8$0676270272$4',global_signal,'pwm_ccu8$0676270272$4$global_signal'),
signal('pwm_ccu8$0676270272$4',st,'pwm_ccu8$0676270272$4$st'),
signal('pwm_ccu8$0676270272$4',sta,'pwm_ccu8$0676270272$4$sta'),
signal('pwm_ccu8$0676270272$4',stb,'pwm_ccu8$0676270272$4$stb'),
signal('pwm_ccu8$0676270272$4',out0,'pwm_ccu8$0676270272$4$out0'),
signal('pwm_ccu8$0676270272$4',out1,'pwm_ccu8$0676270272$4$out1'),
signal('pwm_ccu8$0676270272$4',out2,'pwm_ccu8$0676270272$4$out2'),
signal('pwm_ccu8$0676270272$4',out3,'pwm_ccu8$0676270272$4$out3'),
signal('pwm_ccu8$0676270272$4',gp0_unsync,'pwm_ccu8$0676270272$4$gp0_unsync'),
signal('pwm_ccu8$0676270272$4',gp1_unsync,'pwm_ccu8$0676270272$4$gp1_unsync'),
signal('pwm_ccu8$0676270272$4',gp2_unsync,'pwm_ccu8$0676270272$4$gp2_unsync'),
signal('pwm_ccu8$0676270272$4',gp0,'pwm_ccu8$0676270272$4$gp0'),
signal('pwm_ccu8$0676270272$4',gp1,'pwm_ccu8$0676270272$4$gp1'),
signal('pwm_ccu8$0676270272$4',gp2,'pwm_ccu8$0676270272$4$gp2'),
signal('pwm_ccu8$0676270272$4',ps,'pwm_ccu8$0676270272$4$ps'),
signal('pwm_ccu8$0676270272$4',mci0,'pwm_ccu8$0676270272$4$mci0'),
signal('pwm_ccu8$0676270272$4',mci1,'pwm_ccu8$0676270272$4$mci1'),
signal('pwm_ccu8$0676270272$4',mci2,'pwm_ccu8$0676270272$4$mci2'),
signal('pwm_ccu8$0676270272$4',mci3,'pwm_ccu8$0676270272$4$mci3'),
signal('pwm_ccu8$0676270272$4',mcss,'pwm_ccu8$0676270272$4$mcss'),
signal('pwm_ccu8$1580640735$5',global_signal,'pwm_ccu8$1580640735$5$global_signal'),
signal('pwm_ccu8$1580640735$5',st,'pwm_ccu8$1580640735$5$st'),
signal('pwm_ccu8$1580640735$5',sta,'pwm_ccu8$1580640735$5$sta'),
signal('pwm_ccu8$1580640735$5',stb,'pwm_ccu8$1580640735$5$stb'),
signal('pwm_ccu8$1580640735$5',out0,'pwm_ccu8$1580640735$5$out0'),
signal('pwm_ccu8$1580640735$5',out1,'pwm_ccu8$1580640735$5$out1'),
signal('pwm_ccu8$1580640735$5',out2,'pwm_ccu8$1580640735$5$out2'),
signal('pwm_ccu8$1580640735$5',out3,'pwm_ccu8$1580640735$5$out3'),
signal('pwm_ccu8$1580640735$5',gp0_unsync,'pwm_ccu8$1580640735$5$gp0_unsync'),
signal('pwm_ccu8$1580640735$5',gp1_unsync,'pwm_ccu8$1580640735$5$gp1_unsync'),
signal('pwm_ccu8$1580640735$5',gp2_unsync,'pwm_ccu8$1580640735$5$gp2_unsync'),
signal('pwm_ccu8$1580640735$5',gp0,'pwm_ccu8$1580640735$5$gp0'),
signal('pwm_ccu8$1580640735$5',gp1,'pwm_ccu8$1580640735$5$gp1'),
signal('pwm_ccu8$1580640735$5',gp2,'pwm_ccu8$1580640735$5$gp2'),
signal('pwm_ccu8$1580640735$5',ps,'pwm_ccu8$1580640735$5$ps'),
signal('pwm_ccu8$1580640735$5',mci0,'pwm_ccu8$1580640735$5$mci0'),
signal('pwm_ccu8$1580640735$5',mci1,'pwm_ccu8$1580640735$5$mci1'),
signal('pwm_ccu8$1580640735$5',mci2,'pwm_ccu8$1580640735$5$mci2'),
signal('pwm_ccu8$1580640735$5',mci3,'pwm_ccu8$1580640735$5$mci3'),
signal('pwm_ccu8$1580640735$5',mcss,'pwm_ccu8$1580640735$5$mcss'),
signal('pwm_ccu8$0457415554$6',global_signal,'pwm_ccu8$0457415554$6$global_signal'),
signal('pwm_ccu8$0457415554$6',st,'pwm_ccu8$0457415554$6$st'),
signal('pwm_ccu8$0457415554$6',sta,'pwm_ccu8$0457415554$6$sta'),
signal('pwm_ccu8$0457415554$6',stb,'pwm_ccu8$0457415554$6$stb'),
signal('pwm_ccu8$0457415554$6',out0,'pwm_ccu8$0457415554$6$out0'),
signal('pwm_ccu8$0457415554$6',out1,'pwm_ccu8$0457415554$6$out1'),
signal('pwm_ccu8$0457415554$6',out2,'pwm_ccu8$0457415554$6$out2'),
signal('pwm_ccu8$0457415554$6',out3,'pwm_ccu8$0457415554$6$out3'),
signal('pwm_ccu8$0457415554$6',gp0_unsync,'pwm_ccu8$0457415554$6$gp0_unsync'),
signal('pwm_ccu8$0457415554$6',gp1_unsync,'pwm_ccu8$0457415554$6$gp1_unsync'),
signal('pwm_ccu8$0457415554$6',gp2_unsync,'pwm_ccu8$0457415554$6$gp2_unsync'),
signal('pwm_ccu8$0457415554$6',gp0,'pwm_ccu8$0457415554$6$gp0'),
signal('pwm_ccu8$0457415554$6',gp1,'pwm_ccu8$0457415554$6$gp1'),
signal('pwm_ccu8$0457415554$6',gp2,'pwm_ccu8$0457415554$6$gp2'),
signal('pwm_ccu8$0457415554$6',ps,'pwm_ccu8$0457415554$6$ps'),
signal('pwm_ccu8$0457415554$6',mci0,'pwm_ccu8$0457415554$6$mci0'),
signal('pwm_ccu8$0457415554$6',mci1,'pwm_ccu8$0457415554$6$mci1'),
signal('pwm_ccu8$0457415554$6',mci2,'pwm_ccu8$0457415554$6$mci2'),
signal('pwm_ccu8$0457415554$6',mci3,'pwm_ccu8$0457415554$6$mci3'),
signal('pwm_ccu8$0457415554$6',mcss,'pwm_ccu8$0457415554$6$mcss'),
signal('pwm_ccu8$1799495453$7',global_signal,'pwm_ccu8$1799495453$7$global_signal'),
signal('pwm_ccu8$1799495453$7',st,'pwm_ccu8$1799495453$7$st'),
signal('pwm_ccu8$1799495453$7',sta,'pwm_ccu8$1799495453$7$sta'),
signal('pwm_ccu8$1799495453$7',stb,'pwm_ccu8$1799495453$7$stb'),
signal('pwm_ccu8$1799495453$7',out0,'pwm_ccu8$1799495453$7$out0'),
signal('pwm_ccu8$1799495453$7',out1,'pwm_ccu8$1799495453$7$out1'),
signal('pwm_ccu8$1799495453$7',out2,'pwm_ccu8$1799495453$7$out2'),
signal('pwm_ccu8$1799495453$7',out3,'pwm_ccu8$1799495453$7$out3'),
signal('pwm_ccu8$1799495453$7',gp0_unsync,'pwm_ccu8$1799495453$7$gp0_unsync'),
signal('pwm_ccu8$1799495453$7',gp1_unsync,'pwm_ccu8$1799495453$7$gp1_unsync'),
signal('pwm_ccu8$1799495453$7',gp2_unsync,'pwm_ccu8$1799495453$7$gp2_unsync'),
signal('pwm_ccu8$1799495453$7',gp0,'pwm_ccu8$1799495453$7$gp0'),
signal('pwm_ccu8$1799495453$7',gp1,'pwm_ccu8$1799495453$7$gp1'),
signal('pwm_ccu8$1799495453$7',gp2,'pwm_ccu8$1799495453$7$gp2'),
signal('pwm_ccu8$1799495453$7',ps,'pwm_ccu8$1799495453$7$ps'),
signal('pwm_ccu8$1799495453$7',mci0,'pwm_ccu8$1799495453$7$mci0'),
signal('pwm_ccu8$1799495453$7',mci1,'pwm_ccu8$1799495453$7$mci1'),
signal('pwm_ccu8$1799495453$7',mci2,'pwm_ccu8$1799495453$7$mci2'),
signal('pwm_ccu8$1799495453$7',mci3,'pwm_ccu8$1799495453$7$mci3'),
signal('pwm_ccu8$1799495453$7',mcss,'pwm_ccu8$1799495453$7$mcss'),
signal('uart$02118624699$0',dx0ins,'uart$02118624699$0$dx0ins'),
signal('uart$02118624699$0',dx3ins,'uart$02118624699$0$dx3ins'),
signal('uart$02118624699$0',dout0,'uart$02118624699$0$dout0'),
signal('uart$01053640812$0',pad,'uart$01053640812$0$pad'),
signal('uart$01053640750$0',pad,'uart$01053640750$0$pad'),
signal('uart$02118624699$0',protocol_specific_int,'uart$02118624699$0$protocol_specific_int'),
signal('uart$02118624699$0',standard_transmit_buffer_int,'uart$02118624699$0$standard_transmit_buffer_int'),
signal('uart$02118624699$0',standard_receive_buffer_int,'uart$02118624699$0$standard_receive_buffer_int'),
signal('uart$02118624699$0',alternate_receive_buffer_int,'uart$02118624699$0$alternate_receive_buffer_int'),
signal('uart$01148723541$0',signal_in,'uart$01148723541$0$signal_in'),
signal('uart$01148723603$0',signal_in,'uart$01148723603$0$signal_in'),
signal('uart$0164365666$0',pin,'uart$0164365666$0$pin'),
signal('uart$0164365604$0',pin,'uart$0164365604$0$pin'),
signal('spi_slave$01366864342$0',dx0ins,'spi_slave$01366864342$0$dx0ins'),
signal('spi_slave$01366864342$0',dx1ins,'spi_slave$01366864342$0$dx1ins'),
signal('spi_slave$01366864342$0',dx2ins,'spi_slave$01366864342$0$dx2ins'),
signal('spi_slave$01366864342$0',dx3ins,'spi_slave$01366864342$0$dx3ins'),
signal('spi_slave$01366864342$0',dx4ins,'spi_slave$01366864342$0$dx4ins'),
signal('spi_slave$01366864342$0',dx5ins,'spi_slave$01366864342$0$dx5ins'),
signal('spi_slave$01366864342$0',dout0,'spi_slave$01366864342$0$dout0'),
signal('spi_slave$01366864342$0',dout1,'spi_slave$01366864342$0$dout1'),
signal('spi_slave$1145447222$0',pad,'spi_slave$1145447222$0$pad'),
signal('spi_slave$01333033692$0',pad,'spi_slave$01333033692$0$pad'),
signal('spi_slave$0403454326$0',pad,'spi_slave$0403454326$0$pad'),
signal('spi_slave$125532735$0',pad,'spi_slave$125532735$0$pad'),
signal('spi_slave$01366864342$0',protocol_specific_int,'spi_slave$01366864342$0$protocol_specific_int'),
signal('spi_slave$01366864342$0',standard_transmit_buffer_int,'spi_slave$01366864342$0$standard_transmit_buffer_int'),
signal('spi_slave$01366864342$0',standard_receive_buffer_int,'spi_slave$01366864342$0$standard_receive_buffer_int'),
signal('spi_slave$01366864342$0',alternate_receive_buffer_int,'spi_slave$01366864342$0$alternate_receive_buffer_int'),
signal('spi_slave$01881239066$0',signal_in,'spi_slave$01881239066$0$signal_in'),
signal('spi_slave$01881239128$0',signal_in,'spi_slave$01881239128$0$signal_in'),
signal('spi_slave$1438010906$0',pin,'spi_slave$1438010906$0$pin'),
signal('spi_slave$912294912$0',pin,'spi_slave$912294912$0$pin'),
signal('spi_slave$1074287872$0',pin,'spi_slave$1074287872$0$pin'),
signal('spi_slave$01073724151$0',pin,'spi_slave$01073724151$0$pin'),
signal('global_ccu4$01760137752$0',global_signal,'global_ccu4$01760137752$0$global_signal'),
signal('global_ccu4$01760137752$0',clk,'global_ccu4$01760137752$0$clk'),
signal('global_ccu4$89752826$0',gsc_enable,'global_ccu4$89752826$0$gsc_enable'),
signal('global_posif$096723225$0',global_signal,'global_posif$096723225$0$global_signal'),
signal('global_posif$096723225$0',clk,'global_posif$096723225$0$clk'),
signal('encoder_posif$0809707646$0',ipos0,'encoder_posif$0809707646$0$ipos0'),
signal('encoder_posif$0809707646$0',ipos1,'encoder_posif$0809707646$0$ipos1'),
signal('encoder_posif$0809707646$0',erre,'encoder_posif$0809707646$0$erre'),
signal('encoder_posif$0809707646$0',cnte,'encoder_posif$0809707646$0$cnte'),
signal('encoder_posif$0809707646$0',dire,'encoder_posif$0809707646$0$dire'),
signal('encoder_posif$0809707646$0',pcle,'encoder_posif$0809707646$0$pcle'),
signal('encoder_posif$0809707646$0',out0,'encoder_posif$0809707646$0$out0'),
signal('encoder_posif$0809707646$0',out1,'encoder_posif$0809707646$0$out1'),
signal('encoder_posif$0809707646$0',out2,'encoder_posif$0809707646$0$out2'),
signal('encoder_posif$0809707646$0',out5,'encoder_posif$0809707646$0$out5'),
signal('encoder_posif$01718583280$0',pad,'encoder_posif$01718583280$0$pad'),
signal('encoder_posif$01718583279$0',pad,'encoder_posif$01718583279$0$pad'),
signal('encoder_posif$0122803319$0',pad,'encoder_posif$0122803319$0$pad'),
signal('encoder_posif$1605311925$0',global_signal,'encoder_posif$1605311925$0$global_signal'),
signal('encoder_posif$1605311927$0',global_signal,'encoder_posif$1605311927$0$global_signal'),
signal('encoder_posif$1605311928$0',global_signal,'encoder_posif$1605311928$0$global_signal'),
signal('encoder_posif$1605311925$0',gp0_unsync,'encoder_posif$1605311925$0$gp0_unsync'),
signal('encoder_posif$1605311925$0',gp1_unsync,'encoder_posif$1605311925$0$gp1_unsync'),
signal('encoder_posif$1605311925$0',gp2_unsync,'encoder_posif$1605311925$0$gp2_unsync'),
signal('encoder_posif$1605311925$0',st,'encoder_posif$1605311925$0$st'),
signal('encoder_posif$1605311927$0',gp0_unsync,'encoder_posif$1605311927$0$gp0_unsync'),
signal('encoder_posif$1605311927$0',gp1_unsync,'encoder_posif$1605311927$0$gp1_unsync'),
signal('encoder_posif$1605311928$0',gp0_unsync,'encoder_posif$1605311928$0$gp0_unsync'),
signal('encoder_posif$1605311928$0',st,'encoder_posif$1605311928$0$st'),
signal('encoder_posif$01508859622$0',pin,'encoder_posif$01508859622$0$pin'),
signal('encoder_posif$01508859621$0',pin,'encoder_posif$01508859621$0$pin'),
signal('encoder_posif$01512731969$0',pin,'encoder_posif$01512731969$0$pin'),
signal('global_ccu4$01748821625$1',global_signal,'global_ccu4$01748821625$1$global_signal'),
signal('global_ccu4$01748821625$1',clk,'global_ccu4$01748821625$1$clk'),
signal('global_ccu4$01610987653$1',gsc_enable,'global_ccu4$01610987653$1$gsc_enable'),
signal('encoder_posif$1447203361$1',ipos0,'encoder_posif$1447203361$1$ipos0'),
signal('encoder_posif$1447203361$1',ipos1,'encoder_posif$1447203361$1$ipos1'),
signal('encoder_posif$1447203361$1',erre,'encoder_posif$1447203361$1$erre'),
signal('encoder_posif$1447203361$1',cnte,'encoder_posif$1447203361$1$cnte'),
signal('encoder_posif$1447203361$1',dire,'encoder_posif$1447203361$1$dire'),
signal('encoder_posif$1447203361$1',pcle,'encoder_posif$1447203361$1$pcle'),
signal('encoder_posif$1447203361$1',out0,'encoder_posif$1447203361$1$out0'),
signal('encoder_posif$1447203361$1',out1,'encoder_posif$1447203361$1$out1'),
signal('encoder_posif$1447203361$1',out2,'encoder_posif$1447203361$1$out2'),
signal('encoder_posif$1447203361$1',out5,'encoder_posif$1447203361$1$out5'),
signal('encoder_posif$1579311663$1',pad,'encoder_posif$1579311663$1$pad'),
signal('encoder_posif$1579311664$1',pad,'encoder_posif$1579311664$1$pad'),
signal('encoder_posif$227996618$1',pad,'encoder_posif$227996618$1$pad'),
signal('encoder_posif$760840054$1',global_signal,'encoder_posif$760840054$1$global_signal'),
signal('encoder_posif$760840056$1',global_signal,'encoder_posif$760840056$1$global_signal'),
signal('encoder_posif$760840057$1',global_signal,'encoder_posif$760840057$1$global_signal'),
signal('encoder_posif$760840054$1',gp0_unsync,'encoder_posif$760840054$1$gp0_unsync'),
signal('encoder_posif$760840054$1',gp1_unsync,'encoder_posif$760840054$1$gp1_unsync'),
signal('encoder_posif$760840054$1',gp2_unsync,'encoder_posif$760840054$1$gp2_unsync'),
signal('encoder_posif$760840054$1',st,'encoder_posif$760840054$1$st'),
signal('encoder_posif$760840056$1',gp0_unsync,'encoder_posif$760840056$1$gp0_unsync'),
signal('encoder_posif$760840056$1',gp1_unsync,'encoder_posif$760840056$1$gp1_unsync'),
signal('encoder_posif$760840057$1',gp0_unsync,'encoder_posif$760840057$1$gp0_unsync'),
signal('encoder_posif$760840057$1',st,'encoder_posif$760840057$1$st'),
signal('encoder_posif$01575866375$1',pin,'encoder_posif$01575866375$1$pin'),
signal('encoder_posif$01575866374$1',pin,'encoder_posif$01575866374$1$pin'),
signal('encoder_posif$01182966208$1',pin,'encoder_posif$01182966208$1$pin'),
signal('global_adc$1790945385$0',global_signal,'global_adc$1790945385$0$global_signal'),
signal('global_adc$1796505175$0',garbcnt,'global_adc$1796505175$0$garbcnt'),
signal('global_adc$1796505175$0',gsample,'global_adc$1796505175$0$gsample'),
signal('global_adc$1796505175$0',gqueuereq,'global_adc$1796505175$0$gqueuereq'),
signal('global_adc$1796505175$0',gscanreq,'global_adc$1796505175$0$gscanreq'),
signal('global_adc$1796505175$0',gsyncreq,'global_adc$1796505175$0$gsyncreq'),
signal('global_adc$1796505176$0',garbcnt,'global_adc$1796505176$0$garbcnt'),
signal('global_adc$1796505176$0',gsample,'global_adc$1796505176$0$gsample'),
signal('global_adc$1796505176$0',gqueuereq,'global_adc$1796505176$0$gqueuereq'),
signal('global_adc$1796505176$0',gscanreq,'global_adc$1796505176$0$gscanreq'),
signal('global_adc$1796505176$0',gsyncreq,'global_adc$1796505176$0$gsyncreq'),
signal('global_adc$1796505177$0',garbcnt,'global_adc$1796505177$0$garbcnt'),
signal('global_adc$1796505177$0',gsample,'global_adc$1796505177$0$gsample'),
signal('global_adc$1796505177$0',gqueuereq,'global_adc$1796505177$0$gqueuereq'),
signal('global_adc$1796505177$0',gscanreq,'global_adc$1796505177$0$gscanreq'),
signal('global_adc$1796505177$0',gsyncreq,'global_adc$1796505177$0$gsyncreq'),
signal('global_adc$1796505178$0',garbcnt,'global_adc$1796505178$0$garbcnt'),
signal('global_adc$1796505178$0',gsample,'global_adc$1796505178$0$gsample'),
signal('global_adc$1796505178$0',gqueuereq,'global_adc$1796505178$0$gqueuereq'),
signal('global_adc$1796505178$0',gscanreq,'global_adc$1796505178$0$gscanreq'),
signal('global_adc$1796505178$0',gsyncreq,'global_adc$1796505178$0$gsyncreq'),
signal('adc_measurement_adv$248008525$0',ch_class_sel,'adc_measurement_adv$248008525$0$ch_class_sel'),
signal('adc_measurement_adv$248008525$0',scan_class_sel,'adc_measurement_adv$248008525$0$scan_class_sel'),
signal('adc_measurement_adv$431302940$0',class_sel,'adc_measurement_adv$431302940$0$class_sel'),
signal('adc_measurement_adv$431302940$0',select,'adc_measurement_adv$431302940$0$select'),
signal('adc_measurement_adv$431302940$0',req,'adc_measurement_adv$431302940$0$req'),
signal('adc_measurement_adv$431302940$0',global_signal,'adc_measurement_adv$431302940$0$global_signal'),
signal('adc_measurement_adv$431302940$0',greqtr1sel,'adc_measurement_adv$431302940$0$greqtr1sel'),
signal('adc_measurement_adv$431302940$0',greqgt1sel,'adc_measurement_adv$431302940$0$greqgt1sel'),
signal('adc_measurement_adv$431302940$0',sev,'adc_measurement_adv$431302940$0$sev'),
signal('adc_measurement_adv$1424598793$0',gch,'adc_measurement_adv$1424598793$0$gch'),
signal('adc_measurement_adv$1424598797$0',gch,'adc_measurement_adv$1424598797$0$gch'),
signal('adc_measurement_adv$1424598801$0',gch,'adc_measurement_adv$1424598801$0$gch'),
signal('adc_measurement_adv$1212889704$0',gch,'adc_measurement_adv$1212889704$0$gch'),
signal('adc_measurement_adv$1212889708$0',gch,'adc_measurement_adv$1212889708$0$gch'),
signal('adc_measurement_adv$1424598793$0',select,'adc_measurement_adv$1424598793$0$select'),
signal('adc_measurement_adv$1424598797$0',select,'adc_measurement_adv$1424598797$0$select'),
signal('adc_measurement_adv$1424598801$0',select,'adc_measurement_adv$1424598801$0$select'),
signal('adc_measurement_adv$1212889704$0',select,'adc_measurement_adv$1212889704$0$select'),
signal('adc_measurement_adv$1212889708$0',select,'adc_measurement_adv$1212889708$0$select'),
signal('adc_measurement_adv$1424598793$0',iclass_sel,'adc_measurement_adv$1424598793$0$iclass_sel'),
signal('adc_measurement_adv$1424598797$0',iclass_sel,'adc_measurement_adv$1424598797$0$iclass_sel'),
signal('adc_measurement_adv$1424598801$0',iclass_sel,'adc_measurement_adv$1424598801$0$iclass_sel'),
signal('adc_measurement_adv$1212889704$0',iclass_sel,'adc_measurement_adv$1212889704$0$iclass_sel'),
signal('adc_measurement_adv$1212889708$0',iclass_sel,'adc_measurement_adv$1212889708$0$iclass_sel'),
signal('adc_measurement_adv$0461604565$0',res_sel,'adc_measurement_adv$0461604565$0$res_sel'),
signal('adc_measurement_adv$0461604564$0',res_sel,'adc_measurement_adv$0461604564$0$res_sel'),
signal('adc_measurement_adv$0461604563$0',res_sel,'adc_measurement_adv$0461604563$0$res_sel'),
signal('adc_measurement_adv$0461604562$0',res_sel,'adc_measurement_adv$0461604562$0$res_sel'),
signal('adc_measurement_adv$0461604561$0',res_sel,'adc_measurement_adv$0461604561$0$res_sel'),
signal('adc_measurement_adv$1424598793$0',res_sel,'adc_measurement_adv$1424598793$0$res_sel'),
signal('adc_measurement_adv$1424598797$0',res_sel,'adc_measurement_adv$1424598797$0$res_sel'),
signal('adc_measurement_adv$1424598801$0',res_sel,'adc_measurement_adv$1424598801$0$res_sel'),
signal('adc_measurement_adv$1212889704$0',res_sel,'adc_measurement_adv$1212889704$0$res_sel'),
signal('adc_measurement_adv$1212889708$0',res_sel,'adc_measurement_adv$1212889708$0$res_sel'),
signal('adc_measurement_adv$0461604565$0',rev,'adc_measurement_adv$0461604565$0$rev'),
signal('adc_measurement_adv$0461604564$0',rev,'adc_measurement_adv$0461604564$0$rev'),
signal('adc_measurement_adv$0461604563$0',rev,'adc_measurement_adv$0461604563$0$rev'),
signal('adc_measurement_adv$0461604562$0',rev,'adc_measurement_adv$0461604562$0$rev'),
signal('adc_measurement_adv$0461604561$0',rev,'adc_measurement_adv$0461604561$0$rev'),
signal('adc_measurement_adv$1424598793$0',cev,'adc_measurement_adv$1424598793$0$cev'),
signal('adc_measurement_adv$1424598797$0',cev,'adc_measurement_adv$1424598797$0$cev'),
signal('adc_measurement_adv$1424598801$0',cev,'adc_measurement_adv$1424598801$0$cev'),
signal('adc_measurement_adv$1212889704$0',cev,'adc_measurement_adv$1212889704$0$cev'),
signal('adc_measurement_adv$1212889708$0',cev,'adc_measurement_adv$1212889708$0$cev'),
signal('analog_io$0459569530$0',pad,'analog_io$0459569530$0$pad'),
signal('analog_io$01694626416$0',pin,'analog_io$01694626416$0$pin'),
signal('analog_io$0970103707$1',pad,'analog_io$0970103707$1$pad'),
signal('analog_io$562284591$1',pin,'analog_io$562284591$1$pin'),
signal('analog_io$01480637884$2',pad,'analog_io$01480637884$2$pad'),
signal('analog_io$01475771698$2',pin,'analog_io$01475771698$2$pin'),
signal('analog_io$01991172061$3',pad,'analog_io$01991172061$3$pad'),
signal('analog_io$781139309$3',pin,'analog_io$781139309$3$pin'),
signal('analog_io$1793261058$4',pad,'analog_io$1793261058$4$pad'),
signal('analog_io$01256916980$4',pin,'analog_io$01256916980$4$pin'),
signal('adc_measurement_adv$1492773006$1',ch_class_sel,'adc_measurement_adv$1492773006$1$ch_class_sel'),
signal('adc_measurement_adv$1492773006$1',scan_class_sel,'adc_measurement_adv$1492773006$1$scan_class_sel'),
signal('adc_measurement_adv$1784612637$1',class_sel,'adc_measurement_adv$1784612637$1$class_sel'),
signal('adc_measurement_adv$1784612637$1',select,'adc_measurement_adv$1784612637$1$select'),
signal('adc_measurement_adv$1784612637$1',req,'adc_measurement_adv$1784612637$1$req'),
signal('adc_measurement_adv$1784612637$1',global_signal,'adc_measurement_adv$1784612637$1$global_signal'),
signal('adc_measurement_adv$1784612637$1',greqtr1sel,'adc_measurement_adv$1784612637$1$greqtr1sel'),
signal('adc_measurement_adv$1784612637$1',greqgt1sel,'adc_measurement_adv$1784612637$1$greqgt1sel'),
signal('adc_measurement_adv$1784612637$1',sev,'adc_measurement_adv$1784612637$1$sev'),
signal('adc_measurement_adv$0276141686$1',gch,'adc_measurement_adv$0276141686$1$gch'),
signal('adc_measurement_adv$0276141682$1',gch,'adc_measurement_adv$0276141682$1$gch'),
signal('adc_measurement_adv$0276141678$1',gch,'adc_measurement_adv$0276141678$1$gch'),
signal('adc_measurement_adv$29542407$1',gch,'adc_measurement_adv$29542407$1$gch'),
signal('adc_measurement_adv$29542411$1',gch,'adc_measurement_adv$29542411$1$gch'),
signal('adc_measurement_adv$29542412$1',gch,'adc_measurement_adv$29542412$1$gch'),
signal('adc_measurement_adv$29542413$1',gch,'adc_measurement_adv$29542413$1$gch'),
signal('adc_measurement_adv$0276141686$1',select,'adc_measurement_adv$0276141686$1$select'),
signal('adc_measurement_adv$0276141682$1',select,'adc_measurement_adv$0276141682$1$select'),
signal('adc_measurement_adv$0276141678$1',select,'adc_measurement_adv$0276141678$1$select'),
signal('adc_measurement_adv$29542407$1',select,'adc_measurement_adv$29542407$1$select'),
signal('adc_measurement_adv$29542411$1',select,'adc_measurement_adv$29542411$1$select'),
signal('adc_measurement_adv$29542412$1',select,'adc_measurement_adv$29542412$1$select'),
signal('adc_measurement_adv$29542413$1',select,'adc_measurement_adv$29542413$1$select'),
signal('adc_measurement_adv$0276141686$1',iclass_sel,'adc_measurement_adv$0276141686$1$iclass_sel'),
signal('adc_measurement_adv$0276141682$1',iclass_sel,'adc_measurement_adv$0276141682$1$iclass_sel'),
signal('adc_measurement_adv$0276141678$1',iclass_sel,'adc_measurement_adv$0276141678$1$iclass_sel'),
signal('adc_measurement_adv$29542407$1',iclass_sel,'adc_measurement_adv$29542407$1$iclass_sel'),
signal('adc_measurement_adv$29542411$1',iclass_sel,'adc_measurement_adv$29542411$1$iclass_sel'),
signal('adc_measurement_adv$29542412$1',iclass_sel,'adc_measurement_adv$29542412$1$iclass_sel'),
signal('adc_measurement_adv$29542413$1',iclass_sel,'adc_measurement_adv$29542413$1$iclass_sel'),
signal('adc_measurement_adv$1509334892$1',res_sel,'adc_measurement_adv$1509334892$1$res_sel'),
signal('adc_measurement_adv$1509334893$1',res_sel,'adc_measurement_adv$1509334893$1$res_sel'),
signal('adc_measurement_adv$1509334894$1',res_sel,'adc_measurement_adv$1509334894$1$res_sel'),
signal('adc_measurement_adv$1509334895$1',res_sel,'adc_measurement_adv$1509334895$1$res_sel'),
signal('adc_measurement_adv$1509334896$1',res_sel,'adc_measurement_adv$1509334896$1$res_sel'),
signal('adc_measurement_adv$1509334897$1',res_sel,'adc_measurement_adv$1509334897$1$res_sel'),
signal('adc_measurement_adv$1509334898$1',res_sel,'adc_measurement_adv$1509334898$1$res_sel'),
signal('adc_measurement_adv$0276141686$1',res_sel,'adc_measurement_adv$0276141686$1$res_sel'),
signal('adc_measurement_adv$0276141682$1',res_sel,'adc_measurement_adv$0276141682$1$res_sel'),
signal('adc_measurement_adv$0276141678$1',res_sel,'adc_measurement_adv$0276141678$1$res_sel'),
signal('adc_measurement_adv$29542407$1',res_sel,'adc_measurement_adv$29542407$1$res_sel'),
signal('adc_measurement_adv$29542411$1',res_sel,'adc_measurement_adv$29542411$1$res_sel'),
signal('adc_measurement_adv$29542412$1',res_sel,'adc_measurement_adv$29542412$1$res_sel'),
signal('adc_measurement_adv$29542413$1',res_sel,'adc_measurement_adv$29542413$1$res_sel'),
signal('adc_measurement_adv$1509334892$1',rev,'adc_measurement_adv$1509334892$1$rev'),
signal('adc_measurement_adv$1509334893$1',rev,'adc_measurement_adv$1509334893$1$rev'),
signal('adc_measurement_adv$1509334894$1',rev,'adc_measurement_adv$1509334894$1$rev'),
signal('adc_measurement_adv$1509334895$1',rev,'adc_measurement_adv$1509334895$1$rev'),
signal('adc_measurement_adv$1509334896$1',rev,'adc_measurement_adv$1509334896$1$rev'),
signal('adc_measurement_adv$1509334897$1',rev,'adc_measurement_adv$1509334897$1$rev'),
signal('adc_measurement_adv$1509334898$1',rev,'adc_measurement_adv$1509334898$1$rev'),
signal('adc_measurement_adv$0276141686$1',cev,'adc_measurement_adv$0276141686$1$cev'),
signal('adc_measurement_adv$0276141682$1',cev,'adc_measurement_adv$0276141682$1$cev'),
signal('adc_measurement_adv$0276141678$1',cev,'adc_measurement_adv$0276141678$1$cev'),
signal('adc_measurement_adv$29542407$1',cev,'adc_measurement_adv$29542407$1$cev'),
signal('adc_measurement_adv$29542411$1',cev,'adc_measurement_adv$29542411$1$cev'),
signal('adc_measurement_adv$29542412$1',cev,'adc_measurement_adv$29542412$1$cev'),
signal('adc_measurement_adv$29542413$1',cev,'adc_measurement_adv$29542413$1$cev'),
signal('analog_io$1282726881$5',pad,'analog_io$1282726881$5$pad'),
signal('analog_io$999994027$5',pin,'analog_io$999994027$5$pin'),
signal('analog_io$772192704$6',pad,'analog_io$772192704$6$pad'),
signal('analog_io$01038062262$6',pin,'analog_io$01038062262$6$pin'),
signal('analog_io$261658527$7',pad,'analog_io$261658527$7$pad'),
signal('analog_io$1218848745$7',pin,'analog_io$1218848745$7$pin'),
signal('analog_io$0248875650$8',pad,'analog_io$0248875650$8$pad'),
signal('analog_io$0819207544$8',pin,'analog_io$0819207544$8$pin'),
signal('analog_io$0759409827$9',pad,'analog_io$0759409827$9$pad'),
signal('analog_io$1437703463$9',pin,'analog_io$1437703463$9$pin'),
signal('analog_io$01889477709$10',pad,'analog_io$01889477709$10$pad'),
signal('analog_io$472386813$10',pin,'analog_io$472386813$10$pin'),
signal('analog_io$1894955410$11',pad,'analog_io$1894955410$11$pad'),
signal('analog_io$01565669476$11',pin,'analog_io$01565669476$11$pin'),
signal('digital_io$01893669597$1',pad,'digital_io$01893669597$1$pad'),
signal('digital_io$02001255827$1',pin,'digital_io$02001255827$1$pin'),
signal('digital_io$1890763522$2',pad,'digital_io$1890763522$2$pad'),
signal('digital_io$255655180$2',pin,'digital_io$255655180$2$pin'),
signal('digital_io$1380229345$3',pad,'digital_io$1380229345$3$pad'),
signal('digital_io$01782401109$3',pin,'digital_io$01782401109$3$pin'),
signal('digital_io$869695168$4',pad,'digital_io$869695168$4$pad'),
signal('digital_io$474509898$4',pin,'digital_io$474509898$4$pin'),
signal('digital_io$359160991$5',pad,'digital_io$359160991$5$pad'),
signal('digital_io$01563546391$5',pin,'digital_io$01563546391$5$pin'),
signal('digital_io$0151373186$6',pad,'digital_io$0151373186$6$pad'),
signal('digital_io$693364616$6',pin,'digital_io$693364616$6$pin'),
signal('digital_io$0661907363$7',pad,'digital_io$0661907363$7$pad'),
signal('digital_io$01344691673$7',pin,'digital_io$01344691673$7$pin'),
signal('pin_interrupt$504037229$0',PIN_INTERRUPT0sv0,'pin_interrupt$504037229$0$PIN_INTERRUPT0sv0'),
signal('pin_interrupt$01353729833$0',pad,'pin_interrupt$01353729833$0$pad'),
signal('pin_interrupt$504037229$0',tr,'pin_interrupt$504037229$0$tr'),
signal('pin_interrupt$1919814214$0',trin,'pin_interrupt$1919814214$0$trin'),
signal('pin_interrupt$1919814214$0',iout,'pin_interrupt$1919814214$0$iout'),
signal('pin_interrupt$371705443$0',signal_in,'pin_interrupt$371705443$0$signal_in'),
signal('pin_interrupt$01936049730$0',in,'pin_interrupt$01936049730$0$in'),
signal('pin_interrupt$01936049730$0',out,'pin_interrupt$01936049730$0$out'),
signal('pin_interrupt$1126006561$0',pin,'pin_interrupt$1126006561$0$pin'),
connected('cpu_ctrl_xmc4$39943779$0$pin','cpu_ctrl_xmc4$1445176365$0$pad',1),
connected('cpu_ctrl_xmc4$0268126521$0$pin','cpu_ctrl_xmc4$1540657681$0$pad',1),
connected('cpu_ctrl_xmc4$0268126520$0$pin','cpu_ctrl_xmc4$1540657682$0$pad',1),
connected('cpu_ctrl_xmc4$0268126519$0$pin','cpu_ctrl_xmc4$1540657683$0$pad',1),
connected('cpu_ctrl_xmc4$0268126518$0$pin','cpu_ctrl_xmc4$1540657684$0$pad',1),
connected('cpu_ctrl_xmc4$1445176365$0$pad','cpu_ctrl_xmc4$39943779$0$pin',1),
connected('cpu_ctrl_xmc4$1540657681$0$pad','cpu_ctrl_xmc4$0268126521$0$pin',1),
connected('cpu_ctrl_xmc4$1540657682$0$pad','cpu_ctrl_xmc4$0268126520$0$pin',1),
connected('cpu_ctrl_xmc4$1540657683$0$pad','cpu_ctrl_xmc4$0268126519$0$pin',1),
connected('cpu_ctrl_xmc4$1540657684$0$pad','cpu_ctrl_xmc4$0268126518$0$pin',1),
connected('cpu_ctrl_xmc4$1964564605$0$db_etm_traceclk','cpu_ctrl_xmc4$1445176365$0$hw_o',1),
connected('cpu_ctrl_xmc4$1964564605$0$db_etm_tracedata0','cpu_ctrl_xmc4$1540657681$0$hw_o',1),
connected('cpu_ctrl_xmc4$1964564605$0$db_etm_tracedata1','cpu_ctrl_xmc4$1540657682$0$hw_o',1),
connected('cpu_ctrl_xmc4$1964564605$0$db_etm_tracedata2','cpu_ctrl_xmc4$1540657683$0$hw_o',1),
connected('cpu_ctrl_xmc4$1964564605$0$db_etm_tracedata3','cpu_ctrl_xmc4$1540657684$0$hw_o',1),
connected('clock_xmc4$01551391625$0$fccu','global_ccu8$1465655520$0$clk',1),
connected('global_ccu8$1465655520$0$global_signal','pwm_ccu8$01113979708$0$global_signal',1),
connected('global_ccu8$1465655520$0$global_signal','pwm_ccu8$1142931299$1$global_signal',1),
connected('global_ccu8$1465655520$0$global_signal','pwm_ccu8$0895124990$2$global_signal',1),
connected('global_ccu8$1465655520$0$global_signal','pwm_ccu8$1361786017$3$global_signal',1),
connected('clock_xmc4$01551391625$0$fccu','global_ccu8$1476971647$1$clk',1),
connected('global_ccu8$1476971647$1$global_signal','pwm_ccu8$0676270272$4$global_signal',1),
connected('global_ccu8$1476971647$1$global_signal','pwm_ccu8$1580640735$5$global_signal',1),
connected('global_ccu8$1476971647$1$global_signal','pwm_ccu8$0457415554$6$global_signal',1),
connected('global_ccu8$1476971647$1$global_signal','pwm_ccu8$1799495453$7$global_signal',1),
connected('uart$0164365666$0$pin','uart$01053640812$0$pad',1),
connected('uart$0164365604$0$pin','uart$01053640750$0$pad',1),
connected('uart$02118624699$0$dout0','uart$01053640750$0$pad',1),
connected('uart$02118624699$0$alternate_receive_buffer_int','uart$01148723603$0$signal_in',1),
connected('uart$02118624699$0$standard_receive_buffer_int','uart$01148723603$0$signal_in',1),
connected('uart$02118624699$0$standard_transmit_buffer_int','uart$01148723541$0$signal_in',1),
connected('uart$01053640812$0$pad','uart$0164365666$0$pin',1),
connected('uart$01053640812$0$pad','uart$02118624699$0$dx0ins',1),
connected('uart$01053640750$0$pad','uart$0164365604$0$pin',1),
connected('spi_slave$912294912$0$pin','spi_slave$1145447222$0$pad',1),
connected('spi_slave$1438010906$0$pin','spi_slave$01333033692$0$pad',1),
connected('spi_slave$1074287872$0$pin','spi_slave$0403454326$0$pad',1),
connected('spi_slave$01073724151$0$pin','spi_slave$125532735$0$pad',1),
connected('spi_slave$01366864342$0$dout0','spi_slave$1145447222$0$pad',1),
connected('spi_slave$01366864342$0$alternate_receive_buffer_int','spi_slave$01881239128$0$signal_in',1),
connected('spi_slave$01366864342$0$standard_receive_buffer_int','spi_slave$01881239128$0$signal_in',1),
connected('spi_slave$01366864342$0$standard_transmit_buffer_int','spi_slave$01881239066$0$signal_in',1),
connected('spi_slave$1145447222$0$pad','spi_slave$912294912$0$pin',1),
connected('spi_slave$01333033692$0$pad','spi_slave$1438010906$0$pin',1),
connected('spi_slave$01333033692$0$pad','spi_slave$01366864342$0$dx0ins',1),
connected('spi_slave$0403454326$0$pad','spi_slave$1074287872$0$pin',1),
connected('spi_slave$0403454326$0$pad','spi_slave$01366864342$0$dx1ins',1),
connected('spi_slave$125532735$0$pad','spi_slave$01073724151$0$pin',1),
connected('spi_slave$125532735$0$pad','spi_slave$01366864342$0$dx2ins',1),
connected('clock_xmc4$01551391625$0$fccu','global_ccu4$01760137752$0$clk',1),
connected('encoder_posif$01512731969$0$pin','encoder_posif$0122803319$0$pad',1),
connected('encoder_posif$01508859622$0$pin','encoder_posif$01718583280$0$pad',1),
connected('encoder_posif$01508859621$0$pin','encoder_posif$01718583279$0$pad',1),
connected('encoder_posif$1605311928$0$st','encoder_posif$1605311925$0$gp2_unsync',1),
connected('encoder_posif$1605311928$0$st','encoder_posif$1605311927$0$gp1_unsync',1),
connected('encoder_posif$0809707646$0$out0','encoder_posif$1605311925$0$gp0_unsync',1),
connected('encoder_posif$0809707646$0$out1','encoder_posif$1605311925$0$gp1_unsync',1),
connected('encoder_posif$0809707646$0$out2','encoder_posif$1605311927$0$gp0_unsync',1),
connected('encoder_posif$0809707646$0$out5','encoder_posif$1605311928$0$gp0_unsync',1),
connected('encoder_posif$0122803319$0$pad','encoder_posif$01512731969$0$pin',1),
connected('encoder_posif$01718583280$0$pad','encoder_posif$01508859622$0$pin',1),
connected('encoder_posif$01718583280$0$pad','encoder_posif$0809707646$0$ipos0',1),
connected('encoder_posif$01718583279$0$pad','encoder_posif$01508859621$0$pin',1),
connected('encoder_posif$01718583279$0$pad','encoder_posif$0809707646$0$ipos1',1),
connected('global_ccu4$01760137752$0$global_signal','encoder_posif$1605311925$0$global_signal',1),
connected('global_ccu4$01760137752$0$global_signal','encoder_posif$1605311927$0$global_signal',1),
connected('global_ccu4$01760137752$0$global_signal','encoder_posif$1605311928$0$global_signal',1),
connected('clock_xmc4$01551391625$0$fccu','global_ccu4$01748821625$1$clk',1),
connected('encoder_posif$01182966208$1$pin','encoder_posif$227996618$1$pad',1),
connected('encoder_posif$01575866375$1$pin','encoder_posif$1579311663$1$pad',1),
connected('encoder_posif$01575866374$1$pin','encoder_posif$1579311664$1$pad',1),
connected('encoder_posif$760840057$1$st','encoder_posif$760840054$1$gp2_unsync',1),
connected('encoder_posif$760840057$1$st','encoder_posif$760840056$1$gp1_unsync',1),
connected('encoder_posif$1447203361$1$out0','encoder_posif$760840054$1$gp0_unsync',1),
connected('encoder_posif$1447203361$1$out1','encoder_posif$760840054$1$gp1_unsync',1),
connected('encoder_posif$1447203361$1$out2','encoder_posif$760840056$1$gp0_unsync',1),
connected('encoder_posif$1447203361$1$out5','encoder_posif$760840057$1$gp0_unsync',1),
connected('encoder_posif$227996618$1$pad','encoder_posif$01182966208$1$pin',1),
connected('encoder_posif$1579311663$1$pad','encoder_posif$01575866375$1$pin',1),
connected('encoder_posif$1579311663$1$pad','encoder_posif$1447203361$1$ipos0',1),
connected('encoder_posif$1579311664$1$pad','encoder_posif$01575866374$1$pin',1),
connected('encoder_posif$1579311664$1$pad','encoder_posif$1447203361$1$ipos1',1),
connected('global_ccu4$01748821625$1$global_signal','encoder_posif$760840054$1$global_signal',1),
connected('global_ccu4$01748821625$1$global_signal','encoder_posif$760840056$1$global_signal',1),
connected('global_ccu4$01748821625$1$global_signal','encoder_posif$760840057$1$global_signal',1),
connected('analog_io$0459569530$0$pad','adc_measurement_adv$1424598793$0$gch',1),
connected('analog_io$0970103707$1$pad','adc_measurement_adv$1212889708$0$gch',1),
connected('analog_io$01480637884$2$pad','adc_measurement_adv$1212889704$0$gch',1),
connected('analog_io$01991172061$3$pad','adc_measurement_adv$1424598801$0$gch',1),
connected('analog_io$1793261058$4$pad','adc_measurement_adv$1424598797$0$gch',1),
connected('adc_measurement_adv$1424598793$0$res_sel','adc_measurement_adv$0461604565$0$res_sel',1),
connected('adc_measurement_adv$1212889704$0$res_sel','adc_measurement_adv$0461604562$0$res_sel',1),
connected('adc_measurement_adv$1212889708$0$res_sel','adc_measurement_adv$0461604561$0$res_sel',1),
connected('adc_measurement_adv$1424598797$0$res_sel','adc_measurement_adv$0461604564$0$res_sel',1),
connected('adc_measurement_adv$1424598801$0$res_sel','adc_measurement_adv$0461604563$0$res_sel',1),
connected('adc_measurement_adv$248008525$0$ch_class_sel','adc_measurement_adv$1424598793$0$iclass_sel',1),
connected('adc_measurement_adv$248008525$0$ch_class_sel','adc_measurement_adv$1424598797$0$iclass_sel',1),
connected('adc_measurement_adv$248008525$0$ch_class_sel','adc_measurement_adv$1424598801$0$iclass_sel',1),
connected('adc_measurement_adv$248008525$0$ch_class_sel','adc_measurement_adv$1212889704$0$iclass_sel',1),
connected('adc_measurement_adv$248008525$0$ch_class_sel','adc_measurement_adv$1212889708$0$iclass_sel',1),
connected('adc_measurement_adv$431302940$0$class_sel','adc_measurement_adv$248008525$0$scan_class_sel',1),
connected('global_adc$1790945385$0$global_signal','adc_measurement_adv$431302940$0$global_signal',1),
connected('analog_io$01694626416$0$pin','analog_io$0459569530$0$pad',1),
connected('analog_io$0459569530$0$pad','analog_io$01694626416$0$pin',1),
connected('analog_io$562284591$1$pin','analog_io$0970103707$1$pad',1),
connected('analog_io$0970103707$1$pad','analog_io$562284591$1$pin',1),
connected('analog_io$01475771698$2$pin','analog_io$01480637884$2$pad',1),
connected('analog_io$01480637884$2$pad','analog_io$01475771698$2$pin',1),
connected('analog_io$781139309$3$pin','analog_io$01991172061$3$pad',1),
connected('analog_io$01991172061$3$pad','analog_io$781139309$3$pin',1),
connected('analog_io$01256916980$4$pin','analog_io$1793261058$4$pad',1),
connected('analog_io$1793261058$4$pad','analog_io$01256916980$4$pin',1),
connected('analog_io$01889477709$10$pad','adc_measurement_adv$0276141682$1$gch',1),
connected('analog_io$1894955410$11$pad','adc_measurement_adv$0276141686$1$gch',1),
connected('analog_io$1282726881$5$pad','adc_measurement_adv$29542413$1$gch',1),
connected('analog_io$772192704$6$pad','adc_measurement_adv$29542412$1$gch',1),
connected('analog_io$261658527$7$pad','adc_measurement_adv$29542411$1$gch',1),
connected('analog_io$0248875650$8$pad','adc_measurement_adv$29542407$1$gch',1),
connected('analog_io$0759409827$9$pad','adc_measurement_adv$0276141678$1$gch',1),
connected('adc_measurement_adv$0276141686$1$res_sel','adc_measurement_adv$1509334892$1$res_sel',1),
connected('adc_measurement_adv$29542407$1$res_sel','adc_measurement_adv$1509334895$1$res_sel',1),
connected('adc_measurement_adv$29542411$1$res_sel','adc_measurement_adv$1509334896$1$res_sel',1),
connected('adc_measurement_adv$29542412$1$res_sel','adc_measurement_adv$1509334897$1$res_sel',1),
connected('adc_measurement_adv$29542413$1$res_sel','adc_measurement_adv$1509334898$1$res_sel',1),
connected('adc_measurement_adv$0276141682$1$res_sel','adc_measurement_adv$1509334893$1$res_sel',1),
connected('adc_measurement_adv$0276141678$1$res_sel','adc_measurement_adv$1509334894$1$res_sel',1),
connected('adc_measurement_adv$1492773006$1$ch_class_sel','adc_measurement_adv$0276141686$1$iclass_sel',1),
connected('adc_measurement_adv$1492773006$1$ch_class_sel','adc_measurement_adv$0276141682$1$iclass_sel',1),
connected('adc_measurement_adv$1492773006$1$ch_class_sel','adc_measurement_adv$0276141678$1$iclass_sel',1),
connected('adc_measurement_adv$1492773006$1$ch_class_sel','adc_measurement_adv$29542407$1$iclass_sel',1),
connected('adc_measurement_adv$1492773006$1$ch_class_sel','adc_measurement_adv$29542411$1$iclass_sel',1),
connected('adc_measurement_adv$1492773006$1$ch_class_sel','adc_measurement_adv$29542412$1$iclass_sel',1),
connected('adc_measurement_adv$1492773006$1$ch_class_sel','adc_measurement_adv$29542413$1$iclass_sel',1),
connected('adc_measurement_adv$1784612637$1$class_sel','adc_measurement_adv$1492773006$1$scan_class_sel',1),
connected('global_adc$1790945385$0$global_signal','adc_measurement_adv$1784612637$1$global_signal',1),
connected('analog_io$999994027$5$pin','analog_io$1282726881$5$pad',1),
connected('analog_io$1282726881$5$pad','analog_io$999994027$5$pin',1),
connected('analog_io$01038062262$6$pin','analog_io$772192704$6$pad',1),
connected('analog_io$772192704$6$pad','analog_io$01038062262$6$pin',1),
connected('analog_io$1218848745$7$pin','analog_io$261658527$7$pad',1),
connected('analog_io$261658527$7$pad','analog_io$1218848745$7$pin',1),
connected('analog_io$0819207544$8$pin','analog_io$0248875650$8$pad',1),
connected('analog_io$0248875650$8$pad','analog_io$0819207544$8$pin',1),
connected('analog_io$1437703463$9$pin','analog_io$0759409827$9$pad',1),
connected('analog_io$0759409827$9$pad','analog_io$1437703463$9$pin',1),
connected('analog_io$472386813$10$pin','analog_io$01889477709$10$pad',1),
connected('analog_io$01889477709$10$pad','analog_io$472386813$10$pin',1),
connected('analog_io$01565669476$11$pin','analog_io$1894955410$11$pad',1),
connected('analog_io$1894955410$11$pad','analog_io$01565669476$11$pin',1),
connected('digital_io$02001255827$1$pin','digital_io$01893669597$1$pad',1),
connected('digital_io$01893669597$1$pad','digital_io$02001255827$1$pin',1),
connected('digital_io$255655180$2$pin','digital_io$1890763522$2$pad',1),
connected('digital_io$1890763522$2$pad','digital_io$255655180$2$pin',1),
connected('digital_io$01782401109$3$pin','digital_io$1380229345$3$pad',1),
connected('digital_io$1380229345$3$pad','digital_io$01782401109$3$pin',1),
connected('digital_io$474509898$4$pin','digital_io$869695168$4$pad',1),
connected('digital_io$869695168$4$pad','digital_io$474509898$4$pin',1),
connected('digital_io$01563546391$5$pin','digital_io$359160991$5$pad',1),
connected('digital_io$359160991$5$pad','digital_io$01563546391$5$pin',1),
connected('digital_io$693364616$6$pin','digital_io$0151373186$6$pad',1),
connected('digital_io$0151373186$6$pad','digital_io$693364616$6$pin',1),
connected('digital_io$01344691673$7$pin','digital_io$0661907363$7$pad',1),
connected('digital_io$0661907363$7$pad','digital_io$01344691673$7$pin',1),
connected('pin_interrupt$1126006561$0$pin','pin_interrupt$01353729833$0$pad',1),
connected('pin_interrupt$504037229$0$tr','pin_interrupt$1919814214$0$trin',1),
connected('pin_interrupt$01936049730$0$out','pin_interrupt$371705443$0$signal_in',1),
connected('pin_interrupt$01353729833$0$pad','pin_interrupt$1126006561$0$pin',1),
connected('pin_interrupt$01353729833$0$pad','pin_interrupt$504037229$0$PIN_INTERRUPT0sv0',1),
connected('pin_interrupt$1919814214$0$iout','pin_interrupt$01936049730$0$in',1),
register_value('cpu_ctrl_xmc4$1540657684$0',iocr_oe,1),
rg_constraint_property_value('cpu_ctrl_xmc4$1540657684$0', speed_class of rg_property, ['A2']),
uri_element_range(ADC_MEASUREMENT_ADV1sv39,[result, result_adv, result_filter]),
uri_element_range(ADC_MEASUREMENT_ADV0sv30,[result, result_adv, result_filter]),
uri_element_range(ANALOG_IO1sv0,[14, 15]),
register_value('cpu_ctrl_xmc4$1540657682$0',iocr_oe,1),
rg_constraint_property_value('cpu_ctrl_xmc4$1540657682$0', speed_class of rg_property, ['A2']),
uri_element_range(ADC_MEASUREMENT_ADV0sv24,[result, result_adv, result_filter]),
uri_element_range(ANALOG_IO11sv0,[14, 15]),
uri_element_range(DIGITAL_IO1sv0,[0, 1, 2, 3, 4, 5, 6, 7, 8, 9, 14, 15]),
uri_element_range(ANALOG_IO10sv0,[14, 15]),
register_value('uart$02118624699$0',ccr_hpcen,0),
register_value('uart$02118624699$0',tbctr_size,4),
register_value('uart$02118624699$0',rbctr_size,4),
uri_element_range(ADC_MEASUREMENT_ADV1sv21,[result, result_adv, result_filter]),
uri_element_range(ADC_MEASUREMENT_ADV1sv27,[result, result_adv, result_filter]),
uri_element_range(ANALOG_IO3sv0,[14, 15]),
uri_element_range(ADC_MEASUREMENT_ADV1sv33,[result, result_adv, result_filter]),
uri_element_range(DIGITAL_IO4sv0,[0, 1, 2, 3, 4, 5, 6, 7, 8, 9, 14, 15]),
uri_element_range(PIN_INTERRUPT0sv0,[a, b]),
uri_element_range(ANALOG_IO9sv0,[14, 15]),
uri_element_range(ANALOG_IO0sv0,[14, 15]),
uri_element_range(DIGITAL_IO7sv0,[0, 1, 2, 3, 4, 5, 6, 7, 8, 9, 14, 15]),
uri_element_range(ANALOG_IO7sv0,[14, 15]),
uri_element_range(ANALOG_IO6sv0,[14, 15]),
rg_constraint_property_value('uart$01053640750$0', speed_class of rg_property, ['A1','A1+','A2']),
uri_element_range(ADC_MEASUREMENT_ADV0sv33,[result, result_adv, result_filter]),
register_value('cpu_ctrl_xmc4$1540657683$0',iocr_oe,1),
rg_constraint_property_value('cpu_ctrl_xmc4$1540657683$0', speed_class of rg_property, ['A2']),
uri_element_range(ANALOG_IO5sv0,[14, 15]),
uri_element_range(ADC_MEASUREMENT_ADV0sv27,[result, result_adv, result_filter]),
register_value('cpu_ctrl_xmc4$1540657681$0',iocr_oe,1),
rg_constraint_property_value('cpu_ctrl_xmc4$1540657681$0', speed_class of rg_property, ['A2']),
uri_element_range(ANALOG_IO8sv0,[14, 15]),
uri_element_range(ADC_MEASUREMENT_ADV0sv21,[result, result_adv, result_filter]),
uri_element_range(DIGITAL_IO6sv0,[0, 1, 2, 3, 4, 5, 6, 7, 8, 9, 14, 15]),
uri_element_range(DIGITAL_IO5sv0,[0, 1, 2, 3, 4, 5, 6, 7, 8, 9, 14, 15]),
uri_element_range(DIGITAL_IO3sv0,[0, 1, 2, 3, 4, 5, 6, 7, 8, 9, 14, 15]),
uri_element_range(DIGITAL_IO2sv0,[0, 1, 2, 3, 4, 5, 6, 7, 8, 9, 14, 15]),
rg_constraint_property_value('spi_slave$1145447222$0', speed_class of rg_property, ['A1+','A2']),
uri_element_range(ADC_MEASUREMENT_ADV1sv24,[result, result_adv, result_filter]),
uri_element_range(ADC_MEASUREMENT_ADV1sv30,[result, result_adv, result_filter]),
uri_element_range(ADC_MEASUREMENT_ADV1sv36,[result, result_adv, result_filter]),
uri_element_range(ANALOG_IO4sv0,[14, 15]),
register_value('cpu_ctrl_xmc4$1445176365$0',iocr_oe,1),
rg_constraint_property_value('cpu_ctrl_xmc4$1445176365$0', speed_class of rg_property, ['A2']),
register_value('spi_slave$01366864342$0',ccr_hpcen,0),
register_value('spi_slave$01366864342$0',tbctr_size,4),
register_value('spi_slave$01366864342$0',rbctr_size,4),
uri_element_range(ANALOG_IO2sv0,[14, 15])],'cpu_ctrl_xmc4$0268126521$0',Result),15,writeln(timeout),all_solution, Timer, Due, Remainder).



Jul 07, 2026 11:39:20 PM java.util.logging.LogManager$RootLogger log
INFO: 
End of solver : getFeasiblePins() :  Difference in ms 672


Jul 07, 2026 11:39:20 PM java.util.logging.LogManager$RootLogger log
INFO: [/devicepackage/0/63, /devicepackage/0/95]


Jul 07, 2026 11:39:20 PM java.util.logging.LogManager$RootLogger log
INFO: Start of solver :getFeasiblePins() : Tue Jul 07 23:39:20 CEST 2026


Jul 07, 2026 11:39:20 PM java.util.logging.LogManager$RootLogger log
INFO: 
timeout(ask_feasible_mapping([reserved([cpu,0,exception,nmi],'cpu_ctrl_xmc4$01637679009$0'),
reserved([cpu,0,exception,hardfault],'cpu_ctrl_xmc4$0571328980$0'),
reserved([cpu,0,exception,memmanage],'cpu_ctrl_xmc4$1768468879$0'),
reserved([cpu,0,exception,busfault],'cpu_ctrl_xmc4$1763234541$0'),
reserved([cpu,0,exception,usagefault],'cpu_ctrl_xmc4$1814460844$0'),
reserved([cpu,0,debug],'cpu_ctrl_xmc4$1964564605$0'),
reserved([debug_port,_,pad,_],'cpu_ctrl_xmc4$01540614004$0'),
reserved([debug_port,_,pad,_],'cpu_ctrl_xmc4$01540614322$0'),
reserved([p,_,pad,_],'cpu_ctrl_xmc4$1445176365$0'),
reserved([p,_,pad,_],'cpu_ctrl_xmc4$1540657681$0'),
reserved([p,_,pad,_],'cpu_ctrl_xmc4$1540657682$0'),
reserved([p,_,pad,_],'cpu_ctrl_xmc4$1540657683$0'),
reserved([p,_,pad,_],'cpu_ctrl_xmc4$1540657684$0'),
reserved([devicepackage,0,_],'cpu_ctrl_xmc4$39943779$0'),
reserved([devicepackage,0,_],'cpu_ctrl_xmc4$0268126521$0'),
reserved([devicepackage,0,_],'cpu_ctrl_xmc4$0268126520$0'),
reserved([devicepackage,0,_],'cpu_ctrl_xmc4$0268126519$0'),
reserved([devicepackage,0,_],'cpu_ctrl_xmc4$0268126518$0'),
reserved([ccu8,GLOBAL_CCU80sv0,global],'global_ccu8$1465655520$0'),
reserved([scu,_,gcu,ccu8_global_enable,GLOBAL_CCU80sv0],'global_ccu8$1118816002$0'),
reserved([scu,0,clkctrl,0,pll],'clock_xmc4$01551378862$0'),
reserved([scu,0,clkctrl,0,sys],'clock_xmc4$01551375569$0'),
reserved([scu,0,clkctrl,0,cpu],'clock_xmc4$01551391222$0'),
reserved([scu,0,clkctrl,0,perbridge],'clock_xmc4$494804424$0'),
reserved([scu,0,clkctrl,0,ebu],'clock_xmc4$01551389734$0'),
reserved([scu,0,clkctrl,0,ccu],'clock_xmc4$01551391625$0'),
reserved([scu,0,clkctrl,0,wdt],'clock_xmc4$01551372375$0'),
reserved([scu,0,clkctrl,0,usb],'clock_xmc4$01551373850$0'),
reserved([scu,0,clkctrl,0,sdmmc],'clock_xmc4$01551381723$0'),
reserved([scu,0,pwrctrl,0,hibernate],'clock_xmc4$0778278092$0'),
reserved([scu,0,rtcclksel],'clock_xmc4$1142722683$0'),
reserved([scu,0,trap,0,sysoscwd],'clock_xmc4$1091210735$0'),
reserved([scu,0,trap,0,sysvcolock],'clock_xmc4$1586947406$0'),
reserved([scu,0,trap,0,usbvcolock],'clock_xmc4$0261647995$0'),
reserved([scu,0,trap,0,ulpwdg],'clock_xmc4$01047137491$0'),
reserved([ccu8,_,cc8,_],'pwm_ccu8$01113979708$0'),
reserved([ccu8,_,cc8,_],'pwm_ccu8$1142931299$1'),
reserved([ccu8,_,cc8,_],'pwm_ccu8$0895124990$2'),
reserved([ccu8,_,cc8,_],'pwm_ccu8$1361786017$3'),
reserved([ccu8,GLOBAL_CCU81sv0,global],'global_ccu8$1476971647$1'),
reserved([scu,_,gcu,ccu8_global_enable,GLOBAL_CCU81sv0],'global_ccu8$0581924477$1'),
reserved([ccu8,_,cc8,_],'pwm_ccu8$0676270272$4'),
reserved([ccu8,_,cc8,_],'pwm_ccu8$1580640735$5'),
reserved([ccu8,_,cc8,_],'pwm_ccu8$0457415554$6'),
reserved([ccu8,_,cc8,_],'pwm_ccu8$1799495453$7'),
reserved([usic,_,channel,_],'uart$02118624699$0'),
reserved([p,_,pad,_],'uart$01053640812$0'),
reserved([p,_,pad,_],'uart$01053640750$0'),
reserved([cpu,0,nvic,interrupt,_],'uart$01148723541$0'),
reserved([cpu,0,nvic,interrupt,_],'uart$01148723603$0'),
reserved([devicepackage,0,_],'uart$0164365666$0'),
reserved([devicepackage,0,_],'uart$0164365604$0'),
reserved([usic,_,channel,_],'spi_slave$01366864342$0'),
reserved([p,_,pad,_],'spi_slave$01333033692$0'),
reserved([p,_,pad,_],'spi_slave$1145447222$0'),
reserved([p,_,pad,_],'spi_slave$0403454326$0'),
reserved([p,_,pad,_],'spi_slave$125532735$0'),
reserved([cpu,0,nvic,interrupt,_],'spi_slave$01881239066$0'),
reserved([cpu,0,nvic,interrupt,_],'spi_slave$01881239128$0'),
reserved([devicepackage,0,_],'spi_slave$1438010906$0'),
reserved([devicepackage,0,_],'spi_slave$912294912$0'),
reserved([devicepackage,0,_],'spi_slave$1074287872$0'),
reserved([devicepackage,0,_],'spi_slave$01073724151$0'),
reserved([ccu4,GLOBAL_CCU40sv0,global],'global_ccu4$01760137752$0'),
reserved([scu,_,gcu,ccu4_global_enable,GLOBAL_CCU40sv0],'global_ccu4$89752826$0'),
reserved([posif,_,posif,global],'global_posif$096723225$0'),
reserved([p,_,pad,_],'encoder_posif$01718583280$0'),
reserved([p,_,pad,_],'encoder_posif$01718583279$0'),
reserved([p,_,pad,_],'encoder_posif$0122803319$0'),
reserved([posif,_,posif,hsc_qd],'encoder_posif$0809707646$0'),
reserved([ccu4,_,cc4,_],'encoder_posif$1605311925$0'),
reserved([ccu4,_,cc4,_],'encoder_posif$1605311927$0'),
reserved([ccu4,_,cc4,_],'encoder_posif$1605311928$0'),
reserved([devicepackage,0,_],'encoder_posif$01508859622$0'),
reserved([devicepackage,0,_],'encoder_posif$01508859621$0'),
reserved([devicepackage,0,_],'encoder_posif$01512731969$0'),
reserved([ccu4,GLOBAL_CCU41sv0,global],'global_ccu4$01748821625$1'),
reserved([scu,_,gcu,ccu4_global_enable,GLOBAL_CCU41sv0],'global_ccu4$01610987653$1'),
reserved([p,_,pad,_],'encoder_posif$1579311663$1'),
reserved([p,_,pad,_],'encoder_posif$1579311664$1'),
reserved([p,_,pad,_],'encoder_posif$227996618$1'),
reserved([posif,_,posif,hsc_qd],'encoder_posif$1447203361$1'),
reserved([ccu4,_,cc4,_],'encoder_posif$760840054$1'),
reserved([ccu4,_,cc4,_],'encoder_posif$760840056$1'),
reserved([ccu4,_,cc4,_],'encoder_posif$760840057$1'),
reserved([devicepackage,0,_],'encoder_posif$01575866375$1'),
reserved([devicepackage,0,_],'encoder_posif$01575866374$1'),
reserved([devicepackage,0,_],'encoder_posif$01182966208$1'),
reserved([vadc,_,global_limits],'global_adc$01890798523$0'),
reserved([vadc,_,global],'global_adc$1790945385$0'),
reserved([vadc,_,group,0,config],'global_adc$1796505175$0'),
reserved([vadc,_,group,1,config],'global_adc$1796505176$0'),
reserved([vadc,_,group,2,config],'global_adc$1796505177$0'),
reserved([vadc,_,group,3,config],'global_adc$1796505178$0'),
reserved([vadc,0,group,_,ch,ADC_MEASUREMENT_ADV0sv0],'adc_measurement_adv$1424598793$0'),
reserved([vadc,0,group,_,ch,ADC_MEASUREMENT_ADV0sv4],'adc_measurement_adv$1424598797$0'),
reserved([vadc,0,group,_,ch,ADC_MEASUREMENT_ADV0sv8],'adc_measurement_adv$1424598801$0'),
reserved([vadc,0,group,_,ch,ADC_MEASUREMENT_ADV0sv12],'adc_measurement_adv$1212889704$0'),
reserved([vadc,0,group,_,ch,ADC_MEASUREMENT_ADV0sv16],'adc_measurement_adv$1212889708$0'),
reserved([vadc,0,group,ADC_MEASUREMENT_ADV0sv20,ADC_MEASUREMENT_ADV0sv21,ADC_MEASUREMENT_ADV0sv22],'adc_measurement_adv$0461604565$0'),
reserved([vadc,0,group,ADC_MEASUREMENT_ADV0sv23,ADC_MEASUREMENT_ADV0sv24,ADC_MEASUREMENT_ADV0sv25],'adc_measurement_adv$0461604564$0'),
reserved([vadc,0,group,ADC_MEASUREMENT_ADV0sv26,ADC_MEASUREMENT_ADV0sv27,ADC_MEASUREMENT_ADV0sv28],'adc_measurement_adv$0461604563$0'),
reserved([vadc,0,group,ADC_MEASUREMENT_ADV0sv29,ADC_MEASUREMENT_ADV0sv30,ADC_MEASUREMENT_ADV0sv31],'adc_measurement_adv$0461604562$0'),
reserved([vadc,0,group,ADC_MEASUREMENT_ADV0sv32,ADC_MEASUREMENT_ADV0sv33,ADC_MEASUREMENT_ADV0sv34],'adc_measurement_adv$0461604561$0'),
reserved([vadc,_,group,_,scan],'adc_measurement_adv$431302940$0'),
reserved([vadc,_,group,_,class,_],'adc_measurement_adv$248008525$0'),
reserved([p,ANALOG_IO0sv0,pad,_],'analog_io$0459569530$0'),
reserved([devicepackage,0,_],'analog_io$01694626416$0'),
reserved([p,ANALOG_IO1sv0,pad,_],'analog_io$0970103707$1'),
reserved([devicepackage,0,_],'analog_io$562284591$1'),
reserved([p,ANALOG_IO2sv0,pad,_],'analog_io$01480637884$2'),
reserved([devicepackage,0,_],'analog_io$01475771698$2'),
reserved([p,ANALOG_IO3sv0,pad,_],'analog_io$01991172061$3'),
reserved([devicepackage,0,_],'analog_io$781139309$3'),
reserved([p,ANALOG_IO4sv0,pad,_],'analog_io$1793261058$4'),
reserved([devicepackage,0,_],'analog_io$01256916980$4'),
reserved([vadc,0,group,_,ch,ADC_MEASUREMENT_ADV1sv0],'adc_measurement_adv$0276141686$1'),
reserved([vadc,0,group,_,ch,ADC_MEASUREMENT_ADV1sv4],'adc_measurement_adv$0276141682$1'),
reserved([vadc,0,group,_,ch,ADC_MEASUREMENT_ADV1sv8],'adc_measurement_adv$0276141678$1'),
reserved([vadc,0,group,_,ch,ADC_MEASUREMENT_ADV1sv12],'adc_measurement_adv$29542407$1'),
reserved([vadc,0,group,_,ch,ADC_MEASUREMENT_ADV1sv16],'adc_measurement_adv$29542411$1'),
reserved([vadc,0,group,_,ch,ADC_MEASUREMENT_ADV1sv17],'adc_measurement_adv$29542412$1'),
reserved([vadc,0,group,_,ch,ADC_MEASUREMENT_ADV1sv18],'adc_measurement_adv$29542413$1'),
reserved([vadc,0,group,ADC_MEASUREMENT_ADV1sv20,ADC_MEASUREMENT_ADV1sv21,ADC_MEASUREMENT_ADV1sv22],'adc_measurement_adv$1509334892$1'),
reserved([vadc,0,group,ADC_MEASUREMENT_ADV1sv23,ADC_MEASUREMENT_ADV1sv24,ADC_MEASUREMENT_ADV1sv25],'adc_measurement_adv$1509334893$1'),
reserved([vadc,0,group,ADC_MEASUREMENT_ADV1sv26,ADC_MEASUREMENT_ADV1sv27,ADC_MEASUREMENT_ADV1sv28],'adc_measurement_adv$1509334894$1'),
reserved([vadc,0,group,ADC_MEASUREMENT_ADV1sv29,ADC_MEASUREMENT_ADV1sv30,ADC_MEASUREMENT_ADV1sv31],'adc_measurement_adv$1509334895$1'),
reserved([vadc,0,group,ADC_MEASUREMENT_ADV1sv32,ADC_MEASUREMENT_ADV1sv33,ADC_MEASUREMENT_ADV1sv34],'adc_measurement_adv$1509334896$1'),
reserved([vadc,0,group,ADC_MEASUREMENT_ADV1sv35,ADC_MEASUREMENT_ADV1sv36,ADC_MEASUREMENT_ADV1sv37],'adc_measurement_adv$1509334897$1'),
reserved([vadc,0,group,ADC_MEASUREMENT_ADV1sv38,ADC_MEASUREMENT_ADV1sv39,ADC_MEASUREMENT_ADV1sv40],'adc_measurement_adv$1509334898$1'),
reserved([vadc,_,group,_,scan],'adc_measurement_adv$1784612637$1'),
reserved([vadc,_,group,_,class,_],'adc_measurement_adv$1492773006$1'),
reserved([p,ANALOG_IO5sv0,pad,_],'analog_io$1282726881$5'),
reserved([devicepackage,0,_],'analog_io$999994027$5'),
reserved([p,ANALOG_IO6sv0,pad,_],'analog_io$772192704$6'),
reserved([devicepackage,0,_],'analog_io$01038062262$6'),
reserved([p,ANALOG_IO7sv0,pad,_],'analog_io$261658527$7'),
reserved([devicepackage,0,_],'analog_io$1218848745$7'),
reserved([p,ANALOG_IO8sv0,pad,_],'analog_io$0248875650$8'),
reserved([devicepackage,0,_],'analog_io$0819207544$8'),
reserved([p,ANALOG_IO9sv0,pad,_],'analog_io$0759409827$9'),
reserved([devicepackage,0,_],'analog_io$1437703463$9'),
reserved([p,ANALOG_IO10sv0,pad,_],'analog_io$01889477709$10'),
reserved([devicepackage,0,_],'analog_io$472386813$10'),
reserved([p,ANALOG_IO11sv0,pad,_],'analog_io$1894955410$11'),
reserved([devicepackage,0,_],'analog_io$01565669476$11'),
reserved([p,DIGITAL_IO1sv0,pad,_],'digital_io$01893669597$1'),
reserved([devicepackage,0,_],'digital_io$02001255827$1'),
reserved([p,DIGITAL_IO2sv0,pad,_],'digital_io$1890763522$2'),
reserved([devicepackage,0,_],'digital_io$255655180$2'),
reserved([p,DIGITAL_IO3sv0,pad,_],'digital_io$1380229345$3'),
reserved([devicepackage,0,_],'digital_io$01782401109$3'),
reserved([p,DIGITAL_IO4sv0,pad,_],'digital_io$869695168$4'),
reserved([devicepackage,0,_],'digital_io$474509898$4'),
reserved([p,DIGITAL_IO5sv0,pad,_],'digital_io$359160991$5'),
reserved([devicepackage,0,_],'digital_io$01563546391$5'),
reserved([p,DIGITAL_IO6sv0,pad,_],'digital_io$0151373186$6'),
reserved([devicepackage,0,_],'digital_io$693364616$6'),
reserved([p,DIGITAL_IO7sv0,pad,_],'digital_io$0661907363$7'),
reserved([devicepackage,0,_],'digital_io$01344691673$7'),
reserved([cpu,0,nvic,interrupt,_],'pin_interrupt$371705443$0'),
reserved([p,_,pad,_],'pin_interrupt$01353729833$0'),
reserved([eru,_,ers_etl,_],'pin_interrupt$504037229$0'),
reserved([eru,_,ogu,_],'pin_interrupt$1919814214$0'),
reserved([scu,_,gcu,interrupt,erunmi,_],'pin_interrupt$01936049730$0'),
reserved([devicepackage,0,_],'pin_interrupt$1126006561$0'),
signal('cpu_ctrl_xmc4$01637679009$0',nmi_in,'cpu_ctrl_xmc4$01637679009$0$nmi_in'),
signal('cpu_ctrl_xmc4$1964564605$0',db_tck,'cpu_ctrl_xmc4$1964564605$0$db_tck'),
signal('cpu_ctrl_xmc4$1964564605$0',db_tms,'cpu_ctrl_xmc4$1964564605$0$db_tms'),
signal('cpu_ctrl_xmc4$1964564605$0',db_etm_traceclk,'cpu_ctrl_xmc4$1964564605$0$db_etm_traceclk'),
signal('cpu_ctrl_xmc4$1964564605$0',db_etm_tracedata0,'cpu_ctrl_xmc4$1964564605$0$db_etm_tracedata0'),
signal('cpu_ctrl_xmc4$1964564605$0',db_etm_tracedata1,'cpu_ctrl_xmc4$1964564605$0$db_etm_tracedata1'),
signal('cpu_ctrl_xmc4$1964564605$0',db_etm_tracedata2,'cpu_ctrl_xmc4$1964564605$0$db_etm_tracedata2'),
signal('cpu_ctrl_xmc4$1964564605$0',db_etm_tracedata3,'cpu_ctrl_xmc4$1964564605$0$db_etm_tracedata3'),
signal('cpu_ctrl_xmc4$1445176365$0',hw_o,'cpu_ctrl_xmc4$1445176365$0$hw_o'),
signal('cpu_ctrl_xmc4$1445176365$0',pad,'cpu_ctrl_xmc4$1445176365$0$pad'),
signal('cpu_ctrl_xmc4$1540657681$0',hw_o,'cpu_ctrl_xmc4$1540657681$0$hw_o'),
signal('cpu_ctrl_xmc4$1540657681$0',pad,'cpu_ctrl_xmc4$1540657681$0$pad'),
signal('cpu_ctrl_xmc4$1540657682$0',hw_o,'cpu_ctrl_xmc4$1540657682$0$hw_o'),
signal('cpu_ctrl_xmc4$1540657682$0',pad,'cpu_ctrl_xmc4$1540657682$0$pad'),
signal('cpu_ctrl_xmc4$1540657683$0',hw_o,'cpu_ctrl_xmc4$1540657683$0$hw_o'),
signal('cpu_ctrl_xmc4$1540657683$0',pad,'cpu_ctrl_xmc4$1540657683$0$pad'),
signal('cpu_ctrl_xmc4$1540657684$0',hw_o,'cpu_ctrl_xmc4$1540657684$0$hw_o'),
signal('cpu_ctrl_xmc4$1540657684$0',pad,'cpu_ctrl_xmc4$1540657684$0$pad'),
signal('cpu_ctrl_xmc4$39943779$0',pin,'cpu_ctrl_xmc4$39943779$0$pin'),
signal('cpu_ctrl_xmc4$0268126521$0',pin,'cpu_ctrl_xmc4$0268126521$0$pin'),
signal('cpu_ctrl_xmc4$0268126520$0',pin,'cpu_ctrl_xmc4$0268126520$0$pin'),
signal('cpu_ctrl_xmc4$0268126519$0',pin,'cpu_ctrl_xmc4$0268126519$0$pin'),
signal('cpu_ctrl_xmc4$0268126518$0',pin,'cpu_ctrl_xmc4$0268126518$0$pin'),
signal('global_ccu8$1465655520$0',global_signal,'global_ccu8$1465655520$0$global_signal'),
signal('global_ccu8$1465655520$0',clk,'global_ccu8$1465655520$0$clk'),
signal('global_ccu8$1118816002$0',gsc_enable,'global_ccu8$1118816002$0$gsc_enable'),
signal('clock_xmc4$494804424$0',fpb,'clock_xmc4$494804424$0$fpb'),
signal('clock_xmc4$01551391625$0',fccu,'clock_xmc4$01551391625$0$fccu'),
signal('pwm_ccu8$01113979708$0',global_signal,'pwm_ccu8$01113979708$0$global_signal'),
signal('pwm_ccu8$01113979708$0',st,'pwm_ccu8$01113979708$0$st'),
signal('pwm_ccu8$01113979708$0',sta,'pwm_ccu8$01113979708$0$sta'),
signal('pwm_ccu8$01113979708$0',stb,'pwm_ccu8$01113979708$0$stb'),
signal('pwm_ccu8$01113979708$0',out0,'pwm_ccu8$01113979708$0$out0'),
signal('pwm_ccu8$01113979708$0',out1,'pwm_ccu8$01113979708$0$out1'),
signal('pwm_ccu8$01113979708$0',out2,'pwm_ccu8$01113979708$0$out2'),
signal('pwm_ccu8$01113979708$0',out3,'pwm_ccu8$01113979708$0$out3'),
signal('pwm_ccu8$01113979708$0',gp0_unsync,'pwm_ccu8$01113979708$0$gp0_unsync'),
signal('pwm_ccu8$01113979708$0',gp1_unsync,'pwm_ccu8$01113979708$0$gp1_unsync'),
signal('pwm_ccu8$01113979708$0',gp2_unsync,'pwm_ccu8$01113979708$0$gp2_unsync'),
signal('pwm_ccu8$01113979708$0',gp0,'pwm_ccu8$01113979708$0$gp0'),
signal('pwm_ccu8$01113979708$0',gp1,'pwm_ccu8$01113979708$0$gp1'),
signal('pwm_ccu8$01113979708$0',gp2,'pwm_ccu8$01113979708$0$gp2'),
signal('pwm_ccu8$01113979708$0',ps,'pwm_ccu8$01113979708$0$ps'),
signal('pwm_ccu8$01113979708$0',mci0,'pwm_ccu8$01113979708$0$mci0'),
signal('pwm_ccu8$01113979708$0',mci1,'pwm_ccu8$01113979708$0$mci1'),
signal('pwm_ccu8$01113979708$0',mci2,'pwm_ccu8$01113979708$0$mci2'),
signal('pwm_ccu8$01113979708$0',mci3,'pwm_ccu8$01113979708$0$mci3'),
signal('pwm_ccu8$01113979708$0',mcss,'pwm_ccu8$01113979708$0$mcss'),
signal('pwm_ccu8$1142931299$1',global_signal,'pwm_ccu8$1142931299$1$global_signal'),
signal('pwm_ccu8$1142931299$1',st,'pwm_ccu8$1142931299$1$st'),
signal('pwm_ccu8$1142931299$1',sta,'pwm_ccu8$1142931299$1$sta'),
signal('pwm_ccu8$1142931299$1',stb,'pwm_ccu8$1142931299$1$stb'),
signal('pwm_ccu8$1142931299$1',out0,'pwm_ccu8$1142931299$1$out0'),
signal('pwm_ccu8$1142931299$1',out1,'pwm_ccu8$1142931299$1$out1'),
signal('pwm_ccu8$1142931299$1',out2,'pwm_ccu8$1142931299$1$out2'),
signal('pwm_ccu8$1142931299$1',out3,'pwm_ccu8$1142931299$1$out3'),
signal('pwm_ccu8$1142931299$1',gp0_unsync,'pwm_ccu8$1142931299$1$gp0_unsync'),
signal('pwm_ccu8$1142931299$1',gp1_unsync,'pwm_ccu8$1142931299$1$gp1_unsync'),
signal('pwm_ccu8$1142931299$1',gp2_unsync,'pwm_ccu8$1142931299$1$gp2_unsync'),
signal('pwm_ccu8$1142931299$1',gp0,'pwm_ccu8$1142931299$1$gp0'),
signal('pwm_ccu8$1142931299$1',gp1,'pwm_ccu8$1142931299$1$gp1'),
signal('pwm_ccu8$1142931299$1',gp2,'pwm_ccu8$1142931299$1$gp2'),
signal('pwm_ccu8$1142931299$1',ps,'pwm_ccu8$1142931299$1$ps'),
signal('pwm_ccu8$1142931299$1',mci0,'pwm_ccu8$1142931299$1$mci0'),
signal('pwm_ccu8$1142931299$1',mci1,'pwm_ccu8$1142931299$1$mci1'),
signal('pwm_ccu8$1142931299$1',mci2,'pwm_ccu8$1142931299$1$mci2'),
signal('pwm_ccu8$1142931299$1',mci3,'pwm_ccu8$1142931299$1$mci3'),
signal('pwm_ccu8$1142931299$1',mcss,'pwm_ccu8$1142931299$1$mcss'),
signal('pwm_ccu8$0895124990$2',global_signal,'pwm_ccu8$0895124990$2$global_signal'),
signal('pwm_ccu8$0895124990$2',st,'pwm_ccu8$0895124990$2$st'),
signal('pwm_ccu8$0895124990$2',sta,'pwm_ccu8$0895124990$2$sta'),
signal('pwm_ccu8$0895124990$2',stb,'pwm_ccu8$0895124990$2$stb'),
signal('pwm_ccu8$0895124990$2',out0,'pwm_ccu8$0895124990$2$out0'),
signal('pwm_ccu8$0895124990$2',out1,'pwm_ccu8$0895124990$2$out1'),
signal('pwm_ccu8$0895124990$2',out2,'pwm_ccu8$0895124990$2$out2'),
signal('pwm_ccu8$0895124990$2',out3,'pwm_ccu8$0895124990$2$out3'),
signal('pwm_ccu8$0895124990$2',gp0_unsync,'pwm_ccu8$0895124990$2$gp0_unsync'),
signal('pwm_ccu8$0895124990$2',gp1_unsync,'pwm_ccu8$0895124990$2$gp1_unsync'),
signal('pwm_ccu8$0895124990$2',gp2_unsync,'pwm_ccu8$0895124990$2$gp2_unsync'),
signal('pwm_ccu8$0895124990$2',gp0,'pwm_ccu8$0895124990$2$gp0'),
signal('pwm_ccu8$0895124990$2',gp1,'pwm_ccu8$0895124990$2$gp1'),
signal('pwm_ccu8$0895124990$2',gp2,'pwm_ccu8$0895124990$2$gp2'),
signal('pwm_ccu8$0895124990$2',ps,'pwm_ccu8$0895124990$2$ps'),
signal('pwm_ccu8$0895124990$2',mci0,'pwm_ccu8$0895124990$2$mci0'),
signal('pwm_ccu8$0895124990$2',mci1,'pwm_ccu8$0895124990$2$mci1'),
signal('pwm_ccu8$0895124990$2',mci2,'pwm_ccu8$0895124990$2$mci2'),
signal('pwm_ccu8$0895124990$2',mci3,'pwm_ccu8$0895124990$2$mci3'),
signal('pwm_ccu8$0895124990$2',mcss,'pwm_ccu8$0895124990$2$mcss'),
signal('pwm_ccu8$1361786017$3',global_signal,'pwm_ccu8$1361786017$3$global_signal'),
signal('pwm_ccu8$1361786017$3',st,'pwm_ccu8$1361786017$3$st'),
signal('pwm_ccu8$1361786017$3',sta,'pwm_ccu8$1361786017$3$sta'),
signal('pwm_ccu8$1361786017$3',stb,'pwm_ccu8$1361786017$3$stb'),
signal('pwm_ccu8$1361786017$3',out0,'pwm_ccu8$1361786017$3$out0'),
signal('pwm_ccu8$1361786017$3',out1,'pwm_ccu8$1361786017$3$out1'),
signal('pwm_ccu8$1361786017$3',out2,'pwm_ccu8$1361786017$3$out2'),
signal('pwm_ccu8$1361786017$3',out3,'pwm_ccu8$1361786017$3$out3'),
signal('pwm_ccu8$1361786017$3',gp0_unsync,'pwm_ccu8$1361786017$3$gp0_unsync'),
signal('pwm_ccu8$1361786017$3',gp1_unsync,'pwm_ccu8$1361786017$3$gp1_unsync'),
signal('pwm_ccu8$1361786017$3',gp2_unsync,'pwm_ccu8$1361786017$3$gp2_unsync'),
signal('pwm_ccu8$1361786017$3',gp0,'pwm_ccu8$1361786017$3$gp0'),
signal('pwm_ccu8$1361786017$3',gp1,'pwm_ccu8$1361786017$3$gp1'),
signal('pwm_ccu8$1361786017$3',gp2,'pwm_ccu8$1361786017$3$gp2'),
signal('pwm_ccu8$1361786017$3',ps,'pwm_ccu8$1361786017$3$ps'),
signal('pwm_ccu8$1361786017$3',mci0,'pwm_ccu8$1361786017$3$mci0'),
signal('pwm_ccu8$1361786017$3',mci1,'pwm_ccu8$1361786017$3$mci1'),
signal('pwm_ccu8$1361786017$3',mci2,'pwm_ccu8$1361786017$3$mci2'),
signal('pwm_ccu8$1361786017$3',mci3,'pwm_ccu8$1361786017$3$mci3'),
signal('pwm_ccu8$1361786017$3',mcss,'pwm_ccu8$1361786017$3$mcss'),
signal('global_ccu8$1476971647$1',global_signal,'global_ccu8$1476971647$1$global_signal'),
signal('global_ccu8$1476971647$1',clk,'global_ccu8$1476971647$1$clk'),
signal('global_ccu8$0581924477$1',gsc_enable,'global_ccu8$0581924477$1$gsc_enable'),
signal('pwm_ccu8$0676270272$4',global_signal,'pwm_ccu8$0676270272$4$global_signal'),
signal('pwm_ccu8$0676270272$4',st,'pwm_ccu8$0676270272$4$st'),
signal('pwm_ccu8$0676270272$4',sta,'pwm_ccu8$0676270272$4$sta'),
signal('pwm_ccu8$0676270272$4',stb,'pwm_ccu8$0676270272$4$stb'),
signal('pwm_ccu8$0676270272$4',out0,'pwm_ccu8$0676270272$4$out0'),
signal('pwm_ccu8$0676270272$4',out1,'pwm_ccu8$0676270272$4$out1'),
signal('pwm_ccu8$0676270272$4',out2,'pwm_ccu8$0676270272$4$out2'),
signal('pwm_ccu8$0676270272$4',out3,'pwm_ccu8$0676270272$4$out3'),
signal('pwm_ccu8$0676270272$4',gp0_unsync,'pwm_ccu8$0676270272$4$gp0_unsync'),
signal('pwm_ccu8$0676270272$4',gp1_unsync,'pwm_ccu8$0676270272$4$gp1_unsync'),
signal('pwm_ccu8$0676270272$4',gp2_unsync,'pwm_ccu8$0676270272$4$gp2_unsync'),
signal('pwm_ccu8$0676270272$4',gp0,'pwm_ccu8$0676270272$4$gp0'),
signal('pwm_ccu8$0676270272$4',gp1,'pwm_ccu8$0676270272$4$gp1'),
signal('pwm_ccu8$0676270272$4',gp2,'pwm_ccu8$0676270272$4$gp2'),
signal('pwm_ccu8$0676270272$4',ps,'pwm_ccu8$0676270272$4$ps'),
signal('pwm_ccu8$0676270272$4',mci0,'pwm_ccu8$0676270272$4$mci0'),
signal('pwm_ccu8$0676270272$4',mci1,'pwm_ccu8$0676270272$4$mci1'),
signal('pwm_ccu8$0676270272$4',mci2,'pwm_ccu8$0676270272$4$mci2'),
signal('pwm_ccu8$0676270272$4',mci3,'pwm_ccu8$0676270272$4$mci3'),
signal('pwm_ccu8$0676270272$4',mcss,'pwm_ccu8$0676270272$4$mcss'),
signal('pwm_ccu8$1580640735$5',global_signal,'pwm_ccu8$1580640735$5$global_signal'),
signal('pwm_ccu8$1580640735$5',st,'pwm_ccu8$1580640735$5$st'),
signal('pwm_ccu8$1580640735$5',sta,'pwm_ccu8$1580640735$5$sta'),
signal('pwm_ccu8$1580640735$5',stb,'pwm_ccu8$1580640735$5$stb'),
signal('pwm_ccu8$1580640735$5',out0,'pwm_ccu8$1580640735$5$out0'),
signal('pwm_ccu8$1580640735$5',out1,'pwm_ccu8$1580640735$5$out1'),
signal('pwm_ccu8$1580640735$5',out2,'pwm_ccu8$1580640735$5$out2'),
signal('pwm_ccu8$1580640735$5',out3,'pwm_ccu8$1580640735$5$out3'),
signal('pwm_ccu8$1580640735$5',gp0_unsync,'pwm_ccu8$1580640735$5$gp0_unsync'),
signal('pwm_ccu8$1580640735$5',gp1_unsync,'pwm_ccu8$1580640735$5$gp1_unsync'),
signal('pwm_ccu8$1580640735$5',gp2_unsync,'pwm_ccu8$1580640735$5$gp2_unsync'),
signal('pwm_ccu8$1580640735$5',gp0,'pwm_ccu8$1580640735$5$gp0'),
signal('pwm_ccu8$1580640735$5',gp1,'pwm_ccu8$1580640735$5$gp1'),
signal('pwm_ccu8$1580640735$5',gp2,'pwm_ccu8$1580640735$5$gp2'),
signal('pwm_ccu8$1580640735$5',ps,'pwm_ccu8$1580640735$5$ps'),
signal('pwm_ccu8$1580640735$5',mci0,'pwm_ccu8$1580640735$5$mci0'),
signal('pwm_ccu8$1580640735$5',mci1,'pwm_ccu8$1580640735$5$mci1'),
signal('pwm_ccu8$1580640735$5',mci2,'pwm_ccu8$1580640735$5$mci2'),
signal('pwm_ccu8$1580640735$5',mci3,'pwm_ccu8$1580640735$5$mci3'),
signal('pwm_ccu8$1580640735$5',mcss,'pwm_ccu8$1580640735$5$mcss'),
signal('pwm_ccu8$0457415554$6',global_signal,'pwm_ccu8$0457415554$6$global_signal'),
signal('pwm_ccu8$0457415554$6',st,'pwm_ccu8$0457415554$6$st'),
signal('pwm_ccu8$0457415554$6',sta,'pwm_ccu8$0457415554$6$sta'),
signal('pwm_ccu8$0457415554$6',stb,'pwm_ccu8$0457415554$6$stb'),
signal('pwm_ccu8$0457415554$6',out0,'pwm_ccu8$0457415554$6$out0'),
signal('pwm_ccu8$0457415554$6',out1,'pwm_ccu8$0457415554$6$out1'),
signal('pwm_ccu8$0457415554$6',out2,'pwm_ccu8$0457415554$6$out2'),
signal('pwm_ccu8$0457415554$6',out3,'pwm_ccu8$0457415554$6$out3'),
signal('pwm_ccu8$0457415554$6',gp0_unsync,'pwm_ccu8$0457415554$6$gp0_unsync'),
signal('pwm_ccu8$0457415554$6',gp1_unsync,'pwm_ccu8$0457415554$6$gp1_unsync'),
signal('pwm_ccu8$0457415554$6',gp2_unsync,'pwm_ccu8$0457415554$6$gp2_unsync'),
signal('pwm_ccu8$0457415554$6',gp0,'pwm_ccu8$0457415554$6$gp0'),
signal('pwm_ccu8$0457415554$6',gp1,'pwm_ccu8$0457415554$6$gp1'),
signal('pwm_ccu8$0457415554$6',gp2,'pwm_ccu8$0457415554$6$gp2'),
signal('pwm_ccu8$0457415554$6',ps,'pwm_ccu8$0457415554$6$ps'),
signal('pwm_ccu8$0457415554$6',mci0,'pwm_ccu8$0457415554$6$mci0'),
signal('pwm_ccu8$0457415554$6',mci1,'pwm_ccu8$0457415554$6$mci1'),
signal('pwm_ccu8$0457415554$6',mci2,'pwm_ccu8$0457415554$6$mci2'),
signal('pwm_ccu8$0457415554$6',mci3,'pwm_ccu8$0457415554$6$mci3'),
signal('pwm_ccu8$0457415554$6',mcss,'pwm_ccu8$0457415554$6$mcss'),
signal('pwm_ccu8$1799495453$7',global_signal,'pwm_ccu8$1799495453$7$global_signal'),
signal('pwm_ccu8$1799495453$7',st,'pwm_ccu8$1799495453$7$st'),
signal('pwm_ccu8$1799495453$7',sta,'pwm_ccu8$1799495453$7$sta'),
signal('pwm_ccu8$1799495453$7',stb,'pwm_ccu8$1799495453$7$stb'),
signal('pwm_ccu8$1799495453$7',out0,'pwm_ccu8$1799495453$7$out0'),
signal('pwm_ccu8$1799495453$7',out1,'pwm_ccu8$1799495453$7$out1'),
signal('pwm_ccu8$1799495453$7',out2,'pwm_ccu8$1799495453$7$out2'),
signal('pwm_ccu8$1799495453$7',out3,'pwm_ccu8$1799495453$7$out3'),
signal('pwm_ccu8$1799495453$7',gp0_unsync,'pwm_ccu8$1799495453$7$gp0_unsync'),
signal('pwm_ccu8$1799495453$7',gp1_unsync,'pwm_ccu8$1799495453$7$gp1_unsync'),
signal('pwm_ccu8$1799495453$7',gp2_unsync,'pwm_ccu8$1799495453$7$gp2_unsync'),
signal('pwm_ccu8$1799495453$7',gp0,'pwm_ccu8$1799495453$7$gp0'),
signal('pwm_ccu8$1799495453$7',gp1,'pwm_ccu8$1799495453$7$gp1'),
signal('pwm_ccu8$1799495453$7',gp2,'pwm_ccu8$1799495453$7$gp2'),
signal('pwm_ccu8$1799495453$7',ps,'pwm_ccu8$1799495453$7$ps'),
signal('pwm_ccu8$1799495453$7',mci0,'pwm_ccu8$1799495453$7$mci0'),
signal('pwm_ccu8$1799495453$7',mci1,'pwm_ccu8$1799495453$7$mci1'),
signal('pwm_ccu8$1799495453$7',mci2,'pwm_ccu8$1799495453$7$mci2'),
signal('pwm_ccu8$1799495453$7',mci3,'pwm_ccu8$1799495453$7$mci3'),
signal('pwm_ccu8$1799495453$7',mcss,'pwm_ccu8$1799495453$7$mcss'),
signal('uart$02118624699$0',dx0ins,'uart$02118624699$0$dx0ins'),
signal('uart$02118624699$0',dx3ins,'uart$02118624699$0$dx3ins'),
signal('uart$02118624699$0',dout0,'uart$02118624699$0$dout0'),
signal('uart$01053640812$0',pad,'uart$01053640812$0$pad'),
signal('uart$01053640750$0',pad,'uart$01053640750$0$pad'),
signal('uart$02118624699$0',protocol_specific_int,'uart$02118624699$0$protocol_specific_int'),
signal('uart$02118624699$0',standard_transmit_buffer_int,'uart$02118624699$0$standard_transmit_buffer_int'),
signal('uart$02118624699$0',standard_receive_buffer_int,'uart$02118624699$0$standard_receive_buffer_int'),
signal('uart$02118624699$0',alternate_receive_buffer_int,'uart$02118624699$0$alternate_receive_buffer_int'),
signal('uart$01148723541$0',signal_in,'uart$01148723541$0$signal_in'),
signal('uart$01148723603$0',signal_in,'uart$01148723603$0$signal_in'),
signal('uart$0164365666$0',pin,'uart$0164365666$0$pin'),
signal('uart$0164365604$0',pin,'uart$0164365604$0$pin'),
signal('spi_slave$01366864342$0',dx0ins,'spi_slave$01366864342$0$dx0ins'),
signal('spi_slave$01366864342$0',dx1ins,'spi_slave$01366864342$0$dx1ins'),
signal('spi_slave$01366864342$0',dx2ins,'spi_slave$01366864342$0$dx2ins'),
signal('spi_slave$01366864342$0',dx3ins,'spi_slave$01366864342$0$dx3ins'),
signal('spi_slave$01366864342$0',dx4ins,'spi_slave$01366864342$0$dx4ins'),
signal('spi_slave$01366864342$0',dx5ins,'spi_slave$01366864342$0$dx5ins'),
signal('spi_slave$01366864342$0',dout0,'spi_slave$01366864342$0$dout0'),
signal('spi_slave$01366864342$0',dout1,'spi_slave$01366864342$0$dout1'),
signal('spi_slave$1145447222$0',pad,'spi_slave$1145447222$0$pad'),
signal('spi_slave$01333033692$0',pad,'spi_slave$01333033692$0$pad'),
signal('spi_slave$0403454326$0',pad,'spi_slave$0403454326$0$pad'),
signal('spi_slave$125532735$0',pad,'spi_slave$125532735$0$pad'),
signal('spi_slave$01366864342$0',protocol_specific_int,'spi_slave$01366864342$0$protocol_specific_int'),
signal('spi_slave$01366864342$0',standard_transmit_buffer_int,'spi_slave$01366864342$0$standard_transmit_buffer_int'),
signal('spi_slave$01366864342$0',standard_receive_buffer_int,'spi_slave$01366864342$0$standard_receive_buffer_int'),
signal('spi_slave$01366864342$0',alternate_receive_buffer_int,'spi_slave$01366864342$0$alternate_receive_buffer_int'),
signal('spi_slave$01881239066$0',signal_in,'spi_slave$01881239066$0$signal_in'),
signal('spi_slave$01881239128$0',signal_in,'spi_slave$01881239128$0$signal_in'),
signal('spi_slave$1438010906$0',pin,'spi_slave$1438010906$0$pin'),
signal('spi_slave$912294912$0',pin,'spi_slave$912294912$0$pin'),
signal('spi_slave$1074287872$0',pin,'spi_slave$1074287872$0$pin'),
signal('spi_slave$01073724151$0',pin,'spi_slave$01073724151$0$pin'),
signal('global_ccu4$01760137752$0',global_signal,'global_ccu4$01760137752$0$global_signal'),
signal('global_ccu4$01760137752$0',clk,'global_ccu4$01760137752$0$clk'),
signal('global_ccu4$89752826$0',gsc_enable,'global_ccu4$89752826$0$gsc_enable'),
signal('global_posif$096723225$0',global_signal,'global_posif$096723225$0$global_signal'),
signal('global_posif$096723225$0',clk,'global_posif$096723225$0$clk'),
signal('encoder_posif$0809707646$0',ipos0,'encoder_posif$0809707646$0$ipos0'),
signal('encoder_posif$0809707646$0',ipos1,'encoder_posif$0809707646$0$ipos1'),
signal('encoder_posif$0809707646$0',erre,'encoder_posif$0809707646$0$erre'),
signal('encoder_posif$0809707646$0',cnte,'encoder_posif$0809707646$0$cnte'),
signal('encoder_posif$0809707646$0',dire,'encoder_posif$0809707646$0$dire'),
signal('encoder_posif$0809707646$0',pcle,'encoder_posif$0809707646$0$pcle'),
signal('encoder_posif$0809707646$0',out0,'encoder_posif$0809707646$0$out0'),
signal('encoder_posif$0809707646$0',out1,'encoder_posif$0809707646$0$out1'),
signal('encoder_posif$0809707646$0',out2,'encoder_posif$0809707646$0$out2'),
signal('encoder_posif$0809707646$0',out5,'encoder_posif$0809707646$0$out5'),
signal('encoder_posif$01718583280$0',pad,'encoder_posif$01718583280$0$pad'),
signal('encoder_posif$01718583279$0',pad,'encoder_posif$01718583279$0$pad'),
signal('encoder_posif$0122803319$0',pad,'encoder_posif$0122803319$0$pad'),
signal('encoder_posif$1605311925$0',global_signal,'encoder_posif$1605311925$0$global_signal'),
signal('encoder_posif$1605311927$0',global_signal,'encoder_posif$1605311927$0$global_signal'),
signal('encoder_posif$1605311928$0',global_signal,'encoder_posif$1605311928$0$global_signal'),
signal('encoder_posif$1605311925$0',gp0_unsync,'encoder_posif$1605311925$0$gp0_unsync'),
signal('encoder_posif$1605311925$0',gp1_unsync,'encoder_posif$1605311925$0$gp1_unsync'),
signal('encoder_posif$1605311925$0',gp2_unsync,'encoder_posif$1605311925$0$gp2_unsync'),
signal('encoder_posif$1605311925$0',st,'encoder_posif$1605311925$0$st'),
signal('encoder_posif$1605311927$0',gp0_unsync,'encoder_posif$1605311927$0$gp0_unsync'),
signal('encoder_posif$1605311927$0',gp1_unsync,'encoder_posif$1605311927$0$gp1_unsync'),
signal('encoder_posif$1605311928$0',gp0_unsync,'encoder_posif$1605311928$0$gp0_unsync'),
signal('encoder_posif$1605311928$0',st,'encoder_posif$1605311928$0$st'),
signal('encoder_posif$01508859622$0',pin,'encoder_posif$01508859622$0$pin'),
signal('encoder_posif$01508859621$0',pin,'encoder_posif$01508859621$0$pin'),
signal('encoder_posif$01512731969$0',pin,'encoder_posif$01512731969$0$pin'),
signal('global_ccu4$01748821625$1',global_signal,'global_ccu4$01748821625$1$global_signal'),
signal('global_ccu4$01748821625$1',clk,'global_ccu4$01748821625$1$clk'),
signal('global_ccu4$01610987653$1',gsc_enable,'global_ccu4$01610987653$1$gsc_enable'),
signal('encoder_posif$1447203361$1',ipos0,'encoder_posif$1447203361$1$ipos0'),
signal('encoder_posif$1447203361$1',ipos1,'encoder_posif$1447203361$1$ipos1'),
signal('encoder_posif$1447203361$1',erre,'encoder_posif$1447203361$1$erre'),
signal('encoder_posif$1447203361$1',cnte,'encoder_posif$1447203361$1$cnte'),
signal('encoder_posif$1447203361$1',dire,'encoder_posif$1447203361$1$dire'),
signal('encoder_posif$1447203361$1',pcle,'encoder_posif$1447203361$1$pcle'),
signal('encoder_posif$1447203361$1',out0,'encoder_posif$1447203361$1$out0'),
signal('encoder_posif$1447203361$1',out1,'encoder_posif$1447203361$1$out1'),
signal('encoder_posif$1447203361$1',out2,'encoder_posif$1447203361$1$out2'),
signal('encoder_posif$1447203361$1',out5,'encoder_posif$1447203361$1$out5'),
signal('encoder_posif$1579311663$1',pad,'encoder_posif$1579311663$1$pad'),
signal('encoder_posif$1579311664$1',pad,'encoder_posif$1579311664$1$pad'),
signal('encoder_posif$227996618$1',pad,'encoder_posif$227996618$1$pad'),
signal('encoder_posif$760840054$1',global_signal,'encoder_posif$760840054$1$global_signal'),
signal('encoder_posif$760840056$1',global_signal,'encoder_posif$760840056$1$global_signal'),
signal('encoder_posif$760840057$1',global_signal,'encoder_posif$760840057$1$global_signal'),
signal('encoder_posif$760840054$1',gp0_unsync,'encoder_posif$760840054$1$gp0_unsync'),
signal('encoder_posif$760840054$1',gp1_unsync,'encoder_posif$760840054$1$gp1_unsync'),
signal('encoder_posif$760840054$1',gp2_unsync,'encoder_posif$760840054$1$gp2_unsync'),
signal('encoder_posif$760840054$1',st,'encoder_posif$760840054$1$st'),
signal('encoder_posif$760840056$1',gp0_unsync,'encoder_posif$760840056$1$gp0_unsync'),
signal('encoder_posif$760840056$1',gp1_unsync,'encoder_posif$760840056$1$gp1_unsync'),
signal('encoder_posif$760840057$1',gp0_unsync,'encoder_posif$760840057$1$gp0_unsync'),
signal('encoder_posif$760840057$1',st,'encoder_posif$760840057$1$st'),
signal('encoder_posif$01575866375$1',pin,'encoder_posif$01575866375$1$pin'),
signal('encoder_posif$01575866374$1',pin,'encoder_posif$01575866374$1$pin'),
signal('encoder_posif$01182966208$1',pin,'encoder_posif$01182966208$1$pin'),
signal('global_adc$1790945385$0',global_signal,'global_adc$1790945385$0$global_signal'),
signal('global_adc$1796505175$0',garbcnt,'global_adc$1796505175$0$garbcnt'),
signal('global_adc$1796505175$0',gsample,'global_adc$1796505175$0$gsample'),
signal('global_adc$1796505175$0',gqueuereq,'global_adc$1796505175$0$gqueuereq'),
signal('global_adc$1796505175$0',gscanreq,'global_adc$1796505175$0$gscanreq'),
signal('global_adc$1796505175$0',gsyncreq,'global_adc$1796505175$0$gsyncreq'),
signal('global_adc$1796505176$0',garbcnt,'global_adc$1796505176$0$garbcnt'),
signal('global_adc$1796505176$0',gsample,'global_adc$1796505176$0$gsample'),
signal('global_adc$1796505176$0',gqueuereq,'global_adc$1796505176$0$gqueuereq'),
signal('global_adc$1796505176$0',gscanreq,'global_adc$1796505176$0$gscanreq'),
signal('global_adc$1796505176$0',gsyncreq,'global_adc$1796505176$0$gsyncreq'),
signal('global_adc$1796505177$0',garbcnt,'global_adc$1796505177$0$garbcnt'),
signal('global_adc$1796505177$0',gsample,'global_adc$1796505177$0$gsample'),
signal('global_adc$1796505177$0',gqueuereq,'global_adc$1796505177$0$gqueuereq'),
signal('global_adc$1796505177$0',gscanreq,'global_adc$1796505177$0$gscanreq'),
signal('global_adc$1796505177$0',gsyncreq,'global_adc$1796505177$0$gsyncreq'),
signal('global_adc$1796505178$0',garbcnt,'global_adc$1796505178$0$garbcnt'),
signal('global_adc$1796505178$0',gsample,'global_adc$1796505178$0$gsample'),
signal('global_adc$1796505178$0',gqueuereq,'global_adc$1796505178$0$gqueuereq'),
signal('global_adc$1796505178$0',gscanreq,'global_adc$1796505178$0$gscanreq'),
signal('global_adc$1796505178$0',gsyncreq,'global_adc$1796505178$0$gsyncreq'),
signal('adc_measurement_adv$248008525$0',ch_class_sel,'adc_measurement_adv$248008525$0$ch_class_sel'),
signal('adc_measurement_adv$248008525$0',scan_class_sel,'adc_measurement_adv$248008525$0$scan_class_sel'),
signal('adc_measurement_adv$431302940$0',class_sel,'adc_measurement_adv$431302940$0$class_sel'),
signal('adc_measurement_adv$431302940$0',select,'adc_measurement_adv$431302940$0$select'),
signal('adc_measurement_adv$431302940$0',req,'adc_measurement_adv$431302940$0$req'),
signal('adc_measurement_adv$431302940$0',global_signal,'adc_measurement_adv$431302940$0$global_signal'),
signal('adc_measurement_adv$431302940$0',greqtr1sel,'adc_measurement_adv$431302940$0$greqtr1sel'),
signal('adc_measurement_adv$431302940$0',greqgt1sel,'adc_measurement_adv$431302940$0$greqgt1sel'),
signal('adc_measurement_adv$431302940$0',sev,'adc_measurement_adv$431302940$0$sev'),
signal('adc_measurement_adv$1424598793$0',gch,'adc_measurement_adv$1424598793$0$gch'),
signal('adc_measurement_adv$1424598797$0',gch,'adc_measurement_adv$1424598797$0$gch'),
signal('adc_measurement_adv$1424598801$0',gch,'adc_measurement_adv$1424598801$0$gch'),
signal('adc_measurement_adv$1212889704$0',gch,'adc_measurement_adv$1212889704$0$gch'),
signal('adc_measurement_adv$1212889708$0',gch,'adc_measurement_adv$1212889708$0$gch'),
signal('adc_measurement_adv$1424598793$0',select,'adc_measurement_adv$1424598793$0$select'),
signal('adc_measurement_adv$1424598797$0',select,'adc_measurement_adv$1424598797$0$select'),
signal('adc_measurement_adv$1424598801$0',select,'adc_measurement_adv$1424598801$0$select'),
signal('adc_measurement_adv$1212889704$0',select,'adc_measurement_adv$1212889704$0$select'),
signal('adc_measurement_adv$1212889708$0',select,'adc_measurement_adv$1212889708$0$select'),
signal('adc_measurement_adv$1424598793$0',iclass_sel,'adc_measurement_adv$1424598793$0$iclass_sel'),
signal('adc_measurement_adv$1424598797$0',iclass_sel,'adc_measurement_adv$1424598797$0$iclass_sel'),
signal('adc_measurement_adv$1424598801$0',iclass_sel,'adc_measurement_adv$1424598801$0$iclass_sel'),
signal('adc_measurement_adv$1212889704$0',iclass_sel,'adc_measurement_adv$1212889704$0$iclass_sel'),
signal('adc_measurement_adv$1212889708$0',iclass_sel,'adc_measurement_adv$1212889708$0$iclass_sel'),
signal('adc_measurement_adv$0461604565$0',res_sel,'adc_measurement_adv$0461604565$0$res_sel'),
signal('adc_measurement_adv$0461604564$0',res_sel,'adc_measurement_adv$0461604564$0$res_sel'),
signal('adc_measurement_adv$0461604563$0',res_sel,'adc_measurement_adv$0461604563$0$res_sel'),
signal('adc_measurement_adv$0461604562$0',res_sel,'adc_measurement_adv$0461604562$0$res_sel'),
signal('adc_measurement_adv$0461604561$0',res_sel,'adc_measurement_adv$0461604561$0$res_sel'),
signal('adc_measurement_adv$1424598793$0',res_sel,'adc_measurement_adv$1424598793$0$res_sel'),
signal('adc_measurement_adv$1424598797$0',res_sel,'adc_measurement_adv$1424598797$0$res_sel'),
signal('adc_measurement_adv$1424598801$0',res_sel,'adc_measurement_adv$1424598801$0$res_sel'),
signal('adc_measurement_adv$1212889704$0',res_sel,'adc_measurement_adv$1212889704$0$res_sel'),
signal('adc_measurement_adv$1212889708$0',res_sel,'adc_measurement_adv$1212889708$0$res_sel'),
signal('adc_measurement_adv$0461604565$0',rev,'adc_measurement_adv$0461604565$0$rev'),
signal('adc_measurement_adv$0461604564$0',rev,'adc_measurement_adv$0461604564$0$rev'),
signal('adc_measurement_adv$0461604563$0',rev,'adc_measurement_adv$0461604563$0$rev'),
signal('adc_measurement_adv$0461604562$0',rev,'adc_measurement_adv$0461604562$0$rev'),
signal('adc_measurement_adv$0461604561$0',rev,'adc_measurement_adv$0461604561$0$rev'),
signal('adc_measurement_adv$1424598793$0',cev,'adc_measurement_adv$1424598793$0$cev'),
signal('adc_measurement_adv$1424598797$0',cev,'adc_measurement_adv$1424598797$0$cev'),
signal('adc_measurement_adv$1424598801$0',cev,'adc_measurement_adv$1424598801$0$cev'),
signal('adc_measurement_adv$1212889704$0',cev,'adc_measurement_adv$1212889704$0$cev'),
signal('adc_measurement_adv$1212889708$0',cev,'adc_measurement_adv$1212889708$0$cev'),
signal('analog_io$0459569530$0',pad,'analog_io$0459569530$0$pad'),
signal('analog_io$01694626416$0',pin,'analog_io$01694626416$0$pin'),
signal('analog_io$0970103707$1',pad,'analog_io$0970103707$1$pad'),
signal('analog_io$562284591$1',pin,'analog_io$562284591$1$pin'),
signal('analog_io$01480637884$2',pad,'analog_io$01480637884$2$pad'),
signal('analog_io$01475771698$2',pin,'analog_io$01475771698$2$pin'),
signal('analog_io$01991172061$3',pad,'analog_io$01991172061$3$pad'),
signal('analog_io$781139309$3',pin,'analog_io$781139309$3$pin'),
signal('analog_io$1793261058$4',pad,'analog_io$1793261058$4$pad'),
signal('analog_io$01256916980$4',pin,'analog_io$01256916980$4$pin'),
signal('adc_measurement_adv$1492773006$1',ch_class_sel,'adc_measurement_adv$1492773006$1$ch_class_sel'),
signal('adc_measurement_adv$1492773006$1',scan_class_sel,'adc_measurement_adv$1492773006$1$scan_class_sel'),
signal('adc_measurement_adv$1784612637$1',class_sel,'adc_measurement_adv$1784612637$1$class_sel'),
signal('adc_measurement_adv$1784612637$1',select,'adc_measurement_adv$1784612637$1$select'),
signal('adc_measurement_adv$1784612637$1',req,'adc_measurement_adv$1784612637$1$req'),
signal('adc_measurement_adv$1784612637$1',global_signal,'adc_measurement_adv$1784612637$1$global_signal'),
signal('adc_measurement_adv$1784612637$1',greqtr1sel,'adc_measurement_adv$1784612637$1$greqtr1sel'),
signal('adc_measurement_adv$1784612637$1',greqgt1sel,'adc_measurement_adv$1784612637$1$greqgt1sel'),
signal('adc_measurement_adv$1784612637$1',sev,'adc_measurement_adv$1784612637$1$sev'),
signal('adc_measurement_adv$0276141686$1',gch,'adc_measurement_adv$0276141686$1$gch'),
signal('adc_measurement_adv$0276141682$1',gch,'adc_measurement_adv$0276141682$1$gch'),
signal('adc_measurement_adv$0276141678$1',gch,'adc_measurement_adv$0276141678$1$gch'),
signal('adc_measurement_adv$29542407$1',gch,'adc_measurement_adv$29542407$1$gch'),
signal('adc_measurement_adv$29542411$1',gch,'adc_measurement_adv$29542411$1$gch'),
signal('adc_measurement_adv$29542412$1',gch,'adc_measurement_adv$29542412$1$gch'),
signal('adc_measurement_adv$29542413$1',gch,'adc_measurement_adv$29542413$1$gch'),
signal('adc_measurement_adv$0276141686$1',select,'adc_measurement_adv$0276141686$1$select'),
signal('adc_measurement_adv$0276141682$1',select,'adc_measurement_adv$0276141682$1$select'),
signal('adc_measurement_adv$0276141678$1',select,'adc_measurement_adv$0276141678$1$select'),
signal('adc_measurement_adv$29542407$1',select,'adc_measurement_adv$29542407$1$select'),
signal('adc_measurement_adv$29542411$1',select,'adc_measurement_adv$29542411$1$select'),
signal('adc_measurement_adv$29542412$1',select,'adc_measurement_adv$29542412$1$select'),
signal('adc_measurement_adv$29542413$1',select,'adc_measurement_adv$29542413$1$select'),
signal('adc_measurement_adv$0276141686$1',iclass_sel,'adc_measurement_adv$0276141686$1$iclass_sel'),
signal('adc_measurement_adv$0276141682$1',iclass_sel,'adc_measurement_adv$0276141682$1$iclass_sel'),
signal('adc_measurement_adv$0276141678$1',iclass_sel,'adc_measurement_adv$0276141678$1$iclass_sel'),
signal('adc_measurement_adv$29542407$1',iclass_sel,'adc_measurement_adv$29542407$1$iclass_sel'),
signal('adc_measurement_adv$29542411$1',iclass_sel,'adc_measurement_adv$29542411$1$iclass_sel'),
signal('adc_measurement_adv$29542412$1',iclass_sel,'adc_measurement_adv$29542412$1$iclass_sel'),
signal('adc_measurement_adv$29542413$1',iclass_sel,'adc_measurement_adv$29542413$1$iclass_sel'),
signal('adc_measurement_adv$1509334892$1',res_sel,'adc_measurement_adv$1509334892$1$res_sel'),
signal('adc_measurement_adv$1509334893$1',res_sel,'adc_measurement_adv$1509334893$1$res_sel'),
signal('adc_measurement_adv$1509334894$1',res_sel,'adc_measurement_adv$1509334894$1$res_sel'),
signal('adc_measurement_adv$1509334895$1',res_sel,'adc_measurement_adv$1509334895$1$res_sel'),
signal('adc_measurement_adv$1509334896$1',res_sel,'adc_measurement_adv$1509334896$1$res_sel'),
signal('adc_measurement_adv$1509334897$1',res_sel,'adc_measurement_adv$1509334897$1$res_sel'),
signal('adc_measurement_adv$1509334898$1',res_sel,'adc_measurement_adv$1509334898$1$res_sel'),
signal('adc_measurement_adv$0276141686$1',res_sel,'adc_measurement_adv$0276141686$1$res_sel'),
signal('adc_measurement_adv$0276141682$1',res_sel,'adc_measurement_adv$0276141682$1$res_sel'),
signal('adc_measurement_adv$0276141678$1',res_sel,'adc_measurement_adv$0276141678$1$res_sel'),
signal('adc_measurement_adv$29542407$1',res_sel,'adc_measurement_adv$29542407$1$res_sel'),
signal('adc_measurement_adv$29542411$1',res_sel,'adc_measurement_adv$29542411$1$res_sel'),
signal('adc_measurement_adv$29542412$1',res_sel,'adc_measurement_adv$29542412$1$res_sel'),
signal('adc_measurement_adv$29542413$1',res_sel,'adc_measurement_adv$29542413$1$res_sel'),
signal('adc_measurement_adv$1509334892$1',rev,'adc_measurement_adv$1509334892$1$rev'),
signal('adc_measurement_adv$1509334893$1',rev,'adc_measurement_adv$1509334893$1$rev'),
signal('adc_measurement_adv$1509334894$1',rev,'adc_measurement_adv$1509334894$1$rev'),
signal('adc_measurement_adv$1509334895$1',rev,'adc_measurement_adv$1509334895$1$rev'),
signal('adc_measurement_adv$1509334896$1',rev,'adc_measurement_adv$1509334896$1$rev'),
signal('adc_measurement_adv$1509334897$1',rev,'adc_measurement_adv$1509334897$1$rev'),
signal('adc_measurement_adv$1509334898$1',rev,'adc_measurement_adv$1509334898$1$rev'),
signal('adc_measurement_adv$0276141686$1',cev,'adc_measurement_adv$0276141686$1$cev'),
signal('adc_measurement_adv$0276141682$1',cev,'adc_measurement_adv$0276141682$1$cev'),
signal('adc_measurement_adv$0276141678$1',cev,'adc_measurement_adv$0276141678$1$cev'),
signal('adc_measurement_adv$29542407$1',cev,'adc_measurement_adv$29542407$1$cev'),
signal('adc_measurement_adv$29542411$1',cev,'adc_measurement_adv$29542411$1$cev'),
signal('adc_measurement_adv$29542412$1',cev,'adc_measurement_adv$29542412$1$cev'),
signal('adc_measurement_adv$29542413$1',cev,'adc_measurement_adv$29542413$1$cev'),
signal('analog_io$1282726881$5',pad,'analog_io$1282726881$5$pad'),
signal('analog_io$999994027$5',pin,'analog_io$999994027$5$pin'),
signal('analog_io$772192704$6',pad,'analog_io$772192704$6$pad'),
signal('analog_io$01038062262$6',pin,'analog_io$01038062262$6$pin'),
signal('analog_io$261658527$7',pad,'analog_io$261658527$7$pad'),
signal('analog_io$1218848745$7',pin,'analog_io$1218848745$7$pin'),
signal('analog_io$0248875650$8',pad,'analog_io$0248875650$8$pad'),
signal('analog_io$0819207544$8',pin,'analog_io$0819207544$8$pin'),
signal('analog_io$0759409827$9',pad,'analog_io$0759409827$9$pad'),
signal('analog_io$1437703463$9',pin,'analog_io$1437703463$9$pin'),
signal('analog_io$01889477709$10',pad,'analog_io$01889477709$10$pad'),
signal('analog_io$472386813$10',pin,'analog_io$472386813$10$pin'),
signal('analog_io$1894955410$11',pad,'analog_io$1894955410$11$pad'),
signal('analog_io$01565669476$11',pin,'analog_io$01565669476$11$pin'),
signal('digital_io$01893669597$1',pad,'digital_io$01893669597$1$pad'),
signal('digital_io$02001255827$1',pin,'digital_io$02001255827$1$pin'),
signal('digital_io$1890763522$2',pad,'digital_io$1890763522$2$pad'),
signal('digital_io$255655180$2',pin,'digital_io$255655180$2$pin'),
signal('digital_io$1380229345$3',pad,'digital_io$1380229345$3$pad'),
signal('digital_io$01782401109$3',pin,'digital_io$01782401109$3$pin'),
signal('digital_io$869695168$4',pad,'digital_io$869695168$4$pad'),
signal('digital_io$474509898$4',pin,'digital_io$474509898$4$pin'),
signal('digital_io$359160991$5',pad,'digital_io$359160991$5$pad'),
signal('digital_io$01563546391$5',pin,'digital_io$01563546391$5$pin'),
signal('digital_io$0151373186$6',pad,'digital_io$0151373186$6$pad'),
signal('digital_io$693364616$6',pin,'digital_io$693364616$6$pin'),
signal('digital_io$0661907363$7',pad,'digital_io$0661907363$7$pad'),
signal('digital_io$01344691673$7',pin,'digital_io$01344691673$7$pin'),
signal('pin_interrupt$504037229$0',PIN_INTERRUPT0sv0,'pin_interrupt$504037229$0$PIN_INTERRUPT0sv0'),
signal('pin_interrupt$01353729833$0',pad,'pin_interrupt$01353729833$0$pad'),
signal('pin_interrupt$504037229$0',tr,'pin_interrupt$504037229$0$tr'),
signal('pin_interrupt$1919814214$0',trin,'pin_interrupt$1919814214$0$trin'),
signal('pin_interrupt$1919814214$0',iout,'pin_interrupt$1919814214$0$iout'),
signal('pin_interrupt$371705443$0',signal_in,'pin_interrupt$371705443$0$signal_in'),
signal('pin_interrupt$01936049730$0',in,'pin_interrupt$01936049730$0$in'),
signal('pin_interrupt$01936049730$0',out,'pin_interrupt$01936049730$0$out'),
signal('pin_interrupt$1126006561$0',pin,'pin_interrupt$1126006561$0$pin'),
connected('cpu_ctrl_xmc4$39943779$0$pin','cpu_ctrl_xmc4$1445176365$0$pad',1),
connected('cpu_ctrl_xmc4$0268126521$0$pin','cpu_ctrl_xmc4$1540657681$0$pad',1),
connected('cpu_ctrl_xmc4$0268126520$0$pin','cpu_ctrl_xmc4$1540657682$0$pad',1),
connected('cpu_ctrl_xmc4$0268126519$0$pin','cpu_ctrl_xmc4$1540657683$0$pad',1),
connected('cpu_ctrl_xmc4$0268126518$0$pin','cpu_ctrl_xmc4$1540657684$0$pad',1),
connected('cpu_ctrl_xmc4$1445176365$0$pad','cpu_ctrl_xmc4$39943779$0$pin',1),
connected('cpu_ctrl_xmc4$1540657681$0$pad','cpu_ctrl_xmc4$0268126521$0$pin',1),
connected('cpu_ctrl_xmc4$1540657682$0$pad','cpu_ctrl_xmc4$0268126520$0$pin',1),
connected('cpu_ctrl_xmc4$1540657683$0$pad','cpu_ctrl_xmc4$0268126519$0$pin',1),
connected('cpu_ctrl_xmc4$1540657684$0$pad','cpu_ctrl_xmc4$0268126518$0$pin',1),
connected('cpu_ctrl_xmc4$1964564605$0$db_etm_traceclk','cpu_ctrl_xmc4$1445176365$0$hw_o',1),
connected('cpu_ctrl_xmc4$1964564605$0$db_etm_tracedata0','cpu_ctrl_xmc4$1540657681$0$hw_o',1),
connected('cpu_ctrl_xmc4$1964564605$0$db_etm_tracedata1','cpu_ctrl_xmc4$1540657682$0$hw_o',1),
connected('cpu_ctrl_xmc4$1964564605$0$db_etm_tracedata2','cpu_ctrl_xmc4$1540657683$0$hw_o',1),
connected('cpu_ctrl_xmc4$1964564605$0$db_etm_tracedata3','cpu_ctrl_xmc4$1540657684$0$hw_o',1),
connected('clock_xmc4$01551391625$0$fccu','global_ccu8$1465655520$0$clk',1),
connected('global_ccu8$1465655520$0$global_signal','pwm_ccu8$01113979708$0$global_signal',1),
connected('global_ccu8$1465655520$0$global_signal','pwm_ccu8$1142931299$1$global_signal',1),
connected('global_ccu8$1465655520$0$global_signal','pwm_ccu8$0895124990$2$global_signal',1),
connected('global_ccu8$1465655520$0$global_signal','pwm_ccu8$1361786017$3$global_signal',1),
connected('clock_xmc4$01551391625$0$fccu','global_ccu8$1476971647$1$clk',1),
connected('global_ccu8$1476971647$1$global_signal','pwm_ccu8$0676270272$4$global_signal',1),
connected('global_ccu8$1476971647$1$global_signal','pwm_ccu8$1580640735$5$global_signal',1),
connected('global_ccu8$1476971647$1$global_signal','pwm_ccu8$0457415554$6$global_signal',1),
connected('global_ccu8$1476971647$1$global_signal','pwm_ccu8$1799495453$7$global_signal',1),
connected('uart$0164365666$0$pin','uart$01053640812$0$pad',1),
connected('uart$0164365604$0$pin','uart$01053640750$0$pad',1),
connected('uart$02118624699$0$dout0','uart$01053640750$0$pad',1),
connected('uart$02118624699$0$alternate_receive_buffer_int','uart$01148723603$0$signal_in',1),
connected('uart$02118624699$0$standard_receive_buffer_int','uart$01148723603$0$signal_in',1),
connected('uart$02118624699$0$standard_transmit_buffer_int','uart$01148723541$0$signal_in',1),
connected('uart$01053640812$0$pad','uart$0164365666$0$pin',1),
connected('uart$01053640812$0$pad','uart$02118624699$0$dx0ins',1),
connected('uart$01053640750$0$pad','uart$0164365604$0$pin',1),
connected('spi_slave$912294912$0$pin','spi_slave$1145447222$0$pad',1),
connected('spi_slave$1438010906$0$pin','spi_slave$01333033692$0$pad',1),
connected('spi_slave$1074287872$0$pin','spi_slave$0403454326$0$pad',1),
connected('spi_slave$01073724151$0$pin','spi_slave$125532735$0$pad',1),
connected('spi_slave$01366864342$0$dout0','spi_slave$1145447222$0$pad',1),
connected('spi_slave$01366864342$0$alternate_receive_buffer_int','spi_slave$01881239128$0$signal_in',1),
connected('spi_slave$01366864342$0$standard_receive_buffer_int','spi_slave$01881239128$0$signal_in',1),
connected('spi_slave$01366864342$0$standard_transmit_buffer_int','spi_slave$01881239066$0$signal_in',1),
connected('spi_slave$1145447222$0$pad','spi_slave$912294912$0$pin',1),
connected('spi_slave$01333033692$0$pad','spi_slave$1438010906$0$pin',1),
connected('spi_slave$01333033692$0$pad','spi_slave$01366864342$0$dx0ins',1),
connected('spi_slave$0403454326$0$pad','spi_slave$1074287872$0$pin',1),
connected('spi_slave$0403454326$0$pad','spi_slave$01366864342$0$dx1ins',1),
connected('spi_slave$125532735$0$pad','spi_slave$01073724151$0$pin',1),
connected('spi_slave$125532735$0$pad','spi_slave$01366864342$0$dx2ins',1),
connected('clock_xmc4$01551391625$0$fccu','global_ccu4$01760137752$0$clk',1),
connected('encoder_posif$01512731969$0$pin','encoder_posif$0122803319$0$pad',1),
connected('encoder_posif$01508859622$0$pin','encoder_posif$01718583280$0$pad',1),
connected('encoder_posif$01508859621$0$pin','encoder_posif$01718583279$0$pad',1),
connected('encoder_posif$1605311928$0$st','encoder_posif$1605311925$0$gp2_unsync',1),
connected('encoder_posif$1605311928$0$st','encoder_posif$1605311927$0$gp1_unsync',1),
connected('encoder_posif$0809707646$0$out0','encoder_posif$1605311925$0$gp0_unsync',1),
connected('encoder_posif$0809707646$0$out1','encoder_posif$1605311925$0$gp1_unsync',1),
connected('encoder_posif$0809707646$0$out2','encoder_posif$1605311927$0$gp0_unsync',1),
connected('encoder_posif$0809707646$0$out5','encoder_posif$1605311928$0$gp0_unsync',1),
connected('encoder_posif$0122803319$0$pad','encoder_posif$01512731969$0$pin',1),
connected('encoder_posif$01718583280$0$pad','encoder_posif$01508859622$0$pin',1),
connected('encoder_posif$01718583280$0$pad','encoder_posif$0809707646$0$ipos0',1),
connected('encoder_posif$01718583279$0$pad','encoder_posif$01508859621$0$pin',1),
connected('encoder_posif$01718583279$0$pad','encoder_posif$0809707646$0$ipos1',1),
connected('global_ccu4$01760137752$0$global_signal','encoder_posif$1605311925$0$global_signal',1),
connected('global_ccu4$01760137752$0$global_signal','encoder_posif$1605311927$0$global_signal',1),
connected('global_ccu4$01760137752$0$global_signal','encoder_posif$1605311928$0$global_signal',1),
connected('clock_xmc4$01551391625$0$fccu','global_ccu4$01748821625$1$clk',1),
connected('encoder_posif$01182966208$1$pin','encoder_posif$227996618$1$pad',1),
connected('encoder_posif$01575866375$1$pin','encoder_posif$1579311663$1$pad',1),
connected('encoder_posif$01575866374$1$pin','encoder_posif$1579311664$1$pad',1),
connected('encoder_posif$760840057$1$st','encoder_posif$760840054$1$gp2_unsync',1),
connected('encoder_posif$760840057$1$st','encoder_posif$760840056$1$gp1_unsync',1),
connected('encoder_posif$1447203361$1$out0','encoder_posif$760840054$1$gp0_unsync',1),
connected('encoder_posif$1447203361$1$out1','encoder_posif$760840054$1$gp1_unsync',1),
connected('encoder_posif$1447203361$1$out2','encoder_posif$760840056$1$gp0_unsync',1),
connected('encoder_posif$1447203361$1$out5','encoder_posif$760840057$1$gp0_unsync',1),
connected('encoder_posif$227996618$1$pad','encoder_posif$01182966208$1$pin',1),
connected('encoder_posif$1579311663$1$pad','encoder_posif$01575866375$1$pin',1),
connected('encoder_posif$1579311663$1$pad','encoder_posif$1447203361$1$ipos0',1),
connected('encoder_posif$1579311664$1$pad','encoder_posif$01575866374$1$pin',1),
connected('encoder_posif$1579311664$1$pad','encoder_posif$1447203361$1$ipos1',1),
connected('global_ccu4$01748821625$1$global_signal','encoder_posif$760840054$1$global_signal',1),
connected('global_ccu4$01748821625$1$global_signal','encoder_posif$760840056$1$global_signal',1),
connected('global_ccu4$01748821625$1$global_signal','encoder_posif$760840057$1$global_signal',1),
connected('analog_io$0459569530$0$pad','adc_measurement_adv$1424598793$0$gch',1),
connected('analog_io$0970103707$1$pad','adc_measurement_adv$1212889708$0$gch',1),
connected('analog_io$01480637884$2$pad','adc_measurement_adv$1212889704$0$gch',1),
connected('analog_io$01991172061$3$pad','adc_measurement_adv$1424598801$0$gch',1),
connected('analog_io$1793261058$4$pad','adc_measurement_adv$1424598797$0$gch',1),
connected('adc_measurement_adv$1424598793$0$res_sel','adc_measurement_adv$0461604565$0$res_sel',1),
connected('adc_measurement_adv$1212889704$0$res_sel','adc_measurement_adv$0461604562$0$res_sel',1),
connected('adc_measurement_adv$1212889708$0$res_sel','adc_measurement_adv$0461604561$0$res_sel',1),
connected('adc_measurement_adv$1424598797$0$res_sel','adc_measurement_adv$0461604564$0$res_sel',1),
connected('adc_measurement_adv$1424598801$0$res_sel','adc_measurement_adv$0461604563$0$res_sel',1),
connected('adc_measurement_adv$248008525$0$ch_class_sel','adc_measurement_adv$1424598793$0$iclass_sel',1),
connected('adc_measurement_adv$248008525$0$ch_class_sel','adc_measurement_adv$1424598797$0$iclass_sel',1),
connected('adc_measurement_adv$248008525$0$ch_class_sel','adc_measurement_adv$1424598801$0$iclass_sel',1),
connected('adc_measurement_adv$248008525$0$ch_class_sel','adc_measurement_adv$1212889704$0$iclass_sel',1),
connected('adc_measurement_adv$248008525$0$ch_class_sel','adc_measurement_adv$1212889708$0$iclass_sel',1),
connected('adc_measurement_adv$431302940$0$class_sel','adc_measurement_adv$248008525$0$scan_class_sel',1),
connected('global_adc$1790945385$0$global_signal','adc_measurement_adv$431302940$0$global_signal',1),
connected('analog_io$01694626416$0$pin','analog_io$0459569530$0$pad',1),
connected('analog_io$0459569530$0$pad','analog_io$01694626416$0$pin',1),
connected('analog_io$562284591$1$pin','analog_io$0970103707$1$pad',1),
connected('analog_io$0970103707$1$pad','analog_io$562284591$1$pin',1),
connected('analog_io$01475771698$2$pin','analog_io$01480637884$2$pad',1),
connected('analog_io$01480637884$2$pad','analog_io$01475771698$2$pin',1),
connected('analog_io$781139309$3$pin','analog_io$01991172061$3$pad',1),
connected('analog_io$01991172061$3$pad','analog_io$781139309$3$pin',1),
connected('analog_io$01256916980$4$pin','analog_io$1793261058$4$pad',1),
connected('analog_io$1793261058$4$pad','analog_io$01256916980$4$pin',1),
connected('analog_io$01889477709$10$pad','adc_measurement_adv$0276141682$1$gch',1),
connected('analog_io$1894955410$11$pad','adc_measurement_adv$0276141686$1$gch',1),
connected('analog_io$1282726881$5$pad','adc_measurement_adv$29542413$1$gch',1),
connected('analog_io$772192704$6$pad','adc_measurement_adv$29542412$1$gch',1),
connected('analog_io$261658527$7$pad','adc_measurement_adv$29542411$1$gch',1),
connected('analog_io$0248875650$8$pad','adc_measurement_adv$29542407$1$gch',1),
connected('analog_io$0759409827$9$pad','adc_measurement_adv$0276141678$1$gch',1),
connected('adc_measurement_adv$0276141686$1$res_sel','adc_measurement_adv$1509334892$1$res_sel',1),
connected('adc_measurement_adv$29542407$1$res_sel','adc_measurement_adv$1509334895$1$res_sel',1),
connected('adc_measurement_adv$29542411$1$res_sel','adc_measurement_adv$1509334896$1$res_sel',1),
connected('adc_measurement_adv$29542412$1$res_sel','adc_measurement_adv$1509334897$1$res_sel',1),
connected('adc_measurement_adv$29542413$1$res_sel','adc_measurement_adv$1509334898$1$res_sel',1),
connected('adc_measurement_adv$0276141682$1$res_sel','adc_measurement_adv$1509334893$1$res_sel',1),
connected('adc_measurement_adv$0276141678$1$res_sel','adc_measurement_adv$1509334894$1$res_sel',1),
connected('adc_measurement_adv$1492773006$1$ch_class_sel','adc_measurement_adv$0276141686$1$iclass_sel',1),
connected('adc_measurement_adv$1492773006$1$ch_class_sel','adc_measurement_adv$0276141682$1$iclass_sel',1),
connected('adc_measurement_adv$1492773006$1$ch_class_sel','adc_measurement_adv$0276141678$1$iclass_sel',1),
connected('adc_measurement_adv$1492773006$1$ch_class_sel','adc_measurement_adv$29542407$1$iclass_sel',1),
connected('adc_measurement_adv$1492773006$1$ch_class_sel','adc_measurement_adv$29542411$1$iclass_sel',1),
connected('adc_measurement_adv$1492773006$1$ch_class_sel','adc_measurement_adv$29542412$1$iclass_sel',1),
connected('adc_measurement_adv$1492773006$1$ch_class_sel','adc_measurement_adv$29542413$1$iclass_sel',1),
connected('adc_measurement_adv$1784612637$1$class_sel','adc_measurement_adv$1492773006$1$scan_class_sel',1),
connected('global_adc$1790945385$0$global_signal','adc_measurement_adv$1784612637$1$global_signal',1),
connected('analog_io$999994027$5$pin','analog_io$1282726881$5$pad',1),
connected('analog_io$1282726881$5$pad','analog_io$999994027$5$pin',1),
connected('analog_io$01038062262$6$pin','analog_io$772192704$6$pad',1),
connected('analog_io$772192704$6$pad','analog_io$01038062262$6$pin',1),
connected('analog_io$1218848745$7$pin','analog_io$261658527$7$pad',1),
connected('analog_io$261658527$7$pad','analog_io$1218848745$7$pin',1),
connected('analog_io$0819207544$8$pin','analog_io$0248875650$8$pad',1),
connected('analog_io$0248875650$8$pad','analog_io$0819207544$8$pin',1),
connected('analog_io$1437703463$9$pin','analog_io$0759409827$9$pad',1),
connected('analog_io$0759409827$9$pad','analog_io$1437703463$9$pin',1),
connected('analog_io$472386813$10$pin','analog_io$01889477709$10$pad',1),
connected('analog_io$01889477709$10$pad','analog_io$472386813$10$pin',1),
connected('analog_io$01565669476$11$pin','analog_io$1894955410$11$pad',1),
connected('analog_io$1894955410$11$pad','analog_io$01565669476$11$pin',1),
connected('digital_io$02001255827$1$pin','digital_io$01893669597$1$pad',1),
connected('digital_io$01893669597$1$pad','digital_io$02001255827$1$pin',1),
connected('digital_io$255655180$2$pin','digital_io$1890763522$2$pad',1),
connected('digital_io$1890763522$2$pad','digital_io$255655180$2$pin',1),
connected('digital_io$01782401109$3$pin','digital_io$1380229345$3$pad',1),
connected('digital_io$1380229345$3$pad','digital_io$01782401109$3$pin',1),
connected('digital_io$474509898$4$pin','digital_io$869695168$4$pad',1),
connected('digital_io$869695168$4$pad','digital_io$474509898$4$pin',1),
connected('digital_io$01563546391$5$pin','digital_io$359160991$5$pad',1),
connected('digital_io$359160991$5$pad','digital_io$01563546391$5$pin',1),
connected('digital_io$693364616$6$pin','digital_io$0151373186$6$pad',1),
connected('digital_io$0151373186$6$pad','digital_io$693364616$6$pin',1),
connected('digital_io$01344691673$7$pin','digital_io$0661907363$7$pad',1),
connected('digital_io$0661907363$7$pad','digital_io$01344691673$7$pin',1),
connected('pin_interrupt$1126006561$0$pin','pin_interrupt$01353729833$0$pad',1),
connected('pin_interrupt$504037229$0$tr','pin_interrupt$1919814214$0$trin',1),
connected('pin_interrupt$01936049730$0$out','pin_interrupt$371705443$0$signal_in',1),
connected('pin_interrupt$01353729833$0$pad','pin_interrupt$1126006561$0$pin',1),
connected('pin_interrupt$01353729833$0$pad','pin_interrupt$504037229$0$PIN_INTERRUPT0sv0',1),
connected('pin_interrupt$1919814214$0$iout','pin_interrupt$01936049730$0$in',1),
register_value('cpu_ctrl_xmc4$1540657684$0',iocr_oe,1),
rg_constraint_property_value('cpu_ctrl_xmc4$1540657684$0', speed_class of rg_property, ['A2']),
uri_element_range(ADC_MEASUREMENT_ADV1sv39,[result, result_adv, result_filter]),
uri_element_range(ADC_MEASUREMENT_ADV0sv30,[result, result_adv, result_filter]),
uri_element_range(ANALOG_IO1sv0,[14, 15]),
register_value('cpu_ctrl_xmc4$1540657682$0',iocr_oe,1),
rg_constraint_property_value('cpu_ctrl_xmc4$1540657682$0', speed_class of rg_property, ['A2']),
uri_element_range(ADC_MEASUREMENT_ADV0sv24,[result, result_adv, result_filter]),
uri_element_range(ANALOG_IO11sv0,[14, 15]),
uri_element_range(DIGITAL_IO1sv0,[0, 1, 2, 3, 4, 5, 6, 7, 8, 9, 14, 15]),
uri_element_range(ANALOG_IO10sv0,[14, 15]),
register_value('uart$02118624699$0',ccr_hpcen,0),
register_value('uart$02118624699$0',tbctr_size,4),
register_value('uart$02118624699$0',rbctr_size,4),
uri_element_range(ADC_MEASUREMENT_ADV1sv21,[result, result_adv, result_filter]),
uri_element_range(ADC_MEASUREMENT_ADV1sv27,[result, result_adv, result_filter]),
uri_element_range(ANALOG_IO3sv0,[14, 15]),
uri_element_range(ADC_MEASUREMENT_ADV1sv33,[result, result_adv, result_filter]),
uri_element_range(DIGITAL_IO4sv0,[0, 1, 2, 3, 4, 5, 6, 7, 8, 9, 14, 15]),
uri_element_range(PIN_INTERRUPT0sv0,[a, b]),
uri_element_range(ANALOG_IO9sv0,[14, 15]),
uri_element_range(ANALOG_IO0sv0,[14, 15]),
uri_element_range(DIGITAL_IO7sv0,[0, 1, 2, 3, 4, 5, 6, 7, 8, 9, 14, 15]),
uri_element_range(ANALOG_IO7sv0,[14, 15]),
uri_element_range(ANALOG_IO6sv0,[14, 15]),
rg_constraint_property_value('uart$01053640750$0', speed_class of rg_property, ['A1','A1+','A2']),
uri_element_range(ADC_MEASUREMENT_ADV0sv33,[result, result_adv, result_filter]),
register_value('cpu_ctrl_xmc4$1540657683$0',iocr_oe,1),
rg_constraint_property_value('cpu_ctrl_xmc4$1540657683$0', speed_class of rg_property, ['A2']),
uri_element_range(ANALOG_IO5sv0,[14, 15]),
uri_element_range(ADC_MEASUREMENT_ADV0sv27,[result, result_adv, result_filter]),
register_value('cpu_ctrl_xmc4$1540657681$0',iocr_oe,1),
rg_constraint_property_value('cpu_ctrl_xmc4$1540657681$0', speed_class of rg_property, ['A2']),
uri_element_range(ANALOG_IO8sv0,[14, 15]),
uri_element_range(ADC_MEASUREMENT_ADV0sv21,[result, result_adv, result_filter]),
uri_element_range(DIGITAL_IO6sv0,[0, 1, 2, 3, 4, 5, 6, 7, 8, 9, 14, 15]),
uri_element_range(DIGITAL_IO5sv0,[0, 1, 2, 3, 4, 5, 6, 7, 8, 9, 14, 15]),
uri_element_range(DIGITAL_IO3sv0,[0, 1, 2, 3, 4, 5, 6, 7, 8, 9, 14, 15]),
uri_element_range(DIGITAL_IO2sv0,[0, 1, 2, 3, 4, 5, 6, 7, 8, 9, 14, 15]),
rg_constraint_property_value('spi_slave$1145447222$0', speed_class of rg_property, ['A1+','A2']),
uri_element_range(ADC_MEASUREMENT_ADV1sv24,[result, result_adv, result_filter]),
uri_element_range(ADC_MEASUREMENT_ADV1sv30,[result, result_adv, result_filter]),
uri_element_range(ADC_MEASUREMENT_ADV1sv36,[result, result_adv, result_filter]),
uri_element_range(ANALOG_IO4sv0,[14, 15]),
register_value('cpu_ctrl_xmc4$1445176365$0',iocr_oe,1),
rg_constraint_property_value('cpu_ctrl_xmc4$1445176365$0', speed_class of rg_property, ['A2']),
register_value('spi_slave$01366864342$0',ccr_hpcen,0),
register_value('spi_slave$01366864342$0',tbctr_size,4),
register_value('spi_slave$01366864342$0',rbctr_size,4),
uri_element_range(ANALOG_IO2sv0,[14, 15])],'cpu_ctrl_xmc4$0268126521$0',Result),15,writeln(timeout),all_solution, Timer, Due, Remainder).



Jul 07, 2026 11:39:21 PM java.util.logging.LogManager$RootLogger log
INFO: 
End of solver : getFeasiblePins() :  Difference in ms 667


Jul 07, 2026 11:39:21 PM java.util.logging.LogManager$RootLogger log
INFO: [/devicepackage/0/63, /devicepackage/0/95]


Jul 07, 2026 11:39:24 PM java.util.logging.LogManager$RootLogger log
INFO: Start of solver :getFeasiblePins() : Tue Jul 07 23:39:24 CEST 2026


Jul 07, 2026 11:39:24 PM java.util.logging.LogManager$RootLogger log
INFO: 
timeout(ask_feasible_mapping([reserved([cpu,0,exception,nmi],'cpu_ctrl_xmc4$01637679009$0'),
reserved([cpu,0,exception,hardfault],'cpu_ctrl_xmc4$0571328980$0'),
reserved([cpu,0,exception,memmanage],'cpu_ctrl_xmc4$1768468879$0'),
reserved([cpu,0,exception,busfault],'cpu_ctrl_xmc4$1763234541$0'),
reserved([cpu,0,exception,usagefault],'cpu_ctrl_xmc4$1814460844$0'),
reserved([cpu,0,debug],'cpu_ctrl_xmc4$1964564605$0'),
reserved([debug_port,_,pad,_],'cpu_ctrl_xmc4$01540614004$0'),
reserved([debug_port,_,pad,_],'cpu_ctrl_xmc4$01540614322$0'),
reserved([p,_,pad,_],'cpu_ctrl_xmc4$1445176365$0'),
reserved([p,_,pad,_],'cpu_ctrl_xmc4$1540657681$0'),
reserved([p,_,pad,_],'cpu_ctrl_xmc4$1540657682$0'),
reserved([p,_,pad,_],'cpu_ctrl_xmc4$1540657683$0'),
reserved([p,_,pad,_],'cpu_ctrl_xmc4$1540657684$0'),
reserved([devicepackage,0,_],'cpu_ctrl_xmc4$39943779$0'),
reserved([devicepackage,0,_],'cpu_ctrl_xmc4$0268126521$0'),
reserved([devicepackage,0,_],'cpu_ctrl_xmc4$0268126520$0'),
reserved([devicepackage,0,_],'cpu_ctrl_xmc4$0268126519$0'),
reserved([devicepackage,0,_],'cpu_ctrl_xmc4$0268126518$0'),
reserved([ccu8,GLOBAL_CCU80sv0,global],'global_ccu8$1465655520$0'),
reserved([scu,_,gcu,ccu8_global_enable,GLOBAL_CCU80sv0],'global_ccu8$1118816002$0'),
reserved([scu,0,clkctrl,0,pll],'clock_xmc4$01551378862$0'),
reserved([scu,0,clkctrl,0,sys],'clock_xmc4$01551375569$0'),
reserved([scu,0,clkctrl,0,cpu],'clock_xmc4$01551391222$0'),
reserved([scu,0,clkctrl,0,perbridge],'clock_xmc4$494804424$0'),
reserved([scu,0,clkctrl,0,ebu],'clock_xmc4$01551389734$0'),
reserved([scu,0,clkctrl,0,ccu],'clock_xmc4$01551391625$0'),
reserved([scu,0,clkctrl,0,wdt],'clock_xmc4$01551372375$0'),
reserved([scu,0,clkctrl,0,usb],'clock_xmc4$01551373850$0'),
reserved([scu,0,clkctrl,0,sdmmc],'clock_xmc4$01551381723$0'),
reserved([scu,0,pwrctrl,0,hibernate],'clock_xmc4$0778278092$0'),
reserved([scu,0,rtcclksel],'clock_xmc4$1142722683$0'),
reserved([scu,0,trap,0,sysoscwd],'clock_xmc4$1091210735$0'),
reserved([scu,0,trap,0,sysvcolock],'clock_xmc4$1586947406$0'),
reserved([scu,0,trap,0,usbvcolock],'clock_xmc4$0261647995$0'),
reserved([scu,0,trap,0,ulpwdg],'clock_xmc4$01047137491$0'),
reserved([ccu8,_,cc8,_],'pwm_ccu8$01113979708$0'),
reserved([ccu8,_,cc8,_],'pwm_ccu8$1142931299$1'),
reserved([ccu8,_,cc8,_],'pwm_ccu8$0895124990$2'),
reserved([ccu8,_,cc8,_],'pwm_ccu8$1361786017$3'),
reserved([ccu8,GLOBAL_CCU81sv0,global],'global_ccu8$1476971647$1'),
reserved([scu,_,gcu,ccu8_global_enable,GLOBAL_CCU81sv0],'global_ccu8$0581924477$1'),
reserved([ccu8,_,cc8,_],'pwm_ccu8$0676270272$4'),
reserved([ccu8,_,cc8,_],'pwm_ccu8$1580640735$5'),
reserved([ccu8,_,cc8,_],'pwm_ccu8$0457415554$6'),
reserved([ccu8,_,cc8,_],'pwm_ccu8$1799495453$7'),
reserved([usic,_,channel,_],'uart$02118624699$0'),
reserved([p,_,pad,_],'uart$01053640812$0'),
reserved([p,_,pad,_],'uart$01053640750$0'),
reserved([cpu,0,nvic,interrupt,_],'uart$01148723541$0'),
reserved([cpu,0,nvic,interrupt,_],'uart$01148723603$0'),
reserved([devicepackage,0,_],'uart$0164365666$0'),
reserved([devicepackage,0,_],'uart$0164365604$0'),
reserved([usic,_,channel,_],'spi_slave$01366864342$0'),
reserved([p,_,pad,_],'spi_slave$01333033692$0'),
reserved([p,_,pad,_],'spi_slave$1145447222$0'),
reserved([p,_,pad,_],'spi_slave$0403454326$0'),
reserved([p,_,pad,_],'spi_slave$125532735$0'),
reserved([cpu,0,nvic,interrupt,_],'spi_slave$01881239066$0'),
reserved([cpu,0,nvic,interrupt,_],'spi_slave$01881239128$0'),
reserved([devicepackage,0,_],'spi_slave$1438010906$0'),
reserved([devicepackage,0,_],'spi_slave$912294912$0'),
reserved([devicepackage,0,_],'spi_slave$1074287872$0'),
reserved([devicepackage,0,_],'spi_slave$01073724151$0'),
reserved([ccu4,GLOBAL_CCU40sv0,global],'global_ccu4$01760137752$0'),
reserved([scu,_,gcu,ccu4_global_enable,GLOBAL_CCU40sv0],'global_ccu4$89752826$0'),
reserved([posif,_,posif,global],'global_posif$096723225$0'),
reserved([p,_,pad,_],'encoder_posif$01718583280$0'),
reserved([p,_,pad,_],'encoder_posif$01718583279$0'),
reserved([p,_,pad,_],'encoder_posif$0122803319$0'),
reserved([posif,_,posif,hsc_qd],'encoder_posif$0809707646$0'),
reserved([ccu4,_,cc4,_],'encoder_posif$1605311925$0'),
reserved([ccu4,_,cc4,_],'encoder_posif$1605311927$0'),
reserved([ccu4,_,cc4,_],'encoder_posif$1605311928$0'),
reserved([devicepackage,0,_],'encoder_posif$01508859622$0'),
reserved([devicepackage,0,_],'encoder_posif$01508859621$0'),
reserved([devicepackage,0,_],'encoder_posif$01512731969$0'),
reserved([ccu4,GLOBAL_CCU41sv0,global],'global_ccu4$01748821625$1'),
reserved([scu,_,gcu,ccu4_global_enable,GLOBAL_CCU41sv0],'global_ccu4$01610987653$1'),
reserved([p,_,pad,_],'encoder_posif$1579311663$1'),
reserved([p,_,pad,_],'encoder_posif$1579311664$1'),
reserved([p,_,pad,_],'encoder_posif$227996618$1'),
reserved([posif,_,posif,hsc_qd],'encoder_posif$1447203361$1'),
reserved([ccu4,_,cc4,_],'encoder_posif$760840054$1'),
reserved([ccu4,_,cc4,_],'encoder_posif$760840056$1'),
reserved([ccu4,_,cc4,_],'encoder_posif$760840057$1'),
reserved([devicepackage,0,_],'encoder_posif$01575866375$1'),
reserved([devicepackage,0,_],'encoder_posif$01575866374$1'),
reserved([devicepackage,0,_],'encoder_posif$01182966208$1'),
reserved([vadc,_,global_limits],'global_adc$01890798523$0'),
reserved([vadc,_,global],'global_adc$1790945385$0'),
reserved([vadc,_,group,0,config],'global_adc$1796505175$0'),
reserved([vadc,_,group,1,config],'global_adc$1796505176$0'),
reserved([vadc,_,group,2,config],'global_adc$1796505177$0'),
reserved([vadc,_,group,3,config],'global_adc$1796505178$0'),
reserved([vadc,0,group,_,ch,ADC_MEASUREMENT_ADV0sv0],'adc_measurement_adv$1424598793$0'),
reserved([vadc,0,group,_,ch,ADC_MEASUREMENT_ADV0sv4],'adc_measurement_adv$1424598797$0'),
reserved([vadc,0,group,_,ch,ADC_MEASUREMENT_ADV0sv8],'adc_measurement_adv$1424598801$0'),
reserved([vadc,0,group,_,ch,ADC_MEASUREMENT_ADV0sv12],'adc_measurement_adv$1212889704$0'),
reserved([vadc,0,group,_,ch,ADC_MEASUREMENT_ADV0sv16],'adc_measurement_adv$1212889708$0'),
reserved([vadc,0,group,ADC_MEASUREMENT_ADV0sv20,ADC_MEASUREMENT_ADV0sv21,ADC_MEASUREMENT_ADV0sv22],'adc_measurement_adv$0461604565$0'),
reserved([vadc,0,group,ADC_MEASUREMENT_ADV0sv23,ADC_MEASUREMENT_ADV0sv24,ADC_MEASUREMENT_ADV0sv25],'adc_measurement_adv$0461604564$0'),
reserved([vadc,0,group,ADC_MEASUREMENT_ADV0sv26,ADC_MEASUREMENT_ADV0sv27,ADC_MEASUREMENT_ADV0sv28],'adc_measurement_adv$0461604563$0'),
reserved([vadc,0,group,ADC_MEASUREMENT_ADV0sv29,ADC_MEASUREMENT_ADV0sv30,ADC_MEASUREMENT_ADV0sv31],'adc_measurement_adv$0461604562$0'),
reserved([vadc,0,group,ADC_MEASUREMENT_ADV0sv32,ADC_MEASUREMENT_ADV0sv33,ADC_MEASUREMENT_ADV0sv34],'adc_measurement_adv$0461604561$0'),
reserved([vadc,_,group,_,scan],'adc_measurement_adv$431302940$0'),
reserved([vadc,_,group,_,class,_],'adc_measurement_adv$248008525$0'),
reserved([p,ANALOG_IO0sv0,pad,_],'analog_io$0459569530$0'),
reserved([devicepackage,0,_],'analog_io$01694626416$0'),
reserved([p,ANALOG_IO1sv0,pad,_],'analog_io$0970103707$1'),
reserved([devicepackage,0,_],'analog_io$562284591$1'),
reserved([p,ANALOG_IO2sv0,pad,_],'analog_io$01480637884$2'),
reserved([devicepackage,0,_],'analog_io$01475771698$2'),
reserved([p,ANALOG_IO3sv0,pad,_],'analog_io$01991172061$3'),
reserved([devicepackage,0,_],'analog_io$781139309$3'),
reserved([p,ANALOG_IO4sv0,pad,_],'analog_io$1793261058$4'),
reserved([devicepackage,0,_],'analog_io$01256916980$4'),
reserved([vadc,0,group,_,ch,ADC_MEASUREMENT_ADV1sv0],'adc_measurement_adv$0276141686$1'),
reserved([vadc,0,group,_,ch,ADC_MEASUREMENT_ADV1sv4],'adc_measurement_adv$0276141682$1'),
reserved([vadc,0,group,_,ch,ADC_MEASUREMENT_ADV1sv8],'adc_measurement_adv$0276141678$1'),
reserved([vadc,0,group,_,ch,ADC_MEASUREMENT_ADV1sv12],'adc_measurement_adv$29542407$1'),
reserved([vadc,0,group,_,ch,ADC_MEASUREMENT_ADV1sv16],'adc_measurement_adv$29542411$1'),
reserved([vadc,0,group,_,ch,ADC_MEASUREMENT_ADV1sv17],'adc_measurement_adv$29542412$1'),
reserved([vadc,0,group,_,ch,ADC_MEASUREMENT_ADV1sv18],'adc_measurement_adv$29542413$1'),
reserved([vadc,0,group,ADC_MEASUREMENT_ADV1sv20,ADC_MEASUREMENT_ADV1sv21,ADC_MEASUREMENT_ADV1sv22],'adc_measurement_adv$1509334892$1'),
reserved([vadc,0,group,ADC_MEASUREMENT_ADV1sv23,ADC_MEASUREMENT_ADV1sv24,ADC_MEASUREMENT_ADV1sv25],'adc_measurement_adv$1509334893$1'),
reserved([vadc,0,group,ADC_MEASUREMENT_ADV1sv26,ADC_MEASUREMENT_ADV1sv27,ADC_MEASUREMENT_ADV1sv28],'adc_measurement_adv$1509334894$1'),
reserved([vadc,0,group,ADC_MEASUREMENT_ADV1sv29,ADC_MEASUREMENT_ADV1sv30,ADC_MEASUREMENT_ADV1sv31],'adc_measurement_adv$1509334895$1'),
reserved([vadc,0,group,ADC_MEASUREMENT_ADV1sv32,ADC_MEASUREMENT_ADV1sv33,ADC_MEASUREMENT_ADV1sv34],'adc_measurement_adv$1509334896$1'),
reserved([vadc,0,group,ADC_MEASUREMENT_ADV1sv35,ADC_MEASUREMENT_ADV1sv36,ADC_MEASUREMENT_ADV1sv37],'adc_measurement_adv$1509334897$1'),
reserved([vadc,0,group,ADC_MEASUREMENT_ADV1sv38,ADC_MEASUREMENT_ADV1sv39,ADC_MEASUREMENT_ADV1sv40],'adc_measurement_adv$1509334898$1'),
reserved([vadc,_,group,_,scan],'adc_measurement_adv$1784612637$1'),
reserved([vadc,_,group,_,class,_],'adc_measurement_adv$1492773006$1'),
reserved([p,ANALOG_IO5sv0,pad,_],'analog_io$1282726881$5'),
reserved([devicepackage,0,_],'analog_io$999994027$5'),
reserved([p,ANALOG_IO6sv0,pad,_],'analog_io$772192704$6'),
reserved([devicepackage,0,_],'analog_io$01038062262$6'),
reserved([p,ANALOG_IO7sv0,pad,_],'analog_io$261658527$7'),
reserved([devicepackage,0,_],'analog_io$1218848745$7'),
reserved([p,ANALOG_IO8sv0,pad,_],'analog_io$0248875650$8'),
reserved([devicepackage,0,_],'analog_io$0819207544$8'),
reserved([p,ANALOG_IO9sv0,pad,_],'analog_io$0759409827$9'),
reserved([devicepackage,0,_],'analog_io$1437703463$9'),
reserved([p,ANALOG_IO10sv0,pad,_],'analog_io$01889477709$10'),
reserved([devicepackage,0,_],'analog_io$472386813$10'),
reserved([p,ANALOG_IO11sv0,pad,_],'analog_io$1894955410$11'),
reserved([devicepackage,0,_],'analog_io$01565669476$11'),
reserved([p,DIGITAL_IO1sv0,pad,_],'digital_io$01893669597$1'),
reserved([devicepackage,0,_],'digital_io$02001255827$1'),
reserved([p,DIGITAL_IO2sv0,pad,_],'digital_io$1890763522$2'),
reserved([devicepackage,0,_],'digital_io$255655180$2'),
reserved([p,DIGITAL_IO3sv0,pad,_],'digital_io$1380229345$3'),
reserved([devicepackage,0,_],'digital_io$01782401109$3'),
reserved([p,DIGITAL_IO4sv0,pad,_],'digital_io$869695168$4'),
reserved([devicepackage,0,_],'digital_io$474509898$4'),
reserved([p,DIGITAL_IO5sv0,pad,_],'digital_io$359160991$5'),
reserved([devicepackage,0,_],'digital_io$01563546391$5'),
reserved([p,DIGITAL_IO6sv0,pad,_],'digital_io$0151373186$6'),
reserved([devicepackage,0,_],'digital_io$693364616$6'),
reserved([p,DIGITAL_IO7sv0,pad,_],'digital_io$0661907363$7'),
reserved([devicepackage,0,_],'digital_io$01344691673$7'),
reserved([cpu,0,nvic,interrupt,_],'pin_interrupt$371705443$0'),
reserved([p,_,pad,_],'pin_interrupt$01353729833$0'),
reserved([eru,_,ers_etl,_],'pin_interrupt$504037229$0'),
reserved([eru,_,ogu,_],'pin_interrupt$1919814214$0'),
reserved([scu,_,gcu,interrupt,erunmi,_],'pin_interrupt$01936049730$0'),
reserved([devicepackage,0,_],'pin_interrupt$1126006561$0'),
signal('cpu_ctrl_xmc4$01637679009$0',nmi_in,'cpu_ctrl_xmc4$01637679009$0$nmi_in'),
signal('cpu_ctrl_xmc4$1964564605$0',db_tck,'cpu_ctrl_xmc4$1964564605$0$db_tck'),
signal('cpu_ctrl_xmc4$1964564605$0',db_tms,'cpu_ctrl_xmc4$1964564605$0$db_tms'),
signal('cpu_ctrl_xmc4$1964564605$0',db_etm_traceclk,'cpu_ctrl_xmc4$1964564605$0$db_etm_traceclk'),
signal('cpu_ctrl_xmc4$1964564605$0',db_etm_tracedata0,'cpu_ctrl_xmc4$1964564605$0$db_etm_tracedata0'),
signal('cpu_ctrl_xmc4$1964564605$0',db_etm_tracedata1,'cpu_ctrl_xmc4$1964564605$0$db_etm_tracedata1'),
signal('cpu_ctrl_xmc4$1964564605$0',db_etm_tracedata2,'cpu_ctrl_xmc4$1964564605$0$db_etm_tracedata2'),
signal('cpu_ctrl_xmc4$1964564605$0',db_etm_tracedata3,'cpu_ctrl_xmc4$1964564605$0$db_etm_tracedata3'),
signal('cpu_ctrl_xmc4$1445176365$0',hw_o,'cpu_ctrl_xmc4$1445176365$0$hw_o'),
signal('cpu_ctrl_xmc4$1445176365$0',pad,'cpu_ctrl_xmc4$1445176365$0$pad'),
signal('cpu_ctrl_xmc4$1540657681$0',hw_o,'cpu_ctrl_xmc4$1540657681$0$hw_o'),
signal('cpu_ctrl_xmc4$1540657681$0',pad,'cpu_ctrl_xmc4$1540657681$0$pad'),
signal('cpu_ctrl_xmc4$1540657682$0',hw_o,'cpu_ctrl_xmc4$1540657682$0$hw_o'),
signal('cpu_ctrl_xmc4$1540657682$0',pad,'cpu_ctrl_xmc4$1540657682$0$pad'),
signal('cpu_ctrl_xmc4$1540657683$0',hw_o,'cpu_ctrl_xmc4$1540657683$0$hw_o'),
signal('cpu_ctrl_xmc4$1540657683$0',pad,'cpu_ctrl_xmc4$1540657683$0$pad'),
signal('cpu_ctrl_xmc4$1540657684$0',hw_o,'cpu_ctrl_xmc4$1540657684$0$hw_o'),
signal('cpu_ctrl_xmc4$1540657684$0',pad,'cpu_ctrl_xmc4$1540657684$0$pad'),
signal('cpu_ctrl_xmc4$39943779$0',pin,'cpu_ctrl_xmc4$39943779$0$pin'),
signal('cpu_ctrl_xmc4$0268126521$0',pin,'cpu_ctrl_xmc4$0268126521$0$pin'),
signal('cpu_ctrl_xmc4$0268126520$0',pin,'cpu_ctrl_xmc4$0268126520$0$pin'),
signal('cpu_ctrl_xmc4$0268126519$0',pin,'cpu_ctrl_xmc4$0268126519$0$pin'),
signal('cpu_ctrl_xmc4$0268126518$0',pin,'cpu_ctrl_xmc4$0268126518$0$pin'),
signal('global_ccu8$1465655520$0',global_signal,'global_ccu8$1465655520$0$global_signal'),
signal('global_ccu8$1465655520$0',clk,'global_ccu8$1465655520$0$clk'),
signal('global_ccu8$1118816002$0',gsc_enable,'global_ccu8$1118816002$0$gsc_enable'),
signal('clock_xmc4$494804424$0',fpb,'clock_xmc4$494804424$0$fpb'),
signal('clock_xmc4$01551391625$0',fccu,'clock_xmc4$01551391625$0$fccu'),
signal('pwm_ccu8$01113979708$0',global_signal,'pwm_ccu8$01113979708$0$global_signal'),
signal('pwm_ccu8$01113979708$0',st,'pwm_ccu8$01113979708$0$st'),
signal('pwm_ccu8$01113979708$0',sta,'pwm_ccu8$01113979708$0$sta'),
signal('pwm_ccu8$01113979708$0',stb,'pwm_ccu8$01113979708$0$stb'),
signal('pwm_ccu8$01113979708$0',out0,'pwm_ccu8$01113979708$0$out0'),
signal('pwm_ccu8$01113979708$0',out1,'pwm_ccu8$01113979708$0$out1'),
signal('pwm_ccu8$01113979708$0',out2,'pwm_ccu8$01113979708$0$out2'),
signal('pwm_ccu8$01113979708$0',out3,'pwm_ccu8$01113979708$0$out3'),
signal('pwm_ccu8$01113979708$0',gp0_unsync,'pwm_ccu8$01113979708$0$gp0_unsync'),
signal('pwm_ccu8$01113979708$0',gp1_unsync,'pwm_ccu8$01113979708$0$gp1_unsync'),
signal('pwm_ccu8$01113979708$0',gp2_unsync,'pwm_ccu8$01113979708$0$gp2_unsync'),
signal('pwm_ccu8$01113979708$0',gp0,'pwm_ccu8$01113979708$0$gp0'),
signal('pwm_ccu8$01113979708$0',gp1,'pwm_ccu8$01113979708$0$gp1'),
signal('pwm_ccu8$01113979708$0',gp2,'pwm_ccu8$01113979708$0$gp2'),
signal('pwm_ccu8$01113979708$0',ps,'pwm_ccu8$01113979708$0$ps'),
signal('pwm_ccu8$01113979708$0',mci0,'pwm_ccu8$01113979708$0$mci0'),
signal('pwm_ccu8$01113979708$0',mci1,'pwm_ccu8$01113979708$0$mci1'),
signal('pwm_ccu8$01113979708$0',mci2,'pwm_ccu8$01113979708$0$mci2'),
signal('pwm_ccu8$01113979708$0',mci3,'pwm_ccu8$01113979708$0$mci3'),
signal('pwm_ccu8$01113979708$0',mcss,'pwm_ccu8$01113979708$0$mcss'),
signal('pwm_ccu8$1142931299$1',global_signal,'pwm_ccu8$1142931299$1$global_signal'),
signal('pwm_ccu8$1142931299$1',st,'pwm_ccu8$1142931299$1$st'),
signal('pwm_ccu8$1142931299$1',sta,'pwm_ccu8$1142931299$1$sta'),
signal('pwm_ccu8$1142931299$1',stb,'pwm_ccu8$1142931299$1$stb'),
signal('pwm_ccu8$1142931299$1',out0,'pwm_ccu8$1142931299$1$out0'),
signal('pwm_ccu8$1142931299$1',out1,'pwm_ccu8$1142931299$1$out1'),
signal('pwm_ccu8$1142931299$1',out2,'pwm_ccu8$1142931299$1$out2'),
signal('pwm_ccu8$1142931299$1',out3,'pwm_ccu8$1142931299$1$out3'),
signal('pwm_ccu8$1142931299$1',gp0_unsync,'pwm_ccu8$1142931299$1$gp0_unsync'),
signal('pwm_ccu8$1142931299$1',gp1_unsync,'pwm_ccu8$1142931299$1$gp1_unsync'),
signal('pwm_ccu8$1142931299$1',gp2_unsync,'pwm_ccu8$1142931299$1$gp2_unsync'),
signal('pwm_ccu8$1142931299$1',gp0,'pwm_ccu8$1142931299$1$gp0'),
signal('pwm_ccu8$1142931299$1',gp1,'pwm_ccu8$1142931299$1$gp1'),
signal('pwm_ccu8$1142931299$1',gp2,'pwm_ccu8$1142931299$1$gp2'),
signal('pwm_ccu8$1142931299$1',ps,'pwm_ccu8$1142931299$1$ps'),
signal('pwm_ccu8$1142931299$1',mci0,'pwm_ccu8$1142931299$1$mci0'),
signal('pwm_ccu8$1142931299$1',mci1,'pwm_ccu8$1142931299$1$mci1'),
signal('pwm_ccu8$1142931299$1',mci2,'pwm_ccu8$1142931299$1$mci2'),
signal('pwm_ccu8$1142931299$1',mci3,'pwm_ccu8$1142931299$1$mci3'),
signal('pwm_ccu8$1142931299$1',mcss,'pwm_ccu8$1142931299$1$mcss'),
signal('pwm_ccu8$0895124990$2',global_signal,'pwm_ccu8$0895124990$2$global_signal'),
signal('pwm_ccu8$0895124990$2',st,'pwm_ccu8$0895124990$2$st'),
signal('pwm_ccu8$0895124990$2',sta,'pwm_ccu8$0895124990$2$sta'),
signal('pwm_ccu8$0895124990$2',stb,'pwm_ccu8$0895124990$2$stb'),
signal('pwm_ccu8$0895124990$2',out0,'pwm_ccu8$0895124990$2$out0'),
signal('pwm_ccu8$0895124990$2',out1,'pwm_ccu8$0895124990$2$out1'),
signal('pwm_ccu8$0895124990$2',out2,'pwm_ccu8$0895124990$2$out2'),
signal('pwm_ccu8$0895124990$2',out3,'pwm_ccu8$0895124990$2$out3'),
signal('pwm_ccu8$0895124990$2',gp0_unsync,'pwm_ccu8$0895124990$2$gp0_unsync'),
signal('pwm_ccu8$0895124990$2',gp1_unsync,'pwm_ccu8$0895124990$2$gp1_unsync'),
signal('pwm_ccu8$0895124990$2',gp2_unsync,'pwm_ccu8$0895124990$2$gp2_unsync'),
signal('pwm_ccu8$0895124990$2',gp0,'pwm_ccu8$0895124990$2$gp0'),
signal('pwm_ccu8$0895124990$2',gp1,'pwm_ccu8$0895124990$2$gp1'),
signal('pwm_ccu8$0895124990$2',gp2,'pwm_ccu8$0895124990$2$gp2'),
signal('pwm_ccu8$0895124990$2',ps,'pwm_ccu8$0895124990$2$ps'),
signal('pwm_ccu8$0895124990$2',mci0,'pwm_ccu8$0895124990$2$mci0'),
signal('pwm_ccu8$0895124990$2',mci1,'pwm_ccu8$0895124990$2$mci1'),
signal('pwm_ccu8$0895124990$2',mci2,'pwm_ccu8$0895124990$2$mci2'),
signal('pwm_ccu8$0895124990$2',mci3,'pwm_ccu8$0895124990$2$mci3'),
signal('pwm_ccu8$0895124990$2',mcss,'pwm_ccu8$0895124990$2$mcss'),
signal('pwm_ccu8$1361786017$3',global_signal,'pwm_ccu8$1361786017$3$global_signal'),
signal('pwm_ccu8$1361786017$3',st,'pwm_ccu8$1361786017$3$st'),
signal('pwm_ccu8$1361786017$3',sta,'pwm_ccu8$1361786017$3$sta'),
signal('pwm_ccu8$1361786017$3',stb,'pwm_ccu8$1361786017$3$stb'),
signal('pwm_ccu8$1361786017$3',out0,'pwm_ccu8$1361786017$3$out0'),
signal('pwm_ccu8$1361786017$3',out1,'pwm_ccu8$1361786017$3$out1'),
signal('pwm_ccu8$1361786017$3',out2,'pwm_ccu8$1361786017$3$out2'),
signal('pwm_ccu8$1361786017$3',out3,'pwm_ccu8$1361786017$3$out3'),
signal('pwm_ccu8$1361786017$3',gp0_unsync,'pwm_ccu8$1361786017$3$gp0_unsync'),
signal('pwm_ccu8$1361786017$3',gp1_unsync,'pwm_ccu8$1361786017$3$gp1_unsync'),
signal('pwm_ccu8$1361786017$3',gp2_unsync,'pwm_ccu8$1361786017$3$gp2_unsync'),
signal('pwm_ccu8$1361786017$3',gp0,'pwm_ccu8$1361786017$3$gp0'),
signal('pwm_ccu8$1361786017$3',gp1,'pwm_ccu8$1361786017$3$gp1'),
signal('pwm_ccu8$1361786017$3',gp2,'pwm_ccu8$1361786017$3$gp2'),
signal('pwm_ccu8$1361786017$3',ps,'pwm_ccu8$1361786017$3$ps'),
signal('pwm_ccu8$1361786017$3',mci0,'pwm_ccu8$1361786017$3$mci0'),
signal('pwm_ccu8$1361786017$3',mci1,'pwm_ccu8$1361786017$3$mci1'),
signal('pwm_ccu8$1361786017$3',mci2,'pwm_ccu8$1361786017$3$mci2'),
signal('pwm_ccu8$1361786017$3',mci3,'pwm_ccu8$1361786017$3$mci3'),
signal('pwm_ccu8$1361786017$3',mcss,'pwm_ccu8$1361786017$3$mcss'),
signal('global_ccu8$1476971647$1',global_signal,'global_ccu8$1476971647$1$global_signal'),
signal('global_ccu8$1476971647$1',clk,'global_ccu8$1476971647$1$clk'),
signal('global_ccu8$0581924477$1',gsc_enable,'global_ccu8$0581924477$1$gsc_enable'),
signal('pwm_ccu8$0676270272$4',global_signal,'pwm_ccu8$0676270272$4$global_signal'),
signal('pwm_ccu8$0676270272$4',st,'pwm_ccu8$0676270272$4$st'),
signal('pwm_ccu8$0676270272$4',sta,'pwm_ccu8$0676270272$4$sta'),
signal('pwm_ccu8$0676270272$4',stb,'pwm_ccu8$0676270272$4$stb'),
signal('pwm_ccu8$0676270272$4',out0,'pwm_ccu8$0676270272$4$out0'),
signal('pwm_ccu8$0676270272$4',out1,'pwm_ccu8$0676270272$4$out1'),
signal('pwm_ccu8$0676270272$4',out2,'pwm_ccu8$0676270272$4$out2'),
signal('pwm_ccu8$0676270272$4',out3,'pwm_ccu8$0676270272$4$out3'),
signal('pwm_ccu8$0676270272$4',gp0_unsync,'pwm_ccu8$0676270272$4$gp0_unsync'),
signal('pwm_ccu8$0676270272$4',gp1_unsync,'pwm_ccu8$0676270272$4$gp1_unsync'),
signal('pwm_ccu8$0676270272$4',gp2_unsync,'pwm_ccu8$0676270272$4$gp2_unsync'),
signal('pwm_ccu8$0676270272$4',gp0,'pwm_ccu8$0676270272$4$gp0'),
signal('pwm_ccu8$0676270272$4',gp1,'pwm_ccu8$0676270272$4$gp1'),
signal('pwm_ccu8$0676270272$4',gp2,'pwm_ccu8$0676270272$4$gp2'),
signal('pwm_ccu8$0676270272$4',ps,'pwm_ccu8$0676270272$4$ps'),
signal('pwm_ccu8$0676270272$4',mci0,'pwm_ccu8$0676270272$4$mci0'),
signal('pwm_ccu8$0676270272$4',mci1,'pwm_ccu8$0676270272$4$mci1'),
signal('pwm_ccu8$0676270272$4',mci2,'pwm_ccu8$0676270272$4$mci2'),
signal('pwm_ccu8$0676270272$4',mci3,'pwm_ccu8$0676270272$4$mci3'),
signal('pwm_ccu8$0676270272$4',mcss,'pwm_ccu8$0676270272$4$mcss'),
signal('pwm_ccu8$1580640735$5',global_signal,'pwm_ccu8$1580640735$5$global_signal'),
signal('pwm_ccu8$1580640735$5',st,'pwm_ccu8$1580640735$5$st'),
signal('pwm_ccu8$1580640735$5',sta,'pwm_ccu8$1580640735$5$sta'),
signal('pwm_ccu8$1580640735$5',stb,'pwm_ccu8$1580640735$5$stb'),
signal('pwm_ccu8$1580640735$5',out0,'pwm_ccu8$1580640735$5$out0'),
signal('pwm_ccu8$1580640735$5',out1,'pwm_ccu8$1580640735$5$out1'),
signal('pwm_ccu8$1580640735$5',out2,'pwm_ccu8$1580640735$5$out2'),
signal('pwm_ccu8$1580640735$5',out3,'pwm_ccu8$1580640735$5$out3'),
signal('pwm_ccu8$1580640735$5',gp0_unsync,'pwm_ccu8$1580640735$5$gp0_unsync'),
signal('pwm_ccu8$1580640735$5',gp1_unsync,'pwm_ccu8$1580640735$5$gp1_unsync'),
signal('pwm_ccu8$1580640735$5',gp2_unsync,'pwm_ccu8$1580640735$5$gp2_unsync'),
signal('pwm_ccu8$1580640735$5',gp0,'pwm_ccu8$1580640735$5$gp0'),
signal('pwm_ccu8$1580640735$5',gp1,'pwm_ccu8$1580640735$5$gp1'),
signal('pwm_ccu8$1580640735$5',gp2,'pwm_ccu8$1580640735$5$gp2'),
signal('pwm_ccu8$1580640735$5',ps,'pwm_ccu8$1580640735$5$ps'),
signal('pwm_ccu8$1580640735$5',mci0,'pwm_ccu8$1580640735$5$mci0'),
signal('pwm_ccu8$1580640735$5',mci1,'pwm_ccu8$1580640735$5$mci1'),
signal('pwm_ccu8$1580640735$5',mci2,'pwm_ccu8$1580640735$5$mci2'),
signal('pwm_ccu8$1580640735$5',mci3,'pwm_ccu8$1580640735$5$mci3'),
signal('pwm_ccu8$1580640735$5',mcss,'pwm_ccu8$1580640735$5$mcss'),
signal('pwm_ccu8$0457415554$6',global_signal,'pwm_ccu8$0457415554$6$global_signal'),
signal('pwm_ccu8$0457415554$6',st,'pwm_ccu8$0457415554$6$st'),
signal('pwm_ccu8$0457415554$6',sta,'pwm_ccu8$0457415554$6$sta'),
signal('pwm_ccu8$0457415554$6',stb,'pwm_ccu8$0457415554$6$stb'),
signal('pwm_ccu8$0457415554$6',out0,'pwm_ccu8$0457415554$6$out0'),
signal('pwm_ccu8$0457415554$6',out1,'pwm_ccu8$0457415554$6$out1'),
signal('pwm_ccu8$0457415554$6',out2,'pwm_ccu8$0457415554$6$out2'),
signal('pwm_ccu8$0457415554$6',out3,'pwm_ccu8$0457415554$6$out3'),
signal('pwm_ccu8$0457415554$6',gp0_unsync,'pwm_ccu8$0457415554$6$gp0_unsync'),
signal('pwm_ccu8$0457415554$6',gp1_unsync,'pwm_ccu8$0457415554$6$gp1_unsync'),
signal('pwm_ccu8$0457415554$6',gp2_unsync,'pwm_ccu8$0457415554$6$gp2_unsync'),
signal('pwm_ccu8$0457415554$6',gp0,'pwm_ccu8$0457415554$6$gp0'),
signal('pwm_ccu8$0457415554$6',gp1,'pwm_ccu8$0457415554$6$gp1'),
signal('pwm_ccu8$0457415554$6',gp2,'pwm_ccu8$0457415554$6$gp2'),
signal('pwm_ccu8$0457415554$6',ps,'pwm_ccu8$0457415554$6$ps'),
signal('pwm_ccu8$0457415554$6',mci0,'pwm_ccu8$0457415554$6$mci0'),
signal('pwm_ccu8$0457415554$6',mci1,'pwm_ccu8$0457415554$6$mci1'),
signal('pwm_ccu8$0457415554$6',mci2,'pwm_ccu8$0457415554$6$mci2'),
signal('pwm_ccu8$0457415554$6',mci3,'pwm_ccu8$0457415554$6$mci3'),
signal('pwm_ccu8$0457415554$6',mcss,'pwm_ccu8$0457415554$6$mcss'),
signal('pwm_ccu8$1799495453$7',global_signal,'pwm_ccu8$1799495453$7$global_signal'),
signal('pwm_ccu8$1799495453$7',st,'pwm_ccu8$1799495453$7$st'),
signal('pwm_ccu8$1799495453$7',sta,'pwm_ccu8$1799495453$7$sta'),
signal('pwm_ccu8$1799495453$7',stb,'pwm_ccu8$1799495453$7$stb'),
signal('pwm_ccu8$1799495453$7',out0,'pwm_ccu8$1799495453$7$out0'),
signal('pwm_ccu8$1799495453$7',out1,'pwm_ccu8$1799495453$7$out1'),
signal('pwm_ccu8$1799495453$7',out2,'pwm_ccu8$1799495453$7$out2'),
signal('pwm_ccu8$1799495453$7',out3,'pwm_ccu8$1799495453$7$out3'),
signal('pwm_ccu8$1799495453$7',gp0_unsync,'pwm_ccu8$1799495453$7$gp0_unsync'),
signal('pwm_ccu8$1799495453$7',gp1_unsync,'pwm_ccu8$1799495453$7$gp1_unsync'),
signal('pwm_ccu8$1799495453$7',gp2_unsync,'pwm_ccu8$1799495453$7$gp2_unsync'),
signal('pwm_ccu8$1799495453$7',gp0,'pwm_ccu8$1799495453$7$gp0'),
signal('pwm_ccu8$1799495453$7',gp1,'pwm_ccu8$1799495453$7$gp1'),
signal('pwm_ccu8$1799495453$7',gp2,'pwm_ccu8$1799495453$7$gp2'),
signal('pwm_ccu8$1799495453$7',ps,'pwm_ccu8$1799495453$7$ps'),
signal('pwm_ccu8$1799495453$7',mci0,'pwm_ccu8$1799495453$7$mci0'),
signal('pwm_ccu8$1799495453$7',mci1,'pwm_ccu8$1799495453$7$mci1'),
signal('pwm_ccu8$1799495453$7',mci2,'pwm_ccu8$1799495453$7$mci2'),
signal('pwm_ccu8$1799495453$7',mci3,'pwm_ccu8$1799495453$7$mci3'),
signal('pwm_ccu8$1799495453$7',mcss,'pwm_ccu8$1799495453$7$mcss'),
signal('uart$02118624699$0',dx0ins,'uart$02118624699$0$dx0ins'),
signal('uart$02118624699$0',dx3ins,'uart$02118624699$0$dx3ins'),
signal('uart$02118624699$0',dout0,'uart$02118624699$0$dout0'),
signal('uart$01053640812$0',pad,'uart$01053640812$0$pad'),
signal('uart$01053640750$0',pad,'uart$01053640750$0$pad'),
signal('uart$02118624699$0',protocol_specific_int,'uart$02118624699$0$protocol_specific_int'),
signal('uart$02118624699$0',standard_transmit_buffer_int,'uart$02118624699$0$standard_transmit_buffer_int'),
signal('uart$02118624699$0',standard_receive_buffer_int,'uart$02118624699$0$standard_receive_buffer_int'),
signal('uart$02118624699$0',alternate_receive_buffer_int,'uart$02118624699$0$alternate_receive_buffer_int'),
signal('uart$01148723541$0',signal_in,'uart$01148723541$0$signal_in'),
signal('uart$01148723603$0',signal_in,'uart$01148723603$0$signal_in'),
signal('uart$0164365666$0',pin,'uart$0164365666$0$pin'),
signal('uart$0164365604$0',pin,'uart$0164365604$0$pin'),
signal('spi_slave$01366864342$0',dx0ins,'spi_slave$01366864342$0$dx0ins'),
signal('spi_slave$01366864342$0',dx1ins,'spi_slave$01366864342$0$dx1ins'),
signal('spi_slave$01366864342$0',dx2ins,'spi_slave$01366864342$0$dx2ins'),
signal('spi_slave$01366864342$0',dx3ins,'spi_slave$01366864342$0$dx3ins'),
signal('spi_slave$01366864342$0',dx4ins,'spi_slave$01366864342$0$dx4ins'),
signal('spi_slave$01366864342$0',dx5ins,'spi_slave$01366864342$0$dx5ins'),
signal('spi_slave$01366864342$0',dout0,'spi_slave$01366864342$0$dout0'),
signal('spi_slave$01366864342$0',dout1,'spi_slave$01366864342$0$dout1'),
signal('spi_slave$1145447222$0',pad,'spi_slave$1145447222$0$pad'),
signal('spi_slave$01333033692$0',pad,'spi_slave$01333033692$0$pad'),
signal('spi_slave$0403454326$0',pad,'spi_slave$0403454326$0$pad'),
signal('spi_slave$125532735$0',pad,'spi_slave$125532735$0$pad'),
signal('spi_slave$01366864342$0',protocol_specific_int,'spi_slave$01366864342$0$protocol_specific_int'),
signal('spi_slave$01366864342$0',standard_transmit_buffer_int,'spi_slave$01366864342$0$standard_transmit_buffer_int'),
signal('spi_slave$01366864342$0',standard_receive_buffer_int,'spi_slave$01366864342$0$standard_receive_buffer_int'),
signal('spi_slave$01366864342$0',alternate_receive_buffer_int,'spi_slave$01366864342$0$alternate_receive_buffer_int'),
signal('spi_slave$01881239066$0',signal_in,'spi_slave$01881239066$0$signal_in'),
signal('spi_slave$01881239128$0',signal_in,'spi_slave$01881239128$0$signal_in'),
signal('spi_slave$1438010906$0',pin,'spi_slave$1438010906$0$pin'),
signal('spi_slave$912294912$0',pin,'spi_slave$912294912$0$pin'),
signal('spi_slave$1074287872$0',pin,'spi_slave$1074287872$0$pin'),
signal('spi_slave$01073724151$0',pin,'spi_slave$01073724151$0$pin'),
signal('global_ccu4$01760137752$0',global_signal,'global_ccu4$01760137752$0$global_signal'),
signal('global_ccu4$01760137752$0',clk,'global_ccu4$01760137752$0$clk'),
signal('global_ccu4$89752826$0',gsc_enable,'global_ccu4$89752826$0$gsc_enable'),
signal('global_posif$096723225$0',global_signal,'global_posif$096723225$0$global_signal'),
signal('global_posif$096723225$0',clk,'global_posif$096723225$0$clk'),
signal('encoder_posif$0809707646$0',ipos0,'encoder_posif$0809707646$0$ipos0'),
signal('encoder_posif$0809707646$0',ipos1,'encoder_posif$0809707646$0$ipos1'),
signal('encoder_posif$0809707646$0',erre,'encoder_posif$0809707646$0$erre'),
signal('encoder_posif$0809707646$0',cnte,'encoder_posif$0809707646$0$cnte'),
signal('encoder_posif$0809707646$0',dire,'encoder_posif$0809707646$0$dire'),
signal('encoder_posif$0809707646$0',pcle,'encoder_posif$0809707646$0$pcle'),
signal('encoder_posif$0809707646$0',out0,'encoder_posif$0809707646$0$out0'),
signal('encoder_posif$0809707646$0',out1,'encoder_posif$0809707646$0$out1'),
signal('encoder_posif$0809707646$0',out2,'encoder_posif$0809707646$0$out2'),
signal('encoder_posif$0809707646$0',out5,'encoder_posif$0809707646$0$out5'),
signal('encoder_posif$01718583280$0',pad,'encoder_posif$01718583280$0$pad'),
signal('encoder_posif$01718583279$0',pad,'encoder_posif$01718583279$0$pad'),
signal('encoder_posif$0122803319$0',pad,'encoder_posif$0122803319$0$pad'),
signal('encoder_posif$1605311925$0',global_signal,'encoder_posif$1605311925$0$global_signal'),
signal('encoder_posif$1605311927$0',global_signal,'encoder_posif$1605311927$0$global_signal'),
signal('encoder_posif$1605311928$0',global_signal,'encoder_posif$1605311928$0$global_signal'),
signal('encoder_posif$1605311925$0',gp0_unsync,'encoder_posif$1605311925$0$gp0_unsync'),
signal('encoder_posif$1605311925$0',gp1_unsync,'encoder_posif$1605311925$0$gp1_unsync'),
signal('encoder_posif$1605311925$0',gp2_unsync,'encoder_posif$1605311925$0$gp2_unsync'),
signal('encoder_posif$1605311925$0',st,'encoder_posif$1605311925$0$st'),
signal('encoder_posif$1605311927$0',gp0_unsync,'encoder_posif$1605311927$0$gp0_unsync'),
signal('encoder_posif$1605311927$0',gp1_unsync,'encoder_posif$1605311927$0$gp1_unsync'),
signal('encoder_posif$1605311928$0',gp0_unsync,'encoder_posif$1605311928$0$gp0_unsync'),
signal('encoder_posif$1605311928$0',st,'encoder_posif$1605311928$0$st'),
signal('encoder_posif$01508859622$0',pin,'encoder_posif$01508859622$0$pin'),
signal('encoder_posif$01508859621$0',pin,'encoder_posif$01508859621$0$pin'),
signal('encoder_posif$01512731969$0',pin,'encoder_posif$01512731969$0$pin'),
signal('global_ccu4$01748821625$1',global_signal,'global_ccu4$01748821625$1$global_signal'),
signal('global_ccu4$01748821625$1',clk,'global_ccu4$01748821625$1$clk'),
signal('global_ccu4$01610987653$1',gsc_enable,'global_ccu4$01610987653$1$gsc_enable'),
signal('encoder_posif$1447203361$1',ipos0,'encoder_posif$1447203361$1$ipos0'),
signal('encoder_posif$1447203361$1',ipos1,'encoder_posif$1447203361$1$ipos1'),
signal('encoder_posif$1447203361$1',erre,'encoder_posif$1447203361$1$erre'),
signal('encoder_posif$1447203361$1',cnte,'encoder_posif$1447203361$1$cnte'),
signal('encoder_posif$1447203361$1',dire,'encoder_posif$1447203361$1$dire'),
signal('encoder_posif$1447203361$1',pcle,'encoder_posif$1447203361$1$pcle'),
signal('encoder_posif$1447203361$1',out0,'encoder_posif$1447203361$1$out0'),
signal('encoder_posif$1447203361$1',out1,'encoder_posif$1447203361$1$out1'),
signal('encoder_posif$1447203361$1',out2,'encoder_posif$1447203361$1$out2'),
signal('encoder_posif$1447203361$1',out5,'encoder_posif$1447203361$1$out5'),
signal('encoder_posif$1579311663$1',pad,'encoder_posif$1579311663$1$pad'),
signal('encoder_posif$1579311664$1',pad,'encoder_posif$1579311664$1$pad'),
signal('encoder_posif$227996618$1',pad,'encoder_posif$227996618$1$pad'),
signal('encoder_posif$760840054$1',global_signal,'encoder_posif$760840054$1$global_signal'),
signal('encoder_posif$760840056$1',global_signal,'encoder_posif$760840056$1$global_signal'),
signal('encoder_posif$760840057$1',global_signal,'encoder_posif$760840057$1$global_signal'),
signal('encoder_posif$760840054$1',gp0_unsync,'encoder_posif$760840054$1$gp0_unsync'),
signal('encoder_posif$760840054$1',gp1_unsync,'encoder_posif$760840054$1$gp1_unsync'),
signal('encoder_posif$760840054$1',gp2_unsync,'encoder_posif$760840054$1$gp2_unsync'),
signal('encoder_posif$760840054$1',st,'encoder_posif$760840054$1$st'),
signal('encoder_posif$760840056$1',gp0_unsync,'encoder_posif$760840056$1$gp0_unsync'),
signal('encoder_posif$760840056$1',gp1_unsync,'encoder_posif$760840056$1$gp1_unsync'),
signal('encoder_posif$760840057$1',gp0_unsync,'encoder_posif$760840057$1$gp0_unsync'),
signal('encoder_posif$760840057$1',st,'encoder_posif$760840057$1$st'),
signal('encoder_posif$01575866375$1',pin,'encoder_posif$01575866375$1$pin'),
signal('encoder_posif$01575866374$1',pin,'encoder_posif$01575866374$1$pin'),
signal('encoder_posif$01182966208$1',pin,'encoder_posif$01182966208$1$pin'),
signal('global_adc$1790945385$0',global_signal,'global_adc$1790945385$0$global_signal'),
signal('global_adc$1796505175$0',garbcnt,'global_adc$1796505175$0$garbcnt'),
signal('global_adc$1796505175$0',gsample,'global_adc$1796505175$0$gsample'),
signal('global_adc$1796505175$0',gqueuereq,'global_adc$1796505175$0$gqueuereq'),
signal('global_adc$1796505175$0',gscanreq,'global_adc$1796505175$0$gscanreq'),
signal('global_adc$1796505175$0',gsyncreq,'global_adc$1796505175$0$gsyncreq'),
signal('global_adc$1796505176$0',garbcnt,'global_adc$1796505176$0$garbcnt'),
signal('global_adc$1796505176$0',gsample,'global_adc$1796505176$0$gsample'),
signal('global_adc$1796505176$0',gqueuereq,'global_adc$1796505176$0$gqueuereq'),
signal('global_adc$1796505176$0',gscanreq,'global_adc$1796505176$0$gscanreq'),
signal('global_adc$1796505176$0',gsyncreq,'global_adc$1796505176$0$gsyncreq'),
signal('global_adc$1796505177$0',garbcnt,'global_adc$1796505177$0$garbcnt'),
signal('global_adc$1796505177$0',gsample,'global_adc$1796505177$0$gsample'),
signal('global_adc$1796505177$0',gqueuereq,'global_adc$1796505177$0$gqueuereq'),
signal('global_adc$1796505177$0',gscanreq,'global_adc$1796505177$0$gscanreq'),
signal('global_adc$1796505177$0',gsyncreq,'global_adc$1796505177$0$gsyncreq'),
signal('global_adc$1796505178$0',garbcnt,'global_adc$1796505178$0$garbcnt'),
signal('global_adc$1796505178$0',gsample,'global_adc$1796505178$0$gsample'),
signal('global_adc$1796505178$0',gqueuereq,'global_adc$1796505178$0$gqueuereq'),
signal('global_adc$1796505178$0',gscanreq,'global_adc$1796505178$0$gscanreq'),
signal('global_adc$1796505178$0',gsyncreq,'global_adc$1796505178$0$gsyncreq'),
signal('adc_measurement_adv$248008525$0',ch_class_sel,'adc_measurement_adv$248008525$0$ch_class_sel'),
signal('adc_measurement_adv$248008525$0',scan_class_sel,'adc_measurement_adv$248008525$0$scan_class_sel'),
signal('adc_measurement_adv$431302940$0',class_sel,'adc_measurement_adv$431302940$0$class_sel'),
signal('adc_measurement_adv$431302940$0',select,'adc_measurement_adv$431302940$0$select'),
signal('adc_measurement_adv$431302940$0',req,'adc_measurement_adv$431302940$0$req'),
signal('adc_measurement_adv$431302940$0',global_signal,'adc_measurement_adv$431302940$0$global_signal'),
signal('adc_measurement_adv$431302940$0',greqtr1sel,'adc_measurement_adv$431302940$0$greqtr1sel'),
signal('adc_measurement_adv$431302940$0',greqgt1sel,'adc_measurement_adv$431302940$0$greqgt1sel'),
signal('adc_measurement_adv$431302940$0',sev,'adc_measurement_adv$431302940$0$sev'),
signal('adc_measurement_adv$1424598793$0',gch,'adc_measurement_adv$1424598793$0$gch'),
signal('adc_measurement_adv$1424598797$0',gch,'adc_measurement_adv$1424598797$0$gch'),
signal('adc_measurement_adv$1424598801$0',gch,'adc_measurement_adv$1424598801$0$gch'),
signal('adc_measurement_adv$1212889704$0',gch,'adc_measurement_adv$1212889704$0$gch'),
signal('adc_measurement_adv$1212889708$0',gch,'adc_measurement_adv$1212889708$0$gch'),
signal('adc_measurement_adv$1424598793$0',select,'adc_measurement_adv$1424598793$0$select'),
signal('adc_measurement_adv$1424598797$0',select,'adc_measurement_adv$1424598797$0$select'),
signal('adc_measurement_adv$1424598801$0',select,'adc_measurement_adv$1424598801$0$select'),
signal('adc_measurement_adv$1212889704$0',select,'adc_measurement_adv$1212889704$0$select'),
signal('adc_measurement_adv$1212889708$0',select,'adc_measurement_adv$1212889708$0$select'),
signal('adc_measurement_adv$1424598793$0',iclass_sel,'adc_measurement_adv$1424598793$0$iclass_sel'),
signal('adc_measurement_adv$1424598797$0',iclass_sel,'adc_measurement_adv$1424598797$0$iclass_sel'),
signal('adc_measurement_adv$1424598801$0',iclass_sel,'adc_measurement_adv$1424598801$0$iclass_sel'),
signal('adc_measurement_adv$1212889704$0',iclass_sel,'adc_measurement_adv$1212889704$0$iclass_sel'),
signal('adc_measurement_adv$1212889708$0',iclass_sel,'adc_measurement_adv$1212889708$0$iclass_sel'),
signal('adc_measurement_adv$0461604565$0',res_sel,'adc_measurement_adv$0461604565$0$res_sel'),
signal('adc_measurement_adv$0461604564$0',res_sel,'adc_measurement_adv$0461604564$0$res_sel'),
signal('adc_measurement_adv$0461604563$0',res_sel,'adc_measurement_adv$0461604563$0$res_sel'),
signal('adc_measurement_adv$0461604562$0',res_sel,'adc_measurement_adv$0461604562$0$res_sel'),
signal('adc_measurement_adv$0461604561$0',res_sel,'adc_measurement_adv$0461604561$0$res_sel'),
signal('adc_measurement_adv$1424598793$0',res_sel,'adc_measurement_adv$1424598793$0$res_sel'),
signal('adc_measurement_adv$1424598797$0',res_sel,'adc_measurement_adv$1424598797$0$res_sel'),
signal('adc_measurement_adv$1424598801$0',res_sel,'adc_measurement_adv$1424598801$0$res_sel'),
signal('adc_measurement_adv$1212889704$0',res_sel,'adc_measurement_adv$1212889704$0$res_sel'),
signal('adc_measurement_adv$1212889708$0',res_sel,'adc_measurement_adv$1212889708$0$res_sel'),
signal('adc_measurement_adv$0461604565$0',rev,'adc_measurement_adv$0461604565$0$rev'),
signal('adc_measurement_adv$0461604564$0',rev,'adc_measurement_adv$0461604564$0$rev'),
signal('adc_measurement_adv$0461604563$0',rev,'adc_measurement_adv$0461604563$0$rev'),
signal('adc_measurement_adv$0461604562$0',rev,'adc_measurement_adv$0461604562$0$rev'),
signal('adc_measurement_adv$0461604561$0',rev,'adc_measurement_adv$0461604561$0$rev'),
signal('adc_measurement_adv$1424598793$0',cev,'adc_measurement_adv$1424598793$0$cev'),
signal('adc_measurement_adv$1424598797$0',cev,'adc_measurement_adv$1424598797$0$cev'),
signal('adc_measurement_adv$1424598801$0',cev,'adc_measurement_adv$1424598801$0$cev'),
signal('adc_measurement_adv$1212889704$0',cev,'adc_measurement_adv$1212889704$0$cev'),
signal('adc_measurement_adv$1212889708$0',cev,'adc_measurement_adv$1212889708$0$cev'),
signal('analog_io$0459569530$0',pad,'analog_io$0459569530$0$pad'),
signal('analog_io$01694626416$0',pin,'analog_io$01694626416$0$pin'),
signal('analog_io$0970103707$1',pad,'analog_io$0970103707$1$pad'),
signal('analog_io$562284591$1',pin,'analog_io$562284591$1$pin'),
signal('analog_io$01480637884$2',pad,'analog_io$01480637884$2$pad'),
signal('analog_io$01475771698$2',pin,'analog_io$01475771698$2$pin'),
signal('analog_io$01991172061$3',pad,'analog_io$01991172061$3$pad'),
signal('analog_io$781139309$3',pin,'analog_io$781139309$3$pin'),
signal('analog_io$1793261058$4',pad,'analog_io$1793261058$4$pad'),
signal('analog_io$01256916980$4',pin,'analog_io$01256916980$4$pin'),
signal('adc_measurement_adv$1492773006$1',ch_class_sel,'adc_measurement_adv$1492773006$1$ch_class_sel'),
signal('adc_measurement_adv$1492773006$1',scan_class_sel,'adc_measurement_adv$1492773006$1$scan_class_sel'),
signal('adc_measurement_adv$1784612637$1',class_sel,'adc_measurement_adv$1784612637$1$class_sel'),
signal('adc_measurement_adv$1784612637$1',select,'adc_measurement_adv$1784612637$1$select'),
signal('adc_measurement_adv$1784612637$1',req,'adc_measurement_adv$1784612637$1$req'),
signal('adc_measurement_adv$1784612637$1',global_signal,'adc_measurement_adv$1784612637$1$global_signal'),
signal('adc_measurement_adv$1784612637$1',greqtr1sel,'adc_measurement_adv$1784612637$1$greqtr1sel'),
signal('adc_measurement_adv$1784612637$1',greqgt1sel,'adc_measurement_adv$1784612637$1$greqgt1sel'),
signal('adc_measurement_adv$1784612637$1',sev,'adc_measurement_adv$1784612637$1$sev'),
signal('adc_measurement_adv$0276141686$1',gch,'adc_measurement_adv$0276141686$1$gch'),
signal('adc_measurement_adv$0276141682$1',gch,'adc_measurement_adv$0276141682$1$gch'),
signal('adc_measurement_adv$0276141678$1',gch,'adc_measurement_adv$0276141678$1$gch'),
signal('adc_measurement_adv$29542407$1',gch,'adc_measurement_adv$29542407$1$gch'),
signal('adc_measurement_adv$29542411$1',gch,'adc_measurement_adv$29542411$1$gch'),
signal('adc_measurement_adv$29542412$1',gch,'adc_measurement_adv$29542412$1$gch'),
signal('adc_measurement_adv$29542413$1',gch,'adc_measurement_adv$29542413$1$gch'),
signal('adc_measurement_adv$0276141686$1',select,'adc_measurement_adv$0276141686$1$select'),
signal('adc_measurement_adv$0276141682$1',select,'adc_measurement_adv$0276141682$1$select'),
signal('adc_measurement_adv$0276141678$1',select,'adc_measurement_adv$0276141678$1$select'),
signal('adc_measurement_adv$29542407$1',select,'adc_measurement_adv$29542407$1$select'),
signal('adc_measurement_adv$29542411$1',select,'adc_measurement_adv$29542411$1$select'),
signal('adc_measurement_adv$29542412$1',select,'adc_measurement_adv$29542412$1$select'),
signal('adc_measurement_adv$29542413$1',select,'adc_measurement_adv$29542413$1$select'),
signal('adc_measurement_adv$0276141686$1',iclass_sel,'adc_measurement_adv$0276141686$1$iclass_sel'),
signal('adc_measurement_adv$0276141682$1',iclass_sel,'adc_measurement_adv$0276141682$1$iclass_sel'),
signal('adc_measurement_adv$0276141678$1',iclass_sel,'adc_measurement_adv$0276141678$1$iclass_sel'),
signal('adc_measurement_adv$29542407$1',iclass_sel,'adc_measurement_adv$29542407$1$iclass_sel'),
signal('adc_measurement_adv$29542411$1',iclass_sel,'adc_measurement_adv$29542411$1$iclass_sel'),
signal('adc_measurement_adv$29542412$1',iclass_sel,'adc_measurement_adv$29542412$1$iclass_sel'),
signal('adc_measurement_adv$29542413$1',iclass_sel,'adc_measurement_adv$29542413$1$iclass_sel'),
signal('adc_measurement_adv$1509334892$1',res_sel,'adc_measurement_adv$1509334892$1$res_sel'),
signal('adc_measurement_adv$1509334893$1',res_sel,'adc_measurement_adv$1509334893$1$res_sel'),
signal('adc_measurement_adv$1509334894$1',res_sel,'adc_measurement_adv$1509334894$1$res_sel'),
signal('adc_measurement_adv$1509334895$1',res_sel,'adc_measurement_adv$1509334895$1$res_sel'),
signal('adc_measurement_adv$1509334896$1',res_sel,'adc_measurement_adv$1509334896$1$res_sel'),
signal('adc_measurement_adv$1509334897$1',res_sel,'adc_measurement_adv$1509334897$1$res_sel'),
signal('adc_measurement_adv$1509334898$1',res_sel,'adc_measurement_adv$1509334898$1$res_sel'),
signal('adc_measurement_adv$0276141686$1',res_sel,'adc_measurement_adv$0276141686$1$res_sel'),
signal('adc_measurement_adv$0276141682$1',res_sel,'adc_measurement_adv$0276141682$1$res_sel'),
signal('adc_measurement_adv$0276141678$1',res_sel,'adc_measurement_adv$0276141678$1$res_sel'),
signal('adc_measurement_adv$29542407$1',res_sel,'adc_measurement_adv$29542407$1$res_sel'),
signal('adc_measurement_adv$29542411$1',res_sel,'adc_measurement_adv$29542411$1$res_sel'),
signal('adc_measurement_adv$29542412$1',res_sel,'adc_measurement_adv$29542412$1$res_sel'),
signal('adc_measurement_adv$29542413$1',res_sel,'adc_measurement_adv$29542413$1$res_sel'),
signal('adc_measurement_adv$1509334892$1',rev,'adc_measurement_adv$1509334892$1$rev'),
signal('adc_measurement_adv$1509334893$1',rev,'adc_measurement_adv$1509334893$1$rev'),
signal('adc_measurement_adv$1509334894$1',rev,'adc_measurement_adv$1509334894$1$rev'),
signal('adc_measurement_adv$1509334895$1',rev,'adc_measurement_adv$1509334895$1$rev'),
signal('adc_measurement_adv$1509334896$1',rev,'adc_measurement_adv$1509334896$1$rev'),
signal('adc_measurement_adv$1509334897$1',rev,'adc_measurement_adv$1509334897$1$rev'),
signal('adc_measurement_adv$1509334898$1',rev,'adc_measurement_adv$1509334898$1$rev'),
signal('adc_measurement_adv$0276141686$1',cev,'adc_measurement_adv$0276141686$1$cev'),
signal('adc_measurement_adv$0276141682$1',cev,'adc_measurement_adv$0276141682$1$cev'),
signal('adc_measurement_adv$0276141678$1',cev,'adc_measurement_adv$0276141678$1$cev'),
signal('adc_measurement_adv$29542407$1',cev,'adc_measurement_adv$29542407$1$cev'),
signal('adc_measurement_adv$29542411$1',cev,'adc_measurement_adv$29542411$1$cev'),
signal('adc_measurement_adv$29542412$1',cev,'adc_measurement_adv$29542412$1$cev'),
signal('adc_measurement_adv$29542413$1',cev,'adc_measurement_adv$29542413$1$cev'),
signal('analog_io$1282726881$5',pad,'analog_io$1282726881$5$pad'),
signal('analog_io$999994027$5',pin,'analog_io$999994027$5$pin'),
signal('analog_io$772192704$6',pad,'analog_io$772192704$6$pad'),
signal('analog_io$01038062262$6',pin,'analog_io$01038062262$6$pin'),
signal('analog_io$261658527$7',pad,'analog_io$261658527$7$pad'),
signal('analog_io$1218848745$7',pin,'analog_io$1218848745$7$pin'),
signal('analog_io$0248875650$8',pad,'analog_io$0248875650$8$pad'),
signal('analog_io$0819207544$8',pin,'analog_io$0819207544$8$pin'),
signal('analog_io$0759409827$9',pad,'analog_io$0759409827$9$pad'),
signal('analog_io$1437703463$9',pin,'analog_io$1437703463$9$pin'),
signal('analog_io$01889477709$10',pad,'analog_io$01889477709$10$pad'),
signal('analog_io$472386813$10',pin,'analog_io$472386813$10$pin'),
signal('analog_io$1894955410$11',pad,'analog_io$1894955410$11$pad'),
signal('analog_io$01565669476$11',pin,'analog_io$01565669476$11$pin'),
signal('digital_io$01893669597$1',pad,'digital_io$01893669597$1$pad'),
signal('digital_io$02001255827$1',pin,'digital_io$02001255827$1$pin'),
signal('digital_io$1890763522$2',pad,'digital_io$1890763522$2$pad'),
signal('digital_io$255655180$2',pin,'digital_io$255655180$2$pin'),
signal('digital_io$1380229345$3',pad,'digital_io$1380229345$3$pad'),
signal('digital_io$01782401109$3',pin,'digital_io$01782401109$3$pin'),
signal('digital_io$869695168$4',pad,'digital_io$869695168$4$pad'),
signal('digital_io$474509898$4',pin,'digital_io$474509898$4$pin'),
signal('digital_io$359160991$5',pad,'digital_io$359160991$5$pad'),
signal('digital_io$01563546391$5',pin,'digital_io$01563546391$5$pin'),
signal('digital_io$0151373186$6',pad,'digital_io$0151373186$6$pad'),
signal('digital_io$693364616$6',pin,'digital_io$693364616$6$pin'),
signal('digital_io$0661907363$7',pad,'digital_io$0661907363$7$pad'),
signal('digital_io$01344691673$7',pin,'digital_io$01344691673$7$pin'),
signal('pin_interrupt$504037229$0',PIN_INTERRUPT0sv0,'pin_interrupt$504037229$0$PIN_INTERRUPT0sv0'),
signal('pin_interrupt$01353729833$0',pad,'pin_interrupt$01353729833$0$pad'),
signal('pin_interrupt$504037229$0',tr,'pin_interrupt$504037229$0$tr'),
signal('pin_interrupt$1919814214$0',trin,'pin_interrupt$1919814214$0$trin'),
signal('pin_interrupt$1919814214$0',iout,'pin_interrupt$1919814214$0$iout'),
signal('pin_interrupt$371705443$0',signal_in,'pin_interrupt$371705443$0$signal_in'),
signal('pin_interrupt$01936049730$0',in,'pin_interrupt$01936049730$0$in'),
signal('pin_interrupt$01936049730$0',out,'pin_interrupt$01936049730$0$out'),
signal('pin_interrupt$1126006561$0',pin,'pin_interrupt$1126006561$0$pin'),
connected('cpu_ctrl_xmc4$39943779$0$pin','cpu_ctrl_xmc4$1445176365$0$pad',1),
connected('cpu_ctrl_xmc4$0268126521$0$pin','cpu_ctrl_xmc4$1540657681$0$pad',1),
connected('cpu_ctrl_xmc4$0268126520$0$pin','cpu_ctrl_xmc4$1540657682$0$pad',1),
connected('cpu_ctrl_xmc4$0268126519$0$pin','cpu_ctrl_xmc4$1540657683$0$pad',1),
connected('cpu_ctrl_xmc4$0268126518$0$pin','cpu_ctrl_xmc4$1540657684$0$pad',1),
connected('cpu_ctrl_xmc4$1445176365$0$pad','cpu_ctrl_xmc4$39943779$0$pin',1),
connected('cpu_ctrl_xmc4$1540657681$0$pad','cpu_ctrl_xmc4$0268126521$0$pin',1),
connected('cpu_ctrl_xmc4$1540657682$0$pad','cpu_ctrl_xmc4$0268126520$0$pin',1),
connected('cpu_ctrl_xmc4$1540657683$0$pad','cpu_ctrl_xmc4$0268126519$0$pin',1),
connected('cpu_ctrl_xmc4$1540657684$0$pad','cpu_ctrl_xmc4$0268126518$0$pin',1),
connected('cpu_ctrl_xmc4$1964564605$0$db_etm_traceclk','cpu_ctrl_xmc4$1445176365$0$hw_o',1),
connected('cpu_ctrl_xmc4$1964564605$0$db_etm_tracedata0','cpu_ctrl_xmc4$1540657681$0$hw_o',1),
connected('cpu_ctrl_xmc4$1964564605$0$db_etm_tracedata1','cpu_ctrl_xmc4$1540657682$0$hw_o',1),
connected('cpu_ctrl_xmc4$1964564605$0$db_etm_tracedata2','cpu_ctrl_xmc4$1540657683$0$hw_o',1),
connected('cpu_ctrl_xmc4$1964564605$0$db_etm_tracedata3','cpu_ctrl_xmc4$1540657684$0$hw_o',1),
connected('clock_xmc4$01551391625$0$fccu','global_ccu8$1465655520$0$clk',1),
connected('global_ccu8$1465655520$0$global_signal','pwm_ccu8$01113979708$0$global_signal',1),
connected('global_ccu8$1465655520$0$global_signal','pwm_ccu8$1142931299$1$global_signal',1),
connected('global_ccu8$1465655520$0$global_signal','pwm_ccu8$0895124990$2$global_signal',1),
connected('global_ccu8$1465655520$0$global_signal','pwm_ccu8$1361786017$3$global_signal',1),
connected('clock_xmc4$01551391625$0$fccu','global_ccu8$1476971647$1$clk',1),
connected('global_ccu8$1476971647$1$global_signal','pwm_ccu8$0676270272$4$global_signal',1),
connected('global_ccu8$1476971647$1$global_signal','pwm_ccu8$1580640735$5$global_signal',1),
connected('global_ccu8$1476971647$1$global_signal','pwm_ccu8$0457415554$6$global_signal',1),
connected('global_ccu8$1476971647$1$global_signal','pwm_ccu8$1799495453$7$global_signal',1),
connected('uart$0164365666$0$pin','uart$01053640812$0$pad',1),
connected('uart$0164365604$0$pin','uart$01053640750$0$pad',1),
connected('uart$02118624699$0$dout0','uart$01053640750$0$pad',1),
connected('uart$02118624699$0$alternate_receive_buffer_int','uart$01148723603$0$signal_in',1),
connected('uart$02118624699$0$standard_receive_buffer_int','uart$01148723603$0$signal_in',1),
connected('uart$02118624699$0$standard_transmit_buffer_int','uart$01148723541$0$signal_in',1),
connected('uart$01053640812$0$pad','uart$0164365666$0$pin',1),
connected('uart$01053640812$0$pad','uart$02118624699$0$dx0ins',1),
connected('uart$01053640750$0$pad','uart$0164365604$0$pin',1),
connected('spi_slave$912294912$0$pin','spi_slave$1145447222$0$pad',1),
connected('spi_slave$1438010906$0$pin','spi_slave$01333033692$0$pad',1),
connected('spi_slave$1074287872$0$pin','spi_slave$0403454326$0$pad',1),
connected('spi_slave$01073724151$0$pin','spi_slave$125532735$0$pad',1),
connected('spi_slave$01366864342$0$dout0','spi_slave$1145447222$0$pad',1),
connected('spi_slave$01366864342$0$alternate_receive_buffer_int','spi_slave$01881239128$0$signal_in',1),
connected('spi_slave$01366864342$0$standard_receive_buffer_int','spi_slave$01881239128$0$signal_in',1),
connected('spi_slave$01366864342$0$standard_transmit_buffer_int','spi_slave$01881239066$0$signal_in',1),
connected('spi_slave$1145447222$0$pad','spi_slave$912294912$0$pin',1),
connected('spi_slave$01333033692$0$pad','spi_slave$1438010906$0$pin',1),
connected('spi_slave$01333033692$0$pad','spi_slave$01366864342$0$dx0ins',1),
connected('spi_slave$0403454326$0$pad','spi_slave$1074287872$0$pin',1),
connected('spi_slave$0403454326$0$pad','spi_slave$01366864342$0$dx1ins',1),
connected('spi_slave$125532735$0$pad','spi_slave$01073724151$0$pin',1),
connected('spi_slave$125532735$0$pad','spi_slave$01366864342$0$dx2ins',1),
connected('clock_xmc4$01551391625$0$fccu','global_ccu4$01760137752$0$clk',1),
connected('encoder_posif$01512731969$0$pin','encoder_posif$0122803319$0$pad',1),
connected('encoder_posif$01508859622$0$pin','encoder_posif$01718583280$0$pad',1),
connected('encoder_posif$01508859621$0$pin','encoder_posif$01718583279$0$pad',1),
connected('encoder_posif$1605311928$0$st','encoder_posif$1605311925$0$gp2_unsync',1),
connected('encoder_posif$1605311928$0$st','encoder_posif$1605311927$0$gp1_unsync',1),
connected('encoder_posif$0809707646$0$out0','encoder_posif$1605311925$0$gp0_unsync',1),
connected('encoder_posif$0809707646$0$out1','encoder_posif$1605311925$0$gp1_unsync',1),
connected('encoder_posif$0809707646$0$out2','encoder_posif$1605311927$0$gp0_unsync',1),
connected('encoder_posif$0809707646$0$out5','encoder_posif$1605311928$0$gp0_unsync',1),
connected('encoder_posif$0122803319$0$pad','encoder_posif$01512731969$0$pin',1),
connected('encoder_posif$01718583280$0$pad','encoder_posif$01508859622$0$pin',1),
connected('encoder_posif$01718583280$0$pad','encoder_posif$0809707646$0$ipos0',1),
connected('encoder_posif$01718583279$0$pad','encoder_posif$01508859621$0$pin',1),
connected('encoder_posif$01718583279$0$pad','encoder_posif$0809707646$0$ipos1',1),
connected('global_ccu4$01760137752$0$global_signal','encoder_posif$1605311925$0$global_signal',1),
connected('global_ccu4$01760137752$0$global_signal','encoder_posif$1605311927$0$global_signal',1),
connected('global_ccu4$01760137752$0$global_signal','encoder_posif$1605311928$0$global_signal',1),
connected('clock_xmc4$01551391625$0$fccu','global_ccu4$01748821625$1$clk',1),
connected('encoder_posif$01182966208$1$pin','encoder_posif$227996618$1$pad',1),
connected('encoder_posif$01575866375$1$pin','encoder_posif$1579311663$1$pad',1),
connected('encoder_posif$01575866374$1$pin','encoder_posif$1579311664$1$pad',1),
connected('encoder_posif$760840057$1$st','encoder_posif$760840054$1$gp2_unsync',1),
connected('encoder_posif$760840057$1$st','encoder_posif$760840056$1$gp1_unsync',1),
connected('encoder_posif$1447203361$1$out0','encoder_posif$760840054$1$gp0_unsync',1),
connected('encoder_posif$1447203361$1$out1','encoder_posif$760840054$1$gp1_unsync',1),
connected('encoder_posif$1447203361$1$out2','encoder_posif$760840056$1$gp0_unsync',1),
connected('encoder_posif$1447203361$1$out5','encoder_posif$760840057$1$gp0_unsync',1),
connected('encoder_posif$227996618$1$pad','encoder_posif$01182966208$1$pin',1),
connected('encoder_posif$1579311663$1$pad','encoder_posif$01575866375$1$pin',1),
connected('encoder_posif$1579311663$1$pad','encoder_posif$1447203361$1$ipos0',1),
connected('encoder_posif$1579311664$1$pad','encoder_posif$01575866374$1$pin',1),
connected('encoder_posif$1579311664$1$pad','encoder_posif$1447203361$1$ipos1',1),
connected('global_ccu4$01748821625$1$global_signal','encoder_posif$760840054$1$global_signal',1),
connected('global_ccu4$01748821625$1$global_signal','encoder_posif$760840056$1$global_signal',1),
connected('global_ccu4$01748821625$1$global_signal','encoder_posif$760840057$1$global_signal',1),
connected('analog_io$0459569530$0$pad','adc_measurement_adv$1424598793$0$gch',1),
connected('analog_io$0970103707$1$pad','adc_measurement_adv$1212889708$0$gch',1),
connected('analog_io$01480637884$2$pad','adc_measurement_adv$1212889704$0$gch',1),
connected('analog_io$01991172061$3$pad','adc_measurement_adv$1424598801$0$gch',1),
connected('analog_io$1793261058$4$pad','adc_measurement_adv$1424598797$0$gch',1),
connected('adc_measurement_adv$1424598793$0$res_sel','adc_measurement_adv$0461604565$0$res_sel',1),
connected('adc_measurement_adv$1212889704$0$res_sel','adc_measurement_adv$0461604562$0$res_sel',1),
connected('adc_measurement_adv$1212889708$0$res_sel','adc_measurement_adv$0461604561$0$res_sel',1),
connected('adc_measurement_adv$1424598797$0$res_sel','adc_measurement_adv$0461604564$0$res_sel',1),
connected('adc_measurement_adv$1424598801$0$res_sel','adc_measurement_adv$0461604563$0$res_sel',1),
connected('adc_measurement_adv$248008525$0$ch_class_sel','adc_measurement_adv$1424598793$0$iclass_sel',1),
connected('adc_measurement_adv$248008525$0$ch_class_sel','adc_measurement_adv$1424598797$0$iclass_sel',1),
connected('adc_measurement_adv$248008525$0$ch_class_sel','adc_measurement_adv$1424598801$0$iclass_sel',1),
connected('adc_measurement_adv$248008525$0$ch_class_sel','adc_measurement_adv$1212889704$0$iclass_sel',1),
connected('adc_measurement_adv$248008525$0$ch_class_sel','adc_measurement_adv$1212889708$0$iclass_sel',1),
connected('adc_measurement_adv$431302940$0$class_sel','adc_measurement_adv$248008525$0$scan_class_sel',1),
connected('global_adc$1790945385$0$global_signal','adc_measurement_adv$431302940$0$global_signal',1),
connected('analog_io$01694626416$0$pin','analog_io$0459569530$0$pad',1),
connected('analog_io$0459569530$0$pad','analog_io$01694626416$0$pin',1),
connected('analog_io$562284591$1$pin','analog_io$0970103707$1$pad',1),
connected('analog_io$0970103707$1$pad','analog_io$562284591$1$pin',1),
connected('analog_io$01475771698$2$pin','analog_io$01480637884$2$pad',1),
connected('analog_io$01480637884$2$pad','analog_io$01475771698$2$pin',1),
connected('analog_io$781139309$3$pin','analog_io$01991172061$3$pad',1),
connected('analog_io$01991172061$3$pad','analog_io$781139309$3$pin',1),
connected('analog_io$01256916980$4$pin','analog_io$1793261058$4$pad',1),
connected('analog_io$1793261058$4$pad','analog_io$01256916980$4$pin',1),
connected('analog_io$01889477709$10$pad','adc_measurement_adv$0276141682$1$gch',1),
connected('analog_io$1894955410$11$pad','adc_measurement_adv$0276141686$1$gch',1),
connected('analog_io$1282726881$5$pad','adc_measurement_adv$29542413$1$gch',1),
connected('analog_io$772192704$6$pad','adc_measurement_adv$29542412$1$gch',1),
connected('analog_io$261658527$7$pad','adc_measurement_adv$29542411$1$gch',1),
connected('analog_io$0248875650$8$pad','adc_measurement_adv$29542407$1$gch',1),
connected('analog_io$0759409827$9$pad','adc_measurement_adv$0276141678$1$gch',1),
connected('adc_measurement_adv$0276141686$1$res_sel','adc_measurement_adv$1509334892$1$res_sel',1),
connected('adc_measurement_adv$29542407$1$res_sel','adc_measurement_adv$1509334895$1$res_sel',1),
connected('adc_measurement_adv$29542411$1$res_sel','adc_measurement_adv$1509334896$1$res_sel',1),
connected('adc_measurement_adv$29542412$1$res_sel','adc_measurement_adv$1509334897$1$res_sel',1),
connected('adc_measurement_adv$29542413$1$res_sel','adc_measurement_adv$1509334898$1$res_sel',1),
connected('adc_measurement_adv$0276141682$1$res_sel','adc_measurement_adv$1509334893$1$res_sel',1),
connected('adc_measurement_adv$0276141678$1$res_sel','adc_measurement_adv$1509334894$1$res_sel',1),
connected('adc_measurement_adv$1492773006$1$ch_class_sel','adc_measurement_adv$0276141686$1$iclass_sel',1),
connected('adc_measurement_adv$1492773006$1$ch_class_sel','adc_measurement_adv$0276141682$1$iclass_sel',1),
connected('adc_measurement_adv$1492773006$1$ch_class_sel','adc_measurement_adv$0276141678$1$iclass_sel',1),
connected('adc_measurement_adv$1492773006$1$ch_class_sel','adc_measurement_adv$29542407$1$iclass_sel',1),
connected('adc_measurement_adv$1492773006$1$ch_class_sel','adc_measurement_adv$29542411$1$iclass_sel',1),
connected('adc_measurement_adv$1492773006$1$ch_class_sel','adc_measurement_adv$29542412$1$iclass_sel',1),
connected('adc_measurement_adv$1492773006$1$ch_class_sel','adc_measurement_adv$29542413$1$iclass_sel',1),
connected('adc_measurement_adv$1784612637$1$class_sel','adc_measurement_adv$1492773006$1$scan_class_sel',1),
connected('global_adc$1790945385$0$global_signal','adc_measurement_adv$1784612637$1$global_signal',1),
connected('analog_io$999994027$5$pin','analog_io$1282726881$5$pad',1),
connected('analog_io$1282726881$5$pad','analog_io$999994027$5$pin',1),
connected('analog_io$01038062262$6$pin','analog_io$772192704$6$pad',1),
connected('analog_io$772192704$6$pad','analog_io$01038062262$6$pin',1),
connected('analog_io$1218848745$7$pin','analog_io$261658527$7$pad',1),
connected('analog_io$261658527$7$pad','analog_io$1218848745$7$pin',1),
connected('analog_io$0819207544$8$pin','analog_io$0248875650$8$pad',1),
connected('analog_io$0248875650$8$pad','analog_io$0819207544$8$pin',1),
connected('analog_io$1437703463$9$pin','analog_io$0759409827$9$pad',1),
connected('analog_io$0759409827$9$pad','analog_io$1437703463$9$pin',1),
connected('analog_io$472386813$10$pin','analog_io$01889477709$10$pad',1),
connected('analog_io$01889477709$10$pad','analog_io$472386813$10$pin',1),
connected('analog_io$01565669476$11$pin','analog_io$1894955410$11$pad',1),
connected('analog_io$1894955410$11$pad','analog_io$01565669476$11$pin',1),
connected('digital_io$02001255827$1$pin','digital_io$01893669597$1$pad',1),
connected('digital_io$01893669597$1$pad','digital_io$02001255827$1$pin',1),
connected('digital_io$255655180$2$pin','digital_io$1890763522$2$pad',1),
connected('digital_io$1890763522$2$pad','digital_io$255655180$2$pin',1),
connected('digital_io$01782401109$3$pin','digital_io$1380229345$3$pad',1),
connected('digital_io$1380229345$3$pad','digital_io$01782401109$3$pin',1),
connected('digital_io$474509898$4$pin','digital_io$869695168$4$pad',1),
connected('digital_io$869695168$4$pad','digital_io$474509898$4$pin',1),
connected('digital_io$01563546391$5$pin','digital_io$359160991$5$pad',1),
connected('digital_io$359160991$5$pad','digital_io$01563546391$5$pin',1),
connected('digital_io$693364616$6$pin','digital_io$0151373186$6$pad',1),
connected('digital_io$0151373186$6$pad','digital_io$693364616$6$pin',1),
connected('digital_io$01344691673$7$pin','digital_io$0661907363$7$pad',1),
connected('digital_io$0661907363$7$pad','digital_io$01344691673$7$pin',1),
connected('pin_interrupt$1126006561$0$pin','pin_interrupt$01353729833$0$pad',1),
connected('pin_interrupt$504037229$0$tr','pin_interrupt$1919814214$0$trin',1),
connected('pin_interrupt$01936049730$0$out','pin_interrupt$371705443$0$signal_in',1),
connected('pin_interrupt$01353729833$0$pad','pin_interrupt$1126006561$0$pin',1),
connected('pin_interrupt$01353729833$0$pad','pin_interrupt$504037229$0$PIN_INTERRUPT0sv0',1),
connected('pin_interrupt$1919814214$0$iout','pin_interrupt$01936049730$0$in',1),
register_value('cpu_ctrl_xmc4$1540657684$0',iocr_oe,1),
rg_constraint_property_value('cpu_ctrl_xmc4$1540657684$0', speed_class of rg_property, ['A2']),
uri_element_range(ADC_MEASUREMENT_ADV1sv39,[result, result_adv, result_filter]),
uri_element_range(ADC_MEASUREMENT_ADV0sv30,[result, result_adv, result_filter]),
uri_element_range(ANALOG_IO1sv0,[14, 15]),
register_value('cpu_ctrl_xmc4$1540657682$0',iocr_oe,1),
rg_constraint_property_value('cpu_ctrl_xmc4$1540657682$0', speed_class of rg_property, ['A2']),
uri_element_range(ADC_MEASUREMENT_ADV0sv24,[result, result_adv, result_filter]),
uri_element_range(ANALOG_IO11sv0,[14, 15]),
uri_element_range(DIGITAL_IO1sv0,[0, 1, 2, 3, 4, 5, 6, 7, 8, 9, 14, 15]),
uri_element_range(ANALOG_IO10sv0,[14, 15]),
register_value('uart$02118624699$0',ccr_hpcen,0),
register_value('uart$02118624699$0',tbctr_size,4),
register_value('uart$02118624699$0',rbctr_size,4),
uri_element_range(ADC_MEASUREMENT_ADV1sv21,[result, result_adv, result_filter]),
uri_element_range(ADC_MEASUREMENT_ADV1sv27,[result, result_adv, result_filter]),
uri_element_range(ANALOG_IO3sv0,[14, 15]),
uri_element_range(ADC_MEASUREMENT_ADV1sv33,[result, result_adv, result_filter]),
uri_element_range(DIGITAL_IO4sv0,[0, 1, 2, 3, 4, 5, 6, 7, 8, 9, 14, 15]),
uri_element_range(PIN_INTERRUPT0sv0,[a, b]),
uri_element_range(ANALOG_IO9sv0,[14, 15]),
uri_element_range(ANALOG_IO0sv0,[14, 15]),
uri_element_range(DIGITAL_IO7sv0,[0, 1, 2, 3, 4, 5, 6, 7, 8, 9, 14, 15]),
uri_element_range(ANALOG_IO7sv0,[14, 15]),
uri_element_range(ANALOG_IO6sv0,[14, 15]),
rg_constraint_property_value('uart$01053640750$0', speed_class of rg_property, ['A1','A1+','A2']),
uri_element_range(ADC_MEASUREMENT_ADV0sv33,[result, result_adv, result_filter]),
register_value('cpu_ctrl_xmc4$1540657683$0',iocr_oe,1),
rg_constraint_property_value('cpu_ctrl_xmc4$1540657683$0', speed_class of rg_property, ['A2']),
uri_element_range(ANALOG_IO5sv0,[14, 15]),
uri_element_range(ADC_MEASUREMENT_ADV0sv27,[result, result_adv, result_filter]),
register_value('cpu_ctrl_xmc4$1540657681$0',iocr_oe,1),
rg_constraint_property_value('cpu_ctrl_xmc4$1540657681$0', speed_class of rg_property, ['A2']),
uri_element_range(ANALOG_IO8sv0,[14, 15]),
uri_element_range(ADC_MEASUREMENT_ADV0sv21,[result, result_adv, result_filter]),
uri_element_range(DIGITAL_IO6sv0,[0, 1, 2, 3, 4, 5, 6, 7, 8, 9, 14, 15]),
uri_element_range(DIGITAL_IO5sv0,[0, 1, 2, 3, 4, 5, 6, 7, 8, 9, 14, 15]),
uri_element_range(DIGITAL_IO3sv0,[0, 1, 2, 3, 4, 5, 6, 7, 8, 9, 14, 15]),
uri_element_range(DIGITAL_IO2sv0,[0, 1, 2, 3, 4, 5, 6, 7, 8, 9, 14, 15]),
rg_constraint_property_value('spi_slave$1145447222$0', speed_class of rg_property, ['A1+','A2']),
uri_element_range(ADC_MEASUREMENT_ADV1sv24,[result, result_adv, result_filter]),
uri_element_range(ADC_MEASUREMENT_ADV1sv30,[result, result_adv, result_filter]),
uri_element_range(ADC_MEASUREMENT_ADV1sv36,[result, result_adv, result_filter]),
uri_element_range(ANALOG_IO4sv0,[14, 15]),
register_value('cpu_ctrl_xmc4$1445176365$0',iocr_oe,1),
rg_constraint_property_value('cpu_ctrl_xmc4$1445176365$0', speed_class of rg_property, ['A2']),
register_value('spi_slave$01366864342$0',ccr_hpcen,0),
register_value('spi_slave$01366864342$0',tbctr_size,4),
register_value('spi_slave$01366864342$0',rbctr_size,4),
uri_element_range(ANALOG_IO2sv0,[14, 15])],'pin_interrupt$1126006561$0',Result),15,writeln(timeout),all_solution, Timer, Due, Remainder).



Jul 07, 2026 11:39:25 PM java.util.logging.LogManager$RootLogger log
INFO: 
End of solver : getFeasiblePins() :  Difference in ms 797


Jul 07, 2026 11:39:25 PM java.util.logging.LogManager$RootLogger log
INFO: [/devicepackage/0/127, /devicepackage/0/128, /devicepackage/0/129, /devicepackage/0/4, /devicepackage/0/3, /devicepackage/0/6, /devicepackage/0/5, /devicepackage/0/1, /devicepackage/0/2, /devicepackage/0/112, /devicepackage/0/111, /devicepackage/0/110, /devicepackage/0/107, /devicepackage/0/108, /devicepackage/0/109, /devicepackage/0/69, /devicepackage/0/72, /devicepackage/0/73, /devicepackage/0/70, /devicepackage/0/71, /devicepackage/0/94, /devicepackage/0/74, /devicepackage/0/75, /devicepackage/0/76, /devicepackage/0/130, /devicepackage/0/138, /devicepackage/0/137, /devicepackage/0/139, /devicepackage/0/140, /devicepackage/0/141, /devicepackage/0/144, /devicepackage/0/142, /devicepackage/0/143]


Jul 07, 2026 11:39:29 PM java.util.logging.LogManager$RootLogger log
INFO: Start of solver :getFeasiblePins() : Tue Jul 07 23:39:29 CEST 2026


Jul 07, 2026 11:39:29 PM java.util.logging.LogManager$RootLogger log
INFO: 
timeout(ask_feasible_mapping([reserved([cpu,0,exception,nmi],'cpu_ctrl_xmc4$01637679009$0'),
reserved([cpu,0,exception,hardfault],'cpu_ctrl_xmc4$0571328980$0'),
reserved([cpu,0,exception,memmanage],'cpu_ctrl_xmc4$1768468879$0'),
reserved([cpu,0,exception,busfault],'cpu_ctrl_xmc4$1763234541$0'),
reserved([cpu,0,exception,usagefault],'cpu_ctrl_xmc4$1814460844$0'),
reserved([cpu,0,debug],'cpu_ctrl_xmc4$1964564605$0'),
reserved([debug_port,_,pad,_],'cpu_ctrl_xmc4$01540614004$0'),
reserved([debug_port,_,pad,_],'cpu_ctrl_xmc4$01540614322$0'),
reserved([p,_,pad,_],'cpu_ctrl_xmc4$1445176365$0'),
reserved([p,_,pad,_],'cpu_ctrl_xmc4$1540657681$0'),
reserved([p,_,pad,_],'cpu_ctrl_xmc4$1540657682$0'),
reserved([p,_,pad,_],'cpu_ctrl_xmc4$1540657683$0'),
reserved([p,_,pad,_],'cpu_ctrl_xmc4$1540657684$0'),
reserved([devicepackage,0,_],'cpu_ctrl_xmc4$39943779$0'),
reserved([devicepackage,0,_],'cpu_ctrl_xmc4$0268126521$0'),
reserved([devicepackage,0,_],'cpu_ctrl_xmc4$0268126520$0'),
reserved([devicepackage,0,_],'cpu_ctrl_xmc4$0268126519$0'),
reserved([devicepackage,0,_],'cpu_ctrl_xmc4$0268126518$0'),
reserved([ccu8,GLOBAL_CCU80sv0,global],'global_ccu8$1465655520$0'),
reserved([scu,_,gcu,ccu8_global_enable,GLOBAL_CCU80sv0],'global_ccu8$1118816002$0'),
reserved([scu,0,clkctrl,0,pll],'clock_xmc4$01551378862$0'),
reserved([scu,0,clkctrl,0,sys],'clock_xmc4$01551375569$0'),
reserved([scu,0,clkctrl,0,cpu],'clock_xmc4$01551391222$0'),
reserved([scu,0,clkctrl,0,perbridge],'clock_xmc4$494804424$0'),
reserved([scu,0,clkctrl,0,ebu],'clock_xmc4$01551389734$0'),
reserved([scu,0,clkctrl,0,ccu],'clock_xmc4$01551391625$0'),
reserved([scu,0,clkctrl,0,wdt],'clock_xmc4$01551372375$0'),
reserved([scu,0,clkctrl,0,usb],'clock_xmc4$01551373850$0'),
reserved([scu,0,clkctrl,0,sdmmc],'clock_xmc4$01551381723$0'),
reserved([scu,0,pwrctrl,0,hibernate],'clock_xmc4$0778278092$0'),
reserved([scu,0,rtcclksel],'clock_xmc4$1142722683$0'),
reserved([scu,0,trap,0,sysoscwd],'clock_xmc4$1091210735$0'),
reserved([scu,0,trap,0,sysvcolock],'clock_xmc4$1586947406$0'),
reserved([scu,0,trap,0,usbvcolock],'clock_xmc4$0261647995$0'),
reserved([scu,0,trap,0,ulpwdg],'clock_xmc4$01047137491$0'),
reserved([ccu8,_,cc8,_],'pwm_ccu8$01113979708$0'),
reserved([ccu8,_,cc8,_],'pwm_ccu8$1142931299$1'),
reserved([ccu8,_,cc8,_],'pwm_ccu8$0895124990$2'),
reserved([ccu8,_,cc8,_],'pwm_ccu8$1361786017$3'),
reserved([ccu8,GLOBAL_CCU81sv0,global],'global_ccu8$1476971647$1'),
reserved([scu,_,gcu,ccu8_global_enable,GLOBAL_CCU81sv0],'global_ccu8$0581924477$1'),
reserved([ccu8,_,cc8,_],'pwm_ccu8$0676270272$4'),
reserved([ccu8,_,cc8,_],'pwm_ccu8$1580640735$5'),
reserved([ccu8,_,cc8,_],'pwm_ccu8$0457415554$6'),
reserved([ccu8,_,cc8,_],'pwm_ccu8$1799495453$7'),
reserved([usic,_,channel,_],'uart$02118624699$0'),
reserved([p,_,pad,_],'uart$01053640812$0'),
reserved([p,_,pad,_],'uart$01053640750$0'),
reserved([cpu,0,nvic,interrupt,_],'uart$01148723541$0'),
reserved([cpu,0,nvic,interrupt,_],'uart$01148723603$0'),
reserved([devicepackage,0,_],'uart$0164365666$0'),
reserved([devicepackage,0,_],'uart$0164365604$0'),
reserved([usic,_,channel,_],'spi_slave$01366864342$0'),
reserved([p,_,pad,_],'spi_slave$01333033692$0'),
reserved([p,_,pad,_],'spi_slave$1145447222$0'),
reserved([p,_,pad,_],'spi_slave$0403454326$0'),
reserved([p,_,pad,_],'spi_slave$125532735$0'),
reserved([cpu,0,nvic,interrupt,_],'spi_slave$01881239066$0'),
reserved([cpu,0,nvic,interrupt,_],'spi_slave$01881239128$0'),
reserved([devicepackage,0,_],'spi_slave$1438010906$0'),
reserved([devicepackage,0,_],'spi_slave$912294912$0'),
reserved([devicepackage,0,_],'spi_slave$1074287872$0'),
reserved([devicepackage,0,_],'spi_slave$01073724151$0'),
reserved([ccu4,GLOBAL_CCU40sv0,global],'global_ccu4$01760137752$0'),
reserved([scu,_,gcu,ccu4_global_enable,GLOBAL_CCU40sv0],'global_ccu4$89752826$0'),
reserved([posif,_,posif,global],'global_posif$096723225$0'),
reserved([p,_,pad,_],'encoder_posif$01718583280$0'),
reserved([p,_,pad,_],'encoder_posif$01718583279$0'),
reserved([p,_,pad,_],'encoder_posif$0122803319$0'),
reserved([posif,_,posif,hsc_qd],'encoder_posif$0809707646$0'),
reserved([ccu4,_,cc4,_],'encoder_posif$1605311925$0'),
reserved([ccu4,_,cc4,_],'encoder_posif$1605311927$0'),
reserved([ccu4,_,cc4,_],'encoder_posif$1605311928$0'),
reserved([devicepackage,0,_],'encoder_posif$01508859622$0'),
reserved([devicepackage,0,_],'encoder_posif$01508859621$0'),
reserved([devicepackage,0,_],'encoder_posif$01512731969$0'),
reserved([ccu4,GLOBAL_CCU41sv0,global],'global_ccu4$01748821625$1'),
reserved([scu,_,gcu,ccu4_global_enable,GLOBAL_CCU41sv0],'global_ccu4$01610987653$1'),
reserved([p,_,pad,_],'encoder_posif$1579311663$1'),
reserved([p,_,pad,_],'encoder_posif$1579311664$1'),
reserved([p,_,pad,_],'encoder_posif$227996618$1'),
reserved([posif,_,posif,hsc_qd],'encoder_posif$1447203361$1'),
reserved([ccu4,_,cc4,_],'encoder_posif$760840054$1'),
reserved([ccu4,_,cc4,_],'encoder_posif$760840056$1'),
reserved([ccu4,_,cc4,_],'encoder_posif$760840057$1'),
reserved([devicepackage,0,_],'encoder_posif$01575866375$1'),
reserved([devicepackage,0,_],'encoder_posif$01575866374$1'),
reserved([devicepackage,0,_],'encoder_posif$01182966208$1'),
reserved([vadc,_,global_limits],'global_adc$01890798523$0'),
reserved([vadc,_,global],'global_adc$1790945385$0'),
reserved([vadc,_,group,0,config],'global_adc$1796505175$0'),
reserved([vadc,_,group,1,config],'global_adc$1796505176$0'),
reserved([vadc,_,group,2,config],'global_adc$1796505177$0'),
reserved([vadc,_,group,3,config],'global_adc$1796505178$0'),
reserved([vadc,0,group,_,ch,ADC_MEASUREMENT_ADV0sv0],'adc_measurement_adv$1424598793$0'),
reserved([vadc,0,group,_,ch,ADC_MEASUREMENT_ADV0sv4],'adc_measurement_adv$1424598797$0'),
reserved([vadc,0,group,_,ch,ADC_MEASUREMENT_ADV0sv8],'adc_measurement_adv$1424598801$0'),
reserved([vadc,0,group,_,ch,ADC_MEASUREMENT_ADV0sv12],'adc_measurement_adv$1212889704$0'),
reserved([vadc,0,group,_,ch,ADC_MEASUREMENT_ADV0sv16],'adc_measurement_adv$1212889708$0'),
reserved([vadc,0,group,ADC_MEASUREMENT_ADV0sv20,ADC_MEASUREMENT_ADV0sv21,ADC_MEASUREMENT_ADV0sv22],'adc_measurement_adv$0461604565$0'),
reserved([vadc,0,group,ADC_MEASUREMENT_ADV0sv23,ADC_MEASUREMENT_ADV0sv24,ADC_MEASUREMENT_ADV0sv25],'adc_measurement_adv$0461604564$0'),
reserved([vadc,0,group,ADC_MEASUREMENT_ADV0sv26,ADC_MEASUREMENT_ADV0sv27,ADC_MEASUREMENT_ADV0sv28],'adc_measurement_adv$0461604563$0'),
reserved([vadc,0,group,ADC_MEASUREMENT_ADV0sv29,ADC_MEASUREMENT_ADV0sv30,ADC_MEASUREMENT_ADV0sv31],'adc_measurement_adv$0461604562$0'),
reserved([vadc,0,group,ADC_MEASUREMENT_ADV0sv32,ADC_MEASUREMENT_ADV0sv33,ADC_MEASUREMENT_ADV0sv34],'adc_measurement_adv$0461604561$0'),
reserved([vadc,_,group,_,scan],'adc_measurement_adv$431302940$0'),
reserved([vadc,_,group,_,class,_],'adc_measurement_adv$248008525$0'),
reserved([p,ANALOG_IO0sv0,pad,_],'analog_io$0459569530$0'),
reserved([devicepackage,0,_],'analog_io$01694626416$0'),
reserved([p,ANALOG_IO1sv0,pad,_],'analog_io$0970103707$1'),
reserved([devicepackage,0,_],'analog_io$562284591$1'),
reserved([p,ANALOG_IO2sv0,pad,_],'analog_io$01480637884$2'),
reserved([devicepackage,0,_],'analog_io$01475771698$2'),
reserved([p,ANALOG_IO3sv0,pad,_],'analog_io$01991172061$3'),
reserved([devicepackage,0,_],'analog_io$781139309$3'),
reserved([p,ANALOG_IO4sv0,pad,_],'analog_io$1793261058$4'),
reserved([devicepackage,0,_],'analog_io$01256916980$4'),
reserved([vadc,0,group,_,ch,ADC_MEASUREMENT_ADV1sv0],'adc_measurement_adv$0276141686$1'),
reserved([vadc,0,group,_,ch,ADC_MEASUREMENT_ADV1sv4],'adc_measurement_adv$0276141682$1'),
reserved([vadc,0,group,_,ch,ADC_MEASUREMENT_ADV1sv8],'adc_measurement_adv$0276141678$1'),
reserved([vadc,0,group,_,ch,ADC_MEASUREMENT_ADV1sv12],'adc_measurement_adv$29542407$1'),
reserved([vadc,0,group,_,ch,ADC_MEASUREMENT_ADV1sv16],'adc_measurement_adv$29542411$1'),
reserved([vadc,0,group,_,ch,ADC_MEASUREMENT_ADV1sv17],'adc_measurement_adv$29542412$1'),
reserved([vadc,0,group,_,ch,ADC_MEASUREMENT_ADV1sv18],'adc_measurement_adv$29542413$1'),
reserved([vadc,0,group,ADC_MEASUREMENT_ADV1sv20,ADC_MEASUREMENT_ADV1sv21,ADC_MEASUREMENT_ADV1sv22],'adc_measurement_adv$1509334892$1'),
reserved([vadc,0,group,ADC_MEASUREMENT_ADV1sv23,ADC_MEASUREMENT_ADV1sv24,ADC_MEASUREMENT_ADV1sv25],'adc_measurement_adv$1509334893$1'),
reserved([vadc,0,group,ADC_MEASUREMENT_ADV1sv26,ADC_MEASUREMENT_ADV1sv27,ADC_MEASUREMENT_ADV1sv28],'adc_measurement_adv$1509334894$1'),
reserved([vadc,0,group,ADC_MEASUREMENT_ADV1sv29,ADC_MEASUREMENT_ADV1sv30,ADC_MEASUREMENT_ADV1sv31],'adc_measurement_adv$1509334895$1'),
reserved([vadc,0,group,ADC_MEASUREMENT_ADV1sv32,ADC_MEASUREMENT_ADV1sv33,ADC_MEASUREMENT_ADV1sv34],'adc_measurement_adv$1509334896$1'),
reserved([vadc,0,group,ADC_MEASUREMENT_ADV1sv35,ADC_MEASUREMENT_ADV1sv36,ADC_MEASUREMENT_ADV1sv37],'adc_measurement_adv$1509334897$1'),
reserved([vadc,0,group,ADC_MEASUREMENT_ADV1sv38,ADC_MEASUREMENT_ADV1sv39,ADC_MEASUREMENT_ADV1sv40],'adc_measurement_adv$1509334898$1'),
reserved([vadc,_,group,_,scan],'adc_measurement_adv$1784612637$1'),
reserved([vadc,_,group,_,class,_],'adc_measurement_adv$1492773006$1'),
reserved([p,ANALOG_IO5sv0,pad,_],'analog_io$1282726881$5'),
reserved([devicepackage,0,_],'analog_io$999994027$5'),
reserved([p,ANALOG_IO6sv0,pad,_],'analog_io$772192704$6'),
reserved([devicepackage,0,_],'analog_io$01038062262$6'),
reserved([p,ANALOG_IO7sv0,pad,_],'analog_io$261658527$7'),
reserved([devicepackage,0,_],'analog_io$1218848745$7'),
reserved([p,ANALOG_IO8sv0,pad,_],'analog_io$0248875650$8'),
reserved([devicepackage,0,_],'analog_io$0819207544$8'),
reserved([p,ANALOG_IO9sv0,pad,_],'analog_io$0759409827$9'),
reserved([devicepackage,0,_],'analog_io$1437703463$9'),
reserved([p,ANALOG_IO10sv0,pad,_],'analog_io$01889477709$10'),
reserved([devicepackage,0,_],'analog_io$472386813$10'),
reserved([p,ANALOG_IO11sv0,pad,_],'analog_io$1894955410$11'),
reserved([devicepackage,0,_],'analog_io$01565669476$11'),
reserved([p,DIGITAL_IO1sv0,pad,_],'digital_io$01893669597$1'),
reserved([devicepackage,0,_],'digital_io$02001255827$1'),
reserved([p,DIGITAL_IO2sv0,pad,_],'digital_io$1890763522$2'),
reserved([devicepackage,0,_],'digital_io$255655180$2'),
reserved([p,DIGITAL_IO3sv0,pad,_],'digital_io$1380229345$3'),
reserved([devicepackage,0,_],'digital_io$01782401109$3'),
reserved([p,DIGITAL_IO4sv0,pad,_],'digital_io$869695168$4'),
reserved([devicepackage,0,_],'digital_io$474509898$4'),
reserved([p,DIGITAL_IO5sv0,pad,_],'digital_io$359160991$5'),
reserved([devicepackage,0,_],'digital_io$01563546391$5'),
reserved([p,DIGITAL_IO6sv0,pad,_],'digital_io$0151373186$6'),
reserved([devicepackage,0,_],'digital_io$693364616$6'),
reserved([p,DIGITAL_IO7sv0,pad,_],'digital_io$0661907363$7'),
reserved([devicepackage,0,_],'digital_io$01344691673$7'),
reserved([cpu,0,nvic,interrupt,_],'pin_interrupt$371705443$0'),
reserved([p,_,pad,_],'pin_interrupt$01353729833$0'),
reserved([eru,_,ers_etl,_],'pin_interrupt$504037229$0'),
reserved([eru,_,ogu,_],'pin_interrupt$1919814214$0'),
reserved([scu,_,gcu,interrupt,erunmi,_],'pin_interrupt$01936049730$0'),
reserved([devicepackage,0,_],'pin_interrupt$1126006561$0'),
signal('cpu_ctrl_xmc4$01637679009$0',nmi_in,'cpu_ctrl_xmc4$01637679009$0$nmi_in'),
signal('cpu_ctrl_xmc4$1964564605$0',db_tck,'cpu_ctrl_xmc4$1964564605$0$db_tck'),
signal('cpu_ctrl_xmc4$1964564605$0',db_tms,'cpu_ctrl_xmc4$1964564605$0$db_tms'),
signal('cpu_ctrl_xmc4$1964564605$0',db_etm_traceclk,'cpu_ctrl_xmc4$1964564605$0$db_etm_traceclk'),
signal('cpu_ctrl_xmc4$1964564605$0',db_etm_tracedata0,'cpu_ctrl_xmc4$1964564605$0$db_etm_tracedata0'),
signal('cpu_ctrl_xmc4$1964564605$0',db_etm_tracedata1,'cpu_ctrl_xmc4$1964564605$0$db_etm_tracedata1'),
signal('cpu_ctrl_xmc4$1964564605$0',db_etm_tracedata2,'cpu_ctrl_xmc4$1964564605$0$db_etm_tracedata2'),
signal('cpu_ctrl_xmc4$1964564605$0',db_etm_tracedata3,'cpu_ctrl_xmc4$1964564605$0$db_etm_tracedata3'),
signal('cpu_ctrl_xmc4$1445176365$0',hw_o,'cpu_ctrl_xmc4$1445176365$0$hw_o'),
signal('cpu_ctrl_xmc4$1445176365$0',pad,'cpu_ctrl_xmc4$1445176365$0$pad'),
signal('cpu_ctrl_xmc4$1540657681$0',hw_o,'cpu_ctrl_xmc4$1540657681$0$hw_o'),
signal('cpu_ctrl_xmc4$1540657681$0',pad,'cpu_ctrl_xmc4$1540657681$0$pad'),
signal('cpu_ctrl_xmc4$1540657682$0',hw_o,'cpu_ctrl_xmc4$1540657682$0$hw_o'),
signal('cpu_ctrl_xmc4$1540657682$0',pad,'cpu_ctrl_xmc4$1540657682$0$pad'),
signal('cpu_ctrl_xmc4$1540657683$0',hw_o,'cpu_ctrl_xmc4$1540657683$0$hw_o'),
signal('cpu_ctrl_xmc4$1540657683$0',pad,'cpu_ctrl_xmc4$1540657683$0$pad'),
signal('cpu_ctrl_xmc4$1540657684$0',hw_o,'cpu_ctrl_xmc4$1540657684$0$hw_o'),
signal('cpu_ctrl_xmc4$1540657684$0',pad,'cpu_ctrl_xmc4$1540657684$0$pad'),
signal('cpu_ctrl_xmc4$39943779$0',pin,'cpu_ctrl_xmc4$39943779$0$pin'),
signal('cpu_ctrl_xmc4$0268126521$0',pin,'cpu_ctrl_xmc4$0268126521$0$pin'),
signal('cpu_ctrl_xmc4$0268126520$0',pin,'cpu_ctrl_xmc4$0268126520$0$pin'),
signal('cpu_ctrl_xmc4$0268126519$0',pin,'cpu_ctrl_xmc4$0268126519$0$pin'),
signal('cpu_ctrl_xmc4$0268126518$0',pin,'cpu_ctrl_xmc4$0268126518$0$pin'),
signal('global_ccu8$1465655520$0',global_signal,'global_ccu8$1465655520$0$global_signal'),
signal('global_ccu8$1465655520$0',clk,'global_ccu8$1465655520$0$clk'),
signal('global_ccu8$1118816002$0',gsc_enable,'global_ccu8$1118816002$0$gsc_enable'),
signal('clock_xmc4$494804424$0',fpb,'clock_xmc4$494804424$0$fpb'),
signal('clock_xmc4$01551391625$0',fccu,'clock_xmc4$01551391625$0$fccu'),
signal('pwm_ccu8$01113979708$0',global_signal,'pwm_ccu8$01113979708$0$global_signal'),
signal('pwm_ccu8$01113979708$0',st,'pwm_ccu8$01113979708$0$st'),
signal('pwm_ccu8$01113979708$0',sta,'pwm_ccu8$01113979708$0$sta'),
signal('pwm_ccu8$01113979708$0',stb,'pwm_ccu8$01113979708$0$stb'),
signal('pwm_ccu8$01113979708$0',out0,'pwm_ccu8$01113979708$0$out0'),
signal('pwm_ccu8$01113979708$0',out1,'pwm_ccu8$01113979708$0$out1'),
signal('pwm_ccu8$01113979708$0',out2,'pwm_ccu8$01113979708$0$out2'),
signal('pwm_ccu8$01113979708$0',out3,'pwm_ccu8$01113979708$0$out3'),
signal('pwm_ccu8$01113979708$0',gp0_unsync,'pwm_ccu8$01113979708$0$gp0_unsync'),
signal('pwm_ccu8$01113979708$0',gp1_unsync,'pwm_ccu8$01113979708$0$gp1_unsync'),
signal('pwm_ccu8$01113979708$0',gp2_unsync,'pwm_ccu8$01113979708$0$gp2_unsync'),
signal('pwm_ccu8$01113979708$0',gp0,'pwm_ccu8$01113979708$0$gp0'),
signal('pwm_ccu8$01113979708$0',gp1,'pwm_ccu8$01113979708$0$gp1'),
signal('pwm_ccu8$01113979708$0',gp2,'pwm_ccu8$01113979708$0$gp2'),
signal('pwm_ccu8$01113979708$0',ps,'pwm_ccu8$01113979708$0$ps'),
signal('pwm_ccu8$01113979708$0',mci0,'pwm_ccu8$01113979708$0$mci0'),
signal('pwm_ccu8$01113979708$0',mci1,'pwm_ccu8$01113979708$0$mci1'),
signal('pwm_ccu8$01113979708$0',mci2,'pwm_ccu8$01113979708$0$mci2'),
signal('pwm_ccu8$01113979708$0',mci3,'pwm_ccu8$01113979708$0$mci3'),
signal('pwm_ccu8$01113979708$0',mcss,'pwm_ccu8$01113979708$0$mcss'),
signal('pwm_ccu8$1142931299$1',global_signal,'pwm_ccu8$1142931299$1$global_signal'),
signal('pwm_ccu8$1142931299$1',st,'pwm_ccu8$1142931299$1$st'),
signal('pwm_ccu8$1142931299$1',sta,'pwm_ccu8$1142931299$1$sta'),
signal('pwm_ccu8$1142931299$1',stb,'pwm_ccu8$1142931299$1$stb'),
signal('pwm_ccu8$1142931299$1',out0,'pwm_ccu8$1142931299$1$out0'),
signal('pwm_ccu8$1142931299$1',out1,'pwm_ccu8$1142931299$1$out1'),
signal('pwm_ccu8$1142931299$1',out2,'pwm_ccu8$1142931299$1$out2'),
signal('pwm_ccu8$1142931299$1',out3,'pwm_ccu8$1142931299$1$out3'),
signal('pwm_ccu8$1142931299$1',gp0_unsync,'pwm_ccu8$1142931299$1$gp0_unsync'),
signal('pwm_ccu8$1142931299$1',gp1_unsync,'pwm_ccu8$1142931299$1$gp1_unsync'),
signal('pwm_ccu8$1142931299$1',gp2_unsync,'pwm_ccu8$1142931299$1$gp2_unsync'),
signal('pwm_ccu8$1142931299$1',gp0,'pwm_ccu8$1142931299$1$gp0'),
signal('pwm_ccu8$1142931299$1',gp1,'pwm_ccu8$1142931299$1$gp1'),
signal('pwm_ccu8$1142931299$1',gp2,'pwm_ccu8$1142931299$1$gp2'),
signal('pwm_ccu8$1142931299$1',ps,'pwm_ccu8$1142931299$1$ps'),
signal('pwm_ccu8$1142931299$1',mci0,'pwm_ccu8$1142931299$1$mci0'),
signal('pwm_ccu8$1142931299$1',mci1,'pwm_ccu8$1142931299$1$mci1'),
signal('pwm_ccu8$1142931299$1',mci2,'pwm_ccu8$1142931299$1$mci2'),
signal('pwm_ccu8$1142931299$1',mci3,'pwm_ccu8$1142931299$1$mci3'),
signal('pwm_ccu8$1142931299$1',mcss,'pwm_ccu8$1142931299$1$mcss'),
signal('pwm_ccu8$0895124990$2',global_signal,'pwm_ccu8$0895124990$2$global_signal'),
signal('pwm_ccu8$0895124990$2',st,'pwm_ccu8$0895124990$2$st'),
signal('pwm_ccu8$0895124990$2',sta,'pwm_ccu8$0895124990$2$sta'),
signal('pwm_ccu8$0895124990$2',stb,'pwm_ccu8$0895124990$2$stb'),
signal('pwm_ccu8$0895124990$2',out0,'pwm_ccu8$0895124990$2$out0'),
signal('pwm_ccu8$0895124990$2',out1,'pwm_ccu8$0895124990$2$out1'),
signal('pwm_ccu8$0895124990$2',out2,'pwm_ccu8$0895124990$2$out2'),
signal('pwm_ccu8$0895124990$2',out3,'pwm_ccu8$0895124990$2$out3'),
signal('pwm_ccu8$0895124990$2',gp0_unsync,'pwm_ccu8$0895124990$2$gp0_unsync'),
signal('pwm_ccu8$0895124990$2',gp1_unsync,'pwm_ccu8$0895124990$2$gp1_unsync'),
signal('pwm_ccu8$0895124990$2',gp2_unsync,'pwm_ccu8$0895124990$2$gp2_unsync'),
signal('pwm_ccu8$0895124990$2',gp0,'pwm_ccu8$0895124990$2$gp0'),
signal('pwm_ccu8$0895124990$2',gp1,'pwm_ccu8$0895124990$2$gp1'),
signal('pwm_ccu8$0895124990$2',gp2,'pwm_ccu8$0895124990$2$gp2'),
signal('pwm_ccu8$0895124990$2',ps,'pwm_ccu8$0895124990$2$ps'),
signal('pwm_ccu8$0895124990$2',mci0,'pwm_ccu8$0895124990$2$mci0'),
signal('pwm_ccu8$0895124990$2',mci1,'pwm_ccu8$0895124990$2$mci1'),
signal('pwm_ccu8$0895124990$2',mci2,'pwm_ccu8$0895124990$2$mci2'),
signal('pwm_ccu8$0895124990$2',mci3,'pwm_ccu8$0895124990$2$mci3'),
signal('pwm_ccu8$0895124990$2',mcss,'pwm_ccu8$0895124990$2$mcss'),
signal('pwm_ccu8$1361786017$3',global_signal,'pwm_ccu8$1361786017$3$global_signal'),
signal('pwm_ccu8$1361786017$3',st,'pwm_ccu8$1361786017$3$st'),
signal('pwm_ccu8$1361786017$3',sta,'pwm_ccu8$1361786017$3$sta'),
signal('pwm_ccu8$1361786017$3',stb,'pwm_ccu8$1361786017$3$stb'),
signal('pwm_ccu8$1361786017$3',out0,'pwm_ccu8$1361786017$3$out0'),
signal('pwm_ccu8$1361786017$3',out1,'pwm_ccu8$1361786017$3$out1'),
signal('pwm_ccu8$1361786017$3',out2,'pwm_ccu8$1361786017$3$out2'),
signal('pwm_ccu8$1361786017$3',out3,'pwm_ccu8$1361786017$3$out3'),
signal('pwm_ccu8$1361786017$3',gp0_unsync,'pwm_ccu8$1361786017$3$gp0_unsync'),
signal('pwm_ccu8$1361786017$3',gp1_unsync,'pwm_ccu8$1361786017$3$gp1_unsync'),
signal('pwm_ccu8$1361786017$3',gp2_unsync,'pwm_ccu8$1361786017$3$gp2_unsync'),
signal('pwm_ccu8$1361786017$3',gp0,'pwm_ccu8$1361786017$3$gp0'),
signal('pwm_ccu8$1361786017$3',gp1,'pwm_ccu8$1361786017$3$gp1'),
signal('pwm_ccu8$1361786017$3',gp2,'pwm_ccu8$1361786017$3$gp2'),
signal('pwm_ccu8$1361786017$3',ps,'pwm_ccu8$1361786017$3$ps'),
signal('pwm_ccu8$1361786017$3',mci0,'pwm_ccu8$1361786017$3$mci0'),
signal('pwm_ccu8$1361786017$3',mci1,'pwm_ccu8$1361786017$3$mci1'),
signal('pwm_ccu8$1361786017$3',mci2,'pwm_ccu8$1361786017$3$mci2'),
signal('pwm_ccu8$1361786017$3',mci3,'pwm_ccu8$1361786017$3$mci3'),
signal('pwm_ccu8$1361786017$3',mcss,'pwm_ccu8$1361786017$3$mcss'),
signal('global_ccu8$1476971647$1',global_signal,'global_ccu8$1476971647$1$global_signal'),
signal('global_ccu8$1476971647$1',clk,'global_ccu8$1476971647$1$clk'),
signal('global_ccu8$0581924477$1',gsc_enable,'global_ccu8$0581924477$1$gsc_enable'),
signal('pwm_ccu8$0676270272$4',global_signal,'pwm_ccu8$0676270272$4$global_signal'),
signal('pwm_ccu8$0676270272$4',st,'pwm_ccu8$0676270272$4$st'),
signal('pwm_ccu8$0676270272$4',sta,'pwm_ccu8$0676270272$4$sta'),
signal('pwm_ccu8$0676270272$4',stb,'pwm_ccu8$0676270272$4$stb'),
signal('pwm_ccu8$0676270272$4',out0,'pwm_ccu8$0676270272$4$out0'),
signal('pwm_ccu8$0676270272$4',out1,'pwm_ccu8$0676270272$4$out1'),
signal('pwm_ccu8$0676270272$4',out2,'pwm_ccu8$0676270272$4$out2'),
signal('pwm_ccu8$0676270272$4',out3,'pwm_ccu8$0676270272$4$out3'),
signal('pwm_ccu8$0676270272$4',gp0_unsync,'pwm_ccu8$0676270272$4$gp0_unsync'),
signal('pwm_ccu8$0676270272$4',gp1_unsync,'pwm_ccu8$0676270272$4$gp1_unsync'),
signal('pwm_ccu8$0676270272$4',gp2_unsync,'pwm_ccu8$0676270272$4$gp2_unsync'),
signal('pwm_ccu8$0676270272$4',gp0,'pwm_ccu8$0676270272$4$gp0'),
signal('pwm_ccu8$0676270272$4',gp1,'pwm_ccu8$0676270272$4$gp1'),
signal('pwm_ccu8$0676270272$4',gp2,'pwm_ccu8$0676270272$4$gp2'),
signal('pwm_ccu8$0676270272$4',ps,'pwm_ccu8$0676270272$4$ps'),
signal('pwm_ccu8$0676270272$4',mci0,'pwm_ccu8$0676270272$4$mci0'),
signal('pwm_ccu8$0676270272$4',mci1,'pwm_ccu8$0676270272$4$mci1'),
signal('pwm_ccu8$0676270272$4',mci2,'pwm_ccu8$0676270272$4$mci2'),
signal('pwm_ccu8$0676270272$4',mci3,'pwm_ccu8$0676270272$4$mci3'),
signal('pwm_ccu8$0676270272$4',mcss,'pwm_ccu8$0676270272$4$mcss'),
signal('pwm_ccu8$1580640735$5',global_signal,'pwm_ccu8$1580640735$5$global_signal'),
signal('pwm_ccu8$1580640735$5',st,'pwm_ccu8$1580640735$5$st'),
signal('pwm_ccu8$1580640735$5',sta,'pwm_ccu8$1580640735$5$sta'),
signal('pwm_ccu8$1580640735$5',stb,'pwm_ccu8$1580640735$5$stb'),
signal('pwm_ccu8$1580640735$5',out0,'pwm_ccu8$1580640735$5$out0'),
signal('pwm_ccu8$1580640735$5',out1,'pwm_ccu8$1580640735$5$out1'),
signal('pwm_ccu8$1580640735$5',out2,'pwm_ccu8$1580640735$5$out2'),
signal('pwm_ccu8$1580640735$5',out3,'pwm_ccu8$1580640735$5$out3'),
signal('pwm_ccu8$1580640735$5',gp0_unsync,'pwm_ccu8$1580640735$5$gp0_unsync'),
signal('pwm_ccu8$1580640735$5',gp1_unsync,'pwm_ccu8$1580640735$5$gp1_unsync'),
signal('pwm_ccu8$1580640735$5',gp2_unsync,'pwm_ccu8$1580640735$5$gp2_unsync'),
signal('pwm_ccu8$1580640735$5',gp0,'pwm_ccu8$1580640735$5$gp0'),
signal('pwm_ccu8$1580640735$5',gp1,'pwm_ccu8$1580640735$5$gp1'),
signal('pwm_ccu8$1580640735$5',gp2,'pwm_ccu8$1580640735$5$gp2'),
signal('pwm_ccu8$1580640735$5',ps,'pwm_ccu8$1580640735$5$ps'),
signal('pwm_ccu8$1580640735$5',mci0,'pwm_ccu8$1580640735$5$mci0'),
signal('pwm_ccu8$1580640735$5',mci1,'pwm_ccu8$1580640735$5$mci1'),
signal('pwm_ccu8$1580640735$5',mci2,'pwm_ccu8$1580640735$5$mci2'),
signal('pwm_ccu8$1580640735$5',mci3,'pwm_ccu8$1580640735$5$mci3'),
signal('pwm_ccu8$1580640735$5',mcss,'pwm_ccu8$1580640735$5$mcss'),
signal('pwm_ccu8$0457415554$6',global_signal,'pwm_ccu8$0457415554$6$global_signal'),
signal('pwm_ccu8$0457415554$6',st,'pwm_ccu8$0457415554$6$st'),
signal('pwm_ccu8$0457415554$6',sta,'pwm_ccu8$0457415554$6$sta'),
signal('pwm_ccu8$0457415554$6',stb,'pwm_ccu8$0457415554$6$stb'),
signal('pwm_ccu8$0457415554$6',out0,'pwm_ccu8$0457415554$6$out0'),
signal('pwm_ccu8$0457415554$6',out1,'pwm_ccu8$0457415554$6$out1'),
signal('pwm_ccu8$0457415554$6',out2,'pwm_ccu8$0457415554$6$out2'),
signal('pwm_ccu8$0457415554$6',out3,'pwm_ccu8$0457415554$6$out3'),
signal('pwm_ccu8$0457415554$6',gp0_unsync,'pwm_ccu8$0457415554$6$gp0_unsync'),
signal('pwm_ccu8$0457415554$6',gp1_unsync,'pwm_ccu8$0457415554$6$gp1_unsync'),
signal('pwm_ccu8$0457415554$6',gp2_unsync,'pwm_ccu8$0457415554$6$gp2_unsync'),
signal('pwm_ccu8$0457415554$6',gp0,'pwm_ccu8$0457415554$6$gp0'),
signal('pwm_ccu8$0457415554$6',gp1,'pwm_ccu8$0457415554$6$gp1'),
signal('pwm_ccu8$0457415554$6',gp2,'pwm_ccu8$0457415554$6$gp2'),
signal('pwm_ccu8$0457415554$6',ps,'pwm_ccu8$0457415554$6$ps'),
signal('pwm_ccu8$0457415554$6',mci0,'pwm_ccu8$0457415554$6$mci0'),
signal('pwm_ccu8$0457415554$6',mci1,'pwm_ccu8$0457415554$6$mci1'),
signal('pwm_ccu8$0457415554$6',mci2,'pwm_ccu8$0457415554$6$mci2'),
signal('pwm_ccu8$0457415554$6',mci3,'pwm_ccu8$0457415554$6$mci3'),
signal('pwm_ccu8$0457415554$6',mcss,'pwm_ccu8$0457415554$6$mcss'),
signal('pwm_ccu8$1799495453$7',global_signal,'pwm_ccu8$1799495453$7$global_signal'),
signal('pwm_ccu8$1799495453$7',st,'pwm_ccu8$1799495453$7$st'),
signal('pwm_ccu8$1799495453$7',sta,'pwm_ccu8$1799495453$7$sta'),
signal('pwm_ccu8$1799495453$7',stb,'pwm_ccu8$1799495453$7$stb'),
signal('pwm_ccu8$1799495453$7',out0,'pwm_ccu8$1799495453$7$out0'),
signal('pwm_ccu8$1799495453$7',out1,'pwm_ccu8$1799495453$7$out1'),
signal('pwm_ccu8$1799495453$7',out2,'pwm_ccu8$1799495453$7$out2'),
signal('pwm_ccu8$1799495453$7',out3,'pwm_ccu8$1799495453$7$out3'),
signal('pwm_ccu8$1799495453$7',gp0_unsync,'pwm_ccu8$1799495453$7$gp0_unsync'),
signal('pwm_ccu8$1799495453$7',gp1_unsync,'pwm_ccu8$1799495453$7$gp1_unsync'),
signal('pwm_ccu8$1799495453$7',gp2_unsync,'pwm_ccu8$1799495453$7$gp2_unsync'),
signal('pwm_ccu8$1799495453$7',gp0,'pwm_ccu8$1799495453$7$gp0'),
signal('pwm_ccu8$1799495453$7',gp1,'pwm_ccu8$1799495453$7$gp1'),
signal('pwm_ccu8$1799495453$7',gp2,'pwm_ccu8$1799495453$7$gp2'),
signal('pwm_ccu8$1799495453$7',ps,'pwm_ccu8$1799495453$7$ps'),
signal('pwm_ccu8$1799495453$7',mci0,'pwm_ccu8$1799495453$7$mci0'),
signal('pwm_ccu8$1799495453$7',mci1,'pwm_ccu8$1799495453$7$mci1'),
signal('pwm_ccu8$1799495453$7',mci2,'pwm_ccu8$1799495453$7$mci2'),
signal('pwm_ccu8$1799495453$7',mci3,'pwm_ccu8$1799495453$7$mci3'),
signal('pwm_ccu8$1799495453$7',mcss,'pwm_ccu8$1799495453$7$mcss'),
signal('uart$02118624699$0',dx0ins,'uart$02118624699$0$dx0ins'),
signal('uart$02118624699$0',dx3ins,'uart$02118624699$0$dx3ins'),
signal('uart$02118624699$0',dout0,'uart$02118624699$0$dout0'),
signal('uart$01053640812$0',pad,'uart$01053640812$0$pad'),
signal('uart$01053640750$0',pad,'uart$01053640750$0$pad'),
signal('uart$02118624699$0',protocol_specific_int,'uart$02118624699$0$protocol_specific_int'),
signal('uart$02118624699$0',standard_transmit_buffer_int,'uart$02118624699$0$standard_transmit_buffer_int'),
signal('uart$02118624699$0',standard_receive_buffer_int,'uart$02118624699$0$standard_receive_buffer_int'),
signal('uart$02118624699$0',alternate_receive_buffer_int,'uart$02118624699$0$alternate_receive_buffer_int'),
signal('uart$01148723541$0',signal_in,'uart$01148723541$0$signal_in'),
signal('uart$01148723603$0',signal_in,'uart$01148723603$0$signal_in'),
signal('uart$0164365666$0',pin,'uart$0164365666$0$pin'),
signal('uart$0164365604$0',pin,'uart$0164365604$0$pin'),
signal('spi_slave$01366864342$0',dx0ins,'spi_slave$01366864342$0$dx0ins'),
signal('spi_slave$01366864342$0',dx1ins,'spi_slave$01366864342$0$dx1ins'),
signal('spi_slave$01366864342$0',dx2ins,'spi_slave$01366864342$0$dx2ins'),
signal('spi_slave$01366864342$0',dx3ins,'spi_slave$01366864342$0$dx3ins'),
signal('spi_slave$01366864342$0',dx4ins,'spi_slave$01366864342$0$dx4ins'),
signal('spi_slave$01366864342$0',dx5ins,'spi_slave$01366864342$0$dx5ins'),
signal('spi_slave$01366864342$0',dout0,'spi_slave$01366864342$0$dout0'),
signal('spi_slave$01366864342$0',dout1,'spi_slave$01366864342$0$dout1'),
signal('spi_slave$1145447222$0',pad,'spi_slave$1145447222$0$pad'),
signal('spi_slave$01333033692$0',pad,'spi_slave$01333033692$0$pad'),
signal('spi_slave$0403454326$0',pad,'spi_slave$0403454326$0$pad'),
signal('spi_slave$125532735$0',pad,'spi_slave$125532735$0$pad'),
signal('spi_slave$01366864342$0',protocol_specific_int,'spi_slave$01366864342$0$protocol_specific_int'),
signal('spi_slave$01366864342$0',standard_transmit_buffer_int,'spi_slave$01366864342$0$standard_transmit_buffer_int'),
signal('spi_slave$01366864342$0',standard_receive_buffer_int,'spi_slave$01366864342$0$standard_receive_buffer_int'),
signal('spi_slave$01366864342$0',alternate_receive_buffer_int,'spi_slave$01366864342$0$alternate_receive_buffer_int'),
signal('spi_slave$01881239066$0',signal_in,'spi_slave$01881239066$0$signal_in'),
signal('spi_slave$01881239128$0',signal_in,'spi_slave$01881239128$0$signal_in'),
signal('spi_slave$1438010906$0',pin,'spi_slave$1438010906$0$pin'),
signal('spi_slave$912294912$0',pin,'spi_slave$912294912$0$pin'),
signal('spi_slave$1074287872$0',pin,'spi_slave$1074287872$0$pin'),
signal('spi_slave$01073724151$0',pin,'spi_slave$01073724151$0$pin'),
signal('global_ccu4$01760137752$0',global_signal,'global_ccu4$01760137752$0$global_signal'),
signal('global_ccu4$01760137752$0',clk,'global_ccu4$01760137752$0$clk'),
signal('global_ccu4$89752826$0',gsc_enable,'global_ccu4$89752826$0$gsc_enable'),
signal('global_posif$096723225$0',global_signal,'global_posif$096723225$0$global_signal'),
signal('global_posif$096723225$0',clk,'global_posif$096723225$0$clk'),
signal('encoder_posif$0809707646$0',ipos0,'encoder_posif$0809707646$0$ipos0'),
signal('encoder_posif$0809707646$0',ipos1,'encoder_posif$0809707646$0$ipos1'),
signal('encoder_posif$0809707646$0',erre,'encoder_posif$0809707646$0$erre'),
signal('encoder_posif$0809707646$0',cnte,'encoder_posif$0809707646$0$cnte'),
signal('encoder_posif$0809707646$0',dire,'encoder_posif$0809707646$0$dire'),
signal('encoder_posif$0809707646$0',pcle,'encoder_posif$0809707646$0$pcle'),
signal('encoder_posif$0809707646$0',out0,'encoder_posif$0809707646$0$out0'),
signal('encoder_posif$0809707646$0',out1,'encoder_posif$0809707646$0$out1'),
signal('encoder_posif$0809707646$0',out2,'encoder_posif$0809707646$0$out2'),
signal('encoder_posif$0809707646$0',out5,'encoder_posif$0809707646$0$out5'),
signal('encoder_posif$01718583280$0',pad,'encoder_posif$01718583280$0$pad'),
signal('encoder_posif$01718583279$0',pad,'encoder_posif$01718583279$0$pad'),
signal('encoder_posif$0122803319$0',pad,'encoder_posif$0122803319$0$pad'),
signal('encoder_posif$1605311925$0',global_signal,'encoder_posif$1605311925$0$global_signal'),
signal('encoder_posif$1605311927$0',global_signal,'encoder_posif$1605311927$0$global_signal'),
signal('encoder_posif$1605311928$0',global_signal,'encoder_posif$1605311928$0$global_signal'),
signal('encoder_posif$1605311925$0',gp0_unsync,'encoder_posif$1605311925$0$gp0_unsync'),
signal('encoder_posif$1605311925$0',gp1_unsync,'encoder_posif$1605311925$0$gp1_unsync'),
signal('encoder_posif$1605311925$0',gp2_unsync,'encoder_posif$1605311925$0$gp2_unsync'),
signal('encoder_posif$1605311925$0',st,'encoder_posif$1605311925$0$st'),
signal('encoder_posif$1605311927$0',gp0_unsync,'encoder_posif$1605311927$0$gp0_unsync'),
signal('encoder_posif$1605311927$0',gp1_unsync,'encoder_posif$1605311927$0$gp1_unsync'),
signal('encoder_posif$1605311928$0',gp0_unsync,'encoder_posif$1605311928$0$gp0_unsync'),
signal('encoder_posif$1605311928$0',st,'encoder_posif$1605311928$0$st'),
signal('encoder_posif$01508859622$0',pin,'encoder_posif$01508859622$0$pin'),
signal('encoder_posif$01508859621$0',pin,'encoder_posif$01508859621$0$pin'),
signal('encoder_posif$01512731969$0',pin,'encoder_posif$01512731969$0$pin'),
signal('global_ccu4$01748821625$1',global_signal,'global_ccu4$01748821625$1$global_signal'),
signal('global_ccu4$01748821625$1',clk,'global_ccu4$01748821625$1$clk'),
signal('global_ccu4$01610987653$1',gsc_enable,'global_ccu4$01610987653$1$gsc_enable'),
signal('encoder_posif$1447203361$1',ipos0,'encoder_posif$1447203361$1$ipos0'),
signal('encoder_posif$1447203361$1',ipos1,'encoder_posif$1447203361$1$ipos1'),
signal('encoder_posif$1447203361$1',erre,'encoder_posif$1447203361$1$erre'),
signal('encoder_posif$1447203361$1',cnte,'encoder_posif$1447203361$1$cnte'),
signal('encoder_posif$1447203361$1',dire,'encoder_posif$1447203361$1$dire'),
signal('encoder_posif$1447203361$1',pcle,'encoder_posif$1447203361$1$pcle'),
signal('encoder_posif$1447203361$1',out0,'encoder_posif$1447203361$1$out0'),
signal('encoder_posif$1447203361$1',out1,'encoder_posif$1447203361$1$out1'),
signal('encoder_posif$1447203361$1',out2,'encoder_posif$1447203361$1$out2'),
signal('encoder_posif$1447203361$1',out5,'encoder_posif$1447203361$1$out5'),
signal('encoder_posif$1579311663$1',pad,'encoder_posif$1579311663$1$pad'),
signal('encoder_posif$1579311664$1',pad,'encoder_posif$1579311664$1$pad'),
signal('encoder_posif$227996618$1',pad,'encoder_posif$227996618$1$pad'),
signal('encoder_posif$760840054$1',global_signal,'encoder_posif$760840054$1$global_signal'),
signal('encoder_posif$760840056$1',global_signal,'encoder_posif$760840056$1$global_signal'),
signal('encoder_posif$760840057$1',global_signal,'encoder_posif$760840057$1$global_signal'),
signal('encoder_posif$760840054$1',gp0_unsync,'encoder_posif$760840054$1$gp0_unsync'),
signal('encoder_posif$760840054$1',gp1_unsync,'encoder_posif$760840054$1$gp1_unsync'),
signal('encoder_posif$760840054$1',gp2_unsync,'encoder_posif$760840054$1$gp2_unsync'),
signal('encoder_posif$760840054$1',st,'encoder_posif$760840054$1$st'),
signal('encoder_posif$760840056$1',gp0_unsync,'encoder_posif$760840056$1$gp0_unsync'),
signal('encoder_posif$760840056$1',gp1_unsync,'encoder_posif$760840056$1$gp1_unsync'),
signal('encoder_posif$760840057$1',gp0_unsync,'encoder_posif$760840057$1$gp0_unsync'),
signal('encoder_posif$760840057$1',st,'encoder_posif$760840057$1$st'),
signal('encoder_posif$01575866375$1',pin,'encoder_posif$01575866375$1$pin'),
signal('encoder_posif$01575866374$1',pin,'encoder_posif$01575866374$1$pin'),
signal('encoder_posif$01182966208$1',pin,'encoder_posif$01182966208$1$pin'),
signal('global_adc$1790945385$0',global_signal,'global_adc$1790945385$0$global_signal'),
signal('global_adc$1796505175$0',garbcnt,'global_adc$1796505175$0$garbcnt'),
signal('global_adc$1796505175$0',gsample,'global_adc$1796505175$0$gsample'),
signal('global_adc$1796505175$0',gqueuereq,'global_adc$1796505175$0$gqueuereq'),
signal('global_adc$1796505175$0',gscanreq,'global_adc$1796505175$0$gscanreq'),
signal('global_adc$1796505175$0',gsyncreq,'global_adc$1796505175$0$gsyncreq'),
signal('global_adc$1796505176$0',garbcnt,'global_adc$1796505176$0$garbcnt'),
signal('global_adc$1796505176$0',gsample,'global_adc$1796505176$0$gsample'),
signal('global_adc$1796505176$0',gqueuereq,'global_adc$1796505176$0$gqueuereq'),
signal('global_adc$1796505176$0',gscanreq,'global_adc$1796505176$0$gscanreq'),
signal('global_adc$1796505176$0',gsyncreq,'global_adc$1796505176$0$gsyncreq'),
signal('global_adc$1796505177$0',garbcnt,'global_adc$1796505177$0$garbcnt'),
signal('global_adc$1796505177$0',gsample,'global_adc$1796505177$0$gsample'),
signal('global_adc$1796505177$0',gqueuereq,'global_adc$1796505177$0$gqueuereq'),
signal('global_adc$1796505177$0',gscanreq,'global_adc$1796505177$0$gscanreq'),
signal('global_adc$1796505177$0',gsyncreq,'global_adc$1796505177$0$gsyncreq'),
signal('global_adc$1796505178$0',garbcnt,'global_adc$1796505178$0$garbcnt'),
signal('global_adc$1796505178$0',gsample,'global_adc$1796505178$0$gsample'),
signal('global_adc$1796505178$0',gqueuereq,'global_adc$1796505178$0$gqueuereq'),
signal('global_adc$1796505178$0',gscanreq,'global_adc$1796505178$0$gscanreq'),
signal('global_adc$1796505178$0',gsyncreq,'global_adc$1796505178$0$gsyncreq'),
signal('adc_measurement_adv$248008525$0',ch_class_sel,'adc_measurement_adv$248008525$0$ch_class_sel'),
signal('adc_measurement_adv$248008525$0',scan_class_sel,'adc_measurement_adv$248008525$0$scan_class_sel'),
signal('adc_measurement_adv$431302940$0',class_sel,'adc_measurement_adv$431302940$0$class_sel'),
signal('adc_measurement_adv$431302940$0',select,'adc_measurement_adv$431302940$0$select'),
signal('adc_measurement_adv$431302940$0',req,'adc_measurement_adv$431302940$0$req'),
signal('adc_measurement_adv$431302940$0',global_signal,'adc_measurement_adv$431302940$0$global_signal'),
signal('adc_measurement_adv$431302940$0',greqtr1sel,'adc_measurement_adv$431302940$0$greqtr1sel'),
signal('adc_measurement_adv$431302940$0',greqgt1sel,'adc_measurement_adv$431302940$0$greqgt1sel'),
signal('adc_measurement_adv$431302940$0',sev,'adc_measurement_adv$431302940$0$sev'),
signal('adc_measurement_adv$1424598793$0',gch,'adc_measurement_adv$1424598793$0$gch'),
signal('adc_measurement_adv$1424598797$0',gch,'adc_measurement_adv$1424598797$0$gch'),
signal('adc_measurement_adv$1424598801$0',gch,'adc_measurement_adv$1424598801$0$gch'),
signal('adc_measurement_adv$1212889704$0',gch,'adc_measurement_adv$1212889704$0$gch'),
signal('adc_measurement_adv$1212889708$0',gch,'adc_measurement_adv$1212889708$0$gch'),
signal('adc_measurement_adv$1424598793$0',select,'adc_measurement_adv$1424598793$0$select'),
signal('adc_measurement_adv$1424598797$0',select,'adc_measurement_adv$1424598797$0$select'),
signal('adc_measurement_adv$1424598801$0',select,'adc_measurement_adv$1424598801$0$select'),
signal('adc_measurement_adv$1212889704$0',select,'adc_measurement_adv$1212889704$0$select'),
signal('adc_measurement_adv$1212889708$0',select,'adc_measurement_adv$1212889708$0$select'),
signal('adc_measurement_adv$1424598793$0',iclass_sel,'adc_measurement_adv$1424598793$0$iclass_sel'),
signal('adc_measurement_adv$1424598797$0',iclass_sel,'adc_measurement_adv$1424598797$0$iclass_sel'),
signal('adc_measurement_adv$1424598801$0',iclass_sel,'adc_measurement_adv$1424598801$0$iclass_sel'),
signal('adc_measurement_adv$1212889704$0',iclass_sel,'adc_measurement_adv$1212889704$0$iclass_sel'),
signal('adc_measurement_adv$1212889708$0',iclass_sel,'adc_measurement_adv$1212889708$0$iclass_sel'),
signal('adc_measurement_adv$0461604565$0',res_sel,'adc_measurement_adv$0461604565$0$res_sel'),
signal('adc_measurement_adv$0461604564$0',res_sel,'adc_measurement_adv$0461604564$0$res_sel'),
signal('adc_measurement_adv$0461604563$0',res_sel,'adc_measurement_adv$0461604563$0$res_sel'),
signal('adc_measurement_adv$0461604562$0',res_sel,'adc_measurement_adv$0461604562$0$res_sel'),
signal('adc_measurement_adv$0461604561$0',res_sel,'adc_measurement_adv$0461604561$0$res_sel'),
signal('adc_measurement_adv$1424598793$0',res_sel,'adc_measurement_adv$1424598793$0$res_sel'),
signal('adc_measurement_adv$1424598797$0',res_sel,'adc_measurement_adv$1424598797$0$res_sel'),
signal('adc_measurement_adv$1424598801$0',res_sel,'adc_measurement_adv$1424598801$0$res_sel'),
signal('adc_measurement_adv$1212889704$0',res_sel,'adc_measurement_adv$1212889704$0$res_sel'),
signal('adc_measurement_adv$1212889708$0',res_sel,'adc_measurement_adv$1212889708$0$res_sel'),
signal('adc_measurement_adv$0461604565$0',rev,'adc_measurement_adv$0461604565$0$rev'),
signal('adc_measurement_adv$0461604564$0',rev,'adc_measurement_adv$0461604564$0$rev'),
signal('adc_measurement_adv$0461604563$0',rev,'adc_measurement_adv$0461604563$0$rev'),
signal('adc_measurement_adv$0461604562$0',rev,'adc_measurement_adv$0461604562$0$rev'),
signal('adc_measurement_adv$0461604561$0',rev,'adc_measurement_adv$0461604561$0$rev'),
signal('adc_measurement_adv$1424598793$0',cev,'adc_measurement_adv$1424598793$0$cev'),
signal('adc_measurement_adv$1424598797$0',cev,'adc_measurement_adv$1424598797$0$cev'),
signal('adc_measurement_adv$1424598801$0',cev,'adc_measurement_adv$1424598801$0$cev'),
signal('adc_measurement_adv$1212889704$0',cev,'adc_measurement_adv$1212889704$0$cev'),
signal('adc_measurement_adv$1212889708$0',cev,'adc_measurement_adv$1212889708$0$cev'),
signal('analog_io$0459569530$0',pad,'analog_io$0459569530$0$pad'),
signal('analog_io$01694626416$0',pin,'analog_io$01694626416$0$pin'),
signal('analog_io$0970103707$1',pad,'analog_io$0970103707$1$pad'),
signal('analog_io$562284591$1',pin,'analog_io$562284591$1$pin'),
signal('analog_io$01480637884$2',pad,'analog_io$01480637884$2$pad'),
signal('analog_io$01475771698$2',pin,'analog_io$01475771698$2$pin'),
signal('analog_io$01991172061$3',pad,'analog_io$01991172061$3$pad'),
signal('analog_io$781139309$3',pin,'analog_io$781139309$3$pin'),
signal('analog_io$1793261058$4',pad,'analog_io$1793261058$4$pad'),
signal('analog_io$01256916980$4',pin,'analog_io$01256916980$4$pin'),
signal('adc_measurement_adv$1492773006$1',ch_class_sel,'adc_measurement_adv$1492773006$1$ch_class_sel'),
signal('adc_measurement_adv$1492773006$1',scan_class_sel,'adc_measurement_adv$1492773006$1$scan_class_sel'),
signal('adc_measurement_adv$1784612637$1',class_sel,'adc_measurement_adv$1784612637$1$class_sel'),
signal('adc_measurement_adv$1784612637$1',select,'adc_measurement_adv$1784612637$1$select'),
signal('adc_measurement_adv$1784612637$1',req,'adc_measurement_adv$1784612637$1$req'),
signal('adc_measurement_adv$1784612637$1',global_signal,'adc_measurement_adv$1784612637$1$global_signal'),
signal('adc_measurement_adv$1784612637$1',greqtr1sel,'adc_measurement_adv$1784612637$1$greqtr1sel'),
signal('adc_measurement_adv$1784612637$1',greqgt1sel,'adc_measurement_adv$1784612637$1$greqgt1sel'),
signal('adc_measurement_adv$1784612637$1',sev,'adc_measurement_adv$1784612637$1$sev'),
signal('adc_measurement_adv$0276141686$1',gch,'adc_measurement_adv$0276141686$1$gch'),
signal('adc_measurement_adv$0276141682$1',gch,'adc_measurement_adv$0276141682$1$gch'),
signal('adc_measurement_adv$0276141678$1',gch,'adc_measurement_adv$0276141678$1$gch'),
signal('adc_measurement_adv$29542407$1',gch,'adc_measurement_adv$29542407$1$gch'),
signal('adc_measurement_adv$29542411$1',gch,'adc_measurement_adv$29542411$1$gch'),
signal('adc_measurement_adv$29542412$1',gch,'adc_measurement_adv$29542412$1$gch'),
signal('adc_measurement_adv$29542413$1',gch,'adc_measurement_adv$29542413$1$gch'),
signal('adc_measurement_adv$0276141686$1',select,'adc_measurement_adv$0276141686$1$select'),
signal('adc_measurement_adv$0276141682$1',select,'adc_measurement_adv$0276141682$1$select'),
signal('adc_measurement_adv$0276141678$1',select,'adc_measurement_adv$0276141678$1$select'),
signal('adc_measurement_adv$29542407$1',select,'adc_measurement_adv$29542407$1$select'),
signal('adc_measurement_adv$29542411$1',select,'adc_measurement_adv$29542411$1$select'),
signal('adc_measurement_adv$29542412$1',select,'adc_measurement_adv$29542412$1$select'),
signal('adc_measurement_adv$29542413$1',select,'adc_measurement_adv$29542413$1$select'),
signal('adc_measurement_adv$0276141686$1',iclass_sel,'adc_measurement_adv$0276141686$1$iclass_sel'),
signal('adc_measurement_adv$0276141682$1',iclass_sel,'adc_measurement_adv$0276141682$1$iclass_sel'),
signal('adc_measurement_adv$0276141678$1',iclass_sel,'adc_measurement_adv$0276141678$1$iclass_sel'),
signal('adc_measurement_adv$29542407$1',iclass_sel,'adc_measurement_adv$29542407$1$iclass_sel'),
signal('adc_measurement_adv$29542411$1',iclass_sel,'adc_measurement_adv$29542411$1$iclass_sel'),
signal('adc_measurement_adv$29542412$1',iclass_sel,'adc_measurement_adv$29542412$1$iclass_sel'),
signal('adc_measurement_adv$29542413$1',iclass_sel,'adc_measurement_adv$29542413$1$iclass_sel'),
signal('adc_measurement_adv$1509334892$1',res_sel,'adc_measurement_adv$1509334892$1$res_sel'),
signal('adc_measurement_adv$1509334893$1',res_sel,'adc_measurement_adv$1509334893$1$res_sel'),
signal('adc_measurement_adv$1509334894$1',res_sel,'adc_measurement_adv$1509334894$1$res_sel'),
signal('adc_measurement_adv$1509334895$1',res_sel,'adc_measurement_adv$1509334895$1$res_sel'),
signal('adc_measurement_adv$1509334896$1',res_sel,'adc_measurement_adv$1509334896$1$res_sel'),
signal('adc_measurement_adv$1509334897$1',res_sel,'adc_measurement_adv$1509334897$1$res_sel'),
signal('adc_measurement_adv$1509334898$1',res_sel,'adc_measurement_adv$1509334898$1$res_sel'),
signal('adc_measurement_adv$0276141686$1',res_sel,'adc_measurement_adv$0276141686$1$res_sel'),
signal('adc_measurement_adv$0276141682$1',res_sel,'adc_measurement_adv$0276141682$1$res_sel'),
signal('adc_measurement_adv$0276141678$1',res_sel,'adc_measurement_adv$0276141678$1$res_sel'),
signal('adc_measurement_adv$29542407$1',res_sel,'adc_measurement_adv$29542407$1$res_sel'),
signal('adc_measurement_adv$29542411$1',res_sel,'adc_measurement_adv$29542411$1$res_sel'),
signal('adc_measurement_adv$29542412$1',res_sel,'adc_measurement_adv$29542412$1$res_sel'),
signal('adc_measurement_adv$29542413$1',res_sel,'adc_measurement_adv$29542413$1$res_sel'),
signal('adc_measurement_adv$1509334892$1',rev,'adc_measurement_adv$1509334892$1$rev'),
signal('adc_measurement_adv$1509334893$1',rev,'adc_measurement_adv$1509334893$1$rev'),
signal('adc_measurement_adv$1509334894$1',rev,'adc_measurement_adv$1509334894$1$rev'),
signal('adc_measurement_adv$1509334895$1',rev,'adc_measurement_adv$1509334895$1$rev'),
signal('adc_measurement_adv$1509334896$1',rev,'adc_measurement_adv$1509334896$1$rev'),
signal('adc_measurement_adv$1509334897$1',rev,'adc_measurement_adv$1509334897$1$rev'),
signal('adc_measurement_adv$1509334898$1',rev,'adc_measurement_adv$1509334898$1$rev'),
signal('adc_measurement_adv$0276141686$1',cev,'adc_measurement_adv$0276141686$1$cev'),
signal('adc_measurement_adv$0276141682$1',cev,'adc_measurement_adv$0276141682$1$cev'),
signal('adc_measurement_adv$0276141678$1',cev,'adc_measurement_adv$0276141678$1$cev'),
signal('adc_measurement_adv$29542407$1',cev,'adc_measurement_adv$29542407$1$cev'),
signal('adc_measurement_adv$29542411$1',cev,'adc_measurement_adv$29542411$1$cev'),
signal('adc_measurement_adv$29542412$1',cev,'adc_measurement_adv$29542412$1$cev'),
signal('adc_measurement_adv$29542413$1',cev,'adc_measurement_adv$29542413$1$cev'),
signal('analog_io$1282726881$5',pad,'analog_io$1282726881$5$pad'),
signal('analog_io$999994027$5',pin,'analog_io$999994027$5$pin'),
signal('analog_io$772192704$6',pad,'analog_io$772192704$6$pad'),
signal('analog_io$01038062262$6',pin,'analog_io$01038062262$6$pin'),
signal('analog_io$261658527$7',pad,'analog_io$261658527$7$pad'),
signal('analog_io$1218848745$7',pin,'analog_io$1218848745$7$pin'),
signal('analog_io$0248875650$8',pad,'analog_io$0248875650$8$pad'),
signal('analog_io$0819207544$8',pin,'analog_io$0819207544$8$pin'),
signal('analog_io$0759409827$9',pad,'analog_io$0759409827$9$pad'),
signal('analog_io$1437703463$9',pin,'analog_io$1437703463$9$pin'),
signal('analog_io$01889477709$10',pad,'analog_io$01889477709$10$pad'),
signal('analog_io$472386813$10',pin,'analog_io$472386813$10$pin'),
signal('analog_io$1894955410$11',pad,'analog_io$1894955410$11$pad'),
signal('analog_io$01565669476$11',pin,'analog_io$01565669476$11$pin'),
signal('digital_io$01893669597$1',pad,'digital_io$01893669597$1$pad'),
signal('digital_io$02001255827$1',pin,'digital_io$02001255827$1$pin'),
signal('digital_io$1890763522$2',pad,'digital_io$1890763522$2$pad'),
signal('digital_io$255655180$2',pin,'digital_io$255655180$2$pin'),
signal('digital_io$1380229345$3',pad,'digital_io$1380229345$3$pad'),
signal('digital_io$01782401109$3',pin,'digital_io$01782401109$3$pin'),
signal('digital_io$869695168$4',pad,'digital_io$869695168$4$pad'),
signal('digital_io$474509898$4',pin,'digital_io$474509898$4$pin'),
signal('digital_io$359160991$5',pad,'digital_io$359160991$5$pad'),
signal('digital_io$01563546391$5',pin,'digital_io$01563546391$5$pin'),
signal('digital_io$0151373186$6',pad,'digital_io$0151373186$6$pad'),
signal('digital_io$693364616$6',pin,'digital_io$693364616$6$pin'),
signal('digital_io$0661907363$7',pad,'digital_io$0661907363$7$pad'),
signal('digital_io$01344691673$7',pin,'digital_io$01344691673$7$pin'),
signal('pin_interrupt$504037229$0',PIN_INTERRUPT0sv0,'pin_interrupt$504037229$0$PIN_INTERRUPT0sv0'),
signal('pin_interrupt$01353729833$0',pad,'pin_interrupt$01353729833$0$pad'),
signal('pin_interrupt$504037229$0',tr,'pin_interrupt$504037229$0$tr'),
signal('pin_interrupt$1919814214$0',trin,'pin_interrupt$1919814214$0$trin'),
signal('pin_interrupt$1919814214$0',iout,'pin_interrupt$1919814214$0$iout'),
signal('pin_interrupt$371705443$0',signal_in,'pin_interrupt$371705443$0$signal_in'),
signal('pin_interrupt$01936049730$0',in,'pin_interrupt$01936049730$0$in'),
signal('pin_interrupt$01936049730$0',out,'pin_interrupt$01936049730$0$out'),
signal('pin_interrupt$1126006561$0',pin,'pin_interrupt$1126006561$0$pin'),
connected('cpu_ctrl_xmc4$39943779$0$pin','cpu_ctrl_xmc4$1445176365$0$pad',1),
connected('cpu_ctrl_xmc4$0268126521$0$pin','cpu_ctrl_xmc4$1540657681$0$pad',1),
connected('cpu_ctrl_xmc4$0268126520$0$pin','cpu_ctrl_xmc4$1540657682$0$pad',1),
connected('cpu_ctrl_xmc4$0268126519$0$pin','cpu_ctrl_xmc4$1540657683$0$pad',1),
connected('cpu_ctrl_xmc4$0268126518$0$pin','cpu_ctrl_xmc4$1540657684$0$pad',1),
connected('cpu_ctrl_xmc4$1445176365$0$pad','cpu_ctrl_xmc4$39943779$0$pin',1),
connected('cpu_ctrl_xmc4$1540657681$0$pad','cpu_ctrl_xmc4$0268126521$0$pin',1),
connected('cpu_ctrl_xmc4$1540657682$0$pad','cpu_ctrl_xmc4$0268126520$0$pin',1),
connected('cpu_ctrl_xmc4$1540657683$0$pad','cpu_ctrl_xmc4$0268126519$0$pin',1),
connected('cpu_ctrl_xmc4$1540657684$0$pad','cpu_ctrl_xmc4$0268126518$0$pin',1),
connected('cpu_ctrl_xmc4$1964564605$0$db_etm_traceclk','cpu_ctrl_xmc4$1445176365$0$hw_o',1),
connected('cpu_ctrl_xmc4$1964564605$0$db_etm_tracedata0','cpu_ctrl_xmc4$1540657681$0$hw_o',1),
connected('cpu_ctrl_xmc4$1964564605$0$db_etm_tracedata1','cpu_ctrl_xmc4$1540657682$0$hw_o',1),
connected('cpu_ctrl_xmc4$1964564605$0$db_etm_tracedata2','cpu_ctrl_xmc4$1540657683$0$hw_o',1),
connected('cpu_ctrl_xmc4$1964564605$0$db_etm_tracedata3','cpu_ctrl_xmc4$1540657684$0$hw_o',1),
connected('clock_xmc4$01551391625$0$fccu','global_ccu8$1465655520$0$clk',1),
connected('global_ccu8$1465655520$0$global_signal','pwm_ccu8$01113979708$0$global_signal',1),
connected('global_ccu8$1465655520$0$global_signal','pwm_ccu8$1142931299$1$global_signal',1),
connected('global_ccu8$1465655520$0$global_signal','pwm_ccu8$0895124990$2$global_signal',1),
connected('global_ccu8$1465655520$0$global_signal','pwm_ccu8$1361786017$3$global_signal',1),
connected('clock_xmc4$01551391625$0$fccu','global_ccu8$1476971647$1$clk',1),
connected('global_ccu8$1476971647$1$global_signal','pwm_ccu8$0676270272$4$global_signal',1),
connected('global_ccu8$1476971647$1$global_signal','pwm_ccu8$1580640735$5$global_signal',1),
connected('global_ccu8$1476971647$1$global_signal','pwm_ccu8$0457415554$6$global_signal',1),
connected('global_ccu8$1476971647$1$global_signal','pwm_ccu8$1799495453$7$global_signal',1),
connected('uart$0164365666$0$pin','uart$01053640812$0$pad',1),
connected('uart$0164365604$0$pin','uart$01053640750$0$pad',1),
connected('uart$02118624699$0$dout0','uart$01053640750$0$pad',1),
connected('uart$02118624699$0$alternate_receive_buffer_int','uart$01148723603$0$signal_in',1),
connected('uart$02118624699$0$standard_receive_buffer_int','uart$01148723603$0$signal_in',1),
connected('uart$02118624699$0$standard_transmit_buffer_int','uart$01148723541$0$signal_in',1),
connected('uart$01053640812$0$pad','uart$0164365666$0$pin',1),
connected('uart$01053640812$0$pad','uart$02118624699$0$dx0ins',1),
connected('uart$01053640750$0$pad','uart$0164365604$0$pin',1),
connected('spi_slave$912294912$0$pin','spi_slave$1145447222$0$pad',1),
connected('spi_slave$1438010906$0$pin','spi_slave$01333033692$0$pad',1),
connected('spi_slave$1074287872$0$pin','spi_slave$0403454326$0$pad',1),
connected('spi_slave$01073724151$0$pin','spi_slave$125532735$0$pad',1),
connected('spi_slave$01366864342$0$dout0','spi_slave$1145447222$0$pad',1),
connected('spi_slave$01366864342$0$alternate_receive_buffer_int','spi_slave$01881239128$0$signal_in',1),
connected('spi_slave$01366864342$0$standard_receive_buffer_int','spi_slave$01881239128$0$signal_in',1),
connected('spi_slave$01366864342$0$standard_transmit_buffer_int','spi_slave$01881239066$0$signal_in',1),
connected('spi_slave$1145447222$0$pad','spi_slave$912294912$0$pin',1),
connected('spi_slave$01333033692$0$pad','spi_slave$1438010906$0$pin',1),
connected('spi_slave$01333033692$0$pad','spi_slave$01366864342$0$dx0ins',1),
connected('spi_slave$0403454326$0$pad','spi_slave$1074287872$0$pin',1),
connected('spi_slave$0403454326$0$pad','spi_slave$01366864342$0$dx1ins',1),
connected('spi_slave$125532735$0$pad','spi_slave$01073724151$0$pin',1),
connected('spi_slave$125532735$0$pad','spi_slave$01366864342$0$dx2ins',1),
connected('clock_xmc4$01551391625$0$fccu','global_ccu4$01760137752$0$clk',1),
connected('encoder_posif$01512731969$0$pin','encoder_posif$0122803319$0$pad',1),
connected('encoder_posif$01508859622$0$pin','encoder_posif$01718583280$0$pad',1),
connected('encoder_posif$01508859621$0$pin','encoder_posif$01718583279$0$pad',1),
connected('encoder_posif$1605311928$0$st','encoder_posif$1605311925$0$gp2_unsync',1),
connected('encoder_posif$1605311928$0$st','encoder_posif$1605311927$0$gp1_unsync',1),
connected('encoder_posif$0809707646$0$out0','encoder_posif$1605311925$0$gp0_unsync',1),
connected('encoder_posif$0809707646$0$out1','encoder_posif$1605311925$0$gp1_unsync',1),
connected('encoder_posif$0809707646$0$out2','encoder_posif$1605311927$0$gp0_unsync',1),
connected('encoder_posif$0809707646$0$out5','encoder_posif$1605311928$0$gp0_unsync',1),
connected('encoder_posif$0122803319$0$pad','encoder_posif$01512731969$0$pin',1),
connected('encoder_posif$01718583280$0$pad','encoder_posif$01508859622$0$pin',1),
connected('encoder_posif$01718583280$0$pad','encoder_posif$0809707646$0$ipos0',1),
connected('encoder_posif$01718583279$0$pad','encoder_posif$01508859621$0$pin',1),
connected('encoder_posif$01718583279$0$pad','encoder_posif$0809707646$0$ipos1',1),
connected('global_ccu4$01760137752$0$global_signal','encoder_posif$1605311925$0$global_signal',1),
connected('global_ccu4$01760137752$0$global_signal','encoder_posif$1605311927$0$global_signal',1),
connected('global_ccu4$01760137752$0$global_signal','encoder_posif$1605311928$0$global_signal',1),
connected('clock_xmc4$01551391625$0$fccu','global_ccu4$01748821625$1$clk',1),
connected('encoder_posif$01182966208$1$pin','encoder_posif$227996618$1$pad',1),
connected('encoder_posif$01575866375$1$pin','encoder_posif$1579311663$1$pad',1),
connected('encoder_posif$01575866374$1$pin','encoder_posif$1579311664$1$pad',1),
connected('encoder_posif$760840057$1$st','encoder_posif$760840054$1$gp2_unsync',1),
connected('encoder_posif$760840057$1$st','encoder_posif$760840056$1$gp1_unsync',1),
connected('encoder_posif$1447203361$1$out0','encoder_posif$760840054$1$gp0_unsync',1),
connected('encoder_posif$1447203361$1$out1','encoder_posif$760840054$1$gp1_unsync',1),
connected('encoder_posif$1447203361$1$out2','encoder_posif$760840056$1$gp0_unsync',1),
connected('encoder_posif$1447203361$1$out5','encoder_posif$760840057$1$gp0_unsync',1),
connected('encoder_posif$227996618$1$pad','encoder_posif$01182966208$1$pin',1),
connected('encoder_posif$1579311663$1$pad','encoder_posif$01575866375$1$pin',1),
connected('encoder_posif$1579311663$1$pad','encoder_posif$1447203361$1$ipos0',1),
connected('encoder_posif$1579311664$1$pad','encoder_posif$01575866374$1$pin',1),
connected('encoder_posif$1579311664$1$pad','encoder_posif$1447203361$1$ipos1',1),
connected('global_ccu4$01748821625$1$global_signal','encoder_posif$760840054$1$global_signal',1),
connected('global_ccu4$01748821625$1$global_signal','encoder_posif$760840056$1$global_signal',1),
connected('global_ccu4$01748821625$1$global_signal','encoder_posif$760840057$1$global_signal',1),
connected('analog_io$0459569530$0$pad','adc_measurement_adv$1424598793$0$gch',1),
connected('analog_io$0970103707$1$pad','adc_measurement_adv$1212889708$0$gch',1),
connected('analog_io$01480637884$2$pad','adc_measurement_adv$1212889704$0$gch',1),
connected('analog_io$01991172061$3$pad','adc_measurement_adv$1424598801$0$gch',1),
connected('analog_io$1793261058$4$pad','adc_measurement_adv$1424598797$0$gch',1),
connected('adc_measurement_adv$1424598793$0$res_sel','adc_measurement_adv$0461604565$0$res_sel',1),
connected('adc_measurement_adv$1212889704$0$res_sel','adc_measurement_adv$0461604562$0$res_sel',1),
connected('adc_measurement_adv$1212889708$0$res_sel','adc_measurement_adv$0461604561$0$res_sel',1),
connected('adc_measurement_adv$1424598797$0$res_sel','adc_measurement_adv$0461604564$0$res_sel',1),
connected('adc_measurement_adv$1424598801$0$res_sel','adc_measurement_adv$0461604563$0$res_sel',1),
connected('adc_measurement_adv$248008525$0$ch_class_sel','adc_measurement_adv$1424598793$0$iclass_sel',1),
connected('adc_measurement_adv$248008525$0$ch_class_sel','adc_measurement_adv$1424598797$0$iclass_sel',1),
connected('adc_measurement_adv$248008525$0$ch_class_sel','adc_measurement_adv$1424598801$0$iclass_sel',1),
connected('adc_measurement_adv$248008525$0$ch_class_sel','adc_measurement_adv$1212889704$0$iclass_sel',1),
connected('adc_measurement_adv$248008525$0$ch_class_sel','adc_measurement_adv$1212889708$0$iclass_sel',1),
connected('adc_measurement_adv$431302940$0$class_sel','adc_measurement_adv$248008525$0$scan_class_sel',1),
connected('global_adc$1790945385$0$global_signal','adc_measurement_adv$431302940$0$global_signal',1),
connected('analog_io$01694626416$0$pin','analog_io$0459569530$0$pad',1),
connected('analog_io$0459569530$0$pad','analog_io$01694626416$0$pin',1),
connected('analog_io$562284591$1$pin','analog_io$0970103707$1$pad',1),
connected('analog_io$0970103707$1$pad','analog_io$562284591$1$pin',1),
connected('analog_io$01475771698$2$pin','analog_io$01480637884$2$pad',1),
connected('analog_io$01480637884$2$pad','analog_io$01475771698$2$pin',1),
connected('analog_io$781139309$3$pin','analog_io$01991172061$3$pad',1),
connected('analog_io$01991172061$3$pad','analog_io$781139309$3$pin',1),
connected('analog_io$01256916980$4$pin','analog_io$1793261058$4$pad',1),
connected('analog_io$1793261058$4$pad','analog_io$01256916980$4$pin',1),
connected('analog_io$01889477709$10$pad','adc_measurement_adv$0276141682$1$gch',1),
connected('analog_io$1894955410$11$pad','adc_measurement_adv$0276141686$1$gch',1),
connected('analog_io$1282726881$5$pad','adc_measurement_adv$29542413$1$gch',1),
connected('analog_io$772192704$6$pad','adc_measurement_adv$29542412$1$gch',1),
connected('analog_io$261658527$7$pad','adc_measurement_adv$29542411$1$gch',1),
connected('analog_io$0248875650$8$pad','adc_measurement_adv$29542407$1$gch',1),
connected('analog_io$0759409827$9$pad','adc_measurement_adv$0276141678$1$gch',1),
connected('adc_measurement_adv$0276141686$1$res_sel','adc_measurement_adv$1509334892$1$res_sel',1),
connected('adc_measurement_adv$29542407$1$res_sel','adc_measurement_adv$1509334895$1$res_sel',1),
connected('adc_measurement_adv$29542411$1$res_sel','adc_measurement_adv$1509334896$1$res_sel',1),
connected('adc_measurement_adv$29542412$1$res_sel','adc_measurement_adv$1509334897$1$res_sel',1),
connected('adc_measurement_adv$29542413$1$res_sel','adc_measurement_adv$1509334898$1$res_sel',1),
connected('adc_measurement_adv$0276141682$1$res_sel','adc_measurement_adv$1509334893$1$res_sel',1),
connected('adc_measurement_adv$0276141678$1$res_sel','adc_measurement_adv$1509334894$1$res_sel',1),
connected('adc_measurement_adv$1492773006$1$ch_class_sel','adc_measurement_adv$0276141686$1$iclass_sel',1),
connected('adc_measurement_adv$1492773006$1$ch_class_sel','adc_measurement_adv$0276141682$1$iclass_sel',1),
connected('adc_measurement_adv$1492773006$1$ch_class_sel','adc_measurement_adv$0276141678$1$iclass_sel',1),
connected('adc_measurement_adv$1492773006$1$ch_class_sel','adc_measurement_adv$29542407$1$iclass_sel',1),
connected('adc_measurement_adv$1492773006$1$ch_class_sel','adc_measurement_adv$29542411$1$iclass_sel',1),
connected('adc_measurement_adv$1492773006$1$ch_class_sel','adc_measurement_adv$29542412$1$iclass_sel',1),
connected('adc_measurement_adv$1492773006$1$ch_class_sel','adc_measurement_adv$29542413$1$iclass_sel',1),
connected('adc_measurement_adv$1784612637$1$class_sel','adc_measurement_adv$1492773006$1$scan_class_sel',1),
connected('global_adc$1790945385$0$global_signal','adc_measurement_adv$1784612637$1$global_signal',1),
connected('analog_io$999994027$5$pin','analog_io$1282726881$5$pad',1),
connected('analog_io$1282726881$5$pad','analog_io$999994027$5$pin',1),
connected('analog_io$01038062262$6$pin','analog_io$772192704$6$pad',1),
connected('analog_io$772192704$6$pad','analog_io$01038062262$6$pin',1),
connected('analog_io$1218848745$7$pin','analog_io$261658527$7$pad',1),
connected('analog_io$261658527$7$pad','analog_io$1218848745$7$pin',1),
connected('analog_io$0819207544$8$pin','analog_io$0248875650$8$pad',1),
connected('analog_io$0248875650$8$pad','analog_io$0819207544$8$pin',1),
connected('analog_io$1437703463$9$pin','analog_io$0759409827$9$pad',1),
connected('analog_io$0759409827$9$pad','analog_io$1437703463$9$pin',1),
connected('analog_io$472386813$10$pin','analog_io$01889477709$10$pad',1),
connected('analog_io$01889477709$10$pad','analog_io$472386813$10$pin',1),
connected('analog_io$01565669476$11$pin','analog_io$1894955410$11$pad',1),
connected('analog_io$1894955410$11$pad','analog_io$01565669476$11$pin',1),
connected('digital_io$02001255827$1$pin','digital_io$01893669597$1$pad',1),
connected('digital_io$01893669597$1$pad','digital_io$02001255827$1$pin',1),
connected('digital_io$255655180$2$pin','digital_io$1890763522$2$pad',1),
connected('digital_io$1890763522$2$pad','digital_io$255655180$2$pin',1),
connected('digital_io$01782401109$3$pin','digital_io$1380229345$3$pad',1),
connected('digital_io$1380229345$3$pad','digital_io$01782401109$3$pin',1),
connected('digital_io$474509898$4$pin','digital_io$869695168$4$pad',1),
connected('digital_io$869695168$4$pad','digital_io$474509898$4$pin',1),
connected('digital_io$01563546391$5$pin','digital_io$359160991$5$pad',1),
connected('digital_io$359160991$5$pad','digital_io$01563546391$5$pin',1),
connected('digital_io$693364616$6$pin','digital_io$0151373186$6$pad',1),
connected('digital_io$0151373186$6$pad','digital_io$693364616$6$pin',1),
connected('digital_io$01344691673$7$pin','digital_io$0661907363$7$pad',1),
connected('digital_io$0661907363$7$pad','digital_io$01344691673$7$pin',1),
connected('pin_interrupt$1126006561$0$pin','pin_interrupt$01353729833$0$pad',1),
connected('pin_interrupt$504037229$0$tr','pin_interrupt$1919814214$0$trin',1),
connected('pin_interrupt$01936049730$0$out','pin_interrupt$371705443$0$signal_in',1),
connected('pin_interrupt$01353729833$0$pad','pin_interrupt$1126006561$0$pin',1),
connected('pin_interrupt$01353729833$0$pad','pin_interrupt$504037229$0$PIN_INTERRUPT0sv0',1),
connected('pin_interrupt$1919814214$0$iout','pin_interrupt$01936049730$0$in',1),
register_value('cpu_ctrl_xmc4$1540657684$0',iocr_oe,1),
rg_constraint_property_value('cpu_ctrl_xmc4$1540657684$0', speed_class of rg_property, ['A2']),
uri_element_range(ADC_MEASUREMENT_ADV1sv39,[result, result_adv, result_filter]),
uri_element_range(ADC_MEASUREMENT_ADV0sv30,[result, result_adv, result_filter]),
uri_element_range(ANALOG_IO1sv0,[14, 15]),
register_value('cpu_ctrl_xmc4$1540657682$0',iocr_oe,1),
rg_constraint_property_value('cpu_ctrl_xmc4$1540657682$0', speed_class of rg_property, ['A2']),
uri_element_range(ADC_MEASUREMENT_ADV0sv24,[result, result_adv, result_filter]),
uri_element_range(ANALOG_IO11sv0,[14, 15]),
uri_element_range(DIGITAL_IO1sv0,[0, 1, 2, 3, 4, 5, 6, 7, 8, 9, 14, 15]),
uri_element_range(ANALOG_IO10sv0,[14, 15]),
register_value('uart$02118624699$0',ccr_hpcen,0),
register_value('uart$02118624699$0',tbctr_size,4),
register_value('uart$02118624699$0',rbctr_size,4),
uri_element_range(ADC_MEASUREMENT_ADV1sv21,[result, result_adv, result_filter]),
uri_element_range(ADC_MEASUREMENT_ADV1sv27,[result, result_adv, result_filter]),
uri_element_range(ANALOG_IO3sv0,[14, 15]),
uri_element_range(ADC_MEASUREMENT_ADV1sv33,[result, result_adv, result_filter]),
uri_element_range(DIGITAL_IO4sv0,[0, 1, 2, 3, 4, 5, 6, 7, 8, 9, 14, 15]),
uri_element_range(PIN_INTERRUPT0sv0,[a, b]),
uri_element_range(ANALOG_IO9sv0,[14, 15]),
uri_element_range(ANALOG_IO0sv0,[14, 15]),
uri_element_range(DIGITAL_IO7sv0,[0, 1, 2, 3, 4, 5, 6, 7, 8, 9, 14, 15]),
uri_element_range(ANALOG_IO7sv0,[14, 15]),
uri_element_range(ANALOG_IO6sv0,[14, 15]),
rg_constraint_property_value('uart$01053640750$0', speed_class of rg_property, ['A1','A1+','A2']),
uri_element_range(ADC_MEASUREMENT_ADV0sv33,[result, result_adv, result_filter]),
register_value('cpu_ctrl_xmc4$1540657683$0',iocr_oe,1),
rg_constraint_property_value('cpu_ctrl_xmc4$1540657683$0', speed_class of rg_property, ['A2']),
uri_element_range(ANALOG_IO5sv0,[14, 15]),
uri_element_range(ADC_MEASUREMENT_ADV0sv27,[result, result_adv, result_filter]),
register_value('cpu_ctrl_xmc4$1540657681$0',iocr_oe,1),
rg_constraint_property_value('cpu_ctrl_xmc4$1540657681$0', speed_class of rg_property, ['A2']),
uri_element_range(ANALOG_IO8sv0,[14, 15]),
uri_element_range(ADC_MEASUREMENT_ADV0sv21,[result, result_adv, result_filter]),
uri_element_range(DIGITAL_IO6sv0,[0, 1, 2, 3, 4, 5, 6, 7, 8, 9, 14, 15]),
uri_element_range(DIGITAL_IO5sv0,[0, 1, 2, 3, 4, 5, 6, 7, 8, 9, 14, 15]),
uri_element_range(DIGITAL_IO3sv0,[0, 1, 2, 3, 4, 5, 6, 7, 8, 9, 14, 15]),
uri_element_range(DIGITAL_IO2sv0,[0, 1, 2, 3, 4, 5, 6, 7, 8, 9, 14, 15]),
rg_constraint_property_value('spi_slave$1145447222$0', speed_class of rg_property, ['A1+','A2']),
uri_element_range(ADC_MEASUREMENT_ADV1sv24,[result, result_adv, result_filter]),
uri_element_range(ADC_MEASUREMENT_ADV1sv30,[result, result_adv, result_filter]),
uri_element_range(ADC_MEASUREMENT_ADV1sv36,[result, result_adv, result_filter]),
uri_element_range(ANALOG_IO4sv0,[14, 15]),
register_value('cpu_ctrl_xmc4$1445176365$0',iocr_oe,1),
rg_constraint_property_value('cpu_ctrl_xmc4$1445176365$0', speed_class of rg_property, ['A2']),
register_value('spi_slave$01366864342$0',ccr_hpcen,0),
register_value('spi_slave$01366864342$0',tbctr_size,4),
register_value('spi_slave$01366864342$0',rbctr_size,4),
uri_element_range(ANALOG_IO2sv0,[14, 15])],'analog_io$472386813$10',Result),15,writeln(timeout),all_solution, Timer, Due, Remainder).



Jul 07, 2026 11:39:30 PM java.util.logging.LogManager$RootLogger log
INFO: 
End of solver : getFeasiblePins() :  Difference in ms 964


Jul 07, 2026 11:39:30 PM java.util.logging.LogManager$RootLogger log
INFO: [/devicepackage/0/44, /devicepackage/0/43, /devicepackage/0/42, /devicepackage/0/41, /devicepackage/0/49, /devicepackage/0/50, /devicepackage/0/51, /devicepackage/0/35, /devicepackage/0/34, /devicepackage/0/37, /devicepackage/0/36, /devicepackage/0/31, /devicepackage/0/30, /devicepackage/0/33, /devicepackage/0/32, /devicepackage/0/39, /devicepackage/0/38, /devicepackage/0/40, /devicepackage/0/53, /devicepackage/0/52, /devicepackage/0/54, /devicepackage/0/27, /devicepackage/0/28, /devicepackage/0/29, /devicepackage/0/25, /devicepackage/0/26]


Jul 07, 2026 11:39:32 PM java.util.logging.LogManager$RootLogger log
INFO: Start of solver :getFeasiblePins() : Tue Jul 07 23:39:32 CEST 2026


Jul 07, 2026 11:39:32 PM java.util.logging.LogManager$RootLogger log
INFO: 
timeout(ask_feasible_mapping([reserved([cpu,0,exception,nmi],'cpu_ctrl_xmc4$01637679009$0'),
reserved([cpu,0,exception,hardfault],'cpu_ctrl_xmc4$0571328980$0'),
reserved([cpu,0,exception,memmanage],'cpu_ctrl_xmc4$1768468879$0'),
reserved([cpu,0,exception,busfault],'cpu_ctrl_xmc4$1763234541$0'),
reserved([cpu,0,exception,usagefault],'cpu_ctrl_xmc4$1814460844$0'),
reserved([cpu,0,debug],'cpu_ctrl_xmc4$1964564605$0'),
reserved([debug_port,_,pad,_],'cpu_ctrl_xmc4$01540614004$0'),
reserved([debug_port,_,pad,_],'cpu_ctrl_xmc4$01540614322$0'),
reserved([p,_,pad,_],'cpu_ctrl_xmc4$1445176365$0'),
reserved([p,_,pad,_],'cpu_ctrl_xmc4$1540657681$0'),
reserved([p,_,pad,_],'cpu_ctrl_xmc4$1540657682$0'),
reserved([p,_,pad,_],'cpu_ctrl_xmc4$1540657683$0'),
reserved([p,_,pad,_],'cpu_ctrl_xmc4$1540657684$0'),
reserved([devicepackage,0,_],'cpu_ctrl_xmc4$39943779$0'),
reserved([devicepackage,0,_],'cpu_ctrl_xmc4$0268126521$0'),
reserved([devicepackage,0,_],'cpu_ctrl_xmc4$0268126520$0'),
reserved([devicepackage,0,_],'cpu_ctrl_xmc4$0268126519$0'),
reserved([devicepackage,0,_],'cpu_ctrl_xmc4$0268126518$0'),
reserved([ccu8,GLOBAL_CCU80sv0,global],'global_ccu8$1465655520$0'),
reserved([scu,_,gcu,ccu8_global_enable,GLOBAL_CCU80sv0],'global_ccu8$1118816002$0'),
reserved([scu,0,clkctrl,0,pll],'clock_xmc4$01551378862$0'),
reserved([scu,0,clkctrl,0,sys],'clock_xmc4$01551375569$0'),
reserved([scu,0,clkctrl,0,cpu],'clock_xmc4$01551391222$0'),
reserved([scu,0,clkctrl,0,perbridge],'clock_xmc4$494804424$0'),
reserved([scu,0,clkctrl,0,ebu],'clock_xmc4$01551389734$0'),
reserved([scu,0,clkctrl,0,ccu],'clock_xmc4$01551391625$0'),
reserved([scu,0,clkctrl,0,wdt],'clock_xmc4$01551372375$0'),
reserved([scu,0,clkctrl,0,usb],'clock_xmc4$01551373850$0'),
reserved([scu,0,clkctrl,0,sdmmc],'clock_xmc4$01551381723$0'),
reserved([scu,0,pwrctrl,0,hibernate],'clock_xmc4$0778278092$0'),
reserved([scu,0,rtcclksel],'clock_xmc4$1142722683$0'),
reserved([scu,0,trap,0,sysoscwd],'clock_xmc4$1091210735$0'),
reserved([scu,0,trap,0,sysvcolock],'clock_xmc4$1586947406$0'),
reserved([scu,0,trap,0,usbvcolock],'clock_xmc4$0261647995$0'),
reserved([scu,0,trap,0,ulpwdg],'clock_xmc4$01047137491$0'),
reserved([ccu8,_,cc8,_],'pwm_ccu8$01113979708$0'),
reserved([ccu8,_,cc8,_],'pwm_ccu8$1142931299$1'),
reserved([ccu8,_,cc8,_],'pwm_ccu8$0895124990$2'),
reserved([ccu8,_,cc8,_],'pwm_ccu8$1361786017$3'),
reserved([ccu8,GLOBAL_CCU81sv0,global],'global_ccu8$1476971647$1'),
reserved([scu,_,gcu,ccu8_global_enable,GLOBAL_CCU81sv0],'global_ccu8$0581924477$1'),
reserved([ccu8,_,cc8,_],'pwm_ccu8$0676270272$4'),
reserved([ccu8,_,cc8,_],'pwm_ccu8$1580640735$5'),
reserved([ccu8,_,cc8,_],'pwm_ccu8$0457415554$6'),
reserved([ccu8,_,cc8,_],'pwm_ccu8$1799495453$7'),
reserved([usic,_,channel,_],'uart$02118624699$0'),
reserved([p,_,pad,_],'uart$01053640812$0'),
reserved([p,_,pad,_],'uart$01053640750$0'),
reserved([cpu,0,nvic,interrupt,_],'uart$01148723541$0'),
reserved([cpu,0,nvic,interrupt,_],'uart$01148723603$0'),
reserved([devicepackage,0,_],'uart$0164365666$0'),
reserved([devicepackage,0,_],'uart$0164365604$0'),
reserved([usic,_,channel,_],'spi_slave$01366864342$0'),
reserved([p,_,pad,_],'spi_slave$01333033692$0'),
reserved([p,_,pad,_],'spi_slave$1145447222$0'),
reserved([p,_,pad,_],'spi_slave$0403454326$0'),
reserved([p,_,pad,_],'spi_slave$125532735$0'),
reserved([cpu,0,nvic,interrupt,_],'spi_slave$01881239066$0'),
reserved([cpu,0,nvic,interrupt,_],'spi_slave$01881239128$0'),
reserved([devicepackage,0,_],'spi_slave$1438010906$0'),
reserved([devicepackage,0,_],'spi_slave$912294912$0'),
reserved([devicepackage,0,_],'spi_slave$1074287872$0'),
reserved([devicepackage,0,_],'spi_slave$01073724151$0'),
reserved([ccu4,GLOBAL_CCU40sv0,global],'global_ccu4$01760137752$0'),
reserved([scu,_,gcu,ccu4_global_enable,GLOBAL_CCU40sv0],'global_ccu4$89752826$0'),
reserved([posif,_,posif,global],'global_posif$096723225$0'),
reserved([p,_,pad,_],'encoder_posif$01718583280$0'),
reserved([p,_,pad,_],'encoder_posif$01718583279$0'),
reserved([p,_,pad,_],'encoder_posif$0122803319$0'),
reserved([posif,_,posif,hsc_qd],'encoder_posif$0809707646$0'),
reserved([ccu4,_,cc4,_],'encoder_posif$1605311925$0'),
reserved([ccu4,_,cc4,_],'encoder_posif$1605311927$0'),
reserved([ccu4,_,cc4,_],'encoder_posif$1605311928$0'),
reserved([devicepackage,0,_],'encoder_posif$01508859622$0'),
reserved([devicepackage,0,_],'encoder_posif$01508859621$0'),
reserved([devicepackage,0,_],'encoder_posif$01512731969$0'),
reserved([ccu4,GLOBAL_CCU41sv0,global],'global_ccu4$01748821625$1'),
reserved([scu,_,gcu,ccu4_global_enable,GLOBAL_CCU41sv0],'global_ccu4$01610987653$1'),
reserved([p,_,pad,_],'encoder_posif$1579311663$1'),
reserved([p,_,pad,_],'encoder_posif$1579311664$1'),
reserved([p,_,pad,_],'encoder_posif$227996618$1'),
reserved([posif,_,posif,hsc_qd],'encoder_posif$1447203361$1'),
reserved([ccu4,_,cc4,_],'encoder_posif$760840054$1'),
reserved([ccu4,_,cc4,_],'encoder_posif$760840056$1'),
reserved([ccu4,_,cc4,_],'encoder_posif$760840057$1'),
reserved([devicepackage,0,_],'encoder_posif$01575866375$1'),
reserved([devicepackage,0,_],'encoder_posif$01575866374$1'),
reserved([devicepackage,0,_],'encoder_posif$01182966208$1'),
reserved([vadc,_,global_limits],'global_adc$01890798523$0'),
reserved([vadc,_,global],'global_adc$1790945385$0'),
reserved([vadc,_,group,0,config],'global_adc$1796505175$0'),
reserved([vadc,_,group,1,config],'global_adc$1796505176$0'),
reserved([vadc,_,group,2,config],'global_adc$1796505177$0'),
reserved([vadc,_,group,3,config],'global_adc$1796505178$0'),
reserved([vadc,0,group,_,ch,ADC_MEASUREMENT_ADV0sv0],'adc_measurement_adv$1424598793$0'),
reserved([vadc,0,group,_,ch,ADC_MEASUREMENT_ADV0sv4],'adc_measurement_adv$1424598797$0'),
reserved([vadc,0,group,_,ch,ADC_MEASUREMENT_ADV0sv8],'adc_measurement_adv$1424598801$0'),
reserved([vadc,0,group,_,ch,ADC_MEASUREMENT_ADV0sv12],'adc_measurement_adv$1212889704$0'),
reserved([vadc,0,group,_,ch,ADC_MEASUREMENT_ADV0sv16],'adc_measurement_adv$1212889708$0'),
reserved([vadc,0,group,ADC_MEASUREMENT_ADV0sv20,ADC_MEASUREMENT_ADV0sv21,ADC_MEASUREMENT_ADV0sv22],'adc_measurement_adv$0461604565$0'),
reserved([vadc,0,group,ADC_MEASUREMENT_ADV0sv23,ADC_MEASUREMENT_ADV0sv24,ADC_MEASUREMENT_ADV0sv25],'adc_measurement_adv$0461604564$0'),
reserved([vadc,0,group,ADC_MEASUREMENT_ADV0sv26,ADC_MEASUREMENT_ADV0sv27,ADC_MEASUREMENT_ADV0sv28],'adc_measurement_adv$0461604563$0'),
reserved([vadc,0,group,ADC_MEASUREMENT_ADV0sv29,ADC_MEASUREMENT_ADV0sv30,ADC_MEASUREMENT_ADV0sv31],'adc_measurement_adv$0461604562$0'),
reserved([vadc,0,group,ADC_MEASUREMENT_ADV0sv32,ADC_MEASUREMENT_ADV0sv33,ADC_MEASUREMENT_ADV0sv34],'adc_measurement_adv$0461604561$0'),
reserved([vadc,_,group,_,scan],'adc_measurement_adv$431302940$0'),
reserved([vadc,_,group,_,class,_],'adc_measurement_adv$248008525$0'),
reserved([p,ANALOG_IO0sv0,pad,_],'analog_io$0459569530$0'),
reserved([devicepackage,0,_],'analog_io$01694626416$0'),
reserved([p,ANALOG_IO1sv0,pad,_],'analog_io$0970103707$1'),
reserved([devicepackage,0,_],'analog_io$562284591$1'),
reserved([p,ANALOG_IO2sv0,pad,_],'analog_io$01480637884$2'),
reserved([devicepackage,0,_],'analog_io$01475771698$2'),
reserved([p,ANALOG_IO3sv0,pad,_],'analog_io$01991172061$3'),
reserved([devicepackage,0,_],'analog_io$781139309$3'),
reserved([p,ANALOG_IO4sv0,pad,_],'analog_io$1793261058$4'),
reserved([devicepackage,0,_],'analog_io$01256916980$4'),
reserved([vadc,0,group,_,ch,ADC_MEASUREMENT_ADV1sv0],'adc_measurement_adv$0276141686$1'),
reserved([vadc,0,group,_,ch,ADC_MEASUREMENT_ADV1sv4],'adc_measurement_adv$0276141682$1'),
reserved([vadc,0,group,_,ch,ADC_MEASUREMENT_ADV1sv8],'adc_measurement_adv$0276141678$1'),
reserved([vadc,0,group,_,ch,ADC_MEASUREMENT_ADV1sv12],'adc_measurement_adv$29542407$1'),
reserved([vadc,0,group,_,ch,ADC_MEASUREMENT_ADV1sv16],'adc_measurement_adv$29542411$1'),
reserved([vadc,0,group,_,ch,ADC_MEASUREMENT_ADV1sv17],'adc_measurement_adv$29542412$1'),
reserved([vadc,0,group,_,ch,ADC_MEASUREMENT_ADV1sv18],'adc_measurement_adv$29542413$1'),
reserved([vadc,0,group,ADC_MEASUREMENT_ADV1sv20,ADC_MEASUREMENT_ADV1sv21,ADC_MEASUREMENT_ADV1sv22],'adc_measurement_adv$1509334892$1'),
reserved([vadc,0,group,ADC_MEASUREMENT_ADV1sv23,ADC_MEASUREMENT_ADV1sv24,ADC_MEASUREMENT_ADV1sv25],'adc_measurement_adv$1509334893$1'),
reserved([vadc,0,group,ADC_MEASUREMENT_ADV1sv26,ADC_MEASUREMENT_ADV1sv27,ADC_MEASUREMENT_ADV1sv28],'adc_measurement_adv$1509334894$1'),
reserved([vadc,0,group,ADC_MEASUREMENT_ADV1sv29,ADC_MEASUREMENT_ADV1sv30,ADC_MEASUREMENT_ADV1sv31],'adc_measurement_adv$1509334895$1'),
reserved([vadc,0,group,ADC_MEASUREMENT_ADV1sv32,ADC_MEASUREMENT_ADV1sv33,ADC_MEASUREMENT_ADV1sv34],'adc_measurement_adv$1509334896$1'),
reserved([vadc,0,group,ADC_MEASUREMENT_ADV1sv35,ADC_MEASUREMENT_ADV1sv36,ADC_MEASUREMENT_ADV1sv37],'adc_measurement_adv$1509334897$1'),
reserved([vadc,0,group,ADC_MEASUREMENT_ADV1sv38,ADC_MEASUREMENT_ADV1sv39,ADC_MEASUREMENT_ADV1sv40],'adc_measurement_adv$1509334898$1'),
reserved([vadc,_,group,_,scan],'adc_measurement_adv$1784612637$1'),
reserved([vadc,_,group,_,class,_],'adc_measurement_adv$1492773006$1'),
reserved([p,ANALOG_IO5sv0,pad,_],'analog_io$1282726881$5'),
reserved([devicepackage,0,_],'analog_io$999994027$5'),
reserved([p,ANALOG_IO6sv0,pad,_],'analog_io$772192704$6'),
reserved([devicepackage,0,_],'analog_io$01038062262$6'),
reserved([p,ANALOG_IO7sv0,pad,_],'analog_io$261658527$7'),
reserved([devicepackage,0,_],'analog_io$1218848745$7'),
reserved([p,ANALOG_IO8sv0,pad,_],'analog_io$0248875650$8'),
reserved([devicepackage,0,_],'analog_io$0819207544$8'),
reserved([p,ANALOG_IO9sv0,pad,_],'analog_io$0759409827$9'),
reserved([devicepackage,0,_],'analog_io$1437703463$9'),
reserved([p,ANALOG_IO10sv0,pad,_],'analog_io$01889477709$10'),
reserved([devicepackage,0,_],'analog_io$472386813$10'),
reserved([p,ANALOG_IO11sv0,pad,_],'analog_io$1894955410$11'),
reserved([devicepackage,0,_],'analog_io$01565669476$11'),
reserved([p,DIGITAL_IO1sv0,pad,_],'digital_io$01893669597$1'),
reserved([devicepackage,0,_],'digital_io$02001255827$1'),
reserved([p,DIGITAL_IO2sv0,pad,_],'digital_io$1890763522$2'),
reserved([devicepackage,0,_],'digital_io$255655180$2'),
reserved([p,DIGITAL_IO3sv0,pad,_],'digital_io$1380229345$3'),
reserved([devicepackage,0,_],'digital_io$01782401109$3'),
reserved([p,DIGITAL_IO4sv0,pad,_],'digital_io$869695168$4'),
reserved([devicepackage,0,_],'digital_io$474509898$4'),
reserved([p,DIGITAL_IO5sv0,pad,_],'digital_io$359160991$5'),
reserved([devicepackage,0,_],'digital_io$01563546391$5'),
reserved([p,DIGITAL_IO6sv0,pad,_],'digital_io$0151373186$6'),
reserved([devicepackage,0,_],'digital_io$693364616$6'),
reserved([p,DIGITAL_IO7sv0,pad,_],'digital_io$0661907363$7'),
reserved([devicepackage,0,_],'digital_io$01344691673$7'),
reserved([cpu,0,nvic,interrupt,_],'pin_interrupt$371705443$0'),
reserved([p,_,pad,_],'pin_interrupt$01353729833$0'),
reserved([eru,_,ers_etl,_],'pin_interrupt$504037229$0'),
reserved([eru,_,ogu,_],'pin_interrupt$1919814214$0'),
reserved([scu,_,gcu,interrupt,erunmi,_],'pin_interrupt$01936049730$0'),
reserved([devicepackage,0,_],'pin_interrupt$1126006561$0'),
signal('cpu_ctrl_xmc4$01637679009$0',nmi_in,'cpu_ctrl_xmc4$01637679009$0$nmi_in'),
signal('cpu_ctrl_xmc4$1964564605$0',db_tck,'cpu_ctrl_xmc4$1964564605$0$db_tck'),
signal('cpu_ctrl_xmc4$1964564605$0',db_tms,'cpu_ctrl_xmc4$1964564605$0$db_tms'),
signal('cpu_ctrl_xmc4$1964564605$0',db_etm_traceclk,'cpu_ctrl_xmc4$1964564605$0$db_etm_traceclk'),
signal('cpu_ctrl_xmc4$1964564605$0',db_etm_tracedata0,'cpu_ctrl_xmc4$1964564605$0$db_etm_tracedata0'),
signal('cpu_ctrl_xmc4$1964564605$0',db_etm_tracedata1,'cpu_ctrl_xmc4$1964564605$0$db_etm_tracedata1'),
signal('cpu_ctrl_xmc4$1964564605$0',db_etm_tracedata2,'cpu_ctrl_xmc4$1964564605$0$db_etm_tracedata2'),
signal('cpu_ctrl_xmc4$1964564605$0',db_etm_tracedata3,'cpu_ctrl_xmc4$1964564605$0$db_etm_tracedata3'),
signal('cpu_ctrl_xmc4$1445176365$0',hw_o,'cpu_ctrl_xmc4$1445176365$0$hw_o'),
signal('cpu_ctrl_xmc4$1445176365$0',pad,'cpu_ctrl_xmc4$1445176365$0$pad'),
signal('cpu_ctrl_xmc4$1540657681$0',hw_o,'cpu_ctrl_xmc4$1540657681$0$hw_o'),
signal('cpu_ctrl_xmc4$1540657681$0',pad,'cpu_ctrl_xmc4$1540657681$0$pad'),
signal('cpu_ctrl_xmc4$1540657682$0',hw_o,'cpu_ctrl_xmc4$1540657682$0$hw_o'),
signal('cpu_ctrl_xmc4$1540657682$0',pad,'cpu_ctrl_xmc4$1540657682$0$pad'),
signal('cpu_ctrl_xmc4$1540657683$0',hw_o,'cpu_ctrl_xmc4$1540657683$0$hw_o'),
signal('cpu_ctrl_xmc4$1540657683$0',pad,'cpu_ctrl_xmc4$1540657683$0$pad'),
signal('cpu_ctrl_xmc4$1540657684$0',hw_o,'cpu_ctrl_xmc4$1540657684$0$hw_o'),
signal('cpu_ctrl_xmc4$1540657684$0',pad,'cpu_ctrl_xmc4$1540657684$0$pad'),
signal('cpu_ctrl_xmc4$39943779$0',pin,'cpu_ctrl_xmc4$39943779$0$pin'),
signal('cpu_ctrl_xmc4$0268126521$0',pin,'cpu_ctrl_xmc4$0268126521$0$pin'),
signal('cpu_ctrl_xmc4$0268126520$0',pin,'cpu_ctrl_xmc4$0268126520$0$pin'),
signal('cpu_ctrl_xmc4$0268126519$0',pin,'cpu_ctrl_xmc4$0268126519$0$pin'),
signal('cpu_ctrl_xmc4$0268126518$0',pin,'cpu_ctrl_xmc4$0268126518$0$pin'),
signal('global_ccu8$1465655520$0',global_signal,'global_ccu8$1465655520$0$global_signal'),
signal('global_ccu8$1465655520$0',clk,'global_ccu8$1465655520$0$clk'),
signal('global_ccu8$1118816002$0',gsc_enable,'global_ccu8$1118816002$0$gsc_enable'),
signal('clock_xmc4$494804424$0',fpb,'clock_xmc4$494804424$0$fpb'),
signal('clock_xmc4$01551391625$0',fccu,'clock_xmc4$01551391625$0$fccu'),
signal('pwm_ccu8$01113979708$0',global_signal,'pwm_ccu8$01113979708$0$global_signal'),
signal('pwm_ccu8$01113979708$0',st,'pwm_ccu8$01113979708$0$st'),
signal('pwm_ccu8$01113979708$0',sta,'pwm_ccu8$01113979708$0$sta'),
signal('pwm_ccu8$01113979708$0',stb,'pwm_ccu8$01113979708$0$stb'),
signal('pwm_ccu8$01113979708$0',out0,'pwm_ccu8$01113979708$0$out0'),
signal('pwm_ccu8$01113979708$0',out1,'pwm_ccu8$01113979708$0$out1'),
signal('pwm_ccu8$01113979708$0',out2,'pwm_ccu8$01113979708$0$out2'),
signal('pwm_ccu8$01113979708$0',out3,'pwm_ccu8$01113979708$0$out3'),
signal('pwm_ccu8$01113979708$0',gp0_unsync,'pwm_ccu8$01113979708$0$gp0_unsync'),
signal('pwm_ccu8$01113979708$0',gp1_unsync,'pwm_ccu8$01113979708$0$gp1_unsync'),
signal('pwm_ccu8$01113979708$0',gp2_unsync,'pwm_ccu8$01113979708$0$gp2_unsync'),
signal('pwm_ccu8$01113979708$0',gp0,'pwm_ccu8$01113979708$0$gp0'),
signal('pwm_ccu8$01113979708$0',gp1,'pwm_ccu8$01113979708$0$gp1'),
signal('pwm_ccu8$01113979708$0',gp2,'pwm_ccu8$01113979708$0$gp2'),
signal('pwm_ccu8$01113979708$0',ps,'pwm_ccu8$01113979708$0$ps'),
signal('pwm_ccu8$01113979708$0',mci0,'pwm_ccu8$01113979708$0$mci0'),
signal('pwm_ccu8$01113979708$0',mci1,'pwm_ccu8$01113979708$0$mci1'),
signal('pwm_ccu8$01113979708$0',mci2,'pwm_ccu8$01113979708$0$mci2'),
signal('pwm_ccu8$01113979708$0',mci3,'pwm_ccu8$01113979708$0$mci3'),
signal('pwm_ccu8$01113979708$0',mcss,'pwm_ccu8$01113979708$0$mcss'),
signal('pwm_ccu8$1142931299$1',global_signal,'pwm_ccu8$1142931299$1$global_signal'),
signal('pwm_ccu8$1142931299$1',st,'pwm_ccu8$1142931299$1$st'),
signal('pwm_ccu8$1142931299$1',sta,'pwm_ccu8$1142931299$1$sta'),
signal('pwm_ccu8$1142931299$1',stb,'pwm_ccu8$1142931299$1$stb'),
signal('pwm_ccu8$1142931299$1',out0,'pwm_ccu8$1142931299$1$out0'),
signal('pwm_ccu8$1142931299$1',out1,'pwm_ccu8$1142931299$1$out1'),
signal('pwm_ccu8$1142931299$1',out2,'pwm_ccu8$1142931299$1$out2'),
signal('pwm_ccu8$1142931299$1',out3,'pwm_ccu8$1142931299$1$out3'),
signal('pwm_ccu8$1142931299$1',gp0_unsync,'pwm_ccu8$1142931299$1$gp0_unsync'),
signal('pwm_ccu8$1142931299$1',gp1_unsync,'pwm_ccu8$1142931299$1$gp1_unsync'),
signal('pwm_ccu8$1142931299$1',gp2_unsync,'pwm_ccu8$1142931299$1$gp2_unsync'),
signal('pwm_ccu8$1142931299$1',gp0,'pwm_ccu8$1142931299$1$gp0'),
signal('pwm_ccu8$1142931299$1',gp1,'pwm_ccu8$1142931299$1$gp1'),
signal('pwm_ccu8$1142931299$1',gp2,'pwm_ccu8$1142931299$1$gp2'),
signal('pwm_ccu8$1142931299$1',ps,'pwm_ccu8$1142931299$1$ps'),
signal('pwm_ccu8$1142931299$1',mci0,'pwm_ccu8$1142931299$1$mci0'),
signal('pwm_ccu8$1142931299$1',mci1,'pwm_ccu8$1142931299$1$mci1'),
signal('pwm_ccu8$1142931299$1',mci2,'pwm_ccu8$1142931299$1$mci2'),
signal('pwm_ccu8$1142931299$1',mci3,'pwm_ccu8$1142931299$1$mci3'),
signal('pwm_ccu8$1142931299$1',mcss,'pwm_ccu8$1142931299$1$mcss'),
signal('pwm_ccu8$0895124990$2',global_signal,'pwm_ccu8$0895124990$2$global_signal'),
signal('pwm_ccu8$0895124990$2',st,'pwm_ccu8$0895124990$2$st'),
signal('pwm_ccu8$0895124990$2',sta,'pwm_ccu8$0895124990$2$sta'),
signal('pwm_ccu8$0895124990$2',stb,'pwm_ccu8$0895124990$2$stb'),
signal('pwm_ccu8$0895124990$2',out0,'pwm_ccu8$0895124990$2$out0'),
signal('pwm_ccu8$0895124990$2',out1,'pwm_ccu8$0895124990$2$out1'),
signal('pwm_ccu8$0895124990$2',out2,'pwm_ccu8$0895124990$2$out2'),
signal('pwm_ccu8$0895124990$2',out3,'pwm_ccu8$0895124990$2$out3'),
signal('pwm_ccu8$0895124990$2',gp0_unsync,'pwm_ccu8$0895124990$2$gp0_unsync'),
signal('pwm_ccu8$0895124990$2',gp1_unsync,'pwm_ccu8$0895124990$2$gp1_unsync'),
signal('pwm_ccu8$0895124990$2',gp2_unsync,'pwm_ccu8$0895124990$2$gp2_unsync'),
signal('pwm_ccu8$0895124990$2',gp0,'pwm_ccu8$0895124990$2$gp0'),
signal('pwm_ccu8$0895124990$2',gp1,'pwm_ccu8$0895124990$2$gp1'),
signal('pwm_ccu8$0895124990$2',gp2,'pwm_ccu8$0895124990$2$gp2'),
signal('pwm_ccu8$0895124990$2',ps,'pwm_ccu8$0895124990$2$ps'),
signal('pwm_ccu8$0895124990$2',mci0,'pwm_ccu8$0895124990$2$mci0'),
signal('pwm_ccu8$0895124990$2',mci1,'pwm_ccu8$0895124990$2$mci1'),
signal('pwm_ccu8$0895124990$2',mci2,'pwm_ccu8$0895124990$2$mci2'),
signal('pwm_ccu8$0895124990$2',mci3,'pwm_ccu8$0895124990$2$mci3'),
signal('pwm_ccu8$0895124990$2',mcss,'pwm_ccu8$0895124990$2$mcss'),
signal('pwm_ccu8$1361786017$3',global_signal,'pwm_ccu8$1361786017$3$global_signal'),
signal('pwm_ccu8$1361786017$3',st,'pwm_ccu8$1361786017$3$st'),
signal('pwm_ccu8$1361786017$3',sta,'pwm_ccu8$1361786017$3$sta'),
signal('pwm_ccu8$1361786017$3',stb,'pwm_ccu8$1361786017$3$stb'),
signal('pwm_ccu8$1361786017$3',out0,'pwm_ccu8$1361786017$3$out0'),
signal('pwm_ccu8$1361786017$3',out1,'pwm_ccu8$1361786017$3$out1'),
signal('pwm_ccu8$1361786017$3',out2,'pwm_ccu8$1361786017$3$out2'),
signal('pwm_ccu8$1361786017$3',out3,'pwm_ccu8$1361786017$3$out3'),
signal('pwm_ccu8$1361786017$3',gp0_unsync,'pwm_ccu8$1361786017$3$gp0_unsync'),
signal('pwm_ccu8$1361786017$3',gp1_unsync,'pwm_ccu8$1361786017$3$gp1_unsync'),
signal('pwm_ccu8$1361786017$3',gp2_unsync,'pwm_ccu8$1361786017$3$gp2_unsync'),
signal('pwm_ccu8$1361786017$3',gp0,'pwm_ccu8$1361786017$3$gp0'),
signal('pwm_ccu8$1361786017$3',gp1,'pwm_ccu8$1361786017$3$gp1'),
signal('pwm_ccu8$1361786017$3',gp2,'pwm_ccu8$1361786017$3$gp2'),
signal('pwm_ccu8$1361786017$3',ps,'pwm_ccu8$1361786017$3$ps'),
signal('pwm_ccu8$1361786017$3',mci0,'pwm_ccu8$1361786017$3$mci0'),
signal('pwm_ccu8$1361786017$3',mci1,'pwm_ccu8$1361786017$3$mci1'),
signal('pwm_ccu8$1361786017$3',mci2,'pwm_ccu8$1361786017$3$mci2'),
signal('pwm_ccu8$1361786017$3',mci3,'pwm_ccu8$1361786017$3$mci3'),
signal('pwm_ccu8$1361786017$3',mcss,'pwm_ccu8$1361786017$3$mcss'),
signal('global_ccu8$1476971647$1',global_signal,'global_ccu8$1476971647$1$global_signal'),
signal('global_ccu8$1476971647$1',clk,'global_ccu8$1476971647$1$clk'),
signal('global_ccu8$0581924477$1',gsc_enable,'global_ccu8$0581924477$1$gsc_enable'),
signal('pwm_ccu8$0676270272$4',global_signal,'pwm_ccu8$0676270272$4$global_signal'),
signal('pwm_ccu8$0676270272$4',st,'pwm_ccu8$0676270272$4$st'),
signal('pwm_ccu8$0676270272$4',sta,'pwm_ccu8$0676270272$4$sta'),
signal('pwm_ccu8$0676270272$4',stb,'pwm_ccu8$0676270272$4$stb'),
signal('pwm_ccu8$0676270272$4',out0,'pwm_ccu8$0676270272$4$out0'),
signal('pwm_ccu8$0676270272$4',out1,'pwm_ccu8$0676270272$4$out1'),
signal('pwm_ccu8$0676270272$4',out2,'pwm_ccu8$0676270272$4$out2'),
signal('pwm_ccu8$0676270272$4',out3,'pwm_ccu8$0676270272$4$out3'),
signal('pwm_ccu8$0676270272$4',gp0_unsync,'pwm_ccu8$0676270272$4$gp0_unsync'),
signal('pwm_ccu8$0676270272$4',gp1_unsync,'pwm_ccu8$0676270272$4$gp1_unsync'),
signal('pwm_ccu8$0676270272$4',gp2_unsync,'pwm_ccu8$0676270272$4$gp2_unsync'),
signal('pwm_ccu8$0676270272$4',gp0,'pwm_ccu8$0676270272$4$gp0'),
signal('pwm_ccu8$0676270272$4',gp1,'pwm_ccu8$0676270272$4$gp1'),
signal('pwm_ccu8$0676270272$4',gp2,'pwm_ccu8$0676270272$4$gp2'),
signal('pwm_ccu8$0676270272$4',ps,'pwm_ccu8$0676270272$4$ps'),
signal('pwm_ccu8$0676270272$4',mci0,'pwm_ccu8$0676270272$4$mci0'),
signal('pwm_ccu8$0676270272$4',mci1,'pwm_ccu8$0676270272$4$mci1'),
signal('pwm_ccu8$0676270272$4',mci2,'pwm_ccu8$0676270272$4$mci2'),
signal('pwm_ccu8$0676270272$4',mci3,'pwm_ccu8$0676270272$4$mci3'),
signal('pwm_ccu8$0676270272$4',mcss,'pwm_ccu8$0676270272$4$mcss'),
signal('pwm_ccu8$1580640735$5',global_signal,'pwm_ccu8$1580640735$5$global_signal'),
signal('pwm_ccu8$1580640735$5',st,'pwm_ccu8$1580640735$5$st'),
signal('pwm_ccu8$1580640735$5',sta,'pwm_ccu8$1580640735$5$sta'),
signal('pwm_ccu8$1580640735$5',stb,'pwm_ccu8$1580640735$5$stb'),
signal('pwm_ccu8$1580640735$5',out0,'pwm_ccu8$1580640735$5$out0'),
signal('pwm_ccu8$1580640735$5',out1,'pwm_ccu8$1580640735$5$out1'),
signal('pwm_ccu8$1580640735$5',out2,'pwm_ccu8$1580640735$5$out2'),
signal('pwm_ccu8$1580640735$5',out3,'pwm_ccu8$1580640735$5$out3'),
signal('pwm_ccu8$1580640735$5',gp0_unsync,'pwm_ccu8$1580640735$5$gp0_unsync'),
signal('pwm_ccu8$1580640735$5',gp1_unsync,'pwm_ccu8$1580640735$5$gp1_unsync'),
signal('pwm_ccu8$1580640735$5',gp2_unsync,'pwm_ccu8$1580640735$5$gp2_unsync'),
signal('pwm_ccu8$1580640735$5',gp0,'pwm_ccu8$1580640735$5$gp0'),
signal('pwm_ccu8$1580640735$5',gp1,'pwm_ccu8$1580640735$5$gp1'),
signal('pwm_ccu8$1580640735$5',gp2,'pwm_ccu8$1580640735$5$gp2'),
signal('pwm_ccu8$1580640735$5',ps,'pwm_ccu8$1580640735$5$ps'),
signal('pwm_ccu8$1580640735$5',mci0,'pwm_ccu8$1580640735$5$mci0'),
signal('pwm_ccu8$1580640735$5',mci1,'pwm_ccu8$1580640735$5$mci1'),
signal('pwm_ccu8$1580640735$5',mci2,'pwm_ccu8$1580640735$5$mci2'),
signal('pwm_ccu8$1580640735$5',mci3,'pwm_ccu8$1580640735$5$mci3'),
signal('pwm_ccu8$1580640735$5',mcss,'pwm_ccu8$1580640735$5$mcss'),
signal('pwm_ccu8$0457415554$6',global_signal,'pwm_ccu8$0457415554$6$global_signal'),
signal('pwm_ccu8$0457415554$6',st,'pwm_ccu8$0457415554$6$st'),
signal('pwm_ccu8$0457415554$6',sta,'pwm_ccu8$0457415554$6$sta'),
signal('pwm_ccu8$0457415554$6',stb,'pwm_ccu8$0457415554$6$stb'),
signal('pwm_ccu8$0457415554$6',out0,'pwm_ccu8$0457415554$6$out0'),
signal('pwm_ccu8$0457415554$6',out1,'pwm_ccu8$0457415554$6$out1'),
signal('pwm_ccu8$0457415554$6',out2,'pwm_ccu8$0457415554$6$out2'),
signal('pwm_ccu8$0457415554$6',out3,'pwm_ccu8$0457415554$6$out3'),
signal('pwm_ccu8$0457415554$6',gp0_unsync,'pwm_ccu8$0457415554$6$gp0_unsync'),
signal('pwm_ccu8$0457415554$6',gp1_unsync,'pwm_ccu8$0457415554$6$gp1_unsync'),
signal('pwm_ccu8$0457415554$6',gp2_unsync,'pwm_ccu8$0457415554$6$gp2_unsync'),
signal('pwm_ccu8$0457415554$6',gp0,'pwm_ccu8$0457415554$6$gp0'),
signal('pwm_ccu8$0457415554$6',gp1,'pwm_ccu8$0457415554$6$gp1'),
signal('pwm_ccu8$0457415554$6',gp2,'pwm_ccu8$0457415554$6$gp2'),
signal('pwm_ccu8$0457415554$6',ps,'pwm_ccu8$0457415554$6$ps'),
signal('pwm_ccu8$0457415554$6',mci0,'pwm_ccu8$0457415554$6$mci0'),
signal('pwm_ccu8$0457415554$6',mci1,'pwm_ccu8$0457415554$6$mci1'),
signal('pwm_ccu8$0457415554$6',mci2,'pwm_ccu8$0457415554$6$mci2'),
signal('pwm_ccu8$0457415554$6',mci3,'pwm_ccu8$0457415554$6$mci3'),
signal('pwm_ccu8$0457415554$6',mcss,'pwm_ccu8$0457415554$6$mcss'),
signal('pwm_ccu8$1799495453$7',global_signal,'pwm_ccu8$1799495453$7$global_signal'),
signal('pwm_ccu8$1799495453$7',st,'pwm_ccu8$1799495453$7$st'),
signal('pwm_ccu8$1799495453$7',sta,'pwm_ccu8$1799495453$7$sta'),
signal('pwm_ccu8$1799495453$7',stb,'pwm_ccu8$1799495453$7$stb'),
signal('pwm_ccu8$1799495453$7',out0,'pwm_ccu8$1799495453$7$out0'),
signal('pwm_ccu8$1799495453$7',out1,'pwm_ccu8$1799495453$7$out1'),
signal('pwm_ccu8$1799495453$7',out2,'pwm_ccu8$1799495453$7$out2'),
signal('pwm_ccu8$1799495453$7',out3,'pwm_ccu8$1799495453$7$out3'),
signal('pwm_ccu8$1799495453$7',gp0_unsync,'pwm_ccu8$1799495453$7$gp0_unsync'),
signal('pwm_ccu8$1799495453$7',gp1_unsync,'pwm_ccu8$1799495453$7$gp1_unsync'),
signal('pwm_ccu8$1799495453$7',gp2_unsync,'pwm_ccu8$1799495453$7$gp2_unsync'),
signal('pwm_ccu8$1799495453$7',gp0,'pwm_ccu8$1799495453$7$gp0'),
signal('pwm_ccu8$1799495453$7',gp1,'pwm_ccu8$1799495453$7$gp1'),
signal('pwm_ccu8$1799495453$7',gp2,'pwm_ccu8$1799495453$7$gp2'),
signal('pwm_ccu8$1799495453$7',ps,'pwm_ccu8$1799495453$7$ps'),
signal('pwm_ccu8$1799495453$7',mci0,'pwm_ccu8$1799495453$7$mci0'),
signal('pwm_ccu8$1799495453$7',mci1,'pwm_ccu8$1799495453$7$mci1'),
signal('pwm_ccu8$1799495453$7',mci2,'pwm_ccu8$1799495453$7$mci2'),
signal('pwm_ccu8$1799495453$7',mci3,'pwm_ccu8$1799495453$7$mci3'),
signal('pwm_ccu8$1799495453$7',mcss,'pwm_ccu8$1799495453$7$mcss'),
signal('uart$02118624699$0',dx0ins,'uart$02118624699$0$dx0ins'),
signal('uart$02118624699$0',dx3ins,'uart$02118624699$0$dx3ins'),
signal('uart$02118624699$0',dout0,'uart$02118624699$0$dout0'),
signal('uart$01053640812$0',pad,'uart$01053640812$0$pad'),
signal('uart$01053640750$0',pad,'uart$01053640750$0$pad'),
signal('uart$02118624699$0',protocol_specific_int,'uart$02118624699$0$protocol_specific_int'),
signal('uart$02118624699$0',standard_transmit_buffer_int,'uart$02118624699$0$standard_transmit_buffer_int'),
signal('uart$02118624699$0',standard_receive_buffer_int,'uart$02118624699$0$standard_receive_buffer_int'),
signal('uart$02118624699$0',alternate_receive_buffer_int,'uart$02118624699$0$alternate_receive_buffer_int'),
signal('uart$01148723541$0',signal_in,'uart$01148723541$0$signal_in'),
signal('uart$01148723603$0',signal_in,'uart$01148723603$0$signal_in'),
signal('uart$0164365666$0',pin,'uart$0164365666$0$pin'),
signal('uart$0164365604$0',pin,'uart$0164365604$0$pin'),
signal('spi_slave$01366864342$0',dx0ins,'spi_slave$01366864342$0$dx0ins'),
signal('spi_slave$01366864342$0',dx1ins,'spi_slave$01366864342$0$dx1ins'),
signal('spi_slave$01366864342$0',dx2ins,'spi_slave$01366864342$0$dx2ins'),
signal('spi_slave$01366864342$0',dx3ins,'spi_slave$01366864342$0$dx3ins'),
signal('spi_slave$01366864342$0',dx4ins,'spi_slave$01366864342$0$dx4ins'),
signal('spi_slave$01366864342$0',dx5ins,'spi_slave$01366864342$0$dx5ins'),
signal('spi_slave$01366864342$0',dout0,'spi_slave$01366864342$0$dout0'),
signal('spi_slave$01366864342$0',dout1,'spi_slave$01366864342$0$dout1'),
signal('spi_slave$1145447222$0',pad,'spi_slave$1145447222$0$pad'),
signal('spi_slave$01333033692$0',pad,'spi_slave$01333033692$0$pad'),
signal('spi_slave$0403454326$0',pad,'spi_slave$0403454326$0$pad'),
signal('spi_slave$125532735$0',pad,'spi_slave$125532735$0$pad'),
signal('spi_slave$01366864342$0',protocol_specific_int,'spi_slave$01366864342$0$protocol_specific_int'),
signal('spi_slave$01366864342$0',standard_transmit_buffer_int,'spi_slave$01366864342$0$standard_transmit_buffer_int'),
signal('spi_slave$01366864342$0',standard_receive_buffer_int,'spi_slave$01366864342$0$standard_receive_buffer_int'),
signal('spi_slave$01366864342$0',alternate_receive_buffer_int,'spi_slave$01366864342$0$alternate_receive_buffer_int'),
signal('spi_slave$01881239066$0',signal_in,'spi_slave$01881239066$0$signal_in'),
signal('spi_slave$01881239128$0',signal_in,'spi_slave$01881239128$0$signal_in'),
signal('spi_slave$1438010906$0',pin,'spi_slave$1438010906$0$pin'),
signal('spi_slave$912294912$0',pin,'spi_slave$912294912$0$pin'),
signal('spi_slave$1074287872$0',pin,'spi_slave$1074287872$0$pin'),
signal('spi_slave$01073724151$0',pin,'spi_slave$01073724151$0$pin'),
signal('global_ccu4$01760137752$0',global_signal,'global_ccu4$01760137752$0$global_signal'),
signal('global_ccu4$01760137752$0',clk,'global_ccu4$01760137752$0$clk'),
signal('global_ccu4$89752826$0',gsc_enable,'global_ccu4$89752826$0$gsc_enable'),
signal('global_posif$096723225$0',global_signal,'global_posif$096723225$0$global_signal'),
signal('global_posif$096723225$0',clk,'global_posif$096723225$0$clk'),
signal('encoder_posif$0809707646$0',ipos0,'encoder_posif$0809707646$0$ipos0'),
signal('encoder_posif$0809707646$0',ipos1,'encoder_posif$0809707646$0$ipos1'),
signal('encoder_posif$0809707646$0',erre,'encoder_posif$0809707646$0$erre'),
signal('encoder_posif$0809707646$0',cnte,'encoder_posif$0809707646$0$cnte'),
signal('encoder_posif$0809707646$0',dire,'encoder_posif$0809707646$0$dire'),
signal('encoder_posif$0809707646$0',pcle,'encoder_posif$0809707646$0$pcle'),
signal('encoder_posif$0809707646$0',out0,'encoder_posif$0809707646$0$out0'),
signal('encoder_posif$0809707646$0',out1,'encoder_posif$0809707646$0$out1'),
signal('encoder_posif$0809707646$0',out2,'encoder_posif$0809707646$0$out2'),
signal('encoder_posif$0809707646$0',out5,'encoder_posif$0809707646$0$out5'),
signal('encoder_posif$01718583280$0',pad,'encoder_posif$01718583280$0$pad'),
signal('encoder_posif$01718583279$0',pad,'encoder_posif$01718583279$0$pad'),
signal('encoder_posif$0122803319$0',pad,'encoder_posif$0122803319$0$pad'),
signal('encoder_posif$1605311925$0',global_signal,'encoder_posif$1605311925$0$global_signal'),
signal('encoder_posif$1605311927$0',global_signal,'encoder_posif$1605311927$0$global_signal'),
signal('encoder_posif$1605311928$0',global_signal,'encoder_posif$1605311928$0$global_signal'),
signal('encoder_posif$1605311925$0',gp0_unsync,'encoder_posif$1605311925$0$gp0_unsync'),
signal('encoder_posif$1605311925$0',gp1_unsync,'encoder_posif$1605311925$0$gp1_unsync'),
signal('encoder_posif$1605311925$0',gp2_unsync,'encoder_posif$1605311925$0$gp2_unsync'),
signal('encoder_posif$1605311925$0',st,'encoder_posif$1605311925$0$st'),
signal('encoder_posif$1605311927$0',gp0_unsync,'encoder_posif$1605311927$0$gp0_unsync'),
signal('encoder_posif$1605311927$0',gp1_unsync,'encoder_posif$1605311927$0$gp1_unsync'),
signal('encoder_posif$1605311928$0',gp0_unsync,'encoder_posif$1605311928$0$gp0_unsync'),
signal('encoder_posif$1605311928$0',st,'encoder_posif$1605311928$0$st'),
signal('encoder_posif$01508859622$0',pin,'encoder_posif$01508859622$0$pin'),
signal('encoder_posif$01508859621$0',pin,'encoder_posif$01508859621$0$pin'),
signal('encoder_posif$01512731969$0',pin,'encoder_posif$01512731969$0$pin'),
signal('global_ccu4$01748821625$1',global_signal,'global_ccu4$01748821625$1$global_signal'),
signal('global_ccu4$01748821625$1',clk,'global_ccu4$01748821625$1$clk'),
signal('global_ccu4$01610987653$1',gsc_enable,'global_ccu4$01610987653$1$gsc_enable'),
signal('encoder_posif$1447203361$1',ipos0,'encoder_posif$1447203361$1$ipos0'),
signal('encoder_posif$1447203361$1',ipos1,'encoder_posif$1447203361$1$ipos1'),
signal('encoder_posif$1447203361$1',erre,'encoder_posif$1447203361$1$erre'),
signal('encoder_posif$1447203361$1',cnte,'encoder_posif$1447203361$1$cnte'),
signal('encoder_posif$1447203361$1',dire,'encoder_posif$1447203361$1$dire'),
signal('encoder_posif$1447203361$1',pcle,'encoder_posif$1447203361$1$pcle'),
signal('encoder_posif$1447203361$1',out0,'encoder_posif$1447203361$1$out0'),
signal('encoder_posif$1447203361$1',out1,'encoder_posif$1447203361$1$out1'),
signal('encoder_posif$1447203361$1',out2,'encoder_posif$1447203361$1$out2'),
signal('encoder_posif$1447203361$1',out5,'encoder_posif$1447203361$1$out5'),
signal('encoder_posif$1579311663$1',pad,'encoder_posif$1579311663$1$pad'),
signal('encoder_posif$1579311664$1',pad,'encoder_posif$1579311664$1$pad'),
signal('encoder_posif$227996618$1',pad,'encoder_posif$227996618$1$pad'),
signal('encoder_posif$760840054$1',global_signal,'encoder_posif$760840054$1$global_signal'),
signal('encoder_posif$760840056$1',global_signal,'encoder_posif$760840056$1$global_signal'),
signal('encoder_posif$760840057$1',global_signal,'encoder_posif$760840057$1$global_signal'),
signal('encoder_posif$760840054$1',gp0_unsync,'encoder_posif$760840054$1$gp0_unsync'),
signal('encoder_posif$760840054$1',gp1_unsync,'encoder_posif$760840054$1$gp1_unsync'),
signal('encoder_posif$760840054$1',gp2_unsync,'encoder_posif$760840054$1$gp2_unsync'),
signal('encoder_posif$760840054$1',st,'encoder_posif$760840054$1$st'),
signal('encoder_posif$760840056$1',gp0_unsync,'encoder_posif$760840056$1$gp0_unsync'),
signal('encoder_posif$760840056$1',gp1_unsync,'encoder_posif$760840056$1$gp1_unsync'),
signal('encoder_posif$760840057$1',gp0_unsync,'encoder_posif$760840057$1$gp0_unsync'),
signal('encoder_posif$760840057$1',st,'encoder_posif$760840057$1$st'),
signal('encoder_posif$01575866375$1',pin,'encoder_posif$01575866375$1$pin'),
signal('encoder_posif$01575866374$1',pin,'encoder_posif$01575866374$1$pin'),
signal('encoder_posif$01182966208$1',pin,'encoder_posif$01182966208$1$pin'),
signal('global_adc$1790945385$0',global_signal,'global_adc$1790945385$0$global_signal'),
signal('global_adc$1796505175$0',garbcnt,'global_adc$1796505175$0$garbcnt'),
signal('global_adc$1796505175$0',gsample,'global_adc$1796505175$0$gsample'),
signal('global_adc$1796505175$0',gqueuereq,'global_adc$1796505175$0$gqueuereq'),
signal('global_adc$1796505175$0',gscanreq,'global_adc$1796505175$0$gscanreq'),
signal('global_adc$1796505175$0',gsyncreq,'global_adc$1796505175$0$gsyncreq'),
signal('global_adc$1796505176$0',garbcnt,'global_adc$1796505176$0$garbcnt'),
signal('global_adc$1796505176$0',gsample,'global_adc$1796505176$0$gsample'),
signal('global_adc$1796505176$0',gqueuereq,'global_adc$1796505176$0$gqueuereq'),
signal('global_adc$1796505176$0',gscanreq,'global_adc$1796505176$0$gscanreq'),
signal('global_adc$1796505176$0',gsyncreq,'global_adc$1796505176$0$gsyncreq'),
signal('global_adc$1796505177$0',garbcnt,'global_adc$1796505177$0$garbcnt'),
signal('global_adc$1796505177$0',gsample,'global_adc$1796505177$0$gsample'),
signal('global_adc$1796505177$0',gqueuereq,'global_adc$1796505177$0$gqueuereq'),
signal('global_adc$1796505177$0',gscanreq,'global_adc$1796505177$0$gscanreq'),
signal('global_adc$1796505177$0',gsyncreq,'global_adc$1796505177$0$gsyncreq'),
signal('global_adc$1796505178$0',garbcnt,'global_adc$1796505178$0$garbcnt'),
signal('global_adc$1796505178$0',gsample,'global_adc$1796505178$0$gsample'),
signal('global_adc$1796505178$0',gqueuereq,'global_adc$1796505178$0$gqueuereq'),
signal('global_adc$1796505178$0',gscanreq,'global_adc$1796505178$0$gscanreq'),
signal('global_adc$1796505178$0',gsyncreq,'global_adc$1796505178$0$gsyncreq'),
signal('adc_measurement_adv$248008525$0',ch_class_sel,'adc_measurement_adv$248008525$0$ch_class_sel'),
signal('adc_measurement_adv$248008525$0',scan_class_sel,'adc_measurement_adv$248008525$0$scan_class_sel'),
signal('adc_measurement_adv$431302940$0',class_sel,'adc_measurement_adv$431302940$0$class_sel'),
signal('adc_measurement_adv$431302940$0',select,'adc_measurement_adv$431302940$0$select'),
signal('adc_measurement_adv$431302940$0',req,'adc_measurement_adv$431302940$0$req'),
signal('adc_measurement_adv$431302940$0',global_signal,'adc_measurement_adv$431302940$0$global_signal'),
signal('adc_measurement_adv$431302940$0',greqtr1sel,'adc_measurement_adv$431302940$0$greqtr1sel'),
signal('adc_measurement_adv$431302940$0',greqgt1sel,'adc_measurement_adv$431302940$0$greqgt1sel'),
signal('adc_measurement_adv$431302940$0',sev,'adc_measurement_adv$431302940$0$sev'),
signal('adc_measurement_adv$1424598793$0',gch,'adc_measurement_adv$1424598793$0$gch'),
signal('adc_measurement_adv$1424598797$0',gch,'adc_measurement_adv$1424598797$0$gch'),
signal('adc_measurement_adv$1424598801$0',gch,'adc_measurement_adv$1424598801$0$gch'),
signal('adc_measurement_adv$1212889704$0',gch,'adc_measurement_adv$1212889704$0$gch'),
signal('adc_measurement_adv$1212889708$0',gch,'adc_measurement_adv$1212889708$0$gch'),
signal('adc_measurement_adv$1424598793$0',select,'adc_measurement_adv$1424598793$0$select'),
signal('adc_measurement_adv$1424598797$0',select,'adc_measurement_adv$1424598797$0$select'),
signal('adc_measurement_adv$1424598801$0',select,'adc_measurement_adv$1424598801$0$select'),
signal('adc_measurement_adv$1212889704$0',select,'adc_measurement_adv$1212889704$0$select'),
signal('adc_measurement_adv$1212889708$0',select,'adc_measurement_adv$1212889708$0$select'),
signal('adc_measurement_adv$1424598793$0',iclass_sel,'adc_measurement_adv$1424598793$0$iclass_sel'),
signal('adc_measurement_adv$1424598797$0',iclass_sel,'adc_measurement_adv$1424598797$0$iclass_sel'),
signal('adc_measurement_adv$1424598801$0',iclass_sel,'adc_measurement_adv$1424598801$0$iclass_sel'),
signal('adc_measurement_adv$1212889704$0',iclass_sel,'adc_measurement_adv$1212889704$0$iclass_sel'),
signal('adc_measurement_adv$1212889708$0',iclass_sel,'adc_measurement_adv$1212889708$0$iclass_sel'),
signal('adc_measurement_adv$0461604565$0',res_sel,'adc_measurement_adv$0461604565$0$res_sel'),
signal('adc_measurement_adv$0461604564$0',res_sel,'adc_measurement_adv$0461604564$0$res_sel'),
signal('adc_measurement_adv$0461604563$0',res_sel,'adc_measurement_adv$0461604563$0$res_sel'),
signal('adc_measurement_adv$0461604562$0',res_sel,'adc_measurement_adv$0461604562$0$res_sel'),
signal('adc_measurement_adv$0461604561$0',res_sel,'adc_measurement_adv$0461604561$0$res_sel'),
signal('adc_measurement_adv$1424598793$0',res_sel,'adc_measurement_adv$1424598793$0$res_sel'),
signal('adc_measurement_adv$1424598797$0',res_sel,'adc_measurement_adv$1424598797$0$res_sel'),
signal('adc_measurement_adv$1424598801$0',res_sel,'adc_measurement_adv$1424598801$0$res_sel'),
signal('adc_measurement_adv$1212889704$0',res_sel,'adc_measurement_adv$1212889704$0$res_sel'),
signal('adc_measurement_adv$1212889708$0',res_sel,'adc_measurement_adv$1212889708$0$res_sel'),
signal('adc_measurement_adv$0461604565$0',rev,'adc_measurement_adv$0461604565$0$rev'),
signal('adc_measurement_adv$0461604564$0',rev,'adc_measurement_adv$0461604564$0$rev'),
signal('adc_measurement_adv$0461604563$0',rev,'adc_measurement_adv$0461604563$0$rev'),
signal('adc_measurement_adv$0461604562$0',rev,'adc_measurement_adv$0461604562$0$rev'),
signal('adc_measurement_adv$0461604561$0',rev,'adc_measurement_adv$0461604561$0$rev'),
signal('adc_measurement_adv$1424598793$0',cev,'adc_measurement_adv$1424598793$0$cev'),
signal('adc_measurement_adv$1424598797$0',cev,'adc_measurement_adv$1424598797$0$cev'),
signal('adc_measurement_adv$1424598801$0',cev,'adc_measurement_adv$1424598801$0$cev'),
signal('adc_measurement_adv$1212889704$0',cev,'adc_measurement_adv$1212889704$0$cev'),
signal('adc_measurement_adv$1212889708$0',cev,'adc_measurement_adv$1212889708$0$cev'),
signal('analog_io$0459569530$0',pad,'analog_io$0459569530$0$pad'),
signal('analog_io$01694626416$0',pin,'analog_io$01694626416$0$pin'),
signal('analog_io$0970103707$1',pad,'analog_io$0970103707$1$pad'),
signal('analog_io$562284591$1',pin,'analog_io$562284591$1$pin'),
signal('analog_io$01480637884$2',pad,'analog_io$01480637884$2$pad'),
signal('analog_io$01475771698$2',pin,'analog_io$01475771698$2$pin'),
signal('analog_io$01991172061$3',pad,'analog_io$01991172061$3$pad'),
signal('analog_io$781139309$3',pin,'analog_io$781139309$3$pin'),
signal('analog_io$1793261058$4',pad,'analog_io$1793261058$4$pad'),
signal('analog_io$01256916980$4',pin,'analog_io$01256916980$4$pin'),
signal('adc_measurement_adv$1492773006$1',ch_class_sel,'adc_measurement_adv$1492773006$1$ch_class_sel'),
signal('adc_measurement_adv$1492773006$1',scan_class_sel,'adc_measurement_adv$1492773006$1$scan_class_sel'),
signal('adc_measurement_adv$1784612637$1',class_sel,'adc_measurement_adv$1784612637$1$class_sel'),
signal('adc_measurement_adv$1784612637$1',select,'adc_measurement_adv$1784612637$1$select'),
signal('adc_measurement_adv$1784612637$1',req,'adc_measurement_adv$1784612637$1$req'),
signal('adc_measurement_adv$1784612637$1',global_signal,'adc_measurement_adv$1784612637$1$global_signal'),
signal('adc_measurement_adv$1784612637$1',greqtr1sel,'adc_measurement_adv$1784612637$1$greqtr1sel'),
signal('adc_measurement_adv$1784612637$1',greqgt1sel,'adc_measurement_adv$1784612637$1$greqgt1sel'),
signal('adc_measurement_adv$1784612637$1',sev,'adc_measurement_adv$1784612637$1$sev'),
signal('adc_measurement_adv$0276141686$1',gch,'adc_measurement_adv$0276141686$1$gch'),
signal('adc_measurement_adv$0276141682$1',gch,'adc_measurement_adv$0276141682$1$gch'),
signal('adc_measurement_adv$0276141678$1',gch,'adc_measurement_adv$0276141678$1$gch'),
signal('adc_measurement_adv$29542407$1',gch,'adc_measurement_adv$29542407$1$gch'),
signal('adc_measurement_adv$29542411$1',gch,'adc_measurement_adv$29542411$1$gch'),
signal('adc_measurement_adv$29542412$1',gch,'adc_measurement_adv$29542412$1$gch'),
signal('adc_measurement_adv$29542413$1',gch,'adc_measurement_adv$29542413$1$gch'),
signal('adc_measurement_adv$0276141686$1',select,'adc_measurement_adv$0276141686$1$select'),
signal('adc_measurement_adv$0276141682$1',select,'adc_measurement_adv$0276141682$1$select'),
signal('adc_measurement_adv$0276141678$1',select,'adc_measurement_adv$0276141678$1$select'),
signal('adc_measurement_adv$29542407$1',select,'adc_measurement_adv$29542407$1$select'),
signal('adc_measurement_adv$29542411$1',select,'adc_measurement_adv$29542411$1$select'),
signal('adc_measurement_adv$29542412$1',select,'adc_measurement_adv$29542412$1$select'),
signal('adc_measurement_adv$29542413$1',select,'adc_measurement_adv$29542413$1$select'),
signal('adc_measurement_adv$0276141686$1',iclass_sel,'adc_measurement_adv$0276141686$1$iclass_sel'),
signal('adc_measurement_adv$0276141682$1',iclass_sel,'adc_measurement_adv$0276141682$1$iclass_sel'),
signal('adc_measurement_adv$0276141678$1',iclass_sel,'adc_measurement_adv$0276141678$1$iclass_sel'),
signal('adc_measurement_adv$29542407$1',iclass_sel,'adc_measurement_adv$29542407$1$iclass_sel'),
signal('adc_measurement_adv$29542411$1',iclass_sel,'adc_measurement_adv$29542411$1$iclass_sel'),
signal('adc_measurement_adv$29542412$1',iclass_sel,'adc_measurement_adv$29542412$1$iclass_sel'),
signal('adc_measurement_adv$29542413$1',iclass_sel,'adc_measurement_adv$29542413$1$iclass_sel'),
signal('adc_measurement_adv$1509334892$1',res_sel,'adc_measurement_adv$1509334892$1$res_sel'),
signal('adc_measurement_adv$1509334893$1',res_sel,'adc_measurement_adv$1509334893$1$res_sel'),
signal('adc_measurement_adv$1509334894$1',res_sel,'adc_measurement_adv$1509334894$1$res_sel'),
signal('adc_measurement_adv$1509334895$1',res_sel,'adc_measurement_adv$1509334895$1$res_sel'),
signal('adc_measurement_adv$1509334896$1',res_sel,'adc_measurement_adv$1509334896$1$res_sel'),
signal('adc_measurement_adv$1509334897$1',res_sel,'adc_measurement_adv$1509334897$1$res_sel'),
signal('adc_measurement_adv$1509334898$1',res_sel,'adc_measurement_adv$1509334898$1$res_sel'),
signal('adc_measurement_adv$0276141686$1',res_sel,'adc_measurement_adv$0276141686$1$res_sel'),
signal('adc_measurement_adv$0276141682$1',res_sel,'adc_measurement_adv$0276141682$1$res_sel'),
signal('adc_measurement_adv$0276141678$1',res_sel,'adc_measurement_adv$0276141678$1$res_sel'),
signal('adc_measurement_adv$29542407$1',res_sel,'adc_measurement_adv$29542407$1$res_sel'),
signal('adc_measurement_adv$29542411$1',res_sel,'adc_measurement_adv$29542411$1$res_sel'),
signal('adc_measurement_adv$29542412$1',res_sel,'adc_measurement_adv$29542412$1$res_sel'),
signal('adc_measurement_adv$29542413$1',res_sel,'adc_measurement_adv$29542413$1$res_sel'),
signal('adc_measurement_adv$1509334892$1',rev,'adc_measurement_adv$1509334892$1$rev'),
signal('adc_measurement_adv$1509334893$1',rev,'adc_measurement_adv$1509334893$1$rev'),
signal('adc_measurement_adv$1509334894$1',rev,'adc_measurement_adv$1509334894$1$rev'),
signal('adc_measurement_adv$1509334895$1',rev,'adc_measurement_adv$1509334895$1$rev'),
signal('adc_measurement_adv$1509334896$1',rev,'adc_measurement_adv$1509334896$1$rev'),
signal('adc_measurement_adv$1509334897$1',rev,'adc_measurement_adv$1509334897$1$rev'),
signal('adc_measurement_adv$1509334898$1',rev,'adc_measurement_adv$1509334898$1$rev'),
signal('adc_measurement_adv$0276141686$1',cev,'adc_measurement_adv$0276141686$1$cev'),
signal('adc_measurement_adv$0276141682$1',cev,'adc_measurement_adv$0276141682$1$cev'),
signal('adc_measurement_adv$0276141678$1',cev,'adc_measurement_adv$0276141678$1$cev'),
signal('adc_measurement_adv$29542407$1',cev,'adc_measurement_adv$29542407$1$cev'),
signal('adc_measurement_adv$29542411$1',cev,'adc_measurement_adv$29542411$1$cev'),
signal('adc_measurement_adv$29542412$1',cev,'adc_measurement_adv$29542412$1$cev'),
signal('adc_measurement_adv$29542413$1',cev,'adc_measurement_adv$29542413$1$cev'),
signal('analog_io$1282726881$5',pad,'analog_io$1282726881$5$pad'),
signal('analog_io$999994027$5',pin,'analog_io$999994027$5$pin'),
signal('analog_io$772192704$6',pad,'analog_io$772192704$6$pad'),
signal('analog_io$01038062262$6',pin,'analog_io$01038062262$6$pin'),
signal('analog_io$261658527$7',pad,'analog_io$261658527$7$pad'),
signal('analog_io$1218848745$7',pin,'analog_io$1218848745$7$pin'),
signal('analog_io$0248875650$8',pad,'analog_io$0248875650$8$pad'),
signal('analog_io$0819207544$8',pin,'analog_io$0819207544$8$pin'),
signal('analog_io$0759409827$9',pad,'analog_io$0759409827$9$pad'),
signal('analog_io$1437703463$9',pin,'analog_io$1437703463$9$pin'),
signal('analog_io$01889477709$10',pad,'analog_io$01889477709$10$pad'),
signal('analog_io$472386813$10',pin,'analog_io$472386813$10$pin'),
signal('analog_io$1894955410$11',pad,'analog_io$1894955410$11$pad'),
signal('analog_io$01565669476$11',pin,'analog_io$01565669476$11$pin'),
signal('digital_io$01893669597$1',pad,'digital_io$01893669597$1$pad'),
signal('digital_io$02001255827$1',pin,'digital_io$02001255827$1$pin'),
signal('digital_io$1890763522$2',pad,'digital_io$1890763522$2$pad'),
signal('digital_io$255655180$2',pin,'digital_io$255655180$2$pin'),
signal('digital_io$1380229345$3',pad,'digital_io$1380229345$3$pad'),
signal('digital_io$01782401109$3',pin,'digital_io$01782401109$3$pin'),
signal('digital_io$869695168$4',pad,'digital_io$869695168$4$pad'),
signal('digital_io$474509898$4',pin,'digital_io$474509898$4$pin'),
signal('digital_io$359160991$5',pad,'digital_io$359160991$5$pad'),
signal('digital_io$01563546391$5',pin,'digital_io$01563546391$5$pin'),
signal('digital_io$0151373186$6',pad,'digital_io$0151373186$6$pad'),
signal('digital_io$693364616$6',pin,'digital_io$693364616$6$pin'),
signal('digital_io$0661907363$7',pad,'digital_io$0661907363$7$pad'),
signal('digital_io$01344691673$7',pin,'digital_io$01344691673$7$pin'),
signal('pin_interrupt$504037229$0',PIN_INTERRUPT0sv0,'pin_interrupt$504037229$0$PIN_INTERRUPT0sv0'),
signal('pin_interrupt$01353729833$0',pad,'pin_interrupt$01353729833$0$pad'),
signal('pin_interrupt$504037229$0',tr,'pin_interrupt$504037229$0$tr'),
signal('pin_interrupt$1919814214$0',trin,'pin_interrupt$1919814214$0$trin'),
signal('pin_interrupt$1919814214$0',iout,'pin_interrupt$1919814214$0$iout'),
signal('pin_interrupt$371705443$0',signal_in,'pin_interrupt$371705443$0$signal_in'),
signal('pin_interrupt$01936049730$0',in,'pin_interrupt$01936049730$0$in'),
signal('pin_interrupt$01936049730$0',out,'pin_interrupt$01936049730$0$out'),
signal('pin_interrupt$1126006561$0',pin,'pin_interrupt$1126006561$0$pin'),
connected('cpu_ctrl_xmc4$39943779$0$pin','cpu_ctrl_xmc4$1445176365$0$pad',1),
connected('cpu_ctrl_xmc4$0268126521$0$pin','cpu_ctrl_xmc4$1540657681$0$pad',1),
connected('cpu_ctrl_xmc4$0268126520$0$pin','cpu_ctrl_xmc4$1540657682$0$pad',1),
connected('cpu_ctrl_xmc4$0268126519$0$pin','cpu_ctrl_xmc4$1540657683$0$pad',1),
connected('cpu_ctrl_xmc4$0268126518$0$pin','cpu_ctrl_xmc4$1540657684$0$pad',1),
connected('cpu_ctrl_xmc4$1445176365$0$pad','cpu_ctrl_xmc4$39943779$0$pin',1),
connected('cpu_ctrl_xmc4$1540657681$0$pad','cpu_ctrl_xmc4$0268126521$0$pin',1),
connected('cpu_ctrl_xmc4$1540657682$0$pad','cpu_ctrl_xmc4$0268126520$0$pin',1),
connected('cpu_ctrl_xmc4$1540657683$0$pad','cpu_ctrl_xmc4$0268126519$0$pin',1),
connected('cpu_ctrl_xmc4$1540657684$0$pad','cpu_ctrl_xmc4$0268126518$0$pin',1),
connected('cpu_ctrl_xmc4$1964564605$0$db_etm_traceclk','cpu_ctrl_xmc4$1445176365$0$hw_o',1),
connected('cpu_ctrl_xmc4$1964564605$0$db_etm_tracedata0','cpu_ctrl_xmc4$1540657681$0$hw_o',1),
connected('cpu_ctrl_xmc4$1964564605$0$db_etm_tracedata1','cpu_ctrl_xmc4$1540657682$0$hw_o',1),
connected('cpu_ctrl_xmc4$1964564605$0$db_etm_tracedata2','cpu_ctrl_xmc4$1540657683$0$hw_o',1),
connected('cpu_ctrl_xmc4$1964564605$0$db_etm_tracedata3','cpu_ctrl_xmc4$1540657684$0$hw_o',1),
connected('clock_xmc4$01551391625$0$fccu','global_ccu8$1465655520$0$clk',1),
connected('global_ccu8$1465655520$0$global_signal','pwm_ccu8$01113979708$0$global_signal',1),
connected('global_ccu8$1465655520$0$global_signal','pwm_ccu8$1142931299$1$global_signal',1),
connected('global_ccu8$1465655520$0$global_signal','pwm_ccu8$0895124990$2$global_signal',1),
connected('global_ccu8$1465655520$0$global_signal','pwm_ccu8$1361786017$3$global_signal',1),
connected('clock_xmc4$01551391625$0$fccu','global_ccu8$1476971647$1$clk',1),
connected('global_ccu8$1476971647$1$global_signal','pwm_ccu8$0676270272$4$global_signal',1),
connected('global_ccu8$1476971647$1$global_signal','pwm_ccu8$1580640735$5$global_signal',1),
connected('global_ccu8$1476971647$1$global_signal','pwm_ccu8$0457415554$6$global_signal',1),
connected('global_ccu8$1476971647$1$global_signal','pwm_ccu8$1799495453$7$global_signal',1),
connected('uart$0164365666$0$pin','uart$01053640812$0$pad',1),
connected('uart$0164365604$0$pin','uart$01053640750$0$pad',1),
connected('uart$02118624699$0$dout0','uart$01053640750$0$pad',1),
connected('uart$02118624699$0$alternate_receive_buffer_int','uart$01148723603$0$signal_in',1),
connected('uart$02118624699$0$standard_receive_buffer_int','uart$01148723603$0$signal_in',1),
connected('uart$02118624699$0$standard_transmit_buffer_int','uart$01148723541$0$signal_in',1),
connected('uart$01053640812$0$pad','uart$0164365666$0$pin',1),
connected('uart$01053640812$0$pad','uart$02118624699$0$dx0ins',1),
connected('uart$01053640750$0$pad','uart$0164365604$0$pin',1),
connected('spi_slave$912294912$0$pin','spi_slave$1145447222$0$pad',1),
connected('spi_slave$1438010906$0$pin','spi_slave$01333033692$0$pad',1),
connected('spi_slave$1074287872$0$pin','spi_slave$0403454326$0$pad',1),
connected('spi_slave$01073724151$0$pin','spi_slave$125532735$0$pad',1),
connected('spi_slave$01366864342$0$dout0','spi_slave$1145447222$0$pad',1),
connected('spi_slave$01366864342$0$alternate_receive_buffer_int','spi_slave$01881239128$0$signal_in',1),
connected('spi_slave$01366864342$0$standard_receive_buffer_int','spi_slave$01881239128$0$signal_in',1),
connected('spi_slave$01366864342$0$standard_transmit_buffer_int','spi_slave$01881239066$0$signal_in',1),
connected('spi_slave$1145447222$0$pad','spi_slave$912294912$0$pin',1),
connected('spi_slave$01333033692$0$pad','spi_slave$1438010906$0$pin',1),
connected('spi_slave$01333033692$0$pad','spi_slave$01366864342$0$dx0ins',1),
connected('spi_slave$0403454326$0$pad','spi_slave$1074287872$0$pin',1),
connected('spi_slave$0403454326$0$pad','spi_slave$01366864342$0$dx1ins',1),
connected('spi_slave$125532735$0$pad','spi_slave$01073724151$0$pin',1),
connected('spi_slave$125532735$0$pad','spi_slave$01366864342$0$dx2ins',1),
connected('clock_xmc4$01551391625$0$fccu','global_ccu4$01760137752$0$clk',1),
connected('encoder_posif$01512731969$0$pin','encoder_posif$0122803319$0$pad',1),
connected('encoder_posif$01508859622$0$pin','encoder_posif$01718583280$0$pad',1),
connected('encoder_posif$01508859621$0$pin','encoder_posif$01718583279$0$pad',1),
connected('encoder_posif$1605311928$0$st','encoder_posif$1605311925$0$gp2_unsync',1),
connected('encoder_posif$1605311928$0$st','encoder_posif$1605311927$0$gp1_unsync',1),
connected('encoder_posif$0809707646$0$out0','encoder_posif$1605311925$0$gp0_unsync',1),
connected('encoder_posif$0809707646$0$out1','encoder_posif$1605311925$0$gp1_unsync',1),
connected('encoder_posif$0809707646$0$out2','encoder_posif$1605311927$0$gp0_unsync',1),
connected('encoder_posif$0809707646$0$out5','encoder_posif$1605311928$0$gp0_unsync',1),
connected('encoder_posif$0122803319$0$pad','encoder_posif$01512731969$0$pin',1),
connected('encoder_posif$01718583280$0$pad','encoder_posif$01508859622$0$pin',1),
connected('encoder_posif$01718583280$0$pad','encoder_posif$0809707646$0$ipos0',1),
connected('encoder_posif$01718583279$0$pad','encoder_posif$01508859621$0$pin',1),
connected('encoder_posif$01718583279$0$pad','encoder_posif$0809707646$0$ipos1',1),
connected('global_ccu4$01760137752$0$global_signal','encoder_posif$1605311925$0$global_signal',1),
connected('global_ccu4$01760137752$0$global_signal','encoder_posif$1605311927$0$global_signal',1),
connected('global_ccu4$01760137752$0$global_signal','encoder_posif$1605311928$0$global_signal',1),
connected('clock_xmc4$01551391625$0$fccu','global_ccu4$01748821625$1$clk',1),
connected('encoder_posif$01182966208$1$pin','encoder_posif$227996618$1$pad',1),
connected('encoder_posif$01575866375$1$pin','encoder_posif$1579311663$1$pad',1),
connected('encoder_posif$01575866374$1$pin','encoder_posif$1579311664$1$pad',1),
connected('encoder_posif$760840057$1$st','encoder_posif$760840054$1$gp2_unsync',1),
connected('encoder_posif$760840057$1$st','encoder_posif$760840056$1$gp1_unsync',1),
connected('encoder_posif$1447203361$1$out0','encoder_posif$760840054$1$gp0_unsync',1),
connected('encoder_posif$1447203361$1$out1','encoder_posif$760840054$1$gp1_unsync',1),
connected('encoder_posif$1447203361$1$out2','encoder_posif$760840056$1$gp0_unsync',1),
connected('encoder_posif$1447203361$1$out5','encoder_posif$760840057$1$gp0_unsync',1),
connected('encoder_posif$227996618$1$pad','encoder_posif$01182966208$1$pin',1),
connected('encoder_posif$1579311663$1$pad','encoder_posif$01575866375$1$pin',1),
connected('encoder_posif$1579311663$1$pad','encoder_posif$1447203361$1$ipos0',1),
connected('encoder_posif$1579311664$1$pad','encoder_posif$01575866374$1$pin',1),
connected('encoder_posif$1579311664$1$pad','encoder_posif$1447203361$1$ipos1',1),
connected('global_ccu4$01748821625$1$global_signal','encoder_posif$760840054$1$global_signal',1),
connected('global_ccu4$01748821625$1$global_signal','encoder_posif$760840056$1$global_signal',1),
connected('global_ccu4$01748821625$1$global_signal','encoder_posif$760840057$1$global_signal',1),
connected('analog_io$0459569530$0$pad','adc_measurement_adv$1424598793$0$gch',1),
connected('analog_io$0970103707$1$pad','adc_measurement_adv$1212889708$0$gch',1),
connected('analog_io$01480637884$2$pad','adc_measurement_adv$1212889704$0$gch',1),
connected('analog_io$01991172061$3$pad','adc_measurement_adv$1424598801$0$gch',1),
connected('analog_io$1793261058$4$pad','adc_measurement_adv$1424598797$0$gch',1),
connected('adc_measurement_adv$1424598793$0$res_sel','adc_measurement_adv$0461604565$0$res_sel',1),
connected('adc_measurement_adv$1212889704$0$res_sel','adc_measurement_adv$0461604562$0$res_sel',1),
connected('adc_measurement_adv$1212889708$0$res_sel','adc_measurement_adv$0461604561$0$res_sel',1),
connected('adc_measurement_adv$1424598797$0$res_sel','adc_measurement_adv$0461604564$0$res_sel',1),
connected('adc_measurement_adv$1424598801$0$res_sel','adc_measurement_adv$0461604563$0$res_sel',1),
connected('adc_measurement_adv$248008525$0$ch_class_sel','adc_measurement_adv$1424598793$0$iclass_sel',1),
connected('adc_measurement_adv$248008525$0$ch_class_sel','adc_measurement_adv$1424598797$0$iclass_sel',1),
connected('adc_measurement_adv$248008525$0$ch_class_sel','adc_measurement_adv$1424598801$0$iclass_sel',1),
connected('adc_measurement_adv$248008525$0$ch_class_sel','adc_measurement_adv$1212889704$0$iclass_sel',1),
connected('adc_measurement_adv$248008525$0$ch_class_sel','adc_measurement_adv$1212889708$0$iclass_sel',1),
connected('adc_measurement_adv$431302940$0$class_sel','adc_measurement_adv$248008525$0$scan_class_sel',1),
connected('global_adc$1790945385$0$global_signal','adc_measurement_adv$431302940$0$global_signal',1),
connected('analog_io$01694626416$0$pin','analog_io$0459569530$0$pad',1),
connected('analog_io$0459569530$0$pad','analog_io$01694626416$0$pin',1),
connected('analog_io$562284591$1$pin','analog_io$0970103707$1$pad',1),
connected('analog_io$0970103707$1$pad','analog_io$562284591$1$pin',1),
connected('analog_io$01475771698$2$pin','analog_io$01480637884$2$pad',1),
connected('analog_io$01480637884$2$pad','analog_io$01475771698$2$pin',1),
connected('analog_io$781139309$3$pin','analog_io$01991172061$3$pad',1),
connected('analog_io$01991172061$3$pad','analog_io$781139309$3$pin',1),
connected('analog_io$01256916980$4$pin','analog_io$1793261058$4$pad',1),
connected('analog_io$1793261058$4$pad','analog_io$01256916980$4$pin',1),
connected('analog_io$01889477709$10$pad','adc_measurement_adv$0276141682$1$gch',1),
connected('analog_io$1894955410$11$pad','adc_measurement_adv$0276141686$1$gch',1),
connected('analog_io$1282726881$5$pad','adc_measurement_adv$29542413$1$gch',1),
connected('analog_io$772192704$6$pad','adc_measurement_adv$29542412$1$gch',1),
connected('analog_io$261658527$7$pad','adc_measurement_adv$29542411$1$gch',1),
connected('analog_io$0248875650$8$pad','adc_measurement_adv$29542407$1$gch',1),
connected('analog_io$0759409827$9$pad','adc_measurement_adv$0276141678$1$gch',1),
connected('adc_measurement_adv$0276141686$1$res_sel','adc_measurement_adv$1509334892$1$res_sel',1),
connected('adc_measurement_adv$29542407$1$res_sel','adc_measurement_adv$1509334895$1$res_sel',1),
connected('adc_measurement_adv$29542411$1$res_sel','adc_measurement_adv$1509334896$1$res_sel',1),
connected('adc_measurement_adv$29542412$1$res_sel','adc_measurement_adv$1509334897$1$res_sel',1),
connected('adc_measurement_adv$29542413$1$res_sel','adc_measurement_adv$1509334898$1$res_sel',1),
connected('adc_measurement_adv$0276141682$1$res_sel','adc_measurement_adv$1509334893$1$res_sel',1),
connected('adc_measurement_adv$0276141678$1$res_sel','adc_measurement_adv$1509334894$1$res_sel',1),
connected('adc_measurement_adv$1492773006$1$ch_class_sel','adc_measurement_adv$0276141686$1$iclass_sel',1),
connected('adc_measurement_adv$1492773006$1$ch_class_sel','adc_measurement_adv$0276141682$1$iclass_sel',1),
connected('adc_measurement_adv$1492773006$1$ch_class_sel','adc_measurement_adv$0276141678$1$iclass_sel',1),
connected('adc_measurement_adv$1492773006$1$ch_class_sel','adc_measurement_adv$29542407$1$iclass_sel',1),
connected('adc_measurement_adv$1492773006$1$ch_class_sel','adc_measurement_adv$29542411$1$iclass_sel',1),
connected('adc_measurement_adv$1492773006$1$ch_class_sel','adc_measurement_adv$29542412$1$iclass_sel',1),
connected('adc_measurement_adv$1492773006$1$ch_class_sel','adc_measurement_adv$29542413$1$iclass_sel',1),
connected('adc_measurement_adv$1784612637$1$class_sel','adc_measurement_adv$1492773006$1$scan_class_sel',1),
connected('global_adc$1790945385$0$global_signal','adc_measurement_adv$1784612637$1$global_signal',1),
connected('analog_io$999994027$5$pin','analog_io$1282726881$5$pad',1),
connected('analog_io$1282726881$5$pad','analog_io$999994027$5$pin',1),
connected('analog_io$01038062262$6$pin','analog_io$772192704$6$pad',1),
connected('analog_io$772192704$6$pad','analog_io$01038062262$6$pin',1),
connected('analog_io$1218848745$7$pin','analog_io$261658527$7$pad',1),
connected('analog_io$261658527$7$pad','analog_io$1218848745$7$pin',1),
connected('analog_io$0819207544$8$pin','analog_io$0248875650$8$pad',1),
connected('analog_io$0248875650$8$pad','analog_io$0819207544$8$pin',1),
connected('analog_io$1437703463$9$pin','analog_io$0759409827$9$pad',1),
connected('analog_io$0759409827$9$pad','analog_io$1437703463$9$pin',1),
connected('analog_io$472386813$10$pin','analog_io$01889477709$10$pad',1),
connected('analog_io$01889477709$10$pad','analog_io$472386813$10$pin',1),
connected('analog_io$01565669476$11$pin','analog_io$1894955410$11$pad',1),
connected('analog_io$1894955410$11$pad','analog_io$01565669476$11$pin',1),
connected('digital_io$02001255827$1$pin','digital_io$01893669597$1$pad',1),
connected('digital_io$01893669597$1$pad','digital_io$02001255827$1$pin',1),
connected('digital_io$255655180$2$pin','digital_io$1890763522$2$pad',1),
connected('digital_io$1890763522$2$pad','digital_io$255655180$2$pin',1),
connected('digital_io$01782401109$3$pin','digital_io$1380229345$3$pad',1),
connected('digital_io$1380229345$3$pad','digital_io$01782401109$3$pin',1),
connected('digital_io$474509898$4$pin','digital_io$869695168$4$pad',1),
connected('digital_io$869695168$4$pad','digital_io$474509898$4$pin',1),
connected('digital_io$01563546391$5$pin','digital_io$359160991$5$pad',1),
connected('digital_io$359160991$5$pad','digital_io$01563546391$5$pin',1),
connected('digital_io$693364616$6$pin','digital_io$0151373186$6$pad',1),
connected('digital_io$0151373186$6$pad','digital_io$693364616$6$pin',1),
connected('digital_io$01344691673$7$pin','digital_io$0661907363$7$pad',1),
connected('digital_io$0661907363$7$pad','digital_io$01344691673$7$pin',1),
connected('pin_interrupt$1126006561$0$pin','pin_interrupt$01353729833$0$pad',1),
connected('pin_interrupt$504037229$0$tr','pin_interrupt$1919814214$0$trin',1),
connected('pin_interrupt$01936049730$0$out','pin_interrupt$371705443$0$signal_in',1),
connected('pin_interrupt$01353729833$0$pad','pin_interrupt$1126006561$0$pin',1),
connected('pin_interrupt$01353729833$0$pad','pin_interrupt$504037229$0$PIN_INTERRUPT0sv0',1),
connected('pin_interrupt$1919814214$0$iout','pin_interrupt$01936049730$0$in',1),
register_value('cpu_ctrl_xmc4$1540657684$0',iocr_oe,1),
rg_constraint_property_value('cpu_ctrl_xmc4$1540657684$0', speed_class of rg_property, ['A2']),
uri_element_range(ADC_MEASUREMENT_ADV1sv39,[result, result_adv, result_filter]),
uri_element_range(ADC_MEASUREMENT_ADV0sv30,[result, result_adv, result_filter]),
uri_element_range(ANALOG_IO1sv0,[14, 15]),
register_value('cpu_ctrl_xmc4$1540657682$0',iocr_oe,1),
rg_constraint_property_value('cpu_ctrl_xmc4$1540657682$0', speed_class of rg_property, ['A2']),
uri_element_range(ADC_MEASUREMENT_ADV0sv24,[result, result_adv, result_filter]),
uri_element_range(ANALOG_IO11sv0,[14, 15]),
uri_element_range(DIGITAL_IO1sv0,[0, 1, 2, 3, 4, 5, 6, 7, 8, 9, 14, 15]),
uri_element_range(ANALOG_IO10sv0,[14, 15]),
register_value('uart$02118624699$0',ccr_hpcen,0),
register_value('uart$02118624699$0',tbctr_size,4),
register_value('uart$02118624699$0',rbctr_size,4),
uri_element_range(ADC_MEASUREMENT_ADV1sv21,[result, result_adv, result_filter]),
uri_element_range(ADC_MEASUREMENT_ADV1sv27,[result, result_adv, result_filter]),
uri_element_range(ANALOG_IO3sv0,[14, 15]),
uri_element_range(ADC_MEASUREMENT_ADV1sv33,[result, result_adv, result_filter]),
uri_element_range(DIGITAL_IO4sv0,[0, 1, 2, 3, 4, 5, 6, 7, 8, 9, 14, 15]),
uri_element_range(PIN_INTERRUPT0sv0,[a, b]),
uri_element_range(ANALOG_IO9sv0,[14, 15]),
uri_element_range(ANALOG_IO0sv0,[14, 15]),
uri_element_range(DIGITAL_IO7sv0,[0, 1, 2, 3, 4, 5, 6, 7, 8, 9, 14, 15]),
uri_element_range(ANALOG_IO7sv0,[14, 15]),
uri_element_range(ANALOG_IO6sv0,[14, 15]),
rg_constraint_property_value('uart$01053640750$0', speed_class of rg_property, ['A1','A1+','A2']),
uri_element_range(ADC_MEASUREMENT_ADV0sv33,[result, result_adv, result_filter]),
register_value('cpu_ctrl_xmc4$1540657683$0',iocr_oe,1),
rg_constraint_property_value('cpu_ctrl_xmc4$1540657683$0', speed_class of rg_property, ['A2']),
uri_element_range(ANALOG_IO5sv0,[14, 15]),
uri_element_range(ADC_MEASUREMENT_ADV0sv27,[result, result_adv, result_filter]),
register_value('cpu_ctrl_xmc4$1540657681$0',iocr_oe,1),
rg_constraint_property_value('cpu_ctrl_xmc4$1540657681$0', speed_class of rg_property, ['A2']),
uri_element_range(ANALOG_IO8sv0,[14, 15]),
uri_element_range(ADC_MEASUREMENT_ADV0sv21,[result, result_adv, result_filter]),
uri_element_range(DIGITAL_IO6sv0,[0, 1, 2, 3, 4, 5, 6, 7, 8, 9, 14, 15]),
uri_element_range(DIGITAL_IO5sv0,[0, 1, 2, 3, 4, 5, 6, 7, 8, 9, 14, 15]),
uri_element_range(DIGITAL_IO3sv0,[0, 1, 2, 3, 4, 5, 6, 7, 8, 9, 14, 15]),
uri_element_range(DIGITAL_IO2sv0,[0, 1, 2, 3, 4, 5, 6, 7, 8, 9, 14, 15]),
rg_constraint_property_value('spi_slave$1145447222$0', speed_class of rg_property, ['A1+','A2']),
uri_element_range(ADC_MEASUREMENT_ADV1sv24,[result, result_adv, result_filter]),
uri_element_range(ADC_MEASUREMENT_ADV1sv30,[result, result_adv, result_filter]),
uri_element_range(ADC_MEASUREMENT_ADV1sv36,[result, result_adv, result_filter]),
uri_element_range(ANALOG_IO4sv0,[14, 15]),
register_value('cpu_ctrl_xmc4$1445176365$0',iocr_oe,1),
rg_constraint_property_value('cpu_ctrl_xmc4$1445176365$0', speed_class of rg_property, ['A2']),
register_value('spi_slave$01366864342$0',ccr_hpcen,0),
register_value('spi_slave$01366864342$0',tbctr_size,4),
register_value('spi_slave$01366864342$0',rbctr_size,4),
uri_element_range(ANALOG_IO2sv0,[14, 15])],'encoder_posif$01575866375$1',Result),15,writeln(timeout),all_solution, Timer, Due, Remainder).



Jul 07, 2026 11:39:33 PM java.util.logging.LogManager$RootLogger log
INFO: 
End of solver : getFeasiblePins() :  Difference in ms 717


Jul 07, 2026 11:39:33 PM java.util.logging.LogManager$RootLogger log
INFO: [/devicepackage/0/35, /devicepackage/0/109, /devicepackage/0/69, /devicepackage/0/11]


Jul 07, 2026 11:39:37 PM java.util.logging.LogManager$RootLogger log
INFO: Start of solver :getFeasiblePins() : Tue Jul 07 23:39:37 CEST 2026


Jul 07, 2026 11:39:37 PM java.util.logging.LogManager$RootLogger log
INFO: 
timeout(ask_feasible_mapping([reserved([cpu,0,exception,nmi],'cpu_ctrl_xmc4$01637679009$0'),
reserved([cpu,0,exception,hardfault],'cpu_ctrl_xmc4$0571328980$0'),
reserved([cpu,0,exception,memmanage],'cpu_ctrl_xmc4$1768468879$0'),
reserved([cpu,0,exception,busfault],'cpu_ctrl_xmc4$1763234541$0'),
reserved([cpu,0,exception,usagefault],'cpu_ctrl_xmc4$1814460844$0'),
reserved([cpu,0,debug],'cpu_ctrl_xmc4$1964564605$0'),
reserved([debug_port,_,pad,_],'cpu_ctrl_xmc4$01540614004$0'),
reserved([debug_port,_,pad,_],'cpu_ctrl_xmc4$01540614322$0'),
reserved([p,_,pad,_],'cpu_ctrl_xmc4$1445176365$0'),
reserved([p,_,pad,_],'cpu_ctrl_xmc4$1540657681$0'),
reserved([p,_,pad,_],'cpu_ctrl_xmc4$1540657682$0'),
reserved([p,_,pad,_],'cpu_ctrl_xmc4$1540657683$0'),
reserved([p,_,pad,_],'cpu_ctrl_xmc4$1540657684$0'),
reserved([devicepackage,0,_],'cpu_ctrl_xmc4$39943779$0'),
reserved([devicepackage,0,_],'cpu_ctrl_xmc4$0268126521$0'),
reserved([devicepackage,0,_],'cpu_ctrl_xmc4$0268126520$0'),
reserved([devicepackage,0,_],'cpu_ctrl_xmc4$0268126519$0'),
reserved([devicepackage,0,_],'cpu_ctrl_xmc4$0268126518$0'),
reserved([ccu8,GLOBAL_CCU80sv0,global],'global_ccu8$1465655520$0'),
reserved([scu,_,gcu,ccu8_global_enable,GLOBAL_CCU80sv0],'global_ccu8$1118816002$0'),
reserved([scu,0,clkctrl,0,pll],'clock_xmc4$01551378862$0'),
reserved([scu,0,clkctrl,0,sys],'clock_xmc4$01551375569$0'),
reserved([scu,0,clkctrl,0,cpu],'clock_xmc4$01551391222$0'),
reserved([scu,0,clkctrl,0,perbridge],'clock_xmc4$494804424$0'),
reserved([scu,0,clkctrl,0,ebu],'clock_xmc4$01551389734$0'),
reserved([scu,0,clkctrl,0,ccu],'clock_xmc4$01551391625$0'),
reserved([scu,0,clkctrl,0,wdt],'clock_xmc4$01551372375$0'),
reserved([scu,0,clkctrl,0,usb],'clock_xmc4$01551373850$0'),
reserved([scu,0,clkctrl,0,sdmmc],'clock_xmc4$01551381723$0'),
reserved([scu,0,pwrctrl,0,hibernate],'clock_xmc4$0778278092$0'),
reserved([scu,0,rtcclksel],'clock_xmc4$1142722683$0'),
reserved([scu,0,trap,0,sysoscwd],'clock_xmc4$1091210735$0'),
reserved([scu,0,trap,0,sysvcolock],'clock_xmc4$1586947406$0'),
reserved([scu,0,trap,0,usbvcolock],'clock_xmc4$0261647995$0'),
reserved([scu,0,trap,0,ulpwdg],'clock_xmc4$01047137491$0'),
reserved([ccu8,_,cc8,_],'pwm_ccu8$01113979708$0'),
reserved([ccu8,_,cc8,_],'pwm_ccu8$1142931299$1'),
reserved([ccu8,_,cc8,_],'pwm_ccu8$0895124990$2'),
reserved([ccu8,_,cc8,_],'pwm_ccu8$1361786017$3'),
reserved([ccu8,GLOBAL_CCU81sv0,global],'global_ccu8$1476971647$1'),
reserved([scu,_,gcu,ccu8_global_enable,GLOBAL_CCU81sv0],'global_ccu8$0581924477$1'),
reserved([ccu8,_,cc8,_],'pwm_ccu8$0676270272$4'),
reserved([ccu8,_,cc8,_],'pwm_ccu8$1580640735$5'),
reserved([ccu8,_,cc8,_],'pwm_ccu8$0457415554$6'),
reserved([ccu8,_,cc8,_],'pwm_ccu8$1799495453$7'),
reserved([usic,_,channel,_],'uart$02118624699$0'),
reserved([p,_,pad,_],'uart$01053640812$0'),
reserved([p,_,pad,_],'uart$01053640750$0'),
reserved([cpu,0,nvic,interrupt,_],'uart$01148723541$0'),
reserved([cpu,0,nvic,interrupt,_],'uart$01148723603$0'),
reserved([devicepackage,0,_],'uart$0164365666$0'),
reserved([devicepackage,0,_],'uart$0164365604$0'),
reserved([usic,_,channel,_],'spi_slave$01366864342$0'),
reserved([p,_,pad,_],'spi_slave$01333033692$0'),
reserved([p,_,pad,_],'spi_slave$1145447222$0'),
reserved([p,_,pad,_],'spi_slave$0403454326$0'),
reserved([p,_,pad,_],'spi_slave$125532735$0'),
reserved([cpu,0,nvic,interrupt,_],'spi_slave$01881239066$0'),
reserved([cpu,0,nvic,interrupt,_],'spi_slave$01881239128$0'),
reserved([devicepackage,0,_],'spi_slave$1438010906$0'),
reserved([devicepackage,0,_],'spi_slave$912294912$0'),
reserved([devicepackage,0,_],'spi_slave$1074287872$0'),
reserved([devicepackage,0,_],'spi_slave$01073724151$0'),
reserved([ccu4,GLOBAL_CCU40sv0,global],'global_ccu4$01760137752$0'),
reserved([scu,_,gcu,ccu4_global_enable,GLOBAL_CCU40sv0],'global_ccu4$89752826$0'),
reserved([posif,_,posif,global],'global_posif$096723225$0'),
reserved([p,_,pad,_],'encoder_posif$01718583280$0'),
reserved([p,_,pad,_],'encoder_posif$01718583279$0'),
reserved([p,_,pad,_],'encoder_posif$0122803319$0'),
reserved([posif,_,posif,hsc_qd],'encoder_posif$0809707646$0'),
reserved([ccu4,_,cc4,_],'encoder_posif$1605311925$0'),
reserved([ccu4,_,cc4,_],'encoder_posif$1605311927$0'),
reserved([ccu4,_,cc4,_],'encoder_posif$1605311928$0'),
reserved([devicepackage,0,_],'encoder_posif$01508859622$0'),
reserved([devicepackage,0,_],'encoder_posif$01508859621$0'),
reserved([devicepackage,0,_],'encoder_posif$01512731969$0'),
reserved([ccu4,GLOBAL_CCU41sv0,global],'global_ccu4$01748821625$1'),
reserved([scu,_,gcu,ccu4_global_enable,GLOBAL_CCU41sv0],'global_ccu4$01610987653$1'),
reserved([p,_,pad,_],'encoder_posif$1579311663$1'),
reserved([p,_,pad,_],'encoder_posif$1579311664$1'),
reserved([p,_,pad,_],'encoder_posif$227996618$1'),
reserved([posif,_,posif,hsc_qd],'encoder_posif$1447203361$1'),
reserved([ccu4,_,cc4,_],'encoder_posif$760840054$1'),
reserved([ccu4,_,cc4,_],'encoder_posif$760840056$1'),
reserved([ccu4,_,cc4,_],'encoder_posif$760840057$1'),
reserved([devicepackage,0,_],'encoder_posif$01575866375$1'),
reserved([devicepackage,0,_],'encoder_posif$01575866374$1'),
reserved([devicepackage,0,_],'encoder_posif$01182966208$1'),
reserved([vadc,_,global_limits],'global_adc$01890798523$0'),
reserved([vadc,_,global],'global_adc$1790945385$0'),
reserved([vadc,_,group,0,config],'global_adc$1796505175$0'),
reserved([vadc,_,group,1,config],'global_adc$1796505176$0'),
reserved([vadc,_,group,2,config],'global_adc$1796505177$0'),
reserved([vadc,_,group,3,config],'global_adc$1796505178$0'),
reserved([vadc,0,group,_,ch,ADC_MEASUREMENT_ADV0sv0],'adc_measurement_adv$1424598793$0'),
reserved([vadc,0,group,_,ch,ADC_MEASUREMENT_ADV0sv4],'adc_measurement_adv$1424598797$0'),
reserved([vadc,0,group,_,ch,ADC_MEASUREMENT_ADV0sv8],'adc_measurement_adv$1424598801$0'),
reserved([vadc,0,group,_,ch,ADC_MEASUREMENT_ADV0sv12],'adc_measurement_adv$1212889704$0'),
reserved([vadc,0,group,_,ch,ADC_MEASUREMENT_ADV0sv16],'adc_measurement_adv$1212889708$0'),
reserved([vadc,0,group,ADC_MEASUREMENT_ADV0sv20,ADC_MEASUREMENT_ADV0sv21,ADC_MEASUREMENT_ADV0sv22],'adc_measurement_adv$0461604565$0'),
reserved([vadc,0,group,ADC_MEASUREMENT_ADV0sv23,ADC_MEASUREMENT_ADV0sv24,ADC_MEASUREMENT_ADV0sv25],'adc_measurement_adv$0461604564$0'),
reserved([vadc,0,group,ADC_MEASUREMENT_ADV0sv26,ADC_MEASUREMENT_ADV0sv27,ADC_MEASUREMENT_ADV0sv28],'adc_measurement_adv$0461604563$0'),
reserved([vadc,0,group,ADC_MEASUREMENT_ADV0sv29,ADC_MEASUREMENT_ADV0sv30,ADC_MEASUREMENT_ADV0sv31],'adc_measurement_adv$0461604562$0'),
reserved([vadc,0,group,ADC_MEASUREMENT_ADV0sv32,ADC_MEASUREMENT_ADV0sv33,ADC_MEASUREMENT_ADV0sv34],'adc_measurement_adv$0461604561$0'),
reserved([vadc,_,group,_,scan],'adc_measurement_adv$431302940$0'),
reserved([vadc,_,group,_,class,_],'adc_measurement_adv$248008525$0'),
reserved([p,ANALOG_IO0sv0,pad,_],'analog_io$0459569530$0'),
reserved([devicepackage,0,_],'analog_io$01694626416$0'),
reserved([p,ANALOG_IO1sv0,pad,_],'analog_io$0970103707$1'),
reserved([devicepackage,0,_],'analog_io$562284591$1'),
reserved([p,ANALOG_IO2sv0,pad,_],'analog_io$01480637884$2'),
reserved([devicepackage,0,_],'analog_io$01475771698$2'),
reserved([p,ANALOG_IO3sv0,pad,_],'analog_io$01991172061$3'),
reserved([devicepackage,0,_],'analog_io$781139309$3'),
reserved([p,ANALOG_IO4sv0,pad,_],'analog_io$1793261058$4'),
reserved([devicepackage,0,_],'analog_io$01256916980$4'),
reserved([vadc,0,group,_,ch,ADC_MEASUREMENT_ADV1sv0],'adc_measurement_adv$0276141686$1'),
reserved([vadc,0,group,_,ch,ADC_MEASUREMENT_ADV1sv4],'adc_measurement_adv$0276141682$1'),
reserved([vadc,0,group,_,ch,ADC_MEASUREMENT_ADV1sv8],'adc_measurement_adv$0276141678$1'),
reserved([vadc,0,group,_,ch,ADC_MEASUREMENT_ADV1sv12],'adc_measurement_adv$29542407$1'),
reserved([vadc,0,group,_,ch,ADC_MEASUREMENT_ADV1sv16],'adc_measurement_adv$29542411$1'),
reserved([vadc,0,group,_,ch,ADC_MEASUREMENT_ADV1sv17],'adc_measurement_adv$29542412$1'),
reserved([vadc,0,group,_,ch,ADC_MEASUREMENT_ADV1sv18],'adc_measurement_adv$29542413$1'),
reserved([vadc,0,group,ADC_MEASUREMENT_ADV1sv20,ADC_MEASUREMENT_ADV1sv21,ADC_MEASUREMENT_ADV1sv22],'adc_measurement_adv$1509334892$1'),
reserved([vadc,0,group,ADC_MEASUREMENT_ADV1sv23,ADC_MEASUREMENT_ADV1sv24,ADC_MEASUREMENT_ADV1sv25],'adc_measurement_adv$1509334893$1'),
reserved([vadc,0,group,ADC_MEASUREMENT_ADV1sv26,ADC_MEASUREMENT_ADV1sv27,ADC_MEASUREMENT_ADV1sv28],'adc_measurement_adv$1509334894$1'),
reserved([vadc,0,group,ADC_MEASUREMENT_ADV1sv29,ADC_MEASUREMENT_ADV1sv30,ADC_MEASUREMENT_ADV1sv31],'adc_measurement_adv$1509334895$1'),
reserved([vadc,0,group,ADC_MEASUREMENT_ADV1sv32,ADC_MEASUREMENT_ADV1sv33,ADC_MEASUREMENT_ADV1sv34],'adc_measurement_adv$1509334896$1'),
reserved([vadc,0,group,ADC_MEASUREMENT_ADV1sv35,ADC_MEASUREMENT_ADV1sv36,ADC_MEASUREMENT_ADV1sv37],'adc_measurement_adv$1509334897$1'),
reserved([vadc,0,group,ADC_MEASUREMENT_ADV1sv38,ADC_MEASUREMENT_ADV1sv39,ADC_MEASUREMENT_ADV1sv40],'adc_measurement_adv$1509334898$1'),
reserved([vadc,_,group,_,scan],'adc_measurement_adv$1784612637$1'),
reserved([vadc,_,group,_,class,_],'adc_measurement_adv$1492773006$1'),
reserved([p,ANALOG_IO5sv0,pad,_],'analog_io$1282726881$5'),
reserved([devicepackage,0,_],'analog_io$999994027$5'),
reserved([p,ANALOG_IO6sv0,pad,_],'analog_io$772192704$6'),
reserved([devicepackage,0,_],'analog_io$01038062262$6'),
reserved([p,ANALOG_IO7sv0,pad,_],'analog_io$261658527$7'),
reserved([devicepackage,0,_],'analog_io$1218848745$7'),
reserved([p,ANALOG_IO8sv0,pad,_],'analog_io$0248875650$8'),
reserved([devicepackage,0,_],'analog_io$0819207544$8'),
reserved([p,ANALOG_IO9sv0,pad,_],'analog_io$0759409827$9'),
reserved([devicepackage,0,_],'analog_io$1437703463$9'),
reserved([p,ANALOG_IO10sv0,pad,_],'analog_io$01889477709$10'),
reserved([devicepackage,0,_],'analog_io$472386813$10'),
reserved([p,ANALOG_IO11sv0,pad,_],'analog_io$1894955410$11'),
reserved([devicepackage,0,_],'analog_io$01565669476$11'),
reserved([p,DIGITAL_IO1sv0,pad,_],'digital_io$01893669597$1'),
reserved([devicepackage,0,_],'digital_io$02001255827$1'),
reserved([p,DIGITAL_IO2sv0,pad,_],'digital_io$1890763522$2'),
reserved([devicepackage,0,_],'digital_io$255655180$2'),
reserved([p,DIGITAL_IO3sv0,pad,_],'digital_io$1380229345$3'),
reserved([devicepackage,0,_],'digital_io$01782401109$3'),
reserved([p,DIGITAL_IO4sv0,pad,_],'digital_io$869695168$4'),
reserved([devicepackage,0,_],'digital_io$474509898$4'),
reserved([p,DIGITAL_IO5sv0,pad,_],'digital_io$359160991$5'),
reserved([devicepackage,0,_],'digital_io$01563546391$5'),
reserved([p,DIGITAL_IO6sv0,pad,_],'digital_io$0151373186$6'),
reserved([devicepackage,0,_],'digital_io$693364616$6'),
reserved([p,DIGITAL_IO7sv0,pad,_],'digital_io$0661907363$7'),
reserved([devicepackage,0,_],'digital_io$01344691673$7'),
reserved([cpu,0,nvic,interrupt,_],'pin_interrupt$371705443$0'),
reserved([p,_,pad,_],'pin_interrupt$01353729833$0'),
reserved([eru,_,ers_etl,_],'pin_interrupt$504037229$0'),
reserved([eru,_,ogu,_],'pin_interrupt$1919814214$0'),
reserved([scu,_,gcu,interrupt,erunmi,_],'pin_interrupt$01936049730$0'),
reserved([devicepackage,0,_],'pin_interrupt$1126006561$0'),
signal('cpu_ctrl_xmc4$01637679009$0',nmi_in,'cpu_ctrl_xmc4$01637679009$0$nmi_in'),
signal('cpu_ctrl_xmc4$1964564605$0',db_tck,'cpu_ctrl_xmc4$1964564605$0$db_tck'),
signal('cpu_ctrl_xmc4$1964564605$0',db_tms,'cpu_ctrl_xmc4$1964564605$0$db_tms'),
signal('cpu_ctrl_xmc4$1964564605$0',db_etm_traceclk,'cpu_ctrl_xmc4$1964564605$0$db_etm_traceclk'),
signal('cpu_ctrl_xmc4$1964564605$0',db_etm_tracedata0,'cpu_ctrl_xmc4$1964564605$0$db_etm_tracedata0'),
signal('cpu_ctrl_xmc4$1964564605$0',db_etm_tracedata1,'cpu_ctrl_xmc4$1964564605$0$db_etm_tracedata1'),
signal('cpu_ctrl_xmc4$1964564605$0',db_etm_tracedata2,'cpu_ctrl_xmc4$1964564605$0$db_etm_tracedata2'),
signal('cpu_ctrl_xmc4$1964564605$0',db_etm_tracedata3,'cpu_ctrl_xmc4$1964564605$0$db_etm_tracedata3'),
signal('cpu_ctrl_xmc4$1445176365$0',hw_o,'cpu_ctrl_xmc4$1445176365$0$hw_o'),
signal('cpu_ctrl_xmc4$1445176365$0',pad,'cpu_ctrl_xmc4$1445176365$0$pad'),
signal('cpu_ctrl_xmc4$1540657681$0',hw_o,'cpu_ctrl_xmc4$1540657681$0$hw_o'),
signal('cpu_ctrl_xmc4$1540657681$0',pad,'cpu_ctrl_xmc4$1540657681$0$pad'),
signal('cpu_ctrl_xmc4$1540657682$0',hw_o,'cpu_ctrl_xmc4$1540657682$0$hw_o'),
signal('cpu_ctrl_xmc4$1540657682$0',pad,'cpu_ctrl_xmc4$1540657682$0$pad'),
signal('cpu_ctrl_xmc4$1540657683$0',hw_o,'cpu_ctrl_xmc4$1540657683$0$hw_o'),
signal('cpu_ctrl_xmc4$1540657683$0',pad,'cpu_ctrl_xmc4$1540657683$0$pad'),
signal('cpu_ctrl_xmc4$1540657684$0',hw_o,'cpu_ctrl_xmc4$1540657684$0$hw_o'),
signal('cpu_ctrl_xmc4$1540657684$0',pad,'cpu_ctrl_xmc4$1540657684$0$pad'),
signal('cpu_ctrl_xmc4$39943779$0',pin,'cpu_ctrl_xmc4$39943779$0$pin'),
signal('cpu_ctrl_xmc4$0268126521$0',pin,'cpu_ctrl_xmc4$0268126521$0$pin'),
signal('cpu_ctrl_xmc4$0268126520$0',pin,'cpu_ctrl_xmc4$0268126520$0$pin'),
signal('cpu_ctrl_xmc4$0268126519$0',pin,'cpu_ctrl_xmc4$0268126519$0$pin'),
signal('cpu_ctrl_xmc4$0268126518$0',pin,'cpu_ctrl_xmc4$0268126518$0$pin'),
signal('global_ccu8$1465655520$0',global_signal,'global_ccu8$1465655520$0$global_signal'),
signal('global_ccu8$1465655520$0',clk,'global_ccu8$1465655520$0$clk'),
signal('global_ccu8$1118816002$0',gsc_enable,'global_ccu8$1118816002$0$gsc_enable'),
signal('clock_xmc4$494804424$0',fpb,'clock_xmc4$494804424$0$fpb'),
signal('clock_xmc4$01551391625$0',fccu,'clock_xmc4$01551391625$0$fccu'),
signal('pwm_ccu8$01113979708$0',global_signal,'pwm_ccu8$01113979708$0$global_signal'),
signal('pwm_ccu8$01113979708$0',st,'pwm_ccu8$01113979708$0$st'),
signal('pwm_ccu8$01113979708$0',sta,'pwm_ccu8$01113979708$0$sta'),
signal('pwm_ccu8$01113979708$0',stb,'pwm_ccu8$01113979708$0$stb'),
signal('pwm_ccu8$01113979708$0',out0,'pwm_ccu8$01113979708$0$out0'),
signal('pwm_ccu8$01113979708$0',out1,'pwm_ccu8$01113979708$0$out1'),
signal('pwm_ccu8$01113979708$0',out2,'pwm_ccu8$01113979708$0$out2'),
signal('pwm_ccu8$01113979708$0',out3,'pwm_ccu8$01113979708$0$out3'),
signal('pwm_ccu8$01113979708$0',gp0_unsync,'pwm_ccu8$01113979708$0$gp0_unsync'),
signal('pwm_ccu8$01113979708$0',gp1_unsync,'pwm_ccu8$01113979708$0$gp1_unsync'),
signal('pwm_ccu8$01113979708$0',gp2_unsync,'pwm_ccu8$01113979708$0$gp2_unsync'),
signal('pwm_ccu8$01113979708$0',gp0,'pwm_ccu8$01113979708$0$gp0'),
signal('pwm_ccu8$01113979708$0',gp1,'pwm_ccu8$01113979708$0$gp1'),
signal('pwm_ccu8$01113979708$0',gp2,'pwm_ccu8$01113979708$0$gp2'),
signal('pwm_ccu8$01113979708$0',ps,'pwm_ccu8$01113979708$0$ps'),
signal('pwm_ccu8$01113979708$0',mci0,'pwm_ccu8$01113979708$0$mci0'),
signal('pwm_ccu8$01113979708$0',mci1,'pwm_ccu8$01113979708$0$mci1'),
signal('pwm_ccu8$01113979708$0',mci2,'pwm_ccu8$01113979708$0$mci2'),
signal('pwm_ccu8$01113979708$0',mci3,'pwm_ccu8$01113979708$0$mci3'),
signal('pwm_ccu8$01113979708$0',mcss,'pwm_ccu8$01113979708$0$mcss'),
signal('pwm_ccu8$1142931299$1',global_signal,'pwm_ccu8$1142931299$1$global_signal'),
signal('pwm_ccu8$1142931299$1',st,'pwm_ccu8$1142931299$1$st'),
signal('pwm_ccu8$1142931299$1',sta,'pwm_ccu8$1142931299$1$sta'),
signal('pwm_ccu8$1142931299$1',stb,'pwm_ccu8$1142931299$1$stb'),
signal('pwm_ccu8$1142931299$1',out0,'pwm_ccu8$1142931299$1$out0'),
signal('pwm_ccu8$1142931299$1',out1,'pwm_ccu8$1142931299$1$out1'),
signal('pwm_ccu8$1142931299$1',out2,'pwm_ccu8$1142931299$1$out2'),
signal('pwm_ccu8$1142931299$1',out3,'pwm_ccu8$1142931299$1$out3'),
signal('pwm_ccu8$1142931299$1',gp0_unsync,'pwm_ccu8$1142931299$1$gp0_unsync'),
signal('pwm_ccu8$1142931299$1',gp1_unsync,'pwm_ccu8$1142931299$1$gp1_unsync'),
signal('pwm_ccu8$1142931299$1',gp2_unsync,'pwm_ccu8$1142931299$1$gp2_unsync'),
signal('pwm_ccu8$1142931299$1',gp0,'pwm_ccu8$1142931299$1$gp0'),
signal('pwm_ccu8$1142931299$1',gp1,'pwm_ccu8$1142931299$1$gp1'),
signal('pwm_ccu8$1142931299$1',gp2,'pwm_ccu8$1142931299$1$gp2'),
signal('pwm_ccu8$1142931299$1',ps,'pwm_ccu8$1142931299$1$ps'),
signal('pwm_ccu8$1142931299$1',mci0,'pwm_ccu8$1142931299$1$mci0'),
signal('pwm_ccu8$1142931299$1',mci1,'pwm_ccu8$1142931299$1$mci1'),
signal('pwm_ccu8$1142931299$1',mci2,'pwm_ccu8$1142931299$1$mci2'),
signal('pwm_ccu8$1142931299$1',mci3,'pwm_ccu8$1142931299$1$mci3'),
signal('pwm_ccu8$1142931299$1',mcss,'pwm_ccu8$1142931299$1$mcss'),
signal('pwm_ccu8$0895124990$2',global_signal,'pwm_ccu8$0895124990$2$global_signal'),
signal('pwm_ccu8$0895124990$2',st,'pwm_ccu8$0895124990$2$st'),
signal('pwm_ccu8$0895124990$2',sta,'pwm_ccu8$0895124990$2$sta'),
signal('pwm_ccu8$0895124990$2',stb,'pwm_ccu8$0895124990$2$stb'),
signal('pwm_ccu8$0895124990$2',out0,'pwm_ccu8$0895124990$2$out0'),
signal('pwm_ccu8$0895124990$2',out1,'pwm_ccu8$0895124990$2$out1'),
signal('pwm_ccu8$0895124990$2',out2,'pwm_ccu8$0895124990$2$out2'),
signal('pwm_ccu8$0895124990$2',out3,'pwm_ccu8$0895124990$2$out3'),
signal('pwm_ccu8$0895124990$2',gp0_unsync,'pwm_ccu8$0895124990$2$gp0_unsync'),
signal('pwm_ccu8$0895124990$2',gp1_unsync,'pwm_ccu8$0895124990$2$gp1_unsync'),
signal('pwm_ccu8$0895124990$2',gp2_unsync,'pwm_ccu8$0895124990$2$gp2_unsync'),
signal('pwm_ccu8$0895124990$2',gp0,'pwm_ccu8$0895124990$2$gp0'),
signal('pwm_ccu8$0895124990$2',gp1,'pwm_ccu8$0895124990$2$gp1'),
signal('pwm_ccu8$0895124990$2',gp2,'pwm_ccu8$0895124990$2$gp2'),
signal('pwm_ccu8$0895124990$2',ps,'pwm_ccu8$0895124990$2$ps'),
signal('pwm_ccu8$0895124990$2',mci0,'pwm_ccu8$0895124990$2$mci0'),
signal('pwm_ccu8$0895124990$2',mci1,'pwm_ccu8$0895124990$2$mci1'),
signal('pwm_ccu8$0895124990$2',mci2,'pwm_ccu8$0895124990$2$mci2'),
signal('pwm_ccu8$0895124990$2',mci3,'pwm_ccu8$0895124990$2$mci3'),
signal('pwm_ccu8$0895124990$2',mcss,'pwm_ccu8$0895124990$2$mcss'),
signal('pwm_ccu8$1361786017$3',global_signal,'pwm_ccu8$1361786017$3$global_signal'),
signal('pwm_ccu8$1361786017$3',st,'pwm_ccu8$1361786017$3$st'),
signal('pwm_ccu8$1361786017$3',sta,'pwm_ccu8$1361786017$3$sta'),
signal('pwm_ccu8$1361786017$3',stb,'pwm_ccu8$1361786017$3$stb'),
signal('pwm_ccu8$1361786017$3',out0,'pwm_ccu8$1361786017$3$out0'),
signal('pwm_ccu8$1361786017$3',out1,'pwm_ccu8$1361786017$3$out1'),
signal('pwm_ccu8$1361786017$3',out2,'pwm_ccu8$1361786017$3$out2'),
signal('pwm_ccu8$1361786017$3',out3,'pwm_ccu8$1361786017$3$out3'),
signal('pwm_ccu8$1361786017$3',gp0_unsync,'pwm_ccu8$1361786017$3$gp0_unsync'),
signal('pwm_ccu8$1361786017$3',gp1_unsync,'pwm_ccu8$1361786017$3$gp1_unsync'),
signal('pwm_ccu8$1361786017$3',gp2_unsync,'pwm_ccu8$1361786017$3$gp2_unsync'),
signal('pwm_ccu8$1361786017$3',gp0,'pwm_ccu8$1361786017$3$gp0'),
signal('pwm_ccu8$1361786017$3',gp1,'pwm_ccu8$1361786017$3$gp1'),
signal('pwm_ccu8$1361786017$3',gp2,'pwm_ccu8$1361786017$3$gp2'),
signal('pwm_ccu8$1361786017$3',ps,'pwm_ccu8$1361786017$3$ps'),
signal('pwm_ccu8$1361786017$3',mci0,'pwm_ccu8$1361786017$3$mci0'),
signal('pwm_ccu8$1361786017$3',mci1,'pwm_ccu8$1361786017$3$mci1'),
signal('pwm_ccu8$1361786017$3',mci2,'pwm_ccu8$1361786017$3$mci2'),
signal('pwm_ccu8$1361786017$3',mci3,'pwm_ccu8$1361786017$3$mci3'),
signal('pwm_ccu8$1361786017$3',mcss,'pwm_ccu8$1361786017$3$mcss'),
signal('global_ccu8$1476971647$1',global_signal,'global_ccu8$1476971647$1$global_signal'),
signal('global_ccu8$1476971647$1',clk,'global_ccu8$1476971647$1$clk'),
signal('global_ccu8$0581924477$1',gsc_enable,'global_ccu8$0581924477$1$gsc_enable'),
signal('pwm_ccu8$0676270272$4',global_signal,'pwm_ccu8$0676270272$4$global_signal'),
signal('pwm_ccu8$0676270272$4',st,'pwm_ccu8$0676270272$4$st'),
signal('pwm_ccu8$0676270272$4',sta,'pwm_ccu8$0676270272$4$sta'),
signal('pwm_ccu8$0676270272$4',stb,'pwm_ccu8$0676270272$4$stb'),
signal('pwm_ccu8$0676270272$4',out0,'pwm_ccu8$0676270272$4$out0'),
signal('pwm_ccu8$0676270272$4',out1,'pwm_ccu8$0676270272$4$out1'),
signal('pwm_ccu8$0676270272$4',out2,'pwm_ccu8$0676270272$4$out2'),
signal('pwm_ccu8$0676270272$4',out3,'pwm_ccu8$0676270272$4$out3'),
signal('pwm_ccu8$0676270272$4',gp0_unsync,'pwm_ccu8$0676270272$4$gp0_unsync'),
signal('pwm_ccu8$0676270272$4',gp1_unsync,'pwm_ccu8$0676270272$4$gp1_unsync'),
signal('pwm_ccu8$0676270272$4',gp2_unsync,'pwm_ccu8$0676270272$4$gp2_unsync'),
signal('pwm_ccu8$0676270272$4',gp0,'pwm_ccu8$0676270272$4$gp0'),
signal('pwm_ccu8$0676270272$4',gp1,'pwm_ccu8$0676270272$4$gp1'),
signal('pwm_ccu8$0676270272$4',gp2,'pwm_ccu8$0676270272$4$gp2'),
signal('pwm_ccu8$0676270272$4',ps,'pwm_ccu8$0676270272$4$ps'),
signal('pwm_ccu8$0676270272$4',mci0,'pwm_ccu8$0676270272$4$mci0'),
signal('pwm_ccu8$0676270272$4',mci1,'pwm_ccu8$0676270272$4$mci1'),
signal('pwm_ccu8$0676270272$4',mci2,'pwm_ccu8$0676270272$4$mci2'),
signal('pwm_ccu8$0676270272$4',mci3,'pwm_ccu8$0676270272$4$mci3'),
signal('pwm_ccu8$0676270272$4',mcss,'pwm_ccu8$0676270272$4$mcss'),
signal('pwm_ccu8$1580640735$5',global_signal,'pwm_ccu8$1580640735$5$global_signal'),
signal('pwm_ccu8$1580640735$5',st,'pwm_ccu8$1580640735$5$st'),
signal('pwm_ccu8$1580640735$5',sta,'pwm_ccu8$1580640735$5$sta'),
signal('pwm_ccu8$1580640735$5',stb,'pwm_ccu8$1580640735$5$stb'),
signal('pwm_ccu8$1580640735$5',out0,'pwm_ccu8$1580640735$5$out0'),
signal('pwm_ccu8$1580640735$5',out1,'pwm_ccu8$1580640735$5$out1'),
signal('pwm_ccu8$1580640735$5',out2,'pwm_ccu8$1580640735$5$out2'),
signal('pwm_ccu8$1580640735$5',out3,'pwm_ccu8$1580640735$5$out3'),
signal('pwm_ccu8$1580640735$5',gp0_unsync,'pwm_ccu8$1580640735$5$gp0_unsync'),
signal('pwm_ccu8$1580640735$5',gp1_unsync,'pwm_ccu8$1580640735$5$gp1_unsync'),
signal('pwm_ccu8$1580640735$5',gp2_unsync,'pwm_ccu8$1580640735$5$gp2_unsync'),
signal('pwm_ccu8$1580640735$5',gp0,'pwm_ccu8$1580640735$5$gp0'),
signal('pwm_ccu8$1580640735$5',gp1,'pwm_ccu8$1580640735$5$gp1'),
signal('pwm_ccu8$1580640735$5',gp2,'pwm_ccu8$1580640735$5$gp2'),
signal('pwm_ccu8$1580640735$5',ps,'pwm_ccu8$1580640735$5$ps'),
signal('pwm_ccu8$1580640735$5',mci0,'pwm_ccu8$1580640735$5$mci0'),
signal('pwm_ccu8$1580640735$5',mci1,'pwm_ccu8$1580640735$5$mci1'),
signal('pwm_ccu8$1580640735$5',mci2,'pwm_ccu8$1580640735$5$mci2'),
signal('pwm_ccu8$1580640735$5',mci3,'pwm_ccu8$1580640735$5$mci3'),
signal('pwm_ccu8$1580640735$5',mcss,'pwm_ccu8$1580640735$5$mcss'),
signal('pwm_ccu8$0457415554$6',global_signal,'pwm_ccu8$0457415554$6$global_signal'),
signal('pwm_ccu8$0457415554$6',st,'pwm_ccu8$0457415554$6$st'),
signal('pwm_ccu8$0457415554$6',sta,'pwm_ccu8$0457415554$6$sta'),
signal('pwm_ccu8$0457415554$6',stb,'pwm_ccu8$0457415554$6$stb'),
signal('pwm_ccu8$0457415554$6',out0,'pwm_ccu8$0457415554$6$out0'),
signal('pwm_ccu8$0457415554$6',out1,'pwm_ccu8$0457415554$6$out1'),
signal('pwm_ccu8$0457415554$6',out2,'pwm_ccu8$0457415554$6$out2'),
signal('pwm_ccu8$0457415554$6',out3,'pwm_ccu8$0457415554$6$out3'),
signal('pwm_ccu8$0457415554$6',gp0_unsync,'pwm_ccu8$0457415554$6$gp0_unsync'),
signal('pwm_ccu8$0457415554$6',gp1_unsync,'pwm_ccu8$0457415554$6$gp1_unsync'),
signal('pwm_ccu8$0457415554$6',gp2_unsync,'pwm_ccu8$0457415554$6$gp2_unsync'),
signal('pwm_ccu8$0457415554$6',gp0,'pwm_ccu8$0457415554$6$gp0'),
signal('pwm_ccu8$0457415554$6',gp1,'pwm_ccu8$0457415554$6$gp1'),
signal('pwm_ccu8$0457415554$6',gp2,'pwm_ccu8$0457415554$6$gp2'),
signal('pwm_ccu8$0457415554$6',ps,'pwm_ccu8$0457415554$6$ps'),
signal('pwm_ccu8$0457415554$6',mci0,'pwm_ccu8$0457415554$6$mci0'),
signal('pwm_ccu8$0457415554$6',mci1,'pwm_ccu8$0457415554$6$mci1'),
signal('pwm_ccu8$0457415554$6',mci2,'pwm_ccu8$0457415554$6$mci2'),
signal('pwm_ccu8$0457415554$6',mci3,'pwm_ccu8$0457415554$6$mci3'),
signal('pwm_ccu8$0457415554$6',mcss,'pwm_ccu8$0457415554$6$mcss'),
signal('pwm_ccu8$1799495453$7',global_signal,'pwm_ccu8$1799495453$7$global_signal'),
signal('pwm_ccu8$1799495453$7',st,'pwm_ccu8$1799495453$7$st'),
signal('pwm_ccu8$1799495453$7',sta,'pwm_ccu8$1799495453$7$sta'),
signal('pwm_ccu8$1799495453$7',stb,'pwm_ccu8$1799495453$7$stb'),
signal('pwm_ccu8$1799495453$7',out0,'pwm_ccu8$1799495453$7$out0'),
signal('pwm_ccu8$1799495453$7',out1,'pwm_ccu8$1799495453$7$out1'),
signal('pwm_ccu8$1799495453$7',out2,'pwm_ccu8$1799495453$7$out2'),
signal('pwm_ccu8$1799495453$7',out3,'pwm_ccu8$1799495453$7$out3'),
signal('pwm_ccu8$1799495453$7',gp0_unsync,'pwm_ccu8$1799495453$7$gp0_unsync'),
signal('pwm_ccu8$1799495453$7',gp1_unsync,'pwm_ccu8$1799495453$7$gp1_unsync'),
signal('pwm_ccu8$1799495453$7',gp2_unsync,'pwm_ccu8$1799495453$7$gp2_unsync'),
signal('pwm_ccu8$1799495453$7',gp0,'pwm_ccu8$1799495453$7$gp0'),
signal('pwm_ccu8$1799495453$7',gp1,'pwm_ccu8$1799495453$7$gp1'),
signal('pwm_ccu8$1799495453$7',gp2,'pwm_ccu8$1799495453$7$gp2'),
signal('pwm_ccu8$1799495453$7',ps,'pwm_ccu8$1799495453$7$ps'),
signal('pwm_ccu8$1799495453$7',mci0,'pwm_ccu8$1799495453$7$mci0'),
signal('pwm_ccu8$1799495453$7',mci1,'pwm_ccu8$1799495453$7$mci1'),
signal('pwm_ccu8$1799495453$7',mci2,'pwm_ccu8$1799495453$7$mci2'),
signal('pwm_ccu8$1799495453$7',mci3,'pwm_ccu8$1799495453$7$mci3'),
signal('pwm_ccu8$1799495453$7',mcss,'pwm_ccu8$1799495453$7$mcss'),
signal('uart$02118624699$0',dx0ins,'uart$02118624699$0$dx0ins'),
signal('uart$02118624699$0',dx3ins,'uart$02118624699$0$dx3ins'),
signal('uart$02118624699$0',dout0,'uart$02118624699$0$dout0'),
signal('uart$01053640812$0',pad,'uart$01053640812$0$pad'),
signal('uart$01053640750$0',pad,'uart$01053640750$0$pad'),
signal('uart$02118624699$0',protocol_specific_int,'uart$02118624699$0$protocol_specific_int'),
signal('uart$02118624699$0',standard_transmit_buffer_int,'uart$02118624699$0$standard_transmit_buffer_int'),
signal('uart$02118624699$0',standard_receive_buffer_int,'uart$02118624699$0$standard_receive_buffer_int'),
signal('uart$02118624699$0',alternate_receive_buffer_int,'uart$02118624699$0$alternate_receive_buffer_int'),
signal('uart$01148723541$0',signal_in,'uart$01148723541$0$signal_in'),
signal('uart$01148723603$0',signal_in,'uart$01148723603$0$signal_in'),
signal('uart$0164365666$0',pin,'uart$0164365666$0$pin'),
signal('uart$0164365604$0',pin,'uart$0164365604$0$pin'),
signal('spi_slave$01366864342$0',dx0ins,'spi_slave$01366864342$0$dx0ins'),
signal('spi_slave$01366864342$0',dx1ins,'spi_slave$01366864342$0$dx1ins'),
signal('spi_slave$01366864342$0',dx2ins,'spi_slave$01366864342$0$dx2ins'),
signal('spi_slave$01366864342$0',dx3ins,'spi_slave$01366864342$0$dx3ins'),
signal('spi_slave$01366864342$0',dx4ins,'spi_slave$01366864342$0$dx4ins'),
signal('spi_slave$01366864342$0',dx5ins,'spi_slave$01366864342$0$dx5ins'),
signal('spi_slave$01366864342$0',dout0,'spi_slave$01366864342$0$dout0'),
signal('spi_slave$01366864342$0',dout1,'spi_slave$01366864342$0$dout1'),
signal('spi_slave$1145447222$0',pad,'spi_slave$1145447222$0$pad'),
signal('spi_slave$01333033692$0',pad,'spi_slave$01333033692$0$pad'),
signal('spi_slave$0403454326$0',pad,'spi_slave$0403454326$0$pad'),
signal('spi_slave$125532735$0',pad,'spi_slave$125532735$0$pad'),
signal('spi_slave$01366864342$0',protocol_specific_int,'spi_slave$01366864342$0$protocol_specific_int'),
signal('spi_slave$01366864342$0',standard_transmit_buffer_int,'spi_slave$01366864342$0$standard_transmit_buffer_int'),
signal('spi_slave$01366864342$0',standard_receive_buffer_int,'spi_slave$01366864342$0$standard_receive_buffer_int'),
signal('spi_slave$01366864342$0',alternate_receive_buffer_int,'spi_slave$01366864342$0$alternate_receive_buffer_int'),
signal('spi_slave$01881239066$0',signal_in,'spi_slave$01881239066$0$signal_in'),
signal('spi_slave$01881239128$0',signal_in,'spi_slave$01881239128$0$signal_in'),
signal('spi_slave$1438010906$0',pin,'spi_slave$1438010906$0$pin'),
signal('spi_slave$912294912$0',pin,'spi_slave$912294912$0$pin'),
signal('spi_slave$1074287872$0',pin,'spi_slave$1074287872$0$pin'),
signal('spi_slave$01073724151$0',pin,'spi_slave$01073724151$0$pin'),
signal('global_ccu4$01760137752$0',global_signal,'global_ccu4$01760137752$0$global_signal'),
signal('global_ccu4$01760137752$0',clk,'global_ccu4$01760137752$0$clk'),
signal('global_ccu4$89752826$0',gsc_enable,'global_ccu4$89752826$0$gsc_enable'),
signal('global_posif$096723225$0',global_signal,'global_posif$096723225$0$global_signal'),
signal('global_posif$096723225$0',clk,'global_posif$096723225$0$clk'),
signal('encoder_posif$0809707646$0',ipos0,'encoder_posif$0809707646$0$ipos0'),
signal('encoder_posif$0809707646$0',ipos1,'encoder_posif$0809707646$0$ipos1'),
signal('encoder_posif$0809707646$0',erre,'encoder_posif$0809707646$0$erre'),
signal('encoder_posif$0809707646$0',cnte,'encoder_posif$0809707646$0$cnte'),
signal('encoder_posif$0809707646$0',dire,'encoder_posif$0809707646$0$dire'),
signal('encoder_posif$0809707646$0',pcle,'encoder_posif$0809707646$0$pcle'),
signal('encoder_posif$0809707646$0',out0,'encoder_posif$0809707646$0$out0'),
signal('encoder_posif$0809707646$0',out1,'encoder_posif$0809707646$0$out1'),
signal('encoder_posif$0809707646$0',out2,'encoder_posif$0809707646$0$out2'),
signal('encoder_posif$0809707646$0',out5,'encoder_posif$0809707646$0$out5'),
signal('encoder_posif$01718583280$0',pad,'encoder_posif$01718583280$0$pad'),
signal('encoder_posif$01718583279$0',pad,'encoder_posif$01718583279$0$pad'),
signal('encoder_posif$0122803319$0',pad,'encoder_posif$0122803319$0$pad'),
signal('encoder_posif$1605311925$0',global_signal,'encoder_posif$1605311925$0$global_signal'),
signal('encoder_posif$1605311927$0',global_signal,'encoder_posif$1605311927$0$global_signal'),
signal('encoder_posif$1605311928$0',global_signal,'encoder_posif$1605311928$0$global_signal'),
signal('encoder_posif$1605311925$0',gp0_unsync,'encoder_posif$1605311925$0$gp0_unsync'),
signal('encoder_posif$1605311925$0',gp1_unsync,'encoder_posif$1605311925$0$gp1_unsync'),
signal('encoder_posif$1605311925$0',gp2_unsync,'encoder_posif$1605311925$0$gp2_unsync'),
signal('encoder_posif$1605311925$0',st,'encoder_posif$1605311925$0$st'),
signal('encoder_posif$1605311927$0',gp0_unsync,'encoder_posif$1605311927$0$gp0_unsync'),
signal('encoder_posif$1605311927$0',gp1_unsync,'encoder_posif$1605311927$0$gp1_unsync'),
signal('encoder_posif$1605311928$0',gp0_unsync,'encoder_posif$1605311928$0$gp0_unsync'),
signal('encoder_posif$1605311928$0',st,'encoder_posif$1605311928$0$st'),
signal('encoder_posif$01508859622$0',pin,'encoder_posif$01508859622$0$pin'),
signal('encoder_posif$01508859621$0',pin,'encoder_posif$01508859621$0$pin'),
signal('encoder_posif$01512731969$0',pin,'encoder_posif$01512731969$0$pin'),
signal('global_ccu4$01748821625$1',global_signal,'global_ccu4$01748821625$1$global_signal'),
signal('global_ccu4$01748821625$1',clk,'global_ccu4$01748821625$1$clk'),
signal('global_ccu4$01610987653$1',gsc_enable,'global_ccu4$01610987653$1$gsc_enable'),
signal('encoder_posif$1447203361$1',ipos0,'encoder_posif$1447203361$1$ipos0'),
signal('encoder_posif$1447203361$1',ipos1,'encoder_posif$1447203361$1$ipos1'),
signal('encoder_posif$1447203361$1',erre,'encoder_posif$1447203361$1$erre'),
signal('encoder_posif$1447203361$1',cnte,'encoder_posif$1447203361$1$cnte'),
signal('encoder_posif$1447203361$1',dire,'encoder_posif$1447203361$1$dire'),
signal('encoder_posif$1447203361$1',pcle,'encoder_posif$1447203361$1$pcle'),
signal('encoder_posif$1447203361$1',out0,'encoder_posif$1447203361$1$out0'),
signal('encoder_posif$1447203361$1',out1,'encoder_posif$1447203361$1$out1'),
signal('encoder_posif$1447203361$1',out2,'encoder_posif$1447203361$1$out2'),
signal('encoder_posif$1447203361$1',out5,'encoder_posif$1447203361$1$out5'),
signal('encoder_posif$1579311663$1',pad,'encoder_posif$1579311663$1$pad'),
signal('encoder_posif$1579311664$1',pad,'encoder_posif$1579311664$1$pad'),
signal('encoder_posif$227996618$1',pad,'encoder_posif$227996618$1$pad'),
signal('encoder_posif$760840054$1',global_signal,'encoder_posif$760840054$1$global_signal'),
signal('encoder_posif$760840056$1',global_signal,'encoder_posif$760840056$1$global_signal'),
signal('encoder_posif$760840057$1',global_signal,'encoder_posif$760840057$1$global_signal'),
signal('encoder_posif$760840054$1',gp0_unsync,'encoder_posif$760840054$1$gp0_unsync'),
signal('encoder_posif$760840054$1',gp1_unsync,'encoder_posif$760840054$1$gp1_unsync'),
signal('encoder_posif$760840054$1',gp2_unsync,'encoder_posif$760840054$1$gp2_unsync'),
signal('encoder_posif$760840054$1',st,'encoder_posif$760840054$1$st'),
signal('encoder_posif$760840056$1',gp0_unsync,'encoder_posif$760840056$1$gp0_unsync'),
signal('encoder_posif$760840056$1',gp1_unsync,'encoder_posif$760840056$1$gp1_unsync'),
signal('encoder_posif$760840057$1',gp0_unsync,'encoder_posif$760840057$1$gp0_unsync'),
signal('encoder_posif$760840057$1',st,'encoder_posif$760840057$1$st'),
signal('encoder_posif$01575866375$1',pin,'encoder_posif$01575866375$1$pin'),
signal('encoder_posif$01575866374$1',pin,'encoder_posif$01575866374$1$pin'),
signal('encoder_posif$01182966208$1',pin,'encoder_posif$01182966208$1$pin'),
signal('global_adc$1790945385$0',global_signal,'global_adc$1790945385$0$global_signal'),
signal('global_adc$1796505175$0',garbcnt,'global_adc$1796505175$0$garbcnt'),
signal('global_adc$1796505175$0',gsample,'global_adc$1796505175$0$gsample'),
signal('global_adc$1796505175$0',gqueuereq,'global_adc$1796505175$0$gqueuereq'),
signal('global_adc$1796505175$0',gscanreq,'global_adc$1796505175$0$gscanreq'),
signal('global_adc$1796505175$0',gsyncreq,'global_adc$1796505175$0$gsyncreq'),
signal('global_adc$1796505176$0',garbcnt,'global_adc$1796505176$0$garbcnt'),
signal('global_adc$1796505176$0',gsample,'global_adc$1796505176$0$gsample'),
signal('global_adc$1796505176$0',gqueuereq,'global_adc$1796505176$0$gqueuereq'),
signal('global_adc$1796505176$0',gscanreq,'global_adc$1796505176$0$gscanreq'),
signal('global_adc$1796505176$0',gsyncreq,'global_adc$1796505176$0$gsyncreq'),
signal('global_adc$1796505177$0',garbcnt,'global_adc$1796505177$0$garbcnt'),
signal('global_adc$1796505177$0',gsample,'global_adc$1796505177$0$gsample'),
signal('global_adc$1796505177$0',gqueuereq,'global_adc$1796505177$0$gqueuereq'),
signal('global_adc$1796505177$0',gscanreq,'global_adc$1796505177$0$gscanreq'),
signal('global_adc$1796505177$0',gsyncreq,'global_adc$1796505177$0$gsyncreq'),
signal('global_adc$1796505178$0',garbcnt,'global_adc$1796505178$0$garbcnt'),
signal('global_adc$1796505178$0',gsample,'global_adc$1796505178$0$gsample'),
signal('global_adc$1796505178$0',gqueuereq,'global_adc$1796505178$0$gqueuereq'),
signal('global_adc$1796505178$0',gscanreq,'global_adc$1796505178$0$gscanreq'),
signal('global_adc$1796505178$0',gsyncreq,'global_adc$1796505178$0$gsyncreq'),
signal('adc_measurement_adv$248008525$0',ch_class_sel,'adc_measurement_adv$248008525$0$ch_class_sel'),
signal('adc_measurement_adv$248008525$0',scan_class_sel,'adc_measurement_adv$248008525$0$scan_class_sel'),
signal('adc_measurement_adv$431302940$0',class_sel,'adc_measurement_adv$431302940$0$class_sel'),
signal('adc_measurement_adv$431302940$0',select,'adc_measurement_adv$431302940$0$select'),
signal('adc_measurement_adv$431302940$0',req,'adc_measurement_adv$431302940$0$req'),
signal('adc_measurement_adv$431302940$0',global_signal,'adc_measurement_adv$431302940$0$global_signal'),
signal('adc_measurement_adv$431302940$0',greqtr1sel,'adc_measurement_adv$431302940$0$greqtr1sel'),
signal('adc_measurement_adv$431302940$0',greqgt1sel,'adc_measurement_adv$431302940$0$greqgt1sel'),
signal('adc_measurement_adv$431302940$0',sev,'adc_measurement_adv$431302940$0$sev'),
signal('adc_measurement_adv$1424598793$0',gch,'adc_measurement_adv$1424598793$0$gch'),
signal('adc_measurement_adv$1424598797$0',gch,'adc_measurement_adv$1424598797$0$gch'),
signal('adc_measurement_adv$1424598801$0',gch,'adc_measurement_adv$1424598801$0$gch'),
signal('adc_measurement_adv$1212889704$0',gch,'adc_measurement_adv$1212889704$0$gch'),
signal('adc_measurement_adv$1212889708$0',gch,'adc_measurement_adv$1212889708$0$gch'),
signal('adc_measurement_adv$1424598793$0',select,'adc_measurement_adv$1424598793$0$select'),
signal('adc_measurement_adv$1424598797$0',select,'adc_measurement_adv$1424598797$0$select'),
signal('adc_measurement_adv$1424598801$0',select,'adc_measurement_adv$1424598801$0$select'),
signal('adc_measurement_adv$1212889704$0',select,'adc_measurement_adv$1212889704$0$select'),
signal('adc_measurement_adv$1212889708$0',select,'adc_measurement_adv$1212889708$0$select'),
signal('adc_measurement_adv$1424598793$0',iclass_sel,'adc_measurement_adv$1424598793$0$iclass_sel'),
signal('adc_measurement_adv$1424598797$0',iclass_sel,'adc_measurement_adv$1424598797$0$iclass_sel'),
signal('adc_measurement_adv$1424598801$0',iclass_sel,'adc_measurement_adv$1424598801$0$iclass_sel'),
signal('adc_measurement_adv$1212889704$0',iclass_sel,'adc_measurement_adv$1212889704$0$iclass_sel'),
signal('adc_measurement_adv$1212889708$0',iclass_sel,'adc_measurement_adv$1212889708$0$iclass_sel'),
signal('adc_measurement_adv$0461604565$0',res_sel,'adc_measurement_adv$0461604565$0$res_sel'),
signal('adc_measurement_adv$0461604564$0',res_sel,'adc_measurement_adv$0461604564$0$res_sel'),
signal('adc_measurement_adv$0461604563$0',res_sel,'adc_measurement_adv$0461604563$0$res_sel'),
signal('adc_measurement_adv$0461604562$0',res_sel,'adc_measurement_adv$0461604562$0$res_sel'),
signal('adc_measurement_adv$0461604561$0',res_sel,'adc_measurement_adv$0461604561$0$res_sel'),
signal('adc_measurement_adv$1424598793$0',res_sel,'adc_measurement_adv$1424598793$0$res_sel'),
signal('adc_measurement_adv$1424598797$0',res_sel,'adc_measurement_adv$1424598797$0$res_sel'),
signal('adc_measurement_adv$1424598801$0',res_sel,'adc_measurement_adv$1424598801$0$res_sel'),
signal('adc_measurement_adv$1212889704$0',res_sel,'adc_measurement_adv$1212889704$0$res_sel'),
signal('adc_measurement_adv$1212889708$0',res_sel,'adc_measurement_adv$1212889708$0$res_sel'),
signal('adc_measurement_adv$0461604565$0',rev,'adc_measurement_adv$0461604565$0$rev'),
signal('adc_measurement_adv$0461604564$0',rev,'adc_measurement_adv$0461604564$0$rev'),
signal('adc_measurement_adv$0461604563$0',rev,'adc_measurement_adv$0461604563$0$rev'),
signal('adc_measurement_adv$0461604562$0',rev,'adc_measurement_adv$0461604562$0$rev'),
signal('adc_measurement_adv$0461604561$0',rev,'adc_measurement_adv$0461604561$0$rev'),
signal('adc_measurement_adv$1424598793$0',cev,'adc_measurement_adv$1424598793$0$cev'),
signal('adc_measurement_adv$1424598797$0',cev,'adc_measurement_adv$1424598797$0$cev'),
signal('adc_measurement_adv$1424598801$0',cev,'adc_measurement_adv$1424598801$0$cev'),
signal('adc_measurement_adv$1212889704$0',cev,'adc_measurement_adv$1212889704$0$cev'),
signal('adc_measurement_adv$1212889708$0',cev,'adc_measurement_adv$1212889708$0$cev'),
signal('analog_io$0459569530$0',pad,'analog_io$0459569530$0$pad'),
signal('analog_io$01694626416$0',pin,'analog_io$01694626416$0$pin'),
signal('analog_io$0970103707$1',pad,'analog_io$0970103707$1$pad'),
signal('analog_io$562284591$1',pin,'analog_io$562284591$1$pin'),
signal('analog_io$01480637884$2',pad,'analog_io$01480637884$2$pad'),
signal('analog_io$01475771698$2',pin,'analog_io$01475771698$2$pin'),
signal('analog_io$01991172061$3',pad,'analog_io$01991172061$3$pad'),
signal('analog_io$781139309$3',pin,'analog_io$781139309$3$pin'),
signal('analog_io$1793261058$4',pad,'analog_io$1793261058$4$pad'),
signal('analog_io$01256916980$4',pin,'analog_io$01256916980$4$pin'),
signal('adc_measurement_adv$1492773006$1',ch_class_sel,'adc_measurement_adv$1492773006$1$ch_class_sel'),
signal('adc_measurement_adv$1492773006$1',scan_class_sel,'adc_measurement_adv$1492773006$1$scan_class_sel'),
signal('adc_measurement_adv$1784612637$1',class_sel,'adc_measurement_adv$1784612637$1$class_sel'),
signal('adc_measurement_adv$1784612637$1',select,'adc_measurement_adv$1784612637$1$select'),
signal('adc_measurement_adv$1784612637$1',req,'adc_measurement_adv$1784612637$1$req'),
signal('adc_measurement_adv$1784612637$1',global_signal,'adc_measurement_adv$1784612637$1$global_signal'),
signal('adc_measurement_adv$1784612637$1',greqtr1sel,'adc_measurement_adv$1784612637$1$greqtr1sel'),
signal('adc_measurement_adv$1784612637$1',greqgt1sel,'adc_measurement_adv$1784612637$1$greqgt1sel'),
signal('adc_measurement_adv$1784612637$1',sev,'adc_measurement_adv$1784612637$1$sev'),
signal('adc_measurement_adv$0276141686$1',gch,'adc_measurement_adv$0276141686$1$gch'),
signal('adc_measurement_adv$0276141682$1',gch,'adc_measurement_adv$0276141682$1$gch'),
signal('adc_measurement_adv$0276141678$1',gch,'adc_measurement_adv$0276141678$1$gch'),
signal('adc_measurement_adv$29542407$1',gch,'adc_measurement_adv$29542407$1$gch'),
signal('adc_measurement_adv$29542411$1',gch,'adc_measurement_adv$29542411$1$gch'),
signal('adc_measurement_adv$29542412$1',gch,'adc_measurement_adv$29542412$1$gch'),
signal('adc_measurement_adv$29542413$1',gch,'adc_measurement_adv$29542413$1$gch'),
signal('adc_measurement_adv$0276141686$1',select,'adc_measurement_adv$0276141686$1$select'),
signal('adc_measurement_adv$0276141682$1',select,'adc_measurement_adv$0276141682$1$select'),
signal('adc_measurement_adv$0276141678$1',select,'adc_measurement_adv$0276141678$1$select'),
signal('adc_measurement_adv$29542407$1',select,'adc_measurement_adv$29542407$1$select'),
signal('adc_measurement_adv$29542411$1',select,'adc_measurement_adv$29542411$1$select'),
signal('adc_measurement_adv$29542412$1',select,'adc_measurement_adv$29542412$1$select'),
signal('adc_measurement_adv$29542413$1',select,'adc_measurement_adv$29542413$1$select'),
signal('adc_measurement_adv$0276141686$1',iclass_sel,'adc_measurement_adv$0276141686$1$iclass_sel'),
signal('adc_measurement_adv$0276141682$1',iclass_sel,'adc_measurement_adv$0276141682$1$iclass_sel'),
signal('adc_measurement_adv$0276141678$1',iclass_sel,'adc_measurement_adv$0276141678$1$iclass_sel'),
signal('adc_measurement_adv$29542407$1',iclass_sel,'adc_measurement_adv$29542407$1$iclass_sel'),
signal('adc_measurement_adv$29542411$1',iclass_sel,'adc_measurement_adv$29542411$1$iclass_sel'),
signal('adc_measurement_adv$29542412$1',iclass_sel,'adc_measurement_adv$29542412$1$iclass_sel'),
signal('adc_measurement_adv$29542413$1',iclass_sel,'adc_measurement_adv$29542413$1$iclass_sel'),
signal('adc_measurement_adv$1509334892$1',res_sel,'adc_measurement_adv$1509334892$1$res_sel'),
signal('adc_measurement_adv$1509334893$1',res_sel,'adc_measurement_adv$1509334893$1$res_sel'),
signal('adc_measurement_adv$1509334894$1',res_sel,'adc_measurement_adv$1509334894$1$res_sel'),
signal('adc_measurement_adv$1509334895$1',res_sel,'adc_measurement_adv$1509334895$1$res_sel'),
signal('adc_measurement_adv$1509334896$1',res_sel,'adc_measurement_adv$1509334896$1$res_sel'),
signal('adc_measurement_adv$1509334897$1',res_sel,'adc_measurement_adv$1509334897$1$res_sel'),
signal('adc_measurement_adv$1509334898$1',res_sel,'adc_measurement_adv$1509334898$1$res_sel'),
signal('adc_measurement_adv$0276141686$1',res_sel,'adc_measurement_adv$0276141686$1$res_sel'),
signal('adc_measurement_adv$0276141682$1',res_sel,'adc_measurement_adv$0276141682$1$res_sel'),
signal('adc_measurement_adv$0276141678$1',res_sel,'adc_measurement_adv$0276141678$1$res_sel'),
signal('adc_measurement_adv$29542407$1',res_sel,'adc_measurement_adv$29542407$1$res_sel'),
signal('adc_measurement_adv$29542411$1',res_sel,'adc_measurement_adv$29542411$1$res_sel'),
signal('adc_measurement_adv$29542412$1',res_sel,'adc_measurement_adv$29542412$1$res_sel'),
signal('adc_measurement_adv$29542413$1',res_sel,'adc_measurement_adv$29542413$1$res_sel'),
signal('adc_measurement_adv$1509334892$1',rev,'adc_measurement_adv$1509334892$1$rev'),
signal('adc_measurement_adv$1509334893$1',rev,'adc_measurement_adv$1509334893$1$rev'),
signal('adc_measurement_adv$1509334894$1',rev,'adc_measurement_adv$1509334894$1$rev'),
signal('adc_measurement_adv$1509334895$1',rev,'adc_measurement_adv$1509334895$1$rev'),
signal('adc_measurement_adv$1509334896$1',rev,'adc_measurement_adv$1509334896$1$rev'),
signal('adc_measurement_adv$1509334897$1',rev,'adc_measurement_adv$1509334897$1$rev'),
signal('adc_measurement_adv$1509334898$1',rev,'adc_measurement_adv$1509334898$1$rev'),
signal('adc_measurement_adv$0276141686$1',cev,'adc_measurement_adv$0276141686$1$cev'),
signal('adc_measurement_adv$0276141682$1',cev,'adc_measurement_adv$0276141682$1$cev'),
signal('adc_measurement_adv$0276141678$1',cev,'adc_measurement_adv$0276141678$1$cev'),
signal('adc_measurement_adv$29542407$1',cev,'adc_measurement_adv$29542407$1$cev'),
signal('adc_measurement_adv$29542411$1',cev,'adc_measurement_adv$29542411$1$cev'),
signal('adc_measurement_adv$29542412$1',cev,'adc_measurement_adv$29542412$1$cev'),
signal('adc_measurement_adv$29542413$1',cev,'adc_measurement_adv$29542413$1$cev'),
signal('analog_io$1282726881$5',pad,'analog_io$1282726881$5$pad'),
signal('analog_io$999994027$5',pin,'analog_io$999994027$5$pin'),
signal('analog_io$772192704$6',pad,'analog_io$772192704$6$pad'),
signal('analog_io$01038062262$6',pin,'analog_io$01038062262$6$pin'),
signal('analog_io$261658527$7',pad,'analog_io$261658527$7$pad'),
signal('analog_io$1218848745$7',pin,'analog_io$1218848745$7$pin'),
signal('analog_io$0248875650$8',pad,'analog_io$0248875650$8$pad'),
signal('analog_io$0819207544$8',pin,'analog_io$0819207544$8$pin'),
signal('analog_io$0759409827$9',pad,'analog_io$0759409827$9$pad'),
signal('analog_io$1437703463$9',pin,'analog_io$1437703463$9$pin'),
signal('analog_io$01889477709$10',pad,'analog_io$01889477709$10$pad'),
signal('analog_io$472386813$10',pin,'analog_io$472386813$10$pin'),
signal('analog_io$1894955410$11',pad,'analog_io$1894955410$11$pad'),
signal('analog_io$01565669476$11',pin,'analog_io$01565669476$11$pin'),
signal('digital_io$01893669597$1',pad,'digital_io$01893669597$1$pad'),
signal('digital_io$02001255827$1',pin,'digital_io$02001255827$1$pin'),
signal('digital_io$1890763522$2',pad,'digital_io$1890763522$2$pad'),
signal('digital_io$255655180$2',pin,'digital_io$255655180$2$pin'),
signal('digital_io$1380229345$3',pad,'digital_io$1380229345$3$pad'),
signal('digital_io$01782401109$3',pin,'digital_io$01782401109$3$pin'),
signal('digital_io$869695168$4',pad,'digital_io$869695168$4$pad'),
signal('digital_io$474509898$4',pin,'digital_io$474509898$4$pin'),
signal('digital_io$359160991$5',pad,'digital_io$359160991$5$pad'),
signal('digital_io$01563546391$5',pin,'digital_io$01563546391$5$pin'),
signal('digital_io$0151373186$6',pad,'digital_io$0151373186$6$pad'),
signal('digital_io$693364616$6',pin,'digital_io$693364616$6$pin'),
signal('digital_io$0661907363$7',pad,'digital_io$0661907363$7$pad'),
signal('digital_io$01344691673$7',pin,'digital_io$01344691673$7$pin'),
signal('pin_interrupt$504037229$0',PIN_INTERRUPT0sv0,'pin_interrupt$504037229$0$PIN_INTERRUPT0sv0'),
signal('pin_interrupt$01353729833$0',pad,'pin_interrupt$01353729833$0$pad'),
signal('pin_interrupt$504037229$0',tr,'pin_interrupt$504037229$0$tr'),
signal('pin_interrupt$1919814214$0',trin,'pin_interrupt$1919814214$0$trin'),
signal('pin_interrupt$1919814214$0',iout,'pin_interrupt$1919814214$0$iout'),
signal('pin_interrupt$371705443$0',signal_in,'pin_interrupt$371705443$0$signal_in'),
signal('pin_interrupt$01936049730$0',in,'pin_interrupt$01936049730$0$in'),
signal('pin_interrupt$01936049730$0',out,'pin_interrupt$01936049730$0$out'),
signal('pin_interrupt$1126006561$0',pin,'pin_interrupt$1126006561$0$pin'),
connected('cpu_ctrl_xmc4$39943779$0$pin','cpu_ctrl_xmc4$1445176365$0$pad',1),
connected('cpu_ctrl_xmc4$0268126521$0$pin','cpu_ctrl_xmc4$1540657681$0$pad',1),
connected('cpu_ctrl_xmc4$0268126520$0$pin','cpu_ctrl_xmc4$1540657682$0$pad',1),
connected('cpu_ctrl_xmc4$0268126519$0$pin','cpu_ctrl_xmc4$1540657683$0$pad',1),
connected('cpu_ctrl_xmc4$0268126518$0$pin','cpu_ctrl_xmc4$1540657684$0$pad',1),
connected('cpu_ctrl_xmc4$1445176365$0$pad','cpu_ctrl_xmc4$39943779$0$pin',1),
connected('cpu_ctrl_xmc4$1540657681$0$pad','cpu_ctrl_xmc4$0268126521$0$pin',1),
connected('cpu_ctrl_xmc4$1540657682$0$pad','cpu_ctrl_xmc4$0268126520$0$pin',1),
connected('cpu_ctrl_xmc4$1540657683$0$pad','cpu_ctrl_xmc4$0268126519$0$pin',1),
connected('cpu_ctrl_xmc4$1540657684$0$pad','cpu_ctrl_xmc4$0268126518$0$pin',1),
connected('cpu_ctrl_xmc4$1964564605$0$db_etm_traceclk','cpu_ctrl_xmc4$1445176365$0$hw_o',1),
connected('cpu_ctrl_xmc4$1964564605$0$db_etm_tracedata0','cpu_ctrl_xmc4$1540657681$0$hw_o',1),
connected('cpu_ctrl_xmc4$1964564605$0$db_etm_tracedata1','cpu_ctrl_xmc4$1540657682$0$hw_o',1),
connected('cpu_ctrl_xmc4$1964564605$0$db_etm_tracedata2','cpu_ctrl_xmc4$1540657683$0$hw_o',1),
connected('cpu_ctrl_xmc4$1964564605$0$db_etm_tracedata3','cpu_ctrl_xmc4$1540657684$0$hw_o',1),
connected('clock_xmc4$01551391625$0$fccu','global_ccu8$1465655520$0$clk',1),
connected('global_ccu8$1465655520$0$global_signal','pwm_ccu8$01113979708$0$global_signal',1),
connected('global_ccu8$1465655520$0$global_signal','pwm_ccu8$1142931299$1$global_signal',1),
connected('global_ccu8$1465655520$0$global_signal','pwm_ccu8$0895124990$2$global_signal',1),
connected('global_ccu8$1465655520$0$global_signal','pwm_ccu8$1361786017$3$global_signal',1),
connected('clock_xmc4$01551391625$0$fccu','global_ccu8$1476971647$1$clk',1),
connected('global_ccu8$1476971647$1$global_signal','pwm_ccu8$0676270272$4$global_signal',1),
connected('global_ccu8$1476971647$1$global_signal','pwm_ccu8$1580640735$5$global_signal',1),
connected('global_ccu8$1476971647$1$global_signal','pwm_ccu8$0457415554$6$global_signal',1),
connected('global_ccu8$1476971647$1$global_signal','pwm_ccu8$1799495453$7$global_signal',1),
connected('uart$0164365666$0$pin','uart$01053640812$0$pad',1),
connected('uart$0164365604$0$pin','uart$01053640750$0$pad',1),
connected('uart$02118624699$0$dout0','uart$01053640750$0$pad',1),
connected('uart$02118624699$0$alternate_receive_buffer_int','uart$01148723603$0$signal_in',1),
connected('uart$02118624699$0$standard_receive_buffer_int','uart$01148723603$0$signal_in',1),
connected('uart$02118624699$0$standard_transmit_buffer_int','uart$01148723541$0$signal_in',1),
connected('uart$01053640812$0$pad','uart$0164365666$0$pin',1),
connected('uart$01053640812$0$pad','uart$02118624699$0$dx0ins',1),
connected('uart$01053640750$0$pad','uart$0164365604$0$pin',1),
connected('spi_slave$912294912$0$pin','spi_slave$1145447222$0$pad',1),
connected('spi_slave$1438010906$0$pin','spi_slave$01333033692$0$pad',1),
connected('spi_slave$1074287872$0$pin','spi_slave$0403454326$0$pad',1),
connected('spi_slave$01073724151$0$pin','spi_slave$125532735$0$pad',1),
connected('spi_slave$01366864342$0$dout0','spi_slave$1145447222$0$pad',1),
connected('spi_slave$01366864342$0$alternate_receive_buffer_int','spi_slave$01881239128$0$signal_in',1),
connected('spi_slave$01366864342$0$standard_receive_buffer_int','spi_slave$01881239128$0$signal_in',1),
connected('spi_slave$01366864342$0$standard_transmit_buffer_int','spi_slave$01881239066$0$signal_in',1),
connected('spi_slave$1145447222$0$pad','spi_slave$912294912$0$pin',1),
connected('spi_slave$01333033692$0$pad','spi_slave$1438010906$0$pin',1),
connected('spi_slave$01333033692$0$pad','spi_slave$01366864342$0$dx0ins',1),
connected('spi_slave$0403454326$0$pad','spi_slave$1074287872$0$pin',1),
connected('spi_slave$0403454326$0$pad','spi_slave$01366864342$0$dx1ins',1),
connected('spi_slave$125532735$0$pad','spi_slave$01073724151$0$pin',1),
connected('spi_slave$125532735$0$pad','spi_slave$01366864342$0$dx2ins',1),
connected('clock_xmc4$01551391625$0$fccu','global_ccu4$01760137752$0$clk',1),
connected('encoder_posif$01512731969$0$pin','encoder_posif$0122803319$0$pad',1),
connected('encoder_posif$01508859622$0$pin','encoder_posif$01718583280$0$pad',1),
connected('encoder_posif$01508859621$0$pin','encoder_posif$01718583279$0$pad',1),
connected('encoder_posif$1605311928$0$st','encoder_posif$1605311925$0$gp2_unsync',1),
connected('encoder_posif$1605311928$0$st','encoder_posif$1605311927$0$gp1_unsync',1),
connected('encoder_posif$0809707646$0$out0','encoder_posif$1605311925$0$gp0_unsync',1),
connected('encoder_posif$0809707646$0$out1','encoder_posif$1605311925$0$gp1_unsync',1),
connected('encoder_posif$0809707646$0$out2','encoder_posif$1605311927$0$gp0_unsync',1),
connected('encoder_posif$0809707646$0$out5','encoder_posif$1605311928$0$gp0_unsync',1),
connected('encoder_posif$0122803319$0$pad','encoder_posif$01512731969$0$pin',1),
connected('encoder_posif$01718583280$0$pad','encoder_posif$01508859622$0$pin',1),
connected('encoder_posif$01718583280$0$pad','encoder_posif$0809707646$0$ipos0',1),
connected('encoder_posif$01718583279$0$pad','encoder_posif$01508859621$0$pin',1),
connected('encoder_posif$01718583279$0$pad','encoder_posif$0809707646$0$ipos1',1),
connected('global_ccu4$01760137752$0$global_signal','encoder_posif$1605311925$0$global_signal',1),
connected('global_ccu4$01760137752$0$global_signal','encoder_posif$1605311927$0$global_signal',1),
connected('global_ccu4$01760137752$0$global_signal','encoder_posif$1605311928$0$global_signal',1),
connected('clock_xmc4$01551391625$0$fccu','global_ccu4$01748821625$1$clk',1),
connected('encoder_posif$01182966208$1$pin','encoder_posif$227996618$1$pad',1),
connected('encoder_posif$01575866375$1$pin','encoder_posif$1579311663$1$pad',1),
connected('encoder_posif$01575866374$1$pin','encoder_posif$1579311664$1$pad',1),
connected('encoder_posif$760840057$1$st','encoder_posif$760840054$1$gp2_unsync',1),
connected('encoder_posif$760840057$1$st','encoder_posif$760840056$1$gp1_unsync',1),
connected('encoder_posif$1447203361$1$out0','encoder_posif$760840054$1$gp0_unsync',1),
connected('encoder_posif$1447203361$1$out1','encoder_posif$760840054$1$gp1_unsync',1),
connected('encoder_posif$1447203361$1$out2','encoder_posif$760840056$1$gp0_unsync',1),
connected('encoder_posif$1447203361$1$out5','encoder_posif$760840057$1$gp0_unsync',1),
connected('encoder_posif$227996618$1$pad','encoder_posif$01182966208$1$pin',1),
connected('encoder_posif$1579311663$1$pad','encoder_posif$01575866375$1$pin',1),
connected('encoder_posif$1579311663$1$pad','encoder_posif$1447203361$1$ipos0',1),
connected('encoder_posif$1579311664$1$pad','encoder_posif$01575866374$1$pin',1),
connected('encoder_posif$1579311664$1$pad','encoder_posif$1447203361$1$ipos1',1),
connected('global_ccu4$01748821625$1$global_signal','encoder_posif$760840054$1$global_signal',1),
connected('global_ccu4$01748821625$1$global_signal','encoder_posif$760840056$1$global_signal',1),
connected('global_ccu4$01748821625$1$global_signal','encoder_posif$760840057$1$global_signal',1),
connected('analog_io$0459569530$0$pad','adc_measurement_adv$1424598793$0$gch',1),
connected('analog_io$0970103707$1$pad','adc_measurement_adv$1212889708$0$gch',1),
connected('analog_io$01480637884$2$pad','adc_measurement_adv$1212889704$0$gch',1),
connected('analog_io$01991172061$3$pad','adc_measurement_adv$1424598801$0$gch',1),
connected('analog_io$1793261058$4$pad','adc_measurement_adv$1424598797$0$gch',1),
connected('adc_measurement_adv$1424598793$0$res_sel','adc_measurement_adv$0461604565$0$res_sel',1),
connected('adc_measurement_adv$1212889704$0$res_sel','adc_measurement_adv$0461604562$0$res_sel',1),
connected('adc_measurement_adv$1212889708$0$res_sel','adc_measurement_adv$0461604561$0$res_sel',1),
connected('adc_measurement_adv$1424598797$0$res_sel','adc_measurement_adv$0461604564$0$res_sel',1),
connected('adc_measurement_adv$1424598801$0$res_sel','adc_measurement_adv$0461604563$0$res_sel',1),
connected('adc_measurement_adv$248008525$0$ch_class_sel','adc_measurement_adv$1424598793$0$iclass_sel',1),
connected('adc_measurement_adv$248008525$0$ch_class_sel','adc_measurement_adv$1424598797$0$iclass_sel',1),
connected('adc_measurement_adv$248008525$0$ch_class_sel','adc_measurement_adv$1424598801$0$iclass_sel',1),
connected('adc_measurement_adv$248008525$0$ch_class_sel','adc_measurement_adv$1212889704$0$iclass_sel',1),
connected('adc_measurement_adv$248008525$0$ch_class_sel','adc_measurement_adv$1212889708$0$iclass_sel',1),
connected('adc_measurement_adv$431302940$0$class_sel','adc_measurement_adv$248008525$0$scan_class_sel',1),
connected('global_adc$1790945385$0$global_signal','adc_measurement_adv$431302940$0$global_signal',1),
connected('analog_io$01694626416$0$pin','analog_io$0459569530$0$pad',1),
connected('analog_io$0459569530$0$pad','analog_io$01694626416$0$pin',1),
connected('analog_io$562284591$1$pin','analog_io$0970103707$1$pad',1),
connected('analog_io$0970103707$1$pad','analog_io$562284591$1$pin',1),
connected('analog_io$01475771698$2$pin','analog_io$01480637884$2$pad',1),
connected('analog_io$01480637884$2$pad','analog_io$01475771698$2$pin',1),
connected('analog_io$781139309$3$pin','analog_io$01991172061$3$pad',1),
connected('analog_io$01991172061$3$pad','analog_io$781139309$3$pin',1),
connected('analog_io$01256916980$4$pin','analog_io$1793261058$4$pad',1),
connected('analog_io$1793261058$4$pad','analog_io$01256916980$4$pin',1),
connected('analog_io$01889477709$10$pad','adc_measurement_adv$0276141682$1$gch',1),
connected('analog_io$1894955410$11$pad','adc_measurement_adv$0276141686$1$gch',1),
connected('analog_io$1282726881$5$pad','adc_measurement_adv$29542413$1$gch',1),
connected('analog_io$772192704$6$pad','adc_measurement_adv$29542412$1$gch',1),
connected('analog_io$261658527$7$pad','adc_measurement_adv$29542411$1$gch',1),
connected('analog_io$0248875650$8$pad','adc_measurement_adv$29542407$1$gch',1),
connected('analog_io$0759409827$9$pad','adc_measurement_adv$0276141678$1$gch',1),
connected('adc_measurement_adv$0276141686$1$res_sel','adc_measurement_adv$1509334892$1$res_sel',1),
connected('adc_measurement_adv$29542407$1$res_sel','adc_measurement_adv$1509334895$1$res_sel',1),
connected('adc_measurement_adv$29542411$1$res_sel','adc_measurement_adv$1509334896$1$res_sel',1),
connected('adc_measurement_adv$29542412$1$res_sel','adc_measurement_adv$1509334897$1$res_sel',1),
connected('adc_measurement_adv$29542413$1$res_sel','adc_measurement_adv$1509334898$1$res_sel',1),
connected('adc_measurement_adv$0276141682$1$res_sel','adc_measurement_adv$1509334893$1$res_sel',1),
connected('adc_measurement_adv$0276141678$1$res_sel','adc_measurement_adv$1509334894$1$res_sel',1),
connected('adc_measurement_adv$1492773006$1$ch_class_sel','adc_measurement_adv$0276141686$1$iclass_sel',1),
connected('adc_measurement_adv$1492773006$1$ch_class_sel','adc_measurement_adv$0276141682$1$iclass_sel',1),
connected('adc_measurement_adv$1492773006$1$ch_class_sel','adc_measurement_adv$0276141678$1$iclass_sel',1),
connected('adc_measurement_adv$1492773006$1$ch_class_sel','adc_measurement_adv$29542407$1$iclass_sel',1),
connected('adc_measurement_adv$1492773006$1$ch_class_sel','adc_measurement_adv$29542411$1$iclass_sel',1),
connected('adc_measurement_adv$1492773006$1$ch_class_sel','adc_measurement_adv$29542412$1$iclass_sel',1),
connected('adc_measurement_adv$1492773006$1$ch_class_sel','adc_measurement_adv$29542413$1$iclass_sel',1),
connected('adc_measurement_adv$1784612637$1$class_sel','adc_measurement_adv$1492773006$1$scan_class_sel',1),
connected('global_adc$1790945385$0$global_signal','adc_measurement_adv$1784612637$1$global_signal',1),
connected('analog_io$999994027$5$pin','analog_io$1282726881$5$pad',1),
connected('analog_io$1282726881$5$pad','analog_io$999994027$5$pin',1),
connected('analog_io$01038062262$6$pin','analog_io$772192704$6$pad',1),
connected('analog_io$772192704$6$pad','analog_io$01038062262$6$pin',1),
connected('analog_io$1218848745$7$pin','analog_io$261658527$7$pad',1),
connected('analog_io$261658527$7$pad','analog_io$1218848745$7$pin',1),
connected('analog_io$0819207544$8$pin','analog_io$0248875650$8$pad',1),
connected('analog_io$0248875650$8$pad','analog_io$0819207544$8$pin',1),
connected('analog_io$1437703463$9$pin','analog_io$0759409827$9$pad',1),
connected('analog_io$0759409827$9$pad','analog_io$1437703463$9$pin',1),
connected('analog_io$472386813$10$pin','analog_io$01889477709$10$pad',1),
connected('analog_io$01889477709$10$pad','analog_io$472386813$10$pin',1),
connected('analog_io$01565669476$11$pin','analog_io$1894955410$11$pad',1),
connected('analog_io$1894955410$11$pad','analog_io$01565669476$11$pin',1),
connected('digital_io$02001255827$1$pin','digital_io$01893669597$1$pad',1),
connected('digital_io$01893669597$1$pad','digital_io$02001255827$1$pin',1),
connected('digital_io$255655180$2$pin','digital_io$1890763522$2$pad',1),
connected('digital_io$1890763522$2$pad','digital_io$255655180$2$pin',1),
connected('digital_io$01782401109$3$pin','digital_io$1380229345$3$pad',1),
connected('digital_io$1380229345$3$pad','digital_io$01782401109$3$pin',1),
connected('digital_io$474509898$4$pin','digital_io$869695168$4$pad',1),
connected('digital_io$869695168$4$pad','digital_io$474509898$4$pin',1),
connected('digital_io$01563546391$5$pin','digital_io$359160991$5$pad',1),
connected('digital_io$359160991$5$pad','digital_io$01563546391$5$pin',1),
connected('digital_io$693364616$6$pin','digital_io$0151373186$6$pad',1),
connected('digital_io$0151373186$6$pad','digital_io$693364616$6$pin',1),
connected('digital_io$01344691673$7$pin','digital_io$0661907363$7$pad',1),
connected('digital_io$0661907363$7$pad','digital_io$01344691673$7$pin',1),
connected('pin_interrupt$1126006561$0$pin','pin_interrupt$01353729833$0$pad',1),
connected('pin_interrupt$504037229$0$tr','pin_interrupt$1919814214$0$trin',1),
connected('pin_interrupt$01936049730$0$out','pin_interrupt$371705443$0$signal_in',1),
connected('pin_interrupt$01353729833$0$pad','pin_interrupt$1126006561$0$pin',1),
connected('pin_interrupt$01353729833$0$pad','pin_interrupt$504037229$0$PIN_INTERRUPT0sv0',1),
connected('pin_interrupt$1919814214$0$iout','pin_interrupt$01936049730$0$in',1),
register_value('cpu_ctrl_xmc4$1540657684$0',iocr_oe,1),
rg_constraint_property_value('cpu_ctrl_xmc4$1540657684$0', speed_class of rg_property, ['A2']),
uri_element_range(ADC_MEASUREMENT_ADV1sv39,[result, result_adv, result_filter]),
uri_element_range(ADC_MEASUREMENT_ADV0sv30,[result, result_adv, result_filter]),
uri_element_range(ANALOG_IO1sv0,[14, 15]),
register_value('cpu_ctrl_xmc4$1540657682$0',iocr_oe,1),
rg_constraint_property_value('cpu_ctrl_xmc4$1540657682$0', speed_class of rg_property, ['A2']),
uri_element_range(ADC_MEASUREMENT_ADV0sv24,[result, result_adv, result_filter]),
uri_element_range(ANALOG_IO11sv0,[14, 15]),
uri_element_range(DIGITAL_IO1sv0,[0, 1, 2, 3, 4, 5, 6, 7, 8, 9, 14, 15]),
uri_element_range(ANALOG_IO10sv0,[14, 15]),
register_value('uart$02118624699$0',ccr_hpcen,0),
register_value('uart$02118624699$0',tbctr_size,4),
register_value('uart$02118624699$0',rbctr_size,4),
uri_element_range(ADC_MEASUREMENT_ADV1sv21,[result, result_adv, result_filter]),
uri_element_range(ADC_MEASUREMENT_ADV1sv27,[result, result_adv, result_filter]),
uri_element_range(ANALOG_IO3sv0,[14, 15]),
uri_element_range(ADC_MEASUREMENT_ADV1sv33,[result, result_adv, result_filter]),
uri_element_range(DIGITAL_IO4sv0,[0, 1, 2, 3, 4, 5, 6, 7, 8, 9, 14, 15]),
uri_element_range(PIN_INTERRUPT0sv0,[a, b]),
uri_element_range(ANALOG_IO9sv0,[14, 15]),
uri_element_range(ANALOG_IO0sv0,[14, 15]),
uri_element_range(DIGITAL_IO7sv0,[0, 1, 2, 3, 4, 5, 6, 7, 8, 9, 14, 15]),
uri_element_range(ANALOG_IO7sv0,[14, 15]),
uri_element_range(ANALOG_IO6sv0,[14, 15]),
rg_constraint_property_value('uart$01053640750$0', speed_class of rg_property, ['A1','A1+','A2']),
uri_element_range(ADC_MEASUREMENT_ADV0sv33,[result, result_adv, result_filter]),
register_value('cpu_ctrl_xmc4$1540657683$0',iocr_oe,1),
rg_constraint_property_value('cpu_ctrl_xmc4$1540657683$0', speed_class of rg_property, ['A2']),
uri_element_range(ANALOG_IO5sv0,[14, 15]),
uri_element_range(ADC_MEASUREMENT_ADV0sv27,[result, result_adv, result_filter]),
register_value('cpu_ctrl_xmc4$1540657681$0',iocr_oe,1),
rg_constraint_property_value('cpu_ctrl_xmc4$1540657681$0', speed_class of rg_property, ['A2']),
uri_element_range(ANALOG_IO8sv0,[14, 15]),
uri_element_range(ADC_MEASUREMENT_ADV0sv21,[result, result_adv, result_filter]),
uri_element_range(DIGITAL_IO6sv0,[0, 1, 2, 3, 4, 5, 6, 7, 8, 9, 14, 15]),
uri_element_range(DIGITAL_IO5sv0,[0, 1, 2, 3, 4, 5, 6, 7, 8, 9, 14, 15]),
uri_element_range(DIGITAL_IO3sv0,[0, 1, 2, 3, 4, 5, 6, 7, 8, 9, 14, 15]),
uri_element_range(DIGITAL_IO2sv0,[0, 1, 2, 3, 4, 5, 6, 7, 8, 9, 14, 15]),
rg_constraint_property_value('spi_slave$1145447222$0', speed_class of rg_property, ['A1+','A2']),
uri_element_range(ADC_MEASUREMENT_ADV1sv24,[result, result_adv, result_filter]),
uri_element_range(ADC_MEASUREMENT_ADV1sv30,[result, result_adv, result_filter]),
uri_element_range(ADC_MEASUREMENT_ADV1sv36,[result, result_adv, result_filter]),
uri_element_range(ANALOG_IO4sv0,[14, 15]),
register_value('cpu_ctrl_xmc4$1445176365$0',iocr_oe,1),
rg_constraint_property_value('cpu_ctrl_xmc4$1445176365$0', speed_class of rg_property, ['A2']),
register_value('spi_slave$01366864342$0',ccr_hpcen,0),
register_value('spi_slave$01366864342$0',tbctr_size,4),
register_value('spi_slave$01366864342$0',rbctr_size,4),
uri_element_range(ANALOG_IO2sv0,[14, 15])],'encoder_posif$01575866374$1',Result),15,writeln(timeout),all_solution, Timer, Due, Remainder).



Jul 07, 2026 11:39:37 PM java.util.logging.LogManager$RootLogger log
INFO: 
End of solver : getFeasiblePins() :  Difference in ms 733


Jul 07, 2026 11:39:37 PM java.util.logging.LogManager$RootLogger log
INFO: [/devicepackage/0/36, /devicepackage/0/110, /devicepackage/0/70, /devicepackage/0/12]


