14:42:52 **** Incremental Build of configuration Debug for project STM32L476RGT6 ****
make -j12 all 
arm-none-eabi-size  STM32L476RGT6.elf 
   text	   data	    bss	    dec	    hex	filename
   4948	     12	   1572	   6532	   1984	STM32L476RGT6.elf
Finished building: default.size.stdout
 
15:59:35 **** Incremental Build of configuration Debug for project STM32L476RGT6 ****
make -j12 all 
arm-none-eabi-size  STM32L476RGT6.elf 
   text	   data	    bss	    dec	    hex	filename
   4948	     12	   1572	   6532	   1984	STM32L476RGT6.elf
Finished building: default.size.stdout
 
16:01:30 **** Incremental Build of configuration Debug for project STM32L476RGT6 ****
make -j12 all 
arm-none-eabi-gcc "../Core/Src/main.c" -mcpu=cortex-m4 -std=gnu11 -g3 -DDEBUG -DUSE_HAL_DRIVER -DSTM32L476xx -c -I../Core/Inc -I../Drivers/STM32L4xx_HAL_Driver/Inc -I../Drivers/STM32L4xx_HAL_Driver/Inc/Legacy -I../Drivers/CMSIS/Device/ST/STM32L4xx/Include -I../Drivers/CMSIS/Include -O0 -ffunction-sections -fdata-sections -Wall -fstack-usage -fcyclomatic-complexity -MMD -MP -MF"Core/Src/main.d" -MT"Core/Src/main.o" --specs=nano.specs -mfpu=fpv4-sp-d16 -mfloat-abi=hard -mthumb -o "Core/Src/main.o"
arm-none-eabi-gcc -o "STM32L476RGT6.elf" @"objects.list"   -mcpu=cortex-m4 -T"D:\Projekty\TrinityTrack6000\STM32\STM32L476RGT6\STM32L476RGTX_FLASH.ld" --specs=nosys.specs -Wl,-Map="STM32L476RGT6.map" -Wl,--gc-sections -static --specs=nano.specs -mfpu=fpv4-sp-d16 -mfloat-abi=hard -mthumb -Wl,--start-group -lc -lm -Wl,--end-group
D:/Programy/STM32CubeIDE_1.19.0/STM32CubeIDE/plugins/com.st.stm32cube.ide.mcu.externaltools.gnu-tools-for-stm32.13.3.rel1.win32_1.0.0.202411081344/tools/bin/../lib/gcc/arm-none-eabi/13.3.1/../../../../arm-none-eabi/bin/ld.exe: ./Core/Src/main.o: in function `main':
D:/Projekty/TrinityTrack6000/STM32/STM32L476RGT6/Debug/../Core/Src/main.c:84:(.text.main+0xc): undefined reference to `ram_dump'
collect2.exe: error: ld returned 1 exit status
make: *** [makefile:64: STM32L476RGT6.elf] Error 1
"make -j12 all" terminated with exit code 2. Build might be incomplete.
16:02:27 **** Incremental Build of configuration Debug for project STM32L476RGT6 ****
make -j12 all 
arm-none-eabi-gcc -o "STM32L476RGT6.elf" @"objects.list"   -mcpu=cortex-m4 -T"D:\Projekty\TrinityTrack6000\STM32\STM32L476RGT6\STM32L476RGTX_FLASH.ld" --specs=nosys.specs -Wl,-Map="STM32L476RGT6.map" -Wl,--gc-sections -static --specs=nano.specs -mfpu=fpv4-sp-d16 -mfloat-abi=hard -mthumb -Wl,--start-group -lc -lm -Wl,--end-group
D:/Programy/STM32CubeIDE_1.19.0/STM32CubeIDE/plugins/com.st.stm32cube.ide.mcu.externaltools.gnu-tools-for-stm32.13.3.rel1.win32_1.0.0.202411081344/tools/bin/../lib/gcc/arm-none-eabi/13.3.1/../../../../arm-none-eabi/bin/ld.exe: ./Core/Src/main.o: in function `main':
D:/Projekty/TrinityTrack6000/STM32/STM32L476RGT6/Debug/../Core/Src/main.c:84:(.text.main+0xc): undefined reference to `ram_dump'
collect2.exe: error: ld returned 1 exit status
make: *** [makefile:64: STM32L476RGT6.elf] Error 1
"make -j12 all" terminated with exit code 2. Build might be incomplete.
16:02:42 **** Incremental Build of configuration Debug for project STM32L476RGT6 ****
make -j12 all 
arm-none-eabi-gcc -o "STM32L476RGT6.elf" @"objects.list"   -mcpu=cortex-m4 -T"D:\Projekty\TrinityTrack6000\STM32\STM32L476RGT6\STM32L476RGTX_FLASH.ld" --specs=nosys.specs -Wl,-Map="STM32L476RGT6.map" -Wl,--gc-sections -static --specs=nano.specs -mfpu=fpv4-sp-d16 -mfloat-abi=hard -mthumb -Wl,--start-group -lc -lm -Wl,--end-group
D:/Programy/STM32CubeIDE_1.19.0/STM32CubeIDE/plugins/com.st.stm32cube.ide.mcu.externaltools.gnu-tools-for-stm32.13.3.rel1.win32_1.0.0.202411081344/tools/bin/../lib/gcc/arm-none-eabi/13.3.1/../../../../arm-none-eabi/bin/ld.exe: ./Core/Src/main.o: in function `main':
D:/Projekty/TrinityTrack6000/STM32/STM32L476RGT6/Debug/../Core/Src/main.c:84:(.text.main+0xc): undefined reference to `ram_dump'
collect2.exe: error: ld returned 1 exit status
make: *** [makefile:64: STM32L476RGT6.elf] Error 1
"make -j12 all" terminated with exit code 2. Build might be incomplete.
16:05:19 **** Incremental Build of configuration Debug for project STM32L476RGT6 ****
make -j12 all 
arm-none-eabi-gcc -o "STM32L476RGT6.elf" @"objects.list"   -mcpu=cortex-m4 -T"D:\Projekty\TrinityTrack6000\STM32\STM32L476RGT6\STM32L476RGTX_FLASH.ld" --specs=nosys.specs -Wl,-Map="STM32L476RGT6.map" -Wl,--gc-sections -static --specs=nano.specs -mfpu=fpv4-sp-d16 -mfloat-abi=hard -mthumb -Wl,--start-group -lc -lm -Wl,--end-group
D:/Programy/STM32CubeIDE_1.19.0/STM32CubeIDE/plugins/com.st.stm32cube.ide.mcu.externaltools.gnu-tools-for-stm32.13.3.rel1.win32_1.0.0.202411081344/tools/bin/../lib/gcc/arm-none-eabi/13.3.1/../../../../arm-none-eabi/bin/ld.exe: ./Core/Src/main.o: in function `main':
D:/Projekty/TrinityTrack6000/STM32/STM32L476RGT6/Debug/../Core/Src/main.c:84:(.text.main+0xc): undefined reference to `ram_dump'
collect2.exe: error: ld returned 1 exit status
make: *** [makefile:64: STM32L476RGT6.elf] Error 1
"make -j12 all" terminated with exit code 2. Build might be incomplete.
16:05:50 **** Clean-only build of configuration Debug for project STM32L476RGT6 ****
make -j12 clean 
rm -rf ./Drivers/STM32L4xx_HAL_Driver/Src/stm32l4xx_hal.cyclo ./Drivers/STM32L4xx_HAL_Driver/Src/stm32l4xx_hal.d ./Drivers/STM32L4xx_HAL_Driver/Src/stm32l4xx_hal.o ./Drivers/STM32L4xx_HAL_Driver/Src/stm32l4xx_hal.su ./Drivers/STM32L4xx_HAL_Driver/Src/stm32l4xx_hal_cortex.cyclo ./Drivers/STM32L4xx_HAL_Driver/Src/stm32l4xx_hal_cortex.d ./Drivers/STM32L4xx_HAL_Driver/Src/stm32l4xx_hal_cortex.o ./Drivers/STM32L4xx_HAL_Driver/Src/stm32l4xx_hal_cortex.su ./Drivers/STM32L4xx_HAL_Driver/Src/stm32l4xx_hal_dma.cyclo ./Drivers/STM32L4xx_HAL_Driver/Src/stm32l4xx_hal_dma.d ./Drivers/STM32L4xx_HAL_Driver/Src/stm32l4xx_hal_dma.o ./Drivers/STM32L4xx_HAL_Driver/Src/stm32l4xx_hal_dma.su ./Drivers/STM32L4xx_HAL_Driver/Src/stm32l4xx_hal_dma_ex.cyclo ./Drivers/STM32L4xx_HAL_Driver/Src/stm32l4xx_hal_dma_ex.d ./Drivers/STM32L4xx_HAL_Driver/Src/stm32l4xx_hal_dma_ex.o ./Drivers/STM32L4xx_HAL_Driver/Src/stm32l4xx_hal_dma_ex.su ./Drivers/STM32L4xx_HAL_Driver/Src/stm32l4xx_hal_exti.cyclo ./Drivers/STM32L4xx_HAL_Driver/Src/stm32l4xx_hal_exti.d ./Drivers/STM32L4xx_HAL_Driver/Src/stm32l4xx_hal_exti.o ./Drivers/STM32L4xx_HAL_Driver/Src/stm32l4xx_hal_exti.su ./Drivers/STM32L4xx_HAL_Driver/Src/stm32l4xx_hal_flash.cyclo ./Drivers/STM32L4xx_HAL_Driver/Src/stm32l4xx_hal_flash.d ./Drivers/STM32L4xx_HAL_Driver/Src/stm32l4xx_hal_flash.o ./Drivers/STM32L4xx_HAL_Driver/Src/stm32l4xx_hal_flash.su ./Drivers/STM32L4xx_HAL_Driver/Src/stm32l4xx_hal_flash_ex.cyclo ./Drivers/STM32L4xx_HAL_Driver/Src/stm32l4xx_hal_flash_ex.d ./Drivers/STM32L4xx_HAL_Driver/Src/stm32l4xx_hal_flash_ex.o ./Drivers/STM32L4xx_HAL_Driver/Src/stm32l4xx_hal_flash_ex.su ./Drivers/STM32L4xx_HAL_Driver/Src/stm32l4xx_hal_flash_ramfunc.cyclo ./Drivers/STM32L4xx_HAL_Driver/Src/stm32l4xx_hal_flash_ramfunc.d ./Drivers/STM32L4xx_HAL_Driver/Src/stm32l4xx_hal_flash_ramfunc.o ./Drivers/STM32L4xx_HAL_Driver/Src/stm32l4xx_hal_flash_ramfunc.su ./Drivers/STM32L4xx_HAL_Driver/Src/stm32l4xx_hal_gpio.cyclo ./Drivers/STM32L4xx_HAL_Driver/Src/stm32l4xx_hal_gpio.d ./Drivers/STM32L4xx_HAL_Driver/Src/stm32l4xx_hal_gpio.o ./Drivers/STM32L4xx_HAL_Driver/Src/stm32l4xx_hal_gpio.su ./Drivers/STM32L4xx_HAL_Driver/Src/stm32l4xx_hal_i2c.cyclo ./Drivers/STM32L4xx_HAL_Driver/Src/stm32l4xx_hal_i2c.d ./Drivers/STM32L4xx_HAL_Driver/Src/stm32l4xx_hal_i2c.o ./Drivers/STM32L4xx_HAL_Driver/Src/stm32l4xx_hal_i2c.su ./Drivers/STM32L4xx_HAL_Driver/Src/stm32l4xx_hal_i2c_ex.cyclo ./Drivers/STM32L4xx_HAL_Driver/Src/stm32l4xx_hal_i2c_ex.d ./Drivers/STM32L4xx_HAL_Driver/Src/stm32l4xx_hal_i2c_ex.o ./Drivers/STM32L4xx_HAL_Driver/Src/stm32l4xx_hal_i2c_ex.su ./Drivers/STM32L4xx_HAL_Driver/Src/stm32l4xx_hal_pwr.cyclo ./Drivers/STM32L4xx_HAL_Driver/Src/stm32l4xx_hal_pwr.d ./Drivers/STM32L4xx_HAL_Driver/Src/stm32l4xx_hal_pwr.o ./Drivers/STM32L4xx_HAL_Driver/Src/stm32l4xx_hal_pwr.su ./Drivers/STM32L4xx_HAL_Driver/Src/stm32l4xx_hal_pwr_ex.cyclo ./Drivers/STM32L4xx_HAL_Driver/Src/stm32l4xx_hal_pwr_ex.d ./Drivers/STM32L4xx_HAL_Driver/Src/stm32l4xx_hal_pwr_ex.o ./Drivers/STM32L4xx_HAL_Driver/Src/stm32l4xx_hal_pwr_ex.su ./Drivers/STM32L4xx_HAL_Driver/Src/stm32l4xx_hal_rcc.cyclo ./Drivers/STM32L4xx_HAL_Driver/Src/stm32l4xx_hal_rcc.d ./Drivers/STM32L4xx_HAL_Driver/Src/stm32l4xx_hal_rcc.o ./Drivers/STM32L4xx_HAL_Driver/Src/stm32l4xx_hal_rcc.su ./Drivers/STM32L4xx_HAL_Driver/Src/stm32l4xx_hal_rcc_ex.cyclo ./Drivers/STM32L4xx_HAL_Driver/Src/stm32l4xx_hal_rcc_ex.d ./Drivers/STM32L4xx_HAL_Driver/Src/stm32l4xx_hal_rcc_ex.o ./Drivers/STM32L4xx_HAL_Driver/Src/stm32l4xx_hal_rcc_ex.su
rm -rf ./Core/Startup/startup_stm32l476rgtx.d ./Core/Startup/startup_stm32l476rgtx.o
rm -rf ./Core/Src/main.cyclo ./Core/Src/main.d ./Core/Src/main.o ./Core/Src/main.su ./Core/Src/stm32l4xx_hal_msp.cyclo ./Core/Src/stm32l4xx_hal_msp.d ./Core/Src/stm32l4xx_hal_msp.o ./Core/Src/stm32l4xx_hal_msp.su ./Core/Src/stm32l4xx_it.cyclo ./Core/Src/stm32l4xx_it.d ./Core/Src/stm32l4xx_it.o ./Core/Src/stm32l4xx_it.su ./Core/Src/syscalls.cyclo ./Core/Src/syscalls.d ./Core/Src/syscalls.o ./Core/Src/syscalls.su ./Core/Src/sysmem.cyclo ./Core/Src/sysmem.d ./Core/Src/sysmem.o ./Core/Src/sysmem.su ./Core/Src/system_stm32l4xx.cyclo ./Core/Src/system_stm32l4xx.d ./Core/Src/system_stm32l4xx.o ./Core/Src/system_stm32l4xx.su
rm -rf STM32L476RGT6.elf STM32L476RGT6.list STM32L476RGT6.map default.size.stdout
 
16:05:51 **** Incremental Build of configuration Debug for project STM32L476RGT6 ****
make -j12 all 
arm-none-eabi-gcc "../Utils/mem_info.c" -mcpu=cortex-m4 -std=gnu11 -g3 -DDEBUG -DUSE_HAL_DRIVER -DSTM32L476xx -c -I../Core/Inc -I../Drivers/STM32L4xx_HAL_Driver/Inc -I../Drivers/STM32L4xx_HAL_Driver/Inc/Legacy -I../Drivers/CMSIS/Device/ST/STM32L4xx/Include -I../Drivers/CMSIS/Include -O0 -ffunction-sections -fdata-sections -Wall -fstack-usage -fcyclomatic-complexity -MMD -MP -MF"Utils/mem_info.d" -MT"Utils/mem_info.o" --specs=nano.specs -mfpu=fpv4-sp-d16 -mfloat-abi=hard -mthumb -o "Utils/mem_info.o"
arm-none-eabi-gcc "../Drivers/STM32L4xx_HAL_Driver/Src/stm32l4xx_hal.c" -mcpu=cortex-m4 -std=gnu11 -g3 -DDEBUG -DUSE_HAL_DRIVER -DSTM32L476xx -c -I../Core/Inc -I../Drivers/STM32L4xx_HAL_Driver/Inc -I../Drivers/STM32L4xx_HAL_Driver/Inc/Legacy -I../Drivers/CMSIS/Device/ST/STM32L4xx/Include -I../Drivers/CMSIS/Include -O0 -ffunction-sections -fdata-sections -Wall -fstack-usage -fcyclomatic-complexity -MMD -MP -MF"Drivers/STM32L4xx_HAL_Driver/Src/stm32l4xx_hal.d" -MT"Drivers/STM32L4xx_HAL_Driver/Src/stm32l4xx_hal.o" --specs=nano.specs -mfpu=fpv4-sp-d16 -mfloat-abi=hard -mthumb -o "Drivers/STM32L4xx_HAL_Driver/Src/stm32l4xx_hal.o"
arm-none-eabi-gcc "../Drivers/STM32L4xx_HAL_Driver/Src/stm32l4xx_hal_cortex.c" -mcpu=cortex-m4 -std=gnu11 -g3 -DDEBUG -DUSE_HAL_DRIVER -DSTM32L476xx -c -I../Core/Inc -I../Drivers/STM32L4xx_HAL_Driver/Inc -I../Drivers/STM32L4xx_HAL_Driver/Inc/Legacy -I../Drivers/CMSIS/Device/ST/STM32L4xx/Include -I../Drivers/CMSIS/Include -O0 -ffunction-sections -fdata-sections -Wall -fstack-usage -fcyclomatic-complexity -MMD -MP -MF"Drivers/STM32L4xx_HAL_Driver/Src/stm32l4xx_hal_cortex.d" -MT"Drivers/STM32L4xx_HAL_Driver/Src/stm32l4xx_hal_cortex.o" --specs=nano.specs -mfpu=fpv4-sp-d16 -mfloat-abi=hard -mthumb -o "Drivers/STM32L4xx_HAL_Driver/Src/stm32l4xx_hal_cortex.o"
arm-none-eabi-gcc "../Drivers/STM32L4xx_HAL_Driver/Src/stm32l4xx_hal_dma.c" -mcpu=cortex-m4 -std=gnu11 -g3 -DDEBUG -DUSE_HAL_DRIVER -DSTM32L476xx -c -I../Core/Inc -I../Drivers/STM32L4xx_HAL_Driver/Inc -I../Drivers/STM32L4xx_HAL_Driver/Inc/Legacy -I../Drivers/CMSIS/Device/ST/STM32L4xx/Include -I../Drivers/CMSIS/Include -O0 -ffunction-sections -fdata-sections -Wall -fstack-usage -fcyclomatic-complexity -MMD -MP -MF"Drivers/STM32L4xx_HAL_Driver/Src/stm32l4xx_hal_dma.d" -MT"Drivers/STM32L4xx_HAL_Driver/Src/stm32l4xx_hal_dma.o" --specs=nano.specs -mfpu=fpv4-sp-d16 -mfloat-abi=hard -mthumb -o "Drivers/STM32L4xx_HAL_Driver/Src/stm32l4xx_hal_dma.o"
arm-none-eabi-gcc "../Drivers/STM32L4xx_HAL_Driver/Src/stm32l4xx_hal_dma_ex.c" -mcpu=cortex-m4 -std=gnu11 -g3 -DDEBUG -DUSE_HAL_DRIVER -DSTM32L476xx -c -I../Core/Inc -I../Drivers/STM32L4xx_HAL_Driver/Inc -I../Drivers/STM32L4xx_HAL_Driver/Inc/Legacy -I../Drivers/CMSIS/Device/ST/STM32L4xx/Include -I../Drivers/CMSIS/Include -O0 -ffunction-sections -fdata-sections -Wall -fstack-usage -fcyclomatic-complexity -MMD -MP -MF"Drivers/STM32L4xx_HAL_Driver/Src/stm32l4xx_hal_dma_ex.d" -MT"Drivers/STM32L4xx_HAL_Driver/Src/stm32l4xx_hal_dma_ex.o" --specs=nano.specs -mfpu=fpv4-sp-d16 -mfloat-abi=hard -mthumb -o "Drivers/STM32L4xx_HAL_Driver/Src/stm32l4xx_hal_dma_ex.o"
arm-none-eabi-gcc "../Drivers/STM32L4xx_HAL_Driver/Src/stm32l4xx_hal_exti.c" -mcpu=cortex-m4 -std=gnu11 -g3 -DDEBUG -DUSE_HAL_DRIVER -DSTM32L476xx -c -I../Core/Inc -I../Drivers/STM32L4xx_HAL_Driver/Inc -I../Drivers/STM32L4xx_HAL_Driver/Inc/Legacy -I../Drivers/CMSIS/Device/ST/STM32L4xx/Include -I../Drivers/CMSIS/Include -O0 -ffunction-sections -fdata-sections -Wall -fstack-usage -fcyclomatic-complexity -MMD -MP -MF"Drivers/STM32L4xx_HAL_Driver/Src/stm32l4xx_hal_exti.d" -MT"Drivers/STM32L4xx_HAL_Driver/Src/stm32l4xx_hal_exti.o" --specs=nano.specs -mfpu=fpv4-sp-d16 -mfloat-abi=hard -mthumb -o "Drivers/STM32L4xx_HAL_Driver/Src/stm32l4xx_hal_exti.o"
arm-none-eabi-gcc "../Drivers/STM32L4xx_HAL_Driver/Src/stm32l4xx_hal_flash.c" -mcpu=cortex-m4 -std=gnu11 -g3 -DDEBUG -DUSE_HAL_DRIVER -DSTM32L476xx -c -I../Core/Inc -I../Drivers/STM32L4xx_HAL_Driver/Inc -I../Drivers/STM32L4xx_HAL_Driver/Inc/Legacy -I../Drivers/CMSIS/Device/ST/STM32L4xx/Include -I../Drivers/CMSIS/Include -O0 -ffunction-sections -fdata-sections -Wall -fstack-usage -fcyclomatic-complexity -MMD -MP -MF"Drivers/STM32L4xx_HAL_Driver/Src/stm32l4xx_hal_flash.d" -MT"Drivers/STM32L4xx_HAL_Driver/Src/stm32l4xx_hal_flash.o" --specs=nano.specs -mfpu=fpv4-sp-d16 -mfloat-abi=hard -mthumb -o "Drivers/STM32L4xx_HAL_Driver/Src/stm32l4xx_hal_flash.o"
arm-none-eabi-gcc "../Drivers/STM32L4xx_HAL_Driver/Src/stm32l4xx_hal_flash_ex.c" -mcpu=cortex-m4 -std=gnu11 -g3 -DDEBUG -DUSE_HAL_DRIVER -DSTM32L476xx -c -I../Core/Inc -I../Drivers/STM32L4xx_HAL_Driver/Inc -I../Drivers/STM32L4xx_HAL_Driver/Inc/Legacy -I../Drivers/CMSIS/Device/ST/STM32L4xx/Include -I../Drivers/CMSIS/Include -O0 -ffunction-sections -fdata-sections -Wall -fstack-usage -fcyclomatic-complexity -MMD -MP -MF"Drivers/STM32L4xx_HAL_Driver/Src/stm32l4xx_hal_flash_ex.d" -MT"Drivers/STM32L4xx_HAL_Driver/Src/stm32l4xx_hal_flash_ex.o" --specs=nano.specs -mfpu=fpv4-sp-d16 -mfloat-abi=hard -mthumb -o "Drivers/STM32L4xx_HAL_Driver/Src/stm32l4xx_hal_flash_ex.o"
arm-none-eabi-gcc "../Drivers/STM32L4xx_HAL_Driver/Src/stm32l4xx_hal_flash_ramfunc.c" -mcpu=cortex-m4 -std=gnu11 -g3 -DDEBUG -DUSE_HAL_DRIVER -DSTM32L476xx -c -I../Core/Inc -I../Drivers/STM32L4xx_HAL_Driver/Inc -I../Drivers/STM32L4xx_HAL_Driver/Inc/Legacy -I../Drivers/CMSIS/Device/ST/STM32L4xx/Include -I../Drivers/CMSIS/Include -O0 -ffunction-sections -fdata-sections -Wall -fstack-usage -fcyclomatic-complexity -MMD -MP -MF"Drivers/STM32L4xx_HAL_Driver/Src/stm32l4xx_hal_flash_ramfunc.d" -MT"Drivers/STM32L4xx_HAL_Driver/Src/stm32l4xx_hal_flash_ramfunc.o" --specs=nano.specs -mfpu=fpv4-sp-d16 -mfloat-abi=hard -mthumb -o "Drivers/STM32L4xx_HAL_Driver/Src/stm32l4xx_hal_flash_ramfunc.o"
arm-none-eabi-gcc "../Drivers/STM32L4xx_HAL_Driver/Src/stm32l4xx_hal_gpio.c" -mcpu=cortex-m4 -std=gnu11 -g3 -DDEBUG -DUSE_HAL_DRIVER -DSTM32L476xx -c -I../Core/Inc -I../Drivers/STM32L4xx_HAL_Driver/Inc -I../Drivers/STM32L4xx_HAL_Driver/Inc/Legacy -I../Drivers/CMSIS/Device/ST/STM32L4xx/Include -I../Drivers/CMSIS/Include -O0 -ffunction-sections -fdata-sections -Wall -fstack-usage -fcyclomatic-complexity -MMD -MP -MF"Drivers/STM32L4xx_HAL_Driver/Src/stm32l4xx_hal_gpio.d" -MT"Drivers/STM32L4xx_HAL_Driver/Src/stm32l4xx_hal_gpio.o" --specs=nano.specs -mfpu=fpv4-sp-d16 -mfloat-abi=hard -mthumb -o "Drivers/STM32L4xx_HAL_Driver/Src/stm32l4xx_hal_gpio.o"
arm-none-eabi-gcc "../Drivers/STM32L4xx_HAL_Driver/Src/stm32l4xx_hal_i2c.c" -mcpu=cortex-m4 -std=gnu11 -g3 -DDEBUG -DUSE_HAL_DRIVER -DSTM32L476xx -c -I../Core/Inc -I../Drivers/STM32L4xx_HAL_Driver/Inc -I../Drivers/STM32L4xx_HAL_Driver/Inc/Legacy -I../Drivers/CMSIS/Device/ST/STM32L4xx/Include -I../Drivers/CMSIS/Include -O0 -ffunction-sections -fdata-sections -Wall -fstack-usage -fcyclomatic-complexity -MMD -MP -MF"Drivers/STM32L4xx_HAL_Driver/Src/stm32l4xx_hal_i2c.d" -MT"Drivers/STM32L4xx_HAL_Driver/Src/stm32l4xx_hal_i2c.o" --specs=nano.specs -mfpu=fpv4-sp-d16 -mfloat-abi=hard -mthumb -o "Drivers/STM32L4xx_HAL_Driver/Src/stm32l4xx_hal_i2c.o"
arm-none-eabi-gcc "../Drivers/STM32L4xx_HAL_Driver/Src/stm32l4xx_hal_i2c_ex.c" -mcpu=cortex-m4 -std=gnu11 -g3 -DDEBUG -DUSE_HAL_DRIVER -DSTM32L476xx -c -I../Core/Inc -I../Drivers/STM32L4xx_HAL_Driver/Inc -I../Drivers/STM32L4xx_HAL_Driver/Inc/Legacy -I../Drivers/CMSIS/Device/ST/STM32L4xx/Include -I../Drivers/CMSIS/Include -O0 -ffunction-sections -fdata-sections -Wall -fstack-usage -fcyclomatic-complexity -MMD -MP -MF"Drivers/STM32L4xx_HAL_Driver/Src/stm32l4xx_hal_i2c_ex.d" -MT"Drivers/STM32L4xx_HAL_Driver/Src/stm32l4xx_hal_i2c_ex.o" --specs=nano.specs -mfpu=fpv4-sp-d16 -mfloat-abi=hard -mthumb -o "Drivers/STM32L4xx_HAL_Driver/Src/stm32l4xx_hal_i2c_ex.o"
arm-none-eabi-gcc "../Drivers/STM32L4xx_HAL_Driver/Src/stm32l4xx_hal_pwr.c" -mcpu=cortex-m4 -std=gnu11 -g3 -DDEBUG -DUSE_HAL_DRIVER -DSTM32L476xx -c -I../Core/Inc -I../Drivers/STM32L4xx_HAL_Driver/Inc -I../Drivers/STM32L4xx_HAL_Driver/Inc/Legacy -I../Drivers/CMSIS/Device/ST/STM32L4xx/Include -I../Drivers/CMSIS/Include -O0 -ffunction-sections -fdata-sections -Wall -fstack-usage -fcyclomatic-complexity -MMD -MP -MF"Drivers/STM32L4xx_HAL_Driver/Src/stm32l4xx_hal_pwr.d" -MT"Drivers/STM32L4xx_HAL_Driver/Src/stm32l4xx_hal_pwr.o" --specs=nano.specs -mfpu=fpv4-sp-d16 -mfloat-abi=hard -mthumb -o "Drivers/STM32L4xx_HAL_Driver/Src/stm32l4xx_hal_pwr.o"
arm-none-eabi-gcc "../Drivers/STM32L4xx_HAL_Driver/Src/stm32l4xx_hal_pwr_ex.c" -mcpu=cortex-m4 -std=gnu11 -g3 -DDEBUG -DUSE_HAL_DRIVER -DSTM32L476xx -c -I../Core/Inc -I../Drivers/STM32L4xx_HAL_Driver/Inc -I../Drivers/STM32L4xx_HAL_Driver/Inc/Legacy -I../Drivers/CMSIS/Device/ST/STM32L4xx/Include -I../Drivers/CMSIS/Include -O0 -ffunction-sections -fdata-sections -Wall -fstack-usage -fcyclomatic-complexity -MMD -MP -MF"Drivers/STM32L4xx_HAL_Driver/Src/stm32l4xx_hal_pwr_ex.d" -MT"Drivers/STM32L4xx_HAL_Driver/Src/stm32l4xx_hal_pwr_ex.o" --specs=nano.specs -mfpu=fpv4-sp-d16 -mfloat-abi=hard -mthumb -o "Drivers/STM32L4xx_HAL_Driver/Src/stm32l4xx_hal_pwr_ex.o"
arm-none-eabi-gcc "../Drivers/STM32L4xx_HAL_Driver/Src/stm32l4xx_hal_rcc.c" -mcpu=cortex-m4 -std=gnu11 -g3 -DDEBUG -DUSE_HAL_DRIVER -DSTM32L476xx -c -I../Core/Inc -I../Drivers/STM32L4xx_HAL_Driver/Inc -I../Drivers/STM32L4xx_HAL_Driver/Inc/Legacy -I../Drivers/CMSIS/Device/ST/STM32L4xx/Include -I../Drivers/CMSIS/Include -O0 -ffunction-sections -fdata-sections -Wall -fstack-usage -fcyclomatic-complexity -MMD -MP -MF"Drivers/STM32L4xx_HAL_Driver/Src/stm32l4xx_hal_rcc.d" -MT"Drivers/STM32L4xx_HAL_Driver/Src/stm32l4xx_hal_rcc.o" --specs=nano.specs -mfpu=fpv4-sp-d16 -mfloat-abi=hard -mthumb -o "Drivers/STM32L4xx_HAL_Driver/Src/stm32l4xx_hal_rcc.o"
arm-none-eabi-gcc "../Drivers/STM32L4xx_HAL_Driver/Src/stm32l4xx_hal_rcc_ex.c" -mcpu=cortex-m4 -std=gnu11 -g3 -DDEBUG -DUSE_HAL_DRIVER -DSTM32L476xx -c -I../Core/Inc -I../Drivers/STM32L4xx_HAL_Driver/Inc -I../Drivers/STM32L4xx_HAL_Driver/Inc/Legacy -I../Drivers/CMSIS/Device/ST/STM32L4xx/Include -I../Drivers/CMSIS/Include -O0 -ffunction-sections -fdata-sections -Wall -fstack-usage -fcyclomatic-complexity -MMD -MP -MF"Drivers/STM32L4xx_HAL_Driver/Src/stm32l4xx_hal_rcc_ex.d" -MT"Drivers/STM32L4xx_HAL_Driver/Src/stm32l4xx_hal_rcc_ex.o" --specs=nano.specs -mfpu=fpv4-sp-d16 -mfloat-abi=hard -mthumb -o "Drivers/STM32L4xx_HAL_Driver/Src/stm32l4xx_hal_rcc_ex.o"
arm-none-eabi-gcc -mcpu=cortex-m4 -g3 -DDEBUG -c -x assembler-with-cpp -MMD -MP -MF"Core/Startup/startup_stm32l476rgtx.d" -MT"Core/Startup/startup_stm32l476rgtx.o" --specs=nano.specs -mfpu=fpv4-sp-d16 -mfloat-abi=hard -mthumb -o "Core/Startup/startup_stm32l476rgtx.o" "../Core/Startup/startup_stm32l476rgtx.s"
arm-none-eabi-gcc "../Core/Src/main.c" -mcpu=cortex-m4 -std=gnu11 -g3 -DDEBUG -DUSE_HAL_DRIVER -DSTM32L476xx -c -I../Core/Inc -I../Drivers/STM32L4xx_HAL_Driver/Inc -I../Drivers/STM32L4xx_HAL_Driver/Inc/Legacy -I../Drivers/CMSIS/Device/ST/STM32L4xx/Include -I../Drivers/CMSIS/Include -O0 -ffunction-sections -fdata-sections -Wall -fstack-usage -fcyclomatic-complexity -MMD -MP -MF"Core/Src/main.d" -MT"Core/Src/main.o" --specs=nano.specs -mfpu=fpv4-sp-d16 -mfloat-abi=hard -mthumb -o "Core/Src/main.o"
arm-none-eabi-gcc "../Core/Src/stm32l4xx_hal_msp.c" -mcpu=cortex-m4 -std=gnu11 -g3 -DDEBUG -DUSE_HAL_DRIVER -DSTM32L476xx -c -I../Core/Inc -I../Drivers/STM32L4xx_HAL_Driver/Inc -I../Drivers/STM32L4xx_HAL_Driver/Inc/Legacy -I../Drivers/CMSIS/Device/ST/STM32L4xx/Include -I../Drivers/CMSIS/Include -O0 -ffunction-sections -fdata-sections -Wall -fstack-usage -fcyclomatic-complexity -MMD -MP -MF"Core/Src/stm32l4xx_hal_msp.d" -MT"Core/Src/stm32l4xx_hal_msp.o" --specs=nano.specs -mfpu=fpv4-sp-d16 -mfloat-abi=hard -mthumb -o "Core/Src/stm32l4xx_hal_msp.o"
arm-none-eabi-gcc "../Core/Src/stm32l4xx_it.c" -mcpu=cortex-m4 -std=gnu11 -g3 -DDEBUG -DUSE_HAL_DRIVER -DSTM32L476xx -c -I../Core/Inc -I../Drivers/STM32L4xx_HAL_Driver/Inc -I../Drivers/STM32L4xx_HAL_Driver/Inc/Legacy -I../Drivers/CMSIS/Device/ST/STM32L4xx/Include -I../Drivers/CMSIS/Include -O0 -ffunction-sections -fdata-sections -Wall -fstack-usage -fcyclomatic-complexity -MMD -MP -MF"Core/Src/stm32l4xx_it.d" -MT"Core/Src/stm32l4xx_it.o" --specs=nano.specs -mfpu=fpv4-sp-d16 -mfloat-abi=hard -mthumb -o "Core/Src/stm32l4xx_it.o"
arm-none-eabi-gcc "../Core/Src/syscalls.c" -mcpu=cortex-m4 -std=gnu11 -g3 -DDEBUG -DUSE_HAL_DRIVER -DSTM32L476xx -c -I../Core/Inc -I../Drivers/STM32L4xx_HAL_Driver/Inc -I../Drivers/STM32L4xx_HAL_Driver/Inc/Legacy -I../Drivers/CMSIS/Device/ST/STM32L4xx/Include -I../Drivers/CMSIS/Include -O0 -ffunction-sections -fdata-sections -Wall -fstack-usage -fcyclomatic-complexity -MMD -MP -MF"Core/Src/syscalls.d" -MT"Core/Src/syscalls.o" --specs=nano.specs -mfpu=fpv4-sp-d16 -mfloat-abi=hard -mthumb -o "Core/Src/syscalls.o"
arm-none-eabi-gcc "../Core/Src/sysmem.c" -mcpu=cortex-m4 -std=gnu11 -g3 -DDEBUG -DUSE_HAL_DRIVER -DSTM32L476xx -c -I../Core/Inc -I../Drivers/STM32L4xx_HAL_Driver/Inc -I../Drivers/STM32L4xx_HAL_Driver/Inc/Legacy -I../Drivers/CMSIS/Device/ST/STM32L4xx/Include -I../Drivers/CMSIS/Include -O0 -ffunction-sections -fdata-sections -Wall -fstack-usage -fcyclomatic-complexity -MMD -MP -MF"Core/Src/sysmem.d" -MT"Core/Src/sysmem.o" --specs=nano.specs -mfpu=fpv4-sp-d16 -mfloat-abi=hard -mthumb -o "Core/Src/sysmem.o"
arm-none-eabi-gcc "../Core/Src/system_stm32l4xx.c" -mcpu=cortex-m4 -std=gnu11 -g3 -DDEBUG -DUSE_HAL_DRIVER -DSTM32L476xx -c -I../Core/Inc -I../Drivers/STM32L4xx_HAL_Driver/Inc -I../Drivers/STM32L4xx_HAL_Driver/Inc/Legacy -I../Drivers/CMSIS/Device/ST/STM32L4xx/Include -I../Drivers/CMSIS/Include -O0 -ffunction-sections -fdata-sections -Wall -fstack-usage -fcyclomatic-complexity -MMD -MP -MF"Core/Src/system_stm32l4xx.d" -MT"Core/Src/system_stm32l4xx.o" --specs=nano.specs -mfpu=fpv4-sp-d16 -mfloat-abi=hard -mthumb -o "Core/Src/system_stm32l4xx.o"
arm-none-eabi-gcc -o "STM32L476RGT6.elf" @"objects.list"   -mcpu=cortex-m4 -T"D:\Projekty\TrinityTrack6000\STM32\STM32L476RGT6\STM32L476RGTX_FLASH.ld" --specs=nosys.specs -Wl,-Map="STM32L476RGT6.map" -Wl,--gc-sections -static --specs=nano.specs -mfpu=fpv4-sp-d16 -mfloat-abi=hard -mthumb -Wl,--start-group -lc -lm -Wl,--end-group
Finished building target: STM32L476RGT6.elf
 
arm-none-eabi-size  STM32L476RGT6.elf 
arm-none-eabi-objdump -h -S STM32L476RGT6.elf  > "STM32L476RGT6.list"
   text	   data	    bss	    dec	    hex	filename
   4968	     12	   1572	   6552	   1998	STM32L476RGT6.elf
Finished building: default.size.stdout
 
Finished building: STM32L476RGT6.list
 
16:07:32 **** Incremental Build of configuration Debug for project STM32L476RGT6 ****
make -j12 all 
arm-none-eabi-gcc "../Utils/mem_info.c" -mcpu=cortex-m4 -std=gnu11 -g3 -DDEBUG -DUSE_HAL_DRIVER -DSTM32L476xx -c -I../Core/Inc -I../Drivers/STM32L4xx_HAL_Driver/Inc -I../Drivers/STM32L4xx_HAL_Driver/Inc/Legacy -I../Drivers/CMSIS/Device/ST/STM32L4xx/Include -I../Drivers/CMSIS/Include -O0 -ffunction-sections -fdata-sections -Wall -fstack-usage -fcyclomatic-complexity -MMD -MP -MF"Utils/mem_info.d" -MT"Utils/mem_info.o" --specs=nano.specs -mfpu=fpv4-sp-d16 -mfloat-abi=hard -mthumb -o "Utils/mem_info.o"
arm-none-eabi-gcc -o "STM32L476RGT6.elf" @"objects.list"   -mcpu=cortex-m4 -T"D:\Projekty\TrinityTrack6000\STM32\STM32L476RGT6\STM32L476RGTX_FLASH.ld" --specs=nosys.specs -Wl,-Map="STM32L476RGT6.map" -Wl,--gc-sections -static --specs=nano.specs -mfpu=fpv4-sp-d16 -mfloat-abi=hard -mthumb -Wl,--start-group -lc -lm -Wl,--end-group
Finished building target: STM32L476RGT6.elf
 
arm-none-eabi-size  STM32L476RGT6.elf 
arm-none-eabi-objdump -h -S STM32L476RGT6.elf  > "STM32L476RGT6.list"
   text	   data	    bss	    dec	    hex	filename
   4968	     12	   1572	   6552	   1998	STM32L476RGT6.elf
Finished building: default.size.stdout
 
Finished building: STM32L476RGT6.list
 
16:08:21 **** Incremental Build of configuration Debug for project STM32L476RGT6 ****
make -j12 all 
arm-none-eabi-gcc "../Utils/mem_info.c" -mcpu=cortex-m4 -std=gnu11 -g3 -DDEBUG -DUSE_HAL_DRIVER -DSTM32L476xx -c -I../Core/Inc -I../Drivers/STM32L4xx_HAL_Driver/Inc -I../Drivers/STM32L4xx_HAL_Driver/Inc/Legacy -I../Drivers/CMSIS/Device/ST/STM32L4xx/Include -I../Drivers/CMSIS/Include -O0 -ffunction-sections -fdata-sections -Wall -fstack-usage -fcyclomatic-complexity -MMD -MP -MF"Utils/mem_info.d" -MT"Utils/mem_info.o" --specs=nano.specs -mfpu=fpv4-sp-d16 -mfloat-abi=hard -mthumb -o "Utils/mem_info.o"
arm-none-eabi-gcc -o "STM32L476RGT6.elf" @"objects.list"   -mcpu=cortex-m4 -T"D:\Projekty\TrinityTrack6000\STM32\STM32L476RGT6\STM32L476RGTX_FLASH.ld" --specs=nosys.specs -Wl,-Map="STM32L476RGT6.map" -Wl,--gc-sections -static --specs=nano.specs -mfpu=fpv4-sp-d16 -mfloat-abi=hard -mthumb -Wl,--start-group -lc -lm -Wl,--end-group
Finished building target: STM32L476RGT6.elf
 
arm-none-eabi-size  STM32L476RGT6.elf 
arm-none-eabi-objdump -h -S STM32L476RGT6.elf  > "STM32L476RGT6.list"
   text	   data	    bss	    dec	    hex	filename
   4968	     12	   1572	   6552	   1998	STM32L476RGT6.elf
Finished building: default.size.stdout
 
Finished building: STM32L476RGT6.list
 
16:10:38 **** Incremental Build of configuration Debug for project STM32L476RGT6 ****
make -j12 all 
arm-none-eabi-gcc "../Utils/mem_info.c" -mcpu=cortex-m4 -std=gnu11 -g3 -DDEBUG -DUSE_HAL_DRIVER -DSTM32L476xx -c -I../Core/Inc -I../Drivers/STM32L4xx_HAL_Driver/Inc -I../Drivers/STM32L4xx_HAL_Driver/Inc/Legacy -I../Drivers/CMSIS/Device/ST/STM32L4xx/Include -I../Drivers/CMSIS/Include -O0 -ffunction-sections -fdata-sections -Wall -fstack-usage -fcyclomatic-complexity -MMD -MP -MF"Utils/mem_info.d" -MT"Utils/mem_info.o" --specs=nano.specs -mfpu=fpv4-sp-d16 -mfloat-abi=hard -mthumb -o "Utils/mem_info.o"
arm-none-eabi-gcc -o "STM32L476RGT6.elf" @"objects.list"   -mcpu=cortex-m4 -T"D:\Projekty\TrinityTrack6000\STM32\STM32L476RGT6\STM32L476RGTX_FLASH.ld" --specs=nosys.specs -Wl,-Map="STM32L476RGT6.map" -Wl,--gc-sections -static --specs=nano.specs -mfpu=fpv4-sp-d16 -mfloat-abi=hard -mthumb -Wl,--start-group -lc -lm -Wl,--end-group
Finished building target: STM32L476RGT6.elf
 
arm-none-eabi-size  STM32L476RGT6.elf 
arm-none-eabi-objdump -h -S STM32L476RGT6.elf  > "STM32L476RGT6.list"
   text	   data	    bss	    dec	    hex	filename
   4968	     12	   1572	   6552	   1998	STM32L476RGT6.elf
Finished building: default.size.stdout
 
Finished building: STM32L476RGT6.list
 
22:23:25 **** Incremental Build of configuration Debug for project STM32L476RGT6 ****
make -j12 all 
arm-none-eabi-gcc "../Utils/mem_info.c" -mcpu=cortex-m4 -std=gnu11 -g3 -DDEBUG -DUSE_HAL_DRIVER -DSTM32L476xx -c -I../Core/Inc -I../Drivers/STM32L4xx_HAL_Driver/Inc -I../Drivers/STM32L4xx_HAL_Driver/Inc/Legacy -I../Drivers/CMSIS/Device/ST/STM32L4xx/Include -I../Drivers/CMSIS/Include -O0 -ffunction-sections -fdata-sections -Wall -fstack-usage -fcyclomatic-complexity -MMD -MP -MF"Utils/mem_info.d" -MT"Utils/mem_info.o" --specs=nano.specs -mfpu=fpv4-sp-d16 -mfloat-abi=hard -mthumb -o "Utils/mem_info.o"
arm-none-eabi-gcc "../Core/Src/main.c" -mcpu=cortex-m4 -std=gnu11 -g3 -DDEBUG -DUSE_HAL_DRIVER -DSTM32L476xx -c -I../Core/Inc -I../Drivers/STM32L4xx_HAL_Driver/Inc -I../Drivers/STM32L4xx_HAL_Driver/Inc/Legacy -I../Drivers/CMSIS/Device/ST/STM32L4xx/Include -I../Drivers/CMSIS/Include -O0 -ffunction-sections -fdata-sections -Wall -fstack-usage -fcyclomatic-complexity -MMD -MP -MF"Core/Src/main.d" -MT"Core/Src/main.o" --specs=nano.specs -mfpu=fpv4-sp-d16 -mfloat-abi=hard -mthumb -o "Core/Src/main.o"
../Core/Src/main.c: In function 'main':
../Core/Src/main.c:83:3: error: unknown type name 'UART_HandleTypeDef'; did you mean 'EXTI_HandleTypeDef'?
   83 |   UART_HandleTypeDef uart;
      |   ^~~~~~~~~~~~~~~~~~
      |   EXTI_HandleTypeDef
../Core/Src/main.c:83:22: warning: unused variable 'uart' [-Wunused-variable]
   83 |   UART_HandleTypeDef uart;
      |                      ^~~~
make: *** [Core/Src/subdir.mk:34: Core/Src/main.o] Error 1
"make -j12 all" terminated with exit code 2. Build might be incomplete.
22:28:38 **** Incremental Build of configuration Debug for project STM32L476RGT6 ****
make -j12 all 
arm-none-eabi-gcc "../Drivers/STM32L4xx_HAL_Driver/Src/stm32l4xx_hal.c" -mcpu=cortex-m4 -std=gnu11 -g3 -DDEBUG -DUSE_HAL_DRIVER -DSTM32L476xx -c -I../Core/Inc -I../Drivers/STM32L4xx_HAL_Driver/Inc -I../Drivers/STM32L4xx_HAL_Driver/Inc/Legacy -I../Drivers/CMSIS/Device/ST/STM32L4xx/Include -I../Drivers/CMSIS/Include -O0 -ffunction-sections -fdata-sections -Wall -fstack-usage -fcyclomatic-complexity -MMD -MP -MF"Drivers/STM32L4xx_HAL_Driver/Src/stm32l4xx_hal.d" -MT"Drivers/STM32L4xx_HAL_Driver/Src/stm32l4xx_hal.o" --specs=nano.specs -mfpu=fpv4-sp-d16 -mfloat-abi=hard -mthumb -o "Drivers/STM32L4xx_HAL_Driver/Src/stm32l4xx_hal.o"
arm-none-eabi-gcc "../Drivers/STM32L4xx_HAL_Driver/Src/stm32l4xx_hal_cortex.c" -mcpu=cortex-m4 -std=gnu11 -g3 -DDEBUG -DUSE_HAL_DRIVER -DSTM32L476xx -c -I../Core/Inc -I../Drivers/STM32L4xx_HAL_Driver/Inc -I../Drivers/STM32L4xx_HAL_Driver/Inc/Legacy -I../Drivers/CMSIS/Device/ST/STM32L4xx/Include -I../Drivers/CMSIS/Include -O0 -ffunction-sections -fdata-sections -Wall -fstack-usage -fcyclomatic-complexity -MMD -MP -MF"Drivers/STM32L4xx_HAL_Driver/Src/stm32l4xx_hal_cortex.d" -MT"Drivers/STM32L4xx_HAL_Driver/Src/stm32l4xx_hal_cortex.o" --specs=nano.specs -mfpu=fpv4-sp-d16 -mfloat-abi=hard -mthumb -o "Drivers/STM32L4xx_HAL_Driver/Src/stm32l4xx_hal_cortex.o"
arm-none-eabi-gcc "../Drivers/STM32L4xx_HAL_Driver/Src/stm32l4xx_hal_dma.c" -mcpu=cortex-m4 -std=gnu11 -g3 -DDEBUG -DUSE_HAL_DRIVER -DSTM32L476xx -c -I../Core/Inc -I../Drivers/STM32L4xx_HAL_Driver/Inc -I../Drivers/STM32L4xx_HAL_Driver/Inc/Legacy -I../Drivers/CMSIS/Device/ST/STM32L4xx/Include -I../Drivers/CMSIS/Include -O0 -ffunction-sections -fdata-sections -Wall -fstack-usage -fcyclomatic-complexity -MMD -MP -MF"Drivers/STM32L4xx_HAL_Driver/Src/stm32l4xx_hal_dma.d" -MT"Drivers/STM32L4xx_HAL_Driver/Src/stm32l4xx_hal_dma.o" --specs=nano.specs -mfpu=fpv4-sp-d16 -mfloat-abi=hard -mthumb -o "Drivers/STM32L4xx_HAL_Driver/Src/stm32l4xx_hal_dma.o"
arm-none-eabi-gcc "../Drivers/STM32L4xx_HAL_Driver/Src/stm32l4xx_hal_dma_ex.c" -mcpu=cortex-m4 -std=gnu11 -g3 -DDEBUG -DUSE_HAL_DRIVER -DSTM32L476xx -c -I../Core/Inc -I../Drivers/STM32L4xx_HAL_Driver/Inc -I../Drivers/STM32L4xx_HAL_Driver/Inc/Legacy -I../Drivers/CMSIS/Device/ST/STM32L4xx/Include -I../Drivers/CMSIS/Include -O0 -ffunction-sections -fdata-sections -Wall -fstack-usage -fcyclomatic-complexity -MMD -MP -MF"Drivers/STM32L4xx_HAL_Driver/Src/stm32l4xx_hal_dma_ex.d" -MT"Drivers/STM32L4xx_HAL_Driver/Src/stm32l4xx_hal_dma_ex.o" --specs=nano.specs -mfpu=fpv4-sp-d16 -mfloat-abi=hard -mthumb -o "Drivers/STM32L4xx_HAL_Driver/Src/stm32l4xx_hal_dma_ex.o"
arm-none-eabi-gcc "../Drivers/STM32L4xx_HAL_Driver/Src/stm32l4xx_hal_exti.c" -mcpu=cortex-m4 -std=gnu11 -g3 -DDEBUG -DUSE_HAL_DRIVER -DSTM32L476xx -c -I../Core/Inc -I../Drivers/STM32L4xx_HAL_Driver/Inc -I../Drivers/STM32L4xx_HAL_Driver/Inc/Legacy -I../Drivers/CMSIS/Device/ST/STM32L4xx/Include -I../Drivers/CMSIS/Include -O0 -ffunction-sections -fdata-sections -Wall -fstack-usage -fcyclomatic-complexity -MMD -MP -MF"Drivers/STM32L4xx_HAL_Driver/Src/stm32l4xx_hal_exti.d" -MT"Drivers/STM32L4xx_HAL_Driver/Src/stm32l4xx_hal_exti.o" --specs=nano.specs -mfpu=fpv4-sp-d16 -mfloat-abi=hard -mthumb -o "Drivers/STM32L4xx_HAL_Driver/Src/stm32l4xx_hal_exti.o"
arm-none-eabi-gcc "../Drivers/STM32L4xx_HAL_Driver/Src/stm32l4xx_hal_flash.c" -mcpu=cortex-m4 -std=gnu11 -g3 -DDEBUG -DUSE_HAL_DRIVER -DSTM32L476xx -c -I../Core/Inc -I../Drivers/STM32L4xx_HAL_Driver/Inc -I../Drivers/STM32L4xx_HAL_Driver/Inc/Legacy -I../Drivers/CMSIS/Device/ST/STM32L4xx/Include -I../Drivers/CMSIS/Include -O0 -ffunction-sections -fdata-sections -Wall -fstack-usage -fcyclomatic-complexity -MMD -MP -MF"Drivers/STM32L4xx_HAL_Driver/Src/stm32l4xx_hal_flash.d" -MT"Drivers/STM32L4xx_HAL_Driver/Src/stm32l4xx_hal_flash.o" --specs=nano.specs -mfpu=fpv4-sp-d16 -mfloat-abi=hard -mthumb -o "Drivers/STM32L4xx_HAL_Driver/Src/stm32l4xx_hal_flash.o"
arm-none-eabi-gcc "../Drivers/STM32L4xx_HAL_Driver/Src/stm32l4xx_hal_flash_ex.c" -mcpu=cortex-m4 -std=gnu11 -g3 -DDEBUG -DUSE_HAL_DRIVER -DSTM32L476xx -c -I../Core/Inc -I../Drivers/STM32L4xx_HAL_Driver/Inc -I../Drivers/STM32L4xx_HAL_Driver/Inc/Legacy -I../Drivers/CMSIS/Device/ST/STM32L4xx/Include -I../Drivers/CMSIS/Include -O0 -ffunction-sections -fdata-sections -Wall -fstack-usage -fcyclomatic-complexity -MMD -MP -MF"Drivers/STM32L4xx_HAL_Driver/Src/stm32l4xx_hal_flash_ex.d" -MT"Drivers/STM32L4xx_HAL_Driver/Src/stm32l4xx_hal_flash_ex.o" --specs=nano.specs -mfpu=fpv4-sp-d16 -mfloat-abi=hard -mthumb -o "Drivers/STM32L4xx_HAL_Driver/Src/stm32l4xx_hal_flash_ex.o"
arm-none-eabi-gcc "../Drivers/STM32L4xx_HAL_Driver/Src/stm32l4xx_hal_flash_ramfunc.c" -mcpu=cortex-m4 -std=gnu11 -g3 -DDEBUG -DUSE_HAL_DRIVER -DSTM32L476xx -c -I../Core/Inc -I../Drivers/STM32L4xx_HAL_Driver/Inc -I../Drivers/STM32L4xx_HAL_Driver/Inc/Legacy -I../Drivers/CMSIS/Device/ST/STM32L4xx/Include -I../Drivers/CMSIS/Include -O0 -ffunction-sections -fdata-sections -Wall -fstack-usage -fcyclomatic-complexity -MMD -MP -MF"Drivers/STM32L4xx_HAL_Driver/Src/stm32l4xx_hal_flash_ramfunc.d" -MT"Drivers/STM32L4xx_HAL_Driver/Src/stm32l4xx_hal_flash_ramfunc.o" --specs=nano.specs -mfpu=fpv4-sp-d16 -mfloat-abi=hard -mthumb -o "Drivers/STM32L4xx_HAL_Driver/Src/stm32l4xx_hal_flash_ramfunc.o"
arm-none-eabi-gcc "../Drivers/STM32L4xx_HAL_Driver/Src/stm32l4xx_hal_gpio.c" -mcpu=cortex-m4 -std=gnu11 -g3 -DDEBUG -DUSE_HAL_DRIVER -DSTM32L476xx -c -I../Core/Inc -I../Drivers/STM32L4xx_HAL_Driver/Inc -I../Drivers/STM32L4xx_HAL_Driver/Inc/Legacy -I../Drivers/CMSIS/Device/ST/STM32L4xx/Include -I../Drivers/CMSIS/Include -O0 -ffunction-sections -fdata-sections -Wall -fstack-usage -fcyclomatic-complexity -MMD -MP -MF"Drivers/STM32L4xx_HAL_Driver/Src/stm32l4xx_hal_gpio.d" -MT"Drivers/STM32L4xx_HAL_Driver/Src/stm32l4xx_hal_gpio.o" --specs=nano.specs -mfpu=fpv4-sp-d16 -mfloat-abi=hard -mthumb -o "Drivers/STM32L4xx_HAL_Driver/Src/stm32l4xx_hal_gpio.o"
arm-none-eabi-gcc "../Drivers/STM32L4xx_HAL_Driver/Src/stm32l4xx_hal_i2c.c" -mcpu=cortex-m4 -std=gnu11 -g3 -DDEBUG -DUSE_HAL_DRIVER -DSTM32L476xx -c -I../Core/Inc -I../Drivers/STM32L4xx_HAL_Driver/Inc -I../Drivers/STM32L4xx_HAL_Driver/Inc/Legacy -I../Drivers/CMSIS/Device/ST/STM32L4xx/Include -I../Drivers/CMSIS/Include -O0 -ffunction-sections -fdata-sections -Wall -fstack-usage -fcyclomatic-complexity -MMD -MP -MF"Drivers/STM32L4xx_HAL_Driver/Src/stm32l4xx_hal_i2c.d" -MT"Drivers/STM32L4xx_HAL_Driver/Src/stm32l4xx_hal_i2c.o" --specs=nano.specs -mfpu=fpv4-sp-d16 -mfloat-abi=hard -mthumb -o "Drivers/STM32L4xx_HAL_Driver/Src/stm32l4xx_hal_i2c.o"
arm-none-eabi-gcc "../Drivers/STM32L4xx_HAL_Driver/Src/stm32l4xx_hal_i2c_ex.c" -mcpu=cortex-m4 -std=gnu11 -g3 -DDEBUG -DUSE_HAL_DRIVER -DSTM32L476xx -c -I../Core/Inc -I../Drivers/STM32L4xx_HAL_Driver/Inc -I../Drivers/STM32L4xx_HAL_Driver/Inc/Legacy -I../Drivers/CMSIS/Device/ST/STM32L4xx/Include -I../Drivers/CMSIS/Include -O0 -ffunction-sections -fdata-sections -Wall -fstack-usage -fcyclomatic-complexity -MMD -MP -MF"Drivers/STM32L4xx_HAL_Driver/Src/stm32l4xx_hal_i2c_ex.d" -MT"Drivers/STM32L4xx_HAL_Driver/Src/stm32l4xx_hal_i2c_ex.o" --specs=nano.specs -mfpu=fpv4-sp-d16 -mfloat-abi=hard -mthumb -o "Drivers/STM32L4xx_HAL_Driver/Src/stm32l4xx_hal_i2c_ex.o"
arm-none-eabi-gcc "../Drivers/STM32L4xx_HAL_Driver/Src/stm32l4xx_hal_pwr.c" -mcpu=cortex-m4 -std=gnu11 -g3 -DDEBUG -DUSE_HAL_DRIVER -DSTM32L476xx -c -I../Core/Inc -I../Drivers/STM32L4xx_HAL_Driver/Inc -I../Drivers/STM32L4xx_HAL_Driver/Inc/Legacy -I../Drivers/CMSIS/Device/ST/STM32L4xx/Include -I../Drivers/CMSIS/Include -O0 -ffunction-sections -fdata-sections -Wall -fstack-usage -fcyclomatic-complexity -MMD -MP -MF"Drivers/STM32L4xx_HAL_Driver/Src/stm32l4xx_hal_pwr.d" -MT"Drivers/STM32L4xx_HAL_Driver/Src/stm32l4xx_hal_pwr.o" --specs=nano.specs -mfpu=fpv4-sp-d16 -mfloat-abi=hard -mthumb -o "Drivers/STM32L4xx_HAL_Driver/Src/stm32l4xx_hal_pwr.o"
In file included from ../Drivers/STM32L4xx_HAL_Driver/Inc/stm32l4xx_hal.h:29,
                 from ../Drivers/STM32L4xx_HAL_Driver/Src/stm32l4xx_hal.c:36:
../Core/Inc/stm32l4xx_hal_conf.h:450:12: fatal error: stm32l4xx_hal_uart.h: No such file or directory
  450 |   #include "stm32l4xx_hal_uart.h"
      |            ^~~~~~~~~~~~~~~~~~~~~~
compilation terminated.
In file included from ../Drivers/STM32L4xx_HAL_Driver/Inc/stm32l4xx_hal.h:29,
                 from ../Drivers/STM32L4xx_HAL_Driver/Src/stm32l4xx_hal_dma.c:91:
../Core/Inc/stm32l4xx_hal_conf.h:450:12: fatal error: stm32l4xx_hal_uart.h: No such file or directory
  450 |   #include "stm32l4xx_hal_uart.h"
      |            ^~~~~~~~~~~~~~~~~~~~~~
compilation terminated.
In file included from ../Drivers/STM32L4xx_HAL_Driver/Inc/stm32l4xx_hal.h:29,
                 from ../Drivers/STM32L4xx_HAL_Driver/Src/stm32l4xx_hal_cortex.c:104:
../Core/Inc/stm32l4xx_hal_conf.h:450:12: fatal error: stm32l4xx_hal_uart.h: No such file or directory
  450 |   #include "stm32l4xx_hal_uart.h"
      |            ^~~~~~~~~~~~~~~~~~~~~~
compilation terminated.
make: *** [Drivers/STM32L4xx_HAL_Driver/Src/subdir.mk:61: Drivers/STM32L4xx_HAL_Driver/Src/stm32l4xx_hal.o] Error 1
make: *** Waiting for unfinished jobs....
In file included from ../Drivers/STM32L4xx_HAL_Driver/Inc/stm32l4xx_hal.h:29,
                 from ../Drivers/STM32L4xx_HAL_Driver/Src/stm32l4xx_hal_exti.c:86:
../Core/Inc/stm32l4xx_hal_conf.h:450:12: fatal error: stm32l4xx_hal_uart.h: No such file or directory
  450 |   #include "stm32l4xx_hal_uart.h"
      |            ^~~~~~~~~~~~~~~~~~~~~~
compilation terminated.
In file included from ../Drivers/STM32L4xx_HAL_Driver/Inc/stm32l4xx_hal.h:29,
                 from ../Drivers/STM32L4xx_HAL_Driver/Src/stm32l4xx_hal_dma_ex.c:50:
../Core/Inc/stm32l4xx_hal_conf.h:450:12: fatal error: stm32l4xx_hal_uart.h: No such file or directory
  450 |   #include "stm32l4xx_hal_uart.h"
      |            ^~~~~~~~~~~~~~~~~~~~~~
compilation terminated.
make: *** [Drivers/STM32L4xx_HAL_Driver/Src/subdir.mk:61: Drivers/STM32L4xx_HAL_Driver/Src/stm32l4xx_hal_cortex.o] Error 1
In file included from ../Drivers/STM32L4xx_HAL_Driver/Inc/stm32l4xx_hal.h:29,
                 from ../Drivers/STM32L4xx_HAL_Driver/Src/stm32l4xx_hal_flash.c:88:
../Core/Inc/stm32l4xx_hal_conf.h:450:12: fatal error: stm32l4xx_hal_uart.h: No such file or directory
  450 |   #include "stm32l4xx_hal_uart.h"
      |            ^~~~~~~~~~~~~~~~~~~~~~
compilation terminated.
make: *** [Drivers/STM32L4xx_HAL_Driver/Src/subdir.mk:61: Drivers/STM32L4xx_HAL_Driver/Src/stm32l4xx_hal_dma.o] Error 1
make: *** [Drivers/STM32L4xx_HAL_Driver/Src/subdir.mk:61: Drivers/STM32L4xx_HAL_Driver/Src/stm32l4xx_hal_exti.o] Error 1
make: *** [Drivers/STM32L4xx_HAL_Driver/Src/subdir.mk:61: Drivers/STM32L4xx_HAL_Driver/Src/stm32l4xx_hal_dma_ex.o] Error 1
make: *** [Drivers/STM32L4xx_HAL_Driver/Src/subdir.mk:61: Drivers/STM32L4xx_HAL_Driver/Src/stm32l4xx_hal_flash.o] Error 1
In file included from ../Drivers/STM32L4xx_HAL_Driver/Inc/stm32l4xx_hal.h:29,
                 from ../Drivers/STM32L4xx_HAL_Driver/Src/stm32l4xx_hal_flash_ex.c:61:
../Core/Inc/stm32l4xx_hal_conf.h:450:12: fatal error: stm32l4xx_hal_uart.h: No such file or directory
  450 |   #include "stm32l4xx_hal_uart.h"
      |            ^~~~~~~~~~~~~~~~~~~~~~
compilation terminated.
In file included from ../Drivers/STM32L4xx_HAL_Driver/Inc/stm32l4xx_hal.h:29,
                 from ../Drivers/STM32L4xx_HAL_Driver/Src/stm32l4xx_hal_i2c.c:323:
../Core/Inc/stm32l4xx_hal_conf.h:450:12: fatal error: stm32l4xx_hal_uart.h: No such file or directory
  450 |   #include "stm32l4xx_hal_uart.h"
      |            ^~~~~~~~~~~~~~~~~~~~~~
compilation terminated.
In file included from ../Drivers/STM32L4xx_HAL_Driver/Inc/stm32l4xx_hal.h:29,
                 from ../Drivers/STM32L4xx_HAL_Driver/Src/stm32l4xx_hal_flash_ramfunc.c:48:
../Core/Inc/stm32l4xx_hal_conf.h:450:12: fatal error: stm32l4xx_hal_uart.h: No such file or directory
  450 |   #include "stm32l4xx_hal_uart.h"
      |            ^~~~~~~~~~~~~~~~~~~~~~
compilation terminated.
make: *** [Drivers/STM32L4xx_HAL_Driver/Src/subdir.mk:61: Drivers/STM32L4xx_HAL_Driver/Src/stm32l4xx_hal_flash_ex.o] Error 1
make: *** [Drivers/STM32L4xx_HAL_Driver/Src/subdir.mk:61: Drivers/STM32L4xx_HAL_Driver/Src/stm32l4xx_hal_i2c.o] Error 1
In file included from ../Drivers/STM32L4xx_HAL_Driver/Inc/stm32l4xx_hal.h:29,
                 from ../Drivers/STM32L4xx_HAL_Driver/Src/stm32l4xx_hal_pwr.c:25:
../Core/Inc/stm32l4xx_hal_conf.h:450:12: fatal error: stm32l4xx_hal_uart.h: No such file or directory
  450 |   #include "stm32l4xx_hal_uart.h"
      |            ^~~~~~~~~~~~~~~~~~~~~~
In file included from ../Drivers/STM32L4xx_HAL_Driver/Inc/stm32l4xx_hal.h:29,
                 from ../Drivers/STM32L4xx_HAL_Driver/Src/stm32l4xx_hal_gpio.c:106:
../Core/Inc/stm32l4xx_hal_conf.h:450:12: fatal error: stm32l4xx_hal_uart.h: No such file or directory
  450 |   #include "stm32l4xx_hal_uart.h"
      |            ^~~~~~~~~~~~~~~~~~~~~~
make: *** [Drivers/STM32L4xx_HAL_Driver/Src/subdir.mk:61: Drivers/STM32L4xx_HAL_Driver/Src/stm32l4xx_hal_flash_ramfunc.o] Error 1
compilation terminated.
compilation terminated.
In file included from ../Drivers/STM32L4xx_HAL_Driver/Inc/stm32l4xx_hal.h:29,
                 from ../Drivers/STM32L4xx_HAL_Driver/Src/stm32l4xx_hal_i2c_ex.c:51:
../Core/Inc/stm32l4xx_hal_conf.h:450:12: fatal error: stm32l4xx_hal_uart.h: No such file or directory
  450 |   #include "stm32l4xx_hal_uart.h"
      |            ^~~~~~~~~~~~~~~~~~~~~~
compilation terminated.
make: *** [Drivers/STM32L4xx_HAL_Driver/Src/subdir.mk:61: Drivers/STM32L4xx_HAL_Driver/Src/stm32l4xx_hal_gpio.o] Error 1
make: *** [Drivers/STM32L4xx_HAL_Driver/Src/subdir.mk:61: Drivers/STM32L4xx_HAL_Driver/Src/stm32l4xx_hal_pwr.o] Error 1
make: *** [Drivers/STM32L4xx_HAL_Driver/Src/subdir.mk:61: Drivers/STM32L4xx_HAL_Driver/Src/stm32l4xx_hal_i2c_ex.o] Error 1
"make -j12 all" terminated with exit code 2. Build might be incomplete.
22:30:09 **** Clean-only build of configuration Debug for project STM32L476RGT6 ****
make -j12 clean 
rm -rf ./Utils/mem_info.cyclo ./Utils/mem_info.d ./Utils/mem_info.o ./Utils/mem_info.su
rm -rf ./Drivers/STM32L4xx_HAL_Driver/Src/stm32l4xx_hal.cyclo ./Drivers/STM32L4xx_HAL_Driver/Src/stm32l4xx_hal.d ./Drivers/STM32L4xx_HAL_Driver/Src/stm32l4xx_hal.o ./Drivers/STM32L4xx_HAL_Driver/Src/stm32l4xx_hal.su ./Drivers/STM32L4xx_HAL_Driver/Src/stm32l4xx_hal_cortex.cyclo ./Drivers/STM32L4xx_HAL_Driver/Src/stm32l4xx_hal_cortex.d ./Drivers/STM32L4xx_HAL_Driver/Src/stm32l4xx_hal_cortex.o ./Drivers/STM32L4xx_HAL_Driver/Src/stm32l4xx_hal_cortex.su ./Drivers/STM32L4xx_HAL_Driver/Src/stm32l4xx_hal_dma.cyclo ./Drivers/STM32L4xx_HAL_Driver/Src/stm32l4xx_hal_dma.d ./Drivers/STM32L4xx_HAL_Driver/Src/stm32l4xx_hal_dma.o ./Drivers/STM32L4xx_HAL_Driver/Src/stm32l4xx_hal_dma.su ./Drivers/STM32L4xx_HAL_Driver/Src/stm32l4xx_hal_dma_ex.cyclo ./Drivers/STM32L4xx_HAL_Driver/Src/stm32l4xx_hal_dma_ex.d ./Drivers/STM32L4xx_HAL_Driver/Src/stm32l4xx_hal_dma_ex.o ./Drivers/STM32L4xx_HAL_Driver/Src/stm32l4xx_hal_dma_ex.su ./Drivers/STM32L4xx_HAL_Driver/Src/stm32l4xx_hal_exti.cyclo ./Drivers/STM32L4xx_HAL_Driver/Src/stm32l4xx_hal_exti.d ./Drivers/STM32L4xx_HAL_Driver/Src/stm32l4xx_hal_exti.o ./Drivers/STM32L4xx_HAL_Driver/Src/stm32l4xx_hal_exti.su ./Drivers/STM32L4xx_HAL_Driver/Src/stm32l4xx_hal_flash.cyclo ./Drivers/STM32L4xx_HAL_Driver/Src/stm32l4xx_hal_flash.d ./Drivers/STM32L4xx_HAL_Driver/Src/stm32l4xx_hal_flash.o ./Drivers/STM32L4xx_HAL_Driver/Src/stm32l4xx_hal_flash.su ./Drivers/STM32L4xx_HAL_Driver/Src/stm32l4xx_hal_flash_ex.cyclo ./Drivers/STM32L4xx_HAL_Driver/Src/stm32l4xx_hal_flash_ex.d ./Drivers/STM32L4xx_HAL_Driver/Src/stm32l4xx_hal_flash_ex.o ./Drivers/STM32L4xx_HAL_Driver/Src/stm32l4xx_hal_flash_ex.su ./Drivers/STM32L4xx_HAL_Driver/Src/stm32l4xx_hal_flash_ramfunc.cyclo ./Drivers/STM32L4xx_HAL_Driver/Src/stm32l4xx_hal_flash_ramfunc.d ./Drivers/STM32L4xx_HAL_Driver/Src/stm32l4xx_hal_flash_ramfunc.o ./Drivers/STM32L4xx_HAL_Driver/Src/stm32l4xx_hal_flash_ramfunc.su ./Drivers/STM32L4xx_HAL_Driver/Src/stm32l4xx_hal_gpio.cyclo ./Drivers/STM32L4xx_HAL_Driver/Src/stm32l4xx_hal_gpio.d ./Drivers/STM32L4xx_HAL_Driver/Src/stm32l4xx_hal_gpio.o ./Drivers/STM32L4xx_HAL_Driver/Src/stm32l4xx_hal_gpio.su ./Drivers/STM32L4xx_HAL_Driver/Src/stm32l4xx_hal_i2c.cyclo ./Drivers/STM32L4xx_HAL_Driver/Src/stm32l4xx_hal_i2c.d ./Drivers/STM32L4xx_HAL_Driver/Src/stm32l4xx_hal_i2c.o ./Drivers/STM32L4xx_HAL_Driver/Src/stm32l4xx_hal_i2c.su ./Drivers/STM32L4xx_HAL_Driver/Src/stm32l4xx_hal_i2c_ex.cyclo ./Drivers/STM32L4xx_HAL_Driver/Src/stm32l4xx_hal_i2c_ex.d ./Drivers/STM32L4xx_HAL_Driver/Src/stm32l4xx_hal_i2c_ex.o ./Drivers/STM32L4xx_HAL_Driver/Src/stm32l4xx_hal_i2c_ex.su ./Drivers/STM32L4xx_HAL_Driver/Src/stm32l4xx_hal_pwr.cyclo ./Drivers/STM32L4xx_HAL_Driver/Src/stm32l4xx_hal_pwr.d ./Drivers/STM32L4xx_HAL_Driver/Src/stm32l4xx_hal_pwr.o ./Drivers/STM32L4xx_HAL_Driver/Src/stm32l4xx_hal_pwr.su ./Drivers/STM32L4xx_HAL_Driver/Src/stm32l4xx_hal_pwr_ex.cyclo ./Drivers/STM32L4xx_HAL_Driver/Src/stm32l4xx_hal_pwr_ex.d ./Drivers/STM32L4xx_HAL_Driver/Src/stm32l4xx_hal_pwr_ex.o ./Drivers/STM32L4xx_HAL_Driver/Src/stm32l4xx_hal_pwr_ex.su ./Drivers/STM32L4xx_HAL_Driver/Src/stm32l4xx_hal_rcc.cyclo ./Drivers/STM32L4xx_HAL_Driver/Src/stm32l4xx_hal_rcc.d ./Drivers/STM32L4xx_HAL_Driver/Src/stm32l4xx_hal_rcc.o ./Drivers/STM32L4xx_HAL_Driver/Src/stm32l4xx_hal_rcc.su ./Drivers/STM32L4xx_HAL_Driver/Src/stm32l4xx_hal_rcc_ex.cyclo ./Drivers/STM32L4xx_HAL_Driver/Src/stm32l4xx_hal_rcc_ex.d ./Drivers/STM32L4xx_HAL_Driver/Src/stm32l4xx_hal_rcc_ex.o ./Drivers/STM32L4xx_HAL_Driver/Src/stm32l4xx_hal_rcc_ex.su
rm -rf ./Core/Startup/startup_stm32l476rgtx.d ./Core/Startup/startup_stm32l476rgtx.o
rm -rf ./Core/Src/main.cyclo ./Core/Src/main.d ./Core/Src/main.o ./Core/Src/main.su ./Core/Src/stm32l4xx_hal_msp.cyclo ./Core/Src/stm32l4xx_hal_msp.d ./Core/Src/stm32l4xx_hal_msp.o ./Core/Src/stm32l4xx_hal_msp.su ./Core/Src/stm32l4xx_it.cyclo ./Core/Src/stm32l4xx_it.d ./Core/Src/stm32l4xx_it.o ./Core/Src/stm32l4xx_it.su ./Core/Src/syscalls.cyclo ./Core/Src/syscalls.d ./Core/Src/syscalls.o ./Core/Src/syscalls.su ./Core/Src/sysmem.cyclo ./Core/Src/sysmem.d ./Core/Src/sysmem.o ./Core/Src/sysmem.su ./Core/Src/system_stm32l4xx.cyclo ./Core/Src/system_stm32l4xx.d ./Core/Src/system_stm32l4xx.o ./Core/Src/system_stm32l4xx.su
rm -rf STM32L476RGT6.elf STM32L476RGT6.list STM32L476RGT6.map default.size.stdout
 
22:30:10 **** Incremental Build of configuration Debug for project STM32L476RGT6 ****
make -j12 all 
arm-none-eabi-gcc "../Utils/mem_info.c" -mcpu=cortex-m4 -std=gnu11 -g3 -DDEBUG -DUSE_HAL_DRIVER -DSTM32L476xx -c -I../Core/Inc -I../Drivers/STM32L4xx_HAL_Driver/Inc -I../Drivers/STM32L4xx_HAL_Driver/Inc/Legacy -I../Drivers/CMSIS/Device/ST/STM32L4xx/Include -I../Drivers/CMSIS/Include -O0 -ffunction-sections -fdata-sections -Wall -fstack-usage -fcyclomatic-complexity -MMD -MP -MF"Utils/mem_info.d" -MT"Utils/mem_info.o" --specs=nano.specs -mfpu=fpv4-sp-d16 -mfloat-abi=hard -mthumb -o "Utils/mem_info.o"
arm-none-eabi-gcc "../Drivers/STM32L4xx_HAL_Driver/Src/stm32l4xx_hal.c" -mcpu=cortex-m4 -std=gnu11 -g3 -DDEBUG -DUSE_HAL_DRIVER -DSTM32L476xx -c -I../Core/Inc -I../Drivers/STM32L4xx_HAL_Driver/Inc -I../Drivers/STM32L4xx_HAL_Driver/Inc/Legacy -I../Drivers/CMSIS/Device/ST/STM32L4xx/Include -I../Drivers/CMSIS/Include -O0 -ffunction-sections -fdata-sections -Wall -fstack-usage -fcyclomatic-complexity -MMD -MP -MF"Drivers/STM32L4xx_HAL_Driver/Src/stm32l4xx_hal.d" -MT"Drivers/STM32L4xx_HAL_Driver/Src/stm32l4xx_hal.o" --specs=nano.specs -mfpu=fpv4-sp-d16 -mfloat-abi=hard -mthumb -o "Drivers/STM32L4xx_HAL_Driver/Src/stm32l4xx_hal.o"
arm-none-eabi-gcc "../Drivers/STM32L4xx_HAL_Driver/Src/stm32l4xx_hal_cortex.c" -mcpu=cortex-m4 -std=gnu11 -g3 -DDEBUG -DUSE_HAL_DRIVER -DSTM32L476xx -c -I../Core/Inc -I../Drivers/STM32L4xx_HAL_Driver/Inc -I../Drivers/STM32L4xx_HAL_Driver/Inc/Legacy -I../Drivers/CMSIS/Device/ST/STM32L4xx/Include -I../Drivers/CMSIS/Include -O0 -ffunction-sections -fdata-sections -Wall -fstack-usage -fcyclomatic-complexity -MMD -MP -MF"Drivers/STM32L4xx_HAL_Driver/Src/stm32l4xx_hal_cortex.d" -MT"Drivers/STM32L4xx_HAL_Driver/Src/stm32l4xx_hal_cortex.o" --specs=nano.specs -mfpu=fpv4-sp-d16 -mfloat-abi=hard -mthumb -o "Drivers/STM32L4xx_HAL_Driver/Src/stm32l4xx_hal_cortex.o"
arm-none-eabi-gcc "../Drivers/STM32L4xx_HAL_Driver/Src/stm32l4xx_hal_dma.c" -mcpu=cortex-m4 -std=gnu11 -g3 -DDEBUG -DUSE_HAL_DRIVER -DSTM32L476xx -c -I../Core/Inc -I../Drivers/STM32L4xx_HAL_Driver/Inc -I../Drivers/STM32L4xx_HAL_Driver/Inc/Legacy -I../Drivers/CMSIS/Device/ST/STM32L4xx/Include -I../Drivers/CMSIS/Include -O0 -ffunction-sections -fdata-sections -Wall -fstack-usage -fcyclomatic-complexity -MMD -MP -MF"Drivers/STM32L4xx_HAL_Driver/Src/stm32l4xx_hal_dma.d" -MT"Drivers/STM32L4xx_HAL_Driver/Src/stm32l4xx_hal_dma.o" --specs=nano.specs -mfpu=fpv4-sp-d16 -mfloat-abi=hard -mthumb -o "Drivers/STM32L4xx_HAL_Driver/Src/stm32l4xx_hal_dma.o"
arm-none-eabi-gcc "../Drivers/STM32L4xx_HAL_Driver/Src/stm32l4xx_hal_dma_ex.c" -mcpu=cortex-m4 -std=gnu11 -g3 -DDEBUG -DUSE_HAL_DRIVER -DSTM32L476xx -c -I../Core/Inc -I../Drivers/STM32L4xx_HAL_Driver/Inc -I../Drivers/STM32L4xx_HAL_Driver/Inc/Legacy -I../Drivers/CMSIS/Device/ST/STM32L4xx/Include -I../Drivers/CMSIS/Include -O0 -ffunction-sections -fdata-sections -Wall -fstack-usage -fcyclomatic-complexity -MMD -MP -MF"Drivers/STM32L4xx_HAL_Driver/Src/stm32l4xx_hal_dma_ex.d" -MT"Drivers/STM32L4xx_HAL_Driver/Src/stm32l4xx_hal_dma_ex.o" --specs=nano.specs -mfpu=fpv4-sp-d16 -mfloat-abi=hard -mthumb -o "Drivers/STM32L4xx_HAL_Driver/Src/stm32l4xx_hal_dma_ex.o"
arm-none-eabi-gcc "../Drivers/STM32L4xx_HAL_Driver/Src/stm32l4xx_hal_exti.c" -mcpu=cortex-m4 -std=gnu11 -g3 -DDEBUG -DUSE_HAL_DRIVER -DSTM32L476xx -c -I../Core/Inc -I../Drivers/STM32L4xx_HAL_Driver/Inc -I../Drivers/STM32L4xx_HAL_Driver/Inc/Legacy -I../Drivers/CMSIS/Device/ST/STM32L4xx/Include -I../Drivers/CMSIS/Include -O0 -ffunction-sections -fdata-sections -Wall -fstack-usage -fcyclomatic-complexity -MMD -MP -MF"Drivers/STM32L4xx_HAL_Driver/Src/stm32l4xx_hal_exti.d" -MT"Drivers/STM32L4xx_HAL_Driver/Src/stm32l4xx_hal_exti.o" --specs=nano.specs -mfpu=fpv4-sp-d16 -mfloat-abi=hard -mthumb -o "Drivers/STM32L4xx_HAL_Driver/Src/stm32l4xx_hal_exti.o"
arm-none-eabi-gcc "../Drivers/STM32L4xx_HAL_Driver/Src/stm32l4xx_hal_flash.c" -mcpu=cortex-m4 -std=gnu11 -g3 -DDEBUG -DUSE_HAL_DRIVER -DSTM32L476xx -c -I../Core/Inc -I../Drivers/STM32L4xx_HAL_Driver/Inc -I../Drivers/STM32L4xx_HAL_Driver/Inc/Legacy -I../Drivers/CMSIS/Device/ST/STM32L4xx/Include -I../Drivers/CMSIS/Include -O0 -ffunction-sections -fdata-sections -Wall -fstack-usage -fcyclomatic-complexity -MMD -MP -MF"Drivers/STM32L4xx_HAL_Driver/Src/stm32l4xx_hal_flash.d" -MT"Drivers/STM32L4xx_HAL_Driver/Src/stm32l4xx_hal_flash.o" --specs=nano.specs -mfpu=fpv4-sp-d16 -mfloat-abi=hard -mthumb -o "Drivers/STM32L4xx_HAL_Driver/Src/stm32l4xx_hal_flash.o"
arm-none-eabi-gcc "../Drivers/STM32L4xx_HAL_Driver/Src/stm32l4xx_hal_flash_ex.c" -mcpu=cortex-m4 -std=gnu11 -g3 -DDEBUG -DUSE_HAL_DRIVER -DSTM32L476xx -c -I../Core/Inc -I../Drivers/STM32L4xx_HAL_Driver/Inc -I../Drivers/STM32L4xx_HAL_Driver/Inc/Legacy -I../Drivers/CMSIS/Device/ST/STM32L4xx/Include -I../Drivers/CMSIS/Include -O0 -ffunction-sections -fdata-sections -Wall -fstack-usage -fcyclomatic-complexity -MMD -MP -MF"Drivers/STM32L4xx_HAL_Driver/Src/stm32l4xx_hal_flash_ex.d" -MT"Drivers/STM32L4xx_HAL_Driver/Src/stm32l4xx_hal_flash_ex.o" --specs=nano.specs -mfpu=fpv4-sp-d16 -mfloat-abi=hard -mthumb -o "Drivers/STM32L4xx_HAL_Driver/Src/stm32l4xx_hal_flash_ex.o"
arm-none-eabi-gcc "../Drivers/STM32L4xx_HAL_Driver/Src/stm32l4xx_hal_flash_ramfunc.c" -mcpu=cortex-m4 -std=gnu11 -g3 -DDEBUG -DUSE_HAL_DRIVER -DSTM32L476xx -c -I../Core/Inc -I../Drivers/STM32L4xx_HAL_Driver/Inc -I../Drivers/STM32L4xx_HAL_Driver/Inc/Legacy -I../Drivers/CMSIS/Device/ST/STM32L4xx/Include -I../Drivers/CMSIS/Include -O0 -ffunction-sections -fdata-sections -Wall -fstack-usage -fcyclomatic-complexity -MMD -MP -MF"Drivers/STM32L4xx_HAL_Driver/Src/stm32l4xx_hal_flash_ramfunc.d" -MT"Drivers/STM32L4xx_HAL_Driver/Src/stm32l4xx_hal_flash_ramfunc.o" --specs=nano.specs -mfpu=fpv4-sp-d16 -mfloat-abi=hard -mthumb -o "Drivers/STM32L4xx_HAL_Driver/Src/stm32l4xx_hal_flash_ramfunc.o"
arm-none-eabi-gcc "../Drivers/STM32L4xx_HAL_Driver/Src/stm32l4xx_hal_gpio.c" -mcpu=cortex-m4 -std=gnu11 -g3 -DDEBUG -DUSE_HAL_DRIVER -DSTM32L476xx -c -I../Core/Inc -I../Drivers/STM32L4xx_HAL_Driver/Inc -I../Drivers/STM32L4xx_HAL_Driver/Inc/Legacy -I../Drivers/CMSIS/Device/ST/STM32L4xx/Include -I../Drivers/CMSIS/Include -O0 -ffunction-sections -fdata-sections -Wall -fstack-usage -fcyclomatic-complexity -MMD -MP -MF"Drivers/STM32L4xx_HAL_Driver/Src/stm32l4xx_hal_gpio.d" -MT"Drivers/STM32L4xx_HAL_Driver/Src/stm32l4xx_hal_gpio.o" --specs=nano.specs -mfpu=fpv4-sp-d16 -mfloat-abi=hard -mthumb -o "Drivers/STM32L4xx_HAL_Driver/Src/stm32l4xx_hal_gpio.o"
arm-none-eabi-gcc "../Drivers/STM32L4xx_HAL_Driver/Src/stm32l4xx_hal_i2c.c" -mcpu=cortex-m4 -std=gnu11 -g3 -DDEBUG -DUSE_HAL_DRIVER -DSTM32L476xx -c -I../Core/Inc -I../Drivers/STM32L4xx_HAL_Driver/Inc -I../Drivers/STM32L4xx_HAL_Driver/Inc/Legacy -I../Drivers/CMSIS/Device/ST/STM32L4xx/Include -I../Drivers/CMSIS/Include -O0 -ffunction-sections -fdata-sections -Wall -fstack-usage -fcyclomatic-complexity -MMD -MP -MF"Drivers/STM32L4xx_HAL_Driver/Src/stm32l4xx_hal_i2c.d" -MT"Drivers/STM32L4xx_HAL_Driver/Src/stm32l4xx_hal_i2c.o" --specs=nano.specs -mfpu=fpv4-sp-d16 -mfloat-abi=hard -mthumb -o "Drivers/STM32L4xx_HAL_Driver/Src/stm32l4xx_hal_i2c.o"
arm-none-eabi-gcc "../Drivers/STM32L4xx_HAL_Driver/Src/stm32l4xx_hal_i2c_ex.c" -mcpu=cortex-m4 -std=gnu11 -g3 -DDEBUG -DUSE_HAL_DRIVER -DSTM32L476xx -c -I../Core/Inc -I../Drivers/STM32L4xx_HAL_Driver/Inc -I../Drivers/STM32L4xx_HAL_Driver/Inc/Legacy -I../Drivers/CMSIS/Device/ST/STM32L4xx/Include -I../Drivers/CMSIS/Include -O0 -ffunction-sections -fdata-sections -Wall -fstack-usage -fcyclomatic-complexity -MMD -MP -MF"Drivers/STM32L4xx_HAL_Driver/Src/stm32l4xx_hal_i2c_ex.d" -MT"Drivers/STM32L4xx_HAL_Driver/Src/stm32l4xx_hal_i2c_ex.o" --specs=nano.specs -mfpu=fpv4-sp-d16 -mfloat-abi=hard -mthumb -o "Drivers/STM32L4xx_HAL_Driver/Src/stm32l4xx_hal_i2c_ex.o"
arm-none-eabi-gcc "../Drivers/STM32L4xx_HAL_Driver/Src/stm32l4xx_hal_pwr.c" -mcpu=cortex-m4 -std=gnu11 -g3 -DDEBUG -DUSE_HAL_DRIVER -DSTM32L476xx -c -I../Core/Inc -I../Drivers/STM32L4xx_HAL_Driver/Inc -I../Drivers/STM32L4xx_HAL_Driver/Inc/Legacy -I../Drivers/CMSIS/Device/ST/STM32L4xx/Include -I../Drivers/CMSIS/Include -O0 -ffunction-sections -fdata-sections -Wall -fstack-usage -fcyclomatic-complexity -MMD -MP -MF"Drivers/STM32L4xx_HAL_Driver/Src/stm32l4xx_hal_pwr.d" -MT"Drivers/STM32L4xx_HAL_Driver/Src/stm32l4xx_hal_pwr.o" --specs=nano.specs -mfpu=fpv4-sp-d16 -mfloat-abi=hard -mthumb -o "Drivers/STM32L4xx_HAL_Driver/Src/stm32l4xx_hal_pwr.o"
arm-none-eabi-gcc "../Drivers/STM32L4xx_HAL_Driver/Src/stm32l4xx_hal_pwr_ex.c" -mcpu=cortex-m4 -std=gnu11 -g3 -DDEBUG -DUSE_HAL_DRIVER -DSTM32L476xx -c -I../Core/Inc -I../Drivers/STM32L4xx_HAL_Driver/Inc -I../Drivers/STM32L4xx_HAL_Driver/Inc/Legacy -I../Drivers/CMSIS/Device/ST/STM32L4xx/Include -I../Drivers/CMSIS/Include -O0 -ffunction-sections -fdata-sections -Wall -fstack-usage -fcyclomatic-complexity -MMD -MP -MF"Drivers/STM32L4xx_HAL_Driver/Src/stm32l4xx_hal_pwr_ex.d" -MT"Drivers/STM32L4xx_HAL_Driver/Src/stm32l4xx_hal_pwr_ex.o" --specs=nano.specs -mfpu=fpv4-sp-d16 -mfloat-abi=hard -mthumb -o "Drivers/STM32L4xx_HAL_Driver/Src/stm32l4xx_hal_pwr_ex.o"
arm-none-eabi-gcc "../Drivers/STM32L4xx_HAL_Driver/Src/stm32l4xx_hal_rcc.c" -mcpu=cortex-m4 -std=gnu11 -g3 -DDEBUG -DUSE_HAL_DRIVER -DSTM32L476xx -c -I../Core/Inc -I../Drivers/STM32L4xx_HAL_Driver/Inc -I../Drivers/STM32L4xx_HAL_Driver/Inc/Legacy -I../Drivers/CMSIS/Device/ST/STM32L4xx/Include -I../Drivers/CMSIS/Include -O0 -ffunction-sections -fdata-sections -Wall -fstack-usage -fcyclomatic-complexity -MMD -MP -MF"Drivers/STM32L4xx_HAL_Driver/Src/stm32l4xx_hal_rcc.d" -MT"Drivers/STM32L4xx_HAL_Driver/Src/stm32l4xx_hal_rcc.o" --specs=nano.specs -mfpu=fpv4-sp-d16 -mfloat-abi=hard -mthumb -o "Drivers/STM32L4xx_HAL_Driver/Src/stm32l4xx_hal_rcc.o"
arm-none-eabi-gcc "../Drivers/STM32L4xx_HAL_Driver/Src/stm32l4xx_hal_rcc_ex.c" -mcpu=cortex-m4 -std=gnu11 -g3 -DDEBUG -DUSE_HAL_DRIVER -DSTM32L476xx -c -I../Core/Inc -I../Drivers/STM32L4xx_HAL_Driver/Inc -I../Drivers/STM32L4xx_HAL_Driver/Inc/Legacy -I../Drivers/CMSIS/Device/ST/STM32L4xx/Include -I../Drivers/CMSIS/Include -O0 -ffunction-sections -fdata-sections -Wall -fstack-usage -fcyclomatic-complexity -MMD -MP -MF"Drivers/STM32L4xx_HAL_Driver/Src/stm32l4xx_hal_rcc_ex.d" -MT"Drivers/STM32L4xx_HAL_Driver/Src/stm32l4xx_hal_rcc_ex.o" --specs=nano.specs -mfpu=fpv4-sp-d16 -mfloat-abi=hard -mthumb -o "Drivers/STM32L4xx_HAL_Driver/Src/stm32l4xx_hal_rcc_ex.o"
arm-none-eabi-gcc "../Drivers/STM32L4xx_HAL_Driver/Src/stm32l4xx_hal_uart.c" -mcpu=cortex-m4 -std=gnu11 -g3 -DDEBUG -DUSE_HAL_DRIVER -DSTM32L476xx -c -I../Core/Inc -I../Drivers/STM32L4xx_HAL_Driver/Inc -I../Drivers/STM32L4xx_HAL_Driver/Inc/Legacy -I../Drivers/CMSIS/Device/ST/STM32L4xx/Include -I../Drivers/CMSIS/Include -O0 -ffunction-sections -fdata-sections -Wall -fstack-usage -fcyclomatic-complexity -MMD -MP -MF"Drivers/STM32L4xx_HAL_Driver/Src/stm32l4xx_hal_uart.d" -MT"Drivers/STM32L4xx_HAL_Driver/Src/stm32l4xx_hal_uart.o" --specs=nano.specs -mfpu=fpv4-sp-d16 -mfloat-abi=hard -mthumb -o "Drivers/STM32L4xx_HAL_Driver/Src/stm32l4xx_hal_uart.o"
arm-none-eabi-gcc "../Drivers/STM32L4xx_HAL_Driver/Src/stm32l4xx_hal_uart_ex.c" -mcpu=cortex-m4 -std=gnu11 -g3 -DDEBUG -DUSE_HAL_DRIVER -DSTM32L476xx -c -I../Core/Inc -I../Drivers/STM32L4xx_HAL_Driver/Inc -I../Drivers/STM32L4xx_HAL_Driver/Inc/Legacy -I../Drivers/CMSIS/Device/ST/STM32L4xx/Include -I../Drivers/CMSIS/Include -O0 -ffunction-sections -fdata-sections -Wall -fstack-usage -fcyclomatic-complexity -MMD -MP -MF"Drivers/STM32L4xx_HAL_Driver/Src/stm32l4xx_hal_uart_ex.d" -MT"Drivers/STM32L4xx_HAL_Driver/Src/stm32l4xx_hal_uart_ex.o" --specs=nano.specs -mfpu=fpv4-sp-d16 -mfloat-abi=hard -mthumb -o "Drivers/STM32L4xx_HAL_Driver/Src/stm32l4xx_hal_uart_ex.o"
arm-none-eabi-gcc -mcpu=cortex-m4 -g3 -DDEBUG -c -x assembler-with-cpp -MMD -MP -MF"Core/Startup/startup_stm32l476rgtx.d" -MT"Core/Startup/startup_stm32l476rgtx.o" --specs=nano.specs -mfpu=fpv4-sp-d16 -mfloat-abi=hard -mthumb -o "Core/Startup/startup_stm32l476rgtx.o" "../Core/Startup/startup_stm32l476rgtx.s"
arm-none-eabi-gcc "../Core/Src/main.c" -mcpu=cortex-m4 -std=gnu11 -g3 -DDEBUG -DUSE_HAL_DRIVER -DSTM32L476xx -c -I../Core/Inc -I../Drivers/STM32L4xx_HAL_Driver/Inc -I../Drivers/STM32L4xx_HAL_Driver/Inc/Legacy -I../Drivers/CMSIS/Device/ST/STM32L4xx/Include -I../Drivers/CMSIS/Include -O0 -ffunction-sections -fdata-sections -Wall -fstack-usage -fcyclomatic-complexity -MMD -MP -MF"Core/Src/main.d" -MT"Core/Src/main.o" --specs=nano.specs -mfpu=fpv4-sp-d16 -mfloat-abi=hard -mthumb -o "Core/Src/main.o"
arm-none-eabi-gcc "../Core/Src/stm32l4xx_hal_msp.c" -mcpu=cortex-m4 -std=gnu11 -g3 -DDEBUG -DUSE_HAL_DRIVER -DSTM32L476xx -c -I../Core/Inc -I../Drivers/STM32L4xx_HAL_Driver/Inc -I../Drivers/STM32L4xx_HAL_Driver/Inc/Legacy -I../Drivers/CMSIS/Device/ST/STM32L4xx/Include -I../Drivers/CMSIS/Include -O0 -ffunction-sections -fdata-sections -Wall -fstack-usage -fcyclomatic-complexity -MMD -MP -MF"Core/Src/stm32l4xx_hal_msp.d" -MT"Core/Src/stm32l4xx_hal_msp.o" --specs=nano.specs -mfpu=fpv4-sp-d16 -mfloat-abi=hard -mthumb -o "Core/Src/stm32l4xx_hal_msp.o"
arm-none-eabi-gcc "../Core/Src/stm32l4xx_it.c" -mcpu=cortex-m4 -std=gnu11 -g3 -DDEBUG -DUSE_HAL_DRIVER -DSTM32L476xx -c -I../Core/Inc -I../Drivers/STM32L4xx_HAL_Driver/Inc -I../Drivers/STM32L4xx_HAL_Driver/Inc/Legacy -I../Drivers/CMSIS/Device/ST/STM32L4xx/Include -I../Drivers/CMSIS/Include -O0 -ffunction-sections -fdata-sections -Wall -fstack-usage -fcyclomatic-complexity -MMD -MP -MF"Core/Src/stm32l4xx_it.d" -MT"Core/Src/stm32l4xx_it.o" --specs=nano.specs -mfpu=fpv4-sp-d16 -mfloat-abi=hard -mthumb -o "Core/Src/stm32l4xx_it.o"
arm-none-eabi-gcc "../Core/Src/syscalls.c" -mcpu=cortex-m4 -std=gnu11 -g3 -DDEBUG -DUSE_HAL_DRIVER -DSTM32L476xx -c -I../Core/Inc -I../Drivers/STM32L4xx_HAL_Driver/Inc -I../Drivers/STM32L4xx_HAL_Driver/Inc/Legacy -I../Drivers/CMSIS/Device/ST/STM32L4xx/Include -I../Drivers/CMSIS/Include -O0 -ffunction-sections -fdata-sections -Wall -fstack-usage -fcyclomatic-complexity -MMD -MP -MF"Core/Src/syscalls.d" -MT"Core/Src/syscalls.o" --specs=nano.specs -mfpu=fpv4-sp-d16 -mfloat-abi=hard -mthumb -o "Core/Src/syscalls.o"
arm-none-eabi-gcc "../Core/Src/sysmem.c" -mcpu=cortex-m4 -std=gnu11 -g3 -DDEBUG -DUSE_HAL_DRIVER -DSTM32L476xx -c -I../Core/Inc -I../Drivers/STM32L4xx_HAL_Driver/Inc -I../Drivers/STM32L4xx_HAL_Driver/Inc/Legacy -I../Drivers/CMSIS/Device/ST/STM32L4xx/Include -I../Drivers/CMSIS/Include -O0 -ffunction-sections -fdata-sections -Wall -fstack-usage -fcyclomatic-complexity -MMD -MP -MF"Core/Src/sysmem.d" -MT"Core/Src/sysmem.o" --specs=nano.specs -mfpu=fpv4-sp-d16 -mfloat-abi=hard -mthumb -o "Core/Src/sysmem.o"
arm-none-eabi-gcc "../Core/Src/system_stm32l4xx.c" -mcpu=cortex-m4 -std=gnu11 -g3 -DDEBUG -DUSE_HAL_DRIVER -DSTM32L476xx -c -I../Core/Inc -I../Drivers/STM32L4xx_HAL_Driver/Inc -I../Drivers/STM32L4xx_HAL_Driver/Inc/Legacy -I../Drivers/CMSIS/Device/ST/STM32L4xx/Include -I../Drivers/CMSIS/Include -O0 -ffunction-sections -fdata-sections -Wall -fstack-usage -fcyclomatic-complexity -MMD -MP -MF"Core/Src/system_stm32l4xx.d" -MT"Core/Src/system_stm32l4xx.o" --specs=nano.specs -mfpu=fpv4-sp-d16 -mfloat-abi=hard -mthumb -o "Core/Src/system_stm32l4xx.o"
../Core/Src/main.c: In function 'main':
../Core/Src/main.c:86:22: warning: unused variable 'uart' [-Wunused-variable]
   86 |   UART_HandleTypeDef uart;
      |                      ^~~~
arm-none-eabi-gcc -o "STM32L476RGT6.elf" @"objects.list"   -mcpu=cortex-m4 -T"D:\Projekty\TrinityTrack6000\STM32\STM32L476RGT6\STM32L476RGTX_FLASH.ld" --specs=nosys.specs -Wl,-Map="STM32L476RGT6.map" -Wl,--gc-sections -static --specs=nano.specs -mfpu=fpv4-sp-d16 -mfloat-abi=hard -mthumb -Wl,--start-group -lc -lm -Wl,--end-group
Finished building target: STM32L476RGT6.elf
 
arm-none-eabi-size  STM32L476RGT6.elf 
arm-none-eabi-objdump -h -S STM32L476RGT6.elf  > "STM32L476RGT6.list"
   text	   data	    bss	    dec	    hex	filename
  12224	     12	   1708	  13944	   3678	STM32L476RGT6.elf
Finished building: default.size.stdout
 
Finished building: STM32L476RGT6.list
 
22:32:20 **** Incremental Build of configuration Debug for project STM32L476RGT6 ****
make -j12 all 
arm-none-eabi-gcc "../Core/Src/main.c" -mcpu=cortex-m4 -std=gnu11 -g3 -DDEBUG -DUSE_HAL_DRIVER -DSTM32L476xx -c -I../Core/Inc -I../Drivers/STM32L4xx_HAL_Driver/Inc -I../Drivers/STM32L4xx_HAL_Driver/Inc/Legacy -I../Drivers/CMSIS/Device/ST/STM32L4xx/Include -I../Drivers/CMSIS/Include -O0 -ffunction-sections -fdata-sections -Wall -fstack-usage -fcyclomatic-complexity -MMD -MP -MF"Core/Src/main.d" -MT"Core/Src/main.o" --specs=nano.specs -mfpu=fpv4-sp-d16 -mfloat-abi=hard -mthumb -o "Core/Src/main.o"
arm-none-eabi-gcc -o "STM32L476RGT6.elf" @"objects.list"   -mcpu=cortex-m4 -T"D:\Projekty\TrinityTrack6000\STM32\STM32L476RGT6\STM32L476RGTX_FLASH.ld" --specs=nosys.specs -Wl,-Map="STM32L476RGT6.map" -Wl,--gc-sections -static --specs=nano.specs -mfpu=fpv4-sp-d16 -mfloat-abi=hard -mthumb -Wl,--start-group -lc -lm -Wl,--end-group
Finished building target: STM32L476RGT6.elf
 
arm-none-eabi-size  STM32L476RGT6.elf 
arm-none-eabi-objdump -h -S STM32L476RGT6.elf  > "STM32L476RGT6.list"
   text	   data	    bss	    dec	    hex	filename
  12272	     12	   1708	  13992	   36a8	STM32L476RGT6.elf
Finished building: default.size.stdout
 
Finished building: STM32L476RGT6.list
 
22:33:44 **** Incremental Build of configuration Debug for project STM32L476RGT6 ****
make -j12 all 
arm-none-eabi-gcc "../Core/Src/main.c" -mcpu=cortex-m4 -std=gnu11 -g3 -DDEBUG -DUSE_HAL_DRIVER -DSTM32L476xx -c -I../Core/Inc -I../Drivers/STM32L4xx_HAL_Driver/Inc -I../Drivers/STM32L4xx_HAL_Driver/Inc/Legacy -I../Drivers/CMSIS/Device/ST/STM32L4xx/Include -I../Drivers/CMSIS/Include -O0 -ffunction-sections -fdata-sections -Wall -fstack-usage -fcyclomatic-complexity -MMD -MP -MF"Core/Src/main.d" -MT"Core/Src/main.o" --specs=nano.specs -mfpu=fpv4-sp-d16 -mfloat-abi=hard -mthumb -o "Core/Src/main.o"
../Core/Src/main.c: In function 'send_string':
../Core/Src/main.c:61:28: error: 'uart' undeclared (first use in this function); did you mean 'huart2'?
   61 |         HAL_UART_Transmit(&uart,(uint8_t*)s,strlen(s),1000);
      |                            ^~~~
      |                            huart2
../Core/Src/main.c:61:28: note: each undeclared identifier is reported only once for each function it appears in
../Core/Src/main.c:61:45: warning: implicit declaration of function 'strlen' [-Wimplicit-function-declaration]
   61 |         HAL_UART_Transmit(&uart,(uint8_t*)s,strlen(s),1000);
      |                                             ^~~~~~
../Core/Src/main.c:21:1: note: include '<string.h>' or provide a declaration of 'strlen'
   20 | #include "main.h"
  +++ |+#include <string.h>
   21 | 
../Core/Src/main.c:61:45: warning: incompatible implicit declaration of built-in function 'strlen' [-Wbuiltin-declaration-mismatch]
   61 |         HAL_UART_Transmit(&uart,(uint8_t*)s,strlen(s),1000);
      |                                             ^~~~~~
../Core/Src/main.c:61:45: note: include '<string.h>' or provide a declaration of 'strlen'
make: *** [Core/Src/subdir.mk:34: Core/Src/main.o] Error 1
"make -j12 all" terminated with exit code 2. Build might be incomplete.
22:34:05 **** Incremental Build of configuration Debug for project STM32L476RGT6 ****
make -j12 all 
arm-none-eabi-gcc "../Core/Src/main.c" -mcpu=cortex-m4 -std=gnu11 -g3 -DDEBUG -DUSE_HAL_DRIVER -DSTM32L476xx -c -I../Core/Inc -I../Drivers/STM32L4xx_HAL_Driver/Inc -I../Drivers/STM32L4xx_HAL_Driver/Inc/Legacy -I../Drivers/CMSIS/Device/ST/STM32L4xx/Include -I../Drivers/CMSIS/Include -O0 -ffunction-sections -fdata-sections -Wall -fstack-usage -fcyclomatic-complexity -MMD -MP -MF"Core/Src/main.d" -MT"Core/Src/main.o" --specs=nano.specs -mfpu=fpv4-sp-d16 -mfloat-abi=hard -mthumb -o "Core/Src/main.o"
../Core/Src/main.c: In function 'send_string':
../Core/Src/main.c:62:28: error: 'uart' undeclared (first use in this function); did you mean 'huart2'?
   62 |         HAL_UART_Transmit(&uart,(uint8_t*)s,strlen(s),1000);
      |                            ^~~~
      |                            huart2
../Core/Src/main.c:62:28: note: each undeclared identifier is reported only once for each function it appears in
../Core/Src/main.c:62:45: warning: implicit declaration of function 'strlen' [-Wimplicit-function-declaration]
   62 |         HAL_UART_Transmit(&uart,(uint8_t*)s,strlen(s),1000);
      |                                             ^~~~~~
../Core/Src/main.c:22:1: note: include '<string.h>' or provide a declaration of 'strlen'
   21 | #include <stdio.h>
  +++ |+#include <string.h>
   22 | 
../Core/Src/main.c:62:45: warning: incompatible implicit declaration of built-in function 'strlen' [-Wbuiltin-declaration-mismatch]
   62 |         HAL_UART_Transmit(&uart,(uint8_t*)s,strlen(s),1000);
      |                                             ^~~~~~
../Core/Src/main.c:62:45: note: include '<string.h>' or provide a declaration of 'strlen'
make: *** [Core/Src/subdir.mk:34: Core/Src/main.o] Error 1
"make -j12 all" terminated with exit code 2. Build might be incomplete.
22:34:11 **** Incremental Build of configuration Debug for project STM32L476RGT6 ****
make -j12 all 
arm-none-eabi-gcc "../Core/Src/main.c" -mcpu=cortex-m4 -std=gnu11 -g3 -DDEBUG -DUSE_HAL_DRIVER -DSTM32L476xx -c -I../Core/Inc -I../Drivers/STM32L4xx_HAL_Driver/Inc -I../Drivers/STM32L4xx_HAL_Driver/Inc/Legacy -I../Drivers/CMSIS/Device/ST/STM32L4xx/Include -I../Drivers/CMSIS/Include -O0 -ffunction-sections -fdata-sections -Wall -fstack-usage -fcyclomatic-complexity -MMD -MP -MF"Core/Src/main.d" -MT"Core/Src/main.o" --specs=nano.specs -mfpu=fpv4-sp-d16 -mfloat-abi=hard -mthumb -o "Core/Src/main.o"
../Core/Src/main.c: In function 'send_string':
../Core/Src/main.c:62:28: error: 'uart' undeclared (first use in this function); did you mean 'huart2'?
   62 |         HAL_UART_Transmit(&uart,(uint8_t*)s,strlen(s),1000);
      |                            ^~~~
      |                            huart2
../Core/Src/main.c:62:28: note: each undeclared identifier is reported only once for each function it appears in
make: *** [Core/Src/subdir.mk:34: Core/Src/main.o] Error 1
"make -j12 all" terminated with exit code 2. Build might be incomplete.
22:35:13 **** Incremental Build of configuration Debug for project STM32L476RGT6 ****
make -j12 all 
arm-none-eabi-gcc "../Core/Src/main.c" -mcpu=cortex-m4 -std=gnu11 -g3 -DDEBUG -DUSE_HAL_DRIVER -DSTM32L476xx -c -I../Core/Inc -I../Drivers/STM32L4xx_HAL_Driver/Inc -I../Drivers/STM32L4xx_HAL_Driver/Inc/Legacy -I../Drivers/CMSIS/Device/ST/STM32L4xx/Include -I../Drivers/CMSIS/Include -O0 -ffunction-sections -fdata-sections -Wall -fstack-usage -fcyclomatic-complexity -MMD -MP -MF"Core/Src/main.d" -MT"Core/Src/main.o" --specs=nano.specs -mfpu=fpv4-sp-d16 -mfloat-abi=hard -mthumb -o "Core/Src/main.o"
../Core/Src/main.c: In function 'main':
../Core/Src/main.c:115:15: warning: passing argument 1 of 'send_string' from incompatible pointer type [-Wincompatible-pointer-types]
  115 |   send_string("Test\n");
      |               ^~~~~~~~
      |               |
      |               char *
../Core/Src/main.c:61:37: note: expected 'UART_HandleTypeDef *' {aka 'struct __UART_HandleTypeDef *'} but argument is of type 'char *'
   61 | void send_string(UART_HandleTypeDef*uart,char*s){
      |                  ~~~~~~~~~~~~~~~~~~~^~~~
../Core/Src/main.c:115:3: error: too few arguments to function 'send_string'
  115 |   send_string("Test\n");
      |   ^~~~~~~~~~~
../Core/Src/main.c:61:6: note: declared here
   61 | void send_string(UART_HandleTypeDef*uart,char*s){
      |      ^~~~~~~~~~~
make: *** [Core/Src/subdir.mk:34: Core/Src/main.o] Error 1
"make -j12 all" terminated with exit code 2. Build might be incomplete.
22:35:24 **** Incremental Build of configuration Debug for project STM32L476RGT6 ****
make -j12 all 
arm-none-eabi-gcc "../Core/Src/main.c" -mcpu=cortex-m4 -std=gnu11 -g3 -DDEBUG -DUSE_HAL_DRIVER -DSTM32L476xx -c -I../Core/Inc -I../Drivers/STM32L4xx_HAL_Driver/Inc -I../Drivers/STM32L4xx_HAL_Driver/Inc/Legacy -I../Drivers/CMSIS/Device/ST/STM32L4xx/Include -I../Drivers/CMSIS/Include -O0 -ffunction-sections -fdata-sections -Wall -fstack-usage -fcyclomatic-complexity -MMD -MP -MF"Core/Src/main.d" -MT"Core/Src/main.o" --specs=nano.specs -mfpu=fpv4-sp-d16 -mfloat-abi=hard -mthumb -o "Core/Src/main.o"
arm-none-eabi-gcc -o "STM32L476RGT6.elf" @"objects.list"   -mcpu=cortex-m4 -T"D:\Projekty\TrinityTrack6000\STM32\STM32L476RGT6\STM32L476RGTX_FLASH.ld" --specs=nosys.specs -Wl,-Map="STM32L476RGT6.map" -Wl,--gc-sections -static --specs=nano.specs -mfpu=fpv4-sp-d16 -mfloat-abi=hard -mthumb -Wl,--start-group -lc -lm -Wl,--end-group
Finished building target: STM32L476RGT6.elf
 
arm-none-eabi-size  STM32L476RGT6.elf 
arm-none-eabi-objdump -h -S STM32L476RGT6.elf  > "STM32L476RGT6.list"
   text	   data	    bss	    dec	    hex	filename
  12628	     12	   1708	  14348	   380c	STM32L476RGT6.elf
Finished building: default.size.stdout
 
Finished building: STM32L476RGT6.list
 
22:38:14 **** Incremental Build of configuration Debug for project STM32L476RGT6 ****
make -j12 all 
arm-none-eabi-gcc "../Core/Src/main.c" -mcpu=cortex-m4 -std=gnu11 -g3 -DDEBUG -DUSE_HAL_DRIVER -DSTM32L476xx -c -I../Core/Inc -I../Drivers/STM32L4xx_HAL_Driver/Inc -I../Drivers/STM32L4xx_HAL_Driver/Inc/Legacy -I../Drivers/CMSIS/Device/ST/STM32L4xx/Include -I../Drivers/CMSIS/Include -O0 -ffunction-sections -fdata-sections -Wall -fstack-usage -fcyclomatic-complexity -MMD -MP -MF"Core/Src/main.d" -MT"Core/Src/main.o" --specs=nano.specs -mfpu=fpv4-sp-d16 -mfloat-abi=hard -mthumb -o "Core/Src/main.o"
arm-none-eabi-gcc -o "STM32L476RGT6.elf" @"objects.list"   -mcpu=cortex-m4 -T"D:\Projekty\TrinityTrack6000\STM32\STM32L476RGT6\STM32L476RGTX_FLASH.ld" --specs=nosys.specs -Wl,-Map="STM32L476RGT6.map" -Wl,--gc-sections -static --specs=nano.specs -mfpu=fpv4-sp-d16 -mfloat-abi=hard -mthumb -Wl,--start-group -lc -lm -Wl,--end-group
Finished building target: STM32L476RGT6.elf
 
arm-none-eabi-size  STM32L476RGT6.elf 
arm-none-eabi-objdump -h -S STM32L476RGT6.elf  > "STM32L476RGT6.list"
   text	   data	    bss	    dec	    hex	filename
  12720	     12	   1708	  14440	   3868	STM32L476RGT6.elf
Finished building: default.size.stdout
 
Finished building: STM32L476RGT6.list
 
22:51:46 **** Incremental Build of configuration Debug for project STM32L476RGT6 ****
make -j12 all 
arm-none-eabi-gcc "../Core/Src/main.c" -mcpu=cortex-m4 -std=gnu11 -g3 -DDEBUG -DUSE_HAL_DRIVER -DSTM32L476xx -c -I../Core/Inc -I../Drivers/STM32L4xx_HAL_Driver/Inc -I../Drivers/STM32L4xx_HAL_Driver/Inc/Legacy -I../Drivers/CMSIS/Device/ST/STM32L4xx/Include -I../Drivers/CMSIS/Include -O0 -ffunction-sections -fdata-sections -Wall -fstack-usage -fcyclomatic-complexity -MMD -MP -MF"Core/Src/main.d" -MT"Core/Src/main.o" --specs=nano.specs -mfpu=fpv4-sp-d16 -mfloat-abi=hard -mthumb -o "Core/Src/main.o"
arm-none-eabi-gcc -o "STM32L476RGT6.elf" @"objects.list"   -mcpu=cortex-m4 -T"D:\Projekty\TrinityTrack6000\STM32\STM32L476RGT6\STM32L476RGTX_FLASH.ld" --specs=nosys.specs -Wl,-Map="STM32L476RGT6.map" -Wl,--gc-sections -static --specs=nano.specs -mfpu=fpv4-sp-d16 -mfloat-abi=hard -mthumb -Wl,--start-group -lc -lm -Wl,--end-group
Finished building target: STM32L476RGT6.elf
 
arm-none-eabi-size  STM32L476RGT6.elf 
arm-none-eabi-objdump -h -S STM32L476RGT6.elf  > "STM32L476RGT6.list"
   text	   data	    bss	    dec	    hex	filename
  12732	     12	   1708	  14452	   3874	STM32L476RGT6.elf
Finished building: default.size.stdout
 
Finished building: STM32L476RGT6.list
 
22:52:25 **** Incremental Build of configuration Debug for project STM32L476RGT6 ****
make -j12 all 
arm-none-eabi-gcc "../Core/Src/main.c" -mcpu=cortex-m4 -std=gnu11 -g3 -DDEBUG -DUSE_HAL_DRIVER -DSTM32L476xx -c -I../Core/Inc -I../Drivers/STM32L4xx_HAL_Driver/Inc -I../Drivers/STM32L4xx_HAL_Driver/Inc/Legacy -I../Drivers/CMSIS/Device/ST/STM32L4xx/Include -I../Drivers/CMSIS/Include -O0 -ffunction-sections -fdata-sections -Wall -fstack-usage -fcyclomatic-complexity -MMD -MP -MF"Core/Src/main.d" -MT"Core/Src/main.o" --specs=nano.specs -mfpu=fpv4-sp-d16 -mfloat-abi=hard -mthumb -o "Core/Src/main.o"
arm-none-eabi-gcc -o "STM32L476RGT6.elf" @"objects.list"   -mcpu=cortex-m4 -T"D:\Projekty\TrinityTrack6000\STM32\STM32L476RGT6\STM32L476RGTX_FLASH.ld" --specs=nosys.specs -Wl,-Map="STM32L476RGT6.map" -Wl,--gc-sections -static --specs=nano.specs -mfpu=fpv4-sp-d16 -mfloat-abi=hard -mthumb -Wl,--start-group -lc -lm -Wl,--end-group
Finished building target: STM32L476RGT6.elf
 
arm-none-eabi-size  STM32L476RGT6.elf 
arm-none-eabi-objdump -h -S STM32L476RGT6.elf  > "STM32L476RGT6.list"
   text	   data	    bss	    dec	    hex	filename
  12708	     12	   1708	  14428	   385c	STM32L476RGT6.elf
Finished building: default.size.stdout
 
Finished building: STM32L476RGT6.list
 
13:44:55 **** Build of configuration Debug for project STM32L476RGT6 ****
make -j12 all 
arm-none-eabi-gcc "../Utils/mem_info.c" -mcpu=cortex-m4 -std=gnu11 -g3 -DDEBUG -DUSE_HAL_DRIVER -DSTM32L476xx -c -I../Core/Inc -I../Drivers/STM32L4xx_HAL_Driver/Inc -I../Drivers/STM32L4xx_HAL_Driver/Inc/Legacy -I../Drivers/CMSIS/Device/ST/STM32L4xx/Include -I../Drivers/CMSIS/Include -O0 -ffunction-sections -fdata-sections -Wall -fstack-usage -fcyclomatic-complexity -MMD -MP -MF"Utils/mem_info.d" -MT"Utils/mem_info.o" --specs=nano.specs -mfpu=fpv4-sp-d16 -mfloat-abi=hard -mthumb -o "Utils/mem_info.o"
arm-none-eabi-gcc "../Core/Src/main.c" -mcpu=cortex-m4 -std=gnu11 -g3 -DDEBUG -DUSE_HAL_DRIVER -DSTM32L476xx -c -I../Core/Inc -I../Drivers/STM32L4xx_HAL_Driver/Inc -I../Drivers/STM32L4xx_HAL_Driver/Inc/Legacy -I../Drivers/CMSIS/Device/ST/STM32L4xx/Include -I../Drivers/CMSIS/Include -O0 -ffunction-sections -fdata-sections -Wall -fstack-usage -fcyclomatic-complexity -MMD -MP -MF"Core/Src/main.d" -MT"Core/Src/main.o" --specs=nano.specs -mfpu=fpv4-sp-d16 -mfloat-abi=hard -mthumb -o "Core/Src/main.o"
../Utils/mem_info.c: In function 'ram_dump':
../Utils/mem_info.c:26:42: error: 's' undeclared (first use in this function)
   26 |         HAL_UART_Transmit(uart,(uint8_t*)s,strlen(s),1000);
      |                                          ^
../Utils/mem_info.c:26:42: note: each undeclared identifier is reported only once for each function it appears in
../Utils/mem_info.c:26:44: warning: implicit declaration of function 'strlen' [-Wimplicit-function-declaration]
   26 |         HAL_UART_Transmit(uart,(uint8_t*)s,strlen(s),1000);
      |                                            ^~~~~~
../Utils/mem_info.c:3:1: note: include '<string.h>' or provide a declaration of 'strlen'
    2 | #include "stm32l4xx_hal.h"
  +++ |+#include <string.h>
    3 | 
../Utils/mem_info.c:26:44: warning: incompatible implicit declaration of built-in function 'strlen' [-Wbuiltin-declaration-mismatch]
   26 |         HAL_UART_Transmit(uart,(uint8_t*)s,strlen(s),1000);
      |                                            ^~~~~~
../Utils/mem_info.c:26:44: note: include '<string.h>' or provide a declaration of 'strlen'
../Utils/mem_info.c:26:27: error: incompatible type for argument 1 of 'HAL_UART_Transmit'
   26 |         HAL_UART_Transmit(uart,(uint8_t*)s,strlen(s),1000);
      |                           ^~~~
      |                           |
      |                           UART_HandleTypeDef {aka struct __UART_HandleTypeDef}
In file included from ../Core/Inc/stm32l4xx_hal_conf.h:450,
                 from ../Drivers/STM32L4xx_HAL_Driver/Inc/stm32l4xx_hal.h:29,
                 from ../Utils/mem_info.c:2:
../Drivers/STM32L4xx_HAL_Driver/Inc/stm32l4xx_hal_uart.h:1696:57: note: expected 'UART_HandleTypeDef *' {aka 'struct __UART_HandleTypeDef *'} but argument is of type 'UART_HandleTypeDef' {aka 'struct __UART_HandleTypeDef'}
 1696 | HAL_StatusTypeDef HAL_UART_Transmit(UART_HandleTypeDef *huart, const uint8_t *pData, uint16_t Size, uint32_t Timeout);
      |                                     ~~~~~~~~~~~~~~~~~~~~^~~~~
make: *** [Utils/subdir.mk:19: Utils/mem_info.o] Error 1
make: *** Waiting for unfinished jobs....
../Core/Src/main.c: In function 'MX_USART2_UART_Init':
../Core/Src/main.c:193:3: error: 'huart2' undeclared (first use in this function); did you mean 'uart2'?
  193 |   huart2.Instance = USART2;
      |   ^~~~~~
      |   uart2
../Core/Src/main.c:193:3: note: each undeclared identifier is reported only once for each function it appears in
make: *** [Core/Src/subdir.mk:34: Core/Src/main.o] Error 1
"make -j12 all" terminated with exit code 2. Build might be incomplete.
13:45:49 **** Incremental Build of configuration Debug for project STM32L476RGT6 ****
make -j12 all 
arm-none-eabi-gcc "../Utils/mem_info.c" -mcpu=cortex-m4 -std=gnu11 -g3 -DDEBUG -DUSE_HAL_DRIVER -DSTM32L476xx -c -I../Core/Inc -I../Drivers/STM32L4xx_HAL_Driver/Inc -I../Drivers/STM32L4xx_HAL_Driver/Inc/Legacy -I../Drivers/CMSIS/Device/ST/STM32L4xx/Include -I../Drivers/CMSIS/Include -O0 -ffunction-sections -fdata-sections -Wall -fstack-usage -fcyclomatic-complexity -MMD -MP -MF"Utils/mem_info.d" -MT"Utils/mem_info.o" --specs=nano.specs -mfpu=fpv4-sp-d16 -mfloat-abi=hard -mthumb -o "Utils/mem_info.o"
arm-none-eabi-gcc "../Core/Src/main.c" -mcpu=cortex-m4 -std=gnu11 -g3 -DDEBUG -DUSE_HAL_DRIVER -DSTM32L476xx -c -I../Core/Inc -I../Drivers/STM32L4xx_HAL_Driver/Inc -I../Drivers/STM32L4xx_HAL_Driver/Inc/Legacy -I../Drivers/CMSIS/Device/ST/STM32L4xx/Include -I../Drivers/CMSIS/Include -O0 -ffunction-sections -fdata-sections -Wall -fstack-usage -fcyclomatic-complexity -MMD -MP -MF"Core/Src/main.d" -MT"Core/Src/main.o" --specs=nano.specs -mfpu=fpv4-sp-d16 -mfloat-abi=hard -mthumb -o "Core/Src/main.o"
../Utils/mem_info.c: In function 'ram_dump':
../Utils/mem_info.c:26:42: error: 's' undeclared (first use in this function)
   26 |         HAL_UART_Transmit(uart,(uint8_t*)s,strlen(s),1000);
      |                                          ^
../Utils/mem_info.c:26:42: note: each undeclared identifier is reported only once for each function it appears in
../Utils/mem_info.c:26:44: warning: implicit declaration of function 'strlen' [-Wimplicit-function-declaration]
   26 |         HAL_UART_Transmit(uart,(uint8_t*)s,strlen(s),1000);
      |                                            ^~~~~~
../Utils/mem_info.c:3:1: note: include '<string.h>' or provide a declaration of 'strlen'
    2 | #include "stm32l4xx_hal.h"
  +++ |+#include <string.h>
    3 | 
../Utils/mem_info.c:26:44: warning: incompatible implicit declaration of built-in function 'strlen' [-Wbuiltin-declaration-mismatch]
   26 |         HAL_UART_Transmit(uart,(uint8_t*)s,strlen(s),1000);
      |                                            ^~~~~~
../Utils/mem_info.c:26:44: note: include '<string.h>' or provide a declaration of 'strlen'
../Utils/mem_info.c:26:27: error: incompatible type for argument 1 of 'HAL_UART_Transmit'
   26 |         HAL_UART_Transmit(uart,(uint8_t*)s,strlen(s),1000);
      |                           ^~~~
      |                           |
      |                           UART_HandleTypeDef {aka struct __UART_HandleTypeDef}
In file included from ../Core/Inc/stm32l4xx_hal_conf.h:450,
                 from ../Drivers/STM32L4xx_HAL_Driver/Inc/stm32l4xx_hal.h:29,
                 from ../Utils/mem_info.c:2:
../Drivers/STM32L4xx_HAL_Driver/Inc/stm32l4xx_hal_uart.h:1696:57: note: expected 'UART_HandleTypeDef *' {aka 'struct __UART_HandleTypeDef *'} but argument is of type 'UART_HandleTypeDef' {aka 'struct __UART_HandleTypeDef'}
 1696 | HAL_StatusTypeDef HAL_UART_Transmit(UART_HandleTypeDef *huart, const uint8_t *pData, uint16_t Size, uint32_t Timeout);
      |                                     ~~~~~~~~~~~~~~~~~~~~^~~~~
make: *** [Utils/subdir.mk:19: Utils/mem_info.o] Error 1
make: *** Waiting for unfinished jobs....
"make -j12 all" terminated with exit code 2. Build might be incomplete.
13:46:09 **** Incremental Build of configuration Debug for project STM32L476RGT6 ****
make -j12 all 
arm-none-eabi-gcc "../Utils/mem_info.c" -mcpu=cortex-m4 -std=gnu11 -g3 -DDEBUG -DUSE_HAL_DRIVER -DSTM32L476xx -c -I../Core/Inc -I../Drivers/STM32L4xx_HAL_Driver/Inc -I../Drivers/STM32L4xx_HAL_Driver/Inc/Legacy -I../Drivers/CMSIS/Device/ST/STM32L4xx/Include -I../Drivers/CMSIS/Include -O0 -ffunction-sections -fdata-sections -Wall -fstack-usage -fcyclomatic-complexity -MMD -MP -MF"Utils/mem_info.d" -MT"Utils/mem_info.o" --specs=nano.specs -mfpu=fpv4-sp-d16 -mfloat-abi=hard -mthumb -o "Utils/mem_info.o"
../Utils/mem_info.c: In function 'ram_dump':
../Utils/mem_info.c:26:43: error: 's' undeclared (first use in this function)
   26 |         HAL_UART_Transmit(&uart,(uint8_t*)s,strlen(s),1000);
      |                                           ^
../Utils/mem_info.c:26:43: note: each undeclared identifier is reported only once for each function it appears in
../Utils/mem_info.c:26:45: warning: implicit declaration of function 'strlen' [-Wimplicit-function-declaration]
   26 |         HAL_UART_Transmit(&uart,(uint8_t*)s,strlen(s),1000);
      |                                             ^~~~~~
../Utils/mem_info.c:3:1: note: include '<string.h>' or provide a declaration of 'strlen'
    2 | #include "stm32l4xx_hal.h"
  +++ |+#include <string.h>
    3 | 
../Utils/mem_info.c:26:45: warning: incompatible implicit declaration of built-in function 'strlen' [-Wbuiltin-declaration-mismatch]
   26 |         HAL_UART_Transmit(&uart,(uint8_t*)s,strlen(s),1000);
      |                                             ^~~~~~
../Utils/mem_info.c:26:45: note: include '<string.h>' or provide a declaration of 'strlen'
make: *** [Utils/subdir.mk:19: Utils/mem_info.o] Error 1
"make -j12 all" terminated with exit code 2. Build might be incomplete.
13:46:21 **** Incremental Build of configuration Debug for project STM32L476RGT6 ****
make -j12 all 
arm-none-eabi-gcc "../Utils/mem_info.c" -mcpu=cortex-m4 -std=gnu11 -g3 -DDEBUG -DUSE_HAL_DRIVER -DSTM32L476xx -c -I../Core/Inc -I../Drivers/STM32L4xx_HAL_Driver/Inc -I../Drivers/STM32L4xx_HAL_Driver/Inc/Legacy -I../Drivers/CMSIS/Device/ST/STM32L4xx/Include -I../Drivers/CMSIS/Include -O0 -ffunction-sections -fdata-sections -Wall -fstack-usage -fcyclomatic-complexity -MMD -MP -MF"Utils/mem_info.d" -MT"Utils/mem_info.o" --specs=nano.specs -mfpu=fpv4-sp-d16 -mfloat-abi=hard -mthumb -o "Utils/mem_info.o"
../Utils/mem_info.c: In function 'ram_dump':
../Utils/mem_info.c:27:43: error: 's' undeclared (first use in this function)
   27 |         HAL_UART_Transmit(&uart,(uint8_t*)s,strlen(s),1000);
      |                                           ^
../Utils/mem_info.c:27:43: note: each undeclared identifier is reported only once for each function it appears in
make: *** [Utils/subdir.mk:19: Utils/mem_info.o] Error 1
"make -j12 all" terminated with exit code 2. Build might be incomplete.
13:46:35 **** Incremental Build of configuration Debug for project STM32L476RGT6 ****
make -j12 all 
arm-none-eabi-gcc "../Utils/mem_info.c" -mcpu=cortex-m4 -std=gnu11 -g3 -DDEBUG -DUSE_HAL_DRIVER -DSTM32L476xx -c -I../Core/Inc -I../Drivers/STM32L4xx_HAL_Driver/Inc -I../Drivers/STM32L4xx_HAL_Driver/Inc/Legacy -I../Drivers/CMSIS/Device/ST/STM32L4xx/Include -I../Drivers/CMSIS/Include -O0 -ffunction-sections -fdata-sections -Wall -fstack-usage -fcyclomatic-complexity -MMD -MP -MF"Utils/mem_info.d" -MT"Utils/mem_info.o" --specs=nano.specs -mfpu=fpv4-sp-d16 -mfloat-abi=hard -mthumb -o "Utils/mem_info.o"
arm-none-eabi-gcc -o "STM32L476RGT6.elf" @"objects.list"   -mcpu=cortex-m4 -T"D:\Projekty\TrinityTrack6000\STM32\STM32L476RGT6\STM32L476RGTX_FLASH.ld" --specs=nosys.specs -Wl,-Map="STM32L476RGT6.map" -Wl,--gc-sections -static --specs=nano.specs -mfpu=fpv4-sp-d16 -mfloat-abi=hard -mthumb -Wl,--start-group -lc -lm -Wl,--end-group
Finished building target: STM32L476RGT6.elf
 
arm-none-eabi-size  STM32L476RGT6.elf 
arm-none-eabi-objdump -h -S STM32L476RGT6.elf  > "STM32L476RGT6.list"
   text	   data	    bss	    dec	    hex	filename
  12756	     12	   1708	  14476	   388c	STM32L476RGT6.elf
Finished building: default.size.stdout
 
Finished building: STM32L476RGT6.list
 
14:07:10 **** Incremental Build of configuration Debug for project STM32L476RGT6 ****
make -j12 all 
arm-none-eabi-size  STM32L476RGT6.elf 
   text	   data	    bss	    dec	    hex	filename
  12756	     12	   1708	  14476	   388c	STM32L476RGT6.elf
Finished building: default.size.stdout
 
17:33:44 **** Incremental Build of configuration Debug for project STM32L476RGT6 ****
make -j12 all 
arm-none-eabi-gcc "../Core/Src/main.c" -mcpu=cortex-m4 -std=gnu11 -g3 -DDEBUG -DUSE_HAL_DRIVER -DSTM32L476xx -c -I../Core/Inc -I../Drivers/STM32L4xx_HAL_Driver/Inc -I../Drivers/STM32L4xx_HAL_Driver/Inc/Legacy -I../Drivers/CMSIS/Device/ST/STM32L4xx/Include -I../Drivers/CMSIS/Include -O0 -ffunction-sections -fdata-sections -Wall -fstack-usage -fcyclomatic-complexity -MMD -MP -MF"Core/Src/main.d" -MT"Core/Src/main.o" --specs=nano.specs -mfpu=fpv4-sp-d16 -mfloat-abi=hard -mthumb -o "Core/Src/main.o"
arm-none-eabi-gcc -o "STM32L476RGT6.elf" @"objects.list"   -mcpu=cortex-m4 -T"D:\Projekty\TrinityTrack6000\STM32\STM32L476RGT6\STM32L476RGTX_FLASH.ld" --specs=nosys.specs -Wl,-Map="STM32L476RGT6.map" -Wl,--gc-sections -static --specs=nano.specs -mfpu=fpv4-sp-d16 -mfloat-abi=hard -mthumb -Wl,--start-group -lc -lm -Wl,--end-group
Finished building target: STM32L476RGT6.elf
 
arm-none-eabi-size  STM32L476RGT6.elf 
arm-none-eabi-objdump -h -S STM32L476RGT6.elf  > "STM32L476RGT6.list"
   text	   data	    bss	    dec	    hex	filename
  12756	     12	   1708	  14476	   388c	STM32L476RGT6.elf
Finished building: default.size.stdout
 
Finished building: STM32L476RGT6.list
 
18:58:53 **** Build of configuration Debug for project STM32L476RGT6 ****
make -j12 all 
arm-none-eabi-gcc "../Utils/mem_info.c" -mcpu=cortex-m4 -std=gnu11 -g3 -DDEBUG -DUSE_HAL_DRIVER -DSTM32L476xx -c -I../Core/Inc -I../Drivers/STM32L4xx_HAL_Driver/Inc -I../Drivers/STM32L4xx_HAL_Driver/Inc/Legacy -I../Drivers/CMSIS/Device/ST/STM32L4xx/Include -I../Drivers/CMSIS/Include -O0 -ffunction-sections -fdata-sections -Wall -fstack-usage -fcyclomatic-complexity -MMD -MP -MF"Utils/mem_info.d" -MT"Utils/mem_info.o" --specs=nano.specs -mfpu=fpv4-sp-d16 -mfloat-abi=hard -mthumb -o "Utils/mem_info.o"
arm-none-eabi-gcc "../Drivers/STM32L4xx_HAL_Driver/Src/stm32l4xx_hal.c" -mcpu=cortex-m4 -std=gnu11 -g3 -DDEBUG -DUSE_HAL_DRIVER -DSTM32L476xx -c -I../Core/Inc -I../Drivers/STM32L4xx_HAL_Driver/Inc -I../Drivers/STM32L4xx_HAL_Driver/Inc/Legacy -I../Drivers/CMSIS/Device/ST/STM32L4xx/Include -I../Drivers/CMSIS/Include -O0 -ffunction-sections -fdata-sections -Wall -fstack-usage -fcyclomatic-complexity -MMD -MP -MF"Drivers/STM32L4xx_HAL_Driver/Src/stm32l4xx_hal.d" -MT"Drivers/STM32L4xx_HAL_Driver/Src/stm32l4xx_hal.o" --specs=nano.specs -mfpu=fpv4-sp-d16 -mfloat-abi=hard -mthumb -o "Drivers/STM32L4xx_HAL_Driver/Src/stm32l4xx_hal.o"
arm-none-eabi-gcc "../Drivers/STM32L4xx_HAL_Driver/Src/stm32l4xx_hal_cortex.c" -mcpu=cortex-m4 -std=gnu11 -g3 -DDEBUG -DUSE_HAL_DRIVER -DSTM32L476xx -c -I../Core/Inc -I../Drivers/STM32L4xx_HAL_Driver/Inc -I../Drivers/STM32L4xx_HAL_Driver/Inc/Legacy -I../Drivers/CMSIS/Device/ST/STM32L4xx/Include -I../Drivers/CMSIS/Include -O0 -ffunction-sections -fdata-sections -Wall -fstack-usage -fcyclomatic-complexity -MMD -MP -MF"Drivers/STM32L4xx_HAL_Driver/Src/stm32l4xx_hal_cortex.d" -MT"Drivers/STM32L4xx_HAL_Driver/Src/stm32l4xx_hal_cortex.o" --specs=nano.specs -mfpu=fpv4-sp-d16 -mfloat-abi=hard -mthumb -o "Drivers/STM32L4xx_HAL_Driver/Src/stm32l4xx_hal_cortex.o"
arm-none-eabi-gcc "../Drivers/STM32L4xx_HAL_Driver/Src/stm32l4xx_hal_dma.c" -mcpu=cortex-m4 -std=gnu11 -g3 -DDEBUG -DUSE_HAL_DRIVER -DSTM32L476xx -c -I../Core/Inc -I../Drivers/STM32L4xx_HAL_Driver/Inc -I../Drivers/STM32L4xx_HAL_Driver/Inc/Legacy -I../Drivers/CMSIS/Device/ST/STM32L4xx/Include -I../Drivers/CMSIS/Include -O0 -ffunction-sections -fdata-sections -Wall -fstack-usage -fcyclomatic-complexity -MMD -MP -MF"Drivers/STM32L4xx_HAL_Driver/Src/stm32l4xx_hal_dma.d" -MT"Drivers/STM32L4xx_HAL_Driver/Src/stm32l4xx_hal_dma.o" --specs=nano.specs -mfpu=fpv4-sp-d16 -mfloat-abi=hard -mthumb -o "Drivers/STM32L4xx_HAL_Driver/Src/stm32l4xx_hal_dma.o"
arm-none-eabi-gcc "../Drivers/STM32L4xx_HAL_Driver/Src/stm32l4xx_hal_dma_ex.c" -mcpu=cortex-m4 -std=gnu11 -g3 -DDEBUG -DUSE_HAL_DRIVER -DSTM32L476xx -c -I../Core/Inc -I../Drivers/STM32L4xx_HAL_Driver/Inc -I../Drivers/STM32L4xx_HAL_Driver/Inc/Legacy -I../Drivers/CMSIS/Device/ST/STM32L4xx/Include -I../Drivers/CMSIS/Include -O0 -ffunction-sections -fdata-sections -Wall -fstack-usage -fcyclomatic-complexity -MMD -MP -MF"Drivers/STM32L4xx_HAL_Driver/Src/stm32l4xx_hal_dma_ex.d" -MT"Drivers/STM32L4xx_HAL_Driver/Src/stm32l4xx_hal_dma_ex.o" --specs=nano.specs -mfpu=fpv4-sp-d16 -mfloat-abi=hard -mthumb -o "Drivers/STM32L4xx_HAL_Driver/Src/stm32l4xx_hal_dma_ex.o"
arm-none-eabi-gcc "../Drivers/STM32L4xx_HAL_Driver/Src/stm32l4xx_hal_exti.c" -mcpu=cortex-m4 -std=gnu11 -g3 -DDEBUG -DUSE_HAL_DRIVER -DSTM32L476xx -c -I../Core/Inc -I../Drivers/STM32L4xx_HAL_Driver/Inc -I../Drivers/STM32L4xx_HAL_Driver/Inc/Legacy -I../Drivers/CMSIS/Device/ST/STM32L4xx/Include -I../Drivers/CMSIS/Include -O0 -ffunction-sections -fdata-sections -Wall -fstack-usage -fcyclomatic-complexity -MMD -MP -MF"Drivers/STM32L4xx_HAL_Driver/Src/stm32l4xx_hal_exti.d" -MT"Drivers/STM32L4xx_HAL_Driver/Src/stm32l4xx_hal_exti.o" --specs=nano.specs -mfpu=fpv4-sp-d16 -mfloat-abi=hard -mthumb -o "Drivers/STM32L4xx_HAL_Driver/Src/stm32l4xx_hal_exti.o"
arm-none-eabi-gcc "../Drivers/STM32L4xx_HAL_Driver/Src/stm32l4xx_hal_flash.c" -mcpu=cortex-m4 -std=gnu11 -g3 -DDEBUG -DUSE_HAL_DRIVER -DSTM32L476xx -c -I../Core/Inc -I../Drivers/STM32L4xx_HAL_Driver/Inc -I../Drivers/STM32L4xx_HAL_Driver/Inc/Legacy -I../Drivers/CMSIS/Device/ST/STM32L4xx/Include -I../Drivers/CMSIS/Include -O0 -ffunction-sections -fdata-sections -Wall -fstack-usage -fcyclomatic-complexity -MMD -MP -MF"Drivers/STM32L4xx_HAL_Driver/Src/stm32l4xx_hal_flash.d" -MT"Drivers/STM32L4xx_HAL_Driver/Src/stm32l4xx_hal_flash.o" --specs=nano.specs -mfpu=fpv4-sp-d16 -mfloat-abi=hard -mthumb -o "Drivers/STM32L4xx_HAL_Driver/Src/stm32l4xx_hal_flash.o"
arm-none-eabi-gcc "../Drivers/STM32L4xx_HAL_Driver/Src/stm32l4xx_hal_flash_ex.c" -mcpu=cortex-m4 -std=gnu11 -g3 -DDEBUG -DUSE_HAL_DRIVER -DSTM32L476xx -c -I../Core/Inc -I../Drivers/STM32L4xx_HAL_Driver/Inc -I../Drivers/STM32L4xx_HAL_Driver/Inc/Legacy -I../Drivers/CMSIS/Device/ST/STM32L4xx/Include -I../Drivers/CMSIS/Include -O0 -ffunction-sections -fdata-sections -Wall -fstack-usage -fcyclomatic-complexity -MMD -MP -MF"Drivers/STM32L4xx_HAL_Driver/Src/stm32l4xx_hal_flash_ex.d" -MT"Drivers/STM32L4xx_HAL_Driver/Src/stm32l4xx_hal_flash_ex.o" --specs=nano.specs -mfpu=fpv4-sp-d16 -mfloat-abi=hard -mthumb -o "Drivers/STM32L4xx_HAL_Driver/Src/stm32l4xx_hal_flash_ex.o"
arm-none-eabi-gcc "../Drivers/STM32L4xx_HAL_Driver/Src/stm32l4xx_hal_flash_ramfunc.c" -mcpu=cortex-m4 -std=gnu11 -g3 -DDEBUG -DUSE_HAL_DRIVER -DSTM32L476xx -c -I../Core/Inc -I../Drivers/STM32L4xx_HAL_Driver/Inc -I../Drivers/STM32L4xx_HAL_Driver/Inc/Legacy -I../Drivers/CMSIS/Device/ST/STM32L4xx/Include -I../Drivers/CMSIS/Include -O0 -ffunction-sections -fdata-sections -Wall -fstack-usage -fcyclomatic-complexity -MMD -MP -MF"Drivers/STM32L4xx_HAL_Driver/Src/stm32l4xx_hal_flash_ramfunc.d" -MT"Drivers/STM32L4xx_HAL_Driver/Src/stm32l4xx_hal_flash_ramfunc.o" --specs=nano.specs -mfpu=fpv4-sp-d16 -mfloat-abi=hard -mthumb -o "Drivers/STM32L4xx_HAL_Driver/Src/stm32l4xx_hal_flash_ramfunc.o"
arm-none-eabi-gcc "../Drivers/STM32L4xx_HAL_Driver/Src/stm32l4xx_hal_gpio.c" -mcpu=cortex-m4 -std=gnu11 -g3 -DDEBUG -DUSE_HAL_DRIVER -DSTM32L476xx -c -I../Core/Inc -I../Drivers/STM32L4xx_HAL_Driver/Inc -I../Drivers/STM32L4xx_HAL_Driver/Inc/Legacy -I../Drivers/CMSIS/Device/ST/STM32L4xx/Include -I../Drivers/CMSIS/Include -O0 -ffunction-sections -fdata-sections -Wall -fstack-usage -fcyclomatic-complexity -MMD -MP -MF"Drivers/STM32L4xx_HAL_Driver/Src/stm32l4xx_hal_gpio.d" -MT"Drivers/STM32L4xx_HAL_Driver/Src/stm32l4xx_hal_gpio.o" --specs=nano.specs -mfpu=fpv4-sp-d16 -mfloat-abi=hard -mthumb -o "Drivers/STM32L4xx_HAL_Driver/Src/stm32l4xx_hal_gpio.o"
arm-none-eabi-gcc "../Drivers/STM32L4xx_HAL_Driver/Src/stm32l4xx_hal_i2c.c" -mcpu=cortex-m4 -std=gnu11 -g3 -DDEBUG -DUSE_HAL_DRIVER -DSTM32L476xx -c -I../Core/Inc -I../Drivers/STM32L4xx_HAL_Driver/Inc -I../Drivers/STM32L4xx_HAL_Driver/Inc/Legacy -I../Drivers/CMSIS/Device/ST/STM32L4xx/Include -I../Drivers/CMSIS/Include -O0 -ffunction-sections -fdata-sections -Wall -fstack-usage -fcyclomatic-complexity -MMD -MP -MF"Drivers/STM32L4xx_HAL_Driver/Src/stm32l4xx_hal_i2c.d" -MT"Drivers/STM32L4xx_HAL_Driver/Src/stm32l4xx_hal_i2c.o" --specs=nano.specs -mfpu=fpv4-sp-d16 -mfloat-abi=hard -mthumb -o "Drivers/STM32L4xx_HAL_Driver/Src/stm32l4xx_hal_i2c.o"
arm-none-eabi-gcc "../Drivers/STM32L4xx_HAL_Driver/Src/stm32l4xx_hal_i2c_ex.c" -mcpu=cortex-m4 -std=gnu11 -g3 -DDEBUG -DUSE_HAL_DRIVER -DSTM32L476xx -c -I../Core/Inc -I../Drivers/STM32L4xx_HAL_Driver/Inc -I../Drivers/STM32L4xx_HAL_Driver/Inc/Legacy -I../Drivers/CMSIS/Device/ST/STM32L4xx/Include -I../Drivers/CMSIS/Include -O0 -ffunction-sections -fdata-sections -Wall -fstack-usage -fcyclomatic-complexity -MMD -MP -MF"Drivers/STM32L4xx_HAL_Driver/Src/stm32l4xx_hal_i2c_ex.d" -MT"Drivers/STM32L4xx_HAL_Driver/Src/stm32l4xx_hal_i2c_ex.o" --specs=nano.specs -mfpu=fpv4-sp-d16 -mfloat-abi=hard -mthumb -o "Drivers/STM32L4xx_HAL_Driver/Src/stm32l4xx_hal_i2c_ex.o"
arm-none-eabi-gcc "../Drivers/STM32L4xx_HAL_Driver/Src/stm32l4xx_hal_pwr.c" -mcpu=cortex-m4 -std=gnu11 -g3 -DDEBUG -DUSE_HAL_DRIVER -DSTM32L476xx -c -I../Core/Inc -I../Drivers/STM32L4xx_HAL_Driver/Inc -I../Drivers/STM32L4xx_HAL_Driver/Inc/Legacy -I../Drivers/CMSIS/Device/ST/STM32L4xx/Include -I../Drivers/CMSIS/Include -O0 -ffunction-sections -fdata-sections -Wall -fstack-usage -fcyclomatic-complexity -MMD -MP -MF"Drivers/STM32L4xx_HAL_Driver/Src/stm32l4xx_hal_pwr.d" -MT"Drivers/STM32L4xx_HAL_Driver/Src/stm32l4xx_hal_pwr.o" --specs=nano.specs -mfpu=fpv4-sp-d16 -mfloat-abi=hard -mthumb -o "Drivers/STM32L4xx_HAL_Driver/Src/stm32l4xx_hal_pwr.o"
arm-none-eabi-gcc "../Drivers/STM32L4xx_HAL_Driver/Src/stm32l4xx_hal_pwr_ex.c" -mcpu=cortex-m4 -std=gnu11 -g3 -DDEBUG -DUSE_HAL_DRIVER -DSTM32L476xx -c -I../Core/Inc -I../Drivers/STM32L4xx_HAL_Driver/Inc -I../Drivers/STM32L4xx_HAL_Driver/Inc/Legacy -I../Drivers/CMSIS/Device/ST/STM32L4xx/Include -I../Drivers/CMSIS/Include -O0 -ffunction-sections -fdata-sections -Wall -fstack-usage -fcyclomatic-complexity -MMD -MP -MF"Drivers/STM32L4xx_HAL_Driver/Src/stm32l4xx_hal_pwr_ex.d" -MT"Drivers/STM32L4xx_HAL_Driver/Src/stm32l4xx_hal_pwr_ex.o" --specs=nano.specs -mfpu=fpv4-sp-d16 -mfloat-abi=hard -mthumb -o "Drivers/STM32L4xx_HAL_Driver/Src/stm32l4xx_hal_pwr_ex.o"
arm-none-eabi-gcc "../Drivers/STM32L4xx_HAL_Driver/Src/stm32l4xx_hal_rcc.c" -mcpu=cortex-m4 -std=gnu11 -g3 -DDEBUG -DUSE_HAL_DRIVER -DSTM32L476xx -c -I../Core/Inc -I../Drivers/STM32L4xx_HAL_Driver/Inc -I../Drivers/STM32L4xx_HAL_Driver/Inc/Legacy -I../Drivers/CMSIS/Device/ST/STM32L4xx/Include -I../Drivers/CMSIS/Include -O0 -ffunction-sections -fdata-sections -Wall -fstack-usage -fcyclomatic-complexity -MMD -MP -MF"Drivers/STM32L4xx_HAL_Driver/Src/stm32l4xx_hal_rcc.d" -MT"Drivers/STM32L4xx_HAL_Driver/Src/stm32l4xx_hal_rcc.o" --specs=nano.specs -mfpu=fpv4-sp-d16 -mfloat-abi=hard -mthumb -o "Drivers/STM32L4xx_HAL_Driver/Src/stm32l4xx_hal_rcc.o"
arm-none-eabi-gcc "../Drivers/STM32L4xx_HAL_Driver/Src/stm32l4xx_hal_rcc_ex.c" -mcpu=cortex-m4 -std=gnu11 -g3 -DDEBUG -DUSE_HAL_DRIVER -DSTM32L476xx -c -I../Core/Inc -I../Drivers/STM32L4xx_HAL_Driver/Inc -I../Drivers/STM32L4xx_HAL_Driver/Inc/Legacy -I../Drivers/CMSIS/Device/ST/STM32L4xx/Include -I../Drivers/CMSIS/Include -O0 -ffunction-sections -fdata-sections -Wall -fstack-usage -fcyclomatic-complexity -MMD -MP -MF"Drivers/STM32L4xx_HAL_Driver/Src/stm32l4xx_hal_rcc_ex.d" -MT"Drivers/STM32L4xx_HAL_Driver/Src/stm32l4xx_hal_rcc_ex.o" --specs=nano.specs -mfpu=fpv4-sp-d16 -mfloat-abi=hard -mthumb -o "Drivers/STM32L4xx_HAL_Driver/Src/stm32l4xx_hal_rcc_ex.o"
arm-none-eabi-gcc "../Drivers/STM32L4xx_HAL_Driver/Src/stm32l4xx_hal_uart.c" -mcpu=cortex-m4 -std=gnu11 -g3 -DDEBUG -DUSE_HAL_DRIVER -DSTM32L476xx -c -I../Core/Inc -I../Drivers/STM32L4xx_HAL_Driver/Inc -I../Drivers/STM32L4xx_HAL_Driver/Inc/Legacy -I../Drivers/CMSIS/Device/ST/STM32L4xx/Include -I../Drivers/CMSIS/Include -O0 -ffunction-sections -fdata-sections -Wall -fstack-usage -fcyclomatic-complexity -MMD -MP -MF"Drivers/STM32L4xx_HAL_Driver/Src/stm32l4xx_hal_uart.d" -MT"Drivers/STM32L4xx_HAL_Driver/Src/stm32l4xx_hal_uart.o" --specs=nano.specs -mfpu=fpv4-sp-d16 -mfloat-abi=hard -mthumb -o "Drivers/STM32L4xx_HAL_Driver/Src/stm32l4xx_hal_uart.o"
arm-none-eabi-gcc "../Drivers/STM32L4xx_HAL_Driver/Src/stm32l4xx_hal_uart_ex.c" -mcpu=cortex-m4 -std=gnu11 -g3 -DDEBUG -DUSE_HAL_DRIVER -DSTM32L476xx -c -I../Core/Inc -I../Drivers/STM32L4xx_HAL_Driver/Inc -I../Drivers/STM32L4xx_HAL_Driver/Inc/Legacy -I../Drivers/CMSIS/Device/ST/STM32L4xx/Include -I../Drivers/CMSIS/Include -O0 -ffunction-sections -fdata-sections -Wall -fstack-usage -fcyclomatic-complexity -MMD -MP -MF"Drivers/STM32L4xx_HAL_Driver/Src/stm32l4xx_hal_uart_ex.d" -MT"Drivers/STM32L4xx_HAL_Driver/Src/stm32l4xx_hal_uart_ex.o" --specs=nano.specs -mfpu=fpv4-sp-d16 -mfloat-abi=hard -mthumb -o "Drivers/STM32L4xx_HAL_Driver/Src/stm32l4xx_hal_uart_ex.o"
arm-none-eabi-gcc "../Core/Src/main.c" -mcpu=cortex-m4 -std=gnu11 -g3 -DDEBUG -DUSE_HAL_DRIVER -DSTM32L476xx -c -I../Core/Inc -I../Drivers/STM32L4xx_HAL_Driver/Inc -I../Drivers/STM32L4xx_HAL_Driver/Inc/Legacy -I../Drivers/CMSIS/Device/ST/STM32L4xx/Include -I../Drivers/CMSIS/Include -O0 -ffunction-sections -fdata-sections -Wall -fstack-usage -fcyclomatic-complexity -MMD -MP -MF"Core/Src/main.d" -MT"Core/Src/main.o" --specs=nano.specs -mfpu=fpv4-sp-d16 -mfloat-abi=hard -mthumb -o "Core/Src/main.o"
arm-none-eabi-gcc "../Core/Src/stm32l4xx_hal_msp.c" -mcpu=cortex-m4 -std=gnu11 -g3 -DDEBUG -DUSE_HAL_DRIVER -DSTM32L476xx -c -I../Core/Inc -I../Drivers/STM32L4xx_HAL_Driver/Inc -I../Drivers/STM32L4xx_HAL_Driver/Inc/Legacy -I../Drivers/CMSIS/Device/ST/STM32L4xx/Include -I../Drivers/CMSIS/Include -O0 -ffunction-sections -fdata-sections -Wall -fstack-usage -fcyclomatic-complexity -MMD -MP -MF"Core/Src/stm32l4xx_hal_msp.d" -MT"Core/Src/stm32l4xx_hal_msp.o" --specs=nano.specs -mfpu=fpv4-sp-d16 -mfloat-abi=hard -mthumb -o "Core/Src/stm32l4xx_hal_msp.o"
arm-none-eabi-gcc "../Core/Src/stm32l4xx_it.c" -mcpu=cortex-m4 -std=gnu11 -g3 -DDEBUG -DUSE_HAL_DRIVER -DSTM32L476xx -c -I../Core/Inc -I../Drivers/STM32L4xx_HAL_Driver/Inc -I../Drivers/STM32L4xx_HAL_Driver/Inc/Legacy -I../Drivers/CMSIS/Device/ST/STM32L4xx/Include -I../Drivers/CMSIS/Include -O0 -ffunction-sections -fdata-sections -Wall -fstack-usage -fcyclomatic-complexity -MMD -MP -MF"Core/Src/stm32l4xx_it.d" -MT"Core/Src/stm32l4xx_it.o" --specs=nano.specs -mfpu=fpv4-sp-d16 -mfloat-abi=hard -mthumb -o "Core/Src/stm32l4xx_it.o"
arm-none-eabi-gcc "../Core/Src/system_stm32l4xx.c" -mcpu=cortex-m4 -std=gnu11 -g3 -DDEBUG -DUSE_HAL_DRIVER -DSTM32L476xx -c -I../Core/Inc -I../Drivers/STM32L4xx_HAL_Driver/Inc -I../Drivers/STM32L4xx_HAL_Driver/Inc/Legacy -I../Drivers/CMSIS/Device/ST/STM32L4xx/Include -I../Drivers/CMSIS/Include -O0 -ffunction-sections -fdata-sections -Wall -fstack-usage -fcyclomatic-complexity -MMD -MP -MF"Core/Src/system_stm32l4xx.d" -MT"Core/Src/system_stm32l4xx.o" --specs=nano.specs -mfpu=fpv4-sp-d16 -mfloat-abi=hard -mthumb -o "Core/Src/system_stm32l4xx.o"
arm-none-eabi-gcc -o "STM32L476RGT6.elf" @"objects.list"   -mcpu=cortex-m4 -T"D:\Projekty\TrinityTrack6000\STM32\STM32L476RGT6\STM32L476RGTX_FLASH.ld" --specs=nosys.specs -Wl,-Map="STM32L476RGT6.map" -Wl,--gc-sections -static --specs=nano.specs -mfpu=fpv4-sp-d16 -mfloat-abi=hard -mthumb -Wl,--start-group -lc -lm -Wl,--end-group
Finished building target: STM32L476RGT6.elf
 
arm-none-eabi-size  STM32L476RGT6.elf 
arm-none-eabi-objdump -h -S STM32L476RGT6.elf  > "STM32L476RGT6.list"
   text	   data	    bss	    dec	    hex	filename
  12760	     12	   1708	  14480	   3890	STM32L476RGT6.elf
Finished building: default.size.stdout
 
Finished building: STM32L476RGT6.list
 
19:02:53 **** Incremental Build of configuration Debug for project STM32L476RGT6 ****
make -j12 all 
arm-none-eabi-size  STM32L476RGT6.elf 
   text	   data	    bss	    dec	    hex	filename
  12760	     12	   1708	  14480	   3890	STM32L476RGT6.elf
Finished building: default.size.stdout
 
19:03:32 **** Incremental Build of configuration Debug for project STM32L476RGT6 ****
make -j12 all 
arm-none-eabi-size  STM32L476RGT6.elf 
   text	   data	    bss	    dec	    hex	filename
  12760	     12	   1708	  14480	   3890	STM32L476RGT6.elf
Finished building: default.size.stdout
 
19:03:39 **** Incremental Build of configuration Debug for project STM32L476RGT6 ****
make -j12 all 
arm-none-eabi-size  STM32L476RGT6.elf 
   text	   data	    bss	    dec	    hex	filename
  12760	     12	   1708	  14480	   3890	STM32L476RGT6.elf
Finished building: default.size.stdout
 
19:04:26 **** Incremental Build of configuration Debug for project STM32L476RGT6 ****
make -j12 all 
arm-none-eabi-size  STM32L476RGT6.elf 
   text	   data	    bss	    dec	    hex	filename
  12760	     12	   1708	  14480	   3890	STM32L476RGT6.elf
Finished building: default.size.stdout
 
19:13:56 **** Incremental Build of configuration Debug for project STM32L476RGT6 ****
make -j12 all 
arm-none-eabi-gcc "../Core/Src/main.c" -mcpu=cortex-m4 -std=gnu11 -g3 -DDEBUG -DUSE_HAL_DRIVER -DSTM32L476xx -c -I../Core/Inc -I../Drivers/STM32L4xx_HAL_Driver/Inc -I../Drivers/STM32L4xx_HAL_Driver/Inc/Legacy -I../Drivers/CMSIS/Device/ST/STM32L4xx/Include -I../Drivers/CMSIS/Include -O0 -ffunction-sections -fdata-sections -Wall -fstack-usage -fcyclomatic-complexity -MMD -MP -MF"Core/Src/main.d" -MT"Core/Src/main.o" --specs=nano.specs -mfpu=fpv4-sp-d16 -mfloat-abi=hard -mthumb -o "Core/Src/main.o"
arm-none-eabi-gcc -o "STM32L476RGT6.elf" @"objects.list"   -mcpu=cortex-m4 -T"D:\Projekty\TrinityTrack6000\STM32\STM32L476RGT6\STM32L476RGTX_FLASH.ld" --specs=nosys.specs -Wl,-Map="STM32L476RGT6.map" -Wl,--gc-sections -static --specs=nano.specs -mfpu=fpv4-sp-d16 -mfloat-abi=hard -mthumb -Wl,--start-group -lc -lm -Wl,--end-group
Finished building target: STM32L476RGT6.elf
 
arm-none-eabi-size  STM32L476RGT6.elf 
arm-none-eabi-objdump -h -S STM32L476RGT6.elf  > "STM32L476RGT6.list"
   text	   data	    bss	    dec	    hex	filename
  12824	     12	   1708	  14544	   38d0	STM32L476RGT6.elf
Finished building: default.size.stdout
 
Finished building: STM32L476RGT6.list
 
19:14:35 **** Incremental Build of configuration Debug for project STM32L476RGT6 ****
make -j12 all 
arm-none-eabi-gcc "../Core/Src/main.c" -mcpu=cortex-m4 -std=gnu11 -g3 -DDEBUG -DUSE_HAL_DRIVER -DSTM32L476xx -c -I../Core/Inc -I../Drivers/STM32L4xx_HAL_Driver/Inc -I../Drivers/STM32L4xx_HAL_Driver/Inc/Legacy -I../Drivers/CMSIS/Device/ST/STM32L4xx/Include -I../Drivers/CMSIS/Include -O0 -ffunction-sections -fdata-sections -Wall -fstack-usage -fcyclomatic-complexity -MMD -MP -MF"Core/Src/main.d" -MT"Core/Src/main.o" --specs=nano.specs -mfpu=fpv4-sp-d16 -mfloat-abi=hard -mthumb -o "Core/Src/main.o"
arm-none-eabi-gcc -o "STM32L476RGT6.elf" @"objects.list"   -mcpu=cortex-m4 -T"D:\Projekty\TrinityTrack6000\STM32\STM32L476RGT6\STM32L476RGTX_FLASH.ld" --specs=nosys.specs -Wl,-Map="STM32L476RGT6.map" -Wl,--gc-sections -static --specs=nano.specs -mfpu=fpv4-sp-d16 -mfloat-abi=hard -mthumb -Wl,--start-group -lc -lm -Wl,--end-group
Finished building target: STM32L476RGT6.elf
 
arm-none-eabi-size  STM32L476RGT6.elf 
arm-none-eabi-objdump -h -S STM32L476RGT6.elf  > "STM32L476RGT6.list"
   text	   data	    bss	    dec	    hex	filename
  12864	     12	   1708	  14584	   38f8	STM32L476RGT6.elf
Finished building: default.size.stdout
 
Finished building: STM32L476RGT6.list
 
19:25:12 **** Incremental Build of configuration Debug for project STM32L476RGT6 ****
make -j12 all 
arm-none-eabi-gcc "../Core/Src/main.c" -mcpu=cortex-m4 -std=gnu11 -g3 -DDEBUG -DUSE_HAL_DRIVER -DSTM32L476xx -c -I../Core/Inc -I../Drivers/STM32L4xx_HAL_Driver/Inc -I../Drivers/STM32L4xx_HAL_Driver/Inc/Legacy -I../Drivers/CMSIS/Device/ST/STM32L4xx/Include -I../Drivers/CMSIS/Include -O0 -ffunction-sections -fdata-sections -Wall -fstack-usage -fcyclomatic-complexity -MMD -MP -MF"Core/Src/main.d" -MT"Core/Src/main.o" --specs=nano.specs -mfpu=fpv4-sp-d16 -mfloat-abi=hard -mthumb -o "Core/Src/main.o"
arm-none-eabi-gcc -o "STM32L476RGT6.elf" @"objects.list"   -mcpu=cortex-m4 -T"D:\Projekty\TrinityTrack6000\STM32\STM32L476RGT6\STM32L476RGTX_FLASH.ld" --specs=nosys.specs -Wl,-Map="STM32L476RGT6.map" -Wl,--gc-sections -static --specs=nano.specs -mfpu=fpv4-sp-d16 -mfloat-abi=hard -mthumb -Wl,--start-group -lc -lm -Wl,--end-group
Finished building target: STM32L476RGT6.elf
 
arm-none-eabi-size  STM32L476RGT6.elf 
arm-none-eabi-objdump -h -S STM32L476RGT6.elf  > "STM32L476RGT6.list"
   text	   data	    bss	    dec	    hex	filename
  12860	     12	   1708	  14580	   38f4	STM32L476RGT6.elf
Finished building: default.size.stdout
 
Finished building: STM32L476RGT6.list
 
22:24:56 **** Incremental Build of configuration Debug for project STM32L476RGT6 ****
make -j12 all 
arm-none-eabi-gcc "../Core/Src/main.c" -mcpu=cortex-m4 -std=gnu11 -g3 -DDEBUG -DUSE_HAL_DRIVER -DSTM32L476xx -c -I../Core/Inc -I../Drivers/STM32L4xx_HAL_Driver/Inc -I../Drivers/STM32L4xx_HAL_Driver/Inc/Legacy -I../Drivers/CMSIS/Device/ST/STM32L4xx/Include -I../Drivers/CMSIS/Include -O0 -ffunction-sections -fdata-sections -Wall -fstack-usage -fcyclomatic-complexity -MMD -MP -MF"Core/Src/main.d" -MT"Core/Src/main.o" --specs=nano.specs -mfpu=fpv4-sp-d16 -mfloat-abi=hard -mthumb -o "Core/Src/main.o"
../Core/Src/main.c:188:13: warning: 'MX_USART2_UART_Init' defined but not used [-Wunused-function]
  188 | static void MX_USART2_UART_Init(void)
      |             ^~~~~~~~~~~~~~~~~~~
arm-none-eabi-gcc -o "STM32L476RGT6.elf" @"objects.list"   -mcpu=cortex-m4 -T"D:\Projekty\TrinityTrack6000\STM32\STM32L476RGT6\STM32L476RGTX_FLASH.ld" --specs=nosys.specs -Wl,-Map="STM32L476RGT6.map" -Wl,--gc-sections -static --specs=nano.specs -mfpu=fpv4-sp-d16 -mfloat-abi=hard -mthumb -Wl,--start-group -lc -lm -Wl,--end-group
Finished building target: STM32L476RGT6.elf
 
arm-none-eabi-size  STM32L476RGT6.elf 
arm-none-eabi-objdump -h -S STM32L476RGT6.elf  > "STM32L476RGT6.list"
   text	   data	    bss	    dec	    hex	filename
  12400	     12	   1572	  13984	   36a0	STM32L476RGT6.elf
Finished building: default.size.stdout
 
Finished building: STM32L476RGT6.list
 
22:25:12 **** Incremental Build of configuration Debug for project STM32L476RGT6 ****
make -j12 all 
arm-none-eabi-size  STM32L476RGT6.elf 
   text	   data	    bss	    dec	    hex	filename
  12400	     12	   1572	  13984	   36a0	STM32L476RGT6.elf
Finished building: default.size.stdout
 
15:22:32 **** Incremental Build of configuration Debug for project STM32L476RGT6 ****
make -j12 all 
arm-none-eabi-size  STM32L476RGT6.elf 
   text	   data	    bss	    dec	    hex	filename
  12400	     12	   1572	  13984	   36a0	STM32L476RGT6.elf
Finished building: default.size.stdout
 
15:23:06 **** Incremental Build of configuration Debug for project STM32L476RGT6 ****
make -j12 all 
arm-none-eabi-size  STM32L476RGT6.elf 
   text	   data	    bss	    dec	    hex	filename
  12400	     12	   1572	  13984	   36a0	STM32L476RGT6.elf
Finished building: default.size.stdout
 
15:23:39 **** Incremental Build of configuration Debug for project STM32L476RGT6 ****
make -j12 all 
arm-none-eabi-size  STM32L476RGT6.elf 
   text	   data	    bss	    dec	    hex	filename
  12400	     12	   1572	  13984	   36a0	STM32L476RGT6.elf
Finished building: default.size.stdout
 
15:24:16 **** Incremental Build of configuration Debug for project STM32L476RGT6 ****
make -j12 all 
arm-none-eabi-size  STM32L476RGT6.elf 
   text	   data	    bss	    dec	    hex	filename
  12400	     12	   1572	  13984	   36a0	STM32L476RGT6.elf
Finished building: default.size.stdout
 
15:24:47 **** Incremental Build of configuration Debug for project STM32L476RGT6 ****
make -j12 all 
arm-none-eabi-size  STM32L476RGT6.elf 
   text	   data	    bss	    dec	    hex	filename
  12400	     12	   1572	  13984	   36a0	STM32L476RGT6.elf
Finished building: default.size.stdout
 
15:25:11 **** Incremental Build of configuration Debug for project STM32L476RGT6 ****
make -j12 all 
arm-none-eabi-size  STM32L476RGT6.elf 
   text	   data	    bss	    dec	    hex	filename
  12400	     12	   1572	  13984	   36a0	STM32L476RGT6.elf
Finished building: default.size.stdout
 
15:27:24 **** Incremental Build of configuration Debug for project STM32L476RGT6 ****
make -j12 all 
arm-none-eabi-size  STM32L476RGT6.elf 
   text	   data	    bss	    dec	    hex	filename
  12400	     12	   1572	  13984	   36a0	STM32L476RGT6.elf
Finished building: default.size.stdout
 
15:27:53 **** Incremental Build of configuration Debug for project STM32L476RGT6 ****
make -j12 all 
arm-none-eabi-size  STM32L476RGT6.elf 
   text	   data	    bss	    dec	    hex	filename
  12400	     12	   1572	  13984	   36a0	STM32L476RGT6.elf
Finished building: default.size.stdout
 
15:28:23 **** Incremental Build of configuration Debug for project STM32L476RGT6 ****
make -j12 all 
arm-none-eabi-gcc "../Utils/mem_info.c" -mcpu=cortex-m4 -std=gnu11 -g3 -DDEBUG -DUSE_HAL_DRIVER -DSTM32L476xx -c -I../Core/Inc -I../Drivers/STM32L4xx_HAL_Driver/Inc -I../Drivers/STM32L4xx_HAL_Driver/Inc/Legacy -I../Drivers/CMSIS/Device/ST/STM32L4xx/Include -I../Drivers/CMSIS/Include -O0 -ffunction-sections -fdata-sections -Wall -fstack-usage -fcyclomatic-complexity -MMD -MP -MF"Utils/mem_info.d" -MT"Utils/mem_info.o" --specs=nano.specs -mfpu=fpv4-sp-d16 -mfloat-abi=hard -mthumb -o "Utils/mem_info.o"
arm-none-eabi-gcc "../Drivers/STM32L4xx_HAL_Driver/Src/stm32l4xx_hal.c" -mcpu=cortex-m4 -std=gnu11 -g3 -DDEBUG -DUSE_HAL_DRIVER -DSTM32L476xx -c -I../Core/Inc -I../Drivers/STM32L4xx_HAL_Driver/Inc -I../Drivers/STM32L4xx_HAL_Driver/Inc/Legacy -I../Drivers/CMSIS/Device/ST/STM32L4xx/Include -I../Drivers/CMSIS/Include -O0 -ffunction-sections -fdata-sections -Wall -fstack-usage -fcyclomatic-complexity -MMD -MP -MF"Drivers/STM32L4xx_HAL_Driver/Src/stm32l4xx_hal.d" -MT"Drivers/STM32L4xx_HAL_Driver/Src/stm32l4xx_hal.o" --specs=nano.specs -mfpu=fpv4-sp-d16 -mfloat-abi=hard -mthumb -o "Drivers/STM32L4xx_HAL_Driver/Src/stm32l4xx_hal.o"
arm-none-eabi-gcc "../Drivers/STM32L4xx_HAL_Driver/Src/stm32l4xx_hal_cortex.c" -mcpu=cortex-m4 -std=gnu11 -g3 -DDEBUG -DUSE_HAL_DRIVER -DSTM32L476xx -c -I../Core/Inc -I../Drivers/STM32L4xx_HAL_Driver/Inc -I../Drivers/STM32L4xx_HAL_Driver/Inc/Legacy -I../Drivers/CMSIS/Device/ST/STM32L4xx/Include -I../Drivers/CMSIS/Include -O0 -ffunction-sections -fdata-sections -Wall -fstack-usage -fcyclomatic-complexity -MMD -MP -MF"Drivers/STM32L4xx_HAL_Driver/Src/stm32l4xx_hal_cortex.d" -MT"Drivers/STM32L4xx_HAL_Driver/Src/stm32l4xx_hal_cortex.o" --specs=nano.specs -mfpu=fpv4-sp-d16 -mfloat-abi=hard -mthumb -o "Drivers/STM32L4xx_HAL_Driver/Src/stm32l4xx_hal_cortex.o"
arm-none-eabi-gcc "../Drivers/STM32L4xx_HAL_Driver/Src/stm32l4xx_hal_dma.c" -mcpu=cortex-m4 -std=gnu11 -g3 -DDEBUG -DUSE_HAL_DRIVER -DSTM32L476xx -c -I../Core/Inc -I../Drivers/STM32L4xx_HAL_Driver/Inc -I../Drivers/STM32L4xx_HAL_Driver/Inc/Legacy -I../Drivers/CMSIS/Device/ST/STM32L4xx/Include -I../Drivers/CMSIS/Include -O0 -ffunction-sections -fdata-sections -Wall -fstack-usage -fcyclomatic-complexity -MMD -MP -MF"Drivers/STM32L4xx_HAL_Driver/Src/stm32l4xx_hal_dma.d" -MT"Drivers/STM32L4xx_HAL_Driver/Src/stm32l4xx_hal_dma.o" --specs=nano.specs -mfpu=fpv4-sp-d16 -mfloat-abi=hard -mthumb -o "Drivers/STM32L4xx_HAL_Driver/Src/stm32l4xx_hal_dma.o"
arm-none-eabi-gcc "../Drivers/STM32L4xx_HAL_Driver/Src/stm32l4xx_hal_dma_ex.c" -mcpu=cortex-m4 -std=gnu11 -g3 -DDEBUG -DUSE_HAL_DRIVER -DSTM32L476xx -c -I../Core/Inc -I../Drivers/STM32L4xx_HAL_Driver/Inc -I../Drivers/STM32L4xx_HAL_Driver/Inc/Legacy -I../Drivers/CMSIS/Device/ST/STM32L4xx/Include -I../Drivers/CMSIS/Include -O0 -ffunction-sections -fdata-sections -Wall -fstack-usage -fcyclomatic-complexity -MMD -MP -MF"Drivers/STM32L4xx_HAL_Driver/Src/stm32l4xx_hal_dma_ex.d" -MT"Drivers/STM32L4xx_HAL_Driver/Src/stm32l4xx_hal_dma_ex.o" --specs=nano.specs -mfpu=fpv4-sp-d16 -mfloat-abi=hard -mthumb -o "Drivers/STM32L4xx_HAL_Driver/Src/stm32l4xx_hal_dma_ex.o"
arm-none-eabi-gcc "../Drivers/STM32L4xx_HAL_Driver/Src/stm32l4xx_hal_exti.c" -mcpu=cortex-m4 -std=gnu11 -g3 -DDEBUG -DUSE_HAL_DRIVER -DSTM32L476xx -c -I../Core/Inc -I../Drivers/STM32L4xx_HAL_Driver/Inc -I../Drivers/STM32L4xx_HAL_Driver/Inc/Legacy -I../Drivers/CMSIS/Device/ST/STM32L4xx/Include -I../Drivers/CMSIS/Include -O0 -ffunction-sections -fdata-sections -Wall -fstack-usage -fcyclomatic-complexity -MMD -MP -MF"Drivers/STM32L4xx_HAL_Driver/Src/stm32l4xx_hal_exti.d" -MT"Drivers/STM32L4xx_HAL_Driver/Src/stm32l4xx_hal_exti.o" --specs=nano.specs -mfpu=fpv4-sp-d16 -mfloat-abi=hard -mthumb -o "Drivers/STM32L4xx_HAL_Driver/Src/stm32l4xx_hal_exti.o"
arm-none-eabi-gcc "../Drivers/STM32L4xx_HAL_Driver/Src/stm32l4xx_hal_flash.c" -mcpu=cortex-m4 -std=gnu11 -g3 -DDEBUG -DUSE_HAL_DRIVER -DSTM32L476xx -c -I../Core/Inc -I../Drivers/STM32L4xx_HAL_Driver/Inc -I../Drivers/STM32L4xx_HAL_Driver/Inc/Legacy -I../Drivers/CMSIS/Device/ST/STM32L4xx/Include -I../Drivers/CMSIS/Include -O0 -ffunction-sections -fdata-sections -Wall -fstack-usage -fcyclomatic-complexity -MMD -MP -MF"Drivers/STM32L4xx_HAL_Driver/Src/stm32l4xx_hal_flash.d" -MT"Drivers/STM32L4xx_HAL_Driver/Src/stm32l4xx_hal_flash.o" --specs=nano.specs -mfpu=fpv4-sp-d16 -mfloat-abi=hard -mthumb -o "Drivers/STM32L4xx_HAL_Driver/Src/stm32l4xx_hal_flash.o"
arm-none-eabi-gcc "../Drivers/STM32L4xx_HAL_Driver/Src/stm32l4xx_hal_flash_ex.c" -mcpu=cortex-m4 -std=gnu11 -g3 -DDEBUG -DUSE_HAL_DRIVER -DSTM32L476xx -c -I../Core/Inc -I../Drivers/STM32L4xx_HAL_Driver/Inc -I../Drivers/STM32L4xx_HAL_Driver/Inc/Legacy -I../Drivers/CMSIS/Device/ST/STM32L4xx/Include -I../Drivers/CMSIS/Include -O0 -ffunction-sections -fdata-sections -Wall -fstack-usage -fcyclomatic-complexity -MMD -MP -MF"Drivers/STM32L4xx_HAL_Driver/Src/stm32l4xx_hal_flash_ex.d" -MT"Drivers/STM32L4xx_HAL_Driver/Src/stm32l4xx_hal_flash_ex.o" --specs=nano.specs -mfpu=fpv4-sp-d16 -mfloat-abi=hard -mthumb -o "Drivers/STM32L4xx_HAL_Driver/Src/stm32l4xx_hal_flash_ex.o"
arm-none-eabi-gcc "../Drivers/STM32L4xx_HAL_Driver/Src/stm32l4xx_hal_flash_ramfunc.c" -mcpu=cortex-m4 -std=gnu11 -g3 -DDEBUG -DUSE_HAL_DRIVER -DSTM32L476xx -c -I../Core/Inc -I../Drivers/STM32L4xx_HAL_Driver/Inc -I../Drivers/STM32L4xx_HAL_Driver/Inc/Legacy -I../Drivers/CMSIS/Device/ST/STM32L4xx/Include -I../Drivers/CMSIS/Include -O0 -ffunction-sections -fdata-sections -Wall -fstack-usage -fcyclomatic-complexity -MMD -MP -MF"Drivers/STM32L4xx_HAL_Driver/Src/stm32l4xx_hal_flash_ramfunc.d" -MT"Drivers/STM32L4xx_HAL_Driver/Src/stm32l4xx_hal_flash_ramfunc.o" --specs=nano.specs -mfpu=fpv4-sp-d16 -mfloat-abi=hard -mthumb -o "Drivers/STM32L4xx_HAL_Driver/Src/stm32l4xx_hal_flash_ramfunc.o"
arm-none-eabi-gcc "../Drivers/STM32L4xx_HAL_Driver/Src/stm32l4xx_hal_gpio.c" -mcpu=cortex-m4 -std=gnu11 -g3 -DDEBUG -DUSE_HAL_DRIVER -DSTM32L476xx -c -I../Core/Inc -I../Drivers/STM32L4xx_HAL_Driver/Inc -I../Drivers/STM32L4xx_HAL_Driver/Inc/Legacy -I../Drivers/CMSIS/Device/ST/STM32L4xx/Include -I../Drivers/CMSIS/Include -O0 -ffunction-sections -fdata-sections -Wall -fstack-usage -fcyclomatic-complexity -MMD -MP -MF"Drivers/STM32L4xx_HAL_Driver/Src/stm32l4xx_hal_gpio.d" -MT"Drivers/STM32L4xx_HAL_Driver/Src/stm32l4xx_hal_gpio.o" --specs=nano.specs -mfpu=fpv4-sp-d16 -mfloat-abi=hard -mthumb -o "Drivers/STM32L4xx_HAL_Driver/Src/stm32l4xx_hal_gpio.o"
arm-none-eabi-gcc "../Drivers/STM32L4xx_HAL_Driver/Src/stm32l4xx_hal_i2c.c" -mcpu=cortex-m4 -std=gnu11 -g3 -DDEBUG -DUSE_HAL_DRIVER -DSTM32L476xx -c -I../Core/Inc -I../Drivers/STM32L4xx_HAL_Driver/Inc -I../Drivers/STM32L4xx_HAL_Driver/Inc/Legacy -I../Drivers/CMSIS/Device/ST/STM32L4xx/Include -I../Drivers/CMSIS/Include -O0 -ffunction-sections -fdata-sections -Wall -fstack-usage -fcyclomatic-complexity -MMD -MP -MF"Drivers/STM32L4xx_HAL_Driver/Src/stm32l4xx_hal_i2c.d" -MT"Drivers/STM32L4xx_HAL_Driver/Src/stm32l4xx_hal_i2c.o" --specs=nano.specs -mfpu=fpv4-sp-d16 -mfloat-abi=hard -mthumb -o "Drivers/STM32L4xx_HAL_Driver/Src/stm32l4xx_hal_i2c.o"
arm-none-eabi-gcc "../Drivers/STM32L4xx_HAL_Driver/Src/stm32l4xx_hal_i2c_ex.c" -mcpu=cortex-m4 -std=gnu11 -g3 -DDEBUG -DUSE_HAL_DRIVER -DSTM32L476xx -c -I../Core/Inc -I../Drivers/STM32L4xx_HAL_Driver/Inc -I../Drivers/STM32L4xx_HAL_Driver/Inc/Legacy -I../Drivers/CMSIS/Device/ST/STM32L4xx/Include -I../Drivers/CMSIS/Include -O0 -ffunction-sections -fdata-sections -Wall -fstack-usage -fcyclomatic-complexity -MMD -MP -MF"Drivers/STM32L4xx_HAL_Driver/Src/stm32l4xx_hal_i2c_ex.d" -MT"Drivers/STM32L4xx_HAL_Driver/Src/stm32l4xx_hal_i2c_ex.o" --specs=nano.specs -mfpu=fpv4-sp-d16 -mfloat-abi=hard -mthumb -o "Drivers/STM32L4xx_HAL_Driver/Src/stm32l4xx_hal_i2c_ex.o"
arm-none-eabi-gcc "../Drivers/STM32L4xx_HAL_Driver/Src/stm32l4xx_hal_pwr.c" -mcpu=cortex-m4 -std=gnu11 -g3 -DDEBUG -DUSE_HAL_DRIVER -DSTM32L476xx -c -I../Core/Inc -I../Drivers/STM32L4xx_HAL_Driver/Inc -I../Drivers/STM32L4xx_HAL_Driver/Inc/Legacy -I../Drivers/CMSIS/Device/ST/STM32L4xx/Include -I../Drivers/CMSIS/Include -O0 -ffunction-sections -fdata-sections -Wall -fstack-usage -fcyclomatic-complexity -MMD -MP -MF"Drivers/STM32L4xx_HAL_Driver/Src/stm32l4xx_hal_pwr.d" -MT"Drivers/STM32L4xx_HAL_Driver/Src/stm32l4xx_hal_pwr.o" --specs=nano.specs -mfpu=fpv4-sp-d16 -mfloat-abi=hard -mthumb -o "Drivers/STM32L4xx_HAL_Driver/Src/stm32l4xx_hal_pwr.o"
arm-none-eabi-gcc "../Drivers/STM32L4xx_HAL_Driver/Src/stm32l4xx_hal_pwr_ex.c" -mcpu=cortex-m4 -std=gnu11 -g3 -DDEBUG -DUSE_HAL_DRIVER -DSTM32L476xx -c -I../Core/Inc -I../Drivers/STM32L4xx_HAL_Driver/Inc -I../Drivers/STM32L4xx_HAL_Driver/Inc/Legacy -I../Drivers/CMSIS/Device/ST/STM32L4xx/Include -I../Drivers/CMSIS/Include -O0 -ffunction-sections -fdata-sections -Wall -fstack-usage -fcyclomatic-complexity -MMD -MP -MF"Drivers/STM32L4xx_HAL_Driver/Src/stm32l4xx_hal_pwr_ex.d" -MT"Drivers/STM32L4xx_HAL_Driver/Src/stm32l4xx_hal_pwr_ex.o" --specs=nano.specs -mfpu=fpv4-sp-d16 -mfloat-abi=hard -mthumb -o "Drivers/STM32L4xx_HAL_Driver/Src/stm32l4xx_hal_pwr_ex.o"
arm-none-eabi-gcc "../Drivers/STM32L4xx_HAL_Driver/Src/stm32l4xx_hal_rcc.c" -mcpu=cortex-m4 -std=gnu11 -g3 -DDEBUG -DUSE_HAL_DRIVER -DSTM32L476xx -c -I../Core/Inc -I../Drivers/STM32L4xx_HAL_Driver/Inc -I../Drivers/STM32L4xx_HAL_Driver/Inc/Legacy -I../Drivers/CMSIS/Device/ST/STM32L4xx/Include -I../Drivers/CMSIS/Include -O0 -ffunction-sections -fdata-sections -Wall -fstack-usage -fcyclomatic-complexity -MMD -MP -MF"Drivers/STM32L4xx_HAL_Driver/Src/stm32l4xx_hal_rcc.d" -MT"Drivers/STM32L4xx_HAL_Driver/Src/stm32l4xx_hal_rcc.o" --specs=nano.specs -mfpu=fpv4-sp-d16 -mfloat-abi=hard -mthumb -o "Drivers/STM32L4xx_HAL_Driver/Src/stm32l4xx_hal_rcc.o"
arm-none-eabi-gcc "../Drivers/STM32L4xx_HAL_Driver/Src/stm32l4xx_hal_rcc_ex.c" -mcpu=cortex-m4 -std=gnu11 -g3 -DDEBUG -DUSE_HAL_DRIVER -DSTM32L476xx -c -I../Core/Inc -I../Drivers/STM32L4xx_HAL_Driver/Inc -I../Drivers/STM32L4xx_HAL_Driver/Inc/Legacy -I../Drivers/CMSIS/Device/ST/STM32L4xx/Include -I../Drivers/CMSIS/Include -O0 -ffunction-sections -fdata-sections -Wall -fstack-usage -fcyclomatic-complexity -MMD -MP -MF"Drivers/STM32L4xx_HAL_Driver/Src/stm32l4xx_hal_rcc_ex.d" -MT"Drivers/STM32L4xx_HAL_Driver/Src/stm32l4xx_hal_rcc_ex.o" --specs=nano.specs -mfpu=fpv4-sp-d16 -mfloat-abi=hard -mthumb -o "Drivers/STM32L4xx_HAL_Driver/Src/stm32l4xx_hal_rcc_ex.o"
arm-none-eabi-gcc "../Drivers/STM32L4xx_HAL_Driver/Src/stm32l4xx_hal_uart.c" -mcpu=cortex-m4 -std=gnu11 -g3 -DDEBUG -DUSE_HAL_DRIVER -DSTM32L476xx -c -I../Core/Inc -I../Drivers/STM32L4xx_HAL_Driver/Inc -I../Drivers/STM32L4xx_HAL_Driver/Inc/Legacy -I../Drivers/CMSIS/Device/ST/STM32L4xx/Include -I../Drivers/CMSIS/Include -O0 -ffunction-sections -fdata-sections -Wall -fstack-usage -fcyclomatic-complexity -MMD -MP -MF"Drivers/STM32L4xx_HAL_Driver/Src/stm32l4xx_hal_uart.d" -MT"Drivers/STM32L4xx_HAL_Driver/Src/stm32l4xx_hal_uart.o" --specs=nano.specs -mfpu=fpv4-sp-d16 -mfloat-abi=hard -mthumb -o "Drivers/STM32L4xx_HAL_Driver/Src/stm32l4xx_hal_uart.o"
arm-none-eabi-gcc "../Drivers/STM32L4xx_HAL_Driver/Src/stm32l4xx_hal_uart_ex.c" -mcpu=cortex-m4 -std=gnu11 -g3 -DDEBUG -DUSE_HAL_DRIVER -DSTM32L476xx -c -I../Core/Inc -I../Drivers/STM32L4xx_HAL_Driver/Inc -I../Drivers/STM32L4xx_HAL_Driver/Inc/Legacy -I../Drivers/CMSIS/Device/ST/STM32L4xx/Include -I../Drivers/CMSIS/Include -O0 -ffunction-sections -fdata-sections -Wall -fstack-usage -fcyclomatic-complexity -MMD -MP -MF"Drivers/STM32L4xx_HAL_Driver/Src/stm32l4xx_hal_uart_ex.d" -MT"Drivers/STM32L4xx_HAL_Driver/Src/stm32l4xx_hal_uart_ex.o" --specs=nano.specs -mfpu=fpv4-sp-d16 -mfloat-abi=hard -mthumb -o "Drivers/STM32L4xx_HAL_Driver/Src/stm32l4xx_hal_uart_ex.o"
arm-none-eabi-gcc -mcpu=cortex-m4 -g3 -DDEBUG -c -x assembler-with-cpp -MMD -MP -MF"Core/Startup/startup_stm32l476rgtx.d" -MT"Core/Startup/startup_stm32l476rgtx.o" --specs=nano.specs -mfpu=fpv4-sp-d16 -mfloat-abi=hard -mthumb -o "Core/Startup/startup_stm32l476rgtx.o" "../Core/Startup/startup_stm32l476rgtx.s"
arm-none-eabi-gcc "../Core/Src/main.c" -mcpu=cortex-m4 -std=gnu11 -g3 -DDEBUG -DUSE_HAL_DRIVER -DSTM32L476xx -c -I../Core/Inc -I../Drivers/STM32L4xx_HAL_Driver/Inc -I../Drivers/STM32L4xx_HAL_Driver/Inc/Legacy -I../Drivers/CMSIS/Device/ST/STM32L4xx/Include -I../Drivers/CMSIS/Include -O0 -ffunction-sections -fdata-sections -Wall -fstack-usage -fcyclomatic-complexity -MMD -MP -MF"Core/Src/main.d" -MT"Core/Src/main.o" --specs=nano.specs -mfpu=fpv4-sp-d16 -mfloat-abi=hard -mthumb -o "Core/Src/main.o"
arm-none-eabi-gcc "../Core/Src/stm32l4xx_hal_msp.c" -mcpu=cortex-m4 -std=gnu11 -g3 -DDEBUG -DUSE_HAL_DRIVER -DSTM32L476xx -c -I../Core/Inc -I../Drivers/STM32L4xx_HAL_Driver/Inc -I../Drivers/STM32L4xx_HAL_Driver/Inc/Legacy -I../Drivers/CMSIS/Device/ST/STM32L4xx/Include -I../Drivers/CMSIS/Include -O0 -ffunction-sections -fdata-sections -Wall -fstack-usage -fcyclomatic-complexity -MMD -MP -MF"Core/Src/stm32l4xx_hal_msp.d" -MT"Core/Src/stm32l4xx_hal_msp.o" --specs=nano.specs -mfpu=fpv4-sp-d16 -mfloat-abi=hard -mthumb -o "Core/Src/stm32l4xx_hal_msp.o"
arm-none-eabi-gcc "../Core/Src/stm32l4xx_it.c" -mcpu=cortex-m4 -std=gnu11 -g3 -DDEBUG -DUSE_HAL_DRIVER -DSTM32L476xx -c -I../Core/Inc -I../Drivers/STM32L4xx_HAL_Driver/Inc -I../Drivers/STM32L4xx_HAL_Driver/Inc/Legacy -I../Drivers/CMSIS/Device/ST/STM32L4xx/Include -I../Drivers/CMSIS/Include -O0 -ffunction-sections -fdata-sections -Wall -fstack-usage -fcyclomatic-complexity -MMD -MP -MF"Core/Src/stm32l4xx_it.d" -MT"Core/Src/stm32l4xx_it.o" --specs=nano.specs -mfpu=fpv4-sp-d16 -mfloat-abi=hard -mthumb -o "Core/Src/stm32l4xx_it.o"
arm-none-eabi-gcc "../Core/Src/syscalls.c" -mcpu=cortex-m4 -std=gnu11 -g3 -DDEBUG -DUSE_HAL_DRIVER -DSTM32L476xx -c -I../Core/Inc -I../Drivers/STM32L4xx_HAL_Driver/Inc -I../Drivers/STM32L4xx_HAL_Driver/Inc/Legacy -I../Drivers/CMSIS/Device/ST/STM32L4xx/Include -I../Drivers/CMSIS/Include -O0 -ffunction-sections -fdata-sections -Wall -fstack-usage -fcyclomatic-complexity -MMD -MP -MF"Core/Src/syscalls.d" -MT"Core/Src/syscalls.o" --specs=nano.specs -mfpu=fpv4-sp-d16 -mfloat-abi=hard -mthumb -o "Core/Src/syscalls.o"
arm-none-eabi-gcc "../Core/Src/sysmem.c" -mcpu=cortex-m4 -std=gnu11 -g3 -DDEBUG -DUSE_HAL_DRIVER -DSTM32L476xx -c -I../Core/Inc -I../Drivers/STM32L4xx_HAL_Driver/Inc -I../Drivers/STM32L4xx_HAL_Driver/Inc/Legacy -I../Drivers/CMSIS/Device/ST/STM32L4xx/Include -I../Drivers/CMSIS/Include -O0 -ffunction-sections -fdata-sections -Wall -fstack-usage -fcyclomatic-complexity -MMD -MP -MF"Core/Src/sysmem.d" -MT"Core/Src/sysmem.o" --specs=nano.specs -mfpu=fpv4-sp-d16 -mfloat-abi=hard -mthumb -o "Core/Src/sysmem.o"
arm-none-eabi-gcc "../Core/Src/system_stm32l4xx.c" -mcpu=cortex-m4 -std=gnu11 -g3 -DDEBUG -DUSE_HAL_DRIVER -DSTM32L476xx -c -I../Core/Inc -I../Drivers/STM32L4xx_HAL_Driver/Inc -I../Drivers/STM32L4xx_HAL_Driver/Inc/Legacy -I../Drivers/CMSIS/Device/ST/STM32L4xx/Include -I../Drivers/CMSIS/Include -O0 -ffunction-sections -fdata-sections -Wall -fstack-usage -fcyclomatic-complexity -MMD -MP -MF"Core/Src/system_stm32l4xx.d" -MT"Core/Src/system_stm32l4xx.o" --specs=nano.specs -mfpu=fpv4-sp-d16 -mfloat-abi=hard -mthumb -o "Core/Src/system_stm32l4xx.o"
../Core/Src/main.c:188:13: warning: 'MX_USART2_UART_Init' defined but not used [-Wunused-function]
  188 | static void MX_USART2_UART_Init(void)
      |             ^~~~~~~~~~~~~~~~~~~
arm-none-eabi-gcc -o "STM32L476RGT6.elf" @"objects.list"   -mcpu=cortex-m4 -T"D:\Projekty\TrinityTrack6000\STM32\STM32L476RGT6\STM32L476RGTX_FLASH.ld" --specs=nosys.specs -Wl,-Map="STM32L476RGT6.map" -Wl,--gc-sections -static --specs=nano.specs -mfpu=fpv4-sp-d16 -mfloat-abi=hard -mthumb -Wl,--start-group -lc -lm -Wl,--end-group
Finished building target: STM32L476RGT6.elf
 
arm-none-eabi-size  STM32L476RGT6.elf 
arm-none-eabi-objdump -h -S STM32L476RGT6.elf  > "STM32L476RGT6.list"
   text	   data	    bss	    dec	    hex	filename
  12400	     12	   1572	  13984	   36a0	STM32L476RGT6.elf
Finished building: default.size.stdout
 
Finished building: STM32L476RGT6.list
 
15:30:02 **** Incremental Build of configuration Debug for project STM32L476RGT6 ****
make -j12 all 
arm-none-eabi-size  STM32L476RGT6.elf 
   text	   data	    bss	    dec	    hex	filename
  12400	     12	   1572	  13984	   36a0	STM32L476RGT6.elf
Finished building: default.size.stdout
 
15:30:22 **** Incremental Build of configuration Debug for project STM32L476RGT6 ****
make -j12 all 
arm-none-eabi-size  STM32L476RGT6.elf 
   text	   data	    bss	    dec	    hex	filename
  12400	     12	   1572	  13984	   36a0	STM32L476RGT6.elf
Finished building: default.size.stdout
 
15:31:22 **** Incremental Build of configuration Debug for project STM32L476RGT6 ****
make -j12 all 
arm-none-eabi-gcc -o "STM32L476RGT6.elf" @"objects.list"   -mcpu=cortex-m4 -T"D:\Projekty\TrinityTrack6000\STM32\STM32L476RGT6\STM32L476RGTX_FLASH.ld" --specs=nosys.specs -Wl,-Map="STM32L476RGT6.map" -Wl,--gc-sections -static --specs=nano.specs -mfpu=fpv4-sp-d16 -mfloat-abi=hard -mthumb -Wl,--start-group -lc -lm -Wl,--end-group
Finished building target: STM32L476RGT6.elf
 
arm-none-eabi-size  STM32L476RGT6.elf 
arm-none-eabi-objdump -h -S STM32L476RGT6.elf  > "STM32L476RGT6.list"
   text	   data	    bss	    dec	    hex	filename
  12400	     12	   1572	  13984	   36a0	STM32L476RGT6.elf
Finished building: default.size.stdout
 
Finished building: STM32L476RGT6.list
 
15:31:25 **** Incremental Build of configuration Debug for project STM32L476RGT6 ****
make -j12 all 
arm-none-eabi-size  STM32L476RGT6.elf 
   text	   data	    bss	    dec	    hex	filename
  12400	     12	   1572	  13984	   36a0	STM32L476RGT6.elf
Finished building: default.size.stdout
 
15:51:58 **** Incremental Build of configuration Debug for project STM32L476RGT6 ****
make -j12 all 
arm-none-eabi-gcc "../Core/Src/main.c" -mcpu=cortex-m4 -std=gnu11 -g3 -DDEBUG -DUSE_HAL_DRIVER -DSTM32L476xx -c -I../Core/Inc -I../Drivers/STM32L4xx_HAL_Driver/Inc -I../Drivers/STM32L4xx_HAL_Driver/Inc/Legacy -I../Drivers/CMSIS/Device/ST/STM32L4xx/Include -I../Drivers/CMSIS/Include -O0 -ffunction-sections -fdata-sections -Wall -fstack-usage -fcyclomatic-complexity -MMD -MP -MF"Core/Src/main.d" -MT"Core/Src/main.o" --specs=nano.specs -mfpu=fpv4-sp-d16 -mfloat-abi=hard -mthumb -o "Core/Src/main.o"
../Core/Src/main.c:188:13: warning: 'MX_USART2_UART_Init' defined but not used [-Wunused-function]
  188 | static void MX_USART2_UART_Init(void)
      |             ^~~~~~~~~~~~~~~~~~~
arm-none-eabi-gcc -o "STM32L476RGT6.elf" @"objects.list"   -mcpu=cortex-m4 -T"D:\Projekty\TrinityTrack6000\STM32\STM32L476RGT6\STM32L476RGTX_FLASH.ld" --specs=nosys.specs -Wl,-Map="STM32L476RGT6.map" -Wl,--gc-sections -static --specs=nano.specs -mfpu=fpv4-sp-d16 -mfloat-abi=hard -mthumb -Wl,--start-group -lc -lm -Wl,--end-group
Finished building target: STM32L476RGT6.elf
 
arm-none-eabi-size  STM32L476RGT6.elf 
arm-none-eabi-objdump -h -S STM32L476RGT6.elf  > "STM32L476RGT6.list"
   text	   data	    bss	    dec	    hex	filename
  12404	     12	   1572	  13988	   36a4	STM32L476RGT6.elf
Finished building: default.size.stdout
 
Finished building: STM32L476RGT6.list
 
16:01:43 **** Incremental Build of configuration Debug for project STM32L476RGT6 ****
make -j12 all 
arm-none-eabi-gcc "../Core/Src/main.c" -mcpu=cortex-m4 -std=gnu11 -g3 -DDEBUG -DUSE_HAL_DRIVER -DSTM32L476xx -c -I../Core/Inc -I../Drivers/STM32L4xx_HAL_Driver/Inc -I../Drivers/STM32L4xx_HAL_Driver/Inc/Legacy -I../Drivers/CMSIS/Device/ST/STM32L4xx/Include -I../Drivers/CMSIS/Include -O0 -ffunction-sections -fdata-sections -Wall -fstack-usage -fcyclomatic-complexity -MMD -MP -MF"Core/Src/main.d" -MT"Core/Src/main.o" --specs=nano.specs -mfpu=fpv4-sp-d16 -mfloat-abi=hard -mthumb -o "Core/Src/main.o"
../Core/Src/main.c:188:13: warning: 'MX_USART2_UART_Init' defined but not used [-Wunused-function]
  188 | static void MX_USART2_UART_Init(void)
      |             ^~~~~~~~~~~~~~~~~~~
arm-none-eabi-gcc -o "STM32L476RGT6.elf" @"objects.list"   -mcpu=cortex-m4 -T"D:\Projekty\TrinityTrack6000\STM32\STM32L476RGT6\STM32L476RGTX_FLASH.ld" --specs=nosys.specs -Wl,-Map="STM32L476RGT6.map" -Wl,--gc-sections -static --specs=nano.specs -mfpu=fpv4-sp-d16 -mfloat-abi=hard -mthumb -Wl,--start-group -lc -lm -Wl,--end-group
Finished building target: STM32L476RGT6.elf
 
arm-none-eabi-size  STM32L476RGT6.elf 
arm-none-eabi-objdump -h -S STM32L476RGT6.elf  > "STM32L476RGT6.list"
   text	   data	    bss	    dec	    hex	filename
  12764	     12	   1572	  14348	   380c	STM32L476RGT6.elf
Finished building: default.size.stdout
 
Finished building: STM32L476RGT6.list
 
16:35:53 **** Incremental Build of configuration Debug for project STM32L476RGT6 ****
make -j12 all 
arm-none-eabi-gcc -mcpu=cortex-m4 -g3 -DDEBUG -c -x assembler-with-cpp -MMD -MP -MF"Core/Startup/startup_stm32l476rgtx.d" -MT"Core/Startup/startup_stm32l476rgtx.o" --specs=nano.specs -mfpu=fpv4-sp-d16 -mfloat-abi=hard -mthumb -o "Core/Startup/startup_stm32l476rgtx.o" "../Core/Startup/startup_stm32l476rgtx.s"
arm-none-eabi-gcc -o "STM32L476RGT6.elf" @"objects.list"   -mcpu=cortex-m4 -T"D:\Projekty\TrinityTrack6000\STM32\STM32L476RGT6\STM32L476RGTX_FLASH.ld" --specs=nosys.specs -Wl,-Map="STM32L476RGT6.map" -Wl,--gc-sections -static --specs=nano.specs -mfpu=fpv4-sp-d16 -mfloat-abi=hard -mthumb -Wl,--start-group -lc -lm -Wl,--end-group
Finished building target: STM32L476RGT6.elf
 
arm-none-eabi-size  STM32L476RGT6.elf 
arm-none-eabi-objdump -h -S STM32L476RGT6.elf  > "STM32L476RGT6.list"
   text	   data	    bss	    dec	    hex	filename
  12764	     12	   1572	  14348	   380c	STM32L476RGT6.elf
Finished building: default.size.stdout
 
Finished building: STM32L476RGT6.list
 
20:05:57 **** Incremental Build of configuration Debug for project STM32L476RGT6 ****
make -j12 all 
arm-none-eabi-gcc -mcpu=cortex-m4 -g3 -DDEBUG -c -x assembler-with-cpp -MMD -MP -MF"Core/Startup/startup_stm32l476rgtx.d" -MT"Core/Startup/startup_stm32l476rgtx.o" --specs=nano.specs -mfpu=fpv4-sp-d16 -mfloat-abi=hard -mthumb -o "Core/Startup/startup_stm32l476rgtx.o" "../Core/Startup/startup_stm32l476rgtx.s"
arm-none-eabi-gcc -o "STM32L476RGT6.elf" @"objects.list"   -mcpu=cortex-m4 -T"D:\Projekty\TrinityTrack6000\STM32\STM32L476RGT6\STM32L476RGTX_FLASH.ld" --specs=nosys.specs -Wl,-Map="STM32L476RGT6.map" -Wl,--gc-sections -static --specs=nano.specs -mfpu=fpv4-sp-d16 -mfloat-abi=hard -mthumb -Wl,--start-group -lc -lm -Wl,--end-group
Finished building target: STM32L476RGT6.elf
 
arm-none-eabi-size  STM32L476RGT6.elf 
arm-none-eabi-objdump -h -S STM32L476RGT6.elf  > "STM32L476RGT6.list"
   text	   data	    bss	    dec	    hex	filename
  12764	     12	   1572	  14348	   380c	STM32L476RGT6.elf
Finished building: default.size.stdout
 
Finished building: STM32L476RGT6.list
 
20:07:03 **** Incremental Build of configuration Debug for project STM32L476RGT6 ****
make -j12 all 
arm-none-eabi-size  STM32L476RGT6.elf 
   text	   data	    bss	    dec	    hex	filename
  12764	     12	   1572	  14348	   380c	STM32L476RGT6.elf
Finished building: default.size.stdout
 
20:08:03 **** Incremental Build of configuration Debug for project STM32L476RGT6 ****
make -j12 all 
arm-none-eabi-size  STM32L476RGT6.elf 
   text	   data	    bss	    dec	    hex	filename
  12764	     12	   1572	  14348	   380c	STM32L476RGT6.elf
Finished building: default.size.stdout
 
20:08:18 **** Incremental Build of configuration Debug for project STM32L476RGT6 ****
make -j12 all 
arm-none-eabi-size  STM32L476RGT6.elf 
   text	   data	    bss	    dec	    hex	filename
  12764	     12	   1572	  14348	   380c	STM32L476RGT6.elf
Finished building: default.size.stdout
 
20:08:21 **** Incremental Build of configuration Debug for project STM32L476RGT6 ****
make -j12 all 
arm-none-eabi-size  STM32L476RGT6.elf 
   text	   data	    bss	    dec	    hex	filename
  12764	     12	   1572	  14348	   380c	STM32L476RGT6.elf
Finished building: default.size.stdout
 
20:08:53 **** Incremental Build of configuration Debug for project STM32L476RGT6 ****
make -j12 all 
arm-none-eabi-size  STM32L476RGT6.elf 
   text	   data	    bss	    dec	    hex	filename
  12764	     12	   1572	  14348	   380c	STM32L476RGT6.elf
Finished building: default.size.stdout
 
20:09:06 **** Incremental Build of configuration Debug for project STM32L476RGT6 ****
make -j12 all 
arm-none-eabi-gcc -o "STM32L476RGT6.elf" @"objects.list"   -mcpu=cortex-m4 -T"D:\Projekty\TrinityTrack6000\STM32\STM32L476RGT6\STM32L476RGTX_FLASH.ld" --specs=nosys.specs -Wl,-Map="STM32L476RGT6.map" -Wl,--gc-sections -static --specs=nano.specs -mfpu=fpv4-sp-d16 -mfloat-abi=hard -mthumb -Wl,--start-group -lc -lm -Wl,--end-group
Finished building target: STM32L476RGT6.elf
 
arm-none-eabi-size  STM32L476RGT6.elf 
arm-none-eabi-objdump -h -S STM32L476RGT6.elf  > "STM32L476RGT6.list"
   text	   data	    bss	    dec	    hex	filename
  12764	     12	   1572	  14348	   380c	STM32L476RGT6.elf
Finished building: default.size.stdout
 
Finished building: STM32L476RGT6.list
 
20:11:33 **** Incremental Build of configuration Debug for project STM32L476RGT6 ****
make -j12 all 
arm-none-eabi-gcc -o "STM32L476RGT6.elf" @"objects.list"   -mcpu=cortex-m4 -T"D:\Projekty\TrinityTrack6000\STM32\STM32L476RGT6\STM32L476RGTX_FLASH.ld" --specs=nosys.specs -Wl,-Map="STM32L476RGT6.map" -Wl,--gc-sections -static --specs=nano.specs -mfpu=fpv4-sp-d16 -mfloat-abi=hard -mthumb -Wl,--start-group -lc -lm -Wl,--end-group
Finished building target: STM32L476RGT6.elf
 
arm-none-eabi-size  STM32L476RGT6.elf 
arm-none-eabi-objdump -h -S STM32L476RGT6.elf  > "STM32L476RGT6.list"
   text	   data	    bss	    dec	    hex	filename
  12764	     12	   2084	  14860	   3a0c	STM32L476RGT6.elf
Finished building: default.size.stdout
 
Finished building: STM32L476RGT6.list
 
20:12:28 **** Incremental Build of configuration Debug for project STM32L476RGT6 ****
make -j12 all 
arm-none-eabi-gcc "../Core/Src/main.c" -mcpu=cortex-m4 -std=gnu11 -g3 -DDEBUG -DUSE_HAL_DRIVER -DSTM32L476xx -c -I../Core/Inc -I../Drivers/STM32L4xx_HAL_Driver/Inc -I../Drivers/STM32L4xx_HAL_Driver/Inc/Legacy -I../Drivers/CMSIS/Device/ST/STM32L4xx/Include -I../Drivers/CMSIS/Include -O0 -ffunction-sections -fdata-sections -Wall -fstack-usage -fcyclomatic-complexity -MMD -MP -MF"Core/Src/main.d" -MT"Core/Src/main.o" --specs=nano.specs -mfpu=fpv4-sp-d16 -mfloat-abi=hard -mthumb -o "Core/Src/main.o"
../Core/Src/main.c:188:13: warning: 'MX_USART2_UART_Init' defined but not used [-Wunused-function]
  188 | static void MX_USART2_UART_Init(void)
      |             ^~~~~~~~~~~~~~~~~~~
arm-none-eabi-gcc -o "STM32L476RGT6.elf" @"objects.list"   -mcpu=cortex-m4 -T"D:\Projekty\TrinityTrack6000\STM32\STM32L476RGT6\STM32L476RGTX_FLASH.ld" --specs=nosys.specs -Wl,-Map="STM32L476RGT6.map" -Wl,--gc-sections -static --specs=nano.specs -mfpu=fpv4-sp-d16 -mfloat-abi=hard -mthumb -Wl,--start-group -lc -lm -Wl,--end-group
Finished building target: STM32L476RGT6.elf
 
arm-none-eabi-size  STM32L476RGT6.elf 
arm-none-eabi-objdump -h -S STM32L476RGT6.elf  > "STM32L476RGT6.list"
   text	   data	    bss	    dec	    hex	filename
  12764	     12	   2084	  14860	   3a0c	STM32L476RGT6.elf
Finished building: default.size.stdout
 
Finished building: STM32L476RGT6.list
 
20:12:51 **** Incremental Build of configuration Debug for project STM32L476RGT6 ****
make -j12 all 
arm-none-eabi-gcc -o "STM32L476RGT6.elf" @"objects.list"   -mcpu=cortex-m4 -T"D:\Projekty\TrinityTrack6000\STM32\STM32L476RGT6\STM32L476RGTX_FLASH.ld" --specs=nosys.specs -Wl,-Map="STM32L476RGT6.map" -Wl,--gc-sections -static --specs=nano.specs -mfpu=fpv4-sp-d16 -mfloat-abi=hard -mthumb -Wl,--start-group -lc -lm -Wl,--end-group
Finished building target: STM32L476RGT6.elf
 
arm-none-eabi-size  STM32L476RGT6.elf 
arm-none-eabi-objdump -h -S STM32L476RGT6.elf  > "STM32L476RGT6.list"
   text	   data	    bss	    dec	    hex	filename
  12764	     12	   2084	  14860	   3a0c	STM32L476RGT6.elf
Finished building: default.size.stdout
 
Finished building: STM32L476RGT6.list
 
20:13:21 **** Incremental Build of configuration Debug for project STM32L476RGT6 ****
make -j12 all 
arm-none-eabi-size  STM32L476RGT6.elf 
   text	   data	    bss	    dec	    hex	filename
  12764	     12	   2084	  14860	   3a0c	STM32L476RGT6.elf
Finished building: default.size.stdout
 
20:31:43 **** Incremental Build of configuration Debug for project STM32L476RGT6 ****
make -j12 all 
arm-none-eabi-size  STM32L476RGT6.elf 
   text	   data	    bss	    dec	    hex	filename
  12764	     12	   2084	  14860	   3a0c	STM32L476RGT6.elf
Finished building: default.size.stdout
 
20:44:47 **** Incremental Build of configuration Debug for project STM32L476RGT6 ****
make -j12 all 
arm-none-eabi-gcc "../Core/Src/main.c" -mcpu=cortex-m4 -std=gnu11 -g3 -DDEBUG -DUSE_HAL_DRIVER -DSTM32L476xx -c -I../Core/Inc -I../Drivers/STM32L4xx_HAL_Driver/Inc -I../Drivers/STM32L4xx_HAL_Driver/Inc/Legacy -I../Drivers/CMSIS/Device/ST/STM32L4xx/Include -I../Drivers/CMSIS/Include -O0 -ffunction-sections -fdata-sections -Wall -fstack-usage -fcyclomatic-complexity -MMD -MP -MF"Core/Src/main.d" -MT"Core/Src/main.o" --specs=nano.specs -mfpu=fpv4-sp-d16 -mfloat-abi=hard -mthumb -o "Core/Src/main.o"
../Core/Src/main.c:189:13: warning: 'MX_USART2_UART_Init' defined but not used [-Wunused-function]
  189 | static void MX_USART2_UART_Init(void)
      |             ^~~~~~~~~~~~~~~~~~~
arm-none-eabi-gcc -o "STM32L476RGT6.elf" @"objects.list"   -mcpu=cortex-m4 -T"D:\Projekty\TrinityTrack6000\STM32\STM32L476RGT6\STM32L476RGTX_FLASH.ld" --specs=nosys.specs -Wl,-Map="STM32L476RGT6.map" -Wl,--gc-sections -static --specs=nano.specs -mfpu=fpv4-sp-d16 -mfloat-abi=hard -mthumb -Wl,--start-group -lc -lm -Wl,--end-group
Finished building target: STM32L476RGT6.elf
 
arm-none-eabi-size  STM32L476RGT6.elf 
arm-none-eabi-objdump -h -S STM32L476RGT6.elf  > "STM32L476RGT6.list"
   text	   data	    bss	    dec	    hex	filename
  12764	     12	   2084	  14860	   3a0c	STM32L476RGT6.elf
Finished building: default.size.stdout
 
Finished building: STM32L476RGT6.list
 
20:45:32 **** Incremental Build of configuration Debug for project STM32L476RGT6 ****
make -j12 all 
arm-none-eabi-gcc "../Core/Src/main.c" -mcpu=cortex-m4 -std=gnu11 -g3 -DDEBUG -DUSE_HAL_DRIVER -DSTM32L476xx -c -I../Core/Inc -I../Drivers/STM32L4xx_HAL_Driver/Inc -I../Drivers/STM32L4xx_HAL_Driver/Inc/Legacy -I../Drivers/CMSIS/Device/ST/STM32L4xx/Include -I../Drivers/CMSIS/Include -O0 -ffunction-sections -fdata-sections -Wall -fstack-usage -fcyclomatic-complexity -MMD -MP -MF"Core/Src/main.d" -MT"Core/Src/main.o" --specs=nano.specs -mfpu=fpv4-sp-d16 -mfloat-abi=hard -mthumb -o "Core/Src/main.o"
../Core/Src/main.c:189:13: warning: 'MX_USART2_UART_Init' defined but not used [-Wunused-function]
  189 | static void MX_USART2_UART_Init(void)
      |             ^~~~~~~~~~~~~~~~~~~
arm-none-eabi-gcc -o "STM32L476RGT6.elf" @"objects.list"   -mcpu=cortex-m4 -T"D:\Projekty\TrinityTrack6000\STM32\STM32L476RGT6\STM32L476RGTX_FLASH.ld" --specs=nosys.specs -Wl,-Map="STM32L476RGT6.map" -Wl,--gc-sections -static --specs=nano.specs -mfpu=fpv4-sp-d16 -mfloat-abi=hard -mthumb -Wl,--start-group -lc -lm -Wl,--end-group
Finished building target: STM32L476RGT6.elf
 
arm-none-eabi-size  STM32L476RGT6.elf 
arm-none-eabi-objdump -h -S STM32L476RGT6.elf  > "STM32L476RGT6.list"
   text	   data	    bss	    dec	    hex	filename
  12768	     12	   2084	  14864	   3a10	STM32L476RGT6.elf
Finished building: default.size.stdout
 
Finished building: STM32L476RGT6.list
 
20:46:10 **** Incremental Build of configuration Debug for project STM32L476RGT6 ****
make -j12 all 
arm-none-eabi-size  STM32L476RGT6.elf 
   text	   data	    bss	    dec	    hex	filename
  12768	     12	   2084	  14864	   3a10	STM32L476RGT6.elf
Finished building: default.size.stdout
 
20:46:25 **** Incremental Build of configuration Debug for project STM32L476RGT6 ****
make -j12 all 
arm-none-eabi-size  STM32L476RGT6.elf 
   text	   data	    bss	    dec	    hex	filename
  12768	     12	   2084	  14864	   3a10	STM32L476RGT6.elf
Finished building: default.size.stdout
 
20:46:26 **** Incremental Build of configuration Debug for project STM32L476RGT6 ****
make -j12 all 
arm-none-eabi-size  STM32L476RGT6.elf 
   text	   data	    bss	    dec	    hex	filename
  12768	     12	   2084	  14864	   3a10	STM32L476RGT6.elf
Finished building: default.size.stdout
 
20:47:19 **** Incremental Build of configuration Debug for project STM32L476RGT6 ****
make -j12 all 
arm-none-eabi-gcc -o "STM32L476RGT6.elf" @"objects.list"   -mcpu=cortex-m4 -T"D:\Projekty\TrinityTrack6000\STM32\STM32L476RGT6\STM32L476RGTX_FLASH.ld" --specs=nosys.specs -Wl,-Map="STM32L476RGT6.map" -Wl,--gc-sections -static --specs=nano.specs -mfpu=fpv4-sp-d16 -mfloat-abi=hard -mthumb -Wl,--start-group -lc -lm -Wl,--end-group
Finished building target: STM32L476RGT6.elf
 
arm-none-eabi-size  STM32L476RGT6.elf 
arm-none-eabi-objdump -h -S STM32L476RGT6.elf  > "STM32L476RGT6.list"
   text	   data	    bss	    dec	    hex	filename
  12768	     12	   2084	  14864	   3a10	STM32L476RGT6.elf
Finished building: default.size.stdout
 
Finished building: STM32L476RGT6.list
 
20:47:32 **** Incremental Build of configuration Debug for project STM32L476RGT6 ****
make -j12 all 
arm-none-eabi-size  STM32L476RGT6.elf 
   text	   data	    bss	    dec	    hex	filename
  12768	     12	   2084	  14864	   3a10	STM32L476RGT6.elf
Finished building: default.size.stdout
 
20:47:47 **** Incremental Build of configuration Debug for project STM32L476RGT6 ****
make -j12 all 
arm-none-eabi-size  STM32L476RGT6.elf 
   text	   data	    bss	    dec	    hex	filename
  12768	     12	   2084	  14864	   3a10	STM32L476RGT6.elf
Finished building: default.size.stdout
 
20:48:13 **** Incremental Build of configuration Debug for project STM32L476RGT6 ****
make -j12 all 
arm-none-eabi-size  STM32L476RGT6.elf 
   text	   data	    bss	    dec	    hex	filename
  12768	     12	   2084	  14864	   3a10	STM32L476RGT6.elf
Finished building: default.size.stdout
 
20:49:56 **** Incremental Build of configuration Debug for project STM32L476RGT6 ****
make -j12 all 
arm-none-eabi-size  STM32L476RGT6.elf 
   text	   data	    bss	    dec	    hex	filename
  12768	     12	   2084	  14864	   3a10	STM32L476RGT6.elf
Finished building: default.size.stdout
 
20:50:05 **** Incremental Build of configuration Debug for project STM32L476RGT6 ****
make -j12 all 
arm-none-eabi-size  STM32L476RGT6.elf 
   text	   data	    bss	    dec	    hex	filename
  12768	     12	   2084	  14864	   3a10	STM32L476RGT6.elf
Finished building: default.size.stdout
 
20:50:44 **** Incremental Build of configuration Debug for project STM32L476RGT6 ****
make -j12 all 
arm-none-eabi-gcc "../Core/Src/main.c" -mcpu=cortex-m4 -std=gnu11 -g3 -DDEBUG -DUSE_HAL_DRIVER -DSTM32L476xx -c -I../Core/Inc -I../Drivers/STM32L4xx_HAL_Driver/Inc -I../Drivers/STM32L4xx_HAL_Driver/Inc/Legacy -I../Drivers/CMSIS/Device/ST/STM32L4xx/Include -I../Drivers/CMSIS/Include -O0 -ffunction-sections -fdata-sections -Wall -fstack-usage -fcyclomatic-complexity -MMD -MP -MF"Core/Src/main.d" -MT"Core/Src/main.o" --specs=nano.specs -mfpu=fpv4-sp-d16 -mfloat-abi=hard -mthumb -o "Core/Src/main.o"
../Core/Src/main.c:188:13: warning: 'MX_USART2_UART_Init' defined but not used [-Wunused-function]
  188 | static void MX_USART2_UART_Init(void)
      |             ^~~~~~~~~~~~~~~~~~~
arm-none-eabi-gcc -o "STM32L476RGT6.elf" @"objects.list"   -mcpu=cortex-m4 -T"D:\Projekty\TrinityTrack6000\STM32\STM32L476RGT6\STM32L476RGTX_FLASH.ld" --specs=nosys.specs -Wl,-Map="STM32L476RGT6.map" -Wl,--gc-sections -static --specs=nano.specs -mfpu=fpv4-sp-d16 -mfloat-abi=hard -mthumb -Wl,--start-group -lc -lm -Wl,--end-group
Finished building target: STM32L476RGT6.elf
 
arm-none-eabi-size  STM32L476RGT6.elf 
arm-none-eabi-objdump -h -S STM32L476RGT6.elf  > "STM32L476RGT6.list"
   text	   data	    bss	    dec	    hex	filename
  12764	     12	   2084	  14860	   3a0c	STM32L476RGT6.elf
Finished building: default.size.stdout
 
Finished building: STM32L476RGT6.list
 
16:04:34 **** Clean-only build of configuration Debug for project STM32L476RGT6 ****
make -j12 clean 
rm -rf ./Utils/mem_info.cyclo ./Utils/mem_info.d ./Utils/mem_info.o ./Utils/mem_info.su
rm -rf ./Drivers/STM32L4xx_HAL_Driver/Src/stm32l4xx_hal.cyclo ./Drivers/STM32L4xx_HAL_Driver/Src/stm32l4xx_hal.d ./Drivers/STM32L4xx_HAL_Driver/Src/stm32l4xx_hal.o ./Drivers/STM32L4xx_HAL_Driver/Src/stm32l4xx_hal.su ./Drivers/STM32L4xx_HAL_Driver/Src/stm32l4xx_hal_cortex.cyclo ./Drivers/STM32L4xx_HAL_Driver/Src/stm32l4xx_hal_cortex.d ./Drivers/STM32L4xx_HAL_Driver/Src/stm32l4xx_hal_cortex.o ./Drivers/STM32L4xx_HAL_Driver/Src/stm32l4xx_hal_cortex.su ./Drivers/STM32L4xx_HAL_Driver/Src/stm32l4xx_hal_dma.cyclo ./Drivers/STM32L4xx_HAL_Driver/Src/stm32l4xx_hal_dma.d ./Drivers/STM32L4xx_HAL_Driver/Src/stm32l4xx_hal_dma.o ./Drivers/STM32L4xx_HAL_Driver/Src/stm32l4xx_hal_dma.su ./Drivers/STM32L4xx_HAL_Driver/Src/stm32l4xx_hal_dma_ex.cyclo ./Drivers/STM32L4xx_HAL_Driver/Src/stm32l4xx_hal_dma_ex.d ./Drivers/STM32L4xx_HAL_Driver/Src/stm32l4xx_hal_dma_ex.o ./Drivers/STM32L4xx_HAL_Driver/Src/stm32l4xx_hal_dma_ex.su ./Drivers/STM32L4xx_HAL_Driver/Src/stm32l4xx_hal_exti.cyclo ./Drivers/STM32L4xx_HAL_Driver/Src/stm32l4xx_hal_exti.d ./Drivers/STM32L4xx_HAL_Driver/Src/stm32l4xx_hal_exti.o ./Drivers/STM32L4xx_HAL_Driver/Src/stm32l4xx_hal_exti.su ./Drivers/STM32L4xx_HAL_Driver/Src/stm32l4xx_hal_flash.cyclo ./Drivers/STM32L4xx_HAL_Driver/Src/stm32l4xx_hal_flash.d ./Drivers/STM32L4xx_HAL_Driver/Src/stm32l4xx_hal_flash.o ./Drivers/STM32L4xx_HAL_Driver/Src/stm32l4xx_hal_flash.su ./Drivers/STM32L4xx_HAL_Driver/Src/stm32l4xx_hal_flash_ex.cyclo ./Drivers/STM32L4xx_HAL_Driver/Src/stm32l4xx_hal_flash_ex.d ./Drivers/STM32L4xx_HAL_Driver/Src/stm32l4xx_hal_flash_ex.o ./Drivers/STM32L4xx_HAL_Driver/Src/stm32l4xx_hal_flash_ex.su ./Drivers/STM32L4xx_HAL_Driver/Src/stm32l4xx_hal_flash_ramfunc.cyclo ./Drivers/STM32L4xx_HAL_Driver/Src/stm32l4xx_hal_flash_ramfunc.d ./Drivers/STM32L4xx_HAL_Driver/Src/stm32l4xx_hal_flash_ramfunc.o ./Drivers/STM32L4xx_HAL_Driver/Src/stm32l4xx_hal_flash_ramfunc.su ./Drivers/STM32L4xx_HAL_Driver/Src/stm32l4xx_hal_gpio.cyclo ./Drivers/STM32L4xx_HAL_Driver/Src/stm32l4xx_hal_gpio.d ./Drivers/STM32L4xx_HAL_Driver/Src/stm32l4xx_hal_gpio.o ./Drivers/STM32L4xx_HAL_Driver/Src/stm32l4xx_hal_gpio.su ./Drivers/STM32L4xx_HAL_Driver/Src/stm32l4xx_hal_i2c.cyclo ./Drivers/STM32L4xx_HAL_Driver/Src/stm32l4xx_hal_i2c.d ./Drivers/STM32L4xx_HAL_Driver/Src/stm32l4xx_hal_i2c.o ./Drivers/STM32L4xx_HAL_Driver/Src/stm32l4xx_hal_i2c.su ./Drivers/STM32L4xx_HAL_Driver/Src/stm32l4xx_hal_i2c_ex.cyclo ./Drivers/STM32L4xx_HAL_Driver/Src/stm32l4xx_hal_i2c_ex.d ./Drivers/STM32L4xx_HAL_Driver/Src/stm32l4xx_hal_i2c_ex.o ./Drivers/STM32L4xx_HAL_Driver/Src/stm32l4xx_hal_i2c_ex.su ./Drivers/STM32L4xx_HAL_Driver/Src/stm32l4xx_hal_pwr.cyclo ./Drivers/STM32L4xx_HAL_Driver/Src/stm32l4xx_hal_pwr.d ./Drivers/STM32L4xx_HAL_Driver/Src/stm32l4xx_hal_pwr.o ./Drivers/STM32L4xx_HAL_Driver/Src/stm32l4xx_hal_pwr.su ./Drivers/STM32L4xx_HAL_Driver/Src/stm32l4xx_hal_pwr_ex.cyclo ./Drivers/STM32L4xx_HAL_Driver/Src/stm32l4xx_hal_pwr_ex.d ./Drivers/STM32L4xx_HAL_Driver/Src/stm32l4xx_hal_pwr_ex.o ./Drivers/STM32L4xx_HAL_Driver/Src/stm32l4xx_hal_pwr_ex.su ./Drivers/STM32L4xx_HAL_Driver/Src/stm32l4xx_hal_rcc.cyclo ./Drivers/STM32L4xx_HAL_Driver/Src/stm32l4xx_hal_rcc.d ./Drivers/STM32L4xx_HAL_Driver/Src/stm32l4xx_hal_rcc.o ./Drivers/STM32L4xx_HAL_Driver/Src/stm32l4xx_hal_rcc.su ./Drivers/STM32L4xx_HAL_Driver/Src/stm32l4xx_hal_rcc_ex.cyclo ./Drivers/STM32L4xx_HAL_Driver/Src/stm32l4xx_hal_rcc_ex.d ./Drivers/STM32L4xx_HAL_Driver/Src/stm32l4xx_hal_rcc_ex.o ./Drivers/STM32L4xx_HAL_Driver/Src/stm32l4xx_hal_rcc_ex.su ./Drivers/STM32L4xx_HAL_Driver/Src/stm32l4xx_hal_uart.cyclo ./Drivers/STM32L4xx_HAL_Driver/Src/stm32l4xx_hal_uart.d ./Drivers/STM32L4xx_HAL_Driver/Src/stm32l4xx_hal_uart.o ./Drivers/STM32L4xx_HAL_Driver/Src/stm32l4xx_hal_uart.su ./Drivers/STM32L4xx_HAL_Driver/Src/stm32l4xx_hal_uart_ex.cyclo ./Drivers/STM32L4xx_HAL_Driver/Src/stm32l4xx_hal_uart_ex.d ./Drivers/STM32L4xx_HAL_Driver/Src/stm32l4xx_hal_uart_ex.o ./Drivers/STM32L4xx_HAL_Driver/Src/stm32l4xx_hal_uart_ex.su
rm -rf ./Core/Startup/startup_stm32l476rgtx.d ./Core/Startup/startup_stm32l476rgtx.o
rm -rf ./Core/Src/main.cyclo ./Core/Src/main.d ./Core/Src/main.o ./Core/Src/main.su ./Core/Src/stm32l4xx_hal_msp.cyclo ./Core/Src/stm32l4xx_hal_msp.d ./Core/Src/stm32l4xx_hal_msp.o ./Core/Src/stm32l4xx_hal_msp.su ./Core/Src/stm32l4xx_it.cyclo ./Core/Src/stm32l4xx_it.d ./Core/Src/stm32l4xx_it.o ./Core/Src/stm32l4xx_it.su ./Core/Src/syscalls.cyclo ./Core/Src/syscalls.d ./Core/Src/syscalls.o ./Core/Src/syscalls.su ./Core/Src/sysmem.cyclo ./Core/Src/sysmem.d ./Core/Src/sysmem.o ./Core/Src/sysmem.su ./Core/Src/system_stm32l4xx.cyclo ./Core/Src/system_stm32l4xx.d ./Core/Src/system_stm32l4xx.o ./Core/Src/system_stm32l4xx.su
rm -rf STM32L476RGT6.elf STM32L476RGT6.list STM32L476RGT6.map default.size.stdout
 
16:04:35 **** Incremental Build of configuration Debug for project STM32L476RGT6 ****
make -j12 all 
arm-none-eabi-gcc "../Utils/mem_info.c" -mcpu=cortex-m4 -std=gnu11 -g3 -DDEBUG -DUSE_HAL_DRIVER -DSTM32L476xx -c -I../Core/Inc -I../Drivers/STM32L4xx_HAL_Driver/Inc -I../Drivers/STM32L4xx_HAL_Driver/Inc/Legacy -I../Drivers/CMSIS/Device/ST/STM32L4xx/Include -I../Drivers/CMSIS/Include -O0 -ffunction-sections -fdata-sections -Wall -fstack-usage -fcyclomatic-complexity -MMD -MP -MF"Utils/mem_info.d" -MT"Utils/mem_info.o" --specs=nano.specs -mfpu=fpv4-sp-d16 -mfloat-abi=hard -mthumb -o "Utils/mem_info.o"
arm-none-eabi-gcc "../Drivers/STM32L4xx_HAL_Driver/Src/stm32l4xx_hal.c" -mcpu=cortex-m4 -std=gnu11 -g3 -DDEBUG -DUSE_HAL_DRIVER -DSTM32L476xx -c -I../Core/Inc -I../Drivers/STM32L4xx_HAL_Driver/Inc -I../Drivers/STM32L4xx_HAL_Driver/Inc/Legacy -I../Drivers/CMSIS/Device/ST/STM32L4xx/Include -I../Drivers/CMSIS/Include -O0 -ffunction-sections -fdata-sections -Wall -fstack-usage -fcyclomatic-complexity -MMD -MP -MF"Drivers/STM32L4xx_HAL_Driver/Src/stm32l4xx_hal.d" -MT"Drivers/STM32L4xx_HAL_Driver/Src/stm32l4xx_hal.o" --specs=nano.specs -mfpu=fpv4-sp-d16 -mfloat-abi=hard -mthumb -o "Drivers/STM32L4xx_HAL_Driver/Src/stm32l4xx_hal.o"
arm-none-eabi-gcc "../Drivers/STM32L4xx_HAL_Driver/Src/stm32l4xx_hal_cortex.c" -mcpu=cortex-m4 -std=gnu11 -g3 -DDEBUG -DUSE_HAL_DRIVER -DSTM32L476xx -c -I../Core/Inc -I../Drivers/STM32L4xx_HAL_Driver/Inc -I../Drivers/STM32L4xx_HAL_Driver/Inc/Legacy -I../Drivers/CMSIS/Device/ST/STM32L4xx/Include -I../Drivers/CMSIS/Include -O0 -ffunction-sections -fdata-sections -Wall -fstack-usage -fcyclomatic-complexity -MMD -MP -MF"Drivers/STM32L4xx_HAL_Driver/Src/stm32l4xx_hal_cortex.d" -MT"Drivers/STM32L4xx_HAL_Driver/Src/stm32l4xx_hal_cortex.o" --specs=nano.specs -mfpu=fpv4-sp-d16 -mfloat-abi=hard -mthumb -o "Drivers/STM32L4xx_HAL_Driver/Src/stm32l4xx_hal_cortex.o"
arm-none-eabi-gcc "../Drivers/STM32L4xx_HAL_Driver/Src/stm32l4xx_hal_dma.c" -mcpu=cortex-m4 -std=gnu11 -g3 -DDEBUG -DUSE_HAL_DRIVER -DSTM32L476xx -c -I../Core/Inc -I../Drivers/STM32L4xx_HAL_Driver/Inc -I../Drivers/STM32L4xx_HAL_Driver/Inc/Legacy -I../Drivers/CMSIS/Device/ST/STM32L4xx/Include -I../Drivers/CMSIS/Include -O0 -ffunction-sections -fdata-sections -Wall -fstack-usage -fcyclomatic-complexity -MMD -MP -MF"Drivers/STM32L4xx_HAL_Driver/Src/stm32l4xx_hal_dma.d" -MT"Drivers/STM32L4xx_HAL_Driver/Src/stm32l4xx_hal_dma.o" --specs=nano.specs -mfpu=fpv4-sp-d16 -mfloat-abi=hard -mthumb -o "Drivers/STM32L4xx_HAL_Driver/Src/stm32l4xx_hal_dma.o"
arm-none-eabi-gcc "../Drivers/STM32L4xx_HAL_Driver/Src/stm32l4xx_hal_dma_ex.c" -mcpu=cortex-m4 -std=gnu11 -g3 -DDEBUG -DUSE_HAL_DRIVER -DSTM32L476xx -c -I../Core/Inc -I../Drivers/STM32L4xx_HAL_Driver/Inc -I../Drivers/STM32L4xx_HAL_Driver/Inc/Legacy -I../Drivers/CMSIS/Device/ST/STM32L4xx/Include -I../Drivers/CMSIS/Include -O0 -ffunction-sections -fdata-sections -Wall -fstack-usage -fcyclomatic-complexity -MMD -MP -MF"Drivers/STM32L4xx_HAL_Driver/Src/stm32l4xx_hal_dma_ex.d" -MT"Drivers/STM32L4xx_HAL_Driver/Src/stm32l4xx_hal_dma_ex.o" --specs=nano.specs -mfpu=fpv4-sp-d16 -mfloat-abi=hard -mthumb -o "Drivers/STM32L4xx_HAL_Driver/Src/stm32l4xx_hal_dma_ex.o"
arm-none-eabi-gcc "../Drivers/STM32L4xx_HAL_Driver/Src/stm32l4xx_hal_exti.c" -mcpu=cortex-m4 -std=gnu11 -g3 -DDEBUG -DUSE_HAL_DRIVER -DSTM32L476xx -c -I../Core/Inc -I../Drivers/STM32L4xx_HAL_Driver/Inc -I../Drivers/STM32L4xx_HAL_Driver/Inc/Legacy -I../Drivers/CMSIS/Device/ST/STM32L4xx/Include -I../Drivers/CMSIS/Include -O0 -ffunction-sections -fdata-sections -Wall -fstack-usage -fcyclomatic-complexity -MMD -MP -MF"Drivers/STM32L4xx_HAL_Driver/Src/stm32l4xx_hal_exti.d" -MT"Drivers/STM32L4xx_HAL_Driver/Src/stm32l4xx_hal_exti.o" --specs=nano.specs -mfpu=fpv4-sp-d16 -mfloat-abi=hard -mthumb -o "Drivers/STM32L4xx_HAL_Driver/Src/stm32l4xx_hal_exti.o"
arm-none-eabi-gcc "../Drivers/STM32L4xx_HAL_Driver/Src/stm32l4xx_hal_flash.c" -mcpu=cortex-m4 -std=gnu11 -g3 -DDEBUG -DUSE_HAL_DRIVER -DSTM32L476xx -c -I../Core/Inc -I../Drivers/STM32L4xx_HAL_Driver/Inc -I../Drivers/STM32L4xx_HAL_Driver/Inc/Legacy -I../Drivers/CMSIS/Device/ST/STM32L4xx/Include -I../Drivers/CMSIS/Include -O0 -ffunction-sections -fdata-sections -Wall -fstack-usage -fcyclomatic-complexity -MMD -MP -MF"Drivers/STM32L4xx_HAL_Driver/Src/stm32l4xx_hal_flash.d" -MT"Drivers/STM32L4xx_HAL_Driver/Src/stm32l4xx_hal_flash.o" --specs=nano.specs -mfpu=fpv4-sp-d16 -mfloat-abi=hard -mthumb -o "Drivers/STM32L4xx_HAL_Driver/Src/stm32l4xx_hal_flash.o"
arm-none-eabi-gcc "../Drivers/STM32L4xx_HAL_Driver/Src/stm32l4xx_hal_flash_ex.c" -mcpu=cortex-m4 -std=gnu11 -g3 -DDEBUG -DUSE_HAL_DRIVER -DSTM32L476xx -c -I../Core/Inc -I../Drivers/STM32L4xx_HAL_Driver/Inc -I../Drivers/STM32L4xx_HAL_Driver/Inc/Legacy -I../Drivers/CMSIS/Device/ST/STM32L4xx/Include -I../Drivers/CMSIS/Include -O0 -ffunction-sections -fdata-sections -Wall -fstack-usage -fcyclomatic-complexity -MMD -MP -MF"Drivers/STM32L4xx_HAL_Driver/Src/stm32l4xx_hal_flash_ex.d" -MT"Drivers/STM32L4xx_HAL_Driver/Src/stm32l4xx_hal_flash_ex.o" --specs=nano.specs -mfpu=fpv4-sp-d16 -mfloat-abi=hard -mthumb -o "Drivers/STM32L4xx_HAL_Driver/Src/stm32l4xx_hal_flash_ex.o"
arm-none-eabi-gcc "../Drivers/STM32L4xx_HAL_Driver/Src/stm32l4xx_hal_flash_ramfunc.c" -mcpu=cortex-m4 -std=gnu11 -g3 -DDEBUG -DUSE_HAL_DRIVER -DSTM32L476xx -c -I../Core/Inc -I../Drivers/STM32L4xx_HAL_Driver/Inc -I../Drivers/STM32L4xx_HAL_Driver/Inc/Legacy -I../Drivers/CMSIS/Device/ST/STM32L4xx/Include -I../Drivers/CMSIS/Include -O0 -ffunction-sections -fdata-sections -Wall -fstack-usage -fcyclomatic-complexity -MMD -MP -MF"Drivers/STM32L4xx_HAL_Driver/Src/stm32l4xx_hal_flash_ramfunc.d" -MT"Drivers/STM32L4xx_HAL_Driver/Src/stm32l4xx_hal_flash_ramfunc.o" --specs=nano.specs -mfpu=fpv4-sp-d16 -mfloat-abi=hard -mthumb -o "Drivers/STM32L4xx_HAL_Driver/Src/stm32l4xx_hal_flash_ramfunc.o"
arm-none-eabi-gcc "../Drivers/STM32L4xx_HAL_Driver/Src/stm32l4xx_hal_gpio.c" -mcpu=cortex-m4 -std=gnu11 -g3 -DDEBUG -DUSE_HAL_DRIVER -DSTM32L476xx -c -I../Core/Inc -I../Drivers/STM32L4xx_HAL_Driver/Inc -I../Drivers/STM32L4xx_HAL_Driver/Inc/Legacy -I../Drivers/CMSIS/Device/ST/STM32L4xx/Include -I../Drivers/CMSIS/Include -O0 -ffunction-sections -fdata-sections -Wall -fstack-usage -fcyclomatic-complexity -MMD -MP -MF"Drivers/STM32L4xx_HAL_Driver/Src/stm32l4xx_hal_gpio.d" -MT"Drivers/STM32L4xx_HAL_Driver/Src/stm32l4xx_hal_gpio.o" --specs=nano.specs -mfpu=fpv4-sp-d16 -mfloat-abi=hard -mthumb -o "Drivers/STM32L4xx_HAL_Driver/Src/stm32l4xx_hal_gpio.o"
arm-none-eabi-gcc "../Drivers/STM32L4xx_HAL_Driver/Src/stm32l4xx_hal_i2c.c" -mcpu=cortex-m4 -std=gnu11 -g3 -DDEBUG -DUSE_HAL_DRIVER -DSTM32L476xx -c -I../Core/Inc -I../Drivers/STM32L4xx_HAL_Driver/Inc -I../Drivers/STM32L4xx_HAL_Driver/Inc/Legacy -I../Drivers/CMSIS/Device/ST/STM32L4xx/Include -I../Drivers/CMSIS/Include -O0 -ffunction-sections -fdata-sections -Wall -fstack-usage -fcyclomatic-complexity -MMD -MP -MF"Drivers/STM32L4xx_HAL_Driver/Src/stm32l4xx_hal_i2c.d" -MT"Drivers/STM32L4xx_HAL_Driver/Src/stm32l4xx_hal_i2c.o" --specs=nano.specs -mfpu=fpv4-sp-d16 -mfloat-abi=hard -mthumb -o "Drivers/STM32L4xx_HAL_Driver/Src/stm32l4xx_hal_i2c.o"
arm-none-eabi-gcc "../Drivers/STM32L4xx_HAL_Driver/Src/stm32l4xx_hal_i2c_ex.c" -mcpu=cortex-m4 -std=gnu11 -g3 -DDEBUG -DUSE_HAL_DRIVER -DSTM32L476xx -c -I../Core/Inc -I../Drivers/STM32L4xx_HAL_Driver/Inc -I../Drivers/STM32L4xx_HAL_Driver/Inc/Legacy -I../Drivers/CMSIS/Device/ST/STM32L4xx/Include -I../Drivers/CMSIS/Include -O0 -ffunction-sections -fdata-sections -Wall -fstack-usage -fcyclomatic-complexity -MMD -MP -MF"Drivers/STM32L4xx_HAL_Driver/Src/stm32l4xx_hal_i2c_ex.d" -MT"Drivers/STM32L4xx_HAL_Driver/Src/stm32l4xx_hal_i2c_ex.o" --specs=nano.specs -mfpu=fpv4-sp-d16 -mfloat-abi=hard -mthumb -o "Drivers/STM32L4xx_HAL_Driver/Src/stm32l4xx_hal_i2c_ex.o"
arm-none-eabi-gcc "../Drivers/STM32L4xx_HAL_Driver/Src/stm32l4xx_hal_pwr.c" -mcpu=cortex-m4 -std=gnu11 -g3 -DDEBUG -DUSE_HAL_DRIVER -DSTM32L476xx -c -I../Core/Inc -I../Drivers/STM32L4xx_HAL_Driver/Inc -I../Drivers/STM32L4xx_HAL_Driver/Inc/Legacy -I../Drivers/CMSIS/Device/ST/STM32L4xx/Include -I../Drivers/CMSIS/Include -O0 -ffunction-sections -fdata-sections -Wall -fstack-usage -fcyclomatic-complexity -MMD -MP -MF"Drivers/STM32L4xx_HAL_Driver/Src/stm32l4xx_hal_pwr.d" -MT"Drivers/STM32L4xx_HAL_Driver/Src/stm32l4xx_hal_pwr.o" --specs=nano.specs -mfpu=fpv4-sp-d16 -mfloat-abi=hard -mthumb -o "Drivers/STM32L4xx_HAL_Driver/Src/stm32l4xx_hal_pwr.o"
arm-none-eabi-gcc "../Drivers/STM32L4xx_HAL_Driver/Src/stm32l4xx_hal_pwr_ex.c" -mcpu=cortex-m4 -std=gnu11 -g3 -DDEBUG -DUSE_HAL_DRIVER -DSTM32L476xx -c -I../Core/Inc -I../Drivers/STM32L4xx_HAL_Driver/Inc -I../Drivers/STM32L4xx_HAL_Driver/Inc/Legacy -I../Drivers/CMSIS/Device/ST/STM32L4xx/Include -I../Drivers/CMSIS/Include -O0 -ffunction-sections -fdata-sections -Wall -fstack-usage -fcyclomatic-complexity -MMD -MP -MF"Drivers/STM32L4xx_HAL_Driver/Src/stm32l4xx_hal_pwr_ex.d" -MT"Drivers/STM32L4xx_HAL_Driver/Src/stm32l4xx_hal_pwr_ex.o" --specs=nano.specs -mfpu=fpv4-sp-d16 -mfloat-abi=hard -mthumb -o "Drivers/STM32L4xx_HAL_Driver/Src/stm32l4xx_hal_pwr_ex.o"
arm-none-eabi-gcc "../Drivers/STM32L4xx_HAL_Driver/Src/stm32l4xx_hal_rcc.c" -mcpu=cortex-m4 -std=gnu11 -g3 -DDEBUG -DUSE_HAL_DRIVER -DSTM32L476xx -c -I../Core/Inc -I../Drivers/STM32L4xx_HAL_Driver/Inc -I../Drivers/STM32L4xx_HAL_Driver/Inc/Legacy -I../Drivers/CMSIS/Device/ST/STM32L4xx/Include -I../Drivers/CMSIS/Include -O0 -ffunction-sections -fdata-sections -Wall -fstack-usage -fcyclomatic-complexity -MMD -MP -MF"Drivers/STM32L4xx_HAL_Driver/Src/stm32l4xx_hal_rcc.d" -MT"Drivers/STM32L4xx_HAL_Driver/Src/stm32l4xx_hal_rcc.o" --specs=nano.specs -mfpu=fpv4-sp-d16 -mfloat-abi=hard -mthumb -o "Drivers/STM32L4xx_HAL_Driver/Src/stm32l4xx_hal_rcc.o"
arm-none-eabi-gcc "../Drivers/STM32L4xx_HAL_Driver/Src/stm32l4xx_hal_rcc_ex.c" -mcpu=cortex-m4 -std=gnu11 -g3 -DDEBUG -DUSE_HAL_DRIVER -DSTM32L476xx -c -I../Core/Inc -I../Drivers/STM32L4xx_HAL_Driver/Inc -I../Drivers/STM32L4xx_HAL_Driver/Inc/Legacy -I../Drivers/CMSIS/Device/ST/STM32L4xx/Include -I../Drivers/CMSIS/Include -O0 -ffunction-sections -fdata-sections -Wall -fstack-usage -fcyclomatic-complexity -MMD -MP -MF"Drivers/STM32L4xx_HAL_Driver/Src/stm32l4xx_hal_rcc_ex.d" -MT"Drivers/STM32L4xx_HAL_Driver/Src/stm32l4xx_hal_rcc_ex.o" --specs=nano.specs -mfpu=fpv4-sp-d16 -mfloat-abi=hard -mthumb -o "Drivers/STM32L4xx_HAL_Driver/Src/stm32l4xx_hal_rcc_ex.o"
arm-none-eabi-gcc "../Drivers/STM32L4xx_HAL_Driver/Src/stm32l4xx_hal_uart.c" -mcpu=cortex-m4 -std=gnu11 -g3 -DDEBUG -DUSE_HAL_DRIVER -DSTM32L476xx -c -I../Core/Inc -I../Drivers/STM32L4xx_HAL_Driver/Inc -I../Drivers/STM32L4xx_HAL_Driver/Inc/Legacy -I../Drivers/CMSIS/Device/ST/STM32L4xx/Include -I../Drivers/CMSIS/Include -O0 -ffunction-sections -fdata-sections -Wall -fstack-usage -fcyclomatic-complexity -MMD -MP -MF"Drivers/STM32L4xx_HAL_Driver/Src/stm32l4xx_hal_uart.d" -MT"Drivers/STM32L4xx_HAL_Driver/Src/stm32l4xx_hal_uart.o" --specs=nano.specs -mfpu=fpv4-sp-d16 -mfloat-abi=hard -mthumb -o "Drivers/STM32L4xx_HAL_Driver/Src/stm32l4xx_hal_uart.o"
arm-none-eabi-gcc "../Drivers/STM32L4xx_HAL_Driver/Src/stm32l4xx_hal_uart_ex.c" -mcpu=cortex-m4 -std=gnu11 -g3 -DDEBUG -DUSE_HAL_DRIVER -DSTM32L476xx -c -I../Core/Inc -I../Drivers/STM32L4xx_HAL_Driver/Inc -I../Drivers/STM32L4xx_HAL_Driver/Inc/Legacy -I../Drivers/CMSIS/Device/ST/STM32L4xx/Include -I../Drivers/CMSIS/Include -O0 -ffunction-sections -fdata-sections -Wall -fstack-usage -fcyclomatic-complexity -MMD -MP -MF"Drivers/STM32L4xx_HAL_Driver/Src/stm32l4xx_hal_uart_ex.d" -MT"Drivers/STM32L4xx_HAL_Driver/Src/stm32l4xx_hal_uart_ex.o" --specs=nano.specs -mfpu=fpv4-sp-d16 -mfloat-abi=hard -mthumb -o "Drivers/STM32L4xx_HAL_Driver/Src/stm32l4xx_hal_uart_ex.o"
arm-none-eabi-gcc -mcpu=cortex-m4 -g3 -DDEBUG -c -x assembler-with-cpp -MMD -MP -MF"Core/Startup/startup_stm32l476rgtx.d" -MT"Core/Startup/startup_stm32l476rgtx.o" --specs=nano.specs -mfpu=fpv4-sp-d16 -mfloat-abi=hard -mthumb -o "Core/Startup/startup_stm32l476rgtx.o" "../Core/Startup/startup_stm32l476rgtx.s"
arm-none-eabi-gcc "../Core/Src/main.c" -mcpu=cortex-m4 -std=gnu11 -g3 -DDEBUG -DUSE_HAL_DRIVER -DSTM32L476xx -c -I../Core/Inc -I../Drivers/STM32L4xx_HAL_Driver/Inc -I../Drivers/STM32L4xx_HAL_Driver/Inc/Legacy -I../Drivers/CMSIS/Device/ST/STM32L4xx/Include -I../Drivers/CMSIS/Include -O0 -ffunction-sections -fdata-sections -Wall -fstack-usage -fcyclomatic-complexity -MMD -MP -MF"Core/Src/main.d" -MT"Core/Src/main.o" --specs=nano.specs -mfpu=fpv4-sp-d16 -mfloat-abi=hard -mthumb -o "Core/Src/main.o"
arm-none-eabi-gcc "../Core/Src/stm32l4xx_hal_msp.c" -mcpu=cortex-m4 -std=gnu11 -g3 -DDEBUG -DUSE_HAL_DRIVER -DSTM32L476xx -c -I../Core/Inc -I../Drivers/STM32L4xx_HAL_Driver/Inc -I../Drivers/STM32L4xx_HAL_Driver/Inc/Legacy -I../Drivers/CMSIS/Device/ST/STM32L4xx/Include -I../Drivers/CMSIS/Include -O0 -ffunction-sections -fdata-sections -Wall -fstack-usage -fcyclomatic-complexity -MMD -MP -MF"Core/Src/stm32l4xx_hal_msp.d" -MT"Core/Src/stm32l4xx_hal_msp.o" --specs=nano.specs -mfpu=fpv4-sp-d16 -mfloat-abi=hard -mthumb -o "Core/Src/stm32l4xx_hal_msp.o"
arm-none-eabi-gcc "../Core/Src/stm32l4xx_it.c" -mcpu=cortex-m4 -std=gnu11 -g3 -DDEBUG -DUSE_HAL_DRIVER -DSTM32L476xx -c -I../Core/Inc -I../Drivers/STM32L4xx_HAL_Driver/Inc -I../Drivers/STM32L4xx_HAL_Driver/Inc/Legacy -I../Drivers/CMSIS/Device/ST/STM32L4xx/Include -I../Drivers/CMSIS/Include -O0 -ffunction-sections -fdata-sections -Wall -fstack-usage -fcyclomatic-complexity -MMD -MP -MF"Core/Src/stm32l4xx_it.d" -MT"Core/Src/stm32l4xx_it.o" --specs=nano.specs -mfpu=fpv4-sp-d16 -mfloat-abi=hard -mthumb -o "Core/Src/stm32l4xx_it.o"
arm-none-eabi-gcc "../Core/Src/syscalls.c" -mcpu=cortex-m4 -std=gnu11 -g3 -DDEBUG -DUSE_HAL_DRIVER -DSTM32L476xx -c -I../Core/Inc -I../Drivers/STM32L4xx_HAL_Driver/Inc -I../Drivers/STM32L4xx_HAL_Driver/Inc/Legacy -I../Drivers/CMSIS/Device/ST/STM32L4xx/Include -I../Drivers/CMSIS/Include -O0 -ffunction-sections -fdata-sections -Wall -fstack-usage -fcyclomatic-complexity -MMD -MP -MF"Core/Src/syscalls.d" -MT"Core/Src/syscalls.o" --specs=nano.specs -mfpu=fpv4-sp-d16 -mfloat-abi=hard -mthumb -o "Core/Src/syscalls.o"
arm-none-eabi-gcc "../Core/Src/sysmem.c" -mcpu=cortex-m4 -std=gnu11 -g3 -DDEBUG -DUSE_HAL_DRIVER -DSTM32L476xx -c -I../Core/Inc -I../Drivers/STM32L4xx_HAL_Driver/Inc -I../Drivers/STM32L4xx_HAL_Driver/Inc/Legacy -I../Drivers/CMSIS/Device/ST/STM32L4xx/Include -I../Drivers/CMSIS/Include -O0 -ffunction-sections -fdata-sections -Wall -fstack-usage -fcyclomatic-complexity -MMD -MP -MF"Core/Src/sysmem.d" -MT"Core/Src/sysmem.o" --specs=nano.specs -mfpu=fpv4-sp-d16 -mfloat-abi=hard -mthumb -o "Core/Src/sysmem.o"
arm-none-eabi-gcc "../Core/Src/system_stm32l4xx.c" -mcpu=cortex-m4 -std=gnu11 -g3 -DDEBUG -DUSE_HAL_DRIVER -DSTM32L476xx -c -I../Core/Inc -I../Drivers/STM32L4xx_HAL_Driver/Inc -I../Drivers/STM32L4xx_HAL_Driver/Inc/Legacy -I../Drivers/CMSIS/Device/ST/STM32L4xx/Include -I../Drivers/CMSIS/Include -O0 -ffunction-sections -fdata-sections -Wall -fstack-usage -fcyclomatic-complexity -MMD -MP -MF"Core/Src/system_stm32l4xx.d" -MT"Core/Src/system_stm32l4xx.o" --specs=nano.specs -mfpu=fpv4-sp-d16 -mfloat-abi=hard -mthumb -o "Core/Src/system_stm32l4xx.o"
../Core/Src/main.c:190:13: warning: 'MX_USART2_UART_Init' defined but not used [-Wunused-function]
  190 | static void MX_USART2_UART_Init(void)
      |             ^~~~~~~~~~~~~~~~~~~
arm-none-eabi-gcc -o "STM32L476RGT6.elf" @"objects.list"   -mcpu=cortex-m4 -T"D:\Projekty\TrinityTrack6000\STM32\STM32L476RGT6\STM32L476RGTX_FLASH.ld" --specs=nosys.specs -Wl,-Map="STM32L476RGT6.map" -Wl,--gc-sections -static --specs=nano.specs -mfpu=fpv4-sp-d16 -mfloat-abi=hard -mthumb -Wl,--start-group -lc -lm -Wl,--end-group
Finished building target: STM32L476RGT6.elf
 
arm-none-eabi-size  STM32L476RGT6.elf 
arm-none-eabi-objdump -h -S STM32L476RGT6.elf  > "STM32L476RGT6.list"
   text	   data	    bss	    dec	    hex	filename
  12744	     12	   2084	  14840	   39f8	STM32L476RGT6.elf
Finished building: default.size.stdout
 
Finished building: STM32L476RGT6.list
 
16:05:35 **** Clean-only build of configuration Debug for project STM32L476RGT6 ****
make -j12 clean 
rm -rf ./Utils/mem_info.cyclo ./Utils/mem_info.d ./Utils/mem_info.o ./Utils/mem_info.su
rm -rf ./Drivers/STM32L4xx_HAL_Driver/Src/stm32l4xx_hal.cyclo ./Drivers/STM32L4xx_HAL_Driver/Src/stm32l4xx_hal.d ./Drivers/STM32L4xx_HAL_Driver/Src/stm32l4xx_hal.o ./Drivers/STM32L4xx_HAL_Driver/Src/stm32l4xx_hal.su ./Drivers/STM32L4xx_HAL_Driver/Src/stm32l4xx_hal_cortex.cyclo ./Drivers/STM32L4xx_HAL_Driver/Src/stm32l4xx_hal_cortex.d ./Drivers/STM32L4xx_HAL_Driver/Src/stm32l4xx_hal_cortex.o ./Drivers/STM32L4xx_HAL_Driver/Src/stm32l4xx_hal_cortex.su ./Drivers/STM32L4xx_HAL_Driver/Src/stm32l4xx_hal_dma.cyclo ./Drivers/STM32L4xx_HAL_Driver/Src/stm32l4xx_hal_dma.d ./Drivers/STM32L4xx_HAL_Driver/Src/stm32l4xx_hal_dma.o ./Drivers/STM32L4xx_HAL_Driver/Src/stm32l4xx_hal_dma.su ./Drivers/STM32L4xx_HAL_Driver/Src/stm32l4xx_hal_dma_ex.cyclo ./Drivers/STM32L4xx_HAL_Driver/Src/stm32l4xx_hal_dma_ex.d ./Drivers/STM32L4xx_HAL_Driver/Src/stm32l4xx_hal_dma_ex.o ./Drivers/STM32L4xx_HAL_Driver/Src/stm32l4xx_hal_dma_ex.su ./Drivers/STM32L4xx_HAL_Driver/Src/stm32l4xx_hal_exti.cyclo ./Drivers/STM32L4xx_HAL_Driver/Src/stm32l4xx_hal_exti.d ./Drivers/STM32L4xx_HAL_Driver/Src/stm32l4xx_hal_exti.o ./Drivers/STM32L4xx_HAL_Driver/Src/stm32l4xx_hal_exti.su ./Drivers/STM32L4xx_HAL_Driver/Src/stm32l4xx_hal_flash.cyclo ./Drivers/STM32L4xx_HAL_Driver/Src/stm32l4xx_hal_flash.d ./Drivers/STM32L4xx_HAL_Driver/Src/stm32l4xx_hal_flash.o ./Drivers/STM32L4xx_HAL_Driver/Src/stm32l4xx_hal_flash.su ./Drivers/STM32L4xx_HAL_Driver/Src/stm32l4xx_hal_flash_ex.cyclo ./Drivers/STM32L4xx_HAL_Driver/Src/stm32l4xx_hal_flash_ex.d ./Drivers/STM32L4xx_HAL_Driver/Src/stm32l4xx_hal_flash_ex.o ./Drivers/STM32L4xx_HAL_Driver/Src/stm32l4xx_hal_flash_ex.su ./Drivers/STM32L4xx_HAL_Driver/Src/stm32l4xx_hal_flash_ramfunc.cyclo ./Drivers/STM32L4xx_HAL_Driver/Src/stm32l4xx_hal_flash_ramfunc.d ./Drivers/STM32L4xx_HAL_Driver/Src/stm32l4xx_hal_flash_ramfunc.o ./Drivers/STM32L4xx_HAL_Driver/Src/stm32l4xx_hal_flash_ramfunc.su ./Drivers/STM32L4xx_HAL_Driver/Src/stm32l4xx_hal_gpio.cyclo ./Drivers/STM32L4xx_HAL_Driver/Src/stm32l4xx_hal_gpio.d ./Drivers/STM32L4xx_HAL_Driver/Src/stm32l4xx_hal_gpio.o ./Drivers/STM32L4xx_HAL_Driver/Src/stm32l4xx_hal_gpio.su ./Drivers/STM32L4xx_HAL_Driver/Src/stm32l4xx_hal_i2c.cyclo ./Drivers/STM32L4xx_HAL_Driver/Src/stm32l4xx_hal_i2c.d ./Drivers/STM32L4xx_HAL_Driver/Src/stm32l4xx_hal_i2c.o ./Drivers/STM32L4xx_HAL_Driver/Src/stm32l4xx_hal_i2c.su ./Drivers/STM32L4xx_HAL_Driver/Src/stm32l4xx_hal_i2c_ex.cyclo ./Drivers/STM32L4xx_HAL_Driver/Src/stm32l4xx_hal_i2c_ex.d ./Drivers/STM32L4xx_HAL_Driver/Src/stm32l4xx_hal_i2c_ex.o ./Drivers/STM32L4xx_HAL_Driver/Src/stm32l4xx_hal_i2c_ex.su ./Drivers/STM32L4xx_HAL_Driver/Src/stm32l4xx_hal_pwr.cyclo ./Drivers/STM32L4xx_HAL_Driver/Src/stm32l4xx_hal_pwr.d ./Drivers/STM32L4xx_HAL_Driver/Src/stm32l4xx_hal_pwr.o ./Drivers/STM32L4xx_HAL_Driver/Src/stm32l4xx_hal_pwr.su ./Drivers/STM32L4xx_HAL_Driver/Src/stm32l4xx_hal_pwr_ex.cyclo ./Drivers/STM32L4xx_HAL_Driver/Src/stm32l4xx_hal_pwr_ex.d ./Drivers/STM32L4xx_HAL_Driver/Src/stm32l4xx_hal_pwr_ex.o ./Drivers/STM32L4xx_HAL_Driver/Src/stm32l4xx_hal_pwr_ex.su ./Drivers/STM32L4xx_HAL_Driver/Src/stm32l4xx_hal_rcc.cyclo ./Drivers/STM32L4xx_HAL_Driver/Src/stm32l4xx_hal_rcc.d ./Drivers/STM32L4xx_HAL_Driver/Src/stm32l4xx_hal_rcc.o ./Drivers/STM32L4xx_HAL_Driver/Src/stm32l4xx_hal_rcc.su ./Drivers/STM32L4xx_HAL_Driver/Src/stm32l4xx_hal_rcc_ex.cyclo ./Drivers/STM32L4xx_HAL_Driver/Src/stm32l4xx_hal_rcc_ex.d ./Drivers/STM32L4xx_HAL_Driver/Src/stm32l4xx_hal_rcc_ex.o ./Drivers/STM32L4xx_HAL_Driver/Src/stm32l4xx_hal_rcc_ex.su ./Drivers/STM32L4xx_HAL_Driver/Src/stm32l4xx_hal_uart.cyclo ./Drivers/STM32L4xx_HAL_Driver/Src/stm32l4xx_hal_uart.d ./Drivers/STM32L4xx_HAL_Driver/Src/stm32l4xx_hal_uart.o ./Drivers/STM32L4xx_HAL_Driver/Src/stm32l4xx_hal_uart.su ./Drivers/STM32L4xx_HAL_Driver/Src/stm32l4xx_hal_uart_ex.cyclo ./Drivers/STM32L4xx_HAL_Driver/Src/stm32l4xx_hal_uart_ex.d ./Drivers/STM32L4xx_HAL_Driver/Src/stm32l4xx_hal_uart_ex.o ./Drivers/STM32L4xx_HAL_Driver/Src/stm32l4xx_hal_uart_ex.su
rm -rf ./Core/Startup/startup_stm32l476rgtx.d ./Core/Startup/startup_stm32l476rgtx.o
rm -rf ./Core/Src/main.cyclo ./Core/Src/main.d ./Core/Src/main.o ./Core/Src/main.su ./Core/Src/stm32l4xx_hal_msp.cyclo ./Core/Src/stm32l4xx_hal_msp.d ./Core/Src/stm32l4xx_hal_msp.o ./Core/Src/stm32l4xx_hal_msp.su ./Core/Src/stm32l4xx_it.cyclo ./Core/Src/stm32l4xx_it.d ./Core/Src/stm32l4xx_it.o ./Core/Src/stm32l4xx_it.su ./Core/Src/syscalls.cyclo ./Core/Src/syscalls.d ./Core/Src/syscalls.o ./Core/Src/syscalls.su ./Core/Src/sysmem.cyclo ./Core/Src/sysmem.d ./Core/Src/sysmem.o ./Core/Src/sysmem.su ./Core/Src/system_stm32l4xx.cyclo ./Core/Src/system_stm32l4xx.d ./Core/Src/system_stm32l4xx.o ./Core/Src/system_stm32l4xx.su
rm -rf STM32L476RGT6.elf STM32L476RGT6.list STM32L476RGT6.map default.size.stdout
 
16:05:35 **** Incremental Build of configuration Debug for project STM32L476RGT6 ****
make -j12 all 
arm-none-eabi-gcc "../Drivers/STM32L4xx_HAL_Driver/Src/stm32l4xx_hal.c" -mcpu=cortex-m4 -std=gnu11 -g3 -DDEBUG -DUSE_HAL_DRIVER -DSTM32L476xx -c -I../Core/Inc -I../Drivers/STM32L4xx_HAL_Driver/Inc -I../Drivers/STM32L4xx_HAL_Driver/Inc/Legacy -I../Drivers/CMSIS/Device/ST/STM32L4xx/Include -I../Drivers/CMSIS/Include -O0 -ffunction-sections -fdata-sections -Wall -fstack-usage -fcyclomatic-complexity -MMD -MP -MF"Drivers/STM32L4xx_HAL_Driver/Src/stm32l4xx_hal.d" -MT"Drivers/STM32L4xx_HAL_Driver/Src/stm32l4xx_hal.o" --specs=nano.specs -mfpu=fpv4-sp-d16 -mfloat-abi=hard -mthumb -o "Drivers/STM32L4xx_HAL_Driver/Src/stm32l4xx_hal.o"
arm-none-eabi-gcc "../Drivers/STM32L4xx_HAL_Driver/Src/stm32l4xx_hal_cortex.c" -mcpu=cortex-m4 -std=gnu11 -g3 -DDEBUG -DUSE_HAL_DRIVER -DSTM32L476xx -c -I../Core/Inc -I../Drivers/STM32L4xx_HAL_Driver/Inc -I../Drivers/STM32L4xx_HAL_Driver/Inc/Legacy -I../Drivers/CMSIS/Device/ST/STM32L4xx/Include -I../Drivers/CMSIS/Include -O0 -ffunction-sections -fdata-sections -Wall -fstack-usage -fcyclomatic-complexity -MMD -MP -MF"Drivers/STM32L4xx_HAL_Driver/Src/stm32l4xx_hal_cortex.d" -MT"Drivers/STM32L4xx_HAL_Driver/Src/stm32l4xx_hal_cortex.o" --specs=nano.specs -mfpu=fpv4-sp-d16 -mfloat-abi=hard -mthumb -o "Drivers/STM32L4xx_HAL_Driver/Src/stm32l4xx_hal_cortex.o"
arm-none-eabi-gcc "../Drivers/STM32L4xx_HAL_Driver/Src/stm32l4xx_hal_dma.c" -mcpu=cortex-m4 -std=gnu11 -g3 -DDEBUG -DUSE_HAL_DRIVER -DSTM32L476xx -c -I../Core/Inc -I../Drivers/STM32L4xx_HAL_Driver/Inc -I../Drivers/STM32L4xx_HAL_Driver/Inc/Legacy -I../Drivers/CMSIS/Device/ST/STM32L4xx/Include -I../Drivers/CMSIS/Include -O0 -ffunction-sections -fdata-sections -Wall -fstack-usage -fcyclomatic-complexity -MMD -MP -MF"Drivers/STM32L4xx_HAL_Driver/Src/stm32l4xx_hal_dma.d" -MT"Drivers/STM32L4xx_HAL_Driver/Src/stm32l4xx_hal_dma.o" --specs=nano.specs -mfpu=fpv4-sp-d16 -mfloat-abi=hard -mthumb -o "Drivers/STM32L4xx_HAL_Driver/Src/stm32l4xx_hal_dma.o"
arm-none-eabi-gcc "../Drivers/STM32L4xx_HAL_Driver/Src/stm32l4xx_hal_dma_ex.c" -mcpu=cortex-m4 -std=gnu11 -g3 -DDEBUG -DUSE_HAL_DRIVER -DSTM32L476xx -c -I../Core/Inc -I../Drivers/STM32L4xx_HAL_Driver/Inc -I../Drivers/STM32L4xx_HAL_Driver/Inc/Legacy -I../Drivers/CMSIS/Device/ST/STM32L4xx/Include -I../Drivers/CMSIS/Include -O0 -ffunction-sections -fdata-sections -Wall -fstack-usage -fcyclomatic-complexity -MMD -MP -MF"Drivers/STM32L4xx_HAL_Driver/Src/stm32l4xx_hal_dma_ex.d" -MT"Drivers/STM32L4xx_HAL_Driver/Src/stm32l4xx_hal_dma_ex.o" --specs=nano.specs -mfpu=fpv4-sp-d16 -mfloat-abi=hard -mthumb -o "Drivers/STM32L4xx_HAL_Driver/Src/stm32l4xx_hal_dma_ex.o"
arm-none-eabi-gcc "../Drivers/STM32L4xx_HAL_Driver/Src/stm32l4xx_hal_exti.c" -mcpu=cortex-m4 -std=gnu11 -g3 -DDEBUG -DUSE_HAL_DRIVER -DSTM32L476xx -c -I../Core/Inc -I../Drivers/STM32L4xx_HAL_Driver/Inc -I../Drivers/STM32L4xx_HAL_Driver/Inc/Legacy -I../Drivers/CMSIS/Device/ST/STM32L4xx/Include -I../Drivers/CMSIS/Include -O0 -ffunction-sections -fdata-sections -Wall -fstack-usage -fcyclomatic-complexity -MMD -MP -MF"Drivers/STM32L4xx_HAL_Driver/Src/stm32l4xx_hal_exti.d" -MT"Drivers/STM32L4xx_HAL_Driver/Src/stm32l4xx_hal_exti.o" --specs=nano.specs -mfpu=fpv4-sp-d16 -mfloat-abi=hard -mthumb -o "Drivers/STM32L4xx_HAL_Driver/Src/stm32l4xx_hal_exti.o"
arm-none-eabi-gcc "../Drivers/STM32L4xx_HAL_Driver/Src/stm32l4xx_hal_flash.c" -mcpu=cortex-m4 -std=gnu11 -g3 -DDEBUG -DUSE_HAL_DRIVER -DSTM32L476xx -c -I../Core/Inc -I../Drivers/STM32L4xx_HAL_Driver/Inc -I../Drivers/STM32L4xx_HAL_Driver/Inc/Legacy -I../Drivers/CMSIS/Device/ST/STM32L4xx/Include -I../Drivers/CMSIS/Include -O0 -ffunction-sections -fdata-sections -Wall -fstack-usage -fcyclomatic-complexity -MMD -MP -MF"Drivers/STM32L4xx_HAL_Driver/Src/stm32l4xx_hal_flash.d" -MT"Drivers/STM32L4xx_HAL_Driver/Src/stm32l4xx_hal_flash.o" --specs=nano.specs -mfpu=fpv4-sp-d16 -mfloat-abi=hard -mthumb -o "Drivers/STM32L4xx_HAL_Driver/Src/stm32l4xx_hal_flash.o"
arm-none-eabi-gcc "../Drivers/STM32L4xx_HAL_Driver/Src/stm32l4xx_hal_flash_ex.c" -mcpu=cortex-m4 -std=gnu11 -g3 -DDEBUG -DUSE_HAL_DRIVER -DSTM32L476xx -c -I../Core/Inc -I../Drivers/STM32L4xx_HAL_Driver/Inc -I../Drivers/STM32L4xx_HAL_Driver/Inc/Legacy -I../Drivers/CMSIS/Device/ST/STM32L4xx/Include -I../Drivers/CMSIS/Include -O0 -ffunction-sections -fdata-sections -Wall -fstack-usage -fcyclomatic-complexity -MMD -MP -MF"Drivers/STM32L4xx_HAL_Driver/Src/stm32l4xx_hal_flash_ex.d" -MT"Drivers/STM32L4xx_HAL_Driver/Src/stm32l4xx_hal_flash_ex.o" --specs=nano.specs -mfpu=fpv4-sp-d16 -mfloat-abi=hard -mthumb -o "Drivers/STM32L4xx_HAL_Driver/Src/stm32l4xx_hal_flash_ex.o"
arm-none-eabi-gcc "../Drivers/STM32L4xx_HAL_Driver/Src/stm32l4xx_hal_flash_ramfunc.c" -mcpu=cortex-m4 -std=gnu11 -g3 -DDEBUG -DUSE_HAL_DRIVER -DSTM32L476xx -c -I../Core/Inc -I../Drivers/STM32L4xx_HAL_Driver/Inc -I../Drivers/STM32L4xx_HAL_Driver/Inc/Legacy -I../Drivers/CMSIS/Device/ST/STM32L4xx/Include -I../Drivers/CMSIS/Include -O0 -ffunction-sections -fdata-sections -Wall -fstack-usage -fcyclomatic-complexity -MMD -MP -MF"Drivers/STM32L4xx_HAL_Driver/Src/stm32l4xx_hal_flash_ramfunc.d" -MT"Drivers/STM32L4xx_HAL_Driver/Src/stm32l4xx_hal_flash_ramfunc.o" --specs=nano.specs -mfpu=fpv4-sp-d16 -mfloat-abi=hard -mthumb -o "Drivers/STM32L4xx_HAL_Driver/Src/stm32l4xx_hal_flash_ramfunc.o"
arm-none-eabi-gcc "../Drivers/STM32L4xx_HAL_Driver/Src/stm32l4xx_hal_gpio.c" -mcpu=cortex-m4 -std=gnu11 -g3 -DDEBUG -DUSE_HAL_DRIVER -DSTM32L476xx -c -I../Core/Inc -I../Drivers/STM32L4xx_HAL_Driver/Inc -I../Drivers/STM32L4xx_HAL_Driver/Inc/Legacy -I../Drivers/CMSIS/Device/ST/STM32L4xx/Include -I../Drivers/CMSIS/Include -O0 -ffunction-sections -fdata-sections -Wall -fstack-usage -fcyclomatic-complexity -MMD -MP -MF"Drivers/STM32L4xx_HAL_Driver/Src/stm32l4xx_hal_gpio.d" -MT"Drivers/STM32L4xx_HAL_Driver/Src/stm32l4xx_hal_gpio.o" --specs=nano.specs -mfpu=fpv4-sp-d16 -mfloat-abi=hard -mthumb -o "Drivers/STM32L4xx_HAL_Driver/Src/stm32l4xx_hal_gpio.o"
arm-none-eabi-gcc "../Drivers/STM32L4xx_HAL_Driver/Src/stm32l4xx_hal_i2c.c" -mcpu=cortex-m4 -std=gnu11 -g3 -DDEBUG -DUSE_HAL_DRIVER -DSTM32L476xx -c -I../Core/Inc -I../Drivers/STM32L4xx_HAL_Driver/Inc -I../Drivers/STM32L4xx_HAL_Driver/Inc/Legacy -I../Drivers/CMSIS/Device/ST/STM32L4xx/Include -I../Drivers/CMSIS/Include -O0 -ffunction-sections -fdata-sections -Wall -fstack-usage -fcyclomatic-complexity -MMD -MP -MF"Drivers/STM32L4xx_HAL_Driver/Src/stm32l4xx_hal_i2c.d" -MT"Drivers/STM32L4xx_HAL_Driver/Src/stm32l4xx_hal_i2c.o" --specs=nano.specs -mfpu=fpv4-sp-d16 -mfloat-abi=hard -mthumb -o "Drivers/STM32L4xx_HAL_Driver/Src/stm32l4xx_hal_i2c.o"
arm-none-eabi-gcc "../Drivers/STM32L4xx_HAL_Driver/Src/stm32l4xx_hal_i2c_ex.c" -mcpu=cortex-m4 -std=gnu11 -g3 -DDEBUG -DUSE_HAL_DRIVER -DSTM32L476xx -c -I../Core/Inc -I../Drivers/STM32L4xx_HAL_Driver/Inc -I../Drivers/STM32L4xx_HAL_Driver/Inc/Legacy -I../Drivers/CMSIS/Device/ST/STM32L4xx/Include -I../Drivers/CMSIS/Include -O0 -ffunction-sections -fdata-sections -Wall -fstack-usage -fcyclomatic-complexity -MMD -MP -MF"Drivers/STM32L4xx_HAL_Driver/Src/stm32l4xx_hal_i2c_ex.d" -MT"Drivers/STM32L4xx_HAL_Driver/Src/stm32l4xx_hal_i2c_ex.o" --specs=nano.specs -mfpu=fpv4-sp-d16 -mfloat-abi=hard -mthumb -o "Drivers/STM32L4xx_HAL_Driver/Src/stm32l4xx_hal_i2c_ex.o"
arm-none-eabi-gcc "../Drivers/STM32L4xx_HAL_Driver/Src/stm32l4xx_hal_pwr.c" -mcpu=cortex-m4 -std=gnu11 -g3 -DDEBUG -DUSE_HAL_DRIVER -DSTM32L476xx -c -I../Core/Inc -I../Drivers/STM32L4xx_HAL_Driver/Inc -I../Drivers/STM32L4xx_HAL_Driver/Inc/Legacy -I../Drivers/CMSIS/Device/ST/STM32L4xx/Include -I../Drivers/CMSIS/Include -O0 -ffunction-sections -fdata-sections -Wall -fstack-usage -fcyclomatic-complexity -MMD -MP -MF"Drivers/STM32L4xx_HAL_Driver/Src/stm32l4xx_hal_pwr.d" -MT"Drivers/STM32L4xx_HAL_Driver/Src/stm32l4xx_hal_pwr.o" --specs=nano.specs -mfpu=fpv4-sp-d16 -mfloat-abi=hard -mthumb -o "Drivers/STM32L4xx_HAL_Driver/Src/stm32l4xx_hal_pwr.o"
arm-none-eabi-gcc "../Drivers/STM32L4xx_HAL_Driver/Src/stm32l4xx_hal_pwr_ex.c" -mcpu=cortex-m4 -std=gnu11 -g3 -DDEBUG -DUSE_HAL_DRIVER -DSTM32L476xx -c -I../Core/Inc -I../Drivers/STM32L4xx_HAL_Driver/Inc -I../Drivers/STM32L4xx_HAL_Driver/Inc/Legacy -I../Drivers/CMSIS/Device/ST/STM32L4xx/Include -I../Drivers/CMSIS/Include -O0 -ffunction-sections -fdata-sections -Wall -fstack-usage -fcyclomatic-complexity -MMD -MP -MF"Drivers/STM32L4xx_HAL_Driver/Src/stm32l4xx_hal_pwr_ex.d" -MT"Drivers/STM32L4xx_HAL_Driver/Src/stm32l4xx_hal_pwr_ex.o" --specs=nano.specs -mfpu=fpv4-sp-d16 -mfloat-abi=hard -mthumb -o "Drivers/STM32L4xx_HAL_Driver/Src/stm32l4xx_hal_pwr_ex.o"
arm-none-eabi-gcc "../Drivers/STM32L4xx_HAL_Driver/Src/stm32l4xx_hal_rcc.c" -mcpu=cortex-m4 -std=gnu11 -g3 -DDEBUG -DUSE_HAL_DRIVER -DSTM32L476xx -c -I../Core/Inc -I../Drivers/STM32L4xx_HAL_Driver/Inc -I../Drivers/STM32L4xx_HAL_Driver/Inc/Legacy -I../Drivers/CMSIS/Device/ST/STM32L4xx/Include -I../Drivers/CMSIS/Include -O0 -ffunction-sections -fdata-sections -Wall -fstack-usage -fcyclomatic-complexity -MMD -MP -MF"Drivers/STM32L4xx_HAL_Driver/Src/stm32l4xx_hal_rcc.d" -MT"Drivers/STM32L4xx_HAL_Driver/Src/stm32l4xx_hal_rcc.o" --specs=nano.specs -mfpu=fpv4-sp-d16 -mfloat-abi=hard -mthumb -o "Drivers/STM32L4xx_HAL_Driver/Src/stm32l4xx_hal_rcc.o"
arm-none-eabi-gcc "../Drivers/STM32L4xx_HAL_Driver/Src/stm32l4xx_hal_rcc_ex.c" -mcpu=cortex-m4 -std=gnu11 -g3 -DDEBUG -DUSE_HAL_DRIVER -DSTM32L476xx -c -I../Core/Inc -I../Drivers/STM32L4xx_HAL_Driver/Inc -I../Drivers/STM32L4xx_HAL_Driver/Inc/Legacy -I../Drivers/CMSIS/Device/ST/STM32L4xx/Include -I../Drivers/CMSIS/Include -O0 -ffunction-sections -fdata-sections -Wall -fstack-usage -fcyclomatic-complexity -MMD -MP -MF"Drivers/STM32L4xx_HAL_Driver/Src/stm32l4xx_hal_rcc_ex.d" -MT"Drivers/STM32L4xx_HAL_Driver/Src/stm32l4xx_hal_rcc_ex.o" --specs=nano.specs -mfpu=fpv4-sp-d16 -mfloat-abi=hard -mthumb -o "Drivers/STM32L4xx_HAL_Driver/Src/stm32l4xx_hal_rcc_ex.o"
arm-none-eabi-gcc "../Drivers/STM32L4xx_HAL_Driver/Src/stm32l4xx_hal_uart.c" -mcpu=cortex-m4 -std=gnu11 -g3 -DDEBUG -DUSE_HAL_DRIVER -DSTM32L476xx -c -I../Core/Inc -I../Drivers/STM32L4xx_HAL_Driver/Inc -I../Drivers/STM32L4xx_HAL_Driver/Inc/Legacy -I../Drivers/CMSIS/Device/ST/STM32L4xx/Include -I../Drivers/CMSIS/Include -O0 -ffunction-sections -fdata-sections -Wall -fstack-usage -fcyclomatic-complexity -MMD -MP -MF"Drivers/STM32L4xx_HAL_Driver/Src/stm32l4xx_hal_uart.d" -MT"Drivers/STM32L4xx_HAL_Driver/Src/stm32l4xx_hal_uart.o" --specs=nano.specs -mfpu=fpv4-sp-d16 -mfloat-abi=hard -mthumb -o "Drivers/STM32L4xx_HAL_Driver/Src/stm32l4xx_hal_uart.o"
arm-none-eabi-gcc "../Drivers/STM32L4xx_HAL_Driver/Src/stm32l4xx_hal_uart_ex.c" -mcpu=cortex-m4 -std=gnu11 -g3 -DDEBUG -DUSE_HAL_DRIVER -DSTM32L476xx -c -I../Core/Inc -I../Drivers/STM32L4xx_HAL_Driver/Inc -I../Drivers/STM32L4xx_HAL_Driver/Inc/Legacy -I../Drivers/CMSIS/Device/ST/STM32L4xx/Include -I../Drivers/CMSIS/Include -O0 -ffunction-sections -fdata-sections -Wall -fstack-usage -fcyclomatic-complexity -MMD -MP -MF"Drivers/STM32L4xx_HAL_Driver/Src/stm32l4xx_hal_uart_ex.d" -MT"Drivers/STM32L4xx_HAL_Driver/Src/stm32l4xx_hal_uart_ex.o" --specs=nano.specs -mfpu=fpv4-sp-d16 -mfloat-abi=hard -mthumb -o "Drivers/STM32L4xx_HAL_Driver/Src/stm32l4xx_hal_uart_ex.o"
arm-none-eabi-gcc -mcpu=cortex-m4 -g3 -DDEBUG -c -x assembler-with-cpp -MMD -MP -MF"Core/Startup/startup_stm32l476rgtx.d" -MT"Core/Startup/startup_stm32l476rgtx.o" --specs=nano.specs -mfpu=fpv4-sp-d16 -mfloat-abi=hard -mthumb -o "Core/Startup/startup_stm32l476rgtx.o" "../Core/Startup/startup_stm32l476rgtx.s"
arm-none-eabi-gcc "../Core/Src/main.c" -mcpu=cortex-m4 -std=gnu11 -g3 -DDEBUG -DUSE_HAL_DRIVER -DSTM32L476xx -c -I../Core/Inc -I../Drivers/STM32L4xx_HAL_Driver/Inc -I../Drivers/STM32L4xx_HAL_Driver/Inc/Legacy -I../Drivers/CMSIS/Device/ST/STM32L4xx/Include -I../Drivers/CMSIS/Include -O0 -ffunction-sections -fdata-sections -Wall -fstack-usage -fcyclomatic-complexity -MMD -MP -MF"Core/Src/main.d" -MT"Core/Src/main.o" --specs=nano.specs -mfpu=fpv4-sp-d16 -mfloat-abi=hard -mthumb -o "Core/Src/main.o"
arm-none-eabi-gcc "../Core/Src/stm32l4xx_hal_msp.c" -mcpu=cortex-m4 -std=gnu11 -g3 -DDEBUG -DUSE_HAL_DRIVER -DSTM32L476xx -c -I../Core/Inc -I../Drivers/STM32L4xx_HAL_Driver/Inc -I../Drivers/STM32L4xx_HAL_Driver/Inc/Legacy -I../Drivers/CMSIS/Device/ST/STM32L4xx/Include -I../Drivers/CMSIS/Include -O0 -ffunction-sections -fdata-sections -Wall -fstack-usage -fcyclomatic-complexity -MMD -MP -MF"Core/Src/stm32l4xx_hal_msp.d" -MT"Core/Src/stm32l4xx_hal_msp.o" --specs=nano.specs -mfpu=fpv4-sp-d16 -mfloat-abi=hard -mthumb -o "Core/Src/stm32l4xx_hal_msp.o"
arm-none-eabi-gcc "../Core/Src/stm32l4xx_it.c" -mcpu=cortex-m4 -std=gnu11 -g3 -DDEBUG -DUSE_HAL_DRIVER -DSTM32L476xx -c -I../Core/Inc -I../Drivers/STM32L4xx_HAL_Driver/Inc -I../Drivers/STM32L4xx_HAL_Driver/Inc/Legacy -I../Drivers/CMSIS/Device/ST/STM32L4xx/Include -I../Drivers/CMSIS/Include -O0 -ffunction-sections -fdata-sections -Wall -fstack-usage -fcyclomatic-complexity -MMD -MP -MF"Core/Src/stm32l4xx_it.d" -MT"Core/Src/stm32l4xx_it.o" --specs=nano.specs -mfpu=fpv4-sp-d16 -mfloat-abi=hard -mthumb -o "Core/Src/stm32l4xx_it.o"
arm-none-eabi-gcc "../Core/Src/syscalls.c" -mcpu=cortex-m4 -std=gnu11 -g3 -DDEBUG -DUSE_HAL_DRIVER -DSTM32L476xx -c -I../Core/Inc -I../Drivers/STM32L4xx_HAL_Driver/Inc -I../Drivers/STM32L4xx_HAL_Driver/Inc/Legacy -I../Drivers/CMSIS/Device/ST/STM32L4xx/Include -I../Drivers/CMSIS/Include -O0 -ffunction-sections -fdata-sections -Wall -fstack-usage -fcyclomatic-complexity -MMD -MP -MF"Core/Src/syscalls.d" -MT"Core/Src/syscalls.o" --specs=nano.specs -mfpu=fpv4-sp-d16 -mfloat-abi=hard -mthumb -o "Core/Src/syscalls.o"
arm-none-eabi-gcc "../Core/Src/sysmem.c" -mcpu=cortex-m4 -std=gnu11 -g3 -DDEBUG -DUSE_HAL_DRIVER -DSTM32L476xx -c -I../Core/Inc -I../Drivers/STM32L4xx_HAL_Driver/Inc -I../Drivers/STM32L4xx_HAL_Driver/Inc/Legacy -I../Drivers/CMSIS/Device/ST/STM32L4xx/Include -I../Drivers/CMSIS/Include -O0 -ffunction-sections -fdata-sections -Wall -fstack-usage -fcyclomatic-complexity -MMD -MP -MF"Core/Src/sysmem.d" -MT"Core/Src/sysmem.o" --specs=nano.specs -mfpu=fpv4-sp-d16 -mfloat-abi=hard -mthumb -o "Core/Src/sysmem.o"
arm-none-eabi-gcc "../Core/Src/system_stm32l4xx.c" -mcpu=cortex-m4 -std=gnu11 -g3 -DDEBUG -DUSE_HAL_DRIVER -DSTM32L476xx -c -I../Core/Inc -I../Drivers/STM32L4xx_HAL_Driver/Inc -I../Drivers/STM32L4xx_HAL_Driver/Inc/Legacy -I../Drivers/CMSIS/Device/ST/STM32L4xx/Include -I../Drivers/CMSIS/Include -O0 -ffunction-sections -fdata-sections -Wall -fstack-usage -fcyclomatic-complexity -MMD -MP -MF"Core/Src/system_stm32l4xx.d" -MT"Core/Src/system_stm32l4xx.o" --specs=nano.specs -mfpu=fpv4-sp-d16 -mfloat-abi=hard -mthumb -o "Core/Src/system_stm32l4xx.o"
../Core/Src/main.c:190:13: warning: 'MX_USART2_UART_Init' defined but not used [-Wunused-function]
  190 | static void MX_USART2_UART_Init(void)
      |             ^~~~~~~~~~~~~~~~~~~
arm-none-eabi-gcc -o "STM32L476RGT6.elf" @"objects.list"   -mcpu=cortex-m4 -T"D:\Projekty\TrinityTrack6000\STM32\STM32L476RGT6\STM32L476RGTX_FLASH.ld" --specs=nosys.specs -Wl,-Map="STM32L476RGT6.map" -Wl,--gc-sections -static --specs=nano.specs -mfpu=fpv4-sp-d16 -mfloat-abi=hard -mthumb -Wl,--start-group -lc -lm -Wl,--end-group
Finished building target: STM32L476RGT6.elf
 
arm-none-eabi-size  STM32L476RGT6.elf 
arm-none-eabi-objdump -h -S STM32L476RGT6.elf  > "STM32L476RGT6.list"
   text	   data	    bss	    dec	    hex	filename
  12744	     12	   2084	  14840	   39f8	STM32L476RGT6.elf
Finished building: default.size.stdout
 
Finished building: STM32L476RGT6.list
 
16:10:10 **** Incremental Build of configuration Debug for project STM32L476RGT6 ****
make -j12 all 
arm-none-eabi-size  STM32L476RGT6.elf 
   text	   data	    bss	    dec	    hex	filename
  12744	     12	   2084	  14840	   39f8	STM32L476RGT6.elf
Finished building: default.size.stdout
 
16:10:25 **** Incremental Build of configuration Debug for project STM32L476RGT6 ****
make -j12 all 
arm-none-eabi-size  STM32L476RGT6.elf 
   text	   data	    bss	    dec	    hex	filename
  12744	     12	   2084	  14840	   39f8	STM32L476RGT6.elf
Finished building: default.size.stdout
 
16:13:36 **** Incremental Build of configuration Release for project STM32L476RGT6 ****
make -j12 all 
arm-none-eabi-gcc "../Drivers/STM32L4xx_HAL_Driver/Src/stm32l4xx_hal.c" -mcpu=cortex-m4 -std=gnu11 -DUSE_HAL_DRIVER -DSTM32L476xx -c -I../Core/Inc -I../Drivers/STM32L4xx_HAL_Driver/Inc -I../Drivers/STM32L4xx_HAL_Driver/Inc/Legacy -I../Drivers/CMSIS/Device/ST/STM32L4xx/Include -I../Drivers/CMSIS/Include -Os -ffunction-sections -fdata-sections -Wall -fstack-usage -fcyclomatic-complexity -MMD -MP -MF"Drivers/STM32L4xx_HAL_Driver/Src/stm32l4xx_hal.d" -MT"Drivers/STM32L4xx_HAL_Driver/Src/stm32l4xx_hal.o" --specs=nano.specs -mfpu=fpv4-sp-d16 -mfloat-abi=hard -mthumb -o "Drivers/STM32L4xx_HAL_Driver/Src/stm32l4xx_hal.o"
arm-none-eabi-gcc "../Drivers/STM32L4xx_HAL_Driver/Src/stm32l4xx_hal_cortex.c" -mcpu=cortex-m4 -std=gnu11 -DUSE_HAL_DRIVER -DSTM32L476xx -c -I../Core/Inc -I../Drivers/STM32L4xx_HAL_Driver/Inc -I../Drivers/STM32L4xx_HAL_Driver/Inc/Legacy -I../Drivers/CMSIS/Device/ST/STM32L4xx/Include -I../Drivers/CMSIS/Include -Os -ffunction-sections -fdata-sections -Wall -fstack-usage -fcyclomatic-complexity -MMD -MP -MF"Drivers/STM32L4xx_HAL_Driver/Src/stm32l4xx_hal_cortex.d" -MT"Drivers/STM32L4xx_HAL_Driver/Src/stm32l4xx_hal_cortex.o" --specs=nano.specs -mfpu=fpv4-sp-d16 -mfloat-abi=hard -mthumb -o "Drivers/STM32L4xx_HAL_Driver/Src/stm32l4xx_hal_cortex.o"
arm-none-eabi-gcc "../Drivers/STM32L4xx_HAL_Driver/Src/stm32l4xx_hal_dma.c" -mcpu=cortex-m4 -std=gnu11 -DUSE_HAL_DRIVER -DSTM32L476xx -c -I../Core/Inc -I../Drivers/STM32L4xx_HAL_Driver/Inc -I../Drivers/STM32L4xx_HAL_Driver/Inc/Legacy -I../Drivers/CMSIS/Device/ST/STM32L4xx/Include -I../Drivers/CMSIS/Include -Os -ffunction-sections -fdata-sections -Wall -fstack-usage -fcyclomatic-complexity -MMD -MP -MF"Drivers/STM32L4xx_HAL_Driver/Src/stm32l4xx_hal_dma.d" -MT"Drivers/STM32L4xx_HAL_Driver/Src/stm32l4xx_hal_dma.o" --specs=nano.specs -mfpu=fpv4-sp-d16 -mfloat-abi=hard -mthumb -o "Drivers/STM32L4xx_HAL_Driver/Src/stm32l4xx_hal_dma.o"
arm-none-eabi-gcc "../Drivers/STM32L4xx_HAL_Driver/Src/stm32l4xx_hal_dma_ex.c" -mcpu=cortex-m4 -std=gnu11 -DUSE_HAL_DRIVER -DSTM32L476xx -c -I../Core/Inc -I../Drivers/STM32L4xx_HAL_Driver/Inc -I../Drivers/STM32L4xx_HAL_Driver/Inc/Legacy -I../Drivers/CMSIS/Device/ST/STM32L4xx/Include -I../Drivers/CMSIS/Include -Os -ffunction-sections -fdata-sections -Wall -fstack-usage -fcyclomatic-complexity -MMD -MP -MF"Drivers/STM32L4xx_HAL_Driver/Src/stm32l4xx_hal_dma_ex.d" -MT"Drivers/STM32L4xx_HAL_Driver/Src/stm32l4xx_hal_dma_ex.o" --specs=nano.specs -mfpu=fpv4-sp-d16 -mfloat-abi=hard -mthumb -o "Drivers/STM32L4xx_HAL_Driver/Src/stm32l4xx_hal_dma_ex.o"
arm-none-eabi-gcc "../Drivers/STM32L4xx_HAL_Driver/Src/stm32l4xx_hal_exti.c" -mcpu=cortex-m4 -std=gnu11 -DUSE_HAL_DRIVER -DSTM32L476xx -c -I../Core/Inc -I../Drivers/STM32L4xx_HAL_Driver/Inc -I../Drivers/STM32L4xx_HAL_Driver/Inc/Legacy -I../Drivers/CMSIS/Device/ST/STM32L4xx/Include -I../Drivers/CMSIS/Include -Os -ffunction-sections -fdata-sections -Wall -fstack-usage -fcyclomatic-complexity -MMD -MP -MF"Drivers/STM32L4xx_HAL_Driver/Src/stm32l4xx_hal_exti.d" -MT"Drivers/STM32L4xx_HAL_Driver/Src/stm32l4xx_hal_exti.o" --specs=nano.specs -mfpu=fpv4-sp-d16 -mfloat-abi=hard -mthumb -o "Drivers/STM32L4xx_HAL_Driver/Src/stm32l4xx_hal_exti.o"
arm-none-eabi-gcc "../Drivers/STM32L4xx_HAL_Driver/Src/stm32l4xx_hal_flash.c" -mcpu=cortex-m4 -std=gnu11 -DUSE_HAL_DRIVER -DSTM32L476xx -c -I../Core/Inc -I../Drivers/STM32L4xx_HAL_Driver/Inc -I../Drivers/STM32L4xx_HAL_Driver/Inc/Legacy -I../Drivers/CMSIS/Device/ST/STM32L4xx/Include -I../Drivers/CMSIS/Include -Os -ffunction-sections -fdata-sections -Wall -fstack-usage -fcyclomatic-complexity -MMD -MP -MF"Drivers/STM32L4xx_HAL_Driver/Src/stm32l4xx_hal_flash.d" -MT"Drivers/STM32L4xx_HAL_Driver/Src/stm32l4xx_hal_flash.o" --specs=nano.specs -mfpu=fpv4-sp-d16 -mfloat-abi=hard -mthumb -o "Drivers/STM32L4xx_HAL_Driver/Src/stm32l4xx_hal_flash.o"
arm-none-eabi-gcc "../Drivers/STM32L4xx_HAL_Driver/Src/stm32l4xx_hal_flash_ex.c" -mcpu=cortex-m4 -std=gnu11 -DUSE_HAL_DRIVER -DSTM32L476xx -c -I../Core/Inc -I../Drivers/STM32L4xx_HAL_Driver/Inc -I../Drivers/STM32L4xx_HAL_Driver/Inc/Legacy -I../Drivers/CMSIS/Device/ST/STM32L4xx/Include -I../Drivers/CMSIS/Include -Os -ffunction-sections -fdata-sections -Wall -fstack-usage -fcyclomatic-complexity -MMD -MP -MF"Drivers/STM32L4xx_HAL_Driver/Src/stm32l4xx_hal_flash_ex.d" -MT"Drivers/STM32L4xx_HAL_Driver/Src/stm32l4xx_hal_flash_ex.o" --specs=nano.specs -mfpu=fpv4-sp-d16 -mfloat-abi=hard -mthumb -o "Drivers/STM32L4xx_HAL_Driver/Src/stm32l4xx_hal_flash_ex.o"
arm-none-eabi-gcc "../Drivers/STM32L4xx_HAL_Driver/Src/stm32l4xx_hal_flash_ramfunc.c" -mcpu=cortex-m4 -std=gnu11 -DUSE_HAL_DRIVER -DSTM32L476xx -c -I../Core/Inc -I../Drivers/STM32L4xx_HAL_Driver/Inc -I../Drivers/STM32L4xx_HAL_Driver/Inc/Legacy -I../Drivers/CMSIS/Device/ST/STM32L4xx/Include -I../Drivers/CMSIS/Include -Os -ffunction-sections -fdata-sections -Wall -fstack-usage -fcyclomatic-complexity -MMD -MP -MF"Drivers/STM32L4xx_HAL_Driver/Src/stm32l4xx_hal_flash_ramfunc.d" -MT"Drivers/STM32L4xx_HAL_Driver/Src/stm32l4xx_hal_flash_ramfunc.o" --specs=nano.specs -mfpu=fpv4-sp-d16 -mfloat-abi=hard -mthumb -o "Drivers/STM32L4xx_HAL_Driver/Src/stm32l4xx_hal_flash_ramfunc.o"
arm-none-eabi-gcc "../Drivers/STM32L4xx_HAL_Driver/Src/stm32l4xx_hal_gpio.c" -mcpu=cortex-m4 -std=gnu11 -DUSE_HAL_DRIVER -DSTM32L476xx -c -I../Core/Inc -I../Drivers/STM32L4xx_HAL_Driver/Inc -I../Drivers/STM32L4xx_HAL_Driver/Inc/Legacy -I../Drivers/CMSIS/Device/ST/STM32L4xx/Include -I../Drivers/CMSIS/Include -Os -ffunction-sections -fdata-sections -Wall -fstack-usage -fcyclomatic-complexity -MMD -MP -MF"Drivers/STM32L4xx_HAL_Driver/Src/stm32l4xx_hal_gpio.d" -MT"Drivers/STM32L4xx_HAL_Driver/Src/stm32l4xx_hal_gpio.o" --specs=nano.specs -mfpu=fpv4-sp-d16 -mfloat-abi=hard -mthumb -o "Drivers/STM32L4xx_HAL_Driver/Src/stm32l4xx_hal_gpio.o"
arm-none-eabi-gcc "../Drivers/STM32L4xx_HAL_Driver/Src/stm32l4xx_hal_i2c.c" -mcpu=cortex-m4 -std=gnu11 -DUSE_HAL_DRIVER -DSTM32L476xx -c -I../Core/Inc -I../Drivers/STM32L4xx_HAL_Driver/Inc -I../Drivers/STM32L4xx_HAL_Driver/Inc/Legacy -I../Drivers/CMSIS/Device/ST/STM32L4xx/Include -I../Drivers/CMSIS/Include -Os -ffunction-sections -fdata-sections -Wall -fstack-usage -fcyclomatic-complexity -MMD -MP -MF"Drivers/STM32L4xx_HAL_Driver/Src/stm32l4xx_hal_i2c.d" -MT"Drivers/STM32L4xx_HAL_Driver/Src/stm32l4xx_hal_i2c.o" --specs=nano.specs -mfpu=fpv4-sp-d16 -mfloat-abi=hard -mthumb -o "Drivers/STM32L4xx_HAL_Driver/Src/stm32l4xx_hal_i2c.o"
arm-none-eabi-gcc "../Drivers/STM32L4xx_HAL_Driver/Src/stm32l4xx_hal_i2c_ex.c" -mcpu=cortex-m4 -std=gnu11 -DUSE_HAL_DRIVER -DSTM32L476xx -c -I../Core/Inc -I../Drivers/STM32L4xx_HAL_Driver/Inc -I../Drivers/STM32L4xx_HAL_Driver/Inc/Legacy -I../Drivers/CMSIS/Device/ST/STM32L4xx/Include -I../Drivers/CMSIS/Include -Os -ffunction-sections -fdata-sections -Wall -fstack-usage -fcyclomatic-complexity -MMD -MP -MF"Drivers/STM32L4xx_HAL_Driver/Src/stm32l4xx_hal_i2c_ex.d" -MT"Drivers/STM32L4xx_HAL_Driver/Src/stm32l4xx_hal_i2c_ex.o" --specs=nano.specs -mfpu=fpv4-sp-d16 -mfloat-abi=hard -mthumb -o "Drivers/STM32L4xx_HAL_Driver/Src/stm32l4xx_hal_i2c_ex.o"
arm-none-eabi-gcc "../Drivers/STM32L4xx_HAL_Driver/Src/stm32l4xx_hal_pwr.c" -mcpu=cortex-m4 -std=gnu11 -DUSE_HAL_DRIVER -DSTM32L476xx -c -I../Core/Inc -I../Drivers/STM32L4xx_HAL_Driver/Inc -I../Drivers/STM32L4xx_HAL_Driver/Inc/Legacy -I../Drivers/CMSIS/Device/ST/STM32L4xx/Include -I../Drivers/CMSIS/Include -Os -ffunction-sections -fdata-sections -Wall -fstack-usage -fcyclomatic-complexity -MMD -MP -MF"Drivers/STM32L4xx_HAL_Driver/Src/stm32l4xx_hal_pwr.d" -MT"Drivers/STM32L4xx_HAL_Driver/Src/stm32l4xx_hal_pwr.o" --specs=nano.specs -mfpu=fpv4-sp-d16 -mfloat-abi=hard -mthumb -o "Drivers/STM32L4xx_HAL_Driver/Src/stm32l4xx_hal_pwr.o"
arm-none-eabi-gcc "../Drivers/STM32L4xx_HAL_Driver/Src/stm32l4xx_hal_pwr_ex.c" -mcpu=cortex-m4 -std=gnu11 -DUSE_HAL_DRIVER -DSTM32L476xx -c -I../Core/Inc -I../Drivers/STM32L4xx_HAL_Driver/Inc -I../Drivers/STM32L4xx_HAL_Driver/Inc/Legacy -I../Drivers/CMSIS/Device/ST/STM32L4xx/Include -I../Drivers/CMSIS/Include -Os -ffunction-sections -fdata-sections -Wall -fstack-usage -fcyclomatic-complexity -MMD -MP -MF"Drivers/STM32L4xx_HAL_Driver/Src/stm32l4xx_hal_pwr_ex.d" -MT"Drivers/STM32L4xx_HAL_Driver/Src/stm32l4xx_hal_pwr_ex.o" --specs=nano.specs -mfpu=fpv4-sp-d16 -mfloat-abi=hard -mthumb -o "Drivers/STM32L4xx_HAL_Driver/Src/stm32l4xx_hal_pwr_ex.o"
arm-none-eabi-gcc "../Drivers/STM32L4xx_HAL_Driver/Src/stm32l4xx_hal_rcc.c" -mcpu=cortex-m4 -std=gnu11 -DUSE_HAL_DRIVER -DSTM32L476xx -c -I../Core/Inc -I../Drivers/STM32L4xx_HAL_Driver/Inc -I../Drivers/STM32L4xx_HAL_Driver/Inc/Legacy -I../Drivers/CMSIS/Device/ST/STM32L4xx/Include -I../Drivers/CMSIS/Include -Os -ffunction-sections -fdata-sections -Wall -fstack-usage -fcyclomatic-complexity -MMD -MP -MF"Drivers/STM32L4xx_HAL_Driver/Src/stm32l4xx_hal_rcc.d" -MT"Drivers/STM32L4xx_HAL_Driver/Src/stm32l4xx_hal_rcc.o" --specs=nano.specs -mfpu=fpv4-sp-d16 -mfloat-abi=hard -mthumb -o "Drivers/STM32L4xx_HAL_Driver/Src/stm32l4xx_hal_rcc.o"
arm-none-eabi-gcc "../Drivers/STM32L4xx_HAL_Driver/Src/stm32l4xx_hal_rcc_ex.c" -mcpu=cortex-m4 -std=gnu11 -DUSE_HAL_DRIVER -DSTM32L476xx -c -I../Core/Inc -I../Drivers/STM32L4xx_HAL_Driver/Inc -I../Drivers/STM32L4xx_HAL_Driver/Inc/Legacy -I../Drivers/CMSIS/Device/ST/STM32L4xx/Include -I../Drivers/CMSIS/Include -Os -ffunction-sections -fdata-sections -Wall -fstack-usage -fcyclomatic-complexity -MMD -MP -MF"Drivers/STM32L4xx_HAL_Driver/Src/stm32l4xx_hal_rcc_ex.d" -MT"Drivers/STM32L4xx_HAL_Driver/Src/stm32l4xx_hal_rcc_ex.o" --specs=nano.specs -mfpu=fpv4-sp-d16 -mfloat-abi=hard -mthumb -o "Drivers/STM32L4xx_HAL_Driver/Src/stm32l4xx_hal_rcc_ex.o"
arm-none-eabi-gcc "../Drivers/STM32L4xx_HAL_Driver/Src/stm32l4xx_hal_uart.c" -mcpu=cortex-m4 -std=gnu11 -DUSE_HAL_DRIVER -DSTM32L476xx -c -I../Core/Inc -I../Drivers/STM32L4xx_HAL_Driver/Inc -I../Drivers/STM32L4xx_HAL_Driver/Inc/Legacy -I../Drivers/CMSIS/Device/ST/STM32L4xx/Include -I../Drivers/CMSIS/Include -Os -ffunction-sections -fdata-sections -Wall -fstack-usage -fcyclomatic-complexity -MMD -MP -MF"Drivers/STM32L4xx_HAL_Driver/Src/stm32l4xx_hal_uart.d" -MT"Drivers/STM32L4xx_HAL_Driver/Src/stm32l4xx_hal_uart.o" --specs=nano.specs -mfpu=fpv4-sp-d16 -mfloat-abi=hard -mthumb -o "Drivers/STM32L4xx_HAL_Driver/Src/stm32l4xx_hal_uart.o"
arm-none-eabi-gcc "../Drivers/STM32L4xx_HAL_Driver/Src/stm32l4xx_hal_uart_ex.c" -mcpu=cortex-m4 -std=gnu11 -DUSE_HAL_DRIVER -DSTM32L476xx -c -I../Core/Inc -I../Drivers/STM32L4xx_HAL_Driver/Inc -I../Drivers/STM32L4xx_HAL_Driver/Inc/Legacy -I../Drivers/CMSIS/Device/ST/STM32L4xx/Include -I../Drivers/CMSIS/Include -Os -ffunction-sections -fdata-sections -Wall -fstack-usage -fcyclomatic-complexity -MMD -MP -MF"Drivers/STM32L4xx_HAL_Driver/Src/stm32l4xx_hal_uart_ex.d" -MT"Drivers/STM32L4xx_HAL_Driver/Src/stm32l4xx_hal_uart_ex.o" --specs=nano.specs -mfpu=fpv4-sp-d16 -mfloat-abi=hard -mthumb -o "Drivers/STM32L4xx_HAL_Driver/Src/stm32l4xx_hal_uart_ex.o"
arm-none-eabi-gcc -mcpu=cortex-m4 -c -x assembler-with-cpp -MMD -MP -MF"Core/Startup/startup_stm32l476rgtx.d" -MT"Core/Startup/startup_stm32l476rgtx.o" --specs=nano.specs -mfpu=fpv4-sp-d16 -mfloat-abi=hard -mthumb -o "Core/Startup/startup_stm32l476rgtx.o" "../Core/Startup/startup_stm32l476rgtx.s"
arm-none-eabi-gcc "../Core/Src/main.c" -mcpu=cortex-m4 -std=gnu11 -DUSE_HAL_DRIVER -DSTM32L476xx -c -I../Core/Inc -I../Drivers/STM32L4xx_HAL_Driver/Inc -I../Drivers/STM32L4xx_HAL_Driver/Inc/Legacy -I../Drivers/CMSIS/Device/ST/STM32L4xx/Include -I../Drivers/CMSIS/Include -Os -ffunction-sections -fdata-sections -Wall -fstack-usage -fcyclomatic-complexity -MMD -MP -MF"Core/Src/main.d" -MT"Core/Src/main.o" --specs=nano.specs -mfpu=fpv4-sp-d16 -mfloat-abi=hard -mthumb -o "Core/Src/main.o"
arm-none-eabi-gcc "../Core/Src/stm32l4xx_hal_msp.c" -mcpu=cortex-m4 -std=gnu11 -DUSE_HAL_DRIVER -DSTM32L476xx -c -I../Core/Inc -I../Drivers/STM32L4xx_HAL_Driver/Inc -I../Drivers/STM32L4xx_HAL_Driver/Inc/Legacy -I../Drivers/CMSIS/Device/ST/STM32L4xx/Include -I../Drivers/CMSIS/Include -Os -ffunction-sections -fdata-sections -Wall -fstack-usage -fcyclomatic-complexity -MMD -MP -MF"Core/Src/stm32l4xx_hal_msp.d" -MT"Core/Src/stm32l4xx_hal_msp.o" --specs=nano.specs -mfpu=fpv4-sp-d16 -mfloat-abi=hard -mthumb -o "Core/Src/stm32l4xx_hal_msp.o"
arm-none-eabi-gcc "../Core/Src/stm32l4xx_it.c" -mcpu=cortex-m4 -std=gnu11 -DUSE_HAL_DRIVER -DSTM32L476xx -c -I../Core/Inc -I../Drivers/STM32L4xx_HAL_Driver/Inc -I../Drivers/STM32L4xx_HAL_Driver/Inc/Legacy -I../Drivers/CMSIS/Device/ST/STM32L4xx/Include -I../Drivers/CMSIS/Include -Os -ffunction-sections -fdata-sections -Wall -fstack-usage -fcyclomatic-complexity -MMD -MP -MF"Core/Src/stm32l4xx_it.d" -MT"Core/Src/stm32l4xx_it.o" --specs=nano.specs -mfpu=fpv4-sp-d16 -mfloat-abi=hard -mthumb -o "Core/Src/stm32l4xx_it.o"
arm-none-eabi-gcc "../Core/Src/syscalls.c" -mcpu=cortex-m4 -std=gnu11 -DUSE_HAL_DRIVER -DSTM32L476xx -c -I../Core/Inc -I../Drivers/STM32L4xx_HAL_Driver/Inc -I../Drivers/STM32L4xx_HAL_Driver/Inc/Legacy -I../Drivers/CMSIS/Device/ST/STM32L4xx/Include -I../Drivers/CMSIS/Include -Os -ffunction-sections -fdata-sections -Wall -fstack-usage -fcyclomatic-complexity -MMD -MP -MF"Core/Src/syscalls.d" -MT"Core/Src/syscalls.o" --specs=nano.specs -mfpu=fpv4-sp-d16 -mfloat-abi=hard -mthumb -o "Core/Src/syscalls.o"
arm-none-eabi-gcc "../Core/Src/sysmem.c" -mcpu=cortex-m4 -std=gnu11 -DUSE_HAL_DRIVER -DSTM32L476xx -c -I../Core/Inc -I../Drivers/STM32L4xx_HAL_Driver/Inc -I../Drivers/STM32L4xx_HAL_Driver/Inc/Legacy -I../Drivers/CMSIS/Device/ST/STM32L4xx/Include -I../Drivers/CMSIS/Include -Os -ffunction-sections -fdata-sections -Wall -fstack-usage -fcyclomatic-complexity -MMD -MP -MF"Core/Src/sysmem.d" -MT"Core/Src/sysmem.o" --specs=nano.specs -mfpu=fpv4-sp-d16 -mfloat-abi=hard -mthumb -o "Core/Src/sysmem.o"
arm-none-eabi-gcc "../Core/Src/system_stm32l4xx.c" -mcpu=cortex-m4 -std=gnu11 -DUSE_HAL_DRIVER -DSTM32L476xx -c -I../Core/Inc -I../Drivers/STM32L4xx_HAL_Driver/Inc -I../Drivers/STM32L4xx_HAL_Driver/Inc/Legacy -I../Drivers/CMSIS/Device/ST/STM32L4xx/Include -I../Drivers/CMSIS/Include -Os -ffunction-sections -fdata-sections -Wall -fstack-usage -fcyclomatic-complexity -MMD -MP -MF"Core/Src/system_stm32l4xx.d" -MT"Core/Src/system_stm32l4xx.o" --specs=nano.specs -mfpu=fpv4-sp-d16 -mfloat-abi=hard -mthumb -o "Core/Src/system_stm32l4xx.o"
../Core/Src/main.c:190:13: warning: 'MX_USART2_UART_Init' defined but not used [-Wunused-function]
  190 | static void MX_USART2_UART_Init(void)
      |             ^~~~~~~~~~~~~~~~~~~
arm-none-eabi-gcc -o "STM32L476RGT6.elf" @"objects.list"   -mcpu=cortex-m4 -T"D:\Projekty\TrinityTrack6000\STM32\STM32L476RGT6\STM32L476RGTX_FLASH.ld" --specs=nosys.specs -Wl,-Map="STM32L476RGT6.map" -Wl,--gc-sections -static --specs=nano.specs -mfpu=fpv4-sp-d16 -mfloat-abi=hard -mthumb -Wl,--start-group -lc -lm -Wl,--end-group
Finished building target: STM32L476RGT6.elf
 
arm-none-eabi-size  STM32L476RGT6.elf 
arm-none-eabi-objdump -h -S STM32L476RGT6.elf  > "STM32L476RGT6.list"
   text	   data	    bss	    dec	    hex	filename
   7928	     12	   2084	  10024	   2728	STM32L476RGT6.elf
Finished building: default.size.stdout
 
Finished building: STM32L476RGT6.list
 
16:14:00 **** Incremental Build of configuration Release for project STM32L476RGT6 ****
make -j12 all 
arm-none-eabi-size  STM32L476RGT6.elf 
   text	   data	    bss	    dec	    hex	filename
   7928	     12	   2084	  10024	   2728	STM32L476RGT6.elf
Finished building: default.size.stdout
 
18:16:29 **** Incremental Build of configuration Release for project STM32L476RGT6 ****
make -j12 all 
arm-none-eabi-size  STM32L476RGT6.elf 
   text	   data	    bss	    dec	    hex	filename
   7928	     12	   2084	  10024	   2728	STM32L476RGT6.elf
Finished building: default.size.stdout
 
18:31:58 **** Incremental Build of configuration Release for project STM32L476RGT6 ****
make -j12 all 
arm-none-eabi-gcc "../Drivers/STM32L4xx_HAL_Driver/Src/stm32l4xx_hal.c" -mcpu=cortex-m4 -std=gnu11 -DUSE_HAL_DRIVER -DSTM32L476xx -c -I../Core/Inc -I../Drivers/STM32L4xx_HAL_Driver/Inc -I../Drivers/STM32L4xx_HAL_Driver/Inc/Legacy -I../Drivers/CMSIS/Device/ST/STM32L4xx/Include -I../Drivers/CMSIS/Include -Os -ffunction-sections -fdata-sections -Wall -fstack-usage -fcyclomatic-complexity -MMD -MP -MF"Drivers/STM32L4xx_HAL_Driver/Src/stm32l4xx_hal.d" -MT"Drivers/STM32L4xx_HAL_Driver/Src/stm32l4xx_hal.o" --specs=nano.specs -mfpu=fpv4-sp-d16 -mfloat-abi=hard -mthumb -o "Drivers/STM32L4xx_HAL_Driver/Src/stm32l4xx_hal.o"
arm-none-eabi-gcc "../Drivers/STM32L4xx_HAL_Driver/Src/stm32l4xx_hal_cortex.c" -mcpu=cortex-m4 -std=gnu11 -DUSE_HAL_DRIVER -DSTM32L476xx -c -I../Core/Inc -I../Drivers/STM32L4xx_HAL_Driver/Inc -I../Drivers/STM32L4xx_HAL_Driver/Inc/Legacy -I../Drivers/CMSIS/Device/ST/STM32L4xx/Include -I../Drivers/CMSIS/Include -Os -ffunction-sections -fdata-sections -Wall -fstack-usage -fcyclomatic-complexity -MMD -MP -MF"Drivers/STM32L4xx_HAL_Driver/Src/stm32l4xx_hal_cortex.d" -MT"Drivers/STM32L4xx_HAL_Driver/Src/stm32l4xx_hal_cortex.o" --specs=nano.specs -mfpu=fpv4-sp-d16 -mfloat-abi=hard -mthumb -o "Drivers/STM32L4xx_HAL_Driver/Src/stm32l4xx_hal_cortex.o"
arm-none-eabi-gcc "../Drivers/STM32L4xx_HAL_Driver/Src/stm32l4xx_hal_dma.c" -mcpu=cortex-m4 -std=gnu11 -DUSE_HAL_DRIVER -DSTM32L476xx -c -I../Core/Inc -I../Drivers/STM32L4xx_HAL_Driver/Inc -I../Drivers/STM32L4xx_HAL_Driver/Inc/Legacy -I../Drivers/CMSIS/Device/ST/STM32L4xx/Include -I../Drivers/CMSIS/Include -Os -ffunction-sections -fdata-sections -Wall -fstack-usage -fcyclomatic-complexity -MMD -MP -MF"Drivers/STM32L4xx_HAL_Driver/Src/stm32l4xx_hal_dma.d" -MT"Drivers/STM32L4xx_HAL_Driver/Src/stm32l4xx_hal_dma.o" --specs=nano.specs -mfpu=fpv4-sp-d16 -mfloat-abi=hard -mthumb -o "Drivers/STM32L4xx_HAL_Driver/Src/stm32l4xx_hal_dma.o"
arm-none-eabi-gcc "../Drivers/STM32L4xx_HAL_Driver/Src/stm32l4xx_hal_dma_ex.c" -mcpu=cortex-m4 -std=gnu11 -DUSE_HAL_DRIVER -DSTM32L476xx -c -I../Core/Inc -I../Drivers/STM32L4xx_HAL_Driver/Inc -I../Drivers/STM32L4xx_HAL_Driver/Inc/Legacy -I../Drivers/CMSIS/Device/ST/STM32L4xx/Include -I../Drivers/CMSIS/Include -Os -ffunction-sections -fdata-sections -Wall -fstack-usage -fcyclomatic-complexity -MMD -MP -MF"Drivers/STM32L4xx_HAL_Driver/Src/stm32l4xx_hal_dma_ex.d" -MT"Drivers/STM32L4xx_HAL_Driver/Src/stm32l4xx_hal_dma_ex.o" --specs=nano.specs -mfpu=fpv4-sp-d16 -mfloat-abi=hard -mthumb -o "Drivers/STM32L4xx_HAL_Driver/Src/stm32l4xx_hal_dma_ex.o"
arm-none-eabi-gcc "../Drivers/STM32L4xx_HAL_Driver/Src/stm32l4xx_hal_exti.c" -mcpu=cortex-m4 -std=gnu11 -DUSE_HAL_DRIVER -DSTM32L476xx -c -I../Core/Inc -I../Drivers/STM32L4xx_HAL_Driver/Inc -I../Drivers/STM32L4xx_HAL_Driver/Inc/Legacy -I../Drivers/CMSIS/Device/ST/STM32L4xx/Include -I../Drivers/CMSIS/Include -Os -ffunction-sections -fdata-sections -Wall -fstack-usage -fcyclomatic-complexity -MMD -MP -MF"Drivers/STM32L4xx_HAL_Driver/Src/stm32l4xx_hal_exti.d" -MT"Drivers/STM32L4xx_HAL_Driver/Src/stm32l4xx_hal_exti.o" --specs=nano.specs -mfpu=fpv4-sp-d16 -mfloat-abi=hard -mthumb -o "Drivers/STM32L4xx_HAL_Driver/Src/stm32l4xx_hal_exti.o"
arm-none-eabi-gcc "../Drivers/STM32L4xx_HAL_Driver/Src/stm32l4xx_hal_flash.c" -mcpu=cortex-m4 -std=gnu11 -DUSE_HAL_DRIVER -DSTM32L476xx -c -I../Core/Inc -I../Drivers/STM32L4xx_HAL_Driver/Inc -I../Drivers/STM32L4xx_HAL_Driver/Inc/Legacy -I../Drivers/CMSIS/Device/ST/STM32L4xx/Include -I../Drivers/CMSIS/Include -Os -ffunction-sections -fdata-sections -Wall -fstack-usage -fcyclomatic-complexity -MMD -MP -MF"Drivers/STM32L4xx_HAL_Driver/Src/stm32l4xx_hal_flash.d" -MT"Drivers/STM32L4xx_HAL_Driver/Src/stm32l4xx_hal_flash.o" --specs=nano.specs -mfpu=fpv4-sp-d16 -mfloat-abi=hard -mthumb -o "Drivers/STM32L4xx_HAL_Driver/Src/stm32l4xx_hal_flash.o"
arm-none-eabi-gcc "../Drivers/STM32L4xx_HAL_Driver/Src/stm32l4xx_hal_flash_ex.c" -mcpu=cortex-m4 -std=gnu11 -DUSE_HAL_DRIVER -DSTM32L476xx -c -I../Core/Inc -I../Drivers/STM32L4xx_HAL_Driver/Inc -I../Drivers/STM32L4xx_HAL_Driver/Inc/Legacy -I../Drivers/CMSIS/Device/ST/STM32L4xx/Include -I../Drivers/CMSIS/Include -Os -ffunction-sections -fdata-sections -Wall -fstack-usage -fcyclomatic-complexity -MMD -MP -MF"Drivers/STM32L4xx_HAL_Driver/Src/stm32l4xx_hal_flash_ex.d" -MT"Drivers/STM32L4xx_HAL_Driver/Src/stm32l4xx_hal_flash_ex.o" --specs=nano.specs -mfpu=fpv4-sp-d16 -mfloat-abi=hard -mthumb -o "Drivers/STM32L4xx_HAL_Driver/Src/stm32l4xx_hal_flash_ex.o"
arm-none-eabi-gcc "../Drivers/STM32L4xx_HAL_Driver/Src/stm32l4xx_hal_flash_ramfunc.c" -mcpu=cortex-m4 -std=gnu11 -DUSE_HAL_DRIVER -DSTM32L476xx -c -I../Core/Inc -I../Drivers/STM32L4xx_HAL_Driver/Inc -I../Drivers/STM32L4xx_HAL_Driver/Inc/Legacy -I../Drivers/CMSIS/Device/ST/STM32L4xx/Include -I../Drivers/CMSIS/Include -Os -ffunction-sections -fdata-sections -Wall -fstack-usage -fcyclomatic-complexity -MMD -MP -MF"Drivers/STM32L4xx_HAL_Driver/Src/stm32l4xx_hal_flash_ramfunc.d" -MT"Drivers/STM32L4xx_HAL_Driver/Src/stm32l4xx_hal_flash_ramfunc.o" --specs=nano.specs -mfpu=fpv4-sp-d16 -mfloat-abi=hard -mthumb -o "Drivers/STM32L4xx_HAL_Driver/Src/stm32l4xx_hal_flash_ramfunc.o"
arm-none-eabi-gcc "../Drivers/STM32L4xx_HAL_Driver/Src/stm32l4xx_hal_gpio.c" -mcpu=cortex-m4 -std=gnu11 -DUSE_HAL_DRIVER -DSTM32L476xx -c -I../Core/Inc -I../Drivers/STM32L4xx_HAL_Driver/Inc -I../Drivers/STM32L4xx_HAL_Driver/Inc/Legacy -I../Drivers/CMSIS/Device/ST/STM32L4xx/Include -I../Drivers/CMSIS/Include -Os -ffunction-sections -fdata-sections -Wall -fstack-usage -fcyclomatic-complexity -MMD -MP -MF"Drivers/STM32L4xx_HAL_Driver/Src/stm32l4xx_hal_gpio.d" -MT"Drivers/STM32L4xx_HAL_Driver/Src/stm32l4xx_hal_gpio.o" --specs=nano.specs -mfpu=fpv4-sp-d16 -mfloat-abi=hard -mthumb -o "Drivers/STM32L4xx_HAL_Driver/Src/stm32l4xx_hal_gpio.o"
arm-none-eabi-gcc "../Drivers/STM32L4xx_HAL_Driver/Src/stm32l4xx_hal_i2c.c" -mcpu=cortex-m4 -std=gnu11 -DUSE_HAL_DRIVER -DSTM32L476xx -c -I../Core/Inc -I../Drivers/STM32L4xx_HAL_Driver/Inc -I../Drivers/STM32L4xx_HAL_Driver/Inc/Legacy -I../Drivers/CMSIS/Device/ST/STM32L4xx/Include -I../Drivers/CMSIS/Include -Os -ffunction-sections -fdata-sections -Wall -fstack-usage -fcyclomatic-complexity -MMD -MP -MF"Drivers/STM32L4xx_HAL_Driver/Src/stm32l4xx_hal_i2c.d" -MT"Drivers/STM32L4xx_HAL_Driver/Src/stm32l4xx_hal_i2c.o" --specs=nano.specs -mfpu=fpv4-sp-d16 -mfloat-abi=hard -mthumb -o "Drivers/STM32L4xx_HAL_Driver/Src/stm32l4xx_hal_i2c.o"
arm-none-eabi-gcc "../Drivers/STM32L4xx_HAL_Driver/Src/stm32l4xx_hal_i2c_ex.c" -mcpu=cortex-m4 -std=gnu11 -DUSE_HAL_DRIVER -DSTM32L476xx -c -I../Core/Inc -I../Drivers/STM32L4xx_HAL_Driver/Inc -I../Drivers/STM32L4xx_HAL_Driver/Inc/Legacy -I../Drivers/CMSIS/Device/ST/STM32L4xx/Include -I../Drivers/CMSIS/Include -Os -ffunction-sections -fdata-sections -Wall -fstack-usage -fcyclomatic-complexity -MMD -MP -MF"Drivers/STM32L4xx_HAL_Driver/Src/stm32l4xx_hal_i2c_ex.d" -MT"Drivers/STM32L4xx_HAL_Driver/Src/stm32l4xx_hal_i2c_ex.o" --specs=nano.specs -mfpu=fpv4-sp-d16 -mfloat-abi=hard -mthumb -o "Drivers/STM32L4xx_HAL_Driver/Src/stm32l4xx_hal_i2c_ex.o"
arm-none-eabi-gcc "../Drivers/STM32L4xx_HAL_Driver/Src/stm32l4xx_hal_pwr.c" -mcpu=cortex-m4 -std=gnu11 -DUSE_HAL_DRIVER -DSTM32L476xx -c -I../Core/Inc -I../Drivers/STM32L4xx_HAL_Driver/Inc -I../Drivers/STM32L4xx_HAL_Driver/Inc/Legacy -I../Drivers/CMSIS/Device/ST/STM32L4xx/Include -I../Drivers/CMSIS/Include -Os -ffunction-sections -fdata-sections -Wall -fstack-usage -fcyclomatic-complexity -MMD -MP -MF"Drivers/STM32L4xx_HAL_Driver/Src/stm32l4xx_hal_pwr.d" -MT"Drivers/STM32L4xx_HAL_Driver/Src/stm32l4xx_hal_pwr.o" --specs=nano.specs -mfpu=fpv4-sp-d16 -mfloat-abi=hard -mthumb -o "Drivers/STM32L4xx_HAL_Driver/Src/stm32l4xx_hal_pwr.o"
arm-none-eabi-gcc "../Drivers/STM32L4xx_HAL_Driver/Src/stm32l4xx_hal_pwr_ex.c" -mcpu=cortex-m4 -std=gnu11 -DUSE_HAL_DRIVER -DSTM32L476xx -c -I../Core/Inc -I../Drivers/STM32L4xx_HAL_Driver/Inc -I../Drivers/STM32L4xx_HAL_Driver/Inc/Legacy -I../Drivers/CMSIS/Device/ST/STM32L4xx/Include -I../Drivers/CMSIS/Include -Os -ffunction-sections -fdata-sections -Wall -fstack-usage -fcyclomatic-complexity -MMD -MP -MF"Drivers/STM32L4xx_HAL_Driver/Src/stm32l4xx_hal_pwr_ex.d" -MT"Drivers/STM32L4xx_HAL_Driver/Src/stm32l4xx_hal_pwr_ex.o" --specs=nano.specs -mfpu=fpv4-sp-d16 -mfloat-abi=hard -mthumb -o "Drivers/STM32L4xx_HAL_Driver/Src/stm32l4xx_hal_pwr_ex.o"
arm-none-eabi-gcc "../Drivers/STM32L4xx_HAL_Driver/Src/stm32l4xx_hal_rcc.c" -mcpu=cortex-m4 -std=gnu11 -DUSE_HAL_DRIVER -DSTM32L476xx -c -I../Core/Inc -I../Drivers/STM32L4xx_HAL_Driver/Inc -I../Drivers/STM32L4xx_HAL_Driver/Inc/Legacy -I../Drivers/CMSIS/Device/ST/STM32L4xx/Include -I../Drivers/CMSIS/Include -Os -ffunction-sections -fdata-sections -Wall -fstack-usage -fcyclomatic-complexity -MMD -MP -MF"Drivers/STM32L4xx_HAL_Driver/Src/stm32l4xx_hal_rcc.d" -MT"Drivers/STM32L4xx_HAL_Driver/Src/stm32l4xx_hal_rcc.o" --specs=nano.specs -mfpu=fpv4-sp-d16 -mfloat-abi=hard -mthumb -o "Drivers/STM32L4xx_HAL_Driver/Src/stm32l4xx_hal_rcc.o"
arm-none-eabi-gcc "../Drivers/STM32L4xx_HAL_Driver/Src/stm32l4xx_hal_rcc_ex.c" -mcpu=cortex-m4 -std=gnu11 -DUSE_HAL_DRIVER -DSTM32L476xx -c -I../Core/Inc -I../Drivers/STM32L4xx_HAL_Driver/Inc -I../Drivers/STM32L4xx_HAL_Driver/Inc/Legacy -I../Drivers/CMSIS/Device/ST/STM32L4xx/Include -I../Drivers/CMSIS/Include -Os -ffunction-sections -fdata-sections -Wall -fstack-usage -fcyclomatic-complexity -MMD -MP -MF"Drivers/STM32L4xx_HAL_Driver/Src/stm32l4xx_hal_rcc_ex.d" -MT"Drivers/STM32L4xx_HAL_Driver/Src/stm32l4xx_hal_rcc_ex.o" --specs=nano.specs -mfpu=fpv4-sp-d16 -mfloat-abi=hard -mthumb -o "Drivers/STM32L4xx_HAL_Driver/Src/stm32l4xx_hal_rcc_ex.o"
arm-none-eabi-gcc "../Drivers/STM32L4xx_HAL_Driver/Src/stm32l4xx_hal_uart.c" -mcpu=cortex-m4 -std=gnu11 -DUSE_HAL_DRIVER -DSTM32L476xx -c -I../Core/Inc -I../Drivers/STM32L4xx_HAL_Driver/Inc -I../Drivers/STM32L4xx_HAL_Driver/Inc/Legacy -I../Drivers/CMSIS/Device/ST/STM32L4xx/Include -I../Drivers/CMSIS/Include -Os -ffunction-sections -fdata-sections -Wall -fstack-usage -fcyclomatic-complexity -MMD -MP -MF"Drivers/STM32L4xx_HAL_Driver/Src/stm32l4xx_hal_uart.d" -MT"Drivers/STM32L4xx_HAL_Driver/Src/stm32l4xx_hal_uart.o" --specs=nano.specs -mfpu=fpv4-sp-d16 -mfloat-abi=hard -mthumb -o "Drivers/STM32L4xx_HAL_Driver/Src/stm32l4xx_hal_uart.o"
arm-none-eabi-gcc "../Drivers/STM32L4xx_HAL_Driver/Src/stm32l4xx_hal_uart_ex.c" -mcpu=cortex-m4 -std=gnu11 -DUSE_HAL_DRIVER -DSTM32L476xx -c -I../Core/Inc -I../Drivers/STM32L4xx_HAL_Driver/Inc -I../Drivers/STM32L4xx_HAL_Driver/Inc/Legacy -I../Drivers/CMSIS/Device/ST/STM32L4xx/Include -I../Drivers/CMSIS/Include -Os -ffunction-sections -fdata-sections -Wall -fstack-usage -fcyclomatic-complexity -MMD -MP -MF"Drivers/STM32L4xx_HAL_Driver/Src/stm32l4xx_hal_uart_ex.d" -MT"Drivers/STM32L4xx_HAL_Driver/Src/stm32l4xx_hal_uart_ex.o" --specs=nano.specs -mfpu=fpv4-sp-d16 -mfloat-abi=hard -mthumb -o "Drivers/STM32L4xx_HAL_Driver/Src/stm32l4xx_hal_uart_ex.o"
arm-none-eabi-gcc -mcpu=cortex-m4 -c -x assembler-with-cpp -MMD -MP -MF"Core/Startup/startup_stm32l476rgtx.d" -MT"Core/Startup/startup_stm32l476rgtx.o" --specs=nano.specs -mfpu=fpv4-sp-d16 -mfloat-abi=hard -mthumb -o "Core/Startup/startup_stm32l476rgtx.o" "../Core/Startup/startup_stm32l476rgtx.s"
arm-none-eabi-gcc "../Core/Src/main.c" -mcpu=cortex-m4 -std=gnu11 -DUSE_HAL_DRIVER -DSTM32L476xx -c -I../Core/Inc -I../Drivers/STM32L4xx_HAL_Driver/Inc -I../Drivers/STM32L4xx_HAL_Driver/Inc/Legacy -I../Drivers/CMSIS/Device/ST/STM32L4xx/Include -I../Drivers/CMSIS/Include -Os -ffunction-sections -fdata-sections -Wall -fstack-usage -fcyclomatic-complexity -MMD -MP -MF"Core/Src/main.d" -MT"Core/Src/main.o" --specs=nano.specs -mfpu=fpv4-sp-d16 -mfloat-abi=hard -mthumb -o "Core/Src/main.o"
arm-none-eabi-gcc "../Core/Src/stm32l4xx_hal_msp.c" -mcpu=cortex-m4 -std=gnu11 -DUSE_HAL_DRIVER -DSTM32L476xx -c -I../Core/Inc -I../Drivers/STM32L4xx_HAL_Driver/Inc -I../Drivers/STM32L4xx_HAL_Driver/Inc/Legacy -I../Drivers/CMSIS/Device/ST/STM32L4xx/Include -I../Drivers/CMSIS/Include -Os -ffunction-sections -fdata-sections -Wall -fstack-usage -fcyclomatic-complexity -MMD -MP -MF"Core/Src/stm32l4xx_hal_msp.d" -MT"Core/Src/stm32l4xx_hal_msp.o" --specs=nano.specs -mfpu=fpv4-sp-d16 -mfloat-abi=hard -mthumb -o "Core/Src/stm32l4xx_hal_msp.o"
arm-none-eabi-gcc "../Core/Src/stm32l4xx_it.c" -mcpu=cortex-m4 -std=gnu11 -DUSE_HAL_DRIVER -DSTM32L476xx -c -I../Core/Inc -I../Drivers/STM32L4xx_HAL_Driver/Inc -I../Drivers/STM32L4xx_HAL_Driver/Inc/Legacy -I../Drivers/CMSIS/Device/ST/STM32L4xx/Include -I../Drivers/CMSIS/Include -Os -ffunction-sections -fdata-sections -Wall -fstack-usage -fcyclomatic-complexity -MMD -MP -MF"Core/Src/stm32l4xx_it.d" -MT"Core/Src/stm32l4xx_it.o" --specs=nano.specs -mfpu=fpv4-sp-d16 -mfloat-abi=hard -mthumb -o "Core/Src/stm32l4xx_it.o"
arm-none-eabi-gcc "../Core/Src/syscalls.c" -mcpu=cortex-m4 -std=gnu11 -DUSE_HAL_DRIVER -DSTM32L476xx -c -I../Core/Inc -I../Drivers/STM32L4xx_HAL_Driver/Inc -I../Drivers/STM32L4xx_HAL_Driver/Inc/Legacy -I../Drivers/CMSIS/Device/ST/STM32L4xx/Include -I../Drivers/CMSIS/Include -Os -ffunction-sections -fdata-sections -Wall -fstack-usage -fcyclomatic-complexity -MMD -MP -MF"Core/Src/syscalls.d" -MT"Core/Src/syscalls.o" --specs=nano.specs -mfpu=fpv4-sp-d16 -mfloat-abi=hard -mthumb -o "Core/Src/syscalls.o"
arm-none-eabi-gcc "../Core/Src/sysmem.c" -mcpu=cortex-m4 -std=gnu11 -DUSE_HAL_DRIVER -DSTM32L476xx -c -I../Core/Inc -I../Drivers/STM32L4xx_HAL_Driver/Inc -I../Drivers/STM32L4xx_HAL_Driver/Inc/Legacy -I../Drivers/CMSIS/Device/ST/STM32L4xx/Include -I../Drivers/CMSIS/Include -Os -ffunction-sections -fdata-sections -Wall -fstack-usage -fcyclomatic-complexity -MMD -MP -MF"Core/Src/sysmem.d" -MT"Core/Src/sysmem.o" --specs=nano.specs -mfpu=fpv4-sp-d16 -mfloat-abi=hard -mthumb -o "Core/Src/sysmem.o"
arm-none-eabi-gcc "../Core/Src/system_stm32l4xx.c" -mcpu=cortex-m4 -std=gnu11 -DUSE_HAL_DRIVER -DSTM32L476xx -c -I../Core/Inc -I../Drivers/STM32L4xx_HAL_Driver/Inc -I../Drivers/STM32L4xx_HAL_Driver/Inc/Legacy -I../Drivers/CMSIS/Device/ST/STM32L4xx/Include -I../Drivers/CMSIS/Include -Os -ffunction-sections -fdata-sections -Wall -fstack-usage -fcyclomatic-complexity -MMD -MP -MF"Core/Src/system_stm32l4xx.d" -MT"Core/Src/system_stm32l4xx.o" --specs=nano.specs -mfpu=fpv4-sp-d16 -mfloat-abi=hard -mthumb -o "Core/Src/system_stm32l4xx.o"
../Core/Src/main.c:127:13: warning: 'MX_USART2_UART_Init' defined but not used [-Wunused-function]
  127 | static void MX_USART2_UART_Init(void)
      |             ^~~~~~~~~~~~~~~~~~~
arm-none-eabi-gcc -o "STM32L476RGT6.elf" @"objects.list"   -mcpu=cortex-m4 -T"D:\Projekty\TrinityTrack6000\STM32\STM32L476RGT6\STM32L476RGTX_FLASH.ld" --specs=nosys.specs -Wl,-Map="STM32L476RGT6.map" -Wl,--gc-sections -static --specs=nano.specs -mfpu=fpv4-sp-d16 -mfloat-abi=hard -mthumb -Wl,--start-group -lc -lm -Wl,--end-group
Finished building target: STM32L476RGT6.elf
 
arm-none-eabi-size  STM32L476RGT6.elf 
arm-none-eabi-objdump -h -S STM32L476RGT6.elf  > "STM32L476RGT6.list"
   text	   data	    bss	    dec	    hex	filename
   7808	     12	   2084	   9904	   26b0	STM32L476RGT6.elf
Finished building: default.size.stdout
 
Finished building: STM32L476RGT6.list
 
18:35:15 **** Incremental Build of configuration Release for project STM32L476RGT6 ****
make -j12 all 
arm-none-eabi-size  STM32L476RGT6.elf 
   text	   data	    bss	    dec	    hex	filename
   7808	     12	   2084	   9904	   26b0	STM32L476RGT6.elf
Finished building: default.size.stdout
 
18:38:26 **** Incremental Build of configuration Release for project STM32L476RGT6 ****
make -j12 all 
arm-none-eabi-size  STM32L476RGT6.elf 
   text	   data	    bss	    dec	    hex	filename
   7808	     12	   2084	   9904	   26b0	STM32L476RGT6.elf
Finished building: default.size.stdout
 
18:39:38 **** Incremental Build of configuration Release for project STM32L476RGT6 ****
make -j12 all 
arm-none-eabi-size  STM32L476RGT6.elf 
   text	   data	    bss	    dec	    hex	filename
   7808	     12	   2084	   9904	   26b0	STM32L476RGT6.elf
Finished building: default.size.stdout
 
18:42:45 **** Incremental Build of configuration Release for project STM32L476RGT6 ****
make -j12 all 
arm-none-eabi-size  STM32L476RGT6.elf 
   text	   data	    bss	    dec	    hex	filename
   7808	     12	   2084	   9904	   26b0	STM32L476RGT6.elf
Finished building: default.size.stdout
 
19:53:26 **** Incremental Build of configuration Release for project STM32L476RGT6 ****
make -j12 all 
arm-none-eabi-gcc "../Core/Src/main.c" -mcpu=cortex-m4 -std=gnu11 -DUSE_HAL_DRIVER -DSTM32L476xx -c -I../Core/Inc -I../Drivers/STM32L4xx_HAL_Driver/Inc -I../Drivers/STM32L4xx_HAL_Driver/Inc/Legacy -I../Drivers/CMSIS/Device/ST/STM32L4xx/Include -I../Drivers/CMSIS/Include -Os -ffunction-sections -fdata-sections -Wall -fstack-usage -fcyclomatic-complexity -MMD -MP -MF"Core/Src/main.d" -MT"Core/Src/main.o" --specs=nano.specs -mfpu=fpv4-sp-d16 -mfloat-abi=hard -mthumb -o "Core/Src/main.o"
../Core/Src/main.c:117:13: warning: 'MX_USART2_UART_Init' defined but not used [-Wunused-function]
  117 | static void MX_USART2_UART_Init(void)
      |             ^~~~~~~~~~~~~~~~~~~
arm-none-eabi-gcc -o "STM32L476RGT6.elf" @"objects.list"   -mcpu=cortex-m4 -T"D:\Projekty\TrinityTrack6000\STM32\STM32L476RGT6\STM32L476RGTX_FLASH.ld" --specs=nosys.specs -Wl,-Map="STM32L476RGT6.map" -Wl,--gc-sections -static --specs=nano.specs -mfpu=fpv4-sp-d16 -mfloat-abi=hard -mthumb -Wl,--start-group -lc -lm -Wl,--end-group
D:/Programy/STM32CubeIDE_1.19.0/STM32CubeIDE/plugins/com.st.stm32cube.ide.mcu.externaltools.gnu-tools-for-stm32.13.3.rel1.win32_1.0.0.202411081344/tools/bin/../lib/gcc/arm-none-eabi/13.3.1/../../../../arm-none-eabi/bin/ld.exe: ./Core/Src/main.o: in function `main':
main.c:(.text.startup.main+0x4): undefined reference to `initializeSystem'
collect2.exe: error: ld returned 1 exit status
make: *** [makefile:64: STM32L476RGT6.elf] Error 1
"make -j12 all" terminated with exit code 2. Build might be incomplete.
19:54:34 **** Incremental Build of configuration Release for project STM32L476RGT6 ****
make -j12 all 
arm-none-eabi-gcc "../Core/Src/main.c" -mcpu=cortex-m4 -std=gnu11 -DUSE_HAL_DRIVER -DSTM32L476xx -c -I../Core/Inc -I../Drivers/STM32L4xx_HAL_Driver/Inc -I../Drivers/STM32L4xx_HAL_Driver/Inc/Legacy -I../Drivers/CMSIS/Device/ST/STM32L4xx/Include -I../Drivers/CMSIS/Include -Os -ffunction-sections -fdata-sections -Wall -fstack-usage -fcyclomatic-complexity -MMD -MP -MF"Core/Src/main.d" -MT"Core/Src/main.o" --specs=nano.specs -mfpu=fpv4-sp-d16 -mfloat-abi=hard -mthumb -o "Core/Src/main.o"
../Core/Src/main.c:117:13: warning: 'MX_USART2_UART_Init' defined but not used [-Wunused-function]
  117 | static void MX_USART2_UART_Init(void)
      |             ^~~~~~~~~~~~~~~~~~~
arm-none-eabi-gcc -o "STM32L476RGT6.elf" @"objects.list"   -mcpu=cortex-m4 -T"D:\Projekty\TrinityTrack6000\STM32\STM32L476RGT6\STM32L476RGTX_FLASH.ld" --specs=nosys.specs -Wl,-Map="STM32L476RGT6.map" -Wl,--gc-sections -static --specs=nano.specs -mfpu=fpv4-sp-d16 -mfloat-abi=hard -mthumb -Wl,--start-group -lc -lm -Wl,--end-group
Finished building target: STM32L476RGT6.elf
 
arm-none-eabi-size  STM32L476RGT6.elf 
arm-none-eabi-objdump -h -S STM32L476RGT6.elf  > "STM32L476RGT6.list"
   text	   data	    bss	    dec	    hex	filename
   3360	     12	   2084	   5456	   1550	STM32L476RGT6.elf
Finished building: default.size.stdout
 
Finished building: STM32L476RGT6.list
 
20:00:07 **** Incremental Build of configuration Release for project STM32L476RGT6 ****
make -j12 all 
arm-none-eabi-gcc "../Core/Src/main.c" -mcpu=cortex-m4 -std=gnu11 -DUSE_HAL_DRIVER -DSTM32L476xx -c -I../Core/Inc -I../Drivers/STM32L4xx_HAL_Driver/Inc -I../Drivers/STM32L4xx_HAL_Driver/Inc/Legacy -I../Drivers/CMSIS/Device/ST/STM32L4xx/Include -I../Drivers/CMSIS/Include -Os -ffunction-sections -fdata-sections -Wall -fstack-usage -fcyclomatic-complexity -MMD -MP -MF"Core/Src/main.d" -MT"Core/Src/main.o" --specs=nano.specs -mfpu=fpv4-sp-d16 -mfloat-abi=hard -mthumb -o "Core/Src/main.o"
../Core/Src/main.c:117:13: warning: 'MX_USART2_UART_Init' defined but not used [-Wunused-function]
  117 | static void MX_USART2_UART_Init(void)
      |             ^~~~~~~~~~~~~~~~~~~
arm-none-eabi-gcc -o "STM32L476RGT6.elf" @"objects.list"   -mcpu=cortex-m4 -T"D:\Projekty\TrinityTrack6000\STM32\STM32L476RGT6\STM32L476RGTX_FLASH.ld" --specs=nosys.specs -Wl,-Map="STM32L476RGT6.map" -Wl,--gc-sections -static --specs=nano.specs -mfpu=fpv4-sp-d16 -mfloat-abi=hard -mthumb -Wl,--start-group -lc -lm -Wl,--end-group
D:/Programy/STM32CubeIDE_1.19.0/STM32CubeIDE/plugins/com.st.stm32cube.ide.mcu.externaltools.gnu-tools-for-stm32.13.3.rel1.win32_1.0.0.202411081344/tools/bin/../lib/gcc/arm-none-eabi/13.3.1/../../../../arm-none-eabi/bin/ld.exe: ./Core/Src/main.o: in function `main':
main.c:(.text.startup.main+0x4): undefined reference to `initializeSystem'
collect2.exe: error: ld returned 1 exit status
make: *** [makefile:64: STM32L476RGT6.elf] Error 1
"make -j12 all" terminated with exit code 2. Build might be incomplete.
10:50:33 **** Clean-only build of configuration Debug for project STM32G473CET6 ****
make -j12 clean 
rm -rf ./Middlewares/ST/threadx/ports/cortex_m4/gnu/src/tx_thread_context_restore.d ./Middlewares/ST/threadx/ports/cortex_m4/gnu/src/tx_thread_context_restore.o ./Middlewares/ST/threadx/ports/cortex_m4/gnu/src/tx_thread_context_save.d ./Middlewares/ST/threadx/ports/cortex_m4/gnu/src/tx_thread_context_save.o ./Middlewares/ST/threadx/ports/cortex_m4/gnu/src/tx_thread_interrupt_control.d ./Middlewares/ST/threadx/ports/cortex_m4/gnu/src/tx_thread_interrupt_control.o ./Middlewares/ST/threadx/ports/cortex_m4/gnu/src/tx_thread_interrupt_disable.d ./Middlewares/ST/threadx/ports/cortex_m4/gnu/src/tx_thread_interrupt_disable.o ./Middlewares/ST/threadx/ports/cortex_m4/gnu/src/tx_thread_interrupt_restore.d ./Middlewares/ST/threadx/ports/cortex_m4/gnu/src/tx_thread_interrupt_restore.o ./Middlewares/ST/threadx/ports/cortex_m4/gnu/src/tx_thread_schedule.d ./Middlewares/ST/threadx/ports/cortex_m4/gnu/src/tx_thread_schedule.o ./Middlewares/ST/threadx/ports/cortex_m4/gnu/src/tx_thread_stack_build.d ./Middlewares/ST/threadx/ports/cortex_m4/gnu/src/tx_thread_stack_build.o ./Middlewares/ST/threadx/ports/cortex_m4/gnu/src/tx_thread_system_return.d ./Middlewares/ST/threadx/ports/cortex_m4/gnu/src/tx_thread_system_return.o ./Middlewares/ST/threadx/ports/cortex_m4/gnu/src/tx_timer_interrupt.d ./Middlewares/ST/threadx/ports/cortex_m4/gnu/src/tx_timer_interrupt.o
rm -rf ./Middlewares/ST/threadx/common/src/tx_block_allocate.cyclo ./Middlewares/ST/threadx/common/src/tx_block_allocate.d ./Middlewares/ST/threadx/common/src/tx_block_allocate.o ./Middlewares/ST/threadx/common/src/tx_block_allocate.su ./Middlewares/ST/threadx/common/src/tx_block_pool_cleanup.cyclo ./Middlewares/ST/threadx/common/src/tx_block_pool_cleanup.d ./Middlewares/ST/threadx/common/src/tx_block_pool_cleanup.o ./Middlewares/ST/threadx/common/src/tx_block_pool_cleanup.su ./Middlewares/ST/threadx/common/src/tx_block_pool_create.cyclo ./Middlewares/ST/threadx/common/src/tx_block_pool_create.d ./Middlewares/ST/threadx/common/src/tx_block_pool_create.o ./Middlewares/ST/threadx/common/src/tx_block_pool_create.su ./Middlewares/ST/threadx/common/src/tx_block_pool_delete.cyclo ./Middlewares/ST/threadx/common/src/tx_block_pool_delete.d ./Middlewares/ST/threadx/common/src/tx_block_pool_delete.o ./Middlewares/ST/threadx/common/src/tx_block_pool_delete.su ./Middlewares/ST/threadx/common/src/tx_block_pool_info_get.cyclo ./Middlewares/ST/threadx/common/src/tx_block_pool_info_get.d ./Middlewares/ST/threadx/common/src/tx_block_pool_info_get.o ./Middlewares/ST/threadx/common/src/tx_block_pool_info_get.su ./Middlewares/ST/threadx/common/src/tx_block_pool_initialize.cyclo ./Middlewares/ST/threadx/common/src/tx_block_pool_initialize.d ./Middlewares/ST/threadx/common/src/tx_block_pool_initialize.o ./Middlewares/ST/threadx/common/src/tx_block_pool_initialize.su ./Middlewares/ST/threadx/common/src/tx_block_pool_prioritize.cyclo ./Middlewares/ST/threadx/common/src/tx_block_pool_prioritize.d ./Middlewares/ST/threadx/common/src/tx_block_pool_prioritize.o ./Middlewares/ST/threadx/common/src/tx_block_pool_prioritize.su ./Middlewares/ST/threadx/common/src/tx_block_release.cyclo ./Middlewares/ST/threadx/common/src/tx_block_release.d ./Middlewares/ST/threadx/common/src/tx_block_release.o ./Middlewares/ST/threadx/common/src/tx_block_release.su ./Middlewares/ST/threadx/common/src/tx_byte_allocate.cyclo ./Middlewares/ST/threadx/common/src/tx_byte_allocate.d ./Middlewares/ST/threadx/common/src/tx_byte_allocate.o ./Middlewares/ST/threadx/common/src/tx_byte_allocate.su ./Middlewares/ST/threadx/common/src/tx_byte_pool_cleanup.cyclo ./Middlewares/ST/threadx/common/src/tx_byte_pool_cleanup.d ./Middlewares/ST/threadx/common/src/tx_byte_pool_cleanup.o ./Middlewares/ST/threadx/common/src/tx_byte_pool_cleanup.su ./Middlewares/ST/threadx/common/src/tx_byte_pool_create.cyclo ./Middlewares/ST/threadx/common/src/tx_byte_pool_create.d ./Middlewares/ST/threadx/common/src/tx_byte_pool_create.o ./Middlewares/ST/threadx/common/src/tx_byte_pool_create.su ./Middlewares/ST/threadx/common/src/tx_byte_pool_delete.cyclo ./Middlewares/ST/threadx/common/src/tx_byte_pool_delete.d ./Middlewares/ST/threadx/common/src/tx_byte_pool_delete.o ./Middlewares/ST/threadx/common/src/tx_byte_pool_delete.su ./Middlewares/ST/threadx/common/src/tx_byte_pool_info_get.cyclo ./Middlewares/ST/threadx/common/src/tx_byte_pool_info_get.d ./Middlewares/ST/threadx/common/src/tx_byte_pool_info_get.o ./Middlewares/ST/threadx/common/src/tx_byte_pool_info_get.su ./Middlewares/ST/threadx/common/src/tx_byte_pool_initialize.cyclo ./Middlewares/ST/threadx/common/src/tx_byte_pool_initialize.d ./Middlewares/ST/threadx/common/src/tx_byte_pool_initialize.o ./Middlewares/ST/threadx/common/src/tx_byte_pool_initialize.su ./Middlewares/ST/threadx/common/src/tx_byte_pool_prioritize.cyclo ./Middlewares/ST/threadx/common/src/tx_byte_pool_prioritize.d ./Middlewares/ST/threadx/common/src/tx_byte_pool_prioritize.o ./Middlewares/ST/threadx/common/src/tx_byte_pool_prioritize.su ./Middlewares/ST/threadx/common/src/tx_byte_pool_search.cyclo ./Middlewares/ST/threadx/common/src/tx_byte_pool_search.d ./Middlewares/ST/threadx/common/src/tx_byte_pool_search.o ./Middlewares/ST/threadx/common/src/tx_byte_pool_search.su ./Middlewares/ST/threadx/common/src/tx_byte_release.cyclo ./Middlewares/ST/threadx/common/src/tx_byte_release.d ./Middlewares/ST/threadx/common/src/tx_byte_release.o ./Middlewares/ST/threadx/common/src/tx_byte_release.su ./Middlewares/ST/threadx/common/src/tx_event_flags_cleanup.cyclo ./Middlewares/ST/threadx/common/src/tx_event_flags_cleanup.d ./Middlewares/ST/threadx/common/src/tx_event_flags_cleanup.o ./Middlewares/ST/threadx/common/src/tx_event_flags_cleanup.su ./Middlewares/ST/threadx/common/src/tx_event_flags_create.cyclo ./Middlewares/ST/threadx/common/src/tx_event_flags_create.d ./Middlewares/ST/threadx/common/src/tx_event_flags_create.o ./Middlewares/ST/threadx/common/src/tx_event_flags_create.su ./Middlewares/ST/threadx/common/src/tx_event_flags_delete.cyclo ./Middlewares/ST/threadx/common/src/tx_event_flags_delete.d ./Middlewares/ST/threadx/common/src/tx_event_flags_delete.o ./Middlewares/ST/threadx/common/src/tx_event_flags_delete.su ./Middlewares/ST/threadx/common/src/tx_event_flags_get.cyclo ./Middlewares/ST/threadx/common/src/tx_event_flags_get.d ./Middlewares/ST/threadx/common/src/tx_event_flags_get.o ./Middlewares/ST/threadx/common/src/tx_event_flags_get.su ./Middlewares/ST/threadx/common/src/tx_event_flags_info_get.cyclo ./Middlewares/ST/threadx/common/src/tx_event_flags_info_get.d ./Middlewares/ST/threadx/common/src/tx_event_flags_info_get.o ./Middlewares/ST/threadx/common/src/tx_event_flags_info_get.su ./Middlewares/ST/threadx/common/src/tx_event_flags_initialize.cyclo ./Middlewares/ST/threadx/common/src/tx_event_flags_initialize.d ./Middlewares/ST/threadx/common/src/tx_event_flags_initialize.o ./Middlewares/ST/threadx/common/src/tx_event_flags_initialize.su ./Middlewares/ST/threadx/common/src/tx_event_flags_set.cyclo ./Middlewares/ST/threadx/common/src/tx_event_flags_set.d ./Middlewares/ST/threadx/common/src/tx_event_flags_set.o ./Middlewares/ST/threadx/common/src/tx_event_flags_set.su ./Middlewares/ST/threadx/common/src/tx_event_flags_set_notify.cyclo ./Middlewares/ST/threadx/common/src/tx_event_flags_set_notify.d
rm -rf ./Drivers/STM32G4xx_HAL_Driver/Src/stm32g4xx_hal.cyclo ./Drivers/STM32G4xx_HAL_Driver/Src/stm32g4xx_hal.d ./Drivers/STM32G4xx_HAL_Driver/Src/stm32g4xx_hal.o ./Drivers/STM32G4xx_HAL_Driver/Src/stm32g4xx_hal.su ./Drivers/STM32G4xx_HAL_Driver/Src/stm32g4xx_hal_adc.cyclo ./Drivers/STM32G4xx_HAL_Driver/Src/stm32g4xx_hal_adc.d ./Drivers/STM32G4xx_HAL_Driver/Src/stm32g4xx_hal_adc.o ./Drivers/STM32G4xx_HAL_Driver/Src/stm32g4xx_hal_adc.su ./Drivers/STM32G4xx_HAL_Driver/Src/stm32g4xx_hal_adc_ex.cyclo ./Drivers/STM32G4xx_HAL_Driver/Src/stm32g4xx_hal_adc_ex.d ./Drivers/STM32G4xx_HAL_Driver/Src/stm32g4xx_hal_adc_ex.o ./Drivers/STM32G4xx_HAL_Driver/Src/stm32g4xx_hal_adc_ex.su ./Drivers/STM32G4xx_HAL_Driver/Src/stm32g4xx_hal_cordic.cyclo ./Drivers/STM32G4xx_HAL_Driver/Src/stm32g4xx_hal_cordic.d ./Drivers/STM32G4xx_HAL_Driver/Src/stm32g4xx_hal_cordic.o ./Drivers/STM32G4xx_HAL_Driver/Src/stm32g4xx_hal_cordic.su ./Drivers/STM32G4xx_HAL_Driver/Src/stm32g4xx_hal_cortex.cyclo ./Drivers/STM32G4xx_HAL_Driver/Src/stm32g4xx_hal_cortex.d ./Drivers/STM32G4xx_HAL_Driver/Src/stm32g4xx_hal_cortex.o ./Drivers/STM32G4xx_HAL_Driver/Src/stm32g4xx_hal_cortex.su ./Drivers/STM32G4xx_HAL_Driver/Src/stm32g4xx_hal_dma.cyclo ./Drivers/STM32G4xx_HAL_Driver/Src/stm32g4xx_hal_dma.d ./Drivers/STM32G4xx_HAL_Driver/Src/stm32g4xx_hal_dma.o ./Drivers/STM32G4xx_HAL_Driver/Src/stm32g4xx_hal_dma.su ./Drivers/STM32G4xx_HAL_Driver/Src/stm32g4xx_hal_dma_ex.cyclo ./Drivers/STM32G4xx_HAL_Driver/Src/stm32g4xx_hal_dma_ex.d ./Drivers/STM32G4xx_HAL_Driver/Src/stm32g4xx_hal_dma_ex.o ./Drivers/STM32G4xx_HAL_Driver/Src/stm32g4xx_hal_dma_ex.su ./Drivers/STM32G4xx_HAL_Driver/Src/stm32g4xx_hal_exti.cyclo ./Drivers/STM32G4xx_HAL_Driver/Src/stm32g4xx_hal_exti.d ./Drivers/STM32G4xx_HAL_Driver/Src/stm32g4xx_hal_exti.o ./Drivers/STM32G4xx_HAL_Driver/Src/stm32g4xx_hal_exti.su ./Drivers/STM32G4xx_HAL_Driver/Src/stm32g4xx_hal_flash.cyclo ./Drivers/STM32G4xx_HAL_Driver/Src/stm32g4xx_hal_flash.d ./Drivers/STM32G4xx_HAL_Driver/Src/stm32g4xx_hal_flash.o ./Drivers/STM32G4xx_HAL_Driver/Src/stm32g4xx_hal_flash.su ./Drivers/STM32G4xx_HAL_Driver/Src/stm32g4xx_hal_flash_ex.cyclo ./Drivers/STM32G4xx_HAL_Driver/Src/stm32g4xx_hal_flash_ex.d ./Drivers/STM32G4xx_HAL_Driver/Src/stm32g4xx_hal_flash_ex.o ./Drivers/STM32G4xx_HAL_Driver/Src/stm32g4xx_hal_flash_ex.su ./Drivers/STM32G4xx_HAL_Driver/Src/stm32g4xx_hal_flash_ramfunc.cyclo ./Drivers/STM32G4xx_HAL_Driver/Src/stm32g4xx_hal_flash_ramfunc.d ./Drivers/STM32G4xx_HAL_Driver/Src/stm32g4xx_hal_flash_ramfunc.o ./Drivers/STM32G4xx_HAL_Driver/Src/stm32g4xx_hal_flash_ramfunc.su ./Drivers/STM32G4xx_HAL_Driver/Src/stm32g4xx_hal_gpio.cyclo ./Drivers/STM32G4xx_HAL_Driver/Src/stm32g4xx_hal_gpio.d ./Drivers/STM32G4xx_HAL_Driver/Src/stm32g4xx_hal_gpio.o ./Drivers/STM32G4xx_HAL_Driver/Src/stm32g4xx_hal_gpio.su ./Drivers/STM32G4xx_HAL_Driver/Src/stm32g4xx_hal_i2c.cyclo ./Drivers/STM32G4xx_HAL_Driver/Src/stm32g4xx_hal_i2c.d ./Drivers/STM32G4xx_HAL_Driver/Src/stm32g4xx_hal_i2c.o ./Drivers/STM32G4xx_HAL_Driver/Src/stm32g4xx_hal_i2c.su ./Drivers/STM32G4xx_HAL_Driver/Src/stm32g4xx_hal_i2c_ex.cyclo ./Drivers/STM32G4xx_HAL_Driver/Src/stm32g4xx_hal_i2c_ex.d ./Drivers/STM32G4xx_HAL_Driver/Src/stm32g4xx_hal_i2c_ex.o ./Drivers/STM32G4xx_HAL_Driver/Src/stm32g4xx_hal_i2c_ex.su ./Drivers/STM32G4xx_HAL_Driver/Src/stm32g4xx_hal_pwr.cyclo ./Drivers/STM32G4xx_HAL_Driver/Src/stm32g4xx_hal_pwr.d ./Drivers/STM32G4xx_HAL_Driver/Src/stm32g4xx_hal_pwr.o ./Drivers/STM32G4xx_HAL_Driver/Src/stm32g4xx_hal_pwr.su ./Drivers/STM32G4xx_HAL_Driver/Src/stm32g4xx_hal_pwr_ex.cyclo ./Drivers/STM32G4xx_HAL_Driver/Src/stm32g4xx_hal_pwr_ex.d ./Drivers/STM32G4xx_HAL_Driver/Src/stm32g4xx_hal_pwr_ex.o ./Drivers/STM32G4xx_HAL_Driver/Src/stm32g4xx_hal_pwr_ex.su ./Drivers/STM32G4xx_HAL_Driver/Src/stm32g4xx_hal_rcc.cyclo ./Drivers/STM32G4xx_HAL_Driver/Src/stm32g4xx_hal_rcc.d ./Drivers/STM32G4xx_HAL_Driver/Src/stm32g4xx_hal_rcc.o ./Drivers/STM32G4xx_HAL_Driver/Src/stm32g4xx_hal_rcc.su ./Drivers/STM32G4xx_HAL_Driver/Src/stm32g4xx_hal_rcc_ex.cyclo ./Drivers/STM32G4xx_HAL_Driver/Src/stm32g4xx_hal_rcc_ex.d ./Drivers/STM32G4xx_HAL_Driver/Src/stm32g4xx_hal_rcc_ex.o ./Drivers/STM32G4xx_HAL_Driver/Src/stm32g4xx_hal_rcc_ex.su ./Drivers/STM32G4xx_HAL_Driver/Src/stm32g4xx_hal_spi.cyclo ./Drivers/STM32G4xx_HAL_Driver/Src/stm32g4xx_hal_spi.d ./Drivers/STM32G4xx_HAL_Driver/Src/stm32g4xx_hal_spi.o ./Drivers/STM32G4xx_HAL_Driver/Src/stm32g4xx_hal_spi.su ./Drivers/STM32G4xx_HAL_Driver/Src/stm32g4xx_hal_spi_ex.cyclo ./Drivers/STM32G4xx_HAL_Driver/Src/stm32g4xx_hal_spi_ex.d ./Drivers/STM32G4xx_HAL_Driver/Src/stm32g4xx_hal_spi_ex.o ./Drivers/STM32G4xx_HAL_Driver/Src/stm32g4xx_hal_spi_ex.su ./Drivers/STM32G4xx_HAL_Driver/Src/stm32g4xx_hal_tim.cyclo ./Drivers/STM32G4xx_HAL_Driver/Src/stm32g4xx_hal_tim.d ./Drivers/STM32G4xx_HAL_Driver/Src/stm32g4xx_hal_tim.o ./Drivers/STM32G4xx_HAL_Driver/Src/stm32g4xx_hal_tim.su ./Drivers/STM32G4xx_HAL_Driver/Src/stm32g4xx_hal_tim_ex.cyclo ./Drivers/STM32G4xx_HAL_Driver/Src/stm32g4xx_hal_tim_ex.d ./Drivers/STM32G4xx_HAL_Driver/Src/stm32g4xx_hal_tim_ex.o ./Drivers/STM32G4xx_HAL_Driver/Src/stm32g4xx_hal_tim_ex.su ./Drivers/STM32G4xx_HAL_Driver/Src/stm32g4xx_hal_uart.cyclo ./Drivers/STM32G4xx_HAL_Driver/Src/stm32g4xx_hal_uart.d ./Drivers/STM32G4xx_HAL_Driver/Src/stm32g4xx_hal_uart.o ./Drivers/STM32G4xx_HAL_Driver/Src/stm32g4xx_hal_uart.su ./Drivers/STM32G4xx_HAL_Driver/Src/stm32g4xx_hal_uart_ex.cyclo ./Drivers/STM32G4xx_HAL_Driver/Src/stm32g4xx_hal_uart_ex.d ./Drivers/STM32G4xx_HAL_Driver/Src/stm32g4xx_hal_uart_ex.o ./Drivers/STM32G4xx_HAL_Driver/Src/stm32g4xx_hal_uart_ex.su ./Drivers/STM32G4xx_HAL_Driver/Src/stm32g4xx_ll_adc.cyclo ./Drivers/STM32G4xx_HAL_Driver/Src/stm32g4xx_ll_adc.d ./Drivers/STM32G4xx_HAL_Driver/Src/stm32g4xx_ll_adc.o ./Drivers/STM32G4xx_HAL_Driver/Src/stm32g4xx_ll_adc.su
rm -rf ./Core/Startup/startup_stm32g473cetx.d ./Core/Startup/startup_stm32g473cetx.o
rm -rf ./Core/Src/app_threadx.cyclo ./Core/Src/app_threadx.d ./Core/Src/app_threadx.o ./Core/Src/app_threadx.su ./Core/Src/main.cyclo ./Core/Src/main.d ./Core/Src/main.o ./Core/Src/main.su ./Core/Src/stm32g4xx_hal_msp.cyclo ./Core/Src/stm32g4xx_hal_msp.d ./Core/Src/stm32g4xx_hal_msp.o ./Core/Src/stm32g4xx_hal_msp.su ./Core/Src/stm32g4xx_hal_timebase_tim.cyclo ./Core/Src/stm32g4xx_hal_timebase_tim.d ./Core/Src/stm32g4xx_hal_timebase_tim.o ./Core/Src/stm32g4xx_hal_timebase_tim.su ./Core/Src/stm32g4xx_it.cyclo ./Core/Src/stm32g4xx_it.d ./Core/Src/stm32g4xx_it.o ./Core/Src/stm32g4xx_it.su ./Core/Src/syscalls.cyclo ./Core/Src/syscalls.d ./Core/Src/syscalls.o ./Core/Src/syscalls.su ./Core/Src/sysmem.cyclo ./Core/Src/sysmem.d ./Core/Src/sysmem.o ./Core/Src/sysmem.su ./Core/Src/system_stm32g4xx.cyclo ./Core/Src/system_stm32g4xx.d ./Core/Src/system_stm32g4xx.o ./Core/Src/system_stm32g4xx.su ./Core/Src/tx_initialize_low_level.d ./Core/Src/tx_initialize_low_level.o
rm -rf ./AZURE_RTOS/App/app_azure_rtos.cyclo ./AZURE_RTOS/App/app_azure_rtos.d ./AZURE_RTOS/App/app_azure_rtos.o ./AZURE_RTOS/App/app_azure_rtos.su
rm -rf ./Middlewares/ST/threadx/common/src/tx_event_flags_set_notify.o ./Middlewares/ST/threadx/common/src/tx_event_flags_set_notify.su ./Middlewares/ST/threadx/common/src/tx_initialize_high_level.cyclo ./Middlewares/ST/threadx/common/src/tx_initialize_high_level.d ./Middlewares/ST/threadx/common/src/tx_initialize_high_level.o ./Middlewares/ST/threadx/common/src/tx_initialize_high_level.su ./Middlewares/ST/threadx/common/src/tx_initialize_kernel_enter.cyclo ./Middlewares/ST/threadx/common/src/tx_initialize_kernel_enter.d ./Middlewares/ST/threadx/common/src/tx_initialize_kernel_enter.o ./Middlewares/ST/threadx/common/src/tx_initialize_kernel_enter.su ./Middlewares/ST/threadx/common/src/tx_initialize_kernel_setup.cyclo ./Middlewares/ST/threadx/common/src/tx_initialize_kernel_setup.d ./Middlewares/ST/threadx/common/src/tx_initialize_kernel_setup.o ./Middlewares/ST/threadx/common/src/tx_initialize_kernel_setup.su ./Middlewares/ST/threadx/common/src/tx_mutex_cleanup.cyclo ./Middlewares/ST/threadx/common/src/tx_mutex_cleanup.d ./Middlewares/ST/threadx/common/src/tx_mutex_cleanup.o ./Middlewares/ST/threadx/common/src/tx_mutex_cleanup.su ./Middlewares/ST/threadx/common/src/tx_mutex_create.cyclo ./Middlewares/ST/threadx/common/src/tx_mutex_create.d ./Middlewares/ST/threadx/common/src/tx_mutex_create.o ./Middlewares/ST/threadx/common/src/tx_mutex_create.su ./Middlewares/ST/threadx/common/src/tx_mutex_delete.cyclo ./Middlewares/ST/threadx/common/src/tx_mutex_delete.d ./Middlewares/ST/threadx/common/src/tx_mutex_delete.o ./Middlewares/ST/threadx/common/src/tx_mutex_delete.su ./Middlewares/ST/threadx/common/src/tx_mutex_get.cyclo ./Middlewares/ST/threadx/common/src/tx_mutex_get.d ./Middlewares/ST/threadx/common/src/tx_mutex_get.o ./Middlewares/ST/threadx/common/src/tx_mutex_get.su ./Middlewares/ST/threadx/common/src/tx_mutex_info_get.cyclo ./Middlewares/ST/threadx/common/src/tx_mutex_info_get.d ./Middlewares/ST/threadx/common/src/tx_mutex_info_get.o ./Middlewares/ST/threadx/common/src/tx_mutex_info_get.su ./Middlewares/ST/threadx/common/src/tx_mutex_initialize.cyclo ./Middlewares/ST/threadx/common/src/tx_mutex_initialize.d ./Middlewares/ST/threadx/common/src/tx_mutex_initialize.o ./Middlewares/ST/threadx/common/src/tx_mutex_initialize.su ./Middlewares/ST/threadx/common/src/tx_mutex_prioritize.cyclo ./Middlewares/ST/threadx/common/src/tx_mutex_prioritize.d ./Middlewares/ST/threadx/common/src/tx_mutex_prioritize.o ./Middlewares/ST/threadx/common/src/tx_mutex_prioritize.su ./Middlewares/ST/threadx/common/src/tx_mutex_priority_change.cyclo ./Middlewares/ST/threadx/common/src/tx_mutex_priority_change.d ./Middlewares/ST/threadx/common/src/tx_mutex_priority_change.o ./Middlewares/ST/threadx/common/src/tx_mutex_priority_change.su ./Middlewares/ST/threadx/common/src/tx_mutex_put.cyclo ./Middlewares/ST/threadx/common/src/tx_mutex_put.d ./Middlewares/ST/threadx/common/src/tx_mutex_put.o ./Middlewares/ST/threadx/common/src/tx_mutex_put.su ./Middlewares/ST/threadx/common/src/tx_queue_cleanup.cyclo ./Middlewares/ST/threadx/common/src/tx_queue_cleanup.d ./Middlewares/ST/threadx/common/src/tx_queue_cleanup.o ./Middlewares/ST/threadx/common/src/tx_queue_cleanup.su ./Middlewares/ST/threadx/common/src/tx_queue_create.cyclo ./Middlewares/ST/threadx/common/src/tx_queue_create.d ./Middlewares/ST/threadx/common/src/tx_queue_create.o ./Middlewares/ST/threadx/common/src/tx_queue_create.su ./Middlewares/ST/threadx/common/src/tx_queue_delete.cyclo ./Middlewares/ST/threadx/common/src/tx_queue_delete.d ./Middlewares/ST/threadx/common/src/tx_queue_delete.o ./Middlewares/ST/threadx/common/src/tx_queue_delete.su ./Middlewares/ST/threadx/common/src/tx_queue_flush.cyclo ./Middlewares/ST/threadx/common/src/tx_queue_flush.d ./Middlewares/ST/threadx/common/src/tx_queue_flush.o ./Middlewares/ST/threadx/common/src/tx_queue_flush.su ./Middlewares/ST/threadx/common/src/tx_queue_front_send.cyclo ./Middlewares/ST/threadx/common/src/tx_queue_front_send.d ./Middlewares/ST/threadx/common/src/tx_queue_front_send.o ./Middlewares/ST/threadx/common/src/tx_queue_front_send.su ./Middlewares/ST/threadx/common/src/tx_queue_info_get.cyclo ./Middlewares/ST/threadx/common/src/tx_queue_info_get.d ./Middlewares/ST/threadx/common/src/tx_queue_info_get.o ./Middlewares/ST/threadx/common/src/tx_queue_info_get.su ./Middlewares/ST/threadx/common/src/tx_queue_initialize.cyclo ./Middlewares/ST/threadx/common/src/tx_queue_initialize.d ./Middlewares/ST/threadx/common/src/tx_queue_initialize.o ./Middlewares/ST/threadx/common/src/tx_queue_initialize.su ./Middlewares/ST/threadx/common/src/tx_queue_prioritize.cyclo ./Middlewares/ST/threadx/common/src/tx_queue_prioritize.d ./Middlewares/ST/threadx/common/src/tx_queue_prioritize.o ./Middlewares/ST/threadx/common/src/tx_queue_prioritize.su ./Middlewares/ST/threadx/common/src/tx_queue_receive.cyclo ./Middlewares/ST/threadx/common/src/tx_queue_receive.d ./Middlewares/ST/threadx/common/src/tx_queue_receive.o ./Middlewares/ST/threadx/common/src/tx_queue_receive.su ./Middlewares/ST/threadx/common/src/tx_queue_send.cyclo ./Middlewares/ST/threadx/common/src/tx_queue_send.d ./Middlewares/ST/threadx/common/src/tx_queue_send.o ./Middlewares/ST/threadx/common/src/tx_queue_send.su ./Middlewares/ST/threadx/common/src/tx_queue_send_notify.cyclo ./Middlewares/ST/threadx/common/src/tx_queue_send_notify.d ./Middlewares/ST/threadx/common/src/tx_queue_send_notify.o ./Middlewares/ST/threadx/common/src/tx_queue_send_notify.su ./Middlewares/ST/threadx/common/src/tx_semaphore_ceiling_put.cyclo ./Middlewares/ST/threadx/common/src/tx_semaphore_ceiling_put.d ./Middlewares/ST/threadx/common/src/tx_semaphore_ceiling_put.o ./Middlewares/ST/threadx/common/src/tx_semaphore_ceiling_put.su ./Middlewares/ST/threadx/common/src/tx_semaphore_cleanup.cyclo ./Middlewares/ST/threadx/common/src/tx_semaphore_cleanup.d ./Middlewares/ST/threadx/common/src/tx_semaphore_cleanup.o ./Middlewares/ST/threadx/common/src/tx_semaphore_cleanup.su
rm -rf ./Middlewares/ST/threadx/common/src/tx_semaphore_create.cyclo ./Middlewares/ST/threadx/common/src/tx_semaphore_create.d ./Middlewares/ST/threadx/common/src/tx_semaphore_create.o ./Middlewares/ST/threadx/common/src/tx_semaphore_create.su ./Middlewares/ST/threadx/common/src/tx_semaphore_delete.cyclo ./Middlewares/ST/threadx/common/src/tx_semaphore_delete.d ./Middlewares/ST/threadx/common/src/tx_semaphore_delete.o ./Middlewares/ST/threadx/common/src/tx_semaphore_delete.su ./Middlewares/ST/threadx/common/src/tx_semaphore_get.cyclo ./Middlewares/ST/threadx/common/src/tx_semaphore_get.d ./Middlewares/ST/threadx/common/src/tx_semaphore_get.o ./Middlewares/ST/threadx/common/src/tx_semaphore_get.su ./Middlewares/ST/threadx/common/src/tx_semaphore_info_get.cyclo ./Middlewares/ST/threadx/common/src/tx_semaphore_info_get.d ./Middlewares/ST/threadx/common/src/tx_semaphore_info_get.o ./Middlewares/ST/threadx/common/src/tx_semaphore_info_get.su ./Middlewares/ST/threadx/common/src/tx_semaphore_initialize.cyclo ./Middlewares/ST/threadx/common/src/tx_semaphore_initialize.d ./Middlewares/ST/threadx/common/src/tx_semaphore_initialize.o ./Middlewares/ST/threadx/common/src/tx_semaphore_initialize.su ./Middlewares/ST/threadx/common/src/tx_semaphore_prioritize.cyclo ./Middlewares/ST/threadx/common/src/tx_semaphore_prioritize.d ./Middlewares/ST/threadx/common/src/tx_semaphore_prioritize.o ./Middlewares/ST/threadx/common/src/tx_semaphore_prioritize.su ./Middlewares/ST/threadx/common/src/tx_semaphore_put.cyclo ./Middlewares/ST/threadx/common/src/tx_semaphore_put.d ./Middlewares/ST/threadx/common/src/tx_semaphore_put.o ./Middlewares/ST/threadx/common/src/tx_semaphore_put.su ./Middlewares/ST/threadx/common/src/tx_semaphore_put_notify.cyclo ./Middlewares/ST/threadx/common/src/tx_semaphore_put_notify.d ./Middlewares/ST/threadx/common/src/tx_semaphore_put_notify.o ./Middlewares/ST/threadx/common/src/tx_semaphore_put_notify.su ./Middlewares/ST/threadx/common/src/tx_thread_create.cyclo ./Middlewares/ST/threadx/common/src/tx_thread_create.d ./Middlewares/ST/threadx/common/src/tx_thread_create.o ./Middlewares/ST/threadx/common/src/tx_thread_create.su ./Middlewares/ST/threadx/common/src/tx_thread_delete.cyclo ./Middlewares/ST/threadx/common/src/tx_thread_delete.d ./Middlewares/ST/threadx/common/src/tx_thread_delete.o ./Middlewares/ST/threadx/common/src/tx_thread_delete.su ./Middlewares/ST/threadx/common/src/tx_thread_entry_exit_notify.cyclo ./Middlewares/ST/threadx/common/src/tx_thread_entry_exit_notify.d ./Middlewares/ST/threadx/common/src/tx_thread_entry_exit_notify.o ./Middlewares/ST/threadx/common/src/tx_thread_entry_exit_notify.su ./Middlewares/ST/threadx/common/src/tx_thread_identify.cyclo ./Middlewares/ST/threadx/common/src/tx_thread_identify.d ./Middlewares/ST/threadx/common/src/tx_thread_identify.o ./Middlewares/ST/threadx/common/src/tx_thread_identify.su ./Middlewares/ST/threadx/common/src/tx_thread_info_get.cyclo ./Middlewares/ST/threadx/common/src/tx_thread_info_get.d ./Middlewares/ST/threadx/common/src/tx_thread_info_get.o ./Middlewares/ST/threadx/common/src/tx_thread_info_get.su ./Middlewares/ST/threadx/common/src/tx_thread_initialize.cyclo ./Middlewares/ST/threadx/common/src/tx_thread_initialize.d ./Middlewares/ST/threadx/common/src/tx_thread_initialize.o ./Middlewares/ST/threadx/common/src/tx_thread_initialize.su ./Middlewares/ST/threadx/common/src/tx_thread_preemption_change.cyclo ./Middlewares/ST/threadx/common/src/tx_thread_preemption_change.d ./Middlewares/ST/threadx/common/src/tx_thread_preemption_change.o ./Middlewares/ST/threadx/common/src/tx_thread_preemption_change.su ./Middlewares/ST/threadx/common/src/tx_thread_priority_change.cyclo ./Middlewares/ST/threadx/common/src/tx_thread_priority_change.d ./Middlewares/ST/threadx/common/src/tx_thread_priority_change.o ./Middlewares/ST/threadx/common/src/tx_thread_priority_change.su ./Middlewares/ST/threadx/common/src/tx_thread_relinquish.cyclo ./Middlewares/ST/threadx/common/src/tx_thread_relinquish.d ./Middlewares/ST/threadx/common/src/tx_thread_relinquish.o ./Middlewares/ST/threadx/common/src/tx_thread_relinquish.su ./Middlewares/ST/threadx/common/src/tx_thread_reset.cyclo ./Middlewares/ST/threadx/common/src/tx_thread_reset.d ./Middlewares/ST/threadx/common/src/tx_thread_reset.o ./Middlewares/ST/threadx/common/src/tx_thread_reset.su ./Middlewares/ST/threadx/common/src/tx_thread_resume.cyclo ./Middlewares/ST/threadx/common/src/tx_thread_resume.d ./Middlewares/ST/threadx/common/src/tx_thread_resume.o ./Middlewares/ST/threadx/common/src/tx_thread_resume.su ./Middlewares/ST/threadx/common/src/tx_thread_shell_entry.cyclo ./Middlewares/ST/threadx/common/src/tx_thread_shell_entry.d ./Middlewares/ST/threadx/common/src/tx_thread_shell_entry.o ./Middlewares/ST/threadx/common/src/tx_thread_shell_entry.su ./Middlewares/ST/threadx/common/src/tx_thread_sleep.cyclo ./Middlewares/ST/threadx/common/src/tx_thread_sleep.d ./Middlewares/ST/threadx/common/src/tx_thread_sleep.o ./Middlewares/ST/threadx/common/src/tx_thread_sleep.su ./Middlewares/ST/threadx/common/src/tx_thread_stack_analyze.cyclo ./Middlewares/ST/threadx/common/src/tx_thread_stack_analyze.d ./Middlewares/ST/threadx/common/src/tx_thread_stack_analyze.o ./Middlewares/ST/threadx/common/src/tx_thread_stack_analyze.su ./Middlewares/ST/threadx/common/src/tx_thread_stack_error_handler.cyclo ./Middlewares/ST/threadx/common/src/tx_thread_stack_error_handler.d ./Middlewares/ST/threadx/common/src/tx_thread_stack_error_handler.o ./Middlewares/ST/threadx/common/src/tx_thread_stack_error_handler.su ./Middlewares/ST/threadx/common/src/tx_thread_stack_error_notify.cyclo ./Middlewares/ST/threadx/common/src/tx_thread_stack_error_notify.d ./Middlewares/ST/threadx/common/src/tx_thread_stack_error_notify.o ./Middlewares/ST/threadx/common/src/tx_thread_stack_error_notify.su ./Middlewares/ST/threadx/common/src/tx_thread_suspend.cyclo ./Middlewares/ST/threadx/common/src/tx_thread_suspend.d
rm -rf ./Middlewares/ST/threadx/common/src/tx_thread_suspend.o ./Middlewares/ST/threadx/common/src/tx_thread_suspend.su ./Middlewares/ST/threadx/common/src/tx_thread_system_preempt_check.cyclo ./Middlewares/ST/threadx/common/src/tx_thread_system_preempt_check.d ./Middlewares/ST/threadx/common/src/tx_thread_system_preempt_check.o ./Middlewares/ST/threadx/common/src/tx_thread_system_preempt_check.su ./Middlewares/ST/threadx/common/src/tx_thread_system_resume.cyclo ./Middlewares/ST/threadx/common/src/tx_thread_system_resume.d ./Middlewares/ST/threadx/common/src/tx_thread_system_resume.o ./Middlewares/ST/threadx/common/src/tx_thread_system_resume.su ./Middlewares/ST/threadx/common/src/tx_thread_system_suspend.cyclo ./Middlewares/ST/threadx/common/src/tx_thread_system_suspend.d ./Middlewares/ST/threadx/common/src/tx_thread_system_suspend.o ./Middlewares/ST/threadx/common/src/tx_thread_system_suspend.su ./Middlewares/ST/threadx/common/src/tx_thread_terminate.cyclo ./Middlewares/ST/threadx/common/src/tx_thread_terminate.d ./Middlewares/ST/threadx/common/src/tx_thread_terminate.o ./Middlewares/ST/threadx/common/src/tx_thread_terminate.su ./Middlewares/ST/threadx/common/src/tx_thread_time_slice.cyclo ./Middlewares/ST/threadx/common/src/tx_thread_time_slice.d ./Middlewares/ST/threadx/common/src/tx_thread_time_slice.o ./Middlewares/ST/threadx/common/src/tx_thread_time_slice.su ./Middlewares/ST/threadx/common/src/tx_thread_time_slice_change.cyclo ./Middlewares/ST/threadx/common/src/tx_thread_time_slice_change.d ./Middlewares/ST/threadx/common/src/tx_thread_time_slice_change.o ./Middlewares/ST/threadx/common/src/tx_thread_time_slice_change.su ./Middlewares/ST/threadx/common/src/tx_thread_timeout.cyclo ./Middlewares/ST/threadx/common/src/tx_thread_timeout.d ./Middlewares/ST/threadx/common/src/tx_thread_timeout.o ./Middlewares/ST/threadx/common/src/tx_thread_timeout.su ./Middlewares/ST/threadx/common/src/tx_thread_wait_abort.cyclo ./Middlewares/ST/threadx/common/src/tx_thread_wait_abort.d ./Middlewares/ST/threadx/common/src/tx_thread_wait_abort.o ./Middlewares/ST/threadx/common/src/tx_thread_wait_abort.su ./Middlewares/ST/threadx/common/src/tx_time_get.cyclo ./Middlewares/ST/threadx/common/src/tx_time_get.d ./Middlewares/ST/threadx/common/src/tx_time_get.o ./Middlewares/ST/threadx/common/src/tx_time_get.su ./Middlewares/ST/threadx/common/src/tx_time_set.cyclo ./Middlewares/ST/threadx/common/src/tx_time_set.d ./Middlewares/ST/threadx/common/src/tx_time_set.o ./Middlewares/ST/threadx/common/src/tx_time_set.su ./Middlewares/ST/threadx/common/src/tx_timer_activate.cyclo ./Middlewares/ST/threadx/common/src/tx_timer_activate.d ./Middlewares/ST/threadx/common/src/tx_timer_activate.o ./Middlewares/ST/threadx/common/src/tx_timer_activate.su ./Middlewares/ST/threadx/common/src/tx_timer_change.cyclo ./Middlewares/ST/threadx/common/src/tx_timer_change.d ./Middlewares/ST/threadx/common/src/tx_timer_change.o ./Middlewares/ST/threadx/common/src/tx_timer_change.su ./Middlewares/ST/threadx/common/src/tx_timer_create.cyclo ./Middlewares/ST/threadx/common/src/tx_timer_create.d ./Middlewares/ST/threadx/common/src/tx_timer_create.o ./Middlewares/ST/threadx/common/src/tx_timer_create.su ./Middlewares/ST/threadx/common/src/tx_timer_deactivate.cyclo ./Middlewares/ST/threadx/common/src/tx_timer_deactivate.d ./Middlewares/ST/threadx/common/src/tx_timer_deactivate.o ./Middlewares/ST/threadx/common/src/tx_timer_deactivate.su ./Middlewares/ST/threadx/common/src/tx_timer_delete.cyclo ./Middlewares/ST/threadx/common/src/tx_timer_delete.d ./Middlewares/ST/threadx/common/src/tx_timer_delete.o ./Middlewares/ST/threadx/common/src/tx_timer_delete.su ./Middlewares/ST/threadx/common/src/tx_timer_expiration_process.cyclo ./Middlewares/ST/threadx/common/src/tx_timer_expiration_process.d ./Middlewares/ST/threadx/common/src/tx_timer_expiration_process.o ./Middlewares/ST/threadx/common/src/tx_timer_expiration_process.su ./Middlewares/ST/threadx/common/src/tx_timer_info_get.cyclo ./Middlewares/ST/threadx/common/src/tx_timer_info_get.d ./Middlewares/ST/threadx/common/src/tx_timer_info_get.o ./Middlewares/ST/threadx/common/src/tx_timer_info_get.su ./Middlewares/ST/threadx/common/src/tx_timer_initialize.cyclo ./Middlewares/ST/threadx/common/src/tx_timer_initialize.d ./Middlewares/ST/threadx/common/src/tx_timer_initialize.o ./Middlewares/ST/threadx/common/src/tx_timer_initialize.su ./Middlewares/ST/threadx/common/src/tx_timer_system_activate.cyclo ./Middlewares/ST/threadx/common/src/tx_timer_system_activate.d ./Middlewares/ST/threadx/common/src/tx_timer_system_activate.o ./Middlewares/ST/threadx/common/src/tx_timer_system_activate.su ./Middlewares/ST/threadx/common/src/tx_timer_system_deactivate.cyclo ./Middlewares/ST/threadx/common/src/tx_timer_system_deactivate.d ./Middlewares/ST/threadx/common/src/tx_timer_system_deactivate.o ./Middlewares/ST/threadx/common/src/tx_timer_system_deactivate.su ./Middlewares/ST/threadx/common/src/tx_timer_thread_entry.cyclo ./Middlewares/ST/threadx/common/src/tx_timer_thread_entry.d ./Middlewares/ST/threadx/common/src/tx_timer_thread_entry.o ./Middlewares/ST/threadx/common/src/tx_timer_thread_entry.su ./Middlewares/ST/threadx/common/src/txe_block_allocate.cyclo ./Middlewares/ST/threadx/common/src/txe_block_allocate.d ./Middlewares/ST/threadx/common/src/txe_block_allocate.o ./Middlewares/ST/threadx/common/src/txe_block_allocate.su ./Middlewares/ST/threadx/common/src/txe_block_pool_create.cyclo ./Middlewares/ST/threadx/common/src/txe_block_pool_create.d ./Middlewares/ST/threadx/common/src/txe_block_pool_create.o ./Middlewares/ST/threadx/common/src/txe_block_pool_create.su ./Middlewares/ST/threadx/common/src/txe_block_pool_delete.cyclo ./Middlewares/ST/threadx/common/src/txe_block_pool_delete.d ./Middlewares/ST/threadx/common/src/txe_block_pool_delete.o ./Middlewares/ST/threadx/common/src/txe_block_pool_delete.su ./Middlewares/ST/threadx/common/src/txe_block_pool_info_get.cyclo
rm -rf ./Middlewares/ST/threadx/common/src/txe_block_pool_info_get.d ./Middlewares/ST/threadx/common/src/txe_block_pool_info_get.o ./Middlewares/ST/threadx/common/src/txe_block_pool_info_get.su ./Middlewares/ST/threadx/common/src/txe_block_pool_prioritize.cyclo ./Middlewares/ST/threadx/common/src/txe_block_pool_prioritize.d ./Middlewares/ST/threadx/common/src/txe_block_pool_prioritize.o ./Middlewares/ST/threadx/common/src/txe_block_pool_prioritize.su ./Middlewares/ST/threadx/common/src/txe_block_release.cyclo ./Middlewares/ST/threadx/common/src/txe_block_release.d ./Middlewares/ST/threadx/common/src/txe_block_release.o ./Middlewares/ST/threadx/common/src/txe_block_release.su ./Middlewares/ST/threadx/common/src/txe_byte_allocate.cyclo ./Middlewares/ST/threadx/common/src/txe_byte_allocate.d ./Middlewares/ST/threadx/common/src/txe_byte_allocate.o ./Middlewares/ST/threadx/common/src/txe_byte_allocate.su ./Middlewares/ST/threadx/common/src/txe_byte_pool_create.cyclo ./Middlewares/ST/threadx/common/src/txe_byte_pool_create.d ./Middlewares/ST/threadx/common/src/txe_byte_pool_create.o ./Middlewares/ST/threadx/common/src/txe_byte_pool_create.su ./Middlewares/ST/threadx/common/src/txe_byte_pool_delete.cyclo ./Middlewares/ST/threadx/common/src/txe_byte_pool_delete.d ./Middlewares/ST/threadx/common/src/txe_byte_pool_delete.o ./Middlewares/ST/threadx/common/src/txe_byte_pool_delete.su ./Middlewares/ST/threadx/common/src/txe_byte_pool_info_get.cyclo ./Middlewares/ST/threadx/common/src/txe_byte_pool_info_get.d ./Middlewares/ST/threadx/common/src/txe_byte_pool_info_get.o ./Middlewares/ST/threadx/common/src/txe_byte_pool_info_get.su ./Middlewares/ST/threadx/common/src/txe_byte_pool_prioritize.cyclo ./Middlewares/ST/threadx/common/src/txe_byte_pool_prioritize.d ./Middlewares/ST/threadx/common/src/txe_byte_pool_prioritize.o ./Middlewares/ST/threadx/common/src/txe_byte_pool_prioritize.su ./Middlewares/ST/threadx/common/src/txe_byte_release.cyclo ./Middlewares/ST/threadx/common/src/txe_byte_release.d ./Middlewares/ST/threadx/common/src/txe_byte_release.o ./Middlewares/ST/threadx/common/src/txe_byte_release.su ./Middlewares/ST/threadx/common/src/txe_event_flags_create.cyclo ./Middlewares/ST/threadx/common/src/txe_event_flags_create.d ./Middlewares/ST/threadx/common/src/txe_event_flags_create.o ./Middlewares/ST/threadx/common/src/txe_event_flags_create.su ./Middlewares/ST/threadx/common/src/txe_event_flags_delete.cyclo ./Middlewares/ST/threadx/common/src/txe_event_flags_delete.d ./Middlewares/ST/threadx/common/src/txe_event_flags_delete.o ./Middlewares/ST/threadx/common/src/txe_event_flags_delete.su ./Middlewares/ST/threadx/common/src/txe_event_flags_get.cyclo ./Middlewares/ST/threadx/common/src/txe_event_flags_get.d ./Middlewares/ST/threadx/common/src/txe_event_flags_get.o ./Middlewares/ST/threadx/common/src/txe_event_flags_get.su ./Middlewares/ST/threadx/common/src/txe_event_flags_info_get.cyclo ./Middlewares/ST/threadx/common/src/txe_event_flags_info_get.d ./Middlewares/ST/threadx/common/src/txe_event_flags_info_get.o ./Middlewares/ST/threadx/common/src/txe_event_flags_info_get.su ./Middlewares/ST/threadx/common/src/txe_event_flags_set.cyclo ./Middlewares/ST/threadx/common/src/txe_event_flags_set.d ./Middlewares/ST/threadx/common/src/txe_event_flags_set.o ./Middlewares/ST/threadx/common/src/txe_event_flags_set.su ./Middlewares/ST/threadx/common/src/txe_event_flags_set_notify.cyclo ./Middlewares/ST/threadx/common/src/txe_event_flags_set_notify.d ./Middlewares/ST/threadx/common/src/txe_event_flags_set_notify.o ./Middlewares/ST/threadx/common/src/txe_event_flags_set_notify.su ./Middlewares/ST/threadx/common/src/txe_mutex_create.cyclo ./Middlewares/ST/threadx/common/src/txe_mutex_create.d ./Middlewares/ST/threadx/common/src/txe_mutex_create.o ./Middlewares/ST/threadx/common/src/txe_mutex_create.su ./Middlewares/ST/threadx/common/src/txe_mutex_delete.cyclo ./Middlewares/ST/threadx/common/src/txe_mutex_delete.d ./Middlewares/ST/threadx/common/src/txe_mutex_delete.o ./Middlewares/ST/threadx/common/src/txe_mutex_delete.su ./Middlewares/ST/threadx/common/src/txe_mutex_get.cyclo ./Middlewares/ST/threadx/common/src/txe_mutex_get.d ./Middlewares/ST/threadx/common/src/txe_mutex_get.o ./Middlewares/ST/threadx/common/src/txe_mutex_get.su ./Middlewares/ST/threadx/common/src/txe_mutex_info_get.cyclo ./Middlewares/ST/threadx/common/src/txe_mutex_info_get.d ./Middlewares/ST/threadx/common/src/txe_mutex_info_get.o ./Middlewares/ST/threadx/common/src/txe_mutex_info_get.su ./Middlewares/ST/threadx/common/src/txe_mutex_prioritize.cyclo ./Middlewares/ST/threadx/common/src/txe_mutex_prioritize.d ./Middlewares/ST/threadx/common/src/txe_mutex_prioritize.o ./Middlewares/ST/threadx/common/src/txe_mutex_prioritize.su ./Middlewares/ST/threadx/common/src/txe_mutex_put.cyclo ./Middlewares/ST/threadx/common/src/txe_mutex_put.d ./Middlewares/ST/threadx/common/src/txe_mutex_put.o ./Middlewares/ST/threadx/common/src/txe_mutex_put.su ./Middlewares/ST/threadx/common/src/txe_queue_create.cyclo ./Middlewares/ST/threadx/common/src/txe_queue_create.d ./Middlewares/ST/threadx/common/src/txe_queue_create.o ./Middlewares/ST/threadx/common/src/txe_queue_create.su ./Middlewares/ST/threadx/common/src/txe_queue_delete.cyclo ./Middlewares/ST/threadx/common/src/txe_queue_delete.d ./Middlewares/ST/threadx/common/src/txe_queue_delete.o ./Middlewares/ST/threadx/common/src/txe_queue_delete.su ./Middlewares/ST/threadx/common/src/txe_queue_flush.cyclo ./Middlewares/ST/threadx/common/src/txe_queue_flush.d ./Middlewares/ST/threadx/common/src/txe_queue_flush.o ./Middlewares/ST/threadx/common/src/txe_queue_flush.su ./Middlewares/ST/threadx/common/src/txe_queue_front_send.cyclo ./Middlewares/ST/threadx/common/src/txe_queue_front_send.d ./Middlewares/ST/threadx/common/src/txe_queue_front_send.o ./Middlewares/ST/threadx/common/src/txe_queue_front_send.su ./Middlewares/ST/threadx/common/src/txe_queue_info_get.cyclo ./Middlewares/ST/threadx/common/src/txe_queue_info_get.d
rm -rf ./Middlewares/ST/threadx/common/src/txe_queue_info_get.o ./Middlewares/ST/threadx/common/src/txe_queue_info_get.su ./Middlewares/ST/threadx/common/src/txe_queue_prioritize.cyclo ./Middlewares/ST/threadx/common/src/txe_queue_prioritize.d ./Middlewares/ST/threadx/common/src/txe_queue_prioritize.o ./Middlewares/ST/threadx/common/src/txe_queue_prioritize.su ./Middlewares/ST/threadx/common/src/txe_queue_receive.cyclo ./Middlewares/ST/threadx/common/src/txe_queue_receive.d ./Middlewares/ST/threadx/common/src/txe_queue_receive.o ./Middlewares/ST/threadx/common/src/txe_queue_receive.su ./Middlewares/ST/threadx/common/src/txe_queue_send.cyclo ./Middlewares/ST/threadx/common/src/txe_queue_send.d ./Middlewares/ST/threadx/common/src/txe_queue_send.o ./Middlewares/ST/threadx/common/src/txe_queue_send.su ./Middlewares/ST/threadx/common/src/txe_queue_send_notify.cyclo ./Middlewares/ST/threadx/common/src/txe_queue_send_notify.d ./Middlewares/ST/threadx/common/src/txe_queue_send_notify.o ./Middlewares/ST/threadx/common/src/txe_queue_send_notify.su ./Middlewares/ST/threadx/common/src/txe_semaphore_ceiling_put.cyclo ./Middlewares/ST/threadx/common/src/txe_semaphore_ceiling_put.d ./Middlewares/ST/threadx/common/src/txe_semaphore_ceiling_put.o ./Middlewares/ST/threadx/common/src/txe_semaphore_ceiling_put.su ./Middlewares/ST/threadx/common/src/txe_semaphore_create.cyclo ./Middlewares/ST/threadx/common/src/txe_semaphore_create.d ./Middlewares/ST/threadx/common/src/txe_semaphore_create.o ./Middlewares/ST/threadx/common/src/txe_semaphore_create.su ./Middlewares/ST/threadx/common/src/txe_semaphore_delete.cyclo ./Middlewares/ST/threadx/common/src/txe_semaphore_delete.d ./Middlewares/ST/threadx/common/src/txe_semaphore_delete.o ./Middlewares/ST/threadx/common/src/txe_semaphore_delete.su ./Middlewares/ST/threadx/common/src/txe_semaphore_get.cyclo ./Middlewares/ST/threadx/common/src/txe_semaphore_get.d ./Middlewares/ST/threadx/common/src/txe_semaphore_get.o ./Middlewares/ST/threadx/common/src/txe_semaphore_get.su ./Middlewares/ST/threadx/common/src/txe_semaphore_info_get.cyclo ./Middlewares/ST/threadx/common/src/txe_semaphore_info_get.d ./Middlewares/ST/threadx/common/src/txe_semaphore_info_get.o ./Middlewares/ST/threadx/common/src/txe_semaphore_info_get.su ./Middlewares/ST/threadx/common/src/txe_semaphore_prioritize.cyclo ./Middlewares/ST/threadx/common/src/txe_semaphore_prioritize.d ./Middlewares/ST/threadx/common/src/txe_semaphore_prioritize.o ./Middlewares/ST/threadx/common/src/txe_semaphore_prioritize.su ./Middlewares/ST/threadx/common/src/txe_semaphore_put.cyclo ./Middlewares/ST/threadx/common/src/txe_semaphore_put.d ./Middlewares/ST/threadx/common/src/txe_semaphore_put.o ./Middlewares/ST/threadx/common/src/txe_semaphore_put.su ./Middlewares/ST/threadx/common/src/txe_semaphore_put_notify.cyclo ./Middlewares/ST/threadx/common/src/txe_semaphore_put_notify.d ./Middlewares/ST/threadx/common/src/txe_semaphore_put_notify.o ./Middlewares/ST/threadx/common/src/txe_semaphore_put_notify.su ./Middlewares/ST/threadx/common/src/txe_thread_create.cyclo ./Middlewares/ST/threadx/common/src/txe_thread_create.d ./Middlewares/ST/threadx/common/src/txe_thread_create.o ./Middlewares/ST/threadx/common/src/txe_thread_create.su ./Middlewares/ST/threadx/common/src/txe_thread_delete.cyclo ./Middlewares/ST/threadx/common/src/txe_thread_delete.d ./Middlewares/ST/threadx/common/src/txe_thread_delete.o ./Middlewares/ST/threadx/common/src/txe_thread_delete.su ./Middlewares/ST/threadx/common/src/txe_thread_entry_exit_notify.cyclo ./Middlewares/ST/threadx/common/src/txe_thread_entry_exit_notify.d ./Middlewares/ST/threadx/common/src/txe_thread_entry_exit_notify.o ./Middlewares/ST/threadx/common/src/txe_thread_entry_exit_notify.su ./Middlewares/ST/threadx/common/src/txe_thread_info_get.cyclo ./Middlewares/ST/threadx/common/src/txe_thread_info_get.d ./Middlewares/ST/threadx/common/src/txe_thread_info_get.o ./Middlewares/ST/threadx/common/src/txe_thread_info_get.su ./Middlewares/ST/threadx/common/src/txe_thread_preemption_change.cyclo ./Middlewares/ST/threadx/common/src/txe_thread_preemption_change.d ./Middlewares/ST/threadx/common/src/txe_thread_preemption_change.o ./Middlewares/ST/threadx/common/src/txe_thread_preemption_change.su ./Middlewares/ST/threadx/common/src/txe_thread_priority_change.cyclo ./Middlewares/ST/threadx/common/src/txe_thread_priority_change.d ./Middlewares/ST/threadx/common/src/txe_thread_priority_change.o ./Middlewares/ST/threadx/common/src/txe_thread_priority_change.su ./Middlewares/ST/threadx/common/src/txe_thread_relinquish.cyclo ./Middlewares/ST/threadx/common/src/txe_thread_relinquish.d ./Middlewares/ST/threadx/common/src/txe_thread_relinquish.o ./Middlewares/ST/threadx/common/src/txe_thread_relinquish.su ./Middlewares/ST/threadx/common/src/txe_thread_reset.cyclo ./Middlewares/ST/threadx/common/src/txe_thread_reset.d ./Middlewares/ST/threadx/common/src/txe_thread_reset.o ./Middlewares/ST/threadx/common/src/txe_thread_reset.su ./Middlewares/ST/threadx/common/src/txe_thread_resume.cyclo ./Middlewares/ST/threadx/common/src/txe_thread_resume.d ./Middlewares/ST/threadx/common/src/txe_thread_resume.o ./Middlewares/ST/threadx/common/src/txe_thread_resume.su ./Middlewares/ST/threadx/common/src/txe_thread_suspend.cyclo ./Middlewares/ST/threadx/common/src/txe_thread_suspend.d ./Middlewares/ST/threadx/common/src/txe_thread_suspend.o ./Middlewares/ST/threadx/common/src/txe_thread_suspend.su ./Middlewares/ST/threadx/common/src/txe_thread_terminate.cyclo ./Middlewares/ST/threadx/common/src/txe_thread_terminate.d ./Middlewares/ST/threadx/common/src/txe_thread_terminate.o ./Middlewares/ST/threadx/common/src/txe_thread_terminate.su ./Middlewares/ST/threadx/common/src/txe_thread_time_slice_change.cyclo ./Middlewares/ST/threadx/common/src/txe_thread_time_slice_change.d ./Middlewares/ST/threadx/common/src/txe_thread_time_slice_change.o ./Middlewares/ST/threadx/common/src/txe_thread_time_slice_change.su
rm -rf ./Middlewares/ST/threadx/common/src/txe_thread_wait_abort.cyclo ./Middlewares/ST/threadx/common/src/txe_thread_wait_abort.d ./Middlewares/ST/threadx/common/src/txe_thread_wait_abort.o ./Middlewares/ST/threadx/common/src/txe_thread_wait_abort.su ./Middlewares/ST/threadx/common/src/txe_timer_activate.cyclo ./Middlewares/ST/threadx/common/src/txe_timer_activate.d ./Middlewares/ST/threadx/common/src/txe_timer_activate.o ./Middlewares/ST/threadx/common/src/txe_timer_activate.su ./Middlewares/ST/threadx/common/src/txe_timer_change.cyclo ./Middlewares/ST/threadx/common/src/txe_timer_change.d ./Middlewares/ST/threadx/common/src/txe_timer_change.o ./Middlewares/ST/threadx/common/src/txe_timer_change.su ./Middlewares/ST/threadx/common/src/txe_timer_create.cyclo ./Middlewares/ST/threadx/common/src/txe_timer_create.d ./Middlewares/ST/threadx/common/src/txe_timer_create.o ./Middlewares/ST/threadx/common/src/txe_timer_create.su ./Middlewares/ST/threadx/common/src/txe_timer_deactivate.cyclo ./Middlewares/ST/threadx/common/src/txe_timer_deactivate.d ./Middlewares/ST/threadx/common/src/txe_timer_deactivate.o ./Middlewares/ST/threadx/common/src/txe_timer_deactivate.su ./Middlewares/ST/threadx/common/src/txe_timer_delete.cyclo ./Middlewares/ST/threadx/common/src/txe_timer_delete.d ./Middlewares/ST/threadx/common/src/txe_timer_delete.o ./Middlewares/ST/threadx/common/src/txe_timer_delete.su ./Middlewares/ST/threadx/common/src/txe_timer_info_get.cyclo ./Middlewares/ST/threadx/common/src/txe_timer_info_get.d ./Middlewares/ST/threadx/common/src/txe_timer_info_get.o ./Middlewares/ST/threadx/common/src/txe_timer_info_get.su
rm -rf STM32G473CET6.elf STM32G473CET6.list STM32G473CET6.map default.size.stdout
 
10:50:35 **** Build of configuration Debug for project STM32G473CET6 ****
make -j12 all 
arm-none-eabi-gcc -mcpu=cortex-m4 -g3 -DDEBUG -c -x assembler-with-cpp -MMD -MP -MF"Middlewares/ST/threadx/ports/cortex_m4/gnu/src/tx_thread_context_restore.d" -MT"Middlewares/ST/threadx/ports/cortex_m4/gnu/src/tx_thread_context_restore.o" --specs=nano.specs -mfpu=fpv4-sp-d16 -mfloat-abi=hard -mthumb -o "Middlewares/ST/threadx/ports/cortex_m4/gnu/src/tx_thread_context_restore.o" "../Middlewares/ST/threadx/ports/cortex_m4/gnu/src/tx_thread_context_restore.S"
arm-none-eabi-gcc -mcpu=cortex-m4 -g3 -DDEBUG -c -x assembler-with-cpp -MMD -MP -MF"Middlewares/ST/threadx/ports/cortex_m4/gnu/src/tx_thread_context_save.d" -MT"Middlewares/ST/threadx/ports/cortex_m4/gnu/src/tx_thread_context_save.o" --specs=nano.specs -mfpu=fpv4-sp-d16 -mfloat-abi=hard -mthumb -o "Middlewares/ST/threadx/ports/cortex_m4/gnu/src/tx_thread_context_save.o" "../Middlewares/ST/threadx/ports/cortex_m4/gnu/src/tx_thread_context_save.S"
arm-none-eabi-gcc -mcpu=cortex-m4 -g3 -DDEBUG -c -x assembler-with-cpp -MMD -MP -MF"Middlewares/ST/threadx/ports/cortex_m4/gnu/src/tx_thread_interrupt_control.d" -MT"Middlewares/ST/threadx/ports/cortex_m4/gnu/src/tx_thread_interrupt_control.o" --specs=nano.specs -mfpu=fpv4-sp-d16 -mfloat-abi=hard -mthumb -o "Middlewares/ST/threadx/ports/cortex_m4/gnu/src/tx_thread_interrupt_control.o" "../Middlewares/ST/threadx/ports/cortex_m4/gnu/src/tx_thread_interrupt_control.S"
arm-none-eabi-gcc -mcpu=cortex-m4 -g3 -DDEBUG -c -x assembler-with-cpp -MMD -MP -MF"Middlewares/ST/threadx/ports/cortex_m4/gnu/src/tx_thread_interrupt_disable.d" -MT"Middlewares/ST/threadx/ports/cortex_m4/gnu/src/tx_thread_interrupt_disable.o" --specs=nano.specs -mfpu=fpv4-sp-d16 -mfloat-abi=hard -mthumb -o "Middlewares/ST/threadx/ports/cortex_m4/gnu/src/tx_thread_interrupt_disable.o" "../Middlewares/ST/threadx/ports/cortex_m4/gnu/src/tx_thread_interrupt_disable.S"
arm-none-eabi-gcc -mcpu=cortex-m4 -g3 -DDEBUG -c -x assembler-with-cpp -MMD -MP -MF"Middlewares/ST/threadx/ports/cortex_m4/gnu/src/tx_thread_interrupt_restore.d" -MT"Middlewares/ST/threadx/ports/cortex_m4/gnu/src/tx_thread_interrupt_restore.o" --specs=nano.specs -mfpu=fpv4-sp-d16 -mfloat-abi=hard -mthumb -o "Middlewares/ST/threadx/ports/cortex_m4/gnu/src/tx_thread_interrupt_restore.o" "../Middlewares/ST/threadx/ports/cortex_m4/gnu/src/tx_thread_interrupt_restore.S"
arm-none-eabi-gcc -mcpu=cortex-m4 -g3 -DDEBUG -c -x assembler-with-cpp -MMD -MP -MF"Middlewares/ST/threadx/ports/cortex_m4/gnu/src/tx_thread_schedule.d" -MT"Middlewares/ST/threadx/ports/cortex_m4/gnu/src/tx_thread_schedule.o" --specs=nano.specs -mfpu=fpv4-sp-d16 -mfloat-abi=hard -mthumb -o "Middlewares/ST/threadx/ports/cortex_m4/gnu/src/tx_thread_schedule.o" "../Middlewares/ST/threadx/ports/cortex_m4/gnu/src/tx_thread_schedule.S"
arm-none-eabi-gcc -mcpu=cortex-m4 -g3 -DDEBUG -c -x assembler-with-cpp -MMD -MP -MF"Middlewares/ST/threadx/ports/cortex_m4/gnu/src/tx_thread_stack_build.d" -MT"Middlewares/ST/threadx/ports/cortex_m4/gnu/src/tx_thread_stack_build.o" --specs=nano.specs -mfpu=fpv4-sp-d16 -mfloat-abi=hard -mthumb -o "Middlewares/ST/threadx/ports/cortex_m4/gnu/src/tx_thread_stack_build.o" "../Middlewares/ST/threadx/ports/cortex_m4/gnu/src/tx_thread_stack_build.S"
arm-none-eabi-gcc -mcpu=cortex-m4 -g3 -DDEBUG -c -x assembler-with-cpp -MMD -MP -MF"Middlewares/ST/threadx/ports/cortex_m4/gnu/src/tx_thread_system_return.d" -MT"Middlewares/ST/threadx/ports/cortex_m4/gnu/src/tx_thread_system_return.o" --specs=nano.specs -mfpu=fpv4-sp-d16 -mfloat-abi=hard -mthumb -o "Middlewares/ST/threadx/ports/cortex_m4/gnu/src/tx_thread_system_return.o" "../Middlewares/ST/threadx/ports/cortex_m4/gnu/src/tx_thread_system_return.S"
arm-none-eabi-gcc -mcpu=cortex-m4 -g3 -DDEBUG -c -x assembler-with-cpp -MMD -MP -MF"Middlewares/ST/threadx/ports/cortex_m4/gnu/src/tx_timer_interrupt.d" -MT"Middlewares/ST/threadx/ports/cortex_m4/gnu/src/tx_timer_interrupt.o" --specs=nano.specs -mfpu=fpv4-sp-d16 -mfloat-abi=hard -mthumb -o "Middlewares/ST/threadx/ports/cortex_m4/gnu/src/tx_timer_interrupt.o" "../Middlewares/ST/threadx/ports/cortex_m4/gnu/src/tx_timer_interrupt.S"
arm-none-eabi-gcc "../Middlewares/ST/threadx/common/src/tx_block_allocate.c" -mcpu=cortex-m4 -std=gnu11 -g3 -DDEBUG -DUSE_HAL_DRIVER -DSTM32G473xx -DTX_INCLUDE_USER_DEFINE_FILE -c -I../Core/Inc -I../Drivers/STM32G4xx_HAL_Driver/Inc -I../Drivers/STM32G4xx_HAL_Driver/Inc/Legacy -I../Drivers/CMSIS/Device/ST/STM32G4xx/Include -I../Drivers/CMSIS/Include -I../AZURE_RTOS/App -I../Middlewares/ST/threadx/common/inc/ -I../Middlewares/ST/threadx/ports/cortex_m4/gnu/inc/ -O0 -ffunction-sections -fdata-sections -Wall -fstack-usage -fcyclomatic-complexity -MMD -MP -MF"Middlewares/ST/threadx/common/src/tx_block_allocate.d" -MT"Middlewares/ST/threadx/common/src/tx_block_allocate.o" --specs=nano.specs -mfpu=fpv4-sp-d16 -mfloat-abi=hard -mthumb -o "Middlewares/ST/threadx/common/src/tx_block_allocate.o"
arm-none-eabi-gcc "../Middlewares/ST/threadx/common/src/tx_block_pool_cleanup.c" -mcpu=cortex-m4 -std=gnu11 -g3 -DDEBUG -DUSE_HAL_DRIVER -DSTM32G473xx -DTX_INCLUDE_USER_DEFINE_FILE -c -I../Core/Inc -I../Drivers/STM32G4xx_HAL_Driver/Inc -I../Drivers/STM32G4xx_HAL_Driver/Inc/Legacy -I../Drivers/CMSIS/Device/ST/STM32G4xx/Include -I../Drivers/CMSIS/Include -I../AZURE_RTOS/App -I../Middlewares/ST/threadx/common/inc/ -I../Middlewares/ST/threadx/ports/cortex_m4/gnu/inc/ -O0 -ffunction-sections -fdata-sections -Wall -fstack-usage -fcyclomatic-complexity -MMD -MP -MF"Middlewares/ST/threadx/common/src/tx_block_pool_cleanup.d" -MT"Middlewares/ST/threadx/common/src/tx_block_pool_cleanup.o" --specs=nano.specs -mfpu=fpv4-sp-d16 -mfloat-abi=hard -mthumb -o "Middlewares/ST/threadx/common/src/tx_block_pool_cleanup.o"
arm-none-eabi-gcc "../Middlewares/ST/threadx/common/src/tx_block_pool_create.c" -mcpu=cortex-m4 -std=gnu11 -g3 -DDEBUG -DUSE_HAL_DRIVER -DSTM32G473xx -DTX_INCLUDE_USER_DEFINE_FILE -c -I../Core/Inc -I../Drivers/STM32G4xx_HAL_Driver/Inc -I../Drivers/STM32G4xx_HAL_Driver/Inc/Legacy -I../Drivers/CMSIS/Device/ST/STM32G4xx/Include -I../Drivers/CMSIS/Include -I../AZURE_RTOS/App -I../Middlewares/ST/threadx/common/inc/ -I../Middlewares/ST/threadx/ports/cortex_m4/gnu/inc/ -O0 -ffunction-sections -fdata-sections -Wall -fstack-usage -fcyclomatic-complexity -MMD -MP -MF"Middlewares/ST/threadx/common/src/tx_block_pool_create.d" -MT"Middlewares/ST/threadx/common/src/tx_block_pool_create.o" --specs=nano.specs -mfpu=fpv4-sp-d16 -mfloat-abi=hard -mthumb -o "Middlewares/ST/threadx/common/src/tx_block_pool_create.o"
arm-none-eabi-gcc "../Middlewares/ST/threadx/common/src/tx_block_pool_delete.c" -mcpu=cortex-m4 -std=gnu11 -g3 -DDEBUG -DUSE_HAL_DRIVER -DSTM32G473xx -DTX_INCLUDE_USER_DEFINE_FILE -c -I../Core/Inc -I../Drivers/STM32G4xx_HAL_Driver/Inc -I../Drivers/STM32G4xx_HAL_Driver/Inc/Legacy -I../Drivers/CMSIS/Device/ST/STM32G4xx/Include -I../Drivers/CMSIS/Include -I../AZURE_RTOS/App -I../Middlewares/ST/threadx/common/inc/ -I../Middlewares/ST/threadx/ports/cortex_m4/gnu/inc/ -O0 -ffunction-sections -fdata-sections -Wall -fstack-usage -fcyclomatic-complexity -MMD -MP -MF"Middlewares/ST/threadx/common/src/tx_block_pool_delete.d" -MT"Middlewares/ST/threadx/common/src/tx_block_pool_delete.o" --specs=nano.specs -mfpu=fpv4-sp-d16 -mfloat-abi=hard -mthumb -o "Middlewares/ST/threadx/common/src/tx_block_pool_delete.o"
arm-none-eabi-gcc "../Middlewares/ST/threadx/common/src/tx_block_pool_info_get.c" -mcpu=cortex-m4 -std=gnu11 -g3 -DDEBUG -DUSE_HAL_DRIVER -DSTM32G473xx -DTX_INCLUDE_USER_DEFINE_FILE -c -I../Core/Inc -I../Drivers/STM32G4xx_HAL_Driver/Inc -I../Drivers/STM32G4xx_HAL_Driver/Inc/Legacy -I../Drivers/CMSIS/Device/ST/STM32G4xx/Include -I../Drivers/CMSIS/Include -I../AZURE_RTOS/App -I../Middlewares/ST/threadx/common/inc/ -I../Middlewares/ST/threadx/ports/cortex_m4/gnu/inc/ -O0 -ffunction-sections -fdata-sections -Wall -fstack-usage -fcyclomatic-complexity -MMD -MP -MF"Middlewares/ST/threadx/common/src/tx_block_pool_info_get.d" -MT"Middlewares/ST/threadx/common/src/tx_block_pool_info_get.o" --specs=nano.specs -mfpu=fpv4-sp-d16 -mfloat-abi=hard -mthumb -o "Middlewares/ST/threadx/common/src/tx_block_pool_info_get.o"
arm-none-eabi-gcc "../Middlewares/ST/threadx/common/src/tx_block_pool_initialize.c" -mcpu=cortex-m4 -std=gnu11 -g3 -DDEBUG -DUSE_HAL_DRIVER -DSTM32G473xx -DTX_INCLUDE_USER_DEFINE_FILE -c -I../Core/Inc -I../Drivers/STM32G4xx_HAL_Driver/Inc -I../Drivers/STM32G4xx_HAL_Driver/Inc/Legacy -I../Drivers/CMSIS/Device/ST/STM32G4xx/Include -I../Drivers/CMSIS/Include -I../AZURE_RTOS/App -I../Middlewares/ST/threadx/common/inc/ -I../Middlewares/ST/threadx/ports/cortex_m4/gnu/inc/ -O0 -ffunction-sections -fdata-sections -Wall -fstack-usage -fcyclomatic-complexity -MMD -MP -MF"Middlewares/ST/threadx/common/src/tx_block_pool_initialize.d" -MT"Middlewares/ST/threadx/common/src/tx_block_pool_initialize.o" --specs=nano.specs -mfpu=fpv4-sp-d16 -mfloat-abi=hard -mthumb -o "Middlewares/ST/threadx/common/src/tx_block_pool_initialize.o"
arm-none-eabi-gcc "../Middlewares/ST/threadx/common/src/tx_block_pool_prioritize.c" -mcpu=cortex-m4 -std=gnu11 -g3 -DDEBUG -DUSE_HAL_DRIVER -DSTM32G473xx -DTX_INCLUDE_USER_DEFINE_FILE -c -I../Core/Inc -I../Drivers/STM32G4xx_HAL_Driver/Inc -I../Drivers/STM32G4xx_HAL_Driver/Inc/Legacy -I../Drivers/CMSIS/Device/ST/STM32G4xx/Include -I../Drivers/CMSIS/Include -I../AZURE_RTOS/App -I../Middlewares/ST/threadx/common/inc/ -I../Middlewares/ST/threadx/ports/cortex_m4/gnu/inc/ -O0 -ffunction-sections -fdata-sections -Wall -fstack-usage -fcyclomatic-complexity -MMD -MP -MF"Middlewares/ST/threadx/common/src/tx_block_pool_prioritize.d" -MT"Middlewares/ST/threadx/common/src/tx_block_pool_prioritize.o" --specs=nano.specs -mfpu=fpv4-sp-d16 -mfloat-abi=hard -mthumb -o "Middlewares/ST/threadx/common/src/tx_block_pool_prioritize.o"
arm-none-eabi-gcc "../Middlewares/ST/threadx/common/src/tx_block_release.c" -mcpu=cortex-m4 -std=gnu11 -g3 -DDEBUG -DUSE_HAL_DRIVER -DSTM32G473xx -DTX_INCLUDE_USER_DEFINE_FILE -c -I../Core/Inc -I../Drivers/STM32G4xx_HAL_Driver/Inc -I../Drivers/STM32G4xx_HAL_Driver/Inc/Legacy -I../Drivers/CMSIS/Device/ST/STM32G4xx/Include -I../Drivers/CMSIS/Include -I../AZURE_RTOS/App -I../Middlewares/ST/threadx/common/inc/ -I../Middlewares/ST/threadx/ports/cortex_m4/gnu/inc/ -O0 -ffunction-sections -fdata-sections -Wall -fstack-usage -fcyclomatic-complexity -MMD -MP -MF"Middlewares/ST/threadx/common/src/tx_block_release.d" -MT"Middlewares/ST/threadx/common/src/tx_block_release.o" --specs=nano.specs -mfpu=fpv4-sp-d16 -mfloat-abi=hard -mthumb -o "Middlewares/ST/threadx/common/src/tx_block_release.o"
arm-none-eabi-gcc "../Middlewares/ST/threadx/common/src/tx_byte_allocate.c" -mcpu=cortex-m4 -std=gnu11 -g3 -DDEBUG -DUSE_HAL_DRIVER -DSTM32G473xx -DTX_INCLUDE_USER_DEFINE_FILE -c -I../Core/Inc -I../Drivers/STM32G4xx_HAL_Driver/Inc -I../Drivers/STM32G4xx_HAL_Driver/Inc/Legacy -I../Drivers/CMSIS/Device/ST/STM32G4xx/Include -I../Drivers/CMSIS/Include -I../AZURE_RTOS/App -I../Middlewares/ST/threadx/common/inc/ -I../Middlewares/ST/threadx/ports/cortex_m4/gnu/inc/ -O0 -ffunction-sections -fdata-sections -Wall -fstack-usage -fcyclomatic-complexity -MMD -MP -MF"Middlewares/ST/threadx/common/src/tx_byte_allocate.d" -MT"Middlewares/ST/threadx/common/src/tx_byte_allocate.o" --specs=nano.specs -mfpu=fpv4-sp-d16 -mfloat-abi=hard -mthumb -o "Middlewares/ST/threadx/common/src/tx_byte_allocate.o"
arm-none-eabi-gcc "../Middlewares/ST/threadx/common/src/tx_byte_pool_cleanup.c" -mcpu=cortex-m4 -std=gnu11 -g3 -DDEBUG -DUSE_HAL_DRIVER -DSTM32G473xx -DTX_INCLUDE_USER_DEFINE_FILE -c -I../Core/Inc -I../Drivers/STM32G4xx_HAL_Driver/Inc -I../Drivers/STM32G4xx_HAL_Driver/Inc/Legacy -I../Drivers/CMSIS/Device/ST/STM32G4xx/Include -I../Drivers/CMSIS/Include -I../AZURE_RTOS/App -I../Middlewares/ST/threadx/common/inc/ -I../Middlewares/ST/threadx/ports/cortex_m4/gnu/inc/ -O0 -ffunction-sections -fdata-sections -Wall -fstack-usage -fcyclomatic-complexity -MMD -MP -MF"Middlewares/ST/threadx/common/src/tx_byte_pool_cleanup.d" -MT"Middlewares/ST/threadx/common/src/tx_byte_pool_cleanup.o" --specs=nano.specs -mfpu=fpv4-sp-d16 -mfloat-abi=hard -mthumb -o "Middlewares/ST/threadx/common/src/tx_byte_pool_cleanup.o"
arm-none-eabi-gcc "../Middlewares/ST/threadx/common/src/tx_byte_pool_create.c" -mcpu=cortex-m4 -std=gnu11 -g3 -DDEBUG -DUSE_HAL_DRIVER -DSTM32G473xx -DTX_INCLUDE_USER_DEFINE_FILE -c -I../Core/Inc -I../Drivers/STM32G4xx_HAL_Driver/Inc -I../Drivers/STM32G4xx_HAL_Driver/Inc/Legacy -I../Drivers/CMSIS/Device/ST/STM32G4xx/Include -I../Drivers/CMSIS/Include -I../AZURE_RTOS/App -I../Middlewares/ST/threadx/common/inc/ -I../Middlewares/ST/threadx/ports/cortex_m4/gnu/inc/ -O0 -ffunction-sections -fdata-sections -Wall -fstack-usage -fcyclomatic-complexity -MMD -MP -MF"Middlewares/ST/threadx/common/src/tx_byte_pool_create.d" -MT"Middlewares/ST/threadx/common/src/tx_byte_pool_create.o" --specs=nano.specs -mfpu=fpv4-sp-d16 -mfloat-abi=hard -mthumb -o "Middlewares/ST/threadx/common/src/tx_byte_pool_create.o"
arm-none-eabi-gcc "../Middlewares/ST/threadx/common/src/tx_byte_pool_delete.c" -mcpu=cortex-m4 -std=gnu11 -g3 -DDEBUG -DUSE_HAL_DRIVER -DSTM32G473xx -DTX_INCLUDE_USER_DEFINE_FILE -c -I../Core/Inc -I../Drivers/STM32G4xx_HAL_Driver/Inc -I../Drivers/STM32G4xx_HAL_Driver/Inc/Legacy -I../Drivers/CMSIS/Device/ST/STM32G4xx/Include -I../Drivers/CMSIS/Include -I../AZURE_RTOS/App -I../Middlewares/ST/threadx/common/inc/ -I../Middlewares/ST/threadx/ports/cortex_m4/gnu/inc/ -O0 -ffunction-sections -fdata-sections -Wall -fstack-usage -fcyclomatic-complexity -MMD -MP -MF"Middlewares/ST/threadx/common/src/tx_byte_pool_delete.d" -MT"Middlewares/ST/threadx/common/src/tx_byte_pool_delete.o" --specs=nano.specs -mfpu=fpv4-sp-d16 -mfloat-abi=hard -mthumb -o "Middlewares/ST/threadx/common/src/tx_byte_pool_delete.o"
arm-none-eabi-gcc "../Middlewares/ST/threadx/common/src/tx_byte_pool_info_get.c" -mcpu=cortex-m4 -std=gnu11 -g3 -DDEBUG -DUSE_HAL_DRIVER -DSTM32G473xx -DTX_INCLUDE_USER_DEFINE_FILE -c -I../Core/Inc -I../Drivers/STM32G4xx_HAL_Driver/Inc -I../Drivers/STM32G4xx_HAL_Driver/Inc/Legacy -I../Drivers/CMSIS/Device/ST/STM32G4xx/Include -I../Drivers/CMSIS/Include -I../AZURE_RTOS/App -I../Middlewares/ST/threadx/common/inc/ -I../Middlewares/ST/threadx/ports/cortex_m4/gnu/inc/ -O0 -ffunction-sections -fdata-sections -Wall -fstack-usage -fcyclomatic-complexity -MMD -MP -MF"Middlewares/ST/threadx/common/src/tx_byte_pool_info_get.d" -MT"Middlewares/ST/threadx/common/src/tx_byte_pool_info_get.o" --specs=nano.specs -mfpu=fpv4-sp-d16 -mfloat-abi=hard -mthumb -o "Middlewares/ST/threadx/common/src/tx_byte_pool_info_get.o"
arm-none-eabi-gcc "../Middlewares/ST/threadx/common/src/tx_byte_pool_initialize.c" -mcpu=cortex-m4 -std=gnu11 -g3 -DDEBUG -DUSE_HAL_DRIVER -DSTM32G473xx -DTX_INCLUDE_USER_DEFINE_FILE -c -I../Core/Inc -I../Drivers/STM32G4xx_HAL_Driver/Inc -I../Drivers/STM32G4xx_HAL_Driver/Inc/Legacy -I../Drivers/CMSIS/Device/ST/STM32G4xx/Include -I../Drivers/CMSIS/Include -I../AZURE_RTOS/App -I../Middlewares/ST/threadx/common/inc/ -I../Middlewares/ST/threadx/ports/cortex_m4/gnu/inc/ -O0 -ffunction-sections -fdata-sections -Wall -fstack-usage -fcyclomatic-complexity -MMD -MP -MF"Middlewares/ST/threadx/common/src/tx_byte_pool_initialize.d" -MT"Middlewares/ST/threadx/common/src/tx_byte_pool_initialize.o" --specs=nano.specs -mfpu=fpv4-sp-d16 -mfloat-abi=hard -mthumb -o "Middlewares/ST/threadx/common/src/tx_byte_pool_initialize.o"
arm-none-eabi-gcc "../Middlewares/ST/threadx/common/src/tx_byte_pool_prioritize.c" -mcpu=cortex-m4 -std=gnu11 -g3 -DDEBUG -DUSE_HAL_DRIVER -DSTM32G473xx -DTX_INCLUDE_USER_DEFINE_FILE -c -I../Core/Inc -I../Drivers/STM32G4xx_HAL_Driver/Inc -I../Drivers/STM32G4xx_HAL_Driver/Inc/Legacy -I../Drivers/CMSIS/Device/ST/STM32G4xx/Include -I../Drivers/CMSIS/Include -I../AZURE_RTOS/App -I../Middlewares/ST/threadx/common/inc/ -I../Middlewares/ST/threadx/ports/cortex_m4/gnu/inc/ -O0 -ffunction-sections -fdata-sections -Wall -fstack-usage -fcyclomatic-complexity -MMD -MP -MF"Middlewares/ST/threadx/common/src/tx_byte_pool_prioritize.d" -MT"Middlewares/ST/threadx/common/src/tx_byte_pool_prioritize.o" --specs=nano.specs -mfpu=fpv4-sp-d16 -mfloat-abi=hard -mthumb -o "Middlewares/ST/threadx/common/src/tx_byte_pool_prioritize.o"
arm-none-eabi-gcc "../Middlewares/ST/threadx/common/src/tx_byte_pool_search.c" -mcpu=cortex-m4 -std=gnu11 -g3 -DDEBUG -DUSE_HAL_DRIVER -DSTM32G473xx -DTX_INCLUDE_USER_DEFINE_FILE -c -I../Core/Inc -I../Drivers/STM32G4xx_HAL_Driver/Inc -I../Drivers/STM32G4xx_HAL_Driver/Inc/Legacy -I../Drivers/CMSIS/Device/ST/STM32G4xx/Include -I../Drivers/CMSIS/Include -I../AZURE_RTOS/App -I../Middlewares/ST/threadx/common/inc/ -I../Middlewares/ST/threadx/ports/cortex_m4/gnu/inc/ -O0 -ffunction-sections -fdata-sections -Wall -fstack-usage -fcyclomatic-complexity -MMD -MP -MF"Middlewares/ST/threadx/common/src/tx_byte_pool_search.d" -MT"Middlewares/ST/threadx/common/src/tx_byte_pool_search.o" --specs=nano.specs -mfpu=fpv4-sp-d16 -mfloat-abi=hard -mthumb -o "Middlewares/ST/threadx/common/src/tx_byte_pool_search.o"
arm-none-eabi-gcc "../Middlewares/ST/threadx/common/src/tx_byte_release.c" -mcpu=cortex-m4 -std=gnu11 -g3 -DDEBUG -DUSE_HAL_DRIVER -DSTM32G473xx -DTX_INCLUDE_USER_DEFINE_FILE -c -I../Core/Inc -I../Drivers/STM32G4xx_HAL_Driver/Inc -I../Drivers/STM32G4xx_HAL_Driver/Inc/Legacy -I../Drivers/CMSIS/Device/ST/STM32G4xx/Include -I../Drivers/CMSIS/Include -I../AZURE_RTOS/App -I../Middlewares/ST/threadx/common/inc/ -I../Middlewares/ST/threadx/ports/cortex_m4/gnu/inc/ -O0 -ffunction-sections -fdata-sections -Wall -fstack-usage -fcyclomatic-complexity -MMD -MP -MF"Middlewares/ST/threadx/common/src/tx_byte_release.d" -MT"Middlewares/ST/threadx/common/src/tx_byte_release.o" --specs=nano.specs -mfpu=fpv4-sp-d16 -mfloat-abi=hard -mthumb -o "Middlewares/ST/threadx/common/src/tx_byte_release.o"
arm-none-eabi-gcc "../Middlewares/ST/threadx/common/src/tx_event_flags_cleanup.c" -mcpu=cortex-m4 -std=gnu11 -g3 -DDEBUG -DUSE_HAL_DRIVER -DSTM32G473xx -DTX_INCLUDE_USER_DEFINE_FILE -c -I../Core/Inc -I../Drivers/STM32G4xx_HAL_Driver/Inc -I../Drivers/STM32G4xx_HAL_Driver/Inc/Legacy -I../Drivers/CMSIS/Device/ST/STM32G4xx/Include -I../Drivers/CMSIS/Include -I../AZURE_RTOS/App -I../Middlewares/ST/threadx/common/inc/ -I../Middlewares/ST/threadx/ports/cortex_m4/gnu/inc/ -O0 -ffunction-sections -fdata-sections -Wall -fstack-usage -fcyclomatic-complexity -MMD -MP -MF"Middlewares/ST/threadx/common/src/tx_event_flags_cleanup.d" -MT"Middlewares/ST/threadx/common/src/tx_event_flags_cleanup.o" --specs=nano.specs -mfpu=fpv4-sp-d16 -mfloat-abi=hard -mthumb -o "Middlewares/ST/threadx/common/src/tx_event_flags_cleanup.o"
arm-none-eabi-gcc "../Middlewares/ST/threadx/common/src/tx_event_flags_create.c" -mcpu=cortex-m4 -std=gnu11 -g3 -DDEBUG -DUSE_HAL_DRIVER -DSTM32G473xx -DTX_INCLUDE_USER_DEFINE_FILE -c -I../Core/Inc -I../Drivers/STM32G4xx_HAL_Driver/Inc -I../Drivers/STM32G4xx_HAL_Driver/Inc/Legacy -I../Drivers/CMSIS/Device/ST/STM32G4xx/Include -I../Drivers/CMSIS/Include -I../AZURE_RTOS/App -I../Middlewares/ST/threadx/common/inc/ -I../Middlewares/ST/threadx/ports/cortex_m4/gnu/inc/ -O0 -ffunction-sections -fdata-sections -Wall -fstack-usage -fcyclomatic-complexity -MMD -MP -MF"Middlewares/ST/threadx/common/src/tx_event_flags_create.d" -MT"Middlewares/ST/threadx/common/src/tx_event_flags_create.o" --specs=nano.specs -mfpu=fpv4-sp-d16 -mfloat-abi=hard -mthumb -o "Middlewares/ST/threadx/common/src/tx_event_flags_create.o"
arm-none-eabi-gcc "../Middlewares/ST/threadx/common/src/tx_event_flags_delete.c" -mcpu=cortex-m4 -std=gnu11 -g3 -DDEBUG -DUSE_HAL_DRIVER -DSTM32G473xx -DTX_INCLUDE_USER_DEFINE_FILE -c -I../Core/Inc -I../Drivers/STM32G4xx_HAL_Driver/Inc -I../Drivers/STM32G4xx_HAL_Driver/Inc/Legacy -I../Drivers/CMSIS/Device/ST/STM32G4xx/Include -I../Drivers/CMSIS/Include -I../AZURE_RTOS/App -I../Middlewares/ST/threadx/common/inc/ -I../Middlewares/ST/threadx/ports/cortex_m4/gnu/inc/ -O0 -ffunction-sections -fdata-sections -Wall -fstack-usage -fcyclomatic-complexity -MMD -MP -MF"Middlewares/ST/threadx/common/src/tx_event_flags_delete.d" -MT"Middlewares/ST/threadx/common/src/tx_event_flags_delete.o" --specs=nano.specs -mfpu=fpv4-sp-d16 -mfloat-abi=hard -mthumb -o "Middlewares/ST/threadx/common/src/tx_event_flags_delete.o"
arm-none-eabi-gcc "../Middlewares/ST/threadx/common/src/tx_event_flags_get.c" -mcpu=cortex-m4 -std=gnu11 -g3 -DDEBUG -DUSE_HAL_DRIVER -DSTM32G473xx -DTX_INCLUDE_USER_DEFINE_FILE -c -I../Core/Inc -I../Drivers/STM32G4xx_HAL_Driver/Inc -I../Drivers/STM32G4xx_HAL_Driver/Inc/Legacy -I../Drivers/CMSIS/Device/ST/STM32G4xx/Include -I../Drivers/CMSIS/Include -I../AZURE_RTOS/App -I../Middlewares/ST/threadx/common/inc/ -I../Middlewares/ST/threadx/ports/cortex_m4/gnu/inc/ -O0 -ffunction-sections -fdata-sections -Wall -fstack-usage -fcyclomatic-complexity -MMD -MP -MF"Middlewares/ST/threadx/common/src/tx_event_flags_get.d" -MT"Middlewares/ST/threadx/common/src/tx_event_flags_get.o" --specs=nano.specs -mfpu=fpv4-sp-d16 -mfloat-abi=hard -mthumb -o "Middlewares/ST/threadx/common/src/tx_event_flags_get.o"
arm-none-eabi-gcc "../Middlewares/ST/threadx/common/src/tx_event_flags_info_get.c" -mcpu=cortex-m4 -std=gnu11 -g3 -DDEBUG -DUSE_HAL_DRIVER -DSTM32G473xx -DTX_INCLUDE_USER_DEFINE_FILE -c -I../Core/Inc -I../Drivers/STM32G4xx_HAL_Driver/Inc -I../Drivers/STM32G4xx_HAL_Driver/Inc/Legacy -I../Drivers/CMSIS/Device/ST/STM32G4xx/Include -I../Drivers/CMSIS/Include -I../AZURE_RTOS/App -I../Middlewares/ST/threadx/common/inc/ -I../Middlewares/ST/threadx/ports/cortex_m4/gnu/inc/ -O0 -ffunction-sections -fdata-sections -Wall -fstack-usage -fcyclomatic-complexity -MMD -MP -MF"Middlewares/ST/threadx/common/src/tx_event_flags_info_get.d" -MT"Middlewares/ST/threadx/common/src/tx_event_flags_info_get.o" --specs=nano.specs -mfpu=fpv4-sp-d16 -mfloat-abi=hard -mthumb -o "Middlewares/ST/threadx/common/src/tx_event_flags_info_get.o"
arm-none-eabi-gcc "../Middlewares/ST/threadx/common/src/tx_event_flags_initialize.c" -mcpu=cortex-m4 -std=gnu11 -g3 -DDEBUG -DUSE_HAL_DRIVER -DSTM32G473xx -DTX_INCLUDE_USER_DEFINE_FILE -c -I../Core/Inc -I../Drivers/STM32G4xx_HAL_Driver/Inc -I../Drivers/STM32G4xx_HAL_Driver/Inc/Legacy -I../Drivers/CMSIS/Device/ST/STM32G4xx/Include -I../Drivers/CMSIS/Include -I../AZURE_RTOS/App -I../Middlewares/ST/threadx/common/inc/ -I../Middlewares/ST/threadx/ports/cortex_m4/gnu/inc/ -O0 -ffunction-sections -fdata-sections -Wall -fstack-usage -fcyclomatic-complexity -MMD -MP -MF"Middlewares/ST/threadx/common/src/tx_event_flags_initialize.d" -MT"Middlewares/ST/threadx/common/src/tx_event_flags_initialize.o" --specs=nano.specs -mfpu=fpv4-sp-d16 -mfloat-abi=hard -mthumb -o "Middlewares/ST/threadx/common/src/tx_event_flags_initialize.o"
arm-none-eabi-gcc "../Middlewares/ST/threadx/common/src/tx_event_flags_set.c" -mcpu=cortex-m4 -std=gnu11 -g3 -DDEBUG -DUSE_HAL_DRIVER -DSTM32G473xx -DTX_INCLUDE_USER_DEFINE_FILE -c -I../Core/Inc -I../Drivers/STM32G4xx_HAL_Driver/Inc -I../Drivers/STM32G4xx_HAL_Driver/Inc/Legacy -I../Drivers/CMSIS/Device/ST/STM32G4xx/Include -I../Drivers/CMSIS/Include -I../AZURE_RTOS/App -I../Middlewares/ST/threadx/common/inc/ -I../Middlewares/ST/threadx/ports/cortex_m4/gnu/inc/ -O0 -ffunction-sections -fdata-sections -Wall -fstack-usage -fcyclomatic-complexity -MMD -MP -MF"Middlewares/ST/threadx/common/src/tx_event_flags_set.d" -MT"Middlewares/ST/threadx/common/src/tx_event_flags_set.o" --specs=nano.specs -mfpu=fpv4-sp-d16 -mfloat-abi=hard -mthumb -o "Middlewares/ST/threadx/common/src/tx_event_flags_set.o"
arm-none-eabi-gcc "../Middlewares/ST/threadx/common/src/tx_event_flags_set_notify.c" -mcpu=cortex-m4 -std=gnu11 -g3 -DDEBUG -DUSE_HAL_DRIVER -DSTM32G473xx -DTX_INCLUDE_USER_DEFINE_FILE -c -I../Core/Inc -I../Drivers/STM32G4xx_HAL_Driver/Inc -I../Drivers/STM32G4xx_HAL_Driver/Inc/Legacy -I../Drivers/CMSIS/Device/ST/STM32G4xx/Include -I../Drivers/CMSIS/Include -I../AZURE_RTOS/App -I../Middlewares/ST/threadx/common/inc/ -I../Middlewares/ST/threadx/ports/cortex_m4/gnu/inc/ -O0 -ffunction-sections -fdata-sections -Wall -fstack-usage -fcyclomatic-complexity -MMD -MP -MF"Middlewares/ST/threadx/common/src/tx_event_flags_set_notify.d" -MT"Middlewares/ST/threadx/common/src/tx_event_flags_set_notify.o" --specs=nano.specs -mfpu=fpv4-sp-d16 -mfloat-abi=hard -mthumb -o "Middlewares/ST/threadx/common/src/tx_event_flags_set_notify.o"
arm-none-eabi-gcc "../Middlewares/ST/threadx/common/src/tx_initialize_high_level.c" -mcpu=cortex-m4 -std=gnu11 -g3 -DDEBUG -DUSE_HAL_DRIVER -DSTM32G473xx -DTX_INCLUDE_USER_DEFINE_FILE -c -I../Core/Inc -I../Drivers/STM32G4xx_HAL_Driver/Inc -I../Drivers/STM32G4xx_HAL_Driver/Inc/Legacy -I../Drivers/CMSIS/Device/ST/STM32G4xx/Include -I../Drivers/CMSIS/Include -I../AZURE_RTOS/App -I../Middlewares/ST/threadx/common/inc/ -I../Middlewares/ST/threadx/ports/cortex_m4/gnu/inc/ -O0 -ffunction-sections -fdata-sections -Wall -fstack-usage -fcyclomatic-complexity -MMD -MP -MF"Middlewares/ST/threadx/common/src/tx_initialize_high_level.d" -MT"Middlewares/ST/threadx/common/src/tx_initialize_high_level.o" --specs=nano.specs -mfpu=fpv4-sp-d16 -mfloat-abi=hard -mthumb -o "Middlewares/ST/threadx/common/src/tx_initialize_high_level.o"
arm-none-eabi-gcc "../Middlewares/ST/threadx/common/src/tx_initialize_kernel_enter.c" -mcpu=cortex-m4 -std=gnu11 -g3 -DDEBUG -DUSE_HAL_DRIVER -DSTM32G473xx -DTX_INCLUDE_USER_DEFINE_FILE -c -I../Core/Inc -I../Drivers/STM32G4xx_HAL_Driver/Inc -I../Drivers/STM32G4xx_HAL_Driver/Inc/Legacy -I../Drivers/CMSIS/Device/ST/STM32G4xx/Include -I../Drivers/CMSIS/Include -I../AZURE_RTOS/App -I../Middlewares/ST/threadx/common/inc/ -I../Middlewares/ST/threadx/ports/cortex_m4/gnu/inc/ -O0 -ffunction-sections -fdata-sections -Wall -fstack-usage -fcyclomatic-complexity -MMD -MP -MF"Middlewares/ST/threadx/common/src/tx_initialize_kernel_enter.d" -MT"Middlewares/ST/threadx/common/src/tx_initialize_kernel_enter.o" --specs=nano.specs -mfpu=fpv4-sp-d16 -mfloat-abi=hard -mthumb -o "Middlewares/ST/threadx/common/src/tx_initialize_kernel_enter.o"
arm-none-eabi-gcc "../Middlewares/ST/threadx/common/src/tx_initialize_kernel_setup.c" -mcpu=cortex-m4 -std=gnu11 -g3 -DDEBUG -DUSE_HAL_DRIVER -DSTM32G473xx -DTX_INCLUDE_USER_DEFINE_FILE -c -I../Core/Inc -I../Drivers/STM32G4xx_HAL_Driver/Inc -I../Drivers/STM32G4xx_HAL_Driver/Inc/Legacy -I../Drivers/CMSIS/Device/ST/STM32G4xx/Include -I../Drivers/CMSIS/Include -I../AZURE_RTOS/App -I../Middlewares/ST/threadx/common/inc/ -I../Middlewares/ST/threadx/ports/cortex_m4/gnu/inc/ -O0 -ffunction-sections -fdata-sections -Wall -fstack-usage -fcyclomatic-complexity -MMD -MP -MF"Middlewares/ST/threadx/common/src/tx_initialize_kernel_setup.d" -MT"Middlewares/ST/threadx/common/src/tx_initialize_kernel_setup.o" --specs=nano.specs -mfpu=fpv4-sp-d16 -mfloat-abi=hard -mthumb -o "Middlewares/ST/threadx/common/src/tx_initialize_kernel_setup.o"
arm-none-eabi-gcc "../Middlewares/ST/threadx/common/src/tx_mutex_cleanup.c" -mcpu=cortex-m4 -std=gnu11 -g3 -DDEBUG -DUSE_HAL_DRIVER -DSTM32G473xx -DTX_INCLUDE_USER_DEFINE_FILE -c -I../Core/Inc -I../Drivers/STM32G4xx_HAL_Driver/Inc -I../Drivers/STM32G4xx_HAL_Driver/Inc/Legacy -I../Drivers/CMSIS/Device/ST/STM32G4xx/Include -I../Drivers/CMSIS/Include -I../AZURE_RTOS/App -I../Middlewares/ST/threadx/common/inc/ -I../Middlewares/ST/threadx/ports/cortex_m4/gnu/inc/ -O0 -ffunction-sections -fdata-sections -Wall -fstack-usage -fcyclomatic-complexity -MMD -MP -MF"Middlewares/ST/threadx/common/src/tx_mutex_cleanup.d" -MT"Middlewares/ST/threadx/common/src/tx_mutex_cleanup.o" --specs=nano.specs -mfpu=fpv4-sp-d16 -mfloat-abi=hard -mthumb -o "Middlewares/ST/threadx/common/src/tx_mutex_cleanup.o"
arm-none-eabi-gcc "../Middlewares/ST/threadx/common/src/tx_mutex_create.c" -mcpu=cortex-m4 -std=gnu11 -g3 -DDEBUG -DUSE_HAL_DRIVER -DSTM32G473xx -DTX_INCLUDE_USER_DEFINE_FILE -c -I../Core/Inc -I../Drivers/STM32G4xx_HAL_Driver/Inc -I../Drivers/STM32G4xx_HAL_Driver/Inc/Legacy -I../Drivers/CMSIS/Device/ST/STM32G4xx/Include -I../Drivers/CMSIS/Include -I../AZURE_RTOS/App -I../Middlewares/ST/threadx/common/inc/ -I../Middlewares/ST/threadx/ports/cortex_m4/gnu/inc/ -O0 -ffunction-sections -fdata-sections -Wall -fstack-usage -fcyclomatic-complexity -MMD -MP -MF"Middlewares/ST/threadx/common/src/tx_mutex_create.d" -MT"Middlewares/ST/threadx/common/src/tx_mutex_create.o" --specs=nano.specs -mfpu=fpv4-sp-d16 -mfloat-abi=hard -mthumb -o "Middlewares/ST/threadx/common/src/tx_mutex_create.o"
arm-none-eabi-gcc "../Middlewares/ST/threadx/common/src/tx_mutex_delete.c" -mcpu=cortex-m4 -std=gnu11 -g3 -DDEBUG -DUSE_HAL_DRIVER -DSTM32G473xx -DTX_INCLUDE_USER_DEFINE_FILE -c -I../Core/Inc -I../Drivers/STM32G4xx_HAL_Driver/Inc -I../Drivers/STM32G4xx_HAL_Driver/Inc/Legacy -I../Drivers/CMSIS/Device/ST/STM32G4xx/Include -I../Drivers/CMSIS/Include -I../AZURE_RTOS/App -I../Middlewares/ST/threadx/common/inc/ -I../Middlewares/ST/threadx/ports/cortex_m4/gnu/inc/ -O0 -ffunction-sections -fdata-sections -Wall -fstack-usage -fcyclomatic-complexity -MMD -MP -MF"Middlewares/ST/threadx/common/src/tx_mutex_delete.d" -MT"Middlewares/ST/threadx/common/src/tx_mutex_delete.o" --specs=nano.specs -mfpu=fpv4-sp-d16 -mfloat-abi=hard -mthumb -o "Middlewares/ST/threadx/common/src/tx_mutex_delete.o"
arm-none-eabi-gcc "../Middlewares/ST/threadx/common/src/tx_mutex_get.c" -mcpu=cortex-m4 -std=gnu11 -g3 -DDEBUG -DUSE_HAL_DRIVER -DSTM32G473xx -DTX_INCLUDE_USER_DEFINE_FILE -c -I../Core/Inc -I../Drivers/STM32G4xx_HAL_Driver/Inc -I../Drivers/STM32G4xx_HAL_Driver/Inc/Legacy -I../Drivers/CMSIS/Device/ST/STM32G4xx/Include -I../Drivers/CMSIS/Include -I../AZURE_RTOS/App -I../Middlewares/ST/threadx/common/inc/ -I../Middlewares/ST/threadx/ports/cortex_m4/gnu/inc/ -O0 -ffunction-sections -fdata-sections -Wall -fstack-usage -fcyclomatic-complexity -MMD -MP -MF"Middlewares/ST/threadx/common/src/tx_mutex_get.d" -MT"Middlewares/ST/threadx/common/src/tx_mutex_get.o" --specs=nano.specs -mfpu=fpv4-sp-d16 -mfloat-abi=hard -mthumb -o "Middlewares/ST/threadx/common/src/tx_mutex_get.o"
arm-none-eabi-gcc "../Middlewares/ST/threadx/common/src/tx_mutex_info_get.c" -mcpu=cortex-m4 -std=gnu11 -g3 -DDEBUG -DUSE_HAL_DRIVER -DSTM32G473xx -DTX_INCLUDE_USER_DEFINE_FILE -c -I../Core/Inc -I../Drivers/STM32G4xx_HAL_Driver/Inc -I../Drivers/STM32G4xx_HAL_Driver/Inc/Legacy -I../Drivers/CMSIS/Device/ST/STM32G4xx/Include -I../Drivers/CMSIS/Include -I../AZURE_RTOS/App -I../Middlewares/ST/threadx/common/inc/ -I../Middlewares/ST/threadx/ports/cortex_m4/gnu/inc/ -O0 -ffunction-sections -fdata-sections -Wall -fstack-usage -fcyclomatic-complexity -MMD -MP -MF"Middlewares/ST/threadx/common/src/tx_mutex_info_get.d" -MT"Middlewares/ST/threadx/common/src/tx_mutex_info_get.o" --specs=nano.specs -mfpu=fpv4-sp-d16 -mfloat-abi=hard -mthumb -o "Middlewares/ST/threadx/common/src/tx_mutex_info_get.o"
arm-none-eabi-gcc "../Middlewares/ST/threadx/common/src/tx_mutex_initialize.c" -mcpu=cortex-m4 -std=gnu11 -g3 -DDEBUG -DUSE_HAL_DRIVER -DSTM32G473xx -DTX_INCLUDE_USER_DEFINE_FILE -c -I../Core/Inc -I../Drivers/STM32G4xx_HAL_Driver/Inc -I../Drivers/STM32G4xx_HAL_Driver/Inc/Legacy -I../Drivers/CMSIS/Device/ST/STM32G4xx/Include -I../Drivers/CMSIS/Include -I../AZURE_RTOS/App -I../Middlewares/ST/threadx/common/inc/ -I../Middlewares/ST/threadx/ports/cortex_m4/gnu/inc/ -O0 -ffunction-sections -fdata-sections -Wall -fstack-usage -fcyclomatic-complexity -MMD -MP -MF"Middlewares/ST/threadx/common/src/tx_mutex_initialize.d" -MT"Middlewares/ST/threadx/common/src/tx_mutex_initialize.o" --specs=nano.specs -mfpu=fpv4-sp-d16 -mfloat-abi=hard -mthumb -o "Middlewares/ST/threadx/common/src/tx_mutex_initialize.o"
arm-none-eabi-gcc "../Middlewares/ST/threadx/common/src/tx_mutex_prioritize.c" -mcpu=cortex-m4 -std=gnu11 -g3 -DDEBUG -DUSE_HAL_DRIVER -DSTM32G473xx -DTX_INCLUDE_USER_DEFINE_FILE -c -I../Core/Inc -I../Drivers/STM32G4xx_HAL_Driver/Inc -I../Drivers/STM32G4xx_HAL_Driver/Inc/Legacy -I../Drivers/CMSIS/Device/ST/STM32G4xx/Include -I../Drivers/CMSIS/Include -I../AZURE_RTOS/App -I../Middlewares/ST/threadx/common/inc/ -I../Middlewares/ST/threadx/ports/cortex_m4/gnu/inc/ -O0 -ffunction-sections -fdata-sections -Wall -fstack-usage -fcyclomatic-complexity -MMD -MP -MF"Middlewares/ST/threadx/common/src/tx_mutex_prioritize.d" -MT"Middlewares/ST/threadx/common/src/tx_mutex_prioritize.o" --specs=nano.specs -mfpu=fpv4-sp-d16 -mfloat-abi=hard -mthumb -o "Middlewares/ST/threadx/common/src/tx_mutex_prioritize.o"
arm-none-eabi-gcc "../Middlewares/ST/threadx/common/src/tx_mutex_priority_change.c" -mcpu=cortex-m4 -std=gnu11 -g3 -DDEBUG -DUSE_HAL_DRIVER -DSTM32G473xx -DTX_INCLUDE_USER_DEFINE_FILE -c -I../Core/Inc -I../Drivers/STM32G4xx_HAL_Driver/Inc -I../Drivers/STM32G4xx_HAL_Driver/Inc/Legacy -I../Drivers/CMSIS/Device/ST/STM32G4xx/Include -I../Drivers/CMSIS/Include -I../AZURE_RTOS/App -I../Middlewares/ST/threadx/common/inc/ -I../Middlewares/ST/threadx/ports/cortex_m4/gnu/inc/ -O0 -ffunction-sections -fdata-sections -Wall -fstack-usage -fcyclomatic-complexity -MMD -MP -MF"Middlewares/ST/threadx/common/src/tx_mutex_priority_change.d" -MT"Middlewares/ST/threadx/common/src/tx_mutex_priority_change.o" --specs=nano.specs -mfpu=fpv4-sp-d16 -mfloat-abi=hard -mthumb -o "Middlewares/ST/threadx/common/src/tx_mutex_priority_change.o"
arm-none-eabi-gcc "../Middlewares/ST/threadx/common/src/tx_mutex_put.c" -mcpu=cortex-m4 -std=gnu11 -g3 -DDEBUG -DUSE_HAL_DRIVER -DSTM32G473xx -DTX_INCLUDE_USER_DEFINE_FILE -c -I../Core/Inc -I../Drivers/STM32G4xx_HAL_Driver/Inc -I../Drivers/STM32G4xx_HAL_Driver/Inc/Legacy -I../Drivers/CMSIS/Device/ST/STM32G4xx/Include -I../Drivers/CMSIS/Include -I../AZURE_RTOS/App -I../Middlewares/ST/threadx/common/inc/ -I../Middlewares/ST/threadx/ports/cortex_m4/gnu/inc/ -O0 -ffunction-sections -fdata-sections -Wall -fstack-usage -fcyclomatic-complexity -MMD -MP -MF"Middlewares/ST/threadx/common/src/tx_mutex_put.d" -MT"Middlewares/ST/threadx/common/src/tx_mutex_put.o" --specs=nano.specs -mfpu=fpv4-sp-d16 -mfloat-abi=hard -mthumb -o "Middlewares/ST/threadx/common/src/tx_mutex_put.o"
arm-none-eabi-gcc "../Middlewares/ST/threadx/common/src/tx_queue_cleanup.c" -mcpu=cortex-m4 -std=gnu11 -g3 -DDEBUG -DUSE_HAL_DRIVER -DSTM32G473xx -DTX_INCLUDE_USER_DEFINE_FILE -c -I../Core/Inc -I../Drivers/STM32G4xx_HAL_Driver/Inc -I../Drivers/STM32G4xx_HAL_Driver/Inc/Legacy -I../Drivers/CMSIS/Device/ST/STM32G4xx/Include -I../Drivers/CMSIS/Include -I../AZURE_RTOS/App -I../Middlewares/ST/threadx/common/inc/ -I../Middlewares/ST/threadx/ports/cortex_m4/gnu/inc/ -O0 -ffunction-sections -fdata-sections -Wall -fstack-usage -fcyclomatic-complexity -MMD -MP -MF"Middlewares/ST/threadx/common/src/tx_queue_cleanup.d" -MT"Middlewares/ST/threadx/common/src/tx_queue_cleanup.o" --specs=nano.specs -mfpu=fpv4-sp-d16 -mfloat-abi=hard -mthumb -o "Middlewares/ST/threadx/common/src/tx_queue_cleanup.o"
arm-none-eabi-gcc "../Middlewares/ST/threadx/common/src/tx_queue_create.c" -mcpu=cortex-m4 -std=gnu11 -g3 -DDEBUG -DUSE_HAL_DRIVER -DSTM32G473xx -DTX_INCLUDE_USER_DEFINE_FILE -c -I../Core/Inc -I../Drivers/STM32G4xx_HAL_Driver/Inc -I../Drivers/STM32G4xx_HAL_Driver/Inc/Legacy -I../Drivers/CMSIS/Device/ST/STM32G4xx/Include -I../Drivers/CMSIS/Include -I../AZURE_RTOS/App -I../Middlewares/ST/threadx/common/inc/ -I../Middlewares/ST/threadx/ports/cortex_m4/gnu/inc/ -O0 -ffunction-sections -fdata-sections -Wall -fstack-usage -fcyclomatic-complexity -MMD -MP -MF"Middlewares/ST/threadx/common/src/tx_queue_create.d" -MT"Middlewares/ST/threadx/common/src/tx_queue_create.o" --specs=nano.specs -mfpu=fpv4-sp-d16 -mfloat-abi=hard -mthumb -o "Middlewares/ST/threadx/common/src/tx_queue_create.o"
arm-none-eabi-gcc "../Middlewares/ST/threadx/common/src/tx_queue_delete.c" -mcpu=cortex-m4 -std=gnu11 -g3 -DDEBUG -DUSE_HAL_DRIVER -DSTM32G473xx -DTX_INCLUDE_USER_DEFINE_FILE -c -I../Core/Inc -I../Drivers/STM32G4xx_HAL_Driver/Inc -I../Drivers/STM32G4xx_HAL_Driver/Inc/Legacy -I../Drivers/CMSIS/Device/ST/STM32G4xx/Include -I../Drivers/CMSIS/Include -I../AZURE_RTOS/App -I../Middlewares/ST/threadx/common/inc/ -I../Middlewares/ST/threadx/ports/cortex_m4/gnu/inc/ -O0 -ffunction-sections -fdata-sections -Wall -fstack-usage -fcyclomatic-complexity -MMD -MP -MF"Middlewares/ST/threadx/common/src/tx_queue_delete.d" -MT"Middlewares/ST/threadx/common/src/tx_queue_delete.o" --specs=nano.specs -mfpu=fpv4-sp-d16 -mfloat-abi=hard -mthumb -o "Middlewares/ST/threadx/common/src/tx_queue_delete.o"
arm-none-eabi-gcc "../Middlewares/ST/threadx/common/src/tx_queue_flush.c" -mcpu=cortex-m4 -std=gnu11 -g3 -DDEBUG -DUSE_HAL_DRIVER -DSTM32G473xx -DTX_INCLUDE_USER_DEFINE_FILE -c -I../Core/Inc -I../Drivers/STM32G4xx_HAL_Driver/Inc -I../Drivers/STM32G4xx_HAL_Driver/Inc/Legacy -I../Drivers/CMSIS/Device/ST/STM32G4xx/Include -I../Drivers/CMSIS/Include -I../AZURE_RTOS/App -I../Middlewares/ST/threadx/common/inc/ -I../Middlewares/ST/threadx/ports/cortex_m4/gnu/inc/ -O0 -ffunction-sections -fdata-sections -Wall -fstack-usage -fcyclomatic-complexity -MMD -MP -MF"Middlewares/ST/threadx/common/src/tx_queue_flush.d" -MT"Middlewares/ST/threadx/common/src/tx_queue_flush.o" --specs=nano.specs -mfpu=fpv4-sp-d16 -mfloat-abi=hard -mthumb -o "Middlewares/ST/threadx/common/src/tx_queue_flush.o"
arm-none-eabi-gcc "../Middlewares/ST/threadx/common/src/tx_queue_front_send.c" -mcpu=cortex-m4 -std=gnu11 -g3 -DDEBUG -DUSE_HAL_DRIVER -DSTM32G473xx -DTX_INCLUDE_USER_DEFINE_FILE -c -I../Core/Inc -I../Drivers/STM32G4xx_HAL_Driver/Inc -I../Drivers/STM32G4xx_HAL_Driver/Inc/Legacy -I../Drivers/CMSIS/Device/ST/STM32G4xx/Include -I../Drivers/CMSIS/Include -I../AZURE_RTOS/App -I../Middlewares/ST/threadx/common/inc/ -I../Middlewares/ST/threadx/ports/cortex_m4/gnu/inc/ -O0 -ffunction-sections -fdata-sections -Wall -fstack-usage -fcyclomatic-complexity -MMD -MP -MF"Middlewares/ST/threadx/common/src/tx_queue_front_send.d" -MT"Middlewares/ST/threadx/common/src/tx_queue_front_send.o" --specs=nano.specs -mfpu=fpv4-sp-d16 -mfloat-abi=hard -mthumb -o "Middlewares/ST/threadx/common/src/tx_queue_front_send.o"
arm-none-eabi-gcc "../Middlewares/ST/threadx/common/src/tx_queue_info_get.c" -mcpu=cortex-m4 -std=gnu11 -g3 -DDEBUG -DUSE_HAL_DRIVER -DSTM32G473xx -DTX_INCLUDE_USER_DEFINE_FILE -c -I../Core/Inc -I../Drivers/STM32G4xx_HAL_Driver/Inc -I../Drivers/STM32G4xx_HAL_Driver/Inc/Legacy -I../Drivers/CMSIS/Device/ST/STM32G4xx/Include -I../Drivers/CMSIS/Include -I../AZURE_RTOS/App -I../Middlewares/ST/threadx/common/inc/ -I../Middlewares/ST/threadx/ports/cortex_m4/gnu/inc/ -O0 -ffunction-sections -fdata-sections -Wall -fstack-usage -fcyclomatic-complexity -MMD -MP -MF"Middlewares/ST/threadx/common/src/tx_queue_info_get.d" -MT"Middlewares/ST/threadx/common/src/tx_queue_info_get.o" --specs=nano.specs -mfpu=fpv4-sp-d16 -mfloat-abi=hard -mthumb -o "Middlewares/ST/threadx/common/src/tx_queue_info_get.o"
arm-none-eabi-gcc "../Middlewares/ST/threadx/common/src/tx_queue_initialize.c" -mcpu=cortex-m4 -std=gnu11 -g3 -DDEBUG -DUSE_HAL_DRIVER -DSTM32G473xx -DTX_INCLUDE_USER_DEFINE_FILE -c -I../Core/Inc -I../Drivers/STM32G4xx_HAL_Driver/Inc -I../Drivers/STM32G4xx_HAL_Driver/Inc/Legacy -I../Drivers/CMSIS/Device/ST/STM32G4xx/Include -I../Drivers/CMSIS/Include -I../AZURE_RTOS/App -I../Middlewares/ST/threadx/common/inc/ -I../Middlewares/ST/threadx/ports/cortex_m4/gnu/inc/ -O0 -ffunction-sections -fdata-sections -Wall -fstack-usage -fcyclomatic-complexity -MMD -MP -MF"Middlewares/ST/threadx/common/src/tx_queue_initialize.d" -MT"Middlewares/ST/threadx/common/src/tx_queue_initialize.o" --specs=nano.specs -mfpu=fpv4-sp-d16 -mfloat-abi=hard -mthumb -o "Middlewares/ST/threadx/common/src/tx_queue_initialize.o"
arm-none-eabi-gcc "../Middlewares/ST/threadx/common/src/tx_queue_prioritize.c" -mcpu=cortex-m4 -std=gnu11 -g3 -DDEBUG -DUSE_HAL_DRIVER -DSTM32G473xx -DTX_INCLUDE_USER_DEFINE_FILE -c -I../Core/Inc -I../Drivers/STM32G4xx_HAL_Driver/Inc -I../Drivers/STM32G4xx_HAL_Driver/Inc/Legacy -I../Drivers/CMSIS/Device/ST/STM32G4xx/Include -I../Drivers/CMSIS/Include -I../AZURE_RTOS/App -I../Middlewares/ST/threadx/common/inc/ -I../Middlewares/ST/threadx/ports/cortex_m4/gnu/inc/ -O0 -ffunction-sections -fdata-sections -Wall -fstack-usage -fcyclomatic-complexity -MMD -MP -MF"Middlewares/ST/threadx/common/src/tx_queue_prioritize.d" -MT"Middlewares/ST/threadx/common/src/tx_queue_prioritize.o" --specs=nano.specs -mfpu=fpv4-sp-d16 -mfloat-abi=hard -mthumb -o "Middlewares/ST/threadx/common/src/tx_queue_prioritize.o"
arm-none-eabi-gcc "../Middlewares/ST/threadx/common/src/tx_queue_receive.c" -mcpu=cortex-m4 -std=gnu11 -g3 -DDEBUG -DUSE_HAL_DRIVER -DSTM32G473xx -DTX_INCLUDE_USER_DEFINE_FILE -c -I../Core/Inc -I../Drivers/STM32G4xx_HAL_Driver/Inc -I../Drivers/STM32G4xx_HAL_Driver/Inc/Legacy -I../Drivers/CMSIS/Device/ST/STM32G4xx/Include -I../Drivers/CMSIS/Include -I../AZURE_RTOS/App -I../Middlewares/ST/threadx/common/inc/ -I../Middlewares/ST/threadx/ports/cortex_m4/gnu/inc/ -O0 -ffunction-sections -fdata-sections -Wall -fstack-usage -fcyclomatic-complexity -MMD -MP -MF"Middlewares/ST/threadx/common/src/tx_queue_receive.d" -MT"Middlewares/ST/threadx/common/src/tx_queue_receive.o" --specs=nano.specs -mfpu=fpv4-sp-d16 -mfloat-abi=hard -mthumb -o "Middlewares/ST/threadx/common/src/tx_queue_receive.o"
arm-none-eabi-gcc "../Middlewares/ST/threadx/common/src/tx_queue_send.c" -mcpu=cortex-m4 -std=gnu11 -g3 -DDEBUG -DUSE_HAL_DRIVER -DSTM32G473xx -DTX_INCLUDE_USER_DEFINE_FILE -c -I../Core/Inc -I../Drivers/STM32G4xx_HAL_Driver/Inc -I../Drivers/STM32G4xx_HAL_Driver/Inc/Legacy -I../Drivers/CMSIS/Device/ST/STM32G4xx/Include -I../Drivers/CMSIS/Include -I../AZURE_RTOS/App -I../Middlewares/ST/threadx/common/inc/ -I../Middlewares/ST/threadx/ports/cortex_m4/gnu/inc/ -O0 -ffunction-sections -fdata-sections -Wall -fstack-usage -fcyclomatic-complexity -MMD -MP -MF"Middlewares/ST/threadx/common/src/tx_queue_send.d" -MT"Middlewares/ST/threadx/common/src/tx_queue_send.o" --specs=nano.specs -mfpu=fpv4-sp-d16 -mfloat-abi=hard -mthumb -o "Middlewares/ST/threadx/common/src/tx_queue_send.o"
arm-none-eabi-gcc "../Middlewares/ST/threadx/common/src/tx_queue_send_notify.c" -mcpu=cortex-m4 -std=gnu11 -g3 -DDEBUG -DUSE_HAL_DRIVER -DSTM32G473xx -DTX_INCLUDE_USER_DEFINE_FILE -c -I../Core/Inc -I../Drivers/STM32G4xx_HAL_Driver/Inc -I../Drivers/STM32G4xx_HAL_Driver/Inc/Legacy -I../Drivers/CMSIS/Device/ST/STM32G4xx/Include -I../Drivers/CMSIS/Include -I../AZURE_RTOS/App -I../Middlewares/ST/threadx/common/inc/ -I../Middlewares/ST/threadx/ports/cortex_m4/gnu/inc/ -O0 -ffunction-sections -fdata-sections -Wall -fstack-usage -fcyclomatic-complexity -MMD -MP -MF"Middlewares/ST/threadx/common/src/tx_queue_send_notify.d" -MT"Middlewares/ST/threadx/common/src/tx_queue_send_notify.o" --specs=nano.specs -mfpu=fpv4-sp-d16 -mfloat-abi=hard -mthumb -o "Middlewares/ST/threadx/common/src/tx_queue_send_notify.o"
arm-none-eabi-gcc "../Middlewares/ST/threadx/common/src/tx_semaphore_ceiling_put.c" -mcpu=cortex-m4 -std=gnu11 -g3 -DDEBUG -DUSE_HAL_DRIVER -DSTM32G473xx -DTX_INCLUDE_USER_DEFINE_FILE -c -I../Core/Inc -I../Drivers/STM32G4xx_HAL_Driver/Inc -I../Drivers/STM32G4xx_HAL_Driver/Inc/Legacy -I../Drivers/CMSIS/Device/ST/STM32G4xx/Include -I../Drivers/CMSIS/Include -I../AZURE_RTOS/App -I../Middlewares/ST/threadx/common/inc/ -I../Middlewares/ST/threadx/ports/cortex_m4/gnu/inc/ -O0 -ffunction-sections -fdata-sections -Wall -fstack-usage -fcyclomatic-complexity -MMD -MP -MF"Middlewares/ST/threadx/common/src/tx_semaphore_ceiling_put.d" -MT"Middlewares/ST/threadx/common/src/tx_semaphore_ceiling_put.o" --specs=nano.specs -mfpu=fpv4-sp-d16 -mfloat-abi=hard -mthumb -o "Middlewares/ST/threadx/common/src/tx_semaphore_ceiling_put.o"
arm-none-eabi-gcc "../Middlewares/ST/threadx/common/src/tx_semaphore_cleanup.c" -mcpu=cortex-m4 -std=gnu11 -g3 -DDEBUG -DUSE_HAL_DRIVER -DSTM32G473xx -DTX_INCLUDE_USER_DEFINE_FILE -c -I../Core/Inc -I../Drivers/STM32G4xx_HAL_Driver/Inc -I../Drivers/STM32G4xx_HAL_Driver/Inc/Legacy -I../Drivers/CMSIS/Device/ST/STM32G4xx/Include -I../Drivers/CMSIS/Include -I../AZURE_RTOS/App -I../Middlewares/ST/threadx/common/inc/ -I../Middlewares/ST/threadx/ports/cortex_m4/gnu/inc/ -O0 -ffunction-sections -fdata-sections -Wall -fstack-usage -fcyclomatic-complexity -MMD -MP -MF"Middlewares/ST/threadx/common/src/tx_semaphore_cleanup.d" -MT"Middlewares/ST/threadx/common/src/tx_semaphore_cleanup.o" --specs=nano.specs -mfpu=fpv4-sp-d16 -mfloat-abi=hard -mthumb -o "Middlewares/ST/threadx/common/src/tx_semaphore_cleanup.o"
arm-none-eabi-gcc "../Middlewares/ST/threadx/common/src/tx_semaphore_create.c" -mcpu=cortex-m4 -std=gnu11 -g3 -DDEBUG -DUSE_HAL_DRIVER -DSTM32G473xx -DTX_INCLUDE_USER_DEFINE_FILE -c -I../Core/Inc -I../Drivers/STM32G4xx_HAL_Driver/Inc -I../Drivers/STM32G4xx_HAL_Driver/Inc/Legacy -I../Drivers/CMSIS/Device/ST/STM32G4xx/Include -I../Drivers/CMSIS/Include -I../AZURE_RTOS/App -I../Middlewares/ST/threadx/common/inc/ -I../Middlewares/ST/threadx/ports/cortex_m4/gnu/inc/ -O0 -ffunction-sections -fdata-sections -Wall -fstack-usage -fcyclomatic-complexity -MMD -MP -MF"Middlewares/ST/threadx/common/src/tx_semaphore_create.d" -MT"Middlewares/ST/threadx/common/src/tx_semaphore_create.o" --specs=nano.specs -mfpu=fpv4-sp-d16 -mfloat-abi=hard -mthumb -o "Middlewares/ST/threadx/common/src/tx_semaphore_create.o"
arm-none-eabi-gcc "../Middlewares/ST/threadx/common/src/tx_semaphore_delete.c" -mcpu=cortex-m4 -std=gnu11 -g3 -DDEBUG -DUSE_HAL_DRIVER -DSTM32G473xx -DTX_INCLUDE_USER_DEFINE_FILE -c -I../Core/Inc -I../Drivers/STM32G4xx_HAL_Driver/Inc -I../Drivers/STM32G4xx_HAL_Driver/Inc/Legacy -I../Drivers/CMSIS/Device/ST/STM32G4xx/Include -I../Drivers/CMSIS/Include -I../AZURE_RTOS/App -I../Middlewares/ST/threadx/common/inc/ -I../Middlewares/ST/threadx/ports/cortex_m4/gnu/inc/ -O0 -ffunction-sections -fdata-sections -Wall -fstack-usage -fcyclomatic-complexity -MMD -MP -MF"Middlewares/ST/threadx/common/src/tx_semaphore_delete.d" -MT"Middlewares/ST/threadx/common/src/tx_semaphore_delete.o" --specs=nano.specs -mfpu=fpv4-sp-d16 -mfloat-abi=hard -mthumb -o "Middlewares/ST/threadx/common/src/tx_semaphore_delete.o"
arm-none-eabi-gcc "../Middlewares/ST/threadx/common/src/tx_semaphore_get.c" -mcpu=cortex-m4 -std=gnu11 -g3 -DDEBUG -DUSE_HAL_DRIVER -DSTM32G473xx -DTX_INCLUDE_USER_DEFINE_FILE -c -I../Core/Inc -I../Drivers/STM32G4xx_HAL_Driver/Inc -I../Drivers/STM32G4xx_HAL_Driver/Inc/Legacy -I../Drivers/CMSIS/Device/ST/STM32G4xx/Include -I../Drivers/CMSIS/Include -I../AZURE_RTOS/App -I../Middlewares/ST/threadx/common/inc/ -I../Middlewares/ST/threadx/ports/cortex_m4/gnu/inc/ -O0 -ffunction-sections -fdata-sections -Wall -fstack-usage -fcyclomatic-complexity -MMD -MP -MF"Middlewares/ST/threadx/common/src/tx_semaphore_get.d" -MT"Middlewares/ST/threadx/common/src/tx_semaphore_get.o" --specs=nano.specs -mfpu=fpv4-sp-d16 -mfloat-abi=hard -mthumb -o "Middlewares/ST/threadx/common/src/tx_semaphore_get.o"
arm-none-eabi-gcc "../Middlewares/ST/threadx/common/src/tx_semaphore_info_get.c" -mcpu=cortex-m4 -std=gnu11 -g3 -DDEBUG -DUSE_HAL_DRIVER -DSTM32G473xx -DTX_INCLUDE_USER_DEFINE_FILE -c -I../Core/Inc -I../Drivers/STM32G4xx_HAL_Driver/Inc -I../Drivers/STM32G4xx_HAL_Driver/Inc/Legacy -I../Drivers/CMSIS/Device/ST/STM32G4xx/Include -I../Drivers/CMSIS/Include -I../AZURE_RTOS/App -I../Middlewares/ST/threadx/common/inc/ -I../Middlewares/ST/threadx/ports/cortex_m4/gnu/inc/ -O0 -ffunction-sections -fdata-sections -Wall -fstack-usage -fcyclomatic-complexity -MMD -MP -MF"Middlewares/ST/threadx/common/src/tx_semaphore_info_get.d" -MT"Middlewares/ST/threadx/common/src/tx_semaphore_info_get.o" --specs=nano.specs -mfpu=fpv4-sp-d16 -mfloat-abi=hard -mthumb -o "Middlewares/ST/threadx/common/src/tx_semaphore_info_get.o"
arm-none-eabi-gcc "../Middlewares/ST/threadx/common/src/tx_semaphore_initialize.c" -mcpu=cortex-m4 -std=gnu11 -g3 -DDEBUG -DUSE_HAL_DRIVER -DSTM32G473xx -DTX_INCLUDE_USER_DEFINE_FILE -c -I../Core/Inc -I../Drivers/STM32G4xx_HAL_Driver/Inc -I../Drivers/STM32G4xx_HAL_Driver/Inc/Legacy -I../Drivers/CMSIS/Device/ST/STM32G4xx/Include -I../Drivers/CMSIS/Include -I../AZURE_RTOS/App -I../Middlewares/ST/threadx/common/inc/ -I../Middlewares/ST/threadx/ports/cortex_m4/gnu/inc/ -O0 -ffunction-sections -fdata-sections -Wall -fstack-usage -fcyclomatic-complexity -MMD -MP -MF"Middlewares/ST/threadx/common/src/tx_semaphore_initialize.d" -MT"Middlewares/ST/threadx/common/src/tx_semaphore_initialize.o" --specs=nano.specs -mfpu=fpv4-sp-d16 -mfloat-abi=hard -mthumb -o "Middlewares/ST/threadx/common/src/tx_semaphore_initialize.o"
arm-none-eabi-gcc "../Middlewares/ST/threadx/common/src/tx_semaphore_prioritize.c" -mcpu=cortex-m4 -std=gnu11 -g3 -DDEBUG -DUSE_HAL_DRIVER -DSTM32G473xx -DTX_INCLUDE_USER_DEFINE_FILE -c -I../Core/Inc -I../Drivers/STM32G4xx_HAL_Driver/Inc -I../Drivers/STM32G4xx_HAL_Driver/Inc/Legacy -I../Drivers/CMSIS/Device/ST/STM32G4xx/Include -I../Drivers/CMSIS/Include -I../AZURE_RTOS/App -I../Middlewares/ST/threadx/common/inc/ -I../Middlewares/ST/threadx/ports/cortex_m4/gnu/inc/ -O0 -ffunction-sections -fdata-sections -Wall -fstack-usage -fcyclomatic-complexity -MMD -MP -MF"Middlewares/ST/threadx/common/src/tx_semaphore_prioritize.d" -MT"Middlewares/ST/threadx/common/src/tx_semaphore_prioritize.o" --specs=nano.specs -mfpu=fpv4-sp-d16 -mfloat-abi=hard -mthumb -o "Middlewares/ST/threadx/common/src/tx_semaphore_prioritize.o"
arm-none-eabi-gcc "../Middlewares/ST/threadx/common/src/tx_semaphore_put.c" -mcpu=cortex-m4 -std=gnu11 -g3 -DDEBUG -DUSE_HAL_DRIVER -DSTM32G473xx -DTX_INCLUDE_USER_DEFINE_FILE -c -I../Core/Inc -I../Drivers/STM32G4xx_HAL_Driver/Inc -I../Drivers/STM32G4xx_HAL_Driver/Inc/Legacy -I../Drivers/CMSIS/Device/ST/STM32G4xx/Include -I../Drivers/CMSIS/Include -I../AZURE_RTOS/App -I../Middlewares/ST/threadx/common/inc/ -I../Middlewares/ST/threadx/ports/cortex_m4/gnu/inc/ -O0 -ffunction-sections -fdata-sections -Wall -fstack-usage -fcyclomatic-complexity -MMD -MP -MF"Middlewares/ST/threadx/common/src/tx_semaphore_put.d" -MT"Middlewares/ST/threadx/common/src/tx_semaphore_put.o" --specs=nano.specs -mfpu=fpv4-sp-d16 -mfloat-abi=hard -mthumb -o "Middlewares/ST/threadx/common/src/tx_semaphore_put.o"
arm-none-eabi-gcc "../Middlewares/ST/threadx/common/src/tx_semaphore_put_notify.c" -mcpu=cortex-m4 -std=gnu11 -g3 -DDEBUG -DUSE_HAL_DRIVER -DSTM32G473xx -DTX_INCLUDE_USER_DEFINE_FILE -c -I../Core/Inc -I../Drivers/STM32G4xx_HAL_Driver/Inc -I../Drivers/STM32G4xx_HAL_Driver/Inc/Legacy -I../Drivers/CMSIS/Device/ST/STM32G4xx/Include -I../Drivers/CMSIS/Include -I../AZURE_RTOS/App -I../Middlewares/ST/threadx/common/inc/ -I../Middlewares/ST/threadx/ports/cortex_m4/gnu/inc/ -O0 -ffunction-sections -fdata-sections -Wall -fstack-usage -fcyclomatic-complexity -MMD -MP -MF"Middlewares/ST/threadx/common/src/tx_semaphore_put_notify.d" -MT"Middlewares/ST/threadx/common/src/tx_semaphore_put_notify.o" --specs=nano.specs -mfpu=fpv4-sp-d16 -mfloat-abi=hard -mthumb -o "Middlewares/ST/threadx/common/src/tx_semaphore_put_notify.o"
arm-none-eabi-gcc "../Middlewares/ST/threadx/common/src/tx_thread_create.c" -mcpu=cortex-m4 -std=gnu11 -g3 -DDEBUG -DUSE_HAL_DRIVER -DSTM32G473xx -DTX_INCLUDE_USER_DEFINE_FILE -c -I../Core/Inc -I../Drivers/STM32G4xx_HAL_Driver/Inc -I../Drivers/STM32G4xx_HAL_Driver/Inc/Legacy -I../Drivers/CMSIS/Device/ST/STM32G4xx/Include -I../Drivers/CMSIS/Include -I../AZURE_RTOS/App -I../Middlewares/ST/threadx/common/inc/ -I../Middlewares/ST/threadx/ports/cortex_m4/gnu/inc/ -O0 -ffunction-sections -fdata-sections -Wall -fstack-usage -fcyclomatic-complexity -MMD -MP -MF"Middlewares/ST/threadx/common/src/tx_thread_create.d" -MT"Middlewares/ST/threadx/common/src/tx_thread_create.o" --specs=nano.specs -mfpu=fpv4-sp-d16 -mfloat-abi=hard -mthumb -o "Middlewares/ST/threadx/common/src/tx_thread_create.o"
arm-none-eabi-gcc "../Middlewares/ST/threadx/common/src/tx_thread_delete.c" -mcpu=cortex-m4 -std=gnu11 -g3 -DDEBUG -DUSE_HAL_DRIVER -DSTM32G473xx -DTX_INCLUDE_USER_DEFINE_FILE -c -I../Core/Inc -I../Drivers/STM32G4xx_HAL_Driver/Inc -I../Drivers/STM32G4xx_HAL_Driver/Inc/Legacy -I../Drivers/CMSIS/Device/ST/STM32G4xx/Include -I../Drivers/CMSIS/Include -I../AZURE_RTOS/App -I../Middlewares/ST/threadx/common/inc/ -I../Middlewares/ST/threadx/ports/cortex_m4/gnu/inc/ -O0 -ffunction-sections -fdata-sections -Wall -fstack-usage -fcyclomatic-complexity -MMD -MP -MF"Middlewares/ST/threadx/common/src/tx_thread_delete.d" -MT"Middlewares/ST/threadx/common/src/tx_thread_delete.o" --specs=nano.specs -mfpu=fpv4-sp-d16 -mfloat-abi=hard -mthumb -o "Middlewares/ST/threadx/common/src/tx_thread_delete.o"
arm-none-eabi-gcc "../Middlewares/ST/threadx/common/src/tx_thread_entry_exit_notify.c" -mcpu=cortex-m4 -std=gnu11 -g3 -DDEBUG -DUSE_HAL_DRIVER -DSTM32G473xx -DTX_INCLUDE_USER_DEFINE_FILE -c -I../Core/Inc -I../Drivers/STM32G4xx_HAL_Driver/Inc -I../Drivers/STM32G4xx_HAL_Driver/Inc/Legacy -I../Drivers/CMSIS/Device/ST/STM32G4xx/Include -I../Drivers/CMSIS/Include -I../AZURE_RTOS/App -I../Middlewares/ST/threadx/common/inc/ -I../Middlewares/ST/threadx/ports/cortex_m4/gnu/inc/ -O0 -ffunction-sections -fdata-sections -Wall -fstack-usage -fcyclomatic-complexity -MMD -MP -MF"Middlewares/ST/threadx/common/src/tx_thread_entry_exit_notify.d" -MT"Middlewares/ST/threadx/common/src/tx_thread_entry_exit_notify.o" --specs=nano.specs -mfpu=fpv4-sp-d16 -mfloat-abi=hard -mthumb -o "Middlewares/ST/threadx/common/src/tx_thread_entry_exit_notify.o"
arm-none-eabi-gcc "../Middlewares/ST/threadx/common/src/tx_thread_identify.c" -mcpu=cortex-m4 -std=gnu11 -g3 -DDEBUG -DUSE_HAL_DRIVER -DSTM32G473xx -DTX_INCLUDE_USER_DEFINE_FILE -c -I../Core/Inc -I../Drivers/STM32G4xx_HAL_Driver/Inc -I../Drivers/STM32G4xx_HAL_Driver/Inc/Legacy -I../Drivers/CMSIS/Device/ST/STM32G4xx/Include -I../Drivers/CMSIS/Include -I../AZURE_RTOS/App -I../Middlewares/ST/threadx/common/inc/ -I../Middlewares/ST/threadx/ports/cortex_m4/gnu/inc/ -O0 -ffunction-sections -fdata-sections -Wall -fstack-usage -fcyclomatic-complexity -MMD -MP -MF"Middlewares/ST/threadx/common/src/tx_thread_identify.d" -MT"Middlewares/ST/threadx/common/src/tx_thread_identify.o" --specs=nano.specs -mfpu=fpv4-sp-d16 -mfloat-abi=hard -mthumb -o "Middlewares/ST/threadx/common/src/tx_thread_identify.o"
arm-none-eabi-gcc "../Middlewares/ST/threadx/common/src/tx_thread_info_get.c" -mcpu=cortex-m4 -std=gnu11 -g3 -DDEBUG -DUSE_HAL_DRIVER -DSTM32G473xx -DTX_INCLUDE_USER_DEFINE_FILE -c -I../Core/Inc -I../Drivers/STM32G4xx_HAL_Driver/Inc -I../Drivers/STM32G4xx_HAL_Driver/Inc/Legacy -I../Drivers/CMSIS/Device/ST/STM32G4xx/Include -I../Drivers/CMSIS/Include -I../AZURE_RTOS/App -I../Middlewares/ST/threadx/common/inc/ -I../Middlewares/ST/threadx/ports/cortex_m4/gnu/inc/ -O0 -ffunction-sections -fdata-sections -Wall -fstack-usage -fcyclomatic-complexity -MMD -MP -MF"Middlewares/ST/threadx/common/src/tx_thread_info_get.d" -MT"Middlewares/ST/threadx/common/src/tx_thread_info_get.o" --specs=nano.specs -mfpu=fpv4-sp-d16 -mfloat-abi=hard -mthumb -o "Middlewares/ST/threadx/common/src/tx_thread_info_get.o"
arm-none-eabi-gcc "../Middlewares/ST/threadx/common/src/tx_thread_initialize.c" -mcpu=cortex-m4 -std=gnu11 -g3 -DDEBUG -DUSE_HAL_DRIVER -DSTM32G473xx -DTX_INCLUDE_USER_DEFINE_FILE -c -I../Core/Inc -I../Drivers/STM32G4xx_HAL_Driver/Inc -I../Drivers/STM32G4xx_HAL_Driver/Inc/Legacy -I../Drivers/CMSIS/Device/ST/STM32G4xx/Include -I../Drivers/CMSIS/Include -I../AZURE_RTOS/App -I../Middlewares/ST/threadx/common/inc/ -I../Middlewares/ST/threadx/ports/cortex_m4/gnu/inc/ -O0 -ffunction-sections -fdata-sections -Wall -fstack-usage -fcyclomatic-complexity -MMD -MP -MF"Middlewares/ST/threadx/common/src/tx_thread_initialize.d" -MT"Middlewares/ST/threadx/common/src/tx_thread_initialize.o" --specs=nano.specs -mfpu=fpv4-sp-d16 -mfloat-abi=hard -mthumb -o "Middlewares/ST/threadx/common/src/tx_thread_initialize.o"
arm-none-eabi-gcc "../Middlewares/ST/threadx/common/src/tx_thread_preemption_change.c" -mcpu=cortex-m4 -std=gnu11 -g3 -DDEBUG -DUSE_HAL_DRIVER -DSTM32G473xx -DTX_INCLUDE_USER_DEFINE_FILE -c -I../Core/Inc -I../Drivers/STM32G4xx_HAL_Driver/Inc -I../Drivers/STM32G4xx_HAL_Driver/Inc/Legacy -I../Drivers/CMSIS/Device/ST/STM32G4xx/Include -I../Drivers/CMSIS/Include -I../AZURE_RTOS/App -I../Middlewares/ST/threadx/common/inc/ -I../Middlewares/ST/threadx/ports/cortex_m4/gnu/inc/ -O0 -ffunction-sections -fdata-sections -Wall -fstack-usage -fcyclomatic-complexity -MMD -MP -MF"Middlewares/ST/threadx/common/src/tx_thread_preemption_change.d" -MT"Middlewares/ST/threadx/common/src/tx_thread_preemption_change.o" --specs=nano.specs -mfpu=fpv4-sp-d16 -mfloat-abi=hard -mthumb -o "Middlewares/ST/threadx/common/src/tx_thread_preemption_change.o"
arm-none-eabi-gcc "../Middlewares/ST/threadx/common/src/tx_thread_priority_change.c" -mcpu=cortex-m4 -std=gnu11 -g3 -DDEBUG -DUSE_HAL_DRIVER -DSTM32G473xx -DTX_INCLUDE_USER_DEFINE_FILE -c -I../Core/Inc -I../Drivers/STM32G4xx_HAL_Driver/Inc -I../Drivers/STM32G4xx_HAL_Driver/Inc/Legacy -I../Drivers/CMSIS/Device/ST/STM32G4xx/Include -I../Drivers/CMSIS/Include -I../AZURE_RTOS/App -I../Middlewares/ST/threadx/common/inc/ -I../Middlewares/ST/threadx/ports/cortex_m4/gnu/inc/ -O0 -ffunction-sections -fdata-sections -Wall -fstack-usage -fcyclomatic-complexity -MMD -MP -MF"Middlewares/ST/threadx/common/src/tx_thread_priority_change.d" -MT"Middlewares/ST/threadx/common/src/tx_thread_priority_change.o" --specs=nano.specs -mfpu=fpv4-sp-d16 -mfloat-abi=hard -mthumb -o "Middlewares/ST/threadx/common/src/tx_thread_priority_change.o"
arm-none-eabi-gcc "../Middlewares/ST/threadx/common/src/tx_thread_relinquish.c" -mcpu=cortex-m4 -std=gnu11 -g3 -DDEBUG -DUSE_HAL_DRIVER -DSTM32G473xx -DTX_INCLUDE_USER_DEFINE_FILE -c -I../Core/Inc -I../Drivers/STM32G4xx_HAL_Driver/Inc -I../Drivers/STM32G4xx_HAL_Driver/Inc/Legacy -I../Drivers/CMSIS/Device/ST/STM32G4xx/Include -I../Drivers/CMSIS/Include -I../AZURE_RTOS/App -I../Middlewares/ST/threadx/common/inc/ -I../Middlewares/ST/threadx/ports/cortex_m4/gnu/inc/ -O0 -ffunction-sections -fdata-sections -Wall -fstack-usage -fcyclomatic-complexity -MMD -MP -MF"Middlewares/ST/threadx/common/src/tx_thread_relinquish.d" -MT"Middlewares/ST/threadx/common/src/tx_thread_relinquish.o" --specs=nano.specs -mfpu=fpv4-sp-d16 -mfloat-abi=hard -mthumb -o "Middlewares/ST/threadx/common/src/tx_thread_relinquish.o"
arm-none-eabi-gcc "../Middlewares/ST/threadx/common/src/tx_thread_reset.c" -mcpu=cortex-m4 -std=gnu11 -g3 -DDEBUG -DUSE_HAL_DRIVER -DSTM32G473xx -DTX_INCLUDE_USER_DEFINE_FILE -c -I../Core/Inc -I../Drivers/STM32G4xx_HAL_Driver/Inc -I../Drivers/STM32G4xx_HAL_Driver/Inc/Legacy -I../Drivers/CMSIS/Device/ST/STM32G4xx/Include -I../Drivers/CMSIS/Include -I../AZURE_RTOS/App -I../Middlewares/ST/threadx/common/inc/ -I../Middlewares/ST/threadx/ports/cortex_m4/gnu/inc/ -O0 -ffunction-sections -fdata-sections -Wall -fstack-usage -fcyclomatic-complexity -MMD -MP -MF"Middlewares/ST/threadx/common/src/tx_thread_reset.d" -MT"Middlewares/ST/threadx/common/src/tx_thread_reset.o" --specs=nano.specs -mfpu=fpv4-sp-d16 -mfloat-abi=hard -mthumb -o "Middlewares/ST/threadx/common/src/tx_thread_reset.o"
arm-none-eabi-gcc "../Middlewares/ST/threadx/common/src/tx_thread_resume.c" -mcpu=cortex-m4 -std=gnu11 -g3 -DDEBUG -DUSE_HAL_DRIVER -DSTM32G473xx -DTX_INCLUDE_USER_DEFINE_FILE -c -I../Core/Inc -I../Drivers/STM32G4xx_HAL_Driver/Inc -I../Drivers/STM32G4xx_HAL_Driver/Inc/Legacy -I../Drivers/CMSIS/Device/ST/STM32G4xx/Include -I../Drivers/CMSIS/Include -I../AZURE_RTOS/App -I../Middlewares/ST/threadx/common/inc/ -I../Middlewares/ST/threadx/ports/cortex_m4/gnu/inc/ -O0 -ffunction-sections -fdata-sections -Wall -fstack-usage -fcyclomatic-complexity -MMD -MP -MF"Middlewares/ST/threadx/common/src/tx_thread_resume.d" -MT"Middlewares/ST/threadx/common/src/tx_thread_resume.o" --specs=nano.specs -mfpu=fpv4-sp-d16 -mfloat-abi=hard -mthumb -o "Middlewares/ST/threadx/common/src/tx_thread_resume.o"
arm-none-eabi-gcc "../Middlewares/ST/threadx/common/src/tx_thread_shell_entry.c" -mcpu=cortex-m4 -std=gnu11 -g3 -DDEBUG -DUSE_HAL_DRIVER -DSTM32G473xx -DTX_INCLUDE_USER_DEFINE_FILE -c -I../Core/Inc -I../Drivers/STM32G4xx_HAL_Driver/Inc -I../Drivers/STM32G4xx_HAL_Driver/Inc/Legacy -I../Drivers/CMSIS/Device/ST/STM32G4xx/Include -I../Drivers/CMSIS/Include -I../AZURE_RTOS/App -I../Middlewares/ST/threadx/common/inc/ -I../Middlewares/ST/threadx/ports/cortex_m4/gnu/inc/ -O0 -ffunction-sections -fdata-sections -Wall -fstack-usage -fcyclomatic-complexity -MMD -MP -MF"Middlewares/ST/threadx/common/src/tx_thread_shell_entry.d" -MT"Middlewares/ST/threadx/common/src/tx_thread_shell_entry.o" --specs=nano.specs -mfpu=fpv4-sp-d16 -mfloat-abi=hard -mthumb -o "Middlewares/ST/threadx/common/src/tx_thread_shell_entry.o"
arm-none-eabi-gcc "../Middlewares/ST/threadx/common/src/tx_thread_sleep.c" -mcpu=cortex-m4 -std=gnu11 -g3 -DDEBUG -DUSE_HAL_DRIVER -DSTM32G473xx -DTX_INCLUDE_USER_DEFINE_FILE -c -I../Core/Inc -I../Drivers/STM32G4xx_HAL_Driver/Inc -I../Drivers/STM32G4xx_HAL_Driver/Inc/Legacy -I../Drivers/CMSIS/Device/ST/STM32G4xx/Include -I../Drivers/CMSIS/Include -I../AZURE_RTOS/App -I../Middlewares/ST/threadx/common/inc/ -I../Middlewares/ST/threadx/ports/cortex_m4/gnu/inc/ -O0 -ffunction-sections -fdata-sections -Wall -fstack-usage -fcyclomatic-complexity -MMD -MP -MF"Middlewares/ST/threadx/common/src/tx_thread_sleep.d" -MT"Middlewares/ST/threadx/common/src/tx_thread_sleep.o" --specs=nano.specs -mfpu=fpv4-sp-d16 -mfloat-abi=hard -mthumb -o "Middlewares/ST/threadx/common/src/tx_thread_sleep.o"
arm-none-eabi-gcc "../Middlewares/ST/threadx/common/src/tx_thread_stack_analyze.c" -mcpu=cortex-m4 -std=gnu11 -g3 -DDEBUG -DUSE_HAL_DRIVER -DSTM32G473xx -DTX_INCLUDE_USER_DEFINE_FILE -c -I../Core/Inc -I../Drivers/STM32G4xx_HAL_Driver/Inc -I../Drivers/STM32G4xx_HAL_Driver/Inc/Legacy -I../Drivers/CMSIS/Device/ST/STM32G4xx/Include -I../Drivers/CMSIS/Include -I../AZURE_RTOS/App -I../Middlewares/ST/threadx/common/inc/ -I../Middlewares/ST/threadx/ports/cortex_m4/gnu/inc/ -O0 -ffunction-sections -fdata-sections -Wall -fstack-usage -fcyclomatic-complexity -MMD -MP -MF"Middlewares/ST/threadx/common/src/tx_thread_stack_analyze.d" -MT"Middlewares/ST/threadx/common/src/tx_thread_stack_analyze.o" --specs=nano.specs -mfpu=fpv4-sp-d16 -mfloat-abi=hard -mthumb -o "Middlewares/ST/threadx/common/src/tx_thread_stack_analyze.o"
arm-none-eabi-gcc "../Middlewares/ST/threadx/common/src/tx_thread_stack_error_handler.c" -mcpu=cortex-m4 -std=gnu11 -g3 -DDEBUG -DUSE_HAL_DRIVER -DSTM32G473xx -DTX_INCLUDE_USER_DEFINE_FILE -c -I../Core/Inc -I../Drivers/STM32G4xx_HAL_Driver/Inc -I../Drivers/STM32G4xx_HAL_Driver/Inc/Legacy -I../Drivers/CMSIS/Device/ST/STM32G4xx/Include -I../Drivers/CMSIS/Include -I../AZURE_RTOS/App -I../Middlewares/ST/threadx/common/inc/ -I../Middlewares/ST/threadx/ports/cortex_m4/gnu/inc/ -O0 -ffunction-sections -fdata-sections -Wall -fstack-usage -fcyclomatic-complexity -MMD -MP -MF"Middlewares/ST/threadx/common/src/tx_thread_stack_error_handler.d" -MT"Middlewares/ST/threadx/common/src/tx_thread_stack_error_handler.o" --specs=nano.specs -mfpu=fpv4-sp-d16 -mfloat-abi=hard -mthumb -o "Middlewares/ST/threadx/common/src/tx_thread_stack_error_handler.o"
arm-none-eabi-gcc "../Middlewares/ST/threadx/common/src/tx_thread_stack_error_notify.c" -mcpu=cortex-m4 -std=gnu11 -g3 -DDEBUG -DUSE_HAL_DRIVER -DSTM32G473xx -DTX_INCLUDE_USER_DEFINE_FILE -c -I../Core/Inc -I../Drivers/STM32G4xx_HAL_Driver/Inc -I../Drivers/STM32G4xx_HAL_Driver/Inc/Legacy -I../Drivers/CMSIS/Device/ST/STM32G4xx/Include -I../Drivers/CMSIS/Include -I../AZURE_RTOS/App -I../Middlewares/ST/threadx/common/inc/ -I../Middlewares/ST/threadx/ports/cortex_m4/gnu/inc/ -O0 -ffunction-sections -fdata-sections -Wall -fstack-usage -fcyclomatic-complexity -MMD -MP -MF"Middlewares/ST/threadx/common/src/tx_thread_stack_error_notify.d" -MT"Middlewares/ST/threadx/common/src/tx_thread_stack_error_notify.o" --specs=nano.specs -mfpu=fpv4-sp-d16 -mfloat-abi=hard -mthumb -o "Middlewares/ST/threadx/common/src/tx_thread_stack_error_notify.o"
arm-none-eabi-gcc "../Middlewares/ST/threadx/common/src/tx_thread_suspend.c" -mcpu=cortex-m4 -std=gnu11 -g3 -DDEBUG -DUSE_HAL_DRIVER -DSTM32G473xx -DTX_INCLUDE_USER_DEFINE_FILE -c -I../Core/Inc -I../Drivers/STM32G4xx_HAL_Driver/Inc -I../Drivers/STM32G4xx_HAL_Driver/Inc/Legacy -I../Drivers/CMSIS/Device/ST/STM32G4xx/Include -I../Drivers/CMSIS/Include -I../AZURE_RTOS/App -I../Middlewares/ST/threadx/common/inc/ -I../Middlewares/ST/threadx/ports/cortex_m4/gnu/inc/ -O0 -ffunction-sections -fdata-sections -Wall -fstack-usage -fcyclomatic-complexity -MMD -MP -MF"Middlewares/ST/threadx/common/src/tx_thread_suspend.d" -MT"Middlewares/ST/threadx/common/src/tx_thread_suspend.o" --specs=nano.specs -mfpu=fpv4-sp-d16 -mfloat-abi=hard -mthumb -o "Middlewares/ST/threadx/common/src/tx_thread_suspend.o"
arm-none-eabi-gcc "../Middlewares/ST/threadx/common/src/tx_thread_system_preempt_check.c" -mcpu=cortex-m4 -std=gnu11 -g3 -DDEBUG -DUSE_HAL_DRIVER -DSTM32G473xx -DTX_INCLUDE_USER_DEFINE_FILE -c -I../Core/Inc -I../Drivers/STM32G4xx_HAL_Driver/Inc -I../Drivers/STM32G4xx_HAL_Driver/Inc/Legacy -I../Drivers/CMSIS/Device/ST/STM32G4xx/Include -I../Drivers/CMSIS/Include -I../AZURE_RTOS/App -I../Middlewares/ST/threadx/common/inc/ -I../Middlewares/ST/threadx/ports/cortex_m4/gnu/inc/ -O0 -ffunction-sections -fdata-sections -Wall -fstack-usage -fcyclomatic-complexity -MMD -MP -MF"Middlewares/ST/threadx/common/src/tx_thread_system_preempt_check.d" -MT"Middlewares/ST/threadx/common/src/tx_thread_system_preempt_check.o" --specs=nano.specs -mfpu=fpv4-sp-d16 -mfloat-abi=hard -mthumb -o "Middlewares/ST/threadx/common/src/tx_thread_system_preempt_check.o"
arm-none-eabi-gcc "../Middlewares/ST/threadx/common/src/tx_thread_system_resume.c" -mcpu=cortex-m4 -std=gnu11 -g3 -DDEBUG -DUSE_HAL_DRIVER -DSTM32G473xx -DTX_INCLUDE_USER_DEFINE_FILE -c -I../Core/Inc -I../Drivers/STM32G4xx_HAL_Driver/Inc -I../Drivers/STM32G4xx_HAL_Driver/Inc/Legacy -I../Drivers/CMSIS/Device/ST/STM32G4xx/Include -I../Drivers/CMSIS/Include -I../AZURE_RTOS/App -I../Middlewares/ST/threadx/common/inc/ -I../Middlewares/ST/threadx/ports/cortex_m4/gnu/inc/ -O0 -ffunction-sections -fdata-sections -Wall -fstack-usage -fcyclomatic-complexity -MMD -MP -MF"Middlewares/ST/threadx/common/src/tx_thread_system_resume.d" -MT"Middlewares/ST/threadx/common/src/tx_thread_system_resume.o" --specs=nano.specs -mfpu=fpv4-sp-d16 -mfloat-abi=hard -mthumb -o "Middlewares/ST/threadx/common/src/tx_thread_system_resume.o"
arm-none-eabi-gcc "../Middlewares/ST/threadx/common/src/tx_thread_system_suspend.c" -mcpu=cortex-m4 -std=gnu11 -g3 -DDEBUG -DUSE_HAL_DRIVER -DSTM32G473xx -DTX_INCLUDE_USER_DEFINE_FILE -c -I../Core/Inc -I../Drivers/STM32G4xx_HAL_Driver/Inc -I../Drivers/STM32G4xx_HAL_Driver/Inc/Legacy -I../Drivers/CMSIS/Device/ST/STM32G4xx/Include -I../Drivers/CMSIS/Include -I../AZURE_RTOS/App -I../Middlewares/ST/threadx/common/inc/ -I../Middlewares/ST/threadx/ports/cortex_m4/gnu/inc/ -O0 -ffunction-sections -fdata-sections -Wall -fstack-usage -fcyclomatic-complexity -MMD -MP -MF"Middlewares/ST/threadx/common/src/tx_thread_system_suspend.d" -MT"Middlewares/ST/threadx/common/src/tx_thread_system_suspend.o" --specs=nano.specs -mfpu=fpv4-sp-d16 -mfloat-abi=hard -mthumb -o "Middlewares/ST/threadx/common/src/tx_thread_system_suspend.o"
arm-none-eabi-gcc "../Middlewares/ST/threadx/common/src/tx_thread_terminate.c" -mcpu=cortex-m4 -std=gnu11 -g3 -DDEBUG -DUSE_HAL_DRIVER -DSTM32G473xx -DTX_INCLUDE_USER_DEFINE_FILE -c -I../Core/Inc -I../Drivers/STM32G4xx_HAL_Driver/Inc -I../Drivers/STM32G4xx_HAL_Driver/Inc/Legacy -I../Drivers/CMSIS/Device/ST/STM32G4xx/Include -I../Drivers/CMSIS/Include -I../AZURE_RTOS/App -I../Middlewares/ST/threadx/common/inc/ -I../Middlewares/ST/threadx/ports/cortex_m4/gnu/inc/ -O0 -ffunction-sections -fdata-sections -Wall -fstack-usage -fcyclomatic-complexity -MMD -MP -MF"Middlewares/ST/threadx/common/src/tx_thread_terminate.d" -MT"Middlewares/ST/threadx/common/src/tx_thread_terminate.o" --specs=nano.specs -mfpu=fpv4-sp-d16 -mfloat-abi=hard -mthumb -o "Middlewares/ST/threadx/common/src/tx_thread_terminate.o"
arm-none-eabi-gcc "../Middlewares/ST/threadx/common/src/tx_thread_time_slice.c" -mcpu=cortex-m4 -std=gnu11 -g3 -DDEBUG -DUSE_HAL_DRIVER -DSTM32G473xx -DTX_INCLUDE_USER_DEFINE_FILE -c -I../Core/Inc -I../Drivers/STM32G4xx_HAL_Driver/Inc -I../Drivers/STM32G4xx_HAL_Driver/Inc/Legacy -I../Drivers/CMSIS/Device/ST/STM32G4xx/Include -I../Drivers/CMSIS/Include -I../AZURE_RTOS/App -I../Middlewares/ST/threadx/common/inc/ -I../Middlewares/ST/threadx/ports/cortex_m4/gnu/inc/ -O0 -ffunction-sections -fdata-sections -Wall -fstack-usage -fcyclomatic-complexity -MMD -MP -MF"Middlewares/ST/threadx/common/src/tx_thread_time_slice.d" -MT"Middlewares/ST/threadx/common/src/tx_thread_time_slice.o" --specs=nano.specs -mfpu=fpv4-sp-d16 -mfloat-abi=hard -mthumb -o "Middlewares/ST/threadx/common/src/tx_thread_time_slice.o"
arm-none-eabi-gcc "../Middlewares/ST/threadx/common/src/tx_thread_time_slice_change.c" -mcpu=cortex-m4 -std=gnu11 -g3 -DDEBUG -DUSE_HAL_DRIVER -DSTM32G473xx -DTX_INCLUDE_USER_DEFINE_FILE -c -I../Core/Inc -I../Drivers/STM32G4xx_HAL_Driver/Inc -I../Drivers/STM32G4xx_HAL_Driver/Inc/Legacy -I../Drivers/CMSIS/Device/ST/STM32G4xx/Include -I../Drivers/CMSIS/Include -I../AZURE_RTOS/App -I../Middlewares/ST/threadx/common/inc/ -I../Middlewares/ST/threadx/ports/cortex_m4/gnu/inc/ -O0 -ffunction-sections -fdata-sections -Wall -fstack-usage -fcyclomatic-complexity -MMD -MP -MF"Middlewares/ST/threadx/common/src/tx_thread_time_slice_change.d" -MT"Middlewares/ST/threadx/common/src/tx_thread_time_slice_change.o" --specs=nano.specs -mfpu=fpv4-sp-d16 -mfloat-abi=hard -mthumb -o "Middlewares/ST/threadx/common/src/tx_thread_time_slice_change.o"
arm-none-eabi-gcc "../Middlewares/ST/threadx/common/src/tx_thread_timeout.c" -mcpu=cortex-m4 -std=gnu11 -g3 -DDEBUG -DUSE_HAL_DRIVER -DSTM32G473xx -DTX_INCLUDE_USER_DEFINE_FILE -c -I../Core/Inc -I../Drivers/STM32G4xx_HAL_Driver/Inc -I../Drivers/STM32G4xx_HAL_Driver/Inc/Legacy -I../Drivers/CMSIS/Device/ST/STM32G4xx/Include -I../Drivers/CMSIS/Include -I../AZURE_RTOS/App -I../Middlewares/ST/threadx/common/inc/ -I../Middlewares/ST/threadx/ports/cortex_m4/gnu/inc/ -O0 -ffunction-sections -fdata-sections -Wall -fstack-usage -fcyclomatic-complexity -MMD -MP -MF"Middlewares/ST/threadx/common/src/tx_thread_timeout.d" -MT"Middlewares/ST/threadx/common/src/tx_thread_timeout.o" --specs=nano.specs -mfpu=fpv4-sp-d16 -mfloat-abi=hard -mthumb -o "Middlewares/ST/threadx/common/src/tx_thread_timeout.o"
arm-none-eabi-gcc "../Middlewares/ST/threadx/common/src/tx_thread_wait_abort.c" -mcpu=cortex-m4 -std=gnu11 -g3 -DDEBUG -DUSE_HAL_DRIVER -DSTM32G473xx -DTX_INCLUDE_USER_DEFINE_FILE -c -I../Core/Inc -I../Drivers/STM32G4xx_HAL_Driver/Inc -I../Drivers/STM32G4xx_HAL_Driver/Inc/Legacy -I../Drivers/CMSIS/Device/ST/STM32G4xx/Include -I../Drivers/CMSIS/Include -I../AZURE_RTOS/App -I../Middlewares/ST/threadx/common/inc/ -I../Middlewares/ST/threadx/ports/cortex_m4/gnu/inc/ -O0 -ffunction-sections -fdata-sections -Wall -fstack-usage -fcyclomatic-complexity -MMD -MP -MF"Middlewares/ST/threadx/common/src/tx_thread_wait_abort.d" -MT"Middlewares/ST/threadx/common/src/tx_thread_wait_abort.o" --specs=nano.specs -mfpu=fpv4-sp-d16 -mfloat-abi=hard -mthumb -o "Middlewares/ST/threadx/common/src/tx_thread_wait_abort.o"
arm-none-eabi-gcc "../Middlewares/ST/threadx/common/src/tx_time_get.c" -mcpu=cortex-m4 -std=gnu11 -g3 -DDEBUG -DUSE_HAL_DRIVER -DSTM32G473xx -DTX_INCLUDE_USER_DEFINE_FILE -c -I../Core/Inc -I../Drivers/STM32G4xx_HAL_Driver/Inc -I../Drivers/STM32G4xx_HAL_Driver/Inc/Legacy -I../Drivers/CMSIS/Device/ST/STM32G4xx/Include -I../Drivers/CMSIS/Include -I../AZURE_RTOS/App -I../Middlewares/ST/threadx/common/inc/ -I../Middlewares/ST/threadx/ports/cortex_m4/gnu/inc/ -O0 -ffunction-sections -fdata-sections -Wall -fstack-usage -fcyclomatic-complexity -MMD -MP -MF"Middlewares/ST/threadx/common/src/tx_time_get.d" -MT"Middlewares/ST/threadx/common/src/tx_time_get.o" --specs=nano.specs -mfpu=fpv4-sp-d16 -mfloat-abi=hard -mthumb -o "Middlewares/ST/threadx/common/src/tx_time_get.o"
arm-none-eabi-gcc "../Middlewares/ST/threadx/common/src/tx_time_set.c" -mcpu=cortex-m4 -std=gnu11 -g3 -DDEBUG -DUSE_HAL_DRIVER -DSTM32G473xx -DTX_INCLUDE_USER_DEFINE_FILE -c -I../Core/Inc -I../Drivers/STM32G4xx_HAL_Driver/Inc -I../Drivers/STM32G4xx_HAL_Driver/Inc/Legacy -I../Drivers/CMSIS/Device/ST/STM32G4xx/Include -I../Drivers/CMSIS/Include -I../AZURE_RTOS/App -I../Middlewares/ST/threadx/common/inc/ -I../Middlewares/ST/threadx/ports/cortex_m4/gnu/inc/ -O0 -ffunction-sections -fdata-sections -Wall -fstack-usage -fcyclomatic-complexity -MMD -MP -MF"Middlewares/ST/threadx/common/src/tx_time_set.d" -MT"Middlewares/ST/threadx/common/src/tx_time_set.o" --specs=nano.specs -mfpu=fpv4-sp-d16 -mfloat-abi=hard -mthumb -o "Middlewares/ST/threadx/common/src/tx_time_set.o"
arm-none-eabi-gcc "../Middlewares/ST/threadx/common/src/tx_timer_activate.c" -mcpu=cortex-m4 -std=gnu11 -g3 -DDEBUG -DUSE_HAL_DRIVER -DSTM32G473xx -DTX_INCLUDE_USER_DEFINE_FILE -c -I../Core/Inc -I../Drivers/STM32G4xx_HAL_Driver/Inc -I../Drivers/STM32G4xx_HAL_Driver/Inc/Legacy -I../Drivers/CMSIS/Device/ST/STM32G4xx/Include -I../Drivers/CMSIS/Include -I../AZURE_RTOS/App -I../Middlewares/ST/threadx/common/inc/ -I../Middlewares/ST/threadx/ports/cortex_m4/gnu/inc/ -O0 -ffunction-sections -fdata-sections -Wall -fstack-usage -fcyclomatic-complexity -MMD -MP -MF"Middlewares/ST/threadx/common/src/tx_timer_activate.d" -MT"Middlewares/ST/threadx/common/src/tx_timer_activate.o" --specs=nano.specs -mfpu=fpv4-sp-d16 -mfloat-abi=hard -mthumb -o "Middlewares/ST/threadx/common/src/tx_timer_activate.o"
arm-none-eabi-gcc "../Middlewares/ST/threadx/common/src/tx_timer_change.c" -mcpu=cortex-m4 -std=gnu11 -g3 -DDEBUG -DUSE_HAL_DRIVER -DSTM32G473xx -DTX_INCLUDE_USER_DEFINE_FILE -c -I../Core/Inc -I../Drivers/STM32G4xx_HAL_Driver/Inc -I../Drivers/STM32G4xx_HAL_Driver/Inc/Legacy -I../Drivers/CMSIS/Device/ST/STM32G4xx/Include -I../Drivers/CMSIS/Include -I../AZURE_RTOS/App -I../Middlewares/ST/threadx/common/inc/ -I../Middlewares/ST/threadx/ports/cortex_m4/gnu/inc/ -O0 -ffunction-sections -fdata-sections -Wall -fstack-usage -fcyclomatic-complexity -MMD -MP -MF"Middlewares/ST/threadx/common/src/tx_timer_change.d" -MT"Middlewares/ST/threadx/common/src/tx_timer_change.o" --specs=nano.specs -mfpu=fpv4-sp-d16 -mfloat-abi=hard -mthumb -o "Middlewares/ST/threadx/common/src/tx_timer_change.o"
arm-none-eabi-gcc "../Middlewares/ST/threadx/common/src/tx_timer_create.c" -mcpu=cortex-m4 -std=gnu11 -g3 -DDEBUG -DUSE_HAL_DRIVER -DSTM32G473xx -DTX_INCLUDE_USER_DEFINE_FILE -c -I../Core/Inc -I../Drivers/STM32G4xx_HAL_Driver/Inc -I../Drivers/STM32G4xx_HAL_Driver/Inc/Legacy -I../Drivers/CMSIS/Device/ST/STM32G4xx/Include -I../Drivers/CMSIS/Include -I../AZURE_RTOS/App -I../Middlewares/ST/threadx/common/inc/ -I../Middlewares/ST/threadx/ports/cortex_m4/gnu/inc/ -O0 -ffunction-sections -fdata-sections -Wall -fstack-usage -fcyclomatic-complexity -MMD -MP -MF"Middlewares/ST/threadx/common/src/tx_timer_create.d" -MT"Middlewares/ST/threadx/common/src/tx_timer_create.o" --specs=nano.specs -mfpu=fpv4-sp-d16 -mfloat-abi=hard -mthumb -o "Middlewares/ST/threadx/common/src/tx_timer_create.o"
arm-none-eabi-gcc "../Middlewares/ST/threadx/common/src/tx_timer_deactivate.c" -mcpu=cortex-m4 -std=gnu11 -g3 -DDEBUG -DUSE_HAL_DRIVER -DSTM32G473xx -DTX_INCLUDE_USER_DEFINE_FILE -c -I../Core/Inc -I../Drivers/STM32G4xx_HAL_Driver/Inc -I../Drivers/STM32G4xx_HAL_Driver/Inc/Legacy -I../Drivers/CMSIS/Device/ST/STM32G4xx/Include -I../Drivers/CMSIS/Include -I../AZURE_RTOS/App -I../Middlewares/ST/threadx/common/inc/ -I../Middlewares/ST/threadx/ports/cortex_m4/gnu/inc/ -O0 -ffunction-sections -fdata-sections -Wall -fstack-usage -fcyclomatic-complexity -MMD -MP -MF"Middlewares/ST/threadx/common/src/tx_timer_deactivate.d" -MT"Middlewares/ST/threadx/common/src/tx_timer_deactivate.o" --specs=nano.specs -mfpu=fpv4-sp-d16 -mfloat-abi=hard -mthumb -o "Middlewares/ST/threadx/common/src/tx_timer_deactivate.o"
arm-none-eabi-gcc "../Middlewares/ST/threadx/common/src/tx_timer_delete.c" -mcpu=cortex-m4 -std=gnu11 -g3 -DDEBUG -DUSE_HAL_DRIVER -DSTM32G473xx -DTX_INCLUDE_USER_DEFINE_FILE -c -I../Core/Inc -I../Drivers/STM32G4xx_HAL_Driver/Inc -I../Drivers/STM32G4xx_HAL_Driver/Inc/Legacy -I../Drivers/CMSIS/Device/ST/STM32G4xx/Include -I../Drivers/CMSIS/Include -I../AZURE_RTOS/App -I../Middlewares/ST/threadx/common/inc/ -I../Middlewares/ST/threadx/ports/cortex_m4/gnu/inc/ -O0 -ffunction-sections -fdata-sections -Wall -fstack-usage -fcyclomatic-complexity -MMD -MP -MF"Middlewares/ST/threadx/common/src/tx_timer_delete.d" -MT"Middlewares/ST/threadx/common/src/tx_timer_delete.o" --specs=nano.specs -mfpu=fpv4-sp-d16 -mfloat-abi=hard -mthumb -o "Middlewares/ST/threadx/common/src/tx_timer_delete.o"
arm-none-eabi-gcc "../Middlewares/ST/threadx/common/src/tx_timer_expiration_process.c" -mcpu=cortex-m4 -std=gnu11 -g3 -DDEBUG -DUSE_HAL_DRIVER -DSTM32G473xx -DTX_INCLUDE_USER_DEFINE_FILE -c -I../Core/Inc -I../Drivers/STM32G4xx_HAL_Driver/Inc -I../Drivers/STM32G4xx_HAL_Driver/Inc/Legacy -I../Drivers/CMSIS/Device/ST/STM32G4xx/Include -I../Drivers/CMSIS/Include -I../AZURE_RTOS/App -I../Middlewares/ST/threadx/common/inc/ -I../Middlewares/ST/threadx/ports/cortex_m4/gnu/inc/ -O0 -ffunction-sections -fdata-sections -Wall -fstack-usage -fcyclomatic-complexity -MMD -MP -MF"Middlewares/ST/threadx/common/src/tx_timer_expiration_process.d" -MT"Middlewares/ST/threadx/common/src/tx_timer_expiration_process.o" --specs=nano.specs -mfpu=fpv4-sp-d16 -mfloat-abi=hard -mthumb -o "Middlewares/ST/threadx/common/src/tx_timer_expiration_process.o"
arm-none-eabi-gcc "../Middlewares/ST/threadx/common/src/tx_timer_info_get.c" -mcpu=cortex-m4 -std=gnu11 -g3 -DDEBUG -DUSE_HAL_DRIVER -DSTM32G473xx -DTX_INCLUDE_USER_DEFINE_FILE -c -I../Core/Inc -I../Drivers/STM32G4xx_HAL_Driver/Inc -I../Drivers/STM32G4xx_HAL_Driver/Inc/Legacy -I../Drivers/CMSIS/Device/ST/STM32G4xx/Include -I../Drivers/CMSIS/Include -I../AZURE_RTOS/App -I../Middlewares/ST/threadx/common/inc/ -I../Middlewares/ST/threadx/ports/cortex_m4/gnu/inc/ -O0 -ffunction-sections -fdata-sections -Wall -fstack-usage -fcyclomatic-complexity -MMD -MP -MF"Middlewares/ST/threadx/common/src/tx_timer_info_get.d" -MT"Middlewares/ST/threadx/common/src/tx_timer_info_get.o" --specs=nano.specs -mfpu=fpv4-sp-d16 -mfloat-abi=hard -mthumb -o "Middlewares/ST/threadx/common/src/tx_timer_info_get.o"
arm-none-eabi-gcc "../Middlewares/ST/threadx/common/src/tx_timer_initialize.c" -mcpu=cortex-m4 -std=gnu11 -g3 -DDEBUG -DUSE_HAL_DRIVER -DSTM32G473xx -DTX_INCLUDE_USER_DEFINE_FILE -c -I../Core/Inc -I../Drivers/STM32G4xx_HAL_Driver/Inc -I../Drivers/STM32G4xx_HAL_Driver/Inc/Legacy -I../Drivers/CMSIS/Device/ST/STM32G4xx/Include -I../Drivers/CMSIS/Include -I../AZURE_RTOS/App -I../Middlewares/ST/threadx/common/inc/ -I../Middlewares/ST/threadx/ports/cortex_m4/gnu/inc/ -O0 -ffunction-sections -fdata-sections -Wall -fstack-usage -fcyclomatic-complexity -MMD -MP -MF"Middlewares/ST/threadx/common/src/tx_timer_initialize.d" -MT"Middlewares/ST/threadx/common/src/tx_timer_initialize.o" --specs=nano.specs -mfpu=fpv4-sp-d16 -mfloat-abi=hard -mthumb -o "Middlewares/ST/threadx/common/src/tx_timer_initialize.o"
arm-none-eabi-gcc "../Middlewares/ST/threadx/common/src/tx_timer_system_activate.c" -mcpu=cortex-m4 -std=gnu11 -g3 -DDEBUG -DUSE_HAL_DRIVER -DSTM32G473xx -DTX_INCLUDE_USER_DEFINE_FILE -c -I../Core/Inc -I../Drivers/STM32G4xx_HAL_Driver/Inc -I../Drivers/STM32G4xx_HAL_Driver/Inc/Legacy -I../Drivers/CMSIS/Device/ST/STM32G4xx/Include -I../Drivers/CMSIS/Include -I../AZURE_RTOS/App -I../Middlewares/ST/threadx/common/inc/ -I../Middlewares/ST/threadx/ports/cortex_m4/gnu/inc/ -O0 -ffunction-sections -fdata-sections -Wall -fstack-usage -fcyclomatic-complexity -MMD -MP -MF"Middlewares/ST/threadx/common/src/tx_timer_system_activate.d" -MT"Middlewares/ST/threadx/common/src/tx_timer_system_activate.o" --specs=nano.specs -mfpu=fpv4-sp-d16 -mfloat-abi=hard -mthumb -o "Middlewares/ST/threadx/common/src/tx_timer_system_activate.o"
arm-none-eabi-gcc "../Middlewares/ST/threadx/common/src/tx_timer_system_deactivate.c" -mcpu=cortex-m4 -std=gnu11 -g3 -DDEBUG -DUSE_HAL_DRIVER -DSTM32G473xx -DTX_INCLUDE_USER_DEFINE_FILE -c -I../Core/Inc -I../Drivers/STM32G4xx_HAL_Driver/Inc -I../Drivers/STM32G4xx_HAL_Driver/Inc/Legacy -I../Drivers/CMSIS/Device/ST/STM32G4xx/Include -I../Drivers/CMSIS/Include -I../AZURE_RTOS/App -I../Middlewares/ST/threadx/common/inc/ -I../Middlewares/ST/threadx/ports/cortex_m4/gnu/inc/ -O0 -ffunction-sections -fdata-sections -Wall -fstack-usage -fcyclomatic-complexity -MMD -MP -MF"Middlewares/ST/threadx/common/src/tx_timer_system_deactivate.d" -MT"Middlewares/ST/threadx/common/src/tx_timer_system_deactivate.o" --specs=nano.specs -mfpu=fpv4-sp-d16 -mfloat-abi=hard -mthumb -o "Middlewares/ST/threadx/common/src/tx_timer_system_deactivate.o"
arm-none-eabi-gcc "../Middlewares/ST/threadx/common/src/tx_timer_thread_entry.c" -mcpu=cortex-m4 -std=gnu11 -g3 -DDEBUG -DUSE_HAL_DRIVER -DSTM32G473xx -DTX_INCLUDE_USER_DEFINE_FILE -c -I../Core/Inc -I../Drivers/STM32G4xx_HAL_Driver/Inc -I../Drivers/STM32G4xx_HAL_Driver/Inc/Legacy -I../Drivers/CMSIS/Device/ST/STM32G4xx/Include -I../Drivers/CMSIS/Include -I../AZURE_RTOS/App -I../Middlewares/ST/threadx/common/inc/ -I../Middlewares/ST/threadx/ports/cortex_m4/gnu/inc/ -O0 -ffunction-sections -fdata-sections -Wall -fstack-usage -fcyclomatic-complexity -MMD -MP -MF"Middlewares/ST/threadx/common/src/tx_timer_thread_entry.d" -MT"Middlewares/ST/threadx/common/src/tx_timer_thread_entry.o" --specs=nano.specs -mfpu=fpv4-sp-d16 -mfloat-abi=hard -mthumb -o "Middlewares/ST/threadx/common/src/tx_timer_thread_entry.o"
arm-none-eabi-gcc "../Middlewares/ST/threadx/common/src/txe_block_allocate.c" -mcpu=cortex-m4 -std=gnu11 -g3 -DDEBUG -DUSE_HAL_DRIVER -DSTM32G473xx -DTX_INCLUDE_USER_DEFINE_FILE -c -I../Core/Inc -I../Drivers/STM32G4xx_HAL_Driver/Inc -I../Drivers/STM32G4xx_HAL_Driver/Inc/Legacy -I../Drivers/CMSIS/Device/ST/STM32G4xx/Include -I../Drivers/CMSIS/Include -I../AZURE_RTOS/App -I../Middlewares/ST/threadx/common/inc/ -I../Middlewares/ST/threadx/ports/cortex_m4/gnu/inc/ -O0 -ffunction-sections -fdata-sections -Wall -fstack-usage -fcyclomatic-complexity -MMD -MP -MF"Middlewares/ST/threadx/common/src/txe_block_allocate.d" -MT"Middlewares/ST/threadx/common/src/txe_block_allocate.o" --specs=nano.specs -mfpu=fpv4-sp-d16 -mfloat-abi=hard -mthumb -o "Middlewares/ST/threadx/common/src/txe_block_allocate.o"
arm-none-eabi-gcc "../Middlewares/ST/threadx/common/src/txe_block_pool_create.c" -mcpu=cortex-m4 -std=gnu11 -g3 -DDEBUG -DUSE_HAL_DRIVER -DSTM32G473xx -DTX_INCLUDE_USER_DEFINE_FILE -c -I../Core/Inc -I../Drivers/STM32G4xx_HAL_Driver/Inc -I../Drivers/STM32G4xx_HAL_Driver/Inc/Legacy -I../Drivers/CMSIS/Device/ST/STM32G4xx/Include -I../Drivers/CMSIS/Include -I../AZURE_RTOS/App -I../Middlewares/ST/threadx/common/inc/ -I../Middlewares/ST/threadx/ports/cortex_m4/gnu/inc/ -O0 -ffunction-sections -fdata-sections -Wall -fstack-usage -fcyclomatic-complexity -MMD -MP -MF"Middlewares/ST/threadx/common/src/txe_block_pool_create.d" -MT"Middlewares/ST/threadx/common/src/txe_block_pool_create.o" --specs=nano.specs -mfpu=fpv4-sp-d16 -mfloat-abi=hard -mthumb -o "Middlewares/ST/threadx/common/src/txe_block_pool_create.o"
arm-none-eabi-gcc "../Middlewares/ST/threadx/common/src/txe_block_pool_delete.c" -mcpu=cortex-m4 -std=gnu11 -g3 -DDEBUG -DUSE_HAL_DRIVER -DSTM32G473xx -DTX_INCLUDE_USER_DEFINE_FILE -c -I../Core/Inc -I../Drivers/STM32G4xx_HAL_Driver/Inc -I../Drivers/STM32G4xx_HAL_Driver/Inc/Legacy -I../Drivers/CMSIS/Device/ST/STM32G4xx/Include -I../Drivers/CMSIS/Include -I../AZURE_RTOS/App -I../Middlewares/ST/threadx/common/inc/ -I../Middlewares/ST/threadx/ports/cortex_m4/gnu/inc/ -O0 -ffunction-sections -fdata-sections -Wall -fstack-usage -fcyclomatic-complexity -MMD -MP -MF"Middlewares/ST/threadx/common/src/txe_block_pool_delete.d" -MT"Middlewares/ST/threadx/common/src/txe_block_pool_delete.o" --specs=nano.specs -mfpu=fpv4-sp-d16 -mfloat-abi=hard -mthumb -o "Middlewares/ST/threadx/common/src/txe_block_pool_delete.o"
arm-none-eabi-gcc "../Middlewares/ST/threadx/common/src/txe_block_pool_info_get.c" -mcpu=cortex-m4 -std=gnu11 -g3 -DDEBUG -DUSE_HAL_DRIVER -DSTM32G473xx -DTX_INCLUDE_USER_DEFINE_FILE -c -I../Core/Inc -I../Drivers/STM32G4xx_HAL_Driver/Inc -I../Drivers/STM32G4xx_HAL_Driver/Inc/Legacy -I../Drivers/CMSIS/Device/ST/STM32G4xx/Include -I../Drivers/CMSIS/Include -I../AZURE_RTOS/App -I../Middlewares/ST/threadx/common/inc/ -I../Middlewares/ST/threadx/ports/cortex_m4/gnu/inc/ -O0 -ffunction-sections -fdata-sections -Wall -fstack-usage -fcyclomatic-complexity -MMD -MP -MF"Middlewares/ST/threadx/common/src/txe_block_pool_info_get.d" -MT"Middlewares/ST/threadx/common/src/txe_block_pool_info_get.o" --specs=nano.specs -mfpu=fpv4-sp-d16 -mfloat-abi=hard -mthumb -o "Middlewares/ST/threadx/common/src/txe_block_pool_info_get.o"
arm-none-eabi-gcc "../Middlewares/ST/threadx/common/src/txe_block_pool_prioritize.c" -mcpu=cortex-m4 -std=gnu11 -g3 -DDEBUG -DUSE_HAL_DRIVER -DSTM32G473xx -DTX_INCLUDE_USER_DEFINE_FILE -c -I../Core/Inc -I../Drivers/STM32G4xx_HAL_Driver/Inc -I../Drivers/STM32G4xx_HAL_Driver/Inc/Legacy -I../Drivers/CMSIS/Device/ST/STM32G4xx/Include -I../Drivers/CMSIS/Include -I../AZURE_RTOS/App -I../Middlewares/ST/threadx/common/inc/ -I../Middlewares/ST/threadx/ports/cortex_m4/gnu/inc/ -O0 -ffunction-sections -fdata-sections -Wall -fstack-usage -fcyclomatic-complexity -MMD -MP -MF"Middlewares/ST/threadx/common/src/txe_block_pool_prioritize.d" -MT"Middlewares/ST/threadx/common/src/txe_block_pool_prioritize.o" --specs=nano.specs -mfpu=fpv4-sp-d16 -mfloat-abi=hard -mthumb -o "Middlewares/ST/threadx/common/src/txe_block_pool_prioritize.o"
arm-none-eabi-gcc "../Middlewares/ST/threadx/common/src/txe_block_release.c" -mcpu=cortex-m4 -std=gnu11 -g3 -DDEBUG -DUSE_HAL_DRIVER -DSTM32G473xx -DTX_INCLUDE_USER_DEFINE_FILE -c -I../Core/Inc -I../Drivers/STM32G4xx_HAL_Driver/Inc -I../Drivers/STM32G4xx_HAL_Driver/Inc/Legacy -I../Drivers/CMSIS/Device/ST/STM32G4xx/Include -I../Drivers/CMSIS/Include -I../AZURE_RTOS/App -I../Middlewares/ST/threadx/common/inc/ -I../Middlewares/ST/threadx/ports/cortex_m4/gnu/inc/ -O0 -ffunction-sections -fdata-sections -Wall -fstack-usage -fcyclomatic-complexity -MMD -MP -MF"Middlewares/ST/threadx/common/src/txe_block_release.d" -MT"Middlewares/ST/threadx/common/src/txe_block_release.o" --specs=nano.specs -mfpu=fpv4-sp-d16 -mfloat-abi=hard -mthumb -o "Middlewares/ST/threadx/common/src/txe_block_release.o"
arm-none-eabi-gcc "../Middlewares/ST/threadx/common/src/txe_byte_allocate.c" -mcpu=cortex-m4 -std=gnu11 -g3 -DDEBUG -DUSE_HAL_DRIVER -DSTM32G473xx -DTX_INCLUDE_USER_DEFINE_FILE -c -I../Core/Inc -I../Drivers/STM32G4xx_HAL_Driver/Inc -I../Drivers/STM32G4xx_HAL_Driver/Inc/Legacy -I../Drivers/CMSIS/Device/ST/STM32G4xx/Include -I../Drivers/CMSIS/Include -I../AZURE_RTOS/App -I../Middlewares/ST/threadx/common/inc/ -I../Middlewares/ST/threadx/ports/cortex_m4/gnu/inc/ -O0 -ffunction-sections -fdata-sections -Wall -fstack-usage -fcyclomatic-complexity -MMD -MP -MF"Middlewares/ST/threadx/common/src/txe_byte_allocate.d" -MT"Middlewares/ST/threadx/common/src/txe_byte_allocate.o" --specs=nano.specs -mfpu=fpv4-sp-d16 -mfloat-abi=hard -mthumb -o "Middlewares/ST/threadx/common/src/txe_byte_allocate.o"
arm-none-eabi-gcc "../Middlewares/ST/threadx/common/src/txe_byte_pool_create.c" -mcpu=cortex-m4 -std=gnu11 -g3 -DDEBUG -DUSE_HAL_DRIVER -DSTM32G473xx -DTX_INCLUDE_USER_DEFINE_FILE -c -I../Core/Inc -I../Drivers/STM32G4xx_HAL_Driver/Inc -I../Drivers/STM32G4xx_HAL_Driver/Inc/Legacy -I../Drivers/CMSIS/Device/ST/STM32G4xx/Include -I../Drivers/CMSIS/Include -I../AZURE_RTOS/App -I../Middlewares/ST/threadx/common/inc/ -I../Middlewares/ST/threadx/ports/cortex_m4/gnu/inc/ -O0 -ffunction-sections -fdata-sections -Wall -fstack-usage -fcyclomatic-complexity -MMD -MP -MF"Middlewares/ST/threadx/common/src/txe_byte_pool_create.d" -MT"Middlewares/ST/threadx/common/src/txe_byte_pool_create.o" --specs=nano.specs -mfpu=fpv4-sp-d16 -mfloat-abi=hard -mthumb -o "Middlewares/ST/threadx/common/src/txe_byte_pool_create.o"
arm-none-eabi-gcc "../Middlewares/ST/threadx/common/src/txe_byte_pool_delete.c" -mcpu=cortex-m4 -std=gnu11 -g3 -DDEBUG -DUSE_HAL_DRIVER -DSTM32G473xx -DTX_INCLUDE_USER_DEFINE_FILE -c -I../Core/Inc -I../Drivers/STM32G4xx_HAL_Driver/Inc -I../Drivers/STM32G4xx_HAL_Driver/Inc/Legacy -I../Drivers/CMSIS/Device/ST/STM32G4xx/Include -I../Drivers/CMSIS/Include -I../AZURE_RTOS/App -I../Middlewares/ST/threadx/common/inc/ -I../Middlewares/ST/threadx/ports/cortex_m4/gnu/inc/ -O0 -ffunction-sections -fdata-sections -Wall -fstack-usage -fcyclomatic-complexity -MMD -MP -MF"Middlewares/ST/threadx/common/src/txe_byte_pool_delete.d" -MT"Middlewares/ST/threadx/common/src/txe_byte_pool_delete.o" --specs=nano.specs -mfpu=fpv4-sp-d16 -mfloat-abi=hard -mthumb -o "Middlewares/ST/threadx/common/src/txe_byte_pool_delete.o"
arm-none-eabi-gcc "../Middlewares/ST/threadx/common/src/txe_byte_pool_info_get.c" -mcpu=cortex-m4 -std=gnu11 -g3 -DDEBUG -DUSE_HAL_DRIVER -DSTM32G473xx -DTX_INCLUDE_USER_DEFINE_FILE -c -I../Core/Inc -I../Drivers/STM32G4xx_HAL_Driver/Inc -I../Drivers/STM32G4xx_HAL_Driver/Inc/Legacy -I../Drivers/CMSIS/Device/ST/STM32G4xx/Include -I../Drivers/CMSIS/Include -I../AZURE_RTOS/App -I../Middlewares/ST/threadx/common/inc/ -I../Middlewares/ST/threadx/ports/cortex_m4/gnu/inc/ -O0 -ffunction-sections -fdata-sections -Wall -fstack-usage -fcyclomatic-complexity -MMD -MP -MF"Middlewares/ST/threadx/common/src/txe_byte_pool_info_get.d" -MT"Middlewares/ST/threadx/common/src/txe_byte_pool_info_get.o" --specs=nano.specs -mfpu=fpv4-sp-d16 -mfloat-abi=hard -mthumb -o "Middlewares/ST/threadx/common/src/txe_byte_pool_info_get.o"
arm-none-eabi-gcc "../Middlewares/ST/threadx/common/src/txe_byte_pool_prioritize.c" -mcpu=cortex-m4 -std=gnu11 -g3 -DDEBUG -DUSE_HAL_DRIVER -DSTM32G473xx -DTX_INCLUDE_USER_DEFINE_FILE -c -I../Core/Inc -I../Drivers/STM32G4xx_HAL_Driver/Inc -I../Drivers/STM32G4xx_HAL_Driver/Inc/Legacy -I../Drivers/CMSIS/Device/ST/STM32G4xx/Include -I../Drivers/CMSIS/Include -I../AZURE_RTOS/App -I../Middlewares/ST/threadx/common/inc/ -I../Middlewares/ST/threadx/ports/cortex_m4/gnu/inc/ -O0 -ffunction-sections -fdata-sections -Wall -fstack-usage -fcyclomatic-complexity -MMD -MP -MF"Middlewares/ST/threadx/common/src/txe_byte_pool_prioritize.d" -MT"Middlewares/ST/threadx/common/src/txe_byte_pool_prioritize.o" --specs=nano.specs -mfpu=fpv4-sp-d16 -mfloat-abi=hard -mthumb -o "Middlewares/ST/threadx/common/src/txe_byte_pool_prioritize.o"
arm-none-eabi-gcc "../Middlewares/ST/threadx/common/src/txe_byte_release.c" -mcpu=cortex-m4 -std=gnu11 -g3 -DDEBUG -DUSE_HAL_DRIVER -DSTM32G473xx -DTX_INCLUDE_USER_DEFINE_FILE -c -I../Core/Inc -I../Drivers/STM32G4xx_HAL_Driver/Inc -I../Drivers/STM32G4xx_HAL_Driver/Inc/Legacy -I../Drivers/CMSIS/Device/ST/STM32G4xx/Include -I../Drivers/CMSIS/Include -I../AZURE_RTOS/App -I../Middlewares/ST/threadx/common/inc/ -I../Middlewares/ST/threadx/ports/cortex_m4/gnu/inc/ -O0 -ffunction-sections -fdata-sections -Wall -fstack-usage -fcyclomatic-complexity -MMD -MP -MF"Middlewares/ST/threadx/common/src/txe_byte_release.d" -MT"Middlewares/ST/threadx/common/src/txe_byte_release.o" --specs=nano.specs -mfpu=fpv4-sp-d16 -mfloat-abi=hard -mthumb -o "Middlewares/ST/threadx/common/src/txe_byte_release.o"
arm-none-eabi-gcc "../Middlewares/ST/threadx/common/src/txe_event_flags_create.c" -mcpu=cortex-m4 -std=gnu11 -g3 -DDEBUG -DUSE_HAL_DRIVER -DSTM32G473xx -DTX_INCLUDE_USER_DEFINE_FILE -c -I../Core/Inc -I../Drivers/STM32G4xx_HAL_Driver/Inc -I../Drivers/STM32G4xx_HAL_Driver/Inc/Legacy -I../Drivers/CMSIS/Device/ST/STM32G4xx/Include -I../Drivers/CMSIS/Include -I../AZURE_RTOS/App -I../Middlewares/ST/threadx/common/inc/ -I../Middlewares/ST/threadx/ports/cortex_m4/gnu/inc/ -O0 -ffunction-sections -fdata-sections -Wall -fstack-usage -fcyclomatic-complexity -MMD -MP -MF"Middlewares/ST/threadx/common/src/txe_event_flags_create.d" -MT"Middlewares/ST/threadx/common/src/txe_event_flags_create.o" --specs=nano.specs -mfpu=fpv4-sp-d16 -mfloat-abi=hard -mthumb -o "Middlewares/ST/threadx/common/src/txe_event_flags_create.o"
arm-none-eabi-gcc "../Middlewares/ST/threadx/common/src/txe_event_flags_delete.c" -mcpu=cortex-m4 -std=gnu11 -g3 -DDEBUG -DUSE_HAL_DRIVER -DSTM32G473xx -DTX_INCLUDE_USER_DEFINE_FILE -c -I../Core/Inc -I../Drivers/STM32G4xx_HAL_Driver/Inc -I../Drivers/STM32G4xx_HAL_Driver/Inc/Legacy -I../Drivers/CMSIS/Device/ST/STM32G4xx/Include -I../Drivers/CMSIS/Include -I../AZURE_RTOS/App -I../Middlewares/ST/threadx/common/inc/ -I../Middlewares/ST/threadx/ports/cortex_m4/gnu/inc/ -O0 -ffunction-sections -fdata-sections -Wall -fstack-usage -fcyclomatic-complexity -MMD -MP -MF"Middlewares/ST/threadx/common/src/txe_event_flags_delete.d" -MT"Middlewares/ST/threadx/common/src/txe_event_flags_delete.o" --specs=nano.specs -mfpu=fpv4-sp-d16 -mfloat-abi=hard -mthumb -o "Middlewares/ST/threadx/common/src/txe_event_flags_delete.o"
arm-none-eabi-gcc "../Middlewares/ST/threadx/common/src/txe_event_flags_get.c" -mcpu=cortex-m4 -std=gnu11 -g3 -DDEBUG -DUSE_HAL_DRIVER -DSTM32G473xx -DTX_INCLUDE_USER_DEFINE_FILE -c -I../Core/Inc -I../Drivers/STM32G4xx_HAL_Driver/Inc -I../Drivers/STM32G4xx_HAL_Driver/Inc/Legacy -I../Drivers/CMSIS/Device/ST/STM32G4xx/Include -I../Drivers/CMSIS/Include -I../AZURE_RTOS/App -I../Middlewares/ST/threadx/common/inc/ -I../Middlewares/ST/threadx/ports/cortex_m4/gnu/inc/ -O0 -ffunction-sections -fdata-sections -Wall -fstack-usage -fcyclomatic-complexity -MMD -MP -MF"Middlewares/ST/threadx/common/src/txe_event_flags_get.d" -MT"Middlewares/ST/threadx/common/src/txe_event_flags_get.o" --specs=nano.specs -mfpu=fpv4-sp-d16 -mfloat-abi=hard -mthumb -o "Middlewares/ST/threadx/common/src/txe_event_flags_get.o"
arm-none-eabi-gcc "../Middlewares/ST/threadx/common/src/txe_event_flags_info_get.c" -mcpu=cortex-m4 -std=gnu11 -g3 -DDEBUG -DUSE_HAL_DRIVER -DSTM32G473xx -DTX_INCLUDE_USER_DEFINE_FILE -c -I../Core/Inc -I../Drivers/STM32G4xx_HAL_Driver/Inc -I../Drivers/STM32G4xx_HAL_Driver/Inc/Legacy -I../Drivers/CMSIS/Device/ST/STM32G4xx/Include -I../Drivers/CMSIS/Include -I../AZURE_RTOS/App -I../Middlewares/ST/threadx/common/inc/ -I../Middlewares/ST/threadx/ports/cortex_m4/gnu/inc/ -O0 -ffunction-sections -fdata-sections -Wall -fstack-usage -fcyclomatic-complexity -MMD -MP -MF"Middlewares/ST/threadx/common/src/txe_event_flags_info_get.d" -MT"Middlewares/ST/threadx/common/src/txe_event_flags_info_get.o" --specs=nano.specs -mfpu=fpv4-sp-d16 -mfloat-abi=hard -mthumb -o "Middlewares/ST/threadx/common/src/txe_event_flags_info_get.o"
arm-none-eabi-gcc "../Middlewares/ST/threadx/common/src/txe_event_flags_set.c" -mcpu=cortex-m4 -std=gnu11 -g3 -DDEBUG -DUSE_HAL_DRIVER -DSTM32G473xx -DTX_INCLUDE_USER_DEFINE_FILE -c -I../Core/Inc -I../Drivers/STM32G4xx_HAL_Driver/Inc -I../Drivers/STM32G4xx_HAL_Driver/Inc/Legacy -I../Drivers/CMSIS/Device/ST/STM32G4xx/Include -I../Drivers/CMSIS/Include -I../AZURE_RTOS/App -I../Middlewares/ST/threadx/common/inc/ -I../Middlewares/ST/threadx/ports/cortex_m4/gnu/inc/ -O0 -ffunction-sections -fdata-sections -Wall -fstack-usage -fcyclomatic-complexity -MMD -MP -MF"Middlewares/ST/threadx/common/src/txe_event_flags_set.d" -MT"Middlewares/ST/threadx/common/src/txe_event_flags_set.o" --specs=nano.specs -mfpu=fpv4-sp-d16 -mfloat-abi=hard -mthumb -o "Middlewares/ST/threadx/common/src/txe_event_flags_set.o"
arm-none-eabi-gcc "../Middlewares/ST/threadx/common/src/txe_event_flags_set_notify.c" -mcpu=cortex-m4 -std=gnu11 -g3 -DDEBUG -DUSE_HAL_DRIVER -DSTM32G473xx -DTX_INCLUDE_USER_DEFINE_FILE -c -I../Core/Inc -I../Drivers/STM32G4xx_HAL_Driver/Inc -I../Drivers/STM32G4xx_HAL_Driver/Inc/Legacy -I../Drivers/CMSIS/Device/ST/STM32G4xx/Include -I../Drivers/CMSIS/Include -I../AZURE_RTOS/App -I../Middlewares/ST/threadx/common/inc/ -I../Middlewares/ST/threadx/ports/cortex_m4/gnu/inc/ -O0 -ffunction-sections -fdata-sections -Wall -fstack-usage -fcyclomatic-complexity -MMD -MP -MF"Middlewares/ST/threadx/common/src/txe_event_flags_set_notify.d" -MT"Middlewares/ST/threadx/common/src/txe_event_flags_set_notify.o" --specs=nano.specs -mfpu=fpv4-sp-d16 -mfloat-abi=hard -mthumb -o "Middlewares/ST/threadx/common/src/txe_event_flags_set_notify.o"
arm-none-eabi-gcc "../Middlewares/ST/threadx/common/src/txe_mutex_create.c" -mcpu=cortex-m4 -std=gnu11 -g3 -DDEBUG -DUSE_HAL_DRIVER -DSTM32G473xx -DTX_INCLUDE_USER_DEFINE_FILE -c -I../Core/Inc -I../Drivers/STM32G4xx_HAL_Driver/Inc -I../Drivers/STM32G4xx_HAL_Driver/Inc/Legacy -I../Drivers/CMSIS/Device/ST/STM32G4xx/Include -I../Drivers/CMSIS/Include -I../AZURE_RTOS/App -I../Middlewares/ST/threadx/common/inc/ -I../Middlewares/ST/threadx/ports/cortex_m4/gnu/inc/ -O0 -ffunction-sections -fdata-sections -Wall -fstack-usage -fcyclomatic-complexity -MMD -MP -MF"Middlewares/ST/threadx/common/src/txe_mutex_create.d" -MT"Middlewares/ST/threadx/common/src/txe_mutex_create.o" --specs=nano.specs -mfpu=fpv4-sp-d16 -mfloat-abi=hard -mthumb -o "Middlewares/ST/threadx/common/src/txe_mutex_create.o"
arm-none-eabi-gcc "../Middlewares/ST/threadx/common/src/txe_mutex_delete.c" -mcpu=cortex-m4 -std=gnu11 -g3 -DDEBUG -DUSE_HAL_DRIVER -DSTM32G473xx -DTX_INCLUDE_USER_DEFINE_FILE -c -I../Core/Inc -I../Drivers/STM32G4xx_HAL_Driver/Inc -I../Drivers/STM32G4xx_HAL_Driver/Inc/Legacy -I../Drivers/CMSIS/Device/ST/STM32G4xx/Include -I../Drivers/CMSIS/Include -I../AZURE_RTOS/App -I../Middlewares/ST/threadx/common/inc/ -I../Middlewares/ST/threadx/ports/cortex_m4/gnu/inc/ -O0 -ffunction-sections -fdata-sections -Wall -fstack-usage -fcyclomatic-complexity -MMD -MP -MF"Middlewares/ST/threadx/common/src/txe_mutex_delete.d" -MT"Middlewares/ST/threadx/common/src/txe_mutex_delete.o" --specs=nano.specs -mfpu=fpv4-sp-d16 -mfloat-abi=hard -mthumb -o "Middlewares/ST/threadx/common/src/txe_mutex_delete.o"
arm-none-eabi-gcc "../Middlewares/ST/threadx/common/src/txe_mutex_get.c" -mcpu=cortex-m4 -std=gnu11 -g3 -DDEBUG -DUSE_HAL_DRIVER -DSTM32G473xx -DTX_INCLUDE_USER_DEFINE_FILE -c -I../Core/Inc -I../Drivers/STM32G4xx_HAL_Driver/Inc -I../Drivers/STM32G4xx_HAL_Driver/Inc/Legacy -I../Drivers/CMSIS/Device/ST/STM32G4xx/Include -I../Drivers/CMSIS/Include -I../AZURE_RTOS/App -I../Middlewares/ST/threadx/common/inc/ -I../Middlewares/ST/threadx/ports/cortex_m4/gnu/inc/ -O0 -ffunction-sections -fdata-sections -Wall -fstack-usage -fcyclomatic-complexity -MMD -MP -MF"Middlewares/ST/threadx/common/src/txe_mutex_get.d" -MT"Middlewares/ST/threadx/common/src/txe_mutex_get.o" --specs=nano.specs -mfpu=fpv4-sp-d16 -mfloat-abi=hard -mthumb -o "Middlewares/ST/threadx/common/src/txe_mutex_get.o"
arm-none-eabi-gcc "../Middlewares/ST/threadx/common/src/txe_mutex_info_get.c" -mcpu=cortex-m4 -std=gnu11 -g3 -DDEBUG -DUSE_HAL_DRIVER -DSTM32G473xx -DTX_INCLUDE_USER_DEFINE_FILE -c -I../Core/Inc -I../Drivers/STM32G4xx_HAL_Driver/Inc -I../Drivers/STM32G4xx_HAL_Driver/Inc/Legacy -I../Drivers/CMSIS/Device/ST/STM32G4xx/Include -I../Drivers/CMSIS/Include -I../AZURE_RTOS/App -I../Middlewares/ST/threadx/common/inc/ -I../Middlewares/ST/threadx/ports/cortex_m4/gnu/inc/ -O0 -ffunction-sections -fdata-sections -Wall -fstack-usage -fcyclomatic-complexity -MMD -MP -MF"Middlewares/ST/threadx/common/src/txe_mutex_info_get.d" -MT"Middlewares/ST/threadx/common/src/txe_mutex_info_get.o" --specs=nano.specs -mfpu=fpv4-sp-d16 -mfloat-abi=hard -mthumb -o "Middlewares/ST/threadx/common/src/txe_mutex_info_get.o"
arm-none-eabi-gcc "../Middlewares/ST/threadx/common/src/txe_mutex_prioritize.c" -mcpu=cortex-m4 -std=gnu11 -g3 -DDEBUG -DUSE_HAL_DRIVER -DSTM32G473xx -DTX_INCLUDE_USER_DEFINE_FILE -c -I../Core/Inc -I../Drivers/STM32G4xx_HAL_Driver/Inc -I../Drivers/STM32G4xx_HAL_Driver/Inc/Legacy -I../Drivers/CMSIS/Device/ST/STM32G4xx/Include -I../Drivers/CMSIS/Include -I../AZURE_RTOS/App -I../Middlewares/ST/threadx/common/inc/ -I../Middlewares/ST/threadx/ports/cortex_m4/gnu/inc/ -O0 -ffunction-sections -fdata-sections -Wall -fstack-usage -fcyclomatic-complexity -MMD -MP -MF"Middlewares/ST/threadx/common/src/txe_mutex_prioritize.d" -MT"Middlewares/ST/threadx/common/src/txe_mutex_prioritize.o" --specs=nano.specs -mfpu=fpv4-sp-d16 -mfloat-abi=hard -mthumb -o "Middlewares/ST/threadx/common/src/txe_mutex_prioritize.o"
arm-none-eabi-gcc "../Middlewares/ST/threadx/common/src/txe_mutex_put.c" -mcpu=cortex-m4 -std=gnu11 -g3 -DDEBUG -DUSE_HAL_DRIVER -DSTM32G473xx -DTX_INCLUDE_USER_DEFINE_FILE -c -I../Core/Inc -I../Drivers/STM32G4xx_HAL_Driver/Inc -I../Drivers/STM32G4xx_HAL_Driver/Inc/Legacy -I../Drivers/CMSIS/Device/ST/STM32G4xx/Include -I../Drivers/CMSIS/Include -I../AZURE_RTOS/App -I../Middlewares/ST/threadx/common/inc/ -I../Middlewares/ST/threadx/ports/cortex_m4/gnu/inc/ -O0 -ffunction-sections -fdata-sections -Wall -fstack-usage -fcyclomatic-complexity -MMD -MP -MF"Middlewares/ST/threadx/common/src/txe_mutex_put.d" -MT"Middlewares/ST/threadx/common/src/txe_mutex_put.o" --specs=nano.specs -mfpu=fpv4-sp-d16 -mfloat-abi=hard -mthumb -o "Middlewares/ST/threadx/common/src/txe_mutex_put.o"
arm-none-eabi-gcc "../Middlewares/ST/threadx/common/src/txe_queue_create.c" -mcpu=cortex-m4 -std=gnu11 -g3 -DDEBUG -DUSE_HAL_DRIVER -DSTM32G473xx -DTX_INCLUDE_USER_DEFINE_FILE -c -I../Core/Inc -I../Drivers/STM32G4xx_HAL_Driver/Inc -I../Drivers/STM32G4xx_HAL_Driver/Inc/Legacy -I../Drivers/CMSIS/Device/ST/STM32G4xx/Include -I../Drivers/CMSIS/Include -I../AZURE_RTOS/App -I../Middlewares/ST/threadx/common/inc/ -I../Middlewares/ST/threadx/ports/cortex_m4/gnu/inc/ -O0 -ffunction-sections -fdata-sections -Wall -fstack-usage -fcyclomatic-complexity -MMD -MP -MF"Middlewares/ST/threadx/common/src/txe_queue_create.d" -MT"Middlewares/ST/threadx/common/src/txe_queue_create.o" --specs=nano.specs -mfpu=fpv4-sp-d16 -mfloat-abi=hard -mthumb -o "Middlewares/ST/threadx/common/src/txe_queue_create.o"
arm-none-eabi-gcc "../Middlewares/ST/threadx/common/src/txe_queue_delete.c" -mcpu=cortex-m4 -std=gnu11 -g3 -DDEBUG -DUSE_HAL_DRIVER -DSTM32G473xx -DTX_INCLUDE_USER_DEFINE_FILE -c -I../Core/Inc -I../Drivers/STM32G4xx_HAL_Driver/Inc -I../Drivers/STM32G4xx_HAL_Driver/Inc/Legacy -I../Drivers/CMSIS/Device/ST/STM32G4xx/Include -I../Drivers/CMSIS/Include -I../AZURE_RTOS/App -I../Middlewares/ST/threadx/common/inc/ -I../Middlewares/ST/threadx/ports/cortex_m4/gnu/inc/ -O0 -ffunction-sections -fdata-sections -Wall -fstack-usage -fcyclomatic-complexity -MMD -MP -MF"Middlewares/ST/threadx/common/src/txe_queue_delete.d" -MT"Middlewares/ST/threadx/common/src/txe_queue_delete.o" --specs=nano.specs -mfpu=fpv4-sp-d16 -mfloat-abi=hard -mthumb -o "Middlewares/ST/threadx/common/src/txe_queue_delete.o"
arm-none-eabi-gcc "../Middlewares/ST/threadx/common/src/txe_queue_flush.c" -mcpu=cortex-m4 -std=gnu11 -g3 -DDEBUG -DUSE_HAL_DRIVER -DSTM32G473xx -DTX_INCLUDE_USER_DEFINE_FILE -c -I../Core/Inc -I../Drivers/STM32G4xx_HAL_Driver/Inc -I../Drivers/STM32G4xx_HAL_Driver/Inc/Legacy -I../Drivers/CMSIS/Device/ST/STM32G4xx/Include -I../Drivers/CMSIS/Include -I../AZURE_RTOS/App -I../Middlewares/ST/threadx/common/inc/ -I../Middlewares/ST/threadx/ports/cortex_m4/gnu/inc/ -O0 -ffunction-sections -fdata-sections -Wall -fstack-usage -fcyclomatic-complexity -MMD -MP -MF"Middlewares/ST/threadx/common/src/txe_queue_flush.d" -MT"Middlewares/ST/threadx/common/src/txe_queue_flush.o" --specs=nano.specs -mfpu=fpv4-sp-d16 -mfloat-abi=hard -mthumb -o "Middlewares/ST/threadx/common/src/txe_queue_flush.o"
arm-none-eabi-gcc "../Middlewares/ST/threadx/common/src/txe_queue_front_send.c" -mcpu=cortex-m4 -std=gnu11 -g3 -DDEBUG -DUSE_HAL_DRIVER -DSTM32G473xx -DTX_INCLUDE_USER_DEFINE_FILE -c -I../Core/Inc -I../Drivers/STM32G4xx_HAL_Driver/Inc -I../Drivers/STM32G4xx_HAL_Driver/Inc/Legacy -I../Drivers/CMSIS/Device/ST/STM32G4xx/Include -I../Drivers/CMSIS/Include -I../AZURE_RTOS/App -I../Middlewares/ST/threadx/common/inc/ -I../Middlewares/ST/threadx/ports/cortex_m4/gnu/inc/ -O0 -ffunction-sections -fdata-sections -Wall -fstack-usage -fcyclomatic-complexity -MMD -MP -MF"Middlewares/ST/threadx/common/src/txe_queue_front_send.d" -MT"Middlewares/ST/threadx/common/src/txe_queue_front_send.o" --specs=nano.specs -mfpu=fpv4-sp-d16 -mfloat-abi=hard -mthumb -o "Middlewares/ST/threadx/common/src/txe_queue_front_send.o"
arm-none-eabi-gcc "../Middlewares/ST/threadx/common/src/txe_queue_info_get.c" -mcpu=cortex-m4 -std=gnu11 -g3 -DDEBUG -DUSE_HAL_DRIVER -DSTM32G473xx -DTX_INCLUDE_USER_DEFINE_FILE -c -I../Core/Inc -I../Drivers/STM32G4xx_HAL_Driver/Inc -I../Drivers/STM32G4xx_HAL_Driver/Inc/Legacy -I../Drivers/CMSIS/Device/ST/STM32G4xx/Include -I../Drivers/CMSIS/Include -I../AZURE_RTOS/App -I../Middlewares/ST/threadx/common/inc/ -I../Middlewares/ST/threadx/ports/cortex_m4/gnu/inc/ -O0 -ffunction-sections -fdata-sections -Wall -fstack-usage -fcyclomatic-complexity -MMD -MP -MF"Middlewares/ST/threadx/common/src/txe_queue_info_get.d" -MT"Middlewares/ST/threadx/common/src/txe_queue_info_get.o" --specs=nano.specs -mfpu=fpv4-sp-d16 -mfloat-abi=hard -mthumb -o "Middlewares/ST/threadx/common/src/txe_queue_info_get.o"
arm-none-eabi-gcc "../Middlewares/ST/threadx/common/src/txe_queue_prioritize.c" -mcpu=cortex-m4 -std=gnu11 -g3 -DDEBUG -DUSE_HAL_DRIVER -DSTM32G473xx -DTX_INCLUDE_USER_DEFINE_FILE -c -I../Core/Inc -I../Drivers/STM32G4xx_HAL_Driver/Inc -I../Drivers/STM32G4xx_HAL_Driver/Inc/Legacy -I../Drivers/CMSIS/Device/ST/STM32G4xx/Include -I../Drivers/CMSIS/Include -I../AZURE_RTOS/App -I../Middlewares/ST/threadx/common/inc/ -I../Middlewares/ST/threadx/ports/cortex_m4/gnu/inc/ -O0 -ffunction-sections -fdata-sections -Wall -fstack-usage -fcyclomatic-complexity -MMD -MP -MF"Middlewares/ST/threadx/common/src/txe_queue_prioritize.d" -MT"Middlewares/ST/threadx/common/src/txe_queue_prioritize.o" --specs=nano.specs -mfpu=fpv4-sp-d16 -mfloat-abi=hard -mthumb -o "Middlewares/ST/threadx/common/src/txe_queue_prioritize.o"
arm-none-eabi-gcc "../Middlewares/ST/threadx/common/src/txe_queue_receive.c" -mcpu=cortex-m4 -std=gnu11 -g3 -DDEBUG -DUSE_HAL_DRIVER -DSTM32G473xx -DTX_INCLUDE_USER_DEFINE_FILE -c -I../Core/Inc -I../Drivers/STM32G4xx_HAL_Driver/Inc -I../Drivers/STM32G4xx_HAL_Driver/Inc/Legacy -I../Drivers/CMSIS/Device/ST/STM32G4xx/Include -I../Drivers/CMSIS/Include -I../AZURE_RTOS/App -I../Middlewares/ST/threadx/common/inc/ -I../Middlewares/ST/threadx/ports/cortex_m4/gnu/inc/ -O0 -ffunction-sections -fdata-sections -Wall -fstack-usage -fcyclomatic-complexity -MMD -MP -MF"Middlewares/ST/threadx/common/src/txe_queue_receive.d" -MT"Middlewares/ST/threadx/common/src/txe_queue_receive.o" --specs=nano.specs -mfpu=fpv4-sp-d16 -mfloat-abi=hard -mthumb -o "Middlewares/ST/threadx/common/src/txe_queue_receive.o"
arm-none-eabi-gcc "../Middlewares/ST/threadx/common/src/txe_queue_send.c" -mcpu=cortex-m4 -std=gnu11 -g3 -DDEBUG -DUSE_HAL_DRIVER -DSTM32G473xx -DTX_INCLUDE_USER_DEFINE_FILE -c -I../Core/Inc -I../Drivers/STM32G4xx_HAL_Driver/Inc -I../Drivers/STM32G4xx_HAL_Driver/Inc/Legacy -I../Drivers/CMSIS/Device/ST/STM32G4xx/Include -I../Drivers/CMSIS/Include -I../AZURE_RTOS/App -I../Middlewares/ST/threadx/common/inc/ -I../Middlewares/ST/threadx/ports/cortex_m4/gnu/inc/ -O0 -ffunction-sections -fdata-sections -Wall -fstack-usage -fcyclomatic-complexity -MMD -MP -MF"Middlewares/ST/threadx/common/src/txe_queue_send.d" -MT"Middlewares/ST/threadx/common/src/txe_queue_send.o" --specs=nano.specs -mfpu=fpv4-sp-d16 -mfloat-abi=hard -mthumb -o "Middlewares/ST/threadx/common/src/txe_queue_send.o"
arm-none-eabi-gcc "../Middlewares/ST/threadx/common/src/txe_queue_send_notify.c" -mcpu=cortex-m4 -std=gnu11 -g3 -DDEBUG -DUSE_HAL_DRIVER -DSTM32G473xx -DTX_INCLUDE_USER_DEFINE_FILE -c -I../Core/Inc -I../Drivers/STM32G4xx_HAL_Driver/Inc -I../Drivers/STM32G4xx_HAL_Driver/Inc/Legacy -I../Drivers/CMSIS/Device/ST/STM32G4xx/Include -I../Drivers/CMSIS/Include -I../AZURE_RTOS/App -I../Middlewares/ST/threadx/common/inc/ -I../Middlewares/ST/threadx/ports/cortex_m4/gnu/inc/ -O0 -ffunction-sections -fdata-sections -Wall -fstack-usage -fcyclomatic-complexity -MMD -MP -MF"Middlewares/ST/threadx/common/src/txe_queue_send_notify.d" -MT"Middlewares/ST/threadx/common/src/txe_queue_send_notify.o" --specs=nano.specs -mfpu=fpv4-sp-d16 -mfloat-abi=hard -mthumb -o "Middlewares/ST/threadx/common/src/txe_queue_send_notify.o"
arm-none-eabi-gcc "../Middlewares/ST/threadx/common/src/txe_semaphore_ceiling_put.c" -mcpu=cortex-m4 -std=gnu11 -g3 -DDEBUG -DUSE_HAL_DRIVER -DSTM32G473xx -DTX_INCLUDE_USER_DEFINE_FILE -c -I../Core/Inc -I../Drivers/STM32G4xx_HAL_Driver/Inc -I../Drivers/STM32G4xx_HAL_Driver/Inc/Legacy -I../Drivers/CMSIS/Device/ST/STM32G4xx/Include -I../Drivers/CMSIS/Include -I../AZURE_RTOS/App -I../Middlewares/ST/threadx/common/inc/ -I../Middlewares/ST/threadx/ports/cortex_m4/gnu/inc/ -O0 -ffunction-sections -fdata-sections -Wall -fstack-usage -fcyclomatic-complexity -MMD -MP -MF"Middlewares/ST/threadx/common/src/txe_semaphore_ceiling_put.d" -MT"Middlewares/ST/threadx/common/src/txe_semaphore_ceiling_put.o" --specs=nano.specs -mfpu=fpv4-sp-d16 -mfloat-abi=hard -mthumb -o "Middlewares/ST/threadx/common/src/txe_semaphore_ceiling_put.o"
arm-none-eabi-gcc "../Middlewares/ST/threadx/common/src/txe_semaphore_create.c" -mcpu=cortex-m4 -std=gnu11 -g3 -DDEBUG -DUSE_HAL_DRIVER -DSTM32G473xx -DTX_INCLUDE_USER_DEFINE_FILE -c -I../Core/Inc -I../Drivers/STM32G4xx_HAL_Driver/Inc -I../Drivers/STM32G4xx_HAL_Driver/Inc/Legacy -I../Drivers/CMSIS/Device/ST/STM32G4xx/Include -I../Drivers/CMSIS/Include -I../AZURE_RTOS/App -I../Middlewares/ST/threadx/common/inc/ -I../Middlewares/ST/threadx/ports/cortex_m4/gnu/inc/ -O0 -ffunction-sections -fdata-sections -Wall -fstack-usage -fcyclomatic-complexity -MMD -MP -MF"Middlewares/ST/threadx/common/src/txe_semaphore_create.d" -MT"Middlewares/ST/threadx/common/src/txe_semaphore_create.o" --specs=nano.specs -mfpu=fpv4-sp-d16 -mfloat-abi=hard -mthumb -o "Middlewares/ST/threadx/common/src/txe_semaphore_create.o"
arm-none-eabi-gcc "../Middlewares/ST/threadx/common/src/txe_semaphore_delete.c" -mcpu=cortex-m4 -std=gnu11 -g3 -DDEBUG -DUSE_HAL_DRIVER -DSTM32G473xx -DTX_INCLUDE_USER_DEFINE_FILE -c -I../Core/Inc -I../Drivers/STM32G4xx_HAL_Driver/Inc -I../Drivers/STM32G4xx_HAL_Driver/Inc/Legacy -I../Drivers/CMSIS/Device/ST/STM32G4xx/Include -I../Drivers/CMSIS/Include -I../AZURE_RTOS/App -I../Middlewares/ST/threadx/common/inc/ -I../Middlewares/ST/threadx/ports/cortex_m4/gnu/inc/ -O0 -ffunction-sections -fdata-sections -Wall -fstack-usage -fcyclomatic-complexity -MMD -MP -MF"Middlewares/ST/threadx/common/src/txe_semaphore_delete.d" -MT"Middlewares/ST/threadx/common/src/txe_semaphore_delete.o" --specs=nano.specs -mfpu=fpv4-sp-d16 -mfloat-abi=hard -mthumb -o "Middlewares/ST/threadx/common/src/txe_semaphore_delete.o"
arm-none-eabi-gcc "../Middlewares/ST/threadx/common/src/txe_semaphore_get.c" -mcpu=cortex-m4 -std=gnu11 -g3 -DDEBUG -DUSE_HAL_DRIVER -DSTM32G473xx -DTX_INCLUDE_USER_DEFINE_FILE -c -I../Core/Inc -I../Drivers/STM32G4xx_HAL_Driver/Inc -I../Drivers/STM32G4xx_HAL_Driver/Inc/Legacy -I../Drivers/CMSIS/Device/ST/STM32G4xx/Include -I../Drivers/CMSIS/Include -I../AZURE_RTOS/App -I../Middlewares/ST/threadx/common/inc/ -I../Middlewares/ST/threadx/ports/cortex_m4/gnu/inc/ -O0 -ffunction-sections -fdata-sections -Wall -fstack-usage -fcyclomatic-complexity -MMD -MP -MF"Middlewares/ST/threadx/common/src/txe_semaphore_get.d" -MT"Middlewares/ST/threadx/common/src/txe_semaphore_get.o" --specs=nano.specs -mfpu=fpv4-sp-d16 -mfloat-abi=hard -mthumb -o "Middlewares/ST/threadx/common/src/txe_semaphore_get.o"
arm-none-eabi-gcc "../Middlewares/ST/threadx/common/src/txe_semaphore_info_get.c" -mcpu=cortex-m4 -std=gnu11 -g3 -DDEBUG -DUSE_HAL_DRIVER -DSTM32G473xx -DTX_INCLUDE_USER_DEFINE_FILE -c -I../Core/Inc -I../Drivers/STM32G4xx_HAL_Driver/Inc -I../Drivers/STM32G4xx_HAL_Driver/Inc/Legacy -I../Drivers/CMSIS/Device/ST/STM32G4xx/Include -I../Drivers/CMSIS/Include -I../AZURE_RTOS/App -I../Middlewares/ST/threadx/common/inc/ -I../Middlewares/ST/threadx/ports/cortex_m4/gnu/inc/ -O0 -ffunction-sections -fdata-sections -Wall -fstack-usage -fcyclomatic-complexity -MMD -MP -MF"Middlewares/ST/threadx/common/src/txe_semaphore_info_get.d" -MT"Middlewares/ST/threadx/common/src/txe_semaphore_info_get.o" --specs=nano.specs -mfpu=fpv4-sp-d16 -mfloat-abi=hard -mthumb -o "Middlewares/ST/threadx/common/src/txe_semaphore_info_get.o"
arm-none-eabi-gcc "../Middlewares/ST/threadx/common/src/txe_semaphore_prioritize.c" -mcpu=cortex-m4 -std=gnu11 -g3 -DDEBUG -DUSE_HAL_DRIVER -DSTM32G473xx -DTX_INCLUDE_USER_DEFINE_FILE -c -I../Core/Inc -I../Drivers/STM32G4xx_HAL_Driver/Inc -I../Drivers/STM32G4xx_HAL_Driver/Inc/Legacy -I../Drivers/CMSIS/Device/ST/STM32G4xx/Include -I../Drivers/CMSIS/Include -I../AZURE_RTOS/App -I../Middlewares/ST/threadx/common/inc/ -I../Middlewares/ST/threadx/ports/cortex_m4/gnu/inc/ -O0 -ffunction-sections -fdata-sections -Wall -fstack-usage -fcyclomatic-complexity -MMD -MP -MF"Middlewares/ST/threadx/common/src/txe_semaphore_prioritize.d" -MT"Middlewares/ST/threadx/common/src/txe_semaphore_prioritize.o" --specs=nano.specs -mfpu=fpv4-sp-d16 -mfloat-abi=hard -mthumb -o "Middlewares/ST/threadx/common/src/txe_semaphore_prioritize.o"
arm-none-eabi-gcc "../Middlewares/ST/threadx/common/src/txe_semaphore_put.c" -mcpu=cortex-m4 -std=gnu11 -g3 -DDEBUG -DUSE_HAL_DRIVER -DSTM32G473xx -DTX_INCLUDE_USER_DEFINE_FILE -c -I../Core/Inc -I../Drivers/STM32G4xx_HAL_Driver/Inc -I../Drivers/STM32G4xx_HAL_Driver/Inc/Legacy -I../Drivers/CMSIS/Device/ST/STM32G4xx/Include -I../Drivers/CMSIS/Include -I../AZURE_RTOS/App -I../Middlewares/ST/threadx/common/inc/ -I../Middlewares/ST/threadx/ports/cortex_m4/gnu/inc/ -O0 -ffunction-sections -fdata-sections -Wall -fstack-usage -fcyclomatic-complexity -MMD -MP -MF"Middlewares/ST/threadx/common/src/txe_semaphore_put.d" -MT"Middlewares/ST/threadx/common/src/txe_semaphore_put.o" --specs=nano.specs -mfpu=fpv4-sp-d16 -mfloat-abi=hard -mthumb -o "Middlewares/ST/threadx/common/src/txe_semaphore_put.o"
arm-none-eabi-gcc "../Middlewares/ST/threadx/common/src/txe_semaphore_put_notify.c" -mcpu=cortex-m4 -std=gnu11 -g3 -DDEBUG -DUSE_HAL_DRIVER -DSTM32G473xx -DTX_INCLUDE_USER_DEFINE_FILE -c -I../Core/Inc -I../Drivers/STM32G4xx_HAL_Driver/Inc -I../Drivers/STM32G4xx_HAL_Driver/Inc/Legacy -I../Drivers/CMSIS/Device/ST/STM32G4xx/Include -I../Drivers/CMSIS/Include -I../AZURE_RTOS/App -I../Middlewares/ST/threadx/common/inc/ -I../Middlewares/ST/threadx/ports/cortex_m4/gnu/inc/ -O0 -ffunction-sections -fdata-sections -Wall -fstack-usage -fcyclomatic-complexity -MMD -MP -MF"Middlewares/ST/threadx/common/src/txe_semaphore_put_notify.d" -MT"Middlewares/ST/threadx/common/src/txe_semaphore_put_notify.o" --specs=nano.specs -mfpu=fpv4-sp-d16 -mfloat-abi=hard -mthumb -o "Middlewares/ST/threadx/common/src/txe_semaphore_put_notify.o"
arm-none-eabi-gcc "../Middlewares/ST/threadx/common/src/txe_thread_create.c" -mcpu=cortex-m4 -std=gnu11 -g3 -DDEBUG -DUSE_HAL_DRIVER -DSTM32G473xx -DTX_INCLUDE_USER_DEFINE_FILE -c -I../Core/Inc -I../Drivers/STM32G4xx_HAL_Driver/Inc -I../Drivers/STM32G4xx_HAL_Driver/Inc/Legacy -I../Drivers/CMSIS/Device/ST/STM32G4xx/Include -I../Drivers/CMSIS/Include -I../AZURE_RTOS/App -I../Middlewares/ST/threadx/common/inc/ -I../Middlewares/ST/threadx/ports/cortex_m4/gnu/inc/ -O0 -ffunction-sections -fdata-sections -Wall -fstack-usage -fcyclomatic-complexity -MMD -MP -MF"Middlewares/ST/threadx/common/src/txe_thread_create.d" -MT"Middlewares/ST/threadx/common/src/txe_thread_create.o" --specs=nano.specs -mfpu=fpv4-sp-d16 -mfloat-abi=hard -mthumb -o "Middlewares/ST/threadx/common/src/txe_thread_create.o"
arm-none-eabi-gcc "../Middlewares/ST/threadx/common/src/txe_thread_delete.c" -mcpu=cortex-m4 -std=gnu11 -g3 -DDEBUG -DUSE_HAL_DRIVER -DSTM32G473xx -DTX_INCLUDE_USER_DEFINE_FILE -c -I../Core/Inc -I../Drivers/STM32G4xx_HAL_Driver/Inc -I../Drivers/STM32G4xx_HAL_Driver/Inc/Legacy -I../Drivers/CMSIS/Device/ST/STM32G4xx/Include -I../Drivers/CMSIS/Include -I../AZURE_RTOS/App -I../Middlewares/ST/threadx/common/inc/ -I../Middlewares/ST/threadx/ports/cortex_m4/gnu/inc/ -O0 -ffunction-sections -fdata-sections -Wall -fstack-usage -fcyclomatic-complexity -MMD -MP -MF"Middlewares/ST/threadx/common/src/txe_thread_delete.d" -MT"Middlewares/ST/threadx/common/src/txe_thread_delete.o" --specs=nano.specs -mfpu=fpv4-sp-d16 -mfloat-abi=hard -mthumb -o "Middlewares/ST/threadx/common/src/txe_thread_delete.o"
arm-none-eabi-gcc "../Middlewares/ST/threadx/common/src/txe_thread_entry_exit_notify.c" -mcpu=cortex-m4 -std=gnu11 -g3 -DDEBUG -DUSE_HAL_DRIVER -DSTM32G473xx -DTX_INCLUDE_USER_DEFINE_FILE -c -I../Core/Inc -I../Drivers/STM32G4xx_HAL_Driver/Inc -I../Drivers/STM32G4xx_HAL_Driver/Inc/Legacy -I../Drivers/CMSIS/Device/ST/STM32G4xx/Include -I../Drivers/CMSIS/Include -I../AZURE_RTOS/App -I../Middlewares/ST/threadx/common/inc/ -I../Middlewares/ST/threadx/ports/cortex_m4/gnu/inc/ -O0 -ffunction-sections -fdata-sections -Wall -fstack-usage -fcyclomatic-complexity -MMD -MP -MF"Middlewares/ST/threadx/common/src/txe_thread_entry_exit_notify.d" -MT"Middlewares/ST/threadx/common/src/txe_thread_entry_exit_notify.o" --specs=nano.specs -mfpu=fpv4-sp-d16 -mfloat-abi=hard -mthumb -o "Middlewares/ST/threadx/common/src/txe_thread_entry_exit_notify.o"
arm-none-eabi-gcc "../Middlewares/ST/threadx/common/src/txe_thread_info_get.c" -mcpu=cortex-m4 -std=gnu11 -g3 -DDEBUG -DUSE_HAL_DRIVER -DSTM32G473xx -DTX_INCLUDE_USER_DEFINE_FILE -c -I../Core/Inc -I../Drivers/STM32G4xx_HAL_Driver/Inc -I../Drivers/STM32G4xx_HAL_Driver/Inc/Legacy -I../Drivers/CMSIS/Device/ST/STM32G4xx/Include -I../Drivers/CMSIS/Include -I../AZURE_RTOS/App -I../Middlewares/ST/threadx/common/inc/ -I../Middlewares/ST/threadx/ports/cortex_m4/gnu/inc/ -O0 -ffunction-sections -fdata-sections -Wall -fstack-usage -fcyclomatic-complexity -MMD -MP -MF"Middlewares/ST/threadx/common/src/txe_thread_info_get.d" -MT"Middlewares/ST/threadx/common/src/txe_thread_info_get.o" --specs=nano.specs -mfpu=fpv4-sp-d16 -mfloat-abi=hard -mthumb -o "Middlewares/ST/threadx/common/src/txe_thread_info_get.o"
arm-none-eabi-gcc "../Middlewares/ST/threadx/common/src/txe_thread_preemption_change.c" -mcpu=cortex-m4 -std=gnu11 -g3 -DDEBUG -DUSE_HAL_DRIVER -DSTM32G473xx -DTX_INCLUDE_USER_DEFINE_FILE -c -I../Core/Inc -I../Drivers/STM32G4xx_HAL_Driver/Inc -I../Drivers/STM32G4xx_HAL_Driver/Inc/Legacy -I../Drivers/CMSIS/Device/ST/STM32G4xx/Include -I../Drivers/CMSIS/Include -I../AZURE_RTOS/App -I../Middlewares/ST/threadx/common/inc/ -I../Middlewares/ST/threadx/ports/cortex_m4/gnu/inc/ -O0 -ffunction-sections -fdata-sections -Wall -fstack-usage -fcyclomatic-complexity -MMD -MP -MF"Middlewares/ST/threadx/common/src/txe_thread_preemption_change.d" -MT"Middlewares/ST/threadx/common/src/txe_thread_preemption_change.o" --specs=nano.specs -mfpu=fpv4-sp-d16 -mfloat-abi=hard -mthumb -o "Middlewares/ST/threadx/common/src/txe_thread_preemption_change.o"
arm-none-eabi-gcc "../Middlewares/ST/threadx/common/src/txe_thread_priority_change.c" -mcpu=cortex-m4 -std=gnu11 -g3 -DDEBUG -DUSE_HAL_DRIVER -DSTM32G473xx -DTX_INCLUDE_USER_DEFINE_FILE -c -I../Core/Inc -I../Drivers/STM32G4xx_HAL_Driver/Inc -I../Drivers/STM32G4xx_HAL_Driver/Inc/Legacy -I../Drivers/CMSIS/Device/ST/STM32G4xx/Include -I../Drivers/CMSIS/Include -I../AZURE_RTOS/App -I../Middlewares/ST/threadx/common/inc/ -I../Middlewares/ST/threadx/ports/cortex_m4/gnu/inc/ -O0 -ffunction-sections -fdata-sections -Wall -fstack-usage -fcyclomatic-complexity -MMD -MP -MF"Middlewares/ST/threadx/common/src/txe_thread_priority_change.d" -MT"Middlewares/ST/threadx/common/src/txe_thread_priority_change.o" --specs=nano.specs -mfpu=fpv4-sp-d16 -mfloat-abi=hard -mthumb -o "Middlewares/ST/threadx/common/src/txe_thread_priority_change.o"
arm-none-eabi-gcc "../Middlewares/ST/threadx/common/src/txe_thread_relinquish.c" -mcpu=cortex-m4 -std=gnu11 -g3 -DDEBUG -DUSE_HAL_DRIVER -DSTM32G473xx -DTX_INCLUDE_USER_DEFINE_FILE -c -I../Core/Inc -I../Drivers/STM32G4xx_HAL_Driver/Inc -I../Drivers/STM32G4xx_HAL_Driver/Inc/Legacy -I../Drivers/CMSIS/Device/ST/STM32G4xx/Include -I../Drivers/CMSIS/Include -I../AZURE_RTOS/App -I../Middlewares/ST/threadx/common/inc/ -I../Middlewares/ST/threadx/ports/cortex_m4/gnu/inc/ -O0 -ffunction-sections -fdata-sections -Wall -fstack-usage -fcyclomatic-complexity -MMD -MP -MF"Middlewares/ST/threadx/common/src/txe_thread_relinquish.d" -MT"Middlewares/ST/threadx/common/src/txe_thread_relinquish.o" --specs=nano.specs -mfpu=fpv4-sp-d16 -mfloat-abi=hard -mthumb -o "Middlewares/ST/threadx/common/src/txe_thread_relinquish.o"
arm-none-eabi-gcc "../Middlewares/ST/threadx/common/src/txe_thread_reset.c" -mcpu=cortex-m4 -std=gnu11 -g3 -DDEBUG -DUSE_HAL_DRIVER -DSTM32G473xx -DTX_INCLUDE_USER_DEFINE_FILE -c -I../Core/Inc -I../Drivers/STM32G4xx_HAL_Driver/Inc -I../Drivers/STM32G4xx_HAL_Driver/Inc/Legacy -I../Drivers/CMSIS/Device/ST/STM32G4xx/Include -I../Drivers/CMSIS/Include -I../AZURE_RTOS/App -I../Middlewares/ST/threadx/common/inc/ -I../Middlewares/ST/threadx/ports/cortex_m4/gnu/inc/ -O0 -ffunction-sections -fdata-sections -Wall -fstack-usage -fcyclomatic-complexity -MMD -MP -MF"Middlewares/ST/threadx/common/src/txe_thread_reset.d" -MT"Middlewares/ST/threadx/common/src/txe_thread_reset.o" --specs=nano.specs -mfpu=fpv4-sp-d16 -mfloat-abi=hard -mthumb -o "Middlewares/ST/threadx/common/src/txe_thread_reset.o"
arm-none-eabi-gcc "../Middlewares/ST/threadx/common/src/txe_thread_resume.c" -mcpu=cortex-m4 -std=gnu11 -g3 -DDEBUG -DUSE_HAL_DRIVER -DSTM32G473xx -DTX_INCLUDE_USER_DEFINE_FILE -c -I../Core/Inc -I../Drivers/STM32G4xx_HAL_Driver/Inc -I../Drivers/STM32G4xx_HAL_Driver/Inc/Legacy -I../Drivers/CMSIS/Device/ST/STM32G4xx/Include -I../Drivers/CMSIS/Include -I../AZURE_RTOS/App -I../Middlewares/ST/threadx/common/inc/ -I../Middlewares/ST/threadx/ports/cortex_m4/gnu/inc/ -O0 -ffunction-sections -fdata-sections -Wall -fstack-usage -fcyclomatic-complexity -MMD -MP -MF"Middlewares/ST/threadx/common/src/txe_thread_resume.d" -MT"Middlewares/ST/threadx/common/src/txe_thread_resume.o" --specs=nano.specs -mfpu=fpv4-sp-d16 -mfloat-abi=hard -mthumb -o "Middlewares/ST/threadx/common/src/txe_thread_resume.o"
arm-none-eabi-gcc "../Middlewares/ST/threadx/common/src/txe_thread_suspend.c" -mcpu=cortex-m4 -std=gnu11 -g3 -DDEBUG -DUSE_HAL_DRIVER -DSTM32G473xx -DTX_INCLUDE_USER_DEFINE_FILE -c -I../Core/Inc -I../Drivers/STM32G4xx_HAL_Driver/Inc -I../Drivers/STM32G4xx_HAL_Driver/Inc/Legacy -I../Drivers/CMSIS/Device/ST/STM32G4xx/Include -I../Drivers/CMSIS/Include -I../AZURE_RTOS/App -I../Middlewares/ST/threadx/common/inc/ -I../Middlewares/ST/threadx/ports/cortex_m4/gnu/inc/ -O0 -ffunction-sections -fdata-sections -Wall -fstack-usage -fcyclomatic-complexity -MMD -MP -MF"Middlewares/ST/threadx/common/src/txe_thread_suspend.d" -MT"Middlewares/ST/threadx/common/src/txe_thread_suspend.o" --specs=nano.specs -mfpu=fpv4-sp-d16 -mfloat-abi=hard -mthumb -o "Middlewares/ST/threadx/common/src/txe_thread_suspend.o"
arm-none-eabi-gcc "../Middlewares/ST/threadx/common/src/txe_thread_terminate.c" -mcpu=cortex-m4 -std=gnu11 -g3 -DDEBUG -DUSE_HAL_DRIVER -DSTM32G473xx -DTX_INCLUDE_USER_DEFINE_FILE -c -I../Core/Inc -I../Drivers/STM32G4xx_HAL_Driver/Inc -I../Drivers/STM32G4xx_HAL_Driver/Inc/Legacy -I../Drivers/CMSIS/Device/ST/STM32G4xx/Include -I../Drivers/CMSIS/Include -I../AZURE_RTOS/App -I../Middlewares/ST/threadx/common/inc/ -I../Middlewares/ST/threadx/ports/cortex_m4/gnu/inc/ -O0 -ffunction-sections -fdata-sections -Wall -fstack-usage -fcyclomatic-complexity -MMD -MP -MF"Middlewares/ST/threadx/common/src/txe_thread_terminate.d" -MT"Middlewares/ST/threadx/common/src/txe_thread_terminate.o" --specs=nano.specs -mfpu=fpv4-sp-d16 -mfloat-abi=hard -mthumb -o "Middlewares/ST/threadx/common/src/txe_thread_terminate.o"
arm-none-eabi-gcc "../Middlewares/ST/threadx/common/src/txe_thread_time_slice_change.c" -mcpu=cortex-m4 -std=gnu11 -g3 -DDEBUG -DUSE_HAL_DRIVER -DSTM32G473xx -DTX_INCLUDE_USER_DEFINE_FILE -c -I../Core/Inc -I../Drivers/STM32G4xx_HAL_Driver/Inc -I../Drivers/STM32G4xx_HAL_Driver/Inc/Legacy -I../Drivers/CMSIS/Device/ST/STM32G4xx/Include -I../Drivers/CMSIS/Include -I../AZURE_RTOS/App -I../Middlewares/ST/threadx/common/inc/ -I../Middlewares/ST/threadx/ports/cortex_m4/gnu/inc/ -O0 -ffunction-sections -fdata-sections -Wall -fstack-usage -fcyclomatic-complexity -MMD -MP -MF"Middlewares/ST/threadx/common/src/txe_thread_time_slice_change.d" -MT"Middlewares/ST/threadx/common/src/txe_thread_time_slice_change.o" --specs=nano.specs -mfpu=fpv4-sp-d16 -mfloat-abi=hard -mthumb -o "Middlewares/ST/threadx/common/src/txe_thread_time_slice_change.o"
arm-none-eabi-gcc "../Middlewares/ST/threadx/common/src/txe_thread_wait_abort.c" -mcpu=cortex-m4 -std=gnu11 -g3 -DDEBUG -DUSE_HAL_DRIVER -DSTM32G473xx -DTX_INCLUDE_USER_DEFINE_FILE -c -I../Core/Inc -I../Drivers/STM32G4xx_HAL_Driver/Inc -I../Drivers/STM32G4xx_HAL_Driver/Inc/Legacy -I../Drivers/CMSIS/Device/ST/STM32G4xx/Include -I../Drivers/CMSIS/Include -I../AZURE_RTOS/App -I../Middlewares/ST/threadx/common/inc/ -I../Middlewares/ST/threadx/ports/cortex_m4/gnu/inc/ -O0 -ffunction-sections -fdata-sections -Wall -fstack-usage -fcyclomatic-complexity -MMD -MP -MF"Middlewares/ST/threadx/common/src/txe_thread_wait_abort.d" -MT"Middlewares/ST/threadx/common/src/txe_thread_wait_abort.o" --specs=nano.specs -mfpu=fpv4-sp-d16 -mfloat-abi=hard -mthumb -o "Middlewares/ST/threadx/common/src/txe_thread_wait_abort.o"
arm-none-eabi-gcc "../Middlewares/ST/threadx/common/src/txe_timer_activate.c" -mcpu=cortex-m4 -std=gnu11 -g3 -DDEBUG -DUSE_HAL_DRIVER -DSTM32G473xx -DTX_INCLUDE_USER_DEFINE_FILE -c -I../Core/Inc -I../Drivers/STM32G4xx_HAL_Driver/Inc -I../Drivers/STM32G4xx_HAL_Driver/Inc/Legacy -I../Drivers/CMSIS/Device/ST/STM32G4xx/Include -I../Drivers/CMSIS/Include -I../AZURE_RTOS/App -I../Middlewares/ST/threadx/common/inc/ -I../Middlewares/ST/threadx/ports/cortex_m4/gnu/inc/ -O0 -ffunction-sections -fdata-sections -Wall -fstack-usage -fcyclomatic-complexity -MMD -MP -MF"Middlewares/ST/threadx/common/src/txe_timer_activate.d" -MT"Middlewares/ST/threadx/common/src/txe_timer_activate.o" --specs=nano.specs -mfpu=fpv4-sp-d16 -mfloat-abi=hard -mthumb -o "Middlewares/ST/threadx/common/src/txe_timer_activate.o"
arm-none-eabi-gcc "../Middlewares/ST/threadx/common/src/txe_timer_change.c" -mcpu=cortex-m4 -std=gnu11 -g3 -DDEBUG -DUSE_HAL_DRIVER -DSTM32G473xx -DTX_INCLUDE_USER_DEFINE_FILE -c -I../Core/Inc -I../Drivers/STM32G4xx_HAL_Driver/Inc -I../Drivers/STM32G4xx_HAL_Driver/Inc/Legacy -I../Drivers/CMSIS/Device/ST/STM32G4xx/Include -I../Drivers/CMSIS/Include -I../AZURE_RTOS/App -I../Middlewares/ST/threadx/common/inc/ -I../Middlewares/ST/threadx/ports/cortex_m4/gnu/inc/ -O0 -ffunction-sections -fdata-sections -Wall -fstack-usage -fcyclomatic-complexity -MMD -MP -MF"Middlewares/ST/threadx/common/src/txe_timer_change.d" -MT"Middlewares/ST/threadx/common/src/txe_timer_change.o" --specs=nano.specs -mfpu=fpv4-sp-d16 -mfloat-abi=hard -mthumb -o "Middlewares/ST/threadx/common/src/txe_timer_change.o"
arm-none-eabi-gcc "../Middlewares/ST/threadx/common/src/txe_timer_create.c" -mcpu=cortex-m4 -std=gnu11 -g3 -DDEBUG -DUSE_HAL_DRIVER -DSTM32G473xx -DTX_INCLUDE_USER_DEFINE_FILE -c -I../Core/Inc -I../Drivers/STM32G4xx_HAL_Driver/Inc -I../Drivers/STM32G4xx_HAL_Driver/Inc/Legacy -I../Drivers/CMSIS/Device/ST/STM32G4xx/Include -I../Drivers/CMSIS/Include -I../AZURE_RTOS/App -I../Middlewares/ST/threadx/common/inc/ -I../Middlewares/ST/threadx/ports/cortex_m4/gnu/inc/ -O0 -ffunction-sections -fdata-sections -Wall -fstack-usage -fcyclomatic-complexity -MMD -MP -MF"Middlewares/ST/threadx/common/src/txe_timer_create.d" -MT"Middlewares/ST/threadx/common/src/txe_timer_create.o" --specs=nano.specs -mfpu=fpv4-sp-d16 -mfloat-abi=hard -mthumb -o "Middlewares/ST/threadx/common/src/txe_timer_create.o"
arm-none-eabi-gcc "../Middlewares/ST/threadx/common/src/txe_timer_deactivate.c" -mcpu=cortex-m4 -std=gnu11 -g3 -DDEBUG -DUSE_HAL_DRIVER -DSTM32G473xx -DTX_INCLUDE_USER_DEFINE_FILE -c -I../Core/Inc -I../Drivers/STM32G4xx_HAL_Driver/Inc -I../Drivers/STM32G4xx_HAL_Driver/Inc/Legacy -I../Drivers/CMSIS/Device/ST/STM32G4xx/Include -I../Drivers/CMSIS/Include -I../AZURE_RTOS/App -I../Middlewares/ST/threadx/common/inc/ -I../Middlewares/ST/threadx/ports/cortex_m4/gnu/inc/ -O0 -ffunction-sections -fdata-sections -Wall -fstack-usage -fcyclomatic-complexity -MMD -MP -MF"Middlewares/ST/threadx/common/src/txe_timer_deactivate.d" -MT"Middlewares/ST/threadx/common/src/txe_timer_deactivate.o" --specs=nano.specs -mfpu=fpv4-sp-d16 -mfloat-abi=hard -mthumb -o "Middlewares/ST/threadx/common/src/txe_timer_deactivate.o"
arm-none-eabi-gcc "../Middlewares/ST/threadx/common/src/txe_timer_delete.c" -mcpu=cortex-m4 -std=gnu11 -g3 -DDEBUG -DUSE_HAL_DRIVER -DSTM32G473xx -DTX_INCLUDE_USER_DEFINE_FILE -c -I../Core/Inc -I../Drivers/STM32G4xx_HAL_Driver/Inc -I../Drivers/STM32G4xx_HAL_Driver/Inc/Legacy -I../Drivers/CMSIS/Device/ST/STM32G4xx/Include -I../Drivers/CMSIS/Include -I../AZURE_RTOS/App -I../Middlewares/ST/threadx/common/inc/ -I../Middlewares/ST/threadx/ports/cortex_m4/gnu/inc/ -O0 -ffunction-sections -fdata-sections -Wall -fstack-usage -fcyclomatic-complexity -MMD -MP -MF"Middlewares/ST/threadx/common/src/txe_timer_delete.d" -MT"Middlewares/ST/threadx/common/src/txe_timer_delete.o" --specs=nano.specs -mfpu=fpv4-sp-d16 -mfloat-abi=hard -mthumb -o "Middlewares/ST/threadx/common/src/txe_timer_delete.o"
arm-none-eabi-gcc "../Middlewares/ST/threadx/common/src/txe_timer_info_get.c" -mcpu=cortex-m4 -std=gnu11 -g3 -DDEBUG -DUSE_HAL_DRIVER -DSTM32G473xx -DTX_INCLUDE_USER_DEFINE_FILE -c -I../Core/Inc -I../Drivers/STM32G4xx_HAL_Driver/Inc -I../Drivers/STM32G4xx_HAL_Driver/Inc/Legacy -I../Drivers/CMSIS/Device/ST/STM32G4xx/Include -I../Drivers/CMSIS/Include -I../AZURE_RTOS/App -I../Middlewares/ST/threadx/common/inc/ -I../Middlewares/ST/threadx/ports/cortex_m4/gnu/inc/ -O0 -ffunction-sections -fdata-sections -Wall -fstack-usage -fcyclomatic-complexity -MMD -MP -MF"Middlewares/ST/threadx/common/src/txe_timer_info_get.d" -MT"Middlewares/ST/threadx/common/src/txe_timer_info_get.o" --specs=nano.specs -mfpu=fpv4-sp-d16 -mfloat-abi=hard -mthumb -o "Middlewares/ST/threadx/common/src/txe_timer_info_get.o"
arm-none-eabi-gcc "../Drivers/STM32G4xx_HAL_Driver/Src/stm32g4xx_hal.c" -mcpu=cortex-m4 -std=gnu11 -g3 -DDEBUG -DUSE_HAL_DRIVER -DSTM32G473xx -DTX_INCLUDE_USER_DEFINE_FILE -c -I../Core/Inc -I../Drivers/STM32G4xx_HAL_Driver/Inc -I../Drivers/STM32G4xx_HAL_Driver/Inc/Legacy -I../Drivers/CMSIS/Device/ST/STM32G4xx/Include -I../Drivers/CMSIS/Include -I../AZURE_RTOS/App -I../Middlewares/ST/threadx/common/inc/ -I../Middlewares/ST/threadx/ports/cortex_m4/gnu/inc/ -O0 -ffunction-sections -fdata-sections -Wall -fstack-usage -fcyclomatic-complexity -MMD -MP -MF"Drivers/STM32G4xx_HAL_Driver/Src/stm32g4xx_hal.d" -MT"Drivers/STM32G4xx_HAL_Driver/Src/stm32g4xx_hal.o" --specs=nano.specs -mfpu=fpv4-sp-d16 -mfloat-abi=hard -mthumb -o "Drivers/STM32G4xx_HAL_Driver/Src/stm32g4xx_hal.o"
arm-none-eabi-gcc "../Drivers/STM32G4xx_HAL_Driver/Src/stm32g4xx_hal_adc.c" -mcpu=cortex-m4 -std=gnu11 -g3 -DDEBUG -DUSE_HAL_DRIVER -DSTM32G473xx -DTX_INCLUDE_USER_DEFINE_FILE -c -I../Core/Inc -I../Drivers/STM32G4xx_HAL_Driver/Inc -I../Drivers/STM32G4xx_HAL_Driver/Inc/Legacy -I../Drivers/CMSIS/Device/ST/STM32G4xx/Include -I../Drivers/CMSIS/Include -I../AZURE_RTOS/App -I../Middlewares/ST/threadx/common/inc/ -I../Middlewares/ST/threadx/ports/cortex_m4/gnu/inc/ -O0 -ffunction-sections -fdata-sections -Wall -fstack-usage -fcyclomatic-complexity -MMD -MP -MF"Drivers/STM32G4xx_HAL_Driver/Src/stm32g4xx_hal_adc.d" -MT"Drivers/STM32G4xx_HAL_Driver/Src/stm32g4xx_hal_adc.o" --specs=nano.specs -mfpu=fpv4-sp-d16 -mfloat-abi=hard -mthumb -o "Drivers/STM32G4xx_HAL_Driver/Src/stm32g4xx_hal_adc.o"
arm-none-eabi-gcc "../Drivers/STM32G4xx_HAL_Driver/Src/stm32g4xx_hal_adc_ex.c" -mcpu=cortex-m4 -std=gnu11 -g3 -DDEBUG -DUSE_HAL_DRIVER -DSTM32G473xx -DTX_INCLUDE_USER_DEFINE_FILE -c -I../Core/Inc -I../Drivers/STM32G4xx_HAL_Driver/Inc -I../Drivers/STM32G4xx_HAL_Driver/Inc/Legacy -I../Drivers/CMSIS/Device/ST/STM32G4xx/Include -I../Drivers/CMSIS/Include -I../AZURE_RTOS/App -I../Middlewares/ST/threadx/common/inc/ -I../Middlewares/ST/threadx/ports/cortex_m4/gnu/inc/ -O0 -ffunction-sections -fdata-sections -Wall -fstack-usage -fcyclomatic-complexity -MMD -MP -MF"Drivers/STM32G4xx_HAL_Driver/Src/stm32g4xx_hal_adc_ex.d" -MT"Drivers/STM32G4xx_HAL_Driver/Src/stm32g4xx_hal_adc_ex.o" --specs=nano.specs -mfpu=fpv4-sp-d16 -mfloat-abi=hard -mthumb -o "Drivers/STM32G4xx_HAL_Driver/Src/stm32g4xx_hal_adc_ex.o"
arm-none-eabi-gcc "../Drivers/STM32G4xx_HAL_Driver/Src/stm32g4xx_hal_cordic.c" -mcpu=cortex-m4 -std=gnu11 -g3 -DDEBUG -DUSE_HAL_DRIVER -DSTM32G473xx -DTX_INCLUDE_USER_DEFINE_FILE -c -I../Core/Inc -I../Drivers/STM32G4xx_HAL_Driver/Inc -I../Drivers/STM32G4xx_HAL_Driver/Inc/Legacy -I../Drivers/CMSIS/Device/ST/STM32G4xx/Include -I../Drivers/CMSIS/Include -I../AZURE_RTOS/App -I../Middlewares/ST/threadx/common/inc/ -I../Middlewares/ST/threadx/ports/cortex_m4/gnu/inc/ -O0 -ffunction-sections -fdata-sections -Wall -fstack-usage -fcyclomatic-complexity -MMD -MP -MF"Drivers/STM32G4xx_HAL_Driver/Src/stm32g4xx_hal_cordic.d" -MT"Drivers/STM32G4xx_HAL_Driver/Src/stm32g4xx_hal_cordic.o" --specs=nano.specs -mfpu=fpv4-sp-d16 -mfloat-abi=hard -mthumb -o "Drivers/STM32G4xx_HAL_Driver/Src/stm32g4xx_hal_cordic.o"
arm-none-eabi-gcc "../Drivers/STM32G4xx_HAL_Driver/Src/stm32g4xx_hal_cortex.c" -mcpu=cortex-m4 -std=gnu11 -g3 -DDEBUG -DUSE_HAL_DRIVER -DSTM32G473xx -DTX_INCLUDE_USER_DEFINE_FILE -c -I../Core/Inc -I../Drivers/STM32G4xx_HAL_Driver/Inc -I../Drivers/STM32G4xx_HAL_Driver/Inc/Legacy -I../Drivers/CMSIS/Device/ST/STM32G4xx/Include -I../Drivers/CMSIS/Include -I../AZURE_RTOS/App -I../Middlewares/ST/threadx/common/inc/ -I../Middlewares/ST/threadx/ports/cortex_m4/gnu/inc/ -O0 -ffunction-sections -fdata-sections -Wall -fstack-usage -fcyclomatic-complexity -MMD -MP -MF"Drivers/STM32G4xx_HAL_Driver/Src/stm32g4xx_hal_cortex.d" -MT"Drivers/STM32G4xx_HAL_Driver/Src/stm32g4xx_hal_cortex.o" --specs=nano.specs -mfpu=fpv4-sp-d16 -mfloat-abi=hard -mthumb -o "Drivers/STM32G4xx_HAL_Driver/Src/stm32g4xx_hal_cortex.o"
arm-none-eabi-gcc "../Drivers/STM32G4xx_HAL_Driver/Src/stm32g4xx_hal_dma.c" -mcpu=cortex-m4 -std=gnu11 -g3 -DDEBUG -DUSE_HAL_DRIVER -DSTM32G473xx -DTX_INCLUDE_USER_DEFINE_FILE -c -I../Core/Inc -I../Drivers/STM32G4xx_HAL_Driver/Inc -I../Drivers/STM32G4xx_HAL_Driver/Inc/Legacy -I../Drivers/CMSIS/Device/ST/STM32G4xx/Include -I../Drivers/CMSIS/Include -I../AZURE_RTOS/App -I../Middlewares/ST/threadx/common/inc/ -I../Middlewares/ST/threadx/ports/cortex_m4/gnu/inc/ -O0 -ffunction-sections -fdata-sections -Wall -fstack-usage -fcyclomatic-complexity -MMD -MP -MF"Drivers/STM32G4xx_HAL_Driver/Src/stm32g4xx_hal_dma.d" -MT"Drivers/STM32G4xx_HAL_Driver/Src/stm32g4xx_hal_dma.o" --specs=nano.specs -mfpu=fpv4-sp-d16 -mfloat-abi=hard -mthumb -o "Drivers/STM32G4xx_HAL_Driver/Src/stm32g4xx_hal_dma.o"
arm-none-eabi-gcc "../Drivers/STM32G4xx_HAL_Driver/Src/stm32g4xx_hal_dma_ex.c" -mcpu=cortex-m4 -std=gnu11 -g3 -DDEBUG -DUSE_HAL_DRIVER -DSTM32G473xx -DTX_INCLUDE_USER_DEFINE_FILE -c -I../Core/Inc -I../Drivers/STM32G4xx_HAL_Driver/Inc -I../Drivers/STM32G4xx_HAL_Driver/Inc/Legacy -I../Drivers/CMSIS/Device/ST/STM32G4xx/Include -I../Drivers/CMSIS/Include -I../AZURE_RTOS/App -I../Middlewares/ST/threadx/common/inc/ -I../Middlewares/ST/threadx/ports/cortex_m4/gnu/inc/ -O0 -ffunction-sections -fdata-sections -Wall -fstack-usage -fcyclomatic-complexity -MMD -MP -MF"Drivers/STM32G4xx_HAL_Driver/Src/stm32g4xx_hal_dma_ex.d" -MT"Drivers/STM32G4xx_HAL_Driver/Src/stm32g4xx_hal_dma_ex.o" --specs=nano.specs -mfpu=fpv4-sp-d16 -mfloat-abi=hard -mthumb -o "Drivers/STM32G4xx_HAL_Driver/Src/stm32g4xx_hal_dma_ex.o"
arm-none-eabi-gcc "../Drivers/STM32G4xx_HAL_Driver/Src/stm32g4xx_hal_exti.c" -mcpu=cortex-m4 -std=gnu11 -g3 -DDEBUG -DUSE_HAL_DRIVER -DSTM32G473xx -DTX_INCLUDE_USER_DEFINE_FILE -c -I../Core/Inc -I../Drivers/STM32G4xx_HAL_Driver/Inc -I../Drivers/STM32G4xx_HAL_Driver/Inc/Legacy -I../Drivers/CMSIS/Device/ST/STM32G4xx/Include -I../Drivers/CMSIS/Include -I../AZURE_RTOS/App -I../Middlewares/ST/threadx/common/inc/ -I../Middlewares/ST/threadx/ports/cortex_m4/gnu/inc/ -O0 -ffunction-sections -fdata-sections -Wall -fstack-usage -fcyclomatic-complexity -MMD -MP -MF"Drivers/STM32G4xx_HAL_Driver/Src/stm32g4xx_hal_exti.d" -MT"Drivers/STM32G4xx_HAL_Driver/Src/stm32g4xx_hal_exti.o" --specs=nano.specs -mfpu=fpv4-sp-d16 -mfloat-abi=hard -mthumb -o "Drivers/STM32G4xx_HAL_Driver/Src/stm32g4xx_hal_exti.o"
arm-none-eabi-gcc "../Drivers/STM32G4xx_HAL_Driver/Src/stm32g4xx_hal_flash.c" -mcpu=cortex-m4 -std=gnu11 -g3 -DDEBUG -DUSE_HAL_DRIVER -DSTM32G473xx -DTX_INCLUDE_USER_DEFINE_FILE -c -I../Core/Inc -I../Drivers/STM32G4xx_HAL_Driver/Inc -I../Drivers/STM32G4xx_HAL_Driver/Inc/Legacy -I../Drivers/CMSIS/Device/ST/STM32G4xx/Include -I../Drivers/CMSIS/Include -I../AZURE_RTOS/App -I../Middlewares/ST/threadx/common/inc/ -I../Middlewares/ST/threadx/ports/cortex_m4/gnu/inc/ -O0 -ffunction-sections -fdata-sections -Wall -fstack-usage -fcyclomatic-complexity -MMD -MP -MF"Drivers/STM32G4xx_HAL_Driver/Src/stm32g4xx_hal_flash.d" -MT"Drivers/STM32G4xx_HAL_Driver/Src/stm32g4xx_hal_flash.o" --specs=nano.specs -mfpu=fpv4-sp-d16 -mfloat-abi=hard -mthumb -o "Drivers/STM32G4xx_HAL_Driver/Src/stm32g4xx_hal_flash.o"
arm-none-eabi-gcc "../Drivers/STM32G4xx_HAL_Driver/Src/stm32g4xx_hal_flash_ex.c" -mcpu=cortex-m4 -std=gnu11 -g3 -DDEBUG -DUSE_HAL_DRIVER -DSTM32G473xx -DTX_INCLUDE_USER_DEFINE_FILE -c -I../Core/Inc -I../Drivers/STM32G4xx_HAL_Driver/Inc -I../Drivers/STM32G4xx_HAL_Driver/Inc/Legacy -I../Drivers/CMSIS/Device/ST/STM32G4xx/Include -I../Drivers/CMSIS/Include -I../AZURE_RTOS/App -I../Middlewares/ST/threadx/common/inc/ -I../Middlewares/ST/threadx/ports/cortex_m4/gnu/inc/ -O0 -ffunction-sections -fdata-sections -Wall -fstack-usage -fcyclomatic-complexity -MMD -MP -MF"Drivers/STM32G4xx_HAL_Driver/Src/stm32g4xx_hal_flash_ex.d" -MT"Drivers/STM32G4xx_HAL_Driver/Src/stm32g4xx_hal_flash_ex.o" --specs=nano.specs -mfpu=fpv4-sp-d16 -mfloat-abi=hard -mthumb -o "Drivers/STM32G4xx_HAL_Driver/Src/stm32g4xx_hal_flash_ex.o"
arm-none-eabi-gcc "../Drivers/STM32G4xx_HAL_Driver/Src/stm32g4xx_hal_flash_ramfunc.c" -mcpu=cortex-m4 -std=gnu11 -g3 -DDEBUG -DUSE_HAL_DRIVER -DSTM32G473xx -DTX_INCLUDE_USER_DEFINE_FILE -c -I../Core/Inc -I../Drivers/STM32G4xx_HAL_Driver/Inc -I../Drivers/STM32G4xx_HAL_Driver/Inc/Legacy -I../Drivers/CMSIS/Device/ST/STM32G4xx/Include -I../Drivers/CMSIS/Include -I../AZURE_RTOS/App -I../Middlewares/ST/threadx/common/inc/ -I../Middlewares/ST/threadx/ports/cortex_m4/gnu/inc/ -O0 -ffunction-sections -fdata-sections -Wall -fstack-usage -fcyclomatic-complexity -MMD -MP -MF"Drivers/STM32G4xx_HAL_Driver/Src/stm32g4xx_hal_flash_ramfunc.d" -MT"Drivers/STM32G4xx_HAL_Driver/Src/stm32g4xx_hal_flash_ramfunc.o" --specs=nano.specs -mfpu=fpv4-sp-d16 -mfloat-abi=hard -mthumb -o "Drivers/STM32G4xx_HAL_Driver/Src/stm32g4xx_hal_flash_ramfunc.o"
arm-none-eabi-gcc "../Drivers/STM32G4xx_HAL_Driver/Src/stm32g4xx_hal_gpio.c" -mcpu=cortex-m4 -std=gnu11 -g3 -DDEBUG -DUSE_HAL_DRIVER -DSTM32G473xx -DTX_INCLUDE_USER_DEFINE_FILE -c -I../Core/Inc -I../Drivers/STM32G4xx_HAL_Driver/Inc -I../Drivers/STM32G4xx_HAL_Driver/Inc/Legacy -I../Drivers/CMSIS/Device/ST/STM32G4xx/Include -I../Drivers/CMSIS/Include -I../AZURE_RTOS/App -I../Middlewares/ST/threadx/common/inc/ -I../Middlewares/ST/threadx/ports/cortex_m4/gnu/inc/ -O0 -ffunction-sections -fdata-sections -Wall -fstack-usage -fcyclomatic-complexity -MMD -MP -MF"Drivers/STM32G4xx_HAL_Driver/Src/stm32g4xx_hal_gpio.d" -MT"Drivers/STM32G4xx_HAL_Driver/Src/stm32g4xx_hal_gpio.o" --specs=nano.specs -mfpu=fpv4-sp-d16 -mfloat-abi=hard -mthumb -o "Drivers/STM32G4xx_HAL_Driver/Src/stm32g4xx_hal_gpio.o"
arm-none-eabi-gcc "../Drivers/STM32G4xx_HAL_Driver/Src/stm32g4xx_hal_i2c.c" -mcpu=cortex-m4 -std=gnu11 -g3 -DDEBUG -DUSE_HAL_DRIVER -DSTM32G473xx -DTX_INCLUDE_USER_DEFINE_FILE -c -I../Core/Inc -I../Drivers/STM32G4xx_HAL_Driver/Inc -I../Drivers/STM32G4xx_HAL_Driver/Inc/Legacy -I../Drivers/CMSIS/Device/ST/STM32G4xx/Include -I../Drivers/CMSIS/Include -I../AZURE_RTOS/App -I../Middlewares/ST/threadx/common/inc/ -I../Middlewares/ST/threadx/ports/cortex_m4/gnu/inc/ -O0 -ffunction-sections -fdata-sections -Wall -fstack-usage -fcyclomatic-complexity -MMD -MP -MF"Drivers/STM32G4xx_HAL_Driver/Src/stm32g4xx_hal_i2c.d" -MT"Drivers/STM32G4xx_HAL_Driver/Src/stm32g4xx_hal_i2c.o" --specs=nano.specs -mfpu=fpv4-sp-d16 -mfloat-abi=hard -mthumb -o "Drivers/STM32G4xx_HAL_Driver/Src/stm32g4xx_hal_i2c.o"
arm-none-eabi-gcc "../Drivers/STM32G4xx_HAL_Driver/Src/stm32g4xx_hal_i2c_ex.c" -mcpu=cortex-m4 -std=gnu11 -g3 -DDEBUG -DUSE_HAL_DRIVER -DSTM32G473xx -DTX_INCLUDE_USER_DEFINE_FILE -c -I../Core/Inc -I../Drivers/STM32G4xx_HAL_Driver/Inc -I../Drivers/STM32G4xx_HAL_Driver/Inc/Legacy -I../Drivers/CMSIS/Device/ST/STM32G4xx/Include -I../Drivers/CMSIS/Include -I../AZURE_RTOS/App -I../Middlewares/ST/threadx/common/inc/ -I../Middlewares/ST/threadx/ports/cortex_m4/gnu/inc/ -O0 -ffunction-sections -fdata-sections -Wall -fstack-usage -fcyclomatic-complexity -MMD -MP -MF"Drivers/STM32G4xx_HAL_Driver/Src/stm32g4xx_hal_i2c_ex.d" -MT"Drivers/STM32G4xx_HAL_Driver/Src/stm32g4xx_hal_i2c_ex.o" --specs=nano.specs -mfpu=fpv4-sp-d16 -mfloat-abi=hard -mthumb -o "Drivers/STM32G4xx_HAL_Driver/Src/stm32g4xx_hal_i2c_ex.o"
arm-none-eabi-gcc "../Drivers/STM32G4xx_HAL_Driver/Src/stm32g4xx_hal_pwr.c" -mcpu=cortex-m4 -std=gnu11 -g3 -DDEBUG -DUSE_HAL_DRIVER -DSTM32G473xx -DTX_INCLUDE_USER_DEFINE_FILE -c -I../Core/Inc -I../Drivers/STM32G4xx_HAL_Driver/Inc -I../Drivers/STM32G4xx_HAL_Driver/Inc/Legacy -I../Drivers/CMSIS/Device/ST/STM32G4xx/Include -I../Drivers/CMSIS/Include -I../AZURE_RTOS/App -I../Middlewares/ST/threadx/common/inc/ -I../Middlewares/ST/threadx/ports/cortex_m4/gnu/inc/ -O0 -ffunction-sections -fdata-sections -Wall -fstack-usage -fcyclomatic-complexity -MMD -MP -MF"Drivers/STM32G4xx_HAL_Driver/Src/stm32g4xx_hal_pwr.d" -MT"Drivers/STM32G4xx_HAL_Driver/Src/stm32g4xx_hal_pwr.o" --specs=nano.specs -mfpu=fpv4-sp-d16 -mfloat-abi=hard -mthumb -o "Drivers/STM32G4xx_HAL_Driver/Src/stm32g4xx_hal_pwr.o"
arm-none-eabi-gcc "../Drivers/STM32G4xx_HAL_Driver/Src/stm32g4xx_hal_pwr_ex.c" -mcpu=cortex-m4 -std=gnu11 -g3 -DDEBUG -DUSE_HAL_DRIVER -DSTM32G473xx -DTX_INCLUDE_USER_DEFINE_FILE -c -I../Core/Inc -I../Drivers/STM32G4xx_HAL_Driver/Inc -I../Drivers/STM32G4xx_HAL_Driver/Inc/Legacy -I../Drivers/CMSIS/Device/ST/STM32G4xx/Include -I../Drivers/CMSIS/Include -I../AZURE_RTOS/App -I../Middlewares/ST/threadx/common/inc/ -I../Middlewares/ST/threadx/ports/cortex_m4/gnu/inc/ -O0 -ffunction-sections -fdata-sections -Wall -fstack-usage -fcyclomatic-complexity -MMD -MP -MF"Drivers/STM32G4xx_HAL_Driver/Src/stm32g4xx_hal_pwr_ex.d" -MT"Drivers/STM32G4xx_HAL_Driver/Src/stm32g4xx_hal_pwr_ex.o" --specs=nano.specs -mfpu=fpv4-sp-d16 -mfloat-abi=hard -mthumb -o "Drivers/STM32G4xx_HAL_Driver/Src/stm32g4xx_hal_pwr_ex.o"
arm-none-eabi-gcc "../Drivers/STM32G4xx_HAL_Driver/Src/stm32g4xx_hal_rcc.c" -mcpu=cortex-m4 -std=gnu11 -g3 -DDEBUG -DUSE_HAL_DRIVER -DSTM32G473xx -DTX_INCLUDE_USER_DEFINE_FILE -c -I../Core/Inc -I../Drivers/STM32G4xx_HAL_Driver/Inc -I../Drivers/STM32G4xx_HAL_Driver/Inc/Legacy -I../Drivers/CMSIS/Device/ST/STM32G4xx/Include -I../Drivers/CMSIS/Include -I../AZURE_RTOS/App -I../Middlewares/ST/threadx/common/inc/ -I../Middlewares/ST/threadx/ports/cortex_m4/gnu/inc/ -O0 -ffunction-sections -fdata-sections -Wall -fstack-usage -fcyclomatic-complexity -MMD -MP -MF"Drivers/STM32G4xx_HAL_Driver/Src/stm32g4xx_hal_rcc.d" -MT"Drivers/STM32G4xx_HAL_Driver/Src/stm32g4xx_hal_rcc.o" --specs=nano.specs -mfpu=fpv4-sp-d16 -mfloat-abi=hard -mthumb -o "Drivers/STM32G4xx_HAL_Driver/Src/stm32g4xx_hal_rcc.o"
arm-none-eabi-gcc "../Drivers/STM32G4xx_HAL_Driver/Src/stm32g4xx_hal_rcc_ex.c" -mcpu=cortex-m4 -std=gnu11 -g3 -DDEBUG -DUSE_HAL_DRIVER -DSTM32G473xx -DTX_INCLUDE_USER_DEFINE_FILE -c -I../Core/Inc -I../Drivers/STM32G4xx_HAL_Driver/Inc -I../Drivers/STM32G4xx_HAL_Driver/Inc/Legacy -I../Drivers/CMSIS/Device/ST/STM32G4xx/Include -I../Drivers/CMSIS/Include -I../AZURE_RTOS/App -I../Middlewares/ST/threadx/common/inc/ -I../Middlewares/ST/threadx/ports/cortex_m4/gnu/inc/ -O0 -ffunction-sections -fdata-sections -Wall -fstack-usage -fcyclomatic-complexity -MMD -MP -MF"Drivers/STM32G4xx_HAL_Driver/Src/stm32g4xx_hal_rcc_ex.d" -MT"Drivers/STM32G4xx_HAL_Driver/Src/stm32g4xx_hal_rcc_ex.o" --specs=nano.specs -mfpu=fpv4-sp-d16 -mfloat-abi=hard -mthumb -o "Drivers/STM32G4xx_HAL_Driver/Src/stm32g4xx_hal_rcc_ex.o"
arm-none-eabi-gcc "../Drivers/STM32G4xx_HAL_Driver/Src/stm32g4xx_hal_spi.c" -mcpu=cortex-m4 -std=gnu11 -g3 -DDEBUG -DUSE_HAL_DRIVER -DSTM32G473xx -DTX_INCLUDE_USER_DEFINE_FILE -c -I../Core/Inc -I../Drivers/STM32G4xx_HAL_Driver/Inc -I../Drivers/STM32G4xx_HAL_Driver/Inc/Legacy -I../Drivers/CMSIS/Device/ST/STM32G4xx/Include -I../Drivers/CMSIS/Include -I../AZURE_RTOS/App -I../Middlewares/ST/threadx/common/inc/ -I../Middlewares/ST/threadx/ports/cortex_m4/gnu/inc/ -O0 -ffunction-sections -fdata-sections -Wall -fstack-usage -fcyclomatic-complexity -MMD -MP -MF"Drivers/STM32G4xx_HAL_Driver/Src/stm32g4xx_hal_spi.d" -MT"Drivers/STM32G4xx_HAL_Driver/Src/stm32g4xx_hal_spi.o" --specs=nano.specs -mfpu=fpv4-sp-d16 -mfloat-abi=hard -mthumb -o "Drivers/STM32G4xx_HAL_Driver/Src/stm32g4xx_hal_spi.o"
arm-none-eabi-gcc "../Drivers/STM32G4xx_HAL_Driver/Src/stm32g4xx_hal_spi_ex.c" -mcpu=cortex-m4 -std=gnu11 -g3 -DDEBUG -DUSE_HAL_DRIVER -DSTM32G473xx -DTX_INCLUDE_USER_DEFINE_FILE -c -I../Core/Inc -I../Drivers/STM32G4xx_HAL_Driver/Inc -I../Drivers/STM32G4xx_HAL_Driver/Inc/Legacy -I../Drivers/CMSIS/Device/ST/STM32G4xx/Include -I../Drivers/CMSIS/Include -I../AZURE_RTOS/App -I../Middlewares/ST/threadx/common/inc/ -I../Middlewares/ST/threadx/ports/cortex_m4/gnu/inc/ -O0 -ffunction-sections -fdata-sections -Wall -fstack-usage -fcyclomatic-complexity -MMD -MP -MF"Drivers/STM32G4xx_HAL_Driver/Src/stm32g4xx_hal_spi_ex.d" -MT"Drivers/STM32G4xx_HAL_Driver/Src/stm32g4xx_hal_spi_ex.o" --specs=nano.specs -mfpu=fpv4-sp-d16 -mfloat-abi=hard -mthumb -o "Drivers/STM32G4xx_HAL_Driver/Src/stm32g4xx_hal_spi_ex.o"
arm-none-eabi-gcc "../Drivers/STM32G4xx_HAL_Driver/Src/stm32g4xx_hal_tim.c" -mcpu=cortex-m4 -std=gnu11 -g3 -DDEBUG -DUSE_HAL_DRIVER -DSTM32G473xx -DTX_INCLUDE_USER_DEFINE_FILE -c -I../Core/Inc -I../Drivers/STM32G4xx_HAL_Driver/Inc -I../Drivers/STM32G4xx_HAL_Driver/Inc/Legacy -I../Drivers/CMSIS/Device/ST/STM32G4xx/Include -I../Drivers/CMSIS/Include -I../AZURE_RTOS/App -I../Middlewares/ST/threadx/common/inc/ -I../Middlewares/ST/threadx/ports/cortex_m4/gnu/inc/ -O0 -ffunction-sections -fdata-sections -Wall -fstack-usage -fcyclomatic-complexity -MMD -MP -MF"Drivers/STM32G4xx_HAL_Driver/Src/stm32g4xx_hal_tim.d" -MT"Drivers/STM32G4xx_HAL_Driver/Src/stm32g4xx_hal_tim.o" --specs=nano.specs -mfpu=fpv4-sp-d16 -mfloat-abi=hard -mthumb -o "Drivers/STM32G4xx_HAL_Driver/Src/stm32g4xx_hal_tim.o"
arm-none-eabi-gcc "../Drivers/STM32G4xx_HAL_Driver/Src/stm32g4xx_hal_tim_ex.c" -mcpu=cortex-m4 -std=gnu11 -g3 -DDEBUG -DUSE_HAL_DRIVER -DSTM32G473xx -DTX_INCLUDE_USER_DEFINE_FILE -c -I../Core/Inc -I../Drivers/STM32G4xx_HAL_Driver/Inc -I../Drivers/STM32G4xx_HAL_Driver/Inc/Legacy -I../Drivers/CMSIS/Device/ST/STM32G4xx/Include -I../Drivers/CMSIS/Include -I../AZURE_RTOS/App -I../Middlewares/ST/threadx/common/inc/ -I../Middlewares/ST/threadx/ports/cortex_m4/gnu/inc/ -O0 -ffunction-sections -fdata-sections -Wall -fstack-usage -fcyclomatic-complexity -MMD -MP -MF"Drivers/STM32G4xx_HAL_Driver/Src/stm32g4xx_hal_tim_ex.d" -MT"Drivers/STM32G4xx_HAL_Driver/Src/stm32g4xx_hal_tim_ex.o" --specs=nano.specs -mfpu=fpv4-sp-d16 -mfloat-abi=hard -mthumb -o "Drivers/STM32G4xx_HAL_Driver/Src/stm32g4xx_hal_tim_ex.o"
arm-none-eabi-gcc "../Drivers/STM32G4xx_HAL_Driver/Src/stm32g4xx_hal_uart.c" -mcpu=cortex-m4 -std=gnu11 -g3 -DDEBUG -DUSE_HAL_DRIVER -DSTM32G473xx -DTX_INCLUDE_USER_DEFINE_FILE -c -I../Core/Inc -I../Drivers/STM32G4xx_HAL_Driver/Inc -I../Drivers/STM32G4xx_HAL_Driver/Inc/Legacy -I../Drivers/CMSIS/Device/ST/STM32G4xx/Include -I../Drivers/CMSIS/Include -I../AZURE_RTOS/App -I../Middlewares/ST/threadx/common/inc/ -I../Middlewares/ST/threadx/ports/cortex_m4/gnu/inc/ -O0 -ffunction-sections -fdata-sections -Wall -fstack-usage -fcyclomatic-complexity -MMD -MP -MF"Drivers/STM32G4xx_HAL_Driver/Src/stm32g4xx_hal_uart.d" -MT"Drivers/STM32G4xx_HAL_Driver/Src/stm32g4xx_hal_uart.o" --specs=nano.specs -mfpu=fpv4-sp-d16 -mfloat-abi=hard -mthumb -o "Drivers/STM32G4xx_HAL_Driver/Src/stm32g4xx_hal_uart.o"
arm-none-eabi-gcc "../Drivers/STM32G4xx_HAL_Driver/Src/stm32g4xx_hal_uart_ex.c" -mcpu=cortex-m4 -std=gnu11 -g3 -DDEBUG -DUSE_HAL_DRIVER -DSTM32G473xx -DTX_INCLUDE_USER_DEFINE_FILE -c -I../Core/Inc -I../Drivers/STM32G4xx_HAL_Driver/Inc -I../Drivers/STM32G4xx_HAL_Driver/Inc/Legacy -I../Drivers/CMSIS/Device/ST/STM32G4xx/Include -I../Drivers/CMSIS/Include -I../AZURE_RTOS/App -I../Middlewares/ST/threadx/common/inc/ -I../Middlewares/ST/threadx/ports/cortex_m4/gnu/inc/ -O0 -ffunction-sections -fdata-sections -Wall -fstack-usage -fcyclomatic-complexity -MMD -MP -MF"Drivers/STM32G4xx_HAL_Driver/Src/stm32g4xx_hal_uart_ex.d" -MT"Drivers/STM32G4xx_HAL_Driver/Src/stm32g4xx_hal_uart_ex.o" --specs=nano.specs -mfpu=fpv4-sp-d16 -mfloat-abi=hard -mthumb -o "Drivers/STM32G4xx_HAL_Driver/Src/stm32g4xx_hal_uart_ex.o"
arm-none-eabi-gcc "../Drivers/STM32G4xx_HAL_Driver/Src/stm32g4xx_ll_adc.c" -mcpu=cortex-m4 -std=gnu11 -g3 -DDEBUG -DUSE_HAL_DRIVER -DSTM32G473xx -DTX_INCLUDE_USER_DEFINE_FILE -c -I../Core/Inc -I../Drivers/STM32G4xx_HAL_Driver/Inc -I../Drivers/STM32G4xx_HAL_Driver/Inc/Legacy -I../Drivers/CMSIS/Device/ST/STM32G4xx/Include -I../Drivers/CMSIS/Include -I../AZURE_RTOS/App -I../Middlewares/ST/threadx/common/inc/ -I../Middlewares/ST/threadx/ports/cortex_m4/gnu/inc/ -O0 -ffunction-sections -fdata-sections -Wall -fstack-usage -fcyclomatic-complexity -MMD -MP -MF"Drivers/STM32G4xx_HAL_Driver/Src/stm32g4xx_ll_adc.d" -MT"Drivers/STM32G4xx_HAL_Driver/Src/stm32g4xx_ll_adc.o" --specs=nano.specs -mfpu=fpv4-sp-d16 -mfloat-abi=hard -mthumb -o "Drivers/STM32G4xx_HAL_Driver/Src/stm32g4xx_ll_adc.o"
arm-none-eabi-gcc -mcpu=cortex-m4 -g3 -DDEBUG -c -x assembler-with-cpp -MMD -MP -MF"Core/Startup/startup_stm32g473cetx.d" -MT"Core/Startup/startup_stm32g473cetx.o" --specs=nano.specs -mfpu=fpv4-sp-d16 -mfloat-abi=hard -mthumb -o "Core/Startup/startup_stm32g473cetx.o" "../Core/Startup/startup_stm32g473cetx.s"
arm-none-eabi-gcc "../Core/Src/app_threadx.c" -mcpu=cortex-m4 -std=gnu11 -g3 -DDEBUG -DUSE_HAL_DRIVER -DSTM32G473xx -DTX_INCLUDE_USER_DEFINE_FILE -c -I../Core/Inc -I../Drivers/STM32G4xx_HAL_Driver/Inc -I../Drivers/STM32G4xx_HAL_Driver/Inc/Legacy -I../Drivers/CMSIS/Device/ST/STM32G4xx/Include -I../Drivers/CMSIS/Include -I../AZURE_RTOS/App -I../Middlewares/ST/threadx/common/inc/ -I../Middlewares/ST/threadx/ports/cortex_m4/gnu/inc/ -O0 -ffunction-sections -fdata-sections -Wall -fstack-usage -fcyclomatic-complexity -MMD -MP -MF"Core/Src/app_threadx.d" -MT"Core/Src/app_threadx.o" --specs=nano.specs -mfpu=fpv4-sp-d16 -mfloat-abi=hard -mthumb -o "Core/Src/app_threadx.o"
arm-none-eabi-gcc "../Core/Src/main.c" -mcpu=cortex-m4 -std=gnu11 -g3 -DDEBUG -DUSE_HAL_DRIVER -DSTM32G473xx -DTX_INCLUDE_USER_DEFINE_FILE -c -I../Core/Inc -I../Drivers/STM32G4xx_HAL_Driver/Inc -I../Drivers/STM32G4xx_HAL_Driver/Inc/Legacy -I../Drivers/CMSIS/Device/ST/STM32G4xx/Include -I../Drivers/CMSIS/Include -I../AZURE_RTOS/App -I../Middlewares/ST/threadx/common/inc/ -I../Middlewares/ST/threadx/ports/cortex_m4/gnu/inc/ -O0 -ffunction-sections -fdata-sections -Wall -fstack-usage -fcyclomatic-complexity -MMD -MP -MF"Core/Src/main.d" -MT"Core/Src/main.o" --specs=nano.specs -mfpu=fpv4-sp-d16 -mfloat-abi=hard -mthumb -o "Core/Src/main.o"
arm-none-eabi-gcc "../Core/Src/stm32g4xx_hal_msp.c" -mcpu=cortex-m4 -std=gnu11 -g3 -DDEBUG -DUSE_HAL_DRIVER -DSTM32G473xx -DTX_INCLUDE_USER_DEFINE_FILE -c -I../Core/Inc -I../Drivers/STM32G4xx_HAL_Driver/Inc -I../Drivers/STM32G4xx_HAL_Driver/Inc/Legacy -I../Drivers/CMSIS/Device/ST/STM32G4xx/Include -I../Drivers/CMSIS/Include -I../AZURE_RTOS/App -I../Middlewares/ST/threadx/common/inc/ -I../Middlewares/ST/threadx/ports/cortex_m4/gnu/inc/ -O0 -ffunction-sections -fdata-sections -Wall -fstack-usage -fcyclomatic-complexity -MMD -MP -MF"Core/Src/stm32g4xx_hal_msp.d" -MT"Core/Src/stm32g4xx_hal_msp.o" --specs=nano.specs -mfpu=fpv4-sp-d16 -mfloat-abi=hard -mthumb -o "Core/Src/stm32g4xx_hal_msp.o"
arm-none-eabi-gcc "../Core/Src/stm32g4xx_hal_timebase_tim.c" -mcpu=cortex-m4 -std=gnu11 -g3 -DDEBUG -DUSE_HAL_DRIVER -DSTM32G473xx -DTX_INCLUDE_USER_DEFINE_FILE -c -I../Core/Inc -I../Drivers/STM32G4xx_HAL_Driver/Inc -I../Drivers/STM32G4xx_HAL_Driver/Inc/Legacy -I../Drivers/CMSIS/Device/ST/STM32G4xx/Include -I../Drivers/CMSIS/Include -I../AZURE_RTOS/App -I../Middlewares/ST/threadx/common/inc/ -I../Middlewares/ST/threadx/ports/cortex_m4/gnu/inc/ -O0 -ffunction-sections -fdata-sections -Wall -fstack-usage -fcyclomatic-complexity -MMD -MP -MF"Core/Src/stm32g4xx_hal_timebase_tim.d" -MT"Core/Src/stm32g4xx_hal_timebase_tim.o" --specs=nano.specs -mfpu=fpv4-sp-d16 -mfloat-abi=hard -mthumb -o "Core/Src/stm32g4xx_hal_timebase_tim.o"
arm-none-eabi-gcc "../Core/Src/stm32g4xx_it.c" -mcpu=cortex-m4 -std=gnu11 -g3 -DDEBUG -DUSE_HAL_DRIVER -DSTM32G473xx -DTX_INCLUDE_USER_DEFINE_FILE -c -I../Core/Inc -I../Drivers/STM32G4xx_HAL_Driver/Inc -I../Drivers/STM32G4xx_HAL_Driver/Inc/Legacy -I../Drivers/CMSIS/Device/ST/STM32G4xx/Include -I../Drivers/CMSIS/Include -I../AZURE_RTOS/App -I../Middlewares/ST/threadx/common/inc/ -I../Middlewares/ST/threadx/ports/cortex_m4/gnu/inc/ -O0 -ffunction-sections -fdata-sections -Wall -fstack-usage -fcyclomatic-complexity -MMD -MP -MF"Core/Src/stm32g4xx_it.d" -MT"Core/Src/stm32g4xx_it.o" --specs=nano.specs -mfpu=fpv4-sp-d16 -mfloat-abi=hard -mthumb -o "Core/Src/stm32g4xx_it.o"
arm-none-eabi-gcc "../Core/Src/syscalls.c" -mcpu=cortex-m4 -std=gnu11 -g3 -DDEBUG -DUSE_HAL_DRIVER -DSTM32G473xx -DTX_INCLUDE_USER_DEFINE_FILE -c -I../Core/Inc -I../Drivers/STM32G4xx_HAL_Driver/Inc -I../Drivers/STM32G4xx_HAL_Driver/Inc/Legacy -I../Drivers/CMSIS/Device/ST/STM32G4xx/Include -I../Drivers/CMSIS/Include -I../AZURE_RTOS/App -I../Middlewares/ST/threadx/common/inc/ -I../Middlewares/ST/threadx/ports/cortex_m4/gnu/inc/ -O0 -ffunction-sections -fdata-sections -Wall -fstack-usage -fcyclomatic-complexity -MMD -MP -MF"Core/Src/syscalls.d" -MT"Core/Src/syscalls.o" --specs=nano.specs -mfpu=fpv4-sp-d16 -mfloat-abi=hard -mthumb -o "Core/Src/syscalls.o"
arm-none-eabi-gcc "../Core/Src/sysmem.c" -mcpu=cortex-m4 -std=gnu11 -g3 -DDEBUG -DUSE_HAL_DRIVER -DSTM32G473xx -DTX_INCLUDE_USER_DEFINE_FILE -c -I../Core/Inc -I../Drivers/STM32G4xx_HAL_Driver/Inc -I../Drivers/STM32G4xx_HAL_Driver/Inc/Legacy -I../Drivers/CMSIS/Device/ST/STM32G4xx/Include -I../Drivers/CMSIS/Include -I../AZURE_RTOS/App -I../Middlewares/ST/threadx/common/inc/ -I../Middlewares/ST/threadx/ports/cortex_m4/gnu/inc/ -O0 -ffunction-sections -fdata-sections -Wall -fstack-usage -fcyclomatic-complexity -MMD -MP -MF"Core/Src/sysmem.d" -MT"Core/Src/sysmem.o" --specs=nano.specs -mfpu=fpv4-sp-d16 -mfloat-abi=hard -mthumb -o "Core/Src/sysmem.o"
arm-none-eabi-gcc "../Core/Src/system_stm32g4xx.c" -mcpu=cortex-m4 -std=gnu11 -g3 -DDEBUG -DUSE_HAL_DRIVER -DSTM32G473xx -DTX_INCLUDE_USER_DEFINE_FILE -c -I../Core/Inc -I../Drivers/STM32G4xx_HAL_Driver/Inc -I../Drivers/STM32G4xx_HAL_Driver/Inc/Legacy -I../Drivers/CMSIS/Device/ST/STM32G4xx/Include -I../Drivers/CMSIS/Include -I../AZURE_RTOS/App -I../Middlewares/ST/threadx/common/inc/ -I../Middlewares/ST/threadx/ports/cortex_m4/gnu/inc/ -O0 -ffunction-sections -fdata-sections -Wall -fstack-usage -fcyclomatic-complexity -MMD -MP -MF"Core/Src/system_stm32g4xx.d" -MT"Core/Src/system_stm32g4xx.o" --specs=nano.specs -mfpu=fpv4-sp-d16 -mfloat-abi=hard -mthumb -o "Core/Src/system_stm32g4xx.o"
arm-none-eabi-gcc -mcpu=cortex-m4 -g3 -DDEBUG -c -x assembler-with-cpp -MMD -MP -MF"Core/Src/tx_initialize_low_level.d" -MT"Core/Src/tx_initialize_low_level.o" --specs=nano.specs -mfpu=fpv4-sp-d16 -mfloat-abi=hard -mthumb -o "Core/Src/tx_initialize_low_level.o" "../Core/Src/tx_initialize_low_level.S"
arm-none-eabi-gcc "../AZURE_RTOS/App/app_azure_rtos.c" -mcpu=cortex-m4 -std=gnu11 -g3 -DDEBUG -DUSE_HAL_DRIVER -DSTM32G473xx -DTX_INCLUDE_USER_DEFINE_FILE -c -I../Core/Inc -I../Drivers/STM32G4xx_HAL_Driver/Inc -I../Drivers/STM32G4xx_HAL_Driver/Inc/Legacy -I../Drivers/CMSIS/Device/ST/STM32G4xx/Include -I../Drivers/CMSIS/Include -I../AZURE_RTOS/App -I../Middlewares/ST/threadx/common/inc/ -I../Middlewares/ST/threadx/ports/cortex_m4/gnu/inc/ -O0 -ffunction-sections -fdata-sections -Wall -fstack-usage -fcyclomatic-complexity -MMD -MP -MF"AZURE_RTOS/App/app_azure_rtos.d" -MT"AZURE_RTOS/App/app_azure_rtos.o" --specs=nano.specs -mfpu=fpv4-sp-d16 -mfloat-abi=hard -mthumb -o "AZURE_RTOS/App/app_azure_rtos.o"
../Core/Src/stm32g4xx_it.c:25:10: fatal error: USART1_Dma.h: No such file or directory
   25 | #include <USART1_Dma.h>
      |          ^~~~~~~~~~~~~~
compilation terminated.
make: *** [Core/Src/subdir.mk:47: Core/Src/stm32g4xx_it.o] Error 1
make: *** Waiting for unfinished jobs....
"make -j12 all" terminated with exit code 2. Build might be incomplete.
10:54:39 **** Incremental Build of configuration Debug for project STM32G473CET6 ****
make -j12 all 
arm-none-eabi-gcc "../Core/Src/stm32g4xx_it.c" -mcpu=cortex-m4 -std=gnu11 -g3 -DDEBUG -DUSE_HAL_DRIVER -DSTM32G473xx -DTX_INCLUDE_USER_DEFINE_FILE -c -I../Core/Inc -I../Drivers/STM32G4xx_HAL_Driver/Inc -I../Drivers/STM32G4xx_HAL_Driver/Inc/Legacy -I../Drivers/CMSIS/Device/ST/STM32G4xx/Include -I../Drivers/CMSIS/Include -I../AZURE_RTOS/App -I../Middlewares/ST/threadx/common/inc/ -I../Middlewares/ST/threadx/ports/cortex_m4/gnu/inc/ -O0 -ffunction-sections -fdata-sections -Wall -fstack-usage -fcyclomatic-complexity -MMD -MP -MF"Core/Src/stm32g4xx_it.d" -MT"Core/Src/stm32g4xx_it.o" --specs=nano.specs -mfpu=fpv4-sp-d16 -mfloat-abi=hard -mthumb -o "Core/Src/stm32g4xx_it.o"
../Core/Src/stm32g4xx_it.c:25:10: fatal error: USART1_Dma.h: No such file or directory
   25 | #include <USART1_Dma.h>
      |          ^~~~~~~~~~~~~~
compilation terminated.
make: *** [Core/Src/subdir.mk:47: Core/Src/stm32g4xx_it.o] Error 1
"make -j12 all" terminated with exit code 2. Build might be incomplete.
10:56:08 **** Incremental Build of configuration Debug for project STM32G473CET6 ****
make -j12 all 
arm-none-eabi-gcc "../Core/Src/stm32g4xx_it.c" -mcpu=cortex-m4 -std=gnu11 -g3 -DDEBUG -DUSE_HAL_DRIVER -DSTM32G473xx -DTX_INCLUDE_USER_DEFINE_FILE -c -I../Core/Inc -I../Drivers/STM32G4xx_HAL_Driver/Inc -I../Drivers/STM32G4xx_HAL_Driver/Inc/Legacy -I../Drivers/CMSIS/Device/ST/STM32G4xx/Include -I../Drivers/CMSIS/Include -I../AZURE_RTOS/App -I../Middlewares/ST/threadx/common/inc/ -I../Middlewares/ST/threadx/ports/cortex_m4/gnu/inc/ -O0 -ffunction-sections -fdata-sections -Wall -fstack-usage -fcyclomatic-complexity -MMD -MP -MF"Core/Src/stm32g4xx_it.d" -MT"Core/Src/stm32g4xx_it.o" --specs=nano.specs -mfpu=fpv4-sp-d16 -mfloat-abi=hard -mthumb -o "Core/Src/stm32g4xx_it.o"
../Core/Src/stm32g4xx_it.c:25:10: fatal error: USART1_Dma.h: No such file or directory
   25 | #include <USART1_Dma.h>
      |          ^~~~~~~~~~~~~~
compilation terminated.
make: *** [Core/Src/subdir.mk:47: Core/Src/stm32g4xx_it.o] Error 1
"make -j12 all" terminated with exit code 2. Build might be incomplete.
18:56:58 **** Build of configuration Debug for project STM32G473CET6 ****
make -j12 all 
arm-none-eabi-gcc "../Core/Src/stm32g4xx_hal_msp.c" -mcpu=cortex-m4 -std=gnu11 -g3 -DDEBUG -DUSE_HAL_DRIVER -DSTM32G473xx -DTX_INCLUDE_USER_DEFINE_FILE -c -I../Core/Inc -I../Drivers/STM32G4xx_HAL_Driver/Inc -I../Drivers/STM32G4xx_HAL_Driver/Inc/Legacy -I../Drivers/CMSIS/Device/ST/STM32G4xx/Include -I../Drivers/CMSIS/Include -I../AZURE_RTOS/App -I../Middlewares/ST/threadx/common/inc/ -I../Middlewares/ST/threadx/ports/cortex_m4/gnu/inc/ -O0 -ffunction-sections -fdata-sections -Wall -fstack-usage -fcyclomatic-complexity -MMD -MP -MF"Core/Src/stm32g4xx_hal_msp.d" -MT"Core/Src/stm32g4xx_hal_msp.o" --specs=nano.specs -mfpu=fpv4-sp-d16 -mfloat-abi=hard -mthumb -o "Core/Src/stm32g4xx_hal_msp.o"
arm-none-eabi-gcc "../Core/Src/stm32g4xx_it.c" -mcpu=cortex-m4 -std=gnu11 -g3 -DDEBUG -DUSE_HAL_DRIVER -DSTM32G473xx -DTX_INCLUDE_USER_DEFINE_FILE -c -I../Core/Inc -I../Drivers/STM32G4xx_HAL_Driver/Inc -I../Drivers/STM32G4xx_HAL_Driver/Inc/Legacy -I../Drivers/CMSIS/Device/ST/STM32G4xx/Include -I../Drivers/CMSIS/Include -I../AZURE_RTOS/App -I../Middlewares/ST/threadx/common/inc/ -I../Middlewares/ST/threadx/ports/cortex_m4/gnu/inc/ -O0 -ffunction-sections -fdata-sections -Wall -fstack-usage -fcyclomatic-complexity -MMD -MP -MF"Core/Src/stm32g4xx_it.d" -MT"Core/Src/stm32g4xx_it.o" --specs=nano.specs -mfpu=fpv4-sp-d16 -mfloat-abi=hard -mthumb -o "Core/Src/stm32g4xx_it.o"
../Core/Src/stm32g4xx_it.c:25:10: fatal error: USART1_Dma.h: No such file or directory
   25 | #include <USART1_Dma.h>
      |          ^~~~~~~~~~~~~~
compilation terminated.
make: *** [Core/Src/subdir.mk:47: Core/Src/stm32g4xx_it.o] Error 1
make: *** Waiting for unfinished jobs....
"make -j12 all" terminated with exit code 2. Build might be incomplete.
18:58:39 **** Incremental Build of configuration Debug for project STM32G473CET6 ****
make -j12 all 
arm-none-eabi-gcc "../Core/Src/stm32g4xx_it.c" -mcpu=cortex-m4 -std=gnu11 -g3 -DDEBUG -DUSE_HAL_DRIVER -DSTM32G473xx -DTX_INCLUDE_USER_DEFINE_FILE -c -I../Core/Inc -I../Drivers/STM32G4xx_HAL_Driver/Inc -I../Drivers/STM32G4xx_HAL_Driver/Inc/Legacy -I../Drivers/CMSIS/Device/ST/STM32G4xx/Include -I../Drivers/CMSIS/Include -I../AZURE_RTOS/App -I../Middlewares/ST/threadx/common/inc/ -I../Middlewares/ST/threadx/ports/cortex_m4/gnu/inc/ -O0 -ffunction-sections -fdata-sections -Wall -fstack-usage -fcyclomatic-complexity -MMD -MP -MF"Core/Src/stm32g4xx_it.d" -MT"Core/Src/stm32g4xx_it.o" --specs=nano.specs -mfpu=fpv4-sp-d16 -mfloat-abi=hard -mthumb -o "Core/Src/stm32g4xx_it.o"
../Core/Src/stm32g4xx_it.c:25:10: fatal error: USART1_Dma.h: No such file or directory
   25 | #include <USART1_Dma.h>
      |          ^~~~~~~~~~~~~~
compilation terminated.
make: *** [Core/Src/subdir.mk:47: Core/Src/stm32g4xx_it.o] Error 1
"make -j12 all" terminated with exit code 2. Build might be incomplete.
19:01:52 **** Incremental Build of configuration Debug for project STM32G473CET6 ****
make -j12 all 
arm-none-eabi-gcc "../Core/Src/main.c" -mcpu=cortex-m4 -std=gnu11 -g3 -DDEBUG -DUSE_HAL_DRIVER -DSTM32G473xx -DTX_INCLUDE_USER_DEFINE_FILE -c -I../Core/Inc -I../Drivers/STM32G4xx_HAL_Driver/Inc -I../Drivers/STM32G4xx_HAL_Driver/Inc/Legacy -I../Drivers/CMSIS/Device/ST/STM32G4xx/Include -I../Drivers/CMSIS/Include -I../AZURE_RTOS/App -I../Middlewares/ST/threadx/common/inc/ -I../Middlewares/ST/threadx/ports/cortex_m4/gnu/inc/ -O0 -ffunction-sections -fdata-sections -Wall -fstack-usage -fcyclomatic-complexity -MMD -MP -MF"Core/Src/main.d" -MT"Core/Src/main.o" --specs=nano.specs -mfpu=fpv4-sp-d16 -mfloat-abi=hard -mthumb -o "Core/Src/main.o"
arm-none-eabi-gcc "../Core/Src/stm32g4xx_it.c" -mcpu=cortex-m4 -std=gnu11 -g3 -DDEBUG -DUSE_HAL_DRIVER -DSTM32G473xx -DTX_INCLUDE_USER_DEFINE_FILE -c -I../Core/Inc -I../Drivers/STM32G4xx_HAL_Driver/Inc -I../Drivers/STM32G4xx_HAL_Driver/Inc/Legacy -I../Drivers/CMSIS/Device/ST/STM32G4xx/Include -I../Drivers/CMSIS/Include -I../AZURE_RTOS/App -I../Middlewares/ST/threadx/common/inc/ -I../Middlewares/ST/threadx/ports/cortex_m4/gnu/inc/ -O0 -ffunction-sections -fdata-sections -Wall -fstack-usage -fcyclomatic-complexity -MMD -MP -MF"Core/Src/stm32g4xx_it.d" -MT"Core/Src/stm32g4xx_it.o" --specs=nano.specs -mfpu=fpv4-sp-d16 -mfloat-abi=hard -mthumb -o "Core/Src/stm32g4xx_it.o"
../Core/Src/stm32g4xx_it.c:25:10: fatal error: USART1_Dma.h: No such file or directory
   25 | #include <USART1_Dma.h>
      |          ^~~~~~~~~~~~~~
compilation terminated.
make: *** [Core/Src/subdir.mk:47: Core/Src/stm32g4xx_it.o] Error 1
make: *** Waiting for unfinished jobs....
"make -j12 all" terminated with exit code 2. Build might be incomplete.
19:05:45 **** Incremental Build of configuration Debug for project STM32G473CET6 ****
make -j12 all 
arm-none-eabi-gcc "../Core/Src/stm32g4xx_it.c" -mcpu=cortex-m4 -std=gnu11 -g3 -DDEBUG -DUSE_HAL_DRIVER -DSTM32G473xx -DTX_INCLUDE_USER_DEFINE_FILE -c -I../Core/Inc -I../Drivers/STM32G4xx_HAL_Driver/Inc -I../Drivers/STM32G4xx_HAL_Driver/Inc/Legacy -I../Drivers/CMSIS/Device/ST/STM32G4xx/Include -I../Drivers/CMSIS/Include -I../AZURE_RTOS/App -I../Middlewares/ST/threadx/common/inc/ -I../Middlewares/ST/threadx/ports/cortex_m4/gnu/inc/ -O0 -ffunction-sections -fdata-sections -Wall -fstack-usage -fcyclomatic-complexity -MMD -MP -MF"Core/Src/stm32g4xx_it.d" -MT"Core/Src/stm32g4xx_it.o" --specs=nano.specs -mfpu=fpv4-sp-d16 -mfloat-abi=hard -mthumb -o "Core/Src/stm32g4xx_it.o"
../Core/Src/stm32g4xx_it.c:25:10: fatal error: USART1_Dma.h: No such file or directory
   25 | #include <USART1_Dma.h>
      |          ^~~~~~~~~~~~~~
compilation terminated.
make: *** [Core/Src/subdir.mk:47: Core/Src/stm32g4xx_it.o] Error 1
"make -j12 all" terminated with exit code 2. Build might be incomplete.
21:45:54 **** Incremental Build of configuration Debug for project STM32G473CET6 ****
make -j12 all 
arm-none-eabi-gcc "../Core/Src/stm32g4xx_it.c" -mcpu=cortex-m4 -std=gnu11 -g3 -DDEBUG -DUSE_HAL_DRIVER -DSTM32G473xx -DTX_INCLUDE_USER_DEFINE_FILE -c -I../Core/Inc -I../Drivers/STM32G4xx_HAL_Driver/Inc -I../Drivers/STM32G4xx_HAL_Driver/Inc/Legacy -I../Drivers/CMSIS/Device/ST/STM32G4xx/Include -I../Drivers/CMSIS/Include -I../AZURE_RTOS/App -I../Middlewares/ST/threadx/common/inc/ -I../Middlewares/ST/threadx/ports/cortex_m4/gnu/inc/ -O0 -ffunction-sections -fdata-sections -Wall -fstack-usage -fcyclomatic-complexity -MMD -MP -MF"Core/Src/stm32g4xx_it.d" -MT"Core/Src/stm32g4xx_it.o" --specs=nano.specs -mfpu=fpv4-sp-d16 -mfloat-abi=hard -mthumb -o "Core/Src/stm32g4xx_it.o"
../Core/Src/stm32g4xx_it.c:25:10: fatal error: USART1_Dma.h: No such file or directory
   25 | #include <USART1_Dma.h>
      |          ^~~~~~~~~~~~~~
compilation terminated.
make: *** [Core/Src/subdir.mk:47: Core/Src/stm32g4xx_it.o] Error 1
"make -j12 all" terminated with exit code 2. Build might be incomplete.
23:14:50 **** Build of configuration Debug for project STM32G473CET6 ****
make -j12 all 
arm-none-eabi-gcc "../Core/Src/stm32g4xx_it.c" -mcpu=cortex-m4 -std=gnu11 -g3 -DDEBUG -DUSE_HAL_DRIVER -DSTM32G473xx -DTX_INCLUDE_USER_DEFINE_FILE -c -I../Core/Inc -I../Drivers/STM32G4xx_HAL_Driver/Inc -I../Drivers/STM32G4xx_HAL_Driver/Inc/Legacy -I../Drivers/CMSIS/Device/ST/STM32G4xx/Include -I../Drivers/CMSIS/Include -I../AZURE_RTOS/App -I../Middlewares/ST/threadx/common/inc/ -I../Middlewares/ST/threadx/ports/cortex_m4/gnu/inc/ -O0 -ffunction-sections -fdata-sections -Wall -fstack-usage -fcyclomatic-complexity -MMD -MP -MF"Core/Src/stm32g4xx_it.d" -MT"Core/Src/stm32g4xx_it.o" --specs=nano.specs -mfpu=fpv4-sp-d16 -mfloat-abi=hard -mthumb -o "Core/Src/stm32g4xx_it.o"
../Core/Src/stm32g4xx_it.c:25:10: fatal error: USART1_Dma.h: No such file or directory
   25 | #include <USART1_Dma.h>
      |          ^~~~~~~~~~~~~~
compilation terminated.
make: *** [Core/Src/subdir.mk:47: Core/Src/stm32g4xx_it.o] Error 1
"make -j12 all" terminated with exit code 2. Build might be incomplete.
22:25:22 **** Build of configuration Debug for project STM32G473CET6 ****
make -j12 all 
arm-none-eabi-gcc "../Core/Src/stm32g4xx_it.c" -mcpu=cortex-m4 -std=gnu11 -g3 -DDEBUG -DUSE_HAL_DRIVER -DSTM32G473xx -DTX_INCLUDE_USER_DEFINE_FILE -c -I../Core/Inc -I../Drivers/STM32G4xx_HAL_Driver/Inc -I../Drivers/STM32G4xx_HAL_Driver/Inc/Legacy -I../Drivers/CMSIS/Device/ST/STM32G4xx/Include -I../Drivers/CMSIS/Include -I../AZURE_RTOS/App -I../Middlewares/ST/threadx/common/inc/ -I../Middlewares/ST/threadx/ports/cortex_m4/gnu/inc/ -O0 -ffunction-sections -fdata-sections -Wall -fstack-usage -fcyclomatic-complexity -MMD -MP -MF"Core/Src/stm32g4xx_it.d" -MT"Core/Src/stm32g4xx_it.o" --specs=nano.specs -mfpu=fpv4-sp-d16 -mfloat-abi=hard -mthumb -o "Core/Src/stm32g4xx_it.o"
../Core/Src/stm32g4xx_it.c:25:10: fatal error: USART1_Dma.h: No such file or directory
   25 | #include <USART1_Dma.h>
      |          ^~~~~~~~~~~~~~
compilation terminated.
make: *** [Core/Src/subdir.mk:47: Core/Src/stm32g4xx_it.o] Error 1
"make -j12 all" terminated with exit code 2. Build might be incomplete.
22:29:24 **** Build of configuration Debug for project STM32G474RET6 ****
make -j12 all 
arm-none-eabi-gcc -mcpu=cortex-m4 -g3 -DDEBUG -c -x assembler-with-cpp -MMD -MP -MF"Middlewares/ST/threadx/ports/cortex_m4/gnu/src/tx_thread_context_restore.d" -MT"Middlewares/ST/threadx/ports/cortex_m4/gnu/src/tx_thread_context_restore.o" --specs=nano.specs -mfpu=fpv4-sp-d16 -mfloat-abi=hard -mthumb -o "Middlewares/ST/threadx/ports/cortex_m4/gnu/src/tx_thread_context_restore.o" "../Middlewares/ST/threadx/ports/cortex_m4/gnu/src/tx_thread_context_restore.S"
arm-none-eabi-gcc -mcpu=cortex-m4 -g3 -DDEBUG -c -x assembler-with-cpp -MMD -MP -MF"Middlewares/ST/threadx/ports/cortex_m4/gnu/src/tx_thread_context_save.d" -MT"Middlewares/ST/threadx/ports/cortex_m4/gnu/src/tx_thread_context_save.o" --specs=nano.specs -mfpu=fpv4-sp-d16 -mfloat-abi=hard -mthumb -o "Middlewares/ST/threadx/ports/cortex_m4/gnu/src/tx_thread_context_save.o" "../Middlewares/ST/threadx/ports/cortex_m4/gnu/src/tx_thread_context_save.S"
arm-none-eabi-gcc -mcpu=cortex-m4 -g3 -DDEBUG -c -x assembler-with-cpp -MMD -MP -MF"Middlewares/ST/threadx/ports/cortex_m4/gnu/src/tx_thread_interrupt_control.d" -MT"Middlewares/ST/threadx/ports/cortex_m4/gnu/src/tx_thread_interrupt_control.o" --specs=nano.specs -mfpu=fpv4-sp-d16 -mfloat-abi=hard -mthumb -o "Middlewares/ST/threadx/ports/cortex_m4/gnu/src/tx_thread_interrupt_control.o" "../Middlewares/ST/threadx/ports/cortex_m4/gnu/src/tx_thread_interrupt_control.S"
arm-none-eabi-gcc -mcpu=cortex-m4 -g3 -DDEBUG -c -x assembler-with-cpp -MMD -MP -MF"Middlewares/ST/threadx/ports/cortex_m4/gnu/src/tx_thread_interrupt_disable.d" -MT"Middlewares/ST/threadx/ports/cortex_m4/gnu/src/tx_thread_interrupt_disable.o" --specs=nano.specs -mfpu=fpv4-sp-d16 -mfloat-abi=hard -mthumb -o "Middlewares/ST/threadx/ports/cortex_m4/gnu/src/tx_thread_interrupt_disable.o" "../Middlewares/ST/threadx/ports/cortex_m4/gnu/src/tx_thread_interrupt_disable.S"
arm-none-eabi-gcc -mcpu=cortex-m4 -g3 -DDEBUG -c -x assembler-with-cpp -MMD -MP -MF"Middlewares/ST/threadx/ports/cortex_m4/gnu/src/tx_thread_interrupt_restore.d" -MT"Middlewares/ST/threadx/ports/cortex_m4/gnu/src/tx_thread_interrupt_restore.o" --specs=nano.specs -mfpu=fpv4-sp-d16 -mfloat-abi=hard -mthumb -o "Middlewares/ST/threadx/ports/cortex_m4/gnu/src/tx_thread_interrupt_restore.o" "../Middlewares/ST/threadx/ports/cortex_m4/gnu/src/tx_thread_interrupt_restore.S"
arm-none-eabi-gcc -mcpu=cortex-m4 -g3 -DDEBUG -c -x assembler-with-cpp -MMD -MP -MF"Middlewares/ST/threadx/ports/cortex_m4/gnu/src/tx_thread_schedule.d" -MT"Middlewares/ST/threadx/ports/cortex_m4/gnu/src/tx_thread_schedule.o" --specs=nano.specs -mfpu=fpv4-sp-d16 -mfloat-abi=hard -mthumb -o "Middlewares/ST/threadx/ports/cortex_m4/gnu/src/tx_thread_schedule.o" "../Middlewares/ST/threadx/ports/cortex_m4/gnu/src/tx_thread_schedule.S"
arm-none-eabi-gcc -mcpu=cortex-m4 -g3 -DDEBUG -c -x assembler-with-cpp -MMD -MP -MF"Middlewares/ST/threadx/ports/cortex_m4/gnu/src/tx_thread_stack_build.d" -MT"Middlewares/ST/threadx/ports/cortex_m4/gnu/src/tx_thread_stack_build.o" --specs=nano.specs -mfpu=fpv4-sp-d16 -mfloat-abi=hard -mthumb -o "Middlewares/ST/threadx/ports/cortex_m4/gnu/src/tx_thread_stack_build.o" "../Middlewares/ST/threadx/ports/cortex_m4/gnu/src/tx_thread_stack_build.S"
arm-none-eabi-gcc -mcpu=cortex-m4 -g3 -DDEBUG -c -x assembler-with-cpp -MMD -MP -MF"Middlewares/ST/threadx/ports/cortex_m4/gnu/src/tx_thread_system_return.d" -MT"Middlewares/ST/threadx/ports/cortex_m4/gnu/src/tx_thread_system_return.o" --specs=nano.specs -mfpu=fpv4-sp-d16 -mfloat-abi=hard -mthumb -o "Middlewares/ST/threadx/ports/cortex_m4/gnu/src/tx_thread_system_return.o" "../Middlewares/ST/threadx/ports/cortex_m4/gnu/src/tx_thread_system_return.S"
arm-none-eabi-gcc -mcpu=cortex-m4 -g3 -DDEBUG -c -x assembler-with-cpp -MMD -MP -MF"Middlewares/ST/threadx/ports/cortex_m4/gnu/src/tx_timer_interrupt.d" -MT"Middlewares/ST/threadx/ports/cortex_m4/gnu/src/tx_timer_interrupt.o" --specs=nano.specs -mfpu=fpv4-sp-d16 -mfloat-abi=hard -mthumb -o "Middlewares/ST/threadx/ports/cortex_m4/gnu/src/tx_timer_interrupt.o" "../Middlewares/ST/threadx/ports/cortex_m4/gnu/src/tx_timer_interrupt.S"
arm-none-eabi-gcc "../Middlewares/ST/threadx/common/src/tx_block_allocate.c" -mcpu=cortex-m4 -std=gnu11 -g3 -DDEBUG -DUSE_HAL_DRIVER -DSTM32G474xx -DTX_INCLUDE_USER_DEFINE_FILE -c -I../Core/Inc -I../Drivers/STM32G4xx_HAL_Driver/Inc -I../Drivers/STM32G4xx_HAL_Driver/Inc/Legacy -I../Drivers/CMSIS/Device/ST/STM32G4xx/Include -I../Drivers/CMSIS/Include -I../AZURE_RTOS/App -I../Middlewares/ST/threadx/common/inc/ -I../Middlewares/ST/threadx/ports/cortex_m4/gnu/inc/ -O0 -ffunction-sections -fdata-sections -Wall -fstack-usage -fcyclomatic-complexity -MMD -MP -MF"Middlewares/ST/threadx/common/src/tx_block_allocate.d" -MT"Middlewares/ST/threadx/common/src/tx_block_allocate.o" --specs=nano.specs -mfpu=fpv4-sp-d16 -mfloat-abi=hard -mthumb -o "Middlewares/ST/threadx/common/src/tx_block_allocate.o"
arm-none-eabi-gcc "../Middlewares/ST/threadx/common/src/tx_block_pool_cleanup.c" -mcpu=cortex-m4 -std=gnu11 -g3 -DDEBUG -DUSE_HAL_DRIVER -DSTM32G474xx -DTX_INCLUDE_USER_DEFINE_FILE -c -I../Core/Inc -I../Drivers/STM32G4xx_HAL_Driver/Inc -I../Drivers/STM32G4xx_HAL_Driver/Inc/Legacy -I../Drivers/CMSIS/Device/ST/STM32G4xx/Include -I../Drivers/CMSIS/Include -I../AZURE_RTOS/App -I../Middlewares/ST/threadx/common/inc/ -I../Middlewares/ST/threadx/ports/cortex_m4/gnu/inc/ -O0 -ffunction-sections -fdata-sections -Wall -fstack-usage -fcyclomatic-complexity -MMD -MP -MF"Middlewares/ST/threadx/common/src/tx_block_pool_cleanup.d" -MT"Middlewares/ST/threadx/common/src/tx_block_pool_cleanup.o" --specs=nano.specs -mfpu=fpv4-sp-d16 -mfloat-abi=hard -mthumb -o "Middlewares/ST/threadx/common/src/tx_block_pool_cleanup.o"
arm-none-eabi-gcc "../Middlewares/ST/threadx/common/src/tx_block_pool_create.c" -mcpu=cortex-m4 -std=gnu11 -g3 -DDEBUG -DUSE_HAL_DRIVER -DSTM32G474xx -DTX_INCLUDE_USER_DEFINE_FILE -c -I../Core/Inc -I../Drivers/STM32G4xx_HAL_Driver/Inc -I../Drivers/STM32G4xx_HAL_Driver/Inc/Legacy -I../Drivers/CMSIS/Device/ST/STM32G4xx/Include -I../Drivers/CMSIS/Include -I../AZURE_RTOS/App -I../Middlewares/ST/threadx/common/inc/ -I../Middlewares/ST/threadx/ports/cortex_m4/gnu/inc/ -O0 -ffunction-sections -fdata-sections -Wall -fstack-usage -fcyclomatic-complexity -MMD -MP -MF"Middlewares/ST/threadx/common/src/tx_block_pool_create.d" -MT"Middlewares/ST/threadx/common/src/tx_block_pool_create.o" --specs=nano.specs -mfpu=fpv4-sp-d16 -mfloat-abi=hard -mthumb -o "Middlewares/ST/threadx/common/src/tx_block_pool_create.o"
arm-none-eabi-gcc "../Middlewares/ST/threadx/common/src/tx_block_pool_delete.c" -mcpu=cortex-m4 -std=gnu11 -g3 -DDEBUG -DUSE_HAL_DRIVER -DSTM32G474xx -DTX_INCLUDE_USER_DEFINE_FILE -c -I../Core/Inc -I../Drivers/STM32G4xx_HAL_Driver/Inc -I../Drivers/STM32G4xx_HAL_Driver/Inc/Legacy -I../Drivers/CMSIS/Device/ST/STM32G4xx/Include -I../Drivers/CMSIS/Include -I../AZURE_RTOS/App -I../Middlewares/ST/threadx/common/inc/ -I../Middlewares/ST/threadx/ports/cortex_m4/gnu/inc/ -O0 -ffunction-sections -fdata-sections -Wall -fstack-usage -fcyclomatic-complexity -MMD -MP -MF"Middlewares/ST/threadx/common/src/tx_block_pool_delete.d" -MT"Middlewares/ST/threadx/common/src/tx_block_pool_delete.o" --specs=nano.specs -mfpu=fpv4-sp-d16 -mfloat-abi=hard -mthumb -o "Middlewares/ST/threadx/common/src/tx_block_pool_delete.o"
arm-none-eabi-gcc "../Middlewares/ST/threadx/common/src/tx_block_pool_info_get.c" -mcpu=cortex-m4 -std=gnu11 -g3 -DDEBUG -DUSE_HAL_DRIVER -DSTM32G474xx -DTX_INCLUDE_USER_DEFINE_FILE -c -I../Core/Inc -I../Drivers/STM32G4xx_HAL_Driver/Inc -I../Drivers/STM32G4xx_HAL_Driver/Inc/Legacy -I../Drivers/CMSIS/Device/ST/STM32G4xx/Include -I../Drivers/CMSIS/Include -I../AZURE_RTOS/App -I../Middlewares/ST/threadx/common/inc/ -I../Middlewares/ST/threadx/ports/cortex_m4/gnu/inc/ -O0 -ffunction-sections -fdata-sections -Wall -fstack-usage -fcyclomatic-complexity -MMD -MP -MF"Middlewares/ST/threadx/common/src/tx_block_pool_info_get.d" -MT"Middlewares/ST/threadx/common/src/tx_block_pool_info_get.o" --specs=nano.specs -mfpu=fpv4-sp-d16 -mfloat-abi=hard -mthumb -o "Middlewares/ST/threadx/common/src/tx_block_pool_info_get.o"
arm-none-eabi-gcc "../Middlewares/ST/threadx/common/src/tx_block_pool_initialize.c" -mcpu=cortex-m4 -std=gnu11 -g3 -DDEBUG -DUSE_HAL_DRIVER -DSTM32G474xx -DTX_INCLUDE_USER_DEFINE_FILE -c -I../Core/Inc -I../Drivers/STM32G4xx_HAL_Driver/Inc -I../Drivers/STM32G4xx_HAL_Driver/Inc/Legacy -I../Drivers/CMSIS/Device/ST/STM32G4xx/Include -I../Drivers/CMSIS/Include -I../AZURE_RTOS/App -I../Middlewares/ST/threadx/common/inc/ -I../Middlewares/ST/threadx/ports/cortex_m4/gnu/inc/ -O0 -ffunction-sections -fdata-sections -Wall -fstack-usage -fcyclomatic-complexity -MMD -MP -MF"Middlewares/ST/threadx/common/src/tx_block_pool_initialize.d" -MT"Middlewares/ST/threadx/common/src/tx_block_pool_initialize.o" --specs=nano.specs -mfpu=fpv4-sp-d16 -mfloat-abi=hard -mthumb -o "Middlewares/ST/threadx/common/src/tx_block_pool_initialize.o"
arm-none-eabi-gcc "../Middlewares/ST/threadx/common/src/tx_block_pool_prioritize.c" -mcpu=cortex-m4 -std=gnu11 -g3 -DDEBUG -DUSE_HAL_DRIVER -DSTM32G474xx -DTX_INCLUDE_USER_DEFINE_FILE -c -I../Core/Inc -I../Drivers/STM32G4xx_HAL_Driver/Inc -I../Drivers/STM32G4xx_HAL_Driver/Inc/Legacy -I../Drivers/CMSIS/Device/ST/STM32G4xx/Include -I../Drivers/CMSIS/Include -I../AZURE_RTOS/App -I../Middlewares/ST/threadx/common/inc/ -I../Middlewares/ST/threadx/ports/cortex_m4/gnu/inc/ -O0 -ffunction-sections -fdata-sections -Wall -fstack-usage -fcyclomatic-complexity -MMD -MP -MF"Middlewares/ST/threadx/common/src/tx_block_pool_prioritize.d" -MT"Middlewares/ST/threadx/common/src/tx_block_pool_prioritize.o" --specs=nano.specs -mfpu=fpv4-sp-d16 -mfloat-abi=hard -mthumb -o "Middlewares/ST/threadx/common/src/tx_block_pool_prioritize.o"
arm-none-eabi-gcc "../Middlewares/ST/threadx/common/src/tx_block_release.c" -mcpu=cortex-m4 -std=gnu11 -g3 -DDEBUG -DUSE_HAL_DRIVER -DSTM32G474xx -DTX_INCLUDE_USER_DEFINE_FILE -c -I../Core/Inc -I../Drivers/STM32G4xx_HAL_Driver/Inc -I../Drivers/STM32G4xx_HAL_Driver/Inc/Legacy -I../Drivers/CMSIS/Device/ST/STM32G4xx/Include -I../Drivers/CMSIS/Include -I../AZURE_RTOS/App -I../Middlewares/ST/threadx/common/inc/ -I../Middlewares/ST/threadx/ports/cortex_m4/gnu/inc/ -O0 -ffunction-sections -fdata-sections -Wall -fstack-usage -fcyclomatic-complexity -MMD -MP -MF"Middlewares/ST/threadx/common/src/tx_block_release.d" -MT"Middlewares/ST/threadx/common/src/tx_block_release.o" --specs=nano.specs -mfpu=fpv4-sp-d16 -mfloat-abi=hard -mthumb -o "Middlewares/ST/threadx/common/src/tx_block_release.o"
arm-none-eabi-gcc "../Middlewares/ST/threadx/common/src/tx_byte_allocate.c" -mcpu=cortex-m4 -std=gnu11 -g3 -DDEBUG -DUSE_HAL_DRIVER -DSTM32G474xx -DTX_INCLUDE_USER_DEFINE_FILE -c -I../Core/Inc -I../Drivers/STM32G4xx_HAL_Driver/Inc -I../Drivers/STM32G4xx_HAL_Driver/Inc/Legacy -I../Drivers/CMSIS/Device/ST/STM32G4xx/Include -I../Drivers/CMSIS/Include -I../AZURE_RTOS/App -I../Middlewares/ST/threadx/common/inc/ -I../Middlewares/ST/threadx/ports/cortex_m4/gnu/inc/ -O0 -ffunction-sections -fdata-sections -Wall -fstack-usage -fcyclomatic-complexity -MMD -MP -MF"Middlewares/ST/threadx/common/src/tx_byte_allocate.d" -MT"Middlewares/ST/threadx/common/src/tx_byte_allocate.o" --specs=nano.specs -mfpu=fpv4-sp-d16 -mfloat-abi=hard -mthumb -o "Middlewares/ST/threadx/common/src/tx_byte_allocate.o"
arm-none-eabi-gcc "../Middlewares/ST/threadx/common/src/tx_byte_pool_cleanup.c" -mcpu=cortex-m4 -std=gnu11 -g3 -DDEBUG -DUSE_HAL_DRIVER -DSTM32G474xx -DTX_INCLUDE_USER_DEFINE_FILE -c -I../Core/Inc -I../Drivers/STM32G4xx_HAL_Driver/Inc -I../Drivers/STM32G4xx_HAL_Driver/Inc/Legacy -I../Drivers/CMSIS/Device/ST/STM32G4xx/Include -I../Drivers/CMSIS/Include -I../AZURE_RTOS/App -I../Middlewares/ST/threadx/common/inc/ -I../Middlewares/ST/threadx/ports/cortex_m4/gnu/inc/ -O0 -ffunction-sections -fdata-sections -Wall -fstack-usage -fcyclomatic-complexity -MMD -MP -MF"Middlewares/ST/threadx/common/src/tx_byte_pool_cleanup.d" -MT"Middlewares/ST/threadx/common/src/tx_byte_pool_cleanup.o" --specs=nano.specs -mfpu=fpv4-sp-d16 -mfloat-abi=hard -mthumb -o "Middlewares/ST/threadx/common/src/tx_byte_pool_cleanup.o"
arm-none-eabi-gcc "../Middlewares/ST/threadx/common/src/tx_byte_pool_create.c" -mcpu=cortex-m4 -std=gnu11 -g3 -DDEBUG -DUSE_HAL_DRIVER -DSTM32G474xx -DTX_INCLUDE_USER_DEFINE_FILE -c -I../Core/Inc -I../Drivers/STM32G4xx_HAL_Driver/Inc -I../Drivers/STM32G4xx_HAL_Driver/Inc/Legacy -I../Drivers/CMSIS/Device/ST/STM32G4xx/Include -I../Drivers/CMSIS/Include -I../AZURE_RTOS/App -I../Middlewares/ST/threadx/common/inc/ -I../Middlewares/ST/threadx/ports/cortex_m4/gnu/inc/ -O0 -ffunction-sections -fdata-sections -Wall -fstack-usage -fcyclomatic-complexity -MMD -MP -MF"Middlewares/ST/threadx/common/src/tx_byte_pool_create.d" -MT"Middlewares/ST/threadx/common/src/tx_byte_pool_create.o" --specs=nano.specs -mfpu=fpv4-sp-d16 -mfloat-abi=hard -mthumb -o "Middlewares/ST/threadx/common/src/tx_byte_pool_create.o"
arm-none-eabi-gcc "../Middlewares/ST/threadx/common/src/tx_byte_pool_delete.c" -mcpu=cortex-m4 -std=gnu11 -g3 -DDEBUG -DUSE_HAL_DRIVER -DSTM32G474xx -DTX_INCLUDE_USER_DEFINE_FILE -c -I../Core/Inc -I../Drivers/STM32G4xx_HAL_Driver/Inc -I../Drivers/STM32G4xx_HAL_Driver/Inc/Legacy -I../Drivers/CMSIS/Device/ST/STM32G4xx/Include -I../Drivers/CMSIS/Include -I../AZURE_RTOS/App -I../Middlewares/ST/threadx/common/inc/ -I../Middlewares/ST/threadx/ports/cortex_m4/gnu/inc/ -O0 -ffunction-sections -fdata-sections -Wall -fstack-usage -fcyclomatic-complexity -MMD -MP -MF"Middlewares/ST/threadx/common/src/tx_byte_pool_delete.d" -MT"Middlewares/ST/threadx/common/src/tx_byte_pool_delete.o" --specs=nano.specs -mfpu=fpv4-sp-d16 -mfloat-abi=hard -mthumb -o "Middlewares/ST/threadx/common/src/tx_byte_pool_delete.o"
arm-none-eabi-gcc "../Middlewares/ST/threadx/common/src/tx_byte_pool_info_get.c" -mcpu=cortex-m4 -std=gnu11 -g3 -DDEBUG -DUSE_HAL_DRIVER -DSTM32G474xx -DTX_INCLUDE_USER_DEFINE_FILE -c -I../Core/Inc -I../Drivers/STM32G4xx_HAL_Driver/Inc -I../Drivers/STM32G4xx_HAL_Driver/Inc/Legacy -I../Drivers/CMSIS/Device/ST/STM32G4xx/Include -I../Drivers/CMSIS/Include -I../AZURE_RTOS/App -I../Middlewares/ST/threadx/common/inc/ -I../Middlewares/ST/threadx/ports/cortex_m4/gnu/inc/ -O0 -ffunction-sections -fdata-sections -Wall -fstack-usage -fcyclomatic-complexity -MMD -MP -MF"Middlewares/ST/threadx/common/src/tx_byte_pool_info_get.d" -MT"Middlewares/ST/threadx/common/src/tx_byte_pool_info_get.o" --specs=nano.specs -mfpu=fpv4-sp-d16 -mfloat-abi=hard -mthumb -o "Middlewares/ST/threadx/common/src/tx_byte_pool_info_get.o"
arm-none-eabi-gcc "../Middlewares/ST/threadx/common/src/tx_byte_pool_initialize.c" -mcpu=cortex-m4 -std=gnu11 -g3 -DDEBUG -DUSE_HAL_DRIVER -DSTM32G474xx -DTX_INCLUDE_USER_DEFINE_FILE -c -I../Core/Inc -I../Drivers/STM32G4xx_HAL_Driver/Inc -I../Drivers/STM32G4xx_HAL_Driver/Inc/Legacy -I../Drivers/CMSIS/Device/ST/STM32G4xx/Include -I../Drivers/CMSIS/Include -I../AZURE_RTOS/App -I../Middlewares/ST/threadx/common/inc/ -I../Middlewares/ST/threadx/ports/cortex_m4/gnu/inc/ -O0 -ffunction-sections -fdata-sections -Wall -fstack-usage -fcyclomatic-complexity -MMD -MP -MF"Middlewares/ST/threadx/common/src/tx_byte_pool_initialize.d" -MT"Middlewares/ST/threadx/common/src/tx_byte_pool_initialize.o" --specs=nano.specs -mfpu=fpv4-sp-d16 -mfloat-abi=hard -mthumb -o "Middlewares/ST/threadx/common/src/tx_byte_pool_initialize.o"
arm-none-eabi-gcc "../Middlewares/ST/threadx/common/src/tx_byte_pool_prioritize.c" -mcpu=cortex-m4 -std=gnu11 -g3 -DDEBUG -DUSE_HAL_DRIVER -DSTM32G474xx -DTX_INCLUDE_USER_DEFINE_FILE -c -I../Core/Inc -I../Drivers/STM32G4xx_HAL_Driver/Inc -I../Drivers/STM32G4xx_HAL_Driver/Inc/Legacy -I../Drivers/CMSIS/Device/ST/STM32G4xx/Include -I../Drivers/CMSIS/Include -I../AZURE_RTOS/App -I../Middlewares/ST/threadx/common/inc/ -I../Middlewares/ST/threadx/ports/cortex_m4/gnu/inc/ -O0 -ffunction-sections -fdata-sections -Wall -fstack-usage -fcyclomatic-complexity -MMD -MP -MF"Middlewares/ST/threadx/common/src/tx_byte_pool_prioritize.d" -MT"Middlewares/ST/threadx/common/src/tx_byte_pool_prioritize.o" --specs=nano.specs -mfpu=fpv4-sp-d16 -mfloat-abi=hard -mthumb -o "Middlewares/ST/threadx/common/src/tx_byte_pool_prioritize.o"
arm-none-eabi-gcc "../Middlewares/ST/threadx/common/src/tx_byte_pool_search.c" -mcpu=cortex-m4 -std=gnu11 -g3 -DDEBUG -DUSE_HAL_DRIVER -DSTM32G474xx -DTX_INCLUDE_USER_DEFINE_FILE -c -I../Core/Inc -I../Drivers/STM32G4xx_HAL_Driver/Inc -I../Drivers/STM32G4xx_HAL_Driver/Inc/Legacy -I../Drivers/CMSIS/Device/ST/STM32G4xx/Include -I../Drivers/CMSIS/Include -I../AZURE_RTOS/App -I../Middlewares/ST/threadx/common/inc/ -I../Middlewares/ST/threadx/ports/cortex_m4/gnu/inc/ -O0 -ffunction-sections -fdata-sections -Wall -fstack-usage -fcyclomatic-complexity -MMD -MP -MF"Middlewares/ST/threadx/common/src/tx_byte_pool_search.d" -MT"Middlewares/ST/threadx/common/src/tx_byte_pool_search.o" --specs=nano.specs -mfpu=fpv4-sp-d16 -mfloat-abi=hard -mthumb -o "Middlewares/ST/threadx/common/src/tx_byte_pool_search.o"
arm-none-eabi-gcc "../Middlewares/ST/threadx/common/src/tx_byte_release.c" -mcpu=cortex-m4 -std=gnu11 -g3 -DDEBUG -DUSE_HAL_DRIVER -DSTM32G474xx -DTX_INCLUDE_USER_DEFINE_FILE -c -I../Core/Inc -I../Drivers/STM32G4xx_HAL_Driver/Inc -I../Drivers/STM32G4xx_HAL_Driver/Inc/Legacy -I../Drivers/CMSIS/Device/ST/STM32G4xx/Include -I../Drivers/CMSIS/Include -I../AZURE_RTOS/App -I../Middlewares/ST/threadx/common/inc/ -I../Middlewares/ST/threadx/ports/cortex_m4/gnu/inc/ -O0 -ffunction-sections -fdata-sections -Wall -fstack-usage -fcyclomatic-complexity -MMD -MP -MF"Middlewares/ST/threadx/common/src/tx_byte_release.d" -MT"Middlewares/ST/threadx/common/src/tx_byte_release.o" --specs=nano.specs -mfpu=fpv4-sp-d16 -mfloat-abi=hard -mthumb -o "Middlewares/ST/threadx/common/src/tx_byte_release.o"
arm-none-eabi-gcc "../Middlewares/ST/threadx/common/src/tx_event_flags_cleanup.c" -mcpu=cortex-m4 -std=gnu11 -g3 -DDEBUG -DUSE_HAL_DRIVER -DSTM32G474xx -DTX_INCLUDE_USER_DEFINE_FILE -c -I../Core/Inc -I../Drivers/STM32G4xx_HAL_Driver/Inc -I../Drivers/STM32G4xx_HAL_Driver/Inc/Legacy -I../Drivers/CMSIS/Device/ST/STM32G4xx/Include -I../Drivers/CMSIS/Include -I../AZURE_RTOS/App -I../Middlewares/ST/threadx/common/inc/ -I../Middlewares/ST/threadx/ports/cortex_m4/gnu/inc/ -O0 -ffunction-sections -fdata-sections -Wall -fstack-usage -fcyclomatic-complexity -MMD -MP -MF"Middlewares/ST/threadx/common/src/tx_event_flags_cleanup.d" -MT"Middlewares/ST/threadx/common/src/tx_event_flags_cleanup.o" --specs=nano.specs -mfpu=fpv4-sp-d16 -mfloat-abi=hard -mthumb -o "Middlewares/ST/threadx/common/src/tx_event_flags_cleanup.o"
arm-none-eabi-gcc "../Middlewares/ST/threadx/common/src/tx_event_flags_create.c" -mcpu=cortex-m4 -std=gnu11 -g3 -DDEBUG -DUSE_HAL_DRIVER -DSTM32G474xx -DTX_INCLUDE_USER_DEFINE_FILE -c -I../Core/Inc -I../Drivers/STM32G4xx_HAL_Driver/Inc -I../Drivers/STM32G4xx_HAL_Driver/Inc/Legacy -I../Drivers/CMSIS/Device/ST/STM32G4xx/Include -I../Drivers/CMSIS/Include -I../AZURE_RTOS/App -I../Middlewares/ST/threadx/common/inc/ -I../Middlewares/ST/threadx/ports/cortex_m4/gnu/inc/ -O0 -ffunction-sections -fdata-sections -Wall -fstack-usage -fcyclomatic-complexity -MMD -MP -MF"Middlewares/ST/threadx/common/src/tx_event_flags_create.d" -MT"Middlewares/ST/threadx/common/src/tx_event_flags_create.o" --specs=nano.specs -mfpu=fpv4-sp-d16 -mfloat-abi=hard -mthumb -o "Middlewares/ST/threadx/common/src/tx_event_flags_create.o"
arm-none-eabi-gcc "../Middlewares/ST/threadx/common/src/tx_event_flags_delete.c" -mcpu=cortex-m4 -std=gnu11 -g3 -DDEBUG -DUSE_HAL_DRIVER -DSTM32G474xx -DTX_INCLUDE_USER_DEFINE_FILE -c -I../Core/Inc -I../Drivers/STM32G4xx_HAL_Driver/Inc -I../Drivers/STM32G4xx_HAL_Driver/Inc/Legacy -I../Drivers/CMSIS/Device/ST/STM32G4xx/Include -I../Drivers/CMSIS/Include -I../AZURE_RTOS/App -I../Middlewares/ST/threadx/common/inc/ -I../Middlewares/ST/threadx/ports/cortex_m4/gnu/inc/ -O0 -ffunction-sections -fdata-sections -Wall -fstack-usage -fcyclomatic-complexity -MMD -MP -MF"Middlewares/ST/threadx/common/src/tx_event_flags_delete.d" -MT"Middlewares/ST/threadx/common/src/tx_event_flags_delete.o" --specs=nano.specs -mfpu=fpv4-sp-d16 -mfloat-abi=hard -mthumb -o "Middlewares/ST/threadx/common/src/tx_event_flags_delete.o"
arm-none-eabi-gcc "../Middlewares/ST/threadx/common/src/tx_event_flags_get.c" -mcpu=cortex-m4 -std=gnu11 -g3 -DDEBUG -DUSE_HAL_DRIVER -DSTM32G474xx -DTX_INCLUDE_USER_DEFINE_FILE -c -I../Core/Inc -I../Drivers/STM32G4xx_HAL_Driver/Inc -I../Drivers/STM32G4xx_HAL_Driver/Inc/Legacy -I../Drivers/CMSIS/Device/ST/STM32G4xx/Include -I../Drivers/CMSIS/Include -I../AZURE_RTOS/App -I../Middlewares/ST/threadx/common/inc/ -I../Middlewares/ST/threadx/ports/cortex_m4/gnu/inc/ -O0 -ffunction-sections -fdata-sections -Wall -fstack-usage -fcyclomatic-complexity -MMD -MP -MF"Middlewares/ST/threadx/common/src/tx_event_flags_get.d" -MT"Middlewares/ST/threadx/common/src/tx_event_flags_get.o" --specs=nano.specs -mfpu=fpv4-sp-d16 -mfloat-abi=hard -mthumb -o "Middlewares/ST/threadx/common/src/tx_event_flags_get.o"
arm-none-eabi-gcc "../Middlewares/ST/threadx/common/src/tx_event_flags_info_get.c" -mcpu=cortex-m4 -std=gnu11 -g3 -DDEBUG -DUSE_HAL_DRIVER -DSTM32G474xx -DTX_INCLUDE_USER_DEFINE_FILE -c -I../Core/Inc -I../Drivers/STM32G4xx_HAL_Driver/Inc -I../Drivers/STM32G4xx_HAL_Driver/Inc/Legacy -I../Drivers/CMSIS/Device/ST/STM32G4xx/Include -I../Drivers/CMSIS/Include -I../AZURE_RTOS/App -I../Middlewares/ST/threadx/common/inc/ -I../Middlewares/ST/threadx/ports/cortex_m4/gnu/inc/ -O0 -ffunction-sections -fdata-sections -Wall -fstack-usage -fcyclomatic-complexity -MMD -MP -MF"Middlewares/ST/threadx/common/src/tx_event_flags_info_get.d" -MT"Middlewares/ST/threadx/common/src/tx_event_flags_info_get.o" --specs=nano.specs -mfpu=fpv4-sp-d16 -mfloat-abi=hard -mthumb -o "Middlewares/ST/threadx/common/src/tx_event_flags_info_get.o"
arm-none-eabi-gcc "../Middlewares/ST/threadx/common/src/tx_event_flags_initialize.c" -mcpu=cortex-m4 -std=gnu11 -g3 -DDEBUG -DUSE_HAL_DRIVER -DSTM32G474xx -DTX_INCLUDE_USER_DEFINE_FILE -c -I../Core/Inc -I../Drivers/STM32G4xx_HAL_Driver/Inc -I../Drivers/STM32G4xx_HAL_Driver/Inc/Legacy -I../Drivers/CMSIS/Device/ST/STM32G4xx/Include -I../Drivers/CMSIS/Include -I../AZURE_RTOS/App -I../Middlewares/ST/threadx/common/inc/ -I../Middlewares/ST/threadx/ports/cortex_m4/gnu/inc/ -O0 -ffunction-sections -fdata-sections -Wall -fstack-usage -fcyclomatic-complexity -MMD -MP -MF"Middlewares/ST/threadx/common/src/tx_event_flags_initialize.d" -MT"Middlewares/ST/threadx/common/src/tx_event_flags_initialize.o" --specs=nano.specs -mfpu=fpv4-sp-d16 -mfloat-abi=hard -mthumb -o "Middlewares/ST/threadx/common/src/tx_event_flags_initialize.o"
arm-none-eabi-gcc "../Middlewares/ST/threadx/common/src/tx_event_flags_set.c" -mcpu=cortex-m4 -std=gnu11 -g3 -DDEBUG -DUSE_HAL_DRIVER -DSTM32G474xx -DTX_INCLUDE_USER_DEFINE_FILE -c -I../Core/Inc -I../Drivers/STM32G4xx_HAL_Driver/Inc -I../Drivers/STM32G4xx_HAL_Driver/Inc/Legacy -I../Drivers/CMSIS/Device/ST/STM32G4xx/Include -I../Drivers/CMSIS/Include -I../AZURE_RTOS/App -I../Middlewares/ST/threadx/common/inc/ -I../Middlewares/ST/threadx/ports/cortex_m4/gnu/inc/ -O0 -ffunction-sections -fdata-sections -Wall -fstack-usage -fcyclomatic-complexity -MMD -MP -MF"Middlewares/ST/threadx/common/src/tx_event_flags_set.d" -MT"Middlewares/ST/threadx/common/src/tx_event_flags_set.o" --specs=nano.specs -mfpu=fpv4-sp-d16 -mfloat-abi=hard -mthumb -o "Middlewares/ST/threadx/common/src/tx_event_flags_set.o"
arm-none-eabi-gcc "../Middlewares/ST/threadx/common/src/tx_event_flags_set_notify.c" -mcpu=cortex-m4 -std=gnu11 -g3 -DDEBUG -DUSE_HAL_DRIVER -DSTM32G474xx -DTX_INCLUDE_USER_DEFINE_FILE -c -I../Core/Inc -I../Drivers/STM32G4xx_HAL_Driver/Inc -I../Drivers/STM32G4xx_HAL_Driver/Inc/Legacy -I../Drivers/CMSIS/Device/ST/STM32G4xx/Include -I../Drivers/CMSIS/Include -I../AZURE_RTOS/App -I../Middlewares/ST/threadx/common/inc/ -I../Middlewares/ST/threadx/ports/cortex_m4/gnu/inc/ -O0 -ffunction-sections -fdata-sections -Wall -fstack-usage -fcyclomatic-complexity -MMD -MP -MF"Middlewares/ST/threadx/common/src/tx_event_flags_set_notify.d" -MT"Middlewares/ST/threadx/common/src/tx_event_flags_set_notify.o" --specs=nano.specs -mfpu=fpv4-sp-d16 -mfloat-abi=hard -mthumb -o "Middlewares/ST/threadx/common/src/tx_event_flags_set_notify.o"
arm-none-eabi-gcc "../Middlewares/ST/threadx/common/src/tx_initialize_high_level.c" -mcpu=cortex-m4 -std=gnu11 -g3 -DDEBUG -DUSE_HAL_DRIVER -DSTM32G474xx -DTX_INCLUDE_USER_DEFINE_FILE -c -I../Core/Inc -I../Drivers/STM32G4xx_HAL_Driver/Inc -I../Drivers/STM32G4xx_HAL_Driver/Inc/Legacy -I../Drivers/CMSIS/Device/ST/STM32G4xx/Include -I../Drivers/CMSIS/Include -I../AZURE_RTOS/App -I../Middlewares/ST/threadx/common/inc/ -I../Middlewares/ST/threadx/ports/cortex_m4/gnu/inc/ -O0 -ffunction-sections -fdata-sections -Wall -fstack-usage -fcyclomatic-complexity -MMD -MP -MF"Middlewares/ST/threadx/common/src/tx_initialize_high_level.d" -MT"Middlewares/ST/threadx/common/src/tx_initialize_high_level.o" --specs=nano.specs -mfpu=fpv4-sp-d16 -mfloat-abi=hard -mthumb -o "Middlewares/ST/threadx/common/src/tx_initialize_high_level.o"
arm-none-eabi-gcc "../Middlewares/ST/threadx/common/src/tx_initialize_kernel_enter.c" -mcpu=cortex-m4 -std=gnu11 -g3 -DDEBUG -DUSE_HAL_DRIVER -DSTM32G474xx -DTX_INCLUDE_USER_DEFINE_FILE -c -I../Core/Inc -I../Drivers/STM32G4xx_HAL_Driver/Inc -I../Drivers/STM32G4xx_HAL_Driver/Inc/Legacy -I../Drivers/CMSIS/Device/ST/STM32G4xx/Include -I../Drivers/CMSIS/Include -I../AZURE_RTOS/App -I../Middlewares/ST/threadx/common/inc/ -I../Middlewares/ST/threadx/ports/cortex_m4/gnu/inc/ -O0 -ffunction-sections -fdata-sections -Wall -fstack-usage -fcyclomatic-complexity -MMD -MP -MF"Middlewares/ST/threadx/common/src/tx_initialize_kernel_enter.d" -MT"Middlewares/ST/threadx/common/src/tx_initialize_kernel_enter.o" --specs=nano.specs -mfpu=fpv4-sp-d16 -mfloat-abi=hard -mthumb -o "Middlewares/ST/threadx/common/src/tx_initialize_kernel_enter.o"
arm-none-eabi-gcc "../Middlewares/ST/threadx/common/src/tx_initialize_kernel_setup.c" -mcpu=cortex-m4 -std=gnu11 -g3 -DDEBUG -DUSE_HAL_DRIVER -DSTM32G474xx -DTX_INCLUDE_USER_DEFINE_FILE -c -I../Core/Inc -I../Drivers/STM32G4xx_HAL_Driver/Inc -I../Drivers/STM32G4xx_HAL_Driver/Inc/Legacy -I../Drivers/CMSIS/Device/ST/STM32G4xx/Include -I../Drivers/CMSIS/Include -I../AZURE_RTOS/App -I../Middlewares/ST/threadx/common/inc/ -I../Middlewares/ST/threadx/ports/cortex_m4/gnu/inc/ -O0 -ffunction-sections -fdata-sections -Wall -fstack-usage -fcyclomatic-complexity -MMD -MP -MF"Middlewares/ST/threadx/common/src/tx_initialize_kernel_setup.d" -MT"Middlewares/ST/threadx/common/src/tx_initialize_kernel_setup.o" --specs=nano.specs -mfpu=fpv4-sp-d16 -mfloat-abi=hard -mthumb -o "Middlewares/ST/threadx/common/src/tx_initialize_kernel_setup.o"
arm-none-eabi-gcc "../Middlewares/ST/threadx/common/src/tx_mutex_cleanup.c" -mcpu=cortex-m4 -std=gnu11 -g3 -DDEBUG -DUSE_HAL_DRIVER -DSTM32G474xx -DTX_INCLUDE_USER_DEFINE_FILE -c -I../Core/Inc -I../Drivers/STM32G4xx_HAL_Driver/Inc -I../Drivers/STM32G4xx_HAL_Driver/Inc/Legacy -I../Drivers/CMSIS/Device/ST/STM32G4xx/Include -I../Drivers/CMSIS/Include -I../AZURE_RTOS/App -I../Middlewares/ST/threadx/common/inc/ -I../Middlewares/ST/threadx/ports/cortex_m4/gnu/inc/ -O0 -ffunction-sections -fdata-sections -Wall -fstack-usage -fcyclomatic-complexity -MMD -MP -MF"Middlewares/ST/threadx/common/src/tx_mutex_cleanup.d" -MT"Middlewares/ST/threadx/common/src/tx_mutex_cleanup.o" --specs=nano.specs -mfpu=fpv4-sp-d16 -mfloat-abi=hard -mthumb -o "Middlewares/ST/threadx/common/src/tx_mutex_cleanup.o"
arm-none-eabi-gcc "../Middlewares/ST/threadx/common/src/tx_mutex_create.c" -mcpu=cortex-m4 -std=gnu11 -g3 -DDEBUG -DUSE_HAL_DRIVER -DSTM32G474xx -DTX_INCLUDE_USER_DEFINE_FILE -c -I../Core/Inc -I../Drivers/STM32G4xx_HAL_Driver/Inc -I../Drivers/STM32G4xx_HAL_Driver/Inc/Legacy -I../Drivers/CMSIS/Device/ST/STM32G4xx/Include -I../Drivers/CMSIS/Include -I../AZURE_RTOS/App -I../Middlewares/ST/threadx/common/inc/ -I../Middlewares/ST/threadx/ports/cortex_m4/gnu/inc/ -O0 -ffunction-sections -fdata-sections -Wall -fstack-usage -fcyclomatic-complexity -MMD -MP -MF"Middlewares/ST/threadx/common/src/tx_mutex_create.d" -MT"Middlewares/ST/threadx/common/src/tx_mutex_create.o" --specs=nano.specs -mfpu=fpv4-sp-d16 -mfloat-abi=hard -mthumb -o "Middlewares/ST/threadx/common/src/tx_mutex_create.o"
arm-none-eabi-gcc "../Middlewares/ST/threadx/common/src/tx_mutex_delete.c" -mcpu=cortex-m4 -std=gnu11 -g3 -DDEBUG -DUSE_HAL_DRIVER -DSTM32G474xx -DTX_INCLUDE_USER_DEFINE_FILE -c -I../Core/Inc -I../Drivers/STM32G4xx_HAL_Driver/Inc -I../Drivers/STM32G4xx_HAL_Driver/Inc/Legacy -I../Drivers/CMSIS/Device/ST/STM32G4xx/Include -I../Drivers/CMSIS/Include -I../AZURE_RTOS/App -I../Middlewares/ST/threadx/common/inc/ -I../Middlewares/ST/threadx/ports/cortex_m4/gnu/inc/ -O0 -ffunction-sections -fdata-sections -Wall -fstack-usage -fcyclomatic-complexity -MMD -MP -MF"Middlewares/ST/threadx/common/src/tx_mutex_delete.d" -MT"Middlewares/ST/threadx/common/src/tx_mutex_delete.o" --specs=nano.specs -mfpu=fpv4-sp-d16 -mfloat-abi=hard -mthumb -o "Middlewares/ST/threadx/common/src/tx_mutex_delete.o"
arm-none-eabi-gcc "../Middlewares/ST/threadx/common/src/tx_mutex_get.c" -mcpu=cortex-m4 -std=gnu11 -g3 -DDEBUG -DUSE_HAL_DRIVER -DSTM32G474xx -DTX_INCLUDE_USER_DEFINE_FILE -c -I../Core/Inc -I../Drivers/STM32G4xx_HAL_Driver/Inc -I../Drivers/STM32G4xx_HAL_Driver/Inc/Legacy -I../Drivers/CMSIS/Device/ST/STM32G4xx/Include -I../Drivers/CMSIS/Include -I../AZURE_RTOS/App -I../Middlewares/ST/threadx/common/inc/ -I../Middlewares/ST/threadx/ports/cortex_m4/gnu/inc/ -O0 -ffunction-sections -fdata-sections -Wall -fstack-usage -fcyclomatic-complexity -MMD -MP -MF"Middlewares/ST/threadx/common/src/tx_mutex_get.d" -MT"Middlewares/ST/threadx/common/src/tx_mutex_get.o" --specs=nano.specs -mfpu=fpv4-sp-d16 -mfloat-abi=hard -mthumb -o "Middlewares/ST/threadx/common/src/tx_mutex_get.o"
arm-none-eabi-gcc "../Middlewares/ST/threadx/common/src/tx_mutex_info_get.c" -mcpu=cortex-m4 -std=gnu11 -g3 -DDEBUG -DUSE_HAL_DRIVER -DSTM32G474xx -DTX_INCLUDE_USER_DEFINE_FILE -c -I../Core/Inc -I../Drivers/STM32G4xx_HAL_Driver/Inc -I../Drivers/STM32G4xx_HAL_Driver/Inc/Legacy -I../Drivers/CMSIS/Device/ST/STM32G4xx/Include -I../Drivers/CMSIS/Include -I../AZURE_RTOS/App -I../Middlewares/ST/threadx/common/inc/ -I../Middlewares/ST/threadx/ports/cortex_m4/gnu/inc/ -O0 -ffunction-sections -fdata-sections -Wall -fstack-usage -fcyclomatic-complexity -MMD -MP -MF"Middlewares/ST/threadx/common/src/tx_mutex_info_get.d" -MT"Middlewares/ST/threadx/common/src/tx_mutex_info_get.o" --specs=nano.specs -mfpu=fpv4-sp-d16 -mfloat-abi=hard -mthumb -o "Middlewares/ST/threadx/common/src/tx_mutex_info_get.o"
arm-none-eabi-gcc "../Middlewares/ST/threadx/common/src/tx_mutex_initialize.c" -mcpu=cortex-m4 -std=gnu11 -g3 -DDEBUG -DUSE_HAL_DRIVER -DSTM32G474xx -DTX_INCLUDE_USER_DEFINE_FILE -c -I../Core/Inc -I../Drivers/STM32G4xx_HAL_Driver/Inc -I../Drivers/STM32G4xx_HAL_Driver/Inc/Legacy -I../Drivers/CMSIS/Device/ST/STM32G4xx/Include -I../Drivers/CMSIS/Include -I../AZURE_RTOS/App -I../Middlewares/ST/threadx/common/inc/ -I../Middlewares/ST/threadx/ports/cortex_m4/gnu/inc/ -O0 -ffunction-sections -fdata-sections -Wall -fstack-usage -fcyclomatic-complexity -MMD -MP -MF"Middlewares/ST/threadx/common/src/tx_mutex_initialize.d" -MT"Middlewares/ST/threadx/common/src/tx_mutex_initialize.o" --specs=nano.specs -mfpu=fpv4-sp-d16 -mfloat-abi=hard -mthumb -o "Middlewares/ST/threadx/common/src/tx_mutex_initialize.o"
arm-none-eabi-gcc "../Middlewares/ST/threadx/common/src/tx_mutex_prioritize.c" -mcpu=cortex-m4 -std=gnu11 -g3 -DDEBUG -DUSE_HAL_DRIVER -DSTM32G474xx -DTX_INCLUDE_USER_DEFINE_FILE -c -I../Core/Inc -I../Drivers/STM32G4xx_HAL_Driver/Inc -I../Drivers/STM32G4xx_HAL_Driver/Inc/Legacy -I../Drivers/CMSIS/Device/ST/STM32G4xx/Include -I../Drivers/CMSIS/Include -I../AZURE_RTOS/App -I../Middlewares/ST/threadx/common/inc/ -I../Middlewares/ST/threadx/ports/cortex_m4/gnu/inc/ -O0 -ffunction-sections -fdata-sections -Wall -fstack-usage -fcyclomatic-complexity -MMD -MP -MF"Middlewares/ST/threadx/common/src/tx_mutex_prioritize.d" -MT"Middlewares/ST/threadx/common/src/tx_mutex_prioritize.o" --specs=nano.specs -mfpu=fpv4-sp-d16 -mfloat-abi=hard -mthumb -o "Middlewares/ST/threadx/common/src/tx_mutex_prioritize.o"
arm-none-eabi-gcc "../Middlewares/ST/threadx/common/src/tx_mutex_priority_change.c" -mcpu=cortex-m4 -std=gnu11 -g3 -DDEBUG -DUSE_HAL_DRIVER -DSTM32G474xx -DTX_INCLUDE_USER_DEFINE_FILE -c -I../Core/Inc -I../Drivers/STM32G4xx_HAL_Driver/Inc -I../Drivers/STM32G4xx_HAL_Driver/Inc/Legacy -I../Drivers/CMSIS/Device/ST/STM32G4xx/Include -I../Drivers/CMSIS/Include -I../AZURE_RTOS/App -I../Middlewares/ST/threadx/common/inc/ -I../Middlewares/ST/threadx/ports/cortex_m4/gnu/inc/ -O0 -ffunction-sections -fdata-sections -Wall -fstack-usage -fcyclomatic-complexity -MMD -MP -MF"Middlewares/ST/threadx/common/src/tx_mutex_priority_change.d" -MT"Middlewares/ST/threadx/common/src/tx_mutex_priority_change.o" --specs=nano.specs -mfpu=fpv4-sp-d16 -mfloat-abi=hard -mthumb -o "Middlewares/ST/threadx/common/src/tx_mutex_priority_change.o"
arm-none-eabi-gcc "../Middlewares/ST/threadx/common/src/tx_mutex_put.c" -mcpu=cortex-m4 -std=gnu11 -g3 -DDEBUG -DUSE_HAL_DRIVER -DSTM32G474xx -DTX_INCLUDE_USER_DEFINE_FILE -c -I../Core/Inc -I../Drivers/STM32G4xx_HAL_Driver/Inc -I../Drivers/STM32G4xx_HAL_Driver/Inc/Legacy -I../Drivers/CMSIS/Device/ST/STM32G4xx/Include -I../Drivers/CMSIS/Include -I../AZURE_RTOS/App -I../Middlewares/ST/threadx/common/inc/ -I../Middlewares/ST/threadx/ports/cortex_m4/gnu/inc/ -O0 -ffunction-sections -fdata-sections -Wall -fstack-usage -fcyclomatic-complexity -MMD -MP -MF"Middlewares/ST/threadx/common/src/tx_mutex_put.d" -MT"Middlewares/ST/threadx/common/src/tx_mutex_put.o" --specs=nano.specs -mfpu=fpv4-sp-d16 -mfloat-abi=hard -mthumb -o "Middlewares/ST/threadx/common/src/tx_mutex_put.o"
arm-none-eabi-gcc "../Middlewares/ST/threadx/common/src/tx_queue_cleanup.c" -mcpu=cortex-m4 -std=gnu11 -g3 -DDEBUG -DUSE_HAL_DRIVER -DSTM32G474xx -DTX_INCLUDE_USER_DEFINE_FILE -c -I../Core/Inc -I../Drivers/STM32G4xx_HAL_Driver/Inc -I../Drivers/STM32G4xx_HAL_Driver/Inc/Legacy -I../Drivers/CMSIS/Device/ST/STM32G4xx/Include -I../Drivers/CMSIS/Include -I../AZURE_RTOS/App -I../Middlewares/ST/threadx/common/inc/ -I../Middlewares/ST/threadx/ports/cortex_m4/gnu/inc/ -O0 -ffunction-sections -fdata-sections -Wall -fstack-usage -fcyclomatic-complexity -MMD -MP -MF"Middlewares/ST/threadx/common/src/tx_queue_cleanup.d" -MT"Middlewares/ST/threadx/common/src/tx_queue_cleanup.o" --specs=nano.specs -mfpu=fpv4-sp-d16 -mfloat-abi=hard -mthumb -o "Middlewares/ST/threadx/common/src/tx_queue_cleanup.o"
arm-none-eabi-gcc "../Middlewares/ST/threadx/common/src/tx_queue_create.c" -mcpu=cortex-m4 -std=gnu11 -g3 -DDEBUG -DUSE_HAL_DRIVER -DSTM32G474xx -DTX_INCLUDE_USER_DEFINE_FILE -c -I../Core/Inc -I../Drivers/STM32G4xx_HAL_Driver/Inc -I../Drivers/STM32G4xx_HAL_Driver/Inc/Legacy -I../Drivers/CMSIS/Device/ST/STM32G4xx/Include -I../Drivers/CMSIS/Include -I../AZURE_RTOS/App -I../Middlewares/ST/threadx/common/inc/ -I../Middlewares/ST/threadx/ports/cortex_m4/gnu/inc/ -O0 -ffunction-sections -fdata-sections -Wall -fstack-usage -fcyclomatic-complexity -MMD -MP -MF"Middlewares/ST/threadx/common/src/tx_queue_create.d" -MT"Middlewares/ST/threadx/common/src/tx_queue_create.o" --specs=nano.specs -mfpu=fpv4-sp-d16 -mfloat-abi=hard -mthumb -o "Middlewares/ST/threadx/common/src/tx_queue_create.o"
arm-none-eabi-gcc "../Middlewares/ST/threadx/common/src/tx_queue_delete.c" -mcpu=cortex-m4 -std=gnu11 -g3 -DDEBUG -DUSE_HAL_DRIVER -DSTM32G474xx -DTX_INCLUDE_USER_DEFINE_FILE -c -I../Core/Inc -I../Drivers/STM32G4xx_HAL_Driver/Inc -I../Drivers/STM32G4xx_HAL_Driver/Inc/Legacy -I../Drivers/CMSIS/Device/ST/STM32G4xx/Include -I../Drivers/CMSIS/Include -I../AZURE_RTOS/App -I../Middlewares/ST/threadx/common/inc/ -I../Middlewares/ST/threadx/ports/cortex_m4/gnu/inc/ -O0 -ffunction-sections -fdata-sections -Wall -fstack-usage -fcyclomatic-complexity -MMD -MP -MF"Middlewares/ST/threadx/common/src/tx_queue_delete.d" -MT"Middlewares/ST/threadx/common/src/tx_queue_delete.o" --specs=nano.specs -mfpu=fpv4-sp-d16 -mfloat-abi=hard -mthumb -o "Middlewares/ST/threadx/common/src/tx_queue_delete.o"
arm-none-eabi-gcc "../Middlewares/ST/threadx/common/src/tx_queue_flush.c" -mcpu=cortex-m4 -std=gnu11 -g3 -DDEBUG -DUSE_HAL_DRIVER -DSTM32G474xx -DTX_INCLUDE_USER_DEFINE_FILE -c -I../Core/Inc -I../Drivers/STM32G4xx_HAL_Driver/Inc -I../Drivers/STM32G4xx_HAL_Driver/Inc/Legacy -I../Drivers/CMSIS/Device/ST/STM32G4xx/Include -I../Drivers/CMSIS/Include -I../AZURE_RTOS/App -I../Middlewares/ST/threadx/common/inc/ -I../Middlewares/ST/threadx/ports/cortex_m4/gnu/inc/ -O0 -ffunction-sections -fdata-sections -Wall -fstack-usage -fcyclomatic-complexity -MMD -MP -MF"Middlewares/ST/threadx/common/src/tx_queue_flush.d" -MT"Middlewares/ST/threadx/common/src/tx_queue_flush.o" --specs=nano.specs -mfpu=fpv4-sp-d16 -mfloat-abi=hard -mthumb -o "Middlewares/ST/threadx/common/src/tx_queue_flush.o"
arm-none-eabi-gcc "../Middlewares/ST/threadx/common/src/tx_queue_front_send.c" -mcpu=cortex-m4 -std=gnu11 -g3 -DDEBUG -DUSE_HAL_DRIVER -DSTM32G474xx -DTX_INCLUDE_USER_DEFINE_FILE -c -I../Core/Inc -I../Drivers/STM32G4xx_HAL_Driver/Inc -I../Drivers/STM32G4xx_HAL_Driver/Inc/Legacy -I../Drivers/CMSIS/Device/ST/STM32G4xx/Include -I../Drivers/CMSIS/Include -I../AZURE_RTOS/App -I../Middlewares/ST/threadx/common/inc/ -I../Middlewares/ST/threadx/ports/cortex_m4/gnu/inc/ -O0 -ffunction-sections -fdata-sections -Wall -fstack-usage -fcyclomatic-complexity -MMD -MP -MF"Middlewares/ST/threadx/common/src/tx_queue_front_send.d" -MT"Middlewares/ST/threadx/common/src/tx_queue_front_send.o" --specs=nano.specs -mfpu=fpv4-sp-d16 -mfloat-abi=hard -mthumb -o "Middlewares/ST/threadx/common/src/tx_queue_front_send.o"
arm-none-eabi-gcc "../Middlewares/ST/threadx/common/src/tx_queue_info_get.c" -mcpu=cortex-m4 -std=gnu11 -g3 -DDEBUG -DUSE_HAL_DRIVER -DSTM32G474xx -DTX_INCLUDE_USER_DEFINE_FILE -c -I../Core/Inc -I../Drivers/STM32G4xx_HAL_Driver/Inc -I../Drivers/STM32G4xx_HAL_Driver/Inc/Legacy -I../Drivers/CMSIS/Device/ST/STM32G4xx/Include -I../Drivers/CMSIS/Include -I../AZURE_RTOS/App -I../Middlewares/ST/threadx/common/inc/ -I../Middlewares/ST/threadx/ports/cortex_m4/gnu/inc/ -O0 -ffunction-sections -fdata-sections -Wall -fstack-usage -fcyclomatic-complexity -MMD -MP -MF"Middlewares/ST/threadx/common/src/tx_queue_info_get.d" -MT"Middlewares/ST/threadx/common/src/tx_queue_info_get.o" --specs=nano.specs -mfpu=fpv4-sp-d16 -mfloat-abi=hard -mthumb -o "Middlewares/ST/threadx/common/src/tx_queue_info_get.o"
arm-none-eabi-gcc "../Middlewares/ST/threadx/common/src/tx_queue_initialize.c" -mcpu=cortex-m4 -std=gnu11 -g3 -DDEBUG -DUSE_HAL_DRIVER -DSTM32G474xx -DTX_INCLUDE_USER_DEFINE_FILE -c -I../Core/Inc -I../Drivers/STM32G4xx_HAL_Driver/Inc -I../Drivers/STM32G4xx_HAL_Driver/Inc/Legacy -I../Drivers/CMSIS/Device/ST/STM32G4xx/Include -I../Drivers/CMSIS/Include -I../AZURE_RTOS/App -I../Middlewares/ST/threadx/common/inc/ -I../Middlewares/ST/threadx/ports/cortex_m4/gnu/inc/ -O0 -ffunction-sections -fdata-sections -Wall -fstack-usage -fcyclomatic-complexity -MMD -MP -MF"Middlewares/ST/threadx/common/src/tx_queue_initialize.d" -MT"Middlewares/ST/threadx/common/src/tx_queue_initialize.o" --specs=nano.specs -mfpu=fpv4-sp-d16 -mfloat-abi=hard -mthumb -o "Middlewares/ST/threadx/common/src/tx_queue_initialize.o"
arm-none-eabi-gcc "../Middlewares/ST/threadx/common/src/tx_queue_prioritize.c" -mcpu=cortex-m4 -std=gnu11 -g3 -DDEBUG -DUSE_HAL_DRIVER -DSTM32G474xx -DTX_INCLUDE_USER_DEFINE_FILE -c -I../Core/Inc -I../Drivers/STM32G4xx_HAL_Driver/Inc -I../Drivers/STM32G4xx_HAL_Driver/Inc/Legacy -I../Drivers/CMSIS/Device/ST/STM32G4xx/Include -I../Drivers/CMSIS/Include -I../AZURE_RTOS/App -I../Middlewares/ST/threadx/common/inc/ -I../Middlewares/ST/threadx/ports/cortex_m4/gnu/inc/ -O0 -ffunction-sections -fdata-sections -Wall -fstack-usage -fcyclomatic-complexity -MMD -MP -MF"Middlewares/ST/threadx/common/src/tx_queue_prioritize.d" -MT"Middlewares/ST/threadx/common/src/tx_queue_prioritize.o" --specs=nano.specs -mfpu=fpv4-sp-d16 -mfloat-abi=hard -mthumb -o "Middlewares/ST/threadx/common/src/tx_queue_prioritize.o"
arm-none-eabi-gcc "../Middlewares/ST/threadx/common/src/tx_queue_receive.c" -mcpu=cortex-m4 -std=gnu11 -g3 -DDEBUG -DUSE_HAL_DRIVER -DSTM32G474xx -DTX_INCLUDE_USER_DEFINE_FILE -c -I../Core/Inc -I../Drivers/STM32G4xx_HAL_Driver/Inc -I../Drivers/STM32G4xx_HAL_Driver/Inc/Legacy -I../Drivers/CMSIS/Device/ST/STM32G4xx/Include -I../Drivers/CMSIS/Include -I../AZURE_RTOS/App -I../Middlewares/ST/threadx/common/inc/ -I../Middlewares/ST/threadx/ports/cortex_m4/gnu/inc/ -O0 -ffunction-sections -fdata-sections -Wall -fstack-usage -fcyclomatic-complexity -MMD -MP -MF"Middlewares/ST/threadx/common/src/tx_queue_receive.d" -MT"Middlewares/ST/threadx/common/src/tx_queue_receive.o" --specs=nano.specs -mfpu=fpv4-sp-d16 -mfloat-abi=hard -mthumb -o "Middlewares/ST/threadx/common/src/tx_queue_receive.o"
arm-none-eabi-gcc "../Middlewares/ST/threadx/common/src/tx_queue_send.c" -mcpu=cortex-m4 -std=gnu11 -g3 -DDEBUG -DUSE_HAL_DRIVER -DSTM32G474xx -DTX_INCLUDE_USER_DEFINE_FILE -c -I../Core/Inc -I../Drivers/STM32G4xx_HAL_Driver/Inc -I../Drivers/STM32G4xx_HAL_Driver/Inc/Legacy -I../Drivers/CMSIS/Device/ST/STM32G4xx/Include -I../Drivers/CMSIS/Include -I../AZURE_RTOS/App -I../Middlewares/ST/threadx/common/inc/ -I../Middlewares/ST/threadx/ports/cortex_m4/gnu/inc/ -O0 -ffunction-sections -fdata-sections -Wall -fstack-usage -fcyclomatic-complexity -MMD -MP -MF"Middlewares/ST/threadx/common/src/tx_queue_send.d" -MT"Middlewares/ST/threadx/common/src/tx_queue_send.o" --specs=nano.specs -mfpu=fpv4-sp-d16 -mfloat-abi=hard -mthumb -o "Middlewares/ST/threadx/common/src/tx_queue_send.o"
arm-none-eabi-gcc "../Middlewares/ST/threadx/common/src/tx_queue_send_notify.c" -mcpu=cortex-m4 -std=gnu11 -g3 -DDEBUG -DUSE_HAL_DRIVER -DSTM32G474xx -DTX_INCLUDE_USER_DEFINE_FILE -c -I../Core/Inc -I../Drivers/STM32G4xx_HAL_Driver/Inc -I../Drivers/STM32G4xx_HAL_Driver/Inc/Legacy -I../Drivers/CMSIS/Device/ST/STM32G4xx/Include -I../Drivers/CMSIS/Include -I../AZURE_RTOS/App -I../Middlewares/ST/threadx/common/inc/ -I../Middlewares/ST/threadx/ports/cortex_m4/gnu/inc/ -O0 -ffunction-sections -fdata-sections -Wall -fstack-usage -fcyclomatic-complexity -MMD -MP -MF"Middlewares/ST/threadx/common/src/tx_queue_send_notify.d" -MT"Middlewares/ST/threadx/common/src/tx_queue_send_notify.o" --specs=nano.specs -mfpu=fpv4-sp-d16 -mfloat-abi=hard -mthumb -o "Middlewares/ST/threadx/common/src/tx_queue_send_notify.o"
arm-none-eabi-gcc "../Middlewares/ST/threadx/common/src/tx_semaphore_ceiling_put.c" -mcpu=cortex-m4 -std=gnu11 -g3 -DDEBUG -DUSE_HAL_DRIVER -DSTM32G474xx -DTX_INCLUDE_USER_DEFINE_FILE -c -I../Core/Inc -I../Drivers/STM32G4xx_HAL_Driver/Inc -I../Drivers/STM32G4xx_HAL_Driver/Inc/Legacy -I../Drivers/CMSIS/Device/ST/STM32G4xx/Include -I../Drivers/CMSIS/Include -I../AZURE_RTOS/App -I../Middlewares/ST/threadx/common/inc/ -I../Middlewares/ST/threadx/ports/cortex_m4/gnu/inc/ -O0 -ffunction-sections -fdata-sections -Wall -fstack-usage -fcyclomatic-complexity -MMD -MP -MF"Middlewares/ST/threadx/common/src/tx_semaphore_ceiling_put.d" -MT"Middlewares/ST/threadx/common/src/tx_semaphore_ceiling_put.o" --specs=nano.specs -mfpu=fpv4-sp-d16 -mfloat-abi=hard -mthumb -o "Middlewares/ST/threadx/common/src/tx_semaphore_ceiling_put.o"
arm-none-eabi-gcc "../Middlewares/ST/threadx/common/src/tx_semaphore_cleanup.c" -mcpu=cortex-m4 -std=gnu11 -g3 -DDEBUG -DUSE_HAL_DRIVER -DSTM32G474xx -DTX_INCLUDE_USER_DEFINE_FILE -c -I../Core/Inc -I../Drivers/STM32G4xx_HAL_Driver/Inc -I../Drivers/STM32G4xx_HAL_Driver/Inc/Legacy -I../Drivers/CMSIS/Device/ST/STM32G4xx/Include -I../Drivers/CMSIS/Include -I../AZURE_RTOS/App -I../Middlewares/ST/threadx/common/inc/ -I../Middlewares/ST/threadx/ports/cortex_m4/gnu/inc/ -O0 -ffunction-sections -fdata-sections -Wall -fstack-usage -fcyclomatic-complexity -MMD -MP -MF"Middlewares/ST/threadx/common/src/tx_semaphore_cleanup.d" -MT"Middlewares/ST/threadx/common/src/tx_semaphore_cleanup.o" --specs=nano.specs -mfpu=fpv4-sp-d16 -mfloat-abi=hard -mthumb -o "Middlewares/ST/threadx/common/src/tx_semaphore_cleanup.o"
arm-none-eabi-gcc "../Middlewares/ST/threadx/common/src/tx_semaphore_create.c" -mcpu=cortex-m4 -std=gnu11 -g3 -DDEBUG -DUSE_HAL_DRIVER -DSTM32G474xx -DTX_INCLUDE_USER_DEFINE_FILE -c -I../Core/Inc -I../Drivers/STM32G4xx_HAL_Driver/Inc -I../Drivers/STM32G4xx_HAL_Driver/Inc/Legacy -I../Drivers/CMSIS/Device/ST/STM32G4xx/Include -I../Drivers/CMSIS/Include -I../AZURE_RTOS/App -I../Middlewares/ST/threadx/common/inc/ -I../Middlewares/ST/threadx/ports/cortex_m4/gnu/inc/ -O0 -ffunction-sections -fdata-sections -Wall -fstack-usage -fcyclomatic-complexity -MMD -MP -MF"Middlewares/ST/threadx/common/src/tx_semaphore_create.d" -MT"Middlewares/ST/threadx/common/src/tx_semaphore_create.o" --specs=nano.specs -mfpu=fpv4-sp-d16 -mfloat-abi=hard -mthumb -o "Middlewares/ST/threadx/common/src/tx_semaphore_create.o"
arm-none-eabi-gcc "../Middlewares/ST/threadx/common/src/tx_semaphore_delete.c" -mcpu=cortex-m4 -std=gnu11 -g3 -DDEBUG -DUSE_HAL_DRIVER -DSTM32G474xx -DTX_INCLUDE_USER_DEFINE_FILE -c -I../Core/Inc -I../Drivers/STM32G4xx_HAL_Driver/Inc -I../Drivers/STM32G4xx_HAL_Driver/Inc/Legacy -I../Drivers/CMSIS/Device/ST/STM32G4xx/Include -I../Drivers/CMSIS/Include -I../AZURE_RTOS/App -I../Middlewares/ST/threadx/common/inc/ -I../Middlewares/ST/threadx/ports/cortex_m4/gnu/inc/ -O0 -ffunction-sections -fdata-sections -Wall -fstack-usage -fcyclomatic-complexity -MMD -MP -MF"Middlewares/ST/threadx/common/src/tx_semaphore_delete.d" -MT"Middlewares/ST/threadx/common/src/tx_semaphore_delete.o" --specs=nano.specs -mfpu=fpv4-sp-d16 -mfloat-abi=hard -mthumb -o "Middlewares/ST/threadx/common/src/tx_semaphore_delete.o"
arm-none-eabi-gcc "../Middlewares/ST/threadx/common/src/tx_semaphore_get.c" -mcpu=cortex-m4 -std=gnu11 -g3 -DDEBUG -DUSE_HAL_DRIVER -DSTM32G474xx -DTX_INCLUDE_USER_DEFINE_FILE -c -I../Core/Inc -I../Drivers/STM32G4xx_HAL_Driver/Inc -I../Drivers/STM32G4xx_HAL_Driver/Inc/Legacy -I../Drivers/CMSIS/Device/ST/STM32G4xx/Include -I../Drivers/CMSIS/Include -I../AZURE_RTOS/App -I../Middlewares/ST/threadx/common/inc/ -I../Middlewares/ST/threadx/ports/cortex_m4/gnu/inc/ -O0 -ffunction-sections -fdata-sections -Wall -fstack-usage -fcyclomatic-complexity -MMD -MP -MF"Middlewares/ST/threadx/common/src/tx_semaphore_get.d" -MT"Middlewares/ST/threadx/common/src/tx_semaphore_get.o" --specs=nano.specs -mfpu=fpv4-sp-d16 -mfloat-abi=hard -mthumb -o "Middlewares/ST/threadx/common/src/tx_semaphore_get.o"
arm-none-eabi-gcc "../Middlewares/ST/threadx/common/src/tx_semaphore_info_get.c" -mcpu=cortex-m4 -std=gnu11 -g3 -DDEBUG -DUSE_HAL_DRIVER -DSTM32G474xx -DTX_INCLUDE_USER_DEFINE_FILE -c -I../Core/Inc -I../Drivers/STM32G4xx_HAL_Driver/Inc -I../Drivers/STM32G4xx_HAL_Driver/Inc/Legacy -I../Drivers/CMSIS/Device/ST/STM32G4xx/Include -I../Drivers/CMSIS/Include -I../AZURE_RTOS/App -I../Middlewares/ST/threadx/common/inc/ -I../Middlewares/ST/threadx/ports/cortex_m4/gnu/inc/ -O0 -ffunction-sections -fdata-sections -Wall -fstack-usage -fcyclomatic-complexity -MMD -MP -MF"Middlewares/ST/threadx/common/src/tx_semaphore_info_get.d" -MT"Middlewares/ST/threadx/common/src/tx_semaphore_info_get.o" --specs=nano.specs -mfpu=fpv4-sp-d16 -mfloat-abi=hard -mthumb -o "Middlewares/ST/threadx/common/src/tx_semaphore_info_get.o"
arm-none-eabi-gcc "../Middlewares/ST/threadx/common/src/tx_semaphore_initialize.c" -mcpu=cortex-m4 -std=gnu11 -g3 -DDEBUG -DUSE_HAL_DRIVER -DSTM32G474xx -DTX_INCLUDE_USER_DEFINE_FILE -c -I../Core/Inc -I../Drivers/STM32G4xx_HAL_Driver/Inc -I../Drivers/STM32G4xx_HAL_Driver/Inc/Legacy -I../Drivers/CMSIS/Device/ST/STM32G4xx/Include -I../Drivers/CMSIS/Include -I../AZURE_RTOS/App -I../Middlewares/ST/threadx/common/inc/ -I../Middlewares/ST/threadx/ports/cortex_m4/gnu/inc/ -O0 -ffunction-sections -fdata-sections -Wall -fstack-usage -fcyclomatic-complexity -MMD -MP -MF"Middlewares/ST/threadx/common/src/tx_semaphore_initialize.d" -MT"Middlewares/ST/threadx/common/src/tx_semaphore_initialize.o" --specs=nano.specs -mfpu=fpv4-sp-d16 -mfloat-abi=hard -mthumb -o "Middlewares/ST/threadx/common/src/tx_semaphore_initialize.o"
arm-none-eabi-gcc "../Middlewares/ST/threadx/common/src/tx_semaphore_prioritize.c" -mcpu=cortex-m4 -std=gnu11 -g3 -DDEBUG -DUSE_HAL_DRIVER -DSTM32G474xx -DTX_INCLUDE_USER_DEFINE_FILE -c -I../Core/Inc -I../Drivers/STM32G4xx_HAL_Driver/Inc -I../Drivers/STM32G4xx_HAL_Driver/Inc/Legacy -I../Drivers/CMSIS/Device/ST/STM32G4xx/Include -I../Drivers/CMSIS/Include -I../AZURE_RTOS/App -I../Middlewares/ST/threadx/common/inc/ -I../Middlewares/ST/threadx/ports/cortex_m4/gnu/inc/ -O0 -ffunction-sections -fdata-sections -Wall -fstack-usage -fcyclomatic-complexity -MMD -MP -MF"Middlewares/ST/threadx/common/src/tx_semaphore_prioritize.d" -MT"Middlewares/ST/threadx/common/src/tx_semaphore_prioritize.o" --specs=nano.specs -mfpu=fpv4-sp-d16 -mfloat-abi=hard -mthumb -o "Middlewares/ST/threadx/common/src/tx_semaphore_prioritize.o"
arm-none-eabi-gcc "../Middlewares/ST/threadx/common/src/tx_semaphore_put.c" -mcpu=cortex-m4 -std=gnu11 -g3 -DDEBUG -DUSE_HAL_DRIVER -DSTM32G474xx -DTX_INCLUDE_USER_DEFINE_FILE -c -I../Core/Inc -I../Drivers/STM32G4xx_HAL_Driver/Inc -I../Drivers/STM32G4xx_HAL_Driver/Inc/Legacy -I../Drivers/CMSIS/Device/ST/STM32G4xx/Include -I../Drivers/CMSIS/Include -I../AZURE_RTOS/App -I../Middlewares/ST/threadx/common/inc/ -I../Middlewares/ST/threadx/ports/cortex_m4/gnu/inc/ -O0 -ffunction-sections -fdata-sections -Wall -fstack-usage -fcyclomatic-complexity -MMD -MP -MF"Middlewares/ST/threadx/common/src/tx_semaphore_put.d" -MT"Middlewares/ST/threadx/common/src/tx_semaphore_put.o" --specs=nano.specs -mfpu=fpv4-sp-d16 -mfloat-abi=hard -mthumb -o "Middlewares/ST/threadx/common/src/tx_semaphore_put.o"
arm-none-eabi-gcc "../Middlewares/ST/threadx/common/src/tx_semaphore_put_notify.c" -mcpu=cortex-m4 -std=gnu11 -g3 -DDEBUG -DUSE_HAL_DRIVER -DSTM32G474xx -DTX_INCLUDE_USER_DEFINE_FILE -c -I../Core/Inc -I../Drivers/STM32G4xx_HAL_Driver/Inc -I../Drivers/STM32G4xx_HAL_Driver/Inc/Legacy -I../Drivers/CMSIS/Device/ST/STM32G4xx/Include -I../Drivers/CMSIS/Include -I../AZURE_RTOS/App -I../Middlewares/ST/threadx/common/inc/ -I../Middlewares/ST/threadx/ports/cortex_m4/gnu/inc/ -O0 -ffunction-sections -fdata-sections -Wall -fstack-usage -fcyclomatic-complexity -MMD -MP -MF"Middlewares/ST/threadx/common/src/tx_semaphore_put_notify.d" -MT"Middlewares/ST/threadx/common/src/tx_semaphore_put_notify.o" --specs=nano.specs -mfpu=fpv4-sp-d16 -mfloat-abi=hard -mthumb -o "Middlewares/ST/threadx/common/src/tx_semaphore_put_notify.o"
arm-none-eabi-gcc "../Middlewares/ST/threadx/common/src/tx_thread_create.c" -mcpu=cortex-m4 -std=gnu11 -g3 -DDEBUG -DUSE_HAL_DRIVER -DSTM32G474xx -DTX_INCLUDE_USER_DEFINE_FILE -c -I../Core/Inc -I../Drivers/STM32G4xx_HAL_Driver/Inc -I../Drivers/STM32G4xx_HAL_Driver/Inc/Legacy -I../Drivers/CMSIS/Device/ST/STM32G4xx/Include -I../Drivers/CMSIS/Include -I../AZURE_RTOS/App -I../Middlewares/ST/threadx/common/inc/ -I../Middlewares/ST/threadx/ports/cortex_m4/gnu/inc/ -O0 -ffunction-sections -fdata-sections -Wall -fstack-usage -fcyclomatic-complexity -MMD -MP -MF"Middlewares/ST/threadx/common/src/tx_thread_create.d" -MT"Middlewares/ST/threadx/common/src/tx_thread_create.o" --specs=nano.specs -mfpu=fpv4-sp-d16 -mfloat-abi=hard -mthumb -o "Middlewares/ST/threadx/common/src/tx_thread_create.o"
arm-none-eabi-gcc "../Middlewares/ST/threadx/common/src/tx_thread_delete.c" -mcpu=cortex-m4 -std=gnu11 -g3 -DDEBUG -DUSE_HAL_DRIVER -DSTM32G474xx -DTX_INCLUDE_USER_DEFINE_FILE -c -I../Core/Inc -I../Drivers/STM32G4xx_HAL_Driver/Inc -I../Drivers/STM32G4xx_HAL_Driver/Inc/Legacy -I../Drivers/CMSIS/Device/ST/STM32G4xx/Include -I../Drivers/CMSIS/Include -I../AZURE_RTOS/App -I../Middlewares/ST/threadx/common/inc/ -I../Middlewares/ST/threadx/ports/cortex_m4/gnu/inc/ -O0 -ffunction-sections -fdata-sections -Wall -fstack-usage -fcyclomatic-complexity -MMD -MP -MF"Middlewares/ST/threadx/common/src/tx_thread_delete.d" -MT"Middlewares/ST/threadx/common/src/tx_thread_delete.o" --specs=nano.specs -mfpu=fpv4-sp-d16 -mfloat-abi=hard -mthumb -o "Middlewares/ST/threadx/common/src/tx_thread_delete.o"
arm-none-eabi-gcc "../Middlewares/ST/threadx/common/src/tx_thread_entry_exit_notify.c" -mcpu=cortex-m4 -std=gnu11 -g3 -DDEBUG -DUSE_HAL_DRIVER -DSTM32G474xx -DTX_INCLUDE_USER_DEFINE_FILE -c -I../Core/Inc -I../Drivers/STM32G4xx_HAL_Driver/Inc -I../Drivers/STM32G4xx_HAL_Driver/Inc/Legacy -I../Drivers/CMSIS/Device/ST/STM32G4xx/Include -I../Drivers/CMSIS/Include -I../AZURE_RTOS/App -I../Middlewares/ST/threadx/common/inc/ -I../Middlewares/ST/threadx/ports/cortex_m4/gnu/inc/ -O0 -ffunction-sections -fdata-sections -Wall -fstack-usage -fcyclomatic-complexity -MMD -MP -MF"Middlewares/ST/threadx/common/src/tx_thread_entry_exit_notify.d" -MT"Middlewares/ST/threadx/common/src/tx_thread_entry_exit_notify.o" --specs=nano.specs -mfpu=fpv4-sp-d16 -mfloat-abi=hard -mthumb -o "Middlewares/ST/threadx/common/src/tx_thread_entry_exit_notify.o"
arm-none-eabi-gcc "../Middlewares/ST/threadx/common/src/tx_thread_identify.c" -mcpu=cortex-m4 -std=gnu11 -g3 -DDEBUG -DUSE_HAL_DRIVER -DSTM32G474xx -DTX_INCLUDE_USER_DEFINE_FILE -c -I../Core/Inc -I../Drivers/STM32G4xx_HAL_Driver/Inc -I../Drivers/STM32G4xx_HAL_Driver/Inc/Legacy -I../Drivers/CMSIS/Device/ST/STM32G4xx/Include -I../Drivers/CMSIS/Include -I../AZURE_RTOS/App -I../Middlewares/ST/threadx/common/inc/ -I../Middlewares/ST/threadx/ports/cortex_m4/gnu/inc/ -O0 -ffunction-sections -fdata-sections -Wall -fstack-usage -fcyclomatic-complexity -MMD -MP -MF"Middlewares/ST/threadx/common/src/tx_thread_identify.d" -MT"Middlewares/ST/threadx/common/src/tx_thread_identify.o" --specs=nano.specs -mfpu=fpv4-sp-d16 -mfloat-abi=hard -mthumb -o "Middlewares/ST/threadx/common/src/tx_thread_identify.o"
arm-none-eabi-gcc "../Middlewares/ST/threadx/common/src/tx_thread_info_get.c" -mcpu=cortex-m4 -std=gnu11 -g3 -DDEBUG -DUSE_HAL_DRIVER -DSTM32G474xx -DTX_INCLUDE_USER_DEFINE_FILE -c -I../Core/Inc -I../Drivers/STM32G4xx_HAL_Driver/Inc -I../Drivers/STM32G4xx_HAL_Driver/Inc/Legacy -I../Drivers/CMSIS/Device/ST/STM32G4xx/Include -I../Drivers/CMSIS/Include -I../AZURE_RTOS/App -I../Middlewares/ST/threadx/common/inc/ -I../Middlewares/ST/threadx/ports/cortex_m4/gnu/inc/ -O0 -ffunction-sections -fdata-sections -Wall -fstack-usage -fcyclomatic-complexity -MMD -MP -MF"Middlewares/ST/threadx/common/src/tx_thread_info_get.d" -MT"Middlewares/ST/threadx/common/src/tx_thread_info_get.o" --specs=nano.specs -mfpu=fpv4-sp-d16 -mfloat-abi=hard -mthumb -o "Middlewares/ST/threadx/common/src/tx_thread_info_get.o"
arm-none-eabi-gcc "../Middlewares/ST/threadx/common/src/tx_thread_initialize.c" -mcpu=cortex-m4 -std=gnu11 -g3 -DDEBUG -DUSE_HAL_DRIVER -DSTM32G474xx -DTX_INCLUDE_USER_DEFINE_FILE -c -I../Core/Inc -I../Drivers/STM32G4xx_HAL_Driver/Inc -I../Drivers/STM32G4xx_HAL_Driver/Inc/Legacy -I../Drivers/CMSIS/Device/ST/STM32G4xx/Include -I../Drivers/CMSIS/Include -I../AZURE_RTOS/App -I../Middlewares/ST/threadx/common/inc/ -I../Middlewares/ST/threadx/ports/cortex_m4/gnu/inc/ -O0 -ffunction-sections -fdata-sections -Wall -fstack-usage -fcyclomatic-complexity -MMD -MP -MF"Middlewares/ST/threadx/common/src/tx_thread_initialize.d" -MT"Middlewares/ST/threadx/common/src/tx_thread_initialize.o" --specs=nano.specs -mfpu=fpv4-sp-d16 -mfloat-abi=hard -mthumb -o "Middlewares/ST/threadx/common/src/tx_thread_initialize.o"
arm-none-eabi-gcc "../Middlewares/ST/threadx/common/src/tx_thread_preemption_change.c" -mcpu=cortex-m4 -std=gnu11 -g3 -DDEBUG -DUSE_HAL_DRIVER -DSTM32G474xx -DTX_INCLUDE_USER_DEFINE_FILE -c -I../Core/Inc -I../Drivers/STM32G4xx_HAL_Driver/Inc -I../Drivers/STM32G4xx_HAL_Driver/Inc/Legacy -I../Drivers/CMSIS/Device/ST/STM32G4xx/Include -I../Drivers/CMSIS/Include -I../AZURE_RTOS/App -I../Middlewares/ST/threadx/common/inc/ -I../Middlewares/ST/threadx/ports/cortex_m4/gnu/inc/ -O0 -ffunction-sections -fdata-sections -Wall -fstack-usage -fcyclomatic-complexity -MMD -MP -MF"Middlewares/ST/threadx/common/src/tx_thread_preemption_change.d" -MT"Middlewares/ST/threadx/common/src/tx_thread_preemption_change.o" --specs=nano.specs -mfpu=fpv4-sp-d16 -mfloat-abi=hard -mthumb -o "Middlewares/ST/threadx/common/src/tx_thread_preemption_change.o"
arm-none-eabi-gcc "../Middlewares/ST/threadx/common/src/tx_thread_priority_change.c" -mcpu=cortex-m4 -std=gnu11 -g3 -DDEBUG -DUSE_HAL_DRIVER -DSTM32G474xx -DTX_INCLUDE_USER_DEFINE_FILE -c -I../Core/Inc -I../Drivers/STM32G4xx_HAL_Driver/Inc -I../Drivers/STM32G4xx_HAL_Driver/Inc/Legacy -I../Drivers/CMSIS/Device/ST/STM32G4xx/Include -I../Drivers/CMSIS/Include -I../AZURE_RTOS/App -I../Middlewares/ST/threadx/common/inc/ -I../Middlewares/ST/threadx/ports/cortex_m4/gnu/inc/ -O0 -ffunction-sections -fdata-sections -Wall -fstack-usage -fcyclomatic-complexity -MMD -MP -MF"Middlewares/ST/threadx/common/src/tx_thread_priority_change.d" -MT"Middlewares/ST/threadx/common/src/tx_thread_priority_change.o" --specs=nano.specs -mfpu=fpv4-sp-d16 -mfloat-abi=hard -mthumb -o "Middlewares/ST/threadx/common/src/tx_thread_priority_change.o"
arm-none-eabi-gcc "../Middlewares/ST/threadx/common/src/tx_thread_relinquish.c" -mcpu=cortex-m4 -std=gnu11 -g3 -DDEBUG -DUSE_HAL_DRIVER -DSTM32G474xx -DTX_INCLUDE_USER_DEFINE_FILE -c -I../Core/Inc -I../Drivers/STM32G4xx_HAL_Driver/Inc -I../Drivers/STM32G4xx_HAL_Driver/Inc/Legacy -I../Drivers/CMSIS/Device/ST/STM32G4xx/Include -I../Drivers/CMSIS/Include -I../AZURE_RTOS/App -I../Middlewares/ST/threadx/common/inc/ -I../Middlewares/ST/threadx/ports/cortex_m4/gnu/inc/ -O0 -ffunction-sections -fdata-sections -Wall -fstack-usage -fcyclomatic-complexity -MMD -MP -MF"Middlewares/ST/threadx/common/src/tx_thread_relinquish.d" -MT"Middlewares/ST/threadx/common/src/tx_thread_relinquish.o" --specs=nano.specs -mfpu=fpv4-sp-d16 -mfloat-abi=hard -mthumb -o "Middlewares/ST/threadx/common/src/tx_thread_relinquish.o"
arm-none-eabi-gcc "../Middlewares/ST/threadx/common/src/tx_thread_reset.c" -mcpu=cortex-m4 -std=gnu11 -g3 -DDEBUG -DUSE_HAL_DRIVER -DSTM32G474xx -DTX_INCLUDE_USER_DEFINE_FILE -c -I../Core/Inc -I../Drivers/STM32G4xx_HAL_Driver/Inc -I../Drivers/STM32G4xx_HAL_Driver/Inc/Legacy -I../Drivers/CMSIS/Device/ST/STM32G4xx/Include -I../Drivers/CMSIS/Include -I../AZURE_RTOS/App -I../Middlewares/ST/threadx/common/inc/ -I../Middlewares/ST/threadx/ports/cortex_m4/gnu/inc/ -O0 -ffunction-sections -fdata-sections -Wall -fstack-usage -fcyclomatic-complexity -MMD -MP -MF"Middlewares/ST/threadx/common/src/tx_thread_reset.d" -MT"Middlewares/ST/threadx/common/src/tx_thread_reset.o" --specs=nano.specs -mfpu=fpv4-sp-d16 -mfloat-abi=hard -mthumb -o "Middlewares/ST/threadx/common/src/tx_thread_reset.o"
arm-none-eabi-gcc "../Middlewares/ST/threadx/common/src/tx_thread_resume.c" -mcpu=cortex-m4 -std=gnu11 -g3 -DDEBUG -DUSE_HAL_DRIVER -DSTM32G474xx -DTX_INCLUDE_USER_DEFINE_FILE -c -I../Core/Inc -I../Drivers/STM32G4xx_HAL_Driver/Inc -I../Drivers/STM32G4xx_HAL_Driver/Inc/Legacy -I../Drivers/CMSIS/Device/ST/STM32G4xx/Include -I../Drivers/CMSIS/Include -I../AZURE_RTOS/App -I../Middlewares/ST/threadx/common/inc/ -I../Middlewares/ST/threadx/ports/cortex_m4/gnu/inc/ -O0 -ffunction-sections -fdata-sections -Wall -fstack-usage -fcyclomatic-complexity -MMD -MP -MF"Middlewares/ST/threadx/common/src/tx_thread_resume.d" -MT"Middlewares/ST/threadx/common/src/tx_thread_resume.o" --specs=nano.specs -mfpu=fpv4-sp-d16 -mfloat-abi=hard -mthumb -o "Middlewares/ST/threadx/common/src/tx_thread_resume.o"
arm-none-eabi-gcc "../Middlewares/ST/threadx/common/src/tx_thread_shell_entry.c" -mcpu=cortex-m4 -std=gnu11 -g3 -DDEBUG -DUSE_HAL_DRIVER -DSTM32G474xx -DTX_INCLUDE_USER_DEFINE_FILE -c -I../Core/Inc -I../Drivers/STM32G4xx_HAL_Driver/Inc -I../Drivers/STM32G4xx_HAL_Driver/Inc/Legacy -I../Drivers/CMSIS/Device/ST/STM32G4xx/Include -I../Drivers/CMSIS/Include -I../AZURE_RTOS/App -I../Middlewares/ST/threadx/common/inc/ -I../Middlewares/ST/threadx/ports/cortex_m4/gnu/inc/ -O0 -ffunction-sections -fdata-sections -Wall -fstack-usage -fcyclomatic-complexity -MMD -MP -MF"Middlewares/ST/threadx/common/src/tx_thread_shell_entry.d" -MT"Middlewares/ST/threadx/common/src/tx_thread_shell_entry.o" --specs=nano.specs -mfpu=fpv4-sp-d16 -mfloat-abi=hard -mthumb -o "Middlewares/ST/threadx/common/src/tx_thread_shell_entry.o"
arm-none-eabi-gcc "../Middlewares/ST/threadx/common/src/tx_thread_sleep.c" -mcpu=cortex-m4 -std=gnu11 -g3 -DDEBUG -DUSE_HAL_DRIVER -DSTM32G474xx -DTX_INCLUDE_USER_DEFINE_FILE -c -I../Core/Inc -I../Drivers/STM32G4xx_HAL_Driver/Inc -I../Drivers/STM32G4xx_HAL_Driver/Inc/Legacy -I../Drivers/CMSIS/Device/ST/STM32G4xx/Include -I../Drivers/CMSIS/Include -I../AZURE_RTOS/App -I../Middlewares/ST/threadx/common/inc/ -I../Middlewares/ST/threadx/ports/cortex_m4/gnu/inc/ -O0 -ffunction-sections -fdata-sections -Wall -fstack-usage -fcyclomatic-complexity -MMD -MP -MF"Middlewares/ST/threadx/common/src/tx_thread_sleep.d" -MT"Middlewares/ST/threadx/common/src/tx_thread_sleep.o" --specs=nano.specs -mfpu=fpv4-sp-d16 -mfloat-abi=hard -mthumb -o "Middlewares/ST/threadx/common/src/tx_thread_sleep.o"
arm-none-eabi-gcc "../Middlewares/ST/threadx/common/src/tx_thread_stack_analyze.c" -mcpu=cortex-m4 -std=gnu11 -g3 -DDEBUG -DUSE_HAL_DRIVER -DSTM32G474xx -DTX_INCLUDE_USER_DEFINE_FILE -c -I../Core/Inc -I../Drivers/STM32G4xx_HAL_Driver/Inc -I../Drivers/STM32G4xx_HAL_Driver/Inc/Legacy -I../Drivers/CMSIS/Device/ST/STM32G4xx/Include -I../Drivers/CMSIS/Include -I../AZURE_RTOS/App -I../Middlewares/ST/threadx/common/inc/ -I../Middlewares/ST/threadx/ports/cortex_m4/gnu/inc/ -O0 -ffunction-sections -fdata-sections -Wall -fstack-usage -fcyclomatic-complexity -MMD -MP -MF"Middlewares/ST/threadx/common/src/tx_thread_stack_analyze.d" -MT"Middlewares/ST/threadx/common/src/tx_thread_stack_analyze.o" --specs=nano.specs -mfpu=fpv4-sp-d16 -mfloat-abi=hard -mthumb -o "Middlewares/ST/threadx/common/src/tx_thread_stack_analyze.o"
arm-none-eabi-gcc "../Middlewares/ST/threadx/common/src/tx_thread_stack_error_handler.c" -mcpu=cortex-m4 -std=gnu11 -g3 -DDEBUG -DUSE_HAL_DRIVER -DSTM32G474xx -DTX_INCLUDE_USER_DEFINE_FILE -c -I../Core/Inc -I../Drivers/STM32G4xx_HAL_Driver/Inc -I../Drivers/STM32G4xx_HAL_Driver/Inc/Legacy -I../Drivers/CMSIS/Device/ST/STM32G4xx/Include -I../Drivers/CMSIS/Include -I../AZURE_RTOS/App -I../Middlewares/ST/threadx/common/inc/ -I../Middlewares/ST/threadx/ports/cortex_m4/gnu/inc/ -O0 -ffunction-sections -fdata-sections -Wall -fstack-usage -fcyclomatic-complexity -MMD -MP -MF"Middlewares/ST/threadx/common/src/tx_thread_stack_error_handler.d" -MT"Middlewares/ST/threadx/common/src/tx_thread_stack_error_handler.o" --specs=nano.specs -mfpu=fpv4-sp-d16 -mfloat-abi=hard -mthumb -o "Middlewares/ST/threadx/common/src/tx_thread_stack_error_handler.o"
arm-none-eabi-gcc "../Middlewares/ST/threadx/common/src/tx_thread_stack_error_notify.c" -mcpu=cortex-m4 -std=gnu11 -g3 -DDEBUG -DUSE_HAL_DRIVER -DSTM32G474xx -DTX_INCLUDE_USER_DEFINE_FILE -c -I../Core/Inc -I../Drivers/STM32G4xx_HAL_Driver/Inc -I../Drivers/STM32G4xx_HAL_Driver/Inc/Legacy -I../Drivers/CMSIS/Device/ST/STM32G4xx/Include -I../Drivers/CMSIS/Include -I../AZURE_RTOS/App -I../Middlewares/ST/threadx/common/inc/ -I../Middlewares/ST/threadx/ports/cortex_m4/gnu/inc/ -O0 -ffunction-sections -fdata-sections -Wall -fstack-usage -fcyclomatic-complexity -MMD -MP -MF"Middlewares/ST/threadx/common/src/tx_thread_stack_error_notify.d" -MT"Middlewares/ST/threadx/common/src/tx_thread_stack_error_notify.o" --specs=nano.specs -mfpu=fpv4-sp-d16 -mfloat-abi=hard -mthumb -o "Middlewares/ST/threadx/common/src/tx_thread_stack_error_notify.o"
arm-none-eabi-gcc "../Middlewares/ST/threadx/common/src/tx_thread_suspend.c" -mcpu=cortex-m4 -std=gnu11 -g3 -DDEBUG -DUSE_HAL_DRIVER -DSTM32G474xx -DTX_INCLUDE_USER_DEFINE_FILE -c -I../Core/Inc -I../Drivers/STM32G4xx_HAL_Driver/Inc -I../Drivers/STM32G4xx_HAL_Driver/Inc/Legacy -I../Drivers/CMSIS/Device/ST/STM32G4xx/Include -I../Drivers/CMSIS/Include -I../AZURE_RTOS/App -I../Middlewares/ST/threadx/common/inc/ -I../Middlewares/ST/threadx/ports/cortex_m4/gnu/inc/ -O0 -ffunction-sections -fdata-sections -Wall -fstack-usage -fcyclomatic-complexity -MMD -MP -MF"Middlewares/ST/threadx/common/src/tx_thread_suspend.d" -MT"Middlewares/ST/threadx/common/src/tx_thread_suspend.o" --specs=nano.specs -mfpu=fpv4-sp-d16 -mfloat-abi=hard -mthumb -o "Middlewares/ST/threadx/common/src/tx_thread_suspend.o"
arm-none-eabi-gcc "../Middlewares/ST/threadx/common/src/tx_thread_system_preempt_check.c" -mcpu=cortex-m4 -std=gnu11 -g3 -DDEBUG -DUSE_HAL_DRIVER -DSTM32G474xx -DTX_INCLUDE_USER_DEFINE_FILE -c -I../Core/Inc -I../Drivers/STM32G4xx_HAL_Driver/Inc -I../Drivers/STM32G4xx_HAL_Driver/Inc/Legacy -I../Drivers/CMSIS/Device/ST/STM32G4xx/Include -I../Drivers/CMSIS/Include -I../AZURE_RTOS/App -I../Middlewares/ST/threadx/common/inc/ -I../Middlewares/ST/threadx/ports/cortex_m4/gnu/inc/ -O0 -ffunction-sections -fdata-sections -Wall -fstack-usage -fcyclomatic-complexity -MMD -MP -MF"Middlewares/ST/threadx/common/src/tx_thread_system_preempt_check.d" -MT"Middlewares/ST/threadx/common/src/tx_thread_system_preempt_check.o" --specs=nano.specs -mfpu=fpv4-sp-d16 -mfloat-abi=hard -mthumb -o "Middlewares/ST/threadx/common/src/tx_thread_system_preempt_check.o"
arm-none-eabi-gcc "../Middlewares/ST/threadx/common/src/tx_thread_system_resume.c" -mcpu=cortex-m4 -std=gnu11 -g3 -DDEBUG -DUSE_HAL_DRIVER -DSTM32G474xx -DTX_INCLUDE_USER_DEFINE_FILE -c -I../Core/Inc -I../Drivers/STM32G4xx_HAL_Driver/Inc -I../Drivers/STM32G4xx_HAL_Driver/Inc/Legacy -I../Drivers/CMSIS/Device/ST/STM32G4xx/Include -I../Drivers/CMSIS/Include -I../AZURE_RTOS/App -I../Middlewares/ST/threadx/common/inc/ -I../Middlewares/ST/threadx/ports/cortex_m4/gnu/inc/ -O0 -ffunction-sections -fdata-sections -Wall -fstack-usage -fcyclomatic-complexity -MMD -MP -MF"Middlewares/ST/threadx/common/src/tx_thread_system_resume.d" -MT"Middlewares/ST/threadx/common/src/tx_thread_system_resume.o" --specs=nano.specs -mfpu=fpv4-sp-d16 -mfloat-abi=hard -mthumb -o "Middlewares/ST/threadx/common/src/tx_thread_system_resume.o"
arm-none-eabi-gcc "../Middlewares/ST/threadx/common/src/tx_thread_system_suspend.c" -mcpu=cortex-m4 -std=gnu11 -g3 -DDEBUG -DUSE_HAL_DRIVER -DSTM32G474xx -DTX_INCLUDE_USER_DEFINE_FILE -c -I../Core/Inc -I../Drivers/STM32G4xx_HAL_Driver/Inc -I../Drivers/STM32G4xx_HAL_Driver/Inc/Legacy -I../Drivers/CMSIS/Device/ST/STM32G4xx/Include -I../Drivers/CMSIS/Include -I../AZURE_RTOS/App -I../Middlewares/ST/threadx/common/inc/ -I../Middlewares/ST/threadx/ports/cortex_m4/gnu/inc/ -O0 -ffunction-sections -fdata-sections -Wall -fstack-usage -fcyclomatic-complexity -MMD -MP -MF"Middlewares/ST/threadx/common/src/tx_thread_system_suspend.d" -MT"Middlewares/ST/threadx/common/src/tx_thread_system_suspend.o" --specs=nano.specs -mfpu=fpv4-sp-d16 -mfloat-abi=hard -mthumb -o "Middlewares/ST/threadx/common/src/tx_thread_system_suspend.o"
arm-none-eabi-gcc "../Middlewares/ST/threadx/common/src/tx_thread_terminate.c" -mcpu=cortex-m4 -std=gnu11 -g3 -DDEBUG -DUSE_HAL_DRIVER -DSTM32G474xx -DTX_INCLUDE_USER_DEFINE_FILE -c -I../Core/Inc -I../Drivers/STM32G4xx_HAL_Driver/Inc -I../Drivers/STM32G4xx_HAL_Driver/Inc/Legacy -I../Drivers/CMSIS/Device/ST/STM32G4xx/Include -I../Drivers/CMSIS/Include -I../AZURE_RTOS/App -I../Middlewares/ST/threadx/common/inc/ -I../Middlewares/ST/threadx/ports/cortex_m4/gnu/inc/ -O0 -ffunction-sections -fdata-sections -Wall -fstack-usage -fcyclomatic-complexity -MMD -MP -MF"Middlewares/ST/threadx/common/src/tx_thread_terminate.d" -MT"Middlewares/ST/threadx/common/src/tx_thread_terminate.o" --specs=nano.specs -mfpu=fpv4-sp-d16 -mfloat-abi=hard -mthumb -o "Middlewares/ST/threadx/common/src/tx_thread_terminate.o"
arm-none-eabi-gcc "../Middlewares/ST/threadx/common/src/tx_thread_time_slice.c" -mcpu=cortex-m4 -std=gnu11 -g3 -DDEBUG -DUSE_HAL_DRIVER -DSTM32G474xx -DTX_INCLUDE_USER_DEFINE_FILE -c -I../Core/Inc -I../Drivers/STM32G4xx_HAL_Driver/Inc -I../Drivers/STM32G4xx_HAL_Driver/Inc/Legacy -I../Drivers/CMSIS/Device/ST/STM32G4xx/Include -I../Drivers/CMSIS/Include -I../AZURE_RTOS/App -I../Middlewares/ST/threadx/common/inc/ -I../Middlewares/ST/threadx/ports/cortex_m4/gnu/inc/ -O0 -ffunction-sections -fdata-sections -Wall -fstack-usage -fcyclomatic-complexity -MMD -MP -MF"Middlewares/ST/threadx/common/src/tx_thread_time_slice.d" -MT"Middlewares/ST/threadx/common/src/tx_thread_time_slice.o" --specs=nano.specs -mfpu=fpv4-sp-d16 -mfloat-abi=hard -mthumb -o "Middlewares/ST/threadx/common/src/tx_thread_time_slice.o"
arm-none-eabi-gcc "../Middlewares/ST/threadx/common/src/tx_thread_time_slice_change.c" -mcpu=cortex-m4 -std=gnu11 -g3 -DDEBUG -DUSE_HAL_DRIVER -DSTM32G474xx -DTX_INCLUDE_USER_DEFINE_FILE -c -I../Core/Inc -I../Drivers/STM32G4xx_HAL_Driver/Inc -I../Drivers/STM32G4xx_HAL_Driver/Inc/Legacy -I../Drivers/CMSIS/Device/ST/STM32G4xx/Include -I../Drivers/CMSIS/Include -I../AZURE_RTOS/App -I../Middlewares/ST/threadx/common/inc/ -I../Middlewares/ST/threadx/ports/cortex_m4/gnu/inc/ -O0 -ffunction-sections -fdata-sections -Wall -fstack-usage -fcyclomatic-complexity -MMD -MP -MF"Middlewares/ST/threadx/common/src/tx_thread_time_slice_change.d" -MT"Middlewares/ST/threadx/common/src/tx_thread_time_slice_change.o" --specs=nano.specs -mfpu=fpv4-sp-d16 -mfloat-abi=hard -mthumb -o "Middlewares/ST/threadx/common/src/tx_thread_time_slice_change.o"
arm-none-eabi-gcc "../Middlewares/ST/threadx/common/src/tx_thread_timeout.c" -mcpu=cortex-m4 -std=gnu11 -g3 -DDEBUG -DUSE_HAL_DRIVER -DSTM32G474xx -DTX_INCLUDE_USER_DEFINE_FILE -c -I../Core/Inc -I../Drivers/STM32G4xx_HAL_Driver/Inc -I../Drivers/STM32G4xx_HAL_Driver/Inc/Legacy -I../Drivers/CMSIS/Device/ST/STM32G4xx/Include -I../Drivers/CMSIS/Include -I../AZURE_RTOS/App -I../Middlewares/ST/threadx/common/inc/ -I../Middlewares/ST/threadx/ports/cortex_m4/gnu/inc/ -O0 -ffunction-sections -fdata-sections -Wall -fstack-usage -fcyclomatic-complexity -MMD -MP -MF"Middlewares/ST/threadx/common/src/tx_thread_timeout.d" -MT"Middlewares/ST/threadx/common/src/tx_thread_timeout.o" --specs=nano.specs -mfpu=fpv4-sp-d16 -mfloat-abi=hard -mthumb -o "Middlewares/ST/threadx/common/src/tx_thread_timeout.o"
arm-none-eabi-gcc "../Middlewares/ST/threadx/common/src/tx_thread_wait_abort.c" -mcpu=cortex-m4 -std=gnu11 -g3 -DDEBUG -DUSE_HAL_DRIVER -DSTM32G474xx -DTX_INCLUDE_USER_DEFINE_FILE -c -I../Core/Inc -I../Drivers/STM32G4xx_HAL_Driver/Inc -I../Drivers/STM32G4xx_HAL_Driver/Inc/Legacy -I../Drivers/CMSIS/Device/ST/STM32G4xx/Include -I../Drivers/CMSIS/Include -I../AZURE_RTOS/App -I../Middlewares/ST/threadx/common/inc/ -I../Middlewares/ST/threadx/ports/cortex_m4/gnu/inc/ -O0 -ffunction-sections -fdata-sections -Wall -fstack-usage -fcyclomatic-complexity -MMD -MP -MF"Middlewares/ST/threadx/common/src/tx_thread_wait_abort.d" -MT"Middlewares/ST/threadx/common/src/tx_thread_wait_abort.o" --specs=nano.specs -mfpu=fpv4-sp-d16 -mfloat-abi=hard -mthumb -o "Middlewares/ST/threadx/common/src/tx_thread_wait_abort.o"
arm-none-eabi-gcc "../Middlewares/ST/threadx/common/src/tx_time_get.c" -mcpu=cortex-m4 -std=gnu11 -g3 -DDEBUG -DUSE_HAL_DRIVER -DSTM32G474xx -DTX_INCLUDE_USER_DEFINE_FILE -c -I../Core/Inc -I../Drivers/STM32G4xx_HAL_Driver/Inc -I../Drivers/STM32G4xx_HAL_Driver/Inc/Legacy -I../Drivers/CMSIS/Device/ST/STM32G4xx/Include -I../Drivers/CMSIS/Include -I../AZURE_RTOS/App -I../Middlewares/ST/threadx/common/inc/ -I../Middlewares/ST/threadx/ports/cortex_m4/gnu/inc/ -O0 -ffunction-sections -fdata-sections -Wall -fstack-usage -fcyclomatic-complexity -MMD -MP -MF"Middlewares/ST/threadx/common/src/tx_time_get.d" -MT"Middlewares/ST/threadx/common/src/tx_time_get.o" --specs=nano.specs -mfpu=fpv4-sp-d16 -mfloat-abi=hard -mthumb -o "Middlewares/ST/threadx/common/src/tx_time_get.o"
arm-none-eabi-gcc "../Middlewares/ST/threadx/common/src/tx_time_set.c" -mcpu=cortex-m4 -std=gnu11 -g3 -DDEBUG -DUSE_HAL_DRIVER -DSTM32G474xx -DTX_INCLUDE_USER_DEFINE_FILE -c -I../Core/Inc -I../Drivers/STM32G4xx_HAL_Driver/Inc -I../Drivers/STM32G4xx_HAL_Driver/Inc/Legacy -I../Drivers/CMSIS/Device/ST/STM32G4xx/Include -I../Drivers/CMSIS/Include -I../AZURE_RTOS/App -I../Middlewares/ST/threadx/common/inc/ -I../Middlewares/ST/threadx/ports/cortex_m4/gnu/inc/ -O0 -ffunction-sections -fdata-sections -Wall -fstack-usage -fcyclomatic-complexity -MMD -MP -MF"Middlewares/ST/threadx/common/src/tx_time_set.d" -MT"Middlewares/ST/threadx/common/src/tx_time_set.o" --specs=nano.specs -mfpu=fpv4-sp-d16 -mfloat-abi=hard -mthumb -o "Middlewares/ST/threadx/common/src/tx_time_set.o"
arm-none-eabi-gcc "../Middlewares/ST/threadx/common/src/tx_timer_activate.c" -mcpu=cortex-m4 -std=gnu11 -g3 -DDEBUG -DUSE_HAL_DRIVER -DSTM32G474xx -DTX_INCLUDE_USER_DEFINE_FILE -c -I../Core/Inc -I../Drivers/STM32G4xx_HAL_Driver/Inc -I../Drivers/STM32G4xx_HAL_Driver/Inc/Legacy -I../Drivers/CMSIS/Device/ST/STM32G4xx/Include -I../Drivers/CMSIS/Include -I../AZURE_RTOS/App -I../Middlewares/ST/threadx/common/inc/ -I../Middlewares/ST/threadx/ports/cortex_m4/gnu/inc/ -O0 -ffunction-sections -fdata-sections -Wall -fstack-usage -fcyclomatic-complexity -MMD -MP -MF"Middlewares/ST/threadx/common/src/tx_timer_activate.d" -MT"Middlewares/ST/threadx/common/src/tx_timer_activate.o" --specs=nano.specs -mfpu=fpv4-sp-d16 -mfloat-abi=hard -mthumb -o "Middlewares/ST/threadx/common/src/tx_timer_activate.o"
arm-none-eabi-gcc "../Middlewares/ST/threadx/common/src/tx_timer_change.c" -mcpu=cortex-m4 -std=gnu11 -g3 -DDEBUG -DUSE_HAL_DRIVER -DSTM32G474xx -DTX_INCLUDE_USER_DEFINE_FILE -c -I../Core/Inc -I../Drivers/STM32G4xx_HAL_Driver/Inc -I../Drivers/STM32G4xx_HAL_Driver/Inc/Legacy -I../Drivers/CMSIS/Device/ST/STM32G4xx/Include -I../Drivers/CMSIS/Include -I../AZURE_RTOS/App -I../Middlewares/ST/threadx/common/inc/ -I../Middlewares/ST/threadx/ports/cortex_m4/gnu/inc/ -O0 -ffunction-sections -fdata-sections -Wall -fstack-usage -fcyclomatic-complexity -MMD -MP -MF"Middlewares/ST/threadx/common/src/tx_timer_change.d" -MT"Middlewares/ST/threadx/common/src/tx_timer_change.o" --specs=nano.specs -mfpu=fpv4-sp-d16 -mfloat-abi=hard -mthumb -o "Middlewares/ST/threadx/common/src/tx_timer_change.o"
arm-none-eabi-gcc "../Middlewares/ST/threadx/common/src/tx_timer_create.c" -mcpu=cortex-m4 -std=gnu11 -g3 -DDEBUG -DUSE_HAL_DRIVER -DSTM32G474xx -DTX_INCLUDE_USER_DEFINE_FILE -c -I../Core/Inc -I../Drivers/STM32G4xx_HAL_Driver/Inc -I../Drivers/STM32G4xx_HAL_Driver/Inc/Legacy -I../Drivers/CMSIS/Device/ST/STM32G4xx/Include -I../Drivers/CMSIS/Include -I../AZURE_RTOS/App -I../Middlewares/ST/threadx/common/inc/ -I../Middlewares/ST/threadx/ports/cortex_m4/gnu/inc/ -O0 -ffunction-sections -fdata-sections -Wall -fstack-usage -fcyclomatic-complexity -MMD -MP -MF"Middlewares/ST/threadx/common/src/tx_timer_create.d" -MT"Middlewares/ST/threadx/common/src/tx_timer_create.o" --specs=nano.specs -mfpu=fpv4-sp-d16 -mfloat-abi=hard -mthumb -o "Middlewares/ST/threadx/common/src/tx_timer_create.o"
arm-none-eabi-gcc "../Middlewares/ST/threadx/common/src/tx_timer_deactivate.c" -mcpu=cortex-m4 -std=gnu11 -g3 -DDEBUG -DUSE_HAL_DRIVER -DSTM32G474xx -DTX_INCLUDE_USER_DEFINE_FILE -c -I../Core/Inc -I../Drivers/STM32G4xx_HAL_Driver/Inc -I../Drivers/STM32G4xx_HAL_Driver/Inc/Legacy -I../Drivers/CMSIS/Device/ST/STM32G4xx/Include -I../Drivers/CMSIS/Include -I../AZURE_RTOS/App -I../Middlewares/ST/threadx/common/inc/ -I../Middlewares/ST/threadx/ports/cortex_m4/gnu/inc/ -O0 -ffunction-sections -fdata-sections -Wall -fstack-usage -fcyclomatic-complexity -MMD -MP -MF"Middlewares/ST/threadx/common/src/tx_timer_deactivate.d" -MT"Middlewares/ST/threadx/common/src/tx_timer_deactivate.o" --specs=nano.specs -mfpu=fpv4-sp-d16 -mfloat-abi=hard -mthumb -o "Middlewares/ST/threadx/common/src/tx_timer_deactivate.o"
arm-none-eabi-gcc "../Middlewares/ST/threadx/common/src/tx_timer_delete.c" -mcpu=cortex-m4 -std=gnu11 -g3 -DDEBUG -DUSE_HAL_DRIVER -DSTM32G474xx -DTX_INCLUDE_USER_DEFINE_FILE -c -I../Core/Inc -I../Drivers/STM32G4xx_HAL_Driver/Inc -I../Drivers/STM32G4xx_HAL_Driver/Inc/Legacy -I../Drivers/CMSIS/Device/ST/STM32G4xx/Include -I../Drivers/CMSIS/Include -I../AZURE_RTOS/App -I../Middlewares/ST/threadx/common/inc/ -I../Middlewares/ST/threadx/ports/cortex_m4/gnu/inc/ -O0 -ffunction-sections -fdata-sections -Wall -fstack-usage -fcyclomatic-complexity -MMD -MP -MF"Middlewares/ST/threadx/common/src/tx_timer_delete.d" -MT"Middlewares/ST/threadx/common/src/tx_timer_delete.o" --specs=nano.specs -mfpu=fpv4-sp-d16 -mfloat-abi=hard -mthumb -o "Middlewares/ST/threadx/common/src/tx_timer_delete.o"
arm-none-eabi-gcc "../Middlewares/ST/threadx/common/src/tx_timer_expiration_process.c" -mcpu=cortex-m4 -std=gnu11 -g3 -DDEBUG -DUSE_HAL_DRIVER -DSTM32G474xx -DTX_INCLUDE_USER_DEFINE_FILE -c -I../Core/Inc -I../Drivers/STM32G4xx_HAL_Driver/Inc -I../Drivers/STM32G4xx_HAL_Driver/Inc/Legacy -I../Drivers/CMSIS/Device/ST/STM32G4xx/Include -I../Drivers/CMSIS/Include -I../AZURE_RTOS/App -I../Middlewares/ST/threadx/common/inc/ -I../Middlewares/ST/threadx/ports/cortex_m4/gnu/inc/ -O0 -ffunction-sections -fdata-sections -Wall -fstack-usage -fcyclomatic-complexity -MMD -MP -MF"Middlewares/ST/threadx/common/src/tx_timer_expiration_process.d" -MT"Middlewares/ST/threadx/common/src/tx_timer_expiration_process.o" --specs=nano.specs -mfpu=fpv4-sp-d16 -mfloat-abi=hard -mthumb -o "Middlewares/ST/threadx/common/src/tx_timer_expiration_process.o"
arm-none-eabi-gcc "../Middlewares/ST/threadx/common/src/tx_timer_info_get.c" -mcpu=cortex-m4 -std=gnu11 -g3 -DDEBUG -DUSE_HAL_DRIVER -DSTM32G474xx -DTX_INCLUDE_USER_DEFINE_FILE -c -I../Core/Inc -I../Drivers/STM32G4xx_HAL_Driver/Inc -I../Drivers/STM32G4xx_HAL_Driver/Inc/Legacy -I../Drivers/CMSIS/Device/ST/STM32G4xx/Include -I../Drivers/CMSIS/Include -I../AZURE_RTOS/App -I../Middlewares/ST/threadx/common/inc/ -I../Middlewares/ST/threadx/ports/cortex_m4/gnu/inc/ -O0 -ffunction-sections -fdata-sections -Wall -fstack-usage -fcyclomatic-complexity -MMD -MP -MF"Middlewares/ST/threadx/common/src/tx_timer_info_get.d" -MT"Middlewares/ST/threadx/common/src/tx_timer_info_get.o" --specs=nano.specs -mfpu=fpv4-sp-d16 -mfloat-abi=hard -mthumb -o "Middlewares/ST/threadx/common/src/tx_timer_info_get.o"
arm-none-eabi-gcc "../Middlewares/ST/threadx/common/src/tx_timer_initialize.c" -mcpu=cortex-m4 -std=gnu11 -g3 -DDEBUG -DUSE_HAL_DRIVER -DSTM32G474xx -DTX_INCLUDE_USER_DEFINE_FILE -c -I../Core/Inc -I../Drivers/STM32G4xx_HAL_Driver/Inc -I../Drivers/STM32G4xx_HAL_Driver/Inc/Legacy -I../Drivers/CMSIS/Device/ST/STM32G4xx/Include -I../Drivers/CMSIS/Include -I../AZURE_RTOS/App -I../Middlewares/ST/threadx/common/inc/ -I../Middlewares/ST/threadx/ports/cortex_m4/gnu/inc/ -O0 -ffunction-sections -fdata-sections -Wall -fstack-usage -fcyclomatic-complexity -MMD -MP -MF"Middlewares/ST/threadx/common/src/tx_timer_initialize.d" -MT"Middlewares/ST/threadx/common/src/tx_timer_initialize.o" --specs=nano.specs -mfpu=fpv4-sp-d16 -mfloat-abi=hard -mthumb -o "Middlewares/ST/threadx/common/src/tx_timer_initialize.o"
arm-none-eabi-gcc "../Middlewares/ST/threadx/common/src/tx_timer_system_activate.c" -mcpu=cortex-m4 -std=gnu11 -g3 -DDEBUG -DUSE_HAL_DRIVER -DSTM32G474xx -DTX_INCLUDE_USER_DEFINE_FILE -c -I../Core/Inc -I../Drivers/STM32G4xx_HAL_Driver/Inc -I../Drivers/STM32G4xx_HAL_Driver/Inc/Legacy -I../Drivers/CMSIS/Device/ST/STM32G4xx/Include -I../Drivers/CMSIS/Include -I../AZURE_RTOS/App -I../Middlewares/ST/threadx/common/inc/ -I../Middlewares/ST/threadx/ports/cortex_m4/gnu/inc/ -O0 -ffunction-sections -fdata-sections -Wall -fstack-usage -fcyclomatic-complexity -MMD -MP -MF"Middlewares/ST/threadx/common/src/tx_timer_system_activate.d" -MT"Middlewares/ST/threadx/common/src/tx_timer_system_activate.o" --specs=nano.specs -mfpu=fpv4-sp-d16 -mfloat-abi=hard -mthumb -o "Middlewares/ST/threadx/common/src/tx_timer_system_activate.o"
arm-none-eabi-gcc "../Middlewares/ST/threadx/common/src/tx_timer_system_deactivate.c" -mcpu=cortex-m4 -std=gnu11 -g3 -DDEBUG -DUSE_HAL_DRIVER -DSTM32G474xx -DTX_INCLUDE_USER_DEFINE_FILE -c -I../Core/Inc -I../Drivers/STM32G4xx_HAL_Driver/Inc -I../Drivers/STM32G4xx_HAL_Driver/Inc/Legacy -I../Drivers/CMSIS/Device/ST/STM32G4xx/Include -I../Drivers/CMSIS/Include -I../AZURE_RTOS/App -I../Middlewares/ST/threadx/common/inc/ -I../Middlewares/ST/threadx/ports/cortex_m4/gnu/inc/ -O0 -ffunction-sections -fdata-sections -Wall -fstack-usage -fcyclomatic-complexity -MMD -MP -MF"Middlewares/ST/threadx/common/src/tx_timer_system_deactivate.d" -MT"Middlewares/ST/threadx/common/src/tx_timer_system_deactivate.o" --specs=nano.specs -mfpu=fpv4-sp-d16 -mfloat-abi=hard -mthumb -o "Middlewares/ST/threadx/common/src/tx_timer_system_deactivate.o"
arm-none-eabi-gcc "../Middlewares/ST/threadx/common/src/tx_timer_thread_entry.c" -mcpu=cortex-m4 -std=gnu11 -g3 -DDEBUG -DUSE_HAL_DRIVER -DSTM32G474xx -DTX_INCLUDE_USER_DEFINE_FILE -c -I../Core/Inc -I../Drivers/STM32G4xx_HAL_Driver/Inc -I../Drivers/STM32G4xx_HAL_Driver/Inc/Legacy -I../Drivers/CMSIS/Device/ST/STM32G4xx/Include -I../Drivers/CMSIS/Include -I../AZURE_RTOS/App -I../Middlewares/ST/threadx/common/inc/ -I../Middlewares/ST/threadx/ports/cortex_m4/gnu/inc/ -O0 -ffunction-sections -fdata-sections -Wall -fstack-usage -fcyclomatic-complexity -MMD -MP -MF"Middlewares/ST/threadx/common/src/tx_timer_thread_entry.d" -MT"Middlewares/ST/threadx/common/src/tx_timer_thread_entry.o" --specs=nano.specs -mfpu=fpv4-sp-d16 -mfloat-abi=hard -mthumb -o "Middlewares/ST/threadx/common/src/tx_timer_thread_entry.o"
arm-none-eabi-gcc "../Middlewares/ST/threadx/common/src/txe_block_allocate.c" -mcpu=cortex-m4 -std=gnu11 -g3 -DDEBUG -DUSE_HAL_DRIVER -DSTM32G474xx -DTX_INCLUDE_USER_DEFINE_FILE -c -I../Core/Inc -I../Drivers/STM32G4xx_HAL_Driver/Inc -I../Drivers/STM32G4xx_HAL_Driver/Inc/Legacy -I../Drivers/CMSIS/Device/ST/STM32G4xx/Include -I../Drivers/CMSIS/Include -I../AZURE_RTOS/App -I../Middlewares/ST/threadx/common/inc/ -I../Middlewares/ST/threadx/ports/cortex_m4/gnu/inc/ -O0 -ffunction-sections -fdata-sections -Wall -fstack-usage -fcyclomatic-complexity -MMD -MP -MF"Middlewares/ST/threadx/common/src/txe_block_allocate.d" -MT"Middlewares/ST/threadx/common/src/txe_block_allocate.o" --specs=nano.specs -mfpu=fpv4-sp-d16 -mfloat-abi=hard -mthumb -o "Middlewares/ST/threadx/common/src/txe_block_allocate.o"
arm-none-eabi-gcc "../Middlewares/ST/threadx/common/src/txe_block_pool_create.c" -mcpu=cortex-m4 -std=gnu11 -g3 -DDEBUG -DUSE_HAL_DRIVER -DSTM32G474xx -DTX_INCLUDE_USER_DEFINE_FILE -c -I../Core/Inc -I../Drivers/STM32G4xx_HAL_Driver/Inc -I../Drivers/STM32G4xx_HAL_Driver/Inc/Legacy -I../Drivers/CMSIS/Device/ST/STM32G4xx/Include -I../Drivers/CMSIS/Include -I../AZURE_RTOS/App -I../Middlewares/ST/threadx/common/inc/ -I../Middlewares/ST/threadx/ports/cortex_m4/gnu/inc/ -O0 -ffunction-sections -fdata-sections -Wall -fstack-usage -fcyclomatic-complexity -MMD -MP -MF"Middlewares/ST/threadx/common/src/txe_block_pool_create.d" -MT"Middlewares/ST/threadx/common/src/txe_block_pool_create.o" --specs=nano.specs -mfpu=fpv4-sp-d16 -mfloat-abi=hard -mthumb -o "Middlewares/ST/threadx/common/src/txe_block_pool_create.o"
arm-none-eabi-gcc "../Middlewares/ST/threadx/common/src/txe_block_pool_delete.c" -mcpu=cortex-m4 -std=gnu11 -g3 -DDEBUG -DUSE_HAL_DRIVER -DSTM32G474xx -DTX_INCLUDE_USER_DEFINE_FILE -c -I../Core/Inc -I../Drivers/STM32G4xx_HAL_Driver/Inc -I../Drivers/STM32G4xx_HAL_Driver/Inc/Legacy -I../Drivers/CMSIS/Device/ST/STM32G4xx/Include -I../Drivers/CMSIS/Include -I../AZURE_RTOS/App -I../Middlewares/ST/threadx/common/inc/ -I../Middlewares/ST/threadx/ports/cortex_m4/gnu/inc/ -O0 -ffunction-sections -fdata-sections -Wall -fstack-usage -fcyclomatic-complexity -MMD -MP -MF"Middlewares/ST/threadx/common/src/txe_block_pool_delete.d" -MT"Middlewares/ST/threadx/common/src/txe_block_pool_delete.o" --specs=nano.specs -mfpu=fpv4-sp-d16 -mfloat-abi=hard -mthumb -o "Middlewares/ST/threadx/common/src/txe_block_pool_delete.o"
arm-none-eabi-gcc "../Middlewares/ST/threadx/common/src/txe_block_pool_info_get.c" -mcpu=cortex-m4 -std=gnu11 -g3 -DDEBUG -DUSE_HAL_DRIVER -DSTM32G474xx -DTX_INCLUDE_USER_DEFINE_FILE -c -I../Core/Inc -I../Drivers/STM32G4xx_HAL_Driver/Inc -I../Drivers/STM32G4xx_HAL_Driver/Inc/Legacy -I../Drivers/CMSIS/Device/ST/STM32G4xx/Include -I../Drivers/CMSIS/Include -I../AZURE_RTOS/App -I../Middlewares/ST/threadx/common/inc/ -I../Middlewares/ST/threadx/ports/cortex_m4/gnu/inc/ -O0 -ffunction-sections -fdata-sections -Wall -fstack-usage -fcyclomatic-complexity -MMD -MP -MF"Middlewares/ST/threadx/common/src/txe_block_pool_info_get.d" -MT"Middlewares/ST/threadx/common/src/txe_block_pool_info_get.o" --specs=nano.specs -mfpu=fpv4-sp-d16 -mfloat-abi=hard -mthumb -o "Middlewares/ST/threadx/common/src/txe_block_pool_info_get.o"
arm-none-eabi-gcc "../Middlewares/ST/threadx/common/src/txe_block_pool_prioritize.c" -mcpu=cortex-m4 -std=gnu11 -g3 -DDEBUG -DUSE_HAL_DRIVER -DSTM32G474xx -DTX_INCLUDE_USER_DEFINE_FILE -c -I../Core/Inc -I../Drivers/STM32G4xx_HAL_Driver/Inc -I../Drivers/STM32G4xx_HAL_Driver/Inc/Legacy -I../Drivers/CMSIS/Device/ST/STM32G4xx/Include -I../Drivers/CMSIS/Include -I../AZURE_RTOS/App -I../Middlewares/ST/threadx/common/inc/ -I../Middlewares/ST/threadx/ports/cortex_m4/gnu/inc/ -O0 -ffunction-sections -fdata-sections -Wall -fstack-usage -fcyclomatic-complexity -MMD -MP -MF"Middlewares/ST/threadx/common/src/txe_block_pool_prioritize.d" -MT"Middlewares/ST/threadx/common/src/txe_block_pool_prioritize.o" --specs=nano.specs -mfpu=fpv4-sp-d16 -mfloat-abi=hard -mthumb -o "Middlewares/ST/threadx/common/src/txe_block_pool_prioritize.o"
arm-none-eabi-gcc "../Middlewares/ST/threadx/common/src/txe_block_release.c" -mcpu=cortex-m4 -std=gnu11 -g3 -DDEBUG -DUSE_HAL_DRIVER -DSTM32G474xx -DTX_INCLUDE_USER_DEFINE_FILE -c -I../Core/Inc -I../Drivers/STM32G4xx_HAL_Driver/Inc -I../Drivers/STM32G4xx_HAL_Driver/Inc/Legacy -I../Drivers/CMSIS/Device/ST/STM32G4xx/Include -I../Drivers/CMSIS/Include -I../AZURE_RTOS/App -I../Middlewares/ST/threadx/common/inc/ -I../Middlewares/ST/threadx/ports/cortex_m4/gnu/inc/ -O0 -ffunction-sections -fdata-sections -Wall -fstack-usage -fcyclomatic-complexity -MMD -MP -MF"Middlewares/ST/threadx/common/src/txe_block_release.d" -MT"Middlewares/ST/threadx/common/src/txe_block_release.o" --specs=nano.specs -mfpu=fpv4-sp-d16 -mfloat-abi=hard -mthumb -o "Middlewares/ST/threadx/common/src/txe_block_release.o"
arm-none-eabi-gcc "../Middlewares/ST/threadx/common/src/txe_byte_allocate.c" -mcpu=cortex-m4 -std=gnu11 -g3 -DDEBUG -DUSE_HAL_DRIVER -DSTM32G474xx -DTX_INCLUDE_USER_DEFINE_FILE -c -I../Core/Inc -I../Drivers/STM32G4xx_HAL_Driver/Inc -I../Drivers/STM32G4xx_HAL_Driver/Inc/Legacy -I../Drivers/CMSIS/Device/ST/STM32G4xx/Include -I../Drivers/CMSIS/Include -I../AZURE_RTOS/App -I../Middlewares/ST/threadx/common/inc/ -I../Middlewares/ST/threadx/ports/cortex_m4/gnu/inc/ -O0 -ffunction-sections -fdata-sections -Wall -fstack-usage -fcyclomatic-complexity -MMD -MP -MF"Middlewares/ST/threadx/common/src/txe_byte_allocate.d" -MT"Middlewares/ST/threadx/common/src/txe_byte_allocate.o" --specs=nano.specs -mfpu=fpv4-sp-d16 -mfloat-abi=hard -mthumb -o "Middlewares/ST/threadx/common/src/txe_byte_allocate.o"
arm-none-eabi-gcc "../Middlewares/ST/threadx/common/src/txe_byte_pool_create.c" -mcpu=cortex-m4 -std=gnu11 -g3 -DDEBUG -DUSE_HAL_DRIVER -DSTM32G474xx -DTX_INCLUDE_USER_DEFINE_FILE -c -I../Core/Inc -I../Drivers/STM32G4xx_HAL_Driver/Inc -I../Drivers/STM32G4xx_HAL_Driver/Inc/Legacy -I../Drivers/CMSIS/Device/ST/STM32G4xx/Include -I../Drivers/CMSIS/Include -I../AZURE_RTOS/App -I../Middlewares/ST/threadx/common/inc/ -I../Middlewares/ST/threadx/ports/cortex_m4/gnu/inc/ -O0 -ffunction-sections -fdata-sections -Wall -fstack-usage -fcyclomatic-complexity -MMD -MP -MF"Middlewares/ST/threadx/common/src/txe_byte_pool_create.d" -MT"Middlewares/ST/threadx/common/src/txe_byte_pool_create.o" --specs=nano.specs -mfpu=fpv4-sp-d16 -mfloat-abi=hard -mthumb -o "Middlewares/ST/threadx/common/src/txe_byte_pool_create.o"
arm-none-eabi-gcc "../Middlewares/ST/threadx/common/src/txe_byte_pool_delete.c" -mcpu=cortex-m4 -std=gnu11 -g3 -DDEBUG -DUSE_HAL_DRIVER -DSTM32G474xx -DTX_INCLUDE_USER_DEFINE_FILE -c -I../Core/Inc -I../Drivers/STM32G4xx_HAL_Driver/Inc -I../Drivers/STM32G4xx_HAL_Driver/Inc/Legacy -I../Drivers/CMSIS/Device/ST/STM32G4xx/Include -I../Drivers/CMSIS/Include -I../AZURE_RTOS/App -I../Middlewares/ST/threadx/common/inc/ -I../Middlewares/ST/threadx/ports/cortex_m4/gnu/inc/ -O0 -ffunction-sections -fdata-sections -Wall -fstack-usage -fcyclomatic-complexity -MMD -MP -MF"Middlewares/ST/threadx/common/src/txe_byte_pool_delete.d" -MT"Middlewares/ST/threadx/common/src/txe_byte_pool_delete.o" --specs=nano.specs -mfpu=fpv4-sp-d16 -mfloat-abi=hard -mthumb -o "Middlewares/ST/threadx/common/src/txe_byte_pool_delete.o"
arm-none-eabi-gcc "../Middlewares/ST/threadx/common/src/txe_byte_pool_info_get.c" -mcpu=cortex-m4 -std=gnu11 -g3 -DDEBUG -DUSE_HAL_DRIVER -DSTM32G474xx -DTX_INCLUDE_USER_DEFINE_FILE -c -I../Core/Inc -I../Drivers/STM32G4xx_HAL_Driver/Inc -I../Drivers/STM32G4xx_HAL_Driver/Inc/Legacy -I../Drivers/CMSIS/Device/ST/STM32G4xx/Include -I../Drivers/CMSIS/Include -I../AZURE_RTOS/App -I../Middlewares/ST/threadx/common/inc/ -I../Middlewares/ST/threadx/ports/cortex_m4/gnu/inc/ -O0 -ffunction-sections -fdata-sections -Wall -fstack-usage -fcyclomatic-complexity -MMD -MP -MF"Middlewares/ST/threadx/common/src/txe_byte_pool_info_get.d" -MT"Middlewares/ST/threadx/common/src/txe_byte_pool_info_get.o" --specs=nano.specs -mfpu=fpv4-sp-d16 -mfloat-abi=hard -mthumb -o "Middlewares/ST/threadx/common/src/txe_byte_pool_info_get.o"
arm-none-eabi-gcc "../Middlewares/ST/threadx/common/src/txe_byte_pool_prioritize.c" -mcpu=cortex-m4 -std=gnu11 -g3 -DDEBUG -DUSE_HAL_DRIVER -DSTM32G474xx -DTX_INCLUDE_USER_DEFINE_FILE -c -I../Core/Inc -I../Drivers/STM32G4xx_HAL_Driver/Inc -I../Drivers/STM32G4xx_HAL_Driver/Inc/Legacy -I../Drivers/CMSIS/Device/ST/STM32G4xx/Include -I../Drivers/CMSIS/Include -I../AZURE_RTOS/App -I../Middlewares/ST/threadx/common/inc/ -I../Middlewares/ST/threadx/ports/cortex_m4/gnu/inc/ -O0 -ffunction-sections -fdata-sections -Wall -fstack-usage -fcyclomatic-complexity -MMD -MP -MF"Middlewares/ST/threadx/common/src/txe_byte_pool_prioritize.d" -MT"Middlewares/ST/threadx/common/src/txe_byte_pool_prioritize.o" --specs=nano.specs -mfpu=fpv4-sp-d16 -mfloat-abi=hard -mthumb -o "Middlewares/ST/threadx/common/src/txe_byte_pool_prioritize.o"
arm-none-eabi-gcc "../Middlewares/ST/threadx/common/src/txe_byte_release.c" -mcpu=cortex-m4 -std=gnu11 -g3 -DDEBUG -DUSE_HAL_DRIVER -DSTM32G474xx -DTX_INCLUDE_USER_DEFINE_FILE -c -I../Core/Inc -I../Drivers/STM32G4xx_HAL_Driver/Inc -I../Drivers/STM32G4xx_HAL_Driver/Inc/Legacy -I../Drivers/CMSIS/Device/ST/STM32G4xx/Include -I../Drivers/CMSIS/Include -I../AZURE_RTOS/App -I../Middlewares/ST/threadx/common/inc/ -I../Middlewares/ST/threadx/ports/cortex_m4/gnu/inc/ -O0 -ffunction-sections -fdata-sections -Wall -fstack-usage -fcyclomatic-complexity -MMD -MP -MF"Middlewares/ST/threadx/common/src/txe_byte_release.d" -MT"Middlewares/ST/threadx/common/src/txe_byte_release.o" --specs=nano.specs -mfpu=fpv4-sp-d16 -mfloat-abi=hard -mthumb -o "Middlewares/ST/threadx/common/src/txe_byte_release.o"
arm-none-eabi-gcc "../Middlewares/ST/threadx/common/src/txe_event_flags_create.c" -mcpu=cortex-m4 -std=gnu11 -g3 -DDEBUG -DUSE_HAL_DRIVER -DSTM32G474xx -DTX_INCLUDE_USER_DEFINE_FILE -c -I../Core/Inc -I../Drivers/STM32G4xx_HAL_Driver/Inc -I../Drivers/STM32G4xx_HAL_Driver/Inc/Legacy -I../Drivers/CMSIS/Device/ST/STM32G4xx/Include -I../Drivers/CMSIS/Include -I../AZURE_RTOS/App -I../Middlewares/ST/threadx/common/inc/ -I../Middlewares/ST/threadx/ports/cortex_m4/gnu/inc/ -O0 -ffunction-sections -fdata-sections -Wall -fstack-usage -fcyclomatic-complexity -MMD -MP -MF"Middlewares/ST/threadx/common/src/txe_event_flags_create.d" -MT"Middlewares/ST/threadx/common/src/txe_event_flags_create.o" --specs=nano.specs -mfpu=fpv4-sp-d16 -mfloat-abi=hard -mthumb -o "Middlewares/ST/threadx/common/src/txe_event_flags_create.o"
arm-none-eabi-gcc "../Middlewares/ST/threadx/common/src/txe_event_flags_delete.c" -mcpu=cortex-m4 -std=gnu11 -g3 -DDEBUG -DUSE_HAL_DRIVER -DSTM32G474xx -DTX_INCLUDE_USER_DEFINE_FILE -c -I../Core/Inc -I../Drivers/STM32G4xx_HAL_Driver/Inc -I../Drivers/STM32G4xx_HAL_Driver/Inc/Legacy -I../Drivers/CMSIS/Device/ST/STM32G4xx/Include -I../Drivers/CMSIS/Include -I../AZURE_RTOS/App -I../Middlewares/ST/threadx/common/inc/ -I../Middlewares/ST/threadx/ports/cortex_m4/gnu/inc/ -O0 -ffunction-sections -fdata-sections -Wall -fstack-usage -fcyclomatic-complexity -MMD -MP -MF"Middlewares/ST/threadx/common/src/txe_event_flags_delete.d" -MT"Middlewares/ST/threadx/common/src/txe_event_flags_delete.o" --specs=nano.specs -mfpu=fpv4-sp-d16 -mfloat-abi=hard -mthumb -o "Middlewares/ST/threadx/common/src/txe_event_flags_delete.o"
arm-none-eabi-gcc "../Middlewares/ST/threadx/common/src/txe_event_flags_get.c" -mcpu=cortex-m4 -std=gnu11 -g3 -DDEBUG -DUSE_HAL_DRIVER -DSTM32G474xx -DTX_INCLUDE_USER_DEFINE_FILE -c -I../Core/Inc -I../Drivers/STM32G4xx_HAL_Driver/Inc -I../Drivers/STM32G4xx_HAL_Driver/Inc/Legacy -I../Drivers/CMSIS/Device/ST/STM32G4xx/Include -I../Drivers/CMSIS/Include -I../AZURE_RTOS/App -I../Middlewares/ST/threadx/common/inc/ -I../Middlewares/ST/threadx/ports/cortex_m4/gnu/inc/ -O0 -ffunction-sections -fdata-sections -Wall -fstack-usage -fcyclomatic-complexity -MMD -MP -MF"Middlewares/ST/threadx/common/src/txe_event_flags_get.d" -MT"Middlewares/ST/threadx/common/src/txe_event_flags_get.o" --specs=nano.specs -mfpu=fpv4-sp-d16 -mfloat-abi=hard -mthumb -o "Middlewares/ST/threadx/common/src/txe_event_flags_get.o"
arm-none-eabi-gcc "../Middlewares/ST/threadx/common/src/txe_event_flags_info_get.c" -mcpu=cortex-m4 -std=gnu11 -g3 -DDEBUG -DUSE_HAL_DRIVER -DSTM32G474xx -DTX_INCLUDE_USER_DEFINE_FILE -c -I../Core/Inc -I../Drivers/STM32G4xx_HAL_Driver/Inc -I../Drivers/STM32G4xx_HAL_Driver/Inc/Legacy -I../Drivers/CMSIS/Device/ST/STM32G4xx/Include -I../Drivers/CMSIS/Include -I../AZURE_RTOS/App -I../Middlewares/ST/threadx/common/inc/ -I../Middlewares/ST/threadx/ports/cortex_m4/gnu/inc/ -O0 -ffunction-sections -fdata-sections -Wall -fstack-usage -fcyclomatic-complexity -MMD -MP -MF"Middlewares/ST/threadx/common/src/txe_event_flags_info_get.d" -MT"Middlewares/ST/threadx/common/src/txe_event_flags_info_get.o" --specs=nano.specs -mfpu=fpv4-sp-d16 -mfloat-abi=hard -mthumb -o "Middlewares/ST/threadx/common/src/txe_event_flags_info_get.o"
arm-none-eabi-gcc "../Middlewares/ST/threadx/common/src/txe_event_flags_set.c" -mcpu=cortex-m4 -std=gnu11 -g3 -DDEBUG -DUSE_HAL_DRIVER -DSTM32G474xx -DTX_INCLUDE_USER_DEFINE_FILE -c -I../Core/Inc -I../Drivers/STM32G4xx_HAL_Driver/Inc -I../Drivers/STM32G4xx_HAL_Driver/Inc/Legacy -I../Drivers/CMSIS/Device/ST/STM32G4xx/Include -I../Drivers/CMSIS/Include -I../AZURE_RTOS/App -I../Middlewares/ST/threadx/common/inc/ -I../Middlewares/ST/threadx/ports/cortex_m4/gnu/inc/ -O0 -ffunction-sections -fdata-sections -Wall -fstack-usage -fcyclomatic-complexity -MMD -MP -MF"Middlewares/ST/threadx/common/src/txe_event_flags_set.d" -MT"Middlewares/ST/threadx/common/src/txe_event_flags_set.o" --specs=nano.specs -mfpu=fpv4-sp-d16 -mfloat-abi=hard -mthumb -o "Middlewares/ST/threadx/common/src/txe_event_flags_set.o"
arm-none-eabi-gcc "../Middlewares/ST/threadx/common/src/txe_event_flags_set_notify.c" -mcpu=cortex-m4 -std=gnu11 -g3 -DDEBUG -DUSE_HAL_DRIVER -DSTM32G474xx -DTX_INCLUDE_USER_DEFINE_FILE -c -I../Core/Inc -I../Drivers/STM32G4xx_HAL_Driver/Inc -I../Drivers/STM32G4xx_HAL_Driver/Inc/Legacy -I../Drivers/CMSIS/Device/ST/STM32G4xx/Include -I../Drivers/CMSIS/Include -I../AZURE_RTOS/App -I../Middlewares/ST/threadx/common/inc/ -I../Middlewares/ST/threadx/ports/cortex_m4/gnu/inc/ -O0 -ffunction-sections -fdata-sections -Wall -fstack-usage -fcyclomatic-complexity -MMD -MP -MF"Middlewares/ST/threadx/common/src/txe_event_flags_set_notify.d" -MT"Middlewares/ST/threadx/common/src/txe_event_flags_set_notify.o" --specs=nano.specs -mfpu=fpv4-sp-d16 -mfloat-abi=hard -mthumb -o "Middlewares/ST/threadx/common/src/txe_event_flags_set_notify.o"
arm-none-eabi-gcc "../Middlewares/ST/threadx/common/src/txe_mutex_create.c" -mcpu=cortex-m4 -std=gnu11 -g3 -DDEBUG -DUSE_HAL_DRIVER -DSTM32G474xx -DTX_INCLUDE_USER_DEFINE_FILE -c -I../Core/Inc -I../Drivers/STM32G4xx_HAL_Driver/Inc -I../Drivers/STM32G4xx_HAL_Driver/Inc/Legacy -I../Drivers/CMSIS/Device/ST/STM32G4xx/Include -I../Drivers/CMSIS/Include -I../AZURE_RTOS/App -I../Middlewares/ST/threadx/common/inc/ -I../Middlewares/ST/threadx/ports/cortex_m4/gnu/inc/ -O0 -ffunction-sections -fdata-sections -Wall -fstack-usage -fcyclomatic-complexity -MMD -MP -MF"Middlewares/ST/threadx/common/src/txe_mutex_create.d" -MT"Middlewares/ST/threadx/common/src/txe_mutex_create.o" --specs=nano.specs -mfpu=fpv4-sp-d16 -mfloat-abi=hard -mthumb -o "Middlewares/ST/threadx/common/src/txe_mutex_create.o"
arm-none-eabi-gcc "../Middlewares/ST/threadx/common/src/txe_mutex_delete.c" -mcpu=cortex-m4 -std=gnu11 -g3 -DDEBUG -DUSE_HAL_DRIVER -DSTM32G474xx -DTX_INCLUDE_USER_DEFINE_FILE -c -I../Core/Inc -I../Drivers/STM32G4xx_HAL_Driver/Inc -I../Drivers/STM32G4xx_HAL_Driver/Inc/Legacy -I../Drivers/CMSIS/Device/ST/STM32G4xx/Include -I../Drivers/CMSIS/Include -I../AZURE_RTOS/App -I../Middlewares/ST/threadx/common/inc/ -I../Middlewares/ST/threadx/ports/cortex_m4/gnu/inc/ -O0 -ffunction-sections -fdata-sections -Wall -fstack-usage -fcyclomatic-complexity -MMD -MP -MF"Middlewares/ST/threadx/common/src/txe_mutex_delete.d" -MT"Middlewares/ST/threadx/common/src/txe_mutex_delete.o" --specs=nano.specs -mfpu=fpv4-sp-d16 -mfloat-abi=hard -mthumb -o "Middlewares/ST/threadx/common/src/txe_mutex_delete.o"
arm-none-eabi-gcc "../Middlewares/ST/threadx/common/src/txe_mutex_get.c" -mcpu=cortex-m4 -std=gnu11 -g3 -DDEBUG -DUSE_HAL_DRIVER -DSTM32G474xx -DTX_INCLUDE_USER_DEFINE_FILE -c -I../Core/Inc -I../Drivers/STM32G4xx_HAL_Driver/Inc -I../Drivers/STM32G4xx_HAL_Driver/Inc/Legacy -I../Drivers/CMSIS/Device/ST/STM32G4xx/Include -I../Drivers/CMSIS/Include -I../AZURE_RTOS/App -I../Middlewares/ST/threadx/common/inc/ -I../Middlewares/ST/threadx/ports/cortex_m4/gnu/inc/ -O0 -ffunction-sections -fdata-sections -Wall -fstack-usage -fcyclomatic-complexity -MMD -MP -MF"Middlewares/ST/threadx/common/src/txe_mutex_get.d" -MT"Middlewares/ST/threadx/common/src/txe_mutex_get.o" --specs=nano.specs -mfpu=fpv4-sp-d16 -mfloat-abi=hard -mthumb -o "Middlewares/ST/threadx/common/src/txe_mutex_get.o"
arm-none-eabi-gcc "../Middlewares/ST/threadx/common/src/txe_mutex_info_get.c" -mcpu=cortex-m4 -std=gnu11 -g3 -DDEBUG -DUSE_HAL_DRIVER -DSTM32G474xx -DTX_INCLUDE_USER_DEFINE_FILE -c -I../Core/Inc -I../Drivers/STM32G4xx_HAL_Driver/Inc -I../Drivers/STM32G4xx_HAL_Driver/Inc/Legacy -I../Drivers/CMSIS/Device/ST/STM32G4xx/Include -I../Drivers/CMSIS/Include -I../AZURE_RTOS/App -I../Middlewares/ST/threadx/common/inc/ -I../Middlewares/ST/threadx/ports/cortex_m4/gnu/inc/ -O0 -ffunction-sections -fdata-sections -Wall -fstack-usage -fcyclomatic-complexity -MMD -MP -MF"Middlewares/ST/threadx/common/src/txe_mutex_info_get.d" -MT"Middlewares/ST/threadx/common/src/txe_mutex_info_get.o" --specs=nano.specs -mfpu=fpv4-sp-d16 -mfloat-abi=hard -mthumb -o "Middlewares/ST/threadx/common/src/txe_mutex_info_get.o"
arm-none-eabi-gcc "../Middlewares/ST/threadx/common/src/txe_mutex_prioritize.c" -mcpu=cortex-m4 -std=gnu11 -g3 -DDEBUG -DUSE_HAL_DRIVER -DSTM32G474xx -DTX_INCLUDE_USER_DEFINE_FILE -c -I../Core/Inc -I../Drivers/STM32G4xx_HAL_Driver/Inc -I../Drivers/STM32G4xx_HAL_Driver/Inc/Legacy -I../Drivers/CMSIS/Device/ST/STM32G4xx/Include -I../Drivers/CMSIS/Include -I../AZURE_RTOS/App -I../Middlewares/ST/threadx/common/inc/ -I../Middlewares/ST/threadx/ports/cortex_m4/gnu/inc/ -O0 -ffunction-sections -fdata-sections -Wall -fstack-usage -fcyclomatic-complexity -MMD -MP -MF"Middlewares/ST/threadx/common/src/txe_mutex_prioritize.d" -MT"Middlewares/ST/threadx/common/src/txe_mutex_prioritize.o" --specs=nano.specs -mfpu=fpv4-sp-d16 -mfloat-abi=hard -mthumb -o "Middlewares/ST/threadx/common/src/txe_mutex_prioritize.o"
arm-none-eabi-gcc "../Middlewares/ST/threadx/common/src/txe_mutex_put.c" -mcpu=cortex-m4 -std=gnu11 -g3 -DDEBUG -DUSE_HAL_DRIVER -DSTM32G474xx -DTX_INCLUDE_USER_DEFINE_FILE -c -I../Core/Inc -I../Drivers/STM32G4xx_HAL_Driver/Inc -I../Drivers/STM32G4xx_HAL_Driver/Inc/Legacy -I../Drivers/CMSIS/Device/ST/STM32G4xx/Include -I../Drivers/CMSIS/Include -I../AZURE_RTOS/App -I../Middlewares/ST/threadx/common/inc/ -I../Middlewares/ST/threadx/ports/cortex_m4/gnu/inc/ -O0 -ffunction-sections -fdata-sections -Wall -fstack-usage -fcyclomatic-complexity -MMD -MP -MF"Middlewares/ST/threadx/common/src/txe_mutex_put.d" -MT"Middlewares/ST/threadx/common/src/txe_mutex_put.o" --specs=nano.specs -mfpu=fpv4-sp-d16 -mfloat-abi=hard -mthumb -o "Middlewares/ST/threadx/common/src/txe_mutex_put.o"
arm-none-eabi-gcc "../Middlewares/ST/threadx/common/src/txe_queue_create.c" -mcpu=cortex-m4 -std=gnu11 -g3 -DDEBUG -DUSE_HAL_DRIVER -DSTM32G474xx -DTX_INCLUDE_USER_DEFINE_FILE -c -I../Core/Inc -I../Drivers/STM32G4xx_HAL_Driver/Inc -I../Drivers/STM32G4xx_HAL_Driver/Inc/Legacy -I../Drivers/CMSIS/Device/ST/STM32G4xx/Include -I../Drivers/CMSIS/Include -I../AZURE_RTOS/App -I../Middlewares/ST/threadx/common/inc/ -I../Middlewares/ST/threadx/ports/cortex_m4/gnu/inc/ -O0 -ffunction-sections -fdata-sections -Wall -fstack-usage -fcyclomatic-complexity -MMD -MP -MF"Middlewares/ST/threadx/common/src/txe_queue_create.d" -MT"Middlewares/ST/threadx/common/src/txe_queue_create.o" --specs=nano.specs -mfpu=fpv4-sp-d16 -mfloat-abi=hard -mthumb -o "Middlewares/ST/threadx/common/src/txe_queue_create.o"
arm-none-eabi-gcc "../Middlewares/ST/threadx/common/src/txe_queue_delete.c" -mcpu=cortex-m4 -std=gnu11 -g3 -DDEBUG -DUSE_HAL_DRIVER -DSTM32G474xx -DTX_INCLUDE_USER_DEFINE_FILE -c -I../Core/Inc -I../Drivers/STM32G4xx_HAL_Driver/Inc -I../Drivers/STM32G4xx_HAL_Driver/Inc/Legacy -I../Drivers/CMSIS/Device/ST/STM32G4xx/Include -I../Drivers/CMSIS/Include -I../AZURE_RTOS/App -I../Middlewares/ST/threadx/common/inc/ -I../Middlewares/ST/threadx/ports/cortex_m4/gnu/inc/ -O0 -ffunction-sections -fdata-sections -Wall -fstack-usage -fcyclomatic-complexity -MMD -MP -MF"Middlewares/ST/threadx/common/src/txe_queue_delete.d" -MT"Middlewares/ST/threadx/common/src/txe_queue_delete.o" --specs=nano.specs -mfpu=fpv4-sp-d16 -mfloat-abi=hard -mthumb -o "Middlewares/ST/threadx/common/src/txe_queue_delete.o"
arm-none-eabi-gcc "../Middlewares/ST/threadx/common/src/txe_queue_flush.c" -mcpu=cortex-m4 -std=gnu11 -g3 -DDEBUG -DUSE_HAL_DRIVER -DSTM32G474xx -DTX_INCLUDE_USER_DEFINE_FILE -c -I../Core/Inc -I../Drivers/STM32G4xx_HAL_Driver/Inc -I../Drivers/STM32G4xx_HAL_Driver/Inc/Legacy -I../Drivers/CMSIS/Device/ST/STM32G4xx/Include -I../Drivers/CMSIS/Include -I../AZURE_RTOS/App -I../Middlewares/ST/threadx/common/inc/ -I../Middlewares/ST/threadx/ports/cortex_m4/gnu/inc/ -O0 -ffunction-sections -fdata-sections -Wall -fstack-usage -fcyclomatic-complexity -MMD -MP -MF"Middlewares/ST/threadx/common/src/txe_queue_flush.d" -MT"Middlewares/ST/threadx/common/src/txe_queue_flush.o" --specs=nano.specs -mfpu=fpv4-sp-d16 -mfloat-abi=hard -mthumb -o "Middlewares/ST/threadx/common/src/txe_queue_flush.o"
arm-none-eabi-gcc "../Middlewares/ST/threadx/common/src/txe_queue_front_send.c" -mcpu=cortex-m4 -std=gnu11 -g3 -DDEBUG -DUSE_HAL_DRIVER -DSTM32G474xx -DTX_INCLUDE_USER_DEFINE_FILE -c -I../Core/Inc -I../Drivers/STM32G4xx_HAL_Driver/Inc -I../Drivers/STM32G4xx_HAL_Driver/Inc/Legacy -I../Drivers/CMSIS/Device/ST/STM32G4xx/Include -I../Drivers/CMSIS/Include -I../AZURE_RTOS/App -I../Middlewares/ST/threadx/common/inc/ -I../Middlewares/ST/threadx/ports/cortex_m4/gnu/inc/ -O0 -ffunction-sections -fdata-sections -Wall -fstack-usage -fcyclomatic-complexity -MMD -MP -MF"Middlewares/ST/threadx/common/src/txe_queue_front_send.d" -MT"Middlewares/ST/threadx/common/src/txe_queue_front_send.o" --specs=nano.specs -mfpu=fpv4-sp-d16 -mfloat-abi=hard -mthumb -o "Middlewares/ST/threadx/common/src/txe_queue_front_send.o"
arm-none-eabi-gcc "../Middlewares/ST/threadx/common/src/txe_queue_info_get.c" -mcpu=cortex-m4 -std=gnu11 -g3 -DDEBUG -DUSE_HAL_DRIVER -DSTM32G474xx -DTX_INCLUDE_USER_DEFINE_FILE -c -I../Core/Inc -I../Drivers/STM32G4xx_HAL_Driver/Inc -I../Drivers/STM32G4xx_HAL_Driver/Inc/Legacy -I../Drivers/CMSIS/Device/ST/STM32G4xx/Include -I../Drivers/CMSIS/Include -I../AZURE_RTOS/App -I../Middlewares/ST/threadx/common/inc/ -I../Middlewares/ST/threadx/ports/cortex_m4/gnu/inc/ -O0 -ffunction-sections -fdata-sections -Wall -fstack-usage -fcyclomatic-complexity -MMD -MP -MF"Middlewares/ST/threadx/common/src/txe_queue_info_get.d" -MT"Middlewares/ST/threadx/common/src/txe_queue_info_get.o" --specs=nano.specs -mfpu=fpv4-sp-d16 -mfloat-abi=hard -mthumb -o "Middlewares/ST/threadx/common/src/txe_queue_info_get.o"
arm-none-eabi-gcc "../Middlewares/ST/threadx/common/src/txe_queue_prioritize.c" -mcpu=cortex-m4 -std=gnu11 -g3 -DDEBUG -DUSE_HAL_DRIVER -DSTM32G474xx -DTX_INCLUDE_USER_DEFINE_FILE -c -I../Core/Inc -I../Drivers/STM32G4xx_HAL_Driver/Inc -I../Drivers/STM32G4xx_HAL_Driver/Inc/Legacy -I../Drivers/CMSIS/Device/ST/STM32G4xx/Include -I../Drivers/CMSIS/Include -I../AZURE_RTOS/App -I../Middlewares/ST/threadx/common/inc/ -I../Middlewares/ST/threadx/ports/cortex_m4/gnu/inc/ -O0 -ffunction-sections -fdata-sections -Wall -fstack-usage -fcyclomatic-complexity -MMD -MP -MF"Middlewares/ST/threadx/common/src/txe_queue_prioritize.d" -MT"Middlewares/ST/threadx/common/src/txe_queue_prioritize.o" --specs=nano.specs -mfpu=fpv4-sp-d16 -mfloat-abi=hard -mthumb -o "Middlewares/ST/threadx/common/src/txe_queue_prioritize.o"
arm-none-eabi-gcc "../Middlewares/ST/threadx/common/src/txe_queue_receive.c" -mcpu=cortex-m4 -std=gnu11 -g3 -DDEBUG -DUSE_HAL_DRIVER -DSTM32G474xx -DTX_INCLUDE_USER_DEFINE_FILE -c -I../Core/Inc -I../Drivers/STM32G4xx_HAL_Driver/Inc -I../Drivers/STM32G4xx_HAL_Driver/Inc/Legacy -I../Drivers/CMSIS/Device/ST/STM32G4xx/Include -I../Drivers/CMSIS/Include -I../AZURE_RTOS/App -I../Middlewares/ST/threadx/common/inc/ -I../Middlewares/ST/threadx/ports/cortex_m4/gnu/inc/ -O0 -ffunction-sections -fdata-sections -Wall -fstack-usage -fcyclomatic-complexity -MMD -MP -MF"Middlewares/ST/threadx/common/src/txe_queue_receive.d" -MT"Middlewares/ST/threadx/common/src/txe_queue_receive.o" --specs=nano.specs -mfpu=fpv4-sp-d16 -mfloat-abi=hard -mthumb -o "Middlewares/ST/threadx/common/src/txe_queue_receive.o"
arm-none-eabi-gcc "../Middlewares/ST/threadx/common/src/txe_queue_send.c" -mcpu=cortex-m4 -std=gnu11 -g3 -DDEBUG -DUSE_HAL_DRIVER -DSTM32G474xx -DTX_INCLUDE_USER_DEFINE_FILE -c -I../Core/Inc -I../Drivers/STM32G4xx_HAL_Driver/Inc -I../Drivers/STM32G4xx_HAL_Driver/Inc/Legacy -I../Drivers/CMSIS/Device/ST/STM32G4xx/Include -I../Drivers/CMSIS/Include -I../AZURE_RTOS/App -I../Middlewares/ST/threadx/common/inc/ -I../Middlewares/ST/threadx/ports/cortex_m4/gnu/inc/ -O0 -ffunction-sections -fdata-sections -Wall -fstack-usage -fcyclomatic-complexity -MMD -MP -MF"Middlewares/ST/threadx/common/src/txe_queue_send.d" -MT"Middlewares/ST/threadx/common/src/txe_queue_send.o" --specs=nano.specs -mfpu=fpv4-sp-d16 -mfloat-abi=hard -mthumb -o "Middlewares/ST/threadx/common/src/txe_queue_send.o"
arm-none-eabi-gcc "../Middlewares/ST/threadx/common/src/txe_queue_send_notify.c" -mcpu=cortex-m4 -std=gnu11 -g3 -DDEBUG -DUSE_HAL_DRIVER -DSTM32G474xx -DTX_INCLUDE_USER_DEFINE_FILE -c -I../Core/Inc -I../Drivers/STM32G4xx_HAL_Driver/Inc -I../Drivers/STM32G4xx_HAL_Driver/Inc/Legacy -I../Drivers/CMSIS/Device/ST/STM32G4xx/Include -I../Drivers/CMSIS/Include -I../AZURE_RTOS/App -I../Middlewares/ST/threadx/common/inc/ -I../Middlewares/ST/threadx/ports/cortex_m4/gnu/inc/ -O0 -ffunction-sections -fdata-sections -Wall -fstack-usage -fcyclomatic-complexity -MMD -MP -MF"Middlewares/ST/threadx/common/src/txe_queue_send_notify.d" -MT"Middlewares/ST/threadx/common/src/txe_queue_send_notify.o" --specs=nano.specs -mfpu=fpv4-sp-d16 -mfloat-abi=hard -mthumb -o "Middlewares/ST/threadx/common/src/txe_queue_send_notify.o"
arm-none-eabi-gcc "../Middlewares/ST/threadx/common/src/txe_semaphore_ceiling_put.c" -mcpu=cortex-m4 -std=gnu11 -g3 -DDEBUG -DUSE_HAL_DRIVER -DSTM32G474xx -DTX_INCLUDE_USER_DEFINE_FILE -c -I../Core/Inc -I../Drivers/STM32G4xx_HAL_Driver/Inc -I../Drivers/STM32G4xx_HAL_Driver/Inc/Legacy -I../Drivers/CMSIS/Device/ST/STM32G4xx/Include -I../Drivers/CMSIS/Include -I../AZURE_RTOS/App -I../Middlewares/ST/threadx/common/inc/ -I../Middlewares/ST/threadx/ports/cortex_m4/gnu/inc/ -O0 -ffunction-sections -fdata-sections -Wall -fstack-usage -fcyclomatic-complexity -MMD -MP -MF"Middlewares/ST/threadx/common/src/txe_semaphore_ceiling_put.d" -MT"Middlewares/ST/threadx/common/src/txe_semaphore_ceiling_put.o" --specs=nano.specs -mfpu=fpv4-sp-d16 -mfloat-abi=hard -mthumb -o "Middlewares/ST/threadx/common/src/txe_semaphore_ceiling_put.o"
arm-none-eabi-gcc "../Middlewares/ST/threadx/common/src/txe_semaphore_create.c" -mcpu=cortex-m4 -std=gnu11 -g3 -DDEBUG -DUSE_HAL_DRIVER -DSTM32G474xx -DTX_INCLUDE_USER_DEFINE_FILE -c -I../Core/Inc -I../Drivers/STM32G4xx_HAL_Driver/Inc -I../Drivers/STM32G4xx_HAL_Driver/Inc/Legacy -I../Drivers/CMSIS/Device/ST/STM32G4xx/Include -I../Drivers/CMSIS/Include -I../AZURE_RTOS/App -I../Middlewares/ST/threadx/common/inc/ -I../Middlewares/ST/threadx/ports/cortex_m4/gnu/inc/ -O0 -ffunction-sections -fdata-sections -Wall -fstack-usage -fcyclomatic-complexity -MMD -MP -MF"Middlewares/ST/threadx/common/src/txe_semaphore_create.d" -MT"Middlewares/ST/threadx/common/src/txe_semaphore_create.o" --specs=nano.specs -mfpu=fpv4-sp-d16 -mfloat-abi=hard -mthumb -o "Middlewares/ST/threadx/common/src/txe_semaphore_create.o"
arm-none-eabi-gcc "../Middlewares/ST/threadx/common/src/txe_semaphore_delete.c" -mcpu=cortex-m4 -std=gnu11 -g3 -DDEBUG -DUSE_HAL_DRIVER -DSTM32G474xx -DTX_INCLUDE_USER_DEFINE_FILE -c -I../Core/Inc -I../Drivers/STM32G4xx_HAL_Driver/Inc -I../Drivers/STM32G4xx_HAL_Driver/Inc/Legacy -I../Drivers/CMSIS/Device/ST/STM32G4xx/Include -I../Drivers/CMSIS/Include -I../AZURE_RTOS/App -I../Middlewares/ST/threadx/common/inc/ -I../Middlewares/ST/threadx/ports/cortex_m4/gnu/inc/ -O0 -ffunction-sections -fdata-sections -Wall -fstack-usage -fcyclomatic-complexity -MMD -MP -MF"Middlewares/ST/threadx/common/src/txe_semaphore_delete.d" -MT"Middlewares/ST/threadx/common/src/txe_semaphore_delete.o" --specs=nano.specs -mfpu=fpv4-sp-d16 -mfloat-abi=hard -mthumb -o "Middlewares/ST/threadx/common/src/txe_semaphore_delete.o"
arm-none-eabi-gcc "../Middlewares/ST/threadx/common/src/txe_semaphore_get.c" -mcpu=cortex-m4 -std=gnu11 -g3 -DDEBUG -DUSE_HAL_DRIVER -DSTM32G474xx -DTX_INCLUDE_USER_DEFINE_FILE -c -I../Core/Inc -I../Drivers/STM32G4xx_HAL_Driver/Inc -I../Drivers/STM32G4xx_HAL_Driver/Inc/Legacy -I../Drivers/CMSIS/Device/ST/STM32G4xx/Include -I../Drivers/CMSIS/Include -I../AZURE_RTOS/App -I../Middlewares/ST/threadx/common/inc/ -I../Middlewares/ST/threadx/ports/cortex_m4/gnu/inc/ -O0 -ffunction-sections -fdata-sections -Wall -fstack-usage -fcyclomatic-complexity -MMD -MP -MF"Middlewares/ST/threadx/common/src/txe_semaphore_get.d" -MT"Middlewares/ST/threadx/common/src/txe_semaphore_get.o" --specs=nano.specs -mfpu=fpv4-sp-d16 -mfloat-abi=hard -mthumb -o "Middlewares/ST/threadx/common/src/txe_semaphore_get.o"
arm-none-eabi-gcc "../Middlewares/ST/threadx/common/src/txe_semaphore_info_get.c" -mcpu=cortex-m4 -std=gnu11 -g3 -DDEBUG -DUSE_HAL_DRIVER -DSTM32G474xx -DTX_INCLUDE_USER_DEFINE_FILE -c -I../Core/Inc -I../Drivers/STM32G4xx_HAL_Driver/Inc -I../Drivers/STM32G4xx_HAL_Driver/Inc/Legacy -I../Drivers/CMSIS/Device/ST/STM32G4xx/Include -I../Drivers/CMSIS/Include -I../AZURE_RTOS/App -I../Middlewares/ST/threadx/common/inc/ -I../Middlewares/ST/threadx/ports/cortex_m4/gnu/inc/ -O0 -ffunction-sections -fdata-sections -Wall -fstack-usage -fcyclomatic-complexity -MMD -MP -MF"Middlewares/ST/threadx/common/src/txe_semaphore_info_get.d" -MT"Middlewares/ST/threadx/common/src/txe_semaphore_info_get.o" --specs=nano.specs -mfpu=fpv4-sp-d16 -mfloat-abi=hard -mthumb -o "Middlewares/ST/threadx/common/src/txe_semaphore_info_get.o"
arm-none-eabi-gcc "../Middlewares/ST/threadx/common/src/txe_semaphore_prioritize.c" -mcpu=cortex-m4 -std=gnu11 -g3 -DDEBUG -DUSE_HAL_DRIVER -DSTM32G474xx -DTX_INCLUDE_USER_DEFINE_FILE -c -I../Core/Inc -I../Drivers/STM32G4xx_HAL_Driver/Inc -I../Drivers/STM32G4xx_HAL_Driver/Inc/Legacy -I../Drivers/CMSIS/Device/ST/STM32G4xx/Include -I../Drivers/CMSIS/Include -I../AZURE_RTOS/App -I../Middlewares/ST/threadx/common/inc/ -I../Middlewares/ST/threadx/ports/cortex_m4/gnu/inc/ -O0 -ffunction-sections -fdata-sections -Wall -fstack-usage -fcyclomatic-complexity -MMD -MP -MF"Middlewares/ST/threadx/common/src/txe_semaphore_prioritize.d" -MT"Middlewares/ST/threadx/common/src/txe_semaphore_prioritize.o" --specs=nano.specs -mfpu=fpv4-sp-d16 -mfloat-abi=hard -mthumb -o "Middlewares/ST/threadx/common/src/txe_semaphore_prioritize.o"
arm-none-eabi-gcc "../Middlewares/ST/threadx/common/src/txe_semaphore_put.c" -mcpu=cortex-m4 -std=gnu11 -g3 -DDEBUG -DUSE_HAL_DRIVER -DSTM32G474xx -DTX_INCLUDE_USER_DEFINE_FILE -c -I../Core/Inc -I../Drivers/STM32G4xx_HAL_Driver/Inc -I../Drivers/STM32G4xx_HAL_Driver/Inc/Legacy -I../Drivers/CMSIS/Device/ST/STM32G4xx/Include -I../Drivers/CMSIS/Include -I../AZURE_RTOS/App -I../Middlewares/ST/threadx/common/inc/ -I../Middlewares/ST/threadx/ports/cortex_m4/gnu/inc/ -O0 -ffunction-sections -fdata-sections -Wall -fstack-usage -fcyclomatic-complexity -MMD -MP -MF"Middlewares/ST/threadx/common/src/txe_semaphore_put.d" -MT"Middlewares/ST/threadx/common/src/txe_semaphore_put.o" --specs=nano.specs -mfpu=fpv4-sp-d16 -mfloat-abi=hard -mthumb -o "Middlewares/ST/threadx/common/src/txe_semaphore_put.o"
arm-none-eabi-gcc "../Middlewares/ST/threadx/common/src/txe_semaphore_put_notify.c" -mcpu=cortex-m4 -std=gnu11 -g3 -DDEBUG -DUSE_HAL_DRIVER -DSTM32G474xx -DTX_INCLUDE_USER_DEFINE_FILE -c -I../Core/Inc -I../Drivers/STM32G4xx_HAL_Driver/Inc -I../Drivers/STM32G4xx_HAL_Driver/Inc/Legacy -I../Drivers/CMSIS/Device/ST/STM32G4xx/Include -I../Drivers/CMSIS/Include -I../AZURE_RTOS/App -I../Middlewares/ST/threadx/common/inc/ -I../Middlewares/ST/threadx/ports/cortex_m4/gnu/inc/ -O0 -ffunction-sections -fdata-sections -Wall -fstack-usage -fcyclomatic-complexity -MMD -MP -MF"Middlewares/ST/threadx/common/src/txe_semaphore_put_notify.d" -MT"Middlewares/ST/threadx/common/src/txe_semaphore_put_notify.o" --specs=nano.specs -mfpu=fpv4-sp-d16 -mfloat-abi=hard -mthumb -o "Middlewares/ST/threadx/common/src/txe_semaphore_put_notify.o"
arm-none-eabi-gcc "../Middlewares/ST/threadx/common/src/txe_thread_create.c" -mcpu=cortex-m4 -std=gnu11 -g3 -DDEBUG -DUSE_HAL_DRIVER -DSTM32G474xx -DTX_INCLUDE_USER_DEFINE_FILE -c -I../Core/Inc -I../Drivers/STM32G4xx_HAL_Driver/Inc -I../Drivers/STM32G4xx_HAL_Driver/Inc/Legacy -I../Drivers/CMSIS/Device/ST/STM32G4xx/Include -I../Drivers/CMSIS/Include -I../AZURE_RTOS/App -I../Middlewares/ST/threadx/common/inc/ -I../Middlewares/ST/threadx/ports/cortex_m4/gnu/inc/ -O0 -ffunction-sections -fdata-sections -Wall -fstack-usage -fcyclomatic-complexity -MMD -MP -MF"Middlewares/ST/threadx/common/src/txe_thread_create.d" -MT"Middlewares/ST/threadx/common/src/txe_thread_create.o" --specs=nano.specs -mfpu=fpv4-sp-d16 -mfloat-abi=hard -mthumb -o "Middlewares/ST/threadx/common/src/txe_thread_create.o"
arm-none-eabi-gcc "../Middlewares/ST/threadx/common/src/txe_thread_delete.c" -mcpu=cortex-m4 -std=gnu11 -g3 -DDEBUG -DUSE_HAL_DRIVER -DSTM32G474xx -DTX_INCLUDE_USER_DEFINE_FILE -c -I../Core/Inc -I../Drivers/STM32G4xx_HAL_Driver/Inc -I../Drivers/STM32G4xx_HAL_Driver/Inc/Legacy -I../Drivers/CMSIS/Device/ST/STM32G4xx/Include -I../Drivers/CMSIS/Include -I../AZURE_RTOS/App -I../Middlewares/ST/threadx/common/inc/ -I../Middlewares/ST/threadx/ports/cortex_m4/gnu/inc/ -O0 -ffunction-sections -fdata-sections -Wall -fstack-usage -fcyclomatic-complexity -MMD -MP -MF"Middlewares/ST/threadx/common/src/txe_thread_delete.d" -MT"Middlewares/ST/threadx/common/src/txe_thread_delete.o" --specs=nano.specs -mfpu=fpv4-sp-d16 -mfloat-abi=hard -mthumb -o "Middlewares/ST/threadx/common/src/txe_thread_delete.o"
arm-none-eabi-gcc "../Middlewares/ST/threadx/common/src/txe_thread_entry_exit_notify.c" -mcpu=cortex-m4 -std=gnu11 -g3 -DDEBUG -DUSE_HAL_DRIVER -DSTM32G474xx -DTX_INCLUDE_USER_DEFINE_FILE -c -I../Core/Inc -I../Drivers/STM32G4xx_HAL_Driver/Inc -I../Drivers/STM32G4xx_HAL_Driver/Inc/Legacy -I../Drivers/CMSIS/Device/ST/STM32G4xx/Include -I../Drivers/CMSIS/Include -I../AZURE_RTOS/App -I../Middlewares/ST/threadx/common/inc/ -I../Middlewares/ST/threadx/ports/cortex_m4/gnu/inc/ -O0 -ffunction-sections -fdata-sections -Wall -fstack-usage -fcyclomatic-complexity -MMD -MP -MF"Middlewares/ST/threadx/common/src/txe_thread_entry_exit_notify.d" -MT"Middlewares/ST/threadx/common/src/txe_thread_entry_exit_notify.o" --specs=nano.specs -mfpu=fpv4-sp-d16 -mfloat-abi=hard -mthumb -o "Middlewares/ST/threadx/common/src/txe_thread_entry_exit_notify.o"
arm-none-eabi-gcc "../Middlewares/ST/threadx/common/src/txe_thread_info_get.c" -mcpu=cortex-m4 -std=gnu11 -g3 -DDEBUG -DUSE_HAL_DRIVER -DSTM32G474xx -DTX_INCLUDE_USER_DEFINE_FILE -c -I../Core/Inc -I../Drivers/STM32G4xx_HAL_Driver/Inc -I../Drivers/STM32G4xx_HAL_Driver/Inc/Legacy -I../Drivers/CMSIS/Device/ST/STM32G4xx/Include -I../Drivers/CMSIS/Include -I../AZURE_RTOS/App -I../Middlewares/ST/threadx/common/inc/ -I../Middlewares/ST/threadx/ports/cortex_m4/gnu/inc/ -O0 -ffunction-sections -fdata-sections -Wall -fstack-usage -fcyclomatic-complexity -MMD -MP -MF"Middlewares/ST/threadx/common/src/txe_thread_info_get.d" -MT"Middlewares/ST/threadx/common/src/txe_thread_info_get.o" --specs=nano.specs -mfpu=fpv4-sp-d16 -mfloat-abi=hard -mthumb -o "Middlewares/ST/threadx/common/src/txe_thread_info_get.o"
arm-none-eabi-gcc "../Middlewares/ST/threadx/common/src/txe_thread_preemption_change.c" -mcpu=cortex-m4 -std=gnu11 -g3 -DDEBUG -DUSE_HAL_DRIVER -DSTM32G474xx -DTX_INCLUDE_USER_DEFINE_FILE -c -I../Core/Inc -I../Drivers/STM32G4xx_HAL_Driver/Inc -I../Drivers/STM32G4xx_HAL_Driver/Inc/Legacy -I../Drivers/CMSIS/Device/ST/STM32G4xx/Include -I../Drivers/CMSIS/Include -I../AZURE_RTOS/App -I../Middlewares/ST/threadx/common/inc/ -I../Middlewares/ST/threadx/ports/cortex_m4/gnu/inc/ -O0 -ffunction-sections -fdata-sections -Wall -fstack-usage -fcyclomatic-complexity -MMD -MP -MF"Middlewares/ST/threadx/common/src/txe_thread_preemption_change.d" -MT"Middlewares/ST/threadx/common/src/txe_thread_preemption_change.o" --specs=nano.specs -mfpu=fpv4-sp-d16 -mfloat-abi=hard -mthumb -o "Middlewares/ST/threadx/common/src/txe_thread_preemption_change.o"
arm-none-eabi-gcc "../Middlewares/ST/threadx/common/src/txe_thread_priority_change.c" -mcpu=cortex-m4 -std=gnu11 -g3 -DDEBUG -DUSE_HAL_DRIVER -DSTM32G474xx -DTX_INCLUDE_USER_DEFINE_FILE -c -I../Core/Inc -I../Drivers/STM32G4xx_HAL_Driver/Inc -I../Drivers/STM32G4xx_HAL_Driver/Inc/Legacy -I../Drivers/CMSIS/Device/ST/STM32G4xx/Include -I../Drivers/CMSIS/Include -I../AZURE_RTOS/App -I../Middlewares/ST/threadx/common/inc/ -I../Middlewares/ST/threadx/ports/cortex_m4/gnu/inc/ -O0 -ffunction-sections -fdata-sections -Wall -fstack-usage -fcyclomatic-complexity -MMD -MP -MF"Middlewares/ST/threadx/common/src/txe_thread_priority_change.d" -MT"Middlewares/ST/threadx/common/src/txe_thread_priority_change.o" --specs=nano.specs -mfpu=fpv4-sp-d16 -mfloat-abi=hard -mthumb -o "Middlewares/ST/threadx/common/src/txe_thread_priority_change.o"
arm-none-eabi-gcc "../Middlewares/ST/threadx/common/src/txe_thread_relinquish.c" -mcpu=cortex-m4 -std=gnu11 -g3 -DDEBUG -DUSE_HAL_DRIVER -DSTM32G474xx -DTX_INCLUDE_USER_DEFINE_FILE -c -I../Core/Inc -I../Drivers/STM32G4xx_HAL_Driver/Inc -I../Drivers/STM32G4xx_HAL_Driver/Inc/Legacy -I../Drivers/CMSIS/Device/ST/STM32G4xx/Include -I../Drivers/CMSIS/Include -I../AZURE_RTOS/App -I../Middlewares/ST/threadx/common/inc/ -I../Middlewares/ST/threadx/ports/cortex_m4/gnu/inc/ -O0 -ffunction-sections -fdata-sections -Wall -fstack-usage -fcyclomatic-complexity -MMD -MP -MF"Middlewares/ST/threadx/common/src/txe_thread_relinquish.d" -MT"Middlewares/ST/threadx/common/src/txe_thread_relinquish.o" --specs=nano.specs -mfpu=fpv4-sp-d16 -mfloat-abi=hard -mthumb -o "Middlewares/ST/threadx/common/src/txe_thread_relinquish.o"
arm-none-eabi-gcc "../Middlewares/ST/threadx/common/src/txe_thread_reset.c" -mcpu=cortex-m4 -std=gnu11 -g3 -DDEBUG -DUSE_HAL_DRIVER -DSTM32G474xx -DTX_INCLUDE_USER_DEFINE_FILE -c -I../Core/Inc -I../Drivers/STM32G4xx_HAL_Driver/Inc -I../Drivers/STM32G4xx_HAL_Driver/Inc/Legacy -I../Drivers/CMSIS/Device/ST/STM32G4xx/Include -I../Drivers/CMSIS/Include -I../AZURE_RTOS/App -I../Middlewares/ST/threadx/common/inc/ -I../Middlewares/ST/threadx/ports/cortex_m4/gnu/inc/ -O0 -ffunction-sections -fdata-sections -Wall -fstack-usage -fcyclomatic-complexity -MMD -MP -MF"Middlewares/ST/threadx/common/src/txe_thread_reset.d" -MT"Middlewares/ST/threadx/common/src/txe_thread_reset.o" --specs=nano.specs -mfpu=fpv4-sp-d16 -mfloat-abi=hard -mthumb -o "Middlewares/ST/threadx/common/src/txe_thread_reset.o"
arm-none-eabi-gcc "../Middlewares/ST/threadx/common/src/txe_thread_resume.c" -mcpu=cortex-m4 -std=gnu11 -g3 -DDEBUG -DUSE_HAL_DRIVER -DSTM32G474xx -DTX_INCLUDE_USER_DEFINE_FILE -c -I../Core/Inc -I../Drivers/STM32G4xx_HAL_Driver/Inc -I../Drivers/STM32G4xx_HAL_Driver/Inc/Legacy -I../Drivers/CMSIS/Device/ST/STM32G4xx/Include -I../Drivers/CMSIS/Include -I../AZURE_RTOS/App -I../Middlewares/ST/threadx/common/inc/ -I../Middlewares/ST/threadx/ports/cortex_m4/gnu/inc/ -O0 -ffunction-sections -fdata-sections -Wall -fstack-usage -fcyclomatic-complexity -MMD -MP -MF"Middlewares/ST/threadx/common/src/txe_thread_resume.d" -MT"Middlewares/ST/threadx/common/src/txe_thread_resume.o" --specs=nano.specs -mfpu=fpv4-sp-d16 -mfloat-abi=hard -mthumb -o "Middlewares/ST/threadx/common/src/txe_thread_resume.o"
arm-none-eabi-gcc "../Middlewares/ST/threadx/common/src/txe_thread_suspend.c" -mcpu=cortex-m4 -std=gnu11 -g3 -DDEBUG -DUSE_HAL_DRIVER -DSTM32G474xx -DTX_INCLUDE_USER_DEFINE_FILE -c -I../Core/Inc -I../Drivers/STM32G4xx_HAL_Driver/Inc -I../Drivers/STM32G4xx_HAL_Driver/Inc/Legacy -I../Drivers/CMSIS/Device/ST/STM32G4xx/Include -I../Drivers/CMSIS/Include -I../AZURE_RTOS/App -I../Middlewares/ST/threadx/common/inc/ -I../Middlewares/ST/threadx/ports/cortex_m4/gnu/inc/ -O0 -ffunction-sections -fdata-sections -Wall -fstack-usage -fcyclomatic-complexity -MMD -MP -MF"Middlewares/ST/threadx/common/src/txe_thread_suspend.d" -MT"Middlewares/ST/threadx/common/src/txe_thread_suspend.o" --specs=nano.specs -mfpu=fpv4-sp-d16 -mfloat-abi=hard -mthumb -o "Middlewares/ST/threadx/common/src/txe_thread_suspend.o"
arm-none-eabi-gcc "../Middlewares/ST/threadx/common/src/txe_thread_terminate.c" -mcpu=cortex-m4 -std=gnu11 -g3 -DDEBUG -DUSE_HAL_DRIVER -DSTM32G474xx -DTX_INCLUDE_USER_DEFINE_FILE -c -I../Core/Inc -I../Drivers/STM32G4xx_HAL_Driver/Inc -I../Drivers/STM32G4xx_HAL_Driver/Inc/Legacy -I../Drivers/CMSIS/Device/ST/STM32G4xx/Include -I../Drivers/CMSIS/Include -I../AZURE_RTOS/App -I../Middlewares/ST/threadx/common/inc/ -I../Middlewares/ST/threadx/ports/cortex_m4/gnu/inc/ -O0 -ffunction-sections -fdata-sections -Wall -fstack-usage -fcyclomatic-complexity -MMD -MP -MF"Middlewares/ST/threadx/common/src/txe_thread_terminate.d" -MT"Middlewares/ST/threadx/common/src/txe_thread_terminate.o" --specs=nano.specs -mfpu=fpv4-sp-d16 -mfloat-abi=hard -mthumb -o "Middlewares/ST/threadx/common/src/txe_thread_terminate.o"
arm-none-eabi-gcc "../Middlewares/ST/threadx/common/src/txe_thread_time_slice_change.c" -mcpu=cortex-m4 -std=gnu11 -g3 -DDEBUG -DUSE_HAL_DRIVER -DSTM32G474xx -DTX_INCLUDE_USER_DEFINE_FILE -c -I../Core/Inc -I../Drivers/STM32G4xx_HAL_Driver/Inc -I../Drivers/STM32G4xx_HAL_Driver/Inc/Legacy -I../Drivers/CMSIS/Device/ST/STM32G4xx/Include -I../Drivers/CMSIS/Include -I../AZURE_RTOS/App -I../Middlewares/ST/threadx/common/inc/ -I../Middlewares/ST/threadx/ports/cortex_m4/gnu/inc/ -O0 -ffunction-sections -fdata-sections -Wall -fstack-usage -fcyclomatic-complexity -MMD -MP -MF"Middlewares/ST/threadx/common/src/txe_thread_time_slice_change.d" -MT"Middlewares/ST/threadx/common/src/txe_thread_time_slice_change.o" --specs=nano.specs -mfpu=fpv4-sp-d16 -mfloat-abi=hard -mthumb -o "Middlewares/ST/threadx/common/src/txe_thread_time_slice_change.o"
arm-none-eabi-gcc "../Middlewares/ST/threadx/common/src/txe_thread_wait_abort.c" -mcpu=cortex-m4 -std=gnu11 -g3 -DDEBUG -DUSE_HAL_DRIVER -DSTM32G474xx -DTX_INCLUDE_USER_DEFINE_FILE -c -I../Core/Inc -I../Drivers/STM32G4xx_HAL_Driver/Inc -I../Drivers/STM32G4xx_HAL_Driver/Inc/Legacy -I../Drivers/CMSIS/Device/ST/STM32G4xx/Include -I../Drivers/CMSIS/Include -I../AZURE_RTOS/App -I../Middlewares/ST/threadx/common/inc/ -I../Middlewares/ST/threadx/ports/cortex_m4/gnu/inc/ -O0 -ffunction-sections -fdata-sections -Wall -fstack-usage -fcyclomatic-complexity -MMD -MP -MF"Middlewares/ST/threadx/common/src/txe_thread_wait_abort.d" -MT"Middlewares/ST/threadx/common/src/txe_thread_wait_abort.o" --specs=nano.specs -mfpu=fpv4-sp-d16 -mfloat-abi=hard -mthumb -o "Middlewares/ST/threadx/common/src/txe_thread_wait_abort.o"
arm-none-eabi-gcc "../Middlewares/ST/threadx/common/src/txe_timer_activate.c" -mcpu=cortex-m4 -std=gnu11 -g3 -DDEBUG -DUSE_HAL_DRIVER -DSTM32G474xx -DTX_INCLUDE_USER_DEFINE_FILE -c -I../Core/Inc -I../Drivers/STM32G4xx_HAL_Driver/Inc -I../Drivers/STM32G4xx_HAL_Driver/Inc/Legacy -I../Drivers/CMSIS/Device/ST/STM32G4xx/Include -I../Drivers/CMSIS/Include -I../AZURE_RTOS/App -I../Middlewares/ST/threadx/common/inc/ -I../Middlewares/ST/threadx/ports/cortex_m4/gnu/inc/ -O0 -ffunction-sections -fdata-sections -Wall -fstack-usage -fcyclomatic-complexity -MMD -MP -MF"Middlewares/ST/threadx/common/src/txe_timer_activate.d" -MT"Middlewares/ST/threadx/common/src/txe_timer_activate.o" --specs=nano.specs -mfpu=fpv4-sp-d16 -mfloat-abi=hard -mthumb -o "Middlewares/ST/threadx/common/src/txe_timer_activate.o"
arm-none-eabi-gcc "../Middlewares/ST/threadx/common/src/txe_timer_change.c" -mcpu=cortex-m4 -std=gnu11 -g3 -DDEBUG -DUSE_HAL_DRIVER -DSTM32G474xx -DTX_INCLUDE_USER_DEFINE_FILE -c -I../Core/Inc -I../Drivers/STM32G4xx_HAL_Driver/Inc -I../Drivers/STM32G4xx_HAL_Driver/Inc/Legacy -I../Drivers/CMSIS/Device/ST/STM32G4xx/Include -I../Drivers/CMSIS/Include -I../AZURE_RTOS/App -I../Middlewares/ST/threadx/common/inc/ -I../Middlewares/ST/threadx/ports/cortex_m4/gnu/inc/ -O0 -ffunction-sections -fdata-sections -Wall -fstack-usage -fcyclomatic-complexity -MMD -MP -MF"Middlewares/ST/threadx/common/src/txe_timer_change.d" -MT"Middlewares/ST/threadx/common/src/txe_timer_change.o" --specs=nano.specs -mfpu=fpv4-sp-d16 -mfloat-abi=hard -mthumb -o "Middlewares/ST/threadx/common/src/txe_timer_change.o"
arm-none-eabi-gcc "../Middlewares/ST/threadx/common/src/txe_timer_create.c" -mcpu=cortex-m4 -std=gnu11 -g3 -DDEBUG -DUSE_HAL_DRIVER -DSTM32G474xx -DTX_INCLUDE_USER_DEFINE_FILE -c -I../Core/Inc -I../Drivers/STM32G4xx_HAL_Driver/Inc -I../Drivers/STM32G4xx_HAL_Driver/Inc/Legacy -I../Drivers/CMSIS/Device/ST/STM32G4xx/Include -I../Drivers/CMSIS/Include -I../AZURE_RTOS/App -I../Middlewares/ST/threadx/common/inc/ -I../Middlewares/ST/threadx/ports/cortex_m4/gnu/inc/ -O0 -ffunction-sections -fdata-sections -Wall -fstack-usage -fcyclomatic-complexity -MMD -MP -MF"Middlewares/ST/threadx/common/src/txe_timer_create.d" -MT"Middlewares/ST/threadx/common/src/txe_timer_create.o" --specs=nano.specs -mfpu=fpv4-sp-d16 -mfloat-abi=hard -mthumb -o "Middlewares/ST/threadx/common/src/txe_timer_create.o"
arm-none-eabi-gcc "../Middlewares/ST/threadx/common/src/txe_timer_deactivate.c" -mcpu=cortex-m4 -std=gnu11 -g3 -DDEBUG -DUSE_HAL_DRIVER -DSTM32G474xx -DTX_INCLUDE_USER_DEFINE_FILE -c -I../Core/Inc -I../Drivers/STM32G4xx_HAL_Driver/Inc -I../Drivers/STM32G4xx_HAL_Driver/Inc/Legacy -I../Drivers/CMSIS/Device/ST/STM32G4xx/Include -I../Drivers/CMSIS/Include -I../AZURE_RTOS/App -I../Middlewares/ST/threadx/common/inc/ -I../Middlewares/ST/threadx/ports/cortex_m4/gnu/inc/ -O0 -ffunction-sections -fdata-sections -Wall -fstack-usage -fcyclomatic-complexity -MMD -MP -MF"Middlewares/ST/threadx/common/src/txe_timer_deactivate.d" -MT"Middlewares/ST/threadx/common/src/txe_timer_deactivate.o" --specs=nano.specs -mfpu=fpv4-sp-d16 -mfloat-abi=hard -mthumb -o "Middlewares/ST/threadx/common/src/txe_timer_deactivate.o"
arm-none-eabi-gcc "../Middlewares/ST/threadx/common/src/txe_timer_delete.c" -mcpu=cortex-m4 -std=gnu11 -g3 -DDEBUG -DUSE_HAL_DRIVER -DSTM32G474xx -DTX_INCLUDE_USER_DEFINE_FILE -c -I../Core/Inc -I../Drivers/STM32G4xx_HAL_Driver/Inc -I../Drivers/STM32G4xx_HAL_Driver/Inc/Legacy -I../Drivers/CMSIS/Device/ST/STM32G4xx/Include -I../Drivers/CMSIS/Include -I../AZURE_RTOS/App -I../Middlewares/ST/threadx/common/inc/ -I../Middlewares/ST/threadx/ports/cortex_m4/gnu/inc/ -O0 -ffunction-sections -fdata-sections -Wall -fstack-usage -fcyclomatic-complexity -MMD -MP -MF"Middlewares/ST/threadx/common/src/txe_timer_delete.d" -MT"Middlewares/ST/threadx/common/src/txe_timer_delete.o" --specs=nano.specs -mfpu=fpv4-sp-d16 -mfloat-abi=hard -mthumb -o "Middlewares/ST/threadx/common/src/txe_timer_delete.o"
arm-none-eabi-gcc "../Middlewares/ST/threadx/common/src/txe_timer_info_get.c" -mcpu=cortex-m4 -std=gnu11 -g3 -DDEBUG -DUSE_HAL_DRIVER -DSTM32G474xx -DTX_INCLUDE_USER_DEFINE_FILE -c -I../Core/Inc -I../Drivers/STM32G4xx_HAL_Driver/Inc -I../Drivers/STM32G4xx_HAL_Driver/Inc/Legacy -I../Drivers/CMSIS/Device/ST/STM32G4xx/Include -I../Drivers/CMSIS/Include -I../AZURE_RTOS/App -I../Middlewares/ST/threadx/common/inc/ -I../Middlewares/ST/threadx/ports/cortex_m4/gnu/inc/ -O0 -ffunction-sections -fdata-sections -Wall -fstack-usage -fcyclomatic-complexity -MMD -MP -MF"Middlewares/ST/threadx/common/src/txe_timer_info_get.d" -MT"Middlewares/ST/threadx/common/src/txe_timer_info_get.o" --specs=nano.specs -mfpu=fpv4-sp-d16 -mfloat-abi=hard -mthumb -o "Middlewares/ST/threadx/common/src/txe_timer_info_get.o"
arm-none-eabi-gcc "../Drivers/STM32G4xx_HAL_Driver/Src/stm32g4xx_hal.c" -mcpu=cortex-m4 -std=gnu11 -g3 -DDEBUG -DUSE_HAL_DRIVER -DSTM32G474xx -DTX_INCLUDE_USER_DEFINE_FILE -c -I../Core/Inc -I../Drivers/STM32G4xx_HAL_Driver/Inc -I../Drivers/STM32G4xx_HAL_Driver/Inc/Legacy -I../Drivers/CMSIS/Device/ST/STM32G4xx/Include -I../Drivers/CMSIS/Include -I../AZURE_RTOS/App -I../Middlewares/ST/threadx/common/inc/ -I../Middlewares/ST/threadx/ports/cortex_m4/gnu/inc/ -O0 -ffunction-sections -fdata-sections -Wall -fstack-usage -fcyclomatic-complexity -MMD -MP -MF"Drivers/STM32G4xx_HAL_Driver/Src/stm32g4xx_hal.d" -MT"Drivers/STM32G4xx_HAL_Driver/Src/stm32g4xx_hal.o" --specs=nano.specs -mfpu=fpv4-sp-d16 -mfloat-abi=hard -mthumb -o "Drivers/STM32G4xx_HAL_Driver/Src/stm32g4xx_hal.o"
arm-none-eabi-gcc "../Drivers/STM32G4xx_HAL_Driver/Src/stm32g4xx_hal_adc.c" -mcpu=cortex-m4 -std=gnu11 -g3 -DDEBUG -DUSE_HAL_DRIVER -DSTM32G474xx -DTX_INCLUDE_USER_DEFINE_FILE -c -I../Core/Inc -I../Drivers/STM32G4xx_HAL_Driver/Inc -I../Drivers/STM32G4xx_HAL_Driver/Inc/Legacy -I../Drivers/CMSIS/Device/ST/STM32G4xx/Include -I../Drivers/CMSIS/Include -I../AZURE_RTOS/App -I../Middlewares/ST/threadx/common/inc/ -I../Middlewares/ST/threadx/ports/cortex_m4/gnu/inc/ -O0 -ffunction-sections -fdata-sections -Wall -fstack-usage -fcyclomatic-complexity -MMD -MP -MF"Drivers/STM32G4xx_HAL_Driver/Src/stm32g4xx_hal_adc.d" -MT"Drivers/STM32G4xx_HAL_Driver/Src/stm32g4xx_hal_adc.o" --specs=nano.specs -mfpu=fpv4-sp-d16 -mfloat-abi=hard -mthumb -o "Drivers/STM32G4xx_HAL_Driver/Src/stm32g4xx_hal_adc.o"
arm-none-eabi-gcc "../Drivers/STM32G4xx_HAL_Driver/Src/stm32g4xx_hal_adc_ex.c" -mcpu=cortex-m4 -std=gnu11 -g3 -DDEBUG -DUSE_HAL_DRIVER -DSTM32G474xx -DTX_INCLUDE_USER_DEFINE_FILE -c -I../Core/Inc -I../Drivers/STM32G4xx_HAL_Driver/Inc -I../Drivers/STM32G4xx_HAL_Driver/Inc/Legacy -I../Drivers/CMSIS/Device/ST/STM32G4xx/Include -I../Drivers/CMSIS/Include -I../AZURE_RTOS/App -I../Middlewares/ST/threadx/common/inc/ -I../Middlewares/ST/threadx/ports/cortex_m4/gnu/inc/ -O0 -ffunction-sections -fdata-sections -Wall -fstack-usage -fcyclomatic-complexity -MMD -MP -MF"Drivers/STM32G4xx_HAL_Driver/Src/stm32g4xx_hal_adc_ex.d" -MT"Drivers/STM32G4xx_HAL_Driver/Src/stm32g4xx_hal_adc_ex.o" --specs=nano.specs -mfpu=fpv4-sp-d16 -mfloat-abi=hard -mthumb -o "Drivers/STM32G4xx_HAL_Driver/Src/stm32g4xx_hal_adc_ex.o"
arm-none-eabi-gcc "../Drivers/STM32G4xx_HAL_Driver/Src/stm32g4xx_hal_cordic.c" -mcpu=cortex-m4 -std=gnu11 -g3 -DDEBUG -DUSE_HAL_DRIVER -DSTM32G474xx -DTX_INCLUDE_USER_DEFINE_FILE -c -I../Core/Inc -I../Drivers/STM32G4xx_HAL_Driver/Inc -I../Drivers/STM32G4xx_HAL_Driver/Inc/Legacy -I../Drivers/CMSIS/Device/ST/STM32G4xx/Include -I../Drivers/CMSIS/Include -I../AZURE_RTOS/App -I../Middlewares/ST/threadx/common/inc/ -I../Middlewares/ST/threadx/ports/cortex_m4/gnu/inc/ -O0 -ffunction-sections -fdata-sections -Wall -fstack-usage -fcyclomatic-complexity -MMD -MP -MF"Drivers/STM32G4xx_HAL_Driver/Src/stm32g4xx_hal_cordic.d" -MT"Drivers/STM32G4xx_HAL_Driver/Src/stm32g4xx_hal_cordic.o" --specs=nano.specs -mfpu=fpv4-sp-d16 -mfloat-abi=hard -mthumb -o "Drivers/STM32G4xx_HAL_Driver/Src/stm32g4xx_hal_cordic.o"
arm-none-eabi-gcc "../Drivers/STM32G4xx_HAL_Driver/Src/stm32g4xx_hal_cortex.c" -mcpu=cortex-m4 -std=gnu11 -g3 -DDEBUG -DUSE_HAL_DRIVER -DSTM32G474xx -DTX_INCLUDE_USER_DEFINE_FILE -c -I../Core/Inc -I../Drivers/STM32G4xx_HAL_Driver/Inc -I../Drivers/STM32G4xx_HAL_Driver/Inc/Legacy -I../Drivers/CMSIS/Device/ST/STM32G4xx/Include -I../Drivers/CMSIS/Include -I../AZURE_RTOS/App -I../Middlewares/ST/threadx/common/inc/ -I../Middlewares/ST/threadx/ports/cortex_m4/gnu/inc/ -O0 -ffunction-sections -fdata-sections -Wall -fstack-usage -fcyclomatic-complexity -MMD -MP -MF"Drivers/STM32G4xx_HAL_Driver/Src/stm32g4xx_hal_cortex.d" -MT"Drivers/STM32G4xx_HAL_Driver/Src/stm32g4xx_hal_cortex.o" --specs=nano.specs -mfpu=fpv4-sp-d16 -mfloat-abi=hard -mthumb -o "Drivers/STM32G4xx_HAL_Driver/Src/stm32g4xx_hal_cortex.o"
arm-none-eabi-gcc "../Drivers/STM32G4xx_HAL_Driver/Src/stm32g4xx_hal_dma.c" -mcpu=cortex-m4 -std=gnu11 -g3 -DDEBUG -DUSE_HAL_DRIVER -DSTM32G474xx -DTX_INCLUDE_USER_DEFINE_FILE -c -I../Core/Inc -I../Drivers/STM32G4xx_HAL_Driver/Inc -I../Drivers/STM32G4xx_HAL_Driver/Inc/Legacy -I../Drivers/CMSIS/Device/ST/STM32G4xx/Include -I../Drivers/CMSIS/Include -I../AZURE_RTOS/App -I../Middlewares/ST/threadx/common/inc/ -I../Middlewares/ST/threadx/ports/cortex_m4/gnu/inc/ -O0 -ffunction-sections -fdata-sections -Wall -fstack-usage -fcyclomatic-complexity -MMD -MP -MF"Drivers/STM32G4xx_HAL_Driver/Src/stm32g4xx_hal_dma.d" -MT"Drivers/STM32G4xx_HAL_Driver/Src/stm32g4xx_hal_dma.o" --specs=nano.specs -mfpu=fpv4-sp-d16 -mfloat-abi=hard -mthumb -o "Drivers/STM32G4xx_HAL_Driver/Src/stm32g4xx_hal_dma.o"
arm-none-eabi-gcc "../Drivers/STM32G4xx_HAL_Driver/Src/stm32g4xx_hal_dma_ex.c" -mcpu=cortex-m4 -std=gnu11 -g3 -DDEBUG -DUSE_HAL_DRIVER -DSTM32G474xx -DTX_INCLUDE_USER_DEFINE_FILE -c -I../Core/Inc -I../Drivers/STM32G4xx_HAL_Driver/Inc -I../Drivers/STM32G4xx_HAL_Driver/Inc/Legacy -I../Drivers/CMSIS/Device/ST/STM32G4xx/Include -I../Drivers/CMSIS/Include -I../AZURE_RTOS/App -I../Middlewares/ST/threadx/common/inc/ -I../Middlewares/ST/threadx/ports/cortex_m4/gnu/inc/ -O0 -ffunction-sections -fdata-sections -Wall -fstack-usage -fcyclomatic-complexity -MMD -MP -MF"Drivers/STM32G4xx_HAL_Driver/Src/stm32g4xx_hal_dma_ex.d" -MT"Drivers/STM32G4xx_HAL_Driver/Src/stm32g4xx_hal_dma_ex.o" --specs=nano.specs -mfpu=fpv4-sp-d16 -mfloat-abi=hard -mthumb -o "Drivers/STM32G4xx_HAL_Driver/Src/stm32g4xx_hal_dma_ex.o"
arm-none-eabi-gcc "../Drivers/STM32G4xx_HAL_Driver/Src/stm32g4xx_hal_exti.c" -mcpu=cortex-m4 -std=gnu11 -g3 -DDEBUG -DUSE_HAL_DRIVER -DSTM32G474xx -DTX_INCLUDE_USER_DEFINE_FILE -c -I../Core/Inc -I../Drivers/STM32G4xx_HAL_Driver/Inc -I../Drivers/STM32G4xx_HAL_Driver/Inc/Legacy -I../Drivers/CMSIS/Device/ST/STM32G4xx/Include -I../Drivers/CMSIS/Include -I../AZURE_RTOS/App -I../Middlewares/ST/threadx/common/inc/ -I../Middlewares/ST/threadx/ports/cortex_m4/gnu/inc/ -O0 -ffunction-sections -fdata-sections -Wall -fstack-usage -fcyclomatic-complexity -MMD -MP -MF"Drivers/STM32G4xx_HAL_Driver/Src/stm32g4xx_hal_exti.d" -MT"Drivers/STM32G4xx_HAL_Driver/Src/stm32g4xx_hal_exti.o" --specs=nano.specs -mfpu=fpv4-sp-d16 -mfloat-abi=hard -mthumb -o "Drivers/STM32G4xx_HAL_Driver/Src/stm32g4xx_hal_exti.o"
arm-none-eabi-gcc "../Drivers/STM32G4xx_HAL_Driver/Src/stm32g4xx_hal_flash.c" -mcpu=cortex-m4 -std=gnu11 -g3 -DDEBUG -DUSE_HAL_DRIVER -DSTM32G474xx -DTX_INCLUDE_USER_DEFINE_FILE -c -I../Core/Inc -I../Drivers/STM32G4xx_HAL_Driver/Inc -I../Drivers/STM32G4xx_HAL_Driver/Inc/Legacy -I../Drivers/CMSIS/Device/ST/STM32G4xx/Include -I../Drivers/CMSIS/Include -I../AZURE_RTOS/App -I../Middlewares/ST/threadx/common/inc/ -I../Middlewares/ST/threadx/ports/cortex_m4/gnu/inc/ -O0 -ffunction-sections -fdata-sections -Wall -fstack-usage -fcyclomatic-complexity -MMD -MP -MF"Drivers/STM32G4xx_HAL_Driver/Src/stm32g4xx_hal_flash.d" -MT"Drivers/STM32G4xx_HAL_Driver/Src/stm32g4xx_hal_flash.o" --specs=nano.specs -mfpu=fpv4-sp-d16 -mfloat-abi=hard -mthumb -o "Drivers/STM32G4xx_HAL_Driver/Src/stm32g4xx_hal_flash.o"
arm-none-eabi-gcc "../Drivers/STM32G4xx_HAL_Driver/Src/stm32g4xx_hal_flash_ex.c" -mcpu=cortex-m4 -std=gnu11 -g3 -DDEBUG -DUSE_HAL_DRIVER -DSTM32G474xx -DTX_INCLUDE_USER_DEFINE_FILE -c -I../Core/Inc -I../Drivers/STM32G4xx_HAL_Driver/Inc -I../Drivers/STM32G4xx_HAL_Driver/Inc/Legacy -I../Drivers/CMSIS/Device/ST/STM32G4xx/Include -I../Drivers/CMSIS/Include -I../AZURE_RTOS/App -I../Middlewares/ST/threadx/common/inc/ -I../Middlewares/ST/threadx/ports/cortex_m4/gnu/inc/ -O0 -ffunction-sections -fdata-sections -Wall -fstack-usage -fcyclomatic-complexity -MMD -MP -MF"Drivers/STM32G4xx_HAL_Driver/Src/stm32g4xx_hal_flash_ex.d" -MT"Drivers/STM32G4xx_HAL_Driver/Src/stm32g4xx_hal_flash_ex.o" --specs=nano.specs -mfpu=fpv4-sp-d16 -mfloat-abi=hard -mthumb -o "Drivers/STM32G4xx_HAL_Driver/Src/stm32g4xx_hal_flash_ex.o"
arm-none-eabi-gcc "../Drivers/STM32G4xx_HAL_Driver/Src/stm32g4xx_hal_flash_ramfunc.c" -mcpu=cortex-m4 -std=gnu11 -g3 -DDEBUG -DUSE_HAL_DRIVER -DSTM32G474xx -DTX_INCLUDE_USER_DEFINE_FILE -c -I../Core/Inc -I../Drivers/STM32G4xx_HAL_Driver/Inc -I../Drivers/STM32G4xx_HAL_Driver/Inc/Legacy -I../Drivers/CMSIS/Device/ST/STM32G4xx/Include -I../Drivers/CMSIS/Include -I../AZURE_RTOS/App -I../Middlewares/ST/threadx/common/inc/ -I../Middlewares/ST/threadx/ports/cortex_m4/gnu/inc/ -O0 -ffunction-sections -fdata-sections -Wall -fstack-usage -fcyclomatic-complexity -MMD -MP -MF"Drivers/STM32G4xx_HAL_Driver/Src/stm32g4xx_hal_flash_ramfunc.d" -MT"Drivers/STM32G4xx_HAL_Driver/Src/stm32g4xx_hal_flash_ramfunc.o" --specs=nano.specs -mfpu=fpv4-sp-d16 -mfloat-abi=hard -mthumb -o "Drivers/STM32G4xx_HAL_Driver/Src/stm32g4xx_hal_flash_ramfunc.o"
arm-none-eabi-gcc "../Drivers/STM32G4xx_HAL_Driver/Src/stm32g4xx_hal_gpio.c" -mcpu=cortex-m4 -std=gnu11 -g3 -DDEBUG -DUSE_HAL_DRIVER -DSTM32G474xx -DTX_INCLUDE_USER_DEFINE_FILE -c -I../Core/Inc -I../Drivers/STM32G4xx_HAL_Driver/Inc -I../Drivers/STM32G4xx_HAL_Driver/Inc/Legacy -I../Drivers/CMSIS/Device/ST/STM32G4xx/Include -I../Drivers/CMSIS/Include -I../AZURE_RTOS/App -I../Middlewares/ST/threadx/common/inc/ -I../Middlewares/ST/threadx/ports/cortex_m4/gnu/inc/ -O0 -ffunction-sections -fdata-sections -Wall -fstack-usage -fcyclomatic-complexity -MMD -MP -MF"Drivers/STM32G4xx_HAL_Driver/Src/stm32g4xx_hal_gpio.d" -MT"Drivers/STM32G4xx_HAL_Driver/Src/stm32g4xx_hal_gpio.o" --specs=nano.specs -mfpu=fpv4-sp-d16 -mfloat-abi=hard -mthumb -o "Drivers/STM32G4xx_HAL_Driver/Src/stm32g4xx_hal_gpio.o"
arm-none-eabi-gcc "../Drivers/STM32G4xx_HAL_Driver/Src/stm32g4xx_hal_i2c.c" -mcpu=cortex-m4 -std=gnu11 -g3 -DDEBUG -DUSE_HAL_DRIVER -DSTM32G474xx -DTX_INCLUDE_USER_DEFINE_FILE -c -I../Core/Inc -I../Drivers/STM32G4xx_HAL_Driver/Inc -I../Drivers/STM32G4xx_HAL_Driver/Inc/Legacy -I../Drivers/CMSIS/Device/ST/STM32G4xx/Include -I../Drivers/CMSIS/Include -I../AZURE_RTOS/App -I../Middlewares/ST/threadx/common/inc/ -I../Middlewares/ST/threadx/ports/cortex_m4/gnu/inc/ -O0 -ffunction-sections -fdata-sections -Wall -fstack-usage -fcyclomatic-complexity -MMD -MP -MF"Drivers/STM32G4xx_HAL_Driver/Src/stm32g4xx_hal_i2c.d" -MT"Drivers/STM32G4xx_HAL_Driver/Src/stm32g4xx_hal_i2c.o" --specs=nano.specs -mfpu=fpv4-sp-d16 -mfloat-abi=hard -mthumb -o "Drivers/STM32G4xx_HAL_Driver/Src/stm32g4xx_hal_i2c.o"
arm-none-eabi-gcc "../Drivers/STM32G4xx_HAL_Driver/Src/stm32g4xx_hal_i2c_ex.c" -mcpu=cortex-m4 -std=gnu11 -g3 -DDEBUG -DUSE_HAL_DRIVER -DSTM32G474xx -DTX_INCLUDE_USER_DEFINE_FILE -c -I../Core/Inc -I../Drivers/STM32G4xx_HAL_Driver/Inc -I../Drivers/STM32G4xx_HAL_Driver/Inc/Legacy -I../Drivers/CMSIS/Device/ST/STM32G4xx/Include -I../Drivers/CMSIS/Include -I../AZURE_RTOS/App -I../Middlewares/ST/threadx/common/inc/ -I../Middlewares/ST/threadx/ports/cortex_m4/gnu/inc/ -O0 -ffunction-sections -fdata-sections -Wall -fstack-usage -fcyclomatic-complexity -MMD -MP -MF"Drivers/STM32G4xx_HAL_Driver/Src/stm32g4xx_hal_i2c_ex.d" -MT"Drivers/STM32G4xx_HAL_Driver/Src/stm32g4xx_hal_i2c_ex.o" --specs=nano.specs -mfpu=fpv4-sp-d16 -mfloat-abi=hard -mthumb -o "Drivers/STM32G4xx_HAL_Driver/Src/stm32g4xx_hal_i2c_ex.o"
arm-none-eabi-gcc "../Drivers/STM32G4xx_HAL_Driver/Src/stm32g4xx_hal_pwr.c" -mcpu=cortex-m4 -std=gnu11 -g3 -DDEBUG -DUSE_HAL_DRIVER -DSTM32G474xx -DTX_INCLUDE_USER_DEFINE_FILE -c -I../Core/Inc -I../Drivers/STM32G4xx_HAL_Driver/Inc -I../Drivers/STM32G4xx_HAL_Driver/Inc/Legacy -I../Drivers/CMSIS/Device/ST/STM32G4xx/Include -I../Drivers/CMSIS/Include -I../AZURE_RTOS/App -I../Middlewares/ST/threadx/common/inc/ -I../Middlewares/ST/threadx/ports/cortex_m4/gnu/inc/ -O0 -ffunction-sections -fdata-sections -Wall -fstack-usage -fcyclomatic-complexity -MMD -MP -MF"Drivers/STM32G4xx_HAL_Driver/Src/stm32g4xx_hal_pwr.d" -MT"Drivers/STM32G4xx_HAL_Driver/Src/stm32g4xx_hal_pwr.o" --specs=nano.specs -mfpu=fpv4-sp-d16 -mfloat-abi=hard -mthumb -o "Drivers/STM32G4xx_HAL_Driver/Src/stm32g4xx_hal_pwr.o"
arm-none-eabi-gcc "../Drivers/STM32G4xx_HAL_Driver/Src/stm32g4xx_hal_pwr_ex.c" -mcpu=cortex-m4 -std=gnu11 -g3 -DDEBUG -DUSE_HAL_DRIVER -DSTM32G474xx -DTX_INCLUDE_USER_DEFINE_FILE -c -I../Core/Inc -I../Drivers/STM32G4xx_HAL_Driver/Inc -I../Drivers/STM32G4xx_HAL_Driver/Inc/Legacy -I../Drivers/CMSIS/Device/ST/STM32G4xx/Include -I../Drivers/CMSIS/Include -I../AZURE_RTOS/App -I../Middlewares/ST/threadx/common/inc/ -I../Middlewares/ST/threadx/ports/cortex_m4/gnu/inc/ -O0 -ffunction-sections -fdata-sections -Wall -fstack-usage -fcyclomatic-complexity -MMD -MP -MF"Drivers/STM32G4xx_HAL_Driver/Src/stm32g4xx_hal_pwr_ex.d" -MT"Drivers/STM32G4xx_HAL_Driver/Src/stm32g4xx_hal_pwr_ex.o" --specs=nano.specs -mfpu=fpv4-sp-d16 -mfloat-abi=hard -mthumb -o "Drivers/STM32G4xx_HAL_Driver/Src/stm32g4xx_hal_pwr_ex.o"
arm-none-eabi-gcc "../Drivers/STM32G4xx_HAL_Driver/Src/stm32g4xx_hal_rcc.c" -mcpu=cortex-m4 -std=gnu11 -g3 -DDEBUG -DUSE_HAL_DRIVER -DSTM32G474xx -DTX_INCLUDE_USER_DEFINE_FILE -c -I../Core/Inc -I../Drivers/STM32G4xx_HAL_Driver/Inc -I../Drivers/STM32G4xx_HAL_Driver/Inc/Legacy -I../Drivers/CMSIS/Device/ST/STM32G4xx/Include -I../Drivers/CMSIS/Include -I../AZURE_RTOS/App -I../Middlewares/ST/threadx/common/inc/ -I../Middlewares/ST/threadx/ports/cortex_m4/gnu/inc/ -O0 -ffunction-sections -fdata-sections -Wall -fstack-usage -fcyclomatic-complexity -MMD -MP -MF"Drivers/STM32G4xx_HAL_Driver/Src/stm32g4xx_hal_rcc.d" -MT"Drivers/STM32G4xx_HAL_Driver/Src/stm32g4xx_hal_rcc.o" --specs=nano.specs -mfpu=fpv4-sp-d16 -mfloat-abi=hard -mthumb -o "Drivers/STM32G4xx_HAL_Driver/Src/stm32g4xx_hal_rcc.o"
arm-none-eabi-gcc "../Drivers/STM32G4xx_HAL_Driver/Src/stm32g4xx_hal_rcc_ex.c" -mcpu=cortex-m4 -std=gnu11 -g3 -DDEBUG -DUSE_HAL_DRIVER -DSTM32G474xx -DTX_INCLUDE_USER_DEFINE_FILE -c -I../Core/Inc -I../Drivers/STM32G4xx_HAL_Driver/Inc -I../Drivers/STM32G4xx_HAL_Driver/Inc/Legacy -I../Drivers/CMSIS/Device/ST/STM32G4xx/Include -I../Drivers/CMSIS/Include -I../AZURE_RTOS/App -I../Middlewares/ST/threadx/common/inc/ -I../Middlewares/ST/threadx/ports/cortex_m4/gnu/inc/ -O0 -ffunction-sections -fdata-sections -Wall -fstack-usage -fcyclomatic-complexity -MMD -MP -MF"Drivers/STM32G4xx_HAL_Driver/Src/stm32g4xx_hal_rcc_ex.d" -MT"Drivers/STM32G4xx_HAL_Driver/Src/stm32g4xx_hal_rcc_ex.o" --specs=nano.specs -mfpu=fpv4-sp-d16 -mfloat-abi=hard -mthumb -o "Drivers/STM32G4xx_HAL_Driver/Src/stm32g4xx_hal_rcc_ex.o"
arm-none-eabi-gcc "../Drivers/STM32G4xx_HAL_Driver/Src/stm32g4xx_hal_spi.c" -mcpu=cortex-m4 -std=gnu11 -g3 -DDEBUG -DUSE_HAL_DRIVER -DSTM32G474xx -DTX_INCLUDE_USER_DEFINE_FILE -c -I../Core/Inc -I../Drivers/STM32G4xx_HAL_Driver/Inc -I../Drivers/STM32G4xx_HAL_Driver/Inc/Legacy -I../Drivers/CMSIS/Device/ST/STM32G4xx/Include -I../Drivers/CMSIS/Include -I../AZURE_RTOS/App -I../Middlewares/ST/threadx/common/inc/ -I../Middlewares/ST/threadx/ports/cortex_m4/gnu/inc/ -O0 -ffunction-sections -fdata-sections -Wall -fstack-usage -fcyclomatic-complexity -MMD -MP -MF"Drivers/STM32G4xx_HAL_Driver/Src/stm32g4xx_hal_spi.d" -MT"Drivers/STM32G4xx_HAL_Driver/Src/stm32g4xx_hal_spi.o" --specs=nano.specs -mfpu=fpv4-sp-d16 -mfloat-abi=hard -mthumb -o "Drivers/STM32G4xx_HAL_Driver/Src/stm32g4xx_hal_spi.o"
arm-none-eabi-gcc "../Drivers/STM32G4xx_HAL_Driver/Src/stm32g4xx_hal_spi_ex.c" -mcpu=cortex-m4 -std=gnu11 -g3 -DDEBUG -DUSE_HAL_DRIVER -DSTM32G474xx -DTX_INCLUDE_USER_DEFINE_FILE -c -I../Core/Inc -I../Drivers/STM32G4xx_HAL_Driver/Inc -I../Drivers/STM32G4xx_HAL_Driver/Inc/Legacy -I../Drivers/CMSIS/Device/ST/STM32G4xx/Include -I../Drivers/CMSIS/Include -I../AZURE_RTOS/App -I../Middlewares/ST/threadx/common/inc/ -I../Middlewares/ST/threadx/ports/cortex_m4/gnu/inc/ -O0 -ffunction-sections -fdata-sections -Wall -fstack-usage -fcyclomatic-complexity -MMD -MP -MF"Drivers/STM32G4xx_HAL_Driver/Src/stm32g4xx_hal_spi_ex.d" -MT"Drivers/STM32G4xx_HAL_Driver/Src/stm32g4xx_hal_spi_ex.o" --specs=nano.specs -mfpu=fpv4-sp-d16 -mfloat-abi=hard -mthumb -o "Drivers/STM32G4xx_HAL_Driver/Src/stm32g4xx_hal_spi_ex.o"
arm-none-eabi-gcc "../Drivers/STM32G4xx_HAL_Driver/Src/stm32g4xx_hal_tim.c" -mcpu=cortex-m4 -std=gnu11 -g3 -DDEBUG -DUSE_HAL_DRIVER -DSTM32G474xx -DTX_INCLUDE_USER_DEFINE_FILE -c -I../Core/Inc -I../Drivers/STM32G4xx_HAL_Driver/Inc -I../Drivers/STM32G4xx_HAL_Driver/Inc/Legacy -I../Drivers/CMSIS/Device/ST/STM32G4xx/Include -I../Drivers/CMSIS/Include -I../AZURE_RTOS/App -I../Middlewares/ST/threadx/common/inc/ -I../Middlewares/ST/threadx/ports/cortex_m4/gnu/inc/ -O0 -ffunction-sections -fdata-sections -Wall -fstack-usage -fcyclomatic-complexity -MMD -MP -MF"Drivers/STM32G4xx_HAL_Driver/Src/stm32g4xx_hal_tim.d" -MT"Drivers/STM32G4xx_HAL_Driver/Src/stm32g4xx_hal_tim.o" --specs=nano.specs -mfpu=fpv4-sp-d16 -mfloat-abi=hard -mthumb -o "Drivers/STM32G4xx_HAL_Driver/Src/stm32g4xx_hal_tim.o"
arm-none-eabi-gcc "../Drivers/STM32G4xx_HAL_Driver/Src/stm32g4xx_hal_tim_ex.c" -mcpu=cortex-m4 -std=gnu11 -g3 -DDEBUG -DUSE_HAL_DRIVER -DSTM32G474xx -DTX_INCLUDE_USER_DEFINE_FILE -c -I../Core/Inc -I../Drivers/STM32G4xx_HAL_Driver/Inc -I../Drivers/STM32G4xx_HAL_Driver/Inc/Legacy -I../Drivers/CMSIS/Device/ST/STM32G4xx/Include -I../Drivers/CMSIS/Include -I../AZURE_RTOS/App -I../Middlewares/ST/threadx/common/inc/ -I../Middlewares/ST/threadx/ports/cortex_m4/gnu/inc/ -O0 -ffunction-sections -fdata-sections -Wall -fstack-usage -fcyclomatic-complexity -MMD -MP -MF"Drivers/STM32G4xx_HAL_Driver/Src/stm32g4xx_hal_tim_ex.d" -MT"Drivers/STM32G4xx_HAL_Driver/Src/stm32g4xx_hal_tim_ex.o" --specs=nano.specs -mfpu=fpv4-sp-d16 -mfloat-abi=hard -mthumb -o "Drivers/STM32G4xx_HAL_Driver/Src/stm32g4xx_hal_tim_ex.o"
arm-none-eabi-gcc "../Drivers/STM32G4xx_HAL_Driver/Src/stm32g4xx_hal_uart.c" -mcpu=cortex-m4 -std=gnu11 -g3 -DDEBUG -DUSE_HAL_DRIVER -DSTM32G474xx -DTX_INCLUDE_USER_DEFINE_FILE -c -I../Core/Inc -I../Drivers/STM32G4xx_HAL_Driver/Inc -I../Drivers/STM32G4xx_HAL_Driver/Inc/Legacy -I../Drivers/CMSIS/Device/ST/STM32G4xx/Include -I../Drivers/CMSIS/Include -I../AZURE_RTOS/App -I../Middlewares/ST/threadx/common/inc/ -I../Middlewares/ST/threadx/ports/cortex_m4/gnu/inc/ -O0 -ffunction-sections -fdata-sections -Wall -fstack-usage -fcyclomatic-complexity -MMD -MP -MF"Drivers/STM32G4xx_HAL_Driver/Src/stm32g4xx_hal_uart.d" -MT"Drivers/STM32G4xx_HAL_Driver/Src/stm32g4xx_hal_uart.o" --specs=nano.specs -mfpu=fpv4-sp-d16 -mfloat-abi=hard -mthumb -o "Drivers/STM32G4xx_HAL_Driver/Src/stm32g4xx_hal_uart.o"
arm-none-eabi-gcc "../Drivers/STM32G4xx_HAL_Driver/Src/stm32g4xx_hal_uart_ex.c" -mcpu=cortex-m4 -std=gnu11 -g3 -DDEBUG -DUSE_HAL_DRIVER -DSTM32G474xx -DTX_INCLUDE_USER_DEFINE_FILE -c -I../Core/Inc -I../Drivers/STM32G4xx_HAL_Driver/Inc -I../Drivers/STM32G4xx_HAL_Driver/Inc/Legacy -I../Drivers/CMSIS/Device/ST/STM32G4xx/Include -I../Drivers/CMSIS/Include -I../AZURE_RTOS/App -I../Middlewares/ST/threadx/common/inc/ -I../Middlewares/ST/threadx/ports/cortex_m4/gnu/inc/ -O0 -ffunction-sections -fdata-sections -Wall -fstack-usage -fcyclomatic-complexity -MMD -MP -MF"Drivers/STM32G4xx_HAL_Driver/Src/stm32g4xx_hal_uart_ex.d" -MT"Drivers/STM32G4xx_HAL_Driver/Src/stm32g4xx_hal_uart_ex.o" --specs=nano.specs -mfpu=fpv4-sp-d16 -mfloat-abi=hard -mthumb -o "Drivers/STM32G4xx_HAL_Driver/Src/stm32g4xx_hal_uart_ex.o"
arm-none-eabi-gcc "../Drivers/STM32G4xx_HAL_Driver/Src/stm32g4xx_ll_adc.c" -mcpu=cortex-m4 -std=gnu11 -g3 -DDEBUG -DUSE_HAL_DRIVER -DSTM32G474xx -DTX_INCLUDE_USER_DEFINE_FILE -c -I../Core/Inc -I../Drivers/STM32G4xx_HAL_Driver/Inc -I../Drivers/STM32G4xx_HAL_Driver/Inc/Legacy -I../Drivers/CMSIS/Device/ST/STM32G4xx/Include -I../Drivers/CMSIS/Include -I../AZURE_RTOS/App -I../Middlewares/ST/threadx/common/inc/ -I../Middlewares/ST/threadx/ports/cortex_m4/gnu/inc/ -O0 -ffunction-sections -fdata-sections -Wall -fstack-usage -fcyclomatic-complexity -MMD -MP -MF"Drivers/STM32G4xx_HAL_Driver/Src/stm32g4xx_ll_adc.d" -MT"Drivers/STM32G4xx_HAL_Driver/Src/stm32g4xx_ll_adc.o" --specs=nano.specs -mfpu=fpv4-sp-d16 -mfloat-abi=hard -mthumb -o "Drivers/STM32G4xx_HAL_Driver/Src/stm32g4xx_ll_adc.o"
arm-none-eabi-gcc -mcpu=cortex-m4 -g3 -DDEBUG -c -x assembler-with-cpp -MMD -MP -MF"Core/Startup/startup_stm32g474retx.d" -MT"Core/Startup/startup_stm32g474retx.o" --specs=nano.specs -mfpu=fpv4-sp-d16 -mfloat-abi=hard -mthumb -o "Core/Startup/startup_stm32g474retx.o" "../Core/Startup/startup_stm32g474retx.s"
arm-none-eabi-gcc "../Core/Src/app_threadx.c" -mcpu=cortex-m4 -std=gnu11 -g3 -DDEBUG -DUSE_HAL_DRIVER -DSTM32G474xx -DTX_INCLUDE_USER_DEFINE_FILE -c -I../Core/Inc -I../Drivers/STM32G4xx_HAL_Driver/Inc -I../Drivers/STM32G4xx_HAL_Driver/Inc/Legacy -I../Drivers/CMSIS/Device/ST/STM32G4xx/Include -I../Drivers/CMSIS/Include -I../AZURE_RTOS/App -I../Middlewares/ST/threadx/common/inc/ -I../Middlewares/ST/threadx/ports/cortex_m4/gnu/inc/ -O0 -ffunction-sections -fdata-sections -Wall -fstack-usage -fcyclomatic-complexity -MMD -MP -MF"Core/Src/app_threadx.d" -MT"Core/Src/app_threadx.o" --specs=nano.specs -mfpu=fpv4-sp-d16 -mfloat-abi=hard -mthumb -o "Core/Src/app_threadx.o"
arm-none-eabi-gcc "../Core/Src/main.c" -mcpu=cortex-m4 -std=gnu11 -g3 -DDEBUG -DUSE_HAL_DRIVER -DSTM32G474xx -DTX_INCLUDE_USER_DEFINE_FILE -c -I../Core/Inc -I../Drivers/STM32G4xx_HAL_Driver/Inc -I../Drivers/STM32G4xx_HAL_Driver/Inc/Legacy -I../Drivers/CMSIS/Device/ST/STM32G4xx/Include -I../Drivers/CMSIS/Include -I../AZURE_RTOS/App -I../Middlewares/ST/threadx/common/inc/ -I../Middlewares/ST/threadx/ports/cortex_m4/gnu/inc/ -O0 -ffunction-sections -fdata-sections -Wall -fstack-usage -fcyclomatic-complexity -MMD -MP -MF"Core/Src/main.d" -MT"Core/Src/main.o" --specs=nano.specs -mfpu=fpv4-sp-d16 -mfloat-abi=hard -mthumb -o "Core/Src/main.o"
arm-none-eabi-gcc "../Core/Src/stm32g4xx_hal_msp.c" -mcpu=cortex-m4 -std=gnu11 -g3 -DDEBUG -DUSE_HAL_DRIVER -DSTM32G474xx -DTX_INCLUDE_USER_DEFINE_FILE -c -I../Core/Inc -I../Drivers/STM32G4xx_HAL_Driver/Inc -I../Drivers/STM32G4xx_HAL_Driver/Inc/Legacy -I../Drivers/CMSIS/Device/ST/STM32G4xx/Include -I../Drivers/CMSIS/Include -I../AZURE_RTOS/App -I../Middlewares/ST/threadx/common/inc/ -I../Middlewares/ST/threadx/ports/cortex_m4/gnu/inc/ -O0 -ffunction-sections -fdata-sections -Wall -fstack-usage -fcyclomatic-complexity -MMD -MP -MF"Core/Src/stm32g4xx_hal_msp.d" -MT"Core/Src/stm32g4xx_hal_msp.o" --specs=nano.specs -mfpu=fpv4-sp-d16 -mfloat-abi=hard -mthumb -o "Core/Src/stm32g4xx_hal_msp.o"
arm-none-eabi-gcc "../Core/Src/stm32g4xx_hal_timebase_tim.c" -mcpu=cortex-m4 -std=gnu11 -g3 -DDEBUG -DUSE_HAL_DRIVER -DSTM32G474xx -DTX_INCLUDE_USER_DEFINE_FILE -c -I../Core/Inc -I../Drivers/STM32G4xx_HAL_Driver/Inc -I../Drivers/STM32G4xx_HAL_Driver/Inc/Legacy -I../Drivers/CMSIS/Device/ST/STM32G4xx/Include -I../Drivers/CMSIS/Include -I../AZURE_RTOS/App -I../Middlewares/ST/threadx/common/inc/ -I../Middlewares/ST/threadx/ports/cortex_m4/gnu/inc/ -O0 -ffunction-sections -fdata-sections -Wall -fstack-usage -fcyclomatic-complexity -MMD -MP -MF"Core/Src/stm32g4xx_hal_timebase_tim.d" -MT"Core/Src/stm32g4xx_hal_timebase_tim.o" --specs=nano.specs -mfpu=fpv4-sp-d16 -mfloat-abi=hard -mthumb -o "Core/Src/stm32g4xx_hal_timebase_tim.o"
arm-none-eabi-gcc "../Core/Src/stm32g4xx_it.c" -mcpu=cortex-m4 -std=gnu11 -g3 -DDEBUG -DUSE_HAL_DRIVER -DSTM32G474xx -DTX_INCLUDE_USER_DEFINE_FILE -c -I../Core/Inc -I../Drivers/STM32G4xx_HAL_Driver/Inc -I../Drivers/STM32G4xx_HAL_Driver/Inc/Legacy -I../Drivers/CMSIS/Device/ST/STM32G4xx/Include -I../Drivers/CMSIS/Include -I../AZURE_RTOS/App -I../Middlewares/ST/threadx/common/inc/ -I../Middlewares/ST/threadx/ports/cortex_m4/gnu/inc/ -O0 -ffunction-sections -fdata-sections -Wall -fstack-usage -fcyclomatic-complexity -MMD -MP -MF"Core/Src/stm32g4xx_it.d" -MT"Core/Src/stm32g4xx_it.o" --specs=nano.specs -mfpu=fpv4-sp-d16 -mfloat-abi=hard -mthumb -o "Core/Src/stm32g4xx_it.o"
arm-none-eabi-gcc "../Core/Src/syscalls.c" -mcpu=cortex-m4 -std=gnu11 -g3 -DDEBUG -DUSE_HAL_DRIVER -DSTM32G474xx -DTX_INCLUDE_USER_DEFINE_FILE -c -I../Core/Inc -I../Drivers/STM32G4xx_HAL_Driver/Inc -I../Drivers/STM32G4xx_HAL_Driver/Inc/Legacy -I../Drivers/CMSIS/Device/ST/STM32G4xx/Include -I../Drivers/CMSIS/Include -I../AZURE_RTOS/App -I../Middlewares/ST/threadx/common/inc/ -I../Middlewares/ST/threadx/ports/cortex_m4/gnu/inc/ -O0 -ffunction-sections -fdata-sections -Wall -fstack-usage -fcyclomatic-complexity -MMD -MP -MF"Core/Src/syscalls.d" -MT"Core/Src/syscalls.o" --specs=nano.specs -mfpu=fpv4-sp-d16 -mfloat-abi=hard -mthumb -o "Core/Src/syscalls.o"
arm-none-eabi-gcc "../Core/Src/sysmem.c" -mcpu=cortex-m4 -std=gnu11 -g3 -DDEBUG -DUSE_HAL_DRIVER -DSTM32G474xx -DTX_INCLUDE_USER_DEFINE_FILE -c -I../Core/Inc -I../Drivers/STM32G4xx_HAL_Driver/Inc -I../Drivers/STM32G4xx_HAL_Driver/Inc/Legacy -I../Drivers/CMSIS/Device/ST/STM32G4xx/Include -I../Drivers/CMSIS/Include -I../AZURE_RTOS/App -I../Middlewares/ST/threadx/common/inc/ -I../Middlewares/ST/threadx/ports/cortex_m4/gnu/inc/ -O0 -ffunction-sections -fdata-sections -Wall -fstack-usage -fcyclomatic-complexity -MMD -MP -MF"Core/Src/sysmem.d" -MT"Core/Src/sysmem.o" --specs=nano.specs -mfpu=fpv4-sp-d16 -mfloat-abi=hard -mthumb -o "Core/Src/sysmem.o"
arm-none-eabi-gcc "../Core/Src/system_stm32g4xx.c" -mcpu=cortex-m4 -std=gnu11 -g3 -DDEBUG -DUSE_HAL_DRIVER -DSTM32G474xx -DTX_INCLUDE_USER_DEFINE_FILE -c -I../Core/Inc -I../Drivers/STM32G4xx_HAL_Driver/Inc -I../Drivers/STM32G4xx_HAL_Driver/Inc/Legacy -I../Drivers/CMSIS/Device/ST/STM32G4xx/Include -I../Drivers/CMSIS/Include -I../AZURE_RTOS/App -I../Middlewares/ST/threadx/common/inc/ -I../Middlewares/ST/threadx/ports/cortex_m4/gnu/inc/ -O0 -ffunction-sections -fdata-sections -Wall -fstack-usage -fcyclomatic-complexity -MMD -MP -MF"Core/Src/system_stm32g4xx.d" -MT"Core/Src/system_stm32g4xx.o" --specs=nano.specs -mfpu=fpv4-sp-d16 -mfloat-abi=hard -mthumb -o "Core/Src/system_stm32g4xx.o"
arm-none-eabi-gcc -mcpu=cortex-m4 -g3 -DDEBUG -c -x assembler-with-cpp -MMD -MP -MF"Core/Src/tx_initialize_low_level.d" -MT"Core/Src/tx_initialize_low_level.o" --specs=nano.specs -mfpu=fpv4-sp-d16 -mfloat-abi=hard -mthumb -o "Core/Src/tx_initialize_low_level.o" "../Core/Src/tx_initialize_low_level.S"
arm-none-eabi-gcc "../AZURE_RTOS/App/app_azure_rtos.c" -mcpu=cortex-m4 -std=gnu11 -g3 -DDEBUG -DUSE_HAL_DRIVER -DSTM32G474xx -DTX_INCLUDE_USER_DEFINE_FILE -c -I../Core/Inc -I../Drivers/STM32G4xx_HAL_Driver/Inc -I../Drivers/STM32G4xx_HAL_Driver/Inc/Legacy -I../Drivers/CMSIS/Device/ST/STM32G4xx/Include -I../Drivers/CMSIS/Include -I../AZURE_RTOS/App -I../Middlewares/ST/threadx/common/inc/ -I../Middlewares/ST/threadx/ports/cortex_m4/gnu/inc/ -O0 -ffunction-sections -fdata-sections -Wall -fstack-usage -fcyclomatic-complexity -MMD -MP -MF"AZURE_RTOS/App/app_azure_rtos.d" -MT"AZURE_RTOS/App/app_azure_rtos.o" --specs=nano.specs -mfpu=fpv4-sp-d16 -mfloat-abi=hard -mthumb -o "AZURE_RTOS/App/app_azure_rtos.o"
../Core/Src/stm32g4xx_it.c:25:10: fatal error: USART3_Dma.h: No such file or directory
   25 | #include <USART3_Dma.h>
      |          ^~~~~~~~~~~~~~
compilation terminated.
make: *** [Core/Src/subdir.mk:47: Core/Src/stm32g4xx_it.o] Error 1
make: *** Waiting for unfinished jobs....
"make -j12 all" terminated with exit code 2. Build might be incomplete.
22:32:26 **** Incremental Build of configuration Debug for project STM32G474RET6 ****
make -j12 all 
arm-none-eabi-gcc "../Core/Src/stm32g4xx_it.c" -mcpu=cortex-m4 -std=gnu11 -g3 -DDEBUG -DUSE_HAL_DRIVER -DSTM32G474xx -DTX_INCLUDE_USER_DEFINE_FILE -c -I../Core/Inc -I../Drivers/STM32G4xx_HAL_Driver/Inc -I../Drivers/STM32G4xx_HAL_Driver/Inc/Legacy -I../Drivers/CMSIS/Device/ST/STM32G4xx/Include -I../Drivers/CMSIS/Include -I../AZURE_RTOS/App -I../Middlewares/ST/threadx/common/inc/ -I../Middlewares/ST/threadx/ports/cortex_m4/gnu/inc/ -O0 -ffunction-sections -fdata-sections -Wall -fstack-usage -fcyclomatic-complexity -MMD -MP -MF"Core/Src/stm32g4xx_it.d" -MT"Core/Src/stm32g4xx_it.o" --specs=nano.specs -mfpu=fpv4-sp-d16 -mfloat-abi=hard -mthumb -o "Core/Src/stm32g4xx_it.o"
../Core/Src/stm32g4xx_it.c:25:10: fatal error: USART3_Dma.h: No such file or directory
   25 | #include <USART3_Dma.h>
      |          ^~~~~~~~~~~~~~
compilation terminated.
make: *** [Core/Src/subdir.mk:47: Core/Src/stm32g4xx_it.o] Error 1
"make -j12 all" terminated with exit code 2. Build might be incomplete.
22:33:22 **** Incremental Build of configuration Debug for project STM32G474RET6 ****
make -j12 all 
arm-none-eabi-gcc "../Core/Src/stm32g4xx_it.c" -mcpu=cortex-m4 -std=gnu11 -g3 -DDEBUG -DUSE_HAL_DRIVER -DSTM32G474xx -DTX_INCLUDE_USER_DEFINE_FILE -c -I../Core/Inc -I../Drivers/STM32G4xx_HAL_Driver/Inc -I../Drivers/STM32G4xx_HAL_Driver/Inc/Legacy -I../Drivers/CMSIS/Device/ST/STM32G4xx/Include -I../Drivers/CMSIS/Include -I../AZURE_RTOS/App -I../Middlewares/ST/threadx/common/inc/ -I../Middlewares/ST/threadx/ports/cortex_m4/gnu/inc/ -O0 -ffunction-sections -fdata-sections -Wall -fstack-usage -fcyclomatic-complexity -MMD -MP -MF"Core/Src/stm32g4xx_it.d" -MT"Core/Src/stm32g4xx_it.o" --specs=nano.specs -mfpu=fpv4-sp-d16 -mfloat-abi=hard -mthumb -o "Core/Src/stm32g4xx_it.o"
../Core/Src/stm32g4xx_it.c:25:10: fatal error: USART3_Dma.h: No such file or directory
   25 | #include <USART3_Dma.h>
      |          ^~~~~~~~~~~~~~
compilation terminated.
make: *** [Core/Src/subdir.mk:47: Core/Src/stm32g4xx_it.o] Error 1
"make -j12 all" terminated with exit code 2. Build might be incomplete.
22:34:01 **** Incremental Build of configuration Debug for project STM32G474RET6 ****
make -j12 all 
arm-none-eabi-gcc "../Core/Src/stm32g4xx_it.c" -mcpu=cortex-m4 -std=gnu11 -g3 -DDEBUG -DUSE_HAL_DRIVER -DSTM32G474xx -DTX_INCLUDE_USER_DEFINE_FILE -c -I../Core/Inc -I../Drivers/STM32G4xx_HAL_Driver/Inc -I../Drivers/STM32G4xx_HAL_Driver/Inc/Legacy -I../Drivers/CMSIS/Device/ST/STM32G4xx/Include -I../Drivers/CMSIS/Include -I../AZURE_RTOS/App -I../Middlewares/ST/threadx/common/inc/ -I../Middlewares/ST/threadx/ports/cortex_m4/gnu/inc/ -O0 -ffunction-sections -fdata-sections -Wall -fstack-usage -fcyclomatic-complexity -MMD -MP -MF"Core/Src/stm32g4xx_it.d" -MT"Core/Src/stm32g4xx_it.o" --specs=nano.specs -mfpu=fpv4-sp-d16 -mfloat-abi=hard -mthumb -o "Core/Src/stm32g4xx_it.o"
../Core/Src/stm32g4xx_it.c:25:10: fatal error: USART3_Dma.h: No such file or directory
   25 | #include <USART3_Dma.h>
      |          ^~~~~~~~~~~~~~
compilation terminated.
make: *** [Core/Src/subdir.mk:47: Core/Src/stm32g4xx_it.o] Error 1
"make -j12 all" terminated with exit code 2. Build might be incomplete.
23:19:14 **** Build of configuration Debug for project STM32G474RET6 ****
make -j12 all 
arm-none-eabi-gcc "../Core/Src/stm32g4xx_it.c" -mcpu=cortex-m4 -std=gnu11 -g3 -DDEBUG -DUSE_HAL_DRIVER -DSTM32G474xx -DTX_INCLUDE_USER_DEFINE_FILE -c -I../Core/Inc -I../Drivers/STM32G4xx_HAL_Driver/Inc -I../Drivers/STM32G4xx_HAL_Driver/Inc/Legacy -I../Drivers/CMSIS/Device/ST/STM32G4xx/Include -I../Drivers/CMSIS/Include -I../AZURE_RTOS/App -I../Middlewares/ST/threadx/common/inc/ -I../Middlewares/ST/threadx/ports/cortex_m4/gnu/inc/ -O0 -ffunction-sections -fdata-sections -Wall -fstack-usage -fcyclomatic-complexity -MMD -MP -MF"Core/Src/stm32g4xx_it.d" -MT"Core/Src/stm32g4xx_it.o" --specs=nano.specs -mfpu=fpv4-sp-d16 -mfloat-abi=hard -mthumb -o "Core/Src/stm32g4xx_it.o"
../Core/Src/stm32g4xx_it.c:25:10: fatal error: USART3_Dma.h: No such file or directory
   25 | #include <USART3_Dma.h>
      |          ^~~~~~~~~~~~~~
compilation terminated.
make: *** [Core/Src/subdir.mk:47: Core/Src/stm32g4xx_it.o] Error 1
"make -j12 all" terminated with exit code 2. Build might be incomplete.
23:19:43 **** Incremental Build of configuration Debug for project STM32G474RET6 ****
make -j12 all 
arm-none-eabi-gcc "../Core/Src/stm32g4xx_it.c" -mcpu=cortex-m4 -std=gnu11 -g3 -DDEBUG -DUSE_HAL_DRIVER -DSTM32G474xx -DTX_INCLUDE_USER_DEFINE_FILE -c -I../Core/Inc -I../Drivers/STM32G4xx_HAL_Driver/Inc -I../Drivers/STM32G4xx_HAL_Driver/Inc/Legacy -I../Drivers/CMSIS/Device/ST/STM32G4xx/Include -I../Drivers/CMSIS/Include -I../AZURE_RTOS/App -I../Middlewares/ST/threadx/common/inc/ -I../Middlewares/ST/threadx/ports/cortex_m4/gnu/inc/ -O0 -ffunction-sections -fdata-sections -Wall -fstack-usage -fcyclomatic-complexity -MMD -MP -MF"Core/Src/stm32g4xx_it.d" -MT"Core/Src/stm32g4xx_it.o" --specs=nano.specs -mfpu=fpv4-sp-d16 -mfloat-abi=hard -mthumb -o "Core/Src/stm32g4xx_it.o"
../Core/Src/stm32g4xx_it.c:25:10: fatal error: USART3_Dma.h: No such file or directory
   25 | #include <USART3_Dma.h>
      |          ^~~~~~~~~~~~~~
compilation terminated.
make: *** [Core/Src/subdir.mk:47: Core/Src/stm32g4xx_it.o] Error 1
"make -j12 all" terminated with exit code 2. Build might be incomplete.
23:25:39 **** Incremental Build of configuration Debug for project STM32G474RET6 ****
make -j12 all 
arm-none-eabi-gcc "../Core/Src/stm32g4xx_it.c" -mcpu=cortex-m4 -std=gnu11 -g3 -DDEBUG -DUSE_HAL_DRIVER -DSTM32G474xx -DTX_INCLUDE_USER_DEFINE_FILE -c -I../Core/Inc -I../Drivers/STM32G4xx_HAL_Driver/Inc -I../Drivers/STM32G4xx_HAL_Driver/Inc/Legacy -I../Drivers/CMSIS/Device/ST/STM32G4xx/Include -I../Drivers/CMSIS/Include -I../AZURE_RTOS/App -I../Middlewares/ST/threadx/common/inc/ -I../Middlewares/ST/threadx/ports/cortex_m4/gnu/inc/ -O0 -ffunction-sections -fdata-sections -Wall -fstack-usage -fcyclomatic-complexity -MMD -MP -MF"Core/Src/stm32g4xx_it.d" -MT"Core/Src/stm32g4xx_it.o" --specs=nano.specs -mfpu=fpv4-sp-d16 -mfloat-abi=hard -mthumb -o "Core/Src/stm32g4xx_it.o"
../Core/Src/stm32g4xx_it.c:25:10: fatal error: USART3_Dma.h: No such file or directory
   25 | #include <USART3_Dma.h>
      |          ^~~~~~~~~~~~~~
compilation terminated.
make: *** [Core/Src/subdir.mk:47: Core/Src/stm32g4xx_it.o] Error 1
"make -j12 all" terminated with exit code 2. Build might be incomplete.
14:21:03 **** Incremental Build of configuration Debug for project STM32G474RET6 ****
make -j12 all 
arm-none-eabi-gcc "../Core/Src/stm32g4xx_it.c" -mcpu=cortex-m4 -std=gnu11 -g3 -DDEBUG -DUSE_HAL_DRIVER -DSTM32G474xx -DTX_INCLUDE_USER_DEFINE_FILE -c -I../Core/Inc -I../Drivers/STM32G4xx_HAL_Driver/Inc -I../Drivers/STM32G4xx_HAL_Driver/Inc/Legacy -I../Drivers/CMSIS/Device/ST/STM32G4xx/Include -I../Drivers/CMSIS/Include -I../AZURE_RTOS/App -I../Middlewares/ST/threadx/common/inc/ -I../Middlewares/ST/threadx/ports/cortex_m4/gnu/inc/ -O0 -ffunction-sections -fdata-sections -Wall -fstack-usage -fcyclomatic-complexity -MMD -MP -MF"Core/Src/stm32g4xx_it.d" -MT"Core/Src/stm32g4xx_it.o" --specs=nano.specs -mfpu=fpv4-sp-d16 -mfloat-abi=hard -mthumb -o "Core/Src/stm32g4xx_it.o"
../Core/Src/stm32g4xx_it.c:25:10: fatal error: USART3_Dma.h: No such file or directory
   25 | #include <USART3_Dma.h>
      |          ^~~~~~~~~~~~~~
compilation terminated.
make: *** [Core/Src/subdir.mk:47: Core/Src/stm32g4xx_it.o] Error 1
"make -j12 all" terminated with exit code 2. Build might be incomplete.
14:24:27 **** Incremental Build of configuration Debug for project STM32G474RET6 ****
make -j12 all 
arm-none-eabi-gcc "../Core/Src/stm32g4xx_it.c" -mcpu=cortex-m4 -std=gnu11 -g3 -DDEBUG -DUSE_HAL_DRIVER -DSTM32G474xx -DTX_INCLUDE_USER_DEFINE_FILE -c -I../Core/Inc -I../Drivers/STM32G4xx_HAL_Driver/Inc -I../Drivers/STM32G4xx_HAL_Driver/Inc/Legacy -I../Drivers/CMSIS/Device/ST/STM32G4xx/Include -I../Drivers/CMSIS/Include -I../AZURE_RTOS/App -I../Middlewares/ST/threadx/common/inc/ -I../Middlewares/ST/threadx/ports/cortex_m4/gnu/inc/ -O0 -ffunction-sections -fdata-sections -Wall -fstack-usage -fcyclomatic-complexity -MMD -MP -MF"Core/Src/stm32g4xx_it.d" -MT"Core/Src/stm32g4xx_it.o" --specs=nano.specs -mfpu=fpv4-sp-d16 -mfloat-abi=hard -mthumb -o "Core/Src/stm32g4xx_it.o"
../Core/Src/stm32g4xx_it.c:25:10: fatal error: USART3_Dma.h: No such file or directory
   25 | #include <USART3_Dma.h>
      |          ^~~~~~~~~~~~~~
compilation terminated.
make: *** [Core/Src/subdir.mk:47: Core/Src/stm32g4xx_it.o] Error 1
"make -j12 all" terminated with exit code 2. Build might be incomplete.
14:26:06 **** Incremental Build of configuration Debug for project STM32G474RET6 ****
make -j12 all 
arm-none-eabi-gcc "../Core/Src/stm32g4xx_it.c" -mcpu=cortex-m4 -std=gnu11 -g3 -DDEBUG -DUSE_HAL_DRIVER -DSTM32G474xx -DTX_INCLUDE_USER_DEFINE_FILE -c -I../Core/Inc -I../Drivers/STM32G4xx_HAL_Driver/Inc -I../Drivers/STM32G4xx_HAL_Driver/Inc/Legacy -I../Drivers/CMSIS/Device/ST/STM32G4xx/Include -I../Drivers/CMSIS/Include -I../AZURE_RTOS/App -I../Middlewares/ST/threadx/common/inc/ -I../Middlewares/ST/threadx/ports/cortex_m4/gnu/inc/ -O0 -ffunction-sections -fdata-sections -Wall -fstack-usage -fcyclomatic-complexity -MMD -MP -MF"Core/Src/stm32g4xx_it.d" -MT"Core/Src/stm32g4xx_it.o" --specs=nano.specs -mfpu=fpv4-sp-d16 -mfloat-abi=hard -mthumb -o "Core/Src/stm32g4xx_it.o"
../Core/Src/stm32g4xx_it.c:25:10: fatal error: USART3_Dma.h: No such file or directory
   25 | #include <USART3_Dma.h>
      |          ^~~~~~~~~~~~~~
compilation terminated.
make: *** [Core/Src/subdir.mk:47: Core/Src/stm32g4xx_it.o] Error 1
"make -j12 all" terminated with exit code 2. Build might be incomplete.
14:30:15 **** Build of configuration Debug for project Test ****
make -j12 all 
arm-none-eabi-gcc "../Drivers/STM32G4xx_HAL_Driver/Src/stm32g4xx_hal.c" -mcpu=cortex-m4 -std=gnu11 -g3 -DDEBUG -DUSE_HAL_DRIVER -DSTM32G474xx -c -I../Core/Inc -I../Drivers/STM32G4xx_HAL_Driver/Inc -I../Drivers/STM32G4xx_HAL_Driver/Inc/Legacy -I../Drivers/CMSIS/Device/ST/STM32G4xx/Include -I../Drivers/CMSIS/Include -O0 -ffunction-sections -fdata-sections -Wall -fstack-usage -fcyclomatic-complexity -MMD -MP -MF"Drivers/STM32G4xx_HAL_Driver/Src/stm32g4xx_hal.d" -MT"Drivers/STM32G4xx_HAL_Driver/Src/stm32g4xx_hal.o" --specs=nano.specs -mfpu=fpv4-sp-d16 -mfloat-abi=hard -mthumb -o "Drivers/STM32G4xx_HAL_Driver/Src/stm32g4xx_hal.o"
arm-none-eabi-gcc "../Drivers/STM32G4xx_HAL_Driver/Src/stm32g4xx_hal_cortex.c" -mcpu=cortex-m4 -std=gnu11 -g3 -DDEBUG -DUSE_HAL_DRIVER -DSTM32G474xx -c -I../Core/Inc -I../Drivers/STM32G4xx_HAL_Driver/Inc -I../Drivers/STM32G4xx_HAL_Driver/Inc/Legacy -I../Drivers/CMSIS/Device/ST/STM32G4xx/Include -I../Drivers/CMSIS/Include -O0 -ffunction-sections -fdata-sections -Wall -fstack-usage -fcyclomatic-complexity -MMD -MP -MF"Drivers/STM32G4xx_HAL_Driver/Src/stm32g4xx_hal_cortex.d" -MT"Drivers/STM32G4xx_HAL_Driver/Src/stm32g4xx_hal_cortex.o" --specs=nano.specs -mfpu=fpv4-sp-d16 -mfloat-abi=hard -mthumb -o "Drivers/STM32G4xx_HAL_Driver/Src/stm32g4xx_hal_cortex.o"
arm-none-eabi-gcc "../Drivers/STM32G4xx_HAL_Driver/Src/stm32g4xx_hal_dma.c" -mcpu=cortex-m4 -std=gnu11 -g3 -DDEBUG -DUSE_HAL_DRIVER -DSTM32G474xx -c -I../Core/Inc -I../Drivers/STM32G4xx_HAL_Driver/Inc -I../Drivers/STM32G4xx_HAL_Driver/Inc/Legacy -I../Drivers/CMSIS/Device/ST/STM32G4xx/Include -I../Drivers/CMSIS/Include -O0 -ffunction-sections -fdata-sections -Wall -fstack-usage -fcyclomatic-complexity -MMD -MP -MF"Drivers/STM32G4xx_HAL_Driver/Src/stm32g4xx_hal_dma.d" -MT"Drivers/STM32G4xx_HAL_Driver/Src/stm32g4xx_hal_dma.o" --specs=nano.specs -mfpu=fpv4-sp-d16 -mfloat-abi=hard -mthumb -o "Drivers/STM32G4xx_HAL_Driver/Src/stm32g4xx_hal_dma.o"
arm-none-eabi-gcc "../Drivers/STM32G4xx_HAL_Driver/Src/stm32g4xx_hal_dma_ex.c" -mcpu=cortex-m4 -std=gnu11 -g3 -DDEBUG -DUSE_HAL_DRIVER -DSTM32G474xx -c -I../Core/Inc -I../Drivers/STM32G4xx_HAL_Driver/Inc -I../Drivers/STM32G4xx_HAL_Driver/Inc/Legacy -I../Drivers/CMSIS/Device/ST/STM32G4xx/Include -I../Drivers/CMSIS/Include -O0 -ffunction-sections -fdata-sections -Wall -fstack-usage -fcyclomatic-complexity -MMD -MP -MF"Drivers/STM32G4xx_HAL_Driver/Src/stm32g4xx_hal_dma_ex.d" -MT"Drivers/STM32G4xx_HAL_Driver/Src/stm32g4xx_hal_dma_ex.o" --specs=nano.specs -mfpu=fpv4-sp-d16 -mfloat-abi=hard -mthumb -o "Drivers/STM32G4xx_HAL_Driver/Src/stm32g4xx_hal_dma_ex.o"
arm-none-eabi-gcc "../Drivers/STM32G4xx_HAL_Driver/Src/stm32g4xx_hal_exti.c" -mcpu=cortex-m4 -std=gnu11 -g3 -DDEBUG -DUSE_HAL_DRIVER -DSTM32G474xx -c -I../Core/Inc -I../Drivers/STM32G4xx_HAL_Driver/Inc -I../Drivers/STM32G4xx_HAL_Driver/Inc/Legacy -I../Drivers/CMSIS/Device/ST/STM32G4xx/Include -I../Drivers/CMSIS/Include -O0 -ffunction-sections -fdata-sections -Wall -fstack-usage -fcyclomatic-complexity -MMD -MP -MF"Drivers/STM32G4xx_HAL_Driver/Src/stm32g4xx_hal_exti.d" -MT"Drivers/STM32G4xx_HAL_Driver/Src/stm32g4xx_hal_exti.o" --specs=nano.specs -mfpu=fpv4-sp-d16 -mfloat-abi=hard -mthumb -o "Drivers/STM32G4xx_HAL_Driver/Src/stm32g4xx_hal_exti.o"
arm-none-eabi-gcc "../Drivers/STM32G4xx_HAL_Driver/Src/stm32g4xx_hal_flash.c" -mcpu=cortex-m4 -std=gnu11 -g3 -DDEBUG -DUSE_HAL_DRIVER -DSTM32G474xx -c -I../Core/Inc -I../Drivers/STM32G4xx_HAL_Driver/Inc -I../Drivers/STM32G4xx_HAL_Driver/Inc/Legacy -I../Drivers/CMSIS/Device/ST/STM32G4xx/Include -I../Drivers/CMSIS/Include -O0 -ffunction-sections -fdata-sections -Wall -fstack-usage -fcyclomatic-complexity -MMD -MP -MF"Drivers/STM32G4xx_HAL_Driver/Src/stm32g4xx_hal_flash.d" -MT"Drivers/STM32G4xx_HAL_Driver/Src/stm32g4xx_hal_flash.o" --specs=nano.specs -mfpu=fpv4-sp-d16 -mfloat-abi=hard -mthumb -o "Drivers/STM32G4xx_HAL_Driver/Src/stm32g4xx_hal_flash.o"
arm-none-eabi-gcc "../Drivers/STM32G4xx_HAL_Driver/Src/stm32g4xx_hal_flash_ex.c" -mcpu=cortex-m4 -std=gnu11 -g3 -DDEBUG -DUSE_HAL_DRIVER -DSTM32G474xx -c -I../Core/Inc -I../Drivers/STM32G4xx_HAL_Driver/Inc -I../Drivers/STM32G4xx_HAL_Driver/Inc/Legacy -I../Drivers/CMSIS/Device/ST/STM32G4xx/Include -I../Drivers/CMSIS/Include -O0 -ffunction-sections -fdata-sections -Wall -fstack-usage -fcyclomatic-complexity -MMD -MP -MF"Drivers/STM32G4xx_HAL_Driver/Src/stm32g4xx_hal_flash_ex.d" -MT"Drivers/STM32G4xx_HAL_Driver/Src/stm32g4xx_hal_flash_ex.o" --specs=nano.specs -mfpu=fpv4-sp-d16 -mfloat-abi=hard -mthumb -o "Drivers/STM32G4xx_HAL_Driver/Src/stm32g4xx_hal_flash_ex.o"
arm-none-eabi-gcc "../Drivers/STM32G4xx_HAL_Driver/Src/stm32g4xx_hal_flash_ramfunc.c" -mcpu=cortex-m4 -std=gnu11 -g3 -DDEBUG -DUSE_HAL_DRIVER -DSTM32G474xx -c -I../Core/Inc -I../Drivers/STM32G4xx_HAL_Driver/Inc -I../Drivers/STM32G4xx_HAL_Driver/Inc/Legacy -I../Drivers/CMSIS/Device/ST/STM32G4xx/Include -I../Drivers/CMSIS/Include -O0 -ffunction-sections -fdata-sections -Wall -fstack-usage -fcyclomatic-complexity -MMD -MP -MF"Drivers/STM32G4xx_HAL_Driver/Src/stm32g4xx_hal_flash_ramfunc.d" -MT"Drivers/STM32G4xx_HAL_Driver/Src/stm32g4xx_hal_flash_ramfunc.o" --specs=nano.specs -mfpu=fpv4-sp-d16 -mfloat-abi=hard -mthumb -o "Drivers/STM32G4xx_HAL_Driver/Src/stm32g4xx_hal_flash_ramfunc.o"
arm-none-eabi-gcc "../Drivers/STM32G4xx_HAL_Driver/Src/stm32g4xx_hal_gpio.c" -mcpu=cortex-m4 -std=gnu11 -g3 -DDEBUG -DUSE_HAL_DRIVER -DSTM32G474xx -c -I../Core/Inc -I../Drivers/STM32G4xx_HAL_Driver/Inc -I../Drivers/STM32G4xx_HAL_Driver/Inc/Legacy -I../Drivers/CMSIS/Device/ST/STM32G4xx/Include -I../Drivers/CMSIS/Include -O0 -ffunction-sections -fdata-sections -Wall -fstack-usage -fcyclomatic-complexity -MMD -MP -MF"Drivers/STM32G4xx_HAL_Driver/Src/stm32g4xx_hal_gpio.d" -MT"Drivers/STM32G4xx_HAL_Driver/Src/stm32g4xx_hal_gpio.o" --specs=nano.specs -mfpu=fpv4-sp-d16 -mfloat-abi=hard -mthumb -o "Drivers/STM32G4xx_HAL_Driver/Src/stm32g4xx_hal_gpio.o"
arm-none-eabi-gcc "../Drivers/STM32G4xx_HAL_Driver/Src/stm32g4xx_hal_pwr.c" -mcpu=cortex-m4 -std=gnu11 -g3 -DDEBUG -DUSE_HAL_DRIVER -DSTM32G474xx -c -I../Core/Inc -I../Drivers/STM32G4xx_HAL_Driver/Inc -I../Drivers/STM32G4xx_HAL_Driver/Inc/Legacy -I../Drivers/CMSIS/Device/ST/STM32G4xx/Include -I../Drivers/CMSIS/Include -O0 -ffunction-sections -fdata-sections -Wall -fstack-usage -fcyclomatic-complexity -MMD -MP -MF"Drivers/STM32G4xx_HAL_Driver/Src/stm32g4xx_hal_pwr.d" -MT"Drivers/STM32G4xx_HAL_Driver/Src/stm32g4xx_hal_pwr.o" --specs=nano.specs -mfpu=fpv4-sp-d16 -mfloat-abi=hard -mthumb -o "Drivers/STM32G4xx_HAL_Driver/Src/stm32g4xx_hal_pwr.o"
arm-none-eabi-gcc "../Drivers/STM32G4xx_HAL_Driver/Src/stm32g4xx_hal_pwr_ex.c" -mcpu=cortex-m4 -std=gnu11 -g3 -DDEBUG -DUSE_HAL_DRIVER -DSTM32G474xx -c -I../Core/Inc -I../Drivers/STM32G4xx_HAL_Driver/Inc -I../Drivers/STM32G4xx_HAL_Driver/Inc/Legacy -I../Drivers/CMSIS/Device/ST/STM32G4xx/Include -I../Drivers/CMSIS/Include -O0 -ffunction-sections -fdata-sections -Wall -fstack-usage -fcyclomatic-complexity -MMD -MP -MF"Drivers/STM32G4xx_HAL_Driver/Src/stm32g4xx_hal_pwr_ex.d" -MT"Drivers/STM32G4xx_HAL_Driver/Src/stm32g4xx_hal_pwr_ex.o" --specs=nano.specs -mfpu=fpv4-sp-d16 -mfloat-abi=hard -mthumb -o "Drivers/STM32G4xx_HAL_Driver/Src/stm32g4xx_hal_pwr_ex.o"
arm-none-eabi-gcc "../Drivers/STM32G4xx_HAL_Driver/Src/stm32g4xx_hal_rcc.c" -mcpu=cortex-m4 -std=gnu11 -g3 -DDEBUG -DUSE_HAL_DRIVER -DSTM32G474xx -c -I../Core/Inc -I../Drivers/STM32G4xx_HAL_Driver/Inc -I../Drivers/STM32G4xx_HAL_Driver/Inc/Legacy -I../Drivers/CMSIS/Device/ST/STM32G4xx/Include -I../Drivers/CMSIS/Include -O0 -ffunction-sections -fdata-sections -Wall -fstack-usage -fcyclomatic-complexity -MMD -MP -MF"Drivers/STM32G4xx_HAL_Driver/Src/stm32g4xx_hal_rcc.d" -MT"Drivers/STM32G4xx_HAL_Driver/Src/stm32g4xx_hal_rcc.o" --specs=nano.specs -mfpu=fpv4-sp-d16 -mfloat-abi=hard -mthumb -o "Drivers/STM32G4xx_HAL_Driver/Src/stm32g4xx_hal_rcc.o"
arm-none-eabi-gcc "../Drivers/STM32G4xx_HAL_Driver/Src/stm32g4xx_hal_rcc_ex.c" -mcpu=cortex-m4 -std=gnu11 -g3 -DDEBUG -DUSE_HAL_DRIVER -DSTM32G474xx -c -I../Core/Inc -I../Drivers/STM32G4xx_HAL_Driver/Inc -I../Drivers/STM32G4xx_HAL_Driver/Inc/Legacy -I../Drivers/CMSIS/Device/ST/STM32G4xx/Include -I../Drivers/CMSIS/Include -O0 -ffunction-sections -fdata-sections -Wall -fstack-usage -fcyclomatic-complexity -MMD -MP -MF"Drivers/STM32G4xx_HAL_Driver/Src/stm32g4xx_hal_rcc_ex.d" -MT"Drivers/STM32G4xx_HAL_Driver/Src/stm32g4xx_hal_rcc_ex.o" --specs=nano.specs -mfpu=fpv4-sp-d16 -mfloat-abi=hard -mthumb -o "Drivers/STM32G4xx_HAL_Driver/Src/stm32g4xx_hal_rcc_ex.o"
arm-none-eabi-gcc -mcpu=cortex-m4 -g3 -DDEBUG -c -x assembler-with-cpp -MMD -MP -MF"Core/Startup/startup_stm32g474retx.d" -MT"Core/Startup/startup_stm32g474retx.o" --specs=nano.specs -mfpu=fpv4-sp-d16 -mfloat-abi=hard -mthumb -o "Core/Startup/startup_stm32g474retx.o" "../Core/Startup/startup_stm32g474retx.s"
arm-none-eabi-gcc "../Core/Src/main.c" -mcpu=cortex-m4 -std=gnu11 -g3 -DDEBUG -DUSE_HAL_DRIVER -DSTM32G474xx -c -I../Core/Inc -I../Drivers/STM32G4xx_HAL_Driver/Inc -I../Drivers/STM32G4xx_HAL_Driver/Inc/Legacy -I../Drivers/CMSIS/Device/ST/STM32G4xx/Include -I../Drivers/CMSIS/Include -O0 -ffunction-sections -fdata-sections -Wall -fstack-usage -fcyclomatic-complexity -MMD -MP -MF"Core/Src/main.d" -MT"Core/Src/main.o" --specs=nano.specs -mfpu=fpv4-sp-d16 -mfloat-abi=hard -mthumb -o "Core/Src/main.o"
arm-none-eabi-gcc "../Core/Src/stm32g4xx_hal_msp.c" -mcpu=cortex-m4 -std=gnu11 -g3 -DDEBUG -DUSE_HAL_DRIVER -DSTM32G474xx -c -I../Core/Inc -I../Drivers/STM32G4xx_HAL_Driver/Inc -I../Drivers/STM32G4xx_HAL_Driver/Inc/Legacy -I../Drivers/CMSIS/Device/ST/STM32G4xx/Include -I../Drivers/CMSIS/Include -O0 -ffunction-sections -fdata-sections -Wall -fstack-usage -fcyclomatic-complexity -MMD -MP -MF"Core/Src/stm32g4xx_hal_msp.d" -MT"Core/Src/stm32g4xx_hal_msp.o" --specs=nano.specs -mfpu=fpv4-sp-d16 -mfloat-abi=hard -mthumb -o "Core/Src/stm32g4xx_hal_msp.o"
arm-none-eabi-gcc "../Core/Src/stm32g4xx_it.c" -mcpu=cortex-m4 -std=gnu11 -g3 -DDEBUG -DUSE_HAL_DRIVER -DSTM32G474xx -c -I../Core/Inc -I../Drivers/STM32G4xx_HAL_Driver/Inc -I../Drivers/STM32G4xx_HAL_Driver/Inc/Legacy -I../Drivers/CMSIS/Device/ST/STM32G4xx/Include -I../Drivers/CMSIS/Include -O0 -ffunction-sections -fdata-sections -Wall -fstack-usage -fcyclomatic-complexity -MMD -MP -MF"Core/Src/stm32g4xx_it.d" -MT"Core/Src/stm32g4xx_it.o" --specs=nano.specs -mfpu=fpv4-sp-d16 -mfloat-abi=hard -mthumb -o "Core/Src/stm32g4xx_it.o"
arm-none-eabi-gcc "../Core/Src/syscalls.c" -mcpu=cortex-m4 -std=gnu11 -g3 -DDEBUG -DUSE_HAL_DRIVER -DSTM32G474xx -c -I../Core/Inc -I../Drivers/STM32G4xx_HAL_Driver/Inc -I../Drivers/STM32G4xx_HAL_Driver/Inc/Legacy -I../Drivers/CMSIS/Device/ST/STM32G4xx/Include -I../Drivers/CMSIS/Include -O0 -ffunction-sections -fdata-sections -Wall -fstack-usage -fcyclomatic-complexity -MMD -MP -MF"Core/Src/syscalls.d" -MT"Core/Src/syscalls.o" --specs=nano.specs -mfpu=fpv4-sp-d16 -mfloat-abi=hard -mthumb -o "Core/Src/syscalls.o"
arm-none-eabi-gcc "../Core/Src/sysmem.c" -mcpu=cortex-m4 -std=gnu11 -g3 -DDEBUG -DUSE_HAL_DRIVER -DSTM32G474xx -c -I../Core/Inc -I../Drivers/STM32G4xx_HAL_Driver/Inc -I../Drivers/STM32G4xx_HAL_Driver/Inc/Legacy -I../Drivers/CMSIS/Device/ST/STM32G4xx/Include -I../Drivers/CMSIS/Include -O0 -ffunction-sections -fdata-sections -Wall -fstack-usage -fcyclomatic-complexity -MMD -MP -MF"Core/Src/sysmem.d" -MT"Core/Src/sysmem.o" --specs=nano.specs -mfpu=fpv4-sp-d16 -mfloat-abi=hard -mthumb -o "Core/Src/sysmem.o"
arm-none-eabi-gcc "../Core/Src/system_stm32g4xx.c" -mcpu=cortex-m4 -std=gnu11 -g3 -DDEBUG -DUSE_HAL_DRIVER -DSTM32G474xx -c -I../Core/Inc -I../Drivers/STM32G4xx_HAL_Driver/Inc -I../Drivers/STM32G4xx_HAL_Driver/Inc/Legacy -I../Drivers/CMSIS/Device/ST/STM32G4xx/Include -I../Drivers/CMSIS/Include -O0 -ffunction-sections -fdata-sections -Wall -fstack-usage -fcyclomatic-complexity -MMD -MP -MF"Core/Src/system_stm32g4xx.d" -MT"Core/Src/system_stm32g4xx.o" --specs=nano.specs -mfpu=fpv4-sp-d16 -mfloat-abi=hard -mthumb -o "Core/Src/system_stm32g4xx.o"
arm-none-eabi-gcc -o "Test.elf" @"objects.list"   -mcpu=cortex-m4 -T"D:\STM32Playground\Werdon\STM32G474RETX_FLASH.ld" --specs=nosys.specs -Wl,-Map="Test.map" -Wl,--gc-sections -static --specs=nano.specs -mfpu=fpv4-sp-d16 -mfloat-abi=hard -mthumb -Wl,--start-group -lc -lm -Wl,--end-group
Finished building target: Test.elf
 
arm-none-eabi-size  Test.elf 
arm-none-eabi-objdump -h -S Test.elf  > "Test.list"
   text	   data	    bss	    dec	    hex	filename
   4688	     12	   1572	   6272	   1880	Test.elf
Finished building: default.size.stdout
 
Finished building: Test.list
 
14:30:27 **** Incremental Build of configuration Debug for project Test ****
make -j12 all 
arm-none-eabi-size  Test.elf 
   text	   data	    bss	    dec	    hex	filename
   4688	     12	   1572	   6272	   1880	Test.elf
Finished building: default.size.stdout
 
14:38:15 **** Incremental Build of configuration Debug for project STM32G474RET6 ****
make -j12 all 
arm-none-eabi-gcc "../Core/Src/stm32g4xx_it.c" -mcpu=cortex-m4 -std=gnu11 -g3 -DDEBUG -DUSE_HAL_DRIVER -DSTM32G474xx -DTX_INCLUDE_USER_DEFINE_FILE -c -I../Core/Inc -I../Drivers/STM32G4xx_HAL_Driver/Inc -I../Drivers/STM32G4xx_HAL_Driver/Inc/Legacy -I../Drivers/CMSIS/Device/ST/STM32G4xx/Include -I../Drivers/CMSIS/Include -I../AZURE_RTOS/App -I../Middlewares/ST/threadx/common/inc/ -I../Middlewares/ST/threadx/ports/cortex_m4/gnu/inc/ -O0 -ffunction-sections -fdata-sections -Wall -fstack-usage -fcyclomatic-complexity -MMD -MP -MF"Core/Src/stm32g4xx_it.d" -MT"Core/Src/stm32g4xx_it.o" --specs=nano.specs -mfpu=fpv4-sp-d16 -mfloat-abi=hard -mthumb -o "Core/Src/stm32g4xx_it.o"
../Core/Src/stm32g4xx_it.c:25:10: fatal error: USART3_Dma.h: No such file or directory
   25 | #include <USART3_Dma.h>
      |          ^~~~~~~~~~~~~~
compilation terminated.
make: *** [Core/Src/subdir.mk:47: Core/Src/stm32g4xx_it.o] Error 1
"make -j12 all" terminated with exit code 2. Build might be incomplete.
14:41:46 **** Incremental Build of configuration Debug for project STM32G474RET6 ****
make -j12 all 
arm-none-eabi-gcc "../Core/Src/stm32g4xx_it.c" -mcpu=cortex-m4 -std=gnu11 -g3 -DDEBUG -DUSE_HAL_DRIVER -DSTM32G474xx -DTX_INCLUDE_USER_DEFINE_FILE -c -I../Core/Inc -I../Drivers/STM32G4xx_HAL_Driver/Inc -I../Drivers/STM32G4xx_HAL_Driver/Inc/Legacy -I../Drivers/CMSIS/Device/ST/STM32G4xx/Include -I../Drivers/CMSIS/Include -I../AZURE_RTOS/App -I../Middlewares/ST/threadx/common/inc/ -I../Middlewares/ST/threadx/ports/cortex_m4/gnu/inc/ -O0 -ffunction-sections -fdata-sections -Wall -fstack-usage -fcyclomatic-complexity -MMD -MP -MF"Core/Src/stm32g4xx_it.d" -MT"Core/Src/stm32g4xx_it.o" --specs=nano.specs -mfpu=fpv4-sp-d16 -mfloat-abi=hard -mthumb -o "Core/Src/stm32g4xx_it.o"
../Core/Src/stm32g4xx_it.c:25:10: fatal error: USART3_Dma.h: No such file or directory
   25 | #include <USART3_Dma.h>
      |          ^~~~~~~~~~~~~~
compilation terminated.
make: *** [Core/Src/subdir.mk:47: Core/Src/stm32g4xx_it.o] Error 1
"make -j12 all" terminated with exit code 2. Build might be incomplete.
14:43:16 **** Incremental Build of configuration Debug for project STM32G474RET6 ****
make -j12 all 
arm-none-eabi-gcc "../Core/Src/stm32g4xx_it.c" -mcpu=cortex-m4 -std=gnu11 -g3 -DDEBUG -DUSE_HAL_DRIVER -DSTM32G474xx -DTX_INCLUDE_USER_DEFINE_FILE -c -I../Core/Inc -I../Drivers/STM32G4xx_HAL_Driver/Inc -I../Drivers/STM32G4xx_HAL_Driver/Inc/Legacy -I../Drivers/CMSIS/Device/ST/STM32G4xx/Include -I../Drivers/CMSIS/Include -I../AZURE_RTOS/App -I../Middlewares/ST/threadx/common/inc/ -I../Middlewares/ST/threadx/ports/cortex_m4/gnu/inc/ -O0 -ffunction-sections -fdata-sections -Wall -fstack-usage -fcyclomatic-complexity -MMD -MP -MF"Core/Src/stm32g4xx_it.d" -MT"Core/Src/stm32g4xx_it.o" --specs=nano.specs -mfpu=fpv4-sp-d16 -mfloat-abi=hard -mthumb -o "Core/Src/stm32g4xx_it.o"
../Core/Src/stm32g4xx_it.c:25:10: fatal error: USART3_Dma.h: No such file or directory
   25 | #include <USART3_Dma.h>
      |          ^~~~~~~~~~~~~~
compilation terminated.
make: *** [Core/Src/subdir.mk:47: Core/Src/stm32g4xx_it.o] Error 1
"make -j12 all" terminated with exit code 2. Build might be incomplete.
14:45:04 **** Incremental Build of configuration Debug for project STM32G474RET6 ****
make -j12 all 
arm-none-eabi-gcc "../Core/Src/stm32g4xx_it.c" -mcpu=cortex-m4 -std=gnu11 -g3 -DDEBUG -DUSE_HAL_DRIVER -DSTM32G474xx -DTX_INCLUDE_USER_DEFINE_FILE -c -I../Core/Inc -I../Drivers/STM32G4xx_HAL_Driver/Inc -I../Drivers/STM32G4xx_HAL_Driver/Inc/Legacy -I../Drivers/CMSIS/Device/ST/STM32G4xx/Include -I../Drivers/CMSIS/Include -I../AZURE_RTOS/App -I../Middlewares/ST/threadx/common/inc/ -I../Middlewares/ST/threadx/ports/cortex_m4/gnu/inc/ -O0 -ffunction-sections -fdata-sections -Wall -fstack-usage -fcyclomatic-complexity -MMD -MP -MF"Core/Src/stm32g4xx_it.d" -MT"Core/Src/stm32g4xx_it.o" --specs=nano.specs -mfpu=fpv4-sp-d16 -mfloat-abi=hard -mthumb -o "Core/Src/stm32g4xx_it.o"
../Core/Src/stm32g4xx_it.c:25:10: fatal error: USART3_Dma.h: No such file or directory
   25 | #include <USART3_Dma.h>
      |          ^~~~~~~~~~~~~~
compilation terminated.
make: *** [Core/Src/subdir.mk:47: Core/Src/stm32g4xx_it.o] Error 1
"make -j12 all" terminated with exit code 2. Build might be incomplete.
14:46:29 **** Incremental Build of configuration Debug for project STM32G474RET6 ****
make -j12 all 
arm-none-eabi-gcc "../Core/Src/stm32g4xx_it.c" -mcpu=cortex-m4 -std=gnu11 -g3 -DDEBUG -DUSE_HAL_DRIVER -DSTM32G474xx -DTX_INCLUDE_USER_DEFINE_FILE -c -I../Core/Inc -I../Drivers/STM32G4xx_HAL_Driver/Inc -I../Drivers/STM32G4xx_HAL_Driver/Inc/Legacy -I../Drivers/CMSIS/Device/ST/STM32G4xx/Include -I../Drivers/CMSIS/Include -I../AZURE_RTOS/App -I../Middlewares/ST/threadx/common/inc/ -I../Middlewares/ST/threadx/ports/cortex_m4/gnu/inc/ -O0 -ffunction-sections -fdata-sections -Wall -fstack-usage -fcyclomatic-complexity -MMD -MP -MF"Core/Src/stm32g4xx_it.d" -MT"Core/Src/stm32g4xx_it.o" --specs=nano.specs -mfpu=fpv4-sp-d16 -mfloat-abi=hard -mthumb -o "Core/Src/stm32g4xx_it.o"
../Core/Src/stm32g4xx_it.c:25:10: fatal error: USART3_Dma.h: No such file or directory
   25 | #include <USART3_Dma.h>
      |          ^~~~~~~~~~~~~~
compilation terminated.
make: *** [Core/Src/subdir.mk:47: Core/Src/stm32g4xx_it.o] Error 1
"make -j12 all" terminated with exit code 2. Build might be incomplete.
14:51:17 **** Incremental Build of configuration Debug for project STM32G474RET6 ****
make -j12 all 
arm-none-eabi-gcc "../Core/Src/stm32g4xx_it.c" -mcpu=cortex-m4 -std=gnu11 -g3 -DDEBUG -DUSE_HAL_DRIVER -DSTM32G474xx -DTX_INCLUDE_USER_DEFINE_FILE -c -I../Core/Inc -I../Drivers/STM32G4xx_HAL_Driver/Inc -I../Drivers/STM32G4xx_HAL_Driver/Inc/Legacy -I../Drivers/CMSIS/Device/ST/STM32G4xx/Include -I../Drivers/CMSIS/Include -I../AZURE_RTOS/App -I../Middlewares/ST/threadx/common/inc/ -I../Middlewares/ST/threadx/ports/cortex_m4/gnu/inc/ -O0 -ffunction-sections -fdata-sections -Wall -fstack-usage -fcyclomatic-complexity -MMD -MP -MF"Core/Src/stm32g4xx_it.d" -MT"Core/Src/stm32g4xx_it.o" --specs=nano.specs -mfpu=fpv4-sp-d16 -mfloat-abi=hard -mthumb -o "Core/Src/stm32g4xx_it.o"
../Core/Src/stm32g4xx_it.c:25:10: fatal error: USART3_Dma.h: No such file or directory
   25 | #include <USART3_Dma.h>
      |          ^~~~~~~~~~~~~~
compilation terminated.
make: *** [Core/Src/subdir.mk:47: Core/Src/stm32g4xx_it.o] Error 1
"make -j12 all" terminated with exit code 2. Build might be incomplete.
23:05:00 **** Incremental Build of configuration Debug for project STM32G474RET6 ****
make -j12 all 
arm-none-eabi-gcc "../Core/Src/stm32g4xx_it.c" -mcpu=cortex-m4 -std=gnu11 -g3 -DDEBUG -DUSE_HAL_DRIVER -DSTM32G474xx -DTX_INCLUDE_USER_DEFINE_FILE -c -I../Core/Inc -I../Drivers/STM32G4xx_HAL_Driver/Inc -I../Drivers/STM32G4xx_HAL_Driver/Inc/Legacy -I../Drivers/CMSIS/Device/ST/STM32G4xx/Include -I../Drivers/CMSIS/Include -I../AZURE_RTOS/App -I../Middlewares/ST/threadx/common/inc/ -I../Middlewares/ST/threadx/ports/cortex_m4/gnu/inc/ -O0 -ffunction-sections -fdata-sections -Wall -fstack-usage -fcyclomatic-complexity -MMD -MP -MF"Core/Src/stm32g4xx_it.d" -MT"Core/Src/stm32g4xx_it.o" --specs=nano.specs -mfpu=fpv4-sp-d16 -mfloat-abi=hard -mthumb -o "Core/Src/stm32g4xx_it.o"
../Core/Src/stm32g4xx_it.c:25:10: fatal error: USART3_Dma.h: No such file or directory
   25 | #include <USART3_Dma.h>
      |          ^~~~~~~~~~~~~~
compilation terminated.
make: *** [Core/Src/subdir.mk:47: Core/Src/stm32g4xx_it.o] Error 1
"make -j12 all" terminated with exit code 2. Build might be incomplete.
23:06:04 **** Incremental Build of configuration Debug for project STM32G474RET6 ****
make -j12 all 
arm-none-eabi-gcc "../Core/Src/stm32g4xx_it.c" -mcpu=cortex-m4 -std=gnu11 -g3 -DDEBUG -DUSE_HAL_DRIVER -DSTM32G474xx -DTX_INCLUDE_USER_DEFINE_FILE -c -I../Core/Inc -I../Drivers/STM32G4xx_HAL_Driver/Inc -I../Drivers/STM32G4xx_HAL_Driver/Inc/Legacy -I../Drivers/CMSIS/Device/ST/STM32G4xx/Include -I../Drivers/CMSIS/Include -I../AZURE_RTOS/App -I../Middlewares/ST/threadx/common/inc/ -I../Middlewares/ST/threadx/ports/cortex_m4/gnu/inc/ -O0 -ffunction-sections -fdata-sections -Wall -fstack-usage -fcyclomatic-complexity -MMD -MP -MF"Core/Src/stm32g4xx_it.d" -MT"Core/Src/stm32g4xx_it.o" --specs=nano.specs -mfpu=fpv4-sp-d16 -mfloat-abi=hard -mthumb -o "Core/Src/stm32g4xx_it.o"
../Core/Src/stm32g4xx_it.c:25:10: fatal error: USART3_Dma.h: No such file or directory
   25 | #include <USART3_Dma.h>
      |          ^~~~~~~~~~~~~~
compilation terminated.
make: *** [Core/Src/subdir.mk:47: Core/Src/stm32g4xx_it.o] Error 1
"make -j12 all" terminated with exit code 2. Build might be incomplete.
23:15:58 **** Incremental Build of configuration Debug for project STM32G474RET6 ****
make -j12 all 
arm-none-eabi-gcc "../Core/Src/stm32g4xx_it.c" -mcpu=cortex-m4 -std=gnu11 -g3 -DDEBUG -DUSE_HAL_DRIVER -DSTM32G474xx -DTX_INCLUDE_USER_DEFINE_FILE -c -I../Core/Inc -I../Drivers/STM32G4xx_HAL_Driver/Inc -I../Drivers/STM32G4xx_HAL_Driver/Inc/Legacy -I../Drivers/CMSIS/Device/ST/STM32G4xx/Include -I../Drivers/CMSIS/Include -I../AZURE_RTOS/App -I../Middlewares/ST/threadx/common/inc/ -I../Middlewares/ST/threadx/ports/cortex_m4/gnu/inc/ -O0 -ffunction-sections -fdata-sections -Wall -fstack-usage -fcyclomatic-complexity -MMD -MP -MF"Core/Src/stm32g4xx_it.d" -MT"Core/Src/stm32g4xx_it.o" --specs=nano.specs -mfpu=fpv4-sp-d16 -mfloat-abi=hard -mthumb -o "Core/Src/stm32g4xx_it.o"
../Core/Src/stm32g4xx_it.c:25:10: fatal error: USART3_Dma.h: No such file or directory
   25 | #include <USART3_Dma.h>
      |          ^~~~~~~~~~~~~~
compilation terminated.
make: *** [Core/Src/subdir.mk:47: Core/Src/stm32g4xx_it.o] Error 1
"make -j12 all" terminated with exit code 2. Build might be incomplete.
23:18:27 **** Incremental Build of configuration Debug for project STM32G474RET6 ****
make -j12 all 
arm-none-eabi-gcc "../Core/Src/stm32g4xx_it.c" -mcpu=cortex-m4 -std=gnu11 -g3 -DDEBUG -DUSE_HAL_DRIVER -DSTM32G474xx -DTX_INCLUDE_USER_DEFINE_FILE -c -I../Core/Inc -I../Drivers/STM32G4xx_HAL_Driver/Inc -I../Drivers/STM32G4xx_HAL_Driver/Inc/Legacy -I../Drivers/CMSIS/Device/ST/STM32G4xx/Include -I../Drivers/CMSIS/Include -I../AZURE_RTOS/App -I../Middlewares/ST/threadx/common/inc/ -I../Middlewares/ST/threadx/ports/cortex_m4/gnu/inc/ -O0 -ffunction-sections -fdata-sections -Wall -fstack-usage -fcyclomatic-complexity -MMD -MP -MF"Core/Src/stm32g4xx_it.d" -MT"Core/Src/stm32g4xx_it.o" --specs=nano.specs -mfpu=fpv4-sp-d16 -mfloat-abi=hard -mthumb -o "Core/Src/stm32g4xx_it.o"
../Core/Src/stm32g4xx_it.c:25:10: fatal error: USART3_Dma.h: No such file or directory
   25 | #include <USART3_Dma.h>
      |          ^~~~~~~~~~~~~~
compilation terminated.
make: *** [Core/Src/subdir.mk:47: Core/Src/stm32g4xx_it.o] Error 1
"make -j12 all" terminated with exit code 2. Build might be incomplete.
23:23:18 **** Incremental Build of configuration Debug for project STM32G474RET6 ****
make -j12 all 
arm-none-eabi-gcc "../Core/Src/stm32g4xx_it.c" -mcpu=cortex-m4 -std=gnu11 -g3 -DDEBUG -DUSE_HAL_DRIVER -DSTM32G474xx -DTX_INCLUDE_USER_DEFINE_FILE -c -I../Core/Inc -I../Drivers/STM32G4xx_HAL_Driver/Inc -I../Drivers/STM32G4xx_HAL_Driver/Inc/Legacy -I../Drivers/CMSIS/Device/ST/STM32G4xx/Include -I../Drivers/CMSIS/Include -I../AZURE_RTOS/App -I../Middlewares/ST/threadx/common/inc/ -I../Middlewares/ST/threadx/ports/cortex_m4/gnu/inc/ -O0 -ffunction-sections -fdata-sections -Wall -fstack-usage -fcyclomatic-complexity -MMD -MP -MF"Core/Src/stm32g4xx_it.d" -MT"Core/Src/stm32g4xx_it.o" --specs=nano.specs -mfpu=fpv4-sp-d16 -mfloat-abi=hard -mthumb -o "Core/Src/stm32g4xx_it.o"
../Core/Src/stm32g4xx_it.c:25:10: fatal error: USART3_Dma.h: No such file or directory
   25 | #include <USART3_Dma.h>
      |          ^~~~~~~~~~~~~~
compilation terminated.
make: *** [Core/Src/subdir.mk:47: Core/Src/stm32g4xx_it.o] Error 1
"make -j12 all" terminated with exit code 2. Build might be incomplete.
23:25:48 **** Incremental Build of configuration Debug for project STM32G474RET6 ****
make -j12 all 
arm-none-eabi-gcc "../Core/Src/stm32g4xx_it.c" -mcpu=cortex-m4 -std=gnu11 -g3 -DDEBUG -DUSE_HAL_DRIVER -DSTM32G474xx -DTX_INCLUDE_USER_DEFINE_FILE -c -I../Core/Inc -I../Drivers/STM32G4xx_HAL_Driver/Inc -I../Drivers/STM32G4xx_HAL_Driver/Inc/Legacy -I../Drivers/CMSIS/Device/ST/STM32G4xx/Include -I../Drivers/CMSIS/Include -I../AZURE_RTOS/App -I../Middlewares/ST/threadx/common/inc/ -I../Middlewares/ST/threadx/ports/cortex_m4/gnu/inc/ -O0 -ffunction-sections -fdata-sections -Wall -fstack-usage -fcyclomatic-complexity -MMD -MP -MF"Core/Src/stm32g4xx_it.d" -MT"Core/Src/stm32g4xx_it.o" --specs=nano.specs -mfpu=fpv4-sp-d16 -mfloat-abi=hard -mthumb -o "Core/Src/stm32g4xx_it.o"
../Core/Src/stm32g4xx_it.c:25:10: fatal error: USART3_Dma.h: No such file or directory
   25 | #include <USART3_Dma.h>
      |          ^~~~~~~~~~~~~~
compilation terminated.
make: *** [Core/Src/subdir.mk:47: Core/Src/stm32g4xx_it.o] Error 1
"make -j12 all" terminated with exit code 2. Build might be incomplete.
23:30:14 **** Incremental Build of configuration Debug for project STM32G474RET6 ****
make -j12 all 
arm-none-eabi-gcc "../Core/Src/main.c" -mcpu=cortex-m4 -std=gnu11 -g3 -DDEBUG -DUSE_HAL_DRIVER -DSTM32G474xx -DTX_INCLUDE_USER_DEFINE_FILE -c -I../Core/Inc -I../Drivers/STM32G4xx_HAL_Driver/Inc -I../Drivers/STM32G4xx_HAL_Driver/Inc/Legacy -I../Drivers/CMSIS/Device/ST/STM32G4xx/Include -I../Drivers/CMSIS/Include -I../AZURE_RTOS/App -I../Middlewares/ST/threadx/common/inc/ -I../Middlewares/ST/threadx/ports/cortex_m4/gnu/inc/ -O0 -ffunction-sections -fdata-sections -Wall -fstack-usage -fcyclomatic-complexity -MMD -MP -MF"Core/Src/main.d" -MT"Core/Src/main.o" --specs=nano.specs -mfpu=fpv4-sp-d16 -mfloat-abi=hard -mthumb -o "Core/Src/main.o"
arm-none-eabi-gcc "../Core/Src/stm32g4xx_it.c" -mcpu=cortex-m4 -std=gnu11 -g3 -DDEBUG -DUSE_HAL_DRIVER -DSTM32G474xx -DTX_INCLUDE_USER_DEFINE_FILE -c -I../Core/Inc -I../Drivers/STM32G4xx_HAL_Driver/Inc -I../Drivers/STM32G4xx_HAL_Driver/Inc/Legacy -I../Drivers/CMSIS/Device/ST/STM32G4xx/Include -I../Drivers/CMSIS/Include -I../AZURE_RTOS/App -I../Middlewares/ST/threadx/common/inc/ -I../Middlewares/ST/threadx/ports/cortex_m4/gnu/inc/ -O0 -ffunction-sections -fdata-sections -Wall -fstack-usage -fcyclomatic-complexity -MMD -MP -MF"Core/Src/stm32g4xx_it.d" -MT"Core/Src/stm32g4xx_it.o" --specs=nano.specs -mfpu=fpv4-sp-d16 -mfloat-abi=hard -mthumb -o "Core/Src/stm32g4xx_it.o"
../Core/Src/stm32g4xx_it.c:25:10: fatal error: USART3_Dma.h: No such file or directory
   25 | #include <USART3_Dma.h>
      |          ^~~~~~~~~~~~~~
compilation terminated.
make: *** [Core/Src/subdir.mk:47: Core/Src/stm32g4xx_it.o] Error 1
make: *** Waiting for unfinished jobs....
"make -j12 all" terminated with exit code 2. Build might be incomplete.
23:34:02 **** Build of configuration Debug for project Test ****
make -j12 all 
arm-none-eabi-gcc "../Core/Src/main.c" -mcpu=cortex-m4 -std=gnu11 -g3 -DDEBUG -DUSE_HAL_DRIVER -DSTM32G474xx -c -I../Core/Inc -I../Drivers/STM32G4xx_HAL_Driver/Inc -I../Drivers/STM32G4xx_HAL_Driver/Inc/Legacy -I../Drivers/CMSIS/Device/ST/STM32G4xx/Include -I../Drivers/CMSIS/Include -O0 -ffunction-sections -fdata-sections -Wall -fstack-usage -fcyclomatic-complexity -MMD -MP -MF"Core/Src/main.d" -MT"Core/Src/main.o" --specs=nano.specs -mfpu=fpv4-sp-d16 -mfloat-abi=hard -mthumb -o "Core/Src/main.o"
arm-none-eabi-gcc "../Core/Src/stm32g4xx_hal_msp.c" -mcpu=cortex-m4 -std=gnu11 -g3 -DDEBUG -DUSE_HAL_DRIVER -DSTM32G474xx -c -I../Core/Inc -I../Drivers/STM32G4xx_HAL_Driver/Inc -I../Drivers/STM32G4xx_HAL_Driver/Inc/Legacy -I../Drivers/CMSIS/Device/ST/STM32G4xx/Include -I../Drivers/CMSIS/Include -O0 -ffunction-sections -fdata-sections -Wall -fstack-usage -fcyclomatic-complexity -MMD -MP -MF"Core/Src/stm32g4xx_hal_msp.d" -MT"Core/Src/stm32g4xx_hal_msp.o" --specs=nano.specs -mfpu=fpv4-sp-d16 -mfloat-abi=hard -mthumb -o "Core/Src/stm32g4xx_hal_msp.o"
arm-none-eabi-gcc -o "Test.elf" @"objects.list"   -mcpu=cortex-m4 -T"D:\STM32Playground\Werdon\STM32G474RETX_FLASH.ld" --specs=nosys.specs -Wl,-Map="Test.map" -Wl,--gc-sections -static --specs=nano.specs -mfpu=fpv4-sp-d16 -mfloat-abi=hard -mthumb -Wl,--start-group -lc -lm -Wl,--end-group
Finished building target: Test.elf
 
arm-none-eabi-size  Test.elf 
arm-none-eabi-objdump -h -S Test.elf  > "Test.list"
   text	   data	    bss	    dec	    hex	filename
   5688	     12	   1572	   7272	   1c68	Test.elf
Finished building: default.size.stdout
 
Finished building: Test.list
 
23:35:40 **** Incremental Build of configuration Debug for project Test ****
make -j12 all 
arm-none-eabi-gcc "../Core/Src/main.c" -mcpu=cortex-m4 -std=gnu11 -g3 -DDEBUG -DUSE_HAL_DRIVER -DSTM32G474xx -c -I../Core/Inc -I../Drivers/STM32G4xx_HAL_Driver/Inc -I../Drivers/STM32G4xx_HAL_Driver/Inc/Legacy -I../Drivers/CMSIS/Device/ST/STM32G4xx/Include -I../Drivers/CMSIS/Include -O0 -ffunction-sections -fdata-sections -Wall -fstack-usage -fcyclomatic-complexity -MMD -MP -MF"Core/Src/main.d" -MT"Core/Src/main.o" --specs=nano.specs -mfpu=fpv4-sp-d16 -mfloat-abi=hard -mthumb -o "Core/Src/main.o"
arm-none-eabi-gcc -o "Test.elf" @"objects.list"   -mcpu=cortex-m4 -T"D:\STM32Playground\Werdon\STM32G474RETX_FLASH.ld" --specs=nosys.specs -Wl,-Map="Test.map" -Wl,--gc-sections -static --specs=nano.specs -mfpu=fpv4-sp-d16 -mfloat-abi=hard -mthumb -Wl,--start-group -lc -lm -Wl,--end-group
Finished building target: Test.elf
 
arm-none-eabi-size  Test.elf 
arm-none-eabi-objdump -h -S Test.elf  > "Test.list"
   text	   data	    bss	    dec	    hex	filename
   5688	     12	   1572	   7272	   1c68	Test.elf
Finished building: default.size.stdout
 
Finished building: Test.list
 
23:38:23 **** Incremental Build of configuration Debug for project Test ****
make -j12 all 
arm-none-eabi-gcc "../Core/Src/main.c" -mcpu=cortex-m4 -std=gnu11 -g3 -DDEBUG -DUSE_HAL_DRIVER -DSTM32G474xx -c -I../Core/Inc -I../Drivers/STM32G4xx_HAL_Driver/Inc -I../Drivers/STM32G4xx_HAL_Driver/Inc/Legacy -I../Drivers/CMSIS/Device/ST/STM32G4xx/Include -I../Drivers/CMSIS/Include -O0 -ffunction-sections -fdata-sections -Wall -fstack-usage -fcyclomatic-complexity -MMD -MP -MF"Core/Src/main.d" -MT"Core/Src/main.o" --specs=nano.specs -mfpu=fpv4-sp-d16 -mfloat-abi=hard -mthumb -o "Core/Src/main.o"
arm-none-eabi-gcc -o "Test.elf" @"objects.list"   -mcpu=cortex-m4 -T"D:\STM32Playground\Werdon\STM32G474RETX_FLASH.ld" --specs=nosys.specs -Wl,-Map="Test.map" -Wl,--gc-sections -static --specs=nano.specs -mfpu=fpv4-sp-d16 -mfloat-abi=hard -mthumb -Wl,--start-group -lc -lm -Wl,--end-group
Finished building target: Test.elf
 
arm-none-eabi-size  Test.elf 
arm-none-eabi-objdump -h -S Test.elf  > "Test.list"
   text	   data	    bss	    dec	    hex	filename
   5688	     12	   1572	   7272	   1c68	Test.elf
Finished building: default.size.stdout
 
Finished building: Test.list
 
23:52:28 **** Incremental Build of configuration Debug for project Test ****
make -j12 all 
arm-none-eabi-size  Test.elf 
   text	   data	    bss	    dec	    hex	filename
   5688	     12	   1572	   7272	   1c68	Test.elf
Finished building: default.size.stdout
 
00:01:03 **** Incremental Build of configuration Debug for project Test ****
make -j12 all 
arm-none-eabi-gcc "../Core/Src/main.c" -mcpu=cortex-m4 -std=gnu11 -g3 -DDEBUG -DUSE_HAL_DRIVER -DSTM32G474xx -c -I../Core/Inc -I../Drivers/STM32G4xx_HAL_Driver/Inc -I../Drivers/STM32G4xx_HAL_Driver/Inc/Legacy -I../Drivers/CMSIS/Device/ST/STM32G4xx/Include -I../Drivers/CMSIS/Include -O0 -ffunction-sections -fdata-sections -Wall -fstack-usage -fcyclomatic-complexity -MMD -MP -MF"Core/Src/main.d" -MT"Core/Src/main.o" --specs=nano.specs -mfpu=fpv4-sp-d16 -mfloat-abi=hard -mthumb -o "Core/Src/main.o"
arm-none-eabi-gcc -o "Test.elf" @"objects.list"   -mcpu=cortex-m4 -T"D:\STM32Playground\Werdon\STM32G474RETX_FLASH.ld" --specs=nosys.specs -Wl,-Map="Test.map" -Wl,--gc-sections -static --specs=nano.specs -mfpu=fpv4-sp-d16 -mfloat-abi=hard -mthumb -Wl,--start-group -lc -lm -Wl,--end-group
Finished building target: Test.elf
 
arm-none-eabi-size  Test.elf 
arm-none-eabi-objdump -h -S Test.elf  > "Test.list"
   text	   data	    bss	    dec	    hex	filename
   5688	     12	   1572	   7272	   1c68	Test.elf
Finished building: default.size.stdout
 
Finished building: Test.list
 
00:02:51 **** Incremental Build of configuration Debug for project Test ****
make -j12 all 
arm-none-eabi-size  Test.elf 
   text	   data	    bss	    dec	    hex	filename
   5688	     12	   1572	   7272	   1c68	Test.elf
Finished building: default.size.stdout
 
00:14:35 **** Incremental Build of configuration Debug for project Test ****
make -j12 all 
arm-none-eabi-gcc "../Core/Src/main.c" -mcpu=cortex-m4 -std=gnu11 -g3 -DDEBUG -DUSE_HAL_DRIVER -DSTM32G474xx -c -I../Core/Inc -I../Drivers/STM32G4xx_HAL_Driver/Inc -I../Drivers/STM32G4xx_HAL_Driver/Inc/Legacy -I../Drivers/CMSIS/Device/ST/STM32G4xx/Include -I../Drivers/CMSIS/Include -O0 -ffunction-sections -fdata-sections -Wall -fstack-usage -fcyclomatic-complexity -MMD -MP -MF"Core/Src/main.d" -MT"Core/Src/main.o" --specs=nano.specs -mfpu=fpv4-sp-d16 -mfloat-abi=hard -mthumb -o "Core/Src/main.o"
arm-none-eabi-gcc -o "Test.elf" @"objects.list"   -mcpu=cortex-m4 -T"D:\STM32Playground\Werdon\STM32G474RETX_FLASH.ld" --specs=nosys.specs -Wl,-Map="Test.map" -Wl,--gc-sections -static --specs=nano.specs -mfpu=fpv4-sp-d16 -mfloat-abi=hard -mthumb -Wl,--start-group -lc -lm -Wl,--end-group
Finished building target: Test.elf
 
arm-none-eabi-size  Test.elf 
arm-none-eabi-objdump -h -S Test.elf  > "Test.list"
   text	   data	    bss	    dec	    hex	filename
   5688	     12	   1572	   7272	   1c68	Test.elf
Finished building: default.size.stdout
 
Finished building: Test.list
 
00:19:04 **** Incremental Build of configuration Debug for project Test ****
make -j12 all 
arm-none-eabi-size  Test.elf 
   text	   data	    bss	    dec	    hex	filename
   5688	     12	   1572	   7272	   1c68	Test.elf
Finished building: default.size.stdout
 
00:22:07 **** Incremental Build of configuration Debug for project Test ****
make -j12 all 
arm-none-eabi-size  Test.elf 
   text	   data	    bss	    dec	    hex	filename
   5688	     12	   1572	   7272	   1c68	Test.elf
Finished building: default.size.stdout
 
00:25:06 **** Incremental Build of configuration Debug for project Test ****
make -j12 all 
arm-none-eabi-size  Test.elf 
   text	   data	    bss	    dec	    hex	filename
   5688	     12	   1572	   7272	   1c68	Test.elf
Finished building: default.size.stdout
 
20:35:53 **** Incremental Build of configuration Debug for project Test ****
make -j12 all 
arm-none-eabi-gcc "../Core/Src/main.c" -mcpu=cortex-m4 -std=gnu11 -g3 -DDEBUG -DUSE_HAL_DRIVER -DSTM32G474xx -c -I../Core/Inc -I../Drivers/STM32G4xx_HAL_Driver/Inc -I../Drivers/STM32G4xx_HAL_Driver/Inc/Legacy -I../Drivers/CMSIS/Device/ST/STM32G4xx/Include -I../Drivers/CMSIS/Include -O0 -ffunction-sections -fdata-sections -Wall -fstack-usage -fcyclomatic-complexity -MMD -MP -MF"Core/Src/main.d" -MT"Core/Src/main.o" --specs=nano.specs -mfpu=fpv4-sp-d16 -mfloat-abi=hard -mthumb -o "Core/Src/main.o"
arm-none-eabi-gcc -o "Test.elf" @"objects.list"   -mcpu=cortex-m4 -T"D:\STM32Playground\Werdon\STM32G474RETX_FLASH.ld" --specs=nosys.specs -Wl,-Map="Test.map" -Wl,--gc-sections -static --specs=nano.specs -mfpu=fpv4-sp-d16 -mfloat-abi=hard -mthumb -Wl,--start-group -lc -lm -Wl,--end-group
Finished building target: Test.elf
 
arm-none-eabi-size  Test.elf 
arm-none-eabi-objdump -h -S Test.elf  > "Test.list"
   text	   data	    bss	    dec	    hex	filename
   5688	     12	   1572	   7272	   1c68	Test.elf
Finished building: default.size.stdout
 
Finished building: Test.list
 
20:36:50 **** Incremental Build of configuration Debug for project Test ****
make -j12 all 
arm-none-eabi-size  Test.elf 
   text	   data	    bss	    dec	    hex	filename
   5688	     12	   1572	   7272	   1c68	Test.elf
Finished building: default.size.stdout
 
20:37:55 **** Incremental Build of configuration Debug for project Test ****
make -j12 all 
arm-none-eabi-size  Test.elf 
   text	   data	    bss	    dec	    hex	filename
   5688	     12	   1572	   7272	   1c68	Test.elf
Finished building: default.size.stdout
 
20:38:26 **** Incremental Build of configuration Debug for project Test ****
make -j12 all 
arm-none-eabi-size  Test.elf 
   text	   data	    bss	    dec	    hex	filename
   5688	     12	   1572	   7272	   1c68	Test.elf
Finished building: default.size.stdout
 
20:40:44 **** Incremental Build of configuration Debug for project Test ****
make -j12 all 
arm-none-eabi-size  Test.elf 
   text	   data	    bss	    dec	    hex	filename
   5688	     12	   1572	   7272	   1c68	Test.elf
Finished building: default.size.stdout
 
20:41:19 **** Incremental Build of configuration Debug for project Test ****
make -j12 all 
arm-none-eabi-size  Test.elf 
   text	   data	    bss	    dec	    hex	filename
   5688	     12	   1572	   7272	   1c68	Test.elf
Finished building: default.size.stdout
 
20:41:51 **** Incremental Build of configuration Debug for project Test ****
make -j12 all 
arm-none-eabi-size  Test.elf 
   text	   data	    bss	    dec	    hex	filename
   5688	     12	   1572	   7272	   1c68	Test.elf
Finished building: default.size.stdout
 
20:42:42 **** Incremental Build of configuration Debug for project Test ****
make -j12 all 
arm-none-eabi-size  Test.elf 
   text	   data	    bss	    dec	    hex	filename
   5688	     12	   1572	   7272	   1c68	Test.elf
Finished building: default.size.stdout
 
20:43:29 **** Incremental Build of configuration Debug for project Test ****
make -j12 all 
arm-none-eabi-size  Test.elf 
   text	   data	    bss	    dec	    hex	filename
   5688	     12	   1572	   7272	   1c68	Test.elf
Finished building: default.size.stdout
 
20:43:55 **** Incremental Build of configuration Debug for project Test ****
make -j12 all 
arm-none-eabi-size  Test.elf 
   text	   data	    bss	    dec	    hex	filename
   5688	     12	   1572	   7272	   1c68	Test.elf
Finished building: default.size.stdout
 
20:44:21 **** Incremental Build of configuration Debug for project Test ****
make -j12 all 
arm-none-eabi-size  Test.elf 
   text	   data	    bss	    dec	    hex	filename
   5688	     12	   1572	   7272	   1c68	Test.elf
Finished building: default.size.stdout
 
20:44:42 **** Incremental Build of configuration Debug for project Test ****
make -j12 all 
arm-none-eabi-size  Test.elf 
   text	   data	    bss	    dec	    hex	filename
   5688	     12	   1572	   7272	   1c68	Test.elf
Finished building: default.size.stdout
 
20:45:03 **** Incremental Build of configuration Debug for project Test ****
make -j12 all 
arm-none-eabi-size  Test.elf 
   text	   data	    bss	    dec	    hex	filename
   5688	     12	   1572	   7272	   1c68	Test.elf
Finished building: default.size.stdout
 
20:45:38 **** Incremental Build of configuration Debug for project Test ****
make -j12 all 
arm-none-eabi-size  Test.elf 
   text	   data	    bss	    dec	    hex	filename
   5688	     12	   1572	   7272	   1c68	Test.elf
Finished building: default.size.stdout
 
20:46:39 **** Incremental Build of configuration Debug for project Test ****
make -j12 all 
arm-none-eabi-size  Test.elf 
   text	   data	    bss	    dec	    hex	filename
   5688	     12	   1572	   7272	   1c68	Test.elf
Finished building: default.size.stdout
 
20:48:05 **** Incremental Build of configuration Debug for project Test ****
make -j12 all 
arm-none-eabi-size  Test.elf 
   text	   data	    bss	    dec	    hex	filename
   5688	     12	   1572	   7272	   1c68	Test.elf
Finished building: default.size.stdout
 
