2026-03-30 18:36:23,522 [INFO] Activator:176 - 


2026-03-30 18:36:23,527 [INFO] Activator:177 - !SESSION log4j initialized
2026-03-30 18:36:31,385 [INFO] LogOutputStream:77 - [STDOUT_REDIRECT] 
2026-03-30 18:36:38,616 [INFO] ApplicationProperties:184 - Using Application install path: D:\Programy\STM32CubeIDE_1.19.0\STM32CubeIDE\plugins\com.st.stm32cube.common.mx_6.15.0.202507011659
2026-03-30 18:36:38,635 [INFO] DbMcusXml:78 - Set database path to: D:\Programy\STM32CubeIDE_1.19.0\STM32CubeIDE\plugins\com.st.stm32cube.common.mx_6.15.0.202507011659\\db\/mcu/
2026-03-30 18:36:38,635 [INFO] ApiDb:274 - Set plugin database path to: D:\Programy\STM32CubeIDE_1.19.0\STM32CubeIDE\plugins\com.st.stm32cube.common.mx_6.15.0.202507011659\\db\/plugins/boardmanager/
2026-03-30 18:36:38,635 [WARN] ApiDb:259 - Overriding images path with different value:  => D:\Programy\STM32CubeIDE_1.19.0\STM32CubeIDE\plugins\com.st.stm32cube.common.mx_6.15.0.202507011659\\db\/plugins/mcufinder/images/
2026-03-30 18:36:38,648 [INFO] ApiDb:250 - Set database path to: C:\Users\kujon\.stmcufinder\plugins\mcufinder//mcu/
2026-03-30 18:36:38,654 [INFO] DbMcusAds:125 - Set database path to: C:\Users\kujon\.stmcufinder\plugins\mcufinder//mcu/
2026-03-30 18:36:38,655 [INFO] CrossReferenceDbSqlite:203 - Set database path to: C:\Users\kujon\.stmcufinder\plugins\mcufinder//mcu/cs/
2026-03-30 18:36:38,794 [INFO] RulesReader:64 - Compatibility file has been processed (317 Rules)
2026-03-30 18:36:38,885 [INFO] DbMcusXml:78 - Set database path to: D:\Programy\STM32CubeIDE_1.19.0\STM32CubeIDE\plugins\com.st.stm32cube.common.mx_6.15.0.202507011659\\db\/mcu/
2026-03-30 18:36:38,885 [INFO] ApiDb:274 - Set plugin database path to: D:\Programy\STM32CubeIDE_1.19.0\STM32CubeIDE\plugins\com.st.stm32cube.common.mx_6.15.0.202507011659\\db\/plugins/boardmanager/
2026-03-30 18:36:38,886 [INFO] ApiDb:261 - Set plugin images path to: D:\Programy\STM32CubeIDE_1.19.0\STM32CubeIDE\plugins\com.st.stm32cube.common.mx_6.15.0.202507011659\\db\/plugins/mcufinder/images/
2026-03-30 18:36:38,886 [WARN] DbFile:41 - Overriding database path with different value: C:\Users\kujon\.stmcufinder\plugins\mcufinder/ => C:\Users\kujon\.stmcufinder\plugins\mcufinder
2026-03-30 18:36:38,886 [INFO] ApiDb:250 - Set database path to: C:\Users\kujon\.stmcufinder\plugins\mcufinder//mcu/
2026-03-30 18:36:38,886 [WARN] DbFile:41 - Overriding database path with different value: C:\Users\kujon\.stmcufinder\plugins\mcufinder/ => C:\Users\kujon\.stmcufinder\plugins\mcufinder
2026-03-30 18:36:38,886 [INFO] DbMcusAds:125 - Set database path to: C:\Users\kujon\.stmcufinder\plugins\mcufinder//mcu/
2026-03-30 18:36:38,886 [WARN] DbFile:41 - Overriding database path with different value: C:\Users\kujon\.stmcufinder\plugins\mcufinder/ => C:\Users\kujon\.stmcufinder\plugins\mcufinder
2026-03-30 18:36:38,886 [WARN] DbFile:41 - Overriding database path with different value: C:\Users\kujon\.stmcufinder\plugins\mcufinder/ => C:\Users\kujon\.stmcufinder\plugins\mcufinder
2026-03-30 18:36:38,886 [INFO] CrossReferenceDbSqlite:203 - Set database path to: C:\Users\kujon\.stmcufinder\plugins\mcufinder//mcu/cs/
2026-03-30 18:36:38,974 [INFO] MainPanel:274 - HeapMemory: 268435456
2026-03-30 18:36:39,097 [INFO] DbMcusXml:78 - Set database path to: D:\Programy\STM32CubeIDE_1.19.0\STM32CubeIDE\plugins\com.st.stm32cube.common.mx_6.15.0.202507011659\\db\/mcu/
2026-03-30 18:36:39,097 [INFO] ApiDb:274 - Set plugin database path to: D:\Programy\STM32CubeIDE_1.19.0\STM32CubeIDE\plugins\com.st.stm32cube.common.mx_6.15.0.202507011659\\db\/plugins/boardmanager/
2026-03-30 18:36:39,097 [INFO] ApiDb:261 - Set plugin images path to: D:\Programy\STM32CubeIDE_1.19.0\STM32CubeIDE\plugins\com.st.stm32cube.common.mx_6.15.0.202507011659\\db\/plugins/mcufinder/images/
2026-03-30 18:36:39,097 [WARN] DbFile:41 - Overriding database path with different value: C:\Users\kujon\.stmcufinder\plugins\mcufinder/ => C:\Users\kujon\.stmcufinder\plugins\mcufinder
2026-03-30 18:36:39,098 [INFO] ApiDb:250 - Set database path to: C:\Users\kujon\.stmcufinder\plugins\mcufinder//mcu/
2026-03-30 18:36:39,098 [WARN] DbFile:41 - Overriding database path with different value: C:\Users\kujon\.stmcufinder\plugins\mcufinder/ => C:\Users\kujon\.stmcufinder\plugins\mcufinder
2026-03-30 18:36:39,098 [INFO] DbMcusAds:125 - Set database path to: C:\Users\kujon\.stmcufinder\plugins\mcufinder//mcu/
2026-03-30 18:36:39,098 [WARN] DbFile:41 - Overriding database path with different value: C:\Users\kujon\.stmcufinder\plugins\mcufinder/ => C:\Users\kujon\.stmcufinder\plugins\mcufinder
2026-03-30 18:36:39,098 [WARN] DbFile:41 - Overriding database path with different value: C:\Users\kujon\.stmcufinder\plugins\mcufinder/ => C:\Users\kujon\.stmcufinder\plugins\mcufinder
2026-03-30 18:36:39,098 [INFO] CrossReferenceDbSqlite:203 - Set database path to: C:\Users\kujon\.stmcufinder\plugins\mcufinder//mcu/cs/
2026-03-30 18:36:39,117 [INFO] ApplicationProperties:184 - Using Application install path: D:\Programy\STM32CubeIDE_1.19.0\STM32CubeIDE\plugins\com.st.stm32cube.common.mx_6.15.0.202507011659
2026-03-30 18:36:39,118 [INFO] PluginManage:196 - Search for loadable plugins [exclusion list=, ]
2026-03-30 18:36:39,120 [INFO] PluginManage:310 - Check plugin analytics
2026-03-30 18:36:39,324 [INFO] AnalyticsPlugin:253 - Accepted Software Licenses: 
2026-03-30 18:36:39,324 [INFO] AnalyticsPlugin:255 - Accepted CMSIS Pack Licenses: 
2026-03-30 18:36:39,324 [INFO] AnalyticsPlugin:257 - Accepted Firmware Licenses: 
2026-03-30 18:36:39,327 [INFO] PluginManage:359 - Loaded plugin analytics (category:tool,tabindex:-1)
2026-03-30 18:36:39,327 [INFO] PluginManage:310 - Check plugin cadmodel
2026-03-30 18:36:39,347 [INFO] CADModel:105 - Init CAD model plugin
2026-03-30 18:36:39,348 [INFO] PluginManage:359 - Loaded plugin cadmodel (category:power,tabindex:5)
2026-03-30 18:36:39,348 [INFO] PluginManage:310 - Check plugin clock
2026-03-30 18:36:39,371 [INFO] PluginManage:359 - Loaded plugin clock (category:base,tabindex:2)
2026-03-30 18:36:39,371 [INFO] PluginManage:310 - Check plugin ddr
2026-03-30 18:36:39,374 [INFO] PluginManage:359 - Loaded plugin ddr (category:tool,tabindex:6)
2026-03-30 18:36:39,374 [INFO] PluginManage:310 - Check plugin filemanager
2026-03-30 18:36:39,531 [INFO] PluginManage:359 - Loaded plugin filemanager (category:base,tabindex:10)
2026-03-30 18:36:39,531 [INFO] PluginManage:310 - Check plugin ipmanager
2026-03-30 18:36:39,539 [INFO] PluginManage:359 - Loaded plugin ipmanager (category:base,tabindex:5)
2026-03-30 18:36:39,539 [INFO] PluginManage:310 - Check plugin lpbam
2026-03-30 18:36:39,561 [INFO] PluginManage:359 - Loaded plugin lpbam (category:base,tabindex:0)
2026-03-30 18:36:39,561 [INFO] PluginManage:310 - Check plugin memorymap
2026-03-30 18:36:39,588 [INFO] PluginManage:359 - Loaded plugin memorymap (category:base,tabindex:4)
2026-03-30 18:36:39,588 [INFO] PluginManage:310 - Check plugin pinoutandconfiguration
2026-03-30 18:36:39,611 [INFO] PluginManage:359 - Loaded plugin pinoutandconfiguration (category:base,tabindex:1)
2026-03-30 18:36:39,611 [INFO] PluginManage:310 - Check plugin pinoutconfig
2026-03-30 18:36:39,716 [WARN] SupportedApi:132 - Cannot load RTOS API schema: s4s-elt-must-match.1: The content of 'definitions' must match (annotation?, (simpleType | complexType)?, (unique | key | keyref)*)). A problem was found starting at: attribute.
2026-03-30 18:36:39,853 [INFO] PluginManage:359 - Loaded plugin pinoutconfig (category:base,tabindex:0)
2026-03-30 18:36:39,853 [INFO] PluginManage:310 - Check plugin power
2026-03-30 18:36:39,878 [INFO] PluginManage:359 - Loaded plugin power (category:power,tabindex:4)
2026-03-30 18:36:39,878 [INFO] PluginManage:310 - Check plugin projectmanager
2026-03-30 18:36:39,896 [INFO] PluginManage:359 - Loaded plugin projectmanager (category:projectmanager,tabindex:4)
2026-03-30 18:36:39,896 [INFO] PluginManage:310 - Check plugin rif
2026-03-30 18:36:39,919 [INFO] PluginManage:359 - Loaded plugin rif (category:base,tabindex:3)
2026-03-30 18:36:39,920 [INFO] PluginManage:310 - Check plugin thirdparty
2026-03-30 18:36:40,267 [INFO] PluginManage:359 - Loaded plugin thirdparty (category:base,tabindex:-1)
2026-03-30 18:36:40,267 [WARN] IntegrityCheckThread:84 - waiting for thirdparty lock release [integrity check]
2026-03-30 18:36:40,267 [INFO] PluginManage:310 - Check plugin tools
2026-03-30 18:36:40,267 [INFO] IntegrityCheckThread:86 - entering critical section [integrity check]
2026-03-30 18:36:40,268 [INFO] ThirdPartyUpdaterWithRetryManager:70 - Updater plugin not ready yet. [1/15]
2026-03-30 18:36:40,314 [INFO] PluginManage:359 - Loaded plugin tools (category:base,tabindex:7)
2026-03-30 18:36:40,314 [INFO] PluginManage:310 - Check plugin tutovideos
2026-03-30 18:36:40,550 [INFO] PluginManage:359 - Loaded plugin tutovideos (category:base,tabindex:-1)
2026-03-30 18:36:40,550 [INFO] PluginManage:310 - Check plugin updater
2026-03-30 18:36:40,572 [INFO] PluginManage:359 - Loaded plugin updater (category:base,tabindex:12)
2026-03-30 18:36:40,572 [INFO] PluginManage:310 - Check plugin userauth
2026-03-30 18:36:40,578 [INFO] UserAuth:118 - Init User Auth plugin
2026-03-30 18:36:40,579 [INFO] PluginManage:359 - Loaded plugin userauth (category:base,tabindex:14)
2026-03-30 18:36:40,579 [INFO] PluginManage:283 - PluginManage : Loaded plugins [18]
2026-03-30 18:36:40,820 [INFO] PinOutPanel:1589 - setPackage(No Configuration,No Configuration)
2026-03-30 18:36:40,927 [INFO] CADModel:165 - CPN selected for project level
2026-03-30 18:36:40,927 [INFO] CADModel:114 - Register for checkConnection events
2026-03-30 18:36:40,966 [INFO] IPUIPlugin:80 - create IPUIPlugin
2026-03-30 18:36:40,966 [INFO] PluginManager:220 - loadIPPluginJar : add adc
2026-03-30 18:36:41,021 [INFO] IPUIPlugin:80 - create IPUIPlugin
2026-03-30 18:36:41,021 [INFO] PluginManager:220 - loadIPPluginJar : add aes
2026-03-30 18:36:41,088 [INFO] IPUIPlugin:80 - create IPUIPlugin
2026-03-30 18:36:41,088 [INFO] PluginManager:220 - loadIPPluginJar : add can
2026-03-30 18:36:41,123 [INFO] IPUIPlugin:80 - create IPUIPlugin
2026-03-30 18:36:41,124 [INFO] PluginManager:220 - loadIPPluginJar : add comp
2026-03-30 18:36:41,169 [INFO] IPUIPlugin:80 - create IPUIPlugin
2026-03-30 18:36:41,170 [INFO] PluginManager:220 - loadIPPluginJar : add cryp
2026-03-30 18:36:41,185 [INFO] IPUIPlugin:80 - create IPUIPlugin
2026-03-30 18:36:41,185 [INFO] PluginManager:220 - loadIPPluginJar : add ddr_ctrl_phy
2026-03-30 18:36:41,224 [INFO] IPUIPlugin:80 - create IPUIPlugin
2026-03-30 18:36:41,224 [INFO] PluginManager:220 - loadIPPluginJar : add dfsdm
2026-03-30 18:36:41,240 [INFO] IPUIPlugin:80 - create IPUIPlugin
2026-03-30 18:36:41,241 [INFO] PluginManager:220 - loadIPPluginJar : add dma
2026-03-30 18:36:41,290 [INFO] IPUIPlugin:80 - create IPUIPlugin
2026-03-30 18:36:41,291 [INFO] PluginManager:220 - loadIPPluginJar : add dma3
2026-03-30 18:36:41,348 [INFO] IPUIPlugin:80 - create IPUIPlugin
2026-03-30 18:36:41,348 [INFO] PluginManager:220 - loadIPPluginJar : add extmemmanager
2026-03-30 18:36:41,374 [INFO] IPUIPlugin:80 - create IPUIPlugin
2026-03-30 18:36:41,376 [INFO] PluginManager:220 - loadIPPluginJar : add fatfs
2026-03-30 18:36:41,435 [INFO] IPUIPlugin:80 - create IPUIPlugin
2026-03-30 18:36:41,435 [INFO] PluginManager:220 - loadIPPluginJar : add fmc
2026-03-30 18:36:41,454 [INFO] IPUIPlugin:80 - create IPUIPlugin
2026-03-30 18:36:41,454 [INFO] PluginManager:220 - loadIPPluginJar : add freertos
2026-03-30 18:36:41,481 [INFO] IPUIPlugin:80 - create IPUIPlugin
2026-03-30 18:36:41,481 [INFO] PluginManager:220 - loadIPPluginJar : add genericplugin
2026-03-30 18:36:41,605 [INFO] IPUIPlugin:80 - create IPUIPlugin
2026-03-30 18:36:41,605 [INFO] PluginManager:220 - loadIPPluginJar : add gfxmmu
2026-03-30 18:36:41,771 [INFO] IPUIPlugin:80 - create IPUIPlugin
2026-03-30 18:36:41,771 [INFO] PluginManager:220 - loadIPPluginJar : add gic
2026-03-30 18:36:41,787 [INFO] IPUIPlugin:80 - create IPUIPlugin
2026-03-30 18:36:41,787 [INFO] PluginManager:220 - loadIPPluginJar : add gpio
2026-03-30 18:36:41,903 [INFO] IPUIPlugin:80 - create IPUIPlugin
2026-03-30 18:36:41,903 [INFO] PluginManager:220 - loadIPPluginJar : add gtzc
2026-03-30 18:36:41,949 [INFO] IPUIPlugin:80 - create IPUIPlugin
2026-03-30 18:36:41,949 [INFO] PluginManager:220 - loadIPPluginJar : add hash
2026-03-30 18:36:42,018 [INFO] IPUIPlugin:80 - create IPUIPlugin
2026-03-30 18:36:42,018 [INFO] PluginManager:220 - loadIPPluginJar : add i2c
2026-03-30 18:36:42,069 [INFO] IPUIPlugin:80 - create IPUIPlugin
2026-03-30 18:36:42,069 [INFO] PluginManager:220 - loadIPPluginJar : add i2s
2026-03-30 18:36:42,121 [INFO] IPUIPlugin:80 - create IPUIPlugin
2026-03-30 18:36:42,121 [INFO] PluginManager:220 - loadIPPluginJar : add i3c
2026-03-30 18:36:42,244 [INFO] IPUIPlugin:80 - create IPUIPlugin
2026-03-30 18:36:42,244 [INFO] PluginManager:220 - loadIPPluginJar : add ipddr
2026-03-30 18:36:42,360 [INFO] IPUIPlugin:80 - create IPUIPlugin
2026-03-30 18:36:42,360 [INFO] PluginManager:220 - loadIPPluginJar : add linkedlist
2026-03-30 18:36:42,407 [INFO] IPUIPlugin:80 - create IPUIPlugin
2026-03-30 18:36:42,407 [INFO] PluginManager:220 - loadIPPluginJar : add lorawan
2026-03-30 18:36:42,456 [INFO] IPUIPlugin:80 - create IPUIPlugin
2026-03-30 18:36:42,456 [INFO] PluginManager:220 - loadIPPluginJar : add ltdc
2026-03-30 18:36:42,474 [INFO] IPUIPlugin:80 - create IPUIPlugin
2026-03-30 18:36:42,474 [INFO] PluginManager:220 - loadIPPluginJar : add mdma
2026-03-30 18:36:42,488 [INFO] IPUIPlugin:80 - create IPUIPlugin
2026-03-30 18:36:42,488 [INFO] PluginManager:220 - loadIPPluginJar : add nvic
2026-03-30 18:36:42,540 [INFO] IPUIPlugin:80 - create IPUIPlugin
2026-03-30 18:36:42,540 [INFO] PluginManager:220 - loadIPPluginJar : add opamp
2026-03-30 18:36:42,628 [INFO] IPUIPlugin:80 - create IPUIPlugin
2026-03-30 18:36:42,628 [INFO] PluginManager:220 - loadIPPluginJar : add openamp
2026-03-30 18:36:42,684 [INFO] IPUIPlugin:80 - create IPUIPlugin
2026-03-30 18:36:42,684 [INFO] PluginManager:220 - loadIPPluginJar : add pdm2pcm
2026-03-30 18:36:42,704 [INFO] IPUIPlugin:80 - create IPUIPlugin
2026-03-30 18:36:42,707 [INFO] PluginManager:220 - loadIPPluginJar : add plateformsettings
2026-03-30 18:36:42,740 [INFO] IPUIPlugin:80 - create IPUIPlugin
2026-03-30 18:36:42,740 [INFO] PluginManager:220 - loadIPPluginJar : add quadspi
2026-03-30 18:36:42,776 [INFO] IPUIPlugin:80 - create IPUIPlugin
2026-03-30 18:36:42,777 [INFO] PluginManager:220 - loadIPPluginJar : add radio
2026-03-30 18:36:42,794 [INFO] IPUIPlugin:80 - create IPUIPlugin
2026-03-30 18:36:42,794 [INFO] PluginManager:220 - loadIPPluginJar : add resmgrutility
2026-03-30 18:36:42,853 [INFO] IPUIPlugin:80 - create IPUIPlugin
2026-03-30 18:36:42,854 [INFO] PluginManager:220 - loadIPPluginJar : add sai
2026-03-30 18:36:42,899 [INFO] IPUIPlugin:80 - create IPUIPlugin
2026-03-30 18:36:42,899 [INFO] PluginManager:220 - loadIPPluginJar : add spi
2026-03-30 18:36:43,011 [INFO] IPUIPlugin:80 - create IPUIPlugin
2026-03-30 18:36:43,011 [INFO] PluginManager:220 - loadIPPluginJar : add stm32_wpan
2026-03-30 18:36:43,050 [INFO] IPUIPlugin:80 - create IPUIPlugin
2026-03-30 18:36:43,050 [INFO] PluginManager:220 - loadIPPluginJar : add tim
2026-03-30 18:36:43,129 [INFO] IPUIPlugin:80 - create IPUIPlugin
2026-03-30 18:36:43,130 [INFO] PluginManager:220 - loadIPPluginJar : add touchsensing
2026-03-30 18:36:43,161 [INFO] IPUIPlugin:80 - create IPUIPlugin
2026-03-30 18:36:43,161 [INFO] PluginManager:220 - loadIPPluginJar : add tracer_emb
2026-03-30 18:36:43,192 [INFO] IPUIPlugin:80 - create IPUIPlugin
2026-03-30 18:36:43,192 [INFO] PluginManager:220 - loadIPPluginJar : add ts
2026-03-30 18:36:43,224 [INFO] IPUIPlugin:80 - create IPUIPlugin
2026-03-30 18:36:43,224 [INFO] PluginManager:220 - loadIPPluginJar : add tsc
2026-03-30 18:36:43,253 [INFO] IPUIPlugin:80 - create IPUIPlugin
2026-03-30 18:36:43,253 [INFO] PluginManager:220 - loadIPPluginJar : add ucpd
2026-03-30 18:36:43,268 [INFO] ThirdPartyUpdaterWithRetryManager:70 - Updater plugin not ready yet. [2/15]
2026-03-30 18:36:43,308 [INFO] IPUIPlugin:80 - create IPUIPlugin
2026-03-30 18:36:43,308 [INFO] PluginManager:220 - loadIPPluginJar : add usart
2026-03-30 18:36:43,367 [INFO] IPUIPlugin:80 - create IPUIPlugin
2026-03-30 18:36:43,367 [INFO] PluginManager:220 - loadIPPluginJar : add usbx
2026-03-30 18:36:43,503 [FATAL] Updater:351 - Updater called before beeing initialized
2026-03-30 18:36:43,531 [INFO] RulesReader:64 - Compatibility file has been processed (317 Rules)
2026-03-30 18:36:43,544 [INFO] RulesReader:64 - Compatibility file has been processed (317 Rules)
2026-03-30 18:36:43,554 [INFO] CADModel:165 - CPN selected for project level
2026-03-30 18:36:43,554 [INFO] CADModel:114 - Register for checkConnection events
2026-03-30 18:36:43,554 [FATAL] Updater:351 - Updater called before beeing initialized
2026-03-30 18:36:43,554 [ERROR] CADModel:125 - Updater not yet initialized, retry later 
2026-03-30 18:36:43,719 [FATAL] Updater:351 - Updater called before beeing initialized
2026-03-30 18:36:43,722 [INFO] CADModel:165 - CPN selected for project level
2026-03-30 18:36:43,722 [INFO] CADModel:114 - Register for checkConnection events
2026-03-30 18:36:43,722 [FATAL] Updater:351 - Updater called before beeing initialized
2026-03-30 18:36:43,723 [ERROR] CADModel:125 - Updater not yet initialized, retry later 
2026-03-30 18:36:43,727 [FATAL] Updater:351 - Updater called before beeing initialized
2026-03-30 18:36:43,857 [FATAL] Updater:351 - Updater called before beeing initialized
2026-03-30 18:36:43,870 [INFO] DbMcusAds:53 - JSON generation date=Thu Mar 05 15:32:52 CET 2026 (1772721172610)
2026-03-30 18:36:43,870 [FATAL] Updater:351 - Updater called before beeing initialized
2026-03-30 18:36:43,965 [WARN] DetailPanel:346 - Failed to get advertising image, set to default
2026-03-30 18:36:44,047 [FATAL] Updater:351 - Updater called before beeing initialized
2026-03-30 18:36:44,049 [FATAL] Updater:351 - Updater called before beeing initialized
2026-03-30 18:36:44,050 [FATAL] Updater:351 - Updater called before beeing initialized
2026-03-30 18:36:44,050 [WARN] DetailPanel:346 - Failed to get advertising image, set to default
2026-03-30 18:36:44,051 [FATAL] Updater:351 - Updater called before beeing initialized
2026-03-30 18:36:44,114 [ERROR] Updater:1198 - MainUpdater not yet initialized. External WinMGr cannot be set.
2026-03-30 18:36:44,128 [INFO] Updater:1134 - Updater Version found : 6.15.0
2026-03-30 18:36:44,146 [INFO] ApplicationProperties:184 - Using Application install path: D:\Programy\STM32CubeIDE_1.19.0\STM32CubeIDE\plugins\com.st.stm32cube.common.mx_6.15.0.202507011659
2026-03-30 18:36:45,726 [ERROR] LogOutputStream:75 - [STDERR_REDIRECT] Mar 30, 2026 6:36:45 PM java.util.prefs.WindowsPreferences <init>
2026-03-30 18:36:45,730 [ERROR] LogOutputStream:75 - [STDERR_REDIRECT] WARNING: Could not open/create prefs root node Software\JavaSoft\Prefs at root 0xffffffff80000002. Windows RegCreateKeyEx(...) returned error code 5.
2026-03-30 18:36:45,730 [ERROR] LogOutputStream:75 - [STDERR_REDIRECT] 
2026-03-30 18:36:46,230 [INFO] MainUpdater:2872 - connection check result : 10
2026-03-30 18:36:46,231 [INFO] MainUpdater:289 - Updater Check For Update Now.
2026-03-30 18:36:46,231 [INFO] MicroXplorer:498 - Change Database Version : DB.6.0.150
2026-03-30 18:36:46,250 [INFO] McuFinderGlobals:63 - Set McuFinder mode to 2 (CubeIDE integrated)
2026-03-30 18:36:46,261 [INFO] UserAuth:487 - Internet connection configuration mode: 1
2026-03-30 18:36:46,270 [WARN] MainUpdater:1193 - Updater busy. Cannot search thirdparties
2026-03-30 18:36:46,270 [INFO] ThirdPartyUpdaterWithRetryManager:96 - Updater plugin is busy. [1/15]
2026-03-30 18:36:46,305 [INFO] JxBrowserEngine:152 - Initiate JxBrowser Engine with user profile folder
2026-03-30 18:36:46,450 [INFO] CheckServerUpdateThread:120 - End of CheckServer Thread
2026-03-30 18:36:46,468 [INFO] MainUpdater:2872 - connection check result : 10
2026-03-30 18:36:46,477 [INFO] MainUpdater:2872 - connection check result : 10
2026-03-30 18:36:46,753 [INFO] MicroXplorer:468 - Change Database Path : 
2026-03-30 18:36:46,754 [INFO] MicroXplorer:498 - Change Database Version : DB.6.0.150
2026-03-30 18:36:46,764 [WARN] ThirdParty:871 - waiting for thirdparty lock release [close project]
2026-03-30 18:36:48,031 [INFO] WebApp:169 - Instantiating new browser for Auth
2026-03-30 18:36:48,847 [INFO] WebApp:463 - Apply proxy settings
2026-03-30 18:36:48,847 [INFO] WebApp:548 - Chromium requires no authentication
2026-03-30 18:36:48,861 [INFO] WebApp:491 - Direct internet connection detected
2026-03-30 18:36:48,900 [INFO] WebApp:900 - Register for checkConnection events
2026-03-30 18:36:48,900 [INFO] WebApp:463 - Apply proxy settings
2026-03-30 18:36:48,900 [INFO] WebApp:548 - Chromium requires no authentication
2026-03-30 18:36:48,902 [INFO] WebApp:491 - Direct internet connection detected
2026-03-30 18:36:49,107 [INFO] WebApp:225 - Starting web application
2026-03-30 18:36:49,107 [INFO] WebApp:593 - Web application path used D:\Programy\STM32CubeIDE_1.19.0\STM32CubeIDE\plugins\com.st.stm32cube.common.mx_6.15.0.202507011659\db\plugins\mcufinder\reactClient1\index.html
2026-03-30 18:36:49,113 [INFO] WebApp:191 - Connection restablished
2026-03-30 18:36:49,413 [INFO] UserAuth:487 - Internet connection configuration mode: 1
2026-03-30 18:36:49,917 [WARN] PackLoader:240 - Cannot read IP mode file for STMicroelectronics.X-CUBE-AZRTOS-H7.3.5.0
2026-03-30 18:36:49,954 [WARN] PackLoader:240 - Cannot read IP mode file for STMicroelectronics.FP-SNS-MOTENVWB1.1.4.0
2026-03-30 18:36:49,980 [WARN] PackLoader:240 - Cannot read IP mode file for STMicroelectronics.FP-ATR-ASTRA1.2.0.2
2026-03-30 18:36:50,003 [WARN] PackLoader:240 - Cannot read IP mode file for STMicroelectronics.X-CUBE-SMBUS.2.1.0
2026-03-30 18:36:50,020 [WARN] PackLoader:240 - Cannot read IP mode file for STMicroelectronics.X-CUBE-ST60.1.0.0
2026-03-30 18:36:50,057 [WARN] PackLoader:240 - Cannot read IP mode file for STMicroelectronics.X-CUBE-AZRTOS-F7.1.1.0
2026-03-30 18:36:50,082 [WARN] PackLoader:240 - Cannot read IP mode file for STMicroelectronics.X-CUBE-BLE1.6.2.4
2026-03-30 18:36:50,103 [WARN] PackLoader:240 - Cannot read IP mode file for STMicroelectronics.FP-SNS-MOTENV1.5.1.0
2026-03-30 18:36:50,125 [WARN] PackLoader:240 - Cannot read IP mode file for WES.I-CUBE-Cesium.1.4.0
2026-03-30 18:36:50,159 [WARN] PackLoader:240 - Cannot read IP mode file for Infineon.AIROC-Wi-Fi-Bluetooth-STM32.1.7.1
2026-03-30 18:36:50,208 [WARN] PackLoader:240 - Cannot read IP mode file for STMicroelectronics.X-CUBE-AZRTOS-H7.3.4.0
2026-03-30 18:36:50,237 [WARN] PackLoader:240 - Cannot read IP mode file for STMicroelectronics.X-CUBE-DISPLAY.3.0.0
2026-03-30 18:36:50,258 [WARN] PackLoader:240 - Cannot read IP mode file for STMicroelectronics.FP-SNS-MOTENVWB1.1.5.0
2026-03-30 18:36:50,277 [WARN] PackLoader:240 - Cannot read IP mode file for STMicroelectronics.X-CUBE-NFC10.1.0.0
2026-03-30 18:36:50,293 [WARN] PackLoader:240 - Cannot read IP mode file for STMicroelectronics.X-CUBE-ST60.1.1.0
2026-03-30 18:36:50,316 [WARN] PackLoader:240 - Cannot read IP mode file for emotas.I-CUBE-CANOPEN.1.3.0
2026-03-30 18:36:50,337 [WARN] PackLoader:240 - Cannot read IP mode file for STMicroelectronics.X-CUBE-GNSS1.7.1.0
2026-03-30 18:36:50,360 [WARN] PackLoader:240 - Cannot read IP mode file for STMicroelectronics.FP-SNS-STBOX1.2.1.0
2026-03-30 18:36:50,377 [WARN] PackLoader:240 - Cannot read IP mode file for STMicroelectronics.FP-SNS-SMARTAG2.1.2.0
2026-03-30 18:36:50,394 [WARN] PackLoader:240 - Cannot read IP mode file for STMicroelectronics.FP-SNS-FLIGHT1.5.1.0
2026-03-30 18:36:50,419 [INFO] LogOutputStream:77 - [STDOUT_REDIRECT] 1 : Invalid condition id : UX_CORESTACK_Condition cause : null
2026-03-30 18:36:50,420 [INFO] LogOutputStream:77 - [STDOUT_REDIRECT] 1 : Invalid condition id : UX_CORESTACK_Condition cause : null
2026-03-30 18:36:50,421 [INFO] LogOutputStream:77 - [STDOUT_REDIRECT] 1 : Invalid condition id : UX_CORESTACK_Condition cause : null
2026-03-30 18:36:50,423 [INFO] LogOutputStream:77 - [STDOUT_REDIRECT] 1 : Invalid condition id : UX_CORESTACK_Condition cause : null
2026-03-30 18:36:50,424 [INFO] LogOutputStream:77 - [STDOUT_REDIRECT] 1 : Invalid condition id : UX_CORESTACK_Condition cause : null
2026-03-30 18:36:50,428 [WARN] PackLoader:240 - Cannot read IP mode file for STMicroelectronics.X-CUBE-AZRTOS-WL.2.0.0
2026-03-30 18:36:50,478 [WARN] PackLoader:240 - Cannot read IP mode file for STMicroelectronics.FP-SNS-MOTENV1.5.0.0
2026-03-30 18:36:50,539 [WARN] PackLoader:240 - Cannot read IP mode file for STMicroelectronics.X-CUBE-AZRTOS-H7RS.1.2.0
2026-03-30 18:36:50,578 [WARN] PackLoader:240 - Cannot read IP mode file for STMicroelectronics.X-CUBE-BLE2.3.3.0
2026-03-30 18:36:50,677 [WARN] PackLoader:240 - Cannot read IP mode file for STMicroelectronics.X-CUBE-TOF1.3.2.0
2026-03-30 18:36:50,706 [WARN] PackLoader:240 - Cannot read IP mode file for STMicroelectronics.X-CUBE-NFC9.1.0.0
2026-03-30 18:36:50,728 [WARN] PackLoader:240 - Cannot read IP mode file for wolfSSL.I-CUBE-wolfSSL.5.8.2
2026-03-30 18:36:50,755 [WARN] PackLoader:240 - Cannot read IP mode file for STMicroelectronics.X-CUBE-BLE1.7.1.0
2026-03-30 18:36:50,778 [WARN] PackLoader:240 - Cannot read IP mode file for wolfSSL.I-CUBE-wolfMQTT.1.19.2
2026-03-30 18:36:50,798 [WARN] PackLoader:240 - Cannot read IP mode file for STMicroelectronics.X-CUBE-FREERTOS.1.4.0
2026-03-30 18:36:50,817 [WARN] PackLoader:240 - Cannot read IP mode file for STMicroelectronics.X-CUBE-EEPRMA1.5.2.0
2026-03-30 18:36:50,835 [WARN] PackLoader:240 - Cannot read IP mode file for STMicroelectronics.X-CUBE-TOUCHGFX.4.21.1
2026-03-30 18:36:50,851 [WARN] PackLoader:240 - Cannot read IP mode file for STMicroelectronics.X-CUBE-ST67W61.1.1.0
2026-03-30 18:36:50,901 [WARN] PackLoader:240 - Cannot read IP mode file for STMicroelectronics.X-CUBE-MEMS1.12.0.0
2026-03-30 18:36:50,981 [WARN] PackLoader:240 - Cannot read IP mode file for STMicroelectronics.X-CUBE-ALGOBUILD.1.3.0
2026-03-30 18:36:51,016 [WARN] PackLoader:240 - Cannot read IP mode file for STMicroelectronics.X-CUBE-AZRTOS-G0.1.1.0
2026-03-30 18:36:51,036 [WARN] PackLoader:240 - Cannot read IP mode file for STMicroelectronics.X-CUBE-SAFEA1.1.2.2
2026-03-30 18:36:51,056 [WARN] PackLoader:240 - Cannot read IP mode file for STMicroelectronics.X-CUBE-NFC4.3.0.0
2026-03-30 18:36:51,077 [WARN] PackLoader:240 - Cannot read IP mode file for EmbeddedOffice.I-CUBE-FS-RTOS.1.0.1
2026-03-30 18:36:51,095 [WARN] PackLoader:240 - Cannot read IP mode file for STMicroelectronics.X-CUBE-WB05N.2.0.0
2026-03-30 18:36:51,114 [WARN] PackLoader:240 - Cannot read IP mode file for wolfSSL.I-CUBE-wolfTPM.3.8.0
2026-03-30 18:36:51,134 [WARN] PackLoader:240 - Cannot read IP mode file for STMicroelectronics.X-CUBE-BLEMGR.1.3.0
2026-03-30 18:36:51,154 [WARN] PackLoader:240 - Cannot read IP mode file for STMicroelectronics.X-CUBE-TCPP.4.2.0
2026-03-30 18:36:51,174 [WARN] PackLoader:240 - Cannot read IP mode file for RealThread.X-CUBE-RT-Thread_Nano.4.1.1
2026-03-30 18:36:51,190 [WARN] PackLoader:240 - Cannot read IP mode file for STMicroelectronics.FP-ATR-SIGFOX1.3.2.0
2026-03-30 18:36:51,207 [WARN] PackLoader:240 - Cannot read IP mode file for STMicroelectronics.X-CUBE-FREERTOS.1.5.0
2026-03-30 18:36:51,224 [WARN] PackLoader:240 - Cannot read IP mode file for ITTIA_DB.I-CUBE-ITTIADB.8.9.0
2026-03-30 18:36:51,243 [WARN] PackLoader:240 - Cannot read IP mode file for STMicroelectronics.X-CUBE-NFC6.3.2.0
2026-03-30 18:36:51,285 [WARN] PackLoader:240 - Cannot read IP mode file for STMicroelectronics.X-CUBE-MEMS1.9.5.0
2026-03-30 18:36:51,383 [WARN] PackLoader:240 - Cannot read IP mode file for STMicroelectronics.X-CUBE-ST67W61.1.0.0
2026-03-30 18:36:51,423 [WARN] PackLoader:240 - Cannot read IP mode file for STMicroelectronics.X-CUBE-AI.10.2.0
2026-03-30 18:36:51,461 [WARN] PackLoader:240 - Cannot read IP mode file for SEGGER.I-CUBE-embOS.1.3.1
2026-03-30 18:36:51,506 [WARN] PackLoader:240 - Cannot read IP mode file for STMicroelectronics.X-CUBE-ALGOBUILD.1.4.0
2026-03-30 18:36:51,571 [WARN] PackLoader:240 - Cannot read IP mode file for STMicroelectronics.X-CUBE-MEMS1.11.3.0
2026-03-30 18:36:51,684 [WARN] PackLoader:240 - Cannot read IP mode file for STMicroelectronics.X-CUBE-PM33A1.1.0.0
2026-03-30 18:36:51,705 [WARN] PackLoader:240 - Cannot read IP mode file for STMicroelectronics.X-CUBE-GNSS1.6.0.0
2026-03-30 18:36:51,741 [WARN] PackLoader:240 - Cannot read IP mode file for STMicroelectronics.X-CUBE-AZRTOS-F4.1.1.0
2026-03-30 18:36:51,766 [WARN] PackLoader:240 - Cannot read IP mode file for Avnet-IotConnect.X-CUBE-IoTC-DA16k-PMOD.1.0.0
2026-03-30 18:36:51,787 [WARN] PackLoader:240 - Cannot read IP mode file for STMicroelectronics.X-CUBE-ISPU.2.1.0
2026-03-30 18:36:51,813 [WARN] PackLoader:240 - Cannot read IP mode file for STMicroelectronics.X-CUBE-IPS.3.2.0
2026-03-30 18:36:51,839 [WARN] PackLoader:240 - Cannot read IP mode file for STMicroelectronics.X-CUBE-NFC12.1.0.0
2026-03-30 18:36:51,878 [WARN] PackLoader:240 - Cannot read IP mode file for STMicroelectronics.X-CUBE-AZRTOS-L5.2.0.0
2026-03-30 18:36:51,905 [WARN] PackLoader:240 - Cannot read IP mode file for STMicroelectronics.X-CUBE-NFC6.3.1.0
2026-03-30 18:36:51,929 [WARN] PackLoader:240 - Cannot read IP mode file for emotas.I-CUBE-CANOPEN.1.1.3
2026-03-30 18:36:51,947 [WARN] PackLoader:240 - Cannot read IP mode file for wolfSSL.I-CUBE-wolfSSL.5.5.4
2026-03-30 18:36:51,970 [WARN] PackLoader:240 - Cannot read IP mode file for STMicroelectronics.X-CUBE-FREERTOS.1.3.1
2026-03-30 18:36:51,993 [WARN] PackLoader:240 - Cannot read IP mode file for STMicroelectronics.X-CUBE-NFC7.1.0.0
2026-03-30 18:36:52,013 [WARN] PackLoader:240 - Cannot read IP mode file for STMicroelectronics.X-CUBE-TOUCHGFX.4.26.0
2026-03-30 18:36:52,032 [WARN] PackLoader:240 - Cannot read IP mode file for STMicroelectronics.X-CUBE-TOUCHGFX.4.26.1
2026-03-30 18:36:52,049 [WARN] PackLoader:240 - Cannot read IP mode file for STMicroelectronics.X-CUBE-EEPRMA1.4.1.0
2026-03-30 18:36:52,069 [WARN] PackLoader:240 - Cannot read IP mode file for STMicroelectronics.FP-SNS-STAIOTCFT.1.0.0
2026-03-30 18:36:52,089 [WARN] PackLoader:240 - Cannot read IP mode file for STMicroelectronics.X-CUBE-DPower.1.3.0
2026-03-30 18:36:52,120 [WARN] ConditionMgr:438 - getConditionDescription Invalid condition id : LAN8742 Phy interface Condition cause : null
2026-03-30 18:36:52,121 [WARN] PackLoader:240 - Cannot read IP mode file for STMicroelectronics.X-CUBE-AZRTOS-L4.2.0.0
2026-03-30 18:36:52,121 [WARN] ConditionMgr:1044 - genDependencies : Invalid condition id : LAN8742 Phy interface Condition cause : null
2026-03-30 18:36:52,122 [WARN] ConditionMgr:1044 - genDependencies : Invalid condition id : LAN8742 Phy interface Condition cause : null
2026-03-30 18:36:52,122 [WARN] ConditionMgr:1044 - genDependencies : Invalid condition id : LAN8742 Phy interface Condition cause : null
2026-03-30 18:36:52,141 [WARN] PackLoader:240 - Cannot read IP mode file for STMicroelectronics.X-CUBE-SFXS2LP1.4.0.0
2026-03-30 18:36:52,169 [WARN] PackLoader:240 - Cannot read IP mode file for STMicroelectronics.X-CUBE-AZRTOS-H7.3.0.0
2026-03-30 18:36:52,189 [WARN] PackLoader:240 - Cannot read IP mode file for STMicroelectronics.X-CUBE-ST67W61.1.2.0
2026-03-30 18:36:52,204 [WARN] PackLoader:240 - Cannot read IP mode file for STMicroelectronics.X-CUBE-ISPU.1.1.0
2026-03-30 18:36:52,223 [WARN] PackLoader:240 - Cannot read IP mode file for RoweBots.I-CUBE-UNISONRTOS.5.5.0-4
2026-03-30 18:36:52,243 [WARN] PackLoader:240 - Cannot read IP mode file for STMicroelectronics.X-CUBE-BLEMGR.4.1.0
2026-03-30 18:36:52,261 [WARN] PackLoader:240 - Cannot read IP mode file for STMicroelectronics.X-CUBE-AI.8.0.0
2026-03-30 18:36:52,287 [WARN] ConditionMgr:438 - getConditionDescription Invalid condition id : UX DEVICE CLASS RTOS Condition cause : null
2026-03-30 18:36:52,287 [WARN] ConditionMgr:438 - getConditionDescription Invalid condition id : UX DEVICE CLASS RTOS Condition cause : null
2026-03-30 18:36:52,289 [WARN] PackLoader:240 - Cannot read IP mode file for STMicroelectronics.X-CUBE-AZRTOS-WB.2.0.0
2026-03-30 18:36:52,290 [WARN] ConditionMgr:1044 - genDependencies : Invalid condition id : UX DEVICE CLASS RTOS Condition cause : null
2026-03-30 18:36:52,290 [WARN] ConditionMgr:1044 - genDependencies : Invalid condition id : UX DEVICE CLASS RTOS Condition cause : null
2026-03-30 18:36:52,290 [WARN] ConditionMgr:1044 - genDependencies : Invalid condition id : UX DEVICE CLASS RTOS Condition cause : null
2026-03-30 18:36:52,290 [WARN] ConditionMgr:1044 - genDependencies : Invalid condition id : UX DEVICE CLASS RTOS Condition cause : null
2026-03-30 18:36:52,290 [WARN] ConditionMgr:1044 - genDependencies : Invalid condition id : UX DEVICE CLASS RTOS Condition cause : null
2026-03-30 18:36:52,307 [WARN] PackLoader:240 - Cannot read IP mode file for STMicroelectronics.X-CUBE-GNSS1.7.0.1
2026-03-30 18:36:52,325 [WARN] PackLoader:240 - Cannot read IP mode file for STMicroelectronics.X-CUBE-TOUCHGFX.4.25.0
2026-03-30 18:36:52,342 [WARN] ConditionMgr:438 - getConditionDescription Invalid condition id : Cortex-A Device cause : null
2026-03-30 18:36:52,367 [WARN] ConditionMgr:1044 - genDependencies : Invalid condition id : Cortex-A Device cause : null
2026-03-30 18:36:52,367 [WARN] ConditionMgr:1044 - genDependencies : Invalid condition id : Cortex-A Device cause : null
2026-03-30 18:36:52,367 [WARN] ConditionMgr:1044 - genDependencies : Invalid condition id : Cortex-A Device cause : null
2026-03-30 18:36:52,387 [WARN] PackLoader:240 - Cannot read IP mode file for STMicroelectronics.X-CUBE-STSE01.2.0.0
2026-03-30 18:36:52,416 [WARN] PackLoader:240 - Cannot read IP mode file for STMicroelectronics.X-CUBE-AZRTOS-L5.1.1.0
2026-03-30 18:36:52,441 [WARN] PackLoader:240 - Cannot read IP mode file for STMicroelectronics.X-CUBE-SUBG2.5.0.0
2026-03-30 18:36:52,479 [WARN] PackLoader:240 - Cannot read IP mode file for STMicroelectronics.X-CUBE-AZRTOS-H7RS.1.1.0
2026-03-30 18:36:52,502 [WARN] PackLoader:240 - Cannot read IP mode file for Cesanta.I-CUBE-Mongoose.7.13.0
2026-03-30 18:36:52,532 [WARN] PackLoader:240 - Cannot read IP mode file for STMicroelectronics.X-CUBE-AZRTOS-G4.2.0.0
2026-03-30 18:36:52,854 [WARN] PackLoader:240 - Cannot read IP mode file for STMicroelectronics.FP-ATR-ASTRA1.1.1.1
2026-03-30 18:36:52,873 [WARN] PackLoader:240 - Cannot read IP mode file for wolfSSL.I-CUBE-wolfSSH.1.4.20
2026-03-30 18:36:52,896 [WARN] PackLoader:240 - Cannot read IP mode file for STMicroelectronics.X-CUBE-NFC7.2.0.0
2026-03-30 18:36:52,944 [WARN] PackLoader:240 - Cannot read IP mode file for STMicroelectronics.X-CUBE-AZRTOS-G4.1.0.0
2026-03-30 18:36:52,994 [WARN] PackLoader:240 - Cannot read IP mode file for STMicroelectronics.X-CUBE-AZRTOS-L4.1.0.0
2026-03-30 18:36:53,023 [WARN] PackLoader:240 - Cannot read IP mode file for STMicroelectronics.X-CUBE-IPS.3.1.0
2026-03-30 18:36:53,047 [WARN] PackLoader:240 - Cannot read IP mode file for STMicroelectronics.X-CUBE-ALS.1.0.2
2026-03-30 18:36:53,076 [WARN] PackLoader:240 - Cannot read IP mode file for STMicroelectronics.X-CUBE-AZRTOS-WL.1.0.0
2026-03-30 18:36:53,097 [WARN] PackLoader:240 - Cannot read IP mode file for STMicroelectronics.X-CUBE-STSE01.1.0.0
2026-03-30 18:36:53,126 [WARN] PackLoader:240 - Cannot read IP mode file for portGmbH.I-Cube-SoM-uGOAL.1.1.0
2026-03-30 18:36:53,149 [WARN] PackLoader:240 - Cannot read IP mode file for STMicroelectronics.X-CUBE-ALS.1.0.1
2026-03-30 18:36:53,172 [WARN] PackLoader:240 - Cannot read IP mode file for STMicroelectronics.X-CUBE-AZRTOS-WB.1.1.0
2026-03-30 18:36:53,199 [WARN] PackLoader:240 - Cannot read IP mode file for STMicroelectronics.X-CUBE-TOF1.3.4.3
2026-03-30 18:36:53,206 [INFO] ThirdParty:978 - Integrity check success = true
2026-03-30 18:36:53,206 [INFO] IntegrityCheckThread:100 - exiting critical section [integrity check]
2026-03-30 18:36:53,206 [INFO] IntegrityCheckThread:103 - End integrity checks thread
2026-03-30 18:36:53,207 [INFO] ThirdParty:873 - entering critical section [close project]
2026-03-30 18:36:53,207 [INFO] ThirdParty:883 - exiting critical section [close project]
2026-03-30 18:36:53,212 [INFO] PinOutPanel:1589 - setPackage(No Configuration,No Configuration)
2026-03-30 18:36:53,217 [INFO] UtilMem:75 - Begin LoadConfig() Used Memory: 205436136 Bytes (273678336)
2026-03-30 18:36:53,219 [INFO] MicroXplorer:468 - Change Database Path : 
2026-03-30 18:36:53,219 [INFO] MicroXplorer:498 - Change Database Version : DB.6.0.150
2026-03-30 18:36:53,219 [INFO] OpenFileManager:355 - Change cursor
2026-03-30 18:36:53,240 [INFO] ThirdPartyDownloadManager:103 - Found SW packSTMicroelectronics.X-CUBE-AZRTOS-G4.2.0.0up-to-date on disk
2026-03-30 18:36:53,306 [INFO] Mcu:2029 - Initializing MCU STM32G473R(B-C-E)Tx STM32G473RETx STM32G473RET6
2026-03-30 18:36:58,831 [INFO] Context:786 - Trying to add GPIOservice into a context  which must be forbidden
2026-03-30 18:36:59,897 [INFO] ApiDbMcu:532 - Load IP Config File for STMicroelectronics.X-CUBE-AZRTOS-G4.2.0.0
2026-03-30 18:37:00,059 [INFO] ImportTextPane:234 - (OptionalMessage_ERROR) Pin60 (VP_RIF_VS_RIF1) cannot be retrieved for this MCU
2026-03-30 18:37:00,191 [INFO] RtosManager:558 - Registered RTOS mode: class=CMSIS, group=RTOS, mode=CMSIS_V1, owner=FREERTOS
2026-03-30 18:37:00,192 [INFO] RtosManager:558 - Registered RTOS mode: class=CMSIS, group=RTOS2, mode=CMSIS_V2, owner=FREERTOS
2026-03-30 18:37:00,192 [INFO] RtosManager:558 - Registered RTOS mode: class=RTOS, group=Core, mode=CMSIS_V1, owner=FREERTOS
2026-03-30 18:37:00,192 [INFO] RtosManager:558 - Registered RTOS mode: class=RTOS, group=Core, mode=CMSIS_V2, owner=FREERTOS
2026-03-30 18:37:00,192 [WARN] ModelIntegratedComponent:184 - Missing modes for component STMicroelectronics:FreeRTOS:0.0.1:STMicroelectronics:RTOS:FreeRTOS:Core:::10.2.0:
2026-03-30 18:37:00,204 [WARN] ModelIntegratedComponent:63 - No mode defined for component null
2026-03-30 18:37:00,204 [WARN] ModelIntegratedComponent:63 - No mode defined for component null
2026-03-30 18:37:00,204 [WARN] ModelIntegratedComponent:63 - No mode defined for component null
2026-03-30 18:37:00,204 [WARN] ModelIntegratedComponent:63 - No mode defined for component null
2026-03-30 18:37:00,204 [WARN] ModelIntegratedComponent:63 - No mode defined for component null
2026-03-30 18:37:00,204 [WARN] ModelIntegratedComponent:63 - No mode defined for component null
2026-03-30 18:37:00,204 [WARN] ModelIntegratedComponent:63 - No mode defined for component null
2026-03-30 18:37:00,204 [WARN] ModelIntegratedComponent:63 - No mode defined for component null
2026-03-30 18:37:00,204 [WARN] ModelIntegratedComponent:63 - No mode defined for component null
2026-03-30 18:37:00,204 [WARN] ModelIntegratedComponent:63 - No mode defined for component null
2026-03-30 18:37:00,204 [WARN] ModelIntegratedComponent:63 - No mode defined for component null
2026-03-30 18:37:00,204 [WARN] ModelIntegratedComponent:63 - No mode defined for component null
2026-03-30 18:37:00,204 [WARN] ModelIntegratedComponent:63 - No mode defined for component null
2026-03-30 18:37:00,204 [WARN] ModelIntegratedComponent:63 - No mode defined for component null
2026-03-30 18:37:00,204 [WARN] ModelIntegratedComponent:63 - No mode defined for component null
2026-03-30 18:37:00,204 [WARN] ModelIntegratedComponent:63 - No mode defined for component null
2026-03-30 18:37:00,204 [WARN] ModelIntegratedComponent:63 - No mode defined for component null
2026-03-30 18:37:00,204 [WARN] ModelIntegratedComponent:63 - No mode defined for component null
2026-03-30 18:37:00,205 [WARN] ModelIntegratedComponent:63 - No mode defined for component null
2026-03-30 18:37:00,205 [WARN] ModelIntegratedComponent:63 - No mode defined for component null
2026-03-30 18:37:00,205 [WARN] ModelIntegratedComponent:63 - No mode defined for component null
2026-03-30 18:37:00,205 [WARN] ModelIntegratedComponent:63 - No mode defined for component null
2026-03-30 18:37:00,205 [WARN] ModelIntegratedComponent:63 - No mode defined for component null
2026-03-30 18:37:00,205 [WARN] ModelIntegratedComponent:63 - No mode defined for component null
2026-03-30 18:37:00,205 [WARN] ModelIntegratedComponent:63 - No mode defined for component null
2026-03-30 18:37:00,205 [WARN] ModelIntegratedComponent:63 - No mode defined for component null
2026-03-30 18:37:00,205 [WARN] ModelIntegratedComponent:63 - No mode defined for component null
2026-03-30 18:37:00,205 [WARN] ModelIntegratedComponent:63 - No mode defined for component null
2026-03-30 18:37:00,205 [WARN] ModelIntegratedComponent:63 - No mode defined for component null
2026-03-30 18:37:00,205 [WARN] ModelIntegratedComponent:63 - No mode defined for component null
2026-03-30 18:37:00,205 [WARN] ModelIntegratedComponent:63 - No mode defined for component null
2026-03-30 18:37:00,205 [WARN] ModelIntegratedComponent:63 - No mode defined for component null
2026-03-30 18:37:00,205 [WARN] ModelIntegratedComponent:63 - No mode defined for component null
2026-03-30 18:37:00,206 [WARN] ModelIntegratedComponent:63 - No mode defined for component null
2026-03-30 18:37:00,206 [WARN] ModelIntegratedComponent:63 - No mode defined for component null
2026-03-30 18:37:00,206 [WARN] ModelPack:524 - Component already loaded: STMicroelectronics:HAL Drivers:0.0.0:STMicroelectronics:Device:STMicro_Driver:XSPI:HAL::0.0.1:HAL_XSPI
2026-03-30 18:37:00,530 [WARN] IP:2250 - TX_NO_TIMER not found: check if there is a RefParameter without a condition.
2026-03-30 18:37:00,531 [WARN] IP:2250 - ALIGN_TYPE_VAL not found: check if there is a RefParameter without a condition.
2026-03-30 18:37:00,531 [WARN] IP:2250 - TX_BASEPRI_VALUE not found: check if there is a RefParameter without a condition.
2026-03-30 18:37:00,531 [WARN] IP:2250 - TX_APP_THREAD_ENTRY not found: check if there is a RefParameter without a condition.
2026-03-30 18:37:00,531 [WARN] IP:2250 - TX_APP_THREAD_NAME not found: check if there is a RefParameter without a condition.
2026-03-30 18:37:00,531 [WARN] IP:2250 - TX_APP_THREAD_PRIO not found: check if there is a RefParameter without a condition.
2026-03-30 18:37:00,531 [WARN] IP:2250 - TX_APP_STACK_SIZE not found: check if there is a RefParameter without a condition.
2026-03-30 18:37:00,532 [WARN] IP:2250 - TX_SEMAPHORE_NAME not found: check if there is a RefParameter without a condition.
2026-03-30 18:37:00,532 [WARN] IP:2250 - TX_SEMAPHORE_COUNT not found: check if there is a RefParameter without a condition.
2026-03-30 18:37:00,532 [WARN] IP:2250 - TX_MUTEX_NAME not found: check if there is a RefParameter without a condition.
2026-03-30 18:37:00,532 [WARN] IP:2250 - TX_Mutex_INHERITANCE not found: check if there is a RefParameter without a condition.
2026-03-30 18:37:00,532 [WARN] IP:2250 - TX_MSG_QUEUE_NAME not found: check if there is a RefParameter without a condition.
2026-03-30 18:37:00,532 [WARN] IP:2250 - TX_MSG_SIZE_WORDS not found: check if there is a RefParameter without a condition.
2026-03-30 18:37:00,532 [WARN] IP:2250 - TX_NB_MSG not found: check if there is a RefParameter without a condition.
2026-03-30 18:37:00,534 [INFO] RtosManager:558 - Registered RTOS mode: class=RTOS, group=ThreadX, mode=RTOSJjThreadX, owner=STMicroelectronics.X-CUBE-AZRTOS-G4.2.0.0
2026-03-30 18:37:00,536 [WARN] IP:2250 - TX_APP_THREAD_ENTRY not found: check if there is a RefParameter without a condition.
2026-03-30 18:37:00,536 [WARN] IP:2250 - TX_APP_THREAD_NAME not found: check if there is a RefParameter without a condition.
2026-03-30 18:37:00,536 [WARN] IP:2250 - TX_APP_THREAD_PRIO not found: check if there is a RefParameter without a condition.
2026-03-30 18:37:00,536 [WARN] IP:2250 - TX_APP_STACK_SIZE not found: check if there is a RefParameter without a condition.
2026-03-30 18:37:00,536 [WARN] IP:2250 - TX_SEMAPHORE_NAME not found: check if there is a RefParameter without a condition.
2026-03-30 18:37:00,536 [WARN] IP:2250 - TX_SEMAPHORE_COUNT not found: check if there is a RefParameter without a condition.
2026-03-30 18:37:00,536 [WARN] IP:2250 - TX_MUTEX_NAME not found: check if there is a RefParameter without a condition.
2026-03-30 18:37:00,536 [WARN] IP:2250 - TX_Mutex_INHERITANCE not found: check if there is a RefParameter without a condition.
2026-03-30 18:37:00,536 [WARN] IP:2250 - TX_MSG_QUEUE_NAME not found: check if there is a RefParameter without a condition.
2026-03-30 18:37:00,536 [WARN] IP:2250 - TX_MSG_SIZE_WORDS not found: check if there is a RefParameter without a condition.
2026-03-30 18:37:00,537 [WARN] IP:2250 - TX_NB_MSG not found: check if there is a RefParameter without a condition.
2026-03-30 18:37:02,098 [INFO] ThirdPartyModel:298 - Start build external matchings
2026-03-30 18:37:03,298 [INFO] ThirdPartyModel:316 - End build external matchings
2026-03-30 18:37:03,337 [INFO] RtosManager:1018 - Current active RTOS is STMicroelectronics.X-CUBE-AZRTOS-G4.2.0.0 [Cortex-M4NS]
2026-03-30 18:37:03,366 [INFO] ImportTextPane:234 - (OptionalMessage_ERROR) IP (ADC1) : Parameter (CommonPathInternal) has invalid value (ADC_CHANNEL_VREFINT|ADC_CHANNEL_TEMPSENSOR_ADC1|null|null)
2026-03-30 18:37:03,366 [INFO] ImportTextPane:234 - (OptionalMessage_ERROR) IP (DMA) : Parameter (Instance) has Id (SPI1_RX) currently not set
2026-03-30 18:37:03,366 [INFO] ImportTextPane:234 - (OptionalMessage_ERROR) IP (DMA) : Parameter (Request) has Id (SPI1_RX) currently not set
2026-03-30 18:37:03,366 [INFO] ImportTextPane:234 - (OptionalMessage_ERROR) IP (DMA) : Parameter (Direction) has Id (SPI1_RX) currently not set
2026-03-30 18:37:03,366 [INFO] ImportTextPane:234 - (OptionalMessage_ERROR) IP (DMA) : Parameter (PeriphInc) has Id (SPI1_RX) currently not set
2026-03-30 18:37:03,366 [INFO] ImportTextPane:234 - (OptionalMessage_ERROR) IP (DMA) : Parameter (MemInc) has Id (SPI1_RX) currently not set
2026-03-30 18:37:03,367 [INFO] ImportTextPane:234 - (OptionalMessage_ERROR) IP (DMA) : Parameter (PeriphDataAlignment) has Id (SPI1_RX) currently not set
2026-03-30 18:37:03,367 [INFO] ImportTextPane:234 - (OptionalMessage_ERROR) IP (DMA) : Parameter (MemDataAlignment) has Id (SPI1_RX) currently not set
2026-03-30 18:37:03,367 [INFO] ImportTextPane:234 - (OptionalMessage_ERROR) IP (DMA) : Parameter (Mode) has Id (SPI1_RX) currently not set
2026-03-30 18:37:03,367 [INFO] ImportTextPane:234 - (OptionalMessage_ERROR) IP (DMA) : Parameter (Priority) has Id (SPI1_RX) currently not set
2026-03-30 18:37:03,367 [INFO] ImportTextPane:234 - (OptionalMessage_ERROR) IP (DMA) : Parameter (SignalID) has Id (SPI1_RX) currently not set
2026-03-30 18:37:03,367 [INFO] ImportTextPane:234 - (OptionalMessage_ERROR) IP (DMA) : Parameter (Polarity) has Id (SPI1_RX) currently not set
2026-03-30 18:37:03,367 [INFO] ImportTextPane:234 - (OptionalMessage_ERROR) IP (DMA) : Parameter (RequestNumber) has Id (SPI1_RX) currently not set
2026-03-30 18:37:03,368 [INFO] ImportTextPane:234 - (OptionalMessage_ERROR) IP (DMA) : Parameter (SyncSignalID) has Id (SPI1_RX) currently not set
2026-03-30 18:37:03,368 [INFO] ImportTextPane:234 - (OptionalMessage_ERROR) IP (DMA) : Parameter (SyncPolarity) has Id (SPI1_RX) currently not set
2026-03-30 18:37:03,368 [INFO] ImportTextPane:234 - (OptionalMessage_ERROR) IP (DMA) : Parameter (SyncEnable) has Id (SPI1_RX) currently not set
2026-03-30 18:37:03,368 [INFO] ImportTextPane:234 - (OptionalMessage_ERROR) IP (DMA) : Parameter (EventEnable) has Id (SPI1_RX) currently not set
2026-03-30 18:37:03,368 [INFO] ImportTextPane:234 - (OptionalMessage_ERROR) IP (DMA) : Parameter (SyncRequestNumber) has Id (SPI1_RX) currently not set
2026-03-30 18:37:03,368 [INFO] ImportTextPane:234 - (OptionalMessage_ERROR) IP (DMA) : Parameter (Instance) has Id (SPI1_TX) currently not set
2026-03-30 18:37:03,368 [INFO] ImportTextPane:234 - (OptionalMessage_ERROR) IP (DMA) : Parameter (Request) has Id (SPI1_TX) currently not set
2026-03-30 18:37:03,368 [INFO] ImportTextPane:234 - (OptionalMessage_ERROR) IP (DMA) : Parameter (Direction) has Id (SPI1_TX) currently not set
2026-03-30 18:37:03,368 [INFO] ImportTextPane:234 - (OptionalMessage_ERROR) IP (DMA) : Parameter (PeriphInc) has Id (SPI1_TX) currently not set
2026-03-30 18:37:03,368 [INFO] ImportTextPane:234 - (OptionalMessage_ERROR) IP (DMA) : Parameter (MemInc) has Id (SPI1_TX) currently not set
2026-03-30 18:37:03,368 [INFO] ImportTextPane:234 - (OptionalMessage_ERROR) IP (DMA) : Parameter (PeriphDataAlignment) has Id (SPI1_TX) currently not set
2026-03-30 18:37:03,368 [INFO] ImportTextPane:234 - (OptionalMessage_ERROR) IP (DMA) : Parameter (MemDataAlignment) has Id (SPI1_TX) currently not set
2026-03-30 18:37:03,368 [INFO] ImportTextPane:234 - (OptionalMessage_ERROR) IP (DMA) : Parameter (Mode) has Id (SPI1_TX) currently not set
2026-03-30 18:37:03,368 [INFO] ImportTextPane:234 - (OptionalMessage_ERROR) IP (DMA) : Parameter (Priority) has Id (SPI1_TX) currently not set
2026-03-30 18:37:03,368 [INFO] ImportTextPane:234 - (OptionalMessage_ERROR) IP (DMA) : Parameter (SignalID) has Id (SPI1_TX) currently not set
2026-03-30 18:37:03,368 [INFO] ImportTextPane:234 - (OptionalMessage_ERROR) IP (DMA) : Parameter (Polarity) has Id (SPI1_TX) currently not set
2026-03-30 18:37:03,368 [INFO] ImportTextPane:234 - (OptionalMessage_ERROR) IP (DMA) : Parameter (RequestNumber) has Id (SPI1_TX) currently not set
2026-03-30 18:37:03,368 [INFO] ImportTextPane:234 - (OptionalMessage_ERROR) IP (DMA) : Parameter (SyncSignalID) has Id (SPI1_TX) currently not set
2026-03-30 18:37:03,368 [INFO] ImportTextPane:234 - (OptionalMessage_ERROR) IP (DMA) : Parameter (SyncPolarity) has Id (SPI1_TX) currently not set
2026-03-30 18:37:03,368 [INFO] ImportTextPane:234 - (OptionalMessage_ERROR) IP (DMA) : Parameter (SyncEnable) has Id (SPI1_TX) currently not set
2026-03-30 18:37:03,368 [INFO] ImportTextPane:234 - (OptionalMessage_ERROR) IP (DMA) : Parameter (EventEnable) has Id (SPI1_TX) currently not set
2026-03-30 18:37:03,370 [INFO] ImportTextPane:234 - (OptionalMessage_ERROR) IP (DMA) : Parameter (SyncRequestNumber) has Id (SPI1_TX) currently not set
2026-03-30 18:37:03,370 [INFO] ImportTextPane:234 - (OptionalMessage_ERROR) IP (DMA) : Parameter (Instance) has Id (SPI2_RX) currently not set
2026-03-30 18:37:03,370 [INFO] ImportTextPane:234 - (OptionalMessage_ERROR) IP (DMA) : Parameter (Request) has Id (SPI2_RX) currently not set
2026-03-30 18:37:03,370 [INFO] ImportTextPane:234 - (OptionalMessage_ERROR) IP (DMA) : Parameter (Direction) has Id (SPI2_RX) currently not set
2026-03-30 18:37:03,370 [INFO] ImportTextPane:234 - (OptionalMessage_ERROR) IP (DMA) : Parameter (PeriphInc) has Id (SPI2_RX) currently not set
2026-03-30 18:37:03,370 [INFO] ImportTextPane:234 - (OptionalMessage_ERROR) IP (DMA) : Parameter (MemInc) has Id (SPI2_RX) currently not set
2026-03-30 18:37:03,370 [INFO] ImportTextPane:234 - (OptionalMessage_ERROR) IP (DMA) : Parameter (PeriphDataAlignment) has Id (SPI2_RX) currently not set
2026-03-30 18:37:03,370 [INFO] ImportTextPane:234 - (OptionalMessage_ERROR) IP (DMA) : Parameter (MemDataAlignment) has Id (SPI2_RX) currently not set
2026-03-30 18:37:03,370 [INFO] ImportTextPane:234 - (OptionalMessage_ERROR) IP (DMA) : Parameter (Mode) has Id (SPI2_RX) currently not set
2026-03-30 18:37:03,370 [INFO] ImportTextPane:234 - (OptionalMessage_ERROR) IP (DMA) : Parameter (Priority) has Id (SPI2_RX) currently not set
2026-03-30 18:37:03,370 [INFO] ImportTextPane:234 - (OptionalMessage_ERROR) IP (DMA) : Parameter (SignalID) has Id (SPI2_RX) currently not set
2026-03-30 18:37:03,370 [INFO] ImportTextPane:234 - (OptionalMessage_ERROR) IP (DMA) : Parameter (Polarity) has Id (SPI2_RX) currently not set
2026-03-30 18:37:03,370 [INFO] ImportTextPane:234 - (OptionalMessage_ERROR) IP (DMA) : Parameter (RequestNumber) has Id (SPI2_RX) currently not set
2026-03-30 18:37:03,370 [INFO] ImportTextPane:234 - (OptionalMessage_ERROR) IP (DMA) : Parameter (SyncSignalID) has Id (SPI2_RX) currently not set
2026-03-30 18:37:03,370 [INFO] ImportTextPane:234 - (OptionalMessage_ERROR) IP (DMA) : Parameter (SyncPolarity) has Id (SPI2_RX) currently not set
2026-03-30 18:37:03,370 [INFO] ImportTextPane:234 - (OptionalMessage_ERROR) IP (DMA) : Parameter (SyncEnable) has Id (SPI2_RX) currently not set
2026-03-30 18:37:03,370 [INFO] ImportTextPane:234 - (OptionalMessage_ERROR) IP (DMA) : Parameter (EventEnable) has Id (SPI2_RX) currently not set
2026-03-30 18:37:03,370 [INFO] ImportTextPane:234 - (OptionalMessage_ERROR) IP (DMA) : Parameter (SyncRequestNumber) has Id (SPI2_RX) currently not set
2026-03-30 18:37:03,370 [INFO] ImportTextPane:234 - (OptionalMessage_ERROR) IP (DMA) : Parameter (Instance) has Id (SPI2_TX) currently not set
2026-03-30 18:37:03,370 [INFO] ImportTextPane:234 - (OptionalMessage_ERROR) IP (DMA) : Parameter (Request) has Id (SPI2_TX) currently not set
2026-03-30 18:37:03,370 [INFO] ImportTextPane:234 - (OptionalMessage_ERROR) IP (DMA) : Parameter (Direction) has Id (SPI2_TX) currently not set
2026-03-30 18:37:03,370 [INFO] ImportTextPane:234 - (OptionalMessage_ERROR) IP (DMA) : Parameter (PeriphInc) has Id (SPI2_TX) currently not set
2026-03-30 18:37:03,370 [INFO] ImportTextPane:234 - (OptionalMessage_ERROR) IP (DMA) : Parameter (MemInc) has Id (SPI2_TX) currently not set
2026-03-30 18:37:03,370 [INFO] ImportTextPane:234 - (OptionalMessage_ERROR) IP (DMA) : Parameter (PeriphDataAlignment) has Id (SPI2_TX) currently not set
2026-03-30 18:37:03,370 [INFO] ImportTextPane:234 - (OptionalMessage_ERROR) IP (DMA) : Parameter (MemDataAlignment) has Id (SPI2_TX) currently not set
2026-03-30 18:37:03,370 [INFO] ImportTextPane:234 - (OptionalMessage_ERROR) IP (DMA) : Parameter (Mode) has Id (SPI2_TX) currently not set
2026-03-30 18:37:03,371 [INFO] ImportTextPane:234 - (OptionalMessage_ERROR) IP (DMA) : Parameter (Priority) has Id (SPI2_TX) currently not set
2026-03-30 18:37:03,371 [INFO] ImportTextPane:234 - (OptionalMessage_ERROR) IP (DMA) : Parameter (SignalID) has Id (SPI2_TX) currently not set
2026-03-30 18:37:03,371 [INFO] ImportTextPane:234 - (OptionalMessage_ERROR) IP (DMA) : Parameter (Polarity) has Id (SPI2_TX) currently not set
2026-03-30 18:37:03,371 [INFO] ImportTextPane:234 - (OptionalMessage_ERROR) IP (DMA) : Parameter (RequestNumber) has Id (SPI2_TX) currently not set
2026-03-30 18:37:03,371 [INFO] ImportTextPane:234 - (OptionalMessage_ERROR) IP (DMA) : Parameter (SyncSignalID) has Id (SPI2_TX) currently not set
2026-03-30 18:37:03,371 [INFO] ImportTextPane:234 - (OptionalMessage_ERROR) IP (DMA) : Parameter (SyncPolarity) has Id (SPI2_TX) currently not set
2026-03-30 18:37:03,371 [INFO] ImportTextPane:234 - (OptionalMessage_ERROR) IP (DMA) : Parameter (SyncEnable) has Id (SPI2_TX) currently not set
2026-03-30 18:37:03,371 [INFO] ImportTextPane:234 - (OptionalMessage_ERROR) IP (DMA) : Parameter (EventEnable) has Id (SPI2_TX) currently not set
2026-03-30 18:37:03,371 [INFO] ImportTextPane:234 - (OptionalMessage_ERROR) IP (DMA) : Parameter (SyncRequestNumber) has Id (SPI2_TX) currently not set
2026-03-30 18:37:03,371 [INFO] ImportTextPane:234 - (OptionalMessage_ERROR) IP (DMA) : Parameter (Instance) has Id (I2C2_TX) currently not set
2026-03-30 18:37:03,371 [INFO] ImportTextPane:234 - (OptionalMessage_ERROR) IP (DMA) : Parameter (Request) has Id (I2C2_TX) currently not set
2026-03-30 18:37:03,371 [INFO] ImportTextPane:234 - (OptionalMessage_ERROR) IP (DMA) : Parameter (Direction) has Id (I2C2_TX) currently not set
2026-03-30 18:37:03,371 [INFO] ImportTextPane:234 - (OptionalMessage_ERROR) IP (DMA) : Parameter (PeriphInc) has Id (I2C2_TX) currently not set
2026-03-30 18:37:03,371 [INFO] ImportTextPane:234 - (OptionalMessage_ERROR) IP (DMA) : Parameter (MemInc) has Id (I2C2_TX) currently not set
2026-03-30 18:37:03,371 [INFO] ImportTextPane:234 - (OptionalMessage_ERROR) IP (DMA) : Parameter (PeriphDataAlignment) has Id (I2C2_TX) currently not set
2026-03-30 18:37:03,371 [INFO] ImportTextPane:234 - (OptionalMessage_ERROR) IP (DMA) : Parameter (MemDataAlignment) has Id (I2C2_TX) currently not set
2026-03-30 18:37:03,371 [INFO] ImportTextPane:234 - (OptionalMessage_ERROR) IP (DMA) : Parameter (Mode) has Id (I2C2_TX) currently not set
2026-03-30 18:37:03,371 [INFO] ImportTextPane:234 - (OptionalMessage_ERROR) IP (DMA) : Parameter (Priority) has Id (I2C2_TX) currently not set
2026-03-30 18:37:03,371 [INFO] ImportTextPane:234 - (OptionalMessage_ERROR) IP (DMA) : Parameter (SignalID) has Id (I2C2_TX) currently not set
2026-03-30 18:37:03,371 [INFO] ImportTextPane:234 - (OptionalMessage_ERROR) IP (DMA) : Parameter (Polarity) has Id (I2C2_TX) currently not set
2026-03-30 18:37:03,372 [INFO] ImportTextPane:234 - (OptionalMessage_ERROR) IP (DMA) : Parameter (RequestNumber) has Id (I2C2_TX) currently not set
2026-03-30 18:37:03,372 [INFO] ImportTextPane:234 - (OptionalMessage_ERROR) IP (DMA) : Parameter (SyncSignalID) has Id (I2C2_TX) currently not set
2026-03-30 18:37:03,372 [INFO] ImportTextPane:234 - (OptionalMessage_ERROR) IP (DMA) : Parameter (SyncPolarity) has Id (I2C2_TX) currently not set
2026-03-30 18:37:03,372 [INFO] ImportTextPane:234 - (OptionalMessage_ERROR) IP (DMA) : Parameter (SyncEnable) has Id (I2C2_TX) currently not set
2026-03-30 18:37:03,372 [INFO] ImportTextPane:234 - (OptionalMessage_ERROR) IP (DMA) : Parameter (EventEnable) has Id (I2C2_TX) currently not set
2026-03-30 18:37:03,372 [INFO] ImportTextPane:234 - (OptionalMessage_ERROR) IP (DMA) : Parameter (SyncRequestNumber) has Id (I2C2_TX) currently not set
2026-03-30 18:37:03,372 [INFO] ImportTextPane:234 - (OptionalMessage_ERROR) IP (DMA) : Parameter (Instance) has Id (I2C2_RX) currently not set
2026-03-30 18:37:03,372 [INFO] ImportTextPane:234 - (OptionalMessage_ERROR) IP (DMA) : Parameter (Request) has Id (I2C2_RX) currently not set
2026-03-30 18:37:03,372 [INFO] ImportTextPane:234 - (OptionalMessage_ERROR) IP (DMA) : Parameter (Direction) has Id (I2C2_RX) currently not set
2026-03-30 18:37:03,372 [INFO] ImportTextPane:234 - (OptionalMessage_ERROR) IP (DMA) : Parameter (PeriphInc) has Id (I2C2_RX) currently not set
2026-03-30 18:37:03,372 [INFO] ImportTextPane:234 - (OptionalMessage_ERROR) IP (DMA) : Parameter (MemInc) has Id (I2C2_RX) currently not set
2026-03-30 18:37:03,372 [INFO] ImportTextPane:234 - (OptionalMessage_ERROR) IP (DMA) : Parameter (PeriphDataAlignment) has Id (I2C2_RX) currently not set
2026-03-30 18:37:03,372 [INFO] ImportTextPane:234 - (OptionalMessage_ERROR) IP (DMA) : Parameter (MemDataAlignment) has Id (I2C2_RX) currently not set
2026-03-30 18:37:03,372 [INFO] ImportTextPane:234 - (OptionalMessage_ERROR) IP (DMA) : Parameter (Mode) has Id (I2C2_RX) currently not set
2026-03-30 18:37:03,372 [INFO] ImportTextPane:234 - (OptionalMessage_ERROR) IP (DMA) : Parameter (Priority) has Id (I2C2_RX) currently not set
2026-03-30 18:37:03,372 [INFO] ImportTextPane:234 - (OptionalMessage_ERROR) IP (DMA) : Parameter (SignalID) has Id (I2C2_RX) currently not set
2026-03-30 18:37:03,373 [INFO] ImportTextPane:234 - (OptionalMessage_ERROR) IP (DMA) : Parameter (Polarity) has Id (I2C2_RX) currently not set
2026-03-30 18:37:03,373 [INFO] ImportTextPane:234 - (OptionalMessage_ERROR) IP (DMA) : Parameter (RequestNumber) has Id (I2C2_RX) currently not set
2026-03-30 18:37:03,373 [INFO] ImportTextPane:234 - (OptionalMessage_ERROR) IP (DMA) : Parameter (SyncSignalID) has Id (I2C2_RX) currently not set
2026-03-30 18:37:03,373 [INFO] ImportTextPane:234 - (OptionalMessage_ERROR) IP (DMA) : Parameter (SyncPolarity) has Id (I2C2_RX) currently not set
2026-03-30 18:37:03,373 [INFO] ImportTextPane:234 - (OptionalMessage_ERROR) IP (DMA) : Parameter (SyncEnable) has Id (I2C2_RX) currently not set
2026-03-30 18:37:03,373 [INFO] ImportTextPane:234 - (OptionalMessage_ERROR) IP (DMA) : Parameter (EventEnable) has Id (I2C2_RX) currently not set
2026-03-30 18:37:03,373 [INFO] ImportTextPane:234 - (OptionalMessage_ERROR) IP (DMA) : Parameter (SyncRequestNumber) has Id (I2C2_RX) currently not set
2026-03-30 18:37:03,373 [INFO] ImportTextPane:234 - (OptionalMessage_ERROR) IP (DMA) : Parameter (Instance) has Id (ADC1) currently not set
2026-03-30 18:37:03,373 [INFO] ImportTextPane:234 - (OptionalMessage_ERROR) IP (DMA) : Parameter (Request) has Id (ADC1) currently not set
2026-03-30 18:37:03,373 [INFO] ImportTextPane:234 - (OptionalMessage_ERROR) IP (DMA) : Parameter (Direction) has Id (ADC1) currently not set
2026-03-30 18:37:03,373 [INFO] ImportTextPane:234 - (OptionalMessage_ERROR) IP (DMA) : Parameter (PeriphInc) has Id (ADC1) currently not set
2026-03-30 18:37:03,373 [INFO] ImportTextPane:234 - (OptionalMessage_ERROR) IP (DMA) : Parameter (MemInc) has Id (ADC1) currently not set
2026-03-30 18:37:03,373 [INFO] ImportTextPane:234 - (OptionalMessage_ERROR) IP (DMA) : Parameter (PeriphDataAlignment) has Id (ADC1) currently not set
2026-03-30 18:37:03,373 [INFO] ImportTextPane:234 - (OptionalMessage_ERROR) IP (DMA) : Parameter (MemDataAlignment) has Id (ADC1) currently not set
2026-03-30 18:37:03,373 [INFO] ImportTextPane:234 - (OptionalMessage_ERROR) IP (DMA) : Parameter (Mode) has Id (ADC1) currently not set
2026-03-30 18:37:03,373 [INFO] ImportTextPane:234 - (OptionalMessage_ERROR) IP (DMA) : Parameter (Priority) has Id (ADC1) currently not set
2026-03-30 18:37:03,373 [INFO] ImportTextPane:234 - (OptionalMessage_ERROR) IP (DMA) : Parameter (SignalID) has Id (ADC1) currently not set
2026-03-30 18:37:03,374 [INFO] ImportTextPane:234 - (OptionalMessage_ERROR) IP (DMA) : Parameter (Polarity) has Id (ADC1) currently not set
2026-03-30 18:37:03,374 [INFO] ImportTextPane:234 - (OptionalMessage_ERROR) IP (DMA) : Parameter (RequestNumber) has Id (ADC1) currently not set
2026-03-30 18:37:03,374 [INFO] ImportTextPane:234 - (OptionalMessage_ERROR) IP (DMA) : Parameter (SyncSignalID) has Id (ADC1) currently not set
2026-03-30 18:37:03,374 [INFO] ImportTextPane:234 - (OptionalMessage_ERROR) IP (DMA) : Parameter (SyncPolarity) has Id (ADC1) currently not set
2026-03-30 18:37:03,374 [INFO] ImportTextPane:234 - (OptionalMessage_ERROR) IP (DMA) : Parameter (SyncEnable) has Id (ADC1) currently not set
2026-03-30 18:37:03,374 [INFO] ImportTextPane:234 - (OptionalMessage_ERROR) IP (DMA) : Parameter (EventEnable) has Id (ADC1) currently not set
2026-03-30 18:37:03,374 [INFO] ImportTextPane:234 - (OptionalMessage_ERROR) IP (DMA) : Parameter (SyncRequestNumber) has Id (ADC1) currently not set
2026-03-30 18:37:03,374 [INFO] ImportTextPane:234 - (OptionalMessage_ERROR) IP (DMA) : Parameter (Instance) has Id (USART2_TX) currently not set
2026-03-30 18:37:03,374 [INFO] ImportTextPane:234 - (OptionalMessage_ERROR) IP (DMA) : Parameter (Request) has Id (USART2_TX) currently not set
2026-03-30 18:37:03,374 [INFO] ImportTextPane:234 - (OptionalMessage_ERROR) IP (DMA) : Parameter (Direction) has Id (USART2_TX) currently not set
2026-03-30 18:37:03,374 [INFO] ImportTextPane:234 - (OptionalMessage_ERROR) IP (DMA) : Parameter (PeriphInc) has Id (USART2_TX) currently not set
2026-03-30 18:37:03,374 [INFO] ImportTextPane:234 - (OptionalMessage_ERROR) IP (DMA) : Parameter (MemInc) has Id (USART2_TX) currently not set
2026-03-30 18:37:03,374 [INFO] ImportTextPane:234 - (OptionalMessage_ERROR) IP (DMA) : Parameter (PeriphDataAlignment) has Id (USART2_TX) currently not set
2026-03-30 18:37:03,374 [INFO] ImportTextPane:234 - (OptionalMessage_ERROR) IP (DMA) : Parameter (MemDataAlignment) has Id (USART2_TX) currently not set
2026-03-30 18:37:03,374 [INFO] ImportTextPane:234 - (OptionalMessage_ERROR) IP (DMA) : Parameter (Mode) has Id (USART2_TX) currently not set
2026-03-30 18:37:03,374 [INFO] ImportTextPane:234 - (OptionalMessage_ERROR) IP (DMA) : Parameter (Priority) has Id (USART2_TX) currently not set
2026-03-30 18:37:03,375 [INFO] ImportTextPane:234 - (OptionalMessage_ERROR) IP (DMA) : Parameter (SignalID) has Id (USART2_TX) currently not set
2026-03-30 18:37:03,375 [INFO] ImportTextPane:234 - (OptionalMessage_ERROR) IP (DMA) : Parameter (Polarity) has Id (USART2_TX) currently not set
2026-03-30 18:37:03,375 [INFO] ImportTextPane:234 - (OptionalMessage_ERROR) IP (DMA) : Parameter (RequestNumber) has Id (USART2_TX) currently not set
2026-03-30 18:37:03,375 [INFO] ImportTextPane:234 - (OptionalMessage_ERROR) IP (DMA) : Parameter (SyncSignalID) has Id (USART2_TX) currently not set
2026-03-30 18:37:03,375 [INFO] ImportTextPane:234 - (OptionalMessage_ERROR) IP (DMA) : Parameter (SyncPolarity) has Id (USART2_TX) currently not set
2026-03-30 18:37:03,375 [INFO] ImportTextPane:234 - (OptionalMessage_ERROR) IP (DMA) : Parameter (SyncEnable) has Id (USART2_TX) currently not set
2026-03-30 18:37:03,375 [INFO] ImportTextPane:234 - (OptionalMessage_ERROR) IP (DMA) : Parameter (EventEnable) has Id (USART2_TX) currently not set
2026-03-30 18:37:03,375 [INFO] ImportTextPane:234 - (OptionalMessage_ERROR) IP (DMA) : Parameter (SyncRequestNumber) has Id (USART2_TX) currently not set
2026-03-30 18:37:03,376 [INFO] ImportTextPane:234 - (OptionalMessage_ERROR) IP (DMA) : Parameter (Instance) has Id (USART2_RX) currently not set
2026-03-30 18:37:03,376 [INFO] ImportTextPane:234 - (OptionalMessage_ERROR) IP (DMA) : Parameter (Request) has Id (USART2_RX) currently not set
2026-03-30 18:37:03,376 [INFO] ImportTextPane:234 - (OptionalMessage_ERROR) IP (DMA) : Parameter (Direction) has Id (USART2_RX) currently not set
2026-03-30 18:37:03,376 [INFO] ImportTextPane:234 - (OptionalMessage_ERROR) IP (DMA) : Parameter (PeriphInc) has Id (USART2_RX) currently not set
2026-03-30 18:37:03,376 [INFO] ImportTextPane:234 - (OptionalMessage_ERROR) IP (DMA) : Parameter (MemInc) has Id (USART2_RX) currently not set
2026-03-30 18:37:03,376 [INFO] ImportTextPane:234 - (OptionalMessage_ERROR) IP (DMA) : Parameter (PeriphDataAlignment) has Id (USART2_RX) currently not set
2026-03-30 18:37:03,376 [INFO] ImportTextPane:234 - (OptionalMessage_ERROR) IP (DMA) : Parameter (MemDataAlignment) has Id (USART2_RX) currently not set
2026-03-30 18:37:03,376 [INFO] ImportTextPane:234 - (OptionalMessage_ERROR) IP (DMA) : Parameter (Mode) has Id (USART2_RX) currently not set
2026-03-30 18:37:03,376 [INFO] ImportTextPane:234 - (OptionalMessage_ERROR) IP (DMA) : Parameter (Priority) has Id (USART2_RX) currently not set
2026-03-30 18:37:03,376 [INFO] ImportTextPane:234 - (OptionalMessage_ERROR) IP (DMA) : Parameter (SignalID) has Id (USART2_RX) currently not set
2026-03-30 18:37:03,376 [INFO] ImportTextPane:234 - (OptionalMessage_ERROR) IP (DMA) : Parameter (Polarity) has Id (USART2_RX) currently not set
2026-03-30 18:37:03,376 [INFO] ImportTextPane:234 - (OptionalMessage_ERROR) IP (DMA) : Parameter (RequestNumber) has Id (USART2_RX) currently not set
2026-03-30 18:37:03,376 [INFO] ImportTextPane:234 - (OptionalMessage_ERROR) IP (DMA) : Parameter (SyncSignalID) has Id (USART2_RX) currently not set
2026-03-30 18:37:03,376 [INFO] ImportTextPane:234 - (OptionalMessage_ERROR) IP (DMA) : Parameter (SyncPolarity) has Id (USART2_RX) currently not set
2026-03-30 18:37:03,376 [INFO] ImportTextPane:234 - (OptionalMessage_ERROR) IP (DMA) : Parameter (SyncEnable) has Id (USART2_RX) currently not set
2026-03-30 18:37:03,376 [INFO] ImportTextPane:234 - (OptionalMessage_ERROR) IP (DMA) : Parameter (EventEnable) has Id (USART2_RX) currently not set
2026-03-30 18:37:03,376 [INFO] ImportTextPane:234 - (OptionalMessage_ERROR) IP (DMA) : Parameter (SyncRequestNumber) has Id (USART2_RX) currently not set
2026-03-30 18:37:03,381 [WARN] IP:2250 - TX_NO_TIMER not found: check if there is a RefParameter without a condition.
2026-03-30 18:37:03,381 [WARN] IP:2250 - ALIGN_TYPE_VAL not found: check if there is a RefParameter without a condition.
2026-03-30 18:37:03,382 [WARN] IP:2250 - TX_BASEPRI_VALUE not found: check if there is a RefParameter without a condition.
2026-03-30 18:37:03,382 [WARN] IP:2250 - TX_APP_THREAD_ENTRY not found: check if there is a RefParameter without a condition.
2026-03-30 18:37:03,382 [WARN] IP:2250 - TX_APP_THREAD_NAME not found: check if there is a RefParameter without a condition.
2026-03-30 18:37:03,382 [WARN] IP:2250 - TX_APP_THREAD_PRIO not found: check if there is a RefParameter without a condition.
2026-03-30 18:37:03,382 [WARN] IP:2250 - TX_APP_STACK_SIZE not found: check if there is a RefParameter without a condition.
2026-03-30 18:37:03,382 [WARN] IP:2250 - TX_SEMAPHORE_NAME not found: check if there is a RefParameter without a condition.
2026-03-30 18:37:03,382 [WARN] IP:2250 - TX_SEMAPHORE_COUNT not found: check if there is a RefParameter without a condition.
2026-03-30 18:37:03,382 [WARN] IP:2250 - TX_MUTEX_NAME not found: check if there is a RefParameter without a condition.
2026-03-30 18:37:03,382 [WARN] IP:2250 - TX_Mutex_INHERITANCE not found: check if there is a RefParameter without a condition.
2026-03-30 18:37:03,382 [WARN] IP:2250 - TX_MSG_QUEUE_NAME not found: check if there is a RefParameter without a condition.
2026-03-30 18:37:03,382 [WARN] IP:2250 - TX_MSG_SIZE_WORDS not found: check if there is a RefParameter without a condition.
2026-03-30 18:37:03,382 [WARN] IP:2250 - TX_NB_MSG not found: check if there is a RefParameter without a condition.
2026-03-30 18:37:04,155 [INFO] ApiDb:581 - Connected to CubeFinder SQLite database (C:\Users\kujon\.stmcufinder\plugins\mcufinder\mcu\cube-finder-db.db)
2026-03-30 18:37:04,315 [INFO] ApiDb:668 - CubeFinder database Data Model version=2.1
2026-03-30 18:37:04,315 [INFO] ApiDb:669 - CubeFinder database Configuration version=3.0.42
2026-03-30 18:37:04,315 [INFO] ApiDb:670 - CubeFinder database generation date=2026-03-11 (1773229989)
2026-03-30 18:37:04,315 [INFO] ApiDb:671 - CubeFinder database FW Pack versions=[FP-ATR-ASTRA1_V2.0.0, FP-SNS-FLIGHT1_V5.1.0, FP-SNS-MOTENV1_V5.1.0, FP-SNS-MOTENVWB1_V1.5.0, FP-SNS-SMARTAG2_V1.2.0, FP-SNS-STBOX1_V2.1.0, STM32Cube_FW_C0_V1.4.0, STM32Cube_FW_F4_V1.28.3, STM32Cube_FW_F7_V1.17.4, STM32Cube_FW_G0_V1.6.3, STM32Cube_FW_G4_V1.6.2, STM32Cube_FW_H5_V1.6.0, STM32Cube_FW_H7RS_V1.3.0, STM32Cube_FW_H7_V1.13.0, STM32Cube_FW_L0_V1.12.2, STM32Cube_FW_L4_V1.18.2, STM32Cube_FW_L5_V1.6.0, STM32Cube_FW_N6_V1.3.0, STM32Cube_FW_U0_V1.3.0, STM32Cube_FW_U3_V1.3.0, STM32Cube_FW_U5_V1.8.0, STM32Cube_FW_WB0_V1.4.0, STM32Cube_FW_WBA_V1.9.0, STM32Cube_FW_WB_V1.24.0, STM32Cube_FW_WL3_V1.4.0, STM32Cube_FW_WL_V1.5.0, X-CUBE-ALGOBUILD_V1.4.0, X-CUBE-ALS_V1.0.2, X-CUBE-AZRTOS-F4_V1.1.0, X-CUBE-AZRTOS-F7_V1.1.0, X-CUBE-AZRTOS-G0_V1.1.0, X-CUBE-AZRTOS-G4_V2.0.0, X-CUBE-AZRTOS-H7RS_V1.1.0, X-CUBE-AZRTOS-H7_V3.4.0, X-CUBE-AZRTOS-L4_V2.0.0, X-CUBE-AZRTOS-L5_V2.0.0, X-CUBE-AZRTOS-WB_V2.0.0, X-CUBE-AZRTOS-WL_V2.0.0, X-CUBE-BLE1_V7.1.0, X-CUBE-BLE2_V3.3.0, X-CUBE-BLEMGR_V4.1.0, X-CUBE-EEPRMA1_V5.2.0, X-CUBE-FREERTOS_V1.5.0, X-CUBE-GNSS1_V6.0.0, X-CUBE-MEMS1_V12.0.0, X-CUBE-NFC4_V3.0.0, X-CUBE-NFC7_V2.0.0, X-CUBE-SFXS2LP1_V4.0.0, X-CUBE-ST67W61_V1.2.0, X-CUBE-SUBG2_V5.0.0, X-CUBE-TOF1_V3.4.3]
2026-03-30 18:37:04,485 [INFO] DbBoardsSqlite:226 - include board P-NUCLEO-WB55-NUCLEO as a kit item of type 'Nucleo-64'
2026-03-30 18:37:04,485 [INFO] DbBoardsSqlite:226 - include board P-NUCLEO-WB55-USBDONGLE as a kit item of type 'Nucleo USB Dongle'
2026-03-30 18:37:04,487 [INFO] DbBoardsSqlite:226 - include board STEVAL-IDP005V1 as a kit item of type 'Evaluation Board'
2026-03-30 18:37:04,488 [INFO] DbBoardsSqlite:226 - include board STEVAL-IDP005V2 as a kit item of type 'Evaluation Board'
2026-03-30 18:37:05,001 [INFO] ApiDb:240 - Found 880 in-development CPN: [B-G473E-ZEST1S, B-WB1M-WPAN1, B-WBA5M-WPAN, B-WL5M-SUBG1, NUCLEO-C031C6, NUCLEO-C051C8, NUCLEO-C071RB, NUCLEO-C092RC, NUCLEO-H503RB, NUCLEO-H533RE, NUCLEO-H563ZI, NUCLEO-H7S3L8, NUCLEO-N657X0-Q, NUCLEO-U031R8, NUCLEO-U083RC, NUCLEO-U385RG-Q, NUCLEO-U545RE-Q, NUCLEO-U5A5ZJ-Q, NUCLEO-WB05KZ, NUCLEO-WB07CC, NUCLEO-WB09KE, NUCLEO-WBA52CG, NUCLEO-WBA55CG, NUCLEO-WL33CC1, NUCLEO-WL33CC2, STEVAL-PROTEUS1, STEVAL-SMARTAG2, STEVAL-STWINBX1, STM320518-EVAL, STM32C0116-DK, STM32C011D6Y3TR, STM32C011D6Y6TR, STM32C011F4P3, STM32C011F4P6, STM32C011F4U3, STM32C011F4U6TR, STM32C011F6P3, STM32C011F6P6, STM32C011F6U3, STM32C011F6U6TR, STM32C011J4M3, STM32C011J4M6, STM32C011J6M3, STM32C011J6M6, STM32C0316-DK, STM32C031C4T3, STM32C031C4T6, STM32C031C4U3, STM32C031C4U6, STM32C031C6T3, STM32C031C6T6, STM32C031C6U3, STM32C031C6U6, STM32C031F4P3, STM32C031F4P6, STM32C031F6P3, STM32C031F6P6, STM32C031G4U3, STM32C031G4U6, STM32C031G6U3, STM32C031G6U6, STM32C031K4T3, STM32C031K4T6, STM32C031K4U3, STM32C031K4U6, STM32C031K6T3, STM32C031K6T6, STM32C031K6U3, STM32C031K6U6, STM32C051C6T6, STM32C051C6U6, STM32C051C8T6, STM32C051C8U6, STM32C051D8Y6TR, STM32C051F6P6, STM32C051F8P6, STM32C051G6U6, STM32C051G8U6, STM32C051K6T6, STM32C051K6U6, STM32C051K8T6, STM32C071C8T6, STM32C071C8T6N, STM32C071C8U6, STM32C071C8U6N, STM32C071CBT6, STM32C071CBT6N, STM32C071CBU6, STM32C071CBU6N, STM32C071F8P6, STM32C071F8P6N, STM32C071FBP6, STM32C071FBP6N, STM32C071FBY6TR, STM32C071G8U6, STM32C071G8U6N, STM32C071GBU6, STM32C071GBU6N, STM32C071K8T6, STM32C071K8T6N, STM32C071K8U6, STM32C071K8U6N, STM32C071KBT6, STM32C071KBT6N, STM32C071KBU6, STM32C071KBU6N, STM32C071R8T6, STM32C071R8T6N, STM32C071RBI6N, STM32C071RBT6, STM32C071RBT6N, STM32C091CBT6, STM32C091CBU6, STM32C091CCT6, STM32C091CCU6, STM32C091ECY6TR, STM32C091FBP6, STM32C091FCP6, STM32C091GBU6, STM32C091GCU6, STM32C091KBT6, STM32C091KBU6, STM32C091KCT6, STM32C091KCU6, STM32C091RBT6, STM32C091RCI6, STM32C091RCT6, STM32C092CBT6, STM32C092CBU6, STM32C092CCT6, STM32C092CCU6, STM32C092ECY6TR, STM32C092FBP6, STM32C092FCP6, STM32C092GBU6, STM32C092GCU6, STM32C092KBT6, STM32C092KBU6, STM32C092KCT6, STM32C092KCU6, STM32C092RBT6, STM32C092RCI6, STM32C092RCT6, STM32G071K8TXN, STM32G071K8UXN, STM32G081GBU6N, STM32G081KBT6N, STM32G081KBUXN, STM32G0B1CCT6N, STM32G0B1KCT6, STM32G0B1NEY6TR, STM32G0B1RCT6N, STM32G0C1CCT6, STM32G0C1CCT6N, STM32G0C1CCU6N, STM32G0C1CET6N, STM32G0C1CEU6N, STM32G0C1KCT6, STM32G0C1NEY6TR, STM32G0C1RCI6N, STM32G0C1RCT6N, STM32G0C1REI6N, STM32G0C1RET6N, STM32G0C1VCI6, STM32G0C1VEI6, STM32G411C6T3, STM32G411C6T6, STM32G411C6U3, STM32G411C6U6, STM32G411C8T3, STM32G411C8T6, STM32G411C8U3, STM32G411C8U6, STM32G411CBT3, STM32G411CBT6, STM32G411CBU3, STM32G411CBU6, STM32G411K6T3, STM32G411K6T6, STM32G411K6U3, STM32G411K6U6, STM32G411K8T3, STM32G411K8T6, STM32G411K8U3, STM32G411K8U6, STM32G411KBT3, STM32G411KBT6, STM32G411KBU3, STM32G411KBU6, STM32G411M6T3, STM32G411M6T6, STM32G411M8T3, STM32G411M8T6, STM32G411MBT3, STM32G411MBT6, STM32G411R6T3, STM32G411R6T6, STM32G411R8T3, STM32G411R8T6, STM32G411RBT3, STM32G411RBT6, STM32G414CBT3, STM32G414CBT6, STM32G414CBU3, STM32G414CBU6, STM32G414CCT3, STM32G414CCT6, STM32G414CCU3, STM32G414CCU6, STM32G414MBT3, STM32G414MBT6, STM32G414MCT3, STM32G414MCT6, STM32G414RBT3, STM32G414RBT6, STM32G414RCT3, STM32G414RCT6, STM32G414VBT3, STM32G414VBT6, STM32G414VCT3, STM32G414VCT6, STM32G431CBT3Z, STM32G431RBT3Z, STM32G471CCT6, STM32G471CCU6, STM32G471CET3, STM32G471CET6, STM32G471CEU3, STM32G471CEU6, STM32G471MCT6, STM32G471MET3, STM32G471MET6, STM32G471MEY6TR, STM32G471QCT6, STM32G471QET3, STM32G471RCT6, STM32G471RET3, STM32G471RET6, STM32G471VCH6, STM32G471VCI6, STM32G471VCT6, STM32G471VEH3, STM32G471VEH6, STM32G471VEI3, STM32G471VEI6, STM32G471VET3, STM32G471VET6, STM32G473QET3Z, STM32G473RET3Z, STM32G474CCT6, STM32G491RET3Z, STM32H503CBT6, STM32H503CBU6, STM32H503EBY6TR, STM32H503KBU6, STM32H503RBT6, STM32H523CCT6, STM32H523CCU6, STM32H523CET6, STM32H523CEU6, STM32H523HEY6TR, STM32H523RCT6, STM32H523RET6, STM32H523VCI6, STM32H523VCT6, STM32H523VEI6, STM32H523VET6, STM32H523ZCJ6, STM32H523ZCT6, STM32H523ZEJ6, STM32H523ZET6, STM32H533CET6, STM32H533CEU6, STM32H533HEY6TR, STM32H533RET6, STM32H533VEI6, STM32H533VET6, STM32H533ZEJ6, STM32H533ZET6, STM32H562AGI6, STM32H562AII6, STM32H562IGK6, STM32H562IGT6, STM32H562IIK6, STM32H562IIT6, STM32H562RGT6, STM32H562RGV6, STM32H562RIT6, STM32H562RIV6, STM32H562VGT6, STM32H562VIT6, STM32H562ZGT6, STM32H562ZIT6, STM32H563AGI6, STM32H563AII3Q, STM32H563AII6, STM32H563IGK6, STM32H563IGT6, STM32H563IIK3Q, STM32H563IIK6, STM32H563IIT3Q, STM32H563IIT6, STM32H563MIY3QTR, STM32H563RGT6, STM32H563RGV6, STM32H563RIT6, STM32H563RIV6, STM32H563VGT6, STM32H563VIT3Q, STM32H563VIT6, STM32H563ZGT6, STM32H563ZIT3Q, STM32H563ZIT6, STM32H573AII3Q, STM32H573AII6, STM32H573I-DK, STM32H573IIK3Q, STM32H573IIK6, STM32H573IIT3Q, STM32H573IIT6, STM32H573MIY3QTR, STM32H573RIT6, STM32H573RIV6, STM32H573VIT3Q, STM32H573VIT6, STM32H573ZIT3Q, STM32H573ZIT6, STM32H7R3A8I6, STM32H7R3I8K6, STM32H7R3I8T6, STM32H7R3L8H6, STM32H7R3L8H6H, STM32H7R3R8V6, STM32H7R3V8H6, STM32H7R3V8T6, STM32H7R3V8Y6TR, STM32H7R3Z8J6, STM32H7R3Z8T6, STM32H7R7A8I6, STM32H7R7I8K6, STM32H7R7I8T6, STM32H7R7L8H6, STM32H7R7L8H6H, STM32H7R7Z8J6, STM32H7S3A8I6, STM32H7S3I8K6, STM32H7S3I8T6, STM32H7S3L8H6, STM32H7S3L8H6H, STM32H7S3R8V6, STM32H7S3V8H6, STM32H7S3V8T6, STM32H7S3V8Y6TR, STM32H7S3Z8J6, STM32H7S3Z8T6, STM32H7S78-DK, STM32H7S7A8I6, STM32H7S7I8K6, STM32H7S7I8T6, STM32H7S7L8H6, STM32H7S7L8H6H, STM32H7S7Z8J6, STM32L4R5QGI6STR, STM32MP131AAE3, STM32MP131AAF3, STM32MP131AAG3, STM32MP131CAE3, STM32MP131CAF3, STM32MP131CAG3, STM32MP131DAE7, STM32MP131DAF7, STM32MP131DAG7, STM32MP131FAE7, STM32MP131FAF7, STM32MP131FAG7, STM32MP133AAE3, STM32MP133AAF3, STM32MP133AAG3, STM32MP133CAE3, STM32MP133CAF3, STM32MP133CAG3, STM32MP133DAE7, STM32MP133DAF7, STM32MP133DAG7, STM32MP133FAE7, STM32MP133FAF7, STM32MP133FAG7, STM32MP135AAE3, STM32MP135AAF3, STM32MP135AAG3, STM32MP135CAE3, STM32MP135CAF3, STM32MP135CAG3, STM32MP135DAE7, STM32MP135DAF7, STM32MP135DAG7, STM32MP135F-DK, STM32MP135FAE7, STM32MP135FAF7, STM32MP135FAF7T, STM32MP135FAF7U, STM32MP135FAG7, STM32MP211AAL3, STM32MP211AAM3, STM32MP211AAN3, STM32MP211AAO3, STM32MP211CAL3, STM32MP211CAM3, STM32MP211CAN3, STM32MP211CAO3, STM32MP211DAL3, STM32MP211DAM3, STM32MP211DAN3, STM32MP211DAO3, STM32MP211FAL3, STM32MP211FAM3, STM32MP211FAN3, STM32MP211FAO3, STM32MP213AAL3, STM32MP213AAM3, STM32MP213AAN3, STM32MP213AAO3, STM32MP213CAL3, STM32MP213CAM3, STM32MP213CAN3, STM32MP213CAO3, STM32MP213DAL3, STM32MP213DAM3, STM32MP213DAN3, STM32MP213DAO3, STM32MP213FAL3, STM32MP213FAM3, STM32MP213FAN3, STM32MP213FAO3, STM32MP215AAL3, STM32MP215AAM3, STM32MP215AAN3, STM32MP215AAO3, STM32MP215CAL3, STM32MP215CAM3, STM32MP215CAN3, STM32MP215CAO3, STM32MP215DAL3, STM32MP215DAM3, STM32MP215DAN3, STM32MP215DAO3, STM32MP215F-DK, STM32MP215FAL3, STM32MP215FAM3, STM32MP215FAN3, STM32MP215FAO3, STM32MP231AAJ3, STM32MP231AAK3, STM32MP231AAL3, STM32MP231CAJ3, STM32MP231CAK3, STM32MP231CAL3, STM32MP231DAJ3, STM32MP231DAK3, STM32MP231DAL3, STM32MP231FAJ3, STM32MP231FAK3, STM32MP231FAL3, STM32MP233AAJ3, STM32MP233AAK3, STM32MP233AAL3, STM32MP233CAJ3, STM32MP233CAK3, STM32MP233CAL3, STM32MP233DAJ3, STM32MP233DAK3, STM32MP233DAL3, STM32MP233FAJ3, STM32MP233FAK3, STM32MP233FAL3, STM32MP235AAJ3, STM32MP235AAK3, STM32MP235AAL3, STM32MP235CAJ3, STM32MP235CAK3, STM32MP235CAL3, STM32MP235DAJ3, STM32MP235DAK3, STM32MP235DAL3, STM32MP235FAJ3, STM32MP235FAK3, STM32MP235FAL3, STM32MP251AAI3, STM32MP251AAK3, STM32MP251AAL3, STM32MP251CAI3, STM32MP251CAK3, STM32MP251CAL3, STM32MP251DAI3, STM32MP251DAK3, STM32MP251DAL3, STM32MP251FAI3, STM32MP251FAK3, STM32MP251FAL3, STM32MP253AAI3, STM32MP253AAK3, STM32MP253AAL3, STM32MP253CAI3, STM32MP253CAK3, STM32MP253CAL3, STM32MP253DAI3, STM32MP253DAK3, STM32MP253DAL3, STM32MP253FAI3, STM32MP253FAK3, STM32MP253FAL3, STM32MP255AAI3, STM32MP255AAK3, STM32MP255AAL3, STM32MP255CAI3, STM32MP255CAK3, STM32MP255CAL3, STM32MP255DAI3, STM32MP255DAK3, STM32MP255DAL3, STM32MP255FAI3, STM32MP255FAK3, STM32MP255FAL3, STM32MP257AAI3, STM32MP257AAK3, STM32MP257AAL3, STM32MP257CAI3, STM32MP257CAK3, STM32MP257CAL3, STM32MP257DAI3, STM32MP257DAK3, STM32MP257DAL3, STM32MP257F-DK, STM32MP257F-EV1, STM32MP257FAI3, STM32MP257FAK3, STM32MP257FAL3, STM32N645A0H3Q, STM32N645B0H3Q, STM32N645I0H3Q, STM32N645L0H3Q, STM32N645X0H3Q, STM32N645Z0H3Q, STM32N647A0H3Q, STM32N647B0H3Q, STM32N647I0H3Q, STM32N647L0H3Q, STM32N647X0H3Q, STM32N647Z0H3Q, STM32N655A0H3Q, STM32N655B0H3Q, STM32N655I0H3Q, STM32N655L0H3Q, STM32N655X0H3Q, STM32N655Z0H3Q, STM32N6570-DK, STM32N657A0H3Q, STM32N657B0H3Q, STM32N657I0H3Q, STM32N657L0H3Q, STM32N657X0H3Q, STM32N657Z0H3Q, STM32U031C6T6, STM32U031C6U6, STM32U031C8T6, STM32U031C8U6, STM32U031F4P6, STM32U031F6P6, STM32U031F8P6, STM32U031G6Y6TR, STM32U031G8Y6TR, STM32U031K4U6, STM32U031K6U6, STM32U031K8U6, STM32U031R6I6, STM32U031R6T6, STM32U031R8I6, STM32U031R8T6, STM32U073C8T6, STM32U073C8U6, STM32U073CBT6, STM32U073CBU6, STM32U073CCT6, STM32U073CCU6, STM32U073H8Y6TR, STM32U073HBY6TR, STM32U073HCY6TR, STM32U073K8U6, STM32U073KBU6, STM32U073KCU6, STM32U073M8I6, STM32U073M8T6, STM32U073MBI6, STM32U073MBT6, STM32U073MCI6, STM32U073MCT6, STM32U073R8I6, STM32U073R8T6, STM32U073RBI6, STM32U073RBT6, STM32U073RCI6, STM32U073RCT6, STM32U083C-DK, STM32U083CCT6, STM32U083CCU6, STM32U083HCY6TR, STM32U083KCU6, STM32U083MCI6, STM32U083MCT6, STM32U083RCI6, STM32U083RCT6, STM32U375CET6, STM32U375CET6Q, STM32U375CEU6, STM32U375CEU6Q, STM32U375CEY6QTR, STM32U375CGT6, STM32U375CGT6Q, STM32U375CGU6, STM32U375CGU6Q, STM32U375CGY6QTR, STM32U375KEU6, STM32U375KGU6, STM32U375REI6, STM32U375REI6Q, STM32U375RET6, STM32U375RET6Q, STM32U375REY6GTR, STM32U375REY6QTR, STM32U375RGI6, STM32U375RGI6Q, STM32U375RGT6, STM32U375RGT6Q, STM32U375RGY6GTR, STM32U375RGY6QTR, STM32U375VEI6, STM32U375VEI6Q, STM32U375VET6, STM32U375VET6Q, STM32U375VGI6, STM32U375VGI6Q, STM32U375VGT6, STM32U375VGT6Q, STM32U385CGT6, STM32U385CGT6Q, STM32U385CGU6, STM32U385CGU6Q, STM32U385CGY6QTR, STM32U385KGU6, STM32U385RGI6, STM32U385RGI6Q, STM32U385RGT6, STM32U385RGT6Q, STM32U385RGY6GTR, STM32U385RGY6QTR, STM32U385VGI6, STM32U385VGI6Q, STM32U385VGT6, STM32U385VGT6Q, STM32U535CBT6, STM32U535CBT6Q, STM32U535CBU6, STM32U535CBU6Q, STM32U535CCT6, STM32U535CCT6Q, STM32U535CCU6, STM32U535CCU6Q, STM32U535CET6, STM32U535CET6Q, STM32U535CEU6, STM32U535CEU6Q, STM32U535JEY6QTR, STM32U535NCY6QTR, STM32U535NEY6QTR, STM32U535RBI6, STM32U535RBI6Q, STM32U535RBT6, STM32U535RBT6Q, STM32U535RCI6, STM32U535RCI6Q, STM32U535RCT6, STM32U535RCT6Q, STM32U535REI6, STM32U535REI6Q, STM32U535RET6, STM32U535RET6Q, STM32U535VCI6, STM32U535VCI6Q, STM32U535VCT6, STM32U535VCT6Q, STM32U535VEI6, STM32U535VEI6Q, STM32U535VET6, STM32U535VET6Q, STM32U545CET6, STM32U545CET6Q, STM32U545CEU6, STM32U545CEU6Q, STM32U545JEY6QTR, STM32U545NEY6QTR, STM32U545REI6, STM32U545REI6Q, STM32U545RET6, STM32U545RET6Q, STM32U545VEI6, STM32U545VEI6Q, STM32U545VET6, STM32U545VET6Q, STM32U595AIH6, STM32U595AIH6Q, STM32U595AJH6, STM32U595AJH6Q, STM32U595QII6, STM32U595QII6Q, STM32U595QJI6, STM32U595QJI6Q, STM32U595RIT6, STM32U595RIT6Q, STM32U595RJT6, STM32U595RJT6Q, STM32U595VIT6, STM32U595VIT6Q, STM32U595VJT6, STM32U595VJT6Q, STM32U595ZIT6, STM32U595ZIT6Q, STM32U595ZIY6QTR, STM32U595ZJT6, STM32U595ZJT6Q, STM32U595ZJY6QTR, STM32U599BJY6QTR, STM32U599NIH6Q, STM32U599NJH6Q, STM32U599VIT6Q, STM32U599VJT6, STM32U599VJT6Q, STM32U599ZIT6Q, STM32U599ZIY6QTR, STM32U599ZJT6Q, STM32U599ZJY6QTR, STM32U5A5AJH6, STM32U5A5AJH6Q, STM32U5A5QII3Q , STM32U5A5QJI6, STM32U5A5QJI6Q, STM32U5A5RJT6, STM32U5A5RJT6Q, STM32U5A5VJT6, STM32U5A5VJT6Q, STM32U5A5ZJT6, STM32U5A5ZJT6Q, STM32U5A5ZJY6QTR, STM32U5A9BJY6QTR, STM32U5A9J-DK, STM32U5A9NJH6Q, STM32U5A9VJT6Q, STM32U5A9ZJT6Q, STM32U5A9ZJY6QTR, STM32U5F7VIT6, STM32U5F7VIT6Q, STM32U5F7VJT6, STM32U5F7VJT6Q, STM32U5F9BJY6QTR, STM32U5F9NJH6Q, STM32U5F9VIT6Q, STM32U5F9VJT6Q, STM32U5F9ZIJ6QTR, STM32U5F9ZIT6Q, STM32U5F9ZJJ6QTR, STM32U5F9ZJT6Q, STM32U5G7VJT6, STM32U5G7VJT6Q, STM32U5G9BJY6QTR, STM32U5G9J-DK1, STM32U5G9J-DK2, STM32U5G9NJH6Q, STM32U5G9VJT6Q, STM32U5G9ZJJ6QTR, STM32U5G9ZJT6Q, STM32WB05KZV6TR, STM32WB05KZV7TR, STM32WB05TZF6TR, STM32WB05TZF7TR, STM32WB06CCF6TR, STM32WB06CCF7TR, STM32WB06CCV6TR, STM32WB06CCV7TR, STM32WB06KCV6TR, STM32WB06KCV7TR, STM32WB07CCF6TR, STM32WB07CCF7TR, STM32WB07CCV6TR, STM32WB07CCV7TR, STM32WB07KCV6TR, STM32WB07KCV7TR, STM32WB09KEV6TR, STM32WB09KEV7TR, STM32WB09TEF6TR, STM32WB09TEF7TR, STM32WB1MMCH6, STM32WBA50KGU6, STM32WBA50KGU6TR, STM32WBA52CEU6, STM32WBA52CEU6TR, STM32WBA52CEU7, STM32WBA52CEU7TR, STM32WBA52CGU6, STM32WBA52CGU6TR, STM32WBA52CGU6U, STM32WBA52CGU7, STM32WBA52CGU7TR, STM32WBA52KEU6, STM32WBA52KEU6TR, STM32WBA52KGU6, STM32WBA52KGU6TR, STM32WBA54CEU6, STM32WBA54CEU6TR, STM32WBA54CEU7, STM32WBA54CEU7TR, STM32WBA54CGU6, STM32WBA54CGU6TR, STM32WBA54CGU7, STM32WBA54CGU7TR, STM32WBA54KEU6, STM32WBA54KEU6TR, STM32WBA54KEU7, STM32WBA54KEU7TR, STM32WBA54KGU6, STM32WBA54KGU6TR, STM32WBA54KGU7, STM32WBA54KGU7TR, STM32WBA55CEU6, STM32WBA55CEU6TR, STM32WBA55CEU7, STM32WBA55CEU7TR, STM32WBA55CGU6, STM32WBA55CGU6TR, STM32WBA55CGU6U, STM32WBA55CGU7, STM32WBA55CGU7TR, STM32WBA55G-DK1, STM32WBA55HEF6, STM32WBA55HEF7, STM32WBA55HGF6, STM32WBA55HGF7, STM32WBA55UEI6, STM32WBA55UEI6TR, STM32WBA55UEI7, STM32WBA55UEI7TR, STM32WBA55UGI6, STM32WBA55UGI6TR, STM32WBA55UGI7, STM32WBA55UGI7TR, STM32WBA5MMGH6TR, STM32WBA62MGF6, STM32WBA62MIF6, STM32WBA65MGF7, STM32WBA65MIF6, STM32WBA65MIF7, STM32WL30K8V6, STM32WL30KBV6, STM32WL31C8V6, STM32WL31CBV6, STM32WL31K8V6, STM32WL31KBV6, STM32WL33C8V6, STM32WL33C8V6X, STM32WL33CBV6, STM32WL33CBV6X, STM32WL33CCV6, STM32WL33CCV6A, STM32WL33CCV6X, STM32WL33K8V7, STM32WL33K8V7X, STM32WL33KBV7 , STM32WL33KBV7X, STM32WL33KCV7, STM32WL33KCV7X, STM32WL5MOCH6, STM32WL5MOCH6TR]
2026-03-30 18:37:05,007 [INFO] ApiDb:668 - CubeFinder database Data Model version=2.1
2026-03-30 18:37:05,007 [INFO] ApiDb:669 - CubeFinder database Configuration version=3.0.42
2026-03-30 18:37:05,007 [INFO] ApiDb:670 - CubeFinder database generation date=2026-03-11 (1773229989)
2026-03-30 18:37:05,007 [INFO] ApiDb:671 - CubeFinder database FW Pack versions=[FP-ATR-ASTRA1_V2.0.0, FP-SNS-FLIGHT1_V5.1.0, FP-SNS-MOTENV1_V5.1.0, FP-SNS-MOTENVWB1_V1.5.0, FP-SNS-SMARTAG2_V1.2.0, FP-SNS-STBOX1_V2.1.0, STM32Cube_FW_C0_V1.4.0, STM32Cube_FW_F4_V1.28.3, STM32Cube_FW_F7_V1.17.4, STM32Cube_FW_G0_V1.6.3, STM32Cube_FW_G4_V1.6.2, STM32Cube_FW_H5_V1.6.0, STM32Cube_FW_H7RS_V1.3.0, STM32Cube_FW_H7_V1.13.0, STM32Cube_FW_L0_V1.12.2, STM32Cube_FW_L4_V1.18.2, STM32Cube_FW_L5_V1.6.0, STM32Cube_FW_N6_V1.3.0, STM32Cube_FW_U0_V1.3.0, STM32Cube_FW_U3_V1.3.0, STM32Cube_FW_U5_V1.8.0, STM32Cube_FW_WB0_V1.4.0, STM32Cube_FW_WBA_V1.9.0, STM32Cube_FW_WB_V1.24.0, STM32Cube_FW_WL3_V1.4.0, STM32Cube_FW_WL_V1.5.0, X-CUBE-ALGOBUILD_V1.4.0, X-CUBE-ALS_V1.0.2, X-CUBE-AZRTOS-F4_V1.1.0, X-CUBE-AZRTOS-F7_V1.1.0, X-CUBE-AZRTOS-G0_V1.1.0, X-CUBE-AZRTOS-G4_V2.0.0, X-CUBE-AZRTOS-H7RS_V1.1.0, X-CUBE-AZRTOS-H7_V3.4.0, X-CUBE-AZRTOS-L4_V2.0.0, X-CUBE-AZRTOS-L5_V2.0.0, X-CUBE-AZRTOS-WB_V2.0.0, X-CUBE-AZRTOS-WL_V2.0.0, X-CUBE-BLE1_V7.1.0, X-CUBE-BLE2_V3.3.0, X-CUBE-BLEMGR_V4.1.0, X-CUBE-EEPRMA1_V5.2.0, X-CUBE-FREERTOS_V1.5.0, X-CUBE-GNSS1_V6.0.0, X-CUBE-MEMS1_V12.0.0, X-CUBE-NFC4_V3.0.0, X-CUBE-NFC7_V2.0.0, X-CUBE-SFXS2LP1_V4.0.0, X-CUBE-ST67W61_V1.2.0, X-CUBE-SUBG2_V5.0.0, X-CUBE-TOF1_V3.4.3]
2026-03-30 18:37:07,478 [INFO] ApiDb:240 - Found 880 in-development CPN: [B-G473E-ZEST1S, B-WB1M-WPAN1, B-WBA5M-WPAN, B-WL5M-SUBG1, NUCLEO-C031C6, NUCLEO-C051C8, NUCLEO-C071RB, NUCLEO-C092RC, NUCLEO-H503RB, NUCLEO-H533RE, NUCLEO-H563ZI, NUCLEO-H7S3L8, NUCLEO-N657X0-Q, NUCLEO-U031R8, NUCLEO-U083RC, NUCLEO-U385RG-Q, NUCLEO-U545RE-Q, NUCLEO-U5A5ZJ-Q, NUCLEO-WB05KZ, NUCLEO-WB07CC, NUCLEO-WB09KE, NUCLEO-WBA52CG, NUCLEO-WBA55CG, NUCLEO-WL33CC1, NUCLEO-WL33CC2, STEVAL-PROTEUS1, STEVAL-SMARTAG2, STEVAL-STWINBX1, STM320518-EVAL, STM32C0116-DK, STM32C011D6Y3TR, STM32C011D6Y6TR, STM32C011F4P3, STM32C011F4P6, STM32C011F4U3, STM32C011F4U6TR, STM32C011F6P3, STM32C011F6P6, STM32C011F6U3, STM32C011F6U6TR, STM32C011J4M3, STM32C011J4M6, STM32C011J6M3, STM32C011J6M6, STM32C0316-DK, STM32C031C4T3, STM32C031C4T6, STM32C031C4U3, STM32C031C4U6, STM32C031C6T3, STM32C031C6T6, STM32C031C6U3, STM32C031C6U6, STM32C031F4P3, STM32C031F4P6, STM32C031F6P3, STM32C031F6P6, STM32C031G4U3, STM32C031G4U6, STM32C031G6U3, STM32C031G6U6, STM32C031K4T3, STM32C031K4T6, STM32C031K4U3, STM32C031K4U6, STM32C031K6T3, STM32C031K6T6, STM32C031K6U3, STM32C031K6U6, STM32C051C6T6, STM32C051C6U6, STM32C051C8T6, STM32C051C8U6, STM32C051D8Y6TR, STM32C051F6P6, STM32C051F8P6, STM32C051G6U6, STM32C051G8U6, STM32C051K6T6, STM32C051K6U6, STM32C051K8T6, STM32C071C8T6, STM32C071C8T6N, STM32C071C8U6, STM32C071C8U6N, STM32C071CBT6, STM32C071CBT6N, STM32C071CBU6, STM32C071CBU6N, STM32C071F8P6, STM32C071F8P6N, STM32C071FBP6, STM32C071FBP6N, STM32C071FBY6TR, STM32C071G8U6, STM32C071G8U6N, STM32C071GBU6, STM32C071GBU6N, STM32C071K8T6, STM32C071K8T6N, STM32C071K8U6, STM32C071K8U6N, STM32C071KBT6, STM32C071KBT6N, STM32C071KBU6, STM32C071KBU6N, STM32C071R8T6, STM32C071R8T6N, STM32C071RBI6N, STM32C071RBT6, STM32C071RBT6N, STM32C091CBT6, STM32C091CBU6, STM32C091CCT6, STM32C091CCU6, STM32C091ECY6TR, STM32C091FBP6, STM32C091FCP6, STM32C091GBU6, STM32C091GCU6, STM32C091KBT6, STM32C091KBU6, STM32C091KCT6, STM32C091KCU6, STM32C091RBT6, STM32C091RCI6, STM32C091RCT6, STM32C092CBT6, STM32C092CBU6, STM32C092CCT6, STM32C092CCU6, STM32C092ECY6TR, STM32C092FBP6, STM32C092FCP6, STM32C092GBU6, STM32C092GCU6, STM32C092KBT6, STM32C092KBU6, STM32C092KCT6, STM32C092KCU6, STM32C092RBT6, STM32C092RCI6, STM32C092RCT6, STM32G071K8TXN, STM32G071K8UXN, STM32G081GBU6N, STM32G081KBT6N, STM32G081KBUXN, STM32G0B1CCT6N, STM32G0B1KCT6, STM32G0B1NEY6TR, STM32G0B1RCT6N, STM32G0C1CCT6, STM32G0C1CCT6N, STM32G0C1CCU6N, STM32G0C1CET6N, STM32G0C1CEU6N, STM32G0C1KCT6, STM32G0C1NEY6TR, STM32G0C1RCI6N, STM32G0C1RCT6N, STM32G0C1REI6N, STM32G0C1RET6N, STM32G0C1VCI6, STM32G0C1VEI6, STM32G411C6T3, STM32G411C6T6, STM32G411C6U3, STM32G411C6U6, STM32G411C8T3, STM32G411C8T6, STM32G411C8U3, STM32G411C8U6, STM32G411CBT3, STM32G411CBT6, STM32G411CBU3, STM32G411CBU6, STM32G411K6T3, STM32G411K6T6, STM32G411K6U3, STM32G411K6U6, STM32G411K8T3, STM32G411K8T6, STM32G411K8U3, STM32G411K8U6, STM32G411KBT3, STM32G411KBT6, STM32G411KBU3, STM32G411KBU6, STM32G411M6T3, STM32G411M6T6, STM32G411M8T3, STM32G411M8T6, STM32G411MBT3, STM32G411MBT6, STM32G411R6T3, STM32G411R6T6, STM32G411R8T3, STM32G411R8T6, STM32G411RBT3, STM32G411RBT6, STM32G414CBT3, STM32G414CBT6, STM32G414CBU3, STM32G414CBU6, STM32G414CCT3, STM32G414CCT6, STM32G414CCU3, STM32G414CCU6, STM32G414MBT3, STM32G414MBT6, STM32G414MCT3, STM32G414MCT6, STM32G414RBT3, STM32G414RBT6, STM32G414RCT3, STM32G414RCT6, STM32G414VBT3, STM32G414VBT6, STM32G414VCT3, STM32G414VCT6, STM32G431CBT3Z, STM32G431RBT3Z, STM32G471CCT6, STM32G471CCU6, STM32G471CET3, STM32G471CET6, STM32G471CEU3, STM32G471CEU6, STM32G471MCT6, STM32G471MET3, STM32G471MET6, STM32G471MEY6TR, STM32G471QCT6, STM32G471QET3, STM32G471RCT6, STM32G471RET3, STM32G471RET6, STM32G471VCH6, STM32G471VCI6, STM32G471VCT6, STM32G471VEH3, STM32G471VEH6, STM32G471VEI3, STM32G471VEI6, STM32G471VET3, STM32G471VET6, STM32G473QET3Z, STM32G473RET3Z, STM32G474CCT6, STM32G491RET3Z, STM32H503CBT6, STM32H503CBU6, STM32H503EBY6TR, STM32H503KBU6, STM32H503RBT6, STM32H523CCT6, STM32H523CCU6, STM32H523CET6, STM32H523CEU6, STM32H523HEY6TR, STM32H523RCT6, STM32H523RET6, STM32H523VCI6, STM32H523VCT6, STM32H523VEI6, STM32H523VET6, STM32H523ZCJ6, STM32H523ZCT6, STM32H523ZEJ6, STM32H523ZET6, STM32H533CET6, STM32H533CEU6, STM32H533HEY6TR, STM32H533RET6, STM32H533VEI6, STM32H533VET6, STM32H533ZEJ6, STM32H533ZET6, STM32H562AGI6, STM32H562AII6, STM32H562IGK6, STM32H562IGT6, STM32H562IIK6, STM32H562IIT6, STM32H562RGT6, STM32H562RGV6, STM32H562RIT6, STM32H562RIV6, STM32H562VGT6, STM32H562VIT6, STM32H562ZGT6, STM32H562ZIT6, STM32H563AGI6, STM32H563AII3Q, STM32H563AII6, STM32H563IGK6, STM32H563IGT6, STM32H563IIK3Q, STM32H563IIK6, STM32H563IIT3Q, STM32H563IIT6, STM32H563MIY3QTR, STM32H563RGT6, STM32H563RGV6, STM32H563RIT6, STM32H563RIV6, STM32H563VGT6, STM32H563VIT3Q, STM32H563VIT6, STM32H563ZGT6, STM32H563ZIT3Q, STM32H563ZIT6, STM32H573AII3Q, STM32H573AII6, STM32H573I-DK, STM32H573IIK3Q, STM32H573IIK6, STM32H573IIT3Q, STM32H573IIT6, STM32H573MIY3QTR, STM32H573RIT6, STM32H573RIV6, STM32H573VIT3Q, STM32H573VIT6, STM32H573ZIT3Q, STM32H573ZIT6, STM32H7R3A8I6, STM32H7R3I8K6, STM32H7R3I8T6, STM32H7R3L8H6, STM32H7R3L8H6H, STM32H7R3R8V6, STM32H7R3V8H6, STM32H7R3V8T6, STM32H7R3V8Y6TR, STM32H7R3Z8J6, STM32H7R3Z8T6, STM32H7R7A8I6, STM32H7R7I8K6, STM32H7R7I8T6, STM32H7R7L8H6, STM32H7R7L8H6H, STM32H7R7Z8J6, STM32H7S3A8I6, STM32H7S3I8K6, STM32H7S3I8T6, STM32H7S3L8H6, STM32H7S3L8H6H, STM32H7S3R8V6, STM32H7S3V8H6, STM32H7S3V8T6, STM32H7S3V8Y6TR, STM32H7S3Z8J6, STM32H7S3Z8T6, STM32H7S78-DK, STM32H7S7A8I6, STM32H7S7I8K6, STM32H7S7I8T6, STM32H7S7L8H6, STM32H7S7L8H6H, STM32H7S7Z8J6, STM32L4R5QGI6STR, STM32MP131AAE3, STM32MP131AAF3, STM32MP131AAG3, STM32MP131CAE3, STM32MP131CAF3, STM32MP131CAG3, STM32MP131DAE7, STM32MP131DAF7, STM32MP131DAG7, STM32MP131FAE7, STM32MP131FAF7, STM32MP131FAG7, STM32MP133AAE3, STM32MP133AAF3, STM32MP133AAG3, STM32MP133CAE3, STM32MP133CAF3, STM32MP133CAG3, STM32MP133DAE7, STM32MP133DAF7, STM32MP133DAG7, STM32MP133FAE7, STM32MP133FAF7, STM32MP133FAG7, STM32MP135AAE3, STM32MP135AAF3, STM32MP135AAG3, STM32MP135CAE3, STM32MP135CAF3, STM32MP135CAG3, STM32MP135DAE7, STM32MP135DAF7, STM32MP135DAG7, STM32MP135F-DK, STM32MP135FAE7, STM32MP135FAF7, STM32MP135FAF7T, STM32MP135FAF7U, STM32MP135FAG7, STM32MP211AAL3, STM32MP211AAM3, STM32MP211AAN3, STM32MP211AAO3, STM32MP211CAL3, STM32MP211CAM3, STM32MP211CAN3, STM32MP211CAO3, STM32MP211DAL3, STM32MP211DAM3, STM32MP211DAN3, STM32MP211DAO3, STM32MP211FAL3, STM32MP211FAM3, STM32MP211FAN3, STM32MP211FAO3, STM32MP213AAL3, STM32MP213AAM3, STM32MP213AAN3, STM32MP213AAO3, STM32MP213CAL3, STM32MP213CAM3, STM32MP213CAN3, STM32MP213CAO3, STM32MP213DAL3, STM32MP213DAM3, STM32MP213DAN3, STM32MP213DAO3, STM32MP213FAL3, STM32MP213FAM3, STM32MP213FAN3, STM32MP213FAO3, STM32MP215AAL3, STM32MP215AAM3, STM32MP215AAN3, STM32MP215AAO3, STM32MP215CAL3, STM32MP215CAM3, STM32MP215CAN3, STM32MP215CAO3, STM32MP215DAL3, STM32MP215DAM3, STM32MP215DAN3, STM32MP215DAO3, STM32MP215F-DK, STM32MP215FAL3, STM32MP215FAM3, STM32MP215FAN3, STM32MP215FAO3, STM32MP231AAJ3, STM32MP231AAK3, STM32MP231AAL3, STM32MP231CAJ3, STM32MP231CAK3, STM32MP231CAL3, STM32MP231DAJ3, STM32MP231DAK3, STM32MP231DAL3, STM32MP231FAJ3, STM32MP231FAK3, STM32MP231FAL3, STM32MP233AAJ3, STM32MP233AAK3, STM32MP233AAL3, STM32MP233CAJ3, STM32MP233CAK3, STM32MP233CAL3, STM32MP233DAJ3, STM32MP233DAK3, STM32MP233DAL3, STM32MP233FAJ3, STM32MP233FAK3, STM32MP233FAL3, STM32MP235AAJ3, STM32MP235AAK3, STM32MP235AAL3, STM32MP235CAJ3, STM32MP235CAK3, STM32MP235CAL3, STM32MP235DAJ3, STM32MP235DAK3, STM32MP235DAL3, STM32MP235FAJ3, STM32MP235FAK3, STM32MP235FAL3, STM32MP251AAI3, STM32MP251AAK3, STM32MP251AAL3, STM32MP251CAI3, STM32MP251CAK3, STM32MP251CAL3, STM32MP251DAI3, STM32MP251DAK3, STM32MP251DAL3, STM32MP251FAI3, STM32MP251FAK3, STM32MP251FAL3, STM32MP253AAI3, STM32MP253AAK3, STM32MP253AAL3, STM32MP253CAI3, STM32MP253CAK3, STM32MP253CAL3, STM32MP253DAI3, STM32MP253DAK3, STM32MP253DAL3, STM32MP253FAI3, STM32MP253FAK3, STM32MP253FAL3, STM32MP255AAI3, STM32MP255AAK3, STM32MP255AAL3, STM32MP255CAI3, STM32MP255CAK3, STM32MP255CAL3, STM32MP255DAI3, STM32MP255DAK3, STM32MP255DAL3, STM32MP255FAI3, STM32MP255FAK3, STM32MP255FAL3, STM32MP257AAI3, STM32MP257AAK3, STM32MP257AAL3, STM32MP257CAI3, STM32MP257CAK3, STM32MP257CAL3, STM32MP257DAI3, STM32MP257DAK3, STM32MP257DAL3, STM32MP257F-DK, STM32MP257F-EV1, STM32MP257FAI3, STM32MP257FAK3, STM32MP257FAL3, STM32N645A0H3Q, STM32N645B0H3Q, STM32N645I0H3Q, STM32N645L0H3Q, STM32N645X0H3Q, STM32N645Z0H3Q, STM32N647A0H3Q, STM32N647B0H3Q, STM32N647I0H3Q, STM32N647L0H3Q, STM32N647X0H3Q, STM32N647Z0H3Q, STM32N655A0H3Q, STM32N655B0H3Q, STM32N655I0H3Q, STM32N655L0H3Q, STM32N655X0H3Q, STM32N655Z0H3Q, STM32N6570-DK, STM32N657A0H3Q, STM32N657B0H3Q, STM32N657I0H3Q, STM32N657L0H3Q, STM32N657X0H3Q, STM32N657Z0H3Q, STM32U031C6T6, STM32U031C6U6, STM32U031C8T6, STM32U031C8U6, STM32U031F4P6, STM32U031F6P6, STM32U031F8P6, STM32U031G6Y6TR, STM32U031G8Y6TR, STM32U031K4U6, STM32U031K6U6, STM32U031K8U6, STM32U031R6I6, STM32U031R6T6, STM32U031R8I6, STM32U031R8T6, STM32U073C8T6, STM32U073C8U6, STM32U073CBT6, STM32U073CBU6, STM32U073CCT6, STM32U073CCU6, STM32U073H8Y6TR, STM32U073HBY6TR, STM32U073HCY6TR, STM32U073K8U6, STM32U073KBU6, STM32U073KCU6, STM32U073M8I6, STM32U073M8T6, STM32U073MBI6, STM32U073MBT6, STM32U073MCI6, STM32U073MCT6, STM32U073R8I6, STM32U073R8T6, STM32U073RBI6, STM32U073RBT6, STM32U073RCI6, STM32U073RCT6, STM32U083C-DK, STM32U083CCT6, STM32U083CCU6, STM32U083HCY6TR, STM32U083KCU6, STM32U083MCI6, STM32U083MCT6, STM32U083RCI6, STM32U083RCT6, STM32U375CET6, STM32U375CET6Q, STM32U375CEU6, STM32U375CEU6Q, STM32U375CEY6QTR, STM32U375CGT6, STM32U375CGT6Q, STM32U375CGU6, STM32U375CGU6Q, STM32U375CGY6QTR, STM32U375KEU6, STM32U375KGU6, STM32U375REI6, STM32U375REI6Q, STM32U375RET6, STM32U375RET6Q, STM32U375REY6GTR, STM32U375REY6QTR, STM32U375RGI6, STM32U375RGI6Q, STM32U375RGT6, STM32U375RGT6Q, STM32U375RGY6GTR, STM32U375RGY6QTR, STM32U375VEI6, STM32U375VEI6Q, STM32U375VET6, STM32U375VET6Q, STM32U375VGI6, STM32U375VGI6Q, STM32U375VGT6, STM32U375VGT6Q, STM32U385CGT6, STM32U385CGT6Q, STM32U385CGU6, STM32U385CGU6Q, STM32U385CGY6QTR, STM32U385KGU6, STM32U385RGI6, STM32U385RGI6Q, STM32U385RGT6, STM32U385RGT6Q, STM32U385RGY6GTR, STM32U385RGY6QTR, STM32U385VGI6, STM32U385VGI6Q, STM32U385VGT6, STM32U385VGT6Q, STM32U535CBT6, STM32U535CBT6Q, STM32U535CBU6, STM32U535CBU6Q, STM32U535CCT6, STM32U535CCT6Q, STM32U535CCU6, STM32U535CCU6Q, STM32U535CET6, STM32U535CET6Q, STM32U535CEU6, STM32U535CEU6Q, STM32U535JEY6QTR, STM32U535NCY6QTR, STM32U535NEY6QTR, STM32U535RBI6, STM32U535RBI6Q, STM32U535RBT6, STM32U535RBT6Q, STM32U535RCI6, STM32U535RCI6Q, STM32U535RCT6, STM32U535RCT6Q, STM32U535REI6, STM32U535REI6Q, STM32U535RET6, STM32U535RET6Q, STM32U535VCI6, STM32U535VCI6Q, STM32U535VCT6, STM32U535VCT6Q, STM32U535VEI6, STM32U535VEI6Q, STM32U535VET6, STM32U535VET6Q, STM32U545CET6, STM32U545CET6Q, STM32U545CEU6, STM32U545CEU6Q, STM32U545JEY6QTR, STM32U545NEY6QTR, STM32U545REI6, STM32U545REI6Q, STM32U545RET6, STM32U545RET6Q, STM32U545VEI6, STM32U545VEI6Q, STM32U545VET6, STM32U545VET6Q, STM32U595AIH6, STM32U595AIH6Q, STM32U595AJH6, STM32U595AJH6Q, STM32U595QII6, STM32U595QII6Q, STM32U595QJI6, STM32U595QJI6Q, STM32U595RIT6, STM32U595RIT6Q, STM32U595RJT6, STM32U595RJT6Q, STM32U595VIT6, STM32U595VIT6Q, STM32U595VJT6, STM32U595VJT6Q, STM32U595ZIT6, STM32U595ZIT6Q, STM32U595ZIY6QTR, STM32U595ZJT6, STM32U595ZJT6Q, STM32U595ZJY6QTR, STM32U599BJY6QTR, STM32U599NIH6Q, STM32U599NJH6Q, STM32U599VIT6Q, STM32U599VJT6, STM32U599VJT6Q, STM32U599ZIT6Q, STM32U599ZIY6QTR, STM32U599ZJT6Q, STM32U599ZJY6QTR, STM32U5A5AJH6, STM32U5A5AJH6Q, STM32U5A5QII3Q , STM32U5A5QJI6, STM32U5A5QJI6Q, STM32U5A5RJT6, STM32U5A5RJT6Q, STM32U5A5VJT6, STM32U5A5VJT6Q, STM32U5A5ZJT6, STM32U5A5ZJT6Q, STM32U5A5ZJY6QTR, STM32U5A9BJY6QTR, STM32U5A9J-DK, STM32U5A9NJH6Q, STM32U5A9VJT6Q, STM32U5A9ZJT6Q, STM32U5A9ZJY6QTR, STM32U5F7VIT6, STM32U5F7VIT6Q, STM32U5F7VJT6, STM32U5F7VJT6Q, STM32U5F9BJY6QTR, STM32U5F9NJH6Q, STM32U5F9VIT6Q, STM32U5F9VJT6Q, STM32U5F9ZIJ6QTR, STM32U5F9ZIT6Q, STM32U5F9ZJJ6QTR, STM32U5F9ZJT6Q, STM32U5G7VJT6, STM32U5G7VJT6Q, STM32U5G9BJY6QTR, STM32U5G9J-DK1, STM32U5G9J-DK2, STM32U5G9NJH6Q, STM32U5G9VJT6Q, STM32U5G9ZJJ6QTR, STM32U5G9ZJT6Q, STM32WB05KZV6TR, STM32WB05KZV7TR, STM32WB05TZF6TR, STM32WB05TZF7TR, STM32WB06CCF6TR, STM32WB06CCF7TR, STM32WB06CCV6TR, STM32WB06CCV7TR, STM32WB06KCV6TR, STM32WB06KCV7TR, STM32WB07CCF6TR, STM32WB07CCF7TR, STM32WB07CCV6TR, STM32WB07CCV7TR, STM32WB07KCV6TR, STM32WB07KCV7TR, STM32WB09KEV6TR, STM32WB09KEV7TR, STM32WB09TEF6TR, STM32WB09TEF7TR, STM32WB1MMCH6, STM32WBA50KGU6, STM32WBA50KGU6TR, STM32WBA52CEU6, STM32WBA52CEU6TR, STM32WBA52CEU7, STM32WBA52CEU7TR, STM32WBA52CGU6, STM32WBA52CGU6TR, STM32WBA52CGU6U, STM32WBA52CGU7, STM32WBA52CGU7TR, STM32WBA52KEU6, STM32WBA52KEU6TR, STM32WBA52KGU6, STM32WBA52KGU6TR, STM32WBA54CEU6, STM32WBA54CEU6TR, STM32WBA54CEU7, STM32WBA54CEU7TR, STM32WBA54CGU6, STM32WBA54CGU6TR, STM32WBA54CGU7, STM32WBA54CGU7TR, STM32WBA54KEU6, STM32WBA54KEU6TR, STM32WBA54KEU7, STM32WBA54KEU7TR, STM32WBA54KGU6, STM32WBA54KGU6TR, STM32WBA54KGU7, STM32WBA54KGU7TR, STM32WBA55CEU6, STM32WBA55CEU6TR, STM32WBA55CEU7, STM32WBA55CEU7TR, STM32WBA55CGU6, STM32WBA55CGU6TR, STM32WBA55CGU6U, STM32WBA55CGU7, STM32WBA55CGU7TR, STM32WBA55G-DK1, STM32WBA55HEF6, STM32WBA55HEF7, STM32WBA55HGF6, STM32WBA55HGF7, STM32WBA55UEI6, STM32WBA55UEI6TR, STM32WBA55UEI7, STM32WBA55UEI7TR, STM32WBA55UGI6, STM32WBA55UGI6TR, STM32WBA55UGI7, STM32WBA55UGI7TR, STM32WBA5MMGH6TR, STM32WBA62MGF6, STM32WBA62MIF6, STM32WBA65MGF7, STM32WBA65MIF6, STM32WBA65MIF7, STM32WL30K8V6, STM32WL30KBV6, STM32WL31C8V6, STM32WL31CBV6, STM32WL31K8V6, STM32WL31KBV6, STM32WL33C8V6, STM32WL33C8V6X, STM32WL33CBV6, STM32WL33CBV6X, STM32WL33CCV6, STM32WL33CCV6A, STM32WL33CCV6X, STM32WL33K8V7, STM32WL33K8V7X, STM32WL33KBV7 , STM32WL33KBV7X, STM32WL33KCV7, STM32WL33KCV7X, STM32WL5MOCH6, STM32WL5MOCH6TR]
2026-03-30 18:37:07,487 [INFO] DbMcus:218 - Found 5055 MCUs, 4968 are supported
2026-03-30 18:37:07,489 [INFO] ApiDb:423 - Load user favorites file C:\Users\kujon/.stm32cubeide/favorites.mcus.txt: 0 item(s)
2026-03-30 18:37:07,489 [INFO] ApiDb:427 - User favorites MCUs=[]
2026-03-30 18:37:07,489 [INFO] DbMcus:224 - Set 0 / 0 favorites MCUs
2026-03-30 18:37:07,958 [INFO] BoardInfo:889 - No configuration file found for board NUCLEO-H5E5ZJ
2026-03-30 18:37:07,959 [INFO] DbBoards:161 - Board is not supported: NUCLEO-H5E5ZJ
2026-03-30 18:37:08,008 [INFO] BoardInfo:889 - No configuration file found for board NUCLEO-U3C5ZI-Q
2026-03-30 18:37:08,009 [INFO] DbBoards:161 - Board is not supported: NUCLEO-U3C5ZI-Q
2026-03-30 18:37:08,020 [INFO] BoardInfo:889 - No configuration file found for board NUCLEO-WBA25CE1
2026-03-30 18:37:08,020 [INFO] DbBoards:161 - Board is not supported: NUCLEO-WBA25CE1
2026-03-30 18:37:08,026 [INFO] BoardInfo:889 - No configuration file found for board NUCLEO-WL3RKB1
2026-03-30 18:37:08,027 [INFO] DbBoards:161 - Board is not supported: NUCLEO-WL3RKB1
2026-03-30 18:37:08,028 [INFO] BoardInfo:889 - No configuration file found for board NUCLEO-WL3RKB2
2026-03-30 18:37:08,028 [INFO] DbBoards:161 - Board is not supported: NUCLEO-WL3RKB2
2026-03-30 18:37:08,037 [INFO] BoardInfo:889 - No configuration file found for board P-NUCLEO-WB55
2026-03-30 18:37:08,037 [INFO] DbBoards:161 - Kit is not supported: P-NUCLEO-WB55
2026-03-30 18:37:08,044 [INFO] BoardInfo:889 - No configuration file found for board STEVAL-BFA001V1B
2026-03-30 18:37:08,044 [INFO] DbBoards:161 - Kit is not supported: STEVAL-BFA001V1B
2026-03-30 18:37:08,046 [INFO] BoardInfo:889 - No configuration file found for board STEVAL-BFA001V2B
2026-03-30 18:37:08,046 [INFO] DbBoards:161 - Kit is not supported: STEVAL-BFA001V2B
2026-03-30 18:37:08,117 [INFO] BoardInfo:889 - No configuration file found for board STM32H5F5J-DK
2026-03-30 18:37:08,118 [INFO] DbBoards:161 - Board is not supported: STM32H5F5J-DK
2026-03-30 18:37:08,174 [INFO] DbBoards:168 - Found 218 boards, 209 are supported
2026-03-30 18:37:08,175 [INFO] DbBoards:169 - Found 218 boards, 43 of them is supported for  Bsp
2026-03-30 18:37:08,182 [INFO] ApiDb:423 - Load user favorites file C:\Users\kujon/.stm32cubeide/favorites.boards.txt: 0 item(s)
2026-03-30 18:37:08,182 [INFO] ApiDb:427 - User favorites Boards=[]
2026-03-30 18:37:08,182 [INFO] DbBoards:198 - Set 0 / 0 favorites Boards
2026-03-30 18:37:08,225 [INFO] UtilMem:75 - End LoadConfig() Used Memory: 215495560 Bytes (395313152)
2026-03-30 18:37:08,463 [WARN] ThirdParty:833 - waiting for thirdparty lock release [change project]
2026-03-30 18:37:08,463 [INFO] ThirdParty:835 - entering critical section [change project]
2026-03-30 18:37:08,463 [INFO] ThirdParty:1030 - CMSIS Pack Vendor :STMicroelectronics X-CUBE-AZRTOS-H7 3.5.0
2026-03-30 18:37:08,463 [INFO] ThirdParty:1030 - CMSIS Pack Vendor :STMicroelectronics X-CUBE-PM33A1 1.0.0
2026-03-30 18:37:08,463 [INFO] ThirdParty:1030 - CMSIS Pack Vendor :STMicroelectronics USBPD 4.1
2026-03-30 18:37:08,463 [INFO] ThirdParty:1030 - CMSIS Pack Vendor :STMicroelectronics X-CUBE-GNSS1 6.0.0
2026-03-30 18:37:08,463 [INFO] ThirdParty:1030 - CMSIS Pack Vendor :STMicroelectronics USB_HOST 2.0.0
2026-03-30 18:37:08,464 [INFO] ThirdParty:1030 - CMSIS Pack Vendor :STMicroelectronics FP-SNS-MOTENVWB1 1.4.0
2026-03-30 18:37:08,464 [INFO] ThirdParty:1030 - CMSIS Pack Vendor :STMicroelectronics X-CUBE-AZRTOS-F4 1.1.0
2026-03-30 18:37:08,464 [INFO] ThirdParty:1030 - CMSIS Pack Vendor :STMicroelectronics LIBJPEG 8.0.0
2026-03-30 18:37:08,464 [INFO] ThirdParty:1030 - CMSIS Pack Vendor :STMicroelectronics FP-ATR-ASTRA1 2.0.2
2026-03-30 18:37:08,464 [INFO] ThirdParty:1030 - CMSIS Pack Vendor :Avnet-IotConnect X-CUBE-IoTC-DA16k-PMOD 1.0.0
2026-03-30 18:37:08,464 [INFO] ThirdParty:1030 - CMSIS Pack Vendor :STMicroelectronics X-CUBE-SMBUS 2.1.0
2026-03-30 18:37:08,464 [INFO] ThirdParty:1030 - CMSIS Pack Vendor :STMicroelectronics X-CUBE-ISPU 2.1.0
2026-03-30 18:37:08,464 [INFO] ThirdParty:1030 - CMSIS Pack Vendor :STMicroelectronics X-CUBE-IPS 3.2.0
2026-03-30 18:37:08,464 [INFO] ThirdParty:1030 - CMSIS Pack Vendor :STMicroelectronics X-CUBE-ST60 1.0.0
2026-03-30 18:37:08,464 [INFO] ThirdParty:1030 - CMSIS Pack Vendor :STMicroelectronics X-CUBE-NFC12 1.0.0
2026-03-30 18:37:08,464 [INFO] ThirdParty:1030 - CMSIS Pack Vendor :STMicroelectronics X-CUBE-AZRTOS-F7 1.1.0
2026-03-30 18:37:08,464 [INFO] ThirdParty:1030 - CMSIS Pack Vendor :STMicroelectronics X-CUBE-AZRTOS-L5 2.0.0
2026-03-30 18:37:08,464 [INFO] ThirdParty:1030 - CMSIS Pack Vendor :STMicroelectronics USB_DEVICE 2.0.0
2026-03-30 18:37:08,464 [INFO] ThirdParty:1030 - CMSIS Pack Vendor :STMicroelectronics X-CUBE-NFC6 3.1.0
2026-03-30 18:37:08,464 [INFO] ThirdParty:1030 - CMSIS Pack Vendor :STMicroelectronics X-CUBE-BLE1 6.2.4
2026-03-30 18:37:08,464 [INFO] ThirdParty:1030 - CMSIS Pack Vendor :STMicroelectronics FP-SNS-MOTENV1 5.1.0
2026-03-30 18:37:08,464 [INFO] ThirdParty:1030 - CMSIS Pack Vendor :STMicroelectronics FreeRTOS 0.0.1
2026-03-30 18:37:08,464 [INFO] ThirdParty:1030 - CMSIS Pack Vendor :emotas I-CUBE-CANOPEN 1.1.3
2026-03-30 18:37:08,464 [INFO] ThirdParty:1030 - CMSIS Pack Vendor :WES I-CUBE-Cesium 1.4.0
2026-03-30 18:37:08,464 [INFO] ThirdParty:1030 - CMSIS Pack Vendor :Infineon AIROC-Wi-Fi-Bluetooth-STM32 1.7.1
2026-03-30 18:37:08,464 [INFO] ThirdParty:1030 - CMSIS Pack Vendor :STMicroelectronics PDM2PCM 3.3.0
2026-03-30 18:37:08,464 [INFO] ThirdParty:1030 - CMSIS Pack Vendor :STMicroelectronics X-CUBE-AZRTOS-H7 3.4.0
2026-03-30 18:37:08,464 [INFO] ThirdParty:1030 - CMSIS Pack Vendor :STMicroelectronics X-CUBE-DISPLAY 3.0.0
2026-03-30 18:37:08,464 [INFO] ThirdParty:1030 - CMSIS Pack Vendor :STMicroelectronics FP-SNS-MOTENVWB1 1.5.0
2026-03-30 18:37:08,464 [INFO] ThirdParty:1030 - CMSIS Pack Vendor :STMicroelectronics X-CUBE-NFC10 1.0.0
2026-03-30 18:37:08,464 [INFO] ThirdParty:1030 - CMSIS Pack Vendor :wolfSSL I-CUBE-wolfSSL 5.5.4
2026-03-30 18:37:08,464 [INFO] ThirdParty:1030 - CMSIS Pack Vendor :STMicroelectronics X-CUBE-FREERTOS 1.3.1
2026-03-30 18:37:08,464 [INFO] ThirdParty:1030 - CMSIS Pack Vendor :STMicroelectronics HAL Drivers 0.0.0
2026-03-30 18:37:08,464 [INFO] ThirdParty:1030 - CMSIS Pack Vendor :STMicroelectronics X-CUBE-ST60 1.1.0
2026-03-30 18:37:08,464 [INFO] ThirdParty:1030 - CMSIS Pack Vendor :emotas I-CUBE-CANOPEN 1.3.0
2026-03-30 18:37:08,464 [INFO] ThirdParty:1030 - CMSIS Pack Vendor :STMicroelectronics MBEDTLS 2.14.1
2026-03-30 18:37:08,464 [INFO] ThirdParty:1030 - CMSIS Pack Vendor :STMicroelectronics X-CUBE-GNSS1 7.1.0
2026-03-30 18:37:08,465 [INFO] ThirdParty:1030 - CMSIS Pack Vendor :STMicroelectronics X-CUBE-NFC7 1.0.0
2026-03-30 18:37:08,465 [INFO] ThirdParty:1030 - CMSIS Pack Vendor :STMicroelectronics X-CUBE-TOUCHGFX 4.26.0
2026-03-30 18:37:08,465 [INFO] ThirdParty:1030 - CMSIS Pack Vendor :STMicroelectronics X-CUBE-TOUCHGFX 4.26.1
2026-03-30 18:37:08,465 [INFO] ThirdParty:1030 - CMSIS Pack Vendor :STMicroelectronics X-CUBE-EEPRMA1 4.1.0
2026-03-30 18:37:08,465 [INFO] ThirdParty:1030 - CMSIS Pack Vendor :STMicroelectronics FP-SNS-STBOX1 2.1.0
2026-03-30 18:37:08,465 [INFO] ThirdParty:1030 - CMSIS Pack Vendor :STMicroelectronics FP-SNS-STAIOTCFT 1.0.0
2026-03-30 18:37:08,465 [INFO] ThirdParty:1030 - CMSIS Pack Vendor :STMicroelectronics FP-SNS-SMARTAG2 1.2.0
2026-03-30 18:37:08,465 [INFO] ThirdParty:1030 - CMSIS Pack Vendor :STMicroelectronics FP-SNS-FLIGHT1 5.1.0
2026-03-30 18:37:08,465 [INFO] ThirdParty:1030 - CMSIS Pack Vendor :STMicroelectronics X-CUBE-AZRTOS-WL 2.0.0
2026-03-30 18:37:08,465 [INFO] ThirdParty:1030 - CMSIS Pack Vendor :STMicroelectronics X-CUBE-DPower 1.3.0
2026-03-30 18:37:08,465 [INFO] ThirdParty:1030 - CMSIS Pack Vendor :STMicroelectronics FP-SNS-MOTENV1 5.0.0
2026-03-30 18:37:08,465 [INFO] ThirdParty:1030 - CMSIS Pack Vendor :STMicroelectronics USB_DEVICE 1.0.0
2026-03-30 18:37:08,465 [INFO] ThirdParty:1030 - CMSIS Pack Vendor :STMicroelectronics X-CUBE-AZRTOS-H7RS 1.2.0
2026-03-30 18:37:08,465 [INFO] ThirdParty:1030 - CMSIS Pack Vendor :STMicroelectronics X-CUBE-AZRTOS-L4 2.0.0
2026-03-30 18:37:08,465 [INFO] ThirdParty:1030 - CMSIS Pack Vendor :STMicroelectronics ThreadX 0.0.2
2026-03-30 18:37:08,465 [INFO] ThirdParty:1030 - CMSIS Pack Vendor :STMicroelectronics lwIP 2.1.2
2026-03-30 18:37:08,465 [INFO] ThirdParty:1030 - CMSIS Pack Vendor :STMicroelectronics X-CUBE-SFXS2LP1 4.0.0
2026-03-30 18:37:08,465 [INFO] ThirdParty:1030 - CMSIS Pack Vendor :STMicroelectronics X-CUBE-BLE2 3.3.0
2026-03-30 18:37:08,465 [INFO] ThirdParty:1030 - CMSIS Pack Vendor :Avnet-IOTCONNECT X-CUBE-iotc-st67-sdk 1.0.0
2026-03-30 18:37:08,465 [INFO] ThirdParty:1030 - CMSIS Pack Vendor :STMicroelectronics X-CUBE-TOF1 3.2.0
2026-03-30 18:37:08,465 [INFO] ThirdParty:1030 - CMSIS Pack Vendor :STMicroelectronics PDM2PCM 3.2.0
2026-03-30 18:37:08,465 [INFO] ThirdParty:1030 - CMSIS Pack Vendor :STMicroelectronics X-CUBE-AZRTOS-H7 3.0.0
2026-03-30 18:37:08,465 [INFO] ThirdParty:1030 - CMSIS Pack Vendor :STMicroelectronics X-CUBE-ST67W61 1.2.0
2026-03-30 18:37:08,465 [INFO] ThirdParty:1030 - CMSIS Pack Vendor :STMicroelectronics X-CUBE-ISPU 1.1.0
2026-03-30 18:37:08,465 [INFO] ThirdParty:1030 - CMSIS Pack Vendor :RoweBots I-CUBE-UNISONRTOS 5.5.0-4
2026-03-30 18:37:08,465 [INFO] ThirdParty:1030 - CMSIS Pack Vendor :STMicroelectronics X-CUBE-NFC9 1.0.0
2026-03-30 18:37:08,465 [INFO] ThirdParty:1030 - CMSIS Pack Vendor :wolfSSL I-CUBE-wolfSSL 5.8.2
2026-03-30 18:37:08,465 [INFO] ThirdParty:1030 - CMSIS Pack Vendor :STMicroelectronics X-CUBE-BLE1 7.1.0
2026-03-30 18:37:08,465 [INFO] ThirdParty:1030 - CMSIS Pack Vendor :wolfSSL I-CUBE-wolfMQTT 1.19.2
2026-03-30 18:37:08,466 [INFO] ThirdParty:1030 - CMSIS Pack Vendor :STMicroelectronics USB_DEVICE 3.0.0
2026-03-30 18:37:08,466 [INFO] ThirdParty:1030 - CMSIS Pack Vendor :STMicroelectronics X-CUBE-FREERTOS 1.4.0
2026-03-30 18:37:08,466 [INFO] ThirdParty:1030 - CMSIS Pack Vendor :STMicroelectronics X-CUBE-EEPRMA1 5.2.0
2026-03-30 18:37:08,466 [INFO] ThirdParty:1030 - CMSIS Pack Vendor :STMicroelectronics X-CUBE-BLEMGR 4.1.0
2026-03-30 18:37:08,466 [INFO] ThirdParty:1030 - CMSIS Pack Vendor :STMicroelectronics X-CUBE-AI 8.0.0
2026-03-30 18:37:08,466 [INFO] ThirdParty:1030 - CMSIS Pack Vendor :STMicroelectronics X-CUBE-AZRTOS-WB 2.0.0
2026-03-30 18:37:08,466 [INFO] ThirdParty:1030 - CMSIS Pack Vendor :STMicroelectronics X-CUBE-TOUCHGFX 4.21.1
2026-03-30 18:37:08,466 [INFO] ThirdParty:1030 - CMSIS Pack Vendor :STMicroelectronics X-CUBE-GNSS1 7.0.1
2026-03-30 18:37:08,466 [INFO] ThirdParty:1030 - CMSIS Pack Vendor :STMicroelectronics X-CUBE-TOUCHGFX 4.25.0
2026-03-30 18:37:08,466 [INFO] ThirdParty:1030 - CMSIS Pack Vendor :STMicroelectronics X-CUBE-ST67W61 1.1.0
2026-03-30 18:37:08,466 [INFO] ThirdParty:1030 - CMSIS Pack Vendor :quantropi X-CUBE-qispace-sdk-base 2.1.0
2026-03-30 18:37:08,466 [INFO] ThirdParty:1030 - CMSIS Pack Vendor :STMicroelectronics X-CUBE-MEMS1 12.0.0
2026-03-30 18:37:08,466 [INFO] ThirdParty:1030 - CMSIS Pack Vendor :STMicroelectronics X-CUBE-ALGOBUILD 1.3.0
2026-03-30 18:37:08,466 [INFO] ThirdParty:1030 - CMSIS Pack Vendor :STMicroelectronics X-CUBE-STSE01 2.0.0
2026-03-30 18:37:08,466 [INFO] ThirdParty:1030 - CMSIS Pack Vendor :STMicroelectronics X-CUBE-AZRTOS-L5 1.1.0
2026-03-30 18:37:08,466 [INFO] ThirdParty:1030 - CMSIS Pack Vendor :STMicroelectronics X-CUBE-AZRTOS-G0 1.1.0
2026-03-30 18:37:08,466 [INFO] ThirdParty:1030 - CMSIS Pack Vendor :STMicroelectronics X-CUBE-SAFEA1 1.2.2
2026-03-30 18:37:08,466 [INFO] ThirdParty:1030 - CMSIS Pack Vendor :STMicroelectronics X-CUBE-NFC4 3.0.0
2026-03-30 18:37:08,466 [INFO] ThirdParty:1030 - CMSIS Pack Vendor :STMicroelectronics X-CUBE-SUBG2 5.0.0
2026-03-30 18:37:08,466 [INFO] ThirdParty:1030 - CMSIS Pack Vendor :STMicroelectronics X-CUBE-AZRTOS-H7RS 1.1.0
2026-03-30 18:37:08,466 [INFO] ThirdParty:1030 - CMSIS Pack Vendor :STMicroelectronics STM32_WPAN 1.0.0
2026-03-30 18:37:08,466 [INFO] ThirdParty:1030 - CMSIS Pack Vendor :EmbeddedOffice I-CUBE-FS-RTOS 1.0.1
2026-03-30 18:37:08,466 [INFO] ThirdParty:1030 - CMSIS Pack Vendor :STMicroelectronics lwIP 2.0.3
2026-03-30 18:37:08,466 [INFO] ThirdParty:1030 - CMSIS Pack Vendor :Cesanta I-CUBE-Mongoose 7.13.0
2026-03-30 18:37:08,466 [INFO] ThirdParty:1030 - CMSIS Pack Vendor :STMicroelectronics USB_HOST 1.0.0
2026-03-30 18:37:08,466 [INFO] ThirdParty:1030 - CMSIS Pack Vendor :STMicroelectronics X-CUBE-AZRTOS-G4 2.0.0
2026-03-30 18:37:08,466 [INFO] ThirdParty:1030 - CMSIS Pack Vendor :STMicroelectronics X-CUBE-WB05N 2.0.0
2026-03-30 18:37:08,466 [INFO] ThirdParty:1030 - CMSIS Pack Vendor :STMicroelectronics PDM2PCM 3.1.0
2026-03-30 18:37:08,466 [INFO] ThirdParty:1030 - CMSIS Pack Vendor :STMicroelectronics FP-ATR-ASTRA1 1.1.1
2026-03-30 18:37:08,466 [INFO] ThirdParty:1030 - CMSIS Pack Vendor :wolfSSL I-CUBE-wolfTPM 3.8.0
2026-03-30 18:37:08,466 [INFO] ThirdParty:1030 - CMSIS Pack Vendor :STMicroelectronics X-CUBE-BLEMGR 1.3.0
2026-03-30 18:37:08,466 [INFO] ThirdParty:1030 - CMSIS Pack Vendor :wolfSSL I-CUBE-wolfSSH 1.4.20
2026-03-30 18:37:08,466 [INFO] ThirdParty:1030 - CMSIS Pack Vendor :STMicroelectronics X-CUBE-NFC7 2.0.0
2026-03-30 18:37:08,467 [INFO] ThirdParty:1030 - CMSIS Pack Vendor :STMicroelectronics X-CUBE-TCPP 4.2.0
2026-03-30 18:37:08,467 [INFO] ThirdParty:1030 - CMSIS Pack Vendor :RealThread X-CUBE-RT-Thread_Nano 4.1.1
2026-03-30 18:37:08,467 [INFO] ThirdParty:1030 - CMSIS Pack Vendor :STMicroelectronics FP-ATR-SIGFOX1 3.2.0
2026-03-30 18:37:08,467 [INFO] ThirdParty:1030 - CMSIS Pack Vendor :STMicroelectronics X-CUBE-AZRTOS-G4 1.0.0
2026-03-30 18:37:08,467 [INFO] ThirdParty:1030 - CMSIS Pack Vendor :STMicroelectronics X-CUBE-AZRTOS-L4 1.0.0
2026-03-30 18:37:08,467 [INFO] ThirdParty:1030 - CMSIS Pack Vendor :STMicroelectronics X-CUBE-FREERTOS 1.5.0
2026-03-30 18:37:08,467 [INFO] ThirdParty:1030 - CMSIS Pack Vendor :STMicroelectronics MBEDTLS 2.16.2
2026-03-30 18:37:08,467 [INFO] ThirdParty:1030 - CMSIS Pack Vendor :STMicroelectronics X-CUBE-IPS 3.1.0
2026-03-30 18:37:08,467 [INFO] ThirdParty:1030 - CMSIS Pack Vendor :STMicroelectronics X-CUBE-ALS 1.0.2
2026-03-30 18:37:08,467 [INFO] ThirdParty:1030 - CMSIS Pack Vendor :ITTIA_DB I-CUBE-ITTIADB 8.9.0
2026-03-30 18:37:08,467 [INFO] ThirdParty:1030 - CMSIS Pack Vendor :STMicroelectronics X-CUBE-AZRTOS-WL 1.0.0
2026-03-30 18:37:08,467 [INFO] ThirdParty:1030 - CMSIS Pack Vendor :STMicroelectronics X-CUBE-STSE01 1.0.0
2026-03-30 18:37:08,467 [INFO] ThirdParty:1030 - CMSIS Pack Vendor :portGmbH I-Cube-SoM-uGOAL 1.1.0
2026-03-30 18:37:08,467 [INFO] ThirdParty:1030 - CMSIS Pack Vendor :STMicroelectronics X-CUBE-ALS 1.0.1
2026-03-30 18:37:08,467 [INFO] ThirdParty:1030 - CMSIS Pack Vendor :STMicroelectronics X-CUBE-NFC6 3.2.0
2026-03-30 18:37:08,467 [INFO] ThirdParty:1030 - CMSIS Pack Vendor :STMicroelectronics X-CUBE-MEMS1 9.5.0
2026-03-30 18:37:08,467 [INFO] ThirdParty:1030 - CMSIS Pack Vendor :STMicroelectronics X-CUBE-ST67W61 1.0.0
2026-03-30 18:37:08,467 [INFO] ThirdParty:1030 - CMSIS Pack Vendor :STMicroelectronics X-CUBE-AI 10.2.0
2026-03-30 18:37:08,467 [INFO] ThirdParty:1030 - CMSIS Pack Vendor :STMicroelectronics ThreadX 1.0.0
2026-03-30 18:37:08,467 [INFO] ThirdParty:1030 - CMSIS Pack Vendor :STMicroelectronics X-CUBE-AZRTOS-WB 1.1.0
2026-03-30 18:37:08,467 [INFO] ThirdParty:1030 - CMSIS Pack Vendor :SEGGER I-CUBE-embOS 1.3.1
2026-03-30 18:37:08,467 [INFO] ThirdParty:1030 - CMSIS Pack Vendor :STMicroelectronics X-CUBE-ALGOBUILD 1.4.0
2026-03-30 18:37:08,467 [INFO] ThirdParty:1030 - CMSIS Pack Vendor :STMicroelectronics X-CUBE-MEMS1 11.3.0
2026-03-30 18:37:08,467 [INFO] ThirdParty:1030 - CMSIS Pack Vendor :STMicroelectronics X-CUBE-TOF1 3.4.3
2026-03-30 18:37:08,467 [INFO] ThirdParty:841 - exiting critical section [change project]
2026-03-30 18:37:08,890 [INFO] PinOutPanel:1589 - setPackage(No Configuration,No Configuration)
2026-03-30 18:37:08,898 [INFO] PinOutPanel:1589 - setPackage(STM32G473RETx,LQFP64)
2026-03-30 18:37:09,516 [INFO] UtilMem:75 - Before build in PCC Used Memory: 297458560 Bytes (397410304)
2026-03-30 18:37:10,898 [INFO] UtilMem:75 - After build in PCC Used Memory: 357854864 Bytes (400556032)
2026-03-30 18:37:11,123 [INFO] IPUIPlugin:80 - create IPUIPlugin
2026-03-30 18:37:11,124 [INFO] IPUIPlugin:80 - create IPUIPlugin
2026-03-30 18:37:11,124 [INFO] IPUIPlugin:80 - create IPUIPlugin
2026-03-30 18:37:11,124 [INFO] IPUIPlugin:80 - create IPUIPlugin
2026-03-30 18:37:11,124 [INFO] IPUIPlugin:80 - create IPUIPlugin
2026-03-30 18:37:11,124 [INFO] IPUIPlugin:80 - create IPUIPlugin
2026-03-30 18:37:11,124 [INFO] IPUIPlugin:80 - create IPUIPlugin
2026-03-30 18:37:11,124 [INFO] IPUIPlugin:80 - create IPUIPlugin
2026-03-30 18:37:11,124 [INFO] IPUIPlugin:80 - create IPUIPlugin
2026-03-30 18:37:11,124 [INFO] IPUIPlugin:80 - create IPUIPlugin
2026-03-30 18:37:11,124 [INFO] IPUIPlugin:80 - create IPUIPlugin
2026-03-30 18:37:11,124 [INFO] IPUIPlugin:80 - create IPUIPlugin
2026-03-30 18:37:11,124 [INFO] IPUIPlugin:80 - create IPUIPlugin
2026-03-30 18:37:11,124 [INFO] IPUIPlugin:80 - create IPUIPlugin
2026-03-30 18:37:11,125 [INFO] IPUIPlugin:80 - create IPUIPlugin
2026-03-30 18:37:11,125 [INFO] IPUIPlugin:80 - create IPUIPlugin
2026-03-30 18:37:11,125 [INFO] IPUIPlugin:80 - create IPUIPlugin
2026-03-30 18:37:11,125 [INFO] IPUIPlugin:80 - create IPUIPlugin
2026-03-30 18:37:11,126 [INFO] IPUIPlugin:80 - create IPUIPlugin
2026-03-30 18:37:11,126 [INFO] IPUIPlugin:80 - create IPUIPlugin
2026-03-30 18:37:11,126 [INFO] IPUIPlugin:80 - create IPUIPlugin
2026-03-30 18:37:11,126 [INFO] IPUIPlugin:80 - create IPUIPlugin
2026-03-30 18:37:11,126 [INFO] IPUIPlugin:80 - create IPUIPlugin
2026-03-30 18:37:11,126 [INFO] IPUIPlugin:80 - create IPUIPlugin
2026-03-30 18:37:11,126 [INFO] IPUIPlugin:80 - create IPUIPlugin
2026-03-30 18:37:11,126 [INFO] IPUIPlugin:80 - create IPUIPlugin
2026-03-30 18:37:11,127 [INFO] IPUIPlugin:80 - create IPUIPlugin
2026-03-30 18:37:11,127 [INFO] IPUIPlugin:80 - create IPUIPlugin
2026-03-30 18:37:11,127 [INFO] IPUIPlugin:80 - create IPUIPlugin
2026-03-30 18:37:11,127 [INFO] IPUIPlugin:80 - create IPUIPlugin
2026-03-30 18:37:11,127 [INFO] IPUIPlugin:80 - create IPUIPlugin
2026-03-30 18:37:11,127 [INFO] IPUIPlugin:80 - create IPUIPlugin
2026-03-30 18:37:11,128 [INFO] IPUIPlugin:80 - create IPUIPlugin
2026-03-30 18:37:11,128 [INFO] IPUIPlugin:80 - create IPUIPlugin
2026-03-30 18:37:11,128 [INFO] IPUIPlugin:80 - create IPUIPlugin
2026-03-30 18:37:11,128 [INFO] IPUIPlugin:80 - create IPUIPlugin
2026-03-30 18:37:11,129 [INFO] IPUIPlugin:80 - create IPUIPlugin
2026-03-30 18:37:11,129 [INFO] IPUIPlugin:80 - create IPUIPlugin
2026-03-30 18:37:11,129 [INFO] IPUIPlugin:80 - create IPUIPlugin
2026-03-30 18:37:11,129 [INFO] IPUIPlugin:80 - create IPUIPlugin
2026-03-30 18:37:11,129 [INFO] IPUIPlugin:80 - create IPUIPlugin
2026-03-30 18:37:11,129 [INFO] IPUIPlugin:80 - create IPUIPlugin
2026-03-30 18:37:11,130 [INFO] IPUIPlugin:80 - create IPUIPlugin
2026-03-30 18:37:11,130 [INFO] IPUIPlugin:80 - create IPUIPlugin
2026-03-30 18:37:11,130 [INFO] IPUIPlugin:80 - create IPUIPlugin
2026-03-30 18:37:11,130 [INFO] IPUIPlugin:80 - create IPUIPlugin
2026-03-30 18:37:11,131 [INFO] IPUIPlugin:80 - create IPUIPlugin
2026-03-30 18:37:11,131 [INFO] IPUIPlugin:80 - create IPUIPlugin
2026-03-30 18:37:11,131 [INFO] IPUIPlugin:80 - create IPUIPlugin
2026-03-30 18:37:11,131 [INFO] IPUIPlugin:80 - create IPUIPlugin
2026-03-30 18:37:11,131 [INFO] IPUIPlugin:80 - create IPUIPlugin
2026-03-30 18:37:11,132 [INFO] IPUIPlugin:80 - create IPUIPlugin
2026-03-30 18:37:11,132 [INFO] IPUIPlugin:80 - create IPUIPlugin
2026-03-30 18:37:11,132 [INFO] IPUIPlugin:80 - create IPUIPlugin
2026-03-30 18:37:11,132 [INFO] IPUIPlugin:80 - create IPUIPlugin
2026-03-30 18:37:11,134 [INFO] IPUIPlugin:80 - create IPUIPlugin
2026-03-30 18:37:11,134 [INFO] IPUIPlugin:80 - create IPUIPlugin
2026-03-30 18:37:11,134 [INFO] IPUIPlugin:80 - create IPUIPlugin
2026-03-30 18:37:11,134 [INFO] IPUIPlugin:80 - create IPUIPlugin
2026-03-30 18:37:11,134 [INFO] IPUIPlugin:80 - create IPUIPlugin
2026-03-30 18:37:11,135 [INFO] IPUIPlugin:80 - create IPUIPlugin
2026-03-30 18:37:11,135 [INFO] IPUIPlugin:80 - create IPUIPlugin
2026-03-30 18:37:11,135 [INFO] IPUIPlugin:80 - create IPUIPlugin
2026-03-30 18:37:11,136 [INFO] IPUIPlugin:80 - create IPUIPlugin
2026-03-30 18:37:11,136 [INFO] IPUIPlugin:80 - create IPUIPlugin
2026-03-30 18:37:11,136 [INFO] IPUIPlugin:80 - create IPUIPlugin
2026-03-30 18:37:11,136 [INFO] IPUIPlugin:80 - create IPUIPlugin
2026-03-30 18:37:11,137 [INFO] IPUIPlugin:80 - create IPUIPlugin
2026-03-30 18:37:11,137 [INFO] IPUIPlugin:80 - create IPUIPlugin
2026-03-30 18:37:11,138 [INFO] IPUIPlugin:80 - create IPUIPlugin
2026-03-30 18:37:11,139 [INFO] IPUIPlugin:80 - create IPUIPlugin
2026-03-30 18:37:11,139 [INFO] IPUIPlugin:80 - create IPUIPlugin
2026-03-30 18:37:11,140 [INFO] IPUIPlugin:80 - create IPUIPlugin
2026-03-30 18:37:11,140 [INFO] IPUIPlugin:80 - create IPUIPlugin
2026-03-30 18:37:11,141 [INFO] IPUIPlugin:80 - create IPUIPlugin
2026-03-30 18:37:11,141 [INFO] IPUIPlugin:80 - create IPUIPlugin
2026-03-30 18:37:11,143 [INFO] IPUIPlugin:80 - create IPUIPlugin
2026-03-30 18:37:11,476 [INFO] CADModel:165 - CPN selected for project levelSTM32G473RET6
2026-03-30 18:37:11,476 [INFO] CADModel:114 - Register for checkConnection events
2026-03-30 18:37:11,480 [INFO] RtosManager:728 - Active RTOS found at IOC load: STMicroelectronics.X-CUBE-AZRTOS-G4.2.0.0 [Cortex-M4NS]
2026-03-30 18:37:11,518 [INFO] OpenFileManager:386 - Restore cursor
2026-03-30 18:37:12,017 [WARN] IP:2250 - TX_NO_TIMER not found: check if there is a RefParameter without a condition.
2026-03-30 18:37:12,018 [WARN] IP:2250 - ALIGN_TYPE_VAL not found: check if there is a RefParameter without a condition.
2026-03-30 18:37:12,018 [WARN] IP:2250 - TX_BASEPRI_VALUE not found: check if there is a RefParameter without a condition.
2026-03-30 18:37:12,018 [WARN] IP:2250 - TX_APP_THREAD_ENTRY not found: check if there is a RefParameter without a condition.
2026-03-30 18:37:12,018 [WARN] IP:2250 - TX_APP_THREAD_NAME not found: check if there is a RefParameter without a condition.
2026-03-30 18:37:12,018 [WARN] IP:2250 - TX_APP_THREAD_PRIO not found: check if there is a RefParameter without a condition.
2026-03-30 18:37:12,018 [WARN] IP:2250 - TX_APP_STACK_SIZE not found: check if there is a RefParameter without a condition.
2026-03-30 18:37:12,018 [WARN] IP:2250 - TX_SEMAPHORE_NAME not found: check if there is a RefParameter without a condition.
2026-03-30 18:37:12,018 [WARN] IP:2250 - TX_SEMAPHORE_COUNT not found: check if there is a RefParameter without a condition.
2026-03-30 18:37:12,018 [WARN] IP:2250 - TX_MUTEX_NAME not found: check if there is a RefParameter without a condition.
2026-03-30 18:37:12,018 [WARN] IP:2250 - TX_Mutex_INHERITANCE not found: check if there is a RefParameter without a condition.
2026-03-30 18:37:12,018 [WARN] IP:2250 - TX_MSG_QUEUE_NAME not found: check if there is a RefParameter without a condition.
2026-03-30 18:37:12,018 [WARN] IP:2250 - TX_MSG_SIZE_WORDS not found: check if there is a RefParameter without a condition.
2026-03-30 18:37:12,018 [WARN] IP:2250 - TX_NB_MSG not found: check if there is a RefParameter without a condition.
2026-03-30 18:38:23,722 [ERROR] LogOutputStream:75 - [STDERR_REDIRECT] 
2026-03-30 18:38:23,727 [ERROR] LogOutputStream:75 - [STDERR_REDIRECT] 
2026-03-30 18:44:40,677 [INFO] Activator:176 - 


2026-03-30 18:44:40,678 [INFO] Activator:177 - !SESSION log4j initialized
2026-03-30 18:44:46,432 [INFO] LogOutputStream:77 - [STDOUT_REDIRECT] 
2026-03-30 18:44:47,843 [INFO] ApplicationProperties:184 - Using Application install path: D:\Programy\STM32CubeIDE_1.19.0\STM32CubeIDE\plugins\com.st.stm32cube.common.mx_6.15.0.202507011659
2026-03-30 18:44:47,860 [INFO] DbMcusXml:78 - Set database path to: D:\Programy\STM32CubeIDE_1.19.0\STM32CubeIDE\plugins\com.st.stm32cube.common.mx_6.15.0.202507011659\\db\/mcu/
2026-03-30 18:44:47,860 [INFO] ApiDb:274 - Set plugin database path to: D:\Programy\STM32CubeIDE_1.19.0\STM32CubeIDE\plugins\com.st.stm32cube.common.mx_6.15.0.202507011659\\db\/plugins/boardmanager/
2026-03-30 18:44:47,860 [WARN] ApiDb:259 - Overriding images path with different value:  => D:\Programy\STM32CubeIDE_1.19.0\STM32CubeIDE\plugins\com.st.stm32cube.common.mx_6.15.0.202507011659\\db\/plugins/mcufinder/images/
2026-03-30 18:44:47,867 [INFO] ApiDb:250 - Set database path to: C:\Users\kujon\.stmcufinder\plugins\mcufinder//mcu/
2026-03-30 18:44:47,868 [INFO] DbMcusAds:125 - Set database path to: C:\Users\kujon\.stmcufinder\plugins\mcufinder//mcu/
2026-03-30 18:44:47,870 [INFO] CrossReferenceDbSqlite:203 - Set database path to: C:\Users\kujon\.stmcufinder\plugins\mcufinder//mcu/cs/
2026-03-30 18:44:47,979 [INFO] RulesReader:64 - Compatibility file has been processed (317 Rules)
2026-03-30 18:44:48,065 [INFO] DbMcusXml:78 - Set database path to: D:\Programy\STM32CubeIDE_1.19.0\STM32CubeIDE\plugins\com.st.stm32cube.common.mx_6.15.0.202507011659\\db\/mcu/
2026-03-30 18:44:48,065 [INFO] ApiDb:274 - Set plugin database path to: D:\Programy\STM32CubeIDE_1.19.0\STM32CubeIDE\plugins\com.st.stm32cube.common.mx_6.15.0.202507011659\\db\/plugins/boardmanager/
2026-03-30 18:44:48,066 [INFO] ApiDb:261 - Set plugin images path to: D:\Programy\STM32CubeIDE_1.19.0\STM32CubeIDE\plugins\com.st.stm32cube.common.mx_6.15.0.202507011659\\db\/plugins/mcufinder/images/
2026-03-30 18:44:48,066 [WARN] DbFile:41 - Overriding database path with different value: C:\Users\kujon\.stmcufinder\plugins\mcufinder/ => C:\Users\kujon\.stmcufinder\plugins\mcufinder
2026-03-30 18:44:48,066 [INFO] ApiDb:250 - Set database path to: C:\Users\kujon\.stmcufinder\plugins\mcufinder//mcu/
2026-03-30 18:44:48,067 [WARN] DbFile:41 - Overriding database path with different value: C:\Users\kujon\.stmcufinder\plugins\mcufinder/ => C:\Users\kujon\.stmcufinder\plugins\mcufinder
2026-03-30 18:44:48,067 [INFO] DbMcusAds:125 - Set database path to: C:\Users\kujon\.stmcufinder\plugins\mcufinder//mcu/
2026-03-30 18:44:48,067 [WARN] DbFile:41 - Overriding database path with different value: C:\Users\kujon\.stmcufinder\plugins\mcufinder/ => C:\Users\kujon\.stmcufinder\plugins\mcufinder
2026-03-30 18:44:48,067 [WARN] DbFile:41 - Overriding database path with different value: C:\Users\kujon\.stmcufinder\plugins\mcufinder/ => C:\Users\kujon\.stmcufinder\plugins\mcufinder
2026-03-30 18:44:48,067 [INFO] CrossReferenceDbSqlite:203 - Set database path to: C:\Users\kujon\.stmcufinder\plugins\mcufinder//mcu/cs/
2026-03-30 18:44:48,152 [INFO] MainPanel:274 - HeapMemory: 268435456
2026-03-30 18:44:48,245 [INFO] DbMcusXml:78 - Set database path to: D:\Programy\STM32CubeIDE_1.19.0\STM32CubeIDE\plugins\com.st.stm32cube.common.mx_6.15.0.202507011659\\db\/mcu/
2026-03-30 18:44:48,245 [INFO] ApiDb:274 - Set plugin database path to: D:\Programy\STM32CubeIDE_1.19.0\STM32CubeIDE\plugins\com.st.stm32cube.common.mx_6.15.0.202507011659\\db\/plugins/boardmanager/
2026-03-30 18:44:48,245 [INFO] ApiDb:261 - Set plugin images path to: D:\Programy\STM32CubeIDE_1.19.0\STM32CubeIDE\plugins\com.st.stm32cube.common.mx_6.15.0.202507011659\\db\/plugins/mcufinder/images/
2026-03-30 18:44:48,245 [WARN] DbFile:41 - Overriding database path with different value: C:\Users\kujon\.stmcufinder\plugins\mcufinder/ => C:\Users\kujon\.stmcufinder\plugins\mcufinder
2026-03-30 18:44:48,245 [INFO] ApiDb:250 - Set database path to: C:\Users\kujon\.stmcufinder\plugins\mcufinder//mcu/
2026-03-30 18:44:48,245 [WARN] DbFile:41 - Overriding database path with different value: C:\Users\kujon\.stmcufinder\plugins\mcufinder/ => C:\Users\kujon\.stmcufinder\plugins\mcufinder
2026-03-30 18:44:48,246 [INFO] DbMcusAds:125 - Set database path to: C:\Users\kujon\.stmcufinder\plugins\mcufinder//mcu/
2026-03-30 18:44:48,246 [WARN] DbFile:41 - Overriding database path with different value: C:\Users\kujon\.stmcufinder\plugins\mcufinder/ => C:\Users\kujon\.stmcufinder\plugins\mcufinder
2026-03-30 18:44:48,246 [WARN] DbFile:41 - Overriding database path with different value: C:\Users\kujon\.stmcufinder\plugins\mcufinder/ => C:\Users\kujon\.stmcufinder\plugins\mcufinder
2026-03-30 18:44:48,246 [INFO] CrossReferenceDbSqlite:203 - Set database path to: C:\Users\kujon\.stmcufinder\plugins\mcufinder//mcu/cs/
2026-03-30 18:44:48,266 [INFO] ApplicationProperties:184 - Using Application install path: D:\Programy\STM32CubeIDE_1.19.0\STM32CubeIDE\plugins\com.st.stm32cube.common.mx_6.15.0.202507011659
2026-03-30 18:44:48,268 [INFO] PluginManage:196 - Search for loadable plugins [exclusion list=, ]
2026-03-30 18:44:48,269 [INFO] PluginManage:310 - Check plugin analytics
2026-03-30 18:44:48,465 [INFO] AnalyticsPlugin:253 - Accepted Software Licenses: 
2026-03-30 18:44:48,465 [INFO] AnalyticsPlugin:255 - Accepted CMSIS Pack Licenses: 
2026-03-30 18:44:48,465 [INFO] AnalyticsPlugin:257 - Accepted Firmware Licenses: 
2026-03-30 18:44:48,469 [INFO] PluginManage:359 - Loaded plugin analytics (category:tool,tabindex:-1)
2026-03-30 18:44:48,469 [INFO] PluginManage:310 - Check plugin cadmodel
2026-03-30 18:44:48,473 [INFO] CADModel:105 - Init CAD model plugin
2026-03-30 18:44:48,474 [INFO] PluginManage:359 - Loaded plugin cadmodel (category:power,tabindex:5)
2026-03-30 18:44:48,474 [INFO] PluginManage:310 - Check plugin clock
2026-03-30 18:44:48,484 [INFO] PluginManage:359 - Loaded plugin clock (category:base,tabindex:2)
2026-03-30 18:44:48,484 [INFO] PluginManage:310 - Check plugin ddr
2026-03-30 18:44:48,488 [INFO] PluginManage:359 - Loaded plugin ddr (category:tool,tabindex:6)
2026-03-30 18:44:48,488 [INFO] PluginManage:310 - Check plugin filemanager
2026-03-30 18:44:48,644 [INFO] PluginManage:359 - Loaded plugin filemanager (category:base,tabindex:10)
2026-03-30 18:44:48,645 [INFO] PluginManage:310 - Check plugin ipmanager
2026-03-30 18:44:48,653 [INFO] PluginManage:359 - Loaded plugin ipmanager (category:base,tabindex:5)
2026-03-30 18:44:48,654 [INFO] PluginManage:310 - Check plugin lpbam
2026-03-30 18:44:48,662 [INFO] PluginManage:359 - Loaded plugin lpbam (category:base,tabindex:0)
2026-03-30 18:44:48,662 [INFO] PluginManage:310 - Check plugin memorymap
2026-03-30 18:44:48,679 [INFO] PluginManage:359 - Loaded plugin memorymap (category:base,tabindex:4)
2026-03-30 18:44:48,679 [INFO] PluginManage:310 - Check plugin pinoutandconfiguration
2026-03-30 18:44:48,686 [INFO] PluginManage:359 - Loaded plugin pinoutandconfiguration (category:base,tabindex:1)
2026-03-30 18:44:48,686 [INFO] PluginManage:310 - Check plugin pinoutconfig
2026-03-30 18:44:48,783 [WARN] SupportedApi:132 - Cannot load RTOS API schema: s4s-elt-must-match.1: The content of 'definitions' must match (annotation?, (simpleType | complexType)?, (unique | key | keyref)*)). A problem was found starting at: attribute.
2026-03-30 18:44:48,928 [INFO] PluginManage:359 - Loaded plugin pinoutconfig (category:base,tabindex:0)
2026-03-30 18:44:48,928 [INFO] PluginManage:310 - Check plugin power
2026-03-30 18:44:48,936 [INFO] PluginManage:359 - Loaded plugin power (category:power,tabindex:4)
2026-03-30 18:44:48,937 [INFO] PluginManage:310 - Check plugin projectmanager
2026-03-30 18:44:48,954 [INFO] PluginManage:359 - Loaded plugin projectmanager (category:projectmanager,tabindex:4)
2026-03-30 18:44:48,954 [INFO] PluginManage:310 - Check plugin rif
2026-03-30 18:44:48,963 [INFO] PluginManage:359 - Loaded plugin rif (category:base,tabindex:3)
2026-03-30 18:44:48,963 [INFO] PluginManage:310 - Check plugin thirdparty
2026-03-30 18:44:49,106 [INFO] PluginManage:359 - Loaded plugin thirdparty (category:base,tabindex:-1)
2026-03-30 18:44:49,106 [WARN] IntegrityCheckThread:84 - waiting for thirdparty lock release [integrity check]
2026-03-30 18:44:49,106 [INFO] PluginManage:310 - Check plugin tools
2026-03-30 18:44:49,106 [INFO] IntegrityCheckThread:86 - entering critical section [integrity check]
2026-03-30 18:44:49,106 [INFO] ThirdPartyUpdaterWithRetryManager:70 - Updater plugin not ready yet. [1/15]
2026-03-30 18:44:49,109 [INFO] PluginManage:359 - Loaded plugin tools (category:base,tabindex:7)
2026-03-30 18:44:49,109 [INFO] PluginManage:310 - Check plugin tutovideos
2026-03-30 18:44:49,294 [INFO] PluginManage:359 - Loaded plugin tutovideos (category:base,tabindex:-1)
2026-03-30 18:44:49,294 [INFO] PluginManage:310 - Check plugin updater
2026-03-30 18:44:49,313 [INFO] PluginManage:359 - Loaded plugin updater (category:base,tabindex:12)
2026-03-30 18:44:49,314 [INFO] PluginManage:310 - Check plugin userauth
2026-03-30 18:44:49,318 [INFO] UserAuth:118 - Init User Auth plugin
2026-03-30 18:44:49,319 [INFO] PluginManage:359 - Loaded plugin userauth (category:base,tabindex:14)
2026-03-30 18:44:49,320 [INFO] PluginManage:283 - PluginManage : Loaded plugins [18]
2026-03-30 18:44:49,521 [INFO] PinOutPanel:1589 - setPackage(No Configuration,No Configuration)
2026-03-30 18:44:49,614 [INFO] CADModel:165 - CPN selected for project level
2026-03-30 18:44:49,615 [INFO] CADModel:114 - Register for checkConnection events
2026-03-30 18:44:49,631 [INFO] IPUIPlugin:80 - create IPUIPlugin
2026-03-30 18:44:49,632 [INFO] PluginManager:220 - loadIPPluginJar : add adc
2026-03-30 18:44:49,635 [INFO] IPUIPlugin:80 - create IPUIPlugin
2026-03-30 18:44:49,635 [INFO] PluginManager:220 - loadIPPluginJar : add aes
2026-03-30 18:44:49,637 [INFO] IPUIPlugin:80 - create IPUIPlugin
2026-03-30 18:44:49,638 [INFO] PluginManager:220 - loadIPPluginJar : add can
2026-03-30 18:44:49,639 [INFO] IPUIPlugin:80 - create IPUIPlugin
2026-03-30 18:44:49,639 [INFO] PluginManager:220 - loadIPPluginJar : add comp
2026-03-30 18:44:49,643 [INFO] IPUIPlugin:80 - create IPUIPlugin
2026-03-30 18:44:49,643 [INFO] PluginManager:220 - loadIPPluginJar : add cryp
2026-03-30 18:44:49,644 [INFO] IPUIPlugin:80 - create IPUIPlugin
2026-03-30 18:44:49,645 [INFO] PluginManager:220 - loadIPPluginJar : add ddr_ctrl_phy
2026-03-30 18:44:49,647 [INFO] IPUIPlugin:80 - create IPUIPlugin
2026-03-30 18:44:49,647 [INFO] PluginManager:220 - loadIPPluginJar : add dfsdm
2026-03-30 18:44:49,653 [INFO] IPUIPlugin:80 - create IPUIPlugin
2026-03-30 18:44:49,654 [INFO] PluginManager:220 - loadIPPluginJar : add dma
2026-03-30 18:44:49,655 [INFO] IPUIPlugin:80 - create IPUIPlugin
2026-03-30 18:44:49,655 [INFO] PluginManager:220 - loadIPPluginJar : add dma3
2026-03-30 18:44:49,657 [INFO] IPUIPlugin:80 - create IPUIPlugin
2026-03-30 18:44:49,658 [INFO] PluginManager:220 - loadIPPluginJar : add extmemmanager
2026-03-30 18:44:49,659 [INFO] IPUIPlugin:80 - create IPUIPlugin
2026-03-30 18:44:49,659 [INFO] PluginManager:220 - loadIPPluginJar : add fatfs
2026-03-30 18:44:49,664 [INFO] IPUIPlugin:80 - create IPUIPlugin
2026-03-30 18:44:49,664 [INFO] PluginManager:220 - loadIPPluginJar : add fmc
2026-03-30 18:44:49,669 [INFO] IPUIPlugin:80 - create IPUIPlugin
2026-03-30 18:44:49,669 [INFO] PluginManager:220 - loadIPPluginJar : add freertos
2026-03-30 18:44:49,670 [INFO] IPUIPlugin:80 - create IPUIPlugin
2026-03-30 18:44:49,671 [INFO] PluginManager:220 - loadIPPluginJar : add genericplugin
2026-03-30 18:44:49,673 [INFO] IPUIPlugin:80 - create IPUIPlugin
2026-03-30 18:44:49,673 [INFO] PluginManager:220 - loadIPPluginJar : add gfxmmu
2026-03-30 18:44:49,678 [INFO] IPUIPlugin:80 - create IPUIPlugin
2026-03-30 18:44:49,679 [INFO] PluginManager:220 - loadIPPluginJar : add gic
2026-03-30 18:44:49,683 [INFO] IPUIPlugin:80 - create IPUIPlugin
2026-03-30 18:44:49,683 [INFO] PluginManager:220 - loadIPPluginJar : add gpio
2026-03-30 18:44:49,686 [INFO] IPUIPlugin:80 - create IPUIPlugin
2026-03-30 18:44:49,686 [INFO] PluginManager:220 - loadIPPluginJar : add gtzc
2026-03-30 18:44:49,690 [INFO] IPUIPlugin:80 - create IPUIPlugin
2026-03-30 18:44:49,690 [INFO] PluginManager:220 - loadIPPluginJar : add hash
2026-03-30 18:44:49,693 [INFO] IPUIPlugin:80 - create IPUIPlugin
2026-03-30 18:44:49,693 [INFO] PluginManager:220 - loadIPPluginJar : add i2c
2026-03-30 18:44:49,695 [INFO] IPUIPlugin:80 - create IPUIPlugin
2026-03-30 18:44:49,695 [INFO] PluginManager:220 - loadIPPluginJar : add i2s
2026-03-30 18:44:49,698 [INFO] IPUIPlugin:80 - create IPUIPlugin
2026-03-30 18:44:49,698 [INFO] PluginManager:220 - loadIPPluginJar : add i3c
2026-03-30 18:44:49,702 [INFO] IPUIPlugin:80 - create IPUIPlugin
2026-03-30 18:44:49,702 [INFO] PluginManager:220 - loadIPPluginJar : add ipddr
2026-03-30 18:44:49,708 [INFO] IPUIPlugin:80 - create IPUIPlugin
2026-03-30 18:44:49,708 [INFO] PluginManager:220 - loadIPPluginJar : add linkedlist
2026-03-30 18:44:49,712 [INFO] IPUIPlugin:80 - create IPUIPlugin
2026-03-30 18:44:49,712 [INFO] PluginManager:220 - loadIPPluginJar : add lorawan
2026-03-30 18:44:49,713 [INFO] IPUIPlugin:80 - create IPUIPlugin
2026-03-30 18:44:49,713 [INFO] PluginManager:220 - loadIPPluginJar : add ltdc
2026-03-30 18:44:49,718 [INFO] IPUIPlugin:80 - create IPUIPlugin
2026-03-30 18:44:49,719 [INFO] PluginManager:220 - loadIPPluginJar : add mdma
2026-03-30 18:44:49,722 [INFO] IPUIPlugin:80 - create IPUIPlugin
2026-03-30 18:44:49,722 [INFO] PluginManager:220 - loadIPPluginJar : add nvic
2026-03-30 18:44:49,726 [INFO] IPUIPlugin:80 - create IPUIPlugin
2026-03-30 18:44:49,726 [INFO] PluginManager:220 - loadIPPluginJar : add opamp
2026-03-30 18:44:49,729 [INFO] IPUIPlugin:80 - create IPUIPlugin
2026-03-30 18:44:49,730 [INFO] PluginManager:220 - loadIPPluginJar : add openamp
2026-03-30 18:44:49,732 [INFO] IPUIPlugin:80 - create IPUIPlugin
2026-03-30 18:44:49,733 [INFO] PluginManager:220 - loadIPPluginJar : add pdm2pcm
2026-03-30 18:44:49,739 [INFO] IPUIPlugin:80 - create IPUIPlugin
2026-03-30 18:44:49,741 [INFO] PluginManager:220 - loadIPPluginJar : add plateformsettings
2026-03-30 18:44:49,742 [INFO] IPUIPlugin:80 - create IPUIPlugin
2026-03-30 18:44:49,744 [INFO] PluginManager:220 - loadIPPluginJar : add quadspi
2026-03-30 18:44:49,746 [INFO] IPUIPlugin:80 - create IPUIPlugin
2026-03-30 18:44:49,747 [INFO] PluginManager:220 - loadIPPluginJar : add radio
2026-03-30 18:44:49,749 [INFO] IPUIPlugin:80 - create IPUIPlugin
2026-03-30 18:44:49,749 [INFO] PluginManager:220 - loadIPPluginJar : add resmgrutility
2026-03-30 18:44:49,752 [INFO] IPUIPlugin:80 - create IPUIPlugin
2026-03-30 18:44:49,752 [INFO] PluginManager:220 - loadIPPluginJar : add sai
2026-03-30 18:44:49,755 [INFO] IPUIPlugin:80 - create IPUIPlugin
2026-03-30 18:44:49,755 [INFO] PluginManager:220 - loadIPPluginJar : add spi
2026-03-30 18:44:49,760 [INFO] IPUIPlugin:80 - create IPUIPlugin
2026-03-30 18:44:49,760 [INFO] PluginManager:220 - loadIPPluginJar : add stm32_wpan
2026-03-30 18:44:49,761 [INFO] IPUIPlugin:80 - create IPUIPlugin
2026-03-30 18:44:49,761 [INFO] PluginManager:220 - loadIPPluginJar : add tim
2026-03-30 18:44:49,765 [INFO] IPUIPlugin:80 - create IPUIPlugin
2026-03-30 18:44:49,765 [INFO] PluginManager:220 - loadIPPluginJar : add touchsensing
2026-03-30 18:44:49,767 [INFO] IPUIPlugin:80 - create IPUIPlugin
2026-03-30 18:44:49,767 [INFO] PluginManager:220 - loadIPPluginJar : add tracer_emb
2026-03-30 18:44:49,770 [INFO] IPUIPlugin:80 - create IPUIPlugin
2026-03-30 18:44:49,770 [INFO] PluginManager:220 - loadIPPluginJar : add ts
2026-03-30 18:44:49,771 [INFO] IPUIPlugin:80 - create IPUIPlugin
2026-03-30 18:44:49,771 [INFO] PluginManager:220 - loadIPPluginJar : add tsc
2026-03-30 18:44:49,773 [INFO] IPUIPlugin:80 - create IPUIPlugin
2026-03-30 18:44:49,773 [INFO] PluginManager:220 - loadIPPluginJar : add ucpd
2026-03-30 18:44:49,775 [INFO] IPUIPlugin:80 - create IPUIPlugin
2026-03-30 18:44:49,776 [INFO] PluginManager:220 - loadIPPluginJar : add usart
2026-03-30 18:44:49,779 [INFO] IPUIPlugin:80 - create IPUIPlugin
2026-03-30 18:44:49,779 [INFO] PluginManager:220 - loadIPPluginJar : add usbx
2026-03-30 18:44:49,907 [FATAL] Updater:351 - Updater called before beeing initialized
2026-03-30 18:44:49,931 [INFO] RulesReader:64 - Compatibility file has been processed (317 Rules)
2026-03-30 18:44:49,943 [INFO] RulesReader:64 - Compatibility file has been processed (317 Rules)
2026-03-30 18:44:49,951 [INFO] CADModel:165 - CPN selected for project level
2026-03-30 18:44:49,951 [INFO] CADModel:114 - Register for checkConnection events
2026-03-30 18:44:49,951 [FATAL] Updater:351 - Updater called before beeing initialized
2026-03-30 18:44:49,951 [ERROR] CADModel:125 - Updater not yet initialized, retry later 
2026-03-30 18:44:50,092 [FATAL] Updater:351 - Updater called before beeing initialized
2026-03-30 18:44:50,093 [INFO] CADModel:165 - CPN selected for project level
2026-03-30 18:44:50,094 [INFO] CADModel:114 - Register for checkConnection events
2026-03-30 18:44:50,094 [FATAL] Updater:351 - Updater called before beeing initialized
2026-03-30 18:44:50,094 [ERROR] CADModel:125 - Updater not yet initialized, retry later 
2026-03-30 18:44:50,097 [FATAL] Updater:351 - Updater called before beeing initialized
2026-03-30 18:44:50,211 [FATAL] Updater:351 - Updater called before beeing initialized
2026-03-30 18:44:50,216 [INFO] DbMcusAds:53 - JSON generation date=Thu Mar 05 15:32:52 CET 2026 (1772721172610)
2026-03-30 18:44:50,216 [FATAL] Updater:351 - Updater called before beeing initialized
2026-03-30 18:44:50,247 [WARN] DetailPanel:346 - Failed to get advertising image, set to default
2026-03-30 18:44:50,332 [FATAL] Updater:351 - Updater called before beeing initialized
2026-03-30 18:44:50,333 [FATAL] Updater:351 - Updater called before beeing initialized
2026-03-30 18:44:50,333 [FATAL] Updater:351 - Updater called before beeing initialized
2026-03-30 18:44:50,333 [WARN] DetailPanel:346 - Failed to get advertising image, set to default
2026-03-30 18:44:50,335 [FATAL] Updater:351 - Updater called before beeing initialized
2026-03-30 18:44:50,380 [ERROR] Updater:1198 - MainUpdater not yet initialized. External WinMGr cannot be set.
2026-03-30 18:44:50,383 [INFO] Updater:1134 - Updater Version found : 6.15.0
2026-03-30 18:44:50,399 [INFO] ApplicationProperties:184 - Using Application install path: D:\Programy\STM32CubeIDE_1.19.0\STM32CubeIDE\plugins\com.st.stm32cube.common.mx_6.15.0.202507011659
2026-03-30 18:44:51,967 [ERROR] LogOutputStream:75 - [STDERR_REDIRECT] Mar 30, 2026 6:44:51 PM java.util.prefs.WindowsPreferences <init>
2026-03-30 18:44:51,968 [ERROR] LogOutputStream:75 - [STDERR_REDIRECT] WARNING: Could not open/create prefs root node Software\JavaSoft\Prefs at root 0xffffffff80000002. Windows RegCreateKeyEx(...) returned error code 5.
2026-03-30 18:44:51,969 [ERROR] LogOutputStream:75 - [STDERR_REDIRECT] 
2026-03-30 18:44:52,108 [INFO] ThirdPartyUpdaterWithRetryManager:70 - Updater plugin not ready yet. [2/15]
2026-03-30 18:44:52,400 [INFO] MainUpdater:2872 - connection check result : 10
2026-03-30 18:44:52,401 [INFO] MainUpdater:289 - Updater Check For Update Now.
2026-03-30 18:44:52,412 [INFO] MicroXplorer:498 - Change Database Version : DB.6.0.150
2026-03-30 18:44:52,419 [INFO] McuFinderGlobals:63 - Set McuFinder mode to 2 (CubeIDE integrated)
2026-03-30 18:44:52,420 [INFO] UserAuth:487 - Internet connection configuration mode: 1
2026-03-30 18:44:52,439 [INFO] JxBrowserEngine:152 - Initiate JxBrowser Engine with user profile folder
2026-03-30 18:44:52,592 [INFO] CheckServerUpdateThread:120 - End of CheckServer Thread
2026-03-30 18:44:53,037 [INFO] WebApp:169 - Instantiating new browser for Auth
2026-03-30 18:44:53,203 [INFO] McuFinderGlobals:63 - Set McuFinder mode to 2 (CubeIDE integrated)
2026-03-30 18:44:53,209 [INFO] MainUpdater:2872 - connection check result : 10
2026-03-30 18:44:53,210 [INFO] MainUpdater:2872 - connection check result : 10
2026-03-30 18:44:53,285 [INFO] MicroXplorer:468 - Change Database Path : 
2026-03-30 18:44:53,286 [INFO] MicroXplorer:498 - Change Database Version : DB.6.0.150
2026-03-30 18:44:53,297 [WARN] ThirdParty:871 - waiting for thirdparty lock release [close project]
2026-03-30 18:44:53,901 [INFO] WebApp:463 - Apply proxy settings
2026-03-30 18:44:53,901 [INFO] WebApp:548 - Chromium requires no authentication
2026-03-30 18:44:53,916 [INFO] WebApp:491 - Direct internet connection detected
2026-03-30 18:44:53,960 [INFO] WebApp:900 - Register for checkConnection events
2026-03-30 18:44:53,960 [INFO] WebApp:463 - Apply proxy settings
2026-03-30 18:44:53,960 [INFO] WebApp:548 - Chromium requires no authentication
2026-03-30 18:44:53,961 [INFO] WebApp:491 - Direct internet connection detected
2026-03-30 18:44:54,127 [INFO] WebApp:225 - Starting web application
2026-03-30 18:44:54,127 [INFO] WebApp:593 - Web application path used D:\Programy\STM32CubeIDE_1.19.0\STM32CubeIDE\plugins\com.st.stm32cube.common.mx_6.15.0.202507011659\db\plugins\mcufinder\reactClient1\index.html
2026-03-30 18:44:54,173 [INFO] WebApp:191 - Connection restablished
2026-03-30 18:44:54,239 [INFO] UserAuth:487 - Internet connection configuration mode: 1
2026-03-30 18:44:55,452 [WARN] PackLoader:240 - Cannot read IP mode file for STMicroelectronics.X-CUBE-AZRTOS-H7.3.5.0
2026-03-30 18:44:55,468 [WARN] PackLoader:240 - Cannot read IP mode file for STMicroelectronics.FP-SNS-MOTENVWB1.1.4.0
2026-03-30 18:44:55,478 [WARN] PackLoader:240 - Cannot read IP mode file for STMicroelectronics.FP-ATR-ASTRA1.2.0.2
2026-03-30 18:44:55,506 [WARN] PackLoader:240 - Cannot read IP mode file for STMicroelectronics.X-CUBE-SMBUS.2.1.0
2026-03-30 18:44:55,512 [WARN] PackLoader:240 - Cannot read IP mode file for STMicroelectronics.X-CUBE-ST60.1.0.0
2026-03-30 18:44:55,536 [WARN] PackLoader:240 - Cannot read IP mode file for STMicroelectronics.X-CUBE-AZRTOS-F7.1.1.0
2026-03-30 18:44:55,548 [WARN] PackLoader:240 - Cannot read IP mode file for STMicroelectronics.X-CUBE-BLE1.6.2.4
2026-03-30 18:44:55,553 [WARN] PackLoader:240 - Cannot read IP mode file for STMicroelectronics.FP-SNS-MOTENV1.5.1.0
2026-03-30 18:44:55,563 [WARN] PackLoader:240 - Cannot read IP mode file for WES.I-CUBE-Cesium.1.4.0
2026-03-30 18:44:55,586 [WARN] PackLoader:240 - Cannot read IP mode file for Infineon.AIROC-Wi-Fi-Bluetooth-STM32.1.7.1
2026-03-30 18:44:55,607 [WARN] PackLoader:240 - Cannot read IP mode file for STMicroelectronics.X-CUBE-AZRTOS-H7.3.4.0
2026-03-30 18:44:55,617 [WARN] PackLoader:240 - Cannot read IP mode file for STMicroelectronics.X-CUBE-DISPLAY.3.0.0
2026-03-30 18:44:55,624 [WARN] PackLoader:240 - Cannot read IP mode file for STMicroelectronics.FP-SNS-MOTENVWB1.1.5.0
2026-03-30 18:44:55,631 [WARN] PackLoader:240 - Cannot read IP mode file for STMicroelectronics.X-CUBE-NFC10.1.0.0
2026-03-30 18:44:55,636 [WARN] PackLoader:240 - Cannot read IP mode file for STMicroelectronics.X-CUBE-ST60.1.1.0
2026-03-30 18:44:55,643 [WARN] PackLoader:240 - Cannot read IP mode file for emotas.I-CUBE-CANOPEN.1.3.0
2026-03-30 18:44:55,649 [WARN] PackLoader:240 - Cannot read IP mode file for STMicroelectronics.X-CUBE-GNSS1.7.1.0
2026-03-30 18:44:55,658 [WARN] PackLoader:240 - Cannot read IP mode file for STMicroelectronics.FP-SNS-STBOX1.2.1.0
2026-03-30 18:44:55,664 [WARN] PackLoader:240 - Cannot read IP mode file for STMicroelectronics.FP-SNS-SMARTAG2.1.2.0
2026-03-30 18:44:55,668 [WARN] PackLoader:240 - Cannot read IP mode file for STMicroelectronics.FP-SNS-FLIGHT1.5.1.0
2026-03-30 18:44:55,677 [INFO] LogOutputStream:77 - [STDOUT_REDIRECT] 1 : Invalid condition id : UX_CORESTACK_Condition cause : null
2026-03-30 18:44:55,678 [INFO] LogOutputStream:77 - [STDOUT_REDIRECT] 1 : Invalid condition id : UX_CORESTACK_Condition cause : null
2026-03-30 18:44:55,679 [INFO] LogOutputStream:77 - [STDOUT_REDIRECT] 1 : Invalid condition id : UX_CORESTACK_Condition cause : null
2026-03-30 18:44:55,680 [INFO] LogOutputStream:77 - [STDOUT_REDIRECT] 1 : Invalid condition id : UX_CORESTACK_Condition cause : null
2026-03-30 18:44:55,681 [INFO] LogOutputStream:77 - [STDOUT_REDIRECT] 1 : Invalid condition id : UX_CORESTACK_Condition cause : null
2026-03-30 18:44:55,683 [WARN] PackLoader:240 - Cannot read IP mode file for STMicroelectronics.X-CUBE-AZRTOS-WL.2.0.0
2026-03-30 18:44:55,688 [WARN] PackLoader:240 - Cannot read IP mode file for STMicroelectronics.FP-SNS-MOTENV1.5.0.0
2026-03-30 18:44:55,703 [WARN] PackLoader:240 - Cannot read IP mode file for STMicroelectronics.X-CUBE-AZRTOS-H7RS.1.2.0
2026-03-30 18:44:55,711 [WARN] PackLoader:240 - Cannot read IP mode file for STMicroelectronics.X-CUBE-BLE2.3.3.0
2026-03-30 18:44:55,737 [WARN] PackLoader:240 - Cannot read IP mode file for STMicroelectronics.X-CUBE-TOF1.3.2.0
2026-03-30 18:44:55,755 [WARN] PackLoader:240 - Cannot read IP mode file for STMicroelectronics.X-CUBE-NFC9.1.0.0
2026-03-30 18:44:55,761 [WARN] PackLoader:240 - Cannot read IP mode file for wolfSSL.I-CUBE-wolfSSL.5.8.2
2026-03-30 18:44:55,765 [WARN] PackLoader:240 - Cannot read IP mode file for STMicroelectronics.X-CUBE-BLE1.7.1.0
2026-03-30 18:44:55,769 [WARN] PackLoader:240 - Cannot read IP mode file for wolfSSL.I-CUBE-wolfMQTT.1.19.2
2026-03-30 18:44:55,775 [WARN] PackLoader:240 - Cannot read IP mode file for STMicroelectronics.X-CUBE-FREERTOS.1.4.0
2026-03-30 18:44:55,781 [WARN] PackLoader:240 - Cannot read IP mode file for STMicroelectronics.X-CUBE-EEPRMA1.5.2.0
2026-03-30 18:44:55,786 [WARN] PackLoader:240 - Cannot read IP mode file for STMicroelectronics.X-CUBE-TOUCHGFX.4.21.1
2026-03-30 18:44:55,792 [WARN] PackLoader:240 - Cannot read IP mode file for STMicroelectronics.X-CUBE-ST67W61.1.1.0
2026-03-30 18:44:55,825 [WARN] PackLoader:240 - Cannot read IP mode file for STMicroelectronics.X-CUBE-MEMS1.12.0.0
2026-03-30 18:44:55,885 [WARN] PackLoader:240 - Cannot read IP mode file for STMicroelectronics.X-CUBE-ALGOBUILD.1.3.0
2026-03-30 18:44:55,897 [WARN] PackLoader:240 - Cannot read IP mode file for STMicroelectronics.X-CUBE-AZRTOS-G0.1.1.0
2026-03-30 18:44:55,912 [WARN] PackLoader:240 - Cannot read IP mode file for STMicroelectronics.X-CUBE-SAFEA1.1.2.2
2026-03-30 18:44:55,917 [WARN] PackLoader:240 - Cannot read IP mode file for STMicroelectronics.X-CUBE-NFC4.3.0.0
2026-03-30 18:44:55,926 [WARN] PackLoader:240 - Cannot read IP mode file for EmbeddedOffice.I-CUBE-FS-RTOS.1.0.1
2026-03-30 18:44:55,932 [WARN] PackLoader:240 - Cannot read IP mode file for STMicroelectronics.X-CUBE-WB05N.2.0.0
2026-03-30 18:44:55,938 [WARN] PackLoader:240 - Cannot read IP mode file for wolfSSL.I-CUBE-wolfTPM.3.8.0
2026-03-30 18:44:55,943 [WARN] PackLoader:240 - Cannot read IP mode file for STMicroelectronics.X-CUBE-BLEMGR.1.3.0
2026-03-30 18:44:55,950 [WARN] PackLoader:240 - Cannot read IP mode file for STMicroelectronics.X-CUBE-TCPP.4.2.0
2026-03-30 18:44:55,957 [WARN] PackLoader:240 - Cannot read IP mode file for RealThread.X-CUBE-RT-Thread_Nano.4.1.1
2026-03-30 18:44:55,960 [WARN] PackLoader:240 - Cannot read IP mode file for STMicroelectronics.FP-ATR-SIGFOX1.3.2.0
2026-03-30 18:44:55,965 [WARN] PackLoader:240 - Cannot read IP mode file for STMicroelectronics.X-CUBE-FREERTOS.1.5.0
2026-03-30 18:44:55,973 [WARN] PackLoader:240 - Cannot read IP mode file for ITTIA_DB.I-CUBE-ITTIADB.8.9.0
2026-03-30 18:44:55,978 [WARN] PackLoader:240 - Cannot read IP mode file for STMicroelectronics.X-CUBE-NFC6.3.2.0
2026-03-30 18:44:56,003 [WARN] PackLoader:240 - Cannot read IP mode file for STMicroelectronics.X-CUBE-MEMS1.9.5.0
2026-03-30 18:44:56,078 [WARN] PackLoader:240 - Cannot read IP mode file for STMicroelectronics.X-CUBE-ST67W61.1.0.0
2026-03-30 18:44:56,083 [WARN] PackLoader:240 - Cannot read IP mode file for STMicroelectronics.X-CUBE-AI.10.2.0
2026-03-30 18:44:56,109 [WARN] PackLoader:240 - Cannot read IP mode file for SEGGER.I-CUBE-embOS.1.3.1
2026-03-30 18:44:56,143 [WARN] PackLoader:240 - Cannot read IP mode file for STMicroelectronics.X-CUBE-ALGOBUILD.1.4.0
2026-03-30 18:44:56,214 [WARN] PackLoader:240 - Cannot read IP mode file for STMicroelectronics.X-CUBE-MEMS1.11.3.0
2026-03-30 18:44:56,300 [WARN] PackLoader:240 - Cannot read IP mode file for STMicroelectronics.X-CUBE-PM33A1.1.0.0
2026-03-30 18:44:56,307 [WARN] PackLoader:240 - Cannot read IP mode file for STMicroelectronics.X-CUBE-GNSS1.6.0.0
2026-03-30 18:44:56,319 [WARN] PackLoader:240 - Cannot read IP mode file for STMicroelectronics.X-CUBE-AZRTOS-F4.1.1.0
2026-03-30 18:44:56,324 [WARN] PackLoader:240 - Cannot read IP mode file for Avnet-IotConnect.X-CUBE-IoTC-DA16k-PMOD.1.0.0
2026-03-30 18:44:56,329 [WARN] PackLoader:240 - Cannot read IP mode file for STMicroelectronics.X-CUBE-ISPU.2.1.0
2026-03-30 18:44:56,338 [WARN] PackLoader:240 - Cannot read IP mode file for STMicroelectronics.X-CUBE-IPS.3.2.0
2026-03-30 18:44:56,348 [WARN] PackLoader:240 - Cannot read IP mode file for STMicroelectronics.X-CUBE-NFC12.1.0.0
2026-03-30 18:44:56,359 [WARN] PackLoader:240 - Cannot read IP mode file for STMicroelectronics.X-CUBE-AZRTOS-L5.2.0.0
2026-03-30 18:44:56,365 [WARN] PackLoader:240 - Cannot read IP mode file for STMicroelectronics.X-CUBE-NFC6.3.1.0
2026-03-30 18:44:56,371 [WARN] PackLoader:240 - Cannot read IP mode file for emotas.I-CUBE-CANOPEN.1.1.3
2026-03-30 18:44:56,373 [WARN] PackLoader:240 - Cannot read IP mode file for wolfSSL.I-CUBE-wolfSSL.5.5.4
2026-03-30 18:44:56,378 [WARN] PackLoader:240 - Cannot read IP mode file for STMicroelectronics.X-CUBE-FREERTOS.1.3.1
2026-03-30 18:44:56,383 [WARN] PackLoader:240 - Cannot read IP mode file for STMicroelectronics.X-CUBE-NFC7.1.0.0
2026-03-30 18:44:56,387 [WARN] PackLoader:240 - Cannot read IP mode file for STMicroelectronics.X-CUBE-TOUCHGFX.4.26.0
2026-03-30 18:44:56,391 [WARN] PackLoader:240 - Cannot read IP mode file for STMicroelectronics.X-CUBE-TOUCHGFX.4.26.1
2026-03-30 18:44:56,395 [WARN] PackLoader:240 - Cannot read IP mode file for STMicroelectronics.X-CUBE-EEPRMA1.4.1.0
2026-03-30 18:44:56,400 [WARN] PackLoader:240 - Cannot read IP mode file for STMicroelectronics.FP-SNS-STAIOTCFT.1.0.0
2026-03-30 18:44:56,406 [WARN] PackLoader:240 - Cannot read IP mode file for STMicroelectronics.X-CUBE-DPower.1.3.0
2026-03-30 18:44:56,417 [WARN] ConditionMgr:438 - getConditionDescription Invalid condition id : LAN8742 Phy interface Condition cause : null
2026-03-30 18:44:56,418 [WARN] PackLoader:240 - Cannot read IP mode file for STMicroelectronics.X-CUBE-AZRTOS-L4.2.0.0
2026-03-30 18:44:56,419 [WARN] ConditionMgr:1044 - genDependencies : Invalid condition id : LAN8742 Phy interface Condition cause : null
2026-03-30 18:44:56,419 [WARN] ConditionMgr:1044 - genDependencies : Invalid condition id : LAN8742 Phy interface Condition cause : null
2026-03-30 18:44:56,419 [WARN] ConditionMgr:1044 - genDependencies : Invalid condition id : LAN8742 Phy interface Condition cause : null
2026-03-30 18:44:56,425 [WARN] PackLoader:240 - Cannot read IP mode file for STMicroelectronics.X-CUBE-SFXS2LP1.4.0.0
2026-03-30 18:44:56,438 [WARN] PackLoader:240 - Cannot read IP mode file for STMicroelectronics.X-CUBE-AZRTOS-H7.3.0.0
2026-03-30 18:44:56,444 [WARN] PackLoader:240 - Cannot read IP mode file for STMicroelectronics.X-CUBE-ST67W61.1.2.0
2026-03-30 18:44:56,448 [WARN] PackLoader:240 - Cannot read IP mode file for STMicroelectronics.X-CUBE-ISPU.1.1.0
2026-03-30 18:44:56,453 [WARN] PackLoader:240 - Cannot read IP mode file for RoweBots.I-CUBE-UNISONRTOS.5.5.0-4
2026-03-30 18:44:56,461 [WARN] PackLoader:240 - Cannot read IP mode file for STMicroelectronics.X-CUBE-BLEMGR.4.1.0
2026-03-30 18:44:56,467 [WARN] PackLoader:240 - Cannot read IP mode file for STMicroelectronics.X-CUBE-AI.8.0.0
2026-03-30 18:44:56,477 [WARN] ConditionMgr:438 - getConditionDescription Invalid condition id : UX DEVICE CLASS RTOS Condition cause : null
2026-03-30 18:44:56,477 [WARN] ConditionMgr:438 - getConditionDescription Invalid condition id : UX DEVICE CLASS RTOS Condition cause : null
2026-03-30 18:44:56,478 [WARN] PackLoader:240 - Cannot read IP mode file for STMicroelectronics.X-CUBE-AZRTOS-WB.2.0.0
2026-03-30 18:44:56,479 [WARN] ConditionMgr:1044 - genDependencies : Invalid condition id : UX DEVICE CLASS RTOS Condition cause : null
2026-03-30 18:44:56,479 [WARN] ConditionMgr:1044 - genDependencies : Invalid condition id : UX DEVICE CLASS RTOS Condition cause : null
2026-03-30 18:44:56,479 [WARN] ConditionMgr:1044 - genDependencies : Invalid condition id : UX DEVICE CLASS RTOS Condition cause : null
2026-03-30 18:44:56,479 [WARN] ConditionMgr:1044 - genDependencies : Invalid condition id : UX DEVICE CLASS RTOS Condition cause : null
2026-03-30 18:44:56,479 [WARN] ConditionMgr:1044 - genDependencies : Invalid condition id : UX DEVICE CLASS RTOS Condition cause : null
2026-03-30 18:44:56,494 [WARN] PackLoader:240 - Cannot read IP mode file for STMicroelectronics.X-CUBE-GNSS1.7.0.1
2026-03-30 18:44:56,499 [WARN] PackLoader:240 - Cannot read IP mode file for STMicroelectronics.X-CUBE-TOUCHGFX.4.25.0
2026-03-30 18:44:56,503 [WARN] ConditionMgr:438 - getConditionDescription Invalid condition id : Cortex-A Device cause : null
2026-03-30 18:44:56,514 [WARN] ConditionMgr:1044 - genDependencies : Invalid condition id : Cortex-A Device cause : null
2026-03-30 18:44:56,514 [WARN] ConditionMgr:1044 - genDependencies : Invalid condition id : Cortex-A Device cause : null
2026-03-30 18:44:56,514 [WARN] ConditionMgr:1044 - genDependencies : Invalid condition id : Cortex-A Device cause : null
2026-03-30 18:44:56,520 [WARN] PackLoader:240 - Cannot read IP mode file for STMicroelectronics.X-CUBE-STSE01.2.0.0
2026-03-30 18:44:56,534 [WARN] PackLoader:240 - Cannot read IP mode file for STMicroelectronics.X-CUBE-AZRTOS-L5.1.1.0
2026-03-30 18:44:56,546 [WARN] PackLoader:240 - Cannot read IP mode file for STMicroelectronics.X-CUBE-SUBG2.5.0.0
2026-03-30 18:44:56,563 [WARN] PackLoader:240 - Cannot read IP mode file for STMicroelectronics.X-CUBE-AZRTOS-H7RS.1.1.0
2026-03-30 18:44:56,571 [WARN] PackLoader:240 - Cannot read IP mode file for Cesanta.I-CUBE-Mongoose.7.13.0
2026-03-30 18:44:56,586 [WARN] PackLoader:240 - Cannot read IP mode file for STMicroelectronics.X-CUBE-AZRTOS-G4.2.0.0
2026-03-30 18:44:56,818 [WARN] PackLoader:240 - Cannot read IP mode file for STMicroelectronics.FP-ATR-ASTRA1.1.1.1
2026-03-30 18:44:56,826 [WARN] PackLoader:240 - Cannot read IP mode file for wolfSSL.I-CUBE-wolfSSH.1.4.20
2026-03-30 18:44:56,831 [WARN] PackLoader:240 - Cannot read IP mode file for STMicroelectronics.X-CUBE-NFC7.2.0.0
2026-03-30 18:44:56,841 [WARN] PackLoader:240 - Cannot read IP mode file for STMicroelectronics.X-CUBE-AZRTOS-G4.1.0.0
2026-03-30 18:44:56,853 [WARN] PackLoader:240 - Cannot read IP mode file for STMicroelectronics.X-CUBE-AZRTOS-L4.1.0.0
2026-03-30 18:44:56,864 [WARN] PackLoader:240 - Cannot read IP mode file for STMicroelectronics.X-CUBE-IPS.3.1.0
2026-03-30 18:44:56,875 [WARN] PackLoader:240 - Cannot read IP mode file for STMicroelectronics.X-CUBE-ALS.1.0.2
2026-03-30 18:44:56,883 [WARN] PackLoader:240 - Cannot read IP mode file for STMicroelectronics.X-CUBE-AZRTOS-WL.1.0.0
2026-03-30 18:44:56,890 [WARN] PackLoader:240 - Cannot read IP mode file for STMicroelectronics.X-CUBE-STSE01.1.0.0
2026-03-30 18:44:56,896 [WARN] PackLoader:240 - Cannot read IP mode file for portGmbH.I-Cube-SoM-uGOAL.1.1.0
2026-03-30 18:44:56,900 [WARN] PackLoader:240 - Cannot read IP mode file for STMicroelectronics.X-CUBE-ALS.1.0.1
2026-03-30 18:44:56,909 [WARN] PackLoader:240 - Cannot read IP mode file for STMicroelectronics.X-CUBE-AZRTOS-WB.1.1.0
2026-03-30 18:44:56,919 [WARN] PackLoader:240 - Cannot read IP mode file for STMicroelectronics.X-CUBE-TOF1.3.4.3
2026-03-30 18:44:56,926 [INFO] ThirdParty:978 - Integrity check success = true
2026-03-30 18:44:56,926 [INFO] IntegrityCheckThread:100 - exiting critical section [integrity check]
2026-03-30 18:44:56,926 [INFO] IntegrityCheckThread:103 - End integrity checks thread
2026-03-30 18:44:56,926 [INFO] ThirdParty:873 - entering critical section [close project]
2026-03-30 18:44:56,927 [INFO] ThirdParty:883 - exiting critical section [close project]
2026-03-30 18:44:56,929 [INFO] PinOutPanel:1589 - setPackage(No Configuration,No Configuration)
2026-03-30 18:44:56,931 [INFO] UtilMem:75 - Begin LoadConfig() Used Memory: 250672944 Bytes (304087040)
2026-03-30 18:44:56,932 [INFO] MicroXplorer:468 - Change Database Path : 
2026-03-30 18:44:56,933 [INFO] MicroXplorer:498 - Change Database Version : DB.6.0.150
2026-03-30 18:44:56,933 [INFO] OpenFileManager:355 - Change cursor
2026-03-30 18:44:56,943 [INFO] ThirdPartyDownloadManager:103 - Found SW packSTMicroelectronics.X-CUBE-AZRTOS-G4.2.0.0up-to-date on disk
2026-03-30 18:44:56,979 [INFO] Mcu:2029 - Initializing MCU STM32G473C(B-C-E)Tx STM32G473CETx STM32G473CET6
2026-03-30 18:45:01,068 [INFO] Context:786 - Trying to add GPIOservice into a context  which must be forbidden
2026-03-30 18:45:02,643 [INFO] ApiDbMcu:532 - Load IP Config File for STMicroelectronics.X-CUBE-AZRTOS-G4.2.0.0
2026-03-30 18:45:02,862 [INFO] ImportTextPane:234 - (OptionalMessage_ERROR) Pin45 (VP_RIF_VS_RIF1) cannot be retrieved for this MCU
2026-03-30 18:45:03,019 [INFO] RtosManager:558 - Registered RTOS mode: class=CMSIS, group=RTOS, mode=CMSIS_V1, owner=FREERTOS
2026-03-30 18:45:03,020 [INFO] RtosManager:558 - Registered RTOS mode: class=CMSIS, group=RTOS2, mode=CMSIS_V2, owner=FREERTOS
2026-03-30 18:45:03,020 [INFO] RtosManager:558 - Registered RTOS mode: class=RTOS, group=Core, mode=CMSIS_V1, owner=FREERTOS
2026-03-30 18:45:03,020 [INFO] RtosManager:558 - Registered RTOS mode: class=RTOS, group=Core, mode=CMSIS_V2, owner=FREERTOS
2026-03-30 18:45:03,020 [WARN] ModelIntegratedComponent:184 - Missing modes for component STMicroelectronics:FreeRTOS:0.0.1:STMicroelectronics:RTOS:FreeRTOS:Core:::10.2.0:
2026-03-30 18:45:03,033 [WARN] ModelIntegratedComponent:63 - No mode defined for component null
2026-03-30 18:45:03,034 [WARN] ModelIntegratedComponent:63 - No mode defined for component null
2026-03-30 18:45:03,034 [WARN] ModelIntegratedComponent:63 - No mode defined for component null
2026-03-30 18:45:03,035 [WARN] ModelIntegratedComponent:63 - No mode defined for component null
2026-03-30 18:45:03,035 [WARN] ModelIntegratedComponent:63 - No mode defined for component null
2026-03-30 18:45:03,035 [WARN] ModelIntegratedComponent:63 - No mode defined for component null
2026-03-30 18:45:03,035 [WARN] ModelIntegratedComponent:63 - No mode defined for component null
2026-03-30 18:45:03,035 [WARN] ModelIntegratedComponent:63 - No mode defined for component null
2026-03-30 18:45:03,035 [WARN] ModelIntegratedComponent:63 - No mode defined for component null
2026-03-30 18:45:03,035 [WARN] ModelIntegratedComponent:63 - No mode defined for component null
2026-03-30 18:45:03,035 [WARN] ModelIntegratedComponent:63 - No mode defined for component null
2026-03-30 18:45:03,035 [WARN] ModelIntegratedComponent:63 - No mode defined for component null
2026-03-30 18:45:03,035 [WARN] ModelIntegratedComponent:63 - No mode defined for component null
2026-03-30 18:45:03,035 [WARN] ModelIntegratedComponent:63 - No mode defined for component null
2026-03-30 18:45:03,035 [WARN] ModelIntegratedComponent:63 - No mode defined for component null
2026-03-30 18:45:03,035 [WARN] ModelIntegratedComponent:63 - No mode defined for component null
2026-03-30 18:45:03,035 [WARN] ModelIntegratedComponent:63 - No mode defined for component null
2026-03-30 18:45:03,035 [WARN] ModelIntegratedComponent:63 - No mode defined for component null
2026-03-30 18:45:03,035 [WARN] ModelIntegratedComponent:63 - No mode defined for component null
2026-03-30 18:45:03,035 [WARN] ModelIntegratedComponent:63 - No mode defined for component null
2026-03-30 18:45:03,035 [WARN] ModelIntegratedComponent:63 - No mode defined for component null
2026-03-30 18:45:03,035 [WARN] ModelIntegratedComponent:63 - No mode defined for component null
2026-03-30 18:45:03,035 [WARN] ModelIntegratedComponent:63 - No mode defined for component null
2026-03-30 18:45:03,035 [WARN] ModelIntegratedComponent:63 - No mode defined for component null
2026-03-30 18:45:03,035 [WARN] ModelIntegratedComponent:63 - No mode defined for component null
2026-03-30 18:45:03,035 [WARN] ModelIntegratedComponent:63 - No mode defined for component null
2026-03-30 18:45:03,036 [WARN] ModelIntegratedComponent:63 - No mode defined for component null
2026-03-30 18:45:03,036 [WARN] ModelIntegratedComponent:63 - No mode defined for component null
2026-03-30 18:45:03,036 [WARN] ModelIntegratedComponent:63 - No mode defined for component null
2026-03-30 18:45:03,036 [WARN] ModelIntegratedComponent:63 - No mode defined for component null
2026-03-30 18:45:03,036 [WARN] ModelIntegratedComponent:63 - No mode defined for component null
2026-03-30 18:45:03,036 [WARN] ModelIntegratedComponent:63 - No mode defined for component null
2026-03-30 18:45:03,036 [WARN] ModelIntegratedComponent:63 - No mode defined for component null
2026-03-30 18:45:03,036 [WARN] ModelIntegratedComponent:63 - No mode defined for component null
2026-03-30 18:45:03,036 [WARN] ModelIntegratedComponent:63 - No mode defined for component null
2026-03-30 18:45:03,036 [WARN] ModelPack:524 - Component already loaded: STMicroelectronics:HAL Drivers:0.0.0:STMicroelectronics:Device:STMicro_Driver:XSPI:HAL::0.0.1:HAL_XSPI
2026-03-30 18:45:03,388 [WARN] IP:2250 - TX_NO_TIMER not found: check if there is a RefParameter without a condition.
2026-03-30 18:45:03,390 [WARN] IP:2250 - ALIGN_TYPE_VAL not found: check if there is a RefParameter without a condition.
2026-03-30 18:45:03,391 [WARN] IP:2250 - TX_BASEPRI_VALUE not found: check if there is a RefParameter without a condition.
2026-03-30 18:45:03,391 [WARN] IP:2250 - TX_APP_THREAD_ENTRY not found: check if there is a RefParameter without a condition.
2026-03-30 18:45:03,392 [WARN] IP:2250 - TX_APP_THREAD_NAME not found: check if there is a RefParameter without a condition.
2026-03-30 18:45:03,392 [WARN] IP:2250 - TX_APP_THREAD_PRIO not found: check if there is a RefParameter without a condition.
2026-03-30 18:45:03,392 [WARN] IP:2250 - TX_APP_STACK_SIZE not found: check if there is a RefParameter without a condition.
2026-03-30 18:45:03,392 [WARN] IP:2250 - TX_SEMAPHORE_NAME not found: check if there is a RefParameter without a condition.
2026-03-30 18:45:03,392 [WARN] IP:2250 - TX_SEMAPHORE_COUNT not found: check if there is a RefParameter without a condition.
2026-03-30 18:45:03,393 [WARN] IP:2250 - TX_MUTEX_NAME not found: check if there is a RefParameter without a condition.
2026-03-30 18:45:03,393 [WARN] IP:2250 - TX_Mutex_INHERITANCE not found: check if there is a RefParameter without a condition.
2026-03-30 18:45:03,393 [WARN] IP:2250 - TX_MSG_QUEUE_NAME not found: check if there is a RefParameter without a condition.
2026-03-30 18:45:03,393 [WARN] IP:2250 - TX_MSG_SIZE_WORDS not found: check if there is a RefParameter without a condition.
2026-03-30 18:45:03,393 [WARN] IP:2250 - TX_NB_MSG not found: check if there is a RefParameter without a condition.
2026-03-30 18:45:03,395 [INFO] RtosManager:558 - Registered RTOS mode: class=RTOS, group=ThreadX, mode=RTOSJjThreadX, owner=STMicroelectronics.X-CUBE-AZRTOS-G4.2.0.0
2026-03-30 18:45:03,399 [WARN] IP:2250 - TX_APP_THREAD_ENTRY not found: check if there is a RefParameter without a condition.
2026-03-30 18:45:03,399 [WARN] IP:2250 - TX_APP_THREAD_NAME not found: check if there is a RefParameter without a condition.
2026-03-30 18:45:03,399 [WARN] IP:2250 - TX_APP_THREAD_PRIO not found: check if there is a RefParameter without a condition.
2026-03-30 18:45:03,399 [WARN] IP:2250 - TX_APP_STACK_SIZE not found: check if there is a RefParameter without a condition.
2026-03-30 18:45:03,400 [WARN] IP:2250 - TX_SEMAPHORE_NAME not found: check if there is a RefParameter without a condition.
2026-03-30 18:45:03,400 [WARN] IP:2250 - TX_SEMAPHORE_COUNT not found: check if there is a RefParameter without a condition.
2026-03-30 18:45:03,400 [WARN] IP:2250 - TX_MUTEX_NAME not found: check if there is a RefParameter without a condition.
2026-03-30 18:45:03,400 [WARN] IP:2250 - TX_Mutex_INHERITANCE not found: check if there is a RefParameter without a condition.
2026-03-30 18:45:03,401 [WARN] IP:2250 - TX_MSG_QUEUE_NAME not found: check if there is a RefParameter without a condition.
2026-03-30 18:45:03,401 [WARN] IP:2250 - TX_MSG_SIZE_WORDS not found: check if there is a RefParameter without a condition.
2026-03-30 18:45:03,401 [WARN] IP:2250 - TX_NB_MSG not found: check if there is a RefParameter without a condition.
2026-03-30 18:45:04,656 [INFO] ThirdPartyModel:298 - Start build external matchings
2026-03-30 18:45:05,802 [INFO] ThirdPartyModel:316 - End build external matchings
2026-03-30 18:45:05,839 [INFO] RtosManager:1018 - Current active RTOS is STMicroelectronics.X-CUBE-AZRTOS-G4.2.0.0 [Cortex-M4NS]
2026-03-30 18:45:05,865 [INFO] ImportTextPane:234 - (OptionalMessage_ERROR) IP (ADC1) : Parameter (CommonPathInternal) has invalid value (ADC_CHANNEL_VREFINT|ADC_CHANNEL_TEMPSENSOR_ADC1|null|null)
2026-03-30 18:45:05,866 [INFO] ImportTextPane:234 - (OptionalMessage_ERROR) IP (DMA) : Parameter (Instance) has Id (I2C2_TX) currently not set
2026-03-30 18:45:05,866 [INFO] ImportTextPane:234 - (OptionalMessage_ERROR) IP (DMA) : Parameter (Request) has Id (I2C2_TX) currently not set
2026-03-30 18:45:05,866 [INFO] ImportTextPane:234 - (OptionalMessage_ERROR) IP (DMA) : Parameter (Direction) has Id (I2C2_TX) currently not set
2026-03-30 18:45:05,866 [INFO] ImportTextPane:234 - (OptionalMessage_ERROR) IP (DMA) : Parameter (PeriphInc) has Id (I2C2_TX) currently not set
2026-03-30 18:45:05,866 [INFO] ImportTextPane:234 - (OptionalMessage_ERROR) IP (DMA) : Parameter (MemInc) has Id (I2C2_TX) currently not set
2026-03-30 18:45:05,867 [INFO] ImportTextPane:234 - (OptionalMessage_ERROR) IP (DMA) : Parameter (PeriphDataAlignment) has Id (I2C2_TX) currently not set
2026-03-30 18:45:05,868 [INFO] ImportTextPane:234 - (OptionalMessage_ERROR) IP (DMA) : Parameter (MemDataAlignment) has Id (I2C2_TX) currently not set
2026-03-30 18:45:05,868 [INFO] ImportTextPane:234 - (OptionalMessage_ERROR) IP (DMA) : Parameter (Mode) has Id (I2C2_TX) currently not set
2026-03-30 18:45:05,868 [INFO] ImportTextPane:234 - (OptionalMessage_ERROR) IP (DMA) : Parameter (Priority) has Id (I2C2_TX) currently not set
2026-03-30 18:45:05,868 [INFO] ImportTextPane:234 - (OptionalMessage_ERROR) IP (DMA) : Parameter (SignalID) has Id (I2C2_TX) currently not set
2026-03-30 18:45:05,868 [INFO] ImportTextPane:234 - (OptionalMessage_ERROR) IP (DMA) : Parameter (Polarity) has Id (I2C2_TX) currently not set
2026-03-30 18:45:05,868 [INFO] ImportTextPane:234 - (OptionalMessage_ERROR) IP (DMA) : Parameter (RequestNumber) has Id (I2C2_TX) currently not set
2026-03-30 18:45:05,868 [INFO] ImportTextPane:234 - (OptionalMessage_ERROR) IP (DMA) : Parameter (SyncSignalID) has Id (I2C2_TX) currently not set
2026-03-30 18:45:05,868 [INFO] ImportTextPane:234 - (OptionalMessage_ERROR) IP (DMA) : Parameter (SyncPolarity) has Id (I2C2_TX) currently not set
2026-03-30 18:45:05,868 [INFO] ImportTextPane:234 - (OptionalMessage_ERROR) IP (DMA) : Parameter (SyncEnable) has Id (I2C2_TX) currently not set
2026-03-30 18:45:05,868 [INFO] ImportTextPane:234 - (OptionalMessage_ERROR) IP (DMA) : Parameter (EventEnable) has Id (I2C2_TX) currently not set
2026-03-30 18:45:05,868 [INFO] ImportTextPane:234 - (OptionalMessage_ERROR) IP (DMA) : Parameter (SyncRequestNumber) has Id (I2C2_TX) currently not set
2026-03-30 18:45:05,868 [INFO] ImportTextPane:234 - (OptionalMessage_ERROR) IP (DMA) : Parameter (Instance) has Id (I2C2_RX) currently not set
2026-03-30 18:45:05,868 [INFO] ImportTextPane:234 - (OptionalMessage_ERROR) IP (DMA) : Parameter (Request) has Id (I2C2_RX) currently not set
2026-03-30 18:45:05,868 [INFO] ImportTextPane:234 - (OptionalMessage_ERROR) IP (DMA) : Parameter (Direction) has Id (I2C2_RX) currently not set
2026-03-30 18:45:05,868 [INFO] ImportTextPane:234 - (OptionalMessage_ERROR) IP (DMA) : Parameter (PeriphInc) has Id (I2C2_RX) currently not set
2026-03-30 18:45:05,869 [INFO] ImportTextPane:234 - (OptionalMessage_ERROR) IP (DMA) : Parameter (MemInc) has Id (I2C2_RX) currently not set
2026-03-30 18:45:05,869 [INFO] ImportTextPane:234 - (OptionalMessage_ERROR) IP (DMA) : Parameter (PeriphDataAlignment) has Id (I2C2_RX) currently not set
2026-03-30 18:45:05,869 [INFO] ImportTextPane:234 - (OptionalMessage_ERROR) IP (DMA) : Parameter (MemDataAlignment) has Id (I2C2_RX) currently not set
2026-03-30 18:45:05,869 [INFO] ImportTextPane:234 - (OptionalMessage_ERROR) IP (DMA) : Parameter (Mode) has Id (I2C2_RX) currently not set
2026-03-30 18:45:05,869 [INFO] ImportTextPane:234 - (OptionalMessage_ERROR) IP (DMA) : Parameter (Priority) has Id (I2C2_RX) currently not set
2026-03-30 18:45:05,869 [INFO] ImportTextPane:234 - (OptionalMessage_ERROR) IP (DMA) : Parameter (SignalID) has Id (I2C2_RX) currently not set
2026-03-30 18:45:05,869 [INFO] ImportTextPane:234 - (OptionalMessage_ERROR) IP (DMA) : Parameter (Polarity) has Id (I2C2_RX) currently not set
2026-03-30 18:45:05,869 [INFO] ImportTextPane:234 - (OptionalMessage_ERROR) IP (DMA) : Parameter (RequestNumber) has Id (I2C2_RX) currently not set
2026-03-30 18:45:05,869 [INFO] ImportTextPane:234 - (OptionalMessage_ERROR) IP (DMA) : Parameter (SyncSignalID) has Id (I2C2_RX) currently not set
2026-03-30 18:45:05,869 [INFO] ImportTextPane:234 - (OptionalMessage_ERROR) IP (DMA) : Parameter (SyncPolarity) has Id (I2C2_RX) currently not set
2026-03-30 18:45:05,869 [INFO] ImportTextPane:234 - (OptionalMessage_ERROR) IP (DMA) : Parameter (SyncEnable) has Id (I2C2_RX) currently not set
2026-03-30 18:45:05,869 [INFO] ImportTextPane:234 - (OptionalMessage_ERROR) IP (DMA) : Parameter (EventEnable) has Id (I2C2_RX) currently not set
2026-03-30 18:45:05,869 [INFO] ImportTextPane:234 - (OptionalMessage_ERROR) IP (DMA) : Parameter (SyncRequestNumber) has Id (I2C2_RX) currently not set
2026-03-30 18:45:05,869 [INFO] ImportTextPane:234 - (OptionalMessage_ERROR) IP (DMA) : Parameter (Instance) has Id (SPI1_RX) currently not set
2026-03-30 18:45:05,869 [INFO] ImportTextPane:234 - (OptionalMessage_ERROR) IP (DMA) : Parameter (Request) has Id (SPI1_RX) currently not set
2026-03-30 18:45:05,869 [INFO] ImportTextPane:234 - (OptionalMessage_ERROR) IP (DMA) : Parameter (Direction) has Id (SPI1_RX) currently not set
2026-03-30 18:45:05,869 [INFO] ImportTextPane:234 - (OptionalMessage_ERROR) IP (DMA) : Parameter (PeriphInc) has Id (SPI1_RX) currently not set
2026-03-30 18:45:05,869 [INFO] ImportTextPane:234 - (OptionalMessage_ERROR) IP (DMA) : Parameter (MemInc) has Id (SPI1_RX) currently not set
2026-03-30 18:45:05,869 [INFO] ImportTextPane:234 - (OptionalMessage_ERROR) IP (DMA) : Parameter (PeriphDataAlignment) has Id (SPI1_RX) currently not set
2026-03-30 18:45:05,869 [INFO] ImportTextPane:234 - (OptionalMessage_ERROR) IP (DMA) : Parameter (MemDataAlignment) has Id (SPI1_RX) currently not set
2026-03-30 18:45:05,869 [INFO] ImportTextPane:234 - (OptionalMessage_ERROR) IP (DMA) : Parameter (Mode) has Id (SPI1_RX) currently not set
2026-03-30 18:45:05,869 [INFO] ImportTextPane:234 - (OptionalMessage_ERROR) IP (DMA) : Parameter (Priority) has Id (SPI1_RX) currently not set
2026-03-30 18:45:05,869 [INFO] ImportTextPane:234 - (OptionalMessage_ERROR) IP (DMA) : Parameter (SignalID) has Id (SPI1_RX) currently not set
2026-03-30 18:45:05,870 [INFO] ImportTextPane:234 - (OptionalMessage_ERROR) IP (DMA) : Parameter (Polarity) has Id (SPI1_RX) currently not set
2026-03-30 18:45:05,870 [INFO] ImportTextPane:234 - (OptionalMessage_ERROR) IP (DMA) : Parameter (RequestNumber) has Id (SPI1_RX) currently not set
2026-03-30 18:45:05,870 [INFO] ImportTextPane:234 - (OptionalMessage_ERROR) IP (DMA) : Parameter (SyncSignalID) has Id (SPI1_RX) currently not set
2026-03-30 18:45:05,870 [INFO] ImportTextPane:234 - (OptionalMessage_ERROR) IP (DMA) : Parameter (SyncPolarity) has Id (SPI1_RX) currently not set
2026-03-30 18:45:05,870 [INFO] ImportTextPane:234 - (OptionalMessage_ERROR) IP (DMA) : Parameter (SyncEnable) has Id (SPI1_RX) currently not set
2026-03-30 18:45:05,870 [INFO] ImportTextPane:234 - (OptionalMessage_ERROR) IP (DMA) : Parameter (EventEnable) has Id (SPI1_RX) currently not set
2026-03-30 18:45:05,870 [INFO] ImportTextPane:234 - (OptionalMessage_ERROR) IP (DMA) : Parameter (SyncRequestNumber) has Id (SPI1_RX) currently not set
2026-03-30 18:45:05,870 [INFO] ImportTextPane:234 - (OptionalMessage_ERROR) IP (DMA) : Parameter (Instance) has Id (SPI1_TX) currently not set
2026-03-30 18:45:05,870 [INFO] ImportTextPane:234 - (OptionalMessage_ERROR) IP (DMA) : Parameter (Request) has Id (SPI1_TX) currently not set
2026-03-30 18:45:05,870 [INFO] ImportTextPane:234 - (OptionalMessage_ERROR) IP (DMA) : Parameter (Direction) has Id (SPI1_TX) currently not set
2026-03-30 18:45:05,870 [INFO] ImportTextPane:234 - (OptionalMessage_ERROR) IP (DMA) : Parameter (PeriphInc) has Id (SPI1_TX) currently not set
2026-03-30 18:45:05,870 [INFO] ImportTextPane:234 - (OptionalMessage_ERROR) IP (DMA) : Parameter (MemInc) has Id (SPI1_TX) currently not set
2026-03-30 18:45:05,870 [INFO] ImportTextPane:234 - (OptionalMessage_ERROR) IP (DMA) : Parameter (PeriphDataAlignment) has Id (SPI1_TX) currently not set
2026-03-30 18:45:05,870 [INFO] ImportTextPane:234 - (OptionalMessage_ERROR) IP (DMA) : Parameter (MemDataAlignment) has Id (SPI1_TX) currently not set
2026-03-30 18:45:05,870 [INFO] ImportTextPane:234 - (OptionalMessage_ERROR) IP (DMA) : Parameter (Mode) has Id (SPI1_TX) currently not set
2026-03-30 18:45:05,870 [INFO] ImportTextPane:234 - (OptionalMessage_ERROR) IP (DMA) : Parameter (Priority) has Id (SPI1_TX) currently not set
2026-03-30 18:45:05,870 [INFO] ImportTextPane:234 - (OptionalMessage_ERROR) IP (DMA) : Parameter (SignalID) has Id (SPI1_TX) currently not set
2026-03-30 18:45:05,870 [INFO] ImportTextPane:234 - (OptionalMessage_ERROR) IP (DMA) : Parameter (Polarity) has Id (SPI1_TX) currently not set
2026-03-30 18:45:05,870 [INFO] ImportTextPane:234 - (OptionalMessage_ERROR) IP (DMA) : Parameter (RequestNumber) has Id (SPI1_TX) currently not set
2026-03-30 18:45:05,871 [INFO] ImportTextPane:234 - (OptionalMessage_ERROR) IP (DMA) : Parameter (SyncSignalID) has Id (SPI1_TX) currently not set
2026-03-30 18:45:05,871 [INFO] ImportTextPane:234 - (OptionalMessage_ERROR) IP (DMA) : Parameter (SyncPolarity) has Id (SPI1_TX) currently not set
2026-03-30 18:45:05,871 [INFO] ImportTextPane:234 - (OptionalMessage_ERROR) IP (DMA) : Parameter (SyncEnable) has Id (SPI1_TX) currently not set
2026-03-30 18:45:05,871 [INFO] ImportTextPane:234 - (OptionalMessage_ERROR) IP (DMA) : Parameter (EventEnable) has Id (SPI1_TX) currently not set
2026-03-30 18:45:05,871 [INFO] ImportTextPane:234 - (OptionalMessage_ERROR) IP (DMA) : Parameter (SyncRequestNumber) has Id (SPI1_TX) currently not set
2026-03-30 18:45:05,871 [INFO] ImportTextPane:234 - (OptionalMessage_ERROR) IP (DMA) : Parameter (Instance) has Id (SPI2_RX) currently not set
2026-03-30 18:45:05,871 [INFO] ImportTextPane:234 - (OptionalMessage_ERROR) IP (DMA) : Parameter (Request) has Id (SPI2_RX) currently not set
2026-03-30 18:45:05,871 [INFO] ImportTextPane:234 - (OptionalMessage_ERROR) IP (DMA) : Parameter (Direction) has Id (SPI2_RX) currently not set
2026-03-30 18:45:05,871 [INFO] ImportTextPane:234 - (OptionalMessage_ERROR) IP (DMA) : Parameter (PeriphInc) has Id (SPI2_RX) currently not set
2026-03-30 18:45:05,871 [INFO] ImportTextPane:234 - (OptionalMessage_ERROR) IP (DMA) : Parameter (MemInc) has Id (SPI2_RX) currently not set
2026-03-30 18:45:05,871 [INFO] ImportTextPane:234 - (OptionalMessage_ERROR) IP (DMA) : Parameter (PeriphDataAlignment) has Id (SPI2_RX) currently not set
2026-03-30 18:45:05,871 [INFO] ImportTextPane:234 - (OptionalMessage_ERROR) IP (DMA) : Parameter (MemDataAlignment) has Id (SPI2_RX) currently not set
2026-03-30 18:45:05,871 [INFO] ImportTextPane:234 - (OptionalMessage_ERROR) IP (DMA) : Parameter (Mode) has Id (SPI2_RX) currently not set
2026-03-30 18:45:05,871 [INFO] ImportTextPane:234 - (OptionalMessage_ERROR) IP (DMA) : Parameter (Priority) has Id (SPI2_RX) currently not set
2026-03-30 18:45:05,871 [INFO] ImportTextPane:234 - (OptionalMessage_ERROR) IP (DMA) : Parameter (SignalID) has Id (SPI2_RX) currently not set
2026-03-30 18:45:05,871 [INFO] ImportTextPane:234 - (OptionalMessage_ERROR) IP (DMA) : Parameter (Polarity) has Id (SPI2_RX) currently not set
2026-03-30 18:45:05,871 [INFO] ImportTextPane:234 - (OptionalMessage_ERROR) IP (DMA) : Parameter (RequestNumber) has Id (SPI2_RX) currently not set
2026-03-30 18:45:05,871 [INFO] ImportTextPane:234 - (OptionalMessage_ERROR) IP (DMA) : Parameter (SyncSignalID) has Id (SPI2_RX) currently not set
2026-03-30 18:45:05,872 [INFO] ImportTextPane:234 - (OptionalMessage_ERROR) IP (DMA) : Parameter (SyncPolarity) has Id (SPI2_RX) currently not set
2026-03-30 18:45:05,872 [INFO] ImportTextPane:234 - (OptionalMessage_ERROR) IP (DMA) : Parameter (SyncEnable) has Id (SPI2_RX) currently not set
2026-03-30 18:45:05,872 [INFO] ImportTextPane:234 - (OptionalMessage_ERROR) IP (DMA) : Parameter (EventEnable) has Id (SPI2_RX) currently not set
2026-03-30 18:45:05,872 [INFO] ImportTextPane:234 - (OptionalMessage_ERROR) IP (DMA) : Parameter (SyncRequestNumber) has Id (SPI2_RX) currently not set
2026-03-30 18:45:05,872 [INFO] ImportTextPane:234 - (OptionalMessage_ERROR) IP (DMA) : Parameter (Instance) has Id (SPI2_TX) currently not set
2026-03-30 18:45:05,872 [INFO] ImportTextPane:234 - (OptionalMessage_ERROR) IP (DMA) : Parameter (Request) has Id (SPI2_TX) currently not set
2026-03-30 18:45:05,873 [INFO] ImportTextPane:234 - (OptionalMessage_ERROR) IP (DMA) : Parameter (Direction) has Id (SPI2_TX) currently not set
2026-03-30 18:45:05,873 [INFO] ImportTextPane:234 - (OptionalMessage_ERROR) IP (DMA) : Parameter (PeriphInc) has Id (SPI2_TX) currently not set
2026-03-30 18:45:05,873 [INFO] ImportTextPane:234 - (OptionalMessage_ERROR) IP (DMA) : Parameter (MemInc) has Id (SPI2_TX) currently not set
2026-03-30 18:45:05,873 [INFO] ImportTextPane:234 - (OptionalMessage_ERROR) IP (DMA) : Parameter (PeriphDataAlignment) has Id (SPI2_TX) currently not set
2026-03-30 18:45:05,873 [INFO] ImportTextPane:234 - (OptionalMessage_ERROR) IP (DMA) : Parameter (MemDataAlignment) has Id (SPI2_TX) currently not set
2026-03-30 18:45:05,873 [INFO] ImportTextPane:234 - (OptionalMessage_ERROR) IP (DMA) : Parameter (Mode) has Id (SPI2_TX) currently not set
2026-03-30 18:45:05,873 [INFO] ImportTextPane:234 - (OptionalMessage_ERROR) IP (DMA) : Parameter (Priority) has Id (SPI2_TX) currently not set
2026-03-30 18:45:05,873 [INFO] ImportTextPane:234 - (OptionalMessage_ERROR) IP (DMA) : Parameter (SignalID) has Id (SPI2_TX) currently not set
2026-03-30 18:45:05,873 [INFO] ImportTextPane:234 - (OptionalMessage_ERROR) IP (DMA) : Parameter (Polarity) has Id (SPI2_TX) currently not set
2026-03-30 18:45:05,873 [INFO] ImportTextPane:234 - (OptionalMessage_ERROR) IP (DMA) : Parameter (RequestNumber) has Id (SPI2_TX) currently not set
2026-03-30 18:45:05,873 [INFO] ImportTextPane:234 - (OptionalMessage_ERROR) IP (DMA) : Parameter (SyncSignalID) has Id (SPI2_TX) currently not set
2026-03-30 18:45:05,873 [INFO] ImportTextPane:234 - (OptionalMessage_ERROR) IP (DMA) : Parameter (SyncPolarity) has Id (SPI2_TX) currently not set
2026-03-30 18:45:05,873 [INFO] ImportTextPane:234 - (OptionalMessage_ERROR) IP (DMA) : Parameter (SyncEnable) has Id (SPI2_TX) currently not set
2026-03-30 18:45:05,873 [INFO] ImportTextPane:234 - (OptionalMessage_ERROR) IP (DMA) : Parameter (EventEnable) has Id (SPI2_TX) currently not set
2026-03-30 18:45:05,873 [INFO] ImportTextPane:234 - (OptionalMessage_ERROR) IP (DMA) : Parameter (SyncRequestNumber) has Id (SPI2_TX) currently not set
2026-03-30 18:45:05,873 [INFO] ImportTextPane:234 - (OptionalMessage_ERROR) IP (DMA) : Parameter (Instance) has Id (USART1_RX) currently not set
2026-03-30 18:45:05,873 [INFO] ImportTextPane:234 - (OptionalMessage_ERROR) IP (DMA) : Parameter (Request) has Id (USART1_RX) currently not set
2026-03-30 18:45:05,873 [INFO] ImportTextPane:234 - (OptionalMessage_ERROR) IP (DMA) : Parameter (Direction) has Id (USART1_RX) currently not set
2026-03-30 18:45:05,873 [INFO] ImportTextPane:234 - (OptionalMessage_ERROR) IP (DMA) : Parameter (PeriphInc) has Id (USART1_RX) currently not set
2026-03-30 18:45:05,873 [INFO] ImportTextPane:234 - (OptionalMessage_ERROR) IP (DMA) : Parameter (MemInc) has Id (USART1_RX) currently not set
2026-03-30 18:45:05,873 [INFO] ImportTextPane:234 - (OptionalMessage_ERROR) IP (DMA) : Parameter (PeriphDataAlignment) has Id (USART1_RX) currently not set
2026-03-30 18:45:05,873 [INFO] ImportTextPane:234 - (OptionalMessage_ERROR) IP (DMA) : Parameter (MemDataAlignment) has Id (USART1_RX) currently not set
2026-03-30 18:45:05,873 [INFO] ImportTextPane:234 - (OptionalMessage_ERROR) IP (DMA) : Parameter (Mode) has Id (USART1_RX) currently not set
2026-03-30 18:45:05,873 [INFO] ImportTextPane:234 - (OptionalMessage_ERROR) IP (DMA) : Parameter (Priority) has Id (USART1_RX) currently not set
2026-03-30 18:45:05,873 [INFO] ImportTextPane:234 - (OptionalMessage_ERROR) IP (DMA) : Parameter (SignalID) has Id (USART1_RX) currently not set
2026-03-30 18:45:05,873 [INFO] ImportTextPane:234 - (OptionalMessage_ERROR) IP (DMA) : Parameter (Polarity) has Id (USART1_RX) currently not set
2026-03-30 18:45:05,875 [INFO] ImportTextPane:234 - (OptionalMessage_ERROR) IP (DMA) : Parameter (RequestNumber) has Id (USART1_RX) currently not set
2026-03-30 18:45:05,875 [INFO] ImportTextPane:234 - (OptionalMessage_ERROR) IP (DMA) : Parameter (SyncSignalID) has Id (USART1_RX) currently not set
2026-03-30 18:45:05,875 [INFO] ImportTextPane:234 - (OptionalMessage_ERROR) IP (DMA) : Parameter (SyncPolarity) has Id (USART1_RX) currently not set
2026-03-30 18:45:05,875 [INFO] ImportTextPane:234 - (OptionalMessage_ERROR) IP (DMA) : Parameter (SyncEnable) has Id (USART1_RX) currently not set
2026-03-30 18:45:05,875 [INFO] ImportTextPane:234 - (OptionalMessage_ERROR) IP (DMA) : Parameter (EventEnable) has Id (USART1_RX) currently not set
2026-03-30 18:45:05,875 [INFO] ImportTextPane:234 - (OptionalMessage_ERROR) IP (DMA) : Parameter (SyncRequestNumber) has Id (USART1_RX) currently not set
2026-03-30 18:45:05,875 [INFO] ImportTextPane:234 - (OptionalMessage_ERROR) IP (DMA) : Parameter (Instance) has Id (USART1_TX) currently not set
2026-03-30 18:45:05,875 [INFO] ImportTextPane:234 - (OptionalMessage_ERROR) IP (DMA) : Parameter (Request) has Id (USART1_TX) currently not set
2026-03-30 18:45:05,875 [INFO] ImportTextPane:234 - (OptionalMessage_ERROR) IP (DMA) : Parameter (Direction) has Id (USART1_TX) currently not set
2026-03-30 18:45:05,875 [INFO] ImportTextPane:234 - (OptionalMessage_ERROR) IP (DMA) : Parameter (PeriphInc) has Id (USART1_TX) currently not set
2026-03-30 18:45:05,875 [INFO] ImportTextPane:234 - (OptionalMessage_ERROR) IP (DMA) : Parameter (MemInc) has Id (USART1_TX) currently not set
2026-03-30 18:45:05,875 [INFO] ImportTextPane:234 - (OptionalMessage_ERROR) IP (DMA) : Parameter (PeriphDataAlignment) has Id (USART1_TX) currently not set
2026-03-30 18:45:05,875 [INFO] ImportTextPane:234 - (OptionalMessage_ERROR) IP (DMA) : Parameter (MemDataAlignment) has Id (USART1_TX) currently not set
2026-03-30 18:45:05,875 [INFO] ImportTextPane:234 - (OptionalMessage_ERROR) IP (DMA) : Parameter (Mode) has Id (USART1_TX) currently not set
2026-03-30 18:45:05,876 [INFO] ImportTextPane:234 - (OptionalMessage_ERROR) IP (DMA) : Parameter (Priority) has Id (USART1_TX) currently not set
2026-03-30 18:45:05,876 [INFO] ImportTextPane:234 - (OptionalMessage_ERROR) IP (DMA) : Parameter (SignalID) has Id (USART1_TX) currently not set
2026-03-30 18:45:05,876 [INFO] ImportTextPane:234 - (OptionalMessage_ERROR) IP (DMA) : Parameter (Polarity) has Id (USART1_TX) currently not set
2026-03-30 18:45:05,876 [INFO] ImportTextPane:234 - (OptionalMessage_ERROR) IP (DMA) : Parameter (RequestNumber) has Id (USART1_TX) currently not set
2026-03-30 18:45:05,876 [INFO] ImportTextPane:234 - (OptionalMessage_ERROR) IP (DMA) : Parameter (SyncSignalID) has Id (USART1_TX) currently not set
2026-03-30 18:45:05,876 [INFO] ImportTextPane:234 - (OptionalMessage_ERROR) IP (DMA) : Parameter (SyncPolarity) has Id (USART1_TX) currently not set
2026-03-30 18:45:05,876 [INFO] ImportTextPane:234 - (OptionalMessage_ERROR) IP (DMA) : Parameter (SyncEnable) has Id (USART1_TX) currently not set
2026-03-30 18:45:05,876 [INFO] ImportTextPane:234 - (OptionalMessage_ERROR) IP (DMA) : Parameter (EventEnable) has Id (USART1_TX) currently not set
2026-03-30 18:45:05,876 [INFO] ImportTextPane:234 - (OptionalMessage_ERROR) IP (DMA) : Parameter (SyncRequestNumber) has Id (USART1_TX) currently not set
2026-03-30 18:45:05,876 [INFO] ImportTextPane:234 - (OptionalMessage_ERROR) IP (DMA) : Parameter (Instance) has Id (USART2_RX) currently not set
2026-03-30 18:45:05,876 [INFO] ImportTextPane:234 - (OptionalMessage_ERROR) IP (DMA) : Parameter (Request) has Id (USART2_RX) currently not set
2026-03-30 18:45:05,876 [INFO] ImportTextPane:234 - (OptionalMessage_ERROR) IP (DMA) : Parameter (Direction) has Id (USART2_RX) currently not set
2026-03-30 18:45:05,876 [INFO] ImportTextPane:234 - (OptionalMessage_ERROR) IP (DMA) : Parameter (PeriphInc) has Id (USART2_RX) currently not set
2026-03-30 18:45:05,876 [INFO] ImportTextPane:234 - (OptionalMessage_ERROR) IP (DMA) : Parameter (MemInc) has Id (USART2_RX) currently not set
2026-03-30 18:45:05,876 [INFO] ImportTextPane:234 - (OptionalMessage_ERROR) IP (DMA) : Parameter (PeriphDataAlignment) has Id (USART2_RX) currently not set
2026-03-30 18:45:05,876 [INFO] ImportTextPane:234 - (OptionalMessage_ERROR) IP (DMA) : Parameter (MemDataAlignment) has Id (USART2_RX) currently not set
2026-03-30 18:45:05,877 [INFO] ImportTextPane:234 - (OptionalMessage_ERROR) IP (DMA) : Parameter (Mode) has Id (USART2_RX) currently not set
2026-03-30 18:45:05,877 [INFO] ImportTextPane:234 - (OptionalMessage_ERROR) IP (DMA) : Parameter (Priority) has Id (USART2_RX) currently not set
2026-03-30 18:45:05,877 [INFO] ImportTextPane:234 - (OptionalMessage_ERROR) IP (DMA) : Parameter (SignalID) has Id (USART2_RX) currently not set
2026-03-30 18:45:05,877 [INFO] ImportTextPane:234 - (OptionalMessage_ERROR) IP (DMA) : Parameter (Polarity) has Id (USART2_RX) currently not set
2026-03-30 18:45:05,877 [INFO] ImportTextPane:234 - (OptionalMessage_ERROR) IP (DMA) : Parameter (RequestNumber) has Id (USART2_RX) currently not set
2026-03-30 18:45:05,877 [INFO] ImportTextPane:234 - (OptionalMessage_ERROR) IP (DMA) : Parameter (SyncSignalID) has Id (USART2_RX) currently not set
2026-03-30 18:45:05,877 [INFO] ImportTextPane:234 - (OptionalMessage_ERROR) IP (DMA) : Parameter (SyncPolarity) has Id (USART2_RX) currently not set
2026-03-30 18:45:05,877 [INFO] ImportTextPane:234 - (OptionalMessage_ERROR) IP (DMA) : Parameter (SyncEnable) has Id (USART2_RX) currently not set
2026-03-30 18:45:05,877 [INFO] ImportTextPane:234 - (OptionalMessage_ERROR) IP (DMA) : Parameter (EventEnable) has Id (USART2_RX) currently not set
2026-03-30 18:45:05,877 [INFO] ImportTextPane:234 - (OptionalMessage_ERROR) IP (DMA) : Parameter (SyncRequestNumber) has Id (USART2_RX) currently not set
2026-03-30 18:45:05,877 [INFO] ImportTextPane:234 - (OptionalMessage_ERROR) IP (DMA) : Parameter (Instance) has Id (USART2_TX) currently not set
2026-03-30 18:45:05,877 [INFO] ImportTextPane:234 - (OptionalMessage_ERROR) IP (DMA) : Parameter (Request) has Id (USART2_TX) currently not set
2026-03-30 18:45:05,877 [INFO] ImportTextPane:234 - (OptionalMessage_ERROR) IP (DMA) : Parameter (Direction) has Id (USART2_TX) currently not set
2026-03-30 18:45:05,877 [INFO] ImportTextPane:234 - (OptionalMessage_ERROR) IP (DMA) : Parameter (PeriphInc) has Id (USART2_TX) currently not set
2026-03-30 18:45:05,877 [INFO] ImportTextPane:234 - (OptionalMessage_ERROR) IP (DMA) : Parameter (MemInc) has Id (USART2_TX) currently not set
2026-03-30 18:45:05,877 [INFO] ImportTextPane:234 - (OptionalMessage_ERROR) IP (DMA) : Parameter (PeriphDataAlignment) has Id (USART2_TX) currently not set
2026-03-30 18:45:05,877 [INFO] ImportTextPane:234 - (OptionalMessage_ERROR) IP (DMA) : Parameter (MemDataAlignment) has Id (USART2_TX) currently not set
2026-03-30 18:45:05,877 [INFO] ImportTextPane:234 - (OptionalMessage_ERROR) IP (DMA) : Parameter (Mode) has Id (USART2_TX) currently not set
2026-03-30 18:45:05,877 [INFO] ImportTextPane:234 - (OptionalMessage_ERROR) IP (DMA) : Parameter (Priority) has Id (USART2_TX) currently not set
2026-03-30 18:45:05,877 [INFO] ImportTextPane:234 - (OptionalMessage_ERROR) IP (DMA) : Parameter (SignalID) has Id (USART2_TX) currently not set
2026-03-30 18:45:05,878 [INFO] ImportTextPane:234 - (OptionalMessage_ERROR) IP (DMA) : Parameter (Polarity) has Id (USART2_TX) currently not set
2026-03-30 18:45:05,878 [INFO] ImportTextPane:234 - (OptionalMessage_ERROR) IP (DMA) : Parameter (RequestNumber) has Id (USART2_TX) currently not set
2026-03-30 18:45:05,878 [INFO] ImportTextPane:234 - (OptionalMessage_ERROR) IP (DMA) : Parameter (SyncSignalID) has Id (USART2_TX) currently not set
2026-03-30 18:45:05,878 [INFO] ImportTextPane:234 - (OptionalMessage_ERROR) IP (DMA) : Parameter (SyncPolarity) has Id (USART2_TX) currently not set
2026-03-30 18:45:05,878 [INFO] ImportTextPane:234 - (OptionalMessage_ERROR) IP (DMA) : Parameter (SyncEnable) has Id (USART2_TX) currently not set
2026-03-30 18:45:05,878 [INFO] ImportTextPane:234 - (OptionalMessage_ERROR) IP (DMA) : Parameter (EventEnable) has Id (USART2_TX) currently not set
2026-03-30 18:45:05,878 [INFO] ImportTextPane:234 - (OptionalMessage_ERROR) IP (DMA) : Parameter (SyncRequestNumber) has Id (USART2_TX) currently not set
2026-03-30 18:45:05,878 [INFO] ImportTextPane:234 - (OptionalMessage_ERROR) IP (DMA) : Parameter (Instance) has Id (ADC1) currently not set
2026-03-30 18:45:05,878 [INFO] ImportTextPane:234 - (OptionalMessage_ERROR) IP (DMA) : Parameter (Request) has Id (ADC1) currently not set
2026-03-30 18:45:05,878 [INFO] ImportTextPane:234 - (OptionalMessage_ERROR) IP (DMA) : Parameter (Direction) has Id (ADC1) currently not set
2026-03-30 18:45:05,878 [INFO] ImportTextPane:234 - (OptionalMessage_ERROR) IP (DMA) : Parameter (PeriphInc) has Id (ADC1) currently not set
2026-03-30 18:45:05,878 [INFO] ImportTextPane:234 - (OptionalMessage_ERROR) IP (DMA) : Parameter (MemInc) has Id (ADC1) currently not set
2026-03-30 18:45:05,878 [INFO] ImportTextPane:234 - (OptionalMessage_ERROR) IP (DMA) : Parameter (PeriphDataAlignment) has Id (ADC1) currently not set
2026-03-30 18:45:05,878 [INFO] ImportTextPane:234 - (OptionalMessage_ERROR) IP (DMA) : Parameter (MemDataAlignment) has Id (ADC1) currently not set
2026-03-30 18:45:05,878 [INFO] ImportTextPane:234 - (OptionalMessage_ERROR) IP (DMA) : Parameter (Mode) has Id (ADC1) currently not set
2026-03-30 18:45:05,878 [INFO] ImportTextPane:234 - (OptionalMessage_ERROR) IP (DMA) : Parameter (Priority) has Id (ADC1) currently not set
2026-03-30 18:45:05,878 [INFO] ImportTextPane:234 - (OptionalMessage_ERROR) IP (DMA) : Parameter (SignalID) has Id (ADC1) currently not set
2026-03-30 18:45:05,878 [INFO] ImportTextPane:234 - (OptionalMessage_ERROR) IP (DMA) : Parameter (Polarity) has Id (ADC1) currently not set
2026-03-30 18:45:05,878 [INFO] ImportTextPane:234 - (OptionalMessage_ERROR) IP (DMA) : Parameter (RequestNumber) has Id (ADC1) currently not set
2026-03-30 18:45:05,879 [INFO] ImportTextPane:234 - (OptionalMessage_ERROR) IP (DMA) : Parameter (SyncSignalID) has Id (ADC1) currently not set
2026-03-30 18:45:05,879 [INFO] ImportTextPane:234 - (OptionalMessage_ERROR) IP (DMA) : Parameter (SyncPolarity) has Id (ADC1) currently not set
2026-03-30 18:45:05,879 [INFO] ImportTextPane:234 - (OptionalMessage_ERROR) IP (DMA) : Parameter (SyncEnable) has Id (ADC1) currently not set
2026-03-30 18:45:05,879 [INFO] ImportTextPane:234 - (OptionalMessage_ERROR) IP (DMA) : Parameter (EventEnable) has Id (ADC1) currently not set
2026-03-30 18:45:05,879 [INFO] ImportTextPane:234 - (OptionalMessage_ERROR) IP (DMA) : Parameter (SyncRequestNumber) has Id (ADC1) currently not set
2026-03-30 18:45:05,884 [WARN] IP:2250 - TX_NO_TIMER not found: check if there is a RefParameter without a condition.
2026-03-30 18:45:05,885 [WARN] IP:2250 - ALIGN_TYPE_VAL not found: check if there is a RefParameter without a condition.
2026-03-30 18:45:05,885 [WARN] IP:2250 - TX_BASEPRI_VALUE not found: check if there is a RefParameter without a condition.
2026-03-30 18:45:05,885 [WARN] IP:2250 - TX_APP_THREAD_ENTRY not found: check if there is a RefParameter without a condition.
2026-03-30 18:45:05,885 [WARN] IP:2250 - TX_APP_THREAD_NAME not found: check if there is a RefParameter without a condition.
2026-03-30 18:45:05,885 [WARN] IP:2250 - TX_APP_THREAD_PRIO not found: check if there is a RefParameter without a condition.
2026-03-30 18:45:05,885 [WARN] IP:2250 - TX_APP_STACK_SIZE not found: check if there is a RefParameter without a condition.
2026-03-30 18:45:05,886 [WARN] IP:2250 - TX_SEMAPHORE_NAME not found: check if there is a RefParameter without a condition.
2026-03-30 18:45:05,886 [WARN] IP:2250 - TX_SEMAPHORE_COUNT not found: check if there is a RefParameter without a condition.
2026-03-30 18:45:05,886 [WARN] IP:2250 - TX_MUTEX_NAME not found: check if there is a RefParameter without a condition.
2026-03-30 18:45:05,886 [WARN] IP:2250 - TX_Mutex_INHERITANCE not found: check if there is a RefParameter without a condition.
2026-03-30 18:45:05,886 [WARN] IP:2250 - TX_MSG_QUEUE_NAME not found: check if there is a RefParameter without a condition.
2026-03-30 18:45:05,886 [WARN] IP:2250 - TX_MSG_SIZE_WORDS not found: check if there is a RefParameter without a condition.
2026-03-30 18:45:05,886 [WARN] IP:2250 - TX_NB_MSG not found: check if there is a RefParameter without a condition.
2026-03-30 18:45:06,566 [INFO] ApiDb:581 - Connected to CubeFinder SQLite database (C:\Users\kujon\.stmcufinder\plugins\mcufinder\mcu\cube-finder-db.db)
2026-03-30 18:45:06,662 [INFO] ApiDb:668 - CubeFinder database Data Model version=2.1
2026-03-30 18:45:06,662 [INFO] ApiDb:669 - CubeFinder database Configuration version=3.0.42
2026-03-30 18:45:06,662 [INFO] ApiDb:670 - CubeFinder database generation date=2026-03-11 (1773229989)
2026-03-30 18:45:06,662 [INFO] ApiDb:671 - CubeFinder database FW Pack versions=[FP-ATR-ASTRA1_V2.0.0, FP-SNS-FLIGHT1_V5.1.0, FP-SNS-MOTENV1_V5.1.0, FP-SNS-MOTENVWB1_V1.5.0, FP-SNS-SMARTAG2_V1.2.0, FP-SNS-STBOX1_V2.1.0, STM32Cube_FW_C0_V1.4.0, STM32Cube_FW_F4_V1.28.3, STM32Cube_FW_F7_V1.17.4, STM32Cube_FW_G0_V1.6.3, STM32Cube_FW_G4_V1.6.2, STM32Cube_FW_H5_V1.6.0, STM32Cube_FW_H7RS_V1.3.0, STM32Cube_FW_H7_V1.13.0, STM32Cube_FW_L0_V1.12.2, STM32Cube_FW_L4_V1.18.2, STM32Cube_FW_L5_V1.6.0, STM32Cube_FW_N6_V1.3.0, STM32Cube_FW_U0_V1.3.0, STM32Cube_FW_U3_V1.3.0, STM32Cube_FW_U5_V1.8.0, STM32Cube_FW_WB0_V1.4.0, STM32Cube_FW_WBA_V1.9.0, STM32Cube_FW_WB_V1.24.0, STM32Cube_FW_WL3_V1.4.0, STM32Cube_FW_WL_V1.5.0, X-CUBE-ALGOBUILD_V1.4.0, X-CUBE-ALS_V1.0.2, X-CUBE-AZRTOS-F4_V1.1.0, X-CUBE-AZRTOS-F7_V1.1.0, X-CUBE-AZRTOS-G0_V1.1.0, X-CUBE-AZRTOS-G4_V2.0.0, X-CUBE-AZRTOS-H7RS_V1.1.0, X-CUBE-AZRTOS-H7_V3.4.0, X-CUBE-AZRTOS-L4_V2.0.0, X-CUBE-AZRTOS-L5_V2.0.0, X-CUBE-AZRTOS-WB_V2.0.0, X-CUBE-AZRTOS-WL_V2.0.0, X-CUBE-BLE1_V7.1.0, X-CUBE-BLE2_V3.3.0, X-CUBE-BLEMGR_V4.1.0, X-CUBE-EEPRMA1_V5.2.0, X-CUBE-FREERTOS_V1.5.0, X-CUBE-GNSS1_V6.0.0, X-CUBE-MEMS1_V12.0.0, X-CUBE-NFC4_V3.0.0, X-CUBE-NFC7_V2.0.0, X-CUBE-SFXS2LP1_V4.0.0, X-CUBE-ST67W61_V1.2.0, X-CUBE-SUBG2_V5.0.0, X-CUBE-TOF1_V3.4.3]
2026-03-30 18:45:06,729 [INFO] DbBoardsSqlite:226 - include board P-NUCLEO-WB55-NUCLEO as a kit item of type 'Nucleo-64'
2026-03-30 18:45:06,729 [INFO] DbBoardsSqlite:226 - include board P-NUCLEO-WB55-USBDONGLE as a kit item of type 'Nucleo USB Dongle'
2026-03-30 18:45:06,729 [INFO] DbBoardsSqlite:226 - include board STEVAL-IDP005V1 as a kit item of type 'Evaluation Board'
2026-03-30 18:45:06,729 [INFO] DbBoardsSqlite:226 - include board STEVAL-IDP005V2 as a kit item of type 'Evaluation Board'
2026-03-30 18:45:06,807 [INFO] ApiDb:240 - Found 880 in-development CPN: [B-G473E-ZEST1S, B-WB1M-WPAN1, B-WBA5M-WPAN, B-WL5M-SUBG1, NUCLEO-C031C6, NUCLEO-C051C8, NUCLEO-C071RB, NUCLEO-C092RC, NUCLEO-H503RB, NUCLEO-H533RE, NUCLEO-H563ZI, NUCLEO-H7S3L8, NUCLEO-N657X0-Q, NUCLEO-U031R8, NUCLEO-U083RC, NUCLEO-U385RG-Q, NUCLEO-U545RE-Q, NUCLEO-U5A5ZJ-Q, NUCLEO-WB05KZ, NUCLEO-WB07CC, NUCLEO-WB09KE, NUCLEO-WBA52CG, NUCLEO-WBA55CG, NUCLEO-WL33CC1, NUCLEO-WL33CC2, STEVAL-PROTEUS1, STEVAL-SMARTAG2, STEVAL-STWINBX1, STM320518-EVAL, STM32C0116-DK, STM32C011D6Y3TR, STM32C011D6Y6TR, STM32C011F4P3, STM32C011F4P6, STM32C011F4U3, STM32C011F4U6TR, STM32C011F6P3, STM32C011F6P6, STM32C011F6U3, STM32C011F6U6TR, STM32C011J4M3, STM32C011J4M6, STM32C011J6M3, STM32C011J6M6, STM32C0316-DK, STM32C031C4T3, STM32C031C4T6, STM32C031C4U3, STM32C031C4U6, STM32C031C6T3, STM32C031C6T6, STM32C031C6U3, STM32C031C6U6, STM32C031F4P3, STM32C031F4P6, STM32C031F6P3, STM32C031F6P6, STM32C031G4U3, STM32C031G4U6, STM32C031G6U3, STM32C031G6U6, STM32C031K4T3, STM32C031K4T6, STM32C031K4U3, STM32C031K4U6, STM32C031K6T3, STM32C031K6T6, STM32C031K6U3, STM32C031K6U6, STM32C051C6T6, STM32C051C6U6, STM32C051C8T6, STM32C051C8U6, STM32C051D8Y6TR, STM32C051F6P6, STM32C051F8P6, STM32C051G6U6, STM32C051G8U6, STM32C051K6T6, STM32C051K6U6, STM32C051K8T6, STM32C071C8T6, STM32C071C8T6N, STM32C071C8U6, STM32C071C8U6N, STM32C071CBT6, STM32C071CBT6N, STM32C071CBU6, STM32C071CBU6N, STM32C071F8P6, STM32C071F8P6N, STM32C071FBP6, STM32C071FBP6N, STM32C071FBY6TR, STM32C071G8U6, STM32C071G8U6N, STM32C071GBU6, STM32C071GBU6N, STM32C071K8T6, STM32C071K8T6N, STM32C071K8U6, STM32C071K8U6N, STM32C071KBT6, STM32C071KBT6N, STM32C071KBU6, STM32C071KBU6N, STM32C071R8T6, STM32C071R8T6N, STM32C071RBI6N, STM32C071RBT6, STM32C071RBT6N, STM32C091CBT6, STM32C091CBU6, STM32C091CCT6, STM32C091CCU6, STM32C091ECY6TR, STM32C091FBP6, STM32C091FCP6, STM32C091GBU6, STM32C091GCU6, STM32C091KBT6, STM32C091KBU6, STM32C091KCT6, STM32C091KCU6, STM32C091RBT6, STM32C091RCI6, STM32C091RCT6, STM32C092CBT6, STM32C092CBU6, STM32C092CCT6, STM32C092CCU6, STM32C092ECY6TR, STM32C092FBP6, STM32C092FCP6, STM32C092GBU6, STM32C092GCU6, STM32C092KBT6, STM32C092KBU6, STM32C092KCT6, STM32C092KCU6, STM32C092RBT6, STM32C092RCI6, STM32C092RCT6, STM32G071K8TXN, STM32G071K8UXN, STM32G081GBU6N, STM32G081KBT6N, STM32G081KBUXN, STM32G0B1CCT6N, STM32G0B1KCT6, STM32G0B1NEY6TR, STM32G0B1RCT6N, STM32G0C1CCT6, STM32G0C1CCT6N, STM32G0C1CCU6N, STM32G0C1CET6N, STM32G0C1CEU6N, STM32G0C1KCT6, STM32G0C1NEY6TR, STM32G0C1RCI6N, STM32G0C1RCT6N, STM32G0C1REI6N, STM32G0C1RET6N, STM32G0C1VCI6, STM32G0C1VEI6, STM32G411C6T3, STM32G411C6T6, STM32G411C6U3, STM32G411C6U6, STM32G411C8T3, STM32G411C8T6, STM32G411C8U3, STM32G411C8U6, STM32G411CBT3, STM32G411CBT6, STM32G411CBU3, STM32G411CBU6, STM32G411K6T3, STM32G411K6T6, STM32G411K6U3, STM32G411K6U6, STM32G411K8T3, STM32G411K8T6, STM32G411K8U3, STM32G411K8U6, STM32G411KBT3, STM32G411KBT6, STM32G411KBU3, STM32G411KBU6, STM32G411M6T3, STM32G411M6T6, STM32G411M8T3, STM32G411M8T6, STM32G411MBT3, STM32G411MBT6, STM32G411R6T3, STM32G411R6T6, STM32G411R8T3, STM32G411R8T6, STM32G411RBT3, STM32G411RBT6, STM32G414CBT3, STM32G414CBT6, STM32G414CBU3, STM32G414CBU6, STM32G414CCT3, STM32G414CCT6, STM32G414CCU3, STM32G414CCU6, STM32G414MBT3, STM32G414MBT6, STM32G414MCT3, STM32G414MCT6, STM32G414RBT3, STM32G414RBT6, STM32G414RCT3, STM32G414RCT6, STM32G414VBT3, STM32G414VBT6, STM32G414VCT3, STM32G414VCT6, STM32G431CBT3Z, STM32G431RBT3Z, STM32G471CCT6, STM32G471CCU6, STM32G471CET3, STM32G471CET6, STM32G471CEU3, STM32G471CEU6, STM32G471MCT6, STM32G471MET3, STM32G471MET6, STM32G471MEY6TR, STM32G471QCT6, STM32G471QET3, STM32G471RCT6, STM32G471RET3, STM32G471RET6, STM32G471VCH6, STM32G471VCI6, STM32G471VCT6, STM32G471VEH3, STM32G471VEH6, STM32G471VEI3, STM32G471VEI6, STM32G471VET3, STM32G471VET6, STM32G473QET3Z, STM32G473RET3Z, STM32G474CCT6, STM32G491RET3Z, STM32H503CBT6, STM32H503CBU6, STM32H503EBY6TR, STM32H503KBU6, STM32H503RBT6, STM32H523CCT6, STM32H523CCU6, STM32H523CET6, STM32H523CEU6, STM32H523HEY6TR, STM32H523RCT6, STM32H523RET6, STM32H523VCI6, STM32H523VCT6, STM32H523VEI6, STM32H523VET6, STM32H523ZCJ6, STM32H523ZCT6, STM32H523ZEJ6, STM32H523ZET6, STM32H533CET6, STM32H533CEU6, STM32H533HEY6TR, STM32H533RET6, STM32H533VEI6, STM32H533VET6, STM32H533ZEJ6, STM32H533ZET6, STM32H562AGI6, STM32H562AII6, STM32H562IGK6, STM32H562IGT6, STM32H562IIK6, STM32H562IIT6, STM32H562RGT6, STM32H562RGV6, STM32H562RIT6, STM32H562RIV6, STM32H562VGT6, STM32H562VIT6, STM32H562ZGT6, STM32H562ZIT6, STM32H563AGI6, STM32H563AII3Q, STM32H563AII6, STM32H563IGK6, STM32H563IGT6, STM32H563IIK3Q, STM32H563IIK6, STM32H563IIT3Q, STM32H563IIT6, STM32H563MIY3QTR, STM32H563RGT6, STM32H563RGV6, STM32H563RIT6, STM32H563RIV6, STM32H563VGT6, STM32H563VIT3Q, STM32H563VIT6, STM32H563ZGT6, STM32H563ZIT3Q, STM32H563ZIT6, STM32H573AII3Q, STM32H573AII6, STM32H573I-DK, STM32H573IIK3Q, STM32H573IIK6, STM32H573IIT3Q, STM32H573IIT6, STM32H573MIY3QTR, STM32H573RIT6, STM32H573RIV6, STM32H573VIT3Q, STM32H573VIT6, STM32H573ZIT3Q, STM32H573ZIT6, STM32H7R3A8I6, STM32H7R3I8K6, STM32H7R3I8T6, STM32H7R3L8H6, STM32H7R3L8H6H, STM32H7R3R8V6, STM32H7R3V8H6, STM32H7R3V8T6, STM32H7R3V8Y6TR, STM32H7R3Z8J6, STM32H7R3Z8T6, STM32H7R7A8I6, STM32H7R7I8K6, STM32H7R7I8T6, STM32H7R7L8H6, STM32H7R7L8H6H, STM32H7R7Z8J6, STM32H7S3A8I6, STM32H7S3I8K6, STM32H7S3I8T6, STM32H7S3L8H6, STM32H7S3L8H6H, STM32H7S3R8V6, STM32H7S3V8H6, STM32H7S3V8T6, STM32H7S3V8Y6TR, STM32H7S3Z8J6, STM32H7S3Z8T6, STM32H7S78-DK, STM32H7S7A8I6, STM32H7S7I8K6, STM32H7S7I8T6, STM32H7S7L8H6, STM32H7S7L8H6H, STM32H7S7Z8J6, STM32L4R5QGI6STR, STM32MP131AAE3, STM32MP131AAF3, STM32MP131AAG3, STM32MP131CAE3, STM32MP131CAF3, STM32MP131CAG3, STM32MP131DAE7, STM32MP131DAF7, STM32MP131DAG7, STM32MP131FAE7, STM32MP131FAF7, STM32MP131FAG7, STM32MP133AAE3, STM32MP133AAF3, STM32MP133AAG3, STM32MP133CAE3, STM32MP133CAF3, STM32MP133CAG3, STM32MP133DAE7, STM32MP133DAF7, STM32MP133DAG7, STM32MP133FAE7, STM32MP133FAF7, STM32MP133FAG7, STM32MP135AAE3, STM32MP135AAF3, STM32MP135AAG3, STM32MP135CAE3, STM32MP135CAF3, STM32MP135CAG3, STM32MP135DAE7, STM32MP135DAF7, STM32MP135DAG7, STM32MP135F-DK, STM32MP135FAE7, STM32MP135FAF7, STM32MP135FAF7T, STM32MP135FAF7U, STM32MP135FAG7, STM32MP211AAL3, STM32MP211AAM3, STM32MP211AAN3, STM32MP211AAO3, STM32MP211CAL3, STM32MP211CAM3, STM32MP211CAN3, STM32MP211CAO3, STM32MP211DAL3, STM32MP211DAM3, STM32MP211DAN3, STM32MP211DAO3, STM32MP211FAL3, STM32MP211FAM3, STM32MP211FAN3, STM32MP211FAO3, STM32MP213AAL3, STM32MP213AAM3, STM32MP213AAN3, STM32MP213AAO3, STM32MP213CAL3, STM32MP213CAM3, STM32MP213CAN3, STM32MP213CAO3, STM32MP213DAL3, STM32MP213DAM3, STM32MP213DAN3, STM32MP213DAO3, STM32MP213FAL3, STM32MP213FAM3, STM32MP213FAN3, STM32MP213FAO3, STM32MP215AAL3, STM32MP215AAM3, STM32MP215AAN3, STM32MP215AAO3, STM32MP215CAL3, STM32MP215CAM3, STM32MP215CAN3, STM32MP215CAO3, STM32MP215DAL3, STM32MP215DAM3, STM32MP215DAN3, STM32MP215DAO3, STM32MP215F-DK, STM32MP215FAL3, STM32MP215FAM3, STM32MP215FAN3, STM32MP215FAO3, STM32MP231AAJ3, STM32MP231AAK3, STM32MP231AAL3, STM32MP231CAJ3, STM32MP231CAK3, STM32MP231CAL3, STM32MP231DAJ3, STM32MP231DAK3, STM32MP231DAL3, STM32MP231FAJ3, STM32MP231FAK3, STM32MP231FAL3, STM32MP233AAJ3, STM32MP233AAK3, STM32MP233AAL3, STM32MP233CAJ3, STM32MP233CAK3, STM32MP233CAL3, STM32MP233DAJ3, STM32MP233DAK3, STM32MP233DAL3, STM32MP233FAJ3, STM32MP233FAK3, STM32MP233FAL3, STM32MP235AAJ3, STM32MP235AAK3, STM32MP235AAL3, STM32MP235CAJ3, STM32MP235CAK3, STM32MP235CAL3, STM32MP235DAJ3, STM32MP235DAK3, STM32MP235DAL3, STM32MP235FAJ3, STM32MP235FAK3, STM32MP235FAL3, STM32MP251AAI3, STM32MP251AAK3, STM32MP251AAL3, STM32MP251CAI3, STM32MP251CAK3, STM32MP251CAL3, STM32MP251DAI3, STM32MP251DAK3, STM32MP251DAL3, STM32MP251FAI3, STM32MP251FAK3, STM32MP251FAL3, STM32MP253AAI3, STM32MP253AAK3, STM32MP253AAL3, STM32MP253CAI3, STM32MP253CAK3, STM32MP253CAL3, STM32MP253DAI3, STM32MP253DAK3, STM32MP253DAL3, STM32MP253FAI3, STM32MP253FAK3, STM32MP253FAL3, STM32MP255AAI3, STM32MP255AAK3, STM32MP255AAL3, STM32MP255CAI3, STM32MP255CAK3, STM32MP255CAL3, STM32MP255DAI3, STM32MP255DAK3, STM32MP255DAL3, STM32MP255FAI3, STM32MP255FAK3, STM32MP255FAL3, STM32MP257AAI3, STM32MP257AAK3, STM32MP257AAL3, STM32MP257CAI3, STM32MP257CAK3, STM32MP257CAL3, STM32MP257DAI3, STM32MP257DAK3, STM32MP257DAL3, STM32MP257F-DK, STM32MP257F-EV1, STM32MP257FAI3, STM32MP257FAK3, STM32MP257FAL3, STM32N645A0H3Q, STM32N645B0H3Q, STM32N645I0H3Q, STM32N645L0H3Q, STM32N645X0H3Q, STM32N645Z0H3Q, STM32N647A0H3Q, STM32N647B0H3Q, STM32N647I0H3Q, STM32N647L0H3Q, STM32N647X0H3Q, STM32N647Z0H3Q, STM32N655A0H3Q, STM32N655B0H3Q, STM32N655I0H3Q, STM32N655L0H3Q, STM32N655X0H3Q, STM32N655Z0H3Q, STM32N6570-DK, STM32N657A0H3Q, STM32N657B0H3Q, STM32N657I0H3Q, STM32N657L0H3Q, STM32N657X0H3Q, STM32N657Z0H3Q, STM32U031C6T6, STM32U031C6U6, STM32U031C8T6, STM32U031C8U6, STM32U031F4P6, STM32U031F6P6, STM32U031F8P6, STM32U031G6Y6TR, STM32U031G8Y6TR, STM32U031K4U6, STM32U031K6U6, STM32U031K8U6, STM32U031R6I6, STM32U031R6T6, STM32U031R8I6, STM32U031R8T6, STM32U073C8T6, STM32U073C8U6, STM32U073CBT6, STM32U073CBU6, STM32U073CCT6, STM32U073CCU6, STM32U073H8Y6TR, STM32U073HBY6TR, STM32U073HCY6TR, STM32U073K8U6, STM32U073KBU6, STM32U073KCU6, STM32U073M8I6, STM32U073M8T6, STM32U073MBI6, STM32U073MBT6, STM32U073MCI6, STM32U073MCT6, STM32U073R8I6, STM32U073R8T6, STM32U073RBI6, STM32U073RBT6, STM32U073RCI6, STM32U073RCT6, STM32U083C-DK, STM32U083CCT6, STM32U083CCU6, STM32U083HCY6TR, STM32U083KCU6, STM32U083MCI6, STM32U083MCT6, STM32U083RCI6, STM32U083RCT6, STM32U375CET6, STM32U375CET6Q, STM32U375CEU6, STM32U375CEU6Q, STM32U375CEY6QTR, STM32U375CGT6, STM32U375CGT6Q, STM32U375CGU6, STM32U375CGU6Q, STM32U375CGY6QTR, STM32U375KEU6, STM32U375KGU6, STM32U375REI6, STM32U375REI6Q, STM32U375RET6, STM32U375RET6Q, STM32U375REY6GTR, STM32U375REY6QTR, STM32U375RGI6, STM32U375RGI6Q, STM32U375RGT6, STM32U375RGT6Q, STM32U375RGY6GTR, STM32U375RGY6QTR, STM32U375VEI6, STM32U375VEI6Q, STM32U375VET6, STM32U375VET6Q, STM32U375VGI6, STM32U375VGI6Q, STM32U375VGT6, STM32U375VGT6Q, STM32U385CGT6, STM32U385CGT6Q, STM32U385CGU6, STM32U385CGU6Q, STM32U385CGY6QTR, STM32U385KGU6, STM32U385RGI6, STM32U385RGI6Q, STM32U385RGT6, STM32U385RGT6Q, STM32U385RGY6GTR, STM32U385RGY6QTR, STM32U385VGI6, STM32U385VGI6Q, STM32U385VGT6, STM32U385VGT6Q, STM32U535CBT6, STM32U535CBT6Q, STM32U535CBU6, STM32U535CBU6Q, STM32U535CCT6, STM32U535CCT6Q, STM32U535CCU6, STM32U535CCU6Q, STM32U535CET6, STM32U535CET6Q, STM32U535CEU6, STM32U535CEU6Q, STM32U535JEY6QTR, STM32U535NCY6QTR, STM32U535NEY6QTR, STM32U535RBI6, STM32U535RBI6Q, STM32U535RBT6, STM32U535RBT6Q, STM32U535RCI6, STM32U535RCI6Q, STM32U535RCT6, STM32U535RCT6Q, STM32U535REI6, STM32U535REI6Q, STM32U535RET6, STM32U535RET6Q, STM32U535VCI6, STM32U535VCI6Q, STM32U535VCT6, STM32U535VCT6Q, STM32U535VEI6, STM32U535VEI6Q, STM32U535VET6, STM32U535VET6Q, STM32U545CET6, STM32U545CET6Q, STM32U545CEU6, STM32U545CEU6Q, STM32U545JEY6QTR, STM32U545NEY6QTR, STM32U545REI6, STM32U545REI6Q, STM32U545RET6, STM32U545RET6Q, STM32U545VEI6, STM32U545VEI6Q, STM32U545VET6, STM32U545VET6Q, STM32U595AIH6, STM32U595AIH6Q, STM32U595AJH6, STM32U595AJH6Q, STM32U595QII6, STM32U595QII6Q, STM32U595QJI6, STM32U595QJI6Q, STM32U595RIT6, STM32U595RIT6Q, STM32U595RJT6, STM32U595RJT6Q, STM32U595VIT6, STM32U595VIT6Q, STM32U595VJT6, STM32U595VJT6Q, STM32U595ZIT6, STM32U595ZIT6Q, STM32U595ZIY6QTR, STM32U595ZJT6, STM32U595ZJT6Q, STM32U595ZJY6QTR, STM32U599BJY6QTR, STM32U599NIH6Q, STM32U599NJH6Q, STM32U599VIT6Q, STM32U599VJT6, STM32U599VJT6Q, STM32U599ZIT6Q, STM32U599ZIY6QTR, STM32U599ZJT6Q, STM32U599ZJY6QTR, STM32U5A5AJH6, STM32U5A5AJH6Q, STM32U5A5QII3Q , STM32U5A5QJI6, STM32U5A5QJI6Q, STM32U5A5RJT6, STM32U5A5RJT6Q, STM32U5A5VJT6, STM32U5A5VJT6Q, STM32U5A5ZJT6, STM32U5A5ZJT6Q, STM32U5A5ZJY6QTR, STM32U5A9BJY6QTR, STM32U5A9J-DK, STM32U5A9NJH6Q, STM32U5A9VJT6Q, STM32U5A9ZJT6Q, STM32U5A9ZJY6QTR, STM32U5F7VIT6, STM32U5F7VIT6Q, STM32U5F7VJT6, STM32U5F7VJT6Q, STM32U5F9BJY6QTR, STM32U5F9NJH6Q, STM32U5F9VIT6Q, STM32U5F9VJT6Q, STM32U5F9ZIJ6QTR, STM32U5F9ZIT6Q, STM32U5F9ZJJ6QTR, STM32U5F9ZJT6Q, STM32U5G7VJT6, STM32U5G7VJT6Q, STM32U5G9BJY6QTR, STM32U5G9J-DK1, STM32U5G9J-DK2, STM32U5G9NJH6Q, STM32U5G9VJT6Q, STM32U5G9ZJJ6QTR, STM32U5G9ZJT6Q, STM32WB05KZV6TR, STM32WB05KZV7TR, STM32WB05TZF6TR, STM32WB05TZF7TR, STM32WB06CCF6TR, STM32WB06CCF7TR, STM32WB06CCV6TR, STM32WB06CCV7TR, STM32WB06KCV6TR, STM32WB06KCV7TR, STM32WB07CCF6TR, STM32WB07CCF7TR, STM32WB07CCV6TR, STM32WB07CCV7TR, STM32WB07KCV6TR, STM32WB07KCV7TR, STM32WB09KEV6TR, STM32WB09KEV7TR, STM32WB09TEF6TR, STM32WB09TEF7TR, STM32WB1MMCH6, STM32WBA50KGU6, STM32WBA50KGU6TR, STM32WBA52CEU6, STM32WBA52CEU6TR, STM32WBA52CEU7, STM32WBA52CEU7TR, STM32WBA52CGU6, STM32WBA52CGU6TR, STM32WBA52CGU6U, STM32WBA52CGU7, STM32WBA52CGU7TR, STM32WBA52KEU6, STM32WBA52KEU6TR, STM32WBA52KGU6, STM32WBA52KGU6TR, STM32WBA54CEU6, STM32WBA54CEU6TR, STM32WBA54CEU7, STM32WBA54CEU7TR, STM32WBA54CGU6, STM32WBA54CGU6TR, STM32WBA54CGU7, STM32WBA54CGU7TR, STM32WBA54KEU6, STM32WBA54KEU6TR, STM32WBA54KEU7, STM32WBA54KEU7TR, STM32WBA54KGU6, STM32WBA54KGU6TR, STM32WBA54KGU7, STM32WBA54KGU7TR, STM32WBA55CEU6, STM32WBA55CEU6TR, STM32WBA55CEU7, STM32WBA55CEU7TR, STM32WBA55CGU6, STM32WBA55CGU6TR, STM32WBA55CGU6U, STM32WBA55CGU7, STM32WBA55CGU7TR, STM32WBA55G-DK1, STM32WBA55HEF6, STM32WBA55HEF7, STM32WBA55HGF6, STM32WBA55HGF7, STM32WBA55UEI6, STM32WBA55UEI6TR, STM32WBA55UEI7, STM32WBA55UEI7TR, STM32WBA55UGI6, STM32WBA55UGI6TR, STM32WBA55UGI7, STM32WBA55UGI7TR, STM32WBA5MMGH6TR, STM32WBA62MGF6, STM32WBA62MIF6, STM32WBA65MGF7, STM32WBA65MIF6, STM32WBA65MIF7, STM32WL30K8V6, STM32WL30KBV6, STM32WL31C8V6, STM32WL31CBV6, STM32WL31K8V6, STM32WL31KBV6, STM32WL33C8V6, STM32WL33C8V6X, STM32WL33CBV6, STM32WL33CBV6X, STM32WL33CCV6, STM32WL33CCV6A, STM32WL33CCV6X, STM32WL33K8V7, STM32WL33K8V7X, STM32WL33KBV7 , STM32WL33KBV7X, STM32WL33KCV7, STM32WL33KCV7X, STM32WL5MOCH6, STM32WL5MOCH6TR]
2026-03-30 18:45:06,812 [INFO] ApiDb:668 - CubeFinder database Data Model version=2.1
2026-03-30 18:45:06,812 [INFO] ApiDb:669 - CubeFinder database Configuration version=3.0.42
2026-03-30 18:45:06,812 [INFO] ApiDb:670 - CubeFinder database generation date=2026-03-11 (1773229989)
2026-03-30 18:45:06,812 [INFO] ApiDb:671 - CubeFinder database FW Pack versions=[FP-ATR-ASTRA1_V2.0.0, FP-SNS-FLIGHT1_V5.1.0, FP-SNS-MOTENV1_V5.1.0, FP-SNS-MOTENVWB1_V1.5.0, FP-SNS-SMARTAG2_V1.2.0, FP-SNS-STBOX1_V2.1.0, STM32Cube_FW_C0_V1.4.0, STM32Cube_FW_F4_V1.28.3, STM32Cube_FW_F7_V1.17.4, STM32Cube_FW_G0_V1.6.3, STM32Cube_FW_G4_V1.6.2, STM32Cube_FW_H5_V1.6.0, STM32Cube_FW_H7RS_V1.3.0, STM32Cube_FW_H7_V1.13.0, STM32Cube_FW_L0_V1.12.2, STM32Cube_FW_L4_V1.18.2, STM32Cube_FW_L5_V1.6.0, STM32Cube_FW_N6_V1.3.0, STM32Cube_FW_U0_V1.3.0, STM32Cube_FW_U3_V1.3.0, STM32Cube_FW_U5_V1.8.0, STM32Cube_FW_WB0_V1.4.0, STM32Cube_FW_WBA_V1.9.0, STM32Cube_FW_WB_V1.24.0, STM32Cube_FW_WL3_V1.4.0, STM32Cube_FW_WL_V1.5.0, X-CUBE-ALGOBUILD_V1.4.0, X-CUBE-ALS_V1.0.2, X-CUBE-AZRTOS-F4_V1.1.0, X-CUBE-AZRTOS-F7_V1.1.0, X-CUBE-AZRTOS-G0_V1.1.0, X-CUBE-AZRTOS-G4_V2.0.0, X-CUBE-AZRTOS-H7RS_V1.1.0, X-CUBE-AZRTOS-H7_V3.4.0, X-CUBE-AZRTOS-L4_V2.0.0, X-CUBE-AZRTOS-L5_V2.0.0, X-CUBE-AZRTOS-WB_V2.0.0, X-CUBE-AZRTOS-WL_V2.0.0, X-CUBE-BLE1_V7.1.0, X-CUBE-BLE2_V3.3.0, X-CUBE-BLEMGR_V4.1.0, X-CUBE-EEPRMA1_V5.2.0, X-CUBE-FREERTOS_V1.5.0, X-CUBE-GNSS1_V6.0.0, X-CUBE-MEMS1_V12.0.0, X-CUBE-NFC4_V3.0.0, X-CUBE-NFC7_V2.0.0, X-CUBE-SFXS2LP1_V4.0.0, X-CUBE-ST67W61_V1.2.0, X-CUBE-SUBG2_V5.0.0, X-CUBE-TOF1_V3.4.3]
2026-03-30 18:45:09,043 [INFO] ApiDb:240 - Found 880 in-development CPN: [B-G473E-ZEST1S, B-WB1M-WPAN1, B-WBA5M-WPAN, B-WL5M-SUBG1, NUCLEO-C031C6, NUCLEO-C051C8, NUCLEO-C071RB, NUCLEO-C092RC, NUCLEO-H503RB, NUCLEO-H533RE, NUCLEO-H563ZI, NUCLEO-H7S3L8, NUCLEO-N657X0-Q, NUCLEO-U031R8, NUCLEO-U083RC, NUCLEO-U385RG-Q, NUCLEO-U545RE-Q, NUCLEO-U5A5ZJ-Q, NUCLEO-WB05KZ, NUCLEO-WB07CC, NUCLEO-WB09KE, NUCLEO-WBA52CG, NUCLEO-WBA55CG, NUCLEO-WL33CC1, NUCLEO-WL33CC2, STEVAL-PROTEUS1, STEVAL-SMARTAG2, STEVAL-STWINBX1, STM320518-EVAL, STM32C0116-DK, STM32C011D6Y3TR, STM32C011D6Y6TR, STM32C011F4P3, STM32C011F4P6, STM32C011F4U3, STM32C011F4U6TR, STM32C011F6P3, STM32C011F6P6, STM32C011F6U3, STM32C011F6U6TR, STM32C011J4M3, STM32C011J4M6, STM32C011J6M3, STM32C011J6M6, STM32C0316-DK, STM32C031C4T3, STM32C031C4T6, STM32C031C4U3, STM32C031C4U6, STM32C031C6T3, STM32C031C6T6, STM32C031C6U3, STM32C031C6U6, STM32C031F4P3, STM32C031F4P6, STM32C031F6P3, STM32C031F6P6, STM32C031G4U3, STM32C031G4U6, STM32C031G6U3, STM32C031G6U6, STM32C031K4T3, STM32C031K4T6, STM32C031K4U3, STM32C031K4U6, STM32C031K6T3, STM32C031K6T6, STM32C031K6U3, STM32C031K6U6, STM32C051C6T6, STM32C051C6U6, STM32C051C8T6, STM32C051C8U6, STM32C051D8Y6TR, STM32C051F6P6, STM32C051F8P6, STM32C051G6U6, STM32C051G8U6, STM32C051K6T6, STM32C051K6U6, STM32C051K8T6, STM32C071C8T6, STM32C071C8T6N, STM32C071C8U6, STM32C071C8U6N, STM32C071CBT6, STM32C071CBT6N, STM32C071CBU6, STM32C071CBU6N, STM32C071F8P6, STM32C071F8P6N, STM32C071FBP6, STM32C071FBP6N, STM32C071FBY6TR, STM32C071G8U6, STM32C071G8U6N, STM32C071GBU6, STM32C071GBU6N, STM32C071K8T6, STM32C071K8T6N, STM32C071K8U6, STM32C071K8U6N, STM32C071KBT6, STM32C071KBT6N, STM32C071KBU6, STM32C071KBU6N, STM32C071R8T6, STM32C071R8T6N, STM32C071RBI6N, STM32C071RBT6, STM32C071RBT6N, STM32C091CBT6, STM32C091CBU6, STM32C091CCT6, STM32C091CCU6, STM32C091ECY6TR, STM32C091FBP6, STM32C091FCP6, STM32C091GBU6, STM32C091GCU6, STM32C091KBT6, STM32C091KBU6, STM32C091KCT6, STM32C091KCU6, STM32C091RBT6, STM32C091RCI6, STM32C091RCT6, STM32C092CBT6, STM32C092CBU6, STM32C092CCT6, STM32C092CCU6, STM32C092ECY6TR, STM32C092FBP6, STM32C092FCP6, STM32C092GBU6, STM32C092GCU6, STM32C092KBT6, STM32C092KBU6, STM32C092KCT6, STM32C092KCU6, STM32C092RBT6, STM32C092RCI6, STM32C092RCT6, STM32G071K8TXN, STM32G071K8UXN, STM32G081GBU6N, STM32G081KBT6N, STM32G081KBUXN, STM32G0B1CCT6N, STM32G0B1KCT6, STM32G0B1NEY6TR, STM32G0B1RCT6N, STM32G0C1CCT6, STM32G0C1CCT6N, STM32G0C1CCU6N, STM32G0C1CET6N, STM32G0C1CEU6N, STM32G0C1KCT6, STM32G0C1NEY6TR, STM32G0C1RCI6N, STM32G0C1RCT6N, STM32G0C1REI6N, STM32G0C1RET6N, STM32G0C1VCI6, STM32G0C1VEI6, STM32G411C6T3, STM32G411C6T6, STM32G411C6U3, STM32G411C6U6, STM32G411C8T3, STM32G411C8T6, STM32G411C8U3, STM32G411C8U6, STM32G411CBT3, STM32G411CBT6, STM32G411CBU3, STM32G411CBU6, STM32G411K6T3, STM32G411K6T6, STM32G411K6U3, STM32G411K6U6, STM32G411K8T3, STM32G411K8T6, STM32G411K8U3, STM32G411K8U6, STM32G411KBT3, STM32G411KBT6, STM32G411KBU3, STM32G411KBU6, STM32G411M6T3, STM32G411M6T6, STM32G411M8T3, STM32G411M8T6, STM32G411MBT3, STM32G411MBT6, STM32G411R6T3, STM32G411R6T6, STM32G411R8T3, STM32G411R8T6, STM32G411RBT3, STM32G411RBT6, STM32G414CBT3, STM32G414CBT6, STM32G414CBU3, STM32G414CBU6, STM32G414CCT3, STM32G414CCT6, STM32G414CCU3, STM32G414CCU6, STM32G414MBT3, STM32G414MBT6, STM32G414MCT3, STM32G414MCT6, STM32G414RBT3, STM32G414RBT6, STM32G414RCT3, STM32G414RCT6, STM32G414VBT3, STM32G414VBT6, STM32G414VCT3, STM32G414VCT6, STM32G431CBT3Z, STM32G431RBT3Z, STM32G471CCT6, STM32G471CCU6, STM32G471CET3, STM32G471CET6, STM32G471CEU3, STM32G471CEU6, STM32G471MCT6, STM32G471MET3, STM32G471MET6, STM32G471MEY6TR, STM32G471QCT6, STM32G471QET3, STM32G471RCT6, STM32G471RET3, STM32G471RET6, STM32G471VCH6, STM32G471VCI6, STM32G471VCT6, STM32G471VEH3, STM32G471VEH6, STM32G471VEI3, STM32G471VEI6, STM32G471VET3, STM32G471VET6, STM32G473QET3Z, STM32G473RET3Z, STM32G474CCT6, STM32G491RET3Z, STM32H503CBT6, STM32H503CBU6, STM32H503EBY6TR, STM32H503KBU6, STM32H503RBT6, STM32H523CCT6, STM32H523CCU6, STM32H523CET6, STM32H523CEU6, STM32H523HEY6TR, STM32H523RCT6, STM32H523RET6, STM32H523VCI6, STM32H523VCT6, STM32H523VEI6, STM32H523VET6, STM32H523ZCJ6, STM32H523ZCT6, STM32H523ZEJ6, STM32H523ZET6, STM32H533CET6, STM32H533CEU6, STM32H533HEY6TR, STM32H533RET6, STM32H533VEI6, STM32H533VET6, STM32H533ZEJ6, STM32H533ZET6, STM32H562AGI6, STM32H562AII6, STM32H562IGK6, STM32H562IGT6, STM32H562IIK6, STM32H562IIT6, STM32H562RGT6, STM32H562RGV6, STM32H562RIT6, STM32H562RIV6, STM32H562VGT6, STM32H562VIT6, STM32H562ZGT6, STM32H562ZIT6, STM32H563AGI6, STM32H563AII3Q, STM32H563AII6, STM32H563IGK6, STM32H563IGT6, STM32H563IIK3Q, STM32H563IIK6, STM32H563IIT3Q, STM32H563IIT6, STM32H563MIY3QTR, STM32H563RGT6, STM32H563RGV6, STM32H563RIT6, STM32H563RIV6, STM32H563VGT6, STM32H563VIT3Q, STM32H563VIT6, STM32H563ZGT6, STM32H563ZIT3Q, STM32H563ZIT6, STM32H573AII3Q, STM32H573AII6, STM32H573I-DK, STM32H573IIK3Q, STM32H573IIK6, STM32H573IIT3Q, STM32H573IIT6, STM32H573MIY3QTR, STM32H573RIT6, STM32H573RIV6, STM32H573VIT3Q, STM32H573VIT6, STM32H573ZIT3Q, STM32H573ZIT6, STM32H7R3A8I6, STM32H7R3I8K6, STM32H7R3I8T6, STM32H7R3L8H6, STM32H7R3L8H6H, STM32H7R3R8V6, STM32H7R3V8H6, STM32H7R3V8T6, STM32H7R3V8Y6TR, STM32H7R3Z8J6, STM32H7R3Z8T6, STM32H7R7A8I6, STM32H7R7I8K6, STM32H7R7I8T6, STM32H7R7L8H6, STM32H7R7L8H6H, STM32H7R7Z8J6, STM32H7S3A8I6, STM32H7S3I8K6, STM32H7S3I8T6, STM32H7S3L8H6, STM32H7S3L8H6H, STM32H7S3R8V6, STM32H7S3V8H6, STM32H7S3V8T6, STM32H7S3V8Y6TR, STM32H7S3Z8J6, STM32H7S3Z8T6, STM32H7S78-DK, STM32H7S7A8I6, STM32H7S7I8K6, STM32H7S7I8T6, STM32H7S7L8H6, STM32H7S7L8H6H, STM32H7S7Z8J6, STM32L4R5QGI6STR, STM32MP131AAE3, STM32MP131AAF3, STM32MP131AAG3, STM32MP131CAE3, STM32MP131CAF3, STM32MP131CAG3, STM32MP131DAE7, STM32MP131DAF7, STM32MP131DAG7, STM32MP131FAE7, STM32MP131FAF7, STM32MP131FAG7, STM32MP133AAE3, STM32MP133AAF3, STM32MP133AAG3, STM32MP133CAE3, STM32MP133CAF3, STM32MP133CAG3, STM32MP133DAE7, STM32MP133DAF7, STM32MP133DAG7, STM32MP133FAE7, STM32MP133FAF7, STM32MP133FAG7, STM32MP135AAE3, STM32MP135AAF3, STM32MP135AAG3, STM32MP135CAE3, STM32MP135CAF3, STM32MP135CAG3, STM32MP135DAE7, STM32MP135DAF7, STM32MP135DAG7, STM32MP135F-DK, STM32MP135FAE7, STM32MP135FAF7, STM32MP135FAF7T, STM32MP135FAF7U, STM32MP135FAG7, STM32MP211AAL3, STM32MP211AAM3, STM32MP211AAN3, STM32MP211AAO3, STM32MP211CAL3, STM32MP211CAM3, STM32MP211CAN3, STM32MP211CAO3, STM32MP211DAL3, STM32MP211DAM3, STM32MP211DAN3, STM32MP211DAO3, STM32MP211FAL3, STM32MP211FAM3, STM32MP211FAN3, STM32MP211FAO3, STM32MP213AAL3, STM32MP213AAM3, STM32MP213AAN3, STM32MP213AAO3, STM32MP213CAL3, STM32MP213CAM3, STM32MP213CAN3, STM32MP213CAO3, STM32MP213DAL3, STM32MP213DAM3, STM32MP213DAN3, STM32MP213DAO3, STM32MP213FAL3, STM32MP213FAM3, STM32MP213FAN3, STM32MP213FAO3, STM32MP215AAL3, STM32MP215AAM3, STM32MP215AAN3, STM32MP215AAO3, STM32MP215CAL3, STM32MP215CAM3, STM32MP215CAN3, STM32MP215CAO3, STM32MP215DAL3, STM32MP215DAM3, STM32MP215DAN3, STM32MP215DAO3, STM32MP215F-DK, STM32MP215FAL3, STM32MP215FAM3, STM32MP215FAN3, STM32MP215FAO3, STM32MP231AAJ3, STM32MP231AAK3, STM32MP231AAL3, STM32MP231CAJ3, STM32MP231CAK3, STM32MP231CAL3, STM32MP231DAJ3, STM32MP231DAK3, STM32MP231DAL3, STM32MP231FAJ3, STM32MP231FAK3, STM32MP231FAL3, STM32MP233AAJ3, STM32MP233AAK3, STM32MP233AAL3, STM32MP233CAJ3, STM32MP233CAK3, STM32MP233CAL3, STM32MP233DAJ3, STM32MP233DAK3, STM32MP233DAL3, STM32MP233FAJ3, STM32MP233FAK3, STM32MP233FAL3, STM32MP235AAJ3, STM32MP235AAK3, STM32MP235AAL3, STM32MP235CAJ3, STM32MP235CAK3, STM32MP235CAL3, STM32MP235DAJ3, STM32MP235DAK3, STM32MP235DAL3, STM32MP235FAJ3, STM32MP235FAK3, STM32MP235FAL3, STM32MP251AAI3, STM32MP251AAK3, STM32MP251AAL3, STM32MP251CAI3, STM32MP251CAK3, STM32MP251CAL3, STM32MP251DAI3, STM32MP251DAK3, STM32MP251DAL3, STM32MP251FAI3, STM32MP251FAK3, STM32MP251FAL3, STM32MP253AAI3, STM32MP253AAK3, STM32MP253AAL3, STM32MP253CAI3, STM32MP253CAK3, STM32MP253CAL3, STM32MP253DAI3, STM32MP253DAK3, STM32MP253DAL3, STM32MP253FAI3, STM32MP253FAK3, STM32MP253FAL3, STM32MP255AAI3, STM32MP255AAK3, STM32MP255AAL3, STM32MP255CAI3, STM32MP255CAK3, STM32MP255CAL3, STM32MP255DAI3, STM32MP255DAK3, STM32MP255DAL3, STM32MP255FAI3, STM32MP255FAK3, STM32MP255FAL3, STM32MP257AAI3, STM32MP257AAK3, STM32MP257AAL3, STM32MP257CAI3, STM32MP257CAK3, STM32MP257CAL3, STM32MP257DAI3, STM32MP257DAK3, STM32MP257DAL3, STM32MP257F-DK, STM32MP257F-EV1, STM32MP257FAI3, STM32MP257FAK3, STM32MP257FAL3, STM32N645A0H3Q, STM32N645B0H3Q, STM32N645I0H3Q, STM32N645L0H3Q, STM32N645X0H3Q, STM32N645Z0H3Q, STM32N647A0H3Q, STM32N647B0H3Q, STM32N647I0H3Q, STM32N647L0H3Q, STM32N647X0H3Q, STM32N647Z0H3Q, STM32N655A0H3Q, STM32N655B0H3Q, STM32N655I0H3Q, STM32N655L0H3Q, STM32N655X0H3Q, STM32N655Z0H3Q, STM32N6570-DK, STM32N657A0H3Q, STM32N657B0H3Q, STM32N657I0H3Q, STM32N657L0H3Q, STM32N657X0H3Q, STM32N657Z0H3Q, STM32U031C6T6, STM32U031C6U6, STM32U031C8T6, STM32U031C8U6, STM32U031F4P6, STM32U031F6P6, STM32U031F8P6, STM32U031G6Y6TR, STM32U031G8Y6TR, STM32U031K4U6, STM32U031K6U6, STM32U031K8U6, STM32U031R6I6, STM32U031R6T6, STM32U031R8I6, STM32U031R8T6, STM32U073C8T6, STM32U073C8U6, STM32U073CBT6, STM32U073CBU6, STM32U073CCT6, STM32U073CCU6, STM32U073H8Y6TR, STM32U073HBY6TR, STM32U073HCY6TR, STM32U073K8U6, STM32U073KBU6, STM32U073KCU6, STM32U073M8I6, STM32U073M8T6, STM32U073MBI6, STM32U073MBT6, STM32U073MCI6, STM32U073MCT6, STM32U073R8I6, STM32U073R8T6, STM32U073RBI6, STM32U073RBT6, STM32U073RCI6, STM32U073RCT6, STM32U083C-DK, STM32U083CCT6, STM32U083CCU6, STM32U083HCY6TR, STM32U083KCU6, STM32U083MCI6, STM32U083MCT6, STM32U083RCI6, STM32U083RCT6, STM32U375CET6, STM32U375CET6Q, STM32U375CEU6, STM32U375CEU6Q, STM32U375CEY6QTR, STM32U375CGT6, STM32U375CGT6Q, STM32U375CGU6, STM32U375CGU6Q, STM32U375CGY6QTR, STM32U375KEU6, STM32U375KGU6, STM32U375REI6, STM32U375REI6Q, STM32U375RET6, STM32U375RET6Q, STM32U375REY6GTR, STM32U375REY6QTR, STM32U375RGI6, STM32U375RGI6Q, STM32U375RGT6, STM32U375RGT6Q, STM32U375RGY6GTR, STM32U375RGY6QTR, STM32U375VEI6, STM32U375VEI6Q, STM32U375VET6, STM32U375VET6Q, STM32U375VGI6, STM32U375VGI6Q, STM32U375VGT6, STM32U375VGT6Q, STM32U385CGT6, STM32U385CGT6Q, STM32U385CGU6, STM32U385CGU6Q, STM32U385CGY6QTR, STM32U385KGU6, STM32U385RGI6, STM32U385RGI6Q, STM32U385RGT6, STM32U385RGT6Q, STM32U385RGY6GTR, STM32U385RGY6QTR, STM32U385VGI6, STM32U385VGI6Q, STM32U385VGT6, STM32U385VGT6Q, STM32U535CBT6, STM32U535CBT6Q, STM32U535CBU6, STM32U535CBU6Q, STM32U535CCT6, STM32U535CCT6Q, STM32U535CCU6, STM32U535CCU6Q, STM32U535CET6, STM32U535CET6Q, STM32U535CEU6, STM32U535CEU6Q, STM32U535JEY6QTR, STM32U535NCY6QTR, STM32U535NEY6QTR, STM32U535RBI6, STM32U535RBI6Q, STM32U535RBT6, STM32U535RBT6Q, STM32U535RCI6, STM32U535RCI6Q, STM32U535RCT6, STM32U535RCT6Q, STM32U535REI6, STM32U535REI6Q, STM32U535RET6, STM32U535RET6Q, STM32U535VCI6, STM32U535VCI6Q, STM32U535VCT6, STM32U535VCT6Q, STM32U535VEI6, STM32U535VEI6Q, STM32U535VET6, STM32U535VET6Q, STM32U545CET6, STM32U545CET6Q, STM32U545CEU6, STM32U545CEU6Q, STM32U545JEY6QTR, STM32U545NEY6QTR, STM32U545REI6, STM32U545REI6Q, STM32U545RET6, STM32U545RET6Q, STM32U545VEI6, STM32U545VEI6Q, STM32U545VET6, STM32U545VET6Q, STM32U595AIH6, STM32U595AIH6Q, STM32U595AJH6, STM32U595AJH6Q, STM32U595QII6, STM32U595QII6Q, STM32U595QJI6, STM32U595QJI6Q, STM32U595RIT6, STM32U595RIT6Q, STM32U595RJT6, STM32U595RJT6Q, STM32U595VIT6, STM32U595VIT6Q, STM32U595VJT6, STM32U595VJT6Q, STM32U595ZIT6, STM32U595ZIT6Q, STM32U595ZIY6QTR, STM32U595ZJT6, STM32U595ZJT6Q, STM32U595ZJY6QTR, STM32U599BJY6QTR, STM32U599NIH6Q, STM32U599NJH6Q, STM32U599VIT6Q, STM32U599VJT6, STM32U599VJT6Q, STM32U599ZIT6Q, STM32U599ZIY6QTR, STM32U599ZJT6Q, STM32U599ZJY6QTR, STM32U5A5AJH6, STM32U5A5AJH6Q, STM32U5A5QII3Q , STM32U5A5QJI6, STM32U5A5QJI6Q, STM32U5A5RJT6, STM32U5A5RJT6Q, STM32U5A5VJT6, STM32U5A5VJT6Q, STM32U5A5ZJT6, STM32U5A5ZJT6Q, STM32U5A5ZJY6QTR, STM32U5A9BJY6QTR, STM32U5A9J-DK, STM32U5A9NJH6Q, STM32U5A9VJT6Q, STM32U5A9ZJT6Q, STM32U5A9ZJY6QTR, STM32U5F7VIT6, STM32U5F7VIT6Q, STM32U5F7VJT6, STM32U5F7VJT6Q, STM32U5F9BJY6QTR, STM32U5F9NJH6Q, STM32U5F9VIT6Q, STM32U5F9VJT6Q, STM32U5F9ZIJ6QTR, STM32U5F9ZIT6Q, STM32U5F9ZJJ6QTR, STM32U5F9ZJT6Q, STM32U5G7VJT6, STM32U5G7VJT6Q, STM32U5G9BJY6QTR, STM32U5G9J-DK1, STM32U5G9J-DK2, STM32U5G9NJH6Q, STM32U5G9VJT6Q, STM32U5G9ZJJ6QTR, STM32U5G9ZJT6Q, STM32WB05KZV6TR, STM32WB05KZV7TR, STM32WB05TZF6TR, STM32WB05TZF7TR, STM32WB06CCF6TR, STM32WB06CCF7TR, STM32WB06CCV6TR, STM32WB06CCV7TR, STM32WB06KCV6TR, STM32WB06KCV7TR, STM32WB07CCF6TR, STM32WB07CCF7TR, STM32WB07CCV6TR, STM32WB07CCV7TR, STM32WB07KCV6TR, STM32WB07KCV7TR, STM32WB09KEV6TR, STM32WB09KEV7TR, STM32WB09TEF6TR, STM32WB09TEF7TR, STM32WB1MMCH6, STM32WBA50KGU6, STM32WBA50KGU6TR, STM32WBA52CEU6, STM32WBA52CEU6TR, STM32WBA52CEU7, STM32WBA52CEU7TR, STM32WBA52CGU6, STM32WBA52CGU6TR, STM32WBA52CGU6U, STM32WBA52CGU7, STM32WBA52CGU7TR, STM32WBA52KEU6, STM32WBA52KEU6TR, STM32WBA52KGU6, STM32WBA52KGU6TR, STM32WBA54CEU6, STM32WBA54CEU6TR, STM32WBA54CEU7, STM32WBA54CEU7TR, STM32WBA54CGU6, STM32WBA54CGU6TR, STM32WBA54CGU7, STM32WBA54CGU7TR, STM32WBA54KEU6, STM32WBA54KEU6TR, STM32WBA54KEU7, STM32WBA54KEU7TR, STM32WBA54KGU6, STM32WBA54KGU6TR, STM32WBA54KGU7, STM32WBA54KGU7TR, STM32WBA55CEU6, STM32WBA55CEU6TR, STM32WBA55CEU7, STM32WBA55CEU7TR, STM32WBA55CGU6, STM32WBA55CGU6TR, STM32WBA55CGU6U, STM32WBA55CGU7, STM32WBA55CGU7TR, STM32WBA55G-DK1, STM32WBA55HEF6, STM32WBA55HEF7, STM32WBA55HGF6, STM32WBA55HGF7, STM32WBA55UEI6, STM32WBA55UEI6TR, STM32WBA55UEI7, STM32WBA55UEI7TR, STM32WBA55UGI6, STM32WBA55UGI6TR, STM32WBA55UGI7, STM32WBA55UGI7TR, STM32WBA5MMGH6TR, STM32WBA62MGF6, STM32WBA62MIF6, STM32WBA65MGF7, STM32WBA65MIF6, STM32WBA65MIF7, STM32WL30K8V6, STM32WL30KBV6, STM32WL31C8V6, STM32WL31CBV6, STM32WL31K8V6, STM32WL31KBV6, STM32WL33C8V6, STM32WL33C8V6X, STM32WL33CBV6, STM32WL33CBV6X, STM32WL33CCV6, STM32WL33CCV6A, STM32WL33CCV6X, STM32WL33K8V7, STM32WL33K8V7X, STM32WL33KBV7 , STM32WL33KBV7X, STM32WL33KCV7, STM32WL33KCV7X, STM32WL5MOCH6, STM32WL5MOCH6TR]
2026-03-30 18:45:09,049 [INFO] DbMcus:218 - Found 5055 MCUs, 4968 are supported
2026-03-30 18:45:09,050 [INFO] ApiDb:423 - Load user favorites file C:\Users\kujon/.stm32cubeide/favorites.mcus.txt: 0 item(s)
2026-03-30 18:45:09,050 [INFO] ApiDb:427 - User favorites MCUs=[]
2026-03-30 18:45:09,050 [INFO] DbMcus:224 - Set 0 / 0 favorites MCUs
2026-03-30 18:45:09,523 [INFO] BoardInfo:889 - No configuration file found for board NUCLEO-H5E5ZJ
2026-03-30 18:45:09,523 [INFO] DbBoards:161 - Board is not supported: NUCLEO-H5E5ZJ
2026-03-30 18:45:09,558 [INFO] BoardInfo:889 - No configuration file found for board NUCLEO-U3C5ZI-Q
2026-03-30 18:45:09,559 [INFO] DbBoards:161 - Board is not supported: NUCLEO-U3C5ZI-Q
2026-03-30 18:45:09,568 [INFO] BoardInfo:889 - No configuration file found for board NUCLEO-WBA25CE1
2026-03-30 18:45:09,569 [INFO] DbBoards:161 - Board is not supported: NUCLEO-WBA25CE1
2026-03-30 18:45:09,574 [INFO] BoardInfo:889 - No configuration file found for board NUCLEO-WL3RKB1
2026-03-30 18:45:09,574 [INFO] DbBoards:161 - Board is not supported: NUCLEO-WL3RKB1
2026-03-30 18:45:09,575 [INFO] BoardInfo:889 - No configuration file found for board NUCLEO-WL3RKB2
2026-03-30 18:45:09,575 [INFO] DbBoards:161 - Board is not supported: NUCLEO-WL3RKB2
2026-03-30 18:45:09,581 [INFO] BoardInfo:889 - No configuration file found for board P-NUCLEO-WB55
2026-03-30 18:45:09,581 [INFO] DbBoards:161 - Kit is not supported: P-NUCLEO-WB55
2026-03-30 18:45:09,586 [INFO] BoardInfo:889 - No configuration file found for board STEVAL-BFA001V1B
2026-03-30 18:45:09,586 [INFO] DbBoards:161 - Kit is not supported: STEVAL-BFA001V1B
2026-03-30 18:45:09,587 [INFO] BoardInfo:889 - No configuration file found for board STEVAL-BFA001V2B
2026-03-30 18:45:09,587 [INFO] DbBoards:161 - Kit is not supported: STEVAL-BFA001V2B
2026-03-30 18:45:09,666 [INFO] BoardInfo:889 - No configuration file found for board STM32H5F5J-DK
2026-03-30 18:45:09,667 [INFO] DbBoards:161 - Board is not supported: STM32H5F5J-DK
2026-03-30 18:45:09,746 [INFO] DbBoards:168 - Found 218 boards, 209 are supported
2026-03-30 18:45:09,747 [INFO] DbBoards:169 - Found 218 boards, 43 of them is supported for  Bsp
2026-03-30 18:45:09,753 [INFO] ApiDb:423 - Load user favorites file C:\Users\kujon/.stm32cubeide/favorites.boards.txt: 0 item(s)
2026-03-30 18:45:09,753 [INFO] ApiDb:427 - User favorites Boards=[]
2026-03-30 18:45:09,753 [INFO] DbBoards:198 - Set 0 / 0 favorites Boards
2026-03-30 18:45:09,796 [INFO] UtilMem:75 - End LoadConfig() Used Memory: 278931376 Bytes (449839104)
2026-03-30 18:45:09,923 [WARN] ThirdParty:833 - waiting for thirdparty lock release [change project]
2026-03-30 18:45:09,923 [INFO] ThirdParty:835 - entering critical section [change project]
2026-03-30 18:45:09,923 [INFO] ThirdParty:1030 - CMSIS Pack Vendor :STMicroelectronics X-CUBE-AZRTOS-H7 3.5.0
2026-03-30 18:45:09,923 [INFO] ThirdParty:1030 - CMSIS Pack Vendor :STMicroelectronics X-CUBE-PM33A1 1.0.0
2026-03-30 18:45:09,923 [INFO] ThirdParty:1030 - CMSIS Pack Vendor :STMicroelectronics USBPD 4.1
2026-03-30 18:45:09,923 [INFO] ThirdParty:1030 - CMSIS Pack Vendor :STMicroelectronics X-CUBE-GNSS1 6.0.0
2026-03-30 18:45:09,923 [INFO] ThirdParty:1030 - CMSIS Pack Vendor :STMicroelectronics USB_HOST 2.0.0
2026-03-30 18:45:09,923 [INFO] ThirdParty:1030 - CMSIS Pack Vendor :STMicroelectronics FP-SNS-MOTENVWB1 1.4.0
2026-03-30 18:45:09,923 [INFO] ThirdParty:1030 - CMSIS Pack Vendor :STMicroelectronics X-CUBE-AZRTOS-F4 1.1.0
2026-03-30 18:45:09,923 [INFO] ThirdParty:1030 - CMSIS Pack Vendor :STMicroelectronics LIBJPEG 8.0.0
2026-03-30 18:45:09,923 [INFO] ThirdParty:1030 - CMSIS Pack Vendor :STMicroelectronics FP-ATR-ASTRA1 2.0.2
2026-03-30 18:45:09,923 [INFO] ThirdParty:1030 - CMSIS Pack Vendor :Avnet-IotConnect X-CUBE-IoTC-DA16k-PMOD 1.0.0
2026-03-30 18:45:09,923 [INFO] ThirdParty:1030 - CMSIS Pack Vendor :STMicroelectronics X-CUBE-SMBUS 2.1.0
2026-03-30 18:45:09,923 [INFO] ThirdParty:1030 - CMSIS Pack Vendor :STMicroelectronics X-CUBE-ISPU 2.1.0
2026-03-30 18:45:09,923 [INFO] ThirdParty:1030 - CMSIS Pack Vendor :STMicroelectronics X-CUBE-IPS 3.2.0
2026-03-30 18:45:09,923 [INFO] ThirdParty:1030 - CMSIS Pack Vendor :STMicroelectronics X-CUBE-ST60 1.0.0
2026-03-30 18:45:09,923 [INFO] ThirdParty:1030 - CMSIS Pack Vendor :STMicroelectronics X-CUBE-NFC12 1.0.0
2026-03-30 18:45:09,923 [INFO] ThirdParty:1030 - CMSIS Pack Vendor :STMicroelectronics X-CUBE-AZRTOS-F7 1.1.0
2026-03-30 18:45:09,923 [INFO] ThirdParty:1030 - CMSIS Pack Vendor :STMicroelectronics X-CUBE-AZRTOS-L5 2.0.0
2026-03-30 18:45:09,923 [INFO] ThirdParty:1030 - CMSIS Pack Vendor :STMicroelectronics USB_DEVICE 2.0.0
2026-03-30 18:45:09,923 [INFO] ThirdParty:1030 - CMSIS Pack Vendor :STMicroelectronics X-CUBE-NFC6 3.1.0
2026-03-30 18:45:09,923 [INFO] ThirdParty:1030 - CMSIS Pack Vendor :STMicroelectronics X-CUBE-BLE1 6.2.4
2026-03-30 18:45:09,923 [INFO] ThirdParty:1030 - CMSIS Pack Vendor :STMicroelectronics FP-SNS-MOTENV1 5.1.0
2026-03-30 18:45:09,923 [INFO] ThirdParty:1030 - CMSIS Pack Vendor :STMicroelectronics FreeRTOS 0.0.1
2026-03-30 18:45:09,923 [INFO] ThirdParty:1030 - CMSIS Pack Vendor :emotas I-CUBE-CANOPEN 1.1.3
2026-03-30 18:45:09,923 [INFO] ThirdParty:1030 - CMSIS Pack Vendor :WES I-CUBE-Cesium 1.4.0
2026-03-30 18:45:09,923 [INFO] ThirdParty:1030 - CMSIS Pack Vendor :Infineon AIROC-Wi-Fi-Bluetooth-STM32 1.7.1
2026-03-30 18:45:09,923 [INFO] ThirdParty:1030 - CMSIS Pack Vendor :STMicroelectronics PDM2PCM 3.3.0
2026-03-30 18:45:09,923 [INFO] ThirdParty:1030 - CMSIS Pack Vendor :STMicroelectronics X-CUBE-AZRTOS-H7 3.4.0
2026-03-30 18:45:09,925 [INFO] ThirdParty:1030 - CMSIS Pack Vendor :STMicroelectronics X-CUBE-DISPLAY 3.0.0
2026-03-30 18:45:09,925 [INFO] ThirdParty:1030 - CMSIS Pack Vendor :STMicroelectronics FP-SNS-MOTENVWB1 1.5.0
2026-03-30 18:45:09,925 [INFO] ThirdParty:1030 - CMSIS Pack Vendor :STMicroelectronics X-CUBE-NFC10 1.0.0
2026-03-30 18:45:09,925 [INFO] ThirdParty:1030 - CMSIS Pack Vendor :wolfSSL I-CUBE-wolfSSL 5.5.4
2026-03-30 18:45:09,925 [INFO] ThirdParty:1030 - CMSIS Pack Vendor :STMicroelectronics X-CUBE-FREERTOS 1.3.1
2026-03-30 18:45:09,925 [INFO] ThirdParty:1030 - CMSIS Pack Vendor :STMicroelectronics HAL Drivers 0.0.0
2026-03-30 18:45:09,925 [INFO] ThirdParty:1030 - CMSIS Pack Vendor :STMicroelectronics X-CUBE-ST60 1.1.0
2026-03-30 18:45:09,925 [INFO] ThirdParty:1030 - CMSIS Pack Vendor :emotas I-CUBE-CANOPEN 1.3.0
2026-03-30 18:45:09,925 [INFO] ThirdParty:1030 - CMSIS Pack Vendor :STMicroelectronics MBEDTLS 2.14.1
2026-03-30 18:45:09,925 [INFO] ThirdParty:1030 - CMSIS Pack Vendor :STMicroelectronics X-CUBE-GNSS1 7.1.0
2026-03-30 18:45:09,925 [INFO] ThirdParty:1030 - CMSIS Pack Vendor :STMicroelectronics X-CUBE-NFC7 1.0.0
2026-03-30 18:45:09,925 [INFO] ThirdParty:1030 - CMSIS Pack Vendor :STMicroelectronics X-CUBE-TOUCHGFX 4.26.0
2026-03-30 18:45:09,925 [INFO] ThirdParty:1030 - CMSIS Pack Vendor :STMicroelectronics X-CUBE-TOUCHGFX 4.26.1
2026-03-30 18:45:09,925 [INFO] ThirdParty:1030 - CMSIS Pack Vendor :STMicroelectronics X-CUBE-EEPRMA1 4.1.0
2026-03-30 18:45:09,925 [INFO] ThirdParty:1030 - CMSIS Pack Vendor :STMicroelectronics FP-SNS-STBOX1 2.1.0
2026-03-30 18:45:09,925 [INFO] ThirdParty:1030 - CMSIS Pack Vendor :STMicroelectronics FP-SNS-STAIOTCFT 1.0.0
2026-03-30 18:45:09,925 [INFO] ThirdParty:1030 - CMSIS Pack Vendor :STMicroelectronics FP-SNS-SMARTAG2 1.2.0
2026-03-30 18:45:09,925 [INFO] ThirdParty:1030 - CMSIS Pack Vendor :STMicroelectronics FP-SNS-FLIGHT1 5.1.0
2026-03-30 18:45:09,925 [INFO] ThirdParty:1030 - CMSIS Pack Vendor :STMicroelectronics X-CUBE-AZRTOS-WL 2.0.0
2026-03-30 18:45:09,925 [INFO] ThirdParty:1030 - CMSIS Pack Vendor :STMicroelectronics X-CUBE-DPower 1.3.0
2026-03-30 18:45:09,925 [INFO] ThirdParty:1030 - CMSIS Pack Vendor :STMicroelectronics FP-SNS-MOTENV1 5.0.0
2026-03-30 18:45:09,925 [INFO] ThirdParty:1030 - CMSIS Pack Vendor :STMicroelectronics USB_DEVICE 1.0.0
2026-03-30 18:45:09,925 [INFO] ThirdParty:1030 - CMSIS Pack Vendor :STMicroelectronics X-CUBE-AZRTOS-H7RS 1.2.0
2026-03-30 18:45:09,925 [INFO] ThirdParty:1030 - CMSIS Pack Vendor :STMicroelectronics X-CUBE-AZRTOS-L4 2.0.0
2026-03-30 18:45:09,925 [INFO] ThirdParty:1030 - CMSIS Pack Vendor :STMicroelectronics ThreadX 0.0.2
2026-03-30 18:45:09,925 [INFO] ThirdParty:1030 - CMSIS Pack Vendor :STMicroelectronics lwIP 2.1.2
2026-03-30 18:45:09,925 [INFO] ThirdParty:1030 - CMSIS Pack Vendor :STMicroelectronics X-CUBE-SFXS2LP1 4.0.0
2026-03-30 18:45:09,925 [INFO] ThirdParty:1030 - CMSIS Pack Vendor :STMicroelectronics X-CUBE-BLE2 3.3.0
2026-03-30 18:45:09,925 [INFO] ThirdParty:1030 - CMSIS Pack Vendor :Avnet-IOTCONNECT X-CUBE-iotc-st67-sdk 1.0.0
2026-03-30 18:45:09,925 [INFO] ThirdParty:1030 - CMSIS Pack Vendor :STMicroelectronics X-CUBE-TOF1 3.2.0
2026-03-30 18:45:09,925 [INFO] ThirdParty:1030 - CMSIS Pack Vendor :STMicroelectronics PDM2PCM 3.2.0
2026-03-30 18:45:09,925 [INFO] ThirdParty:1030 - CMSIS Pack Vendor :STMicroelectronics X-CUBE-AZRTOS-H7 3.0.0
2026-03-30 18:45:09,925 [INFO] ThirdParty:1030 - CMSIS Pack Vendor :STMicroelectronics X-CUBE-ST67W61 1.2.0
2026-03-30 18:45:09,926 [INFO] ThirdParty:1030 - CMSIS Pack Vendor :STMicroelectronics X-CUBE-ISPU 1.1.0
2026-03-30 18:45:09,926 [INFO] ThirdParty:1030 - CMSIS Pack Vendor :RoweBots I-CUBE-UNISONRTOS 5.5.0-4
2026-03-30 18:45:09,926 [INFO] ThirdParty:1030 - CMSIS Pack Vendor :STMicroelectronics X-CUBE-NFC9 1.0.0
2026-03-30 18:45:09,926 [INFO] ThirdParty:1030 - CMSIS Pack Vendor :wolfSSL I-CUBE-wolfSSL 5.8.2
2026-03-30 18:45:09,926 [INFO] ThirdParty:1030 - CMSIS Pack Vendor :STMicroelectronics X-CUBE-BLE1 7.1.0
2026-03-30 18:45:09,926 [INFO] ThirdParty:1030 - CMSIS Pack Vendor :wolfSSL I-CUBE-wolfMQTT 1.19.2
2026-03-30 18:45:09,926 [INFO] ThirdParty:1030 - CMSIS Pack Vendor :STMicroelectronics USB_DEVICE 3.0.0
2026-03-30 18:45:09,926 [INFO] ThirdParty:1030 - CMSIS Pack Vendor :STMicroelectronics X-CUBE-FREERTOS 1.4.0
2026-03-30 18:45:09,926 [INFO] ThirdParty:1030 - CMSIS Pack Vendor :STMicroelectronics X-CUBE-EEPRMA1 5.2.0
2026-03-30 18:45:09,926 [INFO] ThirdParty:1030 - CMSIS Pack Vendor :STMicroelectronics X-CUBE-BLEMGR 4.1.0
2026-03-30 18:45:09,926 [INFO] ThirdParty:1030 - CMSIS Pack Vendor :STMicroelectronics X-CUBE-AI 8.0.0
2026-03-30 18:45:09,926 [INFO] ThirdParty:1030 - CMSIS Pack Vendor :STMicroelectronics X-CUBE-AZRTOS-WB 2.0.0
2026-03-30 18:45:09,926 [INFO] ThirdParty:1030 - CMSIS Pack Vendor :STMicroelectronics X-CUBE-TOUCHGFX 4.21.1
2026-03-30 18:45:09,926 [INFO] ThirdParty:1030 - CMSIS Pack Vendor :STMicroelectronics X-CUBE-GNSS1 7.0.1
2026-03-30 18:45:09,926 [INFO] ThirdParty:1030 - CMSIS Pack Vendor :STMicroelectronics X-CUBE-TOUCHGFX 4.25.0
2026-03-30 18:45:09,926 [INFO] ThirdParty:1030 - CMSIS Pack Vendor :STMicroelectronics X-CUBE-ST67W61 1.1.0
2026-03-30 18:45:09,926 [INFO] ThirdParty:1030 - CMSIS Pack Vendor :quantropi X-CUBE-qispace-sdk-base 2.1.0
2026-03-30 18:45:09,926 [INFO] ThirdParty:1030 - CMSIS Pack Vendor :STMicroelectronics X-CUBE-MEMS1 12.0.0
2026-03-30 18:45:09,926 [INFO] ThirdParty:1030 - CMSIS Pack Vendor :STMicroelectronics X-CUBE-ALGOBUILD 1.3.0
2026-03-30 18:45:09,926 [INFO] ThirdParty:1030 - CMSIS Pack Vendor :STMicroelectronics X-CUBE-STSE01 2.0.0
2026-03-30 18:45:09,926 [INFO] ThirdParty:1030 - CMSIS Pack Vendor :STMicroelectronics X-CUBE-AZRTOS-L5 1.1.0
2026-03-30 18:45:09,926 [INFO] ThirdParty:1030 - CMSIS Pack Vendor :STMicroelectronics X-CUBE-AZRTOS-G0 1.1.0
2026-03-30 18:45:09,926 [INFO] ThirdParty:1030 - CMSIS Pack Vendor :STMicroelectronics X-CUBE-SAFEA1 1.2.2
2026-03-30 18:45:09,926 [INFO] ThirdParty:1030 - CMSIS Pack Vendor :STMicroelectronics X-CUBE-NFC4 3.0.0
2026-03-30 18:45:09,926 [INFO] ThirdParty:1030 - CMSIS Pack Vendor :STMicroelectronics X-CUBE-SUBG2 5.0.0
2026-03-30 18:45:09,926 [INFO] ThirdParty:1030 - CMSIS Pack Vendor :STMicroelectronics X-CUBE-AZRTOS-H7RS 1.1.0
2026-03-30 18:45:09,926 [INFO] ThirdParty:1030 - CMSIS Pack Vendor :STMicroelectronics STM32_WPAN 1.0.0
2026-03-30 18:45:09,926 [INFO] ThirdParty:1030 - CMSIS Pack Vendor :EmbeddedOffice I-CUBE-FS-RTOS 1.0.1
2026-03-30 18:45:09,926 [INFO] ThirdParty:1030 - CMSIS Pack Vendor :STMicroelectronics lwIP 2.0.3
2026-03-30 18:45:09,926 [INFO] ThirdParty:1030 - CMSIS Pack Vendor :Cesanta I-CUBE-Mongoose 7.13.0
2026-03-30 18:45:09,926 [INFO] ThirdParty:1030 - CMSIS Pack Vendor :STMicroelectronics USB_HOST 1.0.0
2026-03-30 18:45:09,926 [INFO] ThirdParty:1030 - CMSIS Pack Vendor :STMicroelectronics X-CUBE-AZRTOS-G4 2.0.0
2026-03-30 18:45:09,926 [INFO] ThirdParty:1030 - CMSIS Pack Vendor :STMicroelectronics X-CUBE-WB05N 2.0.0
2026-03-30 18:45:09,926 [INFO] ThirdParty:1030 - CMSIS Pack Vendor :STMicroelectronics PDM2PCM 3.1.0
2026-03-30 18:45:09,926 [INFO] ThirdParty:1030 - CMSIS Pack Vendor :STMicroelectronics FP-ATR-ASTRA1 1.1.1
2026-03-30 18:45:09,927 [INFO] ThirdParty:1030 - CMSIS Pack Vendor :wolfSSL I-CUBE-wolfTPM 3.8.0
2026-03-30 18:45:09,927 [INFO] ThirdParty:1030 - CMSIS Pack Vendor :STMicroelectronics X-CUBE-BLEMGR 1.3.0
2026-03-30 18:45:09,927 [INFO] ThirdParty:1030 - CMSIS Pack Vendor :wolfSSL I-CUBE-wolfSSH 1.4.20
2026-03-30 18:45:09,927 [INFO] ThirdParty:1030 - CMSIS Pack Vendor :STMicroelectronics X-CUBE-NFC7 2.0.0
2026-03-30 18:45:09,927 [INFO] ThirdParty:1030 - CMSIS Pack Vendor :STMicroelectronics X-CUBE-TCPP 4.2.0
2026-03-30 18:45:09,927 [INFO] ThirdParty:1030 - CMSIS Pack Vendor :RealThread X-CUBE-RT-Thread_Nano 4.1.1
2026-03-30 18:45:09,927 [INFO] ThirdParty:1030 - CMSIS Pack Vendor :STMicroelectronics FP-ATR-SIGFOX1 3.2.0
2026-03-30 18:45:09,927 [INFO] ThirdParty:1030 - CMSIS Pack Vendor :STMicroelectronics X-CUBE-AZRTOS-G4 1.0.0
2026-03-30 18:45:09,927 [INFO] ThirdParty:1030 - CMSIS Pack Vendor :STMicroelectronics X-CUBE-AZRTOS-L4 1.0.0
2026-03-30 18:45:09,927 [INFO] ThirdParty:1030 - CMSIS Pack Vendor :STMicroelectronics X-CUBE-FREERTOS 1.5.0
2026-03-30 18:45:09,927 [INFO] ThirdParty:1030 - CMSIS Pack Vendor :STMicroelectronics MBEDTLS 2.16.2
2026-03-30 18:45:09,927 [INFO] ThirdParty:1030 - CMSIS Pack Vendor :STMicroelectronics X-CUBE-IPS 3.1.0
2026-03-30 18:45:09,927 [INFO] ThirdParty:1030 - CMSIS Pack Vendor :STMicroelectronics X-CUBE-ALS 1.0.2
2026-03-30 18:45:09,927 [INFO] ThirdParty:1030 - CMSIS Pack Vendor :ITTIA_DB I-CUBE-ITTIADB 8.9.0
2026-03-30 18:45:09,927 [INFO] ThirdParty:1030 - CMSIS Pack Vendor :STMicroelectronics X-CUBE-AZRTOS-WL 1.0.0
2026-03-30 18:45:09,927 [INFO] ThirdParty:1030 - CMSIS Pack Vendor :STMicroelectronics X-CUBE-STSE01 1.0.0
2026-03-30 18:45:09,927 [INFO] ThirdParty:1030 - CMSIS Pack Vendor :portGmbH I-Cube-SoM-uGOAL 1.1.0
2026-03-30 18:45:09,927 [INFO] ThirdParty:1030 - CMSIS Pack Vendor :STMicroelectronics X-CUBE-ALS 1.0.1
2026-03-30 18:45:09,927 [INFO] ThirdParty:1030 - CMSIS Pack Vendor :STMicroelectronics X-CUBE-NFC6 3.2.0
2026-03-30 18:45:09,927 [INFO] ThirdParty:1030 - CMSIS Pack Vendor :STMicroelectronics X-CUBE-MEMS1 9.5.0
2026-03-30 18:45:09,927 [INFO] ThirdParty:1030 - CMSIS Pack Vendor :STMicroelectronics X-CUBE-ST67W61 1.0.0
2026-03-30 18:45:09,927 [INFO] ThirdParty:1030 - CMSIS Pack Vendor :STMicroelectronics X-CUBE-AI 10.2.0
2026-03-30 18:45:09,927 [INFO] ThirdParty:1030 - CMSIS Pack Vendor :STMicroelectronics ThreadX 1.0.0
2026-03-30 18:45:09,927 [INFO] ThirdParty:1030 - CMSIS Pack Vendor :STMicroelectronics X-CUBE-AZRTOS-WB 1.1.0
2026-03-30 18:45:09,927 [INFO] ThirdParty:1030 - CMSIS Pack Vendor :SEGGER I-CUBE-embOS 1.3.1
2026-03-30 18:45:09,927 [INFO] ThirdParty:1030 - CMSIS Pack Vendor :STMicroelectronics X-CUBE-ALGOBUILD 1.4.0
2026-03-30 18:45:09,927 [INFO] ThirdParty:1030 - CMSIS Pack Vendor :STMicroelectronics X-CUBE-MEMS1 11.3.0
2026-03-30 18:45:09,927 [INFO] ThirdParty:1030 - CMSIS Pack Vendor :STMicroelectronics X-CUBE-TOF1 3.4.3
2026-03-30 18:45:09,928 [INFO] ThirdParty:841 - exiting critical section [change project]
2026-03-30 18:45:10,369 [INFO] PinOutPanel:1589 - setPackage(No Configuration,No Configuration)
2026-03-30 18:45:10,370 [INFO] PinOutPanel:1589 - setPackage(STM32G473CETx,LQFP48)
2026-03-30 18:45:10,838 [INFO] UtilMem:75 - Before build in PCC Used Memory: 371296632 Bytes (449839104)
2026-03-30 18:45:11,639 [INFO] UtilMem:75 - After build in PCC Used Memory: 316309216 Bytes (451936256)
2026-03-30 18:45:11,673 [INFO] IPUIPlugin:80 - create IPUIPlugin
2026-03-30 18:45:11,675 [INFO] IPUIPlugin:80 - create IPUIPlugin
2026-03-30 18:45:11,675 [INFO] IPUIPlugin:80 - create IPUIPlugin
2026-03-30 18:45:11,675 [INFO] IPUIPlugin:80 - create IPUIPlugin
2026-03-30 18:45:11,675 [INFO] IPUIPlugin:80 - create IPUIPlugin
2026-03-30 18:45:11,675 [INFO] IPUIPlugin:80 - create IPUIPlugin
2026-03-30 18:45:11,675 [INFO] IPUIPlugin:80 - create IPUIPlugin
2026-03-30 18:45:11,675 [INFO] IPUIPlugin:80 - create IPUIPlugin
2026-03-30 18:45:11,675 [INFO] IPUIPlugin:80 - create IPUIPlugin
2026-03-30 18:45:11,675 [INFO] IPUIPlugin:80 - create IPUIPlugin
2026-03-30 18:45:11,675 [INFO] IPUIPlugin:80 - create IPUIPlugin
2026-03-30 18:45:11,675 [INFO] IPUIPlugin:80 - create IPUIPlugin
2026-03-30 18:45:11,675 [INFO] IPUIPlugin:80 - create IPUIPlugin
2026-03-30 18:45:11,676 [INFO] IPUIPlugin:80 - create IPUIPlugin
2026-03-30 18:45:11,676 [INFO] IPUIPlugin:80 - create IPUIPlugin
2026-03-30 18:45:11,676 [INFO] IPUIPlugin:80 - create IPUIPlugin
2026-03-30 18:45:11,676 [INFO] IPUIPlugin:80 - create IPUIPlugin
2026-03-30 18:45:11,676 [INFO] IPUIPlugin:80 - create IPUIPlugin
2026-03-30 18:45:11,676 [INFO] IPUIPlugin:80 - create IPUIPlugin
2026-03-30 18:45:11,677 [INFO] IPUIPlugin:80 - create IPUIPlugin
2026-03-30 18:45:11,677 [INFO] IPUIPlugin:80 - create IPUIPlugin
2026-03-30 18:45:11,677 [INFO] IPUIPlugin:80 - create IPUIPlugin
2026-03-30 18:45:11,677 [INFO] IPUIPlugin:80 - create IPUIPlugin
2026-03-30 18:45:11,677 [INFO] IPUIPlugin:80 - create IPUIPlugin
2026-03-30 18:45:11,677 [INFO] IPUIPlugin:80 - create IPUIPlugin
2026-03-30 18:45:11,677 [INFO] IPUIPlugin:80 - create IPUIPlugin
2026-03-30 18:45:11,677 [INFO] IPUIPlugin:80 - create IPUIPlugin
2026-03-30 18:45:11,678 [INFO] IPUIPlugin:80 - create IPUIPlugin
2026-03-30 18:45:11,678 [INFO] IPUIPlugin:80 - create IPUIPlugin
2026-03-30 18:45:11,678 [INFO] IPUIPlugin:80 - create IPUIPlugin
2026-03-30 18:45:11,678 [INFO] IPUIPlugin:80 - create IPUIPlugin
2026-03-30 18:45:11,678 [INFO] IPUIPlugin:80 - create IPUIPlugin
2026-03-30 18:45:11,678 [INFO] IPUIPlugin:80 - create IPUIPlugin
2026-03-30 18:45:11,678 [INFO] IPUIPlugin:80 - create IPUIPlugin
2026-03-30 18:45:11,678 [INFO] IPUIPlugin:80 - create IPUIPlugin
2026-03-30 18:45:11,679 [INFO] IPUIPlugin:80 - create IPUIPlugin
2026-03-30 18:45:11,679 [INFO] IPUIPlugin:80 - create IPUIPlugin
2026-03-30 18:45:11,679 [INFO] IPUIPlugin:80 - create IPUIPlugin
2026-03-30 18:45:11,679 [INFO] IPUIPlugin:80 - create IPUIPlugin
2026-03-30 18:45:11,680 [INFO] IPUIPlugin:80 - create IPUIPlugin
2026-03-30 18:45:11,680 [INFO] IPUIPlugin:80 - create IPUIPlugin
2026-03-30 18:45:11,680 [INFO] IPUIPlugin:80 - create IPUIPlugin
2026-03-30 18:45:11,680 [INFO] IPUIPlugin:80 - create IPUIPlugin
2026-03-30 18:45:11,680 [INFO] IPUIPlugin:80 - create IPUIPlugin
2026-03-30 18:45:11,681 [INFO] IPUIPlugin:80 - create IPUIPlugin
2026-03-30 18:45:11,681 [INFO] IPUIPlugin:80 - create IPUIPlugin
2026-03-30 18:45:11,681 [INFO] IPUIPlugin:80 - create IPUIPlugin
2026-03-30 18:45:11,681 [INFO] IPUIPlugin:80 - create IPUIPlugin
2026-03-30 18:45:11,683 [INFO] IPUIPlugin:80 - create IPUIPlugin
2026-03-30 18:45:11,683 [INFO] IPUIPlugin:80 - create IPUIPlugin
2026-03-30 18:45:11,683 [INFO] IPUIPlugin:80 - create IPUIPlugin
2026-03-30 18:45:11,683 [INFO] IPUIPlugin:80 - create IPUIPlugin
2026-03-30 18:45:11,684 [INFO] IPUIPlugin:80 - create IPUIPlugin
2026-03-30 18:45:11,684 [INFO] IPUIPlugin:80 - create IPUIPlugin
2026-03-30 18:45:11,684 [INFO] IPUIPlugin:80 - create IPUIPlugin
2026-03-30 18:45:11,684 [INFO] IPUIPlugin:80 - create IPUIPlugin
2026-03-30 18:45:11,685 [INFO] IPUIPlugin:80 - create IPUIPlugin
2026-03-30 18:45:11,685 [INFO] IPUIPlugin:80 - create IPUIPlugin
2026-03-30 18:45:11,685 [INFO] IPUIPlugin:80 - create IPUIPlugin
2026-03-30 18:45:11,685 [INFO] IPUIPlugin:80 - create IPUIPlugin
2026-03-30 18:45:11,685 [INFO] IPUIPlugin:80 - create IPUIPlugin
2026-03-30 18:45:11,686 [INFO] IPUIPlugin:80 - create IPUIPlugin
2026-03-30 18:45:11,686 [INFO] IPUIPlugin:80 - create IPUIPlugin
2026-03-30 18:45:11,686 [INFO] IPUIPlugin:80 - create IPUIPlugin
2026-03-30 18:45:11,686 [INFO] IPUIPlugin:80 - create IPUIPlugin
2026-03-30 18:45:11,687 [INFO] IPUIPlugin:80 - create IPUIPlugin
2026-03-30 18:45:11,687 [INFO] IPUIPlugin:80 - create IPUIPlugin
2026-03-30 18:45:11,687 [INFO] IPUIPlugin:80 - create IPUIPlugin
2026-03-30 18:45:11,688 [INFO] IPUIPlugin:80 - create IPUIPlugin
2026-03-30 18:45:11,688 [INFO] IPUIPlugin:80 - create IPUIPlugin
2026-03-30 18:45:11,688 [INFO] IPUIPlugin:80 - create IPUIPlugin
2026-03-30 18:45:11,689 [INFO] IPUIPlugin:80 - create IPUIPlugin
2026-03-30 18:45:11,689 [INFO] IPUIPlugin:80 - create IPUIPlugin
2026-03-30 18:45:11,689 [INFO] IPUIPlugin:80 - create IPUIPlugin
2026-03-30 18:45:11,691 [INFO] IPUIPlugin:80 - create IPUIPlugin
2026-03-30 18:45:11,927 [INFO] CADModel:165 - CPN selected for project levelSTM32G473CET6
2026-03-30 18:45:11,927 [INFO] CADModel:114 - Register for checkConnection events
2026-03-30 18:45:11,931 [INFO] RtosManager:728 - Active RTOS found at IOC load: STMicroelectronics.X-CUBE-AZRTOS-G4.2.0.0 [Cortex-M4NS]
2026-03-30 18:45:11,986 [INFO] OpenFileManager:386 - Restore cursor
2026-03-30 18:45:12,373 [WARN] IP:2250 - TX_NO_TIMER not found: check if there is a RefParameter without a condition.
2026-03-30 18:45:12,373 [WARN] IP:2250 - ALIGN_TYPE_VAL not found: check if there is a RefParameter without a condition.
2026-03-30 18:45:12,373 [WARN] IP:2250 - TX_BASEPRI_VALUE not found: check if there is a RefParameter without a condition.
2026-03-30 18:45:12,373 [WARN] IP:2250 - TX_APP_THREAD_ENTRY not found: check if there is a RefParameter without a condition.
2026-03-30 18:45:12,373 [WARN] IP:2250 - TX_APP_THREAD_NAME not found: check if there is a RefParameter without a condition.
2026-03-30 18:45:12,373 [WARN] IP:2250 - TX_APP_THREAD_PRIO not found: check if there is a RefParameter without a condition.
2026-03-30 18:45:12,373 [WARN] IP:2250 - TX_APP_STACK_SIZE not found: check if there is a RefParameter without a condition.
2026-03-30 18:45:12,373 [WARN] IP:2250 - TX_SEMAPHORE_NAME not found: check if there is a RefParameter without a condition.
2026-03-30 18:45:12,374 [WARN] IP:2250 - TX_SEMAPHORE_COUNT not found: check if there is a RefParameter without a condition.
2026-03-30 18:45:12,374 [WARN] IP:2250 - TX_MUTEX_NAME not found: check if there is a RefParameter without a condition.
2026-03-30 18:45:12,374 [WARN] IP:2250 - TX_Mutex_INHERITANCE not found: check if there is a RefParameter without a condition.
2026-03-30 18:45:12,374 [WARN] IP:2250 - TX_MSG_QUEUE_NAME not found: check if there is a RefParameter without a condition.
2026-03-30 18:45:12,374 [WARN] IP:2250 - TX_MSG_SIZE_WORDS not found: check if there is a RefParameter without a condition.
2026-03-30 18:45:12,374 [WARN] IP:2250 - TX_NB_MSG not found: check if there is a RefParameter without a condition.
2026-03-30 19:01:04,142 [INFO] NvicIntPanel:101 - NVIC parent = com.st.microxplorer.plugins.ip.nvic.MultiNvicIntPanel[,0,0,0x0,invalid,layout=javax.swing.BoxLayout,alignmentX=0.0,alignmentY=0.0,border=,flags=9,maximumSize=,minimumSize=,preferredSize=]
2026-03-30 19:01:04,343 [INFO] NvicIntPanel:101 - NVIC parent = com.st.microxplorer.plugins.ip.nvic.MultiNvicIntPanel[,0,0,0x0,invalid,layout=javax.swing.BoxLayout,alignmentX=0.0,alignmentY=0.0,border=,flags=9,maximumSize=,minimumSize=,preferredSize=]
2026-03-30 19:01:06,299 [INFO] UtilMem:75 - End SaveConfig() Used Memory: 878182400 Bytes (1073741824)
2026-03-30 19:01:07,369 [INFO] UtilMem:75 - End SaveConfig() Used Memory: 714333952 Bytes (1073741824)
2026-03-30 19:01:09,159 [INFO] UtilMem:75 - End SaveConfig() Used Memory: 746313472 Bytes (1073741824)
2026-03-30 19:01:09,770 [INFO] BlockDiagram:2775 - set Specific Code input for plugin: SPI
2026-03-30 19:01:09,770 [INFO] BlockDiagram:2775 - set Specific Code input for plugin: SPI
2026-03-30 19:01:09,770 [INFO] BlockDiagram:2775 - set Specific Code input for plugin: TIM1_8G4
2026-03-30 19:01:09,770 [INFO] BlockDiagram:2775 - set Specific Code input for plugin: TIM1_8G4
2026-03-30 19:01:09,770 [INFO] BlockDiagram:2775 - set Specific Code input for plugin: SYS
2026-03-30 19:01:09,770 [INFO] BlockDiagram:2775 - set Specific Code input for plugin: ADC
2026-03-30 19:01:09,770 [INFO] BlockDiagram:2775 - set Specific Code input for plugin: RCC
2026-03-30 19:01:09,770 [INFO] BlockDiagram:2775 - set Specific Code input for plugin: I2C
2026-03-30 19:01:09,770 [INFO] BlockDiagram:2775 - set Specific Code input for plugin: STMicroelectronics.X-CUBE-AZRTOS-G4.2.0.0
2026-03-30 19:01:09,770 [INFO] BlockDiagram:2775 - set Specific Code input for plugin: NVIC
2026-03-30 19:01:09,770 [INFO] BlockDiagram:2775 - set Specific Code input for plugin: USART
2026-03-30 19:01:09,770 [INFO] BlockDiagram:2775 - set Specific Code input for plugin: USART
2026-03-30 19:01:09,770 [INFO] BlockDiagram:2775 - set Specific Code input for plugin: DMA
2026-03-30 19:01:09,770 [INFO] BlockDiagram:2775 - set Specific Code input for plugin: CORDIC
2026-03-30 19:01:09,772 [INFO] BlockDiagram:2775 - set Specific Code input for plugin: GPIO
2026-03-30 19:01:09,774 [WARN] IP:2250 - TX_NO_TIMER not found: check if there is a RefParameter without a condition.
2026-03-30 19:01:09,774 [WARN] IP:2250 - ALIGN_TYPE_VAL not found: check if there is a RefParameter without a condition.
2026-03-30 19:01:09,775 [WARN] IP:2250 - TX_BASEPRI_VALUE not found: check if there is a RefParameter without a condition.
2026-03-30 19:01:09,775 [WARN] IP:2250 - TX_APP_THREAD_ENTRY not found: check if there is a RefParameter without a condition.
2026-03-30 19:01:09,775 [WARN] IP:2250 - TX_APP_THREAD_NAME not found: check if there is a RefParameter without a condition.
2026-03-30 19:01:09,775 [WARN] IP:2250 - TX_APP_THREAD_PRIO not found: check if there is a RefParameter without a condition.
2026-03-30 19:01:09,775 [WARN] IP:2250 - TX_APP_STACK_SIZE not found: check if there is a RefParameter without a condition.
2026-03-30 19:01:09,775 [WARN] IP:2250 - TX_SEMAPHORE_NAME not found: check if there is a RefParameter without a condition.
2026-03-30 19:01:09,775 [WARN] IP:2250 - TX_SEMAPHORE_COUNT not found: check if there is a RefParameter without a condition.
2026-03-30 19:01:09,775 [WARN] IP:2250 - TX_MUTEX_NAME not found: check if there is a RefParameter without a condition.
2026-03-30 19:01:09,775 [WARN] IP:2250 - TX_Mutex_INHERITANCE not found: check if there is a RefParameter without a condition.
2026-03-30 19:01:09,775 [WARN] IP:2250 - TX_MSG_QUEUE_NAME not found: check if there is a RefParameter without a condition.
2026-03-30 19:01:09,775 [WARN] IP:2250 - TX_MSG_SIZE_WORDS not found: check if there is a RefParameter without a condition.
2026-03-30 19:01:09,775 [WARN] IP:2250 - TX_NB_MSG not found: check if there is a RefParameter without a condition.
2026-03-30 19:01:09,779 [WARN] ThirdPartyIpManager:480 - Condition 'CM4 IAR Condition' not fulfilled in pack 'STMicroelectronics.X-CUBE-AZRTOS-G4.2.0.0'
2026-03-30 19:01:09,779 [WARN] ThirdPartyIpManager:480 - Condition 'CM4 IAR Condition' not fulfilled in pack 'STMicroelectronics.X-CUBE-AZRTOS-G4.2.0.0'
2026-03-30 19:01:09,779 [WARN] ThirdPartyIpManager:480 - Condition 'CM4 IAR Condition' not fulfilled in pack 'STMicroelectronics.X-CUBE-AZRTOS-G4.2.0.0'
2026-03-30 19:01:09,779 [WARN] ThirdPartyIpManager:480 - Condition 'CM4 IAR Condition' not fulfilled in pack 'STMicroelectronics.X-CUBE-AZRTOS-G4.2.0.0'
2026-03-30 19:01:09,779 [WARN] ThirdPartyIpManager:480 - Condition 'CM4 IAR Condition' not fulfilled in pack 'STMicroelectronics.X-CUBE-AZRTOS-G4.2.0.0'
2026-03-30 19:01:09,779 [WARN] ThirdPartyIpManager:480 - Condition 'CM4 IAR Condition' not fulfilled in pack 'STMicroelectronics.X-CUBE-AZRTOS-G4.2.0.0'
2026-03-30 19:01:09,781 [WARN] ThirdPartyIpManager:480 - Condition 'CM4 IAR Condition' not fulfilled in pack 'STMicroelectronics.X-CUBE-AZRTOS-G4.2.0.0'
2026-03-30 19:01:09,781 [WARN] ThirdPartyIpManager:480 - Condition 'CM4 IAR Condition' not fulfilled in pack 'STMicroelectronics.X-CUBE-AZRTOS-G4.2.0.0'
2026-03-30 19:01:09,781 [WARN] ThirdPartyIpManager:480 - Condition 'CM4 IAR Condition' not fulfilled in pack 'STMicroelectronics.X-CUBE-AZRTOS-G4.2.0.0'
2026-03-30 19:01:09,781 [WARN] ThirdPartyIpManager:480 - Condition 'CM4 IAR Condition' not fulfilled in pack 'STMicroelectronics.X-CUBE-AZRTOS-G4.2.0.0'
2026-03-30 19:01:09,781 [WARN] ThirdPartyIpManager:480 - Condition 'CM4 IAR Condition' not fulfilled in pack 'STMicroelectronics.X-CUBE-AZRTOS-G4.2.0.0'
2026-03-30 19:01:09,781 [WARN] ThirdPartyIpManager:480 - Condition 'CM4 ARMC6 Condition' not fulfilled in pack 'STMicroelectronics.X-CUBE-AZRTOS-G4.2.0.0'
2026-03-30 19:01:09,782 [WARN] ThirdPartyIpManager:480 - Condition 'CM4 ARMC6 Condition' not fulfilled in pack 'STMicroelectronics.X-CUBE-AZRTOS-G4.2.0.0'
2026-03-30 19:01:09,782 [WARN] ThirdPartyIpManager:480 - Condition 'CM4 ARMC6 Condition' not fulfilled in pack 'STMicroelectronics.X-CUBE-AZRTOS-G4.2.0.0'
2026-03-30 19:01:09,782 [WARN] ThirdPartyIpManager:480 - Condition 'CM4 ARMC6 Condition' not fulfilled in pack 'STMicroelectronics.X-CUBE-AZRTOS-G4.2.0.0'
2026-03-30 19:01:09,782 [WARN] ThirdPartyIpManager:480 - Condition 'CM4 ARMC6 Condition' not fulfilled in pack 'STMicroelectronics.X-CUBE-AZRTOS-G4.2.0.0'
2026-03-30 19:01:09,782 [WARN] ThirdPartyIpManager:480 - Condition 'CM4 ARMC6 Condition' not fulfilled in pack 'STMicroelectronics.X-CUBE-AZRTOS-G4.2.0.0'
2026-03-30 19:01:09,782 [WARN] ThirdPartyIpManager:480 - Condition 'CM4 ARMC6 Condition' not fulfilled in pack 'STMicroelectronics.X-CUBE-AZRTOS-G4.2.0.0'
2026-03-30 19:01:09,782 [WARN] ThirdPartyIpManager:480 - Condition 'CM4 ARMC6 Condition' not fulfilled in pack 'STMicroelectronics.X-CUBE-AZRTOS-G4.2.0.0'
2026-03-30 19:01:09,782 [WARN] ThirdPartyIpManager:480 - Condition 'CM4 ARMC6 Condition' not fulfilled in pack 'STMicroelectronics.X-CUBE-AZRTOS-G4.2.0.0'
2026-03-30 19:01:09,782 [WARN] ThirdPartyIpManager:480 - Condition 'CM4 ARMC6 Condition' not fulfilled in pack 'STMicroelectronics.X-CUBE-AZRTOS-G4.2.0.0'
2026-03-30 19:01:09,786 [INFO] CodeGenerator:892 - code generatio: config db path: D:\Programy\STM32CubeIDE_1.19.0\STM32CubeIDE\plugins\com.st.stm32cube.common.mx_6.15.0.202507011659\\db\
2026-03-30 19:01:10,014 [INFO] IP:3329 - RTE Config file name : RTE_Component
2026-03-30 19:01:10,014 [INFO] IP:3347 - RTE template : RTE_Components.ftl
2026-03-30 19:01:10,038 [INFO] CodeEngine:265 - oldGeneratedFile, D:\Projekty\TrinityTrack6000\MainControlBoard\STM32\STM32G473CET6\MXTmpFiles\license.tmp_save
2026-03-30 19:01:10,547 [INFO] CodeEngine:289 - Generated code: D:\Projekty\TrinityTrack6000\MainControlBoard\STM32\STM32G473CET6\MXTmpFiles\license.tmp
2026-03-30 19:01:10,878 [INFO] CodeEngine:265 - oldGeneratedFile, D:\Projekty\TrinityTrack6000\MainControlBoard\STM32\STM32G473CET6\MXTmpFiles\gpio.tmp_save
2026-03-30 19:01:11,170 [INFO] CodeEngine:289 - Generated code: D:\Projekty\TrinityTrack6000\MainControlBoard\STM32\STM32G473CET6\MXTmpFiles\gpio.tmp
2026-03-30 19:01:20,974 [INFO] Middleware:1452 - No code input for Bsp Dependency
2026-03-30 19:01:20,996 [INFO] Middleware:1452 - No code input for Bsp Dependency
2026-03-30 19:01:21,014 [INFO] CodeEngine:265 - oldGeneratedFile, D:\Projekty\TrinityTrack6000\MainControlBoard\STM32\STM32G473CET6\Core\Inc\tx_user.h_save
2026-03-30 19:01:21,428 [INFO] CodeEngine:289 - Generated code: D:\Projekty\TrinityTrack6000\MainControlBoard\STM32\STM32G473CET6\Core\Inc\tx_user.h
2026-03-30 19:01:21,446 [INFO] CodeEngine:265 - oldGeneratedFile, D:\Projekty\TrinityTrack6000\MainControlBoard\STM32\STM32G473CET6\Core\Src\tx_initialize_low_level.S_save
2026-03-30 19:01:21,623 [INFO] CodeEngine:289 - Generated code: D:\Projekty\TrinityTrack6000\MainControlBoard\STM32\STM32G473CET6\Core\Src\tx_initialize_low_level.S
2026-03-30 19:01:21,642 [INFO] CodeEngine:265 - oldGeneratedFile, D:\Projekty\TrinityTrack6000\MainControlBoard\STM32\STM32G473CET6\AZURE_RTOS\App\app_azure_rtos_config.h_save
2026-03-30 19:01:21,817 [INFO] CodeEngine:289 - Generated code: D:\Projekty\TrinityTrack6000\MainControlBoard\STM32\STM32G473CET6\AZURE_RTOS\App\app_azure_rtos_config.h
2026-03-30 19:01:21,832 [INFO] CodeEngine:265 - oldGeneratedFile, D:\Projekty\TrinityTrack6000\MainControlBoard\STM32\STM32G473CET6\Core\Src\app_threadx.c_save
2026-03-30 19:01:22,000 [INFO] CodeEngine:289 - Generated code: D:\Projekty\TrinityTrack6000\MainControlBoard\STM32\STM32G473CET6\Core\Src\app_threadx.c
2026-03-30 19:01:22,020 [INFO] CodeEngine:265 - oldGeneratedFile, D:\Projekty\TrinityTrack6000\MainControlBoard\STM32\STM32G473CET6\Core\Inc\app_threadx.h_save
2026-03-30 19:01:22,280 [INFO] CodeEngine:289 - Generated code: D:\Projekty\TrinityTrack6000\MainControlBoard\STM32\STM32G473CET6\Core\Inc\app_threadx.h
2026-03-30 19:01:22,300 [INFO] CodeEngine:265 - oldGeneratedFile, D:\Projekty\TrinityTrack6000\MainControlBoard\STM32\STM32G473CET6\AZURE_RTOS\App\app_azure_rtos.c_save
2026-03-30 19:01:22,454 [INFO] CodeEngine:289 - Generated code: D:\Projekty\TrinityTrack6000\MainControlBoard\STM32\STM32G473CET6\AZURE_RTOS\App\app_azure_rtos.c
2026-03-30 19:01:22,466 [INFO] CodeEngine:265 - oldGeneratedFile, D:\Projekty\TrinityTrack6000\MainControlBoard\STM32\STM32G473CET6\AZURE_RTOS\App\app_azure_rtos.h_save
2026-03-30 19:01:22,568 [INFO] CodeEngine:289 - Generated code: D:\Projekty\TrinityTrack6000\MainControlBoard\STM32\STM32G473CET6\AZURE_RTOS\App\app_azure_rtos.h
2026-03-30 19:01:23,394 [INFO] CodeEngine:265 - oldGeneratedFile, D:\Projekty\TrinityTrack6000\MainControlBoard\STM32\STM32G473CET6\MXTmpFiles\dma.tmp_save
2026-03-30 19:01:23,577 [INFO] CodeEngine:289 - Generated code: D:\Projekty\TrinityTrack6000\MainControlBoard\STM32\STM32G473CET6\MXTmpFiles\dma.tmp
2026-03-30 19:01:23,596 [INFO] CodeEngine:265 - oldGeneratedFile, D:\Projekty\TrinityTrack6000\MainControlBoard\STM32\STM32G473CET6\MXTmpFiles\dma_GV.tmp_save
2026-03-30 19:01:23,674 [INFO] CodeEngine:289 - Generated code: D:\Projekty\TrinityTrack6000\MainControlBoard\STM32\STM32G473CET6\MXTmpFiles\dma_GV.tmp
2026-03-30 19:01:23,711 [INFO] CodeEngine:265 - oldGeneratedFile, D:\Projekty\TrinityTrack6000\MainControlBoard\STM32\STM32G473CET6\Core\Src\stm32g4xx_it.c_save
2026-03-30 19:01:24,043 [INFO] CodeEngine:289 - Generated code: D:\Projekty\TrinityTrack6000\MainControlBoard\STM32\STM32G473CET6\Core\Src\stm32g4xx_it.c
2026-03-30 19:01:24,061 [INFO] CodeEngine:265 - oldGeneratedFile, D:\Projekty\TrinityTrack6000\MainControlBoard\STM32\STM32G473CET6\Core\Inc\stm32g4xx_it.h_save
2026-03-30 19:01:24,160 [INFO] CodeEngine:289 - Generated code: D:\Projekty\TrinityTrack6000\MainControlBoard\STM32\STM32G473CET6\Core\Inc\stm32g4xx_it.h
2026-03-30 19:01:24,175 [INFO] IP:3329 - RTE Config file name : RTE_Component
2026-03-30 19:01:24,175 [INFO] IP:3347 - RTE template : RTE_Components.ftl
2026-03-30 19:01:24,177 [INFO] CodeGenerator:2312 - Add RTE Code Input 
2026-03-30 19:01:24,187 [INFO] CodeEngine:265 - oldGeneratedFile, D:\Projekty\TrinityTrack6000\MainControlBoard\STM32\STM32G473CET6\Core\Inc\RTE_Components.h_save
2026-03-30 19:01:24,334 [INFO] CodeEngine:289 - Generated code: D:\Projekty\TrinityTrack6000\MainControlBoard\STM32\STM32G473CET6\Core\Inc\RTE_Components.h
2026-03-30 19:01:24,361 [INFO] CodeEngine:265 - oldGeneratedFile, D:\Projekty\TrinityTrack6000\MainControlBoard\STM32\STM32G473CET6\Core\Src\stm32g4xx_hal_msp.c_save
2026-03-30 19:01:24,689 [INFO] CodeEngine:289 - Generated code: D:\Projekty\TrinityTrack6000\MainControlBoard\STM32\STM32G473CET6\Core\Src\stm32g4xx_hal_msp.c
2026-03-30 19:01:24,704 [INFO] CodeEngine:265 - oldGeneratedFile, D:\Projekty\TrinityTrack6000\MainControlBoard\STM32\STM32G473CET6\MXTmpFiles\system.tmp_save
2026-03-30 19:01:24,786 [INFO] CodeEngine:289 - Generated code: D:\Projekty\TrinityTrack6000\MainControlBoard\STM32\STM32G473CET6\MXTmpFiles\system.tmp
2026-03-30 19:01:24,804 [INFO] CodeEngine:265 - oldGeneratedFile, D:\Projekty\TrinityTrack6000\MainControlBoard\STM32\STM32G473CET6\Core\Src\stm32g4xx_hal_timebase_tim.c_save
2026-03-30 19:01:24,912 [INFO] CodeEngine:289 - Generated code: D:\Projekty\TrinityTrack6000\MainControlBoard\STM32\STM32G473CET6\Core\Src\stm32g4xx_hal_timebase_tim.c
2026-03-30 19:01:24,927 [INFO] CodeEngine:321 - oldGeneratedFile, D:\Projekty\TrinityTrack6000\MainControlBoard\STM32\STM32G473CET6\Core\Inc\stm32g4xx_hal_conf.h_save
2026-03-30 19:01:25,084 [INFO] CodeEngine:345 - Generated code: D:\Projekty\TrinityTrack6000\MainControlBoard\STM32\STM32G473CET6\Core\Inc\stm32g4xx_hal_conf.h
2026-03-30 19:01:25,136 [WARN] IPConfigManager:3238 - Warning: the RefConfig RCC_CommonPeriphClockConfig is not available in your config.xml file
2026-03-30 19:01:25,150 [INFO] ApiDbMcu:532 - Load IP Config File for ADC1
2026-03-30 19:01:25,152 [INFO] ApiDbMcu:532 - Load IP Config File for CORDIC
2026-03-30 19:01:25,155 [INFO] ApiDbMcu:532 - Load IP Config File for I2C2
2026-03-30 19:01:25,159 [INFO] ApiDbMcu:532 - Load IP Config File for SPI1
2026-03-30 19:01:25,164 [INFO] ApiDbMcu:532 - Load IP Config File for SPI2
2026-03-30 19:01:25,183 [INFO] ApiDbMcu:532 - Load IP Config File for TIM2
2026-03-30 19:01:25,204 [INFO] ApiDbMcu:532 - Load IP Config File for TIM3
2026-03-30 19:01:25,216 [INFO] ApiDbMcu:532 - Load IP Config File for USART1
2026-03-30 19:01:25,227 [INFO] ApiDbMcu:532 - Load IP Config File for USART2
2026-03-30 19:01:25,229 [INFO] ApiDbMcu:532 - Load IP Config File for RCC
2026-03-30 19:01:25,234 [WARN] IPConfigManager:3811 - IP not found : TIM
2026-03-30 19:01:25,234 [WARN] CodeGenerator:4259 - IP not found : null
2026-03-30 19:01:25,246 [INFO] CodeEngine:265 - oldGeneratedFile, D:\Projekty\TrinityTrack6000\MainControlBoard\STM32\STM32G473CET6\Core\Inc\main.h_save
2026-03-30 19:01:25,437 [INFO] CodeEngine:289 - Generated code: D:\Projekty\TrinityTrack6000\MainControlBoard\STM32\STM32G473CET6\Core\Inc\main.h
2026-03-30 19:01:25,454 [INFO] CodeEngine:265 - oldGeneratedFile, D:\Projekty\TrinityTrack6000\MainControlBoard\STM32\STM32G473CET6\Core\Src\main.c_save
2026-03-30 19:01:25,706 [INFO] CodeEngine:289 - Generated code: D:\Projekty\TrinityTrack6000\MainControlBoard\STM32\STM32G473CET6\Core\Src\main.c
2026-03-30 19:01:26,516 [INFO] ProjectBuilder:3606 - Time for Copy HAL[1] : 407mS.
2026-03-30 19:01:26,516 [ERROR] Middleware:2950 - Invalid RefComponent list
2026-03-30 19:01:26,516 [ERROR] Middleware:2950 - Invalid RefComponent list
2026-03-30 19:01:26,517 [ERROR] Middleware:2950 - Invalid RefComponent list
2026-03-30 19:01:26,517 [ERROR] Middleware:2950 - Invalid RefComponent list
2026-03-30 19:01:26,517 [ERROR] Middleware:2950 - Invalid RefComponent list
2026-03-30 19:01:26,517 [ERROR] Middleware:2950 - Invalid RefComponent list
2026-03-30 19:01:26,517 [ERROR] Middleware:2950 - Invalid RefComponent list
2026-03-30 19:01:26,517 [ERROR] Middleware:2950 - Invalid RefComponent list
2026-03-30 19:01:26,517 [ERROR] Middleware:2950 - Invalid RefComponent list
2026-03-30 19:01:26,517 [ERROR] Middleware:2950 - Invalid RefComponent list
2026-03-30 19:01:26,517 [ERROR] Middleware:2950 - Invalid RefComponent list
2026-03-30 19:01:26,518 [ERROR] Middleware:2950 - Invalid RefComponent list
2026-03-30 19:01:26,518 [ERROR] Middleware:2950 - Invalid RefComponent list
2026-03-30 19:01:26,518 [ERROR] Middleware:2950 - Invalid RefComponent list
2026-03-30 19:01:26,518 [ERROR] Middleware:2950 - Invalid RefComponent list
2026-03-30 19:01:26,518 [ERROR] Middleware:2950 - Invalid RefComponent list
2026-03-30 19:01:26,518 [ERROR] Middleware:2950 - Invalid RefComponent list
2026-03-30 19:01:26,518 [ERROR] Middleware:2950 - Invalid RefComponent list
2026-03-30 19:01:26,518 [ERROR] Middleware:2950 - Invalid RefComponent list
2026-03-30 19:01:26,518 [ERROR] Middleware:2950 - Invalid RefComponent list
2026-03-30 19:01:26,518 [ERROR] Middleware:2950 - Invalid RefComponent list
2026-03-30 19:01:26,519 [ERROR] Middleware:2950 - Invalid RefComponent list
2026-03-30 19:01:26,519 [ERROR] Middleware:2950 - Invalid RefComponent list
2026-03-30 19:01:26,519 [ERROR] Middleware:2950 - Invalid RefComponent list
2026-03-30 19:01:26,519 [ERROR] Middleware:2950 - Invalid RefComponent list
2026-03-30 19:01:26,519 [ERROR] Middleware:2950 - Invalid RefComponent list
2026-03-30 19:01:26,519 [ERROR] Middleware:2950 - Invalid RefComponent list
2026-03-30 19:01:26,519 [ERROR] Middleware:2950 - Invalid RefComponent list
2026-03-30 19:01:26,519 [ERROR] Middleware:2950 - Invalid RefComponent list
2026-03-30 19:01:26,519 [ERROR] Middleware:2950 - Invalid RefComponent list
2026-03-30 19:01:26,519 [ERROR] Middleware:2950 - Invalid RefComponent list
2026-03-30 19:01:26,519 [ERROR] Middleware:2950 - Invalid RefComponent list
2026-03-30 19:01:26,519 [ERROR] Middleware:2950 - Invalid RefComponent list
2026-03-30 19:01:26,519 [ERROR] Middleware:2950 - Invalid RefComponent list
2026-03-30 19:01:26,519 [ERROR] Middleware:2950 - Invalid RefComponent list
2026-03-30 19:01:26,519 [ERROR] Middleware:2950 - Invalid RefComponent list
2026-03-30 19:01:26,520 [ERROR] Middleware:2950 - Invalid RefComponent list
2026-03-30 19:01:26,520 [ERROR] Middleware:2950 - Invalid RefComponent list
2026-03-30 19:01:26,520 [ERROR] Middleware:2950 - Invalid RefComponent list
2026-03-30 19:01:26,520 [ERROR] Middleware:2950 - Invalid RefComponent list
2026-03-30 19:01:26,520 [ERROR] Middleware:2950 - Invalid RefComponent list
2026-03-30 19:01:26,520 [ERROR] Middleware:2950 - Invalid RefComponent list
2026-03-30 19:01:26,520 [ERROR] Middleware:2950 - Invalid RefComponent list
2026-03-30 19:01:26,520 [ERROR] Middleware:2950 - Invalid RefComponent list
2026-03-30 19:01:26,520 [ERROR] Middleware:2950 - Invalid RefComponent list
2026-03-30 19:01:26,521 [ERROR] Middleware:2950 - Invalid RefComponent list
2026-03-30 19:01:26,521 [ERROR] Middleware:2950 - Invalid RefComponent list
2026-03-30 19:01:26,521 [ERROR] Middleware:2950 - Invalid RefComponent list
2026-03-30 19:01:26,521 [ERROR] Middleware:2950 - Invalid RefComponent list
2026-03-30 19:01:26,521 [ERROR] Middleware:2950 - Invalid RefComponent list
2026-03-30 19:01:26,521 [ERROR] Middleware:2950 - Invalid RefComponent list
2026-03-30 19:01:26,521 [ERROR] Middleware:2950 - Invalid RefComponent list
2026-03-30 19:01:26,521 [ERROR] Middleware:2950 - Invalid RefComponent list
2026-03-30 19:01:26,521 [ERROR] Middleware:2950 - Invalid RefComponent list
2026-03-30 19:01:26,521 [ERROR] Middleware:2950 - Invalid RefComponent list
2026-03-30 19:01:26,521 [ERROR] Middleware:2950 - Invalid RefComponent list
2026-03-30 19:01:26,521 [ERROR] Middleware:2950 - Invalid RefComponent list
2026-03-30 19:01:26,521 [ERROR] Middleware:2950 - Invalid RefComponent list
2026-03-30 19:01:26,521 [ERROR] Middleware:2950 - Invalid RefComponent list
2026-03-30 19:01:26,521 [ERROR] Middleware:2950 - Invalid RefComponent list
2026-03-30 19:01:26,521 [ERROR] Middleware:2950 - Invalid RefComponent list
2026-03-30 19:01:26,522 [ERROR] Middleware:2950 - Invalid RefComponent list
2026-03-30 19:01:26,522 [ERROR] Middleware:2950 - Invalid RefComponent list
2026-03-30 19:01:26,522 [ERROR] Middleware:2950 - Invalid RefComponent list
2026-03-30 19:01:26,522 [ERROR] Middleware:2950 - Invalid RefComponent list
2026-03-30 19:01:26,522 [ERROR] Middleware:2950 - Invalid RefComponent list
2026-03-30 19:01:26,522 [ERROR] Middleware:2950 - Invalid RefComponent list
2026-03-30 19:01:26,522 [ERROR] Middleware:2950 - Invalid RefComponent list
2026-03-30 19:01:26,522 [ERROR] Middleware:2950 - Invalid RefComponent list
2026-03-30 19:01:26,522 [ERROR] Middleware:2950 - Invalid RefComponent list
2026-03-30 19:01:26,522 [ERROR] Middleware:2950 - Invalid RefComponent list
2026-03-30 19:01:26,522 [ERROR] Middleware:2950 - Invalid RefComponent list
2026-03-30 19:01:26,522 [ERROR] Middleware:2950 - Invalid RefComponent list
2026-03-30 19:01:26,523 [ERROR] Middleware:2950 - Invalid RefComponent list
2026-03-30 19:01:26,523 [ERROR] Middleware:2950 - Invalid RefComponent list
2026-03-30 19:01:26,523 [ERROR] Middleware:2950 - Invalid RefComponent list
2026-03-30 19:01:26,523 [ERROR] Middleware:2950 - Invalid RefComponent list
2026-03-30 19:01:26,523 [ERROR] Middleware:2950 - Invalid RefComponent list
2026-03-30 19:01:26,523 [ERROR] Middleware:2950 - Invalid RefComponent list
2026-03-30 19:01:26,523 [ERROR] Middleware:2950 - Invalid RefComponent list
2026-03-30 19:01:26,523 [ERROR] Middleware:2950 - Invalid RefComponent list
2026-03-30 19:01:26,523 [ERROR] Middleware:2950 - Invalid RefComponent list
2026-03-30 19:01:26,523 [ERROR] Middleware:2950 - Invalid RefComponent list
2026-03-30 19:01:26,523 [ERROR] Middleware:2950 - Invalid RefComponent list
2026-03-30 19:01:26,523 [ERROR] Middleware:2950 - Invalid RefComponent list
2026-03-30 19:01:26,523 [ERROR] Middleware:2950 - Invalid RefComponent list
2026-03-30 19:01:26,523 [ERROR] Middleware:2950 - Invalid RefComponent list
2026-03-30 19:01:26,523 [ERROR] Middleware:2950 - Invalid RefComponent list
2026-03-30 19:01:26,525 [WARN] ThirdPartyIpManager:480 - Condition 'CM4 IAR Condition' not fulfilled in pack 'STMicroelectronics.X-CUBE-AZRTOS-G4.2.0.0'
2026-03-30 19:01:26,525 [WARN] ThirdPartyIpManager:480 - Condition 'CM4 IAR Condition' not fulfilled in pack 'STMicroelectronics.X-CUBE-AZRTOS-G4.2.0.0'
2026-03-30 19:01:26,526 [WARN] ThirdPartyIpManager:480 - Condition 'CM4 IAR Condition' not fulfilled in pack 'STMicroelectronics.X-CUBE-AZRTOS-G4.2.0.0'
2026-03-30 19:01:26,526 [WARN] ThirdPartyIpManager:480 - Condition 'CM4 IAR Condition' not fulfilled in pack 'STMicroelectronics.X-CUBE-AZRTOS-G4.2.0.0'
2026-03-30 19:01:26,526 [WARN] ThirdPartyIpManager:480 - Condition 'CM4 IAR Condition' not fulfilled in pack 'STMicroelectronics.X-CUBE-AZRTOS-G4.2.0.0'
2026-03-30 19:01:26,526 [WARN] ThirdPartyIpManager:480 - Condition 'CM4 IAR Condition' not fulfilled in pack 'STMicroelectronics.X-CUBE-AZRTOS-G4.2.0.0'
2026-03-30 19:01:26,526 [WARN] ThirdPartyIpManager:480 - Condition 'CM4 IAR Condition' not fulfilled in pack 'STMicroelectronics.X-CUBE-AZRTOS-G4.2.0.0'
2026-03-30 19:01:26,526 [WARN] ThirdPartyIpManager:480 - Condition 'CM4 IAR Condition' not fulfilled in pack 'STMicroelectronics.X-CUBE-AZRTOS-G4.2.0.0'
2026-03-30 19:01:26,526 [WARN] ThirdPartyIpManager:480 - Condition 'CM4 IAR Condition' not fulfilled in pack 'STMicroelectronics.X-CUBE-AZRTOS-G4.2.0.0'
2026-03-30 19:01:26,527 [WARN] ThirdPartyIpManager:480 - Condition 'CM4 IAR Condition' not fulfilled in pack 'STMicroelectronics.X-CUBE-AZRTOS-G4.2.0.0'
2026-03-30 19:01:26,527 [WARN] ThirdPartyIpManager:480 - Condition 'CM4 IAR Condition' not fulfilled in pack 'STMicroelectronics.X-CUBE-AZRTOS-G4.2.0.0'
2026-03-30 19:01:26,528 [WARN] ThirdPartyIpManager:480 - Condition 'CM4 ARMC6 Condition' not fulfilled in pack 'STMicroelectronics.X-CUBE-AZRTOS-G4.2.0.0'
2026-03-30 19:01:26,528 [WARN] ThirdPartyIpManager:480 - Condition 'CM4 ARMC6 Condition' not fulfilled in pack 'STMicroelectronics.X-CUBE-AZRTOS-G4.2.0.0'
2026-03-30 19:01:26,528 [WARN] ThirdPartyIpManager:480 - Condition 'CM4 ARMC6 Condition' not fulfilled in pack 'STMicroelectronics.X-CUBE-AZRTOS-G4.2.0.0'
2026-03-30 19:01:26,528 [WARN] ThirdPartyIpManager:480 - Condition 'CM4 ARMC6 Condition' not fulfilled in pack 'STMicroelectronics.X-CUBE-AZRTOS-G4.2.0.0'
2026-03-30 19:01:26,529 [WARN] ThirdPartyIpManager:480 - Condition 'CM4 ARMC6 Condition' not fulfilled in pack 'STMicroelectronics.X-CUBE-AZRTOS-G4.2.0.0'
2026-03-30 19:01:26,529 [WARN] ThirdPartyIpManager:480 - Condition 'CM4 ARMC6 Condition' not fulfilled in pack 'STMicroelectronics.X-CUBE-AZRTOS-G4.2.0.0'
2026-03-30 19:01:26,529 [WARN] ThirdPartyIpManager:480 - Condition 'CM4 ARMC6 Condition' not fulfilled in pack 'STMicroelectronics.X-CUBE-AZRTOS-G4.2.0.0'
2026-03-30 19:01:26,529 [WARN] ThirdPartyIpManager:480 - Condition 'CM4 ARMC6 Condition' not fulfilled in pack 'STMicroelectronics.X-CUBE-AZRTOS-G4.2.0.0'
2026-03-30 19:01:26,529 [WARN] ThirdPartyIpManager:480 - Condition 'CM4 ARMC6 Condition' not fulfilled in pack 'STMicroelectronics.X-CUBE-AZRTOS-G4.2.0.0'
2026-03-30 19:01:26,529 [WARN] ThirdPartyIpManager:480 - Condition 'CM4 ARMC6 Condition' not fulfilled in pack 'STMicroelectronics.X-CUBE-AZRTOS-G4.2.0.0'
2026-03-30 19:01:26,965 [INFO] ProjectBuilder:9437 - Time for Copy ThirdParty[1] : 433mS.
2026-03-30 19:01:26,974 [INFO] ProjectBuilder:5216 - Project Generator version: 4.7.0-B52
2026-03-30 19:01:27,079 [INFO] ConfigFileManager:1595 - The Die is : DIE469
2026-03-30 19:01:27,095 [INFO] ApiDbMcu:532 - Load IP Config File for FATFS
2026-03-30 19:01:27,114 [INFO] ApiDbMcu:532 - Load IP Config File for FREERTOS
2026-03-30 19:01:27,134 [INFO] ApiDbMcu:532 - Load IP Config File for USBPD
2026-03-30 19:01:27,164 [INFO] ApiDbMcu:532 - Load IP Config File for USB_DEVICE
2026-03-30 19:01:28,283 [INFO] LogOutputStream:77 - [STDOUT_REDIRECT] 
2026-03-30 19:01:32,490 [INFO] ProjectBuilder:5496 - Time for Generating toolchain IDE Files: 5513mS.
2026-03-30 19:01:32,492 [INFO] ProjectBuilder:3463 - Time for Copy CMSIS : 1mS.
2026-03-30 19:01:32,504 [INFO] ProjectBuilder:3463 - Time for Copy CMSIS : 0mS.
2026-03-30 22:01:06,025 [ERROR] LogOutputStream:75 - [STDERR_REDIRECT] 
2026-03-30 22:04:27,129 [INFO] Activator:176 - 


2026-03-30 22:04:27,131 [INFO] Activator:177 - !SESSION log4j initialized
2026-03-30 22:04:34,715 [INFO] LogOutputStream:77 - [STDOUT_REDIRECT] 
2026-03-30 22:04:36,600 [INFO] ApplicationProperties:184 - Using Application install path: D:\Programy\STM32CubeIDE_1.19.0\STM32CubeIDE\plugins\com.st.stm32cube.common.mx_6.15.0.202507011659
2026-03-30 22:04:36,627 [INFO] DbMcusXml:78 - Set database path to: D:\Programy\STM32CubeIDE_1.19.0\STM32CubeIDE\plugins\com.st.stm32cube.common.mx_6.15.0.202507011659\\db\/mcu/
2026-03-30 22:04:36,629 [INFO] ApiDb:274 - Set plugin database path to: D:\Programy\STM32CubeIDE_1.19.0\STM32CubeIDE\plugins\com.st.stm32cube.common.mx_6.15.0.202507011659\\db\/plugins/boardmanager/
2026-03-30 22:04:36,629 [WARN] ApiDb:259 - Overriding images path with different value:  => D:\Programy\STM32CubeIDE_1.19.0\STM32CubeIDE\plugins\com.st.stm32cube.common.mx_6.15.0.202507011659\\db\/plugins/mcufinder/images/
2026-03-30 22:04:36,643 [INFO] ApiDb:250 - Set database path to: C:\Users\kujon\.stmcufinder\plugins\mcufinder//mcu/
2026-03-30 22:04:36,645 [INFO] DbMcusAds:125 - Set database path to: C:\Users\kujon\.stmcufinder\plugins\mcufinder//mcu/
2026-03-30 22:04:36,651 [INFO] CrossReferenceDbSqlite:203 - Set database path to: C:\Users\kujon\.stmcufinder\plugins\mcufinder//mcu/cs/
2026-03-30 22:04:36,785 [INFO] RulesReader:64 - Compatibility file has been processed (317 Rules)
2026-03-30 22:04:36,897 [INFO] DbMcusXml:78 - Set database path to: D:\Programy\STM32CubeIDE_1.19.0\STM32CubeIDE\plugins\com.st.stm32cube.common.mx_6.15.0.202507011659\\db\/mcu/
2026-03-30 22:04:36,897 [INFO] ApiDb:274 - Set plugin database path to: D:\Programy\STM32CubeIDE_1.19.0\STM32CubeIDE\plugins\com.st.stm32cube.common.mx_6.15.0.202507011659\\db\/plugins/boardmanager/
2026-03-30 22:04:36,897 [INFO] ApiDb:261 - Set plugin images path to: D:\Programy\STM32CubeIDE_1.19.0\STM32CubeIDE\plugins\com.st.stm32cube.common.mx_6.15.0.202507011659\\db\/plugins/mcufinder/images/
2026-03-30 22:04:36,898 [WARN] DbFile:41 - Overriding database path with different value: C:\Users\kujon\.stmcufinder\plugins\mcufinder/ => C:\Users\kujon\.stmcufinder\plugins\mcufinder
2026-03-30 22:04:36,898 [INFO] ApiDb:250 - Set database path to: C:\Users\kujon\.stmcufinder\plugins\mcufinder//mcu/
2026-03-30 22:04:36,898 [WARN] DbFile:41 - Overriding database path with different value: C:\Users\kujon\.stmcufinder\plugins\mcufinder/ => C:\Users\kujon\.stmcufinder\plugins\mcufinder
2026-03-30 22:04:36,898 [INFO] DbMcusAds:125 - Set database path to: C:\Users\kujon\.stmcufinder\plugins\mcufinder//mcu/
2026-03-30 22:04:36,898 [WARN] DbFile:41 - Overriding database path with different value: C:\Users\kujon\.stmcufinder\plugins\mcufinder/ => C:\Users\kujon\.stmcufinder\plugins\mcufinder
2026-03-30 22:04:36,898 [WARN] DbFile:41 - Overriding database path with different value: C:\Users\kujon\.stmcufinder\plugins\mcufinder/ => C:\Users\kujon\.stmcufinder\plugins\mcufinder
2026-03-30 22:04:36,898 [INFO] CrossReferenceDbSqlite:203 - Set database path to: C:\Users\kujon\.stmcufinder\plugins\mcufinder//mcu/cs/
2026-03-30 22:04:37,009 [INFO] MainPanel:274 - HeapMemory: 268435456
2026-03-30 22:04:37,163 [INFO] DbMcusXml:78 - Set database path to: D:\Programy\STM32CubeIDE_1.19.0\STM32CubeIDE\plugins\com.st.stm32cube.common.mx_6.15.0.202507011659\\db\/mcu/
2026-03-30 22:04:37,164 [INFO] ApiDb:274 - Set plugin database path to: D:\Programy\STM32CubeIDE_1.19.0\STM32CubeIDE\plugins\com.st.stm32cube.common.mx_6.15.0.202507011659\\db\/plugins/boardmanager/
2026-03-30 22:04:37,164 [INFO] ApiDb:261 - Set plugin images path to: D:\Programy\STM32CubeIDE_1.19.0\STM32CubeIDE\plugins\com.st.stm32cube.common.mx_6.15.0.202507011659\\db\/plugins/mcufinder/images/
2026-03-30 22:04:37,164 [WARN] DbFile:41 - Overriding database path with different value: C:\Users\kujon\.stmcufinder\plugins\mcufinder/ => C:\Users\kujon\.stmcufinder\plugins\mcufinder
2026-03-30 22:04:37,164 [INFO] ApiDb:250 - Set database path to: C:\Users\kujon\.stmcufinder\plugins\mcufinder//mcu/
2026-03-30 22:04:37,164 [WARN] DbFile:41 - Overriding database path with different value: C:\Users\kujon\.stmcufinder\plugins\mcufinder/ => C:\Users\kujon\.stmcufinder\plugins\mcufinder
2026-03-30 22:04:37,164 [INFO] DbMcusAds:125 - Set database path to: C:\Users\kujon\.stmcufinder\plugins\mcufinder//mcu/
2026-03-30 22:04:37,164 [WARN] DbFile:41 - Overriding database path with different value: C:\Users\kujon\.stmcufinder\plugins\mcufinder/ => C:\Users\kujon\.stmcufinder\plugins\mcufinder
2026-03-30 22:04:37,164 [WARN] DbFile:41 - Overriding database path with different value: C:\Users\kujon\.stmcufinder\plugins\mcufinder/ => C:\Users\kujon\.stmcufinder\plugins\mcufinder
2026-03-30 22:04:37,164 [INFO] CrossReferenceDbSqlite:203 - Set database path to: C:\Users\kujon\.stmcufinder\plugins\mcufinder//mcu/cs/
2026-03-30 22:04:37,192 [INFO] ApplicationProperties:184 - Using Application install path: D:\Programy\STM32CubeIDE_1.19.0\STM32CubeIDE\plugins\com.st.stm32cube.common.mx_6.15.0.202507011659
2026-03-30 22:04:37,195 [INFO] PluginManage:196 - Search for loadable plugins [exclusion list=, ]
2026-03-30 22:04:37,197 [INFO] PluginManage:310 - Check plugin analytics
2026-03-30 22:04:37,413 [INFO] AnalyticsPlugin:253 - Accepted Software Licenses: 
2026-03-30 22:04:37,413 [INFO] AnalyticsPlugin:255 - Accepted CMSIS Pack Licenses: 
2026-03-30 22:04:37,413 [INFO] AnalyticsPlugin:257 - Accepted Firmware Licenses: 
2026-03-30 22:04:37,416 [INFO] PluginManage:359 - Loaded plugin analytics (category:tool,tabindex:-1)
2026-03-30 22:04:37,417 [INFO] PluginManage:310 - Check plugin cadmodel
2026-03-30 22:04:37,424 [INFO] CADModel:105 - Init CAD model plugin
2026-03-30 22:04:37,424 [INFO] PluginManage:359 - Loaded plugin cadmodel (category:power,tabindex:5)
2026-03-30 22:04:37,424 [INFO] PluginManage:310 - Check plugin clock
2026-03-30 22:04:37,437 [INFO] PluginManage:359 - Loaded plugin clock (category:base,tabindex:2)
2026-03-30 22:04:37,437 [INFO] PluginManage:310 - Check plugin ddr
2026-03-30 22:04:37,441 [INFO] PluginManage:359 - Loaded plugin ddr (category:tool,tabindex:6)
2026-03-30 22:04:37,442 [INFO] PluginManage:310 - Check plugin filemanager
2026-03-30 22:04:37,689 [INFO] PluginManage:359 - Loaded plugin filemanager (category:base,tabindex:10)
2026-03-30 22:04:37,690 [INFO] PluginManage:310 - Check plugin ipmanager
2026-03-30 22:04:37,701 [INFO] PluginManage:359 - Loaded plugin ipmanager (category:base,tabindex:5)
2026-03-30 22:04:37,701 [INFO] PluginManage:310 - Check plugin lpbam
2026-03-30 22:04:37,715 [INFO] PluginManage:359 - Loaded plugin lpbam (category:base,tabindex:0)
2026-03-30 22:04:37,716 [INFO] PluginManage:310 - Check plugin memorymap
2026-03-30 22:04:37,738 [INFO] PluginManage:359 - Loaded plugin memorymap (category:base,tabindex:4)
2026-03-30 22:04:37,738 [INFO] PluginManage:310 - Check plugin pinoutandconfiguration
2026-03-30 22:04:37,751 [INFO] PluginManage:359 - Loaded plugin pinoutandconfiguration (category:base,tabindex:1)
2026-03-30 22:04:37,751 [INFO] PluginManage:310 - Check plugin pinoutconfig
2026-03-30 22:04:37,885 [WARN] SupportedApi:132 - Cannot load RTOS API schema: s4s-elt-must-match.1: The content of 'definitions' must match (annotation?, (simpleType | complexType)?, (unique | key | keyref)*)). A problem was found starting at: attribute.
2026-03-30 22:04:38,056 [INFO] PluginManage:359 - Loaded plugin pinoutconfig (category:base,tabindex:0)
2026-03-30 22:04:38,056 [INFO] PluginManage:310 - Check plugin power
2026-03-30 22:04:38,066 [INFO] PluginManage:359 - Loaded plugin power (category:power,tabindex:4)
2026-03-30 22:04:38,066 [INFO] PluginManage:310 - Check plugin projectmanager
2026-03-30 22:04:38,087 [INFO] PluginManage:359 - Loaded plugin projectmanager (category:projectmanager,tabindex:4)
2026-03-30 22:04:38,087 [INFO] PluginManage:310 - Check plugin rif
2026-03-30 22:04:38,100 [INFO] PluginManage:359 - Loaded plugin rif (category:base,tabindex:3)
2026-03-30 22:04:38,100 [INFO] PluginManage:310 - Check plugin thirdparty
2026-03-30 22:04:38,269 [INFO] PluginManage:359 - Loaded plugin thirdparty (category:base,tabindex:-1)
2026-03-30 22:04:38,269 [WARN] IntegrityCheckThread:84 - waiting for thirdparty lock release [integrity check]
2026-03-30 22:04:38,269 [INFO] PluginManage:310 - Check plugin tools
2026-03-30 22:04:38,269 [INFO] IntegrityCheckThread:86 - entering critical section [integrity check]
2026-03-30 22:04:38,269 [INFO] ThirdPartyUpdaterWithRetryManager:70 - Updater plugin not ready yet. [1/15]
2026-03-30 22:04:38,274 [INFO] PluginManage:359 - Loaded plugin tools (category:base,tabindex:7)
2026-03-30 22:04:38,274 [INFO] PluginManage:310 - Check plugin tutovideos
2026-03-30 22:04:38,563 [INFO] PluginManage:359 - Loaded plugin tutovideos (category:base,tabindex:-1)
2026-03-30 22:04:38,563 [INFO] PluginManage:310 - Check plugin updater
2026-03-30 22:04:38,583 [INFO] PluginManage:359 - Loaded plugin updater (category:base,tabindex:12)
2026-03-30 22:04:38,584 [INFO] PluginManage:310 - Check plugin userauth
2026-03-30 22:04:38,589 [INFO] UserAuth:118 - Init User Auth plugin
2026-03-30 22:04:38,590 [INFO] PluginManage:359 - Loaded plugin userauth (category:base,tabindex:14)
2026-03-30 22:04:38,591 [INFO] PluginManage:283 - PluginManage : Loaded plugins [18]
2026-03-30 22:04:38,888 [INFO] PinOutPanel:1589 - setPackage(No Configuration,No Configuration)
2026-03-30 22:04:39,015 [INFO] CADModel:165 - CPN selected for project level
2026-03-30 22:04:39,015 [INFO] CADModel:114 - Register for checkConnection events
2026-03-30 22:04:39,034 [INFO] IPUIPlugin:80 - create IPUIPlugin
2026-03-30 22:04:39,035 [INFO] PluginManager:220 - loadIPPluginJar : add adc
2026-03-30 22:04:39,037 [INFO] IPUIPlugin:80 - create IPUIPlugin
2026-03-30 22:04:39,037 [INFO] PluginManager:220 - loadIPPluginJar : add aes
2026-03-30 22:04:39,041 [INFO] IPUIPlugin:80 - create IPUIPlugin
2026-03-30 22:04:39,041 [INFO] PluginManager:220 - loadIPPluginJar : add can
2026-03-30 22:04:39,043 [INFO] IPUIPlugin:80 - create IPUIPlugin
2026-03-30 22:04:39,043 [INFO] PluginManager:220 - loadIPPluginJar : add comp
2026-03-30 22:04:39,045 [INFO] IPUIPlugin:80 - create IPUIPlugin
2026-03-30 22:04:39,045 [INFO] PluginManager:220 - loadIPPluginJar : add cryp
2026-03-30 22:04:39,049 [INFO] IPUIPlugin:80 - create IPUIPlugin
2026-03-30 22:04:39,049 [INFO] PluginManager:220 - loadIPPluginJar : add ddr_ctrl_phy
2026-03-30 22:04:39,052 [INFO] IPUIPlugin:80 - create IPUIPlugin
2026-03-30 22:04:39,053 [INFO] PluginManager:220 - loadIPPluginJar : add dfsdm
2026-03-30 22:04:39,060 [INFO] IPUIPlugin:80 - create IPUIPlugin
2026-03-30 22:04:39,061 [INFO] PluginManager:220 - loadIPPluginJar : add dma
2026-03-30 22:04:39,064 [INFO] IPUIPlugin:80 - create IPUIPlugin
2026-03-30 22:04:39,064 [INFO] PluginManager:220 - loadIPPluginJar : add dma3
2026-03-30 22:04:39,068 [INFO] IPUIPlugin:80 - create IPUIPlugin
2026-03-30 22:04:39,068 [INFO] PluginManager:220 - loadIPPluginJar : add extmemmanager
2026-03-30 22:04:39,071 [INFO] IPUIPlugin:80 - create IPUIPlugin
2026-03-30 22:04:39,071 [INFO] PluginManager:220 - loadIPPluginJar : add fatfs
2026-03-30 22:04:39,077 [INFO] IPUIPlugin:80 - create IPUIPlugin
2026-03-30 22:04:39,077 [INFO] PluginManager:220 - loadIPPluginJar : add fmc
2026-03-30 22:04:39,083 [INFO] IPUIPlugin:80 - create IPUIPlugin
2026-03-30 22:04:39,084 [INFO] PluginManager:220 - loadIPPluginJar : add freertos
2026-03-30 22:04:39,085 [INFO] IPUIPlugin:80 - create IPUIPlugin
2026-03-30 22:04:39,085 [INFO] PluginManager:220 - loadIPPluginJar : add genericplugin
2026-03-30 22:04:39,091 [INFO] IPUIPlugin:80 - create IPUIPlugin
2026-03-30 22:04:39,091 [INFO] PluginManager:220 - loadIPPluginJar : add gfxmmu
2026-03-30 22:04:39,097 [INFO] IPUIPlugin:80 - create IPUIPlugin
2026-03-30 22:04:39,097 [INFO] PluginManager:220 - loadIPPluginJar : add gic
2026-03-30 22:04:39,101 [INFO] IPUIPlugin:80 - create IPUIPlugin
2026-03-30 22:04:39,102 [INFO] PluginManager:220 - loadIPPluginJar : add gpio
2026-03-30 22:04:39,106 [INFO] IPUIPlugin:80 - create IPUIPlugin
2026-03-30 22:04:39,107 [INFO] PluginManager:220 - loadIPPluginJar : add gtzc
2026-03-30 22:04:39,111 [INFO] IPUIPlugin:80 - create IPUIPlugin
2026-03-30 22:04:39,111 [INFO] PluginManager:220 - loadIPPluginJar : add hash
2026-03-30 22:04:39,116 [INFO] IPUIPlugin:80 - create IPUIPlugin
2026-03-30 22:04:39,117 [INFO] PluginManager:220 - loadIPPluginJar : add i2c
2026-03-30 22:04:39,121 [INFO] IPUIPlugin:80 - create IPUIPlugin
2026-03-30 22:04:39,121 [INFO] PluginManager:220 - loadIPPluginJar : add i2s
2026-03-30 22:04:39,127 [INFO] IPUIPlugin:80 - create IPUIPlugin
2026-03-30 22:04:39,127 [INFO] PluginManager:220 - loadIPPluginJar : add i3c
2026-03-30 22:04:39,132 [INFO] IPUIPlugin:80 - create IPUIPlugin
2026-03-30 22:04:39,134 [INFO] PluginManager:220 - loadIPPluginJar : add ipddr
2026-03-30 22:04:39,144 [INFO] IPUIPlugin:80 - create IPUIPlugin
2026-03-30 22:04:39,144 [INFO] PluginManager:220 - loadIPPluginJar : add linkedlist
2026-03-30 22:04:39,147 [INFO] IPUIPlugin:80 - create IPUIPlugin
2026-03-30 22:04:39,148 [INFO] PluginManager:220 - loadIPPluginJar : add lorawan
2026-03-30 22:04:39,149 [INFO] IPUIPlugin:80 - create IPUIPlugin
2026-03-30 22:04:39,149 [INFO] PluginManager:220 - loadIPPluginJar : add ltdc
2026-03-30 22:04:39,159 [INFO] IPUIPlugin:80 - create IPUIPlugin
2026-03-30 22:04:39,159 [INFO] PluginManager:220 - loadIPPluginJar : add mdma
2026-03-30 22:04:39,162 [INFO] IPUIPlugin:80 - create IPUIPlugin
2026-03-30 22:04:39,162 [INFO] PluginManager:220 - loadIPPluginJar : add nvic
2026-03-30 22:04:39,167 [INFO] IPUIPlugin:80 - create IPUIPlugin
2026-03-30 22:04:39,167 [INFO] PluginManager:220 - loadIPPluginJar : add opamp
2026-03-30 22:04:39,170 [INFO] IPUIPlugin:80 - create IPUIPlugin
2026-03-30 22:04:39,171 [INFO] PluginManager:220 - loadIPPluginJar : add openamp
2026-03-30 22:04:39,177 [INFO] IPUIPlugin:80 - create IPUIPlugin
2026-03-30 22:04:39,177 [INFO] PluginManager:220 - loadIPPluginJar : add pdm2pcm
2026-03-30 22:04:39,184 [INFO] IPUIPlugin:80 - create IPUIPlugin
2026-03-30 22:04:39,187 [INFO] PluginManager:220 - loadIPPluginJar : add plateformsettings
2026-03-30 22:04:39,190 [INFO] IPUIPlugin:80 - create IPUIPlugin
2026-03-30 22:04:39,190 [INFO] PluginManager:220 - loadIPPluginJar : add quadspi
2026-03-30 22:04:39,193 [INFO] IPUIPlugin:80 - create IPUIPlugin
2026-03-30 22:04:39,193 [INFO] PluginManager:220 - loadIPPluginJar : add radio
2026-03-30 22:04:39,197 [INFO] IPUIPlugin:80 - create IPUIPlugin
2026-03-30 22:04:39,197 [INFO] PluginManager:220 - loadIPPluginJar : add resmgrutility
2026-03-30 22:04:39,200 [INFO] IPUIPlugin:80 - create IPUIPlugin
2026-03-30 22:04:39,200 [INFO] PluginManager:220 - loadIPPluginJar : add sai
2026-03-30 22:04:39,203 [INFO] IPUIPlugin:80 - create IPUIPlugin
2026-03-30 22:04:39,203 [INFO] PluginManager:220 - loadIPPluginJar : add spi
2026-03-30 22:04:39,209 [INFO] IPUIPlugin:80 - create IPUIPlugin
2026-03-30 22:04:39,210 [INFO] PluginManager:220 - loadIPPluginJar : add stm32_wpan
2026-03-30 22:04:39,211 [INFO] IPUIPlugin:80 - create IPUIPlugin
2026-03-30 22:04:39,211 [INFO] PluginManager:220 - loadIPPluginJar : add tim
2026-03-30 22:04:39,215 [INFO] IPUIPlugin:80 - create IPUIPlugin
2026-03-30 22:04:39,215 [INFO] PluginManager:220 - loadIPPluginJar : add touchsensing
2026-03-30 22:04:39,217 [INFO] IPUIPlugin:80 - create IPUIPlugin
2026-03-30 22:04:39,217 [INFO] PluginManager:220 - loadIPPluginJar : add tracer_emb
2026-03-30 22:04:39,219 [INFO] IPUIPlugin:80 - create IPUIPlugin
2026-03-30 22:04:39,219 [INFO] PluginManager:220 - loadIPPluginJar : add ts
2026-03-30 22:04:39,220 [INFO] IPUIPlugin:80 - create IPUIPlugin
2026-03-30 22:04:39,220 [INFO] PluginManager:220 - loadIPPluginJar : add tsc
2026-03-30 22:04:39,223 [INFO] IPUIPlugin:80 - create IPUIPlugin
2026-03-30 22:04:39,223 [INFO] PluginManager:220 - loadIPPluginJar : add ucpd
2026-03-30 22:04:39,227 [INFO] IPUIPlugin:80 - create IPUIPlugin
2026-03-30 22:04:39,227 [INFO] PluginManager:220 - loadIPPluginJar : add usart
2026-03-30 22:04:39,230 [INFO] IPUIPlugin:80 - create IPUIPlugin
2026-03-30 22:04:39,230 [INFO] PluginManager:220 - loadIPPluginJar : add usbx
2026-03-30 22:04:39,366 [FATAL] Updater:351 - Updater called before beeing initialized
2026-03-30 22:04:39,396 [INFO] RulesReader:64 - Compatibility file has been processed (317 Rules)
2026-03-30 22:04:39,407 [INFO] RulesReader:64 - Compatibility file has been processed (317 Rules)
2026-03-30 22:04:39,418 [INFO] CADModel:165 - CPN selected for project level
2026-03-30 22:04:39,418 [INFO] CADModel:114 - Register for checkConnection events
2026-03-30 22:04:39,418 [FATAL] Updater:351 - Updater called before beeing initialized
2026-03-30 22:04:39,419 [ERROR] CADModel:125 - Updater not yet initialized, retry later 
2026-03-30 22:04:39,614 [FATAL] Updater:351 - Updater called before beeing initialized
2026-03-30 22:04:39,617 [INFO] CADModel:165 - CPN selected for project level
2026-03-30 22:04:39,617 [INFO] CADModel:114 - Register for checkConnection events
2026-03-30 22:04:39,618 [FATAL] Updater:351 - Updater called before beeing initialized
2026-03-30 22:04:39,618 [ERROR] CADModel:125 - Updater not yet initialized, retry later 
2026-03-30 22:04:39,624 [FATAL] Updater:351 - Updater called before beeing initialized
2026-03-30 22:04:39,799 [FATAL] Updater:351 - Updater called before beeing initialized
2026-03-30 22:04:39,803 [INFO] DbMcusAds:53 - JSON generation date=Thu Mar 05 15:32:52 CET 2026 (1772721172610)
2026-03-30 22:04:39,804 [FATAL] Updater:351 - Updater called before beeing initialized
2026-03-30 22:04:39,841 [WARN] DetailPanel:346 - Failed to get advertising image, set to default
2026-03-30 22:04:39,931 [FATAL] Updater:351 - Updater called before beeing initialized
2026-03-30 22:04:39,932 [FATAL] Updater:351 - Updater called before beeing initialized
2026-03-30 22:04:39,932 [FATAL] Updater:351 - Updater called before beeing initialized
2026-03-30 22:04:39,933 [WARN] DetailPanel:346 - Failed to get advertising image, set to default
2026-03-30 22:04:39,933 [FATAL] Updater:351 - Updater called before beeing initialized
2026-03-30 22:04:39,981 [ERROR] Updater:1198 - MainUpdater not yet initialized. External WinMGr cannot be set.
2026-03-30 22:04:39,984 [INFO] Updater:1134 - Updater Version found : 6.15.0
2026-03-30 22:04:39,998 [INFO] ApplicationProperties:184 - Using Application install path: D:\Programy\STM32CubeIDE_1.19.0\STM32CubeIDE\plugins\com.st.stm32cube.common.mx_6.15.0.202507011659
2026-03-30 22:04:40,476 [INFO] McuFinderGlobals:63 - Set McuFinder mode to 2 (CubeIDE integrated)
2026-03-30 22:04:41,271 [INFO] ThirdPartyUpdaterWithRetryManager:70 - Updater plugin not ready yet. [2/15]
2026-03-30 22:04:41,576 [ERROR] LogOutputStream:75 - [STDERR_REDIRECT] Mar 30, 2026 10:04:41 PM java.util.prefs.WindowsPreferences <init>
2026-03-30 22:04:41,577 [ERROR] LogOutputStream:75 - [STDERR_REDIRECT] WARNING: Could not open/create prefs root node Software\JavaSoft\Prefs at root 0xffffffff80000002. Windows RegCreateKeyEx(...) returned error code 5.
2026-03-30 22:04:41,577 [ERROR] LogOutputStream:75 - [STDERR_REDIRECT] 
2026-03-30 22:04:41,983 [INFO] MainUpdater:2872 - connection check result : 10
2026-03-30 22:04:41,984 [INFO] MainUpdater:289 - Updater Check For Update Now.
2026-03-30 22:04:41,984 [INFO] MicroXplorer:498 - Change Database Version : DB.6.0.150
2026-03-30 22:04:41,992 [INFO] McuFinderGlobals:63 - Set McuFinder mode to 2 (CubeIDE integrated)
2026-03-30 22:04:41,994 [INFO] UserAuth:487 - Internet connection configuration mode: 1
2026-03-30 22:04:42,026 [INFO] JxBrowserEngine:152 - Initiate JxBrowser Engine with user profile folder
2026-03-30 22:04:42,205 [INFO] CheckServerUpdateThread:120 - End of CheckServer Thread
2026-03-30 22:04:42,395 [INFO] MainUpdater:2872 - connection check result : 10
2026-03-30 22:04:42,603 [INFO] MainUpdater:2872 - connection check result : 10
2026-03-30 22:04:42,661 [INFO] MicroXplorer:468 - Change Database Path : 
2026-03-30 22:04:42,661 [INFO] MicroXplorer:498 - Change Database Version : DB.6.0.150
2026-03-30 22:04:42,669 [WARN] ThirdParty:871 - waiting for thirdparty lock release [close project]
2026-03-30 22:04:43,311 [INFO] WebApp:169 - Instantiating new browser for Auth
2026-03-30 22:04:44,506 [INFO] WebApp:463 - Apply proxy settings
2026-03-30 22:04:44,507 [INFO] WebApp:548 - Chromium requires no authentication
2026-03-30 22:04:44,522 [INFO] WebApp:491 - Direct internet connection detected
2026-03-30 22:04:44,572 [INFO] WebApp:900 - Register for checkConnection events
2026-03-30 22:04:44,572 [INFO] WebApp:463 - Apply proxy settings
2026-03-30 22:04:44,572 [INFO] WebApp:548 - Chromium requires no authentication
2026-03-30 22:04:44,574 [INFO] WebApp:491 - Direct internet connection detected
2026-03-30 22:04:44,780 [INFO] WebApp:191 - Connection restablished
2026-03-30 22:04:45,049 [INFO] WebApp:225 - Starting web application
2026-03-30 22:04:45,049 [INFO] WebApp:593 - Web application path used D:\Programy\STM32CubeIDE_1.19.0\STM32CubeIDE\plugins\com.st.stm32cube.common.mx_6.15.0.202507011659\db\plugins\mcufinder\reactClient1\index.html
2026-03-30 22:04:45,189 [WARN] PackLoader:240 - Cannot read IP mode file for STMicroelectronics.X-CUBE-AZRTOS-H7.3.5.0
2026-03-30 22:04:45,294 [WARN] PackLoader:240 - Cannot read IP mode file for STMicroelectronics.FP-SNS-MOTENVWB1.1.4.0
2026-03-30 22:04:45,347 [INFO] UserAuth:487 - Internet connection configuration mode: 1
2026-03-30 22:04:45,382 [WARN] PackLoader:240 - Cannot read IP mode file for STMicroelectronics.FP-ATR-ASTRA1.2.0.2
2026-03-30 22:04:45,430 [WARN] PackLoader:240 - Cannot read IP mode file for STMicroelectronics.X-CUBE-SMBUS.2.1.0
2026-03-30 22:04:45,464 [WARN] PackLoader:240 - Cannot read IP mode file for STMicroelectronics.X-CUBE-ST60.1.0.0
2026-03-30 22:04:45,545 [WARN] PackLoader:240 - Cannot read IP mode file for STMicroelectronics.X-CUBE-AZRTOS-F7.1.1.0
2026-03-30 22:04:45,565 [WARN] PackLoader:240 - Cannot read IP mode file for STMicroelectronics.X-CUBE-BLE1.6.2.4
2026-03-30 22:04:45,594 [WARN] PackLoader:240 - Cannot read IP mode file for STMicroelectronics.FP-SNS-MOTENV1.5.1.0
2026-03-30 22:04:45,643 [WARN] PackLoader:240 - Cannot read IP mode file for WES.I-CUBE-Cesium.1.4.0
2026-03-30 22:04:45,701 [WARN] PackLoader:240 - Cannot read IP mode file for Infineon.AIROC-Wi-Fi-Bluetooth-STM32.1.7.1
2026-03-30 22:04:45,788 [WARN] PackLoader:240 - Cannot read IP mode file for STMicroelectronics.X-CUBE-AZRTOS-H7.3.4.0
2026-03-30 22:04:45,837 [WARN] PackLoader:240 - Cannot read IP mode file for STMicroelectronics.X-CUBE-DISPLAY.3.0.0
2026-03-30 22:04:45,865 [WARN] PackLoader:240 - Cannot read IP mode file for STMicroelectronics.FP-SNS-MOTENVWB1.1.5.0
2026-03-30 22:04:45,881 [WARN] PackLoader:240 - Cannot read IP mode file for STMicroelectronics.X-CUBE-NFC10.1.0.0
2026-03-30 22:04:45,914 [WARN] PackLoader:240 - Cannot read IP mode file for STMicroelectronics.X-CUBE-ST60.1.1.0
2026-03-30 22:04:45,943 [WARN] PackLoader:240 - Cannot read IP mode file for emotas.I-CUBE-CANOPEN.1.3.0
2026-03-30 22:04:45,966 [WARN] PackLoader:240 - Cannot read IP mode file for STMicroelectronics.X-CUBE-GNSS1.7.1.0
2026-03-30 22:04:46,016 [WARN] PackLoader:240 - Cannot read IP mode file for STMicroelectronics.FP-SNS-STBOX1.2.1.0
2026-03-30 22:04:46,049 [WARN] PackLoader:240 - Cannot read IP mode file for STMicroelectronics.FP-SNS-SMARTAG2.1.2.0
2026-03-30 22:04:46,079 [WARN] PackLoader:240 - Cannot read IP mode file for STMicroelectronics.FP-SNS-FLIGHT1.5.1.0
2026-03-30 22:04:46,121 [INFO] LogOutputStream:77 - [STDOUT_REDIRECT] 1 : Invalid condition id : UX_CORESTACK_Condition cause : null
2026-03-30 22:04:46,123 [INFO] LogOutputStream:77 - [STDOUT_REDIRECT] 1 : Invalid condition id : UX_CORESTACK_Condition cause : null
2026-03-30 22:04:46,125 [INFO] LogOutputStream:77 - [STDOUT_REDIRECT] 1 : Invalid condition id : UX_CORESTACK_Condition cause : null
2026-03-30 22:04:46,126 [INFO] LogOutputStream:77 - [STDOUT_REDIRECT] 1 : Invalid condition id : UX_CORESTACK_Condition cause : null
2026-03-30 22:04:46,128 [INFO] LogOutputStream:77 - [STDOUT_REDIRECT] 1 : Invalid condition id : UX_CORESTACK_Condition cause : null
2026-03-30 22:04:46,132 [WARN] PackLoader:240 - Cannot read IP mode file for STMicroelectronics.X-CUBE-AZRTOS-WL.2.0.0
2026-03-30 22:04:46,140 [WARN] PackLoader:240 - Cannot read IP mode file for STMicroelectronics.FP-SNS-MOTENV1.5.0.0
2026-03-30 22:04:46,198 [WARN] PackLoader:240 - Cannot read IP mode file for STMicroelectronics.X-CUBE-AZRTOS-H7RS.1.2.0
2026-03-30 22:04:46,232 [WARN] PackLoader:240 - Cannot read IP mode file for STMicroelectronics.X-CUBE-BLE2.3.3.0
2026-03-30 22:04:46,314 [WARN] PackLoader:240 - Cannot read IP mode file for STMicroelectronics.X-CUBE-TOF1.3.2.0
2026-03-30 22:04:46,349 [WARN] PackLoader:240 - Cannot read IP mode file for STMicroelectronics.X-CUBE-NFC9.1.0.0
2026-03-30 22:04:46,372 [WARN] PackLoader:240 - Cannot read IP mode file for wolfSSL.I-CUBE-wolfSSL.5.8.2
2026-03-30 22:04:46,379 [WARN] PackLoader:240 - Cannot read IP mode file for STMicroelectronics.X-CUBE-BLE1.7.1.0
2026-03-30 22:04:46,400 [WARN] PackLoader:240 - Cannot read IP mode file for wolfSSL.I-CUBE-wolfMQTT.1.19.2
2026-03-30 22:04:46,427 [WARN] PackLoader:240 - Cannot read IP mode file for STMicroelectronics.X-CUBE-FREERTOS.1.4.0
2026-03-30 22:04:46,457 [WARN] PackLoader:240 - Cannot read IP mode file for STMicroelectronics.X-CUBE-EEPRMA1.5.2.0
2026-03-30 22:04:46,480 [WARN] PackLoader:240 - Cannot read IP mode file for STMicroelectronics.X-CUBE-TOUCHGFX.4.21.1
2026-03-30 22:04:46,486 [WARN] PackLoader:240 - Cannot read IP mode file for STMicroelectronics.X-CUBE-ST67W61.1.1.0
2026-03-30 22:04:46,548 [WARN] PackLoader:240 - Cannot read IP mode file for STMicroelectronics.X-CUBE-MEMS1.12.0.0
2026-03-30 22:04:46,740 [WARN] PackLoader:240 - Cannot read IP mode file for STMicroelectronics.X-CUBE-ALGOBUILD.1.3.0
2026-03-30 22:04:46,779 [WARN] PackLoader:240 - Cannot read IP mode file for STMicroelectronics.X-CUBE-AZRTOS-G0.1.1.0
2026-03-30 22:04:46,791 [WARN] PackLoader:240 - Cannot read IP mode file for STMicroelectronics.X-CUBE-SAFEA1.1.2.2
2026-03-30 22:04:46,825 [WARN] PackLoader:240 - Cannot read IP mode file for STMicroelectronics.X-CUBE-NFC4.3.0.0
2026-03-30 22:04:46,836 [WARN] PackLoader:240 - Cannot read IP mode file for EmbeddedOffice.I-CUBE-FS-RTOS.1.0.1
2026-03-30 22:04:46,861 [WARN] PackLoader:240 - Cannot read IP mode file for STMicroelectronics.X-CUBE-WB05N.2.0.0
2026-03-30 22:04:46,893 [WARN] PackLoader:240 - Cannot read IP mode file for wolfSSL.I-CUBE-wolfTPM.3.8.0
2026-03-30 22:04:46,917 [WARN] PackLoader:240 - Cannot read IP mode file for STMicroelectronics.X-CUBE-BLEMGR.1.3.0
2026-03-30 22:04:46,925 [WARN] PackLoader:240 - Cannot read IP mode file for STMicroelectronics.X-CUBE-TCPP.4.2.0
2026-03-30 22:04:46,945 [WARN] PackLoader:240 - Cannot read IP mode file for RealThread.X-CUBE-RT-Thread_Nano.4.1.1
2026-03-30 22:04:46,950 [WARN] PackLoader:240 - Cannot read IP mode file for STMicroelectronics.FP-ATR-SIGFOX1.3.2.0
2026-03-30 22:04:46,972 [WARN] PackLoader:240 - Cannot read IP mode file for STMicroelectronics.X-CUBE-FREERTOS.1.5.0
2026-03-30 22:04:46,994 [WARN] PackLoader:240 - Cannot read IP mode file for ITTIA_DB.I-CUBE-ITTIADB.8.9.0
2026-03-30 22:04:47,012 [WARN] PackLoader:240 - Cannot read IP mode file for STMicroelectronics.X-CUBE-NFC6.3.2.0
2026-03-30 22:04:47,068 [WARN] PackLoader:240 - Cannot read IP mode file for STMicroelectronics.X-CUBE-MEMS1.9.5.0
2026-03-30 22:04:47,215 [WARN] PackLoader:240 - Cannot read IP mode file for STMicroelectronics.X-CUBE-ST67W61.1.0.0
2026-03-30 22:04:47,239 [WARN] PackLoader:240 - Cannot read IP mode file for STMicroelectronics.X-CUBE-AI.10.2.0
2026-03-30 22:04:47,292 [WARN] PackLoader:240 - Cannot read IP mode file for SEGGER.I-CUBE-embOS.1.3.1
2026-03-30 22:04:47,347 [WARN] PackLoader:240 - Cannot read IP mode file for STMicroelectronics.X-CUBE-ALGOBUILD.1.4.0
2026-03-30 22:04:47,414 [WARN] PackLoader:240 - Cannot read IP mode file for STMicroelectronics.X-CUBE-MEMS1.11.3.0
2026-03-30 22:04:47,576 [WARN] PackLoader:240 - Cannot read IP mode file for STMicroelectronics.X-CUBE-PM33A1.1.0.0
2026-03-30 22:04:47,610 [WARN] PackLoader:240 - Cannot read IP mode file for STMicroelectronics.X-CUBE-GNSS1.6.0.0
2026-03-30 22:04:47,665 [WARN] PackLoader:240 - Cannot read IP mode file for STMicroelectronics.X-CUBE-AZRTOS-F4.1.1.0
2026-03-30 22:04:47,679 [WARN] PackLoader:240 - Cannot read IP mode file for Avnet-IotConnect.X-CUBE-IoTC-DA16k-PMOD.1.0.0
2026-03-30 22:04:47,691 [WARN] PackLoader:240 - Cannot read IP mode file for STMicroelectronics.X-CUBE-ISPU.2.1.0
2026-03-30 22:04:47,732 [WARN] PackLoader:240 - Cannot read IP mode file for STMicroelectronics.X-CUBE-IPS.3.2.0
2026-03-30 22:04:47,778 [WARN] PackLoader:240 - Cannot read IP mode file for STMicroelectronics.X-CUBE-NFC12.1.0.0
2026-03-30 22:04:47,879 [WARN] PackLoader:240 - Cannot read IP mode file for STMicroelectronics.X-CUBE-AZRTOS-L5.2.0.0
2026-03-30 22:04:47,964 [WARN] PackLoader:240 - Cannot read IP mode file for STMicroelectronics.X-CUBE-NFC6.3.1.0
2026-03-30 22:04:48,011 [WARN] PackLoader:240 - Cannot read IP mode file for emotas.I-CUBE-CANOPEN.1.1.3
2026-03-30 22:04:48,018 [WARN] PackLoader:240 - Cannot read IP mode file for wolfSSL.I-CUBE-wolfSSL.5.5.4
2026-03-30 22:04:48,056 [WARN] PackLoader:240 - Cannot read IP mode file for STMicroelectronics.X-CUBE-FREERTOS.1.3.1
2026-03-30 22:04:48,104 [WARN] PackLoader:240 - Cannot read IP mode file for STMicroelectronics.X-CUBE-NFC7.1.0.0
2026-03-30 22:04:48,138 [WARN] PackLoader:240 - Cannot read IP mode file for STMicroelectronics.X-CUBE-TOUCHGFX.4.26.0
2026-03-30 22:04:48,166 [WARN] PackLoader:240 - Cannot read IP mode file for STMicroelectronics.X-CUBE-TOUCHGFX.4.26.1
2026-03-30 22:04:48,188 [WARN] PackLoader:240 - Cannot read IP mode file for STMicroelectronics.X-CUBE-EEPRMA1.4.1.0
2026-03-30 22:04:48,214 [WARN] PackLoader:240 - Cannot read IP mode file for STMicroelectronics.FP-SNS-STAIOTCFT.1.0.0
2026-03-30 22:04:48,238 [WARN] PackLoader:240 - Cannot read IP mode file for STMicroelectronics.X-CUBE-DPower.1.3.0
2026-03-30 22:04:48,282 [WARN] ConditionMgr:438 - getConditionDescription Invalid condition id : LAN8742 Phy interface Condition cause : null
2026-03-30 22:04:48,282 [WARN] PackLoader:240 - Cannot read IP mode file for STMicroelectronics.X-CUBE-AZRTOS-L4.2.0.0
2026-03-30 22:04:48,284 [WARN] ConditionMgr:1044 - genDependencies : Invalid condition id : LAN8742 Phy interface Condition cause : null
2026-03-30 22:04:48,286 [WARN] ConditionMgr:1044 - genDependencies : Invalid condition id : LAN8742 Phy interface Condition cause : null
2026-03-30 22:04:48,287 [WARN] ConditionMgr:1044 - genDependencies : Invalid condition id : LAN8742 Phy interface Condition cause : null
2026-03-30 22:04:48,317 [WARN] PackLoader:240 - Cannot read IP mode file for STMicroelectronics.X-CUBE-SFXS2LP1.4.0.0
2026-03-30 22:04:48,365 [WARN] PackLoader:240 - Cannot read IP mode file for STMicroelectronics.X-CUBE-AZRTOS-H7.3.0.0
2026-03-30 22:04:48,401 [WARN] PackLoader:240 - Cannot read IP mode file for STMicroelectronics.X-CUBE-ST67W61.1.2.0
2026-03-30 22:04:48,439 [WARN] PackLoader:240 - Cannot read IP mode file for STMicroelectronics.X-CUBE-ISPU.1.1.0
2026-03-30 22:04:48,467 [WARN] PackLoader:240 - Cannot read IP mode file for RoweBots.I-CUBE-UNISONRTOS.5.5.0-4
2026-03-30 22:04:48,507 [WARN] PackLoader:240 - Cannot read IP mode file for STMicroelectronics.X-CUBE-BLEMGR.4.1.0
2026-03-30 22:04:48,532 [WARN] PackLoader:240 - Cannot read IP mode file for STMicroelectronics.X-CUBE-AI.8.0.0
2026-03-30 22:04:48,564 [WARN] ConditionMgr:438 - getConditionDescription Invalid condition id : UX DEVICE CLASS RTOS Condition cause : null
2026-03-30 22:04:48,564 [WARN] ConditionMgr:438 - getConditionDescription Invalid condition id : UX DEVICE CLASS RTOS Condition cause : null
2026-03-30 22:04:48,566 [WARN] PackLoader:240 - Cannot read IP mode file for STMicroelectronics.X-CUBE-AZRTOS-WB.2.0.0
2026-03-30 22:04:48,566 [WARN] ConditionMgr:1044 - genDependencies : Invalid condition id : UX DEVICE CLASS RTOS Condition cause : null
2026-03-30 22:04:48,566 [WARN] ConditionMgr:1044 - genDependencies : Invalid condition id : UX DEVICE CLASS RTOS Condition cause : null
2026-03-30 22:04:48,567 [WARN] ConditionMgr:1044 - genDependencies : Invalid condition id : UX DEVICE CLASS RTOS Condition cause : null
2026-03-30 22:04:48,567 [WARN] ConditionMgr:1044 - genDependencies : Invalid condition id : UX DEVICE CLASS RTOS Condition cause : null
2026-03-30 22:04:48,567 [WARN] ConditionMgr:1044 - genDependencies : Invalid condition id : UX DEVICE CLASS RTOS Condition cause : null
2026-03-30 22:04:48,590 [WARN] PackLoader:240 - Cannot read IP mode file for STMicroelectronics.X-CUBE-GNSS1.7.0.1
2026-03-30 22:04:48,611 [WARN] PackLoader:240 - Cannot read IP mode file for STMicroelectronics.X-CUBE-TOUCHGFX.4.25.0
2026-03-30 22:04:48,620 [WARN] ConditionMgr:438 - getConditionDescription Invalid condition id : Cortex-A Device cause : null
2026-03-30 22:04:48,659 [WARN] ConditionMgr:1044 - genDependencies : Invalid condition id : Cortex-A Device cause : null
2026-03-30 22:04:48,660 [WARN] ConditionMgr:1044 - genDependencies : Invalid condition id : Cortex-A Device cause : null
2026-03-30 22:04:48,660 [WARN] ConditionMgr:1044 - genDependencies : Invalid condition id : Cortex-A Device cause : null
2026-03-30 22:04:48,698 [WARN] PackLoader:240 - Cannot read IP mode file for STMicroelectronics.X-CUBE-STSE01.2.0.0
2026-03-30 22:04:48,730 [WARN] PackLoader:240 - Cannot read IP mode file for STMicroelectronics.X-CUBE-AZRTOS-L5.1.1.0
2026-03-30 22:04:48,761 [WARN] PackLoader:240 - Cannot read IP mode file for STMicroelectronics.X-CUBE-SUBG2.5.0.0
2026-03-30 22:04:48,800 [WARN] PackLoader:240 - Cannot read IP mode file for STMicroelectronics.X-CUBE-AZRTOS-H7RS.1.1.0
2026-03-30 22:04:48,825 [WARN] PackLoader:240 - Cannot read IP mode file for Cesanta.I-CUBE-Mongoose.7.13.0
2026-03-30 22:04:48,858 [WARN] PackLoader:240 - Cannot read IP mode file for STMicroelectronics.X-CUBE-AZRTOS-G4.2.0.0
2026-03-30 22:04:49,161 [WARN] PackLoader:240 - Cannot read IP mode file for STMicroelectronics.FP-ATR-ASTRA1.1.1.1
2026-03-30 22:04:49,176 [WARN] PackLoader:240 - Cannot read IP mode file for wolfSSL.I-CUBE-wolfSSH.1.4.20
2026-03-30 22:04:49,204 [WARN] PackLoader:240 - Cannot read IP mode file for STMicroelectronics.X-CUBE-NFC7.2.0.0
2026-03-30 22:04:49,266 [WARN] PackLoader:240 - Cannot read IP mode file for STMicroelectronics.X-CUBE-AZRTOS-G4.1.0.0
2026-03-30 22:04:49,311 [WARN] PackLoader:240 - Cannot read IP mode file for STMicroelectronics.X-CUBE-AZRTOS-L4.1.0.0
2026-03-30 22:04:49,345 [WARN] PackLoader:240 - Cannot read IP mode file for STMicroelectronics.X-CUBE-IPS.3.1.0
2026-03-30 22:04:49,378 [WARN] PackLoader:240 - Cannot read IP mode file for STMicroelectronics.X-CUBE-ALS.1.0.2
2026-03-30 22:04:49,420 [WARN] PackLoader:240 - Cannot read IP mode file for STMicroelectronics.X-CUBE-AZRTOS-WL.1.0.0
2026-03-30 22:04:49,449 [WARN] PackLoader:240 - Cannot read IP mode file for STMicroelectronics.X-CUBE-STSE01.1.0.0
2026-03-30 22:04:49,494 [WARN] PackLoader:240 - Cannot read IP mode file for portGmbH.I-Cube-SoM-uGOAL.1.1.0
2026-03-30 22:04:49,515 [WARN] PackLoader:240 - Cannot read IP mode file for STMicroelectronics.X-CUBE-ALS.1.0.1
2026-03-30 22:04:49,548 [WARN] PackLoader:240 - Cannot read IP mode file for STMicroelectronics.X-CUBE-AZRTOS-WB.1.1.0
2026-03-30 22:04:49,605 [WARN] PackLoader:240 - Cannot read IP mode file for STMicroelectronics.X-CUBE-TOF1.3.4.3
2026-03-30 22:04:49,612 [INFO] ThirdParty:978 - Integrity check success = true
2026-03-30 22:04:49,612 [INFO] IntegrityCheckThread:100 - exiting critical section [integrity check]
2026-03-30 22:04:49,612 [INFO] IntegrityCheckThread:103 - End integrity checks thread
2026-03-30 22:04:49,612 [INFO] ThirdParty:873 - entering critical section [close project]
2026-03-30 22:04:49,614 [INFO] ThirdParty:883 - exiting critical section [close project]
2026-03-30 22:04:49,617 [INFO] PinOutPanel:1589 - setPackage(No Configuration,No Configuration)
2026-03-30 22:04:49,618 [INFO] UtilMem:75 - Begin LoadConfig() Used Memory: 210261552 Bytes (311427072)
2026-03-30 22:04:49,622 [INFO] MicroXplorer:468 - Change Database Path : 
2026-03-30 22:04:49,622 [INFO] MicroXplorer:498 - Change Database Version : DB.6.0.150
2026-03-30 22:04:49,623 [INFO] OpenFileManager:355 - Change cursor
2026-03-30 22:04:49,636 [INFO] ThirdPartyDownloadManager:103 - Found SW packSTMicroelectronics.X-CUBE-AZRTOS-G4.2.0.0up-to-date on disk
2026-03-30 22:04:49,662 [INFO] Mcu:2029 - Initializing MCU STM32G473R(B-C-E)Tx STM32G473RETx STM32G473RET6
2026-03-30 22:04:54,758 [INFO] Context:786 - Trying to add GPIOservice into a context  which must be forbidden
2026-03-30 22:04:56,164 [INFO] ApiDbMcu:532 - Load IP Config File for STMicroelectronics.X-CUBE-AZRTOS-G4.2.0.0
2026-03-30 22:04:56,442 [INFO] ImportTextPane:234 - (OptionalMessage_ERROR) Pin60 (VP_RIF_VS_RIF1) cannot be retrieved for this MCU
2026-03-30 22:04:56,606 [INFO] RtosManager:558 - Registered RTOS mode: class=CMSIS, group=RTOS, mode=CMSIS_V1, owner=FREERTOS
2026-03-30 22:04:56,607 [INFO] RtosManager:558 - Registered RTOS mode: class=CMSIS, group=RTOS2, mode=CMSIS_V2, owner=FREERTOS
2026-03-30 22:04:56,607 [INFO] RtosManager:558 - Registered RTOS mode: class=RTOS, group=Core, mode=CMSIS_V1, owner=FREERTOS
2026-03-30 22:04:56,607 [INFO] RtosManager:558 - Registered RTOS mode: class=RTOS, group=Core, mode=CMSIS_V2, owner=FREERTOS
2026-03-30 22:04:56,608 [WARN] ModelIntegratedComponent:184 - Missing modes for component STMicroelectronics:FreeRTOS:0.0.1:STMicroelectronics:RTOS:FreeRTOS:Core:::10.2.0:
2026-03-30 22:04:56,621 [WARN] ModelIntegratedComponent:63 - No mode defined for component null
2026-03-30 22:04:56,622 [WARN] ModelIntegratedComponent:63 - No mode defined for component null
2026-03-30 22:04:56,623 [WARN] ModelIntegratedComponent:63 - No mode defined for component null
2026-03-30 22:04:56,624 [WARN] ModelIntegratedComponent:63 - No mode defined for component null
2026-03-30 22:04:56,624 [WARN] ModelIntegratedComponent:63 - No mode defined for component null
2026-03-30 22:04:56,624 [WARN] ModelIntegratedComponent:63 - No mode defined for component null
2026-03-30 22:04:56,624 [WARN] ModelIntegratedComponent:63 - No mode defined for component null
2026-03-30 22:04:56,624 [WARN] ModelIntegratedComponent:63 - No mode defined for component null
2026-03-30 22:04:56,624 [WARN] ModelIntegratedComponent:63 - No mode defined for component null
2026-03-30 22:04:56,624 [WARN] ModelIntegratedComponent:63 - No mode defined for component null
2026-03-30 22:04:56,624 [WARN] ModelIntegratedComponent:63 - No mode defined for component null
2026-03-30 22:04:56,625 [WARN] ModelIntegratedComponent:63 - No mode defined for component null
2026-03-30 22:04:56,625 [WARN] ModelIntegratedComponent:63 - No mode defined for component null
2026-03-30 22:04:56,625 [WARN] ModelIntegratedComponent:63 - No mode defined for component null
2026-03-30 22:04:56,625 [WARN] ModelIntegratedComponent:63 - No mode defined for component null
2026-03-30 22:04:56,625 [WARN] ModelIntegratedComponent:63 - No mode defined for component null
2026-03-30 22:04:56,625 [WARN] ModelIntegratedComponent:63 - No mode defined for component null
2026-03-30 22:04:56,625 [WARN] ModelIntegratedComponent:63 - No mode defined for component null
2026-03-30 22:04:56,625 [WARN] ModelIntegratedComponent:63 - No mode defined for component null
2026-03-30 22:04:56,625 [WARN] ModelIntegratedComponent:63 - No mode defined for component null
2026-03-30 22:04:56,625 [WARN] ModelIntegratedComponent:63 - No mode defined for component null
2026-03-30 22:04:56,625 [WARN] ModelIntegratedComponent:63 - No mode defined for component null
2026-03-30 22:04:56,625 [WARN] ModelIntegratedComponent:63 - No mode defined for component null
2026-03-30 22:04:56,625 [WARN] ModelIntegratedComponent:63 - No mode defined for component null
2026-03-30 22:04:56,625 [WARN] ModelIntegratedComponent:63 - No mode defined for component null
2026-03-30 22:04:56,625 [WARN] ModelIntegratedComponent:63 - No mode defined for component null
2026-03-30 22:04:56,625 [WARN] ModelIntegratedComponent:63 - No mode defined for component null
2026-03-30 22:04:56,625 [WARN] ModelIntegratedComponent:63 - No mode defined for component null
2026-03-30 22:04:56,625 [WARN] ModelIntegratedComponent:63 - No mode defined for component null
2026-03-30 22:04:56,625 [WARN] ModelIntegratedComponent:63 - No mode defined for component null
2026-03-30 22:04:56,625 [WARN] ModelIntegratedComponent:63 - No mode defined for component null
2026-03-30 22:04:56,625 [WARN] ModelIntegratedComponent:63 - No mode defined for component null
2026-03-30 22:04:56,625 [WARN] ModelIntegratedComponent:63 - No mode defined for component null
2026-03-30 22:04:56,625 [WARN] ModelIntegratedComponent:63 - No mode defined for component null
2026-03-30 22:04:56,625 [WARN] ModelIntegratedComponent:63 - No mode defined for component null
2026-03-30 22:04:56,627 [WARN] ModelPack:524 - Component already loaded: STMicroelectronics:HAL Drivers:0.0.0:STMicroelectronics:Device:STMicro_Driver:XSPI:HAL::0.0.1:HAL_XSPI
2026-03-30 22:04:57,002 [WARN] IP:2250 - TX_NO_TIMER not found: check if there is a RefParameter without a condition.
2026-03-30 22:04:57,003 [WARN] IP:2250 - ALIGN_TYPE_VAL not found: check if there is a RefParameter without a condition.
2026-03-30 22:04:57,003 [WARN] IP:2250 - TX_BASEPRI_VALUE not found: check if there is a RefParameter without a condition.
2026-03-30 22:04:57,003 [WARN] IP:2250 - TX_APP_THREAD_ENTRY not found: check if there is a RefParameter without a condition.
2026-03-30 22:04:57,004 [WARN] IP:2250 - TX_APP_THREAD_NAME not found: check if there is a RefParameter without a condition.
2026-03-30 22:04:57,004 [WARN] IP:2250 - TX_APP_THREAD_PRIO not found: check if there is a RefParameter without a condition.
2026-03-30 22:04:57,004 [WARN] IP:2250 - TX_APP_STACK_SIZE not found: check if there is a RefParameter without a condition.
2026-03-30 22:04:57,004 [WARN] IP:2250 - TX_SEMAPHORE_NAME not found: check if there is a RefParameter without a condition.
2026-03-30 22:04:57,004 [WARN] IP:2250 - TX_SEMAPHORE_COUNT not found: check if there is a RefParameter without a condition.
2026-03-30 22:04:57,005 [WARN] IP:2250 - TX_MUTEX_NAME not found: check if there is a RefParameter without a condition.
2026-03-30 22:04:57,006 [WARN] IP:2250 - TX_Mutex_INHERITANCE not found: check if there is a RefParameter without a condition.
2026-03-30 22:04:57,006 [WARN] IP:2250 - TX_MSG_QUEUE_NAME not found: check if there is a RefParameter without a condition.
2026-03-30 22:04:57,007 [WARN] IP:2250 - TX_MSG_SIZE_WORDS not found: check if there is a RefParameter without a condition.
2026-03-30 22:04:57,007 [WARN] IP:2250 - TX_NB_MSG not found: check if there is a RefParameter without a condition.
2026-03-30 22:04:57,010 [INFO] RtosManager:558 - Registered RTOS mode: class=RTOS, group=ThreadX, mode=RTOSJjThreadX, owner=STMicroelectronics.X-CUBE-AZRTOS-G4.2.0.0
2026-03-30 22:04:57,011 [WARN] IP:2250 - TX_APP_THREAD_ENTRY not found: check if there is a RefParameter without a condition.
2026-03-30 22:04:57,011 [WARN] IP:2250 - TX_APP_THREAD_NAME not found: check if there is a RefParameter without a condition.
2026-03-30 22:04:57,011 [WARN] IP:2250 - TX_APP_THREAD_PRIO not found: check if there is a RefParameter without a condition.
2026-03-30 22:04:57,011 [WARN] IP:2250 - TX_APP_STACK_SIZE not found: check if there is a RefParameter without a condition.
2026-03-30 22:04:57,013 [WARN] IP:2250 - TX_SEMAPHORE_NAME not found: check if there is a RefParameter without a condition.
2026-03-30 22:04:57,013 [WARN] IP:2250 - TX_SEMAPHORE_COUNT not found: check if there is a RefParameter without a condition.
2026-03-30 22:04:57,013 [WARN] IP:2250 - TX_MUTEX_NAME not found: check if there is a RefParameter without a condition.
2026-03-30 22:04:57,013 [WARN] IP:2250 - TX_Mutex_INHERITANCE not found: check if there is a RefParameter without a condition.
2026-03-30 22:04:57,013 [WARN] IP:2250 - TX_MSG_QUEUE_NAME not found: check if there is a RefParameter without a condition.
2026-03-30 22:04:57,013 [WARN] IP:2250 - TX_MSG_SIZE_WORDS not found: check if there is a RefParameter without a condition.
2026-03-30 22:04:57,013 [WARN] IP:2250 - TX_NB_MSG not found: check if there is a RefParameter without a condition.
2026-03-30 22:04:57,964 [INFO] ThirdPartyModel:298 - Start build external matchings
2026-03-30 22:04:59,172 [INFO] ThirdPartyModel:316 - End build external matchings
2026-03-30 22:04:59,242 [INFO] RtosManager:1018 - Current active RTOS is STMicroelectronics.X-CUBE-AZRTOS-G4.2.0.0 [Cortex-M4NS]
2026-03-30 22:04:59,276 [INFO] ImportTextPane:234 - (OptionalMessage_ERROR) IP (ADC1) : Parameter (CommonPathInternal) has invalid value (ADC_CHANNEL_VREFINT|ADC_CHANNEL_TEMPSENSOR_ADC1|null|null)
2026-03-30 22:04:59,276 [INFO] ImportTextPane:234 - (OptionalMessage_ERROR) IP (DMA) : Parameter (Instance) has Id (SPI1_RX) currently not set
2026-03-30 22:04:59,276 [INFO] ImportTextPane:234 - (OptionalMessage_ERROR) IP (DMA) : Parameter (Request) has Id (SPI1_RX) currently not set
2026-03-30 22:04:59,276 [INFO] ImportTextPane:234 - (OptionalMessage_ERROR) IP (DMA) : Parameter (Direction) has Id (SPI1_RX) currently not set
2026-03-30 22:04:59,277 [INFO] ImportTextPane:234 - (OptionalMessage_ERROR) IP (DMA) : Parameter (PeriphInc) has Id (SPI1_RX) currently not set
2026-03-30 22:04:59,277 [INFO] ImportTextPane:234 - (OptionalMessage_ERROR) IP (DMA) : Parameter (MemInc) has Id (SPI1_RX) currently not set
2026-03-30 22:04:59,277 [INFO] ImportTextPane:234 - (OptionalMessage_ERROR) IP (DMA) : Parameter (PeriphDataAlignment) has Id (SPI1_RX) currently not set
2026-03-30 22:04:59,278 [INFO] ImportTextPane:234 - (OptionalMessage_ERROR) IP (DMA) : Parameter (MemDataAlignment) has Id (SPI1_RX) currently not set
2026-03-30 22:04:59,278 [INFO] ImportTextPane:234 - (OptionalMessage_ERROR) IP (DMA) : Parameter (Mode) has Id (SPI1_RX) currently not set
2026-03-30 22:04:59,278 [INFO] ImportTextPane:234 - (OptionalMessage_ERROR) IP (DMA) : Parameter (Priority) has Id (SPI1_RX) currently not set
2026-03-30 22:04:59,278 [INFO] ImportTextPane:234 - (OptionalMessage_ERROR) IP (DMA) : Parameter (SignalID) has Id (SPI1_RX) currently not set
2026-03-30 22:04:59,278 [INFO] ImportTextPane:234 - (OptionalMessage_ERROR) IP (DMA) : Parameter (Polarity) has Id (SPI1_RX) currently not set
2026-03-30 22:04:59,278 [INFO] ImportTextPane:234 - (OptionalMessage_ERROR) IP (DMA) : Parameter (RequestNumber) has Id (SPI1_RX) currently not set
2026-03-30 22:04:59,278 [INFO] ImportTextPane:234 - (OptionalMessage_ERROR) IP (DMA) : Parameter (SyncSignalID) has Id (SPI1_RX) currently not set
2026-03-30 22:04:59,278 [INFO] ImportTextPane:234 - (OptionalMessage_ERROR) IP (DMA) : Parameter (SyncPolarity) has Id (SPI1_RX) currently not set
2026-03-30 22:04:59,279 [INFO] ImportTextPane:234 - (OptionalMessage_ERROR) IP (DMA) : Parameter (SyncEnable) has Id (SPI1_RX) currently not set
2026-03-30 22:04:59,279 [INFO] ImportTextPane:234 - (OptionalMessage_ERROR) IP (DMA) : Parameter (EventEnable) has Id (SPI1_RX) currently not set
2026-03-30 22:04:59,279 [INFO] ImportTextPane:234 - (OptionalMessage_ERROR) IP (DMA) : Parameter (SyncRequestNumber) has Id (SPI1_RX) currently not set
2026-03-30 22:04:59,279 [INFO] ImportTextPane:234 - (OptionalMessage_ERROR) IP (DMA) : Parameter (Instance) has Id (SPI1_TX) currently not set
2026-03-30 22:04:59,279 [INFO] ImportTextPane:234 - (OptionalMessage_ERROR) IP (DMA) : Parameter (Request) has Id (SPI1_TX) currently not set
2026-03-30 22:04:59,279 [INFO] ImportTextPane:234 - (OptionalMessage_ERROR) IP (DMA) : Parameter (Direction) has Id (SPI1_TX) currently not set
2026-03-30 22:04:59,279 [INFO] ImportTextPane:234 - (OptionalMessage_ERROR) IP (DMA) : Parameter (PeriphInc) has Id (SPI1_TX) currently not set
2026-03-30 22:04:59,279 [INFO] ImportTextPane:234 - (OptionalMessage_ERROR) IP (DMA) : Parameter (MemInc) has Id (SPI1_TX) currently not set
2026-03-30 22:04:59,279 [INFO] ImportTextPane:234 - (OptionalMessage_ERROR) IP (DMA) : Parameter (PeriphDataAlignment) has Id (SPI1_TX) currently not set
2026-03-30 22:04:59,279 [INFO] ImportTextPane:234 - (OptionalMessage_ERROR) IP (DMA) : Parameter (MemDataAlignment) has Id (SPI1_TX) currently not set
2026-03-30 22:04:59,279 [INFO] ImportTextPane:234 - (OptionalMessage_ERROR) IP (DMA) : Parameter (Mode) has Id (SPI1_TX) currently not set
2026-03-30 22:04:59,279 [INFO] ImportTextPane:234 - (OptionalMessage_ERROR) IP (DMA) : Parameter (Priority) has Id (SPI1_TX) currently not set
2026-03-30 22:04:59,279 [INFO] ImportTextPane:234 - (OptionalMessage_ERROR) IP (DMA) : Parameter (SignalID) has Id (SPI1_TX) currently not set
2026-03-30 22:04:59,279 [INFO] ImportTextPane:234 - (OptionalMessage_ERROR) IP (DMA) : Parameter (Polarity) has Id (SPI1_TX) currently not set
2026-03-30 22:04:59,279 [INFO] ImportTextPane:234 - (OptionalMessage_ERROR) IP (DMA) : Parameter (RequestNumber) has Id (SPI1_TX) currently not set
2026-03-30 22:04:59,279 [INFO] ImportTextPane:234 - (OptionalMessage_ERROR) IP (DMA) : Parameter (SyncSignalID) has Id (SPI1_TX) currently not set
2026-03-30 22:04:59,279 [INFO] ImportTextPane:234 - (OptionalMessage_ERROR) IP (DMA) : Parameter (SyncPolarity) has Id (SPI1_TX) currently not set
2026-03-30 22:04:59,279 [INFO] ImportTextPane:234 - (OptionalMessage_ERROR) IP (DMA) : Parameter (SyncEnable) has Id (SPI1_TX) currently not set
2026-03-30 22:04:59,280 [INFO] ImportTextPane:234 - (OptionalMessage_ERROR) IP (DMA) : Parameter (EventEnable) has Id (SPI1_TX) currently not set
2026-03-30 22:04:59,280 [INFO] ImportTextPane:234 - (OptionalMessage_ERROR) IP (DMA) : Parameter (SyncRequestNumber) has Id (SPI1_TX) currently not set
2026-03-30 22:04:59,280 [INFO] ImportTextPane:234 - (OptionalMessage_ERROR) IP (DMA) : Parameter (Instance) has Id (SPI2_RX) currently not set
2026-03-30 22:04:59,280 [INFO] ImportTextPane:234 - (OptionalMessage_ERROR) IP (DMA) : Parameter (Request) has Id (SPI2_RX) currently not set
2026-03-30 22:04:59,280 [INFO] ImportTextPane:234 - (OptionalMessage_ERROR) IP (DMA) : Parameter (Direction) has Id (SPI2_RX) currently not set
2026-03-30 22:04:59,280 [INFO] ImportTextPane:234 - (OptionalMessage_ERROR) IP (DMA) : Parameter (PeriphInc) has Id (SPI2_RX) currently not set
2026-03-30 22:04:59,280 [INFO] ImportTextPane:234 - (OptionalMessage_ERROR) IP (DMA) : Parameter (MemInc) has Id (SPI2_RX) currently not set
2026-03-30 22:04:59,280 [INFO] ImportTextPane:234 - (OptionalMessage_ERROR) IP (DMA) : Parameter (PeriphDataAlignment) has Id (SPI2_RX) currently not set
2026-03-30 22:04:59,280 [INFO] ImportTextPane:234 - (OptionalMessage_ERROR) IP (DMA) : Parameter (MemDataAlignment) has Id (SPI2_RX) currently not set
2026-03-30 22:04:59,280 [INFO] ImportTextPane:234 - (OptionalMessage_ERROR) IP (DMA) : Parameter (Mode) has Id (SPI2_RX) currently not set
2026-03-30 22:04:59,280 [INFO] ImportTextPane:234 - (OptionalMessage_ERROR) IP (DMA) : Parameter (Priority) has Id (SPI2_RX) currently not set
2026-03-30 22:04:59,280 [INFO] ImportTextPane:234 - (OptionalMessage_ERROR) IP (DMA) : Parameter (SignalID) has Id (SPI2_RX) currently not set
2026-03-30 22:04:59,280 [INFO] ImportTextPane:234 - (OptionalMessage_ERROR) IP (DMA) : Parameter (Polarity) has Id (SPI2_RX) currently not set
2026-03-30 22:04:59,280 [INFO] ImportTextPane:234 - (OptionalMessage_ERROR) IP (DMA) : Parameter (RequestNumber) has Id (SPI2_RX) currently not set
2026-03-30 22:04:59,280 [INFO] ImportTextPane:234 - (OptionalMessage_ERROR) IP (DMA) : Parameter (SyncSignalID) has Id (SPI2_RX) currently not set
2026-03-30 22:04:59,280 [INFO] ImportTextPane:234 - (OptionalMessage_ERROR) IP (DMA) : Parameter (SyncPolarity) has Id (SPI2_RX) currently not set
2026-03-30 22:04:59,280 [INFO] ImportTextPane:234 - (OptionalMessage_ERROR) IP (DMA) : Parameter (SyncEnable) has Id (SPI2_RX) currently not set
2026-03-30 22:04:59,280 [INFO] ImportTextPane:234 - (OptionalMessage_ERROR) IP (DMA) : Parameter (EventEnable) has Id (SPI2_RX) currently not set
2026-03-30 22:04:59,280 [INFO] ImportTextPane:234 - (OptionalMessage_ERROR) IP (DMA) : Parameter (SyncRequestNumber) has Id (SPI2_RX) currently not set
2026-03-30 22:04:59,281 [INFO] ImportTextPane:234 - (OptionalMessage_ERROR) IP (DMA) : Parameter (Instance) has Id (SPI2_TX) currently not set
2026-03-30 22:04:59,281 [INFO] ImportTextPane:234 - (OptionalMessage_ERROR) IP (DMA) : Parameter (Request) has Id (SPI2_TX) currently not set
2026-03-30 22:04:59,281 [INFO] ImportTextPane:234 - (OptionalMessage_ERROR) IP (DMA) : Parameter (Direction) has Id (SPI2_TX) currently not set
2026-03-30 22:04:59,281 [INFO] ImportTextPane:234 - (OptionalMessage_ERROR) IP (DMA) : Parameter (PeriphInc) has Id (SPI2_TX) currently not set
2026-03-30 22:04:59,281 [INFO] ImportTextPane:234 - (OptionalMessage_ERROR) IP (DMA) : Parameter (MemInc) has Id (SPI2_TX) currently not set
2026-03-30 22:04:59,281 [INFO] ImportTextPane:234 - (OptionalMessage_ERROR) IP (DMA) : Parameter (PeriphDataAlignment) has Id (SPI2_TX) currently not set
2026-03-30 22:04:59,281 [INFO] ImportTextPane:234 - (OptionalMessage_ERROR) IP (DMA) : Parameter (MemDataAlignment) has Id (SPI2_TX) currently not set
2026-03-30 22:04:59,281 [INFO] ImportTextPane:234 - (OptionalMessage_ERROR) IP (DMA) : Parameter (Mode) has Id (SPI2_TX) currently not set
2026-03-30 22:04:59,281 [INFO] ImportTextPane:234 - (OptionalMessage_ERROR) IP (DMA) : Parameter (Priority) has Id (SPI2_TX) currently not set
2026-03-30 22:04:59,281 [INFO] ImportTextPane:234 - (OptionalMessage_ERROR) IP (DMA) : Parameter (SignalID) has Id (SPI2_TX) currently not set
2026-03-30 22:04:59,281 [INFO] ImportTextPane:234 - (OptionalMessage_ERROR) IP (DMA) : Parameter (Polarity) has Id (SPI2_TX) currently not set
2026-03-30 22:04:59,281 [INFO] ImportTextPane:234 - (OptionalMessage_ERROR) IP (DMA) : Parameter (RequestNumber) has Id (SPI2_TX) currently not set
2026-03-30 22:04:59,281 [INFO] ImportTextPane:234 - (OptionalMessage_ERROR) IP (DMA) : Parameter (SyncSignalID) has Id (SPI2_TX) currently not set
2026-03-30 22:04:59,281 [INFO] ImportTextPane:234 - (OptionalMessage_ERROR) IP (DMA) : Parameter (SyncPolarity) has Id (SPI2_TX) currently not set
2026-03-30 22:04:59,281 [INFO] ImportTextPane:234 - (OptionalMessage_ERROR) IP (DMA) : Parameter (SyncEnable) has Id (SPI2_TX) currently not set
2026-03-30 22:04:59,281 [INFO] ImportTextPane:234 - (OptionalMessage_ERROR) IP (DMA) : Parameter (EventEnable) has Id (SPI2_TX) currently not set
2026-03-30 22:04:59,281 [INFO] ImportTextPane:234 - (OptionalMessage_ERROR) IP (DMA) : Parameter (SyncRequestNumber) has Id (SPI2_TX) currently not set
2026-03-30 22:04:59,281 [INFO] ImportTextPane:234 - (OptionalMessage_ERROR) IP (DMA) : Parameter (Instance) has Id (I2C2_TX) currently not set
2026-03-30 22:04:59,282 [INFO] ImportTextPane:234 - (OptionalMessage_ERROR) IP (DMA) : Parameter (Request) has Id (I2C2_TX) currently not set
2026-03-30 22:04:59,282 [INFO] ImportTextPane:234 - (OptionalMessage_ERROR) IP (DMA) : Parameter (Direction) has Id (I2C2_TX) currently not set
2026-03-30 22:04:59,282 [INFO] ImportTextPane:234 - (OptionalMessage_ERROR) IP (DMA) : Parameter (PeriphInc) has Id (I2C2_TX) currently not set
2026-03-30 22:04:59,282 [INFO] ImportTextPane:234 - (OptionalMessage_ERROR) IP (DMA) : Parameter (MemInc) has Id (I2C2_TX) currently not set
2026-03-30 22:04:59,282 [INFO] ImportTextPane:234 - (OptionalMessage_ERROR) IP (DMA) : Parameter (PeriphDataAlignment) has Id (I2C2_TX) currently not set
2026-03-30 22:04:59,282 [INFO] ImportTextPane:234 - (OptionalMessage_ERROR) IP (DMA) : Parameter (MemDataAlignment) has Id (I2C2_TX) currently not set
2026-03-30 22:04:59,282 [INFO] ImportTextPane:234 - (OptionalMessage_ERROR) IP (DMA) : Parameter (Mode) has Id (I2C2_TX) currently not set
2026-03-30 22:04:59,282 [INFO] ImportTextPane:234 - (OptionalMessage_ERROR) IP (DMA) : Parameter (Priority) has Id (I2C2_TX) currently not set
2026-03-30 22:04:59,282 [INFO] ImportTextPane:234 - (OptionalMessage_ERROR) IP (DMA) : Parameter (SignalID) has Id (I2C2_TX) currently not set
2026-03-30 22:04:59,282 [INFO] ImportTextPane:234 - (OptionalMessage_ERROR) IP (DMA) : Parameter (Polarity) has Id (I2C2_TX) currently not set
2026-03-30 22:04:59,282 [INFO] ImportTextPane:234 - (OptionalMessage_ERROR) IP (DMA) : Parameter (RequestNumber) has Id (I2C2_TX) currently not set
2026-03-30 22:04:59,282 [INFO] ImportTextPane:234 - (OptionalMessage_ERROR) IP (DMA) : Parameter (SyncSignalID) has Id (I2C2_TX) currently not set
2026-03-30 22:04:59,282 [INFO] ImportTextPane:234 - (OptionalMessage_ERROR) IP (DMA) : Parameter (SyncPolarity) has Id (I2C2_TX) currently not set
2026-03-30 22:04:59,282 [INFO] ImportTextPane:234 - (OptionalMessage_ERROR) IP (DMA) : Parameter (SyncEnable) has Id (I2C2_TX) currently not set
2026-03-30 22:04:59,282 [INFO] ImportTextPane:234 - (OptionalMessage_ERROR) IP (DMA) : Parameter (EventEnable) has Id (I2C2_TX) currently not set
2026-03-30 22:04:59,282 [INFO] ImportTextPane:234 - (OptionalMessage_ERROR) IP (DMA) : Parameter (SyncRequestNumber) has Id (I2C2_TX) currently not set
2026-03-30 22:04:59,283 [INFO] ImportTextPane:234 - (OptionalMessage_ERROR) IP (DMA) : Parameter (Instance) has Id (I2C2_RX) currently not set
2026-03-30 22:04:59,283 [INFO] ImportTextPane:234 - (OptionalMessage_ERROR) IP (DMA) : Parameter (Request) has Id (I2C2_RX) currently not set
2026-03-30 22:04:59,283 [INFO] ImportTextPane:234 - (OptionalMessage_ERROR) IP (DMA) : Parameter (Direction) has Id (I2C2_RX) currently not set
2026-03-30 22:04:59,283 [INFO] ImportTextPane:234 - (OptionalMessage_ERROR) IP (DMA) : Parameter (PeriphInc) has Id (I2C2_RX) currently not set
2026-03-30 22:04:59,283 [INFO] ImportTextPane:234 - (OptionalMessage_ERROR) IP (DMA) : Parameter (MemInc) has Id (I2C2_RX) currently not set
2026-03-30 22:04:59,283 [INFO] ImportTextPane:234 - (OptionalMessage_ERROR) IP (DMA) : Parameter (PeriphDataAlignment) has Id (I2C2_RX) currently not set
2026-03-30 22:04:59,283 [INFO] ImportTextPane:234 - (OptionalMessage_ERROR) IP (DMA) : Parameter (MemDataAlignment) has Id (I2C2_RX) currently not set
2026-03-30 22:04:59,283 [INFO] ImportTextPane:234 - (OptionalMessage_ERROR) IP (DMA) : Parameter (Mode) has Id (I2C2_RX) currently not set
2026-03-30 22:04:59,283 [INFO] ImportTextPane:234 - (OptionalMessage_ERROR) IP (DMA) : Parameter (Priority) has Id (I2C2_RX) currently not set
2026-03-30 22:04:59,283 [INFO] ImportTextPane:234 - (OptionalMessage_ERROR) IP (DMA) : Parameter (SignalID) has Id (I2C2_RX) currently not set
2026-03-30 22:04:59,284 [INFO] ImportTextPane:234 - (OptionalMessage_ERROR) IP (DMA) : Parameter (Polarity) has Id (I2C2_RX) currently not set
2026-03-30 22:04:59,284 [INFO] ImportTextPane:234 - (OptionalMessage_ERROR) IP (DMA) : Parameter (RequestNumber) has Id (I2C2_RX) currently not set
2026-03-30 22:04:59,284 [INFO] ImportTextPane:234 - (OptionalMessage_ERROR) IP (DMA) : Parameter (SyncSignalID) has Id (I2C2_RX) currently not set
2026-03-30 22:04:59,284 [INFO] ImportTextPane:234 - (OptionalMessage_ERROR) IP (DMA) : Parameter (SyncPolarity) has Id (I2C2_RX) currently not set
2026-03-30 22:04:59,285 [INFO] ImportTextPane:234 - (OptionalMessage_ERROR) IP (DMA) : Parameter (SyncEnable) has Id (I2C2_RX) currently not set
2026-03-30 22:04:59,285 [INFO] ImportTextPane:234 - (OptionalMessage_ERROR) IP (DMA) : Parameter (EventEnable) has Id (I2C2_RX) currently not set
2026-03-30 22:04:59,285 [INFO] ImportTextPane:234 - (OptionalMessage_ERROR) IP (DMA) : Parameter (SyncRequestNumber) has Id (I2C2_RX) currently not set
2026-03-30 22:04:59,285 [INFO] ImportTextPane:234 - (OptionalMessage_ERROR) IP (DMA) : Parameter (Instance) has Id (ADC1) currently not set
2026-03-30 22:04:59,285 [INFO] ImportTextPane:234 - (OptionalMessage_ERROR) IP (DMA) : Parameter (Request) has Id (ADC1) currently not set
2026-03-30 22:04:59,285 [INFO] ImportTextPane:234 - (OptionalMessage_ERROR) IP (DMA) : Parameter (Direction) has Id (ADC1) currently not set
2026-03-30 22:04:59,285 [INFO] ImportTextPane:234 - (OptionalMessage_ERROR) IP (DMA) : Parameter (PeriphInc) has Id (ADC1) currently not set
2026-03-30 22:04:59,285 [INFO] ImportTextPane:234 - (OptionalMessage_ERROR) IP (DMA) : Parameter (MemInc) has Id (ADC1) currently not set
2026-03-30 22:04:59,285 [INFO] ImportTextPane:234 - (OptionalMessage_ERROR) IP (DMA) : Parameter (PeriphDataAlignment) has Id (ADC1) currently not set
2026-03-30 22:04:59,285 [INFO] ImportTextPane:234 - (OptionalMessage_ERROR) IP (DMA) : Parameter (MemDataAlignment) has Id (ADC1) currently not set
2026-03-30 22:04:59,285 [INFO] ImportTextPane:234 - (OptionalMessage_ERROR) IP (DMA) : Parameter (Mode) has Id (ADC1) currently not set
2026-03-30 22:04:59,285 [INFO] ImportTextPane:234 - (OptionalMessage_ERROR) IP (DMA) : Parameter (Priority) has Id (ADC1) currently not set
2026-03-30 22:04:59,285 [INFO] ImportTextPane:234 - (OptionalMessage_ERROR) IP (DMA) : Parameter (SignalID) has Id (ADC1) currently not set
2026-03-30 22:04:59,285 [INFO] ImportTextPane:234 - (OptionalMessage_ERROR) IP (DMA) : Parameter (Polarity) has Id (ADC1) currently not set
2026-03-30 22:04:59,285 [INFO] ImportTextPane:234 - (OptionalMessage_ERROR) IP (DMA) : Parameter (RequestNumber) has Id (ADC1) currently not set
2026-03-30 22:04:59,286 [INFO] ImportTextPane:234 - (OptionalMessage_ERROR) IP (DMA) : Parameter (SyncSignalID) has Id (ADC1) currently not set
2026-03-30 22:04:59,286 [INFO] ImportTextPane:234 - (OptionalMessage_ERROR) IP (DMA) : Parameter (SyncPolarity) has Id (ADC1) currently not set
2026-03-30 22:04:59,286 [INFO] ImportTextPane:234 - (OptionalMessage_ERROR) IP (DMA) : Parameter (SyncEnable) has Id (ADC1) currently not set
2026-03-30 22:04:59,286 [INFO] ImportTextPane:234 - (OptionalMessage_ERROR) IP (DMA) : Parameter (EventEnable) has Id (ADC1) currently not set
2026-03-30 22:04:59,286 [INFO] ImportTextPane:234 - (OptionalMessage_ERROR) IP (DMA) : Parameter (SyncRequestNumber) has Id (ADC1) currently not set
2026-03-30 22:04:59,286 [INFO] ImportTextPane:234 - (OptionalMessage_ERROR) IP (DMA) : Parameter (Instance) has Id (USART2_TX) currently not set
2026-03-30 22:04:59,286 [INFO] ImportTextPane:234 - (OptionalMessage_ERROR) IP (DMA) : Parameter (Request) has Id (USART2_TX) currently not set
2026-03-30 22:04:59,286 [INFO] ImportTextPane:234 - (OptionalMessage_ERROR) IP (DMA) : Parameter (Direction) has Id (USART2_TX) currently not set
2026-03-30 22:04:59,286 [INFO] ImportTextPane:234 - (OptionalMessage_ERROR) IP (DMA) : Parameter (PeriphInc) has Id (USART2_TX) currently not set
2026-03-30 22:04:59,286 [INFO] ImportTextPane:234 - (OptionalMessage_ERROR) IP (DMA) : Parameter (MemInc) has Id (USART2_TX) currently not set
2026-03-30 22:04:59,286 [INFO] ImportTextPane:234 - (OptionalMessage_ERROR) IP (DMA) : Parameter (PeriphDataAlignment) has Id (USART2_TX) currently not set
2026-03-30 22:04:59,286 [INFO] ImportTextPane:234 - (OptionalMessage_ERROR) IP (DMA) : Parameter (MemDataAlignment) has Id (USART2_TX) currently not set
2026-03-30 22:04:59,286 [INFO] ImportTextPane:234 - (OptionalMessage_ERROR) IP (DMA) : Parameter (Mode) has Id (USART2_TX) currently not set
2026-03-30 22:04:59,286 [INFO] ImportTextPane:234 - (OptionalMessage_ERROR) IP (DMA) : Parameter (Priority) has Id (USART2_TX) currently not set
2026-03-30 22:04:59,286 [INFO] ImportTextPane:234 - (OptionalMessage_ERROR) IP (DMA) : Parameter (SignalID) has Id (USART2_TX) currently not set
2026-03-30 22:04:59,286 [INFO] ImportTextPane:234 - (OptionalMessage_ERROR) IP (DMA) : Parameter (Polarity) has Id (USART2_TX) currently not set
2026-03-30 22:04:59,287 [INFO] ImportTextPane:234 - (OptionalMessage_ERROR) IP (DMA) : Parameter (RequestNumber) has Id (USART2_TX) currently not set
2026-03-30 22:04:59,287 [INFO] ImportTextPane:234 - (OptionalMessage_ERROR) IP (DMA) : Parameter (SyncSignalID) has Id (USART2_TX) currently not set
2026-03-30 22:04:59,287 [INFO] ImportTextPane:234 - (OptionalMessage_ERROR) IP (DMA) : Parameter (SyncPolarity) has Id (USART2_TX) currently not set
2026-03-30 22:04:59,287 [INFO] ImportTextPane:234 - (OptionalMessage_ERROR) IP (DMA) : Parameter (SyncEnable) has Id (USART2_TX) currently not set
2026-03-30 22:04:59,287 [INFO] ImportTextPane:234 - (OptionalMessage_ERROR) IP (DMA) : Parameter (EventEnable) has Id (USART2_TX) currently not set
2026-03-30 22:04:59,287 [INFO] ImportTextPane:234 - (OptionalMessage_ERROR) IP (DMA) : Parameter (SyncRequestNumber) has Id (USART2_TX) currently not set
2026-03-30 22:04:59,287 [INFO] ImportTextPane:234 - (OptionalMessage_ERROR) IP (DMA) : Parameter (Instance) has Id (USART2_RX) currently not set
2026-03-30 22:04:59,287 [INFO] ImportTextPane:234 - (OptionalMessage_ERROR) IP (DMA) : Parameter (Request) has Id (USART2_RX) currently not set
2026-03-30 22:04:59,287 [INFO] ImportTextPane:234 - (OptionalMessage_ERROR) IP (DMA) : Parameter (Direction) has Id (USART2_RX) currently not set
2026-03-30 22:04:59,287 [INFO] ImportTextPane:234 - (OptionalMessage_ERROR) IP (DMA) : Parameter (PeriphInc) has Id (USART2_RX) currently not set
2026-03-30 22:04:59,287 [INFO] ImportTextPane:234 - (OptionalMessage_ERROR) IP (DMA) : Parameter (MemInc) has Id (USART2_RX) currently not set
2026-03-30 22:04:59,287 [INFO] ImportTextPane:234 - (OptionalMessage_ERROR) IP (DMA) : Parameter (PeriphDataAlignment) has Id (USART2_RX) currently not set
2026-03-30 22:04:59,287 [INFO] ImportTextPane:234 - (OptionalMessage_ERROR) IP (DMA) : Parameter (MemDataAlignment) has Id (USART2_RX) currently not set
2026-03-30 22:04:59,287 [INFO] ImportTextPane:234 - (OptionalMessage_ERROR) IP (DMA) : Parameter (Mode) has Id (USART2_RX) currently not set
2026-03-30 22:04:59,287 [INFO] ImportTextPane:234 - (OptionalMessage_ERROR) IP (DMA) : Parameter (Priority) has Id (USART2_RX) currently not set
2026-03-30 22:04:59,287 [INFO] ImportTextPane:234 - (OptionalMessage_ERROR) IP (DMA) : Parameter (SignalID) has Id (USART2_RX) currently not set
2026-03-30 22:04:59,288 [INFO] ImportTextPane:234 - (OptionalMessage_ERROR) IP (DMA) : Parameter (Polarity) has Id (USART2_RX) currently not set
2026-03-30 22:04:59,288 [INFO] ImportTextPane:234 - (OptionalMessage_ERROR) IP (DMA) : Parameter (RequestNumber) has Id (USART2_RX) currently not set
2026-03-30 22:04:59,288 [INFO] ImportTextPane:234 - (OptionalMessage_ERROR) IP (DMA) : Parameter (SyncSignalID) has Id (USART2_RX) currently not set
2026-03-30 22:04:59,288 [INFO] ImportTextPane:234 - (OptionalMessage_ERROR) IP (DMA) : Parameter (SyncPolarity) has Id (USART2_RX) currently not set
2026-03-30 22:04:59,288 [INFO] ImportTextPane:234 - (OptionalMessage_ERROR) IP (DMA) : Parameter (SyncEnable) has Id (USART2_RX) currently not set
2026-03-30 22:04:59,288 [INFO] ImportTextPane:234 - (OptionalMessage_ERROR) IP (DMA) : Parameter (EventEnable) has Id (USART2_RX) currently not set
2026-03-30 22:04:59,288 [INFO] ImportTextPane:234 - (OptionalMessage_ERROR) IP (DMA) : Parameter (SyncRequestNumber) has Id (USART2_RX) currently not set
2026-03-30 22:04:59,296 [WARN] IP:2250 - TX_NO_TIMER not found: check if there is a RefParameter without a condition.
2026-03-30 22:04:59,296 [WARN] IP:2250 - ALIGN_TYPE_VAL not found: check if there is a RefParameter without a condition.
2026-03-30 22:04:59,296 [WARN] IP:2250 - TX_BASEPRI_VALUE not found: check if there is a RefParameter without a condition.
2026-03-30 22:04:59,296 [WARN] IP:2250 - TX_APP_THREAD_ENTRY not found: check if there is a RefParameter without a condition.
2026-03-30 22:04:59,296 [WARN] IP:2250 - TX_APP_THREAD_NAME not found: check if there is a RefParameter without a condition.
2026-03-30 22:04:59,296 [WARN] IP:2250 - TX_APP_THREAD_PRIO not found: check if there is a RefParameter without a condition.
2026-03-30 22:04:59,296 [WARN] IP:2250 - TX_APP_STACK_SIZE not found: check if there is a RefParameter without a condition.
2026-03-30 22:04:59,296 [WARN] IP:2250 - TX_SEMAPHORE_NAME not found: check if there is a RefParameter without a condition.
2026-03-30 22:04:59,296 [WARN] IP:2250 - TX_SEMAPHORE_COUNT not found: check if there is a RefParameter without a condition.
2026-03-30 22:04:59,297 [WARN] IP:2250 - TX_MUTEX_NAME not found: check if there is a RefParameter without a condition.
2026-03-30 22:04:59,297 [WARN] IP:2250 - TX_Mutex_INHERITANCE not found: check if there is a RefParameter without a condition.
2026-03-30 22:04:59,297 [WARN] IP:2250 - TX_MSG_QUEUE_NAME not found: check if there is a RefParameter without a condition.
2026-03-30 22:04:59,297 [WARN] IP:2250 - TX_MSG_SIZE_WORDS not found: check if there is a RefParameter without a condition.
2026-03-30 22:04:59,297 [WARN] IP:2250 - TX_NB_MSG not found: check if there is a RefParameter without a condition.
2026-03-30 22:05:00,192 [INFO] ApiDb:581 - Connected to CubeFinder SQLite database (C:\Users\kujon\.stmcufinder\plugins\mcufinder\mcu\cube-finder-db.db)
2026-03-30 22:05:00,330 [INFO] ApiDb:668 - CubeFinder database Data Model version=2.1
2026-03-30 22:05:00,331 [INFO] ApiDb:669 - CubeFinder database Configuration version=3.0.42
2026-03-30 22:05:00,331 [INFO] ApiDb:670 - CubeFinder database generation date=2026-03-11 (1773229989)
2026-03-30 22:05:00,331 [INFO] ApiDb:671 - CubeFinder database FW Pack versions=[FP-ATR-ASTRA1_V2.0.0, FP-SNS-FLIGHT1_V5.1.0, FP-SNS-MOTENV1_V5.1.0, FP-SNS-MOTENVWB1_V1.5.0, FP-SNS-SMARTAG2_V1.2.0, FP-SNS-STBOX1_V2.1.0, STM32Cube_FW_C0_V1.4.0, STM32Cube_FW_F4_V1.28.3, STM32Cube_FW_F7_V1.17.4, STM32Cube_FW_G0_V1.6.3, STM32Cube_FW_G4_V1.6.2, STM32Cube_FW_H5_V1.6.0, STM32Cube_FW_H7RS_V1.3.0, STM32Cube_FW_H7_V1.13.0, STM32Cube_FW_L0_V1.12.2, STM32Cube_FW_L4_V1.18.2, STM32Cube_FW_L5_V1.6.0, STM32Cube_FW_N6_V1.3.0, STM32Cube_FW_U0_V1.3.0, STM32Cube_FW_U3_V1.3.0, STM32Cube_FW_U5_V1.8.0, STM32Cube_FW_WB0_V1.4.0, STM32Cube_FW_WBA_V1.9.0, STM32Cube_FW_WB_V1.24.0, STM32Cube_FW_WL3_V1.4.0, STM32Cube_FW_WL_V1.5.0, X-CUBE-ALGOBUILD_V1.4.0, X-CUBE-ALS_V1.0.2, X-CUBE-AZRTOS-F4_V1.1.0, X-CUBE-AZRTOS-F7_V1.1.0, X-CUBE-AZRTOS-G0_V1.1.0, X-CUBE-AZRTOS-G4_V2.0.0, X-CUBE-AZRTOS-H7RS_V1.1.0, X-CUBE-AZRTOS-H7_V3.4.0, X-CUBE-AZRTOS-L4_V2.0.0, X-CUBE-AZRTOS-L5_V2.0.0, X-CUBE-AZRTOS-WB_V2.0.0, X-CUBE-AZRTOS-WL_V2.0.0, X-CUBE-BLE1_V7.1.0, X-CUBE-BLE2_V3.3.0, X-CUBE-BLEMGR_V4.1.0, X-CUBE-EEPRMA1_V5.2.0, X-CUBE-FREERTOS_V1.5.0, X-CUBE-GNSS1_V6.0.0, X-CUBE-MEMS1_V12.0.0, X-CUBE-NFC4_V3.0.0, X-CUBE-NFC7_V2.0.0, X-CUBE-SFXS2LP1_V4.0.0, X-CUBE-ST67W61_V1.2.0, X-CUBE-SUBG2_V5.0.0, X-CUBE-TOF1_V3.4.3]
2026-03-30 22:05:00,477 [INFO] DbBoardsSqlite:226 - include board P-NUCLEO-WB55-NUCLEO as a kit item of type 'Nucleo-64'
2026-03-30 22:05:00,478 [INFO] DbBoardsSqlite:226 - include board P-NUCLEO-WB55-USBDONGLE as a kit item of type 'Nucleo USB Dongle'
2026-03-30 22:05:00,478 [INFO] DbBoardsSqlite:226 - include board STEVAL-IDP005V1 as a kit item of type 'Evaluation Board'
2026-03-30 22:05:00,479 [INFO] DbBoardsSqlite:226 - include board STEVAL-IDP005V2 as a kit item of type 'Evaluation Board'
2026-03-30 22:05:00,957 [INFO] ApiDb:240 - Found 880 in-development CPN: [B-G473E-ZEST1S, B-WB1M-WPAN1, B-WBA5M-WPAN, B-WL5M-SUBG1, NUCLEO-C031C6, NUCLEO-C051C8, NUCLEO-C071RB, NUCLEO-C092RC, NUCLEO-H503RB, NUCLEO-H533RE, NUCLEO-H563ZI, NUCLEO-H7S3L8, NUCLEO-N657X0-Q, NUCLEO-U031R8, NUCLEO-U083RC, NUCLEO-U385RG-Q, NUCLEO-U545RE-Q, NUCLEO-U5A5ZJ-Q, NUCLEO-WB05KZ, NUCLEO-WB07CC, NUCLEO-WB09KE, NUCLEO-WBA52CG, NUCLEO-WBA55CG, NUCLEO-WL33CC1, NUCLEO-WL33CC2, STEVAL-PROTEUS1, STEVAL-SMARTAG2, STEVAL-STWINBX1, STM320518-EVAL, STM32C0116-DK, STM32C011D6Y3TR, STM32C011D6Y6TR, STM32C011F4P3, STM32C011F4P6, STM32C011F4U3, STM32C011F4U6TR, STM32C011F6P3, STM32C011F6P6, STM32C011F6U3, STM32C011F6U6TR, STM32C011J4M3, STM32C011J4M6, STM32C011J6M3, STM32C011J6M6, STM32C0316-DK, STM32C031C4T3, STM32C031C4T6, STM32C031C4U3, STM32C031C4U6, STM32C031C6T3, STM32C031C6T6, STM32C031C6U3, STM32C031C6U6, STM32C031F4P3, STM32C031F4P6, STM32C031F6P3, STM32C031F6P6, STM32C031G4U3, STM32C031G4U6, STM32C031G6U3, STM32C031G6U6, STM32C031K4T3, STM32C031K4T6, STM32C031K4U3, STM32C031K4U6, STM32C031K6T3, STM32C031K6T6, STM32C031K6U3, STM32C031K6U6, STM32C051C6T6, STM32C051C6U6, STM32C051C8T6, STM32C051C8U6, STM32C051D8Y6TR, STM32C051F6P6, STM32C051F8P6, STM32C051G6U6, STM32C051G8U6, STM32C051K6T6, STM32C051K6U6, STM32C051K8T6, STM32C071C8T6, STM32C071C8T6N, STM32C071C8U6, STM32C071C8U6N, STM32C071CBT6, STM32C071CBT6N, STM32C071CBU6, STM32C071CBU6N, STM32C071F8P6, STM32C071F8P6N, STM32C071FBP6, STM32C071FBP6N, STM32C071FBY6TR, STM32C071G8U6, STM32C071G8U6N, STM32C071GBU6, STM32C071GBU6N, STM32C071K8T6, STM32C071K8T6N, STM32C071K8U6, STM32C071K8U6N, STM32C071KBT6, STM32C071KBT6N, STM32C071KBU6, STM32C071KBU6N, STM32C071R8T6, STM32C071R8T6N, STM32C071RBI6N, STM32C071RBT6, STM32C071RBT6N, STM32C091CBT6, STM32C091CBU6, STM32C091CCT6, STM32C091CCU6, STM32C091ECY6TR, STM32C091FBP6, STM32C091FCP6, STM32C091GBU6, STM32C091GCU6, STM32C091KBT6, STM32C091KBU6, STM32C091KCT6, STM32C091KCU6, STM32C091RBT6, STM32C091RCI6, STM32C091RCT6, STM32C092CBT6, STM32C092CBU6, STM32C092CCT6, STM32C092CCU6, STM32C092ECY6TR, STM32C092FBP6, STM32C092FCP6, STM32C092GBU6, STM32C092GCU6, STM32C092KBT6, STM32C092KBU6, STM32C092KCT6, STM32C092KCU6, STM32C092RBT6, STM32C092RCI6, STM32C092RCT6, STM32G071K8TXN, STM32G071K8UXN, STM32G081GBU6N, STM32G081KBT6N, STM32G081KBUXN, STM32G0B1CCT6N, STM32G0B1KCT6, STM32G0B1NEY6TR, STM32G0B1RCT6N, STM32G0C1CCT6, STM32G0C1CCT6N, STM32G0C1CCU6N, STM32G0C1CET6N, STM32G0C1CEU6N, STM32G0C1KCT6, STM32G0C1NEY6TR, STM32G0C1RCI6N, STM32G0C1RCT6N, STM32G0C1REI6N, STM32G0C1RET6N, STM32G0C1VCI6, STM32G0C1VEI6, STM32G411C6T3, STM32G411C6T6, STM32G411C6U3, STM32G411C6U6, STM32G411C8T3, STM32G411C8T6, STM32G411C8U3, STM32G411C8U6, STM32G411CBT3, STM32G411CBT6, STM32G411CBU3, STM32G411CBU6, STM32G411K6T3, STM32G411K6T6, STM32G411K6U3, STM32G411K6U6, STM32G411K8T3, STM32G411K8T6, STM32G411K8U3, STM32G411K8U6, STM32G411KBT3, STM32G411KBT6, STM32G411KBU3, STM32G411KBU6, STM32G411M6T3, STM32G411M6T6, STM32G411M8T3, STM32G411M8T6, STM32G411MBT3, STM32G411MBT6, STM32G411R6T3, STM32G411R6T6, STM32G411R8T3, STM32G411R8T6, STM32G411RBT3, STM32G411RBT6, STM32G414CBT3, STM32G414CBT6, STM32G414CBU3, STM32G414CBU6, STM32G414CCT3, STM32G414CCT6, STM32G414CCU3, STM32G414CCU6, STM32G414MBT3, STM32G414MBT6, STM32G414MCT3, STM32G414MCT6, STM32G414RBT3, STM32G414RBT6, STM32G414RCT3, STM32G414RCT6, STM32G414VBT3, STM32G414VBT6, STM32G414VCT3, STM32G414VCT6, STM32G431CBT3Z, STM32G431RBT3Z, STM32G471CCT6, STM32G471CCU6, STM32G471CET3, STM32G471CET6, STM32G471CEU3, STM32G471CEU6, STM32G471MCT6, STM32G471MET3, STM32G471MET6, STM32G471MEY6TR, STM32G471QCT6, STM32G471QET3, STM32G471RCT6, STM32G471RET3, STM32G471RET6, STM32G471VCH6, STM32G471VCI6, STM32G471VCT6, STM32G471VEH3, STM32G471VEH6, STM32G471VEI3, STM32G471VEI6, STM32G471VET3, STM32G471VET6, STM32G473QET3Z, STM32G473RET3Z, STM32G474CCT6, STM32G491RET3Z, STM32H503CBT6, STM32H503CBU6, STM32H503EBY6TR, STM32H503KBU6, STM32H503RBT6, STM32H523CCT6, STM32H523CCU6, STM32H523CET6, STM32H523CEU6, STM32H523HEY6TR, STM32H523RCT6, STM32H523RET6, STM32H523VCI6, STM32H523VCT6, STM32H523VEI6, STM32H523VET6, STM32H523ZCJ6, STM32H523ZCT6, STM32H523ZEJ6, STM32H523ZET6, STM32H533CET6, STM32H533CEU6, STM32H533HEY6TR, STM32H533RET6, STM32H533VEI6, STM32H533VET6, STM32H533ZEJ6, STM32H533ZET6, STM32H562AGI6, STM32H562AII6, STM32H562IGK6, STM32H562IGT6, STM32H562IIK6, STM32H562IIT6, STM32H562RGT6, STM32H562RGV6, STM32H562RIT6, STM32H562RIV6, STM32H562VGT6, STM32H562VIT6, STM32H562ZGT6, STM32H562ZIT6, STM32H563AGI6, STM32H563AII3Q, STM32H563AII6, STM32H563IGK6, STM32H563IGT6, STM32H563IIK3Q, STM32H563IIK6, STM32H563IIT3Q, STM32H563IIT6, STM32H563MIY3QTR, STM32H563RGT6, STM32H563RGV6, STM32H563RIT6, STM32H563RIV6, STM32H563VGT6, STM32H563VIT3Q, STM32H563VIT6, STM32H563ZGT6, STM32H563ZIT3Q, STM32H563ZIT6, STM32H573AII3Q, STM32H573AII6, STM32H573I-DK, STM32H573IIK3Q, STM32H573IIK6, STM32H573IIT3Q, STM32H573IIT6, STM32H573MIY3QTR, STM32H573RIT6, STM32H573RIV6, STM32H573VIT3Q, STM32H573VIT6, STM32H573ZIT3Q, STM32H573ZIT6, STM32H7R3A8I6, STM32H7R3I8K6, STM32H7R3I8T6, STM32H7R3L8H6, STM32H7R3L8H6H, STM32H7R3R8V6, STM32H7R3V8H6, STM32H7R3V8T6, STM32H7R3V8Y6TR, STM32H7R3Z8J6, STM32H7R3Z8T6, STM32H7R7A8I6, STM32H7R7I8K6, STM32H7R7I8T6, STM32H7R7L8H6, STM32H7R7L8H6H, STM32H7R7Z8J6, STM32H7S3A8I6, STM32H7S3I8K6, STM32H7S3I8T6, STM32H7S3L8H6, STM32H7S3L8H6H, STM32H7S3R8V6, STM32H7S3V8H6, STM32H7S3V8T6, STM32H7S3V8Y6TR, STM32H7S3Z8J6, STM32H7S3Z8T6, STM32H7S78-DK, STM32H7S7A8I6, STM32H7S7I8K6, STM32H7S7I8T6, STM32H7S7L8H6, STM32H7S7L8H6H, STM32H7S7Z8J6, STM32L4R5QGI6STR, STM32MP131AAE3, STM32MP131AAF3, STM32MP131AAG3, STM32MP131CAE3, STM32MP131CAF3, STM32MP131CAG3, STM32MP131DAE7, STM32MP131DAF7, STM32MP131DAG7, STM32MP131FAE7, STM32MP131FAF7, STM32MP131FAG7, STM32MP133AAE3, STM32MP133AAF3, STM32MP133AAG3, STM32MP133CAE3, STM32MP133CAF3, STM32MP133CAG3, STM32MP133DAE7, STM32MP133DAF7, STM32MP133DAG7, STM32MP133FAE7, STM32MP133FAF7, STM32MP133FAG7, STM32MP135AAE3, STM32MP135AAF3, STM32MP135AAG3, STM32MP135CAE3, STM32MP135CAF3, STM32MP135CAG3, STM32MP135DAE7, STM32MP135DAF7, STM32MP135DAG7, STM32MP135F-DK, STM32MP135FAE7, STM32MP135FAF7, STM32MP135FAF7T, STM32MP135FAF7U, STM32MP135FAG7, STM32MP211AAL3, STM32MP211AAM3, STM32MP211AAN3, STM32MP211AAO3, STM32MP211CAL3, STM32MP211CAM3, STM32MP211CAN3, STM32MP211CAO3, STM32MP211DAL3, STM32MP211DAM3, STM32MP211DAN3, STM32MP211DAO3, STM32MP211FAL3, STM32MP211FAM3, STM32MP211FAN3, STM32MP211FAO3, STM32MP213AAL3, STM32MP213AAM3, STM32MP213AAN3, STM32MP213AAO3, STM32MP213CAL3, STM32MP213CAM3, STM32MP213CAN3, STM32MP213CAO3, STM32MP213DAL3, STM32MP213DAM3, STM32MP213DAN3, STM32MP213DAO3, STM32MP213FAL3, STM32MP213FAM3, STM32MP213FAN3, STM32MP213FAO3, STM32MP215AAL3, STM32MP215AAM3, STM32MP215AAN3, STM32MP215AAO3, STM32MP215CAL3, STM32MP215CAM3, STM32MP215CAN3, STM32MP215CAO3, STM32MP215DAL3, STM32MP215DAM3, STM32MP215DAN3, STM32MP215DAO3, STM32MP215F-DK, STM32MP215FAL3, STM32MP215FAM3, STM32MP215FAN3, STM32MP215FAO3, STM32MP231AAJ3, STM32MP231AAK3, STM32MP231AAL3, STM32MP231CAJ3, STM32MP231CAK3, STM32MP231CAL3, STM32MP231DAJ3, STM32MP231DAK3, STM32MP231DAL3, STM32MP231FAJ3, STM32MP231FAK3, STM32MP231FAL3, STM32MP233AAJ3, STM32MP233AAK3, STM32MP233AAL3, STM32MP233CAJ3, STM32MP233CAK3, STM32MP233CAL3, STM32MP233DAJ3, STM32MP233DAK3, STM32MP233DAL3, STM32MP233FAJ3, STM32MP233FAK3, STM32MP233FAL3, STM32MP235AAJ3, STM32MP235AAK3, STM32MP235AAL3, STM32MP235CAJ3, STM32MP235CAK3, STM32MP235CAL3, STM32MP235DAJ3, STM32MP235DAK3, STM32MP235DAL3, STM32MP235FAJ3, STM32MP235FAK3, STM32MP235FAL3, STM32MP251AAI3, STM32MP251AAK3, STM32MP251AAL3, STM32MP251CAI3, STM32MP251CAK3, STM32MP251CAL3, STM32MP251DAI3, STM32MP251DAK3, STM32MP251DAL3, STM32MP251FAI3, STM32MP251FAK3, STM32MP251FAL3, STM32MP253AAI3, STM32MP253AAK3, STM32MP253AAL3, STM32MP253CAI3, STM32MP253CAK3, STM32MP253CAL3, STM32MP253DAI3, STM32MP253DAK3, STM32MP253DAL3, STM32MP253FAI3, STM32MP253FAK3, STM32MP253FAL3, STM32MP255AAI3, STM32MP255AAK3, STM32MP255AAL3, STM32MP255CAI3, STM32MP255CAK3, STM32MP255CAL3, STM32MP255DAI3, STM32MP255DAK3, STM32MP255DAL3, STM32MP255FAI3, STM32MP255FAK3, STM32MP255FAL3, STM32MP257AAI3, STM32MP257AAK3, STM32MP257AAL3, STM32MP257CAI3, STM32MP257CAK3, STM32MP257CAL3, STM32MP257DAI3, STM32MP257DAK3, STM32MP257DAL3, STM32MP257F-DK, STM32MP257F-EV1, STM32MP257FAI3, STM32MP257FAK3, STM32MP257FAL3, STM32N645A0H3Q, STM32N645B0H3Q, STM32N645I0H3Q, STM32N645L0H3Q, STM32N645X0H3Q, STM32N645Z0H3Q, STM32N647A0H3Q, STM32N647B0H3Q, STM32N647I0H3Q, STM32N647L0H3Q, STM32N647X0H3Q, STM32N647Z0H3Q, STM32N655A0H3Q, STM32N655B0H3Q, STM32N655I0H3Q, STM32N655L0H3Q, STM32N655X0H3Q, STM32N655Z0H3Q, STM32N6570-DK, STM32N657A0H3Q, STM32N657B0H3Q, STM32N657I0H3Q, STM32N657L0H3Q, STM32N657X0H3Q, STM32N657Z0H3Q, STM32U031C6T6, STM32U031C6U6, STM32U031C8T6, STM32U031C8U6, STM32U031F4P6, STM32U031F6P6, STM32U031F8P6, STM32U031G6Y6TR, STM32U031G8Y6TR, STM32U031K4U6, STM32U031K6U6, STM32U031K8U6, STM32U031R6I6, STM32U031R6T6, STM32U031R8I6, STM32U031R8T6, STM32U073C8T6, STM32U073C8U6, STM32U073CBT6, STM32U073CBU6, STM32U073CCT6, STM32U073CCU6, STM32U073H8Y6TR, STM32U073HBY6TR, STM32U073HCY6TR, STM32U073K8U6, STM32U073KBU6, STM32U073KCU6, STM32U073M8I6, STM32U073M8T6, STM32U073MBI6, STM32U073MBT6, STM32U073MCI6, STM32U073MCT6, STM32U073R8I6, STM32U073R8T6, STM32U073RBI6, STM32U073RBT6, STM32U073RCI6, STM32U073RCT6, STM32U083C-DK, STM32U083CCT6, STM32U083CCU6, STM32U083HCY6TR, STM32U083KCU6, STM32U083MCI6, STM32U083MCT6, STM32U083RCI6, STM32U083RCT6, STM32U375CET6, STM32U375CET6Q, STM32U375CEU6, STM32U375CEU6Q, STM32U375CEY6QTR, STM32U375CGT6, STM32U375CGT6Q, STM32U375CGU6, STM32U375CGU6Q, STM32U375CGY6QTR, STM32U375KEU6, STM32U375KGU6, STM32U375REI6, STM32U375REI6Q, STM32U375RET6, STM32U375RET6Q, STM32U375REY6GTR, STM32U375REY6QTR, STM32U375RGI6, STM32U375RGI6Q, STM32U375RGT6, STM32U375RGT6Q, STM32U375RGY6GTR, STM32U375RGY6QTR, STM32U375VEI6, STM32U375VEI6Q, STM32U375VET6, STM32U375VET6Q, STM32U375VGI6, STM32U375VGI6Q, STM32U375VGT6, STM32U375VGT6Q, STM32U385CGT6, STM32U385CGT6Q, STM32U385CGU6, STM32U385CGU6Q, STM32U385CGY6QTR, STM32U385KGU6, STM32U385RGI6, STM32U385RGI6Q, STM32U385RGT6, STM32U385RGT6Q, STM32U385RGY6GTR, STM32U385RGY6QTR, STM32U385VGI6, STM32U385VGI6Q, STM32U385VGT6, STM32U385VGT6Q, STM32U535CBT6, STM32U535CBT6Q, STM32U535CBU6, STM32U535CBU6Q, STM32U535CCT6, STM32U535CCT6Q, STM32U535CCU6, STM32U535CCU6Q, STM32U535CET6, STM32U535CET6Q, STM32U535CEU6, STM32U535CEU6Q, STM32U535JEY6QTR, STM32U535NCY6QTR, STM32U535NEY6QTR, STM32U535RBI6, STM32U535RBI6Q, STM32U535RBT6, STM32U535RBT6Q, STM32U535RCI6, STM32U535RCI6Q, STM32U535RCT6, STM32U535RCT6Q, STM32U535REI6, STM32U535REI6Q, STM32U535RET6, STM32U535RET6Q, STM32U535VCI6, STM32U535VCI6Q, STM32U535VCT6, STM32U535VCT6Q, STM32U535VEI6, STM32U535VEI6Q, STM32U535VET6, STM32U535VET6Q, STM32U545CET6, STM32U545CET6Q, STM32U545CEU6, STM32U545CEU6Q, STM32U545JEY6QTR, STM32U545NEY6QTR, STM32U545REI6, STM32U545REI6Q, STM32U545RET6, STM32U545RET6Q, STM32U545VEI6, STM32U545VEI6Q, STM32U545VET6, STM32U545VET6Q, STM32U595AIH6, STM32U595AIH6Q, STM32U595AJH6, STM32U595AJH6Q, STM32U595QII6, STM32U595QII6Q, STM32U595QJI6, STM32U595QJI6Q, STM32U595RIT6, STM32U595RIT6Q, STM32U595RJT6, STM32U595RJT6Q, STM32U595VIT6, STM32U595VIT6Q, STM32U595VJT6, STM32U595VJT6Q, STM32U595ZIT6, STM32U595ZIT6Q, STM32U595ZIY6QTR, STM32U595ZJT6, STM32U595ZJT6Q, STM32U595ZJY6QTR, STM32U599BJY6QTR, STM32U599NIH6Q, STM32U599NJH6Q, STM32U599VIT6Q, STM32U599VJT6, STM32U599VJT6Q, STM32U599ZIT6Q, STM32U599ZIY6QTR, STM32U599ZJT6Q, STM32U599ZJY6QTR, STM32U5A5AJH6, STM32U5A5AJH6Q, STM32U5A5QII3Q , STM32U5A5QJI6, STM32U5A5QJI6Q, STM32U5A5RJT6, STM32U5A5RJT6Q, STM32U5A5VJT6, STM32U5A5VJT6Q, STM32U5A5ZJT6, STM32U5A5ZJT6Q, STM32U5A5ZJY6QTR, STM32U5A9BJY6QTR, STM32U5A9J-DK, STM32U5A9NJH6Q, STM32U5A9VJT6Q, STM32U5A9ZJT6Q, STM32U5A9ZJY6QTR, STM32U5F7VIT6, STM32U5F7VIT6Q, STM32U5F7VJT6, STM32U5F7VJT6Q, STM32U5F9BJY6QTR, STM32U5F9NJH6Q, STM32U5F9VIT6Q, STM32U5F9VJT6Q, STM32U5F9ZIJ6QTR, STM32U5F9ZIT6Q, STM32U5F9ZJJ6QTR, STM32U5F9ZJT6Q, STM32U5G7VJT6, STM32U5G7VJT6Q, STM32U5G9BJY6QTR, STM32U5G9J-DK1, STM32U5G9J-DK2, STM32U5G9NJH6Q, STM32U5G9VJT6Q, STM32U5G9ZJJ6QTR, STM32U5G9ZJT6Q, STM32WB05KZV6TR, STM32WB05KZV7TR, STM32WB05TZF6TR, STM32WB05TZF7TR, STM32WB06CCF6TR, STM32WB06CCF7TR, STM32WB06CCV6TR, STM32WB06CCV7TR, STM32WB06KCV6TR, STM32WB06KCV7TR, STM32WB07CCF6TR, STM32WB07CCF7TR, STM32WB07CCV6TR, STM32WB07CCV7TR, STM32WB07KCV6TR, STM32WB07KCV7TR, STM32WB09KEV6TR, STM32WB09KEV7TR, STM32WB09TEF6TR, STM32WB09TEF7TR, STM32WB1MMCH6, STM32WBA50KGU6, STM32WBA50KGU6TR, STM32WBA52CEU6, STM32WBA52CEU6TR, STM32WBA52CEU7, STM32WBA52CEU7TR, STM32WBA52CGU6, STM32WBA52CGU6TR, STM32WBA52CGU6U, STM32WBA52CGU7, STM32WBA52CGU7TR, STM32WBA52KEU6, STM32WBA52KEU6TR, STM32WBA52KGU6, STM32WBA52KGU6TR, STM32WBA54CEU6, STM32WBA54CEU6TR, STM32WBA54CEU7, STM32WBA54CEU7TR, STM32WBA54CGU6, STM32WBA54CGU6TR, STM32WBA54CGU7, STM32WBA54CGU7TR, STM32WBA54KEU6, STM32WBA54KEU6TR, STM32WBA54KEU7, STM32WBA54KEU7TR, STM32WBA54KGU6, STM32WBA54KGU6TR, STM32WBA54KGU7, STM32WBA54KGU7TR, STM32WBA55CEU6, STM32WBA55CEU6TR, STM32WBA55CEU7, STM32WBA55CEU7TR, STM32WBA55CGU6, STM32WBA55CGU6TR, STM32WBA55CGU6U, STM32WBA55CGU7, STM32WBA55CGU7TR, STM32WBA55G-DK1, STM32WBA55HEF6, STM32WBA55HEF7, STM32WBA55HGF6, STM32WBA55HGF7, STM32WBA55UEI6, STM32WBA55UEI6TR, STM32WBA55UEI7, STM32WBA55UEI7TR, STM32WBA55UGI6, STM32WBA55UGI6TR, STM32WBA55UGI7, STM32WBA55UGI7TR, STM32WBA5MMGH6TR, STM32WBA62MGF6, STM32WBA62MIF6, STM32WBA65MGF7, STM32WBA65MIF6, STM32WBA65MIF7, STM32WL30K8V6, STM32WL30KBV6, STM32WL31C8V6, STM32WL31CBV6, STM32WL31K8V6, STM32WL31KBV6, STM32WL33C8V6, STM32WL33C8V6X, STM32WL33CBV6, STM32WL33CBV6X, STM32WL33CCV6, STM32WL33CCV6A, STM32WL33CCV6X, STM32WL33K8V7, STM32WL33K8V7X, STM32WL33KBV7 , STM32WL33KBV7X, STM32WL33KCV7, STM32WL33KCV7X, STM32WL5MOCH6, STM32WL5MOCH6TR]
2026-03-30 22:05:00,961 [INFO] ApiDb:668 - CubeFinder database Data Model version=2.1
2026-03-30 22:05:00,961 [INFO] ApiDb:669 - CubeFinder database Configuration version=3.0.42
2026-03-30 22:05:00,961 [INFO] ApiDb:670 - CubeFinder database generation date=2026-03-11 (1773229989)
2026-03-30 22:05:00,961 [INFO] ApiDb:671 - CubeFinder database FW Pack versions=[FP-ATR-ASTRA1_V2.0.0, FP-SNS-FLIGHT1_V5.1.0, FP-SNS-MOTENV1_V5.1.0, FP-SNS-MOTENVWB1_V1.5.0, FP-SNS-SMARTAG2_V1.2.0, FP-SNS-STBOX1_V2.1.0, STM32Cube_FW_C0_V1.4.0, STM32Cube_FW_F4_V1.28.3, STM32Cube_FW_F7_V1.17.4, STM32Cube_FW_G0_V1.6.3, STM32Cube_FW_G4_V1.6.2, STM32Cube_FW_H5_V1.6.0, STM32Cube_FW_H7RS_V1.3.0, STM32Cube_FW_H7_V1.13.0, STM32Cube_FW_L0_V1.12.2, STM32Cube_FW_L4_V1.18.2, STM32Cube_FW_L5_V1.6.0, STM32Cube_FW_N6_V1.3.0, STM32Cube_FW_U0_V1.3.0, STM32Cube_FW_U3_V1.3.0, STM32Cube_FW_U5_V1.8.0, STM32Cube_FW_WB0_V1.4.0, STM32Cube_FW_WBA_V1.9.0, STM32Cube_FW_WB_V1.24.0, STM32Cube_FW_WL3_V1.4.0, STM32Cube_FW_WL_V1.5.0, X-CUBE-ALGOBUILD_V1.4.0, X-CUBE-ALS_V1.0.2, X-CUBE-AZRTOS-F4_V1.1.0, X-CUBE-AZRTOS-F7_V1.1.0, X-CUBE-AZRTOS-G0_V1.1.0, X-CUBE-AZRTOS-G4_V2.0.0, X-CUBE-AZRTOS-H7RS_V1.1.0, X-CUBE-AZRTOS-H7_V3.4.0, X-CUBE-AZRTOS-L4_V2.0.0, X-CUBE-AZRTOS-L5_V2.0.0, X-CUBE-AZRTOS-WB_V2.0.0, X-CUBE-AZRTOS-WL_V2.0.0, X-CUBE-BLE1_V7.1.0, X-CUBE-BLE2_V3.3.0, X-CUBE-BLEMGR_V4.1.0, X-CUBE-EEPRMA1_V5.2.0, X-CUBE-FREERTOS_V1.5.0, X-CUBE-GNSS1_V6.0.0, X-CUBE-MEMS1_V12.0.0, X-CUBE-NFC4_V3.0.0, X-CUBE-NFC7_V2.0.0, X-CUBE-SFXS2LP1_V4.0.0, X-CUBE-ST67W61_V1.2.0, X-CUBE-SUBG2_V5.0.0, X-CUBE-TOF1_V3.4.3]
2026-03-30 22:05:03,442 [INFO] ApiDb:240 - Found 880 in-development CPN: [B-G473E-ZEST1S, B-WB1M-WPAN1, B-WBA5M-WPAN, B-WL5M-SUBG1, NUCLEO-C031C6, NUCLEO-C051C8, NUCLEO-C071RB, NUCLEO-C092RC, NUCLEO-H503RB, NUCLEO-H533RE, NUCLEO-H563ZI, NUCLEO-H7S3L8, NUCLEO-N657X0-Q, NUCLEO-U031R8, NUCLEO-U083RC, NUCLEO-U385RG-Q, NUCLEO-U545RE-Q, NUCLEO-U5A5ZJ-Q, NUCLEO-WB05KZ, NUCLEO-WB07CC, NUCLEO-WB09KE, NUCLEO-WBA52CG, NUCLEO-WBA55CG, NUCLEO-WL33CC1, NUCLEO-WL33CC2, STEVAL-PROTEUS1, STEVAL-SMARTAG2, STEVAL-STWINBX1, STM320518-EVAL, STM32C0116-DK, STM32C011D6Y3TR, STM32C011D6Y6TR, STM32C011F4P3, STM32C011F4P6, STM32C011F4U3, STM32C011F4U6TR, STM32C011F6P3, STM32C011F6P6, STM32C011F6U3, STM32C011F6U6TR, STM32C011J4M3, STM32C011J4M6, STM32C011J6M3, STM32C011J6M6, STM32C0316-DK, STM32C031C4T3, STM32C031C4T6, STM32C031C4U3, STM32C031C4U6, STM32C031C6T3, STM32C031C6T6, STM32C031C6U3, STM32C031C6U6, STM32C031F4P3, STM32C031F4P6, STM32C031F6P3, STM32C031F6P6, STM32C031G4U3, STM32C031G4U6, STM32C031G6U3, STM32C031G6U6, STM32C031K4T3, STM32C031K4T6, STM32C031K4U3, STM32C031K4U6, STM32C031K6T3, STM32C031K6T6, STM32C031K6U3, STM32C031K6U6, STM32C051C6T6, STM32C051C6U6, STM32C051C8T6, STM32C051C8U6, STM32C051D8Y6TR, STM32C051F6P6, STM32C051F8P6, STM32C051G6U6, STM32C051G8U6, STM32C051K6T6, STM32C051K6U6, STM32C051K8T6, STM32C071C8T6, STM32C071C8T6N, STM32C071C8U6, STM32C071C8U6N, STM32C071CBT6, STM32C071CBT6N, STM32C071CBU6, STM32C071CBU6N, STM32C071F8P6, STM32C071F8P6N, STM32C071FBP6, STM32C071FBP6N, STM32C071FBY6TR, STM32C071G8U6, STM32C071G8U6N, STM32C071GBU6, STM32C071GBU6N, STM32C071K8T6, STM32C071K8T6N, STM32C071K8U6, STM32C071K8U6N, STM32C071KBT6, STM32C071KBT6N, STM32C071KBU6, STM32C071KBU6N, STM32C071R8T6, STM32C071R8T6N, STM32C071RBI6N, STM32C071RBT6, STM32C071RBT6N, STM32C091CBT6, STM32C091CBU6, STM32C091CCT6, STM32C091CCU6, STM32C091ECY6TR, STM32C091FBP6, STM32C091FCP6, STM32C091GBU6, STM32C091GCU6, STM32C091KBT6, STM32C091KBU6, STM32C091KCT6, STM32C091KCU6, STM32C091RBT6, STM32C091RCI6, STM32C091RCT6, STM32C092CBT6, STM32C092CBU6, STM32C092CCT6, STM32C092CCU6, STM32C092ECY6TR, STM32C092FBP6, STM32C092FCP6, STM32C092GBU6, STM32C092GCU6, STM32C092KBT6, STM32C092KBU6, STM32C092KCT6, STM32C092KCU6, STM32C092RBT6, STM32C092RCI6, STM32C092RCT6, STM32G071K8TXN, STM32G071K8UXN, STM32G081GBU6N, STM32G081KBT6N, STM32G081KBUXN, STM32G0B1CCT6N, STM32G0B1KCT6, STM32G0B1NEY6TR, STM32G0B1RCT6N, STM32G0C1CCT6, STM32G0C1CCT6N, STM32G0C1CCU6N, STM32G0C1CET6N, STM32G0C1CEU6N, STM32G0C1KCT6, STM32G0C1NEY6TR, STM32G0C1RCI6N, STM32G0C1RCT6N, STM32G0C1REI6N, STM32G0C1RET6N, STM32G0C1VCI6, STM32G0C1VEI6, STM32G411C6T3, STM32G411C6T6, STM32G411C6U3, STM32G411C6U6, STM32G411C8T3, STM32G411C8T6, STM32G411C8U3, STM32G411C8U6, STM32G411CBT3, STM32G411CBT6, STM32G411CBU3, STM32G411CBU6, STM32G411K6T3, STM32G411K6T6, STM32G411K6U3, STM32G411K6U6, STM32G411K8T3, STM32G411K8T6, STM32G411K8U3, STM32G411K8U6, STM32G411KBT3, STM32G411KBT6, STM32G411KBU3, STM32G411KBU6, STM32G411M6T3, STM32G411M6T6, STM32G411M8T3, STM32G411M8T6, STM32G411MBT3, STM32G411MBT6, STM32G411R6T3, STM32G411R6T6, STM32G411R8T3, STM32G411R8T6, STM32G411RBT3, STM32G411RBT6, STM32G414CBT3, STM32G414CBT6, STM32G414CBU3, STM32G414CBU6, STM32G414CCT3, STM32G414CCT6, STM32G414CCU3, STM32G414CCU6, STM32G414MBT3, STM32G414MBT6, STM32G414MCT3, STM32G414MCT6, STM32G414RBT3, STM32G414RBT6, STM32G414RCT3, STM32G414RCT6, STM32G414VBT3, STM32G414VBT6, STM32G414VCT3, STM32G414VCT6, STM32G431CBT3Z, STM32G431RBT3Z, STM32G471CCT6, STM32G471CCU6, STM32G471CET3, STM32G471CET6, STM32G471CEU3, STM32G471CEU6, STM32G471MCT6, STM32G471MET3, STM32G471MET6, STM32G471MEY6TR, STM32G471QCT6, STM32G471QET3, STM32G471RCT6, STM32G471RET3, STM32G471RET6, STM32G471VCH6, STM32G471VCI6, STM32G471VCT6, STM32G471VEH3, STM32G471VEH6, STM32G471VEI3, STM32G471VEI6, STM32G471VET3, STM32G471VET6, STM32G473QET3Z, STM32G473RET3Z, STM32G474CCT6, STM32G491RET3Z, STM32H503CBT6, STM32H503CBU6, STM32H503EBY6TR, STM32H503KBU6, STM32H503RBT6, STM32H523CCT6, STM32H523CCU6, STM32H523CET6, STM32H523CEU6, STM32H523HEY6TR, STM32H523RCT6, STM32H523RET6, STM32H523VCI6, STM32H523VCT6, STM32H523VEI6, STM32H523VET6, STM32H523ZCJ6, STM32H523ZCT6, STM32H523ZEJ6, STM32H523ZET6, STM32H533CET6, STM32H533CEU6, STM32H533HEY6TR, STM32H533RET6, STM32H533VEI6, STM32H533VET6, STM32H533ZEJ6, STM32H533ZET6, STM32H562AGI6, STM32H562AII6, STM32H562IGK6, STM32H562IGT6, STM32H562IIK6, STM32H562IIT6, STM32H562RGT6, STM32H562RGV6, STM32H562RIT6, STM32H562RIV6, STM32H562VGT6, STM32H562VIT6, STM32H562ZGT6, STM32H562ZIT6, STM32H563AGI6, STM32H563AII3Q, STM32H563AII6, STM32H563IGK6, STM32H563IGT6, STM32H563IIK3Q, STM32H563IIK6, STM32H563IIT3Q, STM32H563IIT6, STM32H563MIY3QTR, STM32H563RGT6, STM32H563RGV6, STM32H563RIT6, STM32H563RIV6, STM32H563VGT6, STM32H563VIT3Q, STM32H563VIT6, STM32H563ZGT6, STM32H563ZIT3Q, STM32H563ZIT6, STM32H573AII3Q, STM32H573AII6, STM32H573I-DK, STM32H573IIK3Q, STM32H573IIK6, STM32H573IIT3Q, STM32H573IIT6, STM32H573MIY3QTR, STM32H573RIT6, STM32H573RIV6, STM32H573VIT3Q, STM32H573VIT6, STM32H573ZIT3Q, STM32H573ZIT6, STM32H7R3A8I6, STM32H7R3I8K6, STM32H7R3I8T6, STM32H7R3L8H6, STM32H7R3L8H6H, STM32H7R3R8V6, STM32H7R3V8H6, STM32H7R3V8T6, STM32H7R3V8Y6TR, STM32H7R3Z8J6, STM32H7R3Z8T6, STM32H7R7A8I6, STM32H7R7I8K6, STM32H7R7I8T6, STM32H7R7L8H6, STM32H7R7L8H6H, STM32H7R7Z8J6, STM32H7S3A8I6, STM32H7S3I8K6, STM32H7S3I8T6, STM32H7S3L8H6, STM32H7S3L8H6H, STM32H7S3R8V6, STM32H7S3V8H6, STM32H7S3V8T6, STM32H7S3V8Y6TR, STM32H7S3Z8J6, STM32H7S3Z8T6, STM32H7S78-DK, STM32H7S7A8I6, STM32H7S7I8K6, STM32H7S7I8T6, STM32H7S7L8H6, STM32H7S7L8H6H, STM32H7S7Z8J6, STM32L4R5QGI6STR, STM32MP131AAE3, STM32MP131AAF3, STM32MP131AAG3, STM32MP131CAE3, STM32MP131CAF3, STM32MP131CAG3, STM32MP131DAE7, STM32MP131DAF7, STM32MP131DAG7, STM32MP131FAE7, STM32MP131FAF7, STM32MP131FAG7, STM32MP133AAE3, STM32MP133AAF3, STM32MP133AAG3, STM32MP133CAE3, STM32MP133CAF3, STM32MP133CAG3, STM32MP133DAE7, STM32MP133DAF7, STM32MP133DAG7, STM32MP133FAE7, STM32MP133FAF7, STM32MP133FAG7, STM32MP135AAE3, STM32MP135AAF3, STM32MP135AAG3, STM32MP135CAE3, STM32MP135CAF3, STM32MP135CAG3, STM32MP135DAE7, STM32MP135DAF7, STM32MP135DAG7, STM32MP135F-DK, STM32MP135FAE7, STM32MP135FAF7, STM32MP135FAF7T, STM32MP135FAF7U, STM32MP135FAG7, STM32MP211AAL3, STM32MP211AAM3, STM32MP211AAN3, STM32MP211AAO3, STM32MP211CAL3, STM32MP211CAM3, STM32MP211CAN3, STM32MP211CAO3, STM32MP211DAL3, STM32MP211DAM3, STM32MP211DAN3, STM32MP211DAO3, STM32MP211FAL3, STM32MP211FAM3, STM32MP211FAN3, STM32MP211FAO3, STM32MP213AAL3, STM32MP213AAM3, STM32MP213AAN3, STM32MP213AAO3, STM32MP213CAL3, STM32MP213CAM3, STM32MP213CAN3, STM32MP213CAO3, STM32MP213DAL3, STM32MP213DAM3, STM32MP213DAN3, STM32MP213DAO3, STM32MP213FAL3, STM32MP213FAM3, STM32MP213FAN3, STM32MP213FAO3, STM32MP215AAL3, STM32MP215AAM3, STM32MP215AAN3, STM32MP215AAO3, STM32MP215CAL3, STM32MP215CAM3, STM32MP215CAN3, STM32MP215CAO3, STM32MP215DAL3, STM32MP215DAM3, STM32MP215DAN3, STM32MP215DAO3, STM32MP215F-DK, STM32MP215FAL3, STM32MP215FAM3, STM32MP215FAN3, STM32MP215FAO3, STM32MP231AAJ3, STM32MP231AAK3, STM32MP231AAL3, STM32MP231CAJ3, STM32MP231CAK3, STM32MP231CAL3, STM32MP231DAJ3, STM32MP231DAK3, STM32MP231DAL3, STM32MP231FAJ3, STM32MP231FAK3, STM32MP231FAL3, STM32MP233AAJ3, STM32MP233AAK3, STM32MP233AAL3, STM32MP233CAJ3, STM32MP233CAK3, STM32MP233CAL3, STM32MP233DAJ3, STM32MP233DAK3, STM32MP233DAL3, STM32MP233FAJ3, STM32MP233FAK3, STM32MP233FAL3, STM32MP235AAJ3, STM32MP235AAK3, STM32MP235AAL3, STM32MP235CAJ3, STM32MP235CAK3, STM32MP235CAL3, STM32MP235DAJ3, STM32MP235DAK3, STM32MP235DAL3, STM32MP235FAJ3, STM32MP235FAK3, STM32MP235FAL3, STM32MP251AAI3, STM32MP251AAK3, STM32MP251AAL3, STM32MP251CAI3, STM32MP251CAK3, STM32MP251CAL3, STM32MP251DAI3, STM32MP251DAK3, STM32MP251DAL3, STM32MP251FAI3, STM32MP251FAK3, STM32MP251FAL3, STM32MP253AAI3, STM32MP253AAK3, STM32MP253AAL3, STM32MP253CAI3, STM32MP253CAK3, STM32MP253CAL3, STM32MP253DAI3, STM32MP253DAK3, STM32MP253DAL3, STM32MP253FAI3, STM32MP253FAK3, STM32MP253FAL3, STM32MP255AAI3, STM32MP255AAK3, STM32MP255AAL3, STM32MP255CAI3, STM32MP255CAK3, STM32MP255CAL3, STM32MP255DAI3, STM32MP255DAK3, STM32MP255DAL3, STM32MP255FAI3, STM32MP255FAK3, STM32MP255FAL3, STM32MP257AAI3, STM32MP257AAK3, STM32MP257AAL3, STM32MP257CAI3, STM32MP257CAK3, STM32MP257CAL3, STM32MP257DAI3, STM32MP257DAK3, STM32MP257DAL3, STM32MP257F-DK, STM32MP257F-EV1, STM32MP257FAI3, STM32MP257FAK3, STM32MP257FAL3, STM32N645A0H3Q, STM32N645B0H3Q, STM32N645I0H3Q, STM32N645L0H3Q, STM32N645X0H3Q, STM32N645Z0H3Q, STM32N647A0H3Q, STM32N647B0H3Q, STM32N647I0H3Q, STM32N647L0H3Q, STM32N647X0H3Q, STM32N647Z0H3Q, STM32N655A0H3Q, STM32N655B0H3Q, STM32N655I0H3Q, STM32N655L0H3Q, STM32N655X0H3Q, STM32N655Z0H3Q, STM32N6570-DK, STM32N657A0H3Q, STM32N657B0H3Q, STM32N657I0H3Q, STM32N657L0H3Q, STM32N657X0H3Q, STM32N657Z0H3Q, STM32U031C6T6, STM32U031C6U6, STM32U031C8T6, STM32U031C8U6, STM32U031F4P6, STM32U031F6P6, STM32U031F8P6, STM32U031G6Y6TR, STM32U031G8Y6TR, STM32U031K4U6, STM32U031K6U6, STM32U031K8U6, STM32U031R6I6, STM32U031R6T6, STM32U031R8I6, STM32U031R8T6, STM32U073C8T6, STM32U073C8U6, STM32U073CBT6, STM32U073CBU6, STM32U073CCT6, STM32U073CCU6, STM32U073H8Y6TR, STM32U073HBY6TR, STM32U073HCY6TR, STM32U073K8U6, STM32U073KBU6, STM32U073KCU6, STM32U073M8I6, STM32U073M8T6, STM32U073MBI6, STM32U073MBT6, STM32U073MCI6, STM32U073MCT6, STM32U073R8I6, STM32U073R8T6, STM32U073RBI6, STM32U073RBT6, STM32U073RCI6, STM32U073RCT6, STM32U083C-DK, STM32U083CCT6, STM32U083CCU6, STM32U083HCY6TR, STM32U083KCU6, STM32U083MCI6, STM32U083MCT6, STM32U083RCI6, STM32U083RCT6, STM32U375CET6, STM32U375CET6Q, STM32U375CEU6, STM32U375CEU6Q, STM32U375CEY6QTR, STM32U375CGT6, STM32U375CGT6Q, STM32U375CGU6, STM32U375CGU6Q, STM32U375CGY6QTR, STM32U375KEU6, STM32U375KGU6, STM32U375REI6, STM32U375REI6Q, STM32U375RET6, STM32U375RET6Q, STM32U375REY6GTR, STM32U375REY6QTR, STM32U375RGI6, STM32U375RGI6Q, STM32U375RGT6, STM32U375RGT6Q, STM32U375RGY6GTR, STM32U375RGY6QTR, STM32U375VEI6, STM32U375VEI6Q, STM32U375VET6, STM32U375VET6Q, STM32U375VGI6, STM32U375VGI6Q, STM32U375VGT6, STM32U375VGT6Q, STM32U385CGT6, STM32U385CGT6Q, STM32U385CGU6, STM32U385CGU6Q, STM32U385CGY6QTR, STM32U385KGU6, STM32U385RGI6, STM32U385RGI6Q, STM32U385RGT6, STM32U385RGT6Q, STM32U385RGY6GTR, STM32U385RGY6QTR, STM32U385VGI6, STM32U385VGI6Q, STM32U385VGT6, STM32U385VGT6Q, STM32U535CBT6, STM32U535CBT6Q, STM32U535CBU6, STM32U535CBU6Q, STM32U535CCT6, STM32U535CCT6Q, STM32U535CCU6, STM32U535CCU6Q, STM32U535CET6, STM32U535CET6Q, STM32U535CEU6, STM32U535CEU6Q, STM32U535JEY6QTR, STM32U535NCY6QTR, STM32U535NEY6QTR, STM32U535RBI6, STM32U535RBI6Q, STM32U535RBT6, STM32U535RBT6Q, STM32U535RCI6, STM32U535RCI6Q, STM32U535RCT6, STM32U535RCT6Q, STM32U535REI6, STM32U535REI6Q, STM32U535RET6, STM32U535RET6Q, STM32U535VCI6, STM32U535VCI6Q, STM32U535VCT6, STM32U535VCT6Q, STM32U535VEI6, STM32U535VEI6Q, STM32U535VET6, STM32U535VET6Q, STM32U545CET6, STM32U545CET6Q, STM32U545CEU6, STM32U545CEU6Q, STM32U545JEY6QTR, STM32U545NEY6QTR, STM32U545REI6, STM32U545REI6Q, STM32U545RET6, STM32U545RET6Q, STM32U545VEI6, STM32U545VEI6Q, STM32U545VET6, STM32U545VET6Q, STM32U595AIH6, STM32U595AIH6Q, STM32U595AJH6, STM32U595AJH6Q, STM32U595QII6, STM32U595QII6Q, STM32U595QJI6, STM32U595QJI6Q, STM32U595RIT6, STM32U595RIT6Q, STM32U595RJT6, STM32U595RJT6Q, STM32U595VIT6, STM32U595VIT6Q, STM32U595VJT6, STM32U595VJT6Q, STM32U595ZIT6, STM32U595ZIT6Q, STM32U595ZIY6QTR, STM32U595ZJT6, STM32U595ZJT6Q, STM32U595ZJY6QTR, STM32U599BJY6QTR, STM32U599NIH6Q, STM32U599NJH6Q, STM32U599VIT6Q, STM32U599VJT6, STM32U599VJT6Q, STM32U599ZIT6Q, STM32U599ZIY6QTR, STM32U599ZJT6Q, STM32U599ZJY6QTR, STM32U5A5AJH6, STM32U5A5AJH6Q, STM32U5A5QII3Q , STM32U5A5QJI6, STM32U5A5QJI6Q, STM32U5A5RJT6, STM32U5A5RJT6Q, STM32U5A5VJT6, STM32U5A5VJT6Q, STM32U5A5ZJT6, STM32U5A5ZJT6Q, STM32U5A5ZJY6QTR, STM32U5A9BJY6QTR, STM32U5A9J-DK, STM32U5A9NJH6Q, STM32U5A9VJT6Q, STM32U5A9ZJT6Q, STM32U5A9ZJY6QTR, STM32U5F7VIT6, STM32U5F7VIT6Q, STM32U5F7VJT6, STM32U5F7VJT6Q, STM32U5F9BJY6QTR, STM32U5F9NJH6Q, STM32U5F9VIT6Q, STM32U5F9VJT6Q, STM32U5F9ZIJ6QTR, STM32U5F9ZIT6Q, STM32U5F9ZJJ6QTR, STM32U5F9ZJT6Q, STM32U5G7VJT6, STM32U5G7VJT6Q, STM32U5G9BJY6QTR, STM32U5G9J-DK1, STM32U5G9J-DK2, STM32U5G9NJH6Q, STM32U5G9VJT6Q, STM32U5G9ZJJ6QTR, STM32U5G9ZJT6Q, STM32WB05KZV6TR, STM32WB05KZV7TR, STM32WB05TZF6TR, STM32WB05TZF7TR, STM32WB06CCF6TR, STM32WB06CCF7TR, STM32WB06CCV6TR, STM32WB06CCV7TR, STM32WB06KCV6TR, STM32WB06KCV7TR, STM32WB07CCF6TR, STM32WB07CCF7TR, STM32WB07CCV6TR, STM32WB07CCV7TR, STM32WB07KCV6TR, STM32WB07KCV7TR, STM32WB09KEV6TR, STM32WB09KEV7TR, STM32WB09TEF6TR, STM32WB09TEF7TR, STM32WB1MMCH6, STM32WBA50KGU6, STM32WBA50KGU6TR, STM32WBA52CEU6, STM32WBA52CEU6TR, STM32WBA52CEU7, STM32WBA52CEU7TR, STM32WBA52CGU6, STM32WBA52CGU6TR, STM32WBA52CGU6U, STM32WBA52CGU7, STM32WBA52CGU7TR, STM32WBA52KEU6, STM32WBA52KEU6TR, STM32WBA52KGU6, STM32WBA52KGU6TR, STM32WBA54CEU6, STM32WBA54CEU6TR, STM32WBA54CEU7, STM32WBA54CEU7TR, STM32WBA54CGU6, STM32WBA54CGU6TR, STM32WBA54CGU7, STM32WBA54CGU7TR, STM32WBA54KEU6, STM32WBA54KEU6TR, STM32WBA54KEU7, STM32WBA54KEU7TR, STM32WBA54KGU6, STM32WBA54KGU6TR, STM32WBA54KGU7, STM32WBA54KGU7TR, STM32WBA55CEU6, STM32WBA55CEU6TR, STM32WBA55CEU7, STM32WBA55CEU7TR, STM32WBA55CGU6, STM32WBA55CGU6TR, STM32WBA55CGU6U, STM32WBA55CGU7, STM32WBA55CGU7TR, STM32WBA55G-DK1, STM32WBA55HEF6, STM32WBA55HEF7, STM32WBA55HGF6, STM32WBA55HGF7, STM32WBA55UEI6, STM32WBA55UEI6TR, STM32WBA55UEI7, STM32WBA55UEI7TR, STM32WBA55UGI6, STM32WBA55UGI6TR, STM32WBA55UGI7, STM32WBA55UGI7TR, STM32WBA5MMGH6TR, STM32WBA62MGF6, STM32WBA62MIF6, STM32WBA65MGF7, STM32WBA65MIF6, STM32WBA65MIF7, STM32WL30K8V6, STM32WL30KBV6, STM32WL31C8V6, STM32WL31CBV6, STM32WL31K8V6, STM32WL31KBV6, STM32WL33C8V6, STM32WL33C8V6X, STM32WL33CBV6, STM32WL33CBV6X, STM32WL33CCV6, STM32WL33CCV6A, STM32WL33CCV6X, STM32WL33K8V7, STM32WL33K8V7X, STM32WL33KBV7 , STM32WL33KBV7X, STM32WL33KCV7, STM32WL33KCV7X, STM32WL5MOCH6, STM32WL5MOCH6TR]
2026-03-30 22:05:03,453 [INFO] DbMcus:218 - Found 5055 MCUs, 4968 are supported
2026-03-30 22:05:03,454 [INFO] ApiDb:423 - Load user favorites file C:\Users\kujon/.stm32cubeide/favorites.mcus.txt: 0 item(s)
2026-03-30 22:05:03,454 [INFO] ApiDb:427 - User favorites MCUs=[]
2026-03-30 22:05:03,454 [INFO] DbMcus:224 - Set 0 / 0 favorites MCUs
2026-03-30 22:05:03,937 [INFO] BoardInfo:889 - No configuration file found for board NUCLEO-H5E5ZJ
2026-03-30 22:05:03,938 [INFO] DbBoards:161 - Board is not supported: NUCLEO-H5E5ZJ
2026-03-30 22:05:03,992 [INFO] BoardInfo:889 - No configuration file found for board NUCLEO-U3C5ZI-Q
2026-03-30 22:05:03,992 [INFO] DbBoards:161 - Board is not supported: NUCLEO-U3C5ZI-Q
2026-03-30 22:05:04,005 [INFO] BoardInfo:889 - No configuration file found for board NUCLEO-WBA25CE1
2026-03-30 22:05:04,006 [INFO] DbBoards:161 - Board is not supported: NUCLEO-WBA25CE1
2026-03-30 22:05:04,015 [INFO] BoardInfo:889 - No configuration file found for board NUCLEO-WL3RKB1
2026-03-30 22:05:04,015 [INFO] DbBoards:161 - Board is not supported: NUCLEO-WL3RKB1
2026-03-30 22:05:04,016 [INFO] BoardInfo:889 - No configuration file found for board NUCLEO-WL3RKB2
2026-03-30 22:05:04,016 [INFO] DbBoards:161 - Board is not supported: NUCLEO-WL3RKB2
2026-03-30 22:05:04,024 [INFO] BoardInfo:889 - No configuration file found for board P-NUCLEO-WB55
2026-03-30 22:05:04,024 [INFO] DbBoards:161 - Kit is not supported: P-NUCLEO-WB55
2026-03-30 22:05:04,028 [INFO] BoardInfo:889 - No configuration file found for board STEVAL-BFA001V1B
2026-03-30 22:05:04,029 [INFO] DbBoards:161 - Kit is not supported: STEVAL-BFA001V1B
2026-03-30 22:05:04,030 [INFO] BoardInfo:889 - No configuration file found for board STEVAL-BFA001V2B
2026-03-30 22:05:04,030 [INFO] DbBoards:161 - Kit is not supported: STEVAL-BFA001V2B
2026-03-30 22:05:04,109 [INFO] BoardInfo:889 - No configuration file found for board STM32H5F5J-DK
2026-03-30 22:05:04,111 [INFO] DbBoards:161 - Board is not supported: STM32H5F5J-DK
2026-03-30 22:05:04,182 [INFO] DbBoards:168 - Found 218 boards, 209 are supported
2026-03-30 22:05:04,182 [INFO] DbBoards:169 - Found 218 boards, 43 of them is supported for  Bsp
2026-03-30 22:05:04,191 [INFO] ApiDb:423 - Load user favorites file C:\Users\kujon/.stm32cubeide/favorites.boards.txt: 0 item(s)
2026-03-30 22:05:04,193 [INFO] ApiDb:427 - User favorites Boards=[]
2026-03-30 22:05:04,193 [INFO] DbBoards:198 - Set 0 / 0 favorites Boards
2026-03-30 22:05:04,242 [INFO] UtilMem:75 - End LoadConfig() Used Memory: 257891144 Bytes (407896064)
2026-03-30 22:05:04,472 [WARN] ThirdParty:833 - waiting for thirdparty lock release [change project]
2026-03-30 22:05:04,472 [INFO] ThirdParty:835 - entering critical section [change project]
2026-03-30 22:05:04,472 [INFO] ThirdParty:1030 - CMSIS Pack Vendor :STMicroelectronics X-CUBE-AZRTOS-H7 3.5.0
2026-03-30 22:05:04,472 [INFO] ThirdParty:1030 - CMSIS Pack Vendor :STMicroelectronics X-CUBE-PM33A1 1.0.0
2026-03-30 22:05:04,472 [INFO] ThirdParty:1030 - CMSIS Pack Vendor :STMicroelectronics USBPD 4.1
2026-03-30 22:05:04,472 [INFO] ThirdParty:1030 - CMSIS Pack Vendor :STMicroelectronics X-CUBE-GNSS1 6.0.0
2026-03-30 22:05:04,473 [INFO] ThirdParty:1030 - CMSIS Pack Vendor :STMicroelectronics USB_HOST 2.0.0
2026-03-30 22:05:04,473 [INFO] ThirdParty:1030 - CMSIS Pack Vendor :STMicroelectronics FP-SNS-MOTENVWB1 1.4.0
2026-03-30 22:05:04,473 [INFO] ThirdParty:1030 - CMSIS Pack Vendor :STMicroelectronics X-CUBE-AZRTOS-F4 1.1.0
2026-03-30 22:05:04,473 [INFO] ThirdParty:1030 - CMSIS Pack Vendor :STMicroelectronics LIBJPEG 8.0.0
2026-03-30 22:05:04,473 [INFO] ThirdParty:1030 - CMSIS Pack Vendor :STMicroelectronics FP-ATR-ASTRA1 2.0.2
2026-03-30 22:05:04,473 [INFO] ThirdParty:1030 - CMSIS Pack Vendor :Avnet-IotConnect X-CUBE-IoTC-DA16k-PMOD 1.0.0
2026-03-30 22:05:04,473 [INFO] ThirdParty:1030 - CMSIS Pack Vendor :STMicroelectronics X-CUBE-SMBUS 2.1.0
2026-03-30 22:05:04,473 [INFO] ThirdParty:1030 - CMSIS Pack Vendor :STMicroelectronics X-CUBE-ISPU 2.1.0
2026-03-30 22:05:04,473 [INFO] ThirdParty:1030 - CMSIS Pack Vendor :STMicroelectronics X-CUBE-IPS 3.2.0
2026-03-30 22:05:04,473 [INFO] ThirdParty:1030 - CMSIS Pack Vendor :STMicroelectronics X-CUBE-ST60 1.0.0
2026-03-30 22:05:04,473 [INFO] ThirdParty:1030 - CMSIS Pack Vendor :STMicroelectronics X-CUBE-NFC12 1.0.0
2026-03-30 22:05:04,473 [INFO] ThirdParty:1030 - CMSIS Pack Vendor :STMicroelectronics X-CUBE-AZRTOS-F7 1.1.0
2026-03-30 22:05:04,473 [INFO] ThirdParty:1030 - CMSIS Pack Vendor :STMicroelectronics X-CUBE-AZRTOS-L5 2.0.0
2026-03-30 22:05:04,473 [INFO] ThirdParty:1030 - CMSIS Pack Vendor :STMicroelectronics USB_DEVICE 2.0.0
2026-03-30 22:05:04,473 [INFO] ThirdParty:1030 - CMSIS Pack Vendor :STMicroelectronics X-CUBE-NFC6 3.1.0
2026-03-30 22:05:04,473 [INFO] ThirdParty:1030 - CMSIS Pack Vendor :STMicroelectronics X-CUBE-BLE1 6.2.4
2026-03-30 22:05:04,473 [INFO] ThirdParty:1030 - CMSIS Pack Vendor :STMicroelectronics FP-SNS-MOTENV1 5.1.0
2026-03-30 22:05:04,473 [INFO] ThirdParty:1030 - CMSIS Pack Vendor :STMicroelectronics FreeRTOS 0.0.1
2026-03-30 22:05:04,473 [INFO] ThirdParty:1030 - CMSIS Pack Vendor :emotas I-CUBE-CANOPEN 1.1.3
2026-03-30 22:05:04,473 [INFO] ThirdParty:1030 - CMSIS Pack Vendor :WES I-CUBE-Cesium 1.4.0
2026-03-30 22:05:04,473 [INFO] ThirdParty:1030 - CMSIS Pack Vendor :Infineon AIROC-Wi-Fi-Bluetooth-STM32 1.7.1
2026-03-30 22:05:04,473 [INFO] ThirdParty:1030 - CMSIS Pack Vendor :STMicroelectronics PDM2PCM 3.3.0
2026-03-30 22:05:04,473 [INFO] ThirdParty:1030 - CMSIS Pack Vendor :STMicroelectronics X-CUBE-AZRTOS-H7 3.4.0
2026-03-30 22:05:04,473 [INFO] ThirdParty:1030 - CMSIS Pack Vendor :STMicroelectronics X-CUBE-DISPLAY 3.0.0
2026-03-30 22:05:04,474 [INFO] ThirdParty:1030 - CMSIS Pack Vendor :STMicroelectronics FP-SNS-MOTENVWB1 1.5.0
2026-03-30 22:05:04,474 [INFO] ThirdParty:1030 - CMSIS Pack Vendor :STMicroelectronics X-CUBE-NFC10 1.0.0
2026-03-30 22:05:04,474 [INFO] ThirdParty:1030 - CMSIS Pack Vendor :wolfSSL I-CUBE-wolfSSL 5.5.4
2026-03-30 22:05:04,474 [INFO] ThirdParty:1030 - CMSIS Pack Vendor :STMicroelectronics X-CUBE-FREERTOS 1.3.1
2026-03-30 22:05:04,474 [INFO] ThirdParty:1030 - CMSIS Pack Vendor :STMicroelectronics HAL Drivers 0.0.0
2026-03-30 22:05:04,474 [INFO] ThirdParty:1030 - CMSIS Pack Vendor :STMicroelectronics X-CUBE-ST60 1.1.0
2026-03-30 22:05:04,474 [INFO] ThirdParty:1030 - CMSIS Pack Vendor :emotas I-CUBE-CANOPEN 1.3.0
2026-03-30 22:05:04,474 [INFO] ThirdParty:1030 - CMSIS Pack Vendor :STMicroelectronics MBEDTLS 2.14.1
2026-03-30 22:05:04,474 [INFO] ThirdParty:1030 - CMSIS Pack Vendor :STMicroelectronics X-CUBE-GNSS1 7.1.0
2026-03-30 22:05:04,474 [INFO] ThirdParty:1030 - CMSIS Pack Vendor :STMicroelectronics X-CUBE-NFC7 1.0.0
2026-03-30 22:05:04,474 [INFO] ThirdParty:1030 - CMSIS Pack Vendor :STMicroelectronics X-CUBE-TOUCHGFX 4.26.0
2026-03-30 22:05:04,474 [INFO] ThirdParty:1030 - CMSIS Pack Vendor :STMicroelectronics X-CUBE-TOUCHGFX 4.26.1
2026-03-30 22:05:04,474 [INFO] ThirdParty:1030 - CMSIS Pack Vendor :STMicroelectronics X-CUBE-EEPRMA1 4.1.0
2026-03-30 22:05:04,474 [INFO] ThirdParty:1030 - CMSIS Pack Vendor :STMicroelectronics FP-SNS-STBOX1 2.1.0
2026-03-30 22:05:04,474 [INFO] ThirdParty:1030 - CMSIS Pack Vendor :STMicroelectronics FP-SNS-STAIOTCFT 1.0.0
2026-03-30 22:05:04,474 [INFO] ThirdParty:1030 - CMSIS Pack Vendor :STMicroelectronics FP-SNS-SMARTAG2 1.2.0
2026-03-30 22:05:04,474 [INFO] ThirdParty:1030 - CMSIS Pack Vendor :STMicroelectronics FP-SNS-FLIGHT1 5.1.0
2026-03-30 22:05:04,474 [INFO] ThirdParty:1030 - CMSIS Pack Vendor :STMicroelectronics X-CUBE-AZRTOS-WL 2.0.0
2026-03-30 22:05:04,474 [INFO] ThirdParty:1030 - CMSIS Pack Vendor :STMicroelectronics X-CUBE-DPower 1.3.0
2026-03-30 22:05:04,474 [INFO] ThirdParty:1030 - CMSIS Pack Vendor :STMicroelectronics FP-SNS-MOTENV1 5.0.0
2026-03-30 22:05:04,474 [INFO] ThirdParty:1030 - CMSIS Pack Vendor :STMicroelectronics USB_DEVICE 1.0.0
2026-03-30 22:05:04,474 [INFO] ThirdParty:1030 - CMSIS Pack Vendor :STMicroelectronics X-CUBE-AZRTOS-H7RS 1.2.0
2026-03-30 22:05:04,474 [INFO] ThirdParty:1030 - CMSIS Pack Vendor :STMicroelectronics X-CUBE-AZRTOS-L4 2.0.0
2026-03-30 22:05:04,474 [INFO] ThirdParty:1030 - CMSIS Pack Vendor :STMicroelectronics ThreadX 0.0.2
2026-03-30 22:05:04,474 [INFO] ThirdParty:1030 - CMSIS Pack Vendor :STMicroelectronics lwIP 2.1.2
2026-03-30 22:05:04,474 [INFO] ThirdParty:1030 - CMSIS Pack Vendor :STMicroelectronics X-CUBE-SFXS2LP1 4.0.0
2026-03-30 22:05:04,474 [INFO] ThirdParty:1030 - CMSIS Pack Vendor :STMicroelectronics X-CUBE-BLE2 3.3.0
2026-03-30 22:05:04,474 [INFO] ThirdParty:1030 - CMSIS Pack Vendor :Avnet-IOTCONNECT X-CUBE-iotc-st67-sdk 1.0.0
2026-03-30 22:05:04,474 [INFO] ThirdParty:1030 - CMSIS Pack Vendor :STMicroelectronics X-CUBE-TOF1 3.2.0
2026-03-30 22:05:04,474 [INFO] ThirdParty:1030 - CMSIS Pack Vendor :STMicroelectronics PDM2PCM 3.2.0
2026-03-30 22:05:04,474 [INFO] ThirdParty:1030 - CMSIS Pack Vendor :STMicroelectronics X-CUBE-AZRTOS-H7 3.0.0
2026-03-30 22:05:04,474 [INFO] ThirdParty:1030 - CMSIS Pack Vendor :STMicroelectronics X-CUBE-ST67W61 1.2.0
2026-03-30 22:05:04,474 [INFO] ThirdParty:1030 - CMSIS Pack Vendor :STMicroelectronics X-CUBE-ISPU 1.1.0
2026-03-30 22:05:04,474 [INFO] ThirdParty:1030 - CMSIS Pack Vendor :RoweBots I-CUBE-UNISONRTOS 5.5.0-4
2026-03-30 22:05:04,474 [INFO] ThirdParty:1030 - CMSIS Pack Vendor :STMicroelectronics X-CUBE-NFC9 1.0.0
2026-03-30 22:05:04,474 [INFO] ThirdParty:1030 - CMSIS Pack Vendor :wolfSSL I-CUBE-wolfSSL 5.8.2
2026-03-30 22:05:04,474 [INFO] ThirdParty:1030 - CMSIS Pack Vendor :STMicroelectronics X-CUBE-BLE1 7.1.0
2026-03-30 22:05:04,474 [INFO] ThirdParty:1030 - CMSIS Pack Vendor :wolfSSL I-CUBE-wolfMQTT 1.19.2
2026-03-30 22:05:04,474 [INFO] ThirdParty:1030 - CMSIS Pack Vendor :STMicroelectronics USB_DEVICE 3.0.0
2026-03-30 22:05:04,474 [INFO] ThirdParty:1030 - CMSIS Pack Vendor :STMicroelectronics X-CUBE-FREERTOS 1.4.0
2026-03-30 22:05:04,475 [INFO] ThirdParty:1030 - CMSIS Pack Vendor :STMicroelectronics X-CUBE-EEPRMA1 5.2.0
2026-03-30 22:05:04,475 [INFO] ThirdParty:1030 - CMSIS Pack Vendor :STMicroelectronics X-CUBE-BLEMGR 4.1.0
2026-03-30 22:05:04,475 [INFO] ThirdParty:1030 - CMSIS Pack Vendor :STMicroelectronics X-CUBE-AI 8.0.0
2026-03-30 22:05:04,475 [INFO] ThirdParty:1030 - CMSIS Pack Vendor :STMicroelectronics X-CUBE-AZRTOS-WB 2.0.0
2026-03-30 22:05:04,475 [INFO] ThirdParty:1030 - CMSIS Pack Vendor :STMicroelectronics X-CUBE-TOUCHGFX 4.21.1
2026-03-30 22:05:04,475 [INFO] ThirdParty:1030 - CMSIS Pack Vendor :STMicroelectronics X-CUBE-GNSS1 7.0.1
2026-03-30 22:05:04,475 [INFO] ThirdParty:1030 - CMSIS Pack Vendor :STMicroelectronics X-CUBE-TOUCHGFX 4.25.0
2026-03-30 22:05:04,475 [INFO] ThirdParty:1030 - CMSIS Pack Vendor :STMicroelectronics X-CUBE-ST67W61 1.1.0
2026-03-30 22:05:04,475 [INFO] ThirdParty:1030 - CMSIS Pack Vendor :quantropi X-CUBE-qispace-sdk-base 2.1.0
2026-03-30 22:05:04,475 [INFO] ThirdParty:1030 - CMSIS Pack Vendor :STMicroelectronics X-CUBE-MEMS1 12.0.0
2026-03-30 22:05:04,475 [INFO] ThirdParty:1030 - CMSIS Pack Vendor :STMicroelectronics X-CUBE-ALGOBUILD 1.3.0
2026-03-30 22:05:04,475 [INFO] ThirdParty:1030 - CMSIS Pack Vendor :STMicroelectronics X-CUBE-STSE01 2.0.0
2026-03-30 22:05:04,475 [INFO] ThirdParty:1030 - CMSIS Pack Vendor :STMicroelectronics X-CUBE-AZRTOS-L5 1.1.0
2026-03-30 22:05:04,475 [INFO] ThirdParty:1030 - CMSIS Pack Vendor :STMicroelectronics X-CUBE-AZRTOS-G0 1.1.0
2026-03-30 22:05:04,475 [INFO] ThirdParty:1030 - CMSIS Pack Vendor :STMicroelectronics X-CUBE-SAFEA1 1.2.2
2026-03-30 22:05:04,475 [INFO] ThirdParty:1030 - CMSIS Pack Vendor :STMicroelectronics X-CUBE-NFC4 3.0.0
2026-03-30 22:05:04,475 [INFO] ThirdParty:1030 - CMSIS Pack Vendor :STMicroelectronics X-CUBE-SUBG2 5.0.0
2026-03-30 22:05:04,475 [INFO] ThirdParty:1030 - CMSIS Pack Vendor :STMicroelectronics X-CUBE-AZRTOS-H7RS 1.1.0
2026-03-30 22:05:04,475 [INFO] ThirdParty:1030 - CMSIS Pack Vendor :STMicroelectronics STM32_WPAN 1.0.0
2026-03-30 22:05:04,475 [INFO] ThirdParty:1030 - CMSIS Pack Vendor :EmbeddedOffice I-CUBE-FS-RTOS 1.0.1
2026-03-30 22:05:04,475 [INFO] ThirdParty:1030 - CMSIS Pack Vendor :STMicroelectronics lwIP 2.0.3
2026-03-30 22:05:04,475 [INFO] ThirdParty:1030 - CMSIS Pack Vendor :Cesanta I-CUBE-Mongoose 7.13.0
2026-03-30 22:05:04,475 [INFO] ThirdParty:1030 - CMSIS Pack Vendor :STMicroelectronics USB_HOST 1.0.0
2026-03-30 22:05:04,475 [INFO] ThirdParty:1030 - CMSIS Pack Vendor :STMicroelectronics X-CUBE-AZRTOS-G4 2.0.0
2026-03-30 22:05:04,475 [INFO] ThirdParty:1030 - CMSIS Pack Vendor :STMicroelectronics X-CUBE-WB05N 2.0.0
2026-03-30 22:05:04,475 [INFO] ThirdParty:1030 - CMSIS Pack Vendor :STMicroelectronics PDM2PCM 3.1.0
2026-03-30 22:05:04,475 [INFO] ThirdParty:1030 - CMSIS Pack Vendor :STMicroelectronics FP-ATR-ASTRA1 1.1.1
2026-03-30 22:05:04,475 [INFO] ThirdParty:1030 - CMSIS Pack Vendor :wolfSSL I-CUBE-wolfTPM 3.8.0
2026-03-30 22:05:04,475 [INFO] ThirdParty:1030 - CMSIS Pack Vendor :STMicroelectronics X-CUBE-BLEMGR 1.3.0
2026-03-30 22:05:04,475 [INFO] ThirdParty:1030 - CMSIS Pack Vendor :wolfSSL I-CUBE-wolfSSH 1.4.20
2026-03-30 22:05:04,475 [INFO] ThirdParty:1030 - CMSIS Pack Vendor :STMicroelectronics X-CUBE-NFC7 2.0.0
2026-03-30 22:05:04,477 [INFO] ThirdParty:1030 - CMSIS Pack Vendor :STMicroelectronics X-CUBE-TCPP 4.2.0
2026-03-30 22:05:04,477 [INFO] ThirdParty:1030 - CMSIS Pack Vendor :RealThread X-CUBE-RT-Thread_Nano 4.1.1
2026-03-30 22:05:04,477 [INFO] ThirdParty:1030 - CMSIS Pack Vendor :STMicroelectronics FP-ATR-SIGFOX1 3.2.0
2026-03-30 22:05:04,477 [INFO] ThirdParty:1030 - CMSIS Pack Vendor :STMicroelectronics X-CUBE-AZRTOS-G4 1.0.0
2026-03-30 22:05:04,477 [INFO] ThirdParty:1030 - CMSIS Pack Vendor :STMicroelectronics X-CUBE-AZRTOS-L4 1.0.0
2026-03-30 22:05:04,477 [INFO] ThirdParty:1030 - CMSIS Pack Vendor :STMicroelectronics X-CUBE-FREERTOS 1.5.0
2026-03-30 22:05:04,477 [INFO] ThirdParty:1030 - CMSIS Pack Vendor :STMicroelectronics MBEDTLS 2.16.2
2026-03-30 22:05:04,477 [INFO] ThirdParty:1030 - CMSIS Pack Vendor :STMicroelectronics X-CUBE-IPS 3.1.0
2026-03-30 22:05:04,477 [INFO] ThirdParty:1030 - CMSIS Pack Vendor :STMicroelectronics X-CUBE-ALS 1.0.2
2026-03-30 22:05:04,477 [INFO] ThirdParty:1030 - CMSIS Pack Vendor :ITTIA_DB I-CUBE-ITTIADB 8.9.0
2026-03-30 22:05:04,477 [INFO] ThirdParty:1030 - CMSIS Pack Vendor :STMicroelectronics X-CUBE-AZRTOS-WL 1.0.0
2026-03-30 22:05:04,477 [INFO] ThirdParty:1030 - CMSIS Pack Vendor :STMicroelectronics X-CUBE-STSE01 1.0.0
2026-03-30 22:05:04,477 [INFO] ThirdParty:1030 - CMSIS Pack Vendor :portGmbH I-Cube-SoM-uGOAL 1.1.0
2026-03-30 22:05:04,477 [INFO] ThirdParty:1030 - CMSIS Pack Vendor :STMicroelectronics X-CUBE-ALS 1.0.1
2026-03-30 22:05:04,477 [INFO] ThirdParty:1030 - CMSIS Pack Vendor :STMicroelectronics X-CUBE-NFC6 3.2.0
2026-03-30 22:05:04,477 [INFO] ThirdParty:1030 - CMSIS Pack Vendor :STMicroelectronics X-CUBE-MEMS1 9.5.0
2026-03-30 22:05:04,477 [INFO] ThirdParty:1030 - CMSIS Pack Vendor :STMicroelectronics X-CUBE-ST67W61 1.0.0
2026-03-30 22:05:04,477 [INFO] ThirdParty:1030 - CMSIS Pack Vendor :STMicroelectronics X-CUBE-AI 10.2.0
2026-03-30 22:05:04,477 [INFO] ThirdParty:1030 - CMSIS Pack Vendor :STMicroelectronics ThreadX 1.0.0
2026-03-30 22:05:04,477 [INFO] ThirdParty:1030 - CMSIS Pack Vendor :STMicroelectronics X-CUBE-AZRTOS-WB 1.1.0
2026-03-30 22:05:04,478 [INFO] ThirdParty:1030 - CMSIS Pack Vendor :SEGGER I-CUBE-embOS 1.3.1
2026-03-30 22:05:04,478 [INFO] ThirdParty:1030 - CMSIS Pack Vendor :STMicroelectronics X-CUBE-ALGOBUILD 1.4.0
2026-03-30 22:05:04,478 [INFO] ThirdParty:1030 - CMSIS Pack Vendor :STMicroelectronics X-CUBE-MEMS1 11.3.0
2026-03-30 22:05:04,478 [INFO] ThirdParty:1030 - CMSIS Pack Vendor :STMicroelectronics X-CUBE-TOF1 3.4.3
2026-03-30 22:05:04,478 [INFO] ThirdParty:841 - exiting critical section [change project]
2026-03-30 22:05:04,980 [INFO] PinOutPanel:1589 - setPackage(No Configuration,No Configuration)
2026-03-30 22:05:04,981 [INFO] PinOutPanel:1589 - setPackage(STM32G473RETx,LQFP64)
2026-03-30 22:05:05,485 [INFO] UtilMem:75 - Before build in PCC Used Memory: 349906896 Bytes (432013312)
2026-03-30 22:05:06,654 [INFO] UtilMem:75 - After build in PCC Used Memory: 388612896 Bytes (438304768)
2026-03-30 22:05:06,720 [INFO] IPUIPlugin:80 - create IPUIPlugin
2026-03-30 22:05:06,721 [INFO] IPUIPlugin:80 - create IPUIPlugin
2026-03-30 22:05:06,721 [INFO] IPUIPlugin:80 - create IPUIPlugin
2026-03-30 22:05:06,721 [INFO] IPUIPlugin:80 - create IPUIPlugin
2026-03-30 22:05:06,721 [INFO] IPUIPlugin:80 - create IPUIPlugin
2026-03-30 22:05:06,721 [INFO] IPUIPlugin:80 - create IPUIPlugin
2026-03-30 22:05:06,721 [INFO] IPUIPlugin:80 - create IPUIPlugin
2026-03-30 22:05:06,721 [INFO] IPUIPlugin:80 - create IPUIPlugin
2026-03-30 22:05:06,721 [INFO] IPUIPlugin:80 - create IPUIPlugin
2026-03-30 22:05:06,721 [INFO] IPUIPlugin:80 - create IPUIPlugin
2026-03-30 22:05:06,721 [INFO] IPUIPlugin:80 - create IPUIPlugin
2026-03-30 22:05:06,722 [INFO] IPUIPlugin:80 - create IPUIPlugin
2026-03-30 22:05:06,722 [INFO] IPUIPlugin:80 - create IPUIPlugin
2026-03-30 22:05:06,722 [INFO] IPUIPlugin:80 - create IPUIPlugin
2026-03-30 22:05:06,722 [INFO] IPUIPlugin:80 - create IPUIPlugin
2026-03-30 22:05:06,722 [INFO] IPUIPlugin:80 - create IPUIPlugin
2026-03-30 22:05:06,724 [INFO] IPUIPlugin:80 - create IPUIPlugin
2026-03-30 22:05:06,724 [INFO] IPUIPlugin:80 - create IPUIPlugin
2026-03-30 22:05:06,724 [INFO] IPUIPlugin:80 - create IPUIPlugin
2026-03-30 22:05:06,724 [INFO] IPUIPlugin:80 - create IPUIPlugin
2026-03-30 22:05:06,724 [INFO] IPUIPlugin:80 - create IPUIPlugin
2026-03-30 22:05:06,724 [INFO] IPUIPlugin:80 - create IPUIPlugin
2026-03-30 22:05:06,724 [INFO] IPUIPlugin:80 - create IPUIPlugin
2026-03-30 22:05:06,725 [INFO] IPUIPlugin:80 - create IPUIPlugin
2026-03-30 22:05:06,725 [INFO] IPUIPlugin:80 - create IPUIPlugin
2026-03-30 22:05:06,725 [INFO] IPUIPlugin:80 - create IPUIPlugin
2026-03-30 22:05:06,726 [INFO] IPUIPlugin:80 - create IPUIPlugin
2026-03-30 22:05:06,726 [INFO] IPUIPlugin:80 - create IPUIPlugin
2026-03-30 22:05:06,726 [INFO] IPUIPlugin:80 - create IPUIPlugin
2026-03-30 22:05:06,727 [INFO] IPUIPlugin:80 - create IPUIPlugin
2026-03-30 22:05:06,727 [INFO] IPUIPlugin:80 - create IPUIPlugin
2026-03-30 22:05:06,727 [INFO] IPUIPlugin:80 - create IPUIPlugin
2026-03-30 22:05:06,728 [INFO] IPUIPlugin:80 - create IPUIPlugin
2026-03-30 22:05:06,728 [INFO] IPUIPlugin:80 - create IPUIPlugin
2026-03-30 22:05:06,729 [INFO] IPUIPlugin:80 - create IPUIPlugin
2026-03-30 22:05:06,729 [INFO] IPUIPlugin:80 - create IPUIPlugin
2026-03-30 22:05:06,729 [INFO] IPUIPlugin:80 - create IPUIPlugin
2026-03-30 22:05:06,729 [INFO] IPUIPlugin:80 - create IPUIPlugin
2026-03-30 22:05:06,730 [INFO] IPUIPlugin:80 - create IPUIPlugin
2026-03-30 22:05:06,730 [INFO] IPUIPlugin:80 - create IPUIPlugin
2026-03-30 22:05:06,730 [INFO] IPUIPlugin:80 - create IPUIPlugin
2026-03-30 22:05:06,732 [INFO] IPUIPlugin:80 - create IPUIPlugin
2026-03-30 22:05:06,732 [INFO] IPUIPlugin:80 - create IPUIPlugin
2026-03-30 22:05:06,732 [INFO] IPUIPlugin:80 - create IPUIPlugin
2026-03-30 22:05:06,732 [INFO] IPUIPlugin:80 - create IPUIPlugin
2026-03-30 22:05:06,733 [INFO] IPUIPlugin:80 - create IPUIPlugin
2026-03-30 22:05:06,733 [INFO] IPUIPlugin:80 - create IPUIPlugin
2026-03-30 22:05:06,734 [INFO] IPUIPlugin:80 - create IPUIPlugin
2026-03-30 22:05:06,735 [INFO] IPUIPlugin:80 - create IPUIPlugin
2026-03-30 22:05:06,735 [INFO] IPUIPlugin:80 - create IPUIPlugin
2026-03-30 22:05:06,735 [INFO] IPUIPlugin:80 - create IPUIPlugin
2026-03-30 22:05:06,736 [INFO] IPUIPlugin:80 - create IPUIPlugin
2026-03-30 22:05:06,736 [INFO] IPUIPlugin:80 - create IPUIPlugin
2026-03-30 22:05:06,738 [INFO] IPUIPlugin:80 - create IPUIPlugin
2026-03-30 22:05:06,738 [INFO] IPUIPlugin:80 - create IPUIPlugin
2026-03-30 22:05:06,739 [INFO] IPUIPlugin:80 - create IPUIPlugin
2026-03-30 22:05:06,739 [INFO] IPUIPlugin:80 - create IPUIPlugin
2026-03-30 22:05:06,739 [INFO] IPUIPlugin:80 - create IPUIPlugin
2026-03-30 22:05:06,740 [INFO] IPUIPlugin:80 - create IPUIPlugin
2026-03-30 22:05:06,740 [INFO] IPUIPlugin:80 - create IPUIPlugin
2026-03-30 22:05:06,741 [INFO] IPUIPlugin:80 - create IPUIPlugin
2026-03-30 22:05:06,741 [INFO] IPUIPlugin:80 - create IPUIPlugin
2026-03-30 22:05:06,741 [INFO] IPUIPlugin:80 - create IPUIPlugin
2026-03-30 22:05:06,742 [INFO] IPUIPlugin:80 - create IPUIPlugin
2026-03-30 22:05:06,742 [INFO] IPUIPlugin:80 - create IPUIPlugin
2026-03-30 22:05:06,743 [INFO] IPUIPlugin:80 - create IPUIPlugin
2026-03-30 22:05:06,743 [INFO] IPUIPlugin:80 - create IPUIPlugin
2026-03-30 22:05:06,744 [INFO] IPUIPlugin:80 - create IPUIPlugin
2026-03-30 22:05:06,744 [INFO] IPUIPlugin:80 - create IPUIPlugin
2026-03-30 22:05:06,745 [INFO] IPUIPlugin:80 - create IPUIPlugin
2026-03-30 22:05:06,745 [INFO] IPUIPlugin:80 - create IPUIPlugin
2026-03-30 22:05:06,747 [INFO] IPUIPlugin:80 - create IPUIPlugin
2026-03-30 22:05:06,747 [INFO] IPUIPlugin:80 - create IPUIPlugin
2026-03-30 22:05:06,748 [INFO] IPUIPlugin:80 - create IPUIPlugin
2026-03-30 22:05:06,748 [INFO] IPUIPlugin:80 - create IPUIPlugin
2026-03-30 22:05:06,749 [INFO] IPUIPlugin:80 - create IPUIPlugin
2026-03-30 22:05:06,749 [INFO] IPUIPlugin:80 - create IPUIPlugin
2026-03-30 22:05:07,119 [INFO] CADModel:165 - CPN selected for project levelSTM32G473RET6
2026-03-30 22:05:07,119 [INFO] CADModel:114 - Register for checkConnection events
2026-03-30 22:05:07,124 [INFO] RtosManager:728 - Active RTOS found at IOC load: STMicroelectronics.X-CUBE-AZRTOS-G4.2.0.0 [Cortex-M4NS]
2026-03-30 22:05:07,162 [INFO] OpenFileManager:386 - Restore cursor
2026-03-30 22:05:07,564 [WARN] IP:2250 - TX_NO_TIMER not found: check if there is a RefParameter without a condition.
2026-03-30 22:05:07,564 [WARN] IP:2250 - ALIGN_TYPE_VAL not found: check if there is a RefParameter without a condition.
2026-03-30 22:05:07,564 [WARN] IP:2250 - TX_BASEPRI_VALUE not found: check if there is a RefParameter without a condition.
2026-03-30 22:05:07,565 [WARN] IP:2250 - TX_APP_THREAD_ENTRY not found: check if there is a RefParameter without a condition.
2026-03-30 22:05:07,565 [WARN] IP:2250 - TX_APP_THREAD_NAME not found: check if there is a RefParameter without a condition.
2026-03-30 22:05:07,565 [WARN] IP:2250 - TX_APP_THREAD_PRIO not found: check if there is a RefParameter without a condition.
2026-03-30 22:05:07,565 [WARN] IP:2250 - TX_APP_STACK_SIZE not found: check if there is a RefParameter without a condition.
2026-03-30 22:05:07,565 [WARN] IP:2250 - TX_SEMAPHORE_NAME not found: check if there is a RefParameter without a condition.
2026-03-30 22:05:07,565 [WARN] IP:2250 - TX_SEMAPHORE_COUNT not found: check if there is a RefParameter without a condition.
2026-03-30 22:05:07,565 [WARN] IP:2250 - TX_MUTEX_NAME not found: check if there is a RefParameter without a condition.
2026-03-30 22:05:07,565 [WARN] IP:2250 - TX_Mutex_INHERITANCE not found: check if there is a RefParameter without a condition.
2026-03-30 22:05:07,565 [WARN] IP:2250 - TX_MSG_QUEUE_NAME not found: check if there is a RefParameter without a condition.
2026-03-30 22:05:07,565 [WARN] IP:2250 - TX_MSG_SIZE_WORDS not found: check if there is a RefParameter without a condition.
2026-03-30 22:05:07,565 [WARN] IP:2250 - TX_NB_MSG not found: check if there is a RefParameter without a condition.
