2025-11-28 09:47:02,421 [INFO] Activator:176 - 


2025-11-28 09:47:02,427 [INFO] Activator:177 - !SESSION log4j initialized
2025-11-28 09:47:11,582 [INFO] LogOutputStream:77 - [STDOUT_REDIRECT] 
2025-11-28 09:47:14,570 [INFO] ApplicationProperties:184 - Using Application install path: D:\Programy\STM32CubeIDE_1.19.0\STM32CubeIDE\plugins\com.st.stm32cube.common.mx_6.15.0.202507011659
2025-11-28 09:47:14,593 [INFO] DbMcusXml:78 - Set database path to: D:\Programy\STM32CubeIDE_1.19.0\STM32CubeIDE\plugins\com.st.stm32cube.common.mx_6.15.0.202507011659\\db\/mcu/
2025-11-28 09:47:14,594 [INFO] ApiDb:274 - Set plugin database path to: D:\Programy\STM32CubeIDE_1.19.0\STM32CubeIDE\plugins\com.st.stm32cube.common.mx_6.15.0.202507011659\\db\/plugins/boardmanager/
2025-11-28 09:47:14,594 [WARN] ApiDb:259 - Overriding images path with different value:  => D:\Programy\STM32CubeIDE_1.19.0\STM32CubeIDE\plugins\com.st.stm32cube.common.mx_6.15.0.202507011659\\db\/plugins/mcufinder/images/
2025-11-28 09:47:14,603 [INFO] ApiDb:250 - Set database path to: C:\Users\kujon\.stmcufinder\plugins\mcufinder//mcu/
2025-11-28 09:47:14,605 [INFO] DbMcusAds:125 - Set database path to: C:\Users\kujon\.stmcufinder\plugins\mcufinder//mcu/
2025-11-28 09:47:14,607 [INFO] CrossReferenceDbSqlite:203 - Set database path to: C:\Users\kujon\.stmcufinder\plugins\mcufinder//mcu/cs/
2025-11-28 09:47:14,738 [INFO] RulesReader:64 - Compatibility file has been processed (317 Rules)
2025-11-28 09:47:14,833 [INFO] DbMcusXml:78 - Set database path to: D:\Programy\STM32CubeIDE_1.19.0\STM32CubeIDE\plugins\com.st.stm32cube.common.mx_6.15.0.202507011659\\db\/mcu/
2025-11-28 09:47:14,833 [INFO] ApiDb:274 - Set plugin database path to: D:\Programy\STM32CubeIDE_1.19.0\STM32CubeIDE\plugins\com.st.stm32cube.common.mx_6.15.0.202507011659\\db\/plugins/boardmanager/
2025-11-28 09:47:14,833 [INFO] ApiDb:261 - Set plugin images path to: D:\Programy\STM32CubeIDE_1.19.0\STM32CubeIDE\plugins\com.st.stm32cube.common.mx_6.15.0.202507011659\\db\/plugins/mcufinder/images/
2025-11-28 09:47:14,833 [WARN] DbFile:41 - Overriding database path with different value: C:\Users\kujon\.stmcufinder\plugins\mcufinder/ => C:\Users\kujon\.stmcufinder\plugins\mcufinder
2025-11-28 09:47:14,833 [INFO] ApiDb:250 - Set database path to: C:\Users\kujon\.stmcufinder\plugins\mcufinder//mcu/
2025-11-28 09:47:14,834 [WARN] DbFile:41 - Overriding database path with different value: C:\Users\kujon\.stmcufinder\plugins\mcufinder/ => C:\Users\kujon\.stmcufinder\plugins\mcufinder
2025-11-28 09:47:14,834 [INFO] DbMcusAds:125 - Set database path to: C:\Users\kujon\.stmcufinder\plugins\mcufinder//mcu/
2025-11-28 09:47:14,834 [WARN] DbFile:41 - Overriding database path with different value: C:\Users\kujon\.stmcufinder\plugins\mcufinder/ => C:\Users\kujon\.stmcufinder\plugins\mcufinder
2025-11-28 09:47:14,834 [WARN] DbFile:41 - Overriding database path with different value: C:\Users\kujon\.stmcufinder\plugins\mcufinder/ => C:\Users\kujon\.stmcufinder\plugins\mcufinder
2025-11-28 09:47:14,834 [INFO] CrossReferenceDbSqlite:203 - Set database path to: C:\Users\kujon\.stmcufinder\plugins\mcufinder//mcu/cs/
2025-11-28 09:47:14,920 [INFO] MainPanel:274 - HeapMemory: 268435456
2025-11-28 09:47:15,052 [INFO] DbMcusXml:78 - Set database path to: D:\Programy\STM32CubeIDE_1.19.0\STM32CubeIDE\plugins\com.st.stm32cube.common.mx_6.15.0.202507011659\\db\/mcu/
2025-11-28 09:47:15,052 [INFO] ApiDb:274 - Set plugin database path to: D:\Programy\STM32CubeIDE_1.19.0\STM32CubeIDE\plugins\com.st.stm32cube.common.mx_6.15.0.202507011659\\db\/plugins/boardmanager/
2025-11-28 09:47:15,052 [INFO] ApiDb:261 - Set plugin images path to: D:\Programy\STM32CubeIDE_1.19.0\STM32CubeIDE\plugins\com.st.stm32cube.common.mx_6.15.0.202507011659\\db\/plugins/mcufinder/images/
2025-11-28 09:47:15,053 [WARN] DbFile:41 - Overriding database path with different value: C:\Users\kujon\.stmcufinder\plugins\mcufinder/ => C:\Users\kujon\.stmcufinder\plugins\mcufinder
2025-11-28 09:47:15,053 [INFO] ApiDb:250 - Set database path to: C:\Users\kujon\.stmcufinder\plugins\mcufinder//mcu/
2025-11-28 09:47:15,053 [WARN] DbFile:41 - Overriding database path with different value: C:\Users\kujon\.stmcufinder\plugins\mcufinder/ => C:\Users\kujon\.stmcufinder\plugins\mcufinder
2025-11-28 09:47:15,053 [INFO] DbMcusAds:125 - Set database path to: C:\Users\kujon\.stmcufinder\plugins\mcufinder//mcu/
2025-11-28 09:47:15,053 [WARN] DbFile:41 - Overriding database path with different value: C:\Users\kujon\.stmcufinder\plugins\mcufinder/ => C:\Users\kujon\.stmcufinder\plugins\mcufinder
2025-11-28 09:47:15,053 [WARN] DbFile:41 - Overriding database path with different value: C:\Users\kujon\.stmcufinder\plugins\mcufinder/ => C:\Users\kujon\.stmcufinder\plugins\mcufinder
2025-11-28 09:47:15,053 [INFO] CrossReferenceDbSqlite:203 - Set database path to: C:\Users\kujon\.stmcufinder\plugins\mcufinder//mcu/cs/
2025-11-28 09:47:15,073 [INFO] ApplicationProperties:184 - Using Application install path: D:\Programy\STM32CubeIDE_1.19.0\STM32CubeIDE\plugins\com.st.stm32cube.common.mx_6.15.0.202507011659
2025-11-28 09:47:15,074 [INFO] PluginManage:196 - Search for loadable plugins [exclusion list=, ]
2025-11-28 09:47:15,077 [INFO] PluginManage:310 - Check plugin analytics
2025-11-28 09:47:15,291 [INFO] AnalyticsPlugin:253 - Accepted Software Licenses: 
2025-11-28 09:47:15,292 [INFO] AnalyticsPlugin:255 - Accepted CMSIS Pack Licenses: 
2025-11-28 09:47:15,292 [INFO] AnalyticsPlugin:257 - Accepted Firmware Licenses: 
2025-11-28 09:47:15,293 [INFO] PluginManage:359 - Loaded plugin analytics (category:tool,tabindex:-1)
2025-11-28 09:47:15,294 [INFO] PluginManage:310 - Check plugin cadmodel
2025-11-28 09:47:15,319 [INFO] CADModel:105 - Init CAD model plugin
2025-11-28 09:47:15,320 [INFO] PluginManage:359 - Loaded plugin cadmodel (category:power,tabindex:5)
2025-11-28 09:47:15,320 [INFO] PluginManage:310 - Check plugin clock
2025-11-28 09:47:15,348 [INFO] PluginManage:359 - Loaded plugin clock (category:base,tabindex:2)
2025-11-28 09:47:15,349 [INFO] PluginManage:310 - Check plugin ddr
2025-11-28 09:47:15,352 [INFO] PluginManage:359 - Loaded plugin ddr (category:tool,tabindex:6)
2025-11-28 09:47:15,352 [INFO] PluginManage:310 - Check plugin filemanager
2025-11-28 09:47:15,520 [INFO] PluginManage:359 - Loaded plugin filemanager (category:base,tabindex:10)
2025-11-28 09:47:15,520 [INFO] PluginManage:310 - Check plugin ipmanager
2025-11-28 09:47:15,528 [INFO] PluginManage:359 - Loaded plugin ipmanager (category:base,tabindex:5)
2025-11-28 09:47:15,529 [INFO] PluginManage:310 - Check plugin lpbam
2025-11-28 09:47:15,561 [INFO] PluginManage:359 - Loaded plugin lpbam (category:base,tabindex:0)
2025-11-28 09:47:15,561 [INFO] PluginManage:310 - Check plugin memorymap
2025-11-28 09:47:15,589 [INFO] PluginManage:359 - Loaded plugin memorymap (category:base,tabindex:4)
2025-11-28 09:47:15,589 [INFO] PluginManage:310 - Check plugin pinoutandconfiguration
2025-11-28 09:47:15,613 [INFO] PluginManage:359 - Loaded plugin pinoutandconfiguration (category:base,tabindex:1)
2025-11-28 09:47:15,613 [INFO] PluginManage:310 - Check plugin pinoutconfig
2025-11-28 09:47:15,716 [WARN] SupportedApi:132 - Cannot load RTOS API schema: s4s-elt-must-match.1: The content of 'definitions' must match (annotation?, (simpleType | complexType)?, (unique | key | keyref)*)). A problem was found starting at: attribute.
2025-11-28 09:47:15,856 [INFO] PluginManage:359 - Loaded plugin pinoutconfig (category:base,tabindex:0)
2025-11-28 09:47:15,856 [INFO] PluginManage:310 - Check plugin power
2025-11-28 09:47:15,883 [INFO] PluginManage:359 - Loaded plugin power (category:power,tabindex:4)
2025-11-28 09:47:15,883 [INFO] PluginManage:310 - Check plugin projectmanager
2025-11-28 09:47:15,899 [INFO] PluginManage:359 - Loaded plugin projectmanager (category:projectmanager,tabindex:4)
2025-11-28 09:47:15,899 [INFO] PluginManage:310 - Check plugin rif
2025-11-28 09:47:15,923 [INFO] PluginManage:359 - Loaded plugin rif (category:base,tabindex:3)
2025-11-28 09:47:15,923 [INFO] PluginManage:310 - Check plugin thirdparty
2025-11-28 09:47:16,294 [INFO] PluginManage:359 - Loaded plugin thirdparty (category:base,tabindex:-1)
2025-11-28 09:47:16,294 [INFO] PluginManage:310 - Check plugin tools
2025-11-28 09:47:16,294 [WARN] IntegrityCheckThread:84 - waiting for thirdparty lock release [integrity check]
2025-11-28 09:47:16,294 [INFO] IntegrityCheckThread:86 - entering critical section [integrity check]
2025-11-28 09:47:16,295 [INFO] ThirdPartyUpdaterWithRetryManager:70 - Updater plugin not ready yet. [1/15]
2025-11-28 09:47:16,347 [INFO] PluginManage:359 - Loaded plugin tools (category:base,tabindex:7)
2025-11-28 09:47:16,347 [INFO] PluginManage:310 - Check plugin tutovideos
2025-11-28 09:47:16,591 [INFO] PluginManage:359 - Loaded plugin tutovideos (category:base,tabindex:-1)
2025-11-28 09:47:16,592 [INFO] PluginManage:310 - Check plugin updater
2025-11-28 09:47:16,615 [INFO] PluginManage:359 - Loaded plugin updater (category:base,tabindex:12)
2025-11-28 09:47:16,616 [INFO] PluginManage:310 - Check plugin userauth
2025-11-28 09:47:16,620 [INFO] UserAuth:118 - Init User Auth plugin
2025-11-28 09:47:16,622 [INFO] PluginManage:359 - Loaded plugin userauth (category:base,tabindex:14)
2025-11-28 09:47:16,623 [INFO] PluginManage:283 - PluginManage : Loaded plugins [18]
2025-11-28 09:47:16,866 [INFO] PinOutPanel:1589 - setPackage(No Configuration,No Configuration)
2025-11-28 09:47:16,966 [INFO] CADModel:165 - CPN selected for project level
2025-11-28 09:47:16,966 [INFO] CADModel:114 - Register for checkConnection events
2025-11-28 09:47:17,000 [INFO] IPUIPlugin:80 - create IPUIPlugin
2025-11-28 09:47:17,002 [INFO] PluginManager:220 - loadIPPluginJar : add adc
2025-11-28 09:47:17,058 [INFO] IPUIPlugin:80 - create IPUIPlugin
2025-11-28 09:47:17,059 [INFO] PluginManager:220 - loadIPPluginJar : add aes
2025-11-28 09:47:17,127 [INFO] IPUIPlugin:80 - create IPUIPlugin
2025-11-28 09:47:17,127 [INFO] PluginManager:220 - loadIPPluginJar : add can
2025-11-28 09:47:17,168 [INFO] IPUIPlugin:80 - create IPUIPlugin
2025-11-28 09:47:17,168 [INFO] PluginManager:220 - loadIPPluginJar : add comp
2025-11-28 09:47:17,220 [INFO] IPUIPlugin:80 - create IPUIPlugin
2025-11-28 09:47:17,220 [INFO] PluginManager:220 - loadIPPluginJar : add cryp
2025-11-28 09:47:17,237 [INFO] IPUIPlugin:80 - create IPUIPlugin
2025-11-28 09:47:17,237 [INFO] PluginManager:220 - loadIPPluginJar : add ddr_ctrl_phy
2025-11-28 09:47:17,282 [INFO] IPUIPlugin:80 - create IPUIPlugin
2025-11-28 09:47:17,282 [INFO] PluginManager:220 - loadIPPluginJar : add dfsdm
2025-11-28 09:47:17,300 [INFO] IPUIPlugin:80 - create IPUIPlugin
2025-11-28 09:47:17,300 [INFO] PluginManager:220 - loadIPPluginJar : add dma
2025-11-28 09:47:17,360 [INFO] IPUIPlugin:80 - create IPUIPlugin
2025-11-28 09:47:17,360 [INFO] PluginManager:220 - loadIPPluginJar : add dma3
2025-11-28 09:47:17,426 [INFO] IPUIPlugin:80 - create IPUIPlugin
2025-11-28 09:47:17,426 [INFO] PluginManager:220 - loadIPPluginJar : add extmemmanager
2025-11-28 09:47:17,458 [INFO] IPUIPlugin:80 - create IPUIPlugin
2025-11-28 09:47:17,458 [INFO] PluginManager:220 - loadIPPluginJar : add fatfs
2025-11-28 09:47:17,525 [INFO] IPUIPlugin:80 - create IPUIPlugin
2025-11-28 09:47:17,525 [INFO] PluginManager:220 - loadIPPluginJar : add fmc
2025-11-28 09:47:17,544 [INFO] IPUIPlugin:80 - create IPUIPlugin
2025-11-28 09:47:17,545 [INFO] PluginManager:220 - loadIPPluginJar : add freertos
2025-11-28 09:47:17,577 [INFO] IPUIPlugin:80 - create IPUIPlugin
2025-11-28 09:47:17,577 [INFO] PluginManager:220 - loadIPPluginJar : add genericplugin
2025-11-28 09:47:17,719 [INFO] IPUIPlugin:80 - create IPUIPlugin
2025-11-28 09:47:17,719 [INFO] PluginManager:220 - loadIPPluginJar : add gfxmmu
2025-11-28 09:47:17,914 [INFO] IPUIPlugin:80 - create IPUIPlugin
2025-11-28 09:47:17,914 [INFO] PluginManager:220 - loadIPPluginJar : add gic
2025-11-28 09:47:17,932 [INFO] IPUIPlugin:80 - create IPUIPlugin
2025-11-28 09:47:17,933 [INFO] PluginManager:220 - loadIPPluginJar : add gpio
2025-11-28 09:47:18,063 [INFO] IPUIPlugin:80 - create IPUIPlugin
2025-11-28 09:47:18,063 [INFO] PluginManager:220 - loadIPPluginJar : add gtzc
2025-11-28 09:47:18,111 [INFO] IPUIPlugin:80 - create IPUIPlugin
2025-11-28 09:47:18,111 [INFO] PluginManager:220 - loadIPPluginJar : add hash
2025-11-28 09:47:18,196 [INFO] IPUIPlugin:80 - create IPUIPlugin
2025-11-28 09:47:18,196 [INFO] PluginManager:220 - loadIPPluginJar : add i2c
2025-11-28 09:47:18,253 [INFO] IPUIPlugin:80 - create IPUIPlugin
2025-11-28 09:47:18,253 [INFO] PluginManager:220 - loadIPPluginJar : add i2s
2025-11-28 09:47:18,313 [INFO] IPUIPlugin:80 - create IPUIPlugin
2025-11-28 09:47:18,315 [INFO] PluginManager:220 - loadIPPluginJar : add i3c
2025-11-28 09:47:18,455 [INFO] IPUIPlugin:80 - create IPUIPlugin
2025-11-28 09:47:18,455 [INFO] PluginManager:220 - loadIPPluginJar : add ipddr
2025-11-28 09:47:18,592 [INFO] IPUIPlugin:80 - create IPUIPlugin
2025-11-28 09:47:18,592 [INFO] PluginManager:220 - loadIPPluginJar : add linkedlist
2025-11-28 09:47:18,647 [INFO] IPUIPlugin:80 - create IPUIPlugin
2025-11-28 09:47:18,647 [INFO] PluginManager:220 - loadIPPluginJar : add lorawan
2025-11-28 09:47:18,702 [INFO] IPUIPlugin:80 - create IPUIPlugin
2025-11-28 09:47:18,702 [INFO] PluginManager:220 - loadIPPluginJar : add ltdc
2025-11-28 09:47:18,721 [INFO] IPUIPlugin:80 - create IPUIPlugin
2025-11-28 09:47:18,721 [INFO] PluginManager:220 - loadIPPluginJar : add mdma
2025-11-28 09:47:18,739 [INFO] IPUIPlugin:80 - create IPUIPlugin
2025-11-28 09:47:18,739 [INFO] PluginManager:220 - loadIPPluginJar : add nvic
2025-11-28 09:47:18,797 [INFO] IPUIPlugin:80 - create IPUIPlugin
2025-11-28 09:47:18,797 [INFO] PluginManager:220 - loadIPPluginJar : add opamp
2025-11-28 09:47:18,890 [INFO] IPUIPlugin:80 - create IPUIPlugin
2025-11-28 09:47:18,890 [INFO] PluginManager:220 - loadIPPluginJar : add openamp
2025-11-28 09:47:18,955 [INFO] IPUIPlugin:80 - create IPUIPlugin
2025-11-28 09:47:18,956 [INFO] PluginManager:220 - loadIPPluginJar : add pdm2pcm
2025-11-28 09:47:18,974 [INFO] IPUIPlugin:80 - create IPUIPlugin
2025-11-28 09:47:18,977 [INFO] PluginManager:220 - loadIPPluginJar : add plateformsettings
2025-11-28 09:47:19,017 [INFO] IPUIPlugin:80 - create IPUIPlugin
2025-11-28 09:47:19,017 [INFO] PluginManager:220 - loadIPPluginJar : add quadspi
2025-11-28 09:47:19,059 [INFO] IPUIPlugin:80 - create IPUIPlugin
2025-11-28 09:47:19,060 [INFO] PluginManager:220 - loadIPPluginJar : add radio
2025-11-28 09:47:19,079 [INFO] IPUIPlugin:80 - create IPUIPlugin
2025-11-28 09:47:19,080 [INFO] PluginManager:220 - loadIPPluginJar : add resmgrutility
2025-11-28 09:47:19,152 [INFO] IPUIPlugin:80 - create IPUIPlugin
2025-11-28 09:47:19,152 [INFO] PluginManager:220 - loadIPPluginJar : add sai
2025-11-28 09:47:19,211 [INFO] IPUIPlugin:80 - create IPUIPlugin
2025-11-28 09:47:19,211 [INFO] PluginManager:220 - loadIPPluginJar : add spi
2025-11-28 09:47:19,296 [INFO] ThirdPartyUpdaterWithRetryManager:70 - Updater plugin not ready yet. [2/15]
2025-11-28 09:47:19,319 [INFO] IPUIPlugin:80 - create IPUIPlugin
2025-11-28 09:47:19,319 [INFO] PluginManager:220 - loadIPPluginJar : add stm32_wpan
2025-11-28 09:47:19,357 [INFO] IPUIPlugin:80 - create IPUIPlugin
2025-11-28 09:47:19,357 [INFO] PluginManager:220 - loadIPPluginJar : add tim
2025-11-28 09:47:19,447 [INFO] IPUIPlugin:80 - create IPUIPlugin
2025-11-28 09:47:19,447 [INFO] PluginManager:220 - loadIPPluginJar : add touchsensing
2025-11-28 09:47:19,482 [INFO] IPUIPlugin:80 - create IPUIPlugin
2025-11-28 09:47:19,482 [INFO] PluginManager:220 - loadIPPluginJar : add tracer_emb
2025-11-28 09:47:19,521 [INFO] IPUIPlugin:80 - create IPUIPlugin
2025-11-28 09:47:19,521 [INFO] PluginManager:220 - loadIPPluginJar : add ts
2025-11-28 09:47:19,555 [INFO] IPUIPlugin:80 - create IPUIPlugin
2025-11-28 09:47:19,555 [INFO] PluginManager:220 - loadIPPluginJar : add tsc
2025-11-28 09:47:19,587 [INFO] IPUIPlugin:80 - create IPUIPlugin
2025-11-28 09:47:19,587 [INFO] PluginManager:220 - loadIPPluginJar : add ucpd
2025-11-28 09:47:19,654 [INFO] IPUIPlugin:80 - create IPUIPlugin
2025-11-28 09:47:19,654 [INFO] PluginManager:220 - loadIPPluginJar : add usart
2025-11-28 09:47:19,719 [INFO] IPUIPlugin:80 - create IPUIPlugin
2025-11-28 09:47:19,720 [INFO] PluginManager:220 - loadIPPluginJar : add usbx
2025-11-28 09:47:19,851 [FATAL] Updater:351 - Updater called before beeing initialized
2025-11-28 09:47:19,878 [INFO] RulesReader:64 - Compatibility file has been processed (317 Rules)
2025-11-28 09:47:19,890 [INFO] RulesReader:64 - Compatibility file has been processed (317 Rules)
2025-11-28 09:47:19,897 [INFO] CADModel:165 - CPN selected for project level
2025-11-28 09:47:19,898 [INFO] CADModel:114 - Register for checkConnection events
2025-11-28 09:47:19,898 [FATAL] Updater:351 - Updater called before beeing initialized
2025-11-28 09:47:19,898 [ERROR] CADModel:125 - Updater not yet initialized, retry later 
2025-11-28 09:47:20,060 [FATAL] Updater:351 - Updater called before beeing initialized
2025-11-28 09:47:20,063 [INFO] CADModel:165 - CPN selected for project level
2025-11-28 09:47:20,063 [INFO] CADModel:114 - Register for checkConnection events
2025-11-28 09:47:20,063 [FATAL] Updater:351 - Updater called before beeing initialized
2025-11-28 09:47:20,063 [ERROR] CADModel:125 - Updater not yet initialized, retry later 
2025-11-28 09:47:20,066 [FATAL] Updater:351 - Updater called before beeing initialized
2025-11-28 09:47:20,206 [FATAL] Updater:351 - Updater called before beeing initialized
2025-11-28 09:47:20,222 [INFO] DbMcusAds:53 - JSON generation date=Thu Oct 02 11:36:05 CEST 2025 (1759397765645)
2025-11-28 09:47:20,222 [FATAL] Updater:351 - Updater called before beeing initialized
2025-11-28 09:47:20,317 [WARN] DetailPanel:346 - Failed to get advertising image, set to default
2025-11-28 09:47:20,401 [FATAL] Updater:351 - Updater called before beeing initialized
2025-11-28 09:47:20,403 [FATAL] Updater:351 - Updater called before beeing initialized
2025-11-28 09:47:20,403 [FATAL] Updater:351 - Updater called before beeing initialized
2025-11-28 09:47:20,403 [WARN] DetailPanel:346 - Failed to get advertising image, set to default
2025-11-28 09:47:20,404 [FATAL] Updater:351 - Updater called before beeing initialized
2025-11-28 09:47:20,467 [ERROR] Updater:1198 - MainUpdater not yet initialized. External WinMGr cannot be set.
2025-11-28 09:47:20,480 [INFO] Updater:1134 - Updater Version found : 6.15.0
2025-11-28 09:47:20,503 [INFO] ApplicationProperties:184 - Using Application install path: D:\Programy\STM32CubeIDE_1.19.0\STM32CubeIDE\plugins\com.st.stm32cube.common.mx_6.15.0.202507011659
2025-11-28 09:47:22,091 [ERROR] LogOutputStream:75 - [STDERR_REDIRECT] Nov 28, 2025 9:47:22 AM java.util.prefs.WindowsPreferences <init>
2025-11-28 09:47:22,093 [ERROR] LogOutputStream:75 - [STDERR_REDIRECT] WARNING: Could not open/create prefs root node Software\JavaSoft\Prefs at root 0xffffffff80000002. Windows RegCreateKeyEx(...) returned error code 5.
2025-11-28 09:47:22,094 [ERROR] LogOutputStream:75 - [STDERR_REDIRECT] 
2025-11-28 09:47:22,297 [INFO] ThirdPartyUpdaterWithRetryManager:70 - Updater plugin not ready yet. [3/15]
2025-11-28 09:47:22,678 [INFO] MainUpdater:2872 - connection check result : 10
2025-11-28 09:47:22,679 [INFO] MainUpdater:289 - Updater Check For Update Now.
2025-11-28 09:47:22,679 [INFO] MicroXplorer:498 - Change Database Version : DB.6.0.150
2025-11-28 09:47:22,704 [INFO] McuFinderGlobals:63 - Set McuFinder mode to 2 (CubeIDE integrated)
2025-11-28 09:47:22,716 [INFO] UserAuth:487 - Internet connection configuration mode: 1
2025-11-28 09:47:22,769 [INFO] JxBrowserEngine:152 - Initiate JxBrowser Engine with user profile folder
2025-11-28 09:47:22,934 [INFO] CheckServerUpdateThread:120 - End of CheckServer Thread
2025-11-28 09:47:24,554 [INFO] WebApp:169 - Instantiating new browser for Auth
2025-11-28 09:47:25,455 [INFO] WebApp:463 - Apply proxy settings
2025-11-28 09:47:25,456 [INFO] WebApp:548 - Chromium requires no authentication
2025-11-28 09:47:25,473 [INFO] WebApp:491 - Direct internet connection detected
2025-11-28 09:47:25,527 [INFO] WebApp:900 - Register for checkConnection events
2025-11-28 09:47:25,527 [INFO] WebApp:463 - Apply proxy settings
2025-11-28 09:47:25,527 [INFO] WebApp:548 - Chromium requires no authentication
2025-11-28 09:47:25,528 [INFO] WebApp:491 - Direct internet connection detected
2025-11-28 09:47:25,714 [INFO] WebApp:191 - Connection restablished
2025-11-28 09:47:25,770 [WARN] PackLoader:240 - Cannot read IP mode file for STMicroelectronics.FP-SNS-MOTENVWB1.1.4.0
2025-11-28 09:47:25,811 [WARN] PackLoader:240 - Cannot read IP mode file for STMicroelectronics.FP-ATR-ASTRA1.2.0.2
2025-11-28 09:47:25,847 [WARN] PackLoader:240 - Cannot read IP mode file for STMicroelectronics.X-CUBE-SMBUS.2.1.0
2025-11-28 09:47:25,880 [WARN] PackLoader:240 - Cannot read IP mode file for STMicroelectronics.X-CUBE-ST60.1.0.0
2025-11-28 09:47:25,888 [INFO] WebApp:225 - Starting web application
2025-11-28 09:47:25,889 [INFO] WebApp:593 - Web application path used D:\Programy\STM32CubeIDE_1.19.0\STM32CubeIDE\plugins\com.st.stm32cube.common.mx_6.15.0.202507011659\db\plugins\mcufinder\reactClient1\index.html
2025-11-28 09:47:25,960 [WARN] PackLoader:240 - Cannot read IP mode file for STMicroelectronics.X-CUBE-AZRTOS-F7.1.1.0
2025-11-28 09:47:26,009 [WARN] PackLoader:240 - Cannot read IP mode file for STMicroelectronics.X-CUBE-BLE1.6.2.4
2025-11-28 09:47:26,048 [WARN] PackLoader:240 - Cannot read IP mode file for STMicroelectronics.FP-SNS-MOTENV1.5.1.0
2025-11-28 09:47:26,090 [WARN] PackLoader:240 - Cannot read IP mode file for WES.I-CUBE-Cesium.1.4.0
2025-11-28 09:47:26,150 [WARN] PackLoader:240 - Cannot read IP mode file for Infineon.AIROC-Wi-Fi-Bluetooth-STM32.1.7.1
2025-11-28 09:47:26,256 [WARN] PackLoader:240 - Cannot read IP mode file for STMicroelectronics.X-CUBE-AZRTOS-H7.3.4.0
2025-11-28 09:47:26,311 [WARN] PackLoader:240 - Cannot read IP mode file for STMicroelectronics.X-CUBE-DISPLAY.3.0.0
2025-11-28 09:47:26,359 [WARN] PackLoader:240 - Cannot read IP mode file for STMicroelectronics.X-CUBE-NFC10.1.0.0
2025-11-28 09:47:26,376 [INFO] UserAuth:487 - Internet connection configuration mode: 1
2025-11-28 09:47:26,405 [WARN] PackLoader:240 - Cannot read IP mode file for STMicroelectronics.X-CUBE-ST60.1.1.0
2025-11-28 09:47:26,448 [WARN] PackLoader:240 - Cannot read IP mode file for emotas.I-CUBE-CANOPEN.1.3.0
2025-11-28 09:47:26,483 [WARN] PackLoader:240 - Cannot read IP mode file for STMicroelectronics.X-CUBE-GNSS1.7.1.0
2025-11-28 09:47:26,518 [WARN] PackLoader:240 - Cannot read IP mode file for STMicroelectronics.FP-SNS-STBOX1.2.1.0
2025-11-28 09:47:26,553 [WARN] PackLoader:240 - Cannot read IP mode file for STMicroelectronics.FP-SNS-SMARTAG2.1.2.0
2025-11-28 09:47:26,582 [WARN] PackLoader:240 - Cannot read IP mode file for STMicroelectronics.FP-SNS-FLIGHT1.5.1.0
2025-11-28 09:47:26,620 [INFO] LogOutputStream:77 - [STDOUT_REDIRECT] 1 : Invalid condition id : UX_CORESTACK_Condition cause : null
2025-11-28 09:47:26,622 [INFO] LogOutputStream:77 - [STDOUT_REDIRECT] 1 : Invalid condition id : UX_CORESTACK_Condition cause : null
2025-11-28 09:47:26,624 [INFO] LogOutputStream:77 - [STDOUT_REDIRECT] 1 : Invalid condition id : UX_CORESTACK_Condition cause : null
2025-11-28 09:47:26,625 [INFO] LogOutputStream:77 - [STDOUT_REDIRECT] 1 : Invalid condition id : UX_CORESTACK_Condition cause : null
2025-11-28 09:47:26,627 [INFO] LogOutputStream:77 - [STDOUT_REDIRECT] 1 : Invalid condition id : UX_CORESTACK_Condition cause : null
2025-11-28 09:47:26,630 [WARN] PackLoader:240 - Cannot read IP mode file for STMicroelectronics.X-CUBE-AZRTOS-WL.2.0.0
2025-11-28 09:47:26,656 [WARN] PackLoader:240 - Cannot read IP mode file for STMicroelectronics.FP-SNS-MOTENV1.5.0.0
2025-11-28 09:47:26,709 [WARN] PackLoader:240 - Cannot read IP mode file for STMicroelectronics.X-CUBE-AZRTOS-H7RS.1.2.0
2025-11-28 09:47:26,742 [WARN] PackLoader:240 - Cannot read IP mode file for STMicroelectronics.X-CUBE-BLE2.3.3.0
2025-11-28 09:47:26,830 [WARN] PackLoader:240 - Cannot read IP mode file for STMicroelectronics.X-CUBE-TOF1.3.2.0
2025-11-28 09:47:26,862 [WARN] PackLoader:240 - Cannot read IP mode file for STMicroelectronics.X-CUBE-NFC9.1.0.0
2025-11-28 09:47:26,888 [WARN] PackLoader:240 - Cannot read IP mode file for wolfSSL.I-CUBE-wolfSSL.5.8.2
2025-11-28 09:47:26,911 [WARN] PackLoader:240 - Cannot read IP mode file for STMicroelectronics.X-CUBE-BLE1.7.1.0
2025-11-28 09:47:26,935 [WARN] PackLoader:240 - Cannot read IP mode file for wolfSSL.I-CUBE-wolfMQTT.1.19.2
2025-11-28 09:47:26,958 [WARN] PackLoader:240 - Cannot read IP mode file for STMicroelectronics.X-CUBE-FREERTOS.1.4.0
2025-11-28 09:47:26,980 [WARN] PackLoader:240 - Cannot read IP mode file for STMicroelectronics.X-CUBE-EEPRMA1.5.2.0
2025-11-28 09:47:27,007 [WARN] PackLoader:240 - Cannot read IP mode file for STMicroelectronics.X-CUBE-TOUCHGFX.4.21.1
2025-11-28 09:47:27,027 [WARN] PackLoader:240 - Cannot read IP mode file for STMicroelectronics.X-CUBE-ST67W61.1.1.0
2025-11-28 09:47:27,104 [WARN] PackLoader:240 - Cannot read IP mode file for STMicroelectronics.X-CUBE-MEMS1.12.0.0
2025-11-28 09:47:27,213 [WARN] PackLoader:240 - Cannot read IP mode file for STMicroelectronics.X-CUBE-ALGOBUILD.1.3.0
2025-11-28 09:47:27,258 [WARN] PackLoader:240 - Cannot read IP mode file for STMicroelectronics.X-CUBE-AZRTOS-G0.1.1.0
2025-11-28 09:47:27,287 [WARN] PackLoader:240 - Cannot read IP mode file for STMicroelectronics.X-CUBE-SAFEA1.1.2.2
2025-11-28 09:47:27,312 [WARN] PackLoader:240 - Cannot read IP mode file for STMicroelectronics.X-CUBE-NFC4.3.0.0
2025-11-28 09:47:27,341 [WARN] PackLoader:240 - Cannot read IP mode file for EmbeddedOffice.I-CUBE-FS-RTOS.1.0.1
2025-11-28 09:47:27,364 [WARN] PackLoader:240 - Cannot read IP mode file for STMicroelectronics.X-CUBE-WB05N.2.0.0
2025-11-28 09:47:27,391 [WARN] PackLoader:240 - Cannot read IP mode file for wolfSSL.I-CUBE-wolfTPM.3.8.0
2025-11-28 09:47:27,416 [WARN] PackLoader:240 - Cannot read IP mode file for STMicroelectronics.X-CUBE-BLEMGR.1.3.0
2025-11-28 09:47:27,439 [WARN] PackLoader:240 - Cannot read IP mode file for STMicroelectronics.X-CUBE-TCPP.4.2.0
2025-11-28 09:47:27,460 [WARN] PackLoader:240 - Cannot read IP mode file for RealThread.X-CUBE-RT-Thread_Nano.4.1.1
2025-11-28 09:47:27,480 [WARN] PackLoader:240 - Cannot read IP mode file for STMicroelectronics.FP-ATR-SIGFOX1.3.2.0
2025-11-28 09:47:27,505 [WARN] PackLoader:240 - Cannot read IP mode file for ITTIA_DB.I-CUBE-ITTIADB.8.9.0
2025-11-28 09:47:27,558 [WARN] PackLoader:240 - Cannot read IP mode file for STMicroelectronics.X-CUBE-MEMS1.9.5.0
2025-11-28 09:47:27,676 [WARN] PackLoader:240 - Cannot read IP mode file for STMicroelectronics.X-CUBE-ST67W61.1.0.0
2025-11-28 09:47:27,704 [WARN] PackLoader:240 - Cannot read IP mode file for STMicroelectronics.X-CUBE-AI.10.2.0
2025-11-28 09:47:27,758 [WARN] PackLoader:240 - Cannot read IP mode file for SEGGER.I-CUBE-embOS.1.3.1
2025-11-28 09:47:27,803 [WARN] PackLoader:240 - Cannot read IP mode file for STMicroelectronics.X-CUBE-ALGOBUILD.1.4.0
2025-11-28 09:47:27,882 [WARN] PackLoader:240 - Cannot read IP mode file for STMicroelectronics.X-CUBE-MEMS1.11.3.0
2025-11-28 09:47:28,024 [WARN] PackLoader:240 - Cannot read IP mode file for STMicroelectronics.X-CUBE-PM33A1.1.0.0
2025-11-28 09:47:28,048 [WARN] PackLoader:240 - Cannot read IP mode file for STMicroelectronics.X-CUBE-GNSS1.6.0.0
2025-11-28 09:47:28,093 [WARN] PackLoader:240 - Cannot read IP mode file for STMicroelectronics.X-CUBE-AZRTOS-F4.1.1.0
2025-11-28 09:47:28,122 [WARN] PackLoader:240 - Cannot read IP mode file for Avnet-IotConnect.X-CUBE-IoTC-DA16k-PMOD.1.0.0
2025-11-28 09:47:28,151 [WARN] PackLoader:240 - Cannot read IP mode file for STMicroelectronics.X-CUBE-ISPU.2.1.0
2025-11-28 09:47:28,189 [WARN] PackLoader:240 - Cannot read IP mode file for STMicroelectronics.X-CUBE-IPS.3.2.0
2025-11-28 09:47:28,227 [WARN] PackLoader:240 - Cannot read IP mode file for STMicroelectronics.X-CUBE-NFC12.1.0.0
2025-11-28 09:47:28,275 [WARN] PackLoader:240 - Cannot read IP mode file for STMicroelectronics.X-CUBE-AZRTOS-L5.2.0.0
2025-11-28 09:47:28,307 [WARN] PackLoader:240 - Cannot read IP mode file for STMicroelectronics.X-CUBE-NFC6.3.1.0
2025-11-28 09:47:28,338 [WARN] PackLoader:240 - Cannot read IP mode file for emotas.I-CUBE-CANOPEN.1.1.3
2025-11-28 09:47:28,360 [WARN] PackLoader:240 - Cannot read IP mode file for wolfSSL.I-CUBE-wolfSSL.5.5.4
2025-11-28 09:47:28,384 [WARN] PackLoader:240 - Cannot read IP mode file for STMicroelectronics.X-CUBE-FREERTOS.1.3.1
2025-11-28 09:47:28,406 [WARN] PackLoader:240 - Cannot read IP mode file for STMicroelectronics.X-CUBE-NFC7.1.0.0
2025-11-28 09:47:28,427 [WARN] PackLoader:240 - Cannot read IP mode file for STMicroelectronics.X-CUBE-TOUCHGFX.4.26.0
2025-11-28 09:47:28,447 [WARN] PackLoader:240 - Cannot read IP mode file for STMicroelectronics.X-CUBE-EEPRMA1.4.1.0
2025-11-28 09:47:28,465 [WARN] PackLoader:240 - Cannot read IP mode file for STMicroelectronics.FP-SNS-STAIOTCFT.1.0.0
2025-11-28 09:47:28,486 [WARN] PackLoader:240 - Cannot read IP mode file for STMicroelectronics.X-CUBE-DPower.1.3.0
2025-11-28 09:47:28,521 [WARN] ConditionMgr:438 - getConditionDescription Invalid condition id : LAN8742 Phy interface Condition cause : null
2025-11-28 09:47:28,522 [WARN] PackLoader:240 - Cannot read IP mode file for STMicroelectronics.X-CUBE-AZRTOS-L4.2.0.0
2025-11-28 09:47:28,524 [WARN] ConditionMgr:1044 - genDependencies : Invalid condition id : LAN8742 Phy interface Condition cause : null
2025-11-28 09:47:28,525 [WARN] ConditionMgr:1044 - genDependencies : Invalid condition id : LAN8742 Phy interface Condition cause : null
2025-11-28 09:47:28,525 [WARN] ConditionMgr:1044 - genDependencies : Invalid condition id : LAN8742 Phy interface Condition cause : null
2025-11-28 09:47:28,549 [WARN] PackLoader:240 - Cannot read IP mode file for STMicroelectronics.X-CUBE-SFXS2LP1.4.0.0
2025-11-28 09:47:28,590 [WARN] PackLoader:240 - Cannot read IP mode file for STMicroelectronics.X-CUBE-AZRTOS-H7.3.0.0
2025-11-28 09:47:28,612 [WARN] PackLoader:240 - Cannot read IP mode file for STMicroelectronics.X-CUBE-ISPU.1.1.0
2025-11-28 09:47:28,642 [WARN] PackLoader:240 - Cannot read IP mode file for RoweBots.I-CUBE-UNISONRTOS.5.5.0-4
2025-11-28 09:47:28,669 [WARN] PackLoader:240 - Cannot read IP mode file for STMicroelectronics.X-CUBE-BLEMGR.4.1.0
2025-11-28 09:47:28,690 [WARN] PackLoader:240 - Cannot read IP mode file for STMicroelectronics.X-CUBE-AI.8.0.0
2025-11-28 09:47:28,718 [WARN] ConditionMgr:438 - getConditionDescription Invalid condition id : UX DEVICE CLASS RTOS Condition cause : null
2025-11-28 09:47:28,719 [WARN] ConditionMgr:438 - getConditionDescription Invalid condition id : UX DEVICE CLASS RTOS Condition cause : null
2025-11-28 09:47:28,721 [WARN] PackLoader:240 - Cannot read IP mode file for STMicroelectronics.X-CUBE-AZRTOS-WB.2.0.0
2025-11-28 09:47:28,721 [WARN] ConditionMgr:1044 - genDependencies : Invalid condition id : UX DEVICE CLASS RTOS Condition cause : null
2025-11-28 09:47:28,721 [WARN] ConditionMgr:1044 - genDependencies : Invalid condition id : UX DEVICE CLASS RTOS Condition cause : null
2025-11-28 09:47:28,722 [WARN] ConditionMgr:1044 - genDependencies : Invalid condition id : UX DEVICE CLASS RTOS Condition cause : null
2025-11-28 09:47:28,722 [WARN] ConditionMgr:1044 - genDependencies : Invalid condition id : UX DEVICE CLASS RTOS Condition cause : null
2025-11-28 09:47:28,722 [WARN] ConditionMgr:1044 - genDependencies : Invalid condition id : UX DEVICE CLASS RTOS Condition cause : null
2025-11-28 09:47:28,741 [WARN] PackLoader:240 - Cannot read IP mode file for STMicroelectronics.X-CUBE-GNSS1.7.0.1
2025-11-28 09:47:28,759 [WARN] PackLoader:240 - Cannot read IP mode file for STMicroelectronics.X-CUBE-TOUCHGFX.4.25.0
2025-11-28 09:47:28,778 [WARN] ConditionMgr:438 - getConditionDescription Invalid condition id : Cortex-A Device cause : null
2025-11-28 09:47:28,808 [WARN] ConditionMgr:1044 - genDependencies : Invalid condition id : Cortex-A Device cause : null
2025-11-28 09:47:28,808 [WARN] ConditionMgr:1044 - genDependencies : Invalid condition id : Cortex-A Device cause : null
2025-11-28 09:47:28,808 [WARN] ConditionMgr:1044 - genDependencies : Invalid condition id : Cortex-A Device cause : null
2025-11-28 09:47:28,840 [WARN] PackLoader:240 - Cannot read IP mode file for STMicroelectronics.X-CUBE-AZRTOS-L5.1.1.0
2025-11-28 09:47:28,869 [WARN] PackLoader:240 - Cannot read IP mode file for STMicroelectronics.X-CUBE-SUBG2.5.0.0
2025-11-28 09:47:28,915 [WARN] PackLoader:240 - Cannot read IP mode file for STMicroelectronics.X-CUBE-AZRTOS-H7RS.1.1.0
2025-11-28 09:47:28,942 [WARN] PackLoader:240 - Cannot read IP mode file for Cesanta.I-CUBE-Mongoose.7.13.0
2025-11-28 09:47:28,987 [WARN] PackLoader:240 - Cannot read IP mode file for STMicroelectronics.X-CUBE-AZRTOS-G4.2.0.0
2025-11-28 09:47:29,012 [WARN] PackLoader:240 - Cannot read IP mode file for STMicroelectronics.FP-ATR-ASTRA1.1.1.1
2025-11-28 09:47:29,035 [WARN] PackLoader:240 - Cannot read IP mode file for wolfSSL.I-CUBE-wolfSSH.1.4.20
2025-11-28 09:47:29,056 [WARN] PackLoader:240 - Cannot read IP mode file for STMicroelectronics.X-CUBE-NFC7.2.0.0
2025-11-28 09:47:29,092 [WARN] PackLoader:240 - Cannot read IP mode file for STMicroelectronics.X-CUBE-AZRTOS-G4.1.0.0
2025-11-28 09:47:29,134 [WARN] PackLoader:240 - Cannot read IP mode file for STMicroelectronics.X-CUBE-AZRTOS-L4.1.0.0
2025-11-28 09:47:29,173 [WARN] PackLoader:240 - Cannot read IP mode file for STMicroelectronics.X-CUBE-IPS.3.1.0
2025-11-28 09:47:29,213 [WARN] PackLoader:240 - Cannot read IP mode file for STMicroelectronics.X-CUBE-ALS.1.0.2
2025-11-28 09:47:29,273 [WARN] PackLoader:240 - Cannot read IP mode file for STMicroelectronics.X-CUBE-AZRTOS-WL.1.0.0
2025-11-28 09:47:29,307 [WARN] PackLoader:240 - Cannot read IP mode file for STMicroelectronics.X-CUBE-STSE01.1.0.0
2025-11-28 09:47:29,335 [WARN] PackLoader:240 - Cannot read IP mode file for portGmbH.I-Cube-SoM-uGOAL.1.1.0
2025-11-28 09:47:29,358 [WARN] PackLoader:240 - Cannot read IP mode file for STMicroelectronics.X-CUBE-ALS.1.0.1
2025-11-28 09:47:29,390 [WARN] PackLoader:240 - Cannot read IP mode file for STMicroelectronics.X-CUBE-AZRTOS-WB.1.1.0
2025-11-28 09:47:29,418 [WARN] PackLoader:240 - Cannot read IP mode file for STMicroelectronics.X-CUBE-TOF1.3.4.3
2025-11-28 09:47:29,424 [INFO] ThirdParty:978 - Integrity check success = true
2025-11-28 09:47:29,424 [INFO] IntegrityCheckThread:100 - exiting critical section [integrity check]
2025-11-28 09:47:29,424 [INFO] IntegrityCheckThread:103 - End integrity checks thread
2025-11-28 09:57:26,266 [INFO] McuFinderGlobals:63 - Set McuFinder mode to 2 (CubeIDE integrated)
2025-11-28 09:57:26,313 [INFO] MainUpdater:2872 - connection check result : 10
2025-11-28 09:57:26,323 [INFO] MainUpdater:2872 - connection check result : 10
2025-11-28 09:57:26,664 [INFO] MicroXplorer:468 - Change Database Path : 
2025-11-28 09:57:26,664 [INFO] MicroXplorer:498 - Change Database Version : DB.6.0.150
2025-11-28 09:57:26,672 [WARN] ThirdParty:871 - waiting for thirdparty lock release [close project]
2025-11-28 09:57:26,673 [INFO] ThirdParty:873 - entering critical section [close project]
2025-11-28 09:57:26,676 [INFO] ThirdParty:883 - exiting critical section [close project]
2025-11-28 09:57:26,678 [INFO] PinOutPanel:1589 - setPackage(No Configuration,No Configuration)
2025-11-28 09:57:26,682 [INFO] UtilMem:75 - Begin LoadConfig() Used Memory: 605499960 Bytes (1073741824)
2025-11-28 09:57:26,685 [INFO] MicroXplorer:468 - Change Database Path : 
2025-11-28 09:57:26,686 [INFO] MicroXplorer:498 - Change Database Version : DB.6.0.150
2025-11-28 09:57:26,686 [INFO] OpenFileManager:355 - Change cursor
2025-11-28 09:57:26,770 [INFO] Mcu:2029 - Initializing MCU STM32G473C(B-C-E)Tx STM32G473CETx STM32G473CET6
2025-11-28 09:57:32,221 [INFO] Context:786 - Trying to add GPIOservice into a context  which must be forbidden
2025-11-28 09:57:33,831 [INFO] ImportTextPane:234 - (OptionalMessage_ERROR) Pin40 (VP_RIF_VS_RIF1) cannot be retrieved for this MCU
2025-11-28 09:57:33,959 [INFO] RtosManager:558 - Registered RTOS mode: class=CMSIS, group=RTOS, mode=CMSIS_V1, owner=FREERTOS
2025-11-28 09:57:33,959 [INFO] RtosManager:558 - Registered RTOS mode: class=CMSIS, group=RTOS2, mode=CMSIS_V2, owner=FREERTOS
2025-11-28 09:57:33,959 [INFO] RtosManager:558 - Registered RTOS mode: class=RTOS, group=Core, mode=CMSIS_V1, owner=FREERTOS
2025-11-28 09:57:33,959 [INFO] RtosManager:558 - Registered RTOS mode: class=RTOS, group=Core, mode=CMSIS_V2, owner=FREERTOS
2025-11-28 09:57:33,960 [WARN] ModelIntegratedComponent:184 - Missing modes for component STMicroelectronics:FreeRTOS:0.0.1:STMicroelectronics:RTOS:FreeRTOS:Core:::10.2.0:
2025-11-28 09:57:33,972 [WARN] ModelIntegratedComponent:63 - No mode defined for component null
2025-11-28 09:57:33,973 [WARN] ModelIntegratedComponent:63 - No mode defined for component null
2025-11-28 09:57:33,973 [WARN] ModelIntegratedComponent:63 - No mode defined for component null
2025-11-28 09:57:33,973 [WARN] ModelIntegratedComponent:63 - No mode defined for component null
2025-11-28 09:57:33,973 [WARN] ModelIntegratedComponent:63 - No mode defined for component null
2025-11-28 09:57:33,973 [WARN] ModelIntegratedComponent:63 - No mode defined for component null
2025-11-28 09:57:33,973 [WARN] ModelIntegratedComponent:63 - No mode defined for component null
2025-11-28 09:57:33,973 [WARN] ModelIntegratedComponent:63 - No mode defined for component null
2025-11-28 09:57:33,973 [WARN] ModelIntegratedComponent:63 - No mode defined for component null
2025-11-28 09:57:33,973 [WARN] ModelIntegratedComponent:63 - No mode defined for component null
2025-11-28 09:57:33,973 [WARN] ModelIntegratedComponent:63 - No mode defined for component null
2025-11-28 09:57:33,973 [WARN] ModelIntegratedComponent:63 - No mode defined for component null
2025-11-28 09:57:33,973 [WARN] ModelIntegratedComponent:63 - No mode defined for component null
2025-11-28 09:57:33,973 [WARN] ModelIntegratedComponent:63 - No mode defined for component null
2025-11-28 09:57:33,973 [WARN] ModelIntegratedComponent:63 - No mode defined for component null
2025-11-28 09:57:33,973 [WARN] ModelIntegratedComponent:63 - No mode defined for component null
2025-11-28 09:57:33,973 [WARN] ModelIntegratedComponent:63 - No mode defined for component null
2025-11-28 09:57:33,973 [WARN] ModelIntegratedComponent:63 - No mode defined for component null
2025-11-28 09:57:33,974 [WARN] ModelIntegratedComponent:63 - No mode defined for component null
2025-11-28 09:57:33,974 [WARN] ModelIntegratedComponent:63 - No mode defined for component null
2025-11-28 09:57:33,974 [WARN] ModelIntegratedComponent:63 - No mode defined for component null
2025-11-28 09:57:33,974 [WARN] ModelIntegratedComponent:63 - No mode defined for component null
2025-11-28 09:57:33,974 [WARN] ModelIntegratedComponent:63 - No mode defined for component null
2025-11-28 09:57:33,974 [WARN] ModelIntegratedComponent:63 - No mode defined for component null
2025-11-28 09:57:33,974 [WARN] ModelIntegratedComponent:63 - No mode defined for component null
2025-11-28 09:57:33,974 [WARN] ModelIntegratedComponent:63 - No mode defined for component null
2025-11-28 09:57:33,974 [WARN] ModelIntegratedComponent:63 - No mode defined for component null
2025-11-28 09:57:33,974 [WARN] ModelIntegratedComponent:63 - No mode defined for component null
2025-11-28 09:57:33,974 [WARN] ModelIntegratedComponent:63 - No mode defined for component null
2025-11-28 09:57:33,974 [WARN] ModelIntegratedComponent:63 - No mode defined for component null
2025-11-28 09:57:33,974 [WARN] ModelIntegratedComponent:63 - No mode defined for component null
2025-11-28 09:57:33,974 [WARN] ModelIntegratedComponent:63 - No mode defined for component null
2025-11-28 09:57:33,974 [WARN] ModelIntegratedComponent:63 - No mode defined for component null
2025-11-28 09:57:33,974 [WARN] ModelIntegratedComponent:63 - No mode defined for component null
2025-11-28 09:57:33,974 [WARN] ModelIntegratedComponent:63 - No mode defined for component null
2025-11-28 09:57:33,975 [WARN] ModelPack:524 - Component already loaded: STMicroelectronics:HAL Drivers:0.0.0:STMicroelectronics:Device:STMicro_Driver:XSPI:HAL::0.0.1:HAL_XSPI
2025-11-28 09:57:34,252 [INFO] ThirdPartyModel:298 - Start build external matchings
2025-11-28 09:57:35,351 [INFO] ThirdPartyModel:316 - End build external matchings
2025-11-28 09:57:35,406 [INFO] ImportTextPane:234 - (OptionalMessage_ERROR) IP (ADC1) : Parameter (CommonPathInternal) has invalid value (null|null|null|null)
2025-11-28 09:57:35,408 [INFO] ImportTextPane:234 - (OptionalMessage_ERROR) IP (DMA) : Parameter (Instance) has Id (I2C2_TX) currently not set
2025-11-28 09:57:35,408 [INFO] ImportTextPane:234 - (OptionalMessage_ERROR) IP (DMA) : Parameter (Request) has Id (I2C2_TX) currently not set
2025-11-28 09:57:35,408 [INFO] ImportTextPane:234 - (OptionalMessage_ERROR) IP (DMA) : Parameter (Direction) has Id (I2C2_TX) currently not set
2025-11-28 09:57:35,408 [INFO] ImportTextPane:234 - (OptionalMessage_ERROR) IP (DMA) : Parameter (PeriphInc) has Id (I2C2_TX) currently not set
2025-11-28 09:57:35,408 [INFO] ImportTextPane:234 - (OptionalMessage_ERROR) IP (DMA) : Parameter (MemInc) has Id (I2C2_TX) currently not set
2025-11-28 09:57:35,408 [INFO] ImportTextPane:234 - (OptionalMessage_ERROR) IP (DMA) : Parameter (PeriphDataAlignment) has Id (I2C2_TX) currently not set
2025-11-28 09:57:35,409 [INFO] ImportTextPane:234 - (OptionalMessage_ERROR) IP (DMA) : Parameter (MemDataAlignment) has Id (I2C2_TX) currently not set
2025-11-28 09:57:35,409 [INFO] ImportTextPane:234 - (OptionalMessage_ERROR) IP (DMA) : Parameter (Mode) has Id (I2C2_TX) currently not set
2025-11-28 09:57:35,409 [INFO] ImportTextPane:234 - (OptionalMessage_ERROR) IP (DMA) : Parameter (Priority) has Id (I2C2_TX) currently not set
2025-11-28 09:57:35,409 [INFO] ImportTextPane:234 - (OptionalMessage_ERROR) IP (DMA) : Parameter (SignalID) has Id (I2C2_TX) currently not set
2025-11-28 09:57:35,409 [INFO] ImportTextPane:234 - (OptionalMessage_ERROR) IP (DMA) : Parameter (Polarity) has Id (I2C2_TX) currently not set
2025-11-28 09:57:35,409 [INFO] ImportTextPane:234 - (OptionalMessage_ERROR) IP (DMA) : Parameter (RequestNumber) has Id (I2C2_TX) currently not set
2025-11-28 09:57:35,409 [INFO] ImportTextPane:234 - (OptionalMessage_ERROR) IP (DMA) : Parameter (SyncSignalID) has Id (I2C2_TX) currently not set
2025-11-28 09:57:35,409 [INFO] ImportTextPane:234 - (OptionalMessage_ERROR) IP (DMA) : Parameter (SyncPolarity) has Id (I2C2_TX) currently not set
2025-11-28 09:57:35,409 [INFO] ImportTextPane:234 - (OptionalMessage_ERROR) IP (DMA) : Parameter (SyncEnable) has Id (I2C2_TX) currently not set
2025-11-28 09:57:35,409 [INFO] ImportTextPane:234 - (OptionalMessage_ERROR) IP (DMA) : Parameter (EventEnable) has Id (I2C2_TX) currently not set
2025-11-28 09:57:35,409 [INFO] ImportTextPane:234 - (OptionalMessage_ERROR) IP (DMA) : Parameter (SyncRequestNumber) has Id (I2C2_TX) currently not set
2025-11-28 09:57:35,409 [INFO] ImportTextPane:234 - (OptionalMessage_ERROR) IP (DMA) : Parameter (Instance) has Id (I2C2_RX) currently not set
2025-11-28 09:57:35,409 [INFO] ImportTextPane:234 - (OptionalMessage_ERROR) IP (DMA) : Parameter (Request) has Id (I2C2_RX) currently not set
2025-11-28 09:57:35,409 [INFO] ImportTextPane:234 - (OptionalMessage_ERROR) IP (DMA) : Parameter (Direction) has Id (I2C2_RX) currently not set
2025-11-28 09:57:35,410 [INFO] ImportTextPane:234 - (OptionalMessage_ERROR) IP (DMA) : Parameter (PeriphInc) has Id (I2C2_RX) currently not set
2025-11-28 09:57:35,410 [INFO] ImportTextPane:234 - (OptionalMessage_ERROR) IP (DMA) : Parameter (MemInc) has Id (I2C2_RX) currently not set
2025-11-28 09:57:35,410 [INFO] ImportTextPane:234 - (OptionalMessage_ERROR) IP (DMA) : Parameter (PeriphDataAlignment) has Id (I2C2_RX) currently not set
2025-11-28 09:57:35,410 [INFO] ImportTextPane:234 - (OptionalMessage_ERROR) IP (DMA) : Parameter (MemDataAlignment) has Id (I2C2_RX) currently not set
2025-11-28 09:57:35,410 [INFO] ImportTextPane:234 - (OptionalMessage_ERROR) IP (DMA) : Parameter (Mode) has Id (I2C2_RX) currently not set
2025-11-28 09:57:35,410 [INFO] ImportTextPane:234 - (OptionalMessage_ERROR) IP (DMA) : Parameter (Priority) has Id (I2C2_RX) currently not set
2025-11-28 09:57:35,410 [INFO] ImportTextPane:234 - (OptionalMessage_ERROR) IP (DMA) : Parameter (SignalID) has Id (I2C2_RX) currently not set
2025-11-28 09:57:35,410 [INFO] ImportTextPane:234 - (OptionalMessage_ERROR) IP (DMA) : Parameter (Polarity) has Id (I2C2_RX) currently not set
2025-11-28 09:57:35,410 [INFO] ImportTextPane:234 - (OptionalMessage_ERROR) IP (DMA) : Parameter (RequestNumber) has Id (I2C2_RX) currently not set
2025-11-28 09:57:35,410 [INFO] ImportTextPane:234 - (OptionalMessage_ERROR) IP (DMA) : Parameter (SyncSignalID) has Id (I2C2_RX) currently not set
2025-11-28 09:57:35,410 [INFO] ImportTextPane:234 - (OptionalMessage_ERROR) IP (DMA) : Parameter (SyncPolarity) has Id (I2C2_RX) currently not set
2025-11-28 09:57:35,410 [INFO] ImportTextPane:234 - (OptionalMessage_ERROR) IP (DMA) : Parameter (SyncEnable) has Id (I2C2_RX) currently not set
2025-11-28 09:57:35,410 [INFO] ImportTextPane:234 - (OptionalMessage_ERROR) IP (DMA) : Parameter (EventEnable) has Id (I2C2_RX) currently not set
2025-11-28 09:57:35,410 [INFO] ImportTextPane:234 - (OptionalMessage_ERROR) IP (DMA) : Parameter (SyncRequestNumber) has Id (I2C2_RX) currently not set
2025-11-28 09:57:35,410 [INFO] ImportTextPane:234 - (OptionalMessage_ERROR) IP (DMA) : Parameter (Instance) has Id (SPI1_RX) currently not set
2025-11-28 09:57:35,410 [INFO] ImportTextPane:234 - (OptionalMessage_ERROR) IP (DMA) : Parameter (Request) has Id (SPI1_RX) currently not set
2025-11-28 09:57:35,410 [INFO] ImportTextPane:234 - (OptionalMessage_ERROR) IP (DMA) : Parameter (Direction) has Id (SPI1_RX) currently not set
2025-11-28 09:57:35,410 [INFO] ImportTextPane:234 - (OptionalMessage_ERROR) IP (DMA) : Parameter (PeriphInc) has Id (SPI1_RX) currently not set
2025-11-28 09:57:35,410 [INFO] ImportTextPane:234 - (OptionalMessage_ERROR) IP (DMA) : Parameter (MemInc) has Id (SPI1_RX) currently not set
2025-11-28 09:57:35,411 [INFO] ImportTextPane:234 - (OptionalMessage_ERROR) IP (DMA) : Parameter (PeriphDataAlignment) has Id (SPI1_RX) currently not set
2025-11-28 09:57:35,411 [INFO] ImportTextPane:234 - (OptionalMessage_ERROR) IP (DMA) : Parameter (MemDataAlignment) has Id (SPI1_RX) currently not set
2025-11-28 09:57:35,411 [INFO] ImportTextPane:234 - (OptionalMessage_ERROR) IP (DMA) : Parameter (Mode) has Id (SPI1_RX) currently not set
2025-11-28 09:57:35,411 [INFO] ImportTextPane:234 - (OptionalMessage_ERROR) IP (DMA) : Parameter (Priority) has Id (SPI1_RX) currently not set
2025-11-28 09:57:35,411 [INFO] ImportTextPane:234 - (OptionalMessage_ERROR) IP (DMA) : Parameter (SignalID) has Id (SPI1_RX) currently not set
2025-11-28 09:57:35,411 [INFO] ImportTextPane:234 - (OptionalMessage_ERROR) IP (DMA) : Parameter (Polarity) has Id (SPI1_RX) currently not set
2025-11-28 09:57:35,411 [INFO] ImportTextPane:234 - (OptionalMessage_ERROR) IP (DMA) : Parameter (RequestNumber) has Id (SPI1_RX) currently not set
2025-11-28 09:57:35,411 [INFO] ImportTextPane:234 - (OptionalMessage_ERROR) IP (DMA) : Parameter (SyncSignalID) has Id (SPI1_RX) currently not set
2025-11-28 09:57:35,411 [INFO] ImportTextPane:234 - (OptionalMessage_ERROR) IP (DMA) : Parameter (SyncPolarity) has Id (SPI1_RX) currently not set
2025-11-28 09:57:35,411 [INFO] ImportTextPane:234 - (OptionalMessage_ERROR) IP (DMA) : Parameter (SyncEnable) has Id (SPI1_RX) currently not set
2025-11-28 09:57:35,411 [INFO] ImportTextPane:234 - (OptionalMessage_ERROR) IP (DMA) : Parameter (EventEnable) has Id (SPI1_RX) currently not set
2025-11-28 09:57:35,411 [INFO] ImportTextPane:234 - (OptionalMessage_ERROR) IP (DMA) : Parameter (SyncRequestNumber) has Id (SPI1_RX) currently not set
2025-11-28 09:57:35,411 [INFO] ImportTextPane:234 - (OptionalMessage_ERROR) IP (DMA) : Parameter (Instance) has Id (SPI1_TX) currently not set
2025-11-28 09:57:35,411 [INFO] ImportTextPane:234 - (OptionalMessage_ERROR) IP (DMA) : Parameter (Request) has Id (SPI1_TX) currently not set
2025-11-28 09:57:35,411 [INFO] ImportTextPane:234 - (OptionalMessage_ERROR) IP (DMA) : Parameter (Direction) has Id (SPI1_TX) currently not set
2025-11-28 09:57:35,411 [INFO] ImportTextPane:234 - (OptionalMessage_ERROR) IP (DMA) : Parameter (PeriphInc) has Id (SPI1_TX) currently not set
2025-11-28 09:57:35,411 [INFO] ImportTextPane:234 - (OptionalMessage_ERROR) IP (DMA) : Parameter (MemInc) has Id (SPI1_TX) currently not set
2025-11-28 09:57:35,411 [INFO] ImportTextPane:234 - (OptionalMessage_ERROR) IP (DMA) : Parameter (PeriphDataAlignment) has Id (SPI1_TX) currently not set
2025-11-28 09:57:35,412 [INFO] ImportTextPane:234 - (OptionalMessage_ERROR) IP (DMA) : Parameter (MemDataAlignment) has Id (SPI1_TX) currently not set
2025-11-28 09:57:35,412 [INFO] ImportTextPane:234 - (OptionalMessage_ERROR) IP (DMA) : Parameter (Mode) has Id (SPI1_TX) currently not set
2025-11-28 09:57:35,412 [INFO] ImportTextPane:234 - (OptionalMessage_ERROR) IP (DMA) : Parameter (Priority) has Id (SPI1_TX) currently not set
2025-11-28 09:57:35,412 [INFO] ImportTextPane:234 - (OptionalMessage_ERROR) IP (DMA) : Parameter (SignalID) has Id (SPI1_TX) currently not set
2025-11-28 09:57:35,412 [INFO] ImportTextPane:234 - (OptionalMessage_ERROR) IP (DMA) : Parameter (Polarity) has Id (SPI1_TX) currently not set
2025-11-28 09:57:35,412 [INFO] ImportTextPane:234 - (OptionalMessage_ERROR) IP (DMA) : Parameter (RequestNumber) has Id (SPI1_TX) currently not set
2025-11-28 09:57:35,412 [INFO] ImportTextPane:234 - (OptionalMessage_ERROR) IP (DMA) : Parameter (SyncSignalID) has Id (SPI1_TX) currently not set
2025-11-28 09:57:35,412 [INFO] ImportTextPane:234 - (OptionalMessage_ERROR) IP (DMA) : Parameter (SyncPolarity) has Id (SPI1_TX) currently not set
2025-11-28 09:57:35,412 [INFO] ImportTextPane:234 - (OptionalMessage_ERROR) IP (DMA) : Parameter (SyncEnable) has Id (SPI1_TX) currently not set
2025-11-28 09:57:35,412 [INFO] ImportTextPane:234 - (OptionalMessage_ERROR) IP (DMA) : Parameter (EventEnable) has Id (SPI1_TX) currently not set
2025-11-28 09:57:35,412 [INFO] ImportTextPane:234 - (OptionalMessage_ERROR) IP (DMA) : Parameter (SyncRequestNumber) has Id (SPI1_TX) currently not set
2025-11-28 09:57:35,412 [INFO] ImportTextPane:234 - (OptionalMessage_ERROR) IP (DMA) : Parameter (Instance) has Id (SPI2_RX) currently not set
2025-11-28 09:57:35,412 [INFO] ImportTextPane:234 - (OptionalMessage_ERROR) IP (DMA) : Parameter (Request) has Id (SPI2_RX) currently not set
2025-11-28 09:57:35,412 [INFO] ImportTextPane:234 - (OptionalMessage_ERROR) IP (DMA) : Parameter (Direction) has Id (SPI2_RX) currently not set
2025-11-28 09:57:35,412 [INFO] ImportTextPane:234 - (OptionalMessage_ERROR) IP (DMA) : Parameter (PeriphInc) has Id (SPI2_RX) currently not set
2025-11-28 09:57:35,412 [INFO] ImportTextPane:234 - (OptionalMessage_ERROR) IP (DMA) : Parameter (MemInc) has Id (SPI2_RX) currently not set
2025-11-28 09:57:35,412 [INFO] ImportTextPane:234 - (OptionalMessage_ERROR) IP (DMA) : Parameter (PeriphDataAlignment) has Id (SPI2_RX) currently not set
2025-11-28 09:57:35,412 [INFO] ImportTextPane:234 - (OptionalMessage_ERROR) IP (DMA) : Parameter (MemDataAlignment) has Id (SPI2_RX) currently not set
2025-11-28 09:57:35,412 [INFO] ImportTextPane:234 - (OptionalMessage_ERROR) IP (DMA) : Parameter (Mode) has Id (SPI2_RX) currently not set
2025-11-28 09:57:35,412 [INFO] ImportTextPane:234 - (OptionalMessage_ERROR) IP (DMA) : Parameter (Priority) has Id (SPI2_RX) currently not set
2025-11-28 09:57:35,413 [INFO] ImportTextPane:234 - (OptionalMessage_ERROR) IP (DMA) : Parameter (SignalID) has Id (SPI2_RX) currently not set
2025-11-28 09:57:35,413 [INFO] ImportTextPane:234 - (OptionalMessage_ERROR) IP (DMA) : Parameter (Polarity) has Id (SPI2_RX) currently not set
2025-11-28 09:57:35,413 [INFO] ImportTextPane:234 - (OptionalMessage_ERROR) IP (DMA) : Parameter (RequestNumber) has Id (SPI2_RX) currently not set
2025-11-28 09:57:35,413 [INFO] ImportTextPane:234 - (OptionalMessage_ERROR) IP (DMA) : Parameter (SyncSignalID) has Id (SPI2_RX) currently not set
2025-11-28 09:57:35,413 [INFO] ImportTextPane:234 - (OptionalMessage_ERROR) IP (DMA) : Parameter (SyncPolarity) has Id (SPI2_RX) currently not set
2025-11-28 09:57:35,413 [INFO] ImportTextPane:234 - (OptionalMessage_ERROR) IP (DMA) : Parameter (SyncEnable) has Id (SPI2_RX) currently not set
2025-11-28 09:57:35,413 [INFO] ImportTextPane:234 - (OptionalMessage_ERROR) IP (DMA) : Parameter (EventEnable) has Id (SPI2_RX) currently not set
2025-11-28 09:57:35,413 [INFO] ImportTextPane:234 - (OptionalMessage_ERROR) IP (DMA) : Parameter (SyncRequestNumber) has Id (SPI2_RX) currently not set
2025-11-28 09:57:35,413 [INFO] ImportTextPane:234 - (OptionalMessage_ERROR) IP (DMA) : Parameter (Instance) has Id (SPI2_TX) currently not set
2025-11-28 09:57:35,413 [INFO] ImportTextPane:234 - (OptionalMessage_ERROR) IP (DMA) : Parameter (Request) has Id (SPI2_TX) currently not set
2025-11-28 09:57:35,413 [INFO] ImportTextPane:234 - (OptionalMessage_ERROR) IP (DMA) : Parameter (Direction) has Id (SPI2_TX) currently not set
2025-11-28 09:57:35,413 [INFO] ImportTextPane:234 - (OptionalMessage_ERROR) IP (DMA) : Parameter (PeriphInc) has Id (SPI2_TX) currently not set
2025-11-28 09:57:35,413 [INFO] ImportTextPane:234 - (OptionalMessage_ERROR) IP (DMA) : Parameter (MemInc) has Id (SPI2_TX) currently not set
2025-11-28 09:57:35,413 [INFO] ImportTextPane:234 - (OptionalMessage_ERROR) IP (DMA) : Parameter (PeriphDataAlignment) has Id (SPI2_TX) currently not set
2025-11-28 09:57:35,413 [INFO] ImportTextPane:234 - (OptionalMessage_ERROR) IP (DMA) : Parameter (MemDataAlignment) has Id (SPI2_TX) currently not set
2025-11-28 09:57:35,413 [INFO] ImportTextPane:234 - (OptionalMessage_ERROR) IP (DMA) : Parameter (Mode) has Id (SPI2_TX) currently not set
2025-11-28 09:57:35,413 [INFO] ImportTextPane:234 - (OptionalMessage_ERROR) IP (DMA) : Parameter (Priority) has Id (SPI2_TX) currently not set
2025-11-28 09:57:35,413 [INFO] ImportTextPane:234 - (OptionalMessage_ERROR) IP (DMA) : Parameter (SignalID) has Id (SPI2_TX) currently not set
2025-11-28 09:57:35,413 [INFO] ImportTextPane:234 - (OptionalMessage_ERROR) IP (DMA) : Parameter (Polarity) has Id (SPI2_TX) currently not set
2025-11-28 09:57:35,413 [INFO] ImportTextPane:234 - (OptionalMessage_ERROR) IP (DMA) : Parameter (RequestNumber) has Id (SPI2_TX) currently not set
2025-11-28 09:57:35,413 [INFO] ImportTextPane:234 - (OptionalMessage_ERROR) IP (DMA) : Parameter (SyncSignalID) has Id (SPI2_TX) currently not set
2025-11-28 09:57:35,414 [INFO] ImportTextPane:234 - (OptionalMessage_ERROR) IP (DMA) : Parameter (SyncPolarity) has Id (SPI2_TX) currently not set
2025-11-28 09:57:35,414 [INFO] ImportTextPane:234 - (OptionalMessage_ERROR) IP (DMA) : Parameter (SyncEnable) has Id (SPI2_TX) currently not set
2025-11-28 09:57:35,414 [INFO] ImportTextPane:234 - (OptionalMessage_ERROR) IP (DMA) : Parameter (EventEnable) has Id (SPI2_TX) currently not set
2025-11-28 09:57:35,414 [INFO] ImportTextPane:234 - (OptionalMessage_ERROR) IP (DMA) : Parameter (SyncRequestNumber) has Id (SPI2_TX) currently not set
2025-11-28 09:57:35,414 [INFO] ImportTextPane:234 - (OptionalMessage_ERROR) IP (DMA) : Parameter (Instance) has Id (USART1_RX) currently not set
2025-11-28 09:57:35,414 [INFO] ImportTextPane:234 - (OptionalMessage_ERROR) IP (DMA) : Parameter (Request) has Id (USART1_RX) currently not set
2025-11-28 09:57:35,414 [INFO] ImportTextPane:234 - (OptionalMessage_ERROR) IP (DMA) : Parameter (Direction) has Id (USART1_RX) currently not set
2025-11-28 09:57:35,414 [INFO] ImportTextPane:234 - (OptionalMessage_ERROR) IP (DMA) : Parameter (PeriphInc) has Id (USART1_RX) currently not set
2025-11-28 09:57:35,414 [INFO] ImportTextPane:234 - (OptionalMessage_ERROR) IP (DMA) : Parameter (MemInc) has Id (USART1_RX) currently not set
2025-11-28 09:57:35,414 [INFO] ImportTextPane:234 - (OptionalMessage_ERROR) IP (DMA) : Parameter (PeriphDataAlignment) has Id (USART1_RX) currently not set
2025-11-28 09:57:35,414 [INFO] ImportTextPane:234 - (OptionalMessage_ERROR) IP (DMA) : Parameter (MemDataAlignment) has Id (USART1_RX) currently not set
2025-11-28 09:57:35,414 [INFO] ImportTextPane:234 - (OptionalMessage_ERROR) IP (DMA) : Parameter (Mode) has Id (USART1_RX) currently not set
2025-11-28 09:57:35,414 [INFO] ImportTextPane:234 - (OptionalMessage_ERROR) IP (DMA) : Parameter (Priority) has Id (USART1_RX) currently not set
2025-11-28 09:57:35,414 [INFO] ImportTextPane:234 - (OptionalMessage_ERROR) IP (DMA) : Parameter (SignalID) has Id (USART1_RX) currently not set
2025-11-28 09:57:35,414 [INFO] ImportTextPane:234 - (OptionalMessage_ERROR) IP (DMA) : Parameter (Polarity) has Id (USART1_RX) currently not set
2025-11-28 09:57:35,414 [INFO] ImportTextPane:234 - (OptionalMessage_ERROR) IP (DMA) : Parameter (RequestNumber) has Id (USART1_RX) currently not set
2025-11-28 09:57:35,414 [INFO] ImportTextPane:234 - (OptionalMessage_ERROR) IP (DMA) : Parameter (SyncSignalID) has Id (USART1_RX) currently not set
2025-11-28 09:57:35,414 [INFO] ImportTextPane:234 - (OptionalMessage_ERROR) IP (DMA) : Parameter (SyncPolarity) has Id (USART1_RX) currently not set
2025-11-28 09:57:35,414 [INFO] ImportTextPane:234 - (OptionalMessage_ERROR) IP (DMA) : Parameter (SyncEnable) has Id (USART1_RX) currently not set
2025-11-28 09:57:35,414 [INFO] ImportTextPane:234 - (OptionalMessage_ERROR) IP (DMA) : Parameter (EventEnable) has Id (USART1_RX) currently not set
2025-11-28 09:57:35,415 [INFO] ImportTextPane:234 - (OptionalMessage_ERROR) IP (DMA) : Parameter (SyncRequestNumber) has Id (USART1_RX) currently not set
2025-11-28 09:57:35,415 [INFO] ImportTextPane:234 - (OptionalMessage_ERROR) IP (DMA) : Parameter (Instance) has Id (USART1_TX) currently not set
2025-11-28 09:57:35,415 [INFO] ImportTextPane:234 - (OptionalMessage_ERROR) IP (DMA) : Parameter (Request) has Id (USART1_TX) currently not set
2025-11-28 09:57:35,415 [INFO] ImportTextPane:234 - (OptionalMessage_ERROR) IP (DMA) : Parameter (Direction) has Id (USART1_TX) currently not set
2025-11-28 09:57:35,415 [INFO] ImportTextPane:234 - (OptionalMessage_ERROR) IP (DMA) : Parameter (PeriphInc) has Id (USART1_TX) currently not set
2025-11-28 09:57:35,415 [INFO] ImportTextPane:234 - (OptionalMessage_ERROR) IP (DMA) : Parameter (MemInc) has Id (USART1_TX) currently not set
2025-11-28 09:57:35,415 [INFO] ImportTextPane:234 - (OptionalMessage_ERROR) IP (DMA) : Parameter (PeriphDataAlignment) has Id (USART1_TX) currently not set
2025-11-28 09:57:35,415 [INFO] ImportTextPane:234 - (OptionalMessage_ERROR) IP (DMA) : Parameter (MemDataAlignment) has Id (USART1_TX) currently not set
2025-11-28 09:57:35,415 [INFO] ImportTextPane:234 - (OptionalMessage_ERROR) IP (DMA) : Parameter (Mode) has Id (USART1_TX) currently not set
2025-11-28 09:57:35,415 [INFO] ImportTextPane:234 - (OptionalMessage_ERROR) IP (DMA) : Parameter (Priority) has Id (USART1_TX) currently not set
2025-11-28 09:57:35,415 [INFO] ImportTextPane:234 - (OptionalMessage_ERROR) IP (DMA) : Parameter (SignalID) has Id (USART1_TX) currently not set
2025-11-28 09:57:35,415 [INFO] ImportTextPane:234 - (OptionalMessage_ERROR) IP (DMA) : Parameter (Polarity) has Id (USART1_TX) currently not set
2025-11-28 09:57:35,415 [INFO] ImportTextPane:234 - (OptionalMessage_ERROR) IP (DMA) : Parameter (RequestNumber) has Id (USART1_TX) currently not set
2025-11-28 09:57:35,416 [INFO] ImportTextPane:234 - (OptionalMessage_ERROR) IP (DMA) : Parameter (SyncSignalID) has Id (USART1_TX) currently not set
2025-11-28 09:57:35,416 [INFO] ImportTextPane:234 - (OptionalMessage_ERROR) IP (DMA) : Parameter (SyncPolarity) has Id (USART1_TX) currently not set
2025-11-28 09:57:35,416 [INFO] ImportTextPane:234 - (OptionalMessage_ERROR) IP (DMA) : Parameter (SyncEnable) has Id (USART1_TX) currently not set
2025-11-28 09:57:35,416 [INFO] ImportTextPane:234 - (OptionalMessage_ERROR) IP (DMA) : Parameter (EventEnable) has Id (USART1_TX) currently not set
2025-11-28 09:57:35,416 [INFO] ImportTextPane:234 - (OptionalMessage_ERROR) IP (DMA) : Parameter (SyncRequestNumber) has Id (USART1_TX) currently not set
2025-11-28 09:57:35,416 [INFO] ImportTextPane:234 - (OptionalMessage_ERROR) IP (DMA) : Parameter (Instance) has Id (USART2_RX) currently not set
2025-11-28 09:57:35,416 [INFO] ImportTextPane:234 - (OptionalMessage_ERROR) IP (DMA) : Parameter (Request) has Id (USART2_RX) currently not set
2025-11-28 09:57:35,416 [INFO] ImportTextPane:234 - (OptionalMessage_ERROR) IP (DMA) : Parameter (Direction) has Id (USART2_RX) currently not set
2025-11-28 09:57:35,416 [INFO] ImportTextPane:234 - (OptionalMessage_ERROR) IP (DMA) : Parameter (PeriphInc) has Id (USART2_RX) currently not set
2025-11-28 09:57:35,416 [INFO] ImportTextPane:234 - (OptionalMessage_ERROR) IP (DMA) : Parameter (MemInc) has Id (USART2_RX) currently not set
2025-11-28 09:57:35,416 [INFO] ImportTextPane:234 - (OptionalMessage_ERROR) IP (DMA) : Parameter (PeriphDataAlignment) has Id (USART2_RX) currently not set
2025-11-28 09:57:35,416 [INFO] ImportTextPane:234 - (OptionalMessage_ERROR) IP (DMA) : Parameter (MemDataAlignment) has Id (USART2_RX) currently not set
2025-11-28 09:57:35,416 [INFO] ImportTextPane:234 - (OptionalMessage_ERROR) IP (DMA) : Parameter (Mode) has Id (USART2_RX) currently not set
2025-11-28 09:57:35,416 [INFO] ImportTextPane:234 - (OptionalMessage_ERROR) IP (DMA) : Parameter (Priority) has Id (USART2_RX) currently not set
2025-11-28 09:57:35,416 [INFO] ImportTextPane:234 - (OptionalMessage_ERROR) IP (DMA) : Parameter (SignalID) has Id (USART2_RX) currently not set
2025-11-28 09:57:35,416 [INFO] ImportTextPane:234 - (OptionalMessage_ERROR) IP (DMA) : Parameter (Polarity) has Id (USART2_RX) currently not set
2025-11-28 09:57:35,416 [INFO] ImportTextPane:234 - (OptionalMessage_ERROR) IP (DMA) : Parameter (RequestNumber) has Id (USART2_RX) currently not set
2025-11-28 09:57:35,416 [INFO] ImportTextPane:234 - (OptionalMessage_ERROR) IP (DMA) : Parameter (SyncSignalID) has Id (USART2_RX) currently not set
2025-11-28 09:57:35,417 [INFO] ImportTextPane:234 - (OptionalMessage_ERROR) IP (DMA) : Parameter (SyncPolarity) has Id (USART2_RX) currently not set
2025-11-28 09:57:35,417 [INFO] ImportTextPane:234 - (OptionalMessage_ERROR) IP (DMA) : Parameter (SyncEnable) has Id (USART2_RX) currently not set
2025-11-28 09:57:35,417 [INFO] ImportTextPane:234 - (OptionalMessage_ERROR) IP (DMA) : Parameter (EventEnable) has Id (USART2_RX) currently not set
2025-11-28 09:57:35,417 [INFO] ImportTextPane:234 - (OptionalMessage_ERROR) IP (DMA) : Parameter (SyncRequestNumber) has Id (USART2_RX) currently not set
2025-11-28 09:57:35,417 [INFO] ImportTextPane:234 - (OptionalMessage_ERROR) IP (DMA) : Parameter (Instance) has Id (USART2_TX) currently not set
2025-11-28 09:57:35,417 [INFO] ImportTextPane:234 - (OptionalMessage_ERROR) IP (DMA) : Parameter (Request) has Id (USART2_TX) currently not set
2025-11-28 09:57:35,417 [INFO] ImportTextPane:234 - (OptionalMessage_ERROR) IP (DMA) : Parameter (Direction) has Id (USART2_TX) currently not set
2025-11-28 09:57:35,417 [INFO] ImportTextPane:234 - (OptionalMessage_ERROR) IP (DMA) : Parameter (PeriphInc) has Id (USART2_TX) currently not set
2025-11-28 09:57:35,417 [INFO] ImportTextPane:234 - (OptionalMessage_ERROR) IP (DMA) : Parameter (MemInc) has Id (USART2_TX) currently not set
2025-11-28 09:57:35,417 [INFO] ImportTextPane:234 - (OptionalMessage_ERROR) IP (DMA) : Parameter (PeriphDataAlignment) has Id (USART2_TX) currently not set
2025-11-28 09:57:35,417 [INFO] ImportTextPane:234 - (OptionalMessage_ERROR) IP (DMA) : Parameter (MemDataAlignment) has Id (USART2_TX) currently not set
2025-11-28 09:57:35,417 [INFO] ImportTextPane:234 - (OptionalMessage_ERROR) IP (DMA) : Parameter (Mode) has Id (USART2_TX) currently not set
2025-11-28 09:57:35,417 [INFO] ImportTextPane:234 - (OptionalMessage_ERROR) IP (DMA) : Parameter (Priority) has Id (USART2_TX) currently not set
2025-11-28 09:57:35,417 [INFO] ImportTextPane:234 - (OptionalMessage_ERROR) IP (DMA) : Parameter (SignalID) has Id (USART2_TX) currently not set
2025-11-28 09:57:35,417 [INFO] ImportTextPane:234 - (OptionalMessage_ERROR) IP (DMA) : Parameter (Polarity) has Id (USART2_TX) currently not set
2025-11-28 09:57:35,417 [INFO] ImportTextPane:234 - (OptionalMessage_ERROR) IP (DMA) : Parameter (RequestNumber) has Id (USART2_TX) currently not set
2025-11-28 09:57:35,417 [INFO] ImportTextPane:234 - (OptionalMessage_ERROR) IP (DMA) : Parameter (SyncSignalID) has Id (USART2_TX) currently not set
2025-11-28 09:57:35,418 [INFO] ImportTextPane:234 - (OptionalMessage_ERROR) IP (DMA) : Parameter (SyncPolarity) has Id (USART2_TX) currently not set
2025-11-28 09:57:35,418 [INFO] ImportTextPane:234 - (OptionalMessage_ERROR) IP (DMA) : Parameter (SyncEnable) has Id (USART2_TX) currently not set
2025-11-28 09:57:35,418 [INFO] ImportTextPane:234 - (OptionalMessage_ERROR) IP (DMA) : Parameter (EventEnable) has Id (USART2_TX) currently not set
2025-11-28 09:57:35,418 [INFO] ImportTextPane:234 - (OptionalMessage_ERROR) IP (DMA) : Parameter (SyncRequestNumber) has Id (USART2_TX) currently not set
2025-11-28 09:57:36,045 [INFO] ApiDb:581 - Connected to CubeFinder SQLite database (C:\Users\kujon\.stmcufinder\plugins\mcufinder\mcu\cube-finder-db.db)
2025-11-28 09:57:36,154 [INFO] ApiDb:668 - CubeFinder database Data Model version=2.1
2025-11-28 09:57:36,154 [INFO] ApiDb:669 - CubeFinder database Configuration version=3.0.39
2025-11-28 09:57:36,157 [INFO] ApiDb:670 - CubeFinder database generation date=2025-08-25 (1756130511)
2025-11-28 09:57:36,157 [INFO] ApiDb:671 - CubeFinder database FW Pack versions=[FP-ATR-ASTRA1_V2.0.0, FP-SNS-FLIGHT1_V5.1.0, FP-SNS-MOTENV1_V5.0.0, FP-SNS-MOTENVWB1_V1.4.0, FP-SNS-SMARTAG2_V1.2.0, FP-SNS-STBOX1_V2.1.0, STM32Cube_FW_C0_V1.4.0, STM32Cube_FW_F4_V1.28.3, STM32Cube_FW_F7_V1.17.4, STM32Cube_FW_G0_V1.6.2, STM32Cube_FW_G4_V1.6.1, STM32Cube_FW_H5_V1.5.0, STM32Cube_FW_H7RS_V1.2.0, STM32Cube_FW_H7_V1.12.1, STM32Cube_FW_L0_V1.12.2, STM32Cube_FW_L4_V1.18.1, STM32Cube_FW_L5_V1.5.1, STM32Cube_FW_N6_V1.2.0, STM32Cube_FW_U0_V1.3.0, STM32Cube_FW_U3_V1.2.0, STM32Cube_FW_U5_V1.8.0, STM32Cube_FW_WB0_V1.3.0, STM32Cube_FW_WBA_V1.7.0, STM32Cube_FW_WB_V1.23.0, STM32Cube_FW_WL3_V1.2.0, STM32Cube_FW_WL_V1.3.1, X-CUBE-ALGOBUILD_V1.4.0, X-CUBE-ALS_V1.0.2, X-CUBE-AZRTOS-F4_V1.1.0, X-CUBE-AZRTOS-F7_V1.1.0, X-CUBE-AZRTOS-G0_V1.1.0, X-CUBE-AZRTOS-G4_V2.0.0, X-CUBE-AZRTOS-H7RS_V1.1.0, X-CUBE-AZRTOS-H7_V3.4.0, X-CUBE-AZRTOS-L4_V2.0.0, X-CUBE-AZRTOS-L5_V2.0.0, X-CUBE-AZRTOS-WB_V2.0.0, X-CUBE-AZRTOS-WL_V2.0.0, X-CUBE-BLE1_V7.1.0, X-CUBE-BLE2_V3.3.0, X-CUBE-BLEMGR_V4.1.0, X-CUBE-EEPRMA1_V5.2.0, X-CUBE-FREERTOS_V1.3.1, X-CUBE-GNSS1_V6.0.0, X-CUBE-MEMS1_V11.3.0, X-CUBE-NFC4_V3.0.0, X-CUBE-NFC7_V2.0.0, X-CUBE-SFXS2LP1_V4.0.0, X-CUBE-ST67W61_V1.0.0, X-CUBE-SUBG2_V5.0.0, X-CUBE-TOF1_V3.4.3]
2025-11-28 09:57:36,361 [INFO] DbBoardsSqlite:226 - include board P-NUCLEO-WB55-NUCLEO as a kit item of type 'Nucleo-64'
2025-11-28 09:57:36,362 [INFO] DbBoardsSqlite:226 - include board P-NUCLEO-WB55-USBDONGLE as a kit item of type 'Nucleo USB Dongle'
2025-11-28 09:57:36,362 [INFO] DbBoardsSqlite:226 - include board STEVAL-IDP005V1 as a kit item of type 'Evaluation Board'
2025-11-28 09:57:36,363 [INFO] DbBoardsSqlite:226 - include board STEVAL-IDP005V2 as a kit item of type 'Evaluation Board'
2025-11-28 09:57:36,915 [INFO] ApiDb:240 - Found 880 in-development CPN: [B-G473E-ZEST1S, B-WB1M-WPAN1, B-WBA5M-WPAN, B-WL5M-SUBG1, NUCLEO-C031C6, NUCLEO-C051C8, NUCLEO-C071RB, NUCLEO-C092RC, NUCLEO-H503RB, NUCLEO-H533RE, NUCLEO-H563ZI, NUCLEO-H7S3L8, NUCLEO-N657X0-Q, NUCLEO-U031R8, NUCLEO-U083RC, NUCLEO-U385RG-Q, NUCLEO-U545RE-Q, NUCLEO-U5A5ZJ-Q, NUCLEO-WB05KZ, NUCLEO-WB07CC, NUCLEO-WB09KE, NUCLEO-WBA52CG, NUCLEO-WBA55CG, NUCLEO-WL33CC1, NUCLEO-WL33CC2, STEVAL-PROTEUS1, STEVAL-SMARTAG2, STEVAL-STWINBX1, STM320518-EVAL, STM32C0116-DK, STM32C011D6Y3TR, STM32C011D6Y6TR, STM32C011F4P3, STM32C011F4P6, STM32C011F4U3, STM32C011F4U6TR, STM32C011F6P3, STM32C011F6P6, STM32C011F6U3, STM32C011F6U6TR, STM32C011J4M3, STM32C011J4M6, STM32C011J6M3, STM32C011J6M6, STM32C0316-DK, STM32C031C4T3, STM32C031C4T6, STM32C031C4U3, STM32C031C4U6, STM32C031C6T3, STM32C031C6T6, STM32C031C6U3, STM32C031C6U6, STM32C031F4P3, STM32C031F4P6, STM32C031F6P3, STM32C031F6P6, STM32C031G4U3, STM32C031G4U6, STM32C031G6U3, STM32C031G6U6, STM32C031K4T3, STM32C031K4T6, STM32C031K4U3, STM32C031K4U6, STM32C031K6T3, STM32C031K6T6, STM32C031K6U3, STM32C031K6U6, STM32C051C6T6, STM32C051C6U6, STM32C051C8T6, STM32C051C8U6, STM32C051D8Y6TR, STM32C051F6P6, STM32C051F8P6, STM32C051G6U6, STM32C051G8U6, STM32C051K6T6, STM32C051K6U6, STM32C051K8T6, STM32C071C8T6, STM32C071C8T6N, STM32C071C8U6, STM32C071C8U6N, STM32C071CBT6, STM32C071CBT6N, STM32C071CBU6, STM32C071CBU6N, STM32C071F8P6, STM32C071F8P6N, STM32C071FBP6, STM32C071FBP6N, STM32C071FBY6TR, STM32C071G8U6, STM32C071G8U6N, STM32C071GBU6, STM32C071GBU6N, STM32C071K8T6, STM32C071K8T6N, STM32C071K8U6, STM32C071K8U6N, STM32C071KBT6, STM32C071KBT6N, STM32C071KBU6, STM32C071KBU6N, STM32C071R8T6, STM32C071R8T6N, STM32C071RBI6N, STM32C071RBT6, STM32C071RBT6N, STM32C091CBT6, STM32C091CBU6, STM32C091CCT6, STM32C091CCU6, STM32C091ECY6TR, STM32C091FBP6, STM32C091FCP6, STM32C091GBU6, STM32C091GCU6, STM32C091KBT6, STM32C091KBU6, STM32C091KCT6, STM32C091KCU6, STM32C091RBT6, STM32C091RCI6, STM32C091RCT6, STM32C092CBT6, STM32C092CBU6, STM32C092CCT6, STM32C092CCU6, STM32C092ECY6TR, STM32C092FBP6, STM32C092FCP6, STM32C092GBU6, STM32C092GCU6, STM32C092KBT6, STM32C092KBU6, STM32C092KCT6, STM32C092KCU6, STM32C092RBT6, STM32C092RCI6, STM32C092RCT6, STM32G071K8TXN, STM32G071K8UXN, STM32G081GBU6N, STM32G081KBT6N, STM32G081KBUXN, STM32G0B1CCT6N, STM32G0B1KCT6, STM32G0B1NEY6TR, STM32G0B1RCT6N, STM32G0C1CCT6, STM32G0C1CCT6N, STM32G0C1CCU6N, STM32G0C1CET6N, STM32G0C1CEU6N, STM32G0C1KCT6, STM32G0C1NEY6TR, STM32G0C1RCI6N, STM32G0C1RCT6N, STM32G0C1REI6N, STM32G0C1RET6N, STM32G0C1VCI6, STM32G0C1VEI6, STM32G411C6T3, STM32G411C6T6, STM32G411C6U3, STM32G411C6U6, STM32G411C8T3, STM32G411C8T6, STM32G411C8U3, STM32G411C8U6, STM32G411CBT3, STM32G411CBT6, STM32G411CBU3, STM32G411CBU6, STM32G411K6T3, STM32G411K6T6, STM32G411K6U3, STM32G411K6U6, STM32G411K8T3, STM32G411K8T6, STM32G411K8U3, STM32G411K8U6, STM32G411KBT3, STM32G411KBT6, STM32G411KBU3, STM32G411KBU6, STM32G411M6T3, STM32G411M6T6, STM32G411M8T3, STM32G411M8T6, STM32G411MBT3, STM32G411MBT6, STM32G411R6T3, STM32G411R6T6, STM32G411R8T3, STM32G411R8T6, STM32G411RBT3, STM32G411RBT6, STM32G414CBT3, STM32G414CBT6, STM32G414CBU3, STM32G414CBU6, STM32G414CCT3, STM32G414CCT6, STM32G414CCU3, STM32G414CCU6, STM32G414MBT3, STM32G414MBT6, STM32G414MCT3, STM32G414MCT6, STM32G414RBT3, STM32G414RBT6, STM32G414RCT3, STM32G414RCT6, STM32G414VBT3, STM32G414VBT6, STM32G414VCT3, STM32G414VCT6, STM32G431CBT3Z, STM32G431RBT3Z, STM32G471CCT6, STM32G471CCU6, STM32G471CET3, STM32G471CET6, STM32G471CEU3, STM32G471CEU6, STM32G471MCT6, STM32G471MET3, STM32G471MET6, STM32G471MEY6TR, STM32G471QCT6, STM32G471QET3, STM32G471RCT6, STM32G471RET3, STM32G471RET6, STM32G471VCH6, STM32G471VCI6, STM32G471VCT6, STM32G471VEH3, STM32G471VEH6, STM32G471VEI3, STM32G471VEI6, STM32G471VET3, STM32G471VET6, STM32G473QET3Z, STM32G473RET3Z, STM32G474CCT6, STM32G491RET3Z, STM32H503CBT6, STM32H503CBU6, STM32H503EBY6TR, STM32H503KBU6, STM32H503RBT6, STM32H523CCT6, STM32H523CCU6, STM32H523CET6, STM32H523CEU6, STM32H523HEY6TR, STM32H523RCT6, STM32H523RET6, STM32H523VCI6, STM32H523VCT6, STM32H523VEI6, STM32H523VET6, STM32H523ZCJ6, STM32H523ZCT6, STM32H523ZEJ6, STM32H523ZET6, STM32H533CET6, STM32H533CEU6, STM32H533HEY6TR, STM32H533RET6, STM32H533VEI6, STM32H533VET6, STM32H533ZEJ6, STM32H533ZET6, STM32H562AGI6, STM32H562AII6, STM32H562IGK6, STM32H562IGT6, STM32H562IIK6, STM32H562IIT6, STM32H562RGT6, STM32H562RGV6, STM32H562RIT6, STM32H562RIV6, STM32H562VGT6, STM32H562VIT6, STM32H562ZGT6, STM32H562ZIT6, STM32H563AGI6, STM32H563AII3Q, STM32H563AII6, STM32H563IGK6, STM32H563IGT6, STM32H563IIK3Q, STM32H563IIK6, STM32H563IIT3Q, STM32H563IIT6, STM32H563MIY3QTR, STM32H563RGT6, STM32H563RGV6, STM32H563RIT6, STM32H563RIV6, STM32H563VGT6, STM32H563VIT3Q, STM32H563VIT6, STM32H563ZGT6, STM32H563ZIT3Q, STM32H563ZIT6, STM32H573AII3Q, STM32H573AII6, STM32H573I-DK, STM32H573IIK3Q, STM32H573IIK6, STM32H573IIT3Q, STM32H573IIT6, STM32H573MIY3QTR, STM32H573RIT6, STM32H573RIV6, STM32H573VIT3Q, STM32H573VIT6, STM32H573ZIT3Q, STM32H573ZIT6, STM32H7R3A8I6, STM32H7R3I8K6, STM32H7R3I8T6, STM32H7R3L8H6, STM32H7R3L8H6H, STM32H7R3R8V6, STM32H7R3V8H6, STM32H7R3V8T6, STM32H7R3V8Y6TR, STM32H7R3Z8J6, STM32H7R3Z8T6, STM32H7R7A8I6, STM32H7R7I8K6, STM32H7R7I8T6, STM32H7R7L8H6, STM32H7R7L8H6H, STM32H7R7Z8J6, STM32H7S3A8I6, STM32H7S3I8K6, STM32H7S3I8T6, STM32H7S3L8H6, STM32H7S3L8H6H, STM32H7S3R8V6, STM32H7S3V8H6, STM32H7S3V8T6, STM32H7S3V8Y6TR, STM32H7S3Z8J6, STM32H7S3Z8T6, STM32H7S78-DK, STM32H7S7A8I6, STM32H7S7I8K6, STM32H7S7I8T6, STM32H7S7L8H6, STM32H7S7L8H6H, STM32H7S7Z8J6, STM32L4R5QGI6STR, STM32MP131AAE3, STM32MP131AAF3, STM32MP131AAG3, STM32MP131CAE3, STM32MP131CAF3, STM32MP131CAG3, STM32MP131DAE7, STM32MP131DAF7, STM32MP131DAG7, STM32MP131FAE7, STM32MP131FAF7, STM32MP131FAG7, STM32MP133AAE3, STM32MP133AAF3, STM32MP133AAG3, STM32MP133CAE3, STM32MP133CAF3, STM32MP133CAG3, STM32MP133DAE7, STM32MP133DAF7, STM32MP133DAG7, STM32MP133FAE7, STM32MP133FAF7, STM32MP133FAG7, STM32MP135AAE3, STM32MP135AAF3, STM32MP135AAG3, STM32MP135CAE3, STM32MP135CAF3, STM32MP135CAG3, STM32MP135DAE7, STM32MP135DAF7, STM32MP135DAG7, STM32MP135F-DK, STM32MP135FAE7, STM32MP135FAF7, STM32MP135FAF7T, STM32MP135FAF7U, STM32MP135FAG7, STM32MP211AAL3, STM32MP211AAM3, STM32MP211AAN3, STM32MP211AAO3, STM32MP211CAL3, STM32MP211CAM3, STM32MP211CAN3, STM32MP211CAO3, STM32MP211DAL3, STM32MP211DAM3, STM32MP211DAN3, STM32MP211DAO3, STM32MP211FAL3, STM32MP211FAM3, STM32MP211FAN3, STM32MP211FAO3, STM32MP213AAL3, STM32MP213AAM3, STM32MP213AAN3, STM32MP213AAO3, STM32MP213CAL3, STM32MP213CAM3, STM32MP213CAN3, STM32MP213CAO3, STM32MP213DAL3, STM32MP213DAM3, STM32MP213DAN3, STM32MP213DAO3, STM32MP213FAL3, STM32MP213FAM3, STM32MP213FAN3, STM32MP213FAO3, STM32MP215AAL3, STM32MP215AAM3, STM32MP215AAN3, STM32MP215AAO3, STM32MP215CAL3, STM32MP215CAM3, STM32MP215CAN3, STM32MP215CAO3, STM32MP215DAL3, STM32MP215DAM3, STM32MP215DAN3, STM32MP215DAO3, STM32MP215F-DK, STM32MP215FAL3, STM32MP215FAM3, STM32MP215FAN3, STM32MP215FAO3, STM32MP231AAJ3, STM32MP231AAK3, STM32MP231AAL3, STM32MP231CAJ3, STM32MP231CAK3, STM32MP231CAL3, STM32MP231DAJ3, STM32MP231DAK3, STM32MP231DAL3, STM32MP231FAJ3, STM32MP231FAK3, STM32MP231FAL3, STM32MP233AAJ3, STM32MP233AAK3, STM32MP233AAL3, STM32MP233CAJ3, STM32MP233CAK3, STM32MP233CAL3, STM32MP233DAJ3, STM32MP233DAK3, STM32MP233DAL3, STM32MP233FAJ3, STM32MP233FAK3, STM32MP233FAL3, STM32MP235AAJ3, STM32MP235AAK3, STM32MP235AAL3, STM32MP235CAJ3, STM32MP235CAK3, STM32MP235CAL3, STM32MP235DAJ3, STM32MP235DAK3, STM32MP235DAL3, STM32MP235FAJ3, STM32MP235FAK3, STM32MP235FAL3, STM32MP251AAI3, STM32MP251AAK3, STM32MP251AAL3, STM32MP251CAI3, STM32MP251CAK3, STM32MP251CAL3, STM32MP251DAI3, STM32MP251DAK3, STM32MP251DAL3, STM32MP251FAI3, STM32MP251FAK3, STM32MP251FAL3, STM32MP253AAI3, STM32MP253AAK3, STM32MP253AAL3, STM32MP253CAI3, STM32MP253CAK3, STM32MP253CAL3, STM32MP253DAI3, STM32MP253DAK3, STM32MP253DAL3, STM32MP253FAI3, STM32MP253FAK3, STM32MP253FAL3, STM32MP255AAI3, STM32MP255AAK3, STM32MP255AAL3, STM32MP255CAI3, STM32MP255CAK3, STM32MP255CAL3, STM32MP255DAI3, STM32MP255DAK3, STM32MP255DAL3, STM32MP255FAI3, STM32MP255FAK3, STM32MP255FAL3, STM32MP257AAI3, STM32MP257AAK3, STM32MP257AAL3, STM32MP257CAI3, STM32MP257CAK3, STM32MP257CAL3, STM32MP257DAI3, STM32MP257DAK3, STM32MP257DAL3, STM32MP257F-DK, STM32MP257F-EV1, STM32MP257FAI3, STM32MP257FAK3, STM32MP257FAL3, STM32N645A0H3Q, STM32N645B0H3Q, STM32N645I0H3Q, STM32N645L0H3Q, STM32N645X0H3Q, STM32N645Z0H3Q, STM32N647A0H3Q, STM32N647B0H3Q, STM32N647I0H3Q, STM32N647L0H3Q, STM32N647X0H3Q, STM32N647Z0H3Q, STM32N655A0H3Q, STM32N655B0H3Q, STM32N655I0H3Q, STM32N655L0H3Q, STM32N655X0H3Q, STM32N655Z0H3Q, STM32N6570-DK, STM32N657A0H3Q, STM32N657B0H3Q, STM32N657I0H3Q, STM32N657L0H3Q, STM32N657X0H3Q, STM32N657Z0H3Q, STM32U031C6T6, STM32U031C6U6, STM32U031C8T6, STM32U031C8U6, STM32U031F4P6, STM32U031F6P6, STM32U031F8P6, STM32U031G6Y6TR, STM32U031G8Y6TR, STM32U031K4U6, STM32U031K6U6, STM32U031K8U6, STM32U031R6I6, STM32U031R6T6, STM32U031R8I6, STM32U031R8T6, STM32U073C8T6, STM32U073C8U6, STM32U073CBT6, STM32U073CBU6, STM32U073CCT6, STM32U073CCU6, STM32U073H8Y6TR, STM32U073HBY6TR, STM32U073HCY6TR, STM32U073K8U6, STM32U073KBU6, STM32U073KCU6, STM32U073M8I6, STM32U073M8T6, STM32U073MBI6, STM32U073MBT6, STM32U073MCI6, STM32U073MCT6, STM32U073R8I6, STM32U073R8T6, STM32U073RBI6, STM32U073RBT6, STM32U073RCI6, STM32U073RCT6, STM32U083C-DK, STM32U083CCT6, STM32U083CCU6, STM32U083HCY6TR, STM32U083KCU6, STM32U083MCI6, STM32U083MCT6, STM32U083RCI6, STM32U083RCT6, STM32U375CET6, STM32U375CET6Q, STM32U375CEU6, STM32U375CEU6Q, STM32U375CEY6QTR, STM32U375CGT6, STM32U375CGT6Q, STM32U375CGU6, STM32U375CGU6Q, STM32U375CGY6QTR, STM32U375KEU6, STM32U375KGU6, STM32U375REI6, STM32U375REI6Q, STM32U375RET6, STM32U375RET6Q, STM32U375REY6GTR, STM32U375REY6QTR, STM32U375RGI6, STM32U375RGI6Q, STM32U375RGT6, STM32U375RGT6Q, STM32U375RGY6GTR, STM32U375RGY6QTR, STM32U375VEI6, STM32U375VEI6Q, STM32U375VET6, STM32U375VET6Q, STM32U375VGI6, STM32U375VGI6Q, STM32U375VGT6, STM32U375VGT6Q, STM32U385CGT6, STM32U385CGT6Q, STM32U385CGU6, STM32U385CGU6Q, STM32U385CGY6QTR, STM32U385KGU6, STM32U385RGI6, STM32U385RGI6Q, STM32U385RGT6, STM32U385RGT6Q, STM32U385RGY6GTR, STM32U385RGY6QTR, STM32U385VGI6, STM32U385VGI6Q, STM32U385VGT6, STM32U385VGT6Q, STM32U535CBT6, STM32U535CBT6Q, STM32U535CBU6, STM32U535CBU6Q, STM32U535CCT6, STM32U535CCT6Q, STM32U535CCU6, STM32U535CCU6Q, STM32U535CET6, STM32U535CET6Q, STM32U535CEU6, STM32U535CEU6Q, STM32U535JEY6QTR, STM32U535NCY6QTR, STM32U535NEY6QTR, STM32U535RBI6, STM32U535RBI6Q, STM32U535RBT6, STM32U535RBT6Q, STM32U535RCI6, STM32U535RCI6Q, STM32U535RCT6, STM32U535RCT6Q, STM32U535REI6, STM32U535REI6Q, STM32U535RET6, STM32U535RET6Q, STM32U535VCI6, STM32U535VCI6Q, STM32U535VCT6, STM32U535VCT6Q, STM32U535VEI6, STM32U535VEI6Q, STM32U535VET6, STM32U535VET6Q, STM32U545CET6, STM32U545CET6Q, STM32U545CEU6, STM32U545CEU6Q, STM32U545JEY6QTR, STM32U545NEY6QTR, STM32U545REI6, STM32U545REI6Q, STM32U545RET6, STM32U545RET6Q, STM32U545VEI6, STM32U545VEI6Q, STM32U545VET6, STM32U545VET6Q, STM32U595AIH6, STM32U595AIH6Q, STM32U595AJH6, STM32U595AJH6Q, STM32U595QII6, STM32U595QII6Q, STM32U595QJI6, STM32U595QJI6Q, STM32U595RIT6, STM32U595RIT6Q, STM32U595RJT6, STM32U595RJT6Q, STM32U595VIT6, STM32U595VIT6Q, STM32U595VJT6, STM32U595VJT6Q, STM32U595ZIT6, STM32U595ZIT6Q, STM32U595ZIY6QTR, STM32U595ZJT6, STM32U595ZJT6Q, STM32U595ZJY6QTR, STM32U599BJY6QTR, STM32U599NIH6Q, STM32U599NJH6Q, STM32U599VIT6Q, STM32U599VJT6, STM32U599VJT6Q, STM32U599ZIT6Q, STM32U599ZIY6QTR, STM32U599ZJT6Q, STM32U599ZJY6QTR, STM32U5A5AJH6, STM32U5A5AJH6Q, STM32U5A5QII3Q , STM32U5A5QJI6, STM32U5A5QJI6Q, STM32U5A5RJT6, STM32U5A5RJT6Q, STM32U5A5VJT6, STM32U5A5VJT6Q, STM32U5A5ZJT6, STM32U5A5ZJT6Q, STM32U5A5ZJY6QTR, STM32U5A9BJY6QTR, STM32U5A9J-DK, STM32U5A9NJH6Q, STM32U5A9VJT6Q, STM32U5A9ZJT6Q, STM32U5A9ZJY6QTR, STM32U5F7VIT6, STM32U5F7VIT6Q, STM32U5F7VJT6, STM32U5F7VJT6Q, STM32U5F9BJY6QTR, STM32U5F9NJH6Q, STM32U5F9VIT6Q, STM32U5F9VJT6Q, STM32U5F9ZIJ6QTR, STM32U5F9ZIT6Q, STM32U5F9ZJJ6QTR, STM32U5F9ZJT6Q, STM32U5G7VJT6, STM32U5G7VJT6Q, STM32U5G9BJY6QTR, STM32U5G9J-DK1, STM32U5G9J-DK2, STM32U5G9NJH6Q, STM32U5G9VJT6Q, STM32U5G9ZJJ6QTR, STM32U5G9ZJT6Q, STM32WB05KZV6TR, STM32WB05KZV7TR, STM32WB05TZF6TR, STM32WB05TZF7TR, STM32WB06CCF6TR, STM32WB06CCF7TR, STM32WB06CCV6TR, STM32WB06CCV7TR, STM32WB06KCV6TR, STM32WB06KCV7TR, STM32WB07CCF6TR, STM32WB07CCF7TR, STM32WB07CCV6TR, STM32WB07CCV7TR, STM32WB07KCV6TR, STM32WB07KCV7TR, STM32WB09KEV6TR, STM32WB09KEV7TR, STM32WB09TEF6TR, STM32WB09TEF7TR, STM32WB1MMCH6, STM32WBA50KGU6, STM32WBA50KGU6TR, STM32WBA52CEU6, STM32WBA52CEU6TR, STM32WBA52CEU7, STM32WBA52CEU7TR, STM32WBA52CGU6, STM32WBA52CGU6TR, STM32WBA52CGU6U, STM32WBA52CGU7, STM32WBA52CGU7TR, STM32WBA52KEU6, STM32WBA52KEU6TR, STM32WBA52KGU6, STM32WBA52KGU6TR, STM32WBA54CEU6, STM32WBA54CEU6TR, STM32WBA54CEU7, STM32WBA54CEU7TR, STM32WBA54CGU6, STM32WBA54CGU6TR, STM32WBA54CGU7, STM32WBA54CGU7TR, STM32WBA54KEU6, STM32WBA54KEU6TR, STM32WBA54KEU7, STM32WBA54KEU7TR, STM32WBA54KGU6, STM32WBA54KGU6TR, STM32WBA54KGU7, STM32WBA54KGU7TR, STM32WBA55CEU6, STM32WBA55CEU6TR, STM32WBA55CEU7, STM32WBA55CEU7TR, STM32WBA55CGU6, STM32WBA55CGU6TR, STM32WBA55CGU6U, STM32WBA55CGU7, STM32WBA55CGU7TR, STM32WBA55G-DK1, STM32WBA55HEF6, STM32WBA55HEF7, STM32WBA55HGF6, STM32WBA55HGF7, STM32WBA55UEI6, STM32WBA55UEI6TR, STM32WBA55UEI7, STM32WBA55UEI7TR, STM32WBA55UGI6, STM32WBA55UGI6TR, STM32WBA55UGI7, STM32WBA55UGI7TR, STM32WBA5MMGH6TR, STM32WBA62MGF6, STM32WBA62MIF6, STM32WBA65MGF7, STM32WBA65MIF6, STM32WBA65MIF7, STM32WL30K8V6, STM32WL30KBV6, STM32WL31C8V6, STM32WL31CBV6, STM32WL31K8V6, STM32WL31KBV6, STM32WL33C8V6, STM32WL33C8V6X, STM32WL33CBV6, STM32WL33CBV6X, STM32WL33CCV6, STM32WL33CCV6A, STM32WL33CCV6X, STM32WL33K8V7, STM32WL33K8V7X, STM32WL33KBV7 , STM32WL33KBV7X, STM32WL33KCV7, STM32WL33KCV7X, STM32WL5MOCH6, STM32WL5MOCH6TR]
2025-11-28 09:57:37,033 [INFO] BoardInfo:889 - No configuration file found for board P-NUCLEO-WB55
2025-11-28 09:57:37,034 [INFO] DbBoards:161 - Kit is not supported: P-NUCLEO-WB55
2025-11-28 09:57:37,038 [INFO] BoardInfo:889 - No configuration file found for board STEVAL-BFA001V1B
2025-11-28 09:57:37,039 [INFO] DbBoards:161 - Kit is not supported: STEVAL-BFA001V1B
2025-11-28 09:57:37,040 [INFO] BoardInfo:889 - No configuration file found for board STEVAL-BFA001V2B
2025-11-28 09:57:37,040 [INFO] DbBoards:161 - Kit is not supported: STEVAL-BFA001V2B
2025-11-28 09:57:37,196 [INFO] DbBoards:168 - Found 212 boards, 209 are supported
2025-11-28 09:57:37,196 [INFO] DbBoards:169 - Found 212 boards, 43 of them is supported for  Bsp
2025-11-28 09:57:37,201 [INFO] ApiDb:668 - CubeFinder database Data Model version=2.1
2025-11-28 09:57:37,201 [INFO] ApiDb:669 - CubeFinder database Configuration version=3.0.39
2025-11-28 09:57:37,201 [INFO] ApiDb:670 - CubeFinder database generation date=2025-08-25 (1756130511)
2025-11-28 09:57:37,201 [INFO] ApiDb:671 - CubeFinder database FW Pack versions=[FP-ATR-ASTRA1_V2.0.0, FP-SNS-FLIGHT1_V5.1.0, FP-SNS-MOTENV1_V5.0.0, FP-SNS-MOTENVWB1_V1.4.0, FP-SNS-SMARTAG2_V1.2.0, FP-SNS-STBOX1_V2.1.0, STM32Cube_FW_C0_V1.4.0, STM32Cube_FW_F4_V1.28.3, STM32Cube_FW_F7_V1.17.4, STM32Cube_FW_G0_V1.6.2, STM32Cube_FW_G4_V1.6.1, STM32Cube_FW_H5_V1.5.0, STM32Cube_FW_H7RS_V1.2.0, STM32Cube_FW_H7_V1.12.1, STM32Cube_FW_L0_V1.12.2, STM32Cube_FW_L4_V1.18.1, STM32Cube_FW_L5_V1.5.1, STM32Cube_FW_N6_V1.2.0, STM32Cube_FW_U0_V1.3.0, STM32Cube_FW_U3_V1.2.0, STM32Cube_FW_U5_V1.8.0, STM32Cube_FW_WB0_V1.3.0, STM32Cube_FW_WBA_V1.7.0, STM32Cube_FW_WB_V1.23.0, STM32Cube_FW_WL3_V1.2.0, STM32Cube_FW_WL_V1.3.1, X-CUBE-ALGOBUILD_V1.4.0, X-CUBE-ALS_V1.0.2, X-CUBE-AZRTOS-F4_V1.1.0, X-CUBE-AZRTOS-F7_V1.1.0, X-CUBE-AZRTOS-G0_V1.1.0, X-CUBE-AZRTOS-G4_V2.0.0, X-CUBE-AZRTOS-H7RS_V1.1.0, X-CUBE-AZRTOS-H7_V3.4.0, X-CUBE-AZRTOS-L4_V2.0.0, X-CUBE-AZRTOS-L5_V2.0.0, X-CUBE-AZRTOS-WB_V2.0.0, X-CUBE-AZRTOS-WL_V2.0.0, X-CUBE-BLE1_V7.1.0, X-CUBE-BLE2_V3.3.0, X-CUBE-BLEMGR_V4.1.0, X-CUBE-EEPRMA1_V5.2.0, X-CUBE-FREERTOS_V1.3.1, X-CUBE-GNSS1_V6.0.0, X-CUBE-MEMS1_V11.3.0, X-CUBE-NFC4_V3.0.0, X-CUBE-NFC7_V2.0.0, X-CUBE-SFXS2LP1_V4.0.0, X-CUBE-ST67W61_V1.0.0, X-CUBE-SUBG2_V5.0.0, X-CUBE-TOF1_V3.4.3]
2025-11-28 09:57:39,648 [INFO] ApiDb:240 - Found 880 in-development CPN: [B-G473E-ZEST1S, B-WB1M-WPAN1, B-WBA5M-WPAN, B-WL5M-SUBG1, NUCLEO-C031C6, NUCLEO-C051C8, NUCLEO-C071RB, NUCLEO-C092RC, NUCLEO-H503RB, NUCLEO-H533RE, NUCLEO-H563ZI, NUCLEO-H7S3L8, NUCLEO-N657X0-Q, NUCLEO-U031R8, NUCLEO-U083RC, NUCLEO-U385RG-Q, NUCLEO-U545RE-Q, NUCLEO-U5A5ZJ-Q, NUCLEO-WB05KZ, NUCLEO-WB07CC, NUCLEO-WB09KE, NUCLEO-WBA52CG, NUCLEO-WBA55CG, NUCLEO-WL33CC1, NUCLEO-WL33CC2, STEVAL-PROTEUS1, STEVAL-SMARTAG2, STEVAL-STWINBX1, STM320518-EVAL, STM32C0116-DK, STM32C011D6Y3TR, STM32C011D6Y6TR, STM32C011F4P3, STM32C011F4P6, STM32C011F4U3, STM32C011F4U6TR, STM32C011F6P3, STM32C011F6P6, STM32C011F6U3, STM32C011F6U6TR, STM32C011J4M3, STM32C011J4M6, STM32C011J6M3, STM32C011J6M6, STM32C0316-DK, STM32C031C4T3, STM32C031C4T6, STM32C031C4U3, STM32C031C4U6, STM32C031C6T3, STM32C031C6T6, STM32C031C6U3, STM32C031C6U6, STM32C031F4P3, STM32C031F4P6, STM32C031F6P3, STM32C031F6P6, STM32C031G4U3, STM32C031G4U6, STM32C031G6U3, STM32C031G6U6, STM32C031K4T3, STM32C031K4T6, STM32C031K4U3, STM32C031K4U6, STM32C031K6T3, STM32C031K6T6, STM32C031K6U3, STM32C031K6U6, STM32C051C6T6, STM32C051C6U6, STM32C051C8T6, STM32C051C8U6, STM32C051D8Y6TR, STM32C051F6P6, STM32C051F8P6, STM32C051G6U6, STM32C051G8U6, STM32C051K6T6, STM32C051K6U6, STM32C051K8T6, STM32C071C8T6, STM32C071C8T6N, STM32C071C8U6, STM32C071C8U6N, STM32C071CBT6, STM32C071CBT6N, STM32C071CBU6, STM32C071CBU6N, STM32C071F8P6, STM32C071F8P6N, STM32C071FBP6, STM32C071FBP6N, STM32C071FBY6TR, STM32C071G8U6, STM32C071G8U6N, STM32C071GBU6, STM32C071GBU6N, STM32C071K8T6, STM32C071K8T6N, STM32C071K8U6, STM32C071K8U6N, STM32C071KBT6, STM32C071KBT6N, STM32C071KBU6, STM32C071KBU6N, STM32C071R8T6, STM32C071R8T6N, STM32C071RBI6N, STM32C071RBT6, STM32C071RBT6N, STM32C091CBT6, STM32C091CBU6, STM32C091CCT6, STM32C091CCU6, STM32C091ECY6TR, STM32C091FBP6, STM32C091FCP6, STM32C091GBU6, STM32C091GCU6, STM32C091KBT6, STM32C091KBU6, STM32C091KCT6, STM32C091KCU6, STM32C091RBT6, STM32C091RCI6, STM32C091RCT6, STM32C092CBT6, STM32C092CBU6, STM32C092CCT6, STM32C092CCU6, STM32C092ECY6TR, STM32C092FBP6, STM32C092FCP6, STM32C092GBU6, STM32C092GCU6, STM32C092KBT6, STM32C092KBU6, STM32C092KCT6, STM32C092KCU6, STM32C092RBT6, STM32C092RCI6, STM32C092RCT6, STM32G071K8TXN, STM32G071K8UXN, STM32G081GBU6N, STM32G081KBT6N, STM32G081KBUXN, STM32G0B1CCT6N, STM32G0B1KCT6, STM32G0B1NEY6TR, STM32G0B1RCT6N, STM32G0C1CCT6, STM32G0C1CCT6N, STM32G0C1CCU6N, STM32G0C1CET6N, STM32G0C1CEU6N, STM32G0C1KCT6, STM32G0C1NEY6TR, STM32G0C1RCI6N, STM32G0C1RCT6N, STM32G0C1REI6N, STM32G0C1RET6N, STM32G0C1VCI6, STM32G0C1VEI6, STM32G411C6T3, STM32G411C6T6, STM32G411C6U3, STM32G411C6U6, STM32G411C8T3, STM32G411C8T6, STM32G411C8U3, STM32G411C8U6, STM32G411CBT3, STM32G411CBT6, STM32G411CBU3, STM32G411CBU6, STM32G411K6T3, STM32G411K6T6, STM32G411K6U3, STM32G411K6U6, STM32G411K8T3, STM32G411K8T6, STM32G411K8U3, STM32G411K8U6, STM32G411KBT3, STM32G411KBT6, STM32G411KBU3, STM32G411KBU6, STM32G411M6T3, STM32G411M6T6, STM32G411M8T3, STM32G411M8T6, STM32G411MBT3, STM32G411MBT6, STM32G411R6T3, STM32G411R6T6, STM32G411R8T3, STM32G411R8T6, STM32G411RBT3, STM32G411RBT6, STM32G414CBT3, STM32G414CBT6, STM32G414CBU3, STM32G414CBU6, STM32G414CCT3, STM32G414CCT6, STM32G414CCU3, STM32G414CCU6, STM32G414MBT3, STM32G414MBT6, STM32G414MCT3, STM32G414MCT6, STM32G414RBT3, STM32G414RBT6, STM32G414RCT3, STM32G414RCT6, STM32G414VBT3, STM32G414VBT6, STM32G414VCT3, STM32G414VCT6, STM32G431CBT3Z, STM32G431RBT3Z, STM32G471CCT6, STM32G471CCU6, STM32G471CET3, STM32G471CET6, STM32G471CEU3, STM32G471CEU6, STM32G471MCT6, STM32G471MET3, STM32G471MET6, STM32G471MEY6TR, STM32G471QCT6, STM32G471QET3, STM32G471RCT6, STM32G471RET3, STM32G471RET6, STM32G471VCH6, STM32G471VCI6, STM32G471VCT6, STM32G471VEH3, STM32G471VEH6, STM32G471VEI3, STM32G471VEI6, STM32G471VET3, STM32G471VET6, STM32G473QET3Z, STM32G473RET3Z, STM32G474CCT6, STM32G491RET3Z, STM32H503CBT6, STM32H503CBU6, STM32H503EBY6TR, STM32H503KBU6, STM32H503RBT6, STM32H523CCT6, STM32H523CCU6, STM32H523CET6, STM32H523CEU6, STM32H523HEY6TR, STM32H523RCT6, STM32H523RET6, STM32H523VCI6, STM32H523VCT6, STM32H523VEI6, STM32H523VET6, STM32H523ZCJ6, STM32H523ZCT6, STM32H523ZEJ6, STM32H523ZET6, STM32H533CET6, STM32H533CEU6, STM32H533HEY6TR, STM32H533RET6, STM32H533VEI6, STM32H533VET6, STM32H533ZEJ6, STM32H533ZET6, STM32H562AGI6, STM32H562AII6, STM32H562IGK6, STM32H562IGT6, STM32H562IIK6, STM32H562IIT6, STM32H562RGT6, STM32H562RGV6, STM32H562RIT6, STM32H562RIV6, STM32H562VGT6, STM32H562VIT6, STM32H562ZGT6, STM32H562ZIT6, STM32H563AGI6, STM32H563AII3Q, STM32H563AII6, STM32H563IGK6, STM32H563IGT6, STM32H563IIK3Q, STM32H563IIK6, STM32H563IIT3Q, STM32H563IIT6, STM32H563MIY3QTR, STM32H563RGT6, STM32H563RGV6, STM32H563RIT6, STM32H563RIV6, STM32H563VGT6, STM32H563VIT3Q, STM32H563VIT6, STM32H563ZGT6, STM32H563ZIT3Q, STM32H563ZIT6, STM32H573AII3Q, STM32H573AII6, STM32H573I-DK, STM32H573IIK3Q, STM32H573IIK6, STM32H573IIT3Q, STM32H573IIT6, STM32H573MIY3QTR, STM32H573RIT6, STM32H573RIV6, STM32H573VIT3Q, STM32H573VIT6, STM32H573ZIT3Q, STM32H573ZIT6, STM32H7R3A8I6, STM32H7R3I8K6, STM32H7R3I8T6, STM32H7R3L8H6, STM32H7R3L8H6H, STM32H7R3R8V6, STM32H7R3V8H6, STM32H7R3V8T6, STM32H7R3V8Y6TR, STM32H7R3Z8J6, STM32H7R3Z8T6, STM32H7R7A8I6, STM32H7R7I8K6, STM32H7R7I8T6, STM32H7R7L8H6, STM32H7R7L8H6H, STM32H7R7Z8J6, STM32H7S3A8I6, STM32H7S3I8K6, STM32H7S3I8T6, STM32H7S3L8H6, STM32H7S3L8H6H, STM32H7S3R8V6, STM32H7S3V8H6, STM32H7S3V8T6, STM32H7S3V8Y6TR, STM32H7S3Z8J6, STM32H7S3Z8T6, STM32H7S78-DK, STM32H7S7A8I6, STM32H7S7I8K6, STM32H7S7I8T6, STM32H7S7L8H6, STM32H7S7L8H6H, STM32H7S7Z8J6, STM32L4R5QGI6STR, STM32MP131AAE3, STM32MP131AAF3, STM32MP131AAG3, STM32MP131CAE3, STM32MP131CAF3, STM32MP131CAG3, STM32MP131DAE7, STM32MP131DAF7, STM32MP131DAG7, STM32MP131FAE7, STM32MP131FAF7, STM32MP131FAG7, STM32MP133AAE3, STM32MP133AAF3, STM32MP133AAG3, STM32MP133CAE3, STM32MP133CAF3, STM32MP133CAG3, STM32MP133DAE7, STM32MP133DAF7, STM32MP133DAG7, STM32MP133FAE7, STM32MP133FAF7, STM32MP133FAG7, STM32MP135AAE3, STM32MP135AAF3, STM32MP135AAG3, STM32MP135CAE3, STM32MP135CAF3, STM32MP135CAG3, STM32MP135DAE7, STM32MP135DAF7, STM32MP135DAG7, STM32MP135F-DK, STM32MP135FAE7, STM32MP135FAF7, STM32MP135FAF7T, STM32MP135FAF7U, STM32MP135FAG7, STM32MP211AAL3, STM32MP211AAM3, STM32MP211AAN3, STM32MP211AAO3, STM32MP211CAL3, STM32MP211CAM3, STM32MP211CAN3, STM32MP211CAO3, STM32MP211DAL3, STM32MP211DAM3, STM32MP211DAN3, STM32MP211DAO3, STM32MP211FAL3, STM32MP211FAM3, STM32MP211FAN3, STM32MP211FAO3, STM32MP213AAL3, STM32MP213AAM3, STM32MP213AAN3, STM32MP213AAO3, STM32MP213CAL3, STM32MP213CAM3, STM32MP213CAN3, STM32MP213CAO3, STM32MP213DAL3, STM32MP213DAM3, STM32MP213DAN3, STM32MP213DAO3, STM32MP213FAL3, STM32MP213FAM3, STM32MP213FAN3, STM32MP213FAO3, STM32MP215AAL3, STM32MP215AAM3, STM32MP215AAN3, STM32MP215AAO3, STM32MP215CAL3, STM32MP215CAM3, STM32MP215CAN3, STM32MP215CAO3, STM32MP215DAL3, STM32MP215DAM3, STM32MP215DAN3, STM32MP215DAO3, STM32MP215F-DK, STM32MP215FAL3, STM32MP215FAM3, STM32MP215FAN3, STM32MP215FAO3, STM32MP231AAJ3, STM32MP231AAK3, STM32MP231AAL3, STM32MP231CAJ3, STM32MP231CAK3, STM32MP231CAL3, STM32MP231DAJ3, STM32MP231DAK3, STM32MP231DAL3, STM32MP231FAJ3, STM32MP231FAK3, STM32MP231FAL3, STM32MP233AAJ3, STM32MP233AAK3, STM32MP233AAL3, STM32MP233CAJ3, STM32MP233CAK3, STM32MP233CAL3, STM32MP233DAJ3, STM32MP233DAK3, STM32MP233DAL3, STM32MP233FAJ3, STM32MP233FAK3, STM32MP233FAL3, STM32MP235AAJ3, STM32MP235AAK3, STM32MP235AAL3, STM32MP235CAJ3, STM32MP235CAK3, STM32MP235CAL3, STM32MP235DAJ3, STM32MP235DAK3, STM32MP235DAL3, STM32MP235FAJ3, STM32MP235FAK3, STM32MP235FAL3, STM32MP251AAI3, STM32MP251AAK3, STM32MP251AAL3, STM32MP251CAI3, STM32MP251CAK3, STM32MP251CAL3, STM32MP251DAI3, STM32MP251DAK3, STM32MP251DAL3, STM32MP251FAI3, STM32MP251FAK3, STM32MP251FAL3, STM32MP253AAI3, STM32MP253AAK3, STM32MP253AAL3, STM32MP253CAI3, STM32MP253CAK3, STM32MP253CAL3, STM32MP253DAI3, STM32MP253DAK3, STM32MP253DAL3, STM32MP253FAI3, STM32MP253FAK3, STM32MP253FAL3, STM32MP255AAI3, STM32MP255AAK3, STM32MP255AAL3, STM32MP255CAI3, STM32MP255CAK3, STM32MP255CAL3, STM32MP255DAI3, STM32MP255DAK3, STM32MP255DAL3, STM32MP255FAI3, STM32MP255FAK3, STM32MP255FAL3, STM32MP257AAI3, STM32MP257AAK3, STM32MP257AAL3, STM32MP257CAI3, STM32MP257CAK3, STM32MP257CAL3, STM32MP257DAI3, STM32MP257DAK3, STM32MP257DAL3, STM32MP257F-DK, STM32MP257F-EV1, STM32MP257FAI3, STM32MP257FAK3, STM32MP257FAL3, STM32N645A0H3Q, STM32N645B0H3Q, STM32N645I0H3Q, STM32N645L0H3Q, STM32N645X0H3Q, STM32N645Z0H3Q, STM32N647A0H3Q, STM32N647B0H3Q, STM32N647I0H3Q, STM32N647L0H3Q, STM32N647X0H3Q, STM32N647Z0H3Q, STM32N655A0H3Q, STM32N655B0H3Q, STM32N655I0H3Q, STM32N655L0H3Q, STM32N655X0H3Q, STM32N655Z0H3Q, STM32N6570-DK, STM32N657A0H3Q, STM32N657B0H3Q, STM32N657I0H3Q, STM32N657L0H3Q, STM32N657X0H3Q, STM32N657Z0H3Q, STM32U031C6T6, STM32U031C6U6, STM32U031C8T6, STM32U031C8U6, STM32U031F4P6, STM32U031F6P6, STM32U031F8P6, STM32U031G6Y6TR, STM32U031G8Y6TR, STM32U031K4U6, STM32U031K6U6, STM32U031K8U6, STM32U031R6I6, STM32U031R6T6, STM32U031R8I6, STM32U031R8T6, STM32U073C8T6, STM32U073C8U6, STM32U073CBT6, STM32U073CBU6, STM32U073CCT6, STM32U073CCU6, STM32U073H8Y6TR, STM32U073HBY6TR, STM32U073HCY6TR, STM32U073K8U6, STM32U073KBU6, STM32U073KCU6, STM32U073M8I6, STM32U073M8T6, STM32U073MBI6, STM32U073MBT6, STM32U073MCI6, STM32U073MCT6, STM32U073R8I6, STM32U073R8T6, STM32U073RBI6, STM32U073RBT6, STM32U073RCI6, STM32U073RCT6, STM32U083C-DK, STM32U083CCT6, STM32U083CCU6, STM32U083HCY6TR, STM32U083KCU6, STM32U083MCI6, STM32U083MCT6, STM32U083RCI6, STM32U083RCT6, STM32U375CET6, STM32U375CET6Q, STM32U375CEU6, STM32U375CEU6Q, STM32U375CEY6QTR, STM32U375CGT6, STM32U375CGT6Q, STM32U375CGU6, STM32U375CGU6Q, STM32U375CGY6QTR, STM32U375KEU6, STM32U375KGU6, STM32U375REI6, STM32U375REI6Q, STM32U375RET6, STM32U375RET6Q, STM32U375REY6GTR, STM32U375REY6QTR, STM32U375RGI6, STM32U375RGI6Q, STM32U375RGT6, STM32U375RGT6Q, STM32U375RGY6GTR, STM32U375RGY6QTR, STM32U375VEI6, STM32U375VEI6Q, STM32U375VET6, STM32U375VET6Q, STM32U375VGI6, STM32U375VGI6Q, STM32U375VGT6, STM32U375VGT6Q, STM32U385CGT6, STM32U385CGT6Q, STM32U385CGU6, STM32U385CGU6Q, STM32U385CGY6QTR, STM32U385KGU6, STM32U385RGI6, STM32U385RGI6Q, STM32U385RGT6, STM32U385RGT6Q, STM32U385RGY6GTR, STM32U385RGY6QTR, STM32U385VGI6, STM32U385VGI6Q, STM32U385VGT6, STM32U385VGT6Q, STM32U535CBT6, STM32U535CBT6Q, STM32U535CBU6, STM32U535CBU6Q, STM32U535CCT6, STM32U535CCT6Q, STM32U535CCU6, STM32U535CCU6Q, STM32U535CET6, STM32U535CET6Q, STM32U535CEU6, STM32U535CEU6Q, STM32U535JEY6QTR, STM32U535NCY6QTR, STM32U535NEY6QTR, STM32U535RBI6, STM32U535RBI6Q, STM32U535RBT6, STM32U535RBT6Q, STM32U535RCI6, STM32U535RCI6Q, STM32U535RCT6, STM32U535RCT6Q, STM32U535REI6, STM32U535REI6Q, STM32U535RET6, STM32U535RET6Q, STM32U535VCI6, STM32U535VCI6Q, STM32U535VCT6, STM32U535VCT6Q, STM32U535VEI6, STM32U535VEI6Q, STM32U535VET6, STM32U535VET6Q, STM32U545CET6, STM32U545CET6Q, STM32U545CEU6, STM32U545CEU6Q, STM32U545JEY6QTR, STM32U545NEY6QTR, STM32U545REI6, STM32U545REI6Q, STM32U545RET6, STM32U545RET6Q, STM32U545VEI6, STM32U545VEI6Q, STM32U545VET6, STM32U545VET6Q, STM32U595AIH6, STM32U595AIH6Q, STM32U595AJH6, STM32U595AJH6Q, STM32U595QII6, STM32U595QII6Q, STM32U595QJI6, STM32U595QJI6Q, STM32U595RIT6, STM32U595RIT6Q, STM32U595RJT6, STM32U595RJT6Q, STM32U595VIT6, STM32U595VIT6Q, STM32U595VJT6, STM32U595VJT6Q, STM32U595ZIT6, STM32U595ZIT6Q, STM32U595ZIY6QTR, STM32U595ZJT6, STM32U595ZJT6Q, STM32U595ZJY6QTR, STM32U599BJY6QTR, STM32U599NIH6Q, STM32U599NJH6Q, STM32U599VIT6Q, STM32U599VJT6, STM32U599VJT6Q, STM32U599ZIT6Q, STM32U599ZIY6QTR, STM32U599ZJT6Q, STM32U599ZJY6QTR, STM32U5A5AJH6, STM32U5A5AJH6Q, STM32U5A5QII3Q , STM32U5A5QJI6, STM32U5A5QJI6Q, STM32U5A5RJT6, STM32U5A5RJT6Q, STM32U5A5VJT6, STM32U5A5VJT6Q, STM32U5A5ZJT6, STM32U5A5ZJT6Q, STM32U5A5ZJY6QTR, STM32U5A9BJY6QTR, STM32U5A9J-DK, STM32U5A9NJH6Q, STM32U5A9VJT6Q, STM32U5A9ZJT6Q, STM32U5A9ZJY6QTR, STM32U5F7VIT6, STM32U5F7VIT6Q, STM32U5F7VJT6, STM32U5F7VJT6Q, STM32U5F9BJY6QTR, STM32U5F9NJH6Q, STM32U5F9VIT6Q, STM32U5F9VJT6Q, STM32U5F9ZIJ6QTR, STM32U5F9ZIT6Q, STM32U5F9ZJJ6QTR, STM32U5F9ZJT6Q, STM32U5G7VJT6, STM32U5G7VJT6Q, STM32U5G9BJY6QTR, STM32U5G9J-DK1, STM32U5G9J-DK2, STM32U5G9NJH6Q, STM32U5G9VJT6Q, STM32U5G9ZJJ6QTR, STM32U5G9ZJT6Q, STM32WB05KZV6TR, STM32WB05KZV7TR, STM32WB05TZF6TR, STM32WB05TZF7TR, STM32WB06CCF6TR, STM32WB06CCF7TR, STM32WB06CCV6TR, STM32WB06CCV7TR, STM32WB06KCV6TR, STM32WB06KCV7TR, STM32WB07CCF6TR, STM32WB07CCF7TR, STM32WB07CCV6TR, STM32WB07CCV7TR, STM32WB07KCV6TR, STM32WB07KCV7TR, STM32WB09KEV6TR, STM32WB09KEV7TR, STM32WB09TEF6TR, STM32WB09TEF7TR, STM32WB1MMCH6, STM32WBA50KGU6, STM32WBA50KGU6TR, STM32WBA52CEU6, STM32WBA52CEU6TR, STM32WBA52CEU7, STM32WBA52CEU7TR, STM32WBA52CGU6, STM32WBA52CGU6TR, STM32WBA52CGU6U, STM32WBA52CGU7, STM32WBA52CGU7TR, STM32WBA52KEU6, STM32WBA52KEU6TR, STM32WBA52KGU6, STM32WBA52KGU6TR, STM32WBA54CEU6, STM32WBA54CEU6TR, STM32WBA54CEU7, STM32WBA54CEU7TR, STM32WBA54CGU6, STM32WBA54CGU6TR, STM32WBA54CGU7, STM32WBA54CGU7TR, STM32WBA54KEU6, STM32WBA54KEU6TR, STM32WBA54KEU7, STM32WBA54KEU7TR, STM32WBA54KGU6, STM32WBA54KGU6TR, STM32WBA54KGU7, STM32WBA54KGU7TR, STM32WBA55CEU6, STM32WBA55CEU6TR, STM32WBA55CEU7, STM32WBA55CEU7TR, STM32WBA55CGU6, STM32WBA55CGU6TR, STM32WBA55CGU6U, STM32WBA55CGU7, STM32WBA55CGU7TR, STM32WBA55G-DK1, STM32WBA55HEF6, STM32WBA55HEF7, STM32WBA55HGF6, STM32WBA55HGF7, STM32WBA55UEI6, STM32WBA55UEI6TR, STM32WBA55UEI7, STM32WBA55UEI7TR, STM32WBA55UGI6, STM32WBA55UGI6TR, STM32WBA55UGI7, STM32WBA55UGI7TR, STM32WBA5MMGH6TR, STM32WBA62MGF6, STM32WBA62MIF6, STM32WBA65MGF7, STM32WBA65MIF6, STM32WBA65MIF7, STM32WL30K8V6, STM32WL30KBV6, STM32WL31C8V6, STM32WL31CBV6, STM32WL31K8V6, STM32WL31KBV6, STM32WL33C8V6, STM32WL33C8V6X, STM32WL33CBV6, STM32WL33CBV6X, STM32WL33CCV6, STM32WL33CCV6A, STM32WL33CCV6X, STM32WL33K8V7, STM32WL33K8V7X, STM32WL33KBV7 , STM32WL33KBV7X, STM32WL33KCV7, STM32WL33KCV7X, STM32WL5MOCH6, STM32WL5MOCH6TR]
2025-11-28 09:57:39,653 [INFO] DbMcus:218 - Found 4801 MCUs, 4801 are supported
2025-11-28 09:57:39,655 [INFO] ApiDb:423 - Load user favorites file C:\Users\kujon/.stm32cubeide/favorites.mcus.txt: 0 item(s)
2025-11-28 09:57:39,656 [INFO] ApiDb:427 - User favorites MCUs=[]
2025-11-28 09:57:39,656 [INFO] DbMcus:224 - Set 0 / 0 favorites MCUs
2025-11-28 09:57:40,170 [INFO] ApiDb:423 - Load user favorites file C:\Users\kujon/.stm32cubeide/favorites.boards.txt: 0 item(s)
2025-11-28 09:57:40,170 [INFO] ApiDb:427 - User favorites Boards=[]
2025-11-28 09:57:40,170 [INFO] DbBoards:198 - Set 0 / 0 favorites Boards
2025-11-28 09:57:40,214 [INFO] UtilMem:75 - End LoadConfig() Used Memory: 802039840 Bytes (1073741824)
2025-11-28 09:57:40,370 [WARN] ThirdParty:833 - waiting for thirdparty lock release [change project]
2025-11-28 09:57:40,370 [INFO] ThirdParty:835 - entering critical section [change project]
2025-11-28 09:57:40,370 [INFO] ThirdParty:1030 - CMSIS Pack Vendor :STMicroelectronics X-CUBE-PM33A1 1.0.0
2025-11-28 09:57:40,370 [INFO] ThirdParty:1030 - CMSIS Pack Vendor :STMicroelectronics USBPD 4.1
2025-11-28 09:57:40,370 [INFO] ThirdParty:1030 - CMSIS Pack Vendor :STMicroelectronics X-CUBE-GNSS1 6.0.0
2025-11-28 09:57:40,370 [INFO] ThirdParty:1030 - CMSIS Pack Vendor :STMicroelectronics USB_HOST 2.0.0
2025-11-28 09:57:40,371 [INFO] ThirdParty:1030 - CMSIS Pack Vendor :STMicroelectronics FP-SNS-MOTENVWB1 1.4.0
2025-11-28 09:57:40,371 [INFO] ThirdParty:1030 - CMSIS Pack Vendor :STMicroelectronics X-CUBE-AZRTOS-F4 1.1.0
2025-11-28 09:57:40,371 [INFO] ThirdParty:1030 - CMSIS Pack Vendor :STMicroelectronics LIBJPEG 8.0.0
2025-11-28 09:57:40,371 [INFO] ThirdParty:1030 - CMSIS Pack Vendor :STMicroelectronics FP-ATR-ASTRA1 2.0.2
2025-11-28 09:57:40,371 [INFO] ThirdParty:1030 - CMSIS Pack Vendor :Avnet-IotConnect X-CUBE-IoTC-DA16k-PMOD 1.0.0
2025-11-28 09:57:40,371 [INFO] ThirdParty:1030 - CMSIS Pack Vendor :STMicroelectronics X-CUBE-SMBUS 2.1.0
2025-11-28 09:57:40,371 [INFO] ThirdParty:1030 - CMSIS Pack Vendor :STMicroelectronics X-CUBE-ISPU 2.1.0
2025-11-28 09:57:40,371 [INFO] ThirdParty:1030 - CMSIS Pack Vendor :STMicroelectronics X-CUBE-IPS 3.2.0
2025-11-28 09:57:40,371 [INFO] ThirdParty:1030 - CMSIS Pack Vendor :STMicroelectronics X-CUBE-ST60 1.0.0
2025-11-28 09:57:40,371 [INFO] ThirdParty:1030 - CMSIS Pack Vendor :STMicroelectronics X-CUBE-NFC12 1.0.0
2025-11-28 09:57:40,371 [INFO] ThirdParty:1030 - CMSIS Pack Vendor :STMicroelectronics X-CUBE-AZRTOS-F7 1.1.0
2025-11-28 09:57:40,371 [INFO] ThirdParty:1030 - CMSIS Pack Vendor :STMicroelectronics X-CUBE-AZRTOS-L5 2.0.0
2025-11-28 09:57:40,371 [INFO] ThirdParty:1030 - CMSIS Pack Vendor :STMicroelectronics USB_DEVICE 2.0.0
2025-11-28 09:57:40,371 [INFO] ThirdParty:1030 - CMSIS Pack Vendor :STMicroelectronics X-CUBE-NFC6 3.1.0
2025-11-28 09:57:40,371 [INFO] ThirdParty:1030 - CMSIS Pack Vendor :STMicroelectronics X-CUBE-BLE1 6.2.4
2025-11-28 09:57:40,371 [INFO] ThirdParty:1030 - CMSIS Pack Vendor :STMicroelectronics FP-SNS-MOTENV1 5.1.0
2025-11-28 09:57:40,371 [INFO] ThirdParty:1030 - CMSIS Pack Vendor :STMicroelectronics FreeRTOS 0.0.1
2025-11-28 09:57:40,371 [INFO] ThirdParty:1030 - CMSIS Pack Vendor :emotas I-CUBE-CANOPEN 1.1.3
2025-11-28 09:57:40,371 [INFO] ThirdParty:1030 - CMSIS Pack Vendor :WES I-CUBE-Cesium 1.4.0
2025-11-28 09:57:40,371 [INFO] ThirdParty:1030 - CMSIS Pack Vendor :Infineon AIROC-Wi-Fi-Bluetooth-STM32 1.7.1
2025-11-28 09:57:40,371 [INFO] ThirdParty:1030 - CMSIS Pack Vendor :STMicroelectronics PDM2PCM 3.3.0
2025-11-28 09:57:40,371 [INFO] ThirdParty:1030 - CMSIS Pack Vendor :STMicroelectronics X-CUBE-AZRTOS-H7 3.4.0
2025-11-28 09:57:40,371 [INFO] ThirdParty:1030 - CMSIS Pack Vendor :STMicroelectronics X-CUBE-DISPLAY 3.0.0
2025-11-28 09:57:40,371 [INFO] ThirdParty:1030 - CMSIS Pack Vendor :STMicroelectronics X-CUBE-NFC10 1.0.0
2025-11-28 09:57:40,371 [INFO] ThirdParty:1030 - CMSIS Pack Vendor :wolfSSL I-CUBE-wolfSSL 5.5.4
2025-11-28 09:57:40,371 [INFO] ThirdParty:1030 - CMSIS Pack Vendor :STMicroelectronics X-CUBE-FREERTOS 1.3.1
2025-11-28 09:57:40,371 [INFO] ThirdParty:1030 - CMSIS Pack Vendor :STMicroelectronics HAL Drivers 0.0.0
2025-11-28 09:57:40,371 [INFO] ThirdParty:1030 - CMSIS Pack Vendor :STMicroelectronics X-CUBE-ST60 1.1.0
2025-11-28 09:57:40,371 [INFO] ThirdParty:1030 - CMSIS Pack Vendor :emotas I-CUBE-CANOPEN 1.3.0
2025-11-28 09:57:40,371 [INFO] ThirdParty:1030 - CMSIS Pack Vendor :STMicroelectronics MBEDTLS 2.14.1
2025-11-28 09:57:40,371 [INFO] ThirdParty:1030 - CMSIS Pack Vendor :STMicroelectronics X-CUBE-GNSS1 7.1.0
2025-11-28 09:57:40,371 [INFO] ThirdParty:1030 - CMSIS Pack Vendor :STMicroelectronics X-CUBE-NFC7 1.0.0
2025-11-28 09:57:40,371 [INFO] ThirdParty:1030 - CMSIS Pack Vendor :STMicroelectronics X-CUBE-TOUCHGFX 4.26.0
2025-11-28 09:57:40,371 [INFO] ThirdParty:1030 - CMSIS Pack Vendor :STMicroelectronics X-CUBE-EEPRMA1 4.1.0
2025-11-28 09:57:40,372 [INFO] ThirdParty:1030 - CMSIS Pack Vendor :STMicroelectronics FP-SNS-STBOX1 2.1.0
2025-11-28 09:57:40,372 [INFO] ThirdParty:1030 - CMSIS Pack Vendor :STMicroelectronics FP-SNS-STAIOTCFT 1.0.0
2025-11-28 09:57:40,372 [INFO] ThirdParty:1030 - CMSIS Pack Vendor :STMicroelectronics FP-SNS-SMARTAG2 1.2.0
2025-11-28 09:57:40,372 [INFO] ThirdParty:1030 - CMSIS Pack Vendor :STMicroelectronics FP-SNS-FLIGHT1 5.1.0
2025-11-28 09:57:40,372 [INFO] ThirdParty:1030 - CMSIS Pack Vendor :STMicroelectronics X-CUBE-AZRTOS-WL 2.0.0
2025-11-28 09:57:40,372 [INFO] ThirdParty:1030 - CMSIS Pack Vendor :STMicroelectronics X-CUBE-DPower 1.3.0
2025-11-28 09:57:40,372 [INFO] ThirdParty:1030 - CMSIS Pack Vendor :STMicroelectronics FP-SNS-MOTENV1 5.0.0
2025-11-28 09:57:40,372 [INFO] ThirdParty:1030 - CMSIS Pack Vendor :STMicroelectronics USB_DEVICE 1.0.0
2025-11-28 09:57:40,372 [INFO] ThirdParty:1030 - CMSIS Pack Vendor :STMicroelectronics X-CUBE-AZRTOS-H7RS 1.2.0
2025-11-28 09:57:40,372 [INFO] ThirdParty:1030 - CMSIS Pack Vendor :STMicroelectronics X-CUBE-AZRTOS-L4 2.0.0
2025-11-28 09:57:40,372 [INFO] ThirdParty:1030 - CMSIS Pack Vendor :STMicroelectronics ThreadX 0.0.2
2025-11-28 09:57:40,372 [INFO] ThirdParty:1030 - CMSIS Pack Vendor :STMicroelectronics lwIP 2.1.2
2025-11-28 09:57:40,372 [INFO] ThirdParty:1030 - CMSIS Pack Vendor :STMicroelectronics X-CUBE-SFXS2LP1 4.0.0
2025-11-28 09:57:40,372 [INFO] ThirdParty:1030 - CMSIS Pack Vendor :STMicroelectronics X-CUBE-BLE2 3.3.0
2025-11-28 09:57:40,372 [INFO] ThirdParty:1030 - CMSIS Pack Vendor :Avnet-IOTCONNECT X-CUBE-iotc-st67-sdk 1.0.0
2025-11-28 09:57:40,372 [INFO] ThirdParty:1030 - CMSIS Pack Vendor :STMicroelectronics X-CUBE-TOF1 3.2.0
2025-11-28 09:57:40,372 [INFO] ThirdParty:1030 - CMSIS Pack Vendor :STMicroelectronics PDM2PCM 3.2.0
2025-11-28 09:57:40,372 [INFO] ThirdParty:1030 - CMSIS Pack Vendor :STMicroelectronics X-CUBE-AZRTOS-H7 3.0.0
2025-11-28 09:57:40,372 [INFO] ThirdParty:1030 - CMSIS Pack Vendor :STMicroelectronics X-CUBE-ISPU 1.1.0
2025-11-28 09:57:40,372 [INFO] ThirdParty:1030 - CMSIS Pack Vendor :RoweBots I-CUBE-UNISONRTOS 5.5.0-4
2025-11-28 09:57:40,372 [INFO] ThirdParty:1030 - CMSIS Pack Vendor :STMicroelectronics X-CUBE-NFC9 1.0.0
2025-11-28 09:57:40,372 [INFO] ThirdParty:1030 - CMSIS Pack Vendor :wolfSSL I-CUBE-wolfSSL 5.8.2
2025-11-28 09:57:40,372 [INFO] ThirdParty:1030 - CMSIS Pack Vendor :STMicroelectronics X-CUBE-BLE1 7.1.0
2025-11-28 09:57:40,372 [INFO] ThirdParty:1030 - CMSIS Pack Vendor :wolfSSL I-CUBE-wolfMQTT 1.19.2
2025-11-28 09:57:40,372 [INFO] ThirdParty:1030 - CMSIS Pack Vendor :STMicroelectronics USB_DEVICE 3.0.0
2025-11-28 09:57:40,372 [INFO] ThirdParty:1030 - CMSIS Pack Vendor :STMicroelectronics X-CUBE-FREERTOS 1.4.0
2025-11-28 09:57:40,372 [INFO] ThirdParty:1030 - CMSIS Pack Vendor :STMicroelectronics X-CUBE-EEPRMA1 5.2.0
2025-11-28 09:57:40,372 [INFO] ThirdParty:1030 - CMSIS Pack Vendor :STMicroelectronics X-CUBE-BLEMGR 4.1.0
2025-11-28 09:57:40,372 [INFO] ThirdParty:1030 - CMSIS Pack Vendor :STMicroelectronics X-CUBE-AI 8.0.0
2025-11-28 09:57:40,372 [INFO] ThirdParty:1030 - CMSIS Pack Vendor :STMicroelectronics X-CUBE-AZRTOS-WB 2.0.0
2025-11-28 09:57:40,372 [INFO] ThirdParty:1030 - CMSIS Pack Vendor :STMicroelectronics X-CUBE-TOUCHGFX 4.21.1
2025-11-28 09:57:40,372 [INFO] ThirdParty:1030 - CMSIS Pack Vendor :STMicroelectronics X-CUBE-GNSS1 7.0.1
2025-11-28 09:57:40,372 [INFO] ThirdParty:1030 - CMSIS Pack Vendor :STMicroelectronics X-CUBE-TOUCHGFX 4.25.0
2025-11-28 09:57:40,373 [INFO] ThirdParty:1030 - CMSIS Pack Vendor :STMicroelectronics X-CUBE-ST67W61 1.1.0
2025-11-28 09:57:40,373 [INFO] ThirdParty:1030 - CMSIS Pack Vendor :quantropi X-CUBE-qispace-sdk-base 2.1.0
2025-11-28 09:57:40,373 [INFO] ThirdParty:1030 - CMSIS Pack Vendor :STMicroelectronics X-CUBE-MEMS1 12.0.0
2025-11-28 09:57:40,373 [INFO] ThirdParty:1030 - CMSIS Pack Vendor :STMicroelectronics X-CUBE-ALGOBUILD 1.3.0
2025-11-28 09:57:40,373 [INFO] ThirdParty:1030 - CMSIS Pack Vendor :STMicroelectronics X-CUBE-AZRTOS-L5 1.1.0
2025-11-28 09:57:40,373 [INFO] ThirdParty:1030 - CMSIS Pack Vendor :STMicroelectronics X-CUBE-AZRTOS-G0 1.1.0
2025-11-28 09:57:40,373 [INFO] ThirdParty:1030 - CMSIS Pack Vendor :STMicroelectronics X-CUBE-SAFEA1 1.2.2
2025-11-28 09:57:40,373 [INFO] ThirdParty:1030 - CMSIS Pack Vendor :STMicroelectronics X-CUBE-NFC4 3.0.0
2025-11-28 09:57:40,373 [INFO] ThirdParty:1030 - CMSIS Pack Vendor :STMicroelectronics X-CUBE-SUBG2 5.0.0
2025-11-28 09:57:40,373 [INFO] ThirdParty:1030 - CMSIS Pack Vendor :STMicroelectronics X-CUBE-AZRTOS-H7RS 1.1.0
2025-11-28 09:57:40,373 [INFO] ThirdParty:1030 - CMSIS Pack Vendor :STMicroelectronics STM32_WPAN 1.0.0
2025-11-28 09:57:40,373 [INFO] ThirdParty:1030 - CMSIS Pack Vendor :EmbeddedOffice I-CUBE-FS-RTOS 1.0.1
2025-11-28 09:57:40,373 [INFO] ThirdParty:1030 - CMSIS Pack Vendor :STMicroelectronics lwIP 2.0.3
2025-11-28 09:57:40,373 [INFO] ThirdParty:1030 - CMSIS Pack Vendor :Cesanta I-CUBE-Mongoose 7.13.0
2025-11-28 09:57:40,373 [INFO] ThirdParty:1030 - CMSIS Pack Vendor :STMicroelectronics USB_HOST 1.0.0
2025-11-28 09:57:40,373 [INFO] ThirdParty:1030 - CMSIS Pack Vendor :STMicroelectronics X-CUBE-AZRTOS-G4 2.0.0
2025-11-28 09:57:40,373 [INFO] ThirdParty:1030 - CMSIS Pack Vendor :STMicroelectronics X-CUBE-WB05N 2.0.0
2025-11-28 09:57:40,373 [INFO] ThirdParty:1030 - CMSIS Pack Vendor :STMicroelectronics PDM2PCM 3.1.0
2025-11-28 09:57:40,373 [INFO] ThirdParty:1030 - CMSIS Pack Vendor :STMicroelectronics FP-ATR-ASTRA1 1.1.1
2025-11-28 09:57:40,373 [INFO] ThirdParty:1030 - CMSIS Pack Vendor :wolfSSL I-CUBE-wolfTPM 3.8.0
2025-11-28 09:57:40,373 [INFO] ThirdParty:1030 - CMSIS Pack Vendor :STMicroelectronics X-CUBE-BLEMGR 1.3.0
2025-11-28 09:57:40,373 [INFO] ThirdParty:1030 - CMSIS Pack Vendor :wolfSSL I-CUBE-wolfSSH 1.4.20
2025-11-28 09:57:40,373 [INFO] ThirdParty:1030 - CMSIS Pack Vendor :STMicroelectronics X-CUBE-NFC7 2.0.0
2025-11-28 09:57:40,373 [INFO] ThirdParty:1030 - CMSIS Pack Vendor :STMicroelectronics X-CUBE-TCPP 4.2.0
2025-11-28 09:57:40,373 [INFO] ThirdParty:1030 - CMSIS Pack Vendor :RealThread X-CUBE-RT-Thread_Nano 4.1.1
2025-11-28 09:57:40,373 [INFO] ThirdParty:1030 - CMSIS Pack Vendor :STMicroelectronics FP-ATR-SIGFOX1 3.2.0
2025-11-28 09:57:40,373 [INFO] ThirdParty:1030 - CMSIS Pack Vendor :STMicroelectronics X-CUBE-AZRTOS-G4 1.0.0
2025-11-28 09:57:40,373 [INFO] ThirdParty:1030 - CMSIS Pack Vendor :STMicroelectronics X-CUBE-AZRTOS-L4 1.0.0
2025-11-28 09:57:40,373 [INFO] ThirdParty:1030 - CMSIS Pack Vendor :STMicroelectronics MBEDTLS 2.16.2
2025-11-28 09:57:40,373 [INFO] ThirdParty:1030 - CMSIS Pack Vendor :STMicroelectronics X-CUBE-IPS 3.1.0
2025-11-28 09:57:40,373 [INFO] ThirdParty:1030 - CMSIS Pack Vendor :STMicroelectronics X-CUBE-ALS 1.0.2
2025-11-28 09:57:40,374 [INFO] ThirdParty:1030 - CMSIS Pack Vendor :ITTIA_DB I-CUBE-ITTIADB 8.9.0
2025-11-28 09:57:40,374 [INFO] ThirdParty:1030 - CMSIS Pack Vendor :STMicroelectronics X-CUBE-AZRTOS-WL 1.0.0
2025-11-28 09:57:40,374 [INFO] ThirdParty:1030 - CMSIS Pack Vendor :STMicroelectronics X-CUBE-STSE01 1.0.0
2025-11-28 09:57:40,374 [INFO] ThirdParty:1030 - CMSIS Pack Vendor :portGmbH I-Cube-SoM-uGOAL 1.1.0
2025-11-28 09:57:40,374 [INFO] ThirdParty:1030 - CMSIS Pack Vendor :STMicroelectronics X-CUBE-ALS 1.0.1
2025-11-28 09:57:40,374 [INFO] ThirdParty:1030 - CMSIS Pack Vendor :STMicroelectronics X-CUBE-MEMS1 9.5.0
2025-11-28 09:57:40,374 [INFO] ThirdParty:1030 - CMSIS Pack Vendor :STMicroelectronics X-CUBE-ST67W61 1.0.0
2025-11-28 09:57:40,374 [INFO] ThirdParty:1030 - CMSIS Pack Vendor :STMicroelectronics X-CUBE-AI 10.2.0
2025-11-28 09:57:40,374 [INFO] ThirdParty:1030 - CMSIS Pack Vendor :STMicroelectronics ThreadX 1.0.0
2025-11-28 09:57:40,374 [INFO] ThirdParty:1030 - CMSIS Pack Vendor :STMicroelectronics X-CUBE-AZRTOS-WB 1.1.0
2025-11-28 09:57:40,374 [INFO] ThirdParty:1030 - CMSIS Pack Vendor :SEGGER I-CUBE-embOS 1.3.1
2025-11-28 09:57:40,374 [INFO] ThirdParty:1030 - CMSIS Pack Vendor :STMicroelectronics X-CUBE-ALGOBUILD 1.4.0
2025-11-28 09:57:40,374 [INFO] ThirdParty:1030 - CMSIS Pack Vendor :STMicroelectronics X-CUBE-MEMS1 11.3.0
2025-11-28 09:57:40,374 [INFO] ThirdParty:1030 - CMSIS Pack Vendor :STMicroelectronics X-CUBE-TOF1 3.4.3
2025-11-28 09:57:40,375 [INFO] ThirdParty:841 - exiting critical section [change project]
2025-11-28 09:57:41,076 [INFO] PinOutPanel:1589 - setPackage(No Configuration,No Configuration)
2025-11-28 09:57:41,078 [INFO] PinOutPanel:1589 - setPackage(STM32G473CETx,LQFP48)
2025-11-28 09:57:41,765 [INFO] UtilMem:75 - Before build in PCC Used Memory: 678672856 Bytes (1073741824)
2025-11-28 09:57:43,028 [INFO] UtilMem:75 - After build in PCC Used Memory: 838202024 Bytes (1073741824)
2025-11-28 09:57:43,081 [INFO] IPUIPlugin:80 - create IPUIPlugin
2025-11-28 09:57:43,081 [INFO] IPUIPlugin:80 - create IPUIPlugin
2025-11-28 09:57:43,081 [INFO] IPUIPlugin:80 - create IPUIPlugin
2025-11-28 09:57:43,081 [INFO] IPUIPlugin:80 - create IPUIPlugin
2025-11-28 09:57:43,081 [INFO] IPUIPlugin:80 - create IPUIPlugin
2025-11-28 09:57:43,081 [INFO] IPUIPlugin:80 - create IPUIPlugin
2025-11-28 09:57:43,082 [INFO] IPUIPlugin:80 - create IPUIPlugin
2025-11-28 09:57:43,082 [INFO] IPUIPlugin:80 - create IPUIPlugin
2025-11-28 09:57:43,082 [INFO] IPUIPlugin:80 - create IPUIPlugin
2025-11-28 09:57:43,082 [INFO] IPUIPlugin:80 - create IPUIPlugin
2025-11-28 09:57:43,082 [INFO] IPUIPlugin:80 - create IPUIPlugin
2025-11-28 09:57:43,082 [INFO] IPUIPlugin:80 - create IPUIPlugin
2025-11-28 09:57:43,082 [INFO] IPUIPlugin:80 - create IPUIPlugin
2025-11-28 09:57:43,082 [INFO] IPUIPlugin:80 - create IPUIPlugin
2025-11-28 09:57:43,082 [INFO] IPUIPlugin:80 - create IPUIPlugin
2025-11-28 09:57:43,082 [INFO] IPUIPlugin:80 - create IPUIPlugin
2025-11-28 09:57:43,082 [INFO] IPUIPlugin:80 - create IPUIPlugin
2025-11-28 09:57:43,083 [INFO] IPUIPlugin:80 - create IPUIPlugin
2025-11-28 09:57:43,083 [INFO] IPUIPlugin:80 - create IPUIPlugin
2025-11-28 09:57:43,083 [INFO] IPUIPlugin:80 - create IPUIPlugin
2025-11-28 09:57:43,083 [INFO] IPUIPlugin:80 - create IPUIPlugin
2025-11-28 09:57:43,083 [INFO] IPUIPlugin:80 - create IPUIPlugin
2025-11-28 09:57:43,083 [INFO] IPUIPlugin:80 - create IPUIPlugin
2025-11-28 09:57:43,083 [INFO] IPUIPlugin:80 - create IPUIPlugin
2025-11-28 09:57:43,084 [INFO] IPUIPlugin:80 - create IPUIPlugin
2025-11-28 09:57:43,086 [INFO] IPUIPlugin:80 - create IPUIPlugin
2025-11-28 09:57:43,086 [INFO] IPUIPlugin:80 - create IPUIPlugin
2025-11-28 09:57:43,086 [INFO] IPUIPlugin:80 - create IPUIPlugin
2025-11-28 09:57:43,086 [INFO] IPUIPlugin:80 - create IPUIPlugin
2025-11-28 09:57:43,087 [INFO] IPUIPlugin:80 - create IPUIPlugin
2025-11-28 09:57:43,087 [INFO] IPUIPlugin:80 - create IPUIPlugin
2025-11-28 09:57:43,087 [INFO] IPUIPlugin:80 - create IPUIPlugin
2025-11-28 09:57:43,087 [INFO] IPUIPlugin:80 - create IPUIPlugin
2025-11-28 09:57:43,087 [INFO] IPUIPlugin:80 - create IPUIPlugin
2025-11-28 09:57:43,088 [INFO] IPUIPlugin:80 - create IPUIPlugin
2025-11-28 09:57:43,088 [INFO] IPUIPlugin:80 - create IPUIPlugin
2025-11-28 09:57:43,088 [INFO] IPUIPlugin:80 - create IPUIPlugin
2025-11-28 09:57:43,088 [INFO] IPUIPlugin:80 - create IPUIPlugin
2025-11-28 09:57:43,088 [INFO] IPUIPlugin:80 - create IPUIPlugin
2025-11-28 09:57:43,089 [INFO] IPUIPlugin:80 - create IPUIPlugin
2025-11-28 09:57:43,089 [INFO] IPUIPlugin:80 - create IPUIPlugin
2025-11-28 09:57:43,089 [INFO] IPUIPlugin:80 - create IPUIPlugin
2025-11-28 09:57:43,089 [INFO] IPUIPlugin:80 - create IPUIPlugin
2025-11-28 09:57:43,089 [INFO] IPUIPlugin:80 - create IPUIPlugin
2025-11-28 09:57:43,089 [INFO] IPUIPlugin:80 - create IPUIPlugin
2025-11-28 09:57:43,090 [INFO] IPUIPlugin:80 - create IPUIPlugin
2025-11-28 09:57:43,090 [INFO] IPUIPlugin:80 - create IPUIPlugin
2025-11-28 09:57:43,090 [INFO] IPUIPlugin:80 - create IPUIPlugin
2025-11-28 09:57:43,091 [INFO] IPUIPlugin:80 - create IPUIPlugin
2025-11-28 09:57:43,091 [INFO] IPUIPlugin:80 - create IPUIPlugin
2025-11-28 09:57:43,091 [INFO] IPUIPlugin:80 - create IPUIPlugin
2025-11-28 09:57:43,091 [INFO] IPUIPlugin:80 - create IPUIPlugin
2025-11-28 09:57:43,091 [INFO] IPUIPlugin:80 - create IPUIPlugin
2025-11-28 09:57:43,092 [INFO] IPUIPlugin:80 - create IPUIPlugin
2025-11-28 09:57:43,092 [INFO] IPUIPlugin:80 - create IPUIPlugin
2025-11-28 09:57:43,092 [INFO] IPUIPlugin:80 - create IPUIPlugin
2025-11-28 09:57:43,092 [INFO] IPUIPlugin:80 - create IPUIPlugin
2025-11-28 09:57:43,092 [INFO] IPUIPlugin:80 - create IPUIPlugin
2025-11-28 09:57:43,094 [INFO] IPUIPlugin:80 - create IPUIPlugin
2025-11-28 09:57:43,094 [INFO] IPUIPlugin:80 - create IPUIPlugin
2025-11-28 09:57:43,094 [INFO] IPUIPlugin:80 - create IPUIPlugin
2025-11-28 09:57:43,094 [INFO] IPUIPlugin:80 - create IPUIPlugin
2025-11-28 09:57:43,095 [INFO] IPUIPlugin:80 - create IPUIPlugin
2025-11-28 09:57:43,095 [INFO] IPUIPlugin:80 - create IPUIPlugin
2025-11-28 09:57:43,095 [INFO] IPUIPlugin:80 - create IPUIPlugin
2025-11-28 09:57:43,095 [INFO] IPUIPlugin:80 - create IPUIPlugin
2025-11-28 09:57:43,096 [INFO] IPUIPlugin:80 - create IPUIPlugin
2025-11-28 09:57:43,096 [INFO] IPUIPlugin:80 - create IPUIPlugin
2025-11-28 09:57:43,096 [INFO] IPUIPlugin:80 - create IPUIPlugin
2025-11-28 09:57:43,097 [INFO] IPUIPlugin:80 - create IPUIPlugin
2025-11-28 09:57:43,097 [INFO] IPUIPlugin:80 - create IPUIPlugin
2025-11-28 09:57:43,097 [INFO] IPUIPlugin:80 - create IPUIPlugin
2025-11-28 09:57:43,098 [INFO] IPUIPlugin:80 - create IPUIPlugin
2025-11-28 09:57:43,098 [INFO] IPUIPlugin:80 - create IPUIPlugin
2025-11-28 09:57:43,478 [INFO] CADModel:165 - CPN selected for project levelSTM32G473CET6
2025-11-28 09:57:43,478 [INFO] CADModel:114 - Register for checkConnection events
2025-11-28 09:57:43,520 [INFO] OpenFileManager:386 - Restore cursor
2025-11-28 09:57:59,823 [INFO] NvicIntPanel:101 - NVIC parent = com.st.microxplorer.plugins.ip.nvic.MultiNvicIntPanel[,0,0,605x168,layout=javax.swing.BoxLayout,alignmentX=0.0,alignmentY=0.0,border=,flags=9,maximumSize=,minimumSize=,preferredSize=]
2025-11-28 10:09:21,556 [INFO] I2cTimingTraitement:330 - 0x40621236
2025-11-28 10:09:26,382 [INFO] Gpio:278 - dependency for GPIO [ADC1, I2C2, SPI1, SPI2, SYS, TIM3, TIM8, USART1, USART2]
2025-11-28 10:14:55,628 [INFO] UtilMem:75 - End SaveConfig() Used Memory: 715786240 Bytes (1073741824)
2025-11-28 10:14:57,454 [INFO] UtilMem:75 - End SaveConfig() Used Memory: 751862432 Bytes (1073741824)
2025-11-28 10:15:03,609 [INFO] UtilMem:75 - End SaveConfig() Used Memory: 896043680 Bytes (1073741824)
2025-11-28 10:15:04,489 [INFO] BlockDiagram:2775 - set Specific Code input for plugin: SPI
2025-11-28 10:15:04,490 [INFO] BlockDiagram:2775 - set Specific Code input for plugin: SPI
2025-11-28 10:15:04,490 [INFO] BlockDiagram:2775 - set Specific Code input for plugin: TIM1_8G4
2025-11-28 10:15:04,491 [INFO] BlockDiagram:2775 - set Specific Code input for plugin: SYS
2025-11-28 10:15:04,491 [INFO] BlockDiagram:2775 - set Specific Code input for plugin: ADC
2025-11-28 10:15:04,491 [INFO] BlockDiagram:2775 - set Specific Code input for plugin: RCC
2025-11-28 10:15:04,491 [INFO] BlockDiagram:2775 - set Specific Code input for plugin: I2C
2025-11-28 10:15:04,491 [INFO] BlockDiagram:2775 - set Specific Code input for plugin: NVIC
2025-11-28 10:15:04,491 [INFO] BlockDiagram:2775 - set Specific Code input for plugin: USART
2025-11-28 10:15:04,491 [INFO] BlockDiagram:2775 - set Specific Code input for plugin: USART
2025-11-28 10:15:04,491 [INFO] BlockDiagram:2775 - set Specific Code input for plugin: DMA
2025-11-28 10:15:04,491 [INFO] BlockDiagram:2775 - set Specific Code input for plugin: TIM1_8G4
2025-11-28 10:15:04,491 [INFO] BlockDiagram:2775 - set Specific Code input for plugin: CORDIC
2025-11-28 10:15:04,493 [INFO] BlockDiagram:2775 - set Specific Code input for plugin: GPIO
2025-11-28 10:15:04,495 [INFO] CodeGenerator:892 - code generatio: config db path: D:\Programy\STM32CubeIDE_1.19.0\STM32CubeIDE\plugins\com.st.stm32cube.common.mx_6.15.0.202507011659\\db\
2025-11-28 10:15:04,971 [INFO] CodeEngine:265 - oldGeneratedFile, D:\Projekty\TrinityTrack6000\MainControlBoard\STM32\STM32G473CET6\MXTmpFiles\license.tmp_save
2025-11-28 10:15:05,961 [INFO] CodeEngine:289 - Generated code: D:\Projekty\TrinityTrack6000\MainControlBoard\STM32\STM32G473CET6\MXTmpFiles\license.tmp
2025-11-28 10:15:06,474 [INFO] CodeEngine:265 - oldGeneratedFile, D:\Projekty\TrinityTrack6000\MainControlBoard\STM32\STM32G473CET6\MXTmpFiles\gpio.tmp_save
2025-11-28 10:15:06,813 [INFO] CodeEngine:289 - Generated code: D:\Projekty\TrinityTrack6000\MainControlBoard\STM32\STM32G473CET6\MXTmpFiles\gpio.tmp
2025-11-28 10:15:18,824 [INFO] CodeEngine:265 - oldGeneratedFile, D:\Projekty\TrinityTrack6000\MainControlBoard\STM32\STM32G473CET6\MXTmpFiles\dma.tmp_save
2025-11-28 10:15:19,138 [INFO] CodeEngine:289 - Generated code: D:\Projekty\TrinityTrack6000\MainControlBoard\STM32\STM32G473CET6\MXTmpFiles\dma.tmp
2025-11-28 10:15:19,171 [INFO] CodeEngine:265 - oldGeneratedFile, D:\Projekty\TrinityTrack6000\MainControlBoard\STM32\STM32G473CET6\MXTmpFiles\dma_GV.tmp_save
2025-11-28 10:15:19,290 [INFO] CodeEngine:289 - Generated code: D:\Projekty\TrinityTrack6000\MainControlBoard\STM32\STM32G473CET6\MXTmpFiles\dma_GV.tmp
2025-11-28 10:15:19,341 [INFO] CodeEngine:265 - oldGeneratedFile, D:\Projekty\TrinityTrack6000\MainControlBoard\STM32\STM32G473CET6\Core\Src\stm32g4xx_it.c_save
2025-11-28 10:15:19,777 [INFO] CodeEngine:289 - Generated code: D:\Projekty\TrinityTrack6000\MainControlBoard\STM32\STM32G473CET6\Core\Src\stm32g4xx_it.c
2025-11-28 10:15:19,795 [INFO] CodeEngine:265 - oldGeneratedFile, D:\Projekty\TrinityTrack6000\MainControlBoard\STM32\STM32G473CET6\Core\Inc\stm32g4xx_it.h_save
2025-11-28 10:15:20,054 [INFO] CodeEngine:289 - Generated code: D:\Projekty\TrinityTrack6000\MainControlBoard\STM32\STM32G473CET6\Core\Inc\stm32g4xx_it.h
2025-11-28 10:15:20,110 [INFO] CodeEngine:265 - oldGeneratedFile, D:\Projekty\TrinityTrack6000\MainControlBoard\STM32\STM32G473CET6\Core\Src\stm32g4xx_hal_msp.c_save
2025-11-28 10:15:20,885 [INFO] CodeEngine:289 - Generated code: D:\Projekty\TrinityTrack6000\MainControlBoard\STM32\STM32G473CET6\Core\Src\stm32g4xx_hal_msp.c
2025-11-28 10:15:20,896 [INFO] CodeEngine:265 - oldGeneratedFile, D:\Projekty\TrinityTrack6000\MainControlBoard\STM32\STM32G473CET6\MXTmpFiles\system.tmp_save
2025-11-28 10:15:21,140 [INFO] CodeEngine:289 - Generated code: D:\Projekty\TrinityTrack6000\MainControlBoard\STM32\STM32G473CET6\MXTmpFiles\system.tmp
2025-11-28 10:15:21,227 [INFO] CodeEngine:321 - oldGeneratedFile, D:\Projekty\TrinityTrack6000\MainControlBoard\STM32\STM32G473CET6\Core\Inc\stm32g4xx_hal_conf.h_save
2025-11-28 10:15:21,507 [INFO] CodeEngine:345 - Generated code: D:\Projekty\TrinityTrack6000\MainControlBoard\STM32\STM32G473CET6\Core\Inc\stm32g4xx_hal_conf.h
2025-11-28 10:15:21,624 [WARN] IPConfigManager:3238 - Warning: the RefConfig RCC_CommonPeriphClockConfig is not available in your config.xml file
2025-11-28 10:15:21,652 [INFO] ApiDbMcu:532 - Load IP Config File for ADC1
2025-11-28 10:15:21,656 [INFO] ApiDbMcu:532 - Load IP Config File for CORDIC
2025-11-28 10:15:21,661 [INFO] ApiDbMcu:532 - Load IP Config File for I2C2
2025-11-28 10:15:21,676 [INFO] ApiDbMcu:532 - Load IP Config File for SPI1
2025-11-28 10:15:21,689 [INFO] ApiDbMcu:532 - Load IP Config File for SPI2
2025-11-28 10:15:21,721 [INFO] ApiDbMcu:532 - Load IP Config File for TIM3
2025-11-28 10:15:21,769 [INFO] ApiDbMcu:532 - Load IP Config File for TIM8
2025-11-28 10:15:21,789 [INFO] ApiDbMcu:532 - Load IP Config File for USART1
2025-11-28 10:15:21,807 [INFO] ApiDbMcu:532 - Load IP Config File for USART2
2025-11-28 10:15:21,810 [INFO] ApiDbMcu:532 - Load IP Config File for RCC
2025-11-28 10:15:21,820 [WARN] IPConfigManager:3811 - IP not found : TIM
2025-11-28 10:15:21,823 [WARN] CodeGenerator:4259 - IP not found : null
2025-11-28 10:15:21,844 [INFO] CodeEngine:265 - oldGeneratedFile, D:\Projekty\TrinityTrack6000\MainControlBoard\STM32\STM32G473CET6\Core\Inc\main.h_save
2025-11-28 10:15:22,156 [INFO] CodeEngine:289 - Generated code: D:\Projekty\TrinityTrack6000\MainControlBoard\STM32\STM32G473CET6\Core\Inc\main.h
2025-11-28 10:15:22,169 [INFO] CodeEngine:265 - oldGeneratedFile, D:\Projekty\TrinityTrack6000\MainControlBoard\STM32\STM32G473CET6\Core\Src\main.c_save
2025-11-28 10:15:22,509 [INFO] CodeEngine:289 - Generated code: D:\Projekty\TrinityTrack6000\MainControlBoard\STM32\STM32G473CET6\Core\Src\main.c
2025-11-28 10:15:23,685 [INFO] ProjectBuilder:3606 - Time for Copy HAL[1] : 620mS.
2025-11-28 10:15:23,700 [INFO] ProjectBuilder:5216 - Project Generator version: 4.7.0-B52
2025-11-28 10:15:23,898 [INFO] ConfigFileManager:1595 - The Die is : DIE469
2025-11-28 10:15:23,926 [INFO] ApiDbMcu:532 - Load IP Config File for FATFS
2025-11-28 10:15:23,957 [INFO] ApiDbMcu:532 - Load IP Config File for FREERTOS
2025-11-28 10:15:23,989 [INFO] ApiDbMcu:532 - Load IP Config File for USBPD
2025-11-28 10:15:24,022 [INFO] ApiDbMcu:532 - Load IP Config File for USB_DEVICE
2025-11-28 10:15:25,660 [INFO] LogOutputStream:77 - [STDOUT_REDIRECT] 
2025-11-28 10:15:30,810 [INFO] ProjectBuilder:5496 - Time for Generating toolchain IDE Files: 7103mS.
2025-11-28 10:15:30,816 [INFO] ProjectBuilder:3463 - Time for Copy CMSIS : 1mS.
2025-11-28 10:15:30,821 [INFO] ProjectBuilder:3463 - Time for Copy CMSIS : 1mS.
2025-11-28 10:18:29,794 [INFO] UtilMem:75 - End SaveConfig() Used Memory: 833835616 Bytes (1073741824)
2025-11-28 10:18:33,066 [INFO] UtilMem:75 - End SaveConfig() Used Memory: 860572256 Bytes (1073741824)
2025-11-28 10:18:51,248 [INFO] UtilMem:75 - End SaveConfig() Used Memory: 891507296 Bytes (1073741824)
2025-11-28 10:18:51,658 [INFO] BlockDiagram:2775 - set Specific Code input for plugin: SPI
2025-11-28 10:18:51,659 [INFO] BlockDiagram:2775 - set Specific Code input for plugin: SPI
2025-11-28 10:18:51,659 [INFO] BlockDiagram:2775 - set Specific Code input for plugin: TIM1_8G4
2025-11-28 10:18:51,659 [INFO] BlockDiagram:2775 - set Specific Code input for plugin: SYS
2025-11-28 10:18:51,659 [INFO] BlockDiagram:2775 - set Specific Code input for plugin: ADC
2025-11-28 10:18:51,659 [INFO] BlockDiagram:2775 - set Specific Code input for plugin: RCC
2025-11-28 10:18:51,660 [INFO] BlockDiagram:2775 - set Specific Code input for plugin: I2C
2025-11-28 10:18:51,660 [INFO] BlockDiagram:2775 - set Specific Code input for plugin: NVIC
2025-11-28 10:18:51,660 [INFO] BlockDiagram:2775 - set Specific Code input for plugin: USART
2025-11-28 10:18:51,660 [INFO] BlockDiagram:2775 - set Specific Code input for plugin: USART
2025-11-28 10:18:51,660 [INFO] BlockDiagram:2775 - set Specific Code input for plugin: DMA
2025-11-28 10:18:51,660 [INFO] BlockDiagram:2775 - set Specific Code input for plugin: TIM1_8G4
2025-11-28 10:18:51,660 [INFO] BlockDiagram:2775 - set Specific Code input for plugin: CORDIC
2025-11-28 10:18:51,661 [INFO] BlockDiagram:2775 - set Specific Code input for plugin: GPIO
2025-11-28 10:18:51,662 [INFO] CodeGenerator:892 - code generatio: config db path: D:\Programy\STM32CubeIDE_1.19.0\STM32CubeIDE\plugins\com.st.stm32cube.common.mx_6.15.0.202507011659\\db\
2025-11-28 10:18:51,676 [INFO] Argument:325 - Argument : hdmavalue: null
2025-11-28 10:18:51,677 [INFO] Argument:327 - 	 sub Args: 
2025-11-28 10:18:51,677 [INFO] Argument:325 - Argument : Instancevalue: DMA1_Channel1
2025-11-28 10:18:51,677 [INFO] Argument:335 - Argument : Instancevalue: DMA1_Channel1
2025-11-28 10:18:51,677 [INFO] Argument:325 - Argument : Initvalue: null
2025-11-28 10:18:51,677 [INFO] Argument:327 - 	 sub Args: 
2025-11-28 10:18:51,677 [INFO] Argument:325 - Argument : Requestvalue: DMA_REQUEST_I2C2_TX
2025-11-28 10:18:51,677 [INFO] Argument:335 - Argument : Requestvalue: DMA_REQUEST_I2C2_TX
2025-11-28 10:18:51,677 [INFO] Argument:325 - Argument : Directionvalue: DMA_MEMORY_TO_PERIPH
2025-11-28 10:18:51,677 [INFO] Argument:335 - Argument : Directionvalue: DMA_MEMORY_TO_PERIPH
2025-11-28 10:18:51,677 [INFO] Argument:325 - Argument : PeriphIncvalue: DMA_PINC_DISABLE
2025-11-28 10:18:51,677 [INFO] Argument:335 - Argument : PeriphIncvalue: DMA_PINC_DISABLE
2025-11-28 10:18:51,678 [INFO] Argument:325 - Argument : MemIncvalue: DMA_MINC_ENABLE
2025-11-28 10:18:51,678 [INFO] Argument:335 - Argument : MemIncvalue: DMA_MINC_ENABLE
2025-11-28 10:18:51,678 [INFO] Argument:325 - Argument : PeriphDataAlignmentvalue: DMA_PDATAALIGN_BYTE
2025-11-28 10:18:51,678 [INFO] Argument:335 - Argument : PeriphDataAlignmentvalue: DMA_PDATAALIGN_BYTE
2025-11-28 10:18:51,678 [INFO] Argument:325 - Argument : MemDataAlignmentvalue: DMA_MDATAALIGN_BYTE
2025-11-28 10:18:51,678 [INFO] Argument:335 - Argument : MemDataAlignmentvalue: DMA_MDATAALIGN_BYTE
2025-11-28 10:18:51,678 [INFO] Argument:325 - Argument : Modevalue: DMA_NORMAL
2025-11-28 10:18:51,678 [INFO] Argument:335 - Argument : Modevalue: DMA_NORMAL
2025-11-28 10:18:51,678 [INFO] Argument:325 - Argument : Priorityvalue: DMA_PRIORITY_LOW
2025-11-28 10:18:51,678 [INFO] Argument:335 - Argument : Priorityvalue: DMA_PRIORITY_LOW
2025-11-28 10:18:51,678 [INFO] Argument:325 - Argument : Lockvalue: null
2025-11-28 10:18:51,678 [INFO] Argument:335 - Argument : Lockvalue: null
2025-11-28 10:18:51,678 [INFO] Argument:325 - Argument : Statevalue: null
2025-11-28 10:18:51,678 [INFO] Argument:335 - Argument : Statevalue: null
2025-11-28 10:18:51,679 [INFO] Argument:325 - Argument : Parentvalue: null
2025-11-28 10:18:51,679 [INFO] Argument:335 - Argument : Parentvalue: null
2025-11-28 10:18:51,679 [INFO] Argument:325 - Argument : XferCpltCallbackvalue: null
2025-11-28 10:18:51,679 [INFO] Argument:335 - Argument : XferCpltCallbackvalue: null
2025-11-28 10:18:51,679 [INFO] Argument:325 - Argument : XferHalfCpltCallbackvalue: null
2025-11-28 10:18:51,679 [INFO] Argument:335 - Argument : XferHalfCpltCallbackvalue: null
2025-11-28 10:18:51,679 [INFO] Argument:325 - Argument : XferErrorCallbackvalue: null
2025-11-28 10:18:51,679 [INFO] Argument:335 - Argument : XferErrorCallbackvalue: null
2025-11-28 10:18:51,679 [INFO] Argument:325 - Argument : XferAbortCallbackvalue: null
2025-11-28 10:18:51,679 [INFO] Argument:335 - Argument : XferAbortCallbackvalue: null
2025-11-28 10:18:51,679 [INFO] Argument:325 - Argument : ErrorCodevalue: null
2025-11-28 10:18:51,679 [INFO] Argument:335 - Argument : ErrorCodevalue: null
2025-11-28 10:18:51,679 [INFO] Argument:325 - Argument : ChannelIndexvalue: null
2025-11-28 10:18:51,679 [INFO] Argument:335 - Argument : ChannelIndexvalue: null
2025-11-28 10:18:51,679 [INFO] Argument:325 - Argument : DMAmuxChannelvalue: null
2025-11-28 10:18:51,679 [INFO] Argument:335 - Argument : DMAmuxChannelvalue: null
2025-11-28 10:18:51,679 [INFO] Argument:325 - Argument : DMAmuxChannelStatusvalue: null
2025-11-28 10:18:51,679 [INFO] Argument:335 - Argument : DMAmuxChannelStatusvalue: null
2025-11-28 10:18:51,679 [INFO] Argument:325 - Argument : DMAmuxChannelStatusMaskvalue: null
2025-11-28 10:18:51,679 [INFO] Argument:335 - Argument : DMAmuxChannelStatusMaskvalue: null
2025-11-28 10:18:51,679 [INFO] Argument:325 - Argument : DMAmuxRequestGenvalue: null
2025-11-28 10:18:51,679 [INFO] Argument:335 - Argument : DMAmuxRequestGenvalue: null
2025-11-28 10:18:51,679 [INFO] Argument:325 - Argument : DMAmuxRequestGenStatusvalue: null
2025-11-28 10:18:51,680 [INFO] Argument:335 - Argument : DMAmuxRequestGenStatusvalue: null
2025-11-28 10:18:51,680 [INFO] Argument:325 - Argument : DMAmuxRequestGenStatusMaskvalue: null
2025-11-28 10:18:51,680 [INFO] Argument:335 - Argument : DMAmuxRequestGenStatusMaskvalue: null
2025-11-28 10:18:51,681 [INFO] Argument:325 - Argument : hdmavalue: null
2025-11-28 10:18:51,681 [INFO] Argument:327 - 	 sub Args: 
2025-11-28 10:18:51,681 [INFO] Argument:325 - Argument : Instancevalue: DMA1_Channel2
2025-11-28 10:18:51,681 [INFO] Argument:335 - Argument : Instancevalue: DMA1_Channel2
2025-11-28 10:18:51,681 [INFO] Argument:325 - Argument : Initvalue: null
2025-11-28 10:18:51,681 [INFO] Argument:327 - 	 sub Args: 
2025-11-28 10:18:51,681 [INFO] Argument:325 - Argument : Requestvalue: DMA_REQUEST_I2C2_RX
2025-11-28 10:18:51,681 [INFO] Argument:335 - Argument : Requestvalue: DMA_REQUEST_I2C2_RX
2025-11-28 10:18:51,681 [INFO] Argument:325 - Argument : Directionvalue: DMA_PERIPH_TO_MEMORY
2025-11-28 10:18:51,681 [INFO] Argument:335 - Argument : Directionvalue: DMA_PERIPH_TO_MEMORY
2025-11-28 10:18:51,681 [INFO] Argument:325 - Argument : PeriphIncvalue: DMA_PINC_DISABLE
2025-11-28 10:18:51,681 [INFO] Argument:335 - Argument : PeriphIncvalue: DMA_PINC_DISABLE
2025-11-28 10:18:51,681 [INFO] Argument:325 - Argument : MemIncvalue: DMA_MINC_ENABLE
2025-11-28 10:18:51,681 [INFO] Argument:335 - Argument : MemIncvalue: DMA_MINC_ENABLE
2025-11-28 10:18:51,682 [INFO] Argument:325 - Argument : PeriphDataAlignmentvalue: DMA_PDATAALIGN_BYTE
2025-11-28 10:18:51,682 [INFO] Argument:335 - Argument : PeriphDataAlignmentvalue: DMA_PDATAALIGN_BYTE
2025-11-28 10:18:51,682 [INFO] Argument:325 - Argument : MemDataAlignmentvalue: DMA_MDATAALIGN_BYTE
2025-11-28 10:18:51,682 [INFO] Argument:335 - Argument : MemDataAlignmentvalue: DMA_MDATAALIGN_BYTE
2025-11-28 10:18:51,682 [INFO] Argument:325 - Argument : Modevalue: DMA_NORMAL
2025-11-28 10:18:51,682 [INFO] Argument:335 - Argument : Modevalue: DMA_NORMAL
2025-11-28 10:18:51,682 [INFO] Argument:325 - Argument : Priorityvalue: DMA_PRIORITY_LOW
2025-11-28 10:18:51,682 [INFO] Argument:335 - Argument : Priorityvalue: DMA_PRIORITY_LOW
2025-11-28 10:18:51,682 [INFO] Argument:325 - Argument : Lockvalue: null
2025-11-28 10:18:51,682 [INFO] Argument:335 - Argument : Lockvalue: null
2025-11-28 10:18:51,682 [INFO] Argument:325 - Argument : Statevalue: null
2025-11-28 10:18:51,683 [INFO] Argument:335 - Argument : Statevalue: null
2025-11-28 10:18:51,683 [INFO] Argument:325 - Argument : Parentvalue: null
2025-11-28 10:18:51,683 [INFO] Argument:335 - Argument : Parentvalue: null
2025-11-28 10:18:51,683 [INFO] Argument:325 - Argument : XferCpltCallbackvalue: null
2025-11-28 10:18:51,683 [INFO] Argument:335 - Argument : XferCpltCallbackvalue: null
2025-11-28 10:18:51,683 [INFO] Argument:325 - Argument : XferHalfCpltCallbackvalue: null
2025-11-28 10:18:51,683 [INFO] Argument:335 - Argument : XferHalfCpltCallbackvalue: null
2025-11-28 10:18:51,683 [INFO] Argument:325 - Argument : XferErrorCallbackvalue: null
2025-11-28 10:18:51,683 [INFO] Argument:335 - Argument : XferErrorCallbackvalue: null
2025-11-28 10:18:51,683 [INFO] Argument:325 - Argument : XferAbortCallbackvalue: null
2025-11-28 10:18:51,683 [INFO] Argument:335 - Argument : XferAbortCallbackvalue: null
2025-11-28 10:18:51,683 [INFO] Argument:325 - Argument : ErrorCodevalue: null
2025-11-28 10:18:51,683 [INFO] Argument:335 - Argument : ErrorCodevalue: null
2025-11-28 10:18:51,683 [INFO] Argument:325 - Argument : ChannelIndexvalue: null
2025-11-28 10:18:51,683 [INFO] Argument:335 - Argument : ChannelIndexvalue: null
2025-11-28 10:18:51,683 [INFO] Argument:325 - Argument : DMAmuxChannelvalue: null
2025-11-28 10:18:51,683 [INFO] Argument:335 - Argument : DMAmuxChannelvalue: null
2025-11-28 10:18:51,683 [INFO] Argument:325 - Argument : DMAmuxChannelStatusvalue: null
2025-11-28 10:18:51,683 [INFO] Argument:335 - Argument : DMAmuxChannelStatusvalue: null
2025-11-28 10:18:51,684 [INFO] Argument:325 - Argument : DMAmuxChannelStatusMaskvalue: null
2025-11-28 10:18:51,685 [INFO] Argument:335 - Argument : DMAmuxChannelStatusMaskvalue: null
2025-11-28 10:18:51,685 [INFO] Argument:325 - Argument : DMAmuxRequestGenvalue: null
2025-11-28 10:18:51,685 [INFO] Argument:335 - Argument : DMAmuxRequestGenvalue: null
2025-11-28 10:18:51,685 [INFO] Argument:325 - Argument : DMAmuxRequestGenStatusvalue: null
2025-11-28 10:18:51,685 [INFO] Argument:335 - Argument : DMAmuxRequestGenStatusvalue: null
2025-11-28 10:18:51,685 [INFO] Argument:325 - Argument : DMAmuxRequestGenStatusMaskvalue: null
2025-11-28 10:18:51,685 [INFO] Argument:335 - Argument : DMAmuxRequestGenStatusMaskvalue: null
2025-11-28 10:18:51,698 [INFO] Argument:325 - Argument : hdmavalue: null
2025-11-28 10:18:51,698 [INFO] Argument:327 - 	 sub Args: 
2025-11-28 10:18:51,698 [INFO] Argument:325 - Argument : Instancevalue: DMA1_Channel3
2025-11-28 10:18:51,698 [INFO] Argument:335 - Argument : Instancevalue: DMA1_Channel3
2025-11-28 10:18:51,698 [INFO] Argument:325 - Argument : Initvalue: null
2025-11-28 10:18:51,698 [INFO] Argument:327 - 	 sub Args: 
2025-11-28 10:18:51,698 [INFO] Argument:325 - Argument : Requestvalue: DMA_REQUEST_SPI1_RX
2025-11-28 10:18:51,698 [INFO] Argument:335 - Argument : Requestvalue: DMA_REQUEST_SPI1_RX
2025-11-28 10:18:51,698 [INFO] Argument:325 - Argument : Directionvalue: DMA_PERIPH_TO_MEMORY
2025-11-28 10:18:51,698 [INFO] Argument:335 - Argument : Directionvalue: DMA_PERIPH_TO_MEMORY
2025-11-28 10:18:51,698 [INFO] Argument:325 - Argument : PeriphIncvalue: DMA_PINC_DISABLE
2025-11-28 10:18:51,699 [INFO] Argument:335 - Argument : PeriphIncvalue: DMA_PINC_DISABLE
2025-11-28 10:18:51,699 [INFO] Argument:325 - Argument : MemIncvalue: DMA_MINC_ENABLE
2025-11-28 10:18:51,699 [INFO] Argument:335 - Argument : MemIncvalue: DMA_MINC_ENABLE
2025-11-28 10:18:51,699 [INFO] Argument:325 - Argument : PeriphDataAlignmentvalue: DMA_PDATAALIGN_BYTE
2025-11-28 10:18:51,699 [INFO] Argument:335 - Argument : PeriphDataAlignmentvalue: DMA_PDATAALIGN_BYTE
2025-11-28 10:18:51,699 [INFO] Argument:325 - Argument : MemDataAlignmentvalue: DMA_MDATAALIGN_BYTE
2025-11-28 10:18:51,699 [INFO] Argument:335 - Argument : MemDataAlignmentvalue: DMA_MDATAALIGN_BYTE
2025-11-28 10:18:51,699 [INFO] Argument:325 - Argument : Modevalue: DMA_NORMAL
2025-11-28 10:18:51,699 [INFO] Argument:335 - Argument : Modevalue: DMA_NORMAL
2025-11-28 10:18:51,699 [INFO] Argument:325 - Argument : Priorityvalue: DMA_PRIORITY_LOW
2025-11-28 10:18:51,699 [INFO] Argument:335 - Argument : Priorityvalue: DMA_PRIORITY_LOW
2025-11-28 10:18:51,699 [INFO] Argument:325 - Argument : Lockvalue: null
2025-11-28 10:18:51,699 [INFO] Argument:335 - Argument : Lockvalue: null
2025-11-28 10:18:51,699 [INFO] Argument:325 - Argument : Statevalue: null
2025-11-28 10:18:51,699 [INFO] Argument:335 - Argument : Statevalue: null
2025-11-28 10:18:51,699 [INFO] Argument:325 - Argument : Parentvalue: null
2025-11-28 10:18:51,699 [INFO] Argument:335 - Argument : Parentvalue: null
2025-11-28 10:18:51,699 [INFO] Argument:325 - Argument : XferCpltCallbackvalue: null
2025-11-28 10:18:51,699 [INFO] Argument:335 - Argument : XferCpltCallbackvalue: null
2025-11-28 10:18:51,699 [INFO] Argument:325 - Argument : XferHalfCpltCallbackvalue: null
2025-11-28 10:18:51,699 [INFO] Argument:335 - Argument : XferHalfCpltCallbackvalue: null
2025-11-28 10:18:51,699 [INFO] Argument:325 - Argument : XferErrorCallbackvalue: null
2025-11-28 10:18:51,699 [INFO] Argument:335 - Argument : XferErrorCallbackvalue: null
2025-11-28 10:18:51,699 [INFO] Argument:325 - Argument : XferAbortCallbackvalue: null
2025-11-28 10:18:51,699 [INFO] Argument:335 - Argument : XferAbortCallbackvalue: null
2025-11-28 10:18:51,699 [INFO] Argument:325 - Argument : ErrorCodevalue: null
2025-11-28 10:18:51,699 [INFO] Argument:335 - Argument : ErrorCodevalue: null
2025-11-28 10:18:51,699 [INFO] Argument:325 - Argument : ChannelIndexvalue: null
2025-11-28 10:18:51,699 [INFO] Argument:335 - Argument : ChannelIndexvalue: null
2025-11-28 10:18:51,700 [INFO] Argument:325 - Argument : DMAmuxChannelvalue: null
2025-11-28 10:18:51,700 [INFO] Argument:335 - Argument : DMAmuxChannelvalue: null
2025-11-28 10:18:51,700 [INFO] Argument:325 - Argument : DMAmuxChannelStatusvalue: null
2025-11-28 10:18:51,700 [INFO] Argument:335 - Argument : DMAmuxChannelStatusvalue: null
2025-11-28 10:18:51,700 [INFO] Argument:325 - Argument : DMAmuxChannelStatusMaskvalue: null
2025-11-28 10:18:51,700 [INFO] Argument:335 - Argument : DMAmuxChannelStatusMaskvalue: null
2025-11-28 10:18:51,700 [INFO] Argument:325 - Argument : DMAmuxRequestGenvalue: null
2025-11-28 10:18:51,700 [INFO] Argument:335 - Argument : DMAmuxRequestGenvalue: null
2025-11-28 10:18:51,700 [INFO] Argument:325 - Argument : DMAmuxRequestGenStatusvalue: null
2025-11-28 10:18:51,700 [INFO] Argument:335 - Argument : DMAmuxRequestGenStatusvalue: null
2025-11-28 10:18:51,700 [INFO] Argument:325 - Argument : DMAmuxRequestGenStatusMaskvalue: null
2025-11-28 10:18:51,700 [INFO] Argument:335 - Argument : DMAmuxRequestGenStatusMaskvalue: null
2025-11-28 10:18:51,701 [INFO] Argument:325 - Argument : hdmavalue: null
2025-11-28 10:18:51,703 [INFO] Argument:327 - 	 sub Args: 
2025-11-28 10:18:51,703 [INFO] Argument:325 - Argument : Instancevalue: DMA1_Channel4
2025-11-28 10:18:51,703 [INFO] Argument:335 - Argument : Instancevalue: DMA1_Channel4
2025-11-28 10:18:51,703 [INFO] Argument:325 - Argument : Initvalue: null
2025-11-28 10:18:51,703 [INFO] Argument:327 - 	 sub Args: 
2025-11-28 10:18:51,704 [INFO] Argument:325 - Argument : Requestvalue: DMA_REQUEST_SPI1_TX
2025-11-28 10:18:51,704 [INFO] Argument:335 - Argument : Requestvalue: DMA_REQUEST_SPI1_TX
2025-11-28 10:18:51,704 [INFO] Argument:325 - Argument : Directionvalue: DMA_MEMORY_TO_PERIPH
2025-11-28 10:18:51,704 [INFO] Argument:335 - Argument : Directionvalue: DMA_MEMORY_TO_PERIPH
2025-11-28 10:18:51,704 [INFO] Argument:325 - Argument : PeriphIncvalue: DMA_PINC_DISABLE
2025-11-28 10:18:51,704 [INFO] Argument:335 - Argument : PeriphIncvalue: DMA_PINC_DISABLE
2025-11-28 10:18:51,704 [INFO] Argument:325 - Argument : MemIncvalue: DMA_MINC_ENABLE
2025-11-28 10:18:51,704 [INFO] Argument:335 - Argument : MemIncvalue: DMA_MINC_ENABLE
2025-11-28 10:18:51,704 [INFO] Argument:325 - Argument : PeriphDataAlignmentvalue: DMA_PDATAALIGN_BYTE
2025-11-28 10:18:51,704 [INFO] Argument:335 - Argument : PeriphDataAlignmentvalue: DMA_PDATAALIGN_BYTE
2025-11-28 10:18:51,704 [INFO] Argument:325 - Argument : MemDataAlignmentvalue: DMA_MDATAALIGN_BYTE
2025-11-28 10:18:51,704 [INFO] Argument:335 - Argument : MemDataAlignmentvalue: DMA_MDATAALIGN_BYTE
2025-11-28 10:18:51,704 [INFO] Argument:325 - Argument : Modevalue: DMA_NORMAL
2025-11-28 10:18:51,704 [INFO] Argument:335 - Argument : Modevalue: DMA_NORMAL
2025-11-28 10:18:51,704 [INFO] Argument:325 - Argument : Priorityvalue: DMA_PRIORITY_LOW
2025-11-28 10:18:51,704 [INFO] Argument:335 - Argument : Priorityvalue: DMA_PRIORITY_LOW
2025-11-28 10:18:51,704 [INFO] Argument:325 - Argument : Lockvalue: null
2025-11-28 10:18:51,704 [INFO] Argument:335 - Argument : Lockvalue: null
2025-11-28 10:18:51,704 [INFO] Argument:325 - Argument : Statevalue: null
2025-11-28 10:18:51,704 [INFO] Argument:335 - Argument : Statevalue: null
2025-11-28 10:18:51,704 [INFO] Argument:325 - Argument : Parentvalue: null
2025-11-28 10:18:51,704 [INFO] Argument:335 - Argument : Parentvalue: null
2025-11-28 10:18:51,704 [INFO] Argument:325 - Argument : XferCpltCallbackvalue: null
2025-11-28 10:18:51,704 [INFO] Argument:335 - Argument : XferCpltCallbackvalue: null
2025-11-28 10:18:51,704 [INFO] Argument:325 - Argument : XferHalfCpltCallbackvalue: null
2025-11-28 10:18:51,704 [INFO] Argument:335 - Argument : XferHalfCpltCallbackvalue: null
2025-11-28 10:18:51,705 [INFO] Argument:325 - Argument : XferErrorCallbackvalue: null
2025-11-28 10:18:51,705 [INFO] Argument:335 - Argument : XferErrorCallbackvalue: null
2025-11-28 10:18:51,705 [INFO] Argument:325 - Argument : XferAbortCallbackvalue: null
2025-11-28 10:18:51,705 [INFO] Argument:335 - Argument : XferAbortCallbackvalue: null
2025-11-28 10:18:51,705 [INFO] Argument:325 - Argument : ErrorCodevalue: null
2025-11-28 10:18:51,705 [INFO] Argument:335 - Argument : ErrorCodevalue: null
2025-11-28 10:18:51,705 [INFO] Argument:325 - Argument : ChannelIndexvalue: null
2025-11-28 10:18:51,705 [INFO] Argument:335 - Argument : ChannelIndexvalue: null
2025-11-28 10:18:51,705 [INFO] Argument:325 - Argument : DMAmuxChannelvalue: null
2025-11-28 10:18:51,705 [INFO] Argument:335 - Argument : DMAmuxChannelvalue: null
2025-11-28 10:18:51,705 [INFO] Argument:325 - Argument : DMAmuxChannelStatusvalue: null
2025-11-28 10:18:51,705 [INFO] Argument:335 - Argument : DMAmuxChannelStatusvalue: null
2025-11-28 10:18:51,705 [INFO] Argument:325 - Argument : DMAmuxChannelStatusMaskvalue: null
2025-11-28 10:18:51,705 [INFO] Argument:335 - Argument : DMAmuxChannelStatusMaskvalue: null
2025-11-28 10:18:51,705 [INFO] Argument:325 - Argument : DMAmuxRequestGenvalue: null
2025-11-28 10:18:51,705 [INFO] Argument:335 - Argument : DMAmuxRequestGenvalue: null
2025-11-28 10:18:51,705 [INFO] Argument:325 - Argument : DMAmuxRequestGenStatusvalue: null
2025-11-28 10:18:51,705 [INFO] Argument:335 - Argument : DMAmuxRequestGenStatusvalue: null
2025-11-28 10:18:51,705 [INFO] Argument:325 - Argument : DMAmuxRequestGenStatusMaskvalue: null
2025-11-28 10:18:51,705 [INFO] Argument:335 - Argument : DMAmuxRequestGenStatusMaskvalue: null
2025-11-28 10:18:51,708 [INFO] Argument:325 - Argument : hdmavalue: null
2025-11-28 10:18:51,708 [INFO] Argument:327 - 	 sub Args: 
2025-11-28 10:18:51,710 [INFO] Argument:325 - Argument : Instancevalue: DMA1_Channel5
2025-11-28 10:18:51,710 [INFO] Argument:335 - Argument : Instancevalue: DMA1_Channel5
2025-11-28 10:18:51,710 [INFO] Argument:325 - Argument : Initvalue: null
2025-11-28 10:18:51,710 [INFO] Argument:327 - 	 sub Args: 
2025-11-28 10:18:51,710 [INFO] Argument:325 - Argument : Requestvalue: DMA_REQUEST_SPI2_RX
2025-11-28 10:18:51,710 [INFO] Argument:335 - Argument : Requestvalue: DMA_REQUEST_SPI2_RX
2025-11-28 10:18:51,710 [INFO] Argument:325 - Argument : Directionvalue: DMA_PERIPH_TO_MEMORY
2025-11-28 10:18:51,710 [INFO] Argument:335 - Argument : Directionvalue: DMA_PERIPH_TO_MEMORY
2025-11-28 10:18:51,710 [INFO] Argument:325 - Argument : PeriphIncvalue: DMA_PINC_DISABLE
2025-11-28 10:18:51,710 [INFO] Argument:335 - Argument : PeriphIncvalue: DMA_PINC_DISABLE
2025-11-28 10:18:51,710 [INFO] Argument:325 - Argument : MemIncvalue: DMA_MINC_ENABLE
2025-11-28 10:18:51,710 [INFO] Argument:335 - Argument : MemIncvalue: DMA_MINC_ENABLE
2025-11-28 10:18:51,710 [INFO] Argument:325 - Argument : PeriphDataAlignmentvalue: DMA_PDATAALIGN_BYTE
2025-11-28 10:18:51,710 [INFO] Argument:335 - Argument : PeriphDataAlignmentvalue: DMA_PDATAALIGN_BYTE
2025-11-28 10:18:51,710 [INFO] Argument:325 - Argument : MemDataAlignmentvalue: DMA_MDATAALIGN_BYTE
2025-11-28 10:18:51,710 [INFO] Argument:335 - Argument : MemDataAlignmentvalue: DMA_MDATAALIGN_BYTE
2025-11-28 10:18:51,710 [INFO] Argument:325 - Argument : Modevalue: DMA_NORMAL
2025-11-28 10:18:51,710 [INFO] Argument:335 - Argument : Modevalue: DMA_NORMAL
2025-11-28 10:18:51,710 [INFO] Argument:325 - Argument : Priorityvalue: DMA_PRIORITY_LOW
2025-11-28 10:18:51,710 [INFO] Argument:335 - Argument : Priorityvalue: DMA_PRIORITY_LOW
2025-11-28 10:18:51,710 [INFO] Argument:325 - Argument : Lockvalue: null
2025-11-28 10:18:51,710 [INFO] Argument:335 - Argument : Lockvalue: null
2025-11-28 10:18:51,710 [INFO] Argument:325 - Argument : Statevalue: null
2025-11-28 10:18:51,710 [INFO] Argument:335 - Argument : Statevalue: null
2025-11-28 10:18:51,710 [INFO] Argument:325 - Argument : Parentvalue: null
2025-11-28 10:18:51,710 [INFO] Argument:335 - Argument : Parentvalue: null
2025-11-28 10:18:51,710 [INFO] Argument:325 - Argument : XferCpltCallbackvalue: null
2025-11-28 10:18:51,710 [INFO] Argument:335 - Argument : XferCpltCallbackvalue: null
2025-11-28 10:18:51,710 [INFO] Argument:325 - Argument : XferHalfCpltCallbackvalue: null
2025-11-28 10:18:51,711 [INFO] Argument:335 - Argument : XferHalfCpltCallbackvalue: null
2025-11-28 10:18:51,711 [INFO] Argument:325 - Argument : XferErrorCallbackvalue: null
2025-11-28 10:18:51,711 [INFO] Argument:335 - Argument : XferErrorCallbackvalue: null
2025-11-28 10:18:51,711 [INFO] Argument:325 - Argument : XferAbortCallbackvalue: null
2025-11-28 10:18:51,711 [INFO] Argument:335 - Argument : XferAbortCallbackvalue: null
2025-11-28 10:18:51,711 [INFO] Argument:325 - Argument : ErrorCodevalue: null
2025-11-28 10:18:51,711 [INFO] Argument:335 - Argument : ErrorCodevalue: null
2025-11-28 10:18:51,711 [INFO] Argument:325 - Argument : ChannelIndexvalue: null
2025-11-28 10:18:51,711 [INFO] Argument:335 - Argument : ChannelIndexvalue: null
2025-11-28 10:18:51,711 [INFO] Argument:325 - Argument : DMAmuxChannelvalue: null
2025-11-28 10:18:51,711 [INFO] Argument:335 - Argument : DMAmuxChannelvalue: null
2025-11-28 10:18:51,711 [INFO] Argument:325 - Argument : DMAmuxChannelStatusvalue: null
2025-11-28 10:18:51,711 [INFO] Argument:335 - Argument : DMAmuxChannelStatusvalue: null
2025-11-28 10:18:51,711 [INFO] Argument:325 - Argument : DMAmuxChannelStatusMaskvalue: null
2025-11-28 10:18:51,711 [INFO] Argument:335 - Argument : DMAmuxChannelStatusMaskvalue: null
2025-11-28 10:18:51,711 [INFO] Argument:325 - Argument : DMAmuxRequestGenvalue: null
2025-11-28 10:18:51,711 [INFO] Argument:335 - Argument : DMAmuxRequestGenvalue: null
2025-11-28 10:18:51,711 [INFO] Argument:325 - Argument : DMAmuxRequestGenStatusvalue: null
2025-11-28 10:18:51,711 [INFO] Argument:335 - Argument : DMAmuxRequestGenStatusvalue: null
2025-11-28 10:18:51,711 [INFO] Argument:325 - Argument : DMAmuxRequestGenStatusMaskvalue: null
2025-11-28 10:18:51,711 [INFO] Argument:335 - Argument : DMAmuxRequestGenStatusMaskvalue: null
2025-11-28 10:18:51,712 [INFO] Argument:325 - Argument : hdmavalue: null
2025-11-28 10:18:51,712 [INFO] Argument:327 - 	 sub Args: 
2025-11-28 10:18:51,712 [INFO] Argument:325 - Argument : Instancevalue: DMA1_Channel6
2025-11-28 10:18:51,712 [INFO] Argument:335 - Argument : Instancevalue: DMA1_Channel6
2025-11-28 10:18:51,713 [INFO] Argument:325 - Argument : Initvalue: null
2025-11-28 10:18:51,713 [INFO] Argument:327 - 	 sub Args: 
2025-11-28 10:18:51,713 [INFO] Argument:325 - Argument : Requestvalue: DMA_REQUEST_SPI2_TX
2025-11-28 10:18:51,713 [INFO] Argument:335 - Argument : Requestvalue: DMA_REQUEST_SPI2_TX
2025-11-28 10:18:51,713 [INFO] Argument:325 - Argument : Directionvalue: DMA_MEMORY_TO_PERIPH
2025-11-28 10:18:51,713 [INFO] Argument:335 - Argument : Directionvalue: DMA_MEMORY_TO_PERIPH
2025-11-28 10:18:51,713 [INFO] Argument:325 - Argument : PeriphIncvalue: DMA_PINC_DISABLE
2025-11-28 10:18:51,713 [INFO] Argument:335 - Argument : PeriphIncvalue: DMA_PINC_DISABLE
2025-11-28 10:18:51,713 [INFO] Argument:325 - Argument : MemIncvalue: DMA_MINC_ENABLE
2025-11-28 10:18:51,713 [INFO] Argument:335 - Argument : MemIncvalue: DMA_MINC_ENABLE
2025-11-28 10:18:51,713 [INFO] Argument:325 - Argument : PeriphDataAlignmentvalue: DMA_PDATAALIGN_BYTE
2025-11-28 10:18:51,713 [INFO] Argument:335 - Argument : PeriphDataAlignmentvalue: DMA_PDATAALIGN_BYTE
2025-11-28 10:18:51,713 [INFO] Argument:325 - Argument : MemDataAlignmentvalue: DMA_MDATAALIGN_BYTE
2025-11-28 10:18:51,713 [INFO] Argument:335 - Argument : MemDataAlignmentvalue: DMA_MDATAALIGN_BYTE
2025-11-28 10:18:51,713 [INFO] Argument:325 - Argument : Modevalue: DMA_NORMAL
2025-11-28 10:18:51,713 [INFO] Argument:335 - Argument : Modevalue: DMA_NORMAL
2025-11-28 10:18:51,713 [INFO] Argument:325 - Argument : Priorityvalue: DMA_PRIORITY_LOW
2025-11-28 10:18:51,713 [INFO] Argument:335 - Argument : Priorityvalue: DMA_PRIORITY_LOW
2025-11-28 10:18:51,713 [INFO] Argument:325 - Argument : Lockvalue: null
2025-11-28 10:18:51,713 [INFO] Argument:335 - Argument : Lockvalue: null
2025-11-28 10:18:51,713 [INFO] Argument:325 - Argument : Statevalue: null
2025-11-28 10:18:51,713 [INFO] Argument:335 - Argument : Statevalue: null
2025-11-28 10:18:51,713 [INFO] Argument:325 - Argument : Parentvalue: null
2025-11-28 10:18:51,713 [INFO] Argument:335 - Argument : Parentvalue: null
2025-11-28 10:18:51,713 [INFO] Argument:325 - Argument : XferCpltCallbackvalue: null
2025-11-28 10:18:51,713 [INFO] Argument:335 - Argument : XferCpltCallbackvalue: null
2025-11-28 10:18:51,713 [INFO] Argument:325 - Argument : XferHalfCpltCallbackvalue: null
2025-11-28 10:18:51,713 [INFO] Argument:335 - Argument : XferHalfCpltCallbackvalue: null
2025-11-28 10:18:51,713 [INFO] Argument:325 - Argument : XferErrorCallbackvalue: null
2025-11-28 10:18:51,713 [INFO] Argument:335 - Argument : XferErrorCallbackvalue: null
2025-11-28 10:18:51,714 [INFO] Argument:325 - Argument : XferAbortCallbackvalue: null
2025-11-28 10:18:51,714 [INFO] Argument:335 - Argument : XferAbortCallbackvalue: null
2025-11-28 10:18:51,714 [INFO] Argument:325 - Argument : ErrorCodevalue: null
2025-11-28 10:18:51,714 [INFO] Argument:335 - Argument : ErrorCodevalue: null
2025-11-28 10:18:51,714 [INFO] Argument:325 - Argument : ChannelIndexvalue: null
2025-11-28 10:18:51,714 [INFO] Argument:335 - Argument : ChannelIndexvalue: null
2025-11-28 10:18:51,714 [INFO] Argument:325 - Argument : DMAmuxChannelvalue: null
2025-11-28 10:18:51,714 [INFO] Argument:335 - Argument : DMAmuxChannelvalue: null
2025-11-28 10:18:51,714 [INFO] Argument:325 - Argument : DMAmuxChannelStatusvalue: null
2025-11-28 10:18:51,714 [INFO] Argument:335 - Argument : DMAmuxChannelStatusvalue: null
2025-11-28 10:18:51,714 [INFO] Argument:325 - Argument : DMAmuxChannelStatusMaskvalue: null
2025-11-28 10:18:51,714 [INFO] Argument:335 - Argument : DMAmuxChannelStatusMaskvalue: null
2025-11-28 10:18:51,714 [INFO] Argument:325 - Argument : DMAmuxRequestGenvalue: null
2025-11-28 10:18:51,714 [INFO] Argument:335 - Argument : DMAmuxRequestGenvalue: null
2025-11-28 10:18:51,714 [INFO] Argument:325 - Argument : DMAmuxRequestGenStatusvalue: null
2025-11-28 10:18:51,714 [INFO] Argument:335 - Argument : DMAmuxRequestGenStatusvalue: null
2025-11-28 10:18:51,714 [INFO] Argument:325 - Argument : DMAmuxRequestGenStatusMaskvalue: null
2025-11-28 10:18:51,714 [INFO] Argument:335 - Argument : DMAmuxRequestGenStatusMaskvalue: null
2025-11-28 10:18:51,744 [INFO] Argument:325 - Argument : hdmavalue: null
2025-11-28 10:18:51,744 [INFO] Argument:327 - 	 sub Args: 
2025-11-28 10:18:51,744 [INFO] Argument:325 - Argument : Instancevalue: DMA1_Channel7
2025-11-28 10:18:51,744 [INFO] Argument:335 - Argument : Instancevalue: DMA1_Channel7
2025-11-28 10:18:51,744 [INFO] Argument:325 - Argument : Initvalue: null
2025-11-28 10:18:51,744 [INFO] Argument:327 - 	 sub Args: 
2025-11-28 10:18:51,744 [INFO] Argument:325 - Argument : Requestvalue: DMA_REQUEST_USART1_RX
2025-11-28 10:18:51,744 [INFO] Argument:335 - Argument : Requestvalue: DMA_REQUEST_USART1_RX
2025-11-28 10:18:51,744 [INFO] Argument:325 - Argument : Directionvalue: DMA_PERIPH_TO_MEMORY
2025-11-28 10:18:51,745 [INFO] Argument:335 - Argument : Directionvalue: DMA_PERIPH_TO_MEMORY
2025-11-28 10:18:51,745 [INFO] Argument:325 - Argument : PeriphIncvalue: DMA_PINC_DISABLE
2025-11-28 10:18:51,745 [INFO] Argument:335 - Argument : PeriphIncvalue: DMA_PINC_DISABLE
2025-11-28 10:18:51,745 [INFO] Argument:325 - Argument : MemIncvalue: DMA_MINC_ENABLE
2025-11-28 10:18:51,745 [INFO] Argument:335 - Argument : MemIncvalue: DMA_MINC_ENABLE
2025-11-28 10:18:51,745 [INFO] Argument:325 - Argument : PeriphDataAlignmentvalue: DMA_PDATAALIGN_BYTE
2025-11-28 10:18:51,745 [INFO] Argument:335 - Argument : PeriphDataAlignmentvalue: DMA_PDATAALIGN_BYTE
2025-11-28 10:18:51,745 [INFO] Argument:325 - Argument : MemDataAlignmentvalue: DMA_MDATAALIGN_BYTE
2025-11-28 10:18:51,745 [INFO] Argument:335 - Argument : MemDataAlignmentvalue: DMA_MDATAALIGN_BYTE
2025-11-28 10:18:51,745 [INFO] Argument:325 - Argument : Modevalue: DMA_NORMAL
2025-11-28 10:18:51,745 [INFO] Argument:335 - Argument : Modevalue: DMA_NORMAL
2025-11-28 10:18:51,745 [INFO] Argument:325 - Argument : Priorityvalue: DMA_PRIORITY_LOW
2025-11-28 10:18:51,745 [INFO] Argument:335 - Argument : Priorityvalue: DMA_PRIORITY_LOW
2025-11-28 10:18:51,745 [INFO] Argument:325 - Argument : Lockvalue: null
2025-11-28 10:18:51,745 [INFO] Argument:335 - Argument : Lockvalue: null
2025-11-28 10:18:51,745 [INFO] Argument:325 - Argument : Statevalue: null
2025-11-28 10:18:51,745 [INFO] Argument:335 - Argument : Statevalue: null
2025-11-28 10:18:51,745 [INFO] Argument:325 - Argument : Parentvalue: null
2025-11-28 10:18:51,745 [INFO] Argument:335 - Argument : Parentvalue: null
2025-11-28 10:18:51,745 [INFO] Argument:325 - Argument : XferCpltCallbackvalue: null
2025-11-28 10:18:51,745 [INFO] Argument:335 - Argument : XferCpltCallbackvalue: null
2025-11-28 10:18:51,745 [INFO] Argument:325 - Argument : XferHalfCpltCallbackvalue: null
2025-11-28 10:18:51,745 [INFO] Argument:335 - Argument : XferHalfCpltCallbackvalue: null
2025-11-28 10:18:51,745 [INFO] Argument:325 - Argument : XferErrorCallbackvalue: null
2025-11-28 10:18:51,745 [INFO] Argument:335 - Argument : XferErrorCallbackvalue: null
2025-11-28 10:18:51,745 [INFO] Argument:325 - Argument : XferAbortCallbackvalue: null
2025-11-28 10:18:51,745 [INFO] Argument:335 - Argument : XferAbortCallbackvalue: null
2025-11-28 10:18:51,745 [INFO] Argument:325 - Argument : ErrorCodevalue: null
2025-11-28 10:18:51,745 [INFO] Argument:335 - Argument : ErrorCodevalue: null
2025-11-28 10:18:51,745 [INFO] Argument:325 - Argument : ChannelIndexvalue: null
2025-11-28 10:18:51,745 [INFO] Argument:335 - Argument : ChannelIndexvalue: null
2025-11-28 10:18:51,745 [INFO] Argument:325 - Argument : DMAmuxChannelvalue: null
2025-11-28 10:18:51,745 [INFO] Argument:335 - Argument : DMAmuxChannelvalue: null
2025-11-28 10:18:51,745 [INFO] Argument:325 - Argument : DMAmuxChannelStatusvalue: null
2025-11-28 10:18:51,745 [INFO] Argument:335 - Argument : DMAmuxChannelStatusvalue: null
2025-11-28 10:18:51,745 [INFO] Argument:325 - Argument : DMAmuxChannelStatusMaskvalue: null
2025-11-28 10:18:51,745 [INFO] Argument:335 - Argument : DMAmuxChannelStatusMaskvalue: null
2025-11-28 10:18:51,745 [INFO] Argument:325 - Argument : DMAmuxRequestGenvalue: null
2025-11-28 10:18:51,745 [INFO] Argument:335 - Argument : DMAmuxRequestGenvalue: null
2025-11-28 10:18:51,745 [INFO] Argument:325 - Argument : DMAmuxRequestGenStatusvalue: null
2025-11-28 10:18:51,745 [INFO] Argument:335 - Argument : DMAmuxRequestGenStatusvalue: null
2025-11-28 10:18:51,745 [INFO] Argument:325 - Argument : DMAmuxRequestGenStatusMaskvalue: null
2025-11-28 10:18:51,745 [INFO] Argument:335 - Argument : DMAmuxRequestGenStatusMaskvalue: null
2025-11-28 10:18:51,747 [INFO] Argument:325 - Argument : hdmavalue: null
2025-11-28 10:18:51,747 [INFO] Argument:327 - 	 sub Args: 
2025-11-28 10:18:51,747 [INFO] Argument:325 - Argument : Instancevalue: DMA1_Channel8
2025-11-28 10:18:51,747 [INFO] Argument:335 - Argument : Instancevalue: DMA1_Channel8
2025-11-28 10:18:51,747 [INFO] Argument:325 - Argument : Initvalue: null
2025-11-28 10:18:51,747 [INFO] Argument:327 - 	 sub Args: 
2025-11-28 10:18:51,748 [INFO] Argument:325 - Argument : Requestvalue: DMA_REQUEST_USART1_TX
2025-11-28 10:18:51,748 [INFO] Argument:335 - Argument : Requestvalue: DMA_REQUEST_USART1_TX
2025-11-28 10:18:51,748 [INFO] Argument:325 - Argument : Directionvalue: DMA_MEMORY_TO_PERIPH
2025-11-28 10:18:51,748 [INFO] Argument:335 - Argument : Directionvalue: DMA_MEMORY_TO_PERIPH
2025-11-28 10:18:51,748 [INFO] Argument:325 - Argument : PeriphIncvalue: DMA_PINC_DISABLE
2025-11-28 10:18:51,748 [INFO] Argument:335 - Argument : PeriphIncvalue: DMA_PINC_DISABLE
2025-11-28 10:18:51,748 [INFO] Argument:325 - Argument : MemIncvalue: DMA_MINC_ENABLE
2025-11-28 10:18:51,748 [INFO] Argument:335 - Argument : MemIncvalue: DMA_MINC_ENABLE
2025-11-28 10:18:51,748 [INFO] Argument:325 - Argument : PeriphDataAlignmentvalue: DMA_PDATAALIGN_BYTE
2025-11-28 10:18:51,748 [INFO] Argument:335 - Argument : PeriphDataAlignmentvalue: DMA_PDATAALIGN_BYTE
2025-11-28 10:18:51,748 [INFO] Argument:325 - Argument : MemDataAlignmentvalue: DMA_MDATAALIGN_BYTE
2025-11-28 10:18:51,748 [INFO] Argument:335 - Argument : MemDataAlignmentvalue: DMA_MDATAALIGN_BYTE
2025-11-28 10:18:51,748 [INFO] Argument:325 - Argument : Modevalue: DMA_NORMAL
2025-11-28 10:18:51,748 [INFO] Argument:335 - Argument : Modevalue: DMA_NORMAL
2025-11-28 10:18:51,748 [INFO] Argument:325 - Argument : Priorityvalue: DMA_PRIORITY_LOW
2025-11-28 10:18:51,748 [INFO] Argument:335 - Argument : Priorityvalue: DMA_PRIORITY_LOW
2025-11-28 10:18:51,748 [INFO] Argument:325 - Argument : Lockvalue: null
2025-11-28 10:18:51,748 [INFO] Argument:335 - Argument : Lockvalue: null
2025-11-28 10:18:51,748 [INFO] Argument:325 - Argument : Statevalue: null
2025-11-28 10:18:51,748 [INFO] Argument:335 - Argument : Statevalue: null
2025-11-28 10:18:51,748 [INFO] Argument:325 - Argument : Parentvalue: null
2025-11-28 10:18:51,748 [INFO] Argument:335 - Argument : Parentvalue: null
2025-11-28 10:18:51,748 [INFO] Argument:325 - Argument : XferCpltCallbackvalue: null
2025-11-28 10:18:51,748 [INFO] Argument:335 - Argument : XferCpltCallbackvalue: null
2025-11-28 10:18:51,748 [INFO] Argument:325 - Argument : XferHalfCpltCallbackvalue: null
2025-11-28 10:18:51,748 [INFO] Argument:335 - Argument : XferHalfCpltCallbackvalue: null
2025-11-28 10:18:51,748 [INFO] Argument:325 - Argument : XferErrorCallbackvalue: null
2025-11-28 10:18:51,748 [INFO] Argument:335 - Argument : XferErrorCallbackvalue: null
2025-11-28 10:18:51,748 [INFO] Argument:325 - Argument : XferAbortCallbackvalue: null
2025-11-28 10:18:51,748 [INFO] Argument:335 - Argument : XferAbortCallbackvalue: null
2025-11-28 10:18:51,748 [INFO] Argument:325 - Argument : ErrorCodevalue: null
2025-11-28 10:18:51,748 [INFO] Argument:335 - Argument : ErrorCodevalue: null
2025-11-28 10:18:51,748 [INFO] Argument:325 - Argument : ChannelIndexvalue: null
2025-11-28 10:18:51,748 [INFO] Argument:335 - Argument : ChannelIndexvalue: null
2025-11-28 10:18:51,748 [INFO] Argument:325 - Argument : DMAmuxChannelvalue: null
2025-11-28 10:18:51,748 [INFO] Argument:335 - Argument : DMAmuxChannelvalue: null
2025-11-28 10:18:51,748 [INFO] Argument:325 - Argument : DMAmuxChannelStatusvalue: null
2025-11-28 10:18:51,749 [INFO] Argument:335 - Argument : DMAmuxChannelStatusvalue: null
2025-11-28 10:18:51,749 [INFO] Argument:325 - Argument : DMAmuxChannelStatusMaskvalue: null
2025-11-28 10:18:51,749 [INFO] Argument:335 - Argument : DMAmuxChannelStatusMaskvalue: null
2025-11-28 10:18:51,749 [INFO] Argument:325 - Argument : DMAmuxRequestGenvalue: null
2025-11-28 10:18:51,749 [INFO] Argument:335 - Argument : DMAmuxRequestGenvalue: null
2025-11-28 10:18:51,749 [INFO] Argument:325 - Argument : DMAmuxRequestGenStatusvalue: null
2025-11-28 10:18:51,749 [INFO] Argument:335 - Argument : DMAmuxRequestGenStatusvalue: null
2025-11-28 10:18:51,749 [INFO] Argument:325 - Argument : DMAmuxRequestGenStatusMaskvalue: null
2025-11-28 10:18:51,749 [INFO] Argument:335 - Argument : DMAmuxRequestGenStatusMaskvalue: null
2025-11-28 10:18:51,753 [INFO] Argument:325 - Argument : hdmavalue: null
2025-11-28 10:18:51,753 [INFO] Argument:327 - 	 sub Args: 
2025-11-28 10:18:51,753 [INFO] Argument:325 - Argument : Instancevalue: DMA2_Channel1
2025-11-28 10:18:51,753 [INFO] Argument:335 - Argument : Instancevalue: DMA2_Channel1
2025-11-28 10:18:51,753 [INFO] Argument:325 - Argument : Initvalue: null
2025-11-28 10:18:51,753 [INFO] Argument:327 - 	 sub Args: 
2025-11-28 10:18:51,753 [INFO] Argument:325 - Argument : Requestvalue: DMA_REQUEST_USART2_RX
2025-11-28 10:18:51,753 [INFO] Argument:335 - Argument : Requestvalue: DMA_REQUEST_USART2_RX
2025-11-28 10:18:51,753 [INFO] Argument:325 - Argument : Directionvalue: DMA_PERIPH_TO_MEMORY
2025-11-28 10:18:51,753 [INFO] Argument:335 - Argument : Directionvalue: DMA_PERIPH_TO_MEMORY
2025-11-28 10:18:51,753 [INFO] Argument:325 - Argument : PeriphIncvalue: DMA_PINC_DISABLE
2025-11-28 10:18:51,753 [INFO] Argument:335 - Argument : PeriphIncvalue: DMA_PINC_DISABLE
2025-11-28 10:18:51,753 [INFO] Argument:325 - Argument : MemIncvalue: DMA_MINC_ENABLE
2025-11-28 10:18:51,753 [INFO] Argument:335 - Argument : MemIncvalue: DMA_MINC_ENABLE
2025-11-28 10:18:51,753 [INFO] Argument:325 - Argument : PeriphDataAlignmentvalue: DMA_PDATAALIGN_BYTE
2025-11-28 10:18:51,753 [INFO] Argument:335 - Argument : PeriphDataAlignmentvalue: DMA_PDATAALIGN_BYTE
2025-11-28 10:18:51,753 [INFO] Argument:325 - Argument : MemDataAlignmentvalue: DMA_MDATAALIGN_BYTE
2025-11-28 10:18:51,753 [INFO] Argument:335 - Argument : MemDataAlignmentvalue: DMA_MDATAALIGN_BYTE
2025-11-28 10:18:51,753 [INFO] Argument:325 - Argument : Modevalue: DMA_NORMAL
2025-11-28 10:18:51,753 [INFO] Argument:335 - Argument : Modevalue: DMA_NORMAL
2025-11-28 10:18:51,753 [INFO] Argument:325 - Argument : Priorityvalue: DMA_PRIORITY_LOW
2025-11-28 10:18:51,753 [INFO] Argument:335 - Argument : Priorityvalue: DMA_PRIORITY_LOW
2025-11-28 10:18:51,753 [INFO] Argument:325 - Argument : Lockvalue: null
2025-11-28 10:18:51,754 [INFO] Argument:335 - Argument : Lockvalue: null
2025-11-28 10:18:51,754 [INFO] Argument:325 - Argument : Statevalue: null
2025-11-28 10:18:51,754 [INFO] Argument:335 - Argument : Statevalue: null
2025-11-28 10:18:51,754 [INFO] Argument:325 - Argument : Parentvalue: null
2025-11-28 10:18:51,754 [INFO] Argument:335 - Argument : Parentvalue: null
2025-11-28 10:18:51,754 [INFO] Argument:325 - Argument : XferCpltCallbackvalue: null
2025-11-28 10:18:51,754 [INFO] Argument:335 - Argument : XferCpltCallbackvalue: null
2025-11-28 10:18:51,754 [INFO] Argument:325 - Argument : XferHalfCpltCallbackvalue: null
2025-11-28 10:18:51,754 [INFO] Argument:335 - Argument : XferHalfCpltCallbackvalue: null
2025-11-28 10:18:51,754 [INFO] Argument:325 - Argument : XferErrorCallbackvalue: null
2025-11-28 10:18:51,754 [INFO] Argument:335 - Argument : XferErrorCallbackvalue: null
2025-11-28 10:18:51,754 [INFO] Argument:325 - Argument : XferAbortCallbackvalue: null
2025-11-28 10:18:51,754 [INFO] Argument:335 - Argument : XferAbortCallbackvalue: null
2025-11-28 10:18:51,754 [INFO] Argument:325 - Argument : ErrorCodevalue: null
2025-11-28 10:18:51,754 [INFO] Argument:335 - Argument : ErrorCodevalue: null
2025-11-28 10:18:51,754 [INFO] Argument:325 - Argument : ChannelIndexvalue: null
2025-11-28 10:18:51,754 [INFO] Argument:335 - Argument : ChannelIndexvalue: null
2025-11-28 10:18:51,754 [INFO] Argument:325 - Argument : DMAmuxChannelvalue: null
2025-11-28 10:18:51,754 [INFO] Argument:335 - Argument : DMAmuxChannelvalue: null
2025-11-28 10:18:51,754 [INFO] Argument:325 - Argument : DMAmuxChannelStatusvalue: null
2025-11-28 10:18:51,754 [INFO] Argument:335 - Argument : DMAmuxChannelStatusvalue: null
2025-11-28 10:18:51,754 [INFO] Argument:325 - Argument : DMAmuxChannelStatusMaskvalue: null
2025-11-28 10:18:51,754 [INFO] Argument:335 - Argument : DMAmuxChannelStatusMaskvalue: null
2025-11-28 10:18:51,755 [INFO] Argument:325 - Argument : DMAmuxRequestGenvalue: null
2025-11-28 10:18:51,755 [INFO] Argument:335 - Argument : DMAmuxRequestGenvalue: null
2025-11-28 10:18:51,755 [INFO] Argument:325 - Argument : DMAmuxRequestGenStatusvalue: null
2025-11-28 10:18:51,755 [INFO] Argument:335 - Argument : DMAmuxRequestGenStatusvalue: null
2025-11-28 10:18:51,755 [INFO] Argument:325 - Argument : DMAmuxRequestGenStatusMaskvalue: null
2025-11-28 10:18:51,755 [INFO] Argument:335 - Argument : DMAmuxRequestGenStatusMaskvalue: null
2025-11-28 10:18:51,757 [INFO] Argument:325 - Argument : hdmavalue: null
2025-11-28 10:18:51,759 [INFO] Argument:327 - 	 sub Args: 
2025-11-28 10:18:51,759 [INFO] Argument:325 - Argument : Instancevalue: DMA2_Channel2
2025-11-28 10:18:51,759 [INFO] Argument:335 - Argument : Instancevalue: DMA2_Channel2
2025-11-28 10:18:51,759 [INFO] Argument:325 - Argument : Initvalue: null
2025-11-28 10:18:51,759 [INFO] Argument:327 - 	 sub Args: 
2025-11-28 10:18:51,759 [INFO] Argument:325 - Argument : Requestvalue: DMA_REQUEST_USART2_TX
2025-11-28 10:18:51,759 [INFO] Argument:335 - Argument : Requestvalue: DMA_REQUEST_USART2_TX
2025-11-28 10:18:51,759 [INFO] Argument:325 - Argument : Directionvalue: DMA_MEMORY_TO_PERIPH
2025-11-28 10:18:51,759 [INFO] Argument:335 - Argument : Directionvalue: DMA_MEMORY_TO_PERIPH
2025-11-28 10:18:51,759 [INFO] Argument:325 - Argument : PeriphIncvalue: DMA_PINC_DISABLE
2025-11-28 10:18:51,759 [INFO] Argument:335 - Argument : PeriphIncvalue: DMA_PINC_DISABLE
2025-11-28 10:18:51,759 [INFO] Argument:325 - Argument : MemIncvalue: DMA_MINC_ENABLE
2025-11-28 10:18:51,759 [INFO] Argument:335 - Argument : MemIncvalue: DMA_MINC_ENABLE
2025-11-28 10:18:51,759 [INFO] Argument:325 - Argument : PeriphDataAlignmentvalue: DMA_PDATAALIGN_BYTE
2025-11-28 10:18:51,759 [INFO] Argument:335 - Argument : PeriphDataAlignmentvalue: DMA_PDATAALIGN_BYTE
2025-11-28 10:18:51,759 [INFO] Argument:325 - Argument : MemDataAlignmentvalue: DMA_MDATAALIGN_BYTE
2025-11-28 10:18:51,759 [INFO] Argument:335 - Argument : MemDataAlignmentvalue: DMA_MDATAALIGN_BYTE
2025-11-28 10:18:51,759 [INFO] Argument:325 - Argument : Modevalue: DMA_NORMAL
2025-11-28 10:18:51,759 [INFO] Argument:335 - Argument : Modevalue: DMA_NORMAL
2025-11-28 10:18:51,759 [INFO] Argument:325 - Argument : Priorityvalue: DMA_PRIORITY_LOW
2025-11-28 10:18:51,759 [INFO] Argument:335 - Argument : Priorityvalue: DMA_PRIORITY_LOW
2025-11-28 10:18:51,759 [INFO] Argument:325 - Argument : Lockvalue: null
2025-11-28 10:18:51,759 [INFO] Argument:335 - Argument : Lockvalue: null
2025-11-28 10:18:51,760 [INFO] Argument:325 - Argument : Statevalue: null
2025-11-28 10:18:51,760 [INFO] Argument:335 - Argument : Statevalue: null
2025-11-28 10:18:51,760 [INFO] Argument:325 - Argument : Parentvalue: null
2025-11-28 10:18:51,760 [INFO] Argument:335 - Argument : Parentvalue: null
2025-11-28 10:18:51,760 [INFO] Argument:325 - Argument : XferCpltCallbackvalue: null
2025-11-28 10:18:51,760 [INFO] Argument:335 - Argument : XferCpltCallbackvalue: null
2025-11-28 10:18:51,760 [INFO] Argument:325 - Argument : XferHalfCpltCallbackvalue: null
2025-11-28 10:18:51,760 [INFO] Argument:335 - Argument : XferHalfCpltCallbackvalue: null
2025-11-28 10:18:51,760 [INFO] Argument:325 - Argument : XferErrorCallbackvalue: null
2025-11-28 10:18:51,760 [INFO] Argument:335 - Argument : XferErrorCallbackvalue: null
2025-11-28 10:18:51,760 [INFO] Argument:325 - Argument : XferAbortCallbackvalue: null
2025-11-28 10:18:51,760 [INFO] Argument:335 - Argument : XferAbortCallbackvalue: null
2025-11-28 10:18:51,760 [INFO] Argument:325 - Argument : ErrorCodevalue: null
2025-11-28 10:18:51,760 [INFO] Argument:335 - Argument : ErrorCodevalue: null
2025-11-28 10:18:51,760 [INFO] Argument:325 - Argument : ChannelIndexvalue: null
2025-11-28 10:18:51,760 [INFO] Argument:335 - Argument : ChannelIndexvalue: null
2025-11-28 10:18:51,760 [INFO] Argument:325 - Argument : DMAmuxChannelvalue: null
2025-11-28 10:18:51,760 [INFO] Argument:335 - Argument : DMAmuxChannelvalue: null
2025-11-28 10:18:51,760 [INFO] Argument:325 - Argument : DMAmuxChannelStatusvalue: null
2025-11-28 10:18:51,760 [INFO] Argument:335 - Argument : DMAmuxChannelStatusvalue: null
2025-11-28 10:18:51,760 [INFO] Argument:325 - Argument : DMAmuxChannelStatusMaskvalue: null
2025-11-28 10:18:51,760 [INFO] Argument:335 - Argument : DMAmuxChannelStatusMaskvalue: null
2025-11-28 10:18:51,760 [INFO] Argument:325 - Argument : DMAmuxRequestGenvalue: null
2025-11-28 10:18:51,760 [INFO] Argument:335 - Argument : DMAmuxRequestGenvalue: null
2025-11-28 10:18:51,760 [INFO] Argument:325 - Argument : DMAmuxRequestGenStatusvalue: null
2025-11-28 10:18:51,760 [INFO] Argument:335 - Argument : DMAmuxRequestGenStatusvalue: null
2025-11-28 10:18:51,760 [INFO] Argument:325 - Argument : DMAmuxRequestGenStatusMaskvalue: null
2025-11-28 10:18:51,760 [INFO] Argument:335 - Argument : DMAmuxRequestGenStatusMaskvalue: null
2025-11-28 10:18:51,846 [INFO] CodeEngine:265 - oldGeneratedFile, D:\Projekty\TrinityTrack6000\MainControlBoard\STM32\STM32G473CET6\MXTmpFiles\license.tmp_save
2025-11-28 10:18:51,995 [INFO] CodeEngine:289 - Generated code: D:\Projekty\TrinityTrack6000\MainControlBoard\STM32\STM32G473CET6\MXTmpFiles\license.tmp
2025-11-28 10:18:52,166 [INFO] CodeEngine:265 - oldGeneratedFile, D:\Projekty\TrinityTrack6000\MainControlBoard\STM32\STM32G473CET6\MXTmpFiles\gpio.tmp_save
2025-11-28 10:18:52,349 [INFO] CodeEngine:289 - Generated code: D:\Projekty\TrinityTrack6000\MainControlBoard\STM32\STM32G473CET6\MXTmpFiles\gpio.tmp
2025-11-28 10:19:03,530 [INFO] CodeEngine:265 - oldGeneratedFile, D:\Projekty\TrinityTrack6000\MainControlBoard\STM32\STM32G473CET6\MXTmpFiles\dma.tmp_save
2025-11-28 10:19:04,262 [INFO] CodeEngine:289 - Generated code: D:\Projekty\TrinityTrack6000\MainControlBoard\STM32\STM32G473CET6\MXTmpFiles\dma.tmp
2025-11-28 10:19:04,514 [INFO] CodeEngine:265 - oldGeneratedFile, D:\Projekty\TrinityTrack6000\MainControlBoard\STM32\STM32G473CET6\MXTmpFiles\dma_GV.tmp_save
2025-11-28 10:19:04,769 [INFO] CodeEngine:289 - Generated code: D:\Projekty\TrinityTrack6000\MainControlBoard\STM32\STM32G473CET6\MXTmpFiles\dma_GV.tmp
2025-11-28 10:19:04,823 [INFO] CodeEngine:265 - oldGeneratedFile, D:\Projekty\TrinityTrack6000\MainControlBoard\STM32\STM32G473CET6\Core\Src\stm32g4xx_it.c_save
2025-11-28 10:19:05,231 [INFO] CodeEngine:289 - Generated code: D:\Projekty\TrinityTrack6000\MainControlBoard\STM32\STM32G473CET6\Core\Src\stm32g4xx_it.c
2025-11-28 10:19:05,249 [INFO] CodeEngine:265 - oldGeneratedFile, D:\Projekty\TrinityTrack6000\MainControlBoard\STM32\STM32G473CET6\Core\Inc\stm32g4xx_it.h_save
2025-11-28 10:19:05,421 [INFO] CodeEngine:289 - Generated code: D:\Projekty\TrinityTrack6000\MainControlBoard\STM32\STM32G473CET6\Core\Inc\stm32g4xx_it.h
2025-11-28 10:19:05,463 [INFO] CodeEngine:265 - oldGeneratedFile, D:\Projekty\TrinityTrack6000\MainControlBoard\STM32\STM32G473CET6\Core\Src\stm32g4xx_hal_msp.c_save
2025-11-28 10:19:06,042 [INFO] CodeEngine:289 - Generated code: D:\Projekty\TrinityTrack6000\MainControlBoard\STM32\STM32G473CET6\Core\Src\stm32g4xx_hal_msp.c
2025-11-28 10:19:06,078 [INFO] CodeEngine:265 - oldGeneratedFile, D:\Projekty\TrinityTrack6000\MainControlBoard\STM32\STM32G473CET6\MXTmpFiles\system.tmp_save
2025-11-28 10:19:06,260 [INFO] CodeEngine:289 - Generated code: D:\Projekty\TrinityTrack6000\MainControlBoard\STM32\STM32G473CET6\MXTmpFiles\system.tmp
2025-11-28 10:19:06,312 [INFO] CodeEngine:321 - oldGeneratedFile, D:\Projekty\TrinityTrack6000\MainControlBoard\STM32\STM32G473CET6\Core\Inc\stm32g4xx_hal_conf.h_save
2025-11-28 10:19:06,592 [INFO] CodeEngine:345 - Generated code: D:\Projekty\TrinityTrack6000\MainControlBoard\STM32\STM32G473CET6\Core\Inc\stm32g4xx_hal_conf.h
2025-11-28 10:19:06,638 [WARN] IPConfigManager:3238 - Warning: the RefConfig RCC_CommonPeriphClockConfig is not available in your config.xml file
2025-11-28 10:19:06,643 [WARN] IPConfigManager:3811 - IP not found : TIM
2025-11-28 10:19:06,644 [WARN] CodeGenerator:4259 - IP not found : null
2025-11-28 10:19:06,661 [INFO] CodeEngine:265 - oldGeneratedFile, D:\Projekty\TrinityTrack6000\MainControlBoard\STM32\STM32G473CET6\Core\Inc\main.h_save
2025-11-28 10:19:06,860 [INFO] CodeEngine:289 - Generated code: D:\Projekty\TrinityTrack6000\MainControlBoard\STM32\STM32G473CET6\Core\Inc\main.h
2025-11-28 10:19:06,877 [INFO] CodeEngine:265 - oldGeneratedFile, D:\Projekty\TrinityTrack6000\MainControlBoard\STM32\STM32G473CET6\Core\Src\main.c_save
2025-11-28 10:19:07,121 [INFO] CodeEngine:289 - Generated code: D:\Projekty\TrinityTrack6000\MainControlBoard\STM32\STM32G473CET6\Core\Src\main.c
2025-11-28 10:19:08,198 [INFO] ProjectBuilder:3606 - Time for Copy HAL[1] : 387mS.
2025-11-28 10:19:08,208 [INFO] ProjectBuilder:5216 - Project Generator version: 4.7.0-B52
2025-11-28 10:19:08,330 [INFO] ConfigFileManager:1595 - The Die is : DIE469
2025-11-28 10:19:10,988 [INFO] ProjectBuilder:5496 - Time for Generating toolchain IDE Files: 2779mS.
2025-11-28 10:19:10,989 [INFO] ProjectBuilder:3463 - Time for Copy CMSIS : 1mS.
2025-11-28 10:19:10,995 [INFO] ProjectBuilder:3463 - Time for Copy CMSIS : 0mS.
2025-11-28 13:56:01,964 [ERROR] LogOutputStream:75 - [STDERR_REDIRECT] 
