2026-01-30 17:59:26,282 [INFO] Activator:176 - 


2026-01-30 17:59:26,292 [INFO] Activator:177 - !SESSION log4j initialized
2026-01-30 17:59:36,432 [INFO] LogOutputStream:77 - [STDOUT_REDIRECT] 
2026-01-30 17:59:39,842 [INFO] ApplicationProperties:184 - Using Application install path: D:\Programy\STM32CubeIDE_1.19.0\STM32CubeIDE\plugins\com.st.stm32cube.common.mx_6.15.0.202507011659
2026-01-30 17:59:39,865 [INFO] DbMcusXml:78 - Set database path to: D:\Programy\STM32CubeIDE_1.19.0\STM32CubeIDE\plugins\com.st.stm32cube.common.mx_6.15.0.202507011659\\db\/mcu/
2026-01-30 17:59:39,865 [INFO] ApiDb:274 - Set plugin database path to: D:\Programy\STM32CubeIDE_1.19.0\STM32CubeIDE\plugins\com.st.stm32cube.common.mx_6.15.0.202507011659\\db\/plugins/boardmanager/
2026-01-30 17:59:39,866 [WARN] ApiDb:259 - Overriding images path with different value:  => D:\Programy\STM32CubeIDE_1.19.0\STM32CubeIDE\plugins\com.st.stm32cube.common.mx_6.15.0.202507011659\\db\/plugins/mcufinder/images/
2026-01-30 17:59:39,878 [INFO] ApiDb:250 - Set database path to: C:\Users\kujon\.stmcufinder\plugins\mcufinder//mcu/
2026-01-30 17:59:39,879 [INFO] DbMcusAds:125 - Set database path to: C:\Users\kujon\.stmcufinder\plugins\mcufinder//mcu/
2026-01-30 17:59:39,882 [INFO] CrossReferenceDbSqlite:203 - Set database path to: C:\Users\kujon\.stmcufinder\plugins\mcufinder//mcu/cs/
2026-01-30 17:59:40,020 [INFO] RulesReader:64 - Compatibility file has been processed (317 Rules)
2026-01-30 17:59:40,120 [INFO] DbMcusXml:78 - Set database path to: D:\Programy\STM32CubeIDE_1.19.0\STM32CubeIDE\plugins\com.st.stm32cube.common.mx_6.15.0.202507011659\\db\/mcu/
2026-01-30 17:59:40,120 [INFO] ApiDb:274 - Set plugin database path to: D:\Programy\STM32CubeIDE_1.19.0\STM32CubeIDE\plugins\com.st.stm32cube.common.mx_6.15.0.202507011659\\db\/plugins/boardmanager/
2026-01-30 17:59:40,120 [INFO] ApiDb:261 - Set plugin images path to: D:\Programy\STM32CubeIDE_1.19.0\STM32CubeIDE\plugins\com.st.stm32cube.common.mx_6.15.0.202507011659\\db\/plugins/mcufinder/images/
2026-01-30 17:59:40,121 [WARN] DbFile:41 - Overriding database path with different value: C:\Users\kujon\.stmcufinder\plugins\mcufinder/ => C:\Users\kujon\.stmcufinder\plugins\mcufinder
2026-01-30 17:59:40,121 [INFO] ApiDb:250 - Set database path to: C:\Users\kujon\.stmcufinder\plugins\mcufinder//mcu/
2026-01-30 17:59:40,121 [WARN] DbFile:41 - Overriding database path with different value: C:\Users\kujon\.stmcufinder\plugins\mcufinder/ => C:\Users\kujon\.stmcufinder\plugins\mcufinder
2026-01-30 17:59:40,121 [INFO] DbMcusAds:125 - Set database path to: C:\Users\kujon\.stmcufinder\plugins\mcufinder//mcu/
2026-01-30 17:59:40,121 [WARN] DbFile:41 - Overriding database path with different value: C:\Users\kujon\.stmcufinder\plugins\mcufinder/ => C:\Users\kujon\.stmcufinder\plugins\mcufinder
2026-01-30 17:59:40,121 [WARN] DbFile:41 - Overriding database path with different value: C:\Users\kujon\.stmcufinder\plugins\mcufinder/ => C:\Users\kujon\.stmcufinder\plugins\mcufinder
2026-01-30 17:59:40,121 [INFO] CrossReferenceDbSqlite:203 - Set database path to: C:\Users\kujon\.stmcufinder\plugins\mcufinder//mcu/cs/
2026-01-30 17:59:40,217 [INFO] MainPanel:274 - HeapMemory: 268435456
2026-01-30 17:59:40,359 [INFO] DbMcusXml:78 - Set database path to: D:\Programy\STM32CubeIDE_1.19.0\STM32CubeIDE\plugins\com.st.stm32cube.common.mx_6.15.0.202507011659\\db\/mcu/
2026-01-30 17:59:40,359 [INFO] ApiDb:274 - Set plugin database path to: D:\Programy\STM32CubeIDE_1.19.0\STM32CubeIDE\plugins\com.st.stm32cube.common.mx_6.15.0.202507011659\\db\/plugins/boardmanager/
2026-01-30 17:59:40,359 [INFO] ApiDb:261 - Set plugin images path to: D:\Programy\STM32CubeIDE_1.19.0\STM32CubeIDE\plugins\com.st.stm32cube.common.mx_6.15.0.202507011659\\db\/plugins/mcufinder/images/
2026-01-30 17:59:40,359 [WARN] DbFile:41 - Overriding database path with different value: C:\Users\kujon\.stmcufinder\plugins\mcufinder/ => C:\Users\kujon\.stmcufinder\plugins\mcufinder
2026-01-30 17:59:40,360 [INFO] ApiDb:250 - Set database path to: C:\Users\kujon\.stmcufinder\plugins\mcufinder//mcu/
2026-01-30 17:59:40,360 [WARN] DbFile:41 - Overriding database path with different value: C:\Users\kujon\.stmcufinder\plugins\mcufinder/ => C:\Users\kujon\.stmcufinder\plugins\mcufinder
2026-01-30 17:59:40,360 [INFO] DbMcusAds:125 - Set database path to: C:\Users\kujon\.stmcufinder\plugins\mcufinder//mcu/
2026-01-30 17:59:40,360 [WARN] DbFile:41 - Overriding database path with different value: C:\Users\kujon\.stmcufinder\plugins\mcufinder/ => C:\Users\kujon\.stmcufinder\plugins\mcufinder
2026-01-30 17:59:40,360 [WARN] DbFile:41 - Overriding database path with different value: C:\Users\kujon\.stmcufinder\plugins\mcufinder/ => C:\Users\kujon\.stmcufinder\plugins\mcufinder
2026-01-30 17:59:40,360 [INFO] CrossReferenceDbSqlite:203 - Set database path to: C:\Users\kujon\.stmcufinder\plugins\mcufinder//mcu/cs/
2026-01-30 17:59:40,380 [INFO] ApplicationProperties:184 - Using Application install path: D:\Programy\STM32CubeIDE_1.19.0\STM32CubeIDE\plugins\com.st.stm32cube.common.mx_6.15.0.202507011659
2026-01-30 17:59:40,382 [INFO] PluginManage:196 - Search for loadable plugins [exclusion list=, ]
2026-01-30 17:59:40,386 [INFO] PluginManage:310 - Check plugin analytics
2026-01-30 17:59:40,610 [INFO] AnalyticsPlugin:253 - Accepted Software Licenses: 
2026-01-30 17:59:40,610 [INFO] AnalyticsPlugin:255 - Accepted CMSIS Pack Licenses: 
2026-01-30 17:59:40,610 [INFO] AnalyticsPlugin:257 - Accepted Firmware Licenses: 
2026-01-30 17:59:40,613 [INFO] PluginManage:359 - Loaded plugin analytics (category:tool,tabindex:-1)
2026-01-30 17:59:40,613 [INFO] PluginManage:310 - Check plugin cadmodel
2026-01-30 17:59:40,640 [INFO] CADModel:105 - Init CAD model plugin
2026-01-30 17:59:40,640 [INFO] PluginManage:359 - Loaded plugin cadmodel (category:power,tabindex:5)
2026-01-30 17:59:40,640 [INFO] PluginManage:310 - Check plugin clock
2026-01-30 17:59:40,674 [INFO] PluginManage:359 - Loaded plugin clock (category:base,tabindex:2)
2026-01-30 17:59:40,674 [INFO] PluginManage:310 - Check plugin ddr
2026-01-30 17:59:40,677 [INFO] PluginManage:359 - Loaded plugin ddr (category:tool,tabindex:6)
2026-01-30 17:59:40,678 [INFO] PluginManage:310 - Check plugin filemanager
2026-01-30 17:59:40,887 [INFO] PluginManage:359 - Loaded plugin filemanager (category:base,tabindex:10)
2026-01-30 17:59:40,887 [INFO] PluginManage:310 - Check plugin ipmanager
2026-01-30 17:59:40,897 [INFO] PluginManage:359 - Loaded plugin ipmanager (category:base,tabindex:5)
2026-01-30 17:59:40,899 [INFO] PluginManage:310 - Check plugin lpbam
2026-01-30 17:59:40,929 [INFO] PluginManage:359 - Loaded plugin lpbam (category:base,tabindex:0)
2026-01-30 17:59:40,929 [INFO] PluginManage:310 - Check plugin memorymap
2026-01-30 17:59:40,962 [INFO] PluginManage:359 - Loaded plugin memorymap (category:base,tabindex:4)
2026-01-30 17:59:40,962 [INFO] PluginManage:310 - Check plugin pinoutandconfiguration
2026-01-30 17:59:40,992 [INFO] PluginManage:359 - Loaded plugin pinoutandconfiguration (category:base,tabindex:1)
2026-01-30 17:59:40,992 [INFO] PluginManage:310 - Check plugin pinoutconfig
2026-01-30 17:59:41,131 [WARN] SupportedApi:132 - Cannot load RTOS API schema: s4s-elt-must-match.1: The content of 'definitions' must match (annotation?, (simpleType | complexType)?, (unique | key | keyref)*)). A problem was found starting at: attribute.
2026-01-30 17:59:41,278 [INFO] PluginManage:359 - Loaded plugin pinoutconfig (category:base,tabindex:0)
2026-01-30 17:59:41,279 [INFO] PluginManage:310 - Check plugin power
2026-01-30 17:59:41,308 [INFO] PluginManage:359 - Loaded plugin power (category:power,tabindex:4)
2026-01-30 17:59:41,308 [INFO] PluginManage:310 - Check plugin projectmanager
2026-01-30 17:59:41,326 [INFO] PluginManage:359 - Loaded plugin projectmanager (category:projectmanager,tabindex:4)
2026-01-30 17:59:41,326 [INFO] PluginManage:310 - Check plugin rif
2026-01-30 17:59:41,353 [INFO] PluginManage:359 - Loaded plugin rif (category:base,tabindex:3)
2026-01-30 17:59:41,353 [INFO] PluginManage:310 - Check plugin thirdparty
2026-01-30 17:59:41,787 [INFO] PluginManage:359 - Loaded plugin thirdparty (category:base,tabindex:-1)
2026-01-30 17:59:41,787 [WARN] IntegrityCheckThread:84 - waiting for thirdparty lock release [integrity check]
2026-01-30 17:59:41,787 [INFO] PluginManage:310 - Check plugin tools
2026-01-30 17:59:41,787 [INFO] IntegrityCheckThread:86 - entering critical section [integrity check]
2026-01-30 17:59:41,788 [INFO] ThirdPartyUpdaterWithRetryManager:70 - Updater plugin not ready yet. [1/15]
2026-01-30 17:59:41,852 [INFO] PluginManage:359 - Loaded plugin tools (category:base,tabindex:7)
2026-01-30 17:59:41,852 [INFO] PluginManage:310 - Check plugin tutovideos
2026-01-30 17:59:42,125 [INFO] PluginManage:359 - Loaded plugin tutovideos (category:base,tabindex:-1)
2026-01-30 17:59:42,125 [INFO] PluginManage:310 - Check plugin updater
2026-01-30 17:59:42,149 [INFO] PluginManage:359 - Loaded plugin updater (category:base,tabindex:12)
2026-01-30 17:59:42,149 [INFO] PluginManage:310 - Check plugin userauth
2026-01-30 17:59:42,154 [INFO] UserAuth:118 - Init User Auth plugin
2026-01-30 17:59:42,155 [INFO] PluginManage:359 - Loaded plugin userauth (category:base,tabindex:14)
2026-01-30 17:59:42,156 [INFO] PluginManage:283 - PluginManage : Loaded plugins [18]
2026-01-30 17:59:42,426 [INFO] PinOutPanel:1589 - setPackage(No Configuration,No Configuration)
2026-01-30 17:59:42,525 [INFO] CADModel:165 - CPN selected for project level
2026-01-30 17:59:42,526 [INFO] CADModel:114 - Register for checkConnection events
2026-01-30 17:59:42,562 [INFO] IPUIPlugin:80 - create IPUIPlugin
2026-01-30 17:59:42,563 [INFO] PluginManager:220 - loadIPPluginJar : add adc
2026-01-30 17:59:42,631 [INFO] IPUIPlugin:80 - create IPUIPlugin
2026-01-30 17:59:42,631 [INFO] PluginManager:220 - loadIPPluginJar : add aes
2026-01-30 17:59:42,736 [INFO] IPUIPlugin:80 - create IPUIPlugin
2026-01-30 17:59:42,736 [INFO] PluginManager:220 - loadIPPluginJar : add can
2026-01-30 17:59:42,786 [INFO] IPUIPlugin:80 - create IPUIPlugin
2026-01-30 17:59:42,786 [INFO] PluginManager:220 - loadIPPluginJar : add comp
2026-01-30 17:59:42,842 [INFO] IPUIPlugin:80 - create IPUIPlugin
2026-01-30 17:59:42,842 [INFO] PluginManager:220 - loadIPPluginJar : add cryp
2026-01-30 17:59:42,862 [INFO] IPUIPlugin:80 - create IPUIPlugin
2026-01-30 17:59:42,862 [INFO] PluginManager:220 - loadIPPluginJar : add ddr_ctrl_phy
2026-01-30 17:59:42,915 [INFO] IPUIPlugin:80 - create IPUIPlugin
2026-01-30 17:59:42,915 [INFO] PluginManager:220 - loadIPPluginJar : add dfsdm
2026-01-30 17:59:42,934 [INFO] IPUIPlugin:80 - create IPUIPlugin
2026-01-30 17:59:42,935 [INFO] PluginManager:220 - loadIPPluginJar : add dma
2026-01-30 17:59:43,001 [INFO] IPUIPlugin:80 - create IPUIPlugin
2026-01-30 17:59:43,002 [INFO] PluginManager:220 - loadIPPluginJar : add dma3
2026-01-30 17:59:43,074 [INFO] IPUIPlugin:80 - create IPUIPlugin
2026-01-30 17:59:43,074 [INFO] PluginManager:220 - loadIPPluginJar : add extmemmanager
2026-01-30 17:59:43,111 [INFO] IPUIPlugin:80 - create IPUIPlugin
2026-01-30 17:59:43,111 [INFO] PluginManager:220 - loadIPPluginJar : add fatfs
2026-01-30 17:59:43,213 [INFO] IPUIPlugin:80 - create IPUIPlugin
2026-01-30 17:59:43,213 [INFO] PluginManager:220 - loadIPPluginJar : add fmc
2026-01-30 17:59:43,246 [INFO] IPUIPlugin:80 - create IPUIPlugin
2026-01-30 17:59:43,246 [INFO] PluginManager:220 - loadIPPluginJar : add freertos
2026-01-30 17:59:43,301 [INFO] IPUIPlugin:80 - create IPUIPlugin
2026-01-30 17:59:43,302 [INFO] PluginManager:220 - loadIPPluginJar : add genericplugin
2026-01-30 17:59:43,556 [INFO] IPUIPlugin:80 - create IPUIPlugin
2026-01-30 17:59:43,556 [INFO] PluginManager:220 - loadIPPluginJar : add gfxmmu
2026-01-30 17:59:43,842 [INFO] IPUIPlugin:80 - create IPUIPlugin
2026-01-30 17:59:43,843 [INFO] PluginManager:220 - loadIPPluginJar : add gic
2026-01-30 17:59:43,861 [INFO] IPUIPlugin:80 - create IPUIPlugin
2026-01-30 17:59:43,861 [INFO] PluginManager:220 - loadIPPluginJar : add gpio
2026-01-30 17:59:44,016 [INFO] IPUIPlugin:80 - create IPUIPlugin
2026-01-30 17:59:44,016 [INFO] PluginManager:220 - loadIPPluginJar : add gtzc
2026-01-30 17:59:44,074 [INFO] IPUIPlugin:80 - create IPUIPlugin
2026-01-30 17:59:44,074 [INFO] PluginManager:220 - loadIPPluginJar : add hash
2026-01-30 17:59:44,165 [INFO] IPUIPlugin:80 - create IPUIPlugin
2026-01-30 17:59:44,165 [INFO] PluginManager:220 - loadIPPluginJar : add i2c
2026-01-30 17:59:44,230 [INFO] IPUIPlugin:80 - create IPUIPlugin
2026-01-30 17:59:44,231 [INFO] PluginManager:220 - loadIPPluginJar : add i2s
2026-01-30 17:59:44,302 [INFO] IPUIPlugin:80 - create IPUIPlugin
2026-01-30 17:59:44,302 [INFO] PluginManager:220 - loadIPPluginJar : add i3c
2026-01-30 17:59:44,458 [INFO] IPUIPlugin:80 - create IPUIPlugin
2026-01-30 17:59:44,458 [INFO] PluginManager:220 - loadIPPluginJar : add ipddr
2026-01-30 17:59:44,618 [INFO] IPUIPlugin:80 - create IPUIPlugin
2026-01-30 17:59:44,618 [INFO] PluginManager:220 - loadIPPluginJar : add linkedlist
2026-01-30 17:59:44,682 [INFO] IPUIPlugin:80 - create IPUIPlugin
2026-01-30 17:59:44,682 [INFO] PluginManager:220 - loadIPPluginJar : add lorawan
2026-01-30 17:59:44,754 [INFO] IPUIPlugin:80 - create IPUIPlugin
2026-01-30 17:59:44,754 [INFO] PluginManager:220 - loadIPPluginJar : add ltdc
2026-01-30 17:59:44,773 [INFO] IPUIPlugin:80 - create IPUIPlugin
2026-01-30 17:59:44,773 [INFO] PluginManager:220 - loadIPPluginJar : add mdma
2026-01-30 17:59:44,790 [INFO] ThirdPartyUpdaterWithRetryManager:70 - Updater plugin not ready yet. [2/15]
2026-01-30 17:59:44,795 [INFO] IPUIPlugin:80 - create IPUIPlugin
2026-01-30 17:59:44,795 [INFO] PluginManager:220 - loadIPPluginJar : add nvic
2026-01-30 17:59:44,859 [INFO] IPUIPlugin:80 - create IPUIPlugin
2026-01-30 17:59:44,859 [INFO] PluginManager:220 - loadIPPluginJar : add opamp
2026-01-30 17:59:44,963 [INFO] IPUIPlugin:80 - create IPUIPlugin
2026-01-30 17:59:44,964 [INFO] PluginManager:220 - loadIPPluginJar : add openamp
2026-01-30 17:59:45,040 [INFO] IPUIPlugin:80 - create IPUIPlugin
2026-01-30 17:59:45,041 [INFO] PluginManager:220 - loadIPPluginJar : add pdm2pcm
2026-01-30 17:59:45,062 [INFO] IPUIPlugin:80 - create IPUIPlugin
2026-01-30 17:59:45,065 [INFO] PluginManager:220 - loadIPPluginJar : add plateformsettings
2026-01-30 17:59:45,106 [INFO] IPUIPlugin:80 - create IPUIPlugin
2026-01-30 17:59:45,106 [INFO] PluginManager:220 - loadIPPluginJar : add quadspi
2026-01-30 17:59:45,151 [INFO] IPUIPlugin:80 - create IPUIPlugin
2026-01-30 17:59:45,151 [INFO] PluginManager:220 - loadIPPluginJar : add radio
2026-01-30 17:59:45,171 [INFO] IPUIPlugin:80 - create IPUIPlugin
2026-01-30 17:59:45,171 [INFO] PluginManager:220 - loadIPPluginJar : add resmgrutility
2026-01-30 17:59:45,248 [INFO] IPUIPlugin:80 - create IPUIPlugin
2026-01-30 17:59:45,248 [INFO] PluginManager:220 - loadIPPluginJar : add sai
2026-01-30 17:59:45,312 [INFO] IPUIPlugin:80 - create IPUIPlugin
2026-01-30 17:59:45,312 [INFO] PluginManager:220 - loadIPPluginJar : add spi
2026-01-30 17:59:45,428 [INFO] IPUIPlugin:80 - create IPUIPlugin
2026-01-30 17:59:45,428 [INFO] PluginManager:220 - loadIPPluginJar : add stm32_wpan
2026-01-30 17:59:45,470 [INFO] IPUIPlugin:80 - create IPUIPlugin
2026-01-30 17:59:45,470 [INFO] PluginManager:220 - loadIPPluginJar : add tim
2026-01-30 17:59:45,568 [INFO] IPUIPlugin:80 - create IPUIPlugin
2026-01-30 17:59:45,568 [INFO] PluginManager:220 - loadIPPluginJar : add touchsensing
2026-01-30 17:59:45,608 [INFO] IPUIPlugin:80 - create IPUIPlugin
2026-01-30 17:59:45,608 [INFO] PluginManager:220 - loadIPPluginJar : add tracer_emb
2026-01-30 17:59:45,648 [INFO] IPUIPlugin:80 - create IPUIPlugin
2026-01-30 17:59:45,648 [INFO] PluginManager:220 - loadIPPluginJar : add ts
2026-01-30 17:59:45,684 [INFO] IPUIPlugin:80 - create IPUIPlugin
2026-01-30 17:59:45,684 [INFO] PluginManager:220 - loadIPPluginJar : add tsc
2026-01-30 17:59:45,727 [INFO] IPUIPlugin:80 - create IPUIPlugin
2026-01-30 17:59:45,727 [INFO] PluginManager:220 - loadIPPluginJar : add ucpd
2026-01-30 17:59:45,802 [INFO] IPUIPlugin:80 - create IPUIPlugin
2026-01-30 17:59:45,802 [INFO] PluginManager:220 - loadIPPluginJar : add usart
2026-01-30 17:59:45,878 [INFO] IPUIPlugin:80 - create IPUIPlugin
2026-01-30 17:59:45,879 [INFO] PluginManager:220 - loadIPPluginJar : add usbx
2026-01-30 17:59:46,021 [FATAL] Updater:351 - Updater called before beeing initialized
2026-01-30 17:59:46,051 [INFO] RulesReader:64 - Compatibility file has been processed (317 Rules)
2026-01-30 17:59:46,064 [INFO] RulesReader:64 - Compatibility file has been processed (317 Rules)
2026-01-30 17:59:46,074 [INFO] CADModel:165 - CPN selected for project level
2026-01-30 17:59:46,074 [INFO] CADModel:114 - Register for checkConnection events
2026-01-30 17:59:46,074 [FATAL] Updater:351 - Updater called before beeing initialized
2026-01-30 17:59:46,074 [ERROR] CADModel:125 - Updater not yet initialized, retry later 
2026-01-30 17:59:46,247 [FATAL] Updater:351 - Updater called before beeing initialized
2026-01-30 17:59:46,251 [INFO] CADModel:165 - CPN selected for project level
2026-01-30 17:59:46,251 [INFO] CADModel:114 - Register for checkConnection events
2026-01-30 17:59:46,251 [FATAL] Updater:351 - Updater called before beeing initialized
2026-01-30 17:59:46,251 [ERROR] CADModel:125 - Updater not yet initialized, retry later 
2026-01-30 17:59:46,254 [FATAL] Updater:351 - Updater called before beeing initialized
2026-01-30 17:59:46,399 [FATAL] Updater:351 - Updater called before beeing initialized
2026-01-30 17:59:46,414 [INFO] DbMcusAds:53 - JSON generation date=Thu Oct 02 11:36:05 CEST 2025 (1759397765645)
2026-01-30 17:59:46,414 [FATAL] Updater:351 - Updater called before beeing initialized
2026-01-30 17:59:46,535 [WARN] DetailPanel:346 - Failed to get advertising image, set to default
2026-01-30 17:59:46,626 [FATAL] Updater:351 - Updater called before beeing initialized
2026-01-30 17:59:46,629 [FATAL] Updater:351 - Updater called before beeing initialized
2026-01-30 17:59:46,630 [FATAL] Updater:351 - Updater called before beeing initialized
2026-01-30 17:59:46,630 [WARN] DetailPanel:346 - Failed to get advertising image, set to default
2026-01-30 17:59:46,630 [FATAL] Updater:351 - Updater called before beeing initialized
2026-01-30 17:59:46,706 [ERROR] Updater:1198 - MainUpdater not yet initialized. External WinMGr cannot be set.
2026-01-30 17:59:46,723 [INFO] Updater:1134 - Updater Version found : 6.15.0
2026-01-30 17:59:46,747 [INFO] ApplicationProperties:184 - Using Application install path: D:\Programy\STM32CubeIDE_1.19.0\STM32CubeIDE\plugins\com.st.stm32cube.common.mx_6.15.0.202507011659
2026-01-30 17:59:47,791 [INFO] ThirdPartyUpdaterWithRetryManager:70 - Updater plugin not ready yet. [3/15]
2026-01-30 17:59:48,337 [ERROR] LogOutputStream:75 - [STDERR_REDIRECT] Jan 30, 2026 5:59:48 PM java.util.prefs.WindowsPreferences <init>
2026-01-30 17:59:48,338 [ERROR] LogOutputStream:75 - [STDERR_REDIRECT] WARNING: Could not open/create prefs root node Software\JavaSoft\Prefs at root 0xffffffff80000002. Windows RegCreateKeyEx(...) returned error code 5.
2026-01-30 17:59:48,339 [ERROR] LogOutputStream:75 - [STDERR_REDIRECT] 
2026-01-30 17:59:48,762 [INFO] MainUpdater:2872 - connection check result : 10
2026-01-30 17:59:48,764 [INFO] MainUpdater:289 - Updater Check For Update Now.
2026-01-30 17:59:48,764 [INFO] MicroXplorer:498 - Change Database Version : DB.6.0.150
2026-01-30 17:59:48,790 [INFO] McuFinderGlobals:63 - Set McuFinder mode to 2 (CubeIDE integrated)
2026-01-30 17:59:48,804 [INFO] UserAuth:487 - Internet connection configuration mode: 1
2026-01-30 17:59:48,858 [INFO] JxBrowserEngine:152 - Initiate JxBrowser Engine with user profile folder
2026-01-30 17:59:49,029 [INFO] CheckServerUpdateThread:120 - End of CheckServer Thread
2026-01-30 17:59:50,916 [INFO] WebApp:169 - Instantiating new browser for Auth
2026-01-30 17:59:51,282 [WARN] PackLoader:240 - Cannot read IP mode file for STMicroelectronics.FP-SNS-MOTENVWB1.1.4.0
2026-01-30 17:59:51,317 [WARN] PackLoader:240 - Cannot read IP mode file for STMicroelectronics.FP-ATR-ASTRA1.2.0.2
2026-01-30 17:59:51,356 [WARN] PackLoader:240 - Cannot read IP mode file for STMicroelectronics.X-CUBE-SMBUS.2.1.0
2026-01-30 17:59:51,382 [WARN] PackLoader:240 - Cannot read IP mode file for STMicroelectronics.X-CUBE-ST60.1.0.0
2026-01-30 17:59:51,519 [WARN] PackLoader:240 - Cannot read IP mode file for STMicroelectronics.X-CUBE-AZRTOS-F7.1.1.0
2026-01-30 17:59:51,582 [WARN] PackLoader:240 - Cannot read IP mode file for STMicroelectronics.X-CUBE-BLE1.6.2.4
2026-01-30 17:59:51,622 [WARN] PackLoader:240 - Cannot read IP mode file for STMicroelectronics.FP-SNS-MOTENV1.5.1.0
2026-01-30 17:59:51,678 [WARN] PackLoader:240 - Cannot read IP mode file for WES.I-CUBE-Cesium.1.4.0
2026-01-30 17:59:51,788 [WARN] PackLoader:240 - Cannot read IP mode file for Infineon.AIROC-Wi-Fi-Bluetooth-STM32.1.7.1
2026-01-30 17:59:52,002 [WARN] PackLoader:240 - Cannot read IP mode file for STMicroelectronics.X-CUBE-AZRTOS-H7.3.4.0
2026-01-30 17:59:52,045 [WARN] PackLoader:240 - Cannot read IP mode file for STMicroelectronics.X-CUBE-DISPLAY.3.0.0
2026-01-30 17:59:52,079 [WARN] PackLoader:240 - Cannot read IP mode file for STMicroelectronics.X-CUBE-NFC10.1.0.0
2026-01-30 17:59:52,105 [WARN] PackLoader:240 - Cannot read IP mode file for STMicroelectronics.X-CUBE-ST60.1.1.0
2026-01-30 17:59:52,131 [WARN] PackLoader:240 - Cannot read IP mode file for emotas.I-CUBE-CANOPEN.1.3.0
2026-01-30 17:59:52,157 [WARN] PackLoader:240 - Cannot read IP mode file for STMicroelectronics.X-CUBE-GNSS1.7.1.0
2026-01-30 17:59:52,182 [WARN] PackLoader:240 - Cannot read IP mode file for STMicroelectronics.FP-SNS-STBOX1.2.1.0
2026-01-30 17:59:52,246 [WARN] PackLoader:240 - Cannot read IP mode file for STMicroelectronics.FP-SNS-SMARTAG2.1.2.0
2026-01-30 17:59:52,304 [WARN] PackLoader:240 - Cannot read IP mode file for STMicroelectronics.FP-SNS-FLIGHT1.5.1.0
2026-01-30 17:59:52,351 [INFO] LogOutputStream:77 - [STDOUT_REDIRECT] 1 : Invalid condition id : UX_CORESTACK_Condition cause : null
2026-01-30 17:59:52,352 [INFO] LogOutputStream:77 - [STDOUT_REDIRECT] 1 : Invalid condition id : UX_CORESTACK_Condition cause : null
2026-01-30 17:59:52,354 [INFO] LogOutputStream:77 - [STDOUT_REDIRECT] 1 : Invalid condition id : UX_CORESTACK_Condition cause : null
2026-01-30 17:59:52,355 [INFO] LogOutputStream:77 - [STDOUT_REDIRECT] 1 : Invalid condition id : UX_CORESTACK_Condition cause : null
2026-01-30 17:59:52,357 [INFO] LogOutputStream:77 - [STDOUT_REDIRECT] 1 : Invalid condition id : UX_CORESTACK_Condition cause : null
2026-01-30 17:59:52,360 [WARN] PackLoader:240 - Cannot read IP mode file for STMicroelectronics.X-CUBE-AZRTOS-WL.2.0.0
2026-01-30 17:59:52,396 [WARN] PackLoader:240 - Cannot read IP mode file for STMicroelectronics.FP-SNS-MOTENV1.5.0.0
2026-01-30 17:59:52,451 [INFO] WebApp:463 - Apply proxy settings
2026-01-30 17:59:52,452 [INFO] WebApp:548 - Chromium requires no authentication
2026-01-30 17:59:52,462 [WARN] PackLoader:240 - Cannot read IP mode file for STMicroelectronics.X-CUBE-AZRTOS-H7RS.1.2.0
2026-01-30 17:59:52,470 [INFO] WebApp:491 - Direct internet connection detected
2026-01-30 17:59:52,493 [WARN] PackLoader:240 - Cannot read IP mode file for STMicroelectronics.X-CUBE-BLE2.3.3.0
2026-01-30 17:59:52,517 [INFO] WebApp:900 - Register for checkConnection events
2026-01-30 17:59:52,517 [INFO] WebApp:463 - Apply proxy settings
2026-01-30 17:59:52,518 [INFO] WebApp:548 - Chromium requires no authentication
2026-01-30 17:59:52,519 [INFO] WebApp:491 - Direct internet connection detected
2026-01-30 17:59:52,596 [WARN] PackLoader:240 - Cannot read IP mode file for STMicroelectronics.X-CUBE-TOF1.3.2.0
2026-01-30 17:59:52,627 [WARN] PackLoader:240 - Cannot read IP mode file for STMicroelectronics.X-CUBE-NFC9.1.0.0
2026-01-30 17:59:52,648 [WARN] PackLoader:240 - Cannot read IP mode file for wolfSSL.I-CUBE-wolfSSL.5.8.2
2026-01-30 17:59:52,665 [WARN] PackLoader:240 - Cannot read IP mode file for STMicroelectronics.X-CUBE-BLE1.7.1.0
2026-01-30 17:59:52,687 [WARN] PackLoader:240 - Cannot read IP mode file for wolfSSL.I-CUBE-wolfMQTT.1.19.2
2026-01-30 17:59:52,727 [WARN] PackLoader:240 - Cannot read IP mode file for STMicroelectronics.X-CUBE-FREERTOS.1.4.0
2026-01-30 17:59:52,739 [INFO] WebApp:191 - Connection restablished
2026-01-30 17:59:52,778 [WARN] PackLoader:240 - Cannot read IP mode file for STMicroelectronics.X-CUBE-EEPRMA1.5.2.0
2026-01-30 17:59:52,818 [WARN] PackLoader:240 - Cannot read IP mode file for STMicroelectronics.X-CUBE-TOUCHGFX.4.21.1
2026-01-30 17:59:52,862 [WARN] PackLoader:240 - Cannot read IP mode file for STMicroelectronics.X-CUBE-ST67W61.1.1.0
2026-01-30 17:59:53,080 [INFO] WebApp:225 - Starting web application
2026-01-30 17:59:53,080 [INFO] WebApp:593 - Web application path used D:\Programy\STM32CubeIDE_1.19.0\STM32CubeIDE\plugins\com.st.stm32cube.common.mx_6.15.0.202507011659\db\plugins\mcufinder\reactClient1\index.html
2026-01-30 17:59:53,099 [WARN] PackLoader:240 - Cannot read IP mode file for STMicroelectronics.X-CUBE-MEMS1.12.0.0
2026-01-30 17:59:53,540 [INFO] UserAuth:487 - Internet connection configuration mode: 1
2026-01-30 17:59:53,579 [WARN] PackLoader:240 - Cannot read IP mode file for STMicroelectronics.X-CUBE-ALGOBUILD.1.3.0
2026-01-30 17:59:53,708 [WARN] PackLoader:240 - Cannot read IP mode file for STMicroelectronics.X-CUBE-AZRTOS-G0.1.1.0
2026-01-30 17:59:53,771 [WARN] PackLoader:240 - Cannot read IP mode file for STMicroelectronics.X-CUBE-SAFEA1.1.2.2
2026-01-30 17:59:53,853 [WARN] PackLoader:240 - Cannot read IP mode file for STMicroelectronics.X-CUBE-NFC4.3.0.0
2026-01-30 17:59:53,905 [WARN] PackLoader:240 - Cannot read IP mode file for EmbeddedOffice.I-CUBE-FS-RTOS.1.0.1
2026-01-30 17:59:53,961 [WARN] PackLoader:240 - Cannot read IP mode file for STMicroelectronics.X-CUBE-WB05N.2.0.0
2026-01-30 17:59:54,000 [WARN] PackLoader:240 - Cannot read IP mode file for wolfSSL.I-CUBE-wolfTPM.3.8.0
2026-01-30 17:59:54,043 [WARN] PackLoader:240 - Cannot read IP mode file for STMicroelectronics.X-CUBE-BLEMGR.1.3.0
2026-01-30 17:59:54,073 [WARN] PackLoader:240 - Cannot read IP mode file for STMicroelectronics.X-CUBE-TCPP.4.2.0
2026-01-30 17:59:54,098 [WARN] PackLoader:240 - Cannot read IP mode file for RealThread.X-CUBE-RT-Thread_Nano.4.1.1
2026-01-30 17:59:54,121 [WARN] PackLoader:240 - Cannot read IP mode file for STMicroelectronics.FP-ATR-SIGFOX1.3.2.0
2026-01-30 17:59:54,150 [WARN] PackLoader:240 - Cannot read IP mode file for ITTIA_DB.I-CUBE-ITTIADB.8.9.0
2026-01-30 17:59:54,183 [WARN] PackLoader:240 - Cannot read IP mode file for STMicroelectronics.X-CUBE-NFC6.3.2.0
2026-01-30 17:59:54,272 [WARN] PackLoader:240 - Cannot read IP mode file for STMicroelectronics.X-CUBE-MEMS1.9.5.0
2026-01-30 17:59:54,563 [WARN] PackLoader:240 - Cannot read IP mode file for STMicroelectronics.X-CUBE-ST67W61.1.0.0
2026-01-30 17:59:54,602 [WARN] PackLoader:240 - Cannot read IP mode file for STMicroelectronics.X-CUBE-AI.10.2.0
2026-01-30 17:59:54,677 [WARN] PackLoader:240 - Cannot read IP mode file for SEGGER.I-CUBE-embOS.1.3.1
2026-01-30 17:59:54,764 [WARN] PackLoader:240 - Cannot read IP mode file for STMicroelectronics.X-CUBE-ALGOBUILD.1.4.0
2026-01-30 17:59:54,883 [WARN] PackLoader:240 - Cannot read IP mode file for STMicroelectronics.X-CUBE-MEMS1.11.3.0
2026-01-30 17:59:55,089 [WARN] PackLoader:240 - Cannot read IP mode file for STMicroelectronics.X-CUBE-PM33A1.1.0.0
2026-01-30 17:59:55,130 [WARN] PackLoader:240 - Cannot read IP mode file for STMicroelectronics.X-CUBE-GNSS1.6.0.0
2026-01-30 17:59:55,182 [WARN] PackLoader:240 - Cannot read IP mode file for STMicroelectronics.X-CUBE-AZRTOS-F4.1.1.0
2026-01-30 17:59:55,223 [WARN] PackLoader:240 - Cannot read IP mode file for Avnet-IotConnect.X-CUBE-IoTC-DA16k-PMOD.1.0.0
2026-01-30 17:59:55,256 [WARN] PackLoader:240 - Cannot read IP mode file for STMicroelectronics.X-CUBE-ISPU.2.1.0
2026-01-30 17:59:55,298 [WARN] PackLoader:240 - Cannot read IP mode file for STMicroelectronics.X-CUBE-IPS.3.2.0
2026-01-30 17:59:55,332 [WARN] PackLoader:240 - Cannot read IP mode file for STMicroelectronics.X-CUBE-NFC12.1.0.0
2026-01-30 17:59:55,383 [WARN] PackLoader:240 - Cannot read IP mode file for STMicroelectronics.X-CUBE-AZRTOS-L5.2.0.0
2026-01-30 17:59:55,423 [WARN] PackLoader:240 - Cannot read IP mode file for STMicroelectronics.X-CUBE-NFC6.3.1.0
2026-01-30 17:59:55,451 [WARN] PackLoader:240 - Cannot read IP mode file for emotas.I-CUBE-CANOPEN.1.1.3
2026-01-30 17:59:55,484 [WARN] PackLoader:240 - Cannot read IP mode file for wolfSSL.I-CUBE-wolfSSL.5.5.4
2026-01-30 17:59:55,522 [WARN] PackLoader:240 - Cannot read IP mode file for STMicroelectronics.X-CUBE-FREERTOS.1.3.1
2026-01-30 17:59:55,708 [WARN] PackLoader:240 - Cannot read IP mode file for STMicroelectronics.X-CUBE-NFC7.1.0.0
2026-01-30 17:59:55,800 [WARN] PackLoader:240 - Cannot read IP mode file for STMicroelectronics.X-CUBE-TOUCHGFX.4.26.0
2026-01-30 17:59:55,868 [WARN] PackLoader:240 - Cannot read IP mode file for STMicroelectronics.X-CUBE-EEPRMA1.4.1.0
2026-01-30 17:59:55,918 [WARN] PackLoader:240 - Cannot read IP mode file for STMicroelectronics.FP-SNS-STAIOTCFT.1.0.0
2026-01-30 17:59:55,953 [WARN] PackLoader:240 - Cannot read IP mode file for STMicroelectronics.X-CUBE-DPower.1.3.0
2026-01-30 17:59:56,031 [WARN] ConditionMgr:438 - getConditionDescription Invalid condition id : LAN8742 Phy interface Condition cause : null
2026-01-30 17:59:56,031 [WARN] PackLoader:240 - Cannot read IP mode file for STMicroelectronics.X-CUBE-AZRTOS-L4.2.0.0
2026-01-30 17:59:56,032 [WARN] ConditionMgr:1044 - genDependencies : Invalid condition id : LAN8742 Phy interface Condition cause : null
2026-01-30 17:59:56,032 [WARN] ConditionMgr:1044 - genDependencies : Invalid condition id : LAN8742 Phy interface Condition cause : null
2026-01-30 17:59:56,032 [WARN] ConditionMgr:1044 - genDependencies : Invalid condition id : LAN8742 Phy interface Condition cause : null
2026-01-30 17:59:56,074 [WARN] PackLoader:240 - Cannot read IP mode file for STMicroelectronics.X-CUBE-SFXS2LP1.4.0.0
2026-01-30 17:59:56,129 [WARN] PackLoader:240 - Cannot read IP mode file for STMicroelectronics.X-CUBE-AZRTOS-H7.3.0.0
2026-01-30 17:59:56,172 [WARN] PackLoader:240 - Cannot read IP mode file for STMicroelectronics.X-CUBE-ST67W61.1.2.0
2026-01-30 17:59:56,193 [WARN] PackLoader:240 - Cannot read IP mode file for STMicroelectronics.X-CUBE-ISPU.1.1.0
2026-01-30 17:59:56,221 [WARN] PackLoader:240 - Cannot read IP mode file for RoweBots.I-CUBE-UNISONRTOS.5.5.0-4
2026-01-30 17:59:56,251 [WARN] PackLoader:240 - Cannot read IP mode file for STMicroelectronics.X-CUBE-BLEMGR.4.1.0
2026-01-30 17:59:56,281 [WARN] PackLoader:240 - Cannot read IP mode file for STMicroelectronics.X-CUBE-AI.8.0.0
2026-01-30 17:59:56,319 [WARN] ConditionMgr:438 - getConditionDescription Invalid condition id : UX DEVICE CLASS RTOS Condition cause : null
2026-01-30 17:59:56,320 [WARN] ConditionMgr:438 - getConditionDescription Invalid condition id : UX DEVICE CLASS RTOS Condition cause : null
2026-01-30 17:59:56,322 [WARN] PackLoader:240 - Cannot read IP mode file for STMicroelectronics.X-CUBE-AZRTOS-WB.2.0.0
2026-01-30 17:59:56,322 [WARN] ConditionMgr:1044 - genDependencies : Invalid condition id : UX DEVICE CLASS RTOS Condition cause : null
2026-01-30 17:59:56,323 [WARN] ConditionMgr:1044 - genDependencies : Invalid condition id : UX DEVICE CLASS RTOS Condition cause : null
2026-01-30 17:59:56,323 [WARN] ConditionMgr:1044 - genDependencies : Invalid condition id : UX DEVICE CLASS RTOS Condition cause : null
2026-01-30 17:59:56,323 [WARN] ConditionMgr:1044 - genDependencies : Invalid condition id : UX DEVICE CLASS RTOS Condition cause : null
2026-01-30 17:59:56,323 [WARN] ConditionMgr:1044 - genDependencies : Invalid condition id : UX DEVICE CLASS RTOS Condition cause : null
2026-01-30 17:59:56,352 [WARN] PackLoader:240 - Cannot read IP mode file for STMicroelectronics.X-CUBE-GNSS1.7.0.1
2026-01-30 17:59:56,382 [WARN] PackLoader:240 - Cannot read IP mode file for STMicroelectronics.X-CUBE-TOUCHGFX.4.25.0
2026-01-30 17:59:56,405 [WARN] ConditionMgr:438 - getConditionDescription Invalid condition id : Cortex-A Device cause : null
2026-01-30 17:59:56,433 [WARN] ConditionMgr:1044 - genDependencies : Invalid condition id : Cortex-A Device cause : null
2026-01-30 17:59:56,433 [WARN] ConditionMgr:1044 - genDependencies : Invalid condition id : Cortex-A Device cause : null
2026-01-30 17:59:56,433 [WARN] ConditionMgr:1044 - genDependencies : Invalid condition id : Cortex-A Device cause : null
2026-01-30 17:59:56,462 [WARN] PackLoader:240 - Cannot read IP mode file for STMicroelectronics.X-CUBE-STSE01.2.0.0
2026-01-30 17:59:56,498 [WARN] PackLoader:240 - Cannot read IP mode file for STMicroelectronics.X-CUBE-AZRTOS-L5.1.1.0
2026-01-30 17:59:56,530 [WARN] PackLoader:240 - Cannot read IP mode file for STMicroelectronics.X-CUBE-SUBG2.5.0.0
2026-01-30 17:59:56,579 [WARN] PackLoader:240 - Cannot read IP mode file for STMicroelectronics.X-CUBE-AZRTOS-H7RS.1.1.0
2026-01-30 17:59:56,609 [WARN] PackLoader:240 - Cannot read IP mode file for Cesanta.I-CUBE-Mongoose.7.13.0
2026-01-30 17:59:56,653 [WARN] PackLoader:240 - Cannot read IP mode file for STMicroelectronics.X-CUBE-AZRTOS-G4.2.0.0
2026-01-30 17:59:56,688 [WARN] PackLoader:240 - Cannot read IP mode file for STMicroelectronics.FP-ATR-ASTRA1.1.1.1
2026-01-30 17:59:56,718 [WARN] PackLoader:240 - Cannot read IP mode file for wolfSSL.I-CUBE-wolfSSH.1.4.20
2026-01-30 17:59:56,747 [WARN] PackLoader:240 - Cannot read IP mode file for STMicroelectronics.X-CUBE-NFC7.2.0.0
2026-01-30 17:59:56,774 [WARN] PackLoader:240 - Cannot read IP mode file for STMicroelectronics.X-CUBE-AZRTOS-G4.1.0.0
2026-01-30 17:59:56,810 [WARN] PackLoader:240 - Cannot read IP mode file for STMicroelectronics.X-CUBE-AZRTOS-L4.1.0.0
2026-01-30 17:59:56,838 [WARN] PackLoader:240 - Cannot read IP mode file for STMicroelectronics.X-CUBE-IPS.3.1.0
2026-01-30 17:59:56,861 [WARN] PackLoader:240 - Cannot read IP mode file for STMicroelectronics.X-CUBE-ALS.1.0.2
2026-01-30 17:59:56,884 [WARN] PackLoader:240 - Cannot read IP mode file for STMicroelectronics.X-CUBE-AZRTOS-WL.1.0.0
2026-01-30 17:59:56,909 [WARN] PackLoader:240 - Cannot read IP mode file for STMicroelectronics.X-CUBE-STSE01.1.0.0
2026-01-30 17:59:56,932 [WARN] PackLoader:240 - Cannot read IP mode file for portGmbH.I-Cube-SoM-uGOAL.1.1.0
2026-01-30 17:59:56,954 [WARN] PackLoader:240 - Cannot read IP mode file for STMicroelectronics.X-CUBE-ALS.1.0.1
2026-01-30 17:59:56,986 [WARN] PackLoader:240 - Cannot read IP mode file for STMicroelectronics.X-CUBE-AZRTOS-WB.1.1.0
2026-01-30 17:59:57,012 [WARN] PackLoader:240 - Cannot read IP mode file for STMicroelectronics.X-CUBE-TOF1.3.4.3
2026-01-30 17:59:57,021 [INFO] ThirdParty:978 - Integrity check success = true
2026-01-30 17:59:57,021 [INFO] IntegrityCheckThread:100 - exiting critical section [integrity check]
2026-01-30 17:59:57,021 [INFO] IntegrityCheckThread:103 - End integrity checks thread
2026-01-30 19:01:42,780 [INFO] McuFinderGlobals:63 - Set McuFinder mode to 2 (CubeIDE integrated)
2026-01-30 19:01:42,826 [INFO] MainUpdater:2872 - connection check result : 10
2026-01-30 19:01:42,837 [INFO] MainUpdater:2872 - connection check result : 10
2026-01-30 19:01:43,206 [INFO] MicroXplorer:468 - Change Database Path : 
2026-01-30 19:01:43,206 [INFO] MicroXplorer:498 - Change Database Version : DB.6.0.150
2026-01-30 19:01:43,212 [WARN] ThirdParty:871 - waiting for thirdparty lock release [close project]
2026-01-30 19:01:43,212 [INFO] ThirdParty:873 - entering critical section [close project]
2026-01-30 19:01:43,215 [INFO] ThirdParty:883 - exiting critical section [close project]
2026-01-30 19:01:43,217 [INFO] PinOutPanel:1589 - setPackage(No Configuration,No Configuration)
2026-01-30 19:01:43,219 [INFO] UtilMem:75 - Begin LoadConfig() Used Memory: 560818216 Bytes (1073741824)
2026-01-30 19:01:43,221 [INFO] MicroXplorer:468 - Change Database Path : 
2026-01-30 19:01:43,222 [INFO] MicroXplorer:498 - Change Database Version : DB.6.0.150
2026-01-30 19:01:43,222 [INFO] OpenFileManager:355 - Change cursor
2026-01-30 19:01:43,277 [INFO] Mcu:2029 - Initializing MCU STM32G473C(B-C-E)Tx STM32G473CETx STM32G473CET6
2026-01-30 19:01:49,521 [INFO] Context:786 - Trying to add GPIOservice into a context  which must be forbidden
2026-01-30 19:01:51,098 [INFO] ImportTextPane:234 - (OptionalMessage_ERROR) Pin40 (VP_RIF_VS_RIF1) cannot be retrieved for this MCU
2026-01-30 19:01:51,223 [INFO] RtosManager:558 - Registered RTOS mode: class=CMSIS, group=RTOS, mode=CMSIS_V1, owner=FREERTOS
2026-01-30 19:01:51,223 [INFO] RtosManager:558 - Registered RTOS mode: class=CMSIS, group=RTOS2, mode=CMSIS_V2, owner=FREERTOS
2026-01-30 19:01:51,223 [INFO] RtosManager:558 - Registered RTOS mode: class=RTOS, group=Core, mode=CMSIS_V1, owner=FREERTOS
2026-01-30 19:01:51,223 [INFO] RtosManager:558 - Registered RTOS mode: class=RTOS, group=Core, mode=CMSIS_V2, owner=FREERTOS
2026-01-30 19:01:51,223 [WARN] ModelIntegratedComponent:184 - Missing modes for component STMicroelectronics:FreeRTOS:0.0.1:STMicroelectronics:RTOS:FreeRTOS:Core:::10.2.0:
2026-01-30 19:01:51,236 [WARN] ModelIntegratedComponent:63 - No mode defined for component null
2026-01-30 19:01:51,237 [WARN] ModelIntegratedComponent:63 - No mode defined for component null
2026-01-30 19:01:51,237 [WARN] ModelIntegratedComponent:63 - No mode defined for component null
2026-01-30 19:01:51,237 [WARN] ModelIntegratedComponent:63 - No mode defined for component null
2026-01-30 19:01:51,237 [WARN] ModelIntegratedComponent:63 - No mode defined for component null
2026-01-30 19:01:51,237 [WARN] ModelIntegratedComponent:63 - No mode defined for component null
2026-01-30 19:01:51,237 [WARN] ModelIntegratedComponent:63 - No mode defined for component null
2026-01-30 19:01:51,237 [WARN] ModelIntegratedComponent:63 - No mode defined for component null
2026-01-30 19:01:51,237 [WARN] ModelIntegratedComponent:63 - No mode defined for component null
2026-01-30 19:01:51,237 [WARN] ModelIntegratedComponent:63 - No mode defined for component null
2026-01-30 19:01:51,237 [WARN] ModelIntegratedComponent:63 - No mode defined for component null
2026-01-30 19:01:51,237 [WARN] ModelIntegratedComponent:63 - No mode defined for component null
2026-01-30 19:01:51,237 [WARN] ModelIntegratedComponent:63 - No mode defined for component null
2026-01-30 19:01:51,237 [WARN] ModelIntegratedComponent:63 - No mode defined for component null
2026-01-30 19:01:51,237 [WARN] ModelIntegratedComponent:63 - No mode defined for component null
2026-01-30 19:01:51,237 [WARN] ModelIntegratedComponent:63 - No mode defined for component null
2026-01-30 19:01:51,237 [WARN] ModelIntegratedComponent:63 - No mode defined for component null
2026-01-30 19:01:51,237 [WARN] ModelIntegratedComponent:63 - No mode defined for component null
2026-01-30 19:01:51,237 [WARN] ModelIntegratedComponent:63 - No mode defined for component null
2026-01-30 19:01:51,237 [WARN] ModelIntegratedComponent:63 - No mode defined for component null
2026-01-30 19:01:51,238 [WARN] ModelIntegratedComponent:63 - No mode defined for component null
2026-01-30 19:01:51,238 [WARN] ModelIntegratedComponent:63 - No mode defined for component null
2026-01-30 19:01:51,238 [WARN] ModelIntegratedComponent:63 - No mode defined for component null
2026-01-30 19:01:51,238 [WARN] ModelIntegratedComponent:63 - No mode defined for component null
2026-01-30 19:01:51,238 [WARN] ModelIntegratedComponent:63 - No mode defined for component null
2026-01-30 19:01:51,238 [WARN] ModelIntegratedComponent:63 - No mode defined for component null
2026-01-30 19:01:51,238 [WARN] ModelIntegratedComponent:63 - No mode defined for component null
2026-01-30 19:01:51,238 [WARN] ModelIntegratedComponent:63 - No mode defined for component null
2026-01-30 19:01:51,238 [WARN] ModelIntegratedComponent:63 - No mode defined for component null
2026-01-30 19:01:51,238 [WARN] ModelIntegratedComponent:63 - No mode defined for component null
2026-01-30 19:01:51,238 [WARN] ModelIntegratedComponent:63 - No mode defined for component null
2026-01-30 19:01:51,238 [WARN] ModelIntegratedComponent:63 - No mode defined for component null
2026-01-30 19:01:51,238 [WARN] ModelIntegratedComponent:63 - No mode defined for component null
2026-01-30 19:01:51,238 [WARN] ModelIntegratedComponent:63 - No mode defined for component null
2026-01-30 19:01:51,238 [WARN] ModelIntegratedComponent:63 - No mode defined for component null
2026-01-30 19:01:51,239 [WARN] ModelPack:524 - Component already loaded: STMicroelectronics:HAL Drivers:0.0.0:STMicroelectronics:Device:STMicro_Driver:XSPI:HAL::0.0.1:HAL_XSPI
2026-01-30 19:01:51,511 [INFO] ThirdPartyModel:298 - Start build external matchings
2026-01-30 19:01:52,614 [INFO] ThirdPartyModel:316 - End build external matchings
2026-01-30 19:01:52,691 [INFO] ImportTextPane:234 - (OptionalMessage_ERROR) IP (ADC1) : Parameter (CommonPathInternal) has invalid value (null|null|null|null)
2026-01-30 19:01:52,691 [INFO] ImportTextPane:234 - (OptionalMessage_ERROR) IP (DMA) : Parameter (Instance) has Id (I2C2_TX) currently not set
2026-01-30 19:01:52,691 [INFO] ImportTextPane:234 - (OptionalMessage_ERROR) IP (DMA) : Parameter (Request) has Id (I2C2_TX) currently not set
2026-01-30 19:01:52,691 [INFO] ImportTextPane:234 - (OptionalMessage_ERROR) IP (DMA) : Parameter (Direction) has Id (I2C2_TX) currently not set
2026-01-30 19:01:52,693 [INFO] ImportTextPane:234 - (OptionalMessage_ERROR) IP (DMA) : Parameter (PeriphInc) has Id (I2C2_TX) currently not set
2026-01-30 19:01:52,693 [INFO] ImportTextPane:234 - (OptionalMessage_ERROR) IP (DMA) : Parameter (MemInc) has Id (I2C2_TX) currently not set
2026-01-30 19:01:52,693 [INFO] ImportTextPane:234 - (OptionalMessage_ERROR) IP (DMA) : Parameter (PeriphDataAlignment) has Id (I2C2_TX) currently not set
2026-01-30 19:01:52,694 [INFO] ImportTextPane:234 - (OptionalMessage_ERROR) IP (DMA) : Parameter (MemDataAlignment) has Id (I2C2_TX) currently not set
2026-01-30 19:01:52,694 [INFO] ImportTextPane:234 - (OptionalMessage_ERROR) IP (DMA) : Parameter (Mode) has Id (I2C2_TX) currently not set
2026-01-30 19:01:52,694 [INFO] ImportTextPane:234 - (OptionalMessage_ERROR) IP (DMA) : Parameter (Priority) has Id (I2C2_TX) currently not set
2026-01-30 19:01:52,694 [INFO] ImportTextPane:234 - (OptionalMessage_ERROR) IP (DMA) : Parameter (SignalID) has Id (I2C2_TX) currently not set
2026-01-30 19:01:52,694 [INFO] ImportTextPane:234 - (OptionalMessage_ERROR) IP (DMA) : Parameter (Polarity) has Id (I2C2_TX) currently not set
2026-01-30 19:01:52,694 [INFO] ImportTextPane:234 - (OptionalMessage_ERROR) IP (DMA) : Parameter (RequestNumber) has Id (I2C2_TX) currently not set
2026-01-30 19:01:52,694 [INFO] ImportTextPane:234 - (OptionalMessage_ERROR) IP (DMA) : Parameter (SyncSignalID) has Id (I2C2_TX) currently not set
2026-01-30 19:01:52,695 [INFO] ImportTextPane:234 - (OptionalMessage_ERROR) IP (DMA) : Parameter (SyncPolarity) has Id (I2C2_TX) currently not set
2026-01-30 19:01:52,695 [INFO] ImportTextPane:234 - (OptionalMessage_ERROR) IP (DMA) : Parameter (SyncEnable) has Id (I2C2_TX) currently not set
2026-01-30 19:01:52,695 [INFO] ImportTextPane:234 - (OptionalMessage_ERROR) IP (DMA) : Parameter (EventEnable) has Id (I2C2_TX) currently not set
2026-01-30 19:01:52,696 [INFO] ImportTextPane:234 - (OptionalMessage_ERROR) IP (DMA) : Parameter (SyncRequestNumber) has Id (I2C2_TX) currently not set
2026-01-30 19:01:52,696 [INFO] ImportTextPane:234 - (OptionalMessage_ERROR) IP (DMA) : Parameter (Instance) has Id (I2C2_RX) currently not set
2026-01-30 19:01:52,697 [INFO] ImportTextPane:234 - (OptionalMessage_ERROR) IP (DMA) : Parameter (Request) has Id (I2C2_RX) currently not set
2026-01-30 19:01:52,697 [INFO] ImportTextPane:234 - (OptionalMessage_ERROR) IP (DMA) : Parameter (Direction) has Id (I2C2_RX) currently not set
2026-01-30 19:01:52,697 [INFO] ImportTextPane:234 - (OptionalMessage_ERROR) IP (DMA) : Parameter (PeriphInc) has Id (I2C2_RX) currently not set
2026-01-30 19:01:52,697 [INFO] ImportTextPane:234 - (OptionalMessage_ERROR) IP (DMA) : Parameter (MemInc) has Id (I2C2_RX) currently not set
2026-01-30 19:01:52,697 [INFO] ImportTextPane:234 - (OptionalMessage_ERROR) IP (DMA) : Parameter (PeriphDataAlignment) has Id (I2C2_RX) currently not set
2026-01-30 19:01:52,697 [INFO] ImportTextPane:234 - (OptionalMessage_ERROR) IP (DMA) : Parameter (MemDataAlignment) has Id (I2C2_RX) currently not set
2026-01-30 19:01:52,697 [INFO] ImportTextPane:234 - (OptionalMessage_ERROR) IP (DMA) : Parameter (Mode) has Id (I2C2_RX) currently not set
2026-01-30 19:01:52,697 [INFO] ImportTextPane:234 - (OptionalMessage_ERROR) IP (DMA) : Parameter (Priority) has Id (I2C2_RX) currently not set
2026-01-30 19:01:52,697 [INFO] ImportTextPane:234 - (OptionalMessage_ERROR) IP (DMA) : Parameter (SignalID) has Id (I2C2_RX) currently not set
2026-01-30 19:01:52,697 [INFO] ImportTextPane:234 - (OptionalMessage_ERROR) IP (DMA) : Parameter (Polarity) has Id (I2C2_RX) currently not set
2026-01-30 19:01:52,697 [INFO] ImportTextPane:234 - (OptionalMessage_ERROR) IP (DMA) : Parameter (RequestNumber) has Id (I2C2_RX) currently not set
2026-01-30 19:01:52,697 [INFO] ImportTextPane:234 - (OptionalMessage_ERROR) IP (DMA) : Parameter (SyncSignalID) has Id (I2C2_RX) currently not set
2026-01-30 19:01:52,697 [INFO] ImportTextPane:234 - (OptionalMessage_ERROR) IP (DMA) : Parameter (SyncPolarity) has Id (I2C2_RX) currently not set
2026-01-30 19:01:52,697 [INFO] ImportTextPane:234 - (OptionalMessage_ERROR) IP (DMA) : Parameter (SyncEnable) has Id (I2C2_RX) currently not set
2026-01-30 19:01:52,697 [INFO] ImportTextPane:234 - (OptionalMessage_ERROR) IP (DMA) : Parameter (EventEnable) has Id (I2C2_RX) currently not set
2026-01-30 19:01:52,697 [INFO] ImportTextPane:234 - (OptionalMessage_ERROR) IP (DMA) : Parameter (SyncRequestNumber) has Id (I2C2_RX) currently not set
2026-01-30 19:01:52,697 [INFO] ImportTextPane:234 - (OptionalMessage_ERROR) IP (DMA) : Parameter (Instance) has Id (SPI1_RX) currently not set
2026-01-30 19:01:52,697 [INFO] ImportTextPane:234 - (OptionalMessage_ERROR) IP (DMA) : Parameter (Request) has Id (SPI1_RX) currently not set
2026-01-30 19:01:52,699 [INFO] ImportTextPane:234 - (OptionalMessage_ERROR) IP (DMA) : Parameter (Direction) has Id (SPI1_RX) currently not set
2026-01-30 19:01:52,699 [INFO] ImportTextPane:234 - (OptionalMessage_ERROR) IP (DMA) : Parameter (PeriphInc) has Id (SPI1_RX) currently not set
2026-01-30 19:01:52,699 [INFO] ImportTextPane:234 - (OptionalMessage_ERROR) IP (DMA) : Parameter (MemInc) has Id (SPI1_RX) currently not set
2026-01-30 19:01:52,699 [INFO] ImportTextPane:234 - (OptionalMessage_ERROR) IP (DMA) : Parameter (PeriphDataAlignment) has Id (SPI1_RX) currently not set
2026-01-30 19:01:52,699 [INFO] ImportTextPane:234 - (OptionalMessage_ERROR) IP (DMA) : Parameter (MemDataAlignment) has Id (SPI1_RX) currently not set
2026-01-30 19:01:52,699 [INFO] ImportTextPane:234 - (OptionalMessage_ERROR) IP (DMA) : Parameter (Mode) has Id (SPI1_RX) currently not set
2026-01-30 19:01:52,699 [INFO] ImportTextPane:234 - (OptionalMessage_ERROR) IP (DMA) : Parameter (Priority) has Id (SPI1_RX) currently not set
2026-01-30 19:01:52,699 [INFO] ImportTextPane:234 - (OptionalMessage_ERROR) IP (DMA) : Parameter (SignalID) has Id (SPI1_RX) currently not set
2026-01-30 19:01:52,699 [INFO] ImportTextPane:234 - (OptionalMessage_ERROR) IP (DMA) : Parameter (Polarity) has Id (SPI1_RX) currently not set
2026-01-30 19:01:52,699 [INFO] ImportTextPane:234 - (OptionalMessage_ERROR) IP (DMA) : Parameter (RequestNumber) has Id (SPI1_RX) currently not set
2026-01-30 19:01:52,699 [INFO] ImportTextPane:234 - (OptionalMessage_ERROR) IP (DMA) : Parameter (SyncSignalID) has Id (SPI1_RX) currently not set
2026-01-30 19:01:52,699 [INFO] ImportTextPane:234 - (OptionalMessage_ERROR) IP (DMA) : Parameter (SyncPolarity) has Id (SPI1_RX) currently not set
2026-01-30 19:01:52,699 [INFO] ImportTextPane:234 - (OptionalMessage_ERROR) IP (DMA) : Parameter (SyncEnable) has Id (SPI1_RX) currently not set
2026-01-30 19:01:52,699 [INFO] ImportTextPane:234 - (OptionalMessage_ERROR) IP (DMA) : Parameter (EventEnable) has Id (SPI1_RX) currently not set
2026-01-30 19:01:52,699 [INFO] ImportTextPane:234 - (OptionalMessage_ERROR) IP (DMA) : Parameter (SyncRequestNumber) has Id (SPI1_RX) currently not set
2026-01-30 19:01:52,699 [INFO] ImportTextPane:234 - (OptionalMessage_ERROR) IP (DMA) : Parameter (Instance) has Id (SPI1_TX) currently not set
2026-01-30 19:01:52,699 [INFO] ImportTextPane:234 - (OptionalMessage_ERROR) IP (DMA) : Parameter (Request) has Id (SPI1_TX) currently not set
2026-01-30 19:01:52,699 [INFO] ImportTextPane:234 - (OptionalMessage_ERROR) IP (DMA) : Parameter (Direction) has Id (SPI1_TX) currently not set
2026-01-30 19:01:52,699 [INFO] ImportTextPane:234 - (OptionalMessage_ERROR) IP (DMA) : Parameter (PeriphInc) has Id (SPI1_TX) currently not set
2026-01-30 19:01:52,700 [INFO] ImportTextPane:234 - (OptionalMessage_ERROR) IP (DMA) : Parameter (MemInc) has Id (SPI1_TX) currently not set
2026-01-30 19:01:52,700 [INFO] ImportTextPane:234 - (OptionalMessage_ERROR) IP (DMA) : Parameter (PeriphDataAlignment) has Id (SPI1_TX) currently not set
2026-01-30 19:01:52,700 [INFO] ImportTextPane:234 - (OptionalMessage_ERROR) IP (DMA) : Parameter (MemDataAlignment) has Id (SPI1_TX) currently not set
2026-01-30 19:01:52,700 [INFO] ImportTextPane:234 - (OptionalMessage_ERROR) IP (DMA) : Parameter (Mode) has Id (SPI1_TX) currently not set
2026-01-30 19:01:52,700 [INFO] ImportTextPane:234 - (OptionalMessage_ERROR) IP (DMA) : Parameter (Priority) has Id (SPI1_TX) currently not set
2026-01-30 19:01:52,700 [INFO] ImportTextPane:234 - (OptionalMessage_ERROR) IP (DMA) : Parameter (SignalID) has Id (SPI1_TX) currently not set
2026-01-30 19:01:52,700 [INFO] ImportTextPane:234 - (OptionalMessage_ERROR) IP (DMA) : Parameter (Polarity) has Id (SPI1_TX) currently not set
2026-01-30 19:01:52,700 [INFO] ImportTextPane:234 - (OptionalMessage_ERROR) IP (DMA) : Parameter (RequestNumber) has Id (SPI1_TX) currently not set
2026-01-30 19:01:52,700 [INFO] ImportTextPane:234 - (OptionalMessage_ERROR) IP (DMA) : Parameter (SyncSignalID) has Id (SPI1_TX) currently not set
2026-01-30 19:01:52,700 [INFO] ImportTextPane:234 - (OptionalMessage_ERROR) IP (DMA) : Parameter (SyncPolarity) has Id (SPI1_TX) currently not set
2026-01-30 19:01:52,700 [INFO] ImportTextPane:234 - (OptionalMessage_ERROR) IP (DMA) : Parameter (SyncEnable) has Id (SPI1_TX) currently not set
2026-01-30 19:01:52,700 [INFO] ImportTextPane:234 - (OptionalMessage_ERROR) IP (DMA) : Parameter (EventEnable) has Id (SPI1_TX) currently not set
2026-01-30 19:01:52,700 [INFO] ImportTextPane:234 - (OptionalMessage_ERROR) IP (DMA) : Parameter (SyncRequestNumber) has Id (SPI1_TX) currently not set
2026-01-30 19:01:52,700 [INFO] ImportTextPane:234 - (OptionalMessage_ERROR) IP (DMA) : Parameter (Instance) has Id (SPI2_RX) currently not set
2026-01-30 19:01:52,701 [INFO] ImportTextPane:234 - (OptionalMessage_ERROR) IP (DMA) : Parameter (Request) has Id (SPI2_RX) currently not set
2026-01-30 19:01:52,701 [INFO] ImportTextPane:234 - (OptionalMessage_ERROR) IP (DMA) : Parameter (Direction) has Id (SPI2_RX) currently not set
2026-01-30 19:01:52,701 [INFO] ImportTextPane:234 - (OptionalMessage_ERROR) IP (DMA) : Parameter (PeriphInc) has Id (SPI2_RX) currently not set
2026-01-30 19:01:52,701 [INFO] ImportTextPane:234 - (OptionalMessage_ERROR) IP (DMA) : Parameter (MemInc) has Id (SPI2_RX) currently not set
2026-01-30 19:01:52,701 [INFO] ImportTextPane:234 - (OptionalMessage_ERROR) IP (DMA) : Parameter (PeriphDataAlignment) has Id (SPI2_RX) currently not set
2026-01-30 19:01:52,701 [INFO] ImportTextPane:234 - (OptionalMessage_ERROR) IP (DMA) : Parameter (MemDataAlignment) has Id (SPI2_RX) currently not set
2026-01-30 19:01:52,701 [INFO] ImportTextPane:234 - (OptionalMessage_ERROR) IP (DMA) : Parameter (Mode) has Id (SPI2_RX) currently not set
2026-01-30 19:01:52,701 [INFO] ImportTextPane:234 - (OptionalMessage_ERROR) IP (DMA) : Parameter (Priority) has Id (SPI2_RX) currently not set
2026-01-30 19:01:52,701 [INFO] ImportTextPane:234 - (OptionalMessage_ERROR) IP (DMA) : Parameter (SignalID) has Id (SPI2_RX) currently not set
2026-01-30 19:01:52,701 [INFO] ImportTextPane:234 - (OptionalMessage_ERROR) IP (DMA) : Parameter (Polarity) has Id (SPI2_RX) currently not set
2026-01-30 19:01:52,701 [INFO] ImportTextPane:234 - (OptionalMessage_ERROR) IP (DMA) : Parameter (RequestNumber) has Id (SPI2_RX) currently not set
2026-01-30 19:01:52,701 [INFO] ImportTextPane:234 - (OptionalMessage_ERROR) IP (DMA) : Parameter (SyncSignalID) has Id (SPI2_RX) currently not set
2026-01-30 19:01:52,701 [INFO] ImportTextPane:234 - (OptionalMessage_ERROR) IP (DMA) : Parameter (SyncPolarity) has Id (SPI2_RX) currently not set
2026-01-30 19:01:52,702 [INFO] ImportTextPane:234 - (OptionalMessage_ERROR) IP (DMA) : Parameter (SyncEnable) has Id (SPI2_RX) currently not set
2026-01-30 19:01:52,702 [INFO] ImportTextPane:234 - (OptionalMessage_ERROR) IP (DMA) : Parameter (EventEnable) has Id (SPI2_RX) currently not set
2026-01-30 19:01:52,702 [INFO] ImportTextPane:234 - (OptionalMessage_ERROR) IP (DMA) : Parameter (SyncRequestNumber) has Id (SPI2_RX) currently not set
2026-01-30 19:01:52,702 [INFO] ImportTextPane:234 - (OptionalMessage_ERROR) IP (DMA) : Parameter (Instance) has Id (SPI2_TX) currently not set
2026-01-30 19:01:52,702 [INFO] ImportTextPane:234 - (OptionalMessage_ERROR) IP (DMA) : Parameter (Request) has Id (SPI2_TX) currently not set
2026-01-30 19:01:52,702 [INFO] ImportTextPane:234 - (OptionalMessage_ERROR) IP (DMA) : Parameter (Direction) has Id (SPI2_TX) currently not set
2026-01-30 19:01:52,702 [INFO] ImportTextPane:234 - (OptionalMessage_ERROR) IP (DMA) : Parameter (PeriphInc) has Id (SPI2_TX) currently not set
2026-01-30 19:01:52,702 [INFO] ImportTextPane:234 - (OptionalMessage_ERROR) IP (DMA) : Parameter (MemInc) has Id (SPI2_TX) currently not set
2026-01-30 19:01:52,702 [INFO] ImportTextPane:234 - (OptionalMessage_ERROR) IP (DMA) : Parameter (PeriphDataAlignment) has Id (SPI2_TX) currently not set
2026-01-30 19:01:52,702 [INFO] ImportTextPane:234 - (OptionalMessage_ERROR) IP (DMA) : Parameter (MemDataAlignment) has Id (SPI2_TX) currently not set
2026-01-30 19:01:52,702 [INFO] ImportTextPane:234 - (OptionalMessage_ERROR) IP (DMA) : Parameter (Mode) has Id (SPI2_TX) currently not set
2026-01-30 19:01:52,702 [INFO] ImportTextPane:234 - (OptionalMessage_ERROR) IP (DMA) : Parameter (Priority) has Id (SPI2_TX) currently not set
2026-01-30 19:01:52,702 [INFO] ImportTextPane:234 - (OptionalMessage_ERROR) IP (DMA) : Parameter (SignalID) has Id (SPI2_TX) currently not set
2026-01-30 19:01:52,702 [INFO] ImportTextPane:234 - (OptionalMessage_ERROR) IP (DMA) : Parameter (Polarity) has Id (SPI2_TX) currently not set
2026-01-30 19:01:52,702 [INFO] ImportTextPane:234 - (OptionalMessage_ERROR) IP (DMA) : Parameter (RequestNumber) has Id (SPI2_TX) currently not set
2026-01-30 19:01:52,703 [INFO] ImportTextPane:234 - (OptionalMessage_ERROR) IP (DMA) : Parameter (SyncSignalID) has Id (SPI2_TX) currently not set
2026-01-30 19:01:52,703 [INFO] ImportTextPane:234 - (OptionalMessage_ERROR) IP (DMA) : Parameter (SyncPolarity) has Id (SPI2_TX) currently not set
2026-01-30 19:01:52,703 [INFO] ImportTextPane:234 - (OptionalMessage_ERROR) IP (DMA) : Parameter (SyncEnable) has Id (SPI2_TX) currently not set
2026-01-30 19:01:52,703 [INFO] ImportTextPane:234 - (OptionalMessage_ERROR) IP (DMA) : Parameter (EventEnable) has Id (SPI2_TX) currently not set
2026-01-30 19:01:52,703 [INFO] ImportTextPane:234 - (OptionalMessage_ERROR) IP (DMA) : Parameter (SyncRequestNumber) has Id (SPI2_TX) currently not set
2026-01-30 19:01:52,703 [INFO] ImportTextPane:234 - (OptionalMessage_ERROR) IP (DMA) : Parameter (Instance) has Id (USART1_RX) currently not set
2026-01-30 19:01:52,703 [INFO] ImportTextPane:234 - (OptionalMessage_ERROR) IP (DMA) : Parameter (Request) has Id (USART1_RX) currently not set
2026-01-30 19:01:52,703 [INFO] ImportTextPane:234 - (OptionalMessage_ERROR) IP (DMA) : Parameter (Direction) has Id (USART1_RX) currently not set
2026-01-30 19:01:52,703 [INFO] ImportTextPane:234 - (OptionalMessage_ERROR) IP (DMA) : Parameter (PeriphInc) has Id (USART1_RX) currently not set
2026-01-30 19:01:52,703 [INFO] ImportTextPane:234 - (OptionalMessage_ERROR) IP (DMA) : Parameter (MemInc) has Id (USART1_RX) currently not set
2026-01-30 19:01:52,703 [INFO] ImportTextPane:234 - (OptionalMessage_ERROR) IP (DMA) : Parameter (PeriphDataAlignment) has Id (USART1_RX) currently not set
2026-01-30 19:01:52,703 [INFO] ImportTextPane:234 - (OptionalMessage_ERROR) IP (DMA) : Parameter (MemDataAlignment) has Id (USART1_RX) currently not set
2026-01-30 19:01:52,703 [INFO] ImportTextPane:234 - (OptionalMessage_ERROR) IP (DMA) : Parameter (Mode) has Id (USART1_RX) currently not set
2026-01-30 19:01:52,703 [INFO] ImportTextPane:234 - (OptionalMessage_ERROR) IP (DMA) : Parameter (Priority) has Id (USART1_RX) currently not set
2026-01-30 19:01:52,703 [INFO] ImportTextPane:234 - (OptionalMessage_ERROR) IP (DMA) : Parameter (SignalID) has Id (USART1_RX) currently not set
2026-01-30 19:01:52,703 [INFO] ImportTextPane:234 - (OptionalMessage_ERROR) IP (DMA) : Parameter (Polarity) has Id (USART1_RX) currently not set
2026-01-30 19:01:52,703 [INFO] ImportTextPane:234 - (OptionalMessage_ERROR) IP (DMA) : Parameter (RequestNumber) has Id (USART1_RX) currently not set
2026-01-30 19:01:52,703 [INFO] ImportTextPane:234 - (OptionalMessage_ERROR) IP (DMA) : Parameter (SyncSignalID) has Id (USART1_RX) currently not set
2026-01-30 19:01:52,703 [INFO] ImportTextPane:234 - (OptionalMessage_ERROR) IP (DMA) : Parameter (SyncPolarity) has Id (USART1_RX) currently not set
2026-01-30 19:01:52,703 [INFO] ImportTextPane:234 - (OptionalMessage_ERROR) IP (DMA) : Parameter (SyncEnable) has Id (USART1_RX) currently not set
2026-01-30 19:01:52,703 [INFO] ImportTextPane:234 - (OptionalMessage_ERROR) IP (DMA) : Parameter (EventEnable) has Id (USART1_RX) currently not set
2026-01-30 19:01:52,704 [INFO] ImportTextPane:234 - (OptionalMessage_ERROR) IP (DMA) : Parameter (SyncRequestNumber) has Id (USART1_RX) currently not set
2026-01-30 19:01:52,704 [INFO] ImportTextPane:234 - (OptionalMessage_ERROR) IP (DMA) : Parameter (Instance) has Id (USART1_TX) currently not set
2026-01-30 19:01:52,704 [INFO] ImportTextPane:234 - (OptionalMessage_ERROR) IP (DMA) : Parameter (Request) has Id (USART1_TX) currently not set
2026-01-30 19:01:52,704 [INFO] ImportTextPane:234 - (OptionalMessage_ERROR) IP (DMA) : Parameter (Direction) has Id (USART1_TX) currently not set
2026-01-30 19:01:52,704 [INFO] ImportTextPane:234 - (OptionalMessage_ERROR) IP (DMA) : Parameter (PeriphInc) has Id (USART1_TX) currently not set
2026-01-30 19:01:52,704 [INFO] ImportTextPane:234 - (OptionalMessage_ERROR) IP (DMA) : Parameter (MemInc) has Id (USART1_TX) currently not set
2026-01-30 19:01:52,704 [INFO] ImportTextPane:234 - (OptionalMessage_ERROR) IP (DMA) : Parameter (PeriphDataAlignment) has Id (USART1_TX) currently not set
2026-01-30 19:01:52,704 [INFO] ImportTextPane:234 - (OptionalMessage_ERROR) IP (DMA) : Parameter (MemDataAlignment) has Id (USART1_TX) currently not set
2026-01-30 19:01:52,704 [INFO] ImportTextPane:234 - (OptionalMessage_ERROR) IP (DMA) : Parameter (Mode) has Id (USART1_TX) currently not set
2026-01-30 19:01:52,704 [INFO] ImportTextPane:234 - (OptionalMessage_ERROR) IP (DMA) : Parameter (Priority) has Id (USART1_TX) currently not set
2026-01-30 19:01:52,706 [INFO] ImportTextPane:234 - (OptionalMessage_ERROR) IP (DMA) : Parameter (SignalID) has Id (USART1_TX) currently not set
2026-01-30 19:01:52,706 [INFO] ImportTextPane:234 - (OptionalMessage_ERROR) IP (DMA) : Parameter (Polarity) has Id (USART1_TX) currently not set
2026-01-30 19:01:52,706 [INFO] ImportTextPane:234 - (OptionalMessage_ERROR) IP (DMA) : Parameter (RequestNumber) has Id (USART1_TX) currently not set
2026-01-30 19:01:52,706 [INFO] ImportTextPane:234 - (OptionalMessage_ERROR) IP (DMA) : Parameter (SyncSignalID) has Id (USART1_TX) currently not set
2026-01-30 19:01:52,706 [INFO] ImportTextPane:234 - (OptionalMessage_ERROR) IP (DMA) : Parameter (SyncPolarity) has Id (USART1_TX) currently not set
2026-01-30 19:01:52,706 [INFO] ImportTextPane:234 - (OptionalMessage_ERROR) IP (DMA) : Parameter (SyncEnable) has Id (USART1_TX) currently not set
2026-01-30 19:01:52,706 [INFO] ImportTextPane:234 - (OptionalMessage_ERROR) IP (DMA) : Parameter (EventEnable) has Id (USART1_TX) currently not set
2026-01-30 19:01:52,706 [INFO] ImportTextPane:234 - (OptionalMessage_ERROR) IP (DMA) : Parameter (SyncRequestNumber) has Id (USART1_TX) currently not set
2026-01-30 19:01:52,706 [INFO] ImportTextPane:234 - (OptionalMessage_ERROR) IP (DMA) : Parameter (Instance) has Id (USART2_RX) currently not set
2026-01-30 19:01:52,706 [INFO] ImportTextPane:234 - (OptionalMessage_ERROR) IP (DMA) : Parameter (Request) has Id (USART2_RX) currently not set
2026-01-30 19:01:52,706 [INFO] ImportTextPane:234 - (OptionalMessage_ERROR) IP (DMA) : Parameter (Direction) has Id (USART2_RX) currently not set
2026-01-30 19:01:52,706 [INFO] ImportTextPane:234 - (OptionalMessage_ERROR) IP (DMA) : Parameter (PeriphInc) has Id (USART2_RX) currently not set
2026-01-30 19:01:52,706 [INFO] ImportTextPane:234 - (OptionalMessage_ERROR) IP (DMA) : Parameter (MemInc) has Id (USART2_RX) currently not set
2026-01-30 19:01:52,706 [INFO] ImportTextPane:234 - (OptionalMessage_ERROR) IP (DMA) : Parameter (PeriphDataAlignment) has Id (USART2_RX) currently not set
2026-01-30 19:01:52,706 [INFO] ImportTextPane:234 - (OptionalMessage_ERROR) IP (DMA) : Parameter (MemDataAlignment) has Id (USART2_RX) currently not set
2026-01-30 19:01:52,706 [INFO] ImportTextPane:234 - (OptionalMessage_ERROR) IP (DMA) : Parameter (Mode) has Id (USART2_RX) currently not set
2026-01-30 19:01:52,706 [INFO] ImportTextPane:234 - (OptionalMessage_ERROR) IP (DMA) : Parameter (Priority) has Id (USART2_RX) currently not set
2026-01-30 19:01:52,706 [INFO] ImportTextPane:234 - (OptionalMessage_ERROR) IP (DMA) : Parameter (SignalID) has Id (USART2_RX) currently not set
2026-01-30 19:01:52,706 [INFO] ImportTextPane:234 - (OptionalMessage_ERROR) IP (DMA) : Parameter (Polarity) has Id (USART2_RX) currently not set
2026-01-30 19:01:52,706 [INFO] ImportTextPane:234 - (OptionalMessage_ERROR) IP (DMA) : Parameter (RequestNumber) has Id (USART2_RX) currently not set
2026-01-30 19:01:52,706 [INFO] ImportTextPane:234 - (OptionalMessage_ERROR) IP (DMA) : Parameter (SyncSignalID) has Id (USART2_RX) currently not set
2026-01-30 19:01:52,706 [INFO] ImportTextPane:234 - (OptionalMessage_ERROR) IP (DMA) : Parameter (SyncPolarity) has Id (USART2_RX) currently not set
2026-01-30 19:01:52,706 [INFO] ImportTextPane:234 - (OptionalMessage_ERROR) IP (DMA) : Parameter (SyncEnable) has Id (USART2_RX) currently not set
2026-01-30 19:01:52,706 [INFO] ImportTextPane:234 - (OptionalMessage_ERROR) IP (DMA) : Parameter (EventEnable) has Id (USART2_RX) currently not set
2026-01-30 19:01:52,706 [INFO] ImportTextPane:234 - (OptionalMessage_ERROR) IP (DMA) : Parameter (SyncRequestNumber) has Id (USART2_RX) currently not set
2026-01-30 19:01:52,708 [INFO] ImportTextPane:234 - (OptionalMessage_ERROR) IP (DMA) : Parameter (Instance) has Id (USART2_TX) currently not set
2026-01-30 19:01:52,708 [INFO] ImportTextPane:234 - (OptionalMessage_ERROR) IP (DMA) : Parameter (Request) has Id (USART2_TX) currently not set
2026-01-30 19:01:52,708 [INFO] ImportTextPane:234 - (OptionalMessage_ERROR) IP (DMA) : Parameter (Direction) has Id (USART2_TX) currently not set
2026-01-30 19:01:52,708 [INFO] ImportTextPane:234 - (OptionalMessage_ERROR) IP (DMA) : Parameter (PeriphInc) has Id (USART2_TX) currently not set
2026-01-30 19:01:52,708 [INFO] ImportTextPane:234 - (OptionalMessage_ERROR) IP (DMA) : Parameter (MemInc) has Id (USART2_TX) currently not set
2026-01-30 19:01:52,708 [INFO] ImportTextPane:234 - (OptionalMessage_ERROR) IP (DMA) : Parameter (PeriphDataAlignment) has Id (USART2_TX) currently not set
2026-01-30 19:01:52,708 [INFO] ImportTextPane:234 - (OptionalMessage_ERROR) IP (DMA) : Parameter (MemDataAlignment) has Id (USART2_TX) currently not set
2026-01-30 19:01:52,708 [INFO] ImportTextPane:234 - (OptionalMessage_ERROR) IP (DMA) : Parameter (Mode) has Id (USART2_TX) currently not set
2026-01-30 19:01:52,708 [INFO] ImportTextPane:234 - (OptionalMessage_ERROR) IP (DMA) : Parameter (Priority) has Id (USART2_TX) currently not set
2026-01-30 19:01:52,708 [INFO] ImportTextPane:234 - (OptionalMessage_ERROR) IP (DMA) : Parameter (SignalID) has Id (USART2_TX) currently not set
2026-01-30 19:01:52,708 [INFO] ImportTextPane:234 - (OptionalMessage_ERROR) IP (DMA) : Parameter (Polarity) has Id (USART2_TX) currently not set
2026-01-30 19:01:52,708 [INFO] ImportTextPane:234 - (OptionalMessage_ERROR) IP (DMA) : Parameter (RequestNumber) has Id (USART2_TX) currently not set
2026-01-30 19:01:52,708 [INFO] ImportTextPane:234 - (OptionalMessage_ERROR) IP (DMA) : Parameter (SyncSignalID) has Id (USART2_TX) currently not set
2026-01-30 19:01:52,708 [INFO] ImportTextPane:234 - (OptionalMessage_ERROR) IP (DMA) : Parameter (SyncPolarity) has Id (USART2_TX) currently not set
2026-01-30 19:01:52,708 [INFO] ImportTextPane:234 - (OptionalMessage_ERROR) IP (DMA) : Parameter (SyncEnable) has Id (USART2_TX) currently not set
2026-01-30 19:01:52,708 [INFO] ImportTextPane:234 - (OptionalMessage_ERROR) IP (DMA) : Parameter (EventEnable) has Id (USART2_TX) currently not set
2026-01-30 19:01:52,709 [INFO] ImportTextPane:234 - (OptionalMessage_ERROR) IP (DMA) : Parameter (SyncRequestNumber) has Id (USART2_TX) currently not set
2026-01-30 19:01:53,403 [INFO] ApiDb:581 - Connected to CubeFinder SQLite database (C:\Users\kujon\.stmcufinder\plugins\mcufinder\mcu\cube-finder-db.db)
2026-01-30 19:01:53,510 [INFO] ApiDb:668 - CubeFinder database Data Model version=2.1
2026-01-30 19:01:53,510 [INFO] ApiDb:669 - CubeFinder database Configuration version=3.0.39
2026-01-30 19:01:53,513 [INFO] ApiDb:670 - CubeFinder database generation date=2025-08-25 (1756130511)
2026-01-30 19:01:53,513 [INFO] ApiDb:671 - CubeFinder database FW Pack versions=[FP-ATR-ASTRA1_V2.0.0, FP-SNS-FLIGHT1_V5.1.0, FP-SNS-MOTENV1_V5.0.0, FP-SNS-MOTENVWB1_V1.4.0, FP-SNS-SMARTAG2_V1.2.0, FP-SNS-STBOX1_V2.1.0, STM32Cube_FW_C0_V1.4.0, STM32Cube_FW_F4_V1.28.3, STM32Cube_FW_F7_V1.17.4, STM32Cube_FW_G0_V1.6.2, STM32Cube_FW_G4_V1.6.1, STM32Cube_FW_H5_V1.5.0, STM32Cube_FW_H7RS_V1.2.0, STM32Cube_FW_H7_V1.12.1, STM32Cube_FW_L0_V1.12.2, STM32Cube_FW_L4_V1.18.1, STM32Cube_FW_L5_V1.5.1, STM32Cube_FW_N6_V1.2.0, STM32Cube_FW_U0_V1.3.0, STM32Cube_FW_U3_V1.2.0, STM32Cube_FW_U5_V1.8.0, STM32Cube_FW_WB0_V1.3.0, STM32Cube_FW_WBA_V1.7.0, STM32Cube_FW_WB_V1.23.0, STM32Cube_FW_WL3_V1.2.0, STM32Cube_FW_WL_V1.3.1, X-CUBE-ALGOBUILD_V1.4.0, X-CUBE-ALS_V1.0.2, X-CUBE-AZRTOS-F4_V1.1.0, X-CUBE-AZRTOS-F7_V1.1.0, X-CUBE-AZRTOS-G0_V1.1.0, X-CUBE-AZRTOS-G4_V2.0.0, X-CUBE-AZRTOS-H7RS_V1.1.0, X-CUBE-AZRTOS-H7_V3.4.0, X-CUBE-AZRTOS-L4_V2.0.0, X-CUBE-AZRTOS-L5_V2.0.0, X-CUBE-AZRTOS-WB_V2.0.0, X-CUBE-AZRTOS-WL_V2.0.0, X-CUBE-BLE1_V7.1.0, X-CUBE-BLE2_V3.3.0, X-CUBE-BLEMGR_V4.1.0, X-CUBE-EEPRMA1_V5.2.0, X-CUBE-FREERTOS_V1.3.1, X-CUBE-GNSS1_V6.0.0, X-CUBE-MEMS1_V11.3.0, X-CUBE-NFC4_V3.0.0, X-CUBE-NFC7_V2.0.0, X-CUBE-SFXS2LP1_V4.0.0, X-CUBE-ST67W61_V1.0.0, X-CUBE-SUBG2_V5.0.0, X-CUBE-TOF1_V3.4.3]
2026-01-30 19:01:53,669 [INFO] DbBoardsSqlite:226 - include board P-NUCLEO-WB55-NUCLEO as a kit item of type 'Nucleo-64'
2026-01-30 19:01:53,670 [INFO] DbBoardsSqlite:226 - include board P-NUCLEO-WB55-USBDONGLE as a kit item of type 'Nucleo USB Dongle'
2026-01-30 19:01:53,671 [INFO] DbBoardsSqlite:226 - include board STEVAL-IDP005V1 as a kit item of type 'Evaluation Board'
2026-01-30 19:01:53,671 [INFO] DbBoardsSqlite:226 - include board STEVAL-IDP005V2 as a kit item of type 'Evaluation Board'
2026-01-30 19:01:54,173 [INFO] ApiDb:240 - Found 880 in-development CPN: [B-G473E-ZEST1S, B-WB1M-WPAN1, B-WBA5M-WPAN, B-WL5M-SUBG1, NUCLEO-C031C6, NUCLEO-C051C8, NUCLEO-C071RB, NUCLEO-C092RC, NUCLEO-H503RB, NUCLEO-H533RE, NUCLEO-H563ZI, NUCLEO-H7S3L8, NUCLEO-N657X0-Q, NUCLEO-U031R8, NUCLEO-U083RC, NUCLEO-U385RG-Q, NUCLEO-U545RE-Q, NUCLEO-U5A5ZJ-Q, NUCLEO-WB05KZ, NUCLEO-WB07CC, NUCLEO-WB09KE, NUCLEO-WBA52CG, NUCLEO-WBA55CG, NUCLEO-WL33CC1, NUCLEO-WL33CC2, STEVAL-PROTEUS1, STEVAL-SMARTAG2, STEVAL-STWINBX1, STM320518-EVAL, STM32C0116-DK, STM32C011D6Y3TR, STM32C011D6Y6TR, STM32C011F4P3, STM32C011F4P6, STM32C011F4U3, STM32C011F4U6TR, STM32C011F6P3, STM32C011F6P6, STM32C011F6U3, STM32C011F6U6TR, STM32C011J4M3, STM32C011J4M6, STM32C011J6M3, STM32C011J6M6, STM32C0316-DK, STM32C031C4T3, STM32C031C4T6, STM32C031C4U3, STM32C031C4U6, STM32C031C6T3, STM32C031C6T6, STM32C031C6U3, STM32C031C6U6, STM32C031F4P3, STM32C031F4P6, STM32C031F6P3, STM32C031F6P6, STM32C031G4U3, STM32C031G4U6, STM32C031G6U3, STM32C031G6U6, STM32C031K4T3, STM32C031K4T6, STM32C031K4U3, STM32C031K4U6, STM32C031K6T3, STM32C031K6T6, STM32C031K6U3, STM32C031K6U6, STM32C051C6T6, STM32C051C6U6, STM32C051C8T6, STM32C051C8U6, STM32C051D8Y6TR, STM32C051F6P6, STM32C051F8P6, STM32C051G6U6, STM32C051G8U6, STM32C051K6T6, STM32C051K6U6, STM32C051K8T6, STM32C071C8T6, STM32C071C8T6N, STM32C071C8U6, STM32C071C8U6N, STM32C071CBT6, STM32C071CBT6N, STM32C071CBU6, STM32C071CBU6N, STM32C071F8P6, STM32C071F8P6N, STM32C071FBP6, STM32C071FBP6N, STM32C071FBY6TR, STM32C071G8U6, STM32C071G8U6N, STM32C071GBU6, STM32C071GBU6N, STM32C071K8T6, STM32C071K8T6N, STM32C071K8U6, STM32C071K8U6N, STM32C071KBT6, STM32C071KBT6N, STM32C071KBU6, STM32C071KBU6N, STM32C071R8T6, STM32C071R8T6N, STM32C071RBI6N, STM32C071RBT6, STM32C071RBT6N, STM32C091CBT6, STM32C091CBU6, STM32C091CCT6, STM32C091CCU6, STM32C091ECY6TR, STM32C091FBP6, STM32C091FCP6, STM32C091GBU6, STM32C091GCU6, STM32C091KBT6, STM32C091KBU6, STM32C091KCT6, STM32C091KCU6, STM32C091RBT6, STM32C091RCI6, STM32C091RCT6, STM32C092CBT6, STM32C092CBU6, STM32C092CCT6, STM32C092CCU6, STM32C092ECY6TR, STM32C092FBP6, STM32C092FCP6, STM32C092GBU6, STM32C092GCU6, STM32C092KBT6, STM32C092KBU6, STM32C092KCT6, STM32C092KCU6, STM32C092RBT6, STM32C092RCI6, STM32C092RCT6, STM32G071K8TXN, STM32G071K8UXN, STM32G081GBU6N, STM32G081KBT6N, STM32G081KBUXN, STM32G0B1CCT6N, STM32G0B1KCT6, STM32G0B1NEY6TR, STM32G0B1RCT6N, STM32G0C1CCT6, STM32G0C1CCT6N, STM32G0C1CCU6N, STM32G0C1CET6N, STM32G0C1CEU6N, STM32G0C1KCT6, STM32G0C1NEY6TR, STM32G0C1RCI6N, STM32G0C1RCT6N, STM32G0C1REI6N, STM32G0C1RET6N, STM32G0C1VCI6, STM32G0C1VEI6, STM32G411C6T3, STM32G411C6T6, STM32G411C6U3, STM32G411C6U6, STM32G411C8T3, STM32G411C8T6, STM32G411C8U3, STM32G411C8U6, STM32G411CBT3, STM32G411CBT6, STM32G411CBU3, STM32G411CBU6, STM32G411K6T3, STM32G411K6T6, STM32G411K6U3, STM32G411K6U6, STM32G411K8T3, STM32G411K8T6, STM32G411K8U3, STM32G411K8U6, STM32G411KBT3, STM32G411KBT6, STM32G411KBU3, STM32G411KBU6, STM32G411M6T3, STM32G411M6T6, STM32G411M8T3, STM32G411M8T6, STM32G411MBT3, STM32G411MBT6, STM32G411R6T3, STM32G411R6T6, STM32G411R8T3, STM32G411R8T6, STM32G411RBT3, STM32G411RBT6, STM32G414CBT3, STM32G414CBT6, STM32G414CBU3, STM32G414CBU6, STM32G414CCT3, STM32G414CCT6, STM32G414CCU3, STM32G414CCU6, STM32G414MBT3, STM32G414MBT6, STM32G414MCT3, STM32G414MCT6, STM32G414RBT3, STM32G414RBT6, STM32G414RCT3, STM32G414RCT6, STM32G414VBT3, STM32G414VBT6, STM32G414VCT3, STM32G414VCT6, STM32G431CBT3Z, STM32G431RBT3Z, STM32G471CCT6, STM32G471CCU6, STM32G471CET3, STM32G471CET6, STM32G471CEU3, STM32G471CEU6, STM32G471MCT6, STM32G471MET3, STM32G471MET6, STM32G471MEY6TR, STM32G471QCT6, STM32G471QET3, STM32G471RCT6, STM32G471RET3, STM32G471RET6, STM32G471VCH6, STM32G471VCI6, STM32G471VCT6, STM32G471VEH3, STM32G471VEH6, STM32G471VEI3, STM32G471VEI6, STM32G471VET3, STM32G471VET6, STM32G473QET3Z, STM32G473RET3Z, STM32G474CCT6, STM32G491RET3Z, STM32H503CBT6, STM32H503CBU6, STM32H503EBY6TR, STM32H503KBU6, STM32H503RBT6, STM32H523CCT6, STM32H523CCU6, STM32H523CET6, STM32H523CEU6, STM32H523HEY6TR, STM32H523RCT6, STM32H523RET6, STM32H523VCI6, STM32H523VCT6, STM32H523VEI6, STM32H523VET6, STM32H523ZCJ6, STM32H523ZCT6, STM32H523ZEJ6, STM32H523ZET6, STM32H533CET6, STM32H533CEU6, STM32H533HEY6TR, STM32H533RET6, STM32H533VEI6, STM32H533VET6, STM32H533ZEJ6, STM32H533ZET6, STM32H562AGI6, STM32H562AII6, STM32H562IGK6, STM32H562IGT6, STM32H562IIK6, STM32H562IIT6, STM32H562RGT6, STM32H562RGV6, STM32H562RIT6, STM32H562RIV6, STM32H562VGT6, STM32H562VIT6, STM32H562ZGT6, STM32H562ZIT6, STM32H563AGI6, STM32H563AII3Q, STM32H563AII6, STM32H563IGK6, STM32H563IGT6, STM32H563IIK3Q, STM32H563IIK6, STM32H563IIT3Q, STM32H563IIT6, STM32H563MIY3QTR, STM32H563RGT6, STM32H563RGV6, STM32H563RIT6, STM32H563RIV6, STM32H563VGT6, STM32H563VIT3Q, STM32H563VIT6, STM32H563ZGT6, STM32H563ZIT3Q, STM32H563ZIT6, STM32H573AII3Q, STM32H573AII6, STM32H573I-DK, STM32H573IIK3Q, STM32H573IIK6, STM32H573IIT3Q, STM32H573IIT6, STM32H573MIY3QTR, STM32H573RIT6, STM32H573RIV6, STM32H573VIT3Q, STM32H573VIT6, STM32H573ZIT3Q, STM32H573ZIT6, STM32H7R3A8I6, STM32H7R3I8K6, STM32H7R3I8T6, STM32H7R3L8H6, STM32H7R3L8H6H, STM32H7R3R8V6, STM32H7R3V8H6, STM32H7R3V8T6, STM32H7R3V8Y6TR, STM32H7R3Z8J6, STM32H7R3Z8T6, STM32H7R7A8I6, STM32H7R7I8K6, STM32H7R7I8T6, STM32H7R7L8H6, STM32H7R7L8H6H, STM32H7R7Z8J6, STM32H7S3A8I6, STM32H7S3I8K6, STM32H7S3I8T6, STM32H7S3L8H6, STM32H7S3L8H6H, STM32H7S3R8V6, STM32H7S3V8H6, STM32H7S3V8T6, STM32H7S3V8Y6TR, STM32H7S3Z8J6, STM32H7S3Z8T6, STM32H7S78-DK, STM32H7S7A8I6, STM32H7S7I8K6, STM32H7S7I8T6, STM32H7S7L8H6, STM32H7S7L8H6H, STM32H7S7Z8J6, STM32L4R5QGI6STR, STM32MP131AAE3, STM32MP131AAF3, STM32MP131AAG3, STM32MP131CAE3, STM32MP131CAF3, STM32MP131CAG3, STM32MP131DAE7, STM32MP131DAF7, STM32MP131DAG7, STM32MP131FAE7, STM32MP131FAF7, STM32MP131FAG7, STM32MP133AAE3, STM32MP133AAF3, STM32MP133AAG3, STM32MP133CAE3, STM32MP133CAF3, STM32MP133CAG3, STM32MP133DAE7, STM32MP133DAF7, STM32MP133DAG7, STM32MP133FAE7, STM32MP133FAF7, STM32MP133FAG7, STM32MP135AAE3, STM32MP135AAF3, STM32MP135AAG3, STM32MP135CAE3, STM32MP135CAF3, STM32MP135CAG3, STM32MP135DAE7, STM32MP135DAF7, STM32MP135DAG7, STM32MP135F-DK, STM32MP135FAE7, STM32MP135FAF7, STM32MP135FAF7T, STM32MP135FAF7U, STM32MP135FAG7, STM32MP211AAL3, STM32MP211AAM3, STM32MP211AAN3, STM32MP211AAO3, STM32MP211CAL3, STM32MP211CAM3, STM32MP211CAN3, STM32MP211CAO3, STM32MP211DAL3, STM32MP211DAM3, STM32MP211DAN3, STM32MP211DAO3, STM32MP211FAL3, STM32MP211FAM3, STM32MP211FAN3, STM32MP211FAO3, STM32MP213AAL3, STM32MP213AAM3, STM32MP213AAN3, STM32MP213AAO3, STM32MP213CAL3, STM32MP213CAM3, STM32MP213CAN3, STM32MP213CAO3, STM32MP213DAL3, STM32MP213DAM3, STM32MP213DAN3, STM32MP213DAO3, STM32MP213FAL3, STM32MP213FAM3, STM32MP213FAN3, STM32MP213FAO3, STM32MP215AAL3, STM32MP215AAM3, STM32MP215AAN3, STM32MP215AAO3, STM32MP215CAL3, STM32MP215CAM3, STM32MP215CAN3, STM32MP215CAO3, STM32MP215DAL3, STM32MP215DAM3, STM32MP215DAN3, STM32MP215DAO3, STM32MP215F-DK, STM32MP215FAL3, STM32MP215FAM3, STM32MP215FAN3, STM32MP215FAO3, STM32MP231AAJ3, STM32MP231AAK3, STM32MP231AAL3, STM32MP231CAJ3, STM32MP231CAK3, STM32MP231CAL3, STM32MP231DAJ3, STM32MP231DAK3, STM32MP231DAL3, STM32MP231FAJ3, STM32MP231FAK3, STM32MP231FAL3, STM32MP233AAJ3, STM32MP233AAK3, STM32MP233AAL3, STM32MP233CAJ3, STM32MP233CAK3, STM32MP233CAL3, STM32MP233DAJ3, STM32MP233DAK3, STM32MP233DAL3, STM32MP233FAJ3, STM32MP233FAK3, STM32MP233FAL3, STM32MP235AAJ3, STM32MP235AAK3, STM32MP235AAL3, STM32MP235CAJ3, STM32MP235CAK3, STM32MP235CAL3, STM32MP235DAJ3, STM32MP235DAK3, STM32MP235DAL3, STM32MP235FAJ3, STM32MP235FAK3, STM32MP235FAL3, STM32MP251AAI3, STM32MP251AAK3, STM32MP251AAL3, STM32MP251CAI3, STM32MP251CAK3, STM32MP251CAL3, STM32MP251DAI3, STM32MP251DAK3, STM32MP251DAL3, STM32MP251FAI3, STM32MP251FAK3, STM32MP251FAL3, STM32MP253AAI3, STM32MP253AAK3, STM32MP253AAL3, STM32MP253CAI3, STM32MP253CAK3, STM32MP253CAL3, STM32MP253DAI3, STM32MP253DAK3, STM32MP253DAL3, STM32MP253FAI3, STM32MP253FAK3, STM32MP253FAL3, STM32MP255AAI3, STM32MP255AAK3, STM32MP255AAL3, STM32MP255CAI3, STM32MP255CAK3, STM32MP255CAL3, STM32MP255DAI3, STM32MP255DAK3, STM32MP255DAL3, STM32MP255FAI3, STM32MP255FAK3, STM32MP255FAL3, STM32MP257AAI3, STM32MP257AAK3, STM32MP257AAL3, STM32MP257CAI3, STM32MP257CAK3, STM32MP257CAL3, STM32MP257DAI3, STM32MP257DAK3, STM32MP257DAL3, STM32MP257F-DK, STM32MP257F-EV1, STM32MP257FAI3, STM32MP257FAK3, STM32MP257FAL3, STM32N645A0H3Q, STM32N645B0H3Q, STM32N645I0H3Q, STM32N645L0H3Q, STM32N645X0H3Q, STM32N645Z0H3Q, STM32N647A0H3Q, STM32N647B0H3Q, STM32N647I0H3Q, STM32N647L0H3Q, STM32N647X0H3Q, STM32N647Z0H3Q, STM32N655A0H3Q, STM32N655B0H3Q, STM32N655I0H3Q, STM32N655L0H3Q, STM32N655X0H3Q, STM32N655Z0H3Q, STM32N6570-DK, STM32N657A0H3Q, STM32N657B0H3Q, STM32N657I0H3Q, STM32N657L0H3Q, STM32N657X0H3Q, STM32N657Z0H3Q, STM32U031C6T6, STM32U031C6U6, STM32U031C8T6, STM32U031C8U6, STM32U031F4P6, STM32U031F6P6, STM32U031F8P6, STM32U031G6Y6TR, STM32U031G8Y6TR, STM32U031K4U6, STM32U031K6U6, STM32U031K8U6, STM32U031R6I6, STM32U031R6T6, STM32U031R8I6, STM32U031R8T6, STM32U073C8T6, STM32U073C8U6, STM32U073CBT6, STM32U073CBU6, STM32U073CCT6, STM32U073CCU6, STM32U073H8Y6TR, STM32U073HBY6TR, STM32U073HCY6TR, STM32U073K8U6, STM32U073KBU6, STM32U073KCU6, STM32U073M8I6, STM32U073M8T6, STM32U073MBI6, STM32U073MBT6, STM32U073MCI6, STM32U073MCT6, STM32U073R8I6, STM32U073R8T6, STM32U073RBI6, STM32U073RBT6, STM32U073RCI6, STM32U073RCT6, STM32U083C-DK, STM32U083CCT6, STM32U083CCU6, STM32U083HCY6TR, STM32U083KCU6, STM32U083MCI6, STM32U083MCT6, STM32U083RCI6, STM32U083RCT6, STM32U375CET6, STM32U375CET6Q, STM32U375CEU6, STM32U375CEU6Q, STM32U375CEY6QTR, STM32U375CGT6, STM32U375CGT6Q, STM32U375CGU6, STM32U375CGU6Q, STM32U375CGY6QTR, STM32U375KEU6, STM32U375KGU6, STM32U375REI6, STM32U375REI6Q, STM32U375RET6, STM32U375RET6Q, STM32U375REY6GTR, STM32U375REY6QTR, STM32U375RGI6, STM32U375RGI6Q, STM32U375RGT6, STM32U375RGT6Q, STM32U375RGY6GTR, STM32U375RGY6QTR, STM32U375VEI6, STM32U375VEI6Q, STM32U375VET6, STM32U375VET6Q, STM32U375VGI6, STM32U375VGI6Q, STM32U375VGT6, STM32U375VGT6Q, STM32U385CGT6, STM32U385CGT6Q, STM32U385CGU6, STM32U385CGU6Q, STM32U385CGY6QTR, STM32U385KGU6, STM32U385RGI6, STM32U385RGI6Q, STM32U385RGT6, STM32U385RGT6Q, STM32U385RGY6GTR, STM32U385RGY6QTR, STM32U385VGI6, STM32U385VGI6Q, STM32U385VGT6, STM32U385VGT6Q, STM32U535CBT6, STM32U535CBT6Q, STM32U535CBU6, STM32U535CBU6Q, STM32U535CCT6, STM32U535CCT6Q, STM32U535CCU6, STM32U535CCU6Q, STM32U535CET6, STM32U535CET6Q, STM32U535CEU6, STM32U535CEU6Q, STM32U535JEY6QTR, STM32U535NCY6QTR, STM32U535NEY6QTR, STM32U535RBI6, STM32U535RBI6Q, STM32U535RBT6, STM32U535RBT6Q, STM32U535RCI6, STM32U535RCI6Q, STM32U535RCT6, STM32U535RCT6Q, STM32U535REI6, STM32U535REI6Q, STM32U535RET6, STM32U535RET6Q, STM32U535VCI6, STM32U535VCI6Q, STM32U535VCT6, STM32U535VCT6Q, STM32U535VEI6, STM32U535VEI6Q, STM32U535VET6, STM32U535VET6Q, STM32U545CET6, STM32U545CET6Q, STM32U545CEU6, STM32U545CEU6Q, STM32U545JEY6QTR, STM32U545NEY6QTR, STM32U545REI6, STM32U545REI6Q, STM32U545RET6, STM32U545RET6Q, STM32U545VEI6, STM32U545VEI6Q, STM32U545VET6, STM32U545VET6Q, STM32U595AIH6, STM32U595AIH6Q, STM32U595AJH6, STM32U595AJH6Q, STM32U595QII6, STM32U595QII6Q, STM32U595QJI6, STM32U595QJI6Q, STM32U595RIT6, STM32U595RIT6Q, STM32U595RJT6, STM32U595RJT6Q, STM32U595VIT6, STM32U595VIT6Q, STM32U595VJT6, STM32U595VJT6Q, STM32U595ZIT6, STM32U595ZIT6Q, STM32U595ZIY6QTR, STM32U595ZJT6, STM32U595ZJT6Q, STM32U595ZJY6QTR, STM32U599BJY6QTR, STM32U599NIH6Q, STM32U599NJH6Q, STM32U599VIT6Q, STM32U599VJT6, STM32U599VJT6Q, STM32U599ZIT6Q, STM32U599ZIY6QTR, STM32U599ZJT6Q, STM32U599ZJY6QTR, STM32U5A5AJH6, STM32U5A5AJH6Q, STM32U5A5QII3Q , STM32U5A5QJI6, STM32U5A5QJI6Q, STM32U5A5RJT6, STM32U5A5RJT6Q, STM32U5A5VJT6, STM32U5A5VJT6Q, STM32U5A5ZJT6, STM32U5A5ZJT6Q, STM32U5A5ZJY6QTR, STM32U5A9BJY6QTR, STM32U5A9J-DK, STM32U5A9NJH6Q, STM32U5A9VJT6Q, STM32U5A9ZJT6Q, STM32U5A9ZJY6QTR, STM32U5F7VIT6, STM32U5F7VIT6Q, STM32U5F7VJT6, STM32U5F7VJT6Q, STM32U5F9BJY6QTR, STM32U5F9NJH6Q, STM32U5F9VIT6Q, STM32U5F9VJT6Q, STM32U5F9ZIJ6QTR, STM32U5F9ZIT6Q, STM32U5F9ZJJ6QTR, STM32U5F9ZJT6Q, STM32U5G7VJT6, STM32U5G7VJT6Q, STM32U5G9BJY6QTR, STM32U5G9J-DK1, STM32U5G9J-DK2, STM32U5G9NJH6Q, STM32U5G9VJT6Q, STM32U5G9ZJJ6QTR, STM32U5G9ZJT6Q, STM32WB05KZV6TR, STM32WB05KZV7TR, STM32WB05TZF6TR, STM32WB05TZF7TR, STM32WB06CCF6TR, STM32WB06CCF7TR, STM32WB06CCV6TR, STM32WB06CCV7TR, STM32WB06KCV6TR, STM32WB06KCV7TR, STM32WB07CCF6TR, STM32WB07CCF7TR, STM32WB07CCV6TR, STM32WB07CCV7TR, STM32WB07KCV6TR, STM32WB07KCV7TR, STM32WB09KEV6TR, STM32WB09KEV7TR, STM32WB09TEF6TR, STM32WB09TEF7TR, STM32WB1MMCH6, STM32WBA50KGU6, STM32WBA50KGU6TR, STM32WBA52CEU6, STM32WBA52CEU6TR, STM32WBA52CEU7, STM32WBA52CEU7TR, STM32WBA52CGU6, STM32WBA52CGU6TR, STM32WBA52CGU6U, STM32WBA52CGU7, STM32WBA52CGU7TR, STM32WBA52KEU6, STM32WBA52KEU6TR, STM32WBA52KGU6, STM32WBA52KGU6TR, STM32WBA54CEU6, STM32WBA54CEU6TR, STM32WBA54CEU7, STM32WBA54CEU7TR, STM32WBA54CGU6, STM32WBA54CGU6TR, STM32WBA54CGU7, STM32WBA54CGU7TR, STM32WBA54KEU6, STM32WBA54KEU6TR, STM32WBA54KEU7, STM32WBA54KEU7TR, STM32WBA54KGU6, STM32WBA54KGU6TR, STM32WBA54KGU7, STM32WBA54KGU7TR, STM32WBA55CEU6, STM32WBA55CEU6TR, STM32WBA55CEU7, STM32WBA55CEU7TR, STM32WBA55CGU6, STM32WBA55CGU6TR, STM32WBA55CGU6U, STM32WBA55CGU7, STM32WBA55CGU7TR, STM32WBA55G-DK1, STM32WBA55HEF6, STM32WBA55HEF7, STM32WBA55HGF6, STM32WBA55HGF7, STM32WBA55UEI6, STM32WBA55UEI6TR, STM32WBA55UEI7, STM32WBA55UEI7TR, STM32WBA55UGI6, STM32WBA55UGI6TR, STM32WBA55UGI7, STM32WBA55UGI7TR, STM32WBA5MMGH6TR, STM32WBA62MGF6, STM32WBA62MIF6, STM32WBA65MGF7, STM32WBA65MIF6, STM32WBA65MIF7, STM32WL30K8V6, STM32WL30KBV6, STM32WL31C8V6, STM32WL31CBV6, STM32WL31K8V6, STM32WL31KBV6, STM32WL33C8V6, STM32WL33C8V6X, STM32WL33CBV6, STM32WL33CBV6X, STM32WL33CCV6, STM32WL33CCV6A, STM32WL33CCV6X, STM32WL33K8V7, STM32WL33K8V7X, STM32WL33KBV7 , STM32WL33KBV7X, STM32WL33KCV7, STM32WL33KCV7X, STM32WL5MOCH6, STM32WL5MOCH6TR]
2026-01-30 19:01:54,290 [INFO] BoardInfo:889 - No configuration file found for board P-NUCLEO-WB55
2026-01-30 19:01:54,290 [INFO] DbBoards:161 - Kit is not supported: P-NUCLEO-WB55
2026-01-30 19:01:54,293 [INFO] BoardInfo:889 - No configuration file found for board STEVAL-BFA001V1B
2026-01-30 19:01:54,295 [INFO] DbBoards:161 - Kit is not supported: STEVAL-BFA001V1B
2026-01-30 19:01:54,295 [INFO] BoardInfo:889 - No configuration file found for board STEVAL-BFA001V2B
2026-01-30 19:01:54,296 [INFO] DbBoards:161 - Kit is not supported: STEVAL-BFA001V2B
2026-01-30 19:01:54,409 [INFO] DbBoards:168 - Found 212 boards, 209 are supported
2026-01-30 19:01:54,410 [INFO] DbBoards:169 - Found 212 boards, 43 of them is supported for  Bsp
2026-01-30 19:01:54,414 [INFO] ApiDb:668 - CubeFinder database Data Model version=2.1
2026-01-30 19:01:54,414 [INFO] ApiDb:669 - CubeFinder database Configuration version=3.0.39
2026-01-30 19:01:54,414 [INFO] ApiDb:670 - CubeFinder database generation date=2025-08-25 (1756130511)
2026-01-30 19:01:54,414 [INFO] ApiDb:671 - CubeFinder database FW Pack versions=[FP-ATR-ASTRA1_V2.0.0, FP-SNS-FLIGHT1_V5.1.0, FP-SNS-MOTENV1_V5.0.0, FP-SNS-MOTENVWB1_V1.4.0, FP-SNS-SMARTAG2_V1.2.0, FP-SNS-STBOX1_V2.1.0, STM32Cube_FW_C0_V1.4.0, STM32Cube_FW_F4_V1.28.3, STM32Cube_FW_F7_V1.17.4, STM32Cube_FW_G0_V1.6.2, STM32Cube_FW_G4_V1.6.1, STM32Cube_FW_H5_V1.5.0, STM32Cube_FW_H7RS_V1.2.0, STM32Cube_FW_H7_V1.12.1, STM32Cube_FW_L0_V1.12.2, STM32Cube_FW_L4_V1.18.1, STM32Cube_FW_L5_V1.5.1, STM32Cube_FW_N6_V1.2.0, STM32Cube_FW_U0_V1.3.0, STM32Cube_FW_U3_V1.2.0, STM32Cube_FW_U5_V1.8.0, STM32Cube_FW_WB0_V1.3.0, STM32Cube_FW_WBA_V1.7.0, STM32Cube_FW_WB_V1.23.0, STM32Cube_FW_WL3_V1.2.0, STM32Cube_FW_WL_V1.3.1, X-CUBE-ALGOBUILD_V1.4.0, X-CUBE-ALS_V1.0.2, X-CUBE-AZRTOS-F4_V1.1.0, X-CUBE-AZRTOS-F7_V1.1.0, X-CUBE-AZRTOS-G0_V1.1.0, X-CUBE-AZRTOS-G4_V2.0.0, X-CUBE-AZRTOS-H7RS_V1.1.0, X-CUBE-AZRTOS-H7_V3.4.0, X-CUBE-AZRTOS-L4_V2.0.0, X-CUBE-AZRTOS-L5_V2.0.0, X-CUBE-AZRTOS-WB_V2.0.0, X-CUBE-AZRTOS-WL_V2.0.0, X-CUBE-BLE1_V7.1.0, X-CUBE-BLE2_V3.3.0, X-CUBE-BLEMGR_V4.1.0, X-CUBE-EEPRMA1_V5.2.0, X-CUBE-FREERTOS_V1.3.1, X-CUBE-GNSS1_V6.0.0, X-CUBE-MEMS1_V11.3.0, X-CUBE-NFC4_V3.0.0, X-CUBE-NFC7_V2.0.0, X-CUBE-SFXS2LP1_V4.0.0, X-CUBE-ST67W61_V1.0.0, X-CUBE-SUBG2_V5.0.0, X-CUBE-TOF1_V3.4.3]
2026-01-30 19:01:56,622 [INFO] ApiDb:240 - Found 880 in-development CPN: [B-G473E-ZEST1S, B-WB1M-WPAN1, B-WBA5M-WPAN, B-WL5M-SUBG1, NUCLEO-C031C6, NUCLEO-C051C8, NUCLEO-C071RB, NUCLEO-C092RC, NUCLEO-H503RB, NUCLEO-H533RE, NUCLEO-H563ZI, NUCLEO-H7S3L8, NUCLEO-N657X0-Q, NUCLEO-U031R8, NUCLEO-U083RC, NUCLEO-U385RG-Q, NUCLEO-U545RE-Q, NUCLEO-U5A5ZJ-Q, NUCLEO-WB05KZ, NUCLEO-WB07CC, NUCLEO-WB09KE, NUCLEO-WBA52CG, NUCLEO-WBA55CG, NUCLEO-WL33CC1, NUCLEO-WL33CC2, STEVAL-PROTEUS1, STEVAL-SMARTAG2, STEVAL-STWINBX1, STM320518-EVAL, STM32C0116-DK, STM32C011D6Y3TR, STM32C011D6Y6TR, STM32C011F4P3, STM32C011F4P6, STM32C011F4U3, STM32C011F4U6TR, STM32C011F6P3, STM32C011F6P6, STM32C011F6U3, STM32C011F6U6TR, STM32C011J4M3, STM32C011J4M6, STM32C011J6M3, STM32C011J6M6, STM32C0316-DK, STM32C031C4T3, STM32C031C4T6, STM32C031C4U3, STM32C031C4U6, STM32C031C6T3, STM32C031C6T6, STM32C031C6U3, STM32C031C6U6, STM32C031F4P3, STM32C031F4P6, STM32C031F6P3, STM32C031F6P6, STM32C031G4U3, STM32C031G4U6, STM32C031G6U3, STM32C031G6U6, STM32C031K4T3, STM32C031K4T6, STM32C031K4U3, STM32C031K4U6, STM32C031K6T3, STM32C031K6T6, STM32C031K6U3, STM32C031K6U6, STM32C051C6T6, STM32C051C6U6, STM32C051C8T6, STM32C051C8U6, STM32C051D8Y6TR, STM32C051F6P6, STM32C051F8P6, STM32C051G6U6, STM32C051G8U6, STM32C051K6T6, STM32C051K6U6, STM32C051K8T6, STM32C071C8T6, STM32C071C8T6N, STM32C071C8U6, STM32C071C8U6N, STM32C071CBT6, STM32C071CBT6N, STM32C071CBU6, STM32C071CBU6N, STM32C071F8P6, STM32C071F8P6N, STM32C071FBP6, STM32C071FBP6N, STM32C071FBY6TR, STM32C071G8U6, STM32C071G8U6N, STM32C071GBU6, STM32C071GBU6N, STM32C071K8T6, STM32C071K8T6N, STM32C071K8U6, STM32C071K8U6N, STM32C071KBT6, STM32C071KBT6N, STM32C071KBU6, STM32C071KBU6N, STM32C071R8T6, STM32C071R8T6N, STM32C071RBI6N, STM32C071RBT6, STM32C071RBT6N, STM32C091CBT6, STM32C091CBU6, STM32C091CCT6, STM32C091CCU6, STM32C091ECY6TR, STM32C091FBP6, STM32C091FCP6, STM32C091GBU6, STM32C091GCU6, STM32C091KBT6, STM32C091KBU6, STM32C091KCT6, STM32C091KCU6, STM32C091RBT6, STM32C091RCI6, STM32C091RCT6, STM32C092CBT6, STM32C092CBU6, STM32C092CCT6, STM32C092CCU6, STM32C092ECY6TR, STM32C092FBP6, STM32C092FCP6, STM32C092GBU6, STM32C092GCU6, STM32C092KBT6, STM32C092KBU6, STM32C092KCT6, STM32C092KCU6, STM32C092RBT6, STM32C092RCI6, STM32C092RCT6, STM32G071K8TXN, STM32G071K8UXN, STM32G081GBU6N, STM32G081KBT6N, STM32G081KBUXN, STM32G0B1CCT6N, STM32G0B1KCT6, STM32G0B1NEY6TR, STM32G0B1RCT6N, STM32G0C1CCT6, STM32G0C1CCT6N, STM32G0C1CCU6N, STM32G0C1CET6N, STM32G0C1CEU6N, STM32G0C1KCT6, STM32G0C1NEY6TR, STM32G0C1RCI6N, STM32G0C1RCT6N, STM32G0C1REI6N, STM32G0C1RET6N, STM32G0C1VCI6, STM32G0C1VEI6, STM32G411C6T3, STM32G411C6T6, STM32G411C6U3, STM32G411C6U6, STM32G411C8T3, STM32G411C8T6, STM32G411C8U3, STM32G411C8U6, STM32G411CBT3, STM32G411CBT6, STM32G411CBU3, STM32G411CBU6, STM32G411K6T3, STM32G411K6T6, STM32G411K6U3, STM32G411K6U6, STM32G411K8T3, STM32G411K8T6, STM32G411K8U3, STM32G411K8U6, STM32G411KBT3, STM32G411KBT6, STM32G411KBU3, STM32G411KBU6, STM32G411M6T3, STM32G411M6T6, STM32G411M8T3, STM32G411M8T6, STM32G411MBT3, STM32G411MBT6, STM32G411R6T3, STM32G411R6T6, STM32G411R8T3, STM32G411R8T6, STM32G411RBT3, STM32G411RBT6, STM32G414CBT3, STM32G414CBT6, STM32G414CBU3, STM32G414CBU6, STM32G414CCT3, STM32G414CCT6, STM32G414CCU3, STM32G414CCU6, STM32G414MBT3, STM32G414MBT6, STM32G414MCT3, STM32G414MCT6, STM32G414RBT3, STM32G414RBT6, STM32G414RCT3, STM32G414RCT6, STM32G414VBT3, STM32G414VBT6, STM32G414VCT3, STM32G414VCT6, STM32G431CBT3Z, STM32G431RBT3Z, STM32G471CCT6, STM32G471CCU6, STM32G471CET3, STM32G471CET6, STM32G471CEU3, STM32G471CEU6, STM32G471MCT6, STM32G471MET3, STM32G471MET6, STM32G471MEY6TR, STM32G471QCT6, STM32G471QET3, STM32G471RCT6, STM32G471RET3, STM32G471RET6, STM32G471VCH6, STM32G471VCI6, STM32G471VCT6, STM32G471VEH3, STM32G471VEH6, STM32G471VEI3, STM32G471VEI6, STM32G471VET3, STM32G471VET6, STM32G473QET3Z, STM32G473RET3Z, STM32G474CCT6, STM32G491RET3Z, STM32H503CBT6, STM32H503CBU6, STM32H503EBY6TR, STM32H503KBU6, STM32H503RBT6, STM32H523CCT6, STM32H523CCU6, STM32H523CET6, STM32H523CEU6, STM32H523HEY6TR, STM32H523RCT6, STM32H523RET6, STM32H523VCI6, STM32H523VCT6, STM32H523VEI6, STM32H523VET6, STM32H523ZCJ6, STM32H523ZCT6, STM32H523ZEJ6, STM32H523ZET6, STM32H533CET6, STM32H533CEU6, STM32H533HEY6TR, STM32H533RET6, STM32H533VEI6, STM32H533VET6, STM32H533ZEJ6, STM32H533ZET6, STM32H562AGI6, STM32H562AII6, STM32H562IGK6, STM32H562IGT6, STM32H562IIK6, STM32H562IIT6, STM32H562RGT6, STM32H562RGV6, STM32H562RIT6, STM32H562RIV6, STM32H562VGT6, STM32H562VIT6, STM32H562ZGT6, STM32H562ZIT6, STM32H563AGI6, STM32H563AII3Q, STM32H563AII6, STM32H563IGK6, STM32H563IGT6, STM32H563IIK3Q, STM32H563IIK6, STM32H563IIT3Q, STM32H563IIT6, STM32H563MIY3QTR, STM32H563RGT6, STM32H563RGV6, STM32H563RIT6, STM32H563RIV6, STM32H563VGT6, STM32H563VIT3Q, STM32H563VIT6, STM32H563ZGT6, STM32H563ZIT3Q, STM32H563ZIT6, STM32H573AII3Q, STM32H573AII6, STM32H573I-DK, STM32H573IIK3Q, STM32H573IIK6, STM32H573IIT3Q, STM32H573IIT6, STM32H573MIY3QTR, STM32H573RIT6, STM32H573RIV6, STM32H573VIT3Q, STM32H573VIT6, STM32H573ZIT3Q, STM32H573ZIT6, STM32H7R3A8I6, STM32H7R3I8K6, STM32H7R3I8T6, STM32H7R3L8H6, STM32H7R3L8H6H, STM32H7R3R8V6, STM32H7R3V8H6, STM32H7R3V8T6, STM32H7R3V8Y6TR, STM32H7R3Z8J6, STM32H7R3Z8T6, STM32H7R7A8I6, STM32H7R7I8K6, STM32H7R7I8T6, STM32H7R7L8H6, STM32H7R7L8H6H, STM32H7R7Z8J6, STM32H7S3A8I6, STM32H7S3I8K6, STM32H7S3I8T6, STM32H7S3L8H6, STM32H7S3L8H6H, STM32H7S3R8V6, STM32H7S3V8H6, STM32H7S3V8T6, STM32H7S3V8Y6TR, STM32H7S3Z8J6, STM32H7S3Z8T6, STM32H7S78-DK, STM32H7S7A8I6, STM32H7S7I8K6, STM32H7S7I8T6, STM32H7S7L8H6, STM32H7S7L8H6H, STM32H7S7Z8J6, STM32L4R5QGI6STR, STM32MP131AAE3, STM32MP131AAF3, STM32MP131AAG3, STM32MP131CAE3, STM32MP131CAF3, STM32MP131CAG3, STM32MP131DAE7, STM32MP131DAF7, STM32MP131DAG7, STM32MP131FAE7, STM32MP131FAF7, STM32MP131FAG7, STM32MP133AAE3, STM32MP133AAF3, STM32MP133AAG3, STM32MP133CAE3, STM32MP133CAF3, STM32MP133CAG3, STM32MP133DAE7, STM32MP133DAF7, STM32MP133DAG7, STM32MP133FAE7, STM32MP133FAF7, STM32MP133FAG7, STM32MP135AAE3, STM32MP135AAF3, STM32MP135AAG3, STM32MP135CAE3, STM32MP135CAF3, STM32MP135CAG3, STM32MP135DAE7, STM32MP135DAF7, STM32MP135DAG7, STM32MP135F-DK, STM32MP135FAE7, STM32MP135FAF7, STM32MP135FAF7T, STM32MP135FAF7U, STM32MP135FAG7, STM32MP211AAL3, STM32MP211AAM3, STM32MP211AAN3, STM32MP211AAO3, STM32MP211CAL3, STM32MP211CAM3, STM32MP211CAN3, STM32MP211CAO3, STM32MP211DAL3, STM32MP211DAM3, STM32MP211DAN3, STM32MP211DAO3, STM32MP211FAL3, STM32MP211FAM3, STM32MP211FAN3, STM32MP211FAO3, STM32MP213AAL3, STM32MP213AAM3, STM32MP213AAN3, STM32MP213AAO3, STM32MP213CAL3, STM32MP213CAM3, STM32MP213CAN3, STM32MP213CAO3, STM32MP213DAL3, STM32MP213DAM3, STM32MP213DAN3, STM32MP213DAO3, STM32MP213FAL3, STM32MP213FAM3, STM32MP213FAN3, STM32MP213FAO3, STM32MP215AAL3, STM32MP215AAM3, STM32MP215AAN3, STM32MP215AAO3, STM32MP215CAL3, STM32MP215CAM3, STM32MP215CAN3, STM32MP215CAO3, STM32MP215DAL3, STM32MP215DAM3, STM32MP215DAN3, STM32MP215DAO3, STM32MP215F-DK, STM32MP215FAL3, STM32MP215FAM3, STM32MP215FAN3, STM32MP215FAO3, STM32MP231AAJ3, STM32MP231AAK3, STM32MP231AAL3, STM32MP231CAJ3, STM32MP231CAK3, STM32MP231CAL3, STM32MP231DAJ3, STM32MP231DAK3, STM32MP231DAL3, STM32MP231FAJ3, STM32MP231FAK3, STM32MP231FAL3, STM32MP233AAJ3, STM32MP233AAK3, STM32MP233AAL3, STM32MP233CAJ3, STM32MP233CAK3, STM32MP233CAL3, STM32MP233DAJ3, STM32MP233DAK3, STM32MP233DAL3, STM32MP233FAJ3, STM32MP233FAK3, STM32MP233FAL3, STM32MP235AAJ3, STM32MP235AAK3, STM32MP235AAL3, STM32MP235CAJ3, STM32MP235CAK3, STM32MP235CAL3, STM32MP235DAJ3, STM32MP235DAK3, STM32MP235DAL3, STM32MP235FAJ3, STM32MP235FAK3, STM32MP235FAL3, STM32MP251AAI3, STM32MP251AAK3, STM32MP251AAL3, STM32MP251CAI3, STM32MP251CAK3, STM32MP251CAL3, STM32MP251DAI3, STM32MP251DAK3, STM32MP251DAL3, STM32MP251FAI3, STM32MP251FAK3, STM32MP251FAL3, STM32MP253AAI3, STM32MP253AAK3, STM32MP253AAL3, STM32MP253CAI3, STM32MP253CAK3, STM32MP253CAL3, STM32MP253DAI3, STM32MP253DAK3, STM32MP253DAL3, STM32MP253FAI3, STM32MP253FAK3, STM32MP253FAL3, STM32MP255AAI3, STM32MP255AAK3, STM32MP255AAL3, STM32MP255CAI3, STM32MP255CAK3, STM32MP255CAL3, STM32MP255DAI3, STM32MP255DAK3, STM32MP255DAL3, STM32MP255FAI3, STM32MP255FAK3, STM32MP255FAL3, STM32MP257AAI3, STM32MP257AAK3, STM32MP257AAL3, STM32MP257CAI3, STM32MP257CAK3, STM32MP257CAL3, STM32MP257DAI3, STM32MP257DAK3, STM32MP257DAL3, STM32MP257F-DK, STM32MP257F-EV1, STM32MP257FAI3, STM32MP257FAK3, STM32MP257FAL3, STM32N645A0H3Q, STM32N645B0H3Q, STM32N645I0H3Q, STM32N645L0H3Q, STM32N645X0H3Q, STM32N645Z0H3Q, STM32N647A0H3Q, STM32N647B0H3Q, STM32N647I0H3Q, STM32N647L0H3Q, STM32N647X0H3Q, STM32N647Z0H3Q, STM32N655A0H3Q, STM32N655B0H3Q, STM32N655I0H3Q, STM32N655L0H3Q, STM32N655X0H3Q, STM32N655Z0H3Q, STM32N6570-DK, STM32N657A0H3Q, STM32N657B0H3Q, STM32N657I0H3Q, STM32N657L0H3Q, STM32N657X0H3Q, STM32N657Z0H3Q, STM32U031C6T6, STM32U031C6U6, STM32U031C8T6, STM32U031C8U6, STM32U031F4P6, STM32U031F6P6, STM32U031F8P6, STM32U031G6Y6TR, STM32U031G8Y6TR, STM32U031K4U6, STM32U031K6U6, STM32U031K8U6, STM32U031R6I6, STM32U031R6T6, STM32U031R8I6, STM32U031R8T6, STM32U073C8T6, STM32U073C8U6, STM32U073CBT6, STM32U073CBU6, STM32U073CCT6, STM32U073CCU6, STM32U073H8Y6TR, STM32U073HBY6TR, STM32U073HCY6TR, STM32U073K8U6, STM32U073KBU6, STM32U073KCU6, STM32U073M8I6, STM32U073M8T6, STM32U073MBI6, STM32U073MBT6, STM32U073MCI6, STM32U073MCT6, STM32U073R8I6, STM32U073R8T6, STM32U073RBI6, STM32U073RBT6, STM32U073RCI6, STM32U073RCT6, STM32U083C-DK, STM32U083CCT6, STM32U083CCU6, STM32U083HCY6TR, STM32U083KCU6, STM32U083MCI6, STM32U083MCT6, STM32U083RCI6, STM32U083RCT6, STM32U375CET6, STM32U375CET6Q, STM32U375CEU6, STM32U375CEU6Q, STM32U375CEY6QTR, STM32U375CGT6, STM32U375CGT6Q, STM32U375CGU6, STM32U375CGU6Q, STM32U375CGY6QTR, STM32U375KEU6, STM32U375KGU6, STM32U375REI6, STM32U375REI6Q, STM32U375RET6, STM32U375RET6Q, STM32U375REY6GTR, STM32U375REY6QTR, STM32U375RGI6, STM32U375RGI6Q, STM32U375RGT6, STM32U375RGT6Q, STM32U375RGY6GTR, STM32U375RGY6QTR, STM32U375VEI6, STM32U375VEI6Q, STM32U375VET6, STM32U375VET6Q, STM32U375VGI6, STM32U375VGI6Q, STM32U375VGT6, STM32U375VGT6Q, STM32U385CGT6, STM32U385CGT6Q, STM32U385CGU6, STM32U385CGU6Q, STM32U385CGY6QTR, STM32U385KGU6, STM32U385RGI6, STM32U385RGI6Q, STM32U385RGT6, STM32U385RGT6Q, STM32U385RGY6GTR, STM32U385RGY6QTR, STM32U385VGI6, STM32U385VGI6Q, STM32U385VGT6, STM32U385VGT6Q, STM32U535CBT6, STM32U535CBT6Q, STM32U535CBU6, STM32U535CBU6Q, STM32U535CCT6, STM32U535CCT6Q, STM32U535CCU6, STM32U535CCU6Q, STM32U535CET6, STM32U535CET6Q, STM32U535CEU6, STM32U535CEU6Q, STM32U535JEY6QTR, STM32U535NCY6QTR, STM32U535NEY6QTR, STM32U535RBI6, STM32U535RBI6Q, STM32U535RBT6, STM32U535RBT6Q, STM32U535RCI6, STM32U535RCI6Q, STM32U535RCT6, STM32U535RCT6Q, STM32U535REI6, STM32U535REI6Q, STM32U535RET6, STM32U535RET6Q, STM32U535VCI6, STM32U535VCI6Q, STM32U535VCT6, STM32U535VCT6Q, STM32U535VEI6, STM32U535VEI6Q, STM32U535VET6, STM32U535VET6Q, STM32U545CET6, STM32U545CET6Q, STM32U545CEU6, STM32U545CEU6Q, STM32U545JEY6QTR, STM32U545NEY6QTR, STM32U545REI6, STM32U545REI6Q, STM32U545RET6, STM32U545RET6Q, STM32U545VEI6, STM32U545VEI6Q, STM32U545VET6, STM32U545VET6Q, STM32U595AIH6, STM32U595AIH6Q, STM32U595AJH6, STM32U595AJH6Q, STM32U595QII6, STM32U595QII6Q, STM32U595QJI6, STM32U595QJI6Q, STM32U595RIT6, STM32U595RIT6Q, STM32U595RJT6, STM32U595RJT6Q, STM32U595VIT6, STM32U595VIT6Q, STM32U595VJT6, STM32U595VJT6Q, STM32U595ZIT6, STM32U595ZIT6Q, STM32U595ZIY6QTR, STM32U595ZJT6, STM32U595ZJT6Q, STM32U595ZJY6QTR, STM32U599BJY6QTR, STM32U599NIH6Q, STM32U599NJH6Q, STM32U599VIT6Q, STM32U599VJT6, STM32U599VJT6Q, STM32U599ZIT6Q, STM32U599ZIY6QTR, STM32U599ZJT6Q, STM32U599ZJY6QTR, STM32U5A5AJH6, STM32U5A5AJH6Q, STM32U5A5QII3Q , STM32U5A5QJI6, STM32U5A5QJI6Q, STM32U5A5RJT6, STM32U5A5RJT6Q, STM32U5A5VJT6, STM32U5A5VJT6Q, STM32U5A5ZJT6, STM32U5A5ZJT6Q, STM32U5A5ZJY6QTR, STM32U5A9BJY6QTR, STM32U5A9J-DK, STM32U5A9NJH6Q, STM32U5A9VJT6Q, STM32U5A9ZJT6Q, STM32U5A9ZJY6QTR, STM32U5F7VIT6, STM32U5F7VIT6Q, STM32U5F7VJT6, STM32U5F7VJT6Q, STM32U5F9BJY6QTR, STM32U5F9NJH6Q, STM32U5F9VIT6Q, STM32U5F9VJT6Q, STM32U5F9ZIJ6QTR, STM32U5F9ZIT6Q, STM32U5F9ZJJ6QTR, STM32U5F9ZJT6Q, STM32U5G7VJT6, STM32U5G7VJT6Q, STM32U5G9BJY6QTR, STM32U5G9J-DK1, STM32U5G9J-DK2, STM32U5G9NJH6Q, STM32U5G9VJT6Q, STM32U5G9ZJJ6QTR, STM32U5G9ZJT6Q, STM32WB05KZV6TR, STM32WB05KZV7TR, STM32WB05TZF6TR, STM32WB05TZF7TR, STM32WB06CCF6TR, STM32WB06CCF7TR, STM32WB06CCV6TR, STM32WB06CCV7TR, STM32WB06KCV6TR, STM32WB06KCV7TR, STM32WB07CCF6TR, STM32WB07CCF7TR, STM32WB07CCV6TR, STM32WB07CCV7TR, STM32WB07KCV6TR, STM32WB07KCV7TR, STM32WB09KEV6TR, STM32WB09KEV7TR, STM32WB09TEF6TR, STM32WB09TEF7TR, STM32WB1MMCH6, STM32WBA50KGU6, STM32WBA50KGU6TR, STM32WBA52CEU6, STM32WBA52CEU6TR, STM32WBA52CEU7, STM32WBA52CEU7TR, STM32WBA52CGU6, STM32WBA52CGU6TR, STM32WBA52CGU6U, STM32WBA52CGU7, STM32WBA52CGU7TR, STM32WBA52KEU6, STM32WBA52KEU6TR, STM32WBA52KGU6, STM32WBA52KGU6TR, STM32WBA54CEU6, STM32WBA54CEU6TR, STM32WBA54CEU7, STM32WBA54CEU7TR, STM32WBA54CGU6, STM32WBA54CGU6TR, STM32WBA54CGU7, STM32WBA54CGU7TR, STM32WBA54KEU6, STM32WBA54KEU6TR, STM32WBA54KEU7, STM32WBA54KEU7TR, STM32WBA54KGU6, STM32WBA54KGU6TR, STM32WBA54KGU7, STM32WBA54KGU7TR, STM32WBA55CEU6, STM32WBA55CEU6TR, STM32WBA55CEU7, STM32WBA55CEU7TR, STM32WBA55CGU6, STM32WBA55CGU6TR, STM32WBA55CGU6U, STM32WBA55CGU7, STM32WBA55CGU7TR, STM32WBA55G-DK1, STM32WBA55HEF6, STM32WBA55HEF7, STM32WBA55HGF6, STM32WBA55HGF7, STM32WBA55UEI6, STM32WBA55UEI6TR, STM32WBA55UEI7, STM32WBA55UEI7TR, STM32WBA55UGI6, STM32WBA55UGI6TR, STM32WBA55UGI7, STM32WBA55UGI7TR, STM32WBA5MMGH6TR, STM32WBA62MGF6, STM32WBA62MIF6, STM32WBA65MGF7, STM32WBA65MIF6, STM32WBA65MIF7, STM32WL30K8V6, STM32WL30KBV6, STM32WL31C8V6, STM32WL31CBV6, STM32WL31K8V6, STM32WL31KBV6, STM32WL33C8V6, STM32WL33C8V6X, STM32WL33CBV6, STM32WL33CBV6X, STM32WL33CCV6, STM32WL33CCV6A, STM32WL33CCV6X, STM32WL33K8V7, STM32WL33K8V7X, STM32WL33KBV7 , STM32WL33KBV7X, STM32WL33KCV7, STM32WL33KCV7X, STM32WL5MOCH6, STM32WL5MOCH6TR]
2026-01-30 19:01:56,630 [INFO] DbMcus:218 - Found 4801 MCUs, 4801 are supported
2026-01-30 19:01:56,631 [INFO] ApiDb:423 - Load user favorites file C:\Users\kujon/.stm32cubeide/favorites.mcus.txt: 0 item(s)
2026-01-30 19:01:56,631 [INFO] ApiDb:427 - User favorites MCUs=[]
2026-01-30 19:01:56,631 [INFO] DbMcus:224 - Set 0 / 0 favorites MCUs
2026-01-30 19:01:57,047 [INFO] ApiDb:423 - Load user favorites file C:\Users\kujon/.stm32cubeide/favorites.boards.txt: 0 item(s)
2026-01-30 19:01:57,047 [INFO] ApiDb:427 - User favorites Boards=[]
2026-01-30 19:01:57,047 [INFO] DbBoards:198 - Set 0 / 0 favorites Boards
2026-01-30 19:01:57,214 [INFO] UtilMem:75 - End LoadConfig() Used Memory: 637952200 Bytes (1073741824)
2026-01-30 19:01:57,475 [WARN] ThirdParty:833 - waiting for thirdparty lock release [change project]
2026-01-30 19:01:57,476 [INFO] ThirdParty:835 - entering critical section [change project]
2026-01-30 19:01:57,477 [INFO] ThirdParty:1030 - CMSIS Pack Vendor :STMicroelectronics X-CUBE-PM33A1 1.0.0
2026-01-30 19:01:57,477 [INFO] ThirdParty:1030 - CMSIS Pack Vendor :STMicroelectronics USBPD 4.1
2026-01-30 19:01:57,477 [INFO] ThirdParty:1030 - CMSIS Pack Vendor :STMicroelectronics X-CUBE-GNSS1 6.0.0
2026-01-30 19:01:57,477 [INFO] ThirdParty:1030 - CMSIS Pack Vendor :STMicroelectronics USB_HOST 2.0.0
2026-01-30 19:01:57,477 [INFO] ThirdParty:1030 - CMSIS Pack Vendor :STMicroelectronics FP-SNS-MOTENVWB1 1.4.0
2026-01-30 19:01:57,477 [INFO] ThirdParty:1030 - CMSIS Pack Vendor :STMicroelectronics X-CUBE-AZRTOS-F4 1.1.0
2026-01-30 19:01:57,477 [INFO] ThirdParty:1030 - CMSIS Pack Vendor :STMicroelectronics LIBJPEG 8.0.0
2026-01-30 19:01:57,477 [INFO] ThirdParty:1030 - CMSIS Pack Vendor :STMicroelectronics FP-ATR-ASTRA1 2.0.2
2026-01-30 19:01:57,477 [INFO] ThirdParty:1030 - CMSIS Pack Vendor :Avnet-IotConnect X-CUBE-IoTC-DA16k-PMOD 1.0.0
2026-01-30 19:01:57,477 [INFO] ThirdParty:1030 - CMSIS Pack Vendor :STMicroelectronics X-CUBE-SMBUS 2.1.0
2026-01-30 19:01:57,477 [INFO] ThirdParty:1030 - CMSIS Pack Vendor :STMicroelectronics X-CUBE-ISPU 2.1.0
2026-01-30 19:01:57,477 [INFO] ThirdParty:1030 - CMSIS Pack Vendor :STMicroelectronics X-CUBE-IPS 3.2.0
2026-01-30 19:01:57,477 [INFO] ThirdParty:1030 - CMSIS Pack Vendor :STMicroelectronics X-CUBE-ST60 1.0.0
2026-01-30 19:01:57,477 [INFO] ThirdParty:1030 - CMSIS Pack Vendor :STMicroelectronics X-CUBE-NFC12 1.0.0
2026-01-30 19:01:57,478 [INFO] ThirdParty:1030 - CMSIS Pack Vendor :STMicroelectronics X-CUBE-AZRTOS-F7 1.1.0
2026-01-30 19:01:57,478 [INFO] ThirdParty:1030 - CMSIS Pack Vendor :STMicroelectronics X-CUBE-AZRTOS-L5 2.0.0
2026-01-30 19:01:57,478 [INFO] ThirdParty:1030 - CMSIS Pack Vendor :STMicroelectronics USB_DEVICE 2.0.0
2026-01-30 19:01:57,478 [INFO] ThirdParty:1030 - CMSIS Pack Vendor :STMicroelectronics X-CUBE-NFC6 3.1.0
2026-01-30 19:01:57,478 [INFO] ThirdParty:1030 - CMSIS Pack Vendor :STMicroelectronics X-CUBE-BLE1 6.2.4
2026-01-30 19:01:57,478 [INFO] ThirdParty:1030 - CMSIS Pack Vendor :STMicroelectronics FP-SNS-MOTENV1 5.1.0
2026-01-30 19:01:57,478 [INFO] ThirdParty:1030 - CMSIS Pack Vendor :STMicroelectronics FreeRTOS 0.0.1
2026-01-30 19:01:57,478 [INFO] ThirdParty:1030 - CMSIS Pack Vendor :emotas I-CUBE-CANOPEN 1.1.3
2026-01-30 19:01:57,478 [INFO] ThirdParty:1030 - CMSIS Pack Vendor :WES I-CUBE-Cesium 1.4.0
2026-01-30 19:01:57,478 [INFO] ThirdParty:1030 - CMSIS Pack Vendor :Infineon AIROC-Wi-Fi-Bluetooth-STM32 1.7.1
2026-01-30 19:01:57,478 [INFO] ThirdParty:1030 - CMSIS Pack Vendor :STMicroelectronics PDM2PCM 3.3.0
2026-01-30 19:01:57,478 [INFO] ThirdParty:1030 - CMSIS Pack Vendor :STMicroelectronics X-CUBE-AZRTOS-H7 3.4.0
2026-01-30 19:01:57,478 [INFO] ThirdParty:1030 - CMSIS Pack Vendor :STMicroelectronics X-CUBE-DISPLAY 3.0.0
2026-01-30 19:01:57,478 [INFO] ThirdParty:1030 - CMSIS Pack Vendor :STMicroelectronics X-CUBE-NFC10 1.0.0
2026-01-30 19:01:57,478 [INFO] ThirdParty:1030 - CMSIS Pack Vendor :wolfSSL I-CUBE-wolfSSL 5.5.4
2026-01-30 19:01:57,478 [INFO] ThirdParty:1030 - CMSIS Pack Vendor :STMicroelectronics X-CUBE-FREERTOS 1.3.1
2026-01-30 19:01:57,478 [INFO] ThirdParty:1030 - CMSIS Pack Vendor :STMicroelectronics HAL Drivers 0.0.0
2026-01-30 19:01:57,478 [INFO] ThirdParty:1030 - CMSIS Pack Vendor :STMicroelectronics X-CUBE-ST60 1.1.0
2026-01-30 19:01:57,478 [INFO] ThirdParty:1030 - CMSIS Pack Vendor :emotas I-CUBE-CANOPEN 1.3.0
2026-01-30 19:01:57,479 [INFO] ThirdParty:1030 - CMSIS Pack Vendor :STMicroelectronics MBEDTLS 2.14.1
2026-01-30 19:01:57,479 [INFO] ThirdParty:1030 - CMSIS Pack Vendor :STMicroelectronics X-CUBE-GNSS1 7.1.0
2026-01-30 19:01:57,479 [INFO] ThirdParty:1030 - CMSIS Pack Vendor :STMicroelectronics X-CUBE-NFC7 1.0.0
2026-01-30 19:01:57,479 [INFO] ThirdParty:1030 - CMSIS Pack Vendor :STMicroelectronics X-CUBE-TOUCHGFX 4.26.0
2026-01-30 19:01:57,479 [INFO] ThirdParty:1030 - CMSIS Pack Vendor :STMicroelectronics X-CUBE-EEPRMA1 4.1.0
2026-01-30 19:01:57,479 [INFO] ThirdParty:1030 - CMSIS Pack Vendor :STMicroelectronics FP-SNS-STBOX1 2.1.0
2026-01-30 19:01:57,479 [INFO] ThirdParty:1030 - CMSIS Pack Vendor :STMicroelectronics FP-SNS-STAIOTCFT 1.0.0
2026-01-30 19:01:57,479 [INFO] ThirdParty:1030 - CMSIS Pack Vendor :STMicroelectronics FP-SNS-SMARTAG2 1.2.0
2026-01-30 19:01:57,479 [INFO] ThirdParty:1030 - CMSIS Pack Vendor :STMicroelectronics FP-SNS-FLIGHT1 5.1.0
2026-01-30 19:01:57,479 [INFO] ThirdParty:1030 - CMSIS Pack Vendor :STMicroelectronics X-CUBE-AZRTOS-WL 2.0.0
2026-01-30 19:01:57,480 [INFO] ThirdParty:1030 - CMSIS Pack Vendor :STMicroelectronics X-CUBE-DPower 1.3.0
2026-01-30 19:01:57,480 [INFO] ThirdParty:1030 - CMSIS Pack Vendor :STMicroelectronics FP-SNS-MOTENV1 5.0.0
2026-01-30 19:01:57,480 [INFO] ThirdParty:1030 - CMSIS Pack Vendor :STMicroelectronics USB_DEVICE 1.0.0
2026-01-30 19:01:57,480 [INFO] ThirdParty:1030 - CMSIS Pack Vendor :STMicroelectronics X-CUBE-AZRTOS-H7RS 1.2.0
2026-01-30 19:01:57,480 [INFO] ThirdParty:1030 - CMSIS Pack Vendor :STMicroelectronics X-CUBE-AZRTOS-L4 2.0.0
2026-01-30 19:01:57,480 [INFO] ThirdParty:1030 - CMSIS Pack Vendor :STMicroelectronics ThreadX 0.0.2
2026-01-30 19:01:57,480 [INFO] ThirdParty:1030 - CMSIS Pack Vendor :STMicroelectronics lwIP 2.1.2
2026-01-30 19:01:57,480 [INFO] ThirdParty:1030 - CMSIS Pack Vendor :STMicroelectronics X-CUBE-SFXS2LP1 4.0.0
2026-01-30 19:01:57,480 [INFO] ThirdParty:1030 - CMSIS Pack Vendor :STMicroelectronics X-CUBE-BLE2 3.3.0
2026-01-30 19:01:57,480 [INFO] ThirdParty:1030 - CMSIS Pack Vendor :Avnet-IOTCONNECT X-CUBE-iotc-st67-sdk 1.0.0
2026-01-30 19:01:57,480 [INFO] ThirdParty:1030 - CMSIS Pack Vendor :STMicroelectronics X-CUBE-TOF1 3.2.0
2026-01-30 19:01:57,480 [INFO] ThirdParty:1030 - CMSIS Pack Vendor :STMicroelectronics PDM2PCM 3.2.0
2026-01-30 19:01:57,480 [INFO] ThirdParty:1030 - CMSIS Pack Vendor :STMicroelectronics X-CUBE-AZRTOS-H7 3.0.0
2026-01-30 19:01:57,480 [INFO] ThirdParty:1030 - CMSIS Pack Vendor :STMicroelectronics X-CUBE-ST67W61 1.2.0
2026-01-30 19:01:57,480 [INFO] ThirdParty:1030 - CMSIS Pack Vendor :STMicroelectronics X-CUBE-ISPU 1.1.0
2026-01-30 19:01:57,480 [INFO] ThirdParty:1030 - CMSIS Pack Vendor :RoweBots I-CUBE-UNISONRTOS 5.5.0-4
2026-01-30 19:01:57,480 [INFO] ThirdParty:1030 - CMSIS Pack Vendor :STMicroelectronics X-CUBE-NFC9 1.0.0
2026-01-30 19:01:57,480 [INFO] ThirdParty:1030 - CMSIS Pack Vendor :wolfSSL I-CUBE-wolfSSL 5.8.2
2026-01-30 19:01:57,480 [INFO] ThirdParty:1030 - CMSIS Pack Vendor :STMicroelectronics X-CUBE-BLE1 7.1.0
2026-01-30 19:01:57,480 [INFO] ThirdParty:1030 - CMSIS Pack Vendor :wolfSSL I-CUBE-wolfMQTT 1.19.2
2026-01-30 19:01:57,480 [INFO] ThirdParty:1030 - CMSIS Pack Vendor :STMicroelectronics USB_DEVICE 3.0.0
2026-01-30 19:01:57,480 [INFO] ThirdParty:1030 - CMSIS Pack Vendor :STMicroelectronics X-CUBE-FREERTOS 1.4.0
2026-01-30 19:01:57,482 [INFO] ThirdParty:1030 - CMSIS Pack Vendor :STMicroelectronics X-CUBE-EEPRMA1 5.2.0
2026-01-30 19:01:57,482 [INFO] ThirdParty:1030 - CMSIS Pack Vendor :STMicroelectronics X-CUBE-BLEMGR 4.1.0
2026-01-30 19:01:57,482 [INFO] ThirdParty:1030 - CMSIS Pack Vendor :STMicroelectronics X-CUBE-AI 8.0.0
2026-01-30 19:01:57,482 [INFO] ThirdParty:1030 - CMSIS Pack Vendor :STMicroelectronics X-CUBE-AZRTOS-WB 2.0.0
2026-01-30 19:01:57,482 [INFO] ThirdParty:1030 - CMSIS Pack Vendor :STMicroelectronics X-CUBE-TOUCHGFX 4.21.1
2026-01-30 19:01:57,482 [INFO] ThirdParty:1030 - CMSIS Pack Vendor :STMicroelectronics X-CUBE-GNSS1 7.0.1
2026-01-30 19:01:57,482 [INFO] ThirdParty:1030 - CMSIS Pack Vendor :STMicroelectronics X-CUBE-TOUCHGFX 4.25.0
2026-01-30 19:01:57,482 [INFO] ThirdParty:1030 - CMSIS Pack Vendor :STMicroelectronics X-CUBE-ST67W61 1.1.0
2026-01-30 19:01:57,482 [INFO] ThirdParty:1030 - CMSIS Pack Vendor :quantropi X-CUBE-qispace-sdk-base 2.1.0
2026-01-30 19:01:57,482 [INFO] ThirdParty:1030 - CMSIS Pack Vendor :STMicroelectronics X-CUBE-MEMS1 12.0.0
2026-01-30 19:01:57,482 [INFO] ThirdParty:1030 - CMSIS Pack Vendor :STMicroelectronics X-CUBE-ALGOBUILD 1.3.0
2026-01-30 19:01:57,482 [INFO] ThirdParty:1030 - CMSIS Pack Vendor :STMicroelectronics X-CUBE-STSE01 2.0.0
2026-01-30 19:01:57,482 [INFO] ThirdParty:1030 - CMSIS Pack Vendor :STMicroelectronics X-CUBE-AZRTOS-L5 1.1.0
2026-01-30 19:01:57,482 [INFO] ThirdParty:1030 - CMSIS Pack Vendor :STMicroelectronics X-CUBE-AZRTOS-G0 1.1.0
2026-01-30 19:01:57,482 [INFO] ThirdParty:1030 - CMSIS Pack Vendor :STMicroelectronics X-CUBE-SAFEA1 1.2.2
2026-01-30 19:01:57,482 [INFO] ThirdParty:1030 - CMSIS Pack Vendor :STMicroelectronics X-CUBE-NFC4 3.0.0
2026-01-30 19:01:57,482 [INFO] ThirdParty:1030 - CMSIS Pack Vendor :STMicroelectronics X-CUBE-SUBG2 5.0.0
2026-01-30 19:01:57,482 [INFO] ThirdParty:1030 - CMSIS Pack Vendor :STMicroelectronics X-CUBE-AZRTOS-H7RS 1.1.0
2026-01-30 19:01:57,482 [INFO] ThirdParty:1030 - CMSIS Pack Vendor :STMicroelectronics STM32_WPAN 1.0.0
2026-01-30 19:01:57,482 [INFO] ThirdParty:1030 - CMSIS Pack Vendor :EmbeddedOffice I-CUBE-FS-RTOS 1.0.1
2026-01-30 19:01:57,482 [INFO] ThirdParty:1030 - CMSIS Pack Vendor :STMicroelectronics lwIP 2.0.3
2026-01-30 19:01:57,482 [INFO] ThirdParty:1030 - CMSIS Pack Vendor :Cesanta I-CUBE-Mongoose 7.13.0
2026-01-30 19:01:57,482 [INFO] ThirdParty:1030 - CMSIS Pack Vendor :STMicroelectronics USB_HOST 1.0.0
2026-01-30 19:01:57,482 [INFO] ThirdParty:1030 - CMSIS Pack Vendor :STMicroelectronics X-CUBE-AZRTOS-G4 2.0.0
2026-01-30 19:01:57,482 [INFO] ThirdParty:1030 - CMSIS Pack Vendor :STMicroelectronics X-CUBE-WB05N 2.0.0
2026-01-30 19:01:57,482 [INFO] ThirdParty:1030 - CMSIS Pack Vendor :STMicroelectronics PDM2PCM 3.1.0
2026-01-30 19:01:57,482 [INFO] ThirdParty:1030 - CMSIS Pack Vendor :STMicroelectronics FP-ATR-ASTRA1 1.1.1
2026-01-30 19:01:57,482 [INFO] ThirdParty:1030 - CMSIS Pack Vendor :wolfSSL I-CUBE-wolfTPM 3.8.0
2026-01-30 19:01:57,483 [INFO] ThirdParty:1030 - CMSIS Pack Vendor :STMicroelectronics X-CUBE-BLEMGR 1.3.0
2026-01-30 19:01:57,483 [INFO] ThirdParty:1030 - CMSIS Pack Vendor :wolfSSL I-CUBE-wolfSSH 1.4.20
2026-01-30 19:01:57,483 [INFO] ThirdParty:1030 - CMSIS Pack Vendor :STMicroelectronics X-CUBE-NFC7 2.0.0
2026-01-30 19:01:57,483 [INFO] ThirdParty:1030 - CMSIS Pack Vendor :STMicroelectronics X-CUBE-TCPP 4.2.0
2026-01-30 19:01:57,483 [INFO] ThirdParty:1030 - CMSIS Pack Vendor :RealThread X-CUBE-RT-Thread_Nano 4.1.1
2026-01-30 19:01:57,483 [INFO] ThirdParty:1030 - CMSIS Pack Vendor :STMicroelectronics FP-ATR-SIGFOX1 3.2.0
2026-01-30 19:01:57,483 [INFO] ThirdParty:1030 - CMSIS Pack Vendor :STMicroelectronics X-CUBE-AZRTOS-G4 1.0.0
2026-01-30 19:01:57,483 [INFO] ThirdParty:1030 - CMSIS Pack Vendor :STMicroelectronics X-CUBE-AZRTOS-L4 1.0.0
2026-01-30 19:01:57,483 [INFO] ThirdParty:1030 - CMSIS Pack Vendor :STMicroelectronics MBEDTLS 2.16.2
2026-01-30 19:01:57,483 [INFO] ThirdParty:1030 - CMSIS Pack Vendor :STMicroelectronics X-CUBE-IPS 3.1.0
2026-01-30 19:01:57,483 [INFO] ThirdParty:1030 - CMSIS Pack Vendor :STMicroelectronics X-CUBE-ALS 1.0.2
2026-01-30 19:01:57,483 [INFO] ThirdParty:1030 - CMSIS Pack Vendor :ITTIA_DB I-CUBE-ITTIADB 8.9.0
2026-01-30 19:01:57,483 [INFO] ThirdParty:1030 - CMSIS Pack Vendor :STMicroelectronics X-CUBE-AZRTOS-WL 1.0.0
2026-01-30 19:01:57,483 [INFO] ThirdParty:1030 - CMSIS Pack Vendor :STMicroelectronics X-CUBE-STSE01 1.0.0
2026-01-30 19:01:57,483 [INFO] ThirdParty:1030 - CMSIS Pack Vendor :portGmbH I-Cube-SoM-uGOAL 1.1.0
2026-01-30 19:01:57,483 [INFO] ThirdParty:1030 - CMSIS Pack Vendor :STMicroelectronics X-CUBE-ALS 1.0.1
2026-01-30 19:01:57,483 [INFO] ThirdParty:1030 - CMSIS Pack Vendor :STMicroelectronics X-CUBE-NFC6 3.2.0
2026-01-30 19:01:57,483 [INFO] ThirdParty:1030 - CMSIS Pack Vendor :STMicroelectronics X-CUBE-MEMS1 9.5.0
2026-01-30 19:01:57,483 [INFO] ThirdParty:1030 - CMSIS Pack Vendor :STMicroelectronics X-CUBE-ST67W61 1.0.0
2026-01-30 19:01:57,483 [INFO] ThirdParty:1030 - CMSIS Pack Vendor :STMicroelectronics X-CUBE-AI 10.2.0
2026-01-30 19:01:57,483 [INFO] ThirdParty:1030 - CMSIS Pack Vendor :STMicroelectronics ThreadX 1.0.0
2026-01-30 19:01:57,483 [INFO] ThirdParty:1030 - CMSIS Pack Vendor :STMicroelectronics X-CUBE-AZRTOS-WB 1.1.0
2026-01-30 19:01:57,483 [INFO] ThirdParty:1030 - CMSIS Pack Vendor :SEGGER I-CUBE-embOS 1.3.1
2026-01-30 19:01:57,483 [INFO] ThirdParty:1030 - CMSIS Pack Vendor :STMicroelectronics X-CUBE-ALGOBUILD 1.4.0
2026-01-30 19:01:57,483 [INFO] ThirdParty:1030 - CMSIS Pack Vendor :STMicroelectronics X-CUBE-MEMS1 11.3.0
2026-01-30 19:01:57,483 [INFO] ThirdParty:1030 - CMSIS Pack Vendor :STMicroelectronics X-CUBE-TOF1 3.4.3
2026-01-30 19:01:57,484 [INFO] ThirdParty:841 - exiting critical section [change project]
2026-01-30 19:01:58,226 [INFO] PinOutPanel:1589 - setPackage(No Configuration,No Configuration)
2026-01-30 19:01:58,230 [INFO] PinOutPanel:1589 - setPackage(STM32G473CETx,LQFP48)
2026-01-30 19:01:58,812 [INFO] UtilMem:75 - Before build in PCC Used Memory: 872734152 Bytes (1073741824)
2026-01-30 19:01:59,912 [INFO] UtilMem:75 - After build in PCC Used Memory: 676953224 Bytes (1073741824)
2026-01-30 19:01:59,959 [INFO] IPUIPlugin:80 - create IPUIPlugin
2026-01-30 19:01:59,959 [INFO] IPUIPlugin:80 - create IPUIPlugin
2026-01-30 19:01:59,959 [INFO] IPUIPlugin:80 - create IPUIPlugin
2026-01-30 19:01:59,959 [INFO] IPUIPlugin:80 - create IPUIPlugin
2026-01-30 19:01:59,959 [INFO] IPUIPlugin:80 - create IPUIPlugin
2026-01-30 19:01:59,959 [INFO] IPUIPlugin:80 - create IPUIPlugin
2026-01-30 19:01:59,959 [INFO] IPUIPlugin:80 - create IPUIPlugin
2026-01-30 19:01:59,959 [INFO] IPUIPlugin:80 - create IPUIPlugin
2026-01-30 19:01:59,959 [INFO] IPUIPlugin:80 - create IPUIPlugin
2026-01-30 19:01:59,960 [INFO] IPUIPlugin:80 - create IPUIPlugin
2026-01-30 19:01:59,960 [INFO] IPUIPlugin:80 - create IPUIPlugin
2026-01-30 19:01:59,960 [INFO] IPUIPlugin:80 - create IPUIPlugin
2026-01-30 19:01:59,960 [INFO] IPUIPlugin:80 - create IPUIPlugin
2026-01-30 19:01:59,960 [INFO] IPUIPlugin:80 - create IPUIPlugin
2026-01-30 19:01:59,960 [INFO] IPUIPlugin:80 - create IPUIPlugin
2026-01-30 19:01:59,960 [INFO] IPUIPlugin:80 - create IPUIPlugin
2026-01-30 19:01:59,961 [INFO] IPUIPlugin:80 - create IPUIPlugin
2026-01-30 19:01:59,961 [INFO] IPUIPlugin:80 - create IPUIPlugin
2026-01-30 19:01:59,961 [INFO] IPUIPlugin:80 - create IPUIPlugin
2026-01-30 19:01:59,961 [INFO] IPUIPlugin:80 - create IPUIPlugin
2026-01-30 19:01:59,961 [INFO] IPUIPlugin:80 - create IPUIPlugin
2026-01-30 19:01:59,961 [INFO] IPUIPlugin:80 - create IPUIPlugin
2026-01-30 19:01:59,961 [INFO] IPUIPlugin:80 - create IPUIPlugin
2026-01-30 19:01:59,961 [INFO] IPUIPlugin:80 - create IPUIPlugin
2026-01-30 19:01:59,961 [INFO] IPUIPlugin:80 - create IPUIPlugin
2026-01-30 19:01:59,962 [INFO] IPUIPlugin:80 - create IPUIPlugin
2026-01-30 19:01:59,962 [INFO] IPUIPlugin:80 - create IPUIPlugin
2026-01-30 19:01:59,962 [INFO] IPUIPlugin:80 - create IPUIPlugin
2026-01-30 19:01:59,962 [INFO] IPUIPlugin:80 - create IPUIPlugin
2026-01-30 19:01:59,962 [INFO] IPUIPlugin:80 - create IPUIPlugin
2026-01-30 19:01:59,962 [INFO] IPUIPlugin:80 - create IPUIPlugin
2026-01-30 19:01:59,962 [INFO] IPUIPlugin:80 - create IPUIPlugin
2026-01-30 19:01:59,963 [INFO] IPUIPlugin:80 - create IPUIPlugin
2026-01-30 19:01:59,963 [INFO] IPUIPlugin:80 - create IPUIPlugin
2026-01-30 19:01:59,963 [INFO] IPUIPlugin:80 - create IPUIPlugin
2026-01-30 19:01:59,963 [INFO] IPUIPlugin:80 - create IPUIPlugin
2026-01-30 19:01:59,963 [INFO] IPUIPlugin:80 - create IPUIPlugin
2026-01-30 19:01:59,964 [INFO] IPUIPlugin:80 - create IPUIPlugin
2026-01-30 19:01:59,964 [INFO] IPUIPlugin:80 - create IPUIPlugin
2026-01-30 19:01:59,964 [INFO] IPUIPlugin:80 - create IPUIPlugin
2026-01-30 19:01:59,964 [INFO] IPUIPlugin:80 - create IPUIPlugin
2026-01-30 19:01:59,964 [INFO] IPUIPlugin:80 - create IPUIPlugin
2026-01-30 19:01:59,964 [INFO] IPUIPlugin:80 - create IPUIPlugin
2026-01-30 19:01:59,964 [INFO] IPUIPlugin:80 - create IPUIPlugin
2026-01-30 19:01:59,966 [INFO] IPUIPlugin:80 - create IPUIPlugin
2026-01-30 19:01:59,966 [INFO] IPUIPlugin:80 - create IPUIPlugin
2026-01-30 19:01:59,966 [INFO] IPUIPlugin:80 - create IPUIPlugin
2026-01-30 19:01:59,967 [INFO] IPUIPlugin:80 - create IPUIPlugin
2026-01-30 19:01:59,967 [INFO] IPUIPlugin:80 - create IPUIPlugin
2026-01-30 19:01:59,968 [INFO] IPUIPlugin:80 - create IPUIPlugin
2026-01-30 19:01:59,968 [INFO] IPUIPlugin:80 - create IPUIPlugin
2026-01-30 19:01:59,968 [INFO] IPUIPlugin:80 - create IPUIPlugin
2026-01-30 19:01:59,968 [INFO] IPUIPlugin:80 - create IPUIPlugin
2026-01-30 19:01:59,969 [INFO] IPUIPlugin:80 - create IPUIPlugin
2026-01-30 19:01:59,969 [INFO] IPUIPlugin:80 - create IPUIPlugin
2026-01-30 19:01:59,969 [INFO] IPUIPlugin:80 - create IPUIPlugin
2026-01-30 19:01:59,969 [INFO] IPUIPlugin:80 - create IPUIPlugin
2026-01-30 19:01:59,970 [INFO] IPUIPlugin:80 - create IPUIPlugin
2026-01-30 19:01:59,970 [INFO] IPUIPlugin:80 - create IPUIPlugin
2026-01-30 19:01:59,970 [INFO] IPUIPlugin:80 - create IPUIPlugin
2026-01-30 19:01:59,970 [INFO] IPUIPlugin:80 - create IPUIPlugin
2026-01-30 19:01:59,970 [INFO] IPUIPlugin:80 - create IPUIPlugin
2026-01-30 19:01:59,970 [INFO] IPUIPlugin:80 - create IPUIPlugin
2026-01-30 19:01:59,971 [INFO] IPUIPlugin:80 - create IPUIPlugin
2026-01-30 19:01:59,971 [INFO] IPUIPlugin:80 - create IPUIPlugin
2026-01-30 19:01:59,971 [INFO] IPUIPlugin:80 - create IPUIPlugin
2026-01-30 19:01:59,972 [INFO] IPUIPlugin:80 - create IPUIPlugin
2026-01-30 19:01:59,972 [INFO] IPUIPlugin:80 - create IPUIPlugin
2026-01-30 19:01:59,972 [INFO] IPUIPlugin:80 - create IPUIPlugin
2026-01-30 19:01:59,973 [INFO] IPUIPlugin:80 - create IPUIPlugin
2026-01-30 19:01:59,973 [INFO] IPUIPlugin:80 - create IPUIPlugin
2026-01-30 19:01:59,973 [INFO] IPUIPlugin:80 - create IPUIPlugin
2026-01-30 19:01:59,974 [INFO] IPUIPlugin:80 - create IPUIPlugin
2026-01-30 19:01:59,975 [INFO] IPUIPlugin:80 - create IPUIPlugin
2026-01-30 19:02:00,279 [INFO] CADModel:165 - CPN selected for project levelSTM32G473CET6
2026-01-30 19:02:00,279 [INFO] CADModel:114 - Register for checkConnection events
2026-01-30 19:02:00,338 [INFO] OpenFileManager:386 - Restore cursor
2026-01-30 19:02:54,100 [INFO] ServerAccessManage:452 - Complete download http(s) 200
2026-01-30 19:02:54,101 [INFO] ServerAccessManage:509 - Download File STMicroelectronics.X-CUBE-AZRTOS-G4.2.0.0.pack
2026-01-30 19:03:02,850 [INFO] AnalyticsPlugin:363 - Accepted License(s) without tracking enabled: [STMicroelectronics.X-CUBE-AZRTOS-G4.2.0.0]
2026-01-30 19:03:02,852 [INFO] FileExtend:248 - Unzip File : STMicroelectronics.X-CUBE-AZRTOS-G4.2.0.0.pack
2026-01-30 19:03:02,852 [INFO] FileExtend:263 - Standard Zip Deflate
2026-01-30 19:03:27,578 [INFO] LoadServerPackagesThread:196 - End of LoadServerPackages Thread
2026-01-30 19:03:28,183 [WARN] ThirdParty:509 - waiting for thirdparty lock release [add software pack]
2026-01-30 19:03:28,183 [INFO] ThirdParty:511 - entering critical section [add software pack]
2026-01-30 19:03:28,855 [INFO] ThirdPartyModel:298 - Start build external matchings
2026-01-30 19:03:30,554 [INFO] ThirdPartyModel:316 - End build external matchings
2026-01-30 19:03:31,098 [INFO] ThirdPartyPackRequestProcessor:621 - CMSIS Pack Vendor :STMicroelectronics X-CUBE-PM33A1 1.0.0
2026-01-30 19:03:31,099 [INFO] ThirdPartyPackRequestProcessor:621 - CMSIS Pack Vendor :STMicroelectronics USBPD 4.1
2026-01-30 19:03:31,099 [INFO] ThirdPartyPackRequestProcessor:621 - CMSIS Pack Vendor :STMicroelectronics X-CUBE-GNSS1 6.0.0
2026-01-30 19:03:31,099 [INFO] ThirdPartyPackRequestProcessor:621 - CMSIS Pack Vendor :STMicroelectronics USB_HOST 2.0.0
2026-01-30 19:03:31,099 [INFO] ThirdPartyPackRequestProcessor:621 - CMSIS Pack Vendor :STMicroelectronics FP-SNS-MOTENVWB1 1.4.0
2026-01-30 19:03:31,099 [INFO] ThirdPartyPackRequestProcessor:621 - CMSIS Pack Vendor :STMicroelectronics X-CUBE-AZRTOS-F4 1.1.0
2026-01-30 19:03:31,099 [INFO] ThirdPartyPackRequestProcessor:621 - CMSIS Pack Vendor :STMicroelectronics LIBJPEG 8.0.0
2026-01-30 19:03:31,099 [INFO] ThirdPartyPackRequestProcessor:621 - CMSIS Pack Vendor :STMicroelectronics FP-ATR-ASTRA1 2.0.2
2026-01-30 19:03:31,099 [INFO] ThirdPartyPackRequestProcessor:621 - CMSIS Pack Vendor :Avnet-IotConnect X-CUBE-IoTC-DA16k-PMOD 1.0.0
2026-01-30 19:03:31,100 [INFO] ThirdPartyPackRequestProcessor:621 - CMSIS Pack Vendor :STMicroelectronics X-CUBE-SMBUS 2.1.0
2026-01-30 19:03:31,101 [INFO] ThirdPartyPackRequestProcessor:621 - CMSIS Pack Vendor :STMicroelectronics X-CUBE-ISPU 2.1.0
2026-01-30 19:03:31,102 [INFO] ThirdPartyPackRequestProcessor:621 - CMSIS Pack Vendor :STMicroelectronics X-CUBE-IPS 3.2.0
2026-01-30 19:03:31,102 [INFO] ThirdPartyPackRequestProcessor:621 - CMSIS Pack Vendor :STMicroelectronics X-CUBE-ST60 1.0.0
2026-01-30 19:03:31,102 [INFO] ThirdPartyPackRequestProcessor:621 - CMSIS Pack Vendor :STMicroelectronics X-CUBE-NFC12 1.0.0
2026-01-30 19:03:31,102 [INFO] ThirdPartyPackRequestProcessor:621 - CMSIS Pack Vendor :STMicroelectronics X-CUBE-AZRTOS-F7 1.1.0
2026-01-30 19:03:31,103 [INFO] ThirdPartyPackRequestProcessor:621 - CMSIS Pack Vendor :STMicroelectronics X-CUBE-AZRTOS-L5 2.0.0
2026-01-30 19:03:31,103 [INFO] ThirdPartyPackRequestProcessor:621 - CMSIS Pack Vendor :STMicroelectronics USB_DEVICE 2.0.0
2026-01-30 19:03:31,103 [INFO] ThirdPartyPackRequestProcessor:621 - CMSIS Pack Vendor :STMicroelectronics X-CUBE-NFC6 3.1.0
2026-01-30 19:03:31,103 [INFO] ThirdPartyPackRequestProcessor:621 - CMSIS Pack Vendor :STMicroelectronics X-CUBE-BLE1 6.2.4
2026-01-30 19:03:31,103 [INFO] ThirdPartyPackRequestProcessor:621 - CMSIS Pack Vendor :STMicroelectronics FP-SNS-MOTENV1 5.1.0
2026-01-30 19:03:31,103 [INFO] ThirdPartyPackRequestProcessor:621 - CMSIS Pack Vendor :STMicroelectronics FreeRTOS 0.0.1
2026-01-30 19:03:31,103 [INFO] ThirdPartyPackRequestProcessor:621 - CMSIS Pack Vendor :emotas I-CUBE-CANOPEN 1.1.3
2026-01-30 19:03:31,104 [INFO] ThirdPartyPackRequestProcessor:621 - CMSIS Pack Vendor :WES I-CUBE-Cesium 1.4.0
2026-01-30 19:03:31,104 [INFO] ThirdPartyPackRequestProcessor:621 - CMSIS Pack Vendor :Infineon AIROC-Wi-Fi-Bluetooth-STM32 1.7.1
2026-01-30 19:03:31,104 [INFO] ThirdPartyPackRequestProcessor:621 - CMSIS Pack Vendor :STMicroelectronics PDM2PCM 3.3.0
2026-01-30 19:03:31,104 [INFO] ThirdPartyPackRequestProcessor:621 - CMSIS Pack Vendor :STMicroelectronics X-CUBE-AZRTOS-H7 3.4.0
2026-01-30 19:03:31,104 [INFO] ThirdPartyPackRequestProcessor:621 - CMSIS Pack Vendor :STMicroelectronics X-CUBE-DISPLAY 3.0.0
2026-01-30 19:03:31,104 [INFO] ThirdPartyPackRequestProcessor:621 - CMSIS Pack Vendor :STMicroelectronics X-CUBE-NFC10 1.0.0
2026-01-30 19:03:31,104 [INFO] ThirdPartyPackRequestProcessor:621 - CMSIS Pack Vendor :wolfSSL I-CUBE-wolfSSL 5.5.4
2026-01-30 19:03:31,104 [INFO] ThirdPartyPackRequestProcessor:621 - CMSIS Pack Vendor :STMicroelectronics X-CUBE-FREERTOS 1.3.1
2026-01-30 19:03:31,105 [INFO] ThirdPartyPackRequestProcessor:621 - CMSIS Pack Vendor :STMicroelectronics HAL Drivers 0.0.0
2026-01-30 19:03:31,105 [INFO] ThirdPartyPackRequestProcessor:621 - CMSIS Pack Vendor :STMicroelectronics X-CUBE-ST60 1.1.0
2026-01-30 19:03:31,105 [INFO] ThirdPartyPackRequestProcessor:621 - CMSIS Pack Vendor :emotas I-CUBE-CANOPEN 1.3.0
2026-01-30 19:03:31,105 [INFO] ThirdPartyPackRequestProcessor:621 - CMSIS Pack Vendor :STMicroelectronics MBEDTLS 2.14.1
2026-01-30 19:03:31,105 [INFO] ThirdPartyPackRequestProcessor:621 - CMSIS Pack Vendor :STMicroelectronics X-CUBE-GNSS1 7.1.0
2026-01-30 19:03:31,105 [INFO] ThirdPartyPackRequestProcessor:621 - CMSIS Pack Vendor :STMicroelectronics X-CUBE-NFC7 1.0.0
2026-01-30 19:03:31,105 [INFO] ThirdPartyPackRequestProcessor:621 - CMSIS Pack Vendor :STMicroelectronics X-CUBE-TOUCHGFX 4.26.0
2026-01-30 19:03:31,105 [INFO] ThirdPartyPackRequestProcessor:621 - CMSIS Pack Vendor :STMicroelectronics X-CUBE-EEPRMA1 4.1.0
2026-01-30 19:03:31,105 [INFO] ThirdPartyPackRequestProcessor:621 - CMSIS Pack Vendor :STMicroelectronics FP-SNS-STBOX1 2.1.0
2026-01-30 19:03:31,105 [INFO] ThirdPartyPackRequestProcessor:621 - CMSIS Pack Vendor :STMicroelectronics FP-SNS-STAIOTCFT 1.0.0
2026-01-30 19:03:31,105 [INFO] ThirdPartyPackRequestProcessor:621 - CMSIS Pack Vendor :STMicroelectronics FP-SNS-SMARTAG2 1.2.0
2026-01-30 19:03:31,106 [INFO] ThirdPartyPackRequestProcessor:621 - CMSIS Pack Vendor :STMicroelectronics FP-SNS-FLIGHT1 5.1.0
2026-01-30 19:03:31,106 [INFO] ThirdPartyPackRequestProcessor:621 - CMSIS Pack Vendor :STMicroelectronics X-CUBE-AZRTOS-WL 2.0.0
2026-01-30 19:03:31,106 [INFO] ThirdPartyPackRequestProcessor:621 - CMSIS Pack Vendor :STMicroelectronics X-CUBE-DPower 1.3.0
2026-01-30 19:03:31,106 [INFO] ThirdPartyPackRequestProcessor:621 - CMSIS Pack Vendor :STMicroelectronics FP-SNS-MOTENV1 5.0.0
2026-01-30 19:03:31,106 [INFO] ThirdPartyPackRequestProcessor:621 - CMSIS Pack Vendor :STMicroelectronics USB_DEVICE 1.0.0
2026-01-30 19:03:31,106 [INFO] ThirdPartyPackRequestProcessor:621 - CMSIS Pack Vendor :STMicroelectronics X-CUBE-AZRTOS-H7RS 1.2.0
2026-01-30 19:03:31,106 [INFO] ThirdPartyPackRequestProcessor:621 - CMSIS Pack Vendor :STMicroelectronics X-CUBE-AZRTOS-L4 2.0.0
2026-01-30 19:03:31,106 [INFO] ThirdPartyPackRequestProcessor:621 - CMSIS Pack Vendor :STMicroelectronics ThreadX 0.0.2
2026-01-30 19:03:31,106 [INFO] ThirdPartyPackRequestProcessor:621 - CMSIS Pack Vendor :STMicroelectronics lwIP 2.1.2
2026-01-30 19:03:31,106 [INFO] ThirdPartyPackRequestProcessor:621 - CMSIS Pack Vendor :STMicroelectronics X-CUBE-SFXS2LP1 4.0.0
2026-01-30 19:03:31,106 [INFO] ThirdPartyPackRequestProcessor:621 - CMSIS Pack Vendor :STMicroelectronics X-CUBE-BLE2 3.3.0
2026-01-30 19:03:31,106 [INFO] ThirdPartyPackRequestProcessor:621 - CMSIS Pack Vendor :Avnet-IOTCONNECT X-CUBE-iotc-st67-sdk 1.0.0
2026-01-30 19:03:31,107 [INFO] ThirdPartyPackRequestProcessor:621 - CMSIS Pack Vendor :STMicroelectronics X-CUBE-TOF1 3.2.0
2026-01-30 19:03:31,107 [INFO] ThirdPartyPackRequestProcessor:621 - CMSIS Pack Vendor :STMicroelectronics PDM2PCM 3.2.0
2026-01-30 19:03:31,107 [INFO] ThirdPartyPackRequestProcessor:621 - CMSIS Pack Vendor :STMicroelectronics X-CUBE-AZRTOS-H7 3.0.0
2026-01-30 19:03:31,107 [INFO] ThirdPartyPackRequestProcessor:621 - CMSIS Pack Vendor :STMicroelectronics X-CUBE-ST67W61 1.2.0
2026-01-30 19:03:31,107 [INFO] ThirdPartyPackRequestProcessor:621 - CMSIS Pack Vendor :STMicroelectronics X-CUBE-ISPU 1.1.0
2026-01-30 19:03:31,107 [INFO] ThirdPartyPackRequestProcessor:621 - CMSIS Pack Vendor :RoweBots I-CUBE-UNISONRTOS 5.5.0-4
2026-01-30 19:03:31,107 [INFO] ThirdPartyPackRequestProcessor:621 - CMSIS Pack Vendor :STMicroelectronics X-CUBE-NFC9 1.0.0
2026-01-30 19:03:31,107 [INFO] ThirdPartyPackRequestProcessor:621 - CMSIS Pack Vendor :wolfSSL I-CUBE-wolfSSL 5.8.2
2026-01-30 19:03:31,107 [INFO] ThirdPartyPackRequestProcessor:621 - CMSIS Pack Vendor :STMicroelectronics X-CUBE-BLE1 7.1.0
2026-01-30 19:03:31,107 [INFO] ThirdPartyPackRequestProcessor:621 - CMSIS Pack Vendor :wolfSSL I-CUBE-wolfMQTT 1.19.2
2026-01-30 19:03:31,107 [INFO] ThirdPartyPackRequestProcessor:621 - CMSIS Pack Vendor :STMicroelectronics USB_DEVICE 3.0.0
2026-01-30 19:03:31,107 [INFO] ThirdPartyPackRequestProcessor:621 - CMSIS Pack Vendor :STMicroelectronics X-CUBE-FREERTOS 1.4.0
2026-01-30 19:03:31,107 [INFO] ThirdPartyPackRequestProcessor:621 - CMSIS Pack Vendor :STMicroelectronics X-CUBE-EEPRMA1 5.2.0
2026-01-30 19:03:31,108 [INFO] ThirdPartyPackRequestProcessor:621 - CMSIS Pack Vendor :STMicroelectronics X-CUBE-BLEMGR 4.1.0
2026-01-30 19:03:31,108 [INFO] ThirdPartyPackRequestProcessor:621 - CMSIS Pack Vendor :STMicroelectronics X-CUBE-AI 8.0.0
2026-01-30 19:03:31,108 [INFO] ThirdPartyPackRequestProcessor:621 - CMSIS Pack Vendor :STMicroelectronics X-CUBE-AZRTOS-WB 2.0.0
2026-01-30 19:03:31,108 [INFO] ThirdPartyPackRequestProcessor:621 - CMSIS Pack Vendor :STMicroelectronics X-CUBE-TOUCHGFX 4.21.1
2026-01-30 19:03:31,108 [INFO] ThirdPartyPackRequestProcessor:621 - CMSIS Pack Vendor :STMicroelectronics X-CUBE-GNSS1 7.0.1
2026-01-30 19:03:31,108 [INFO] ThirdPartyPackRequestProcessor:621 - CMSIS Pack Vendor :STMicroelectronics X-CUBE-TOUCHGFX 4.25.0
2026-01-30 19:03:31,108 [INFO] ThirdPartyPackRequestProcessor:621 - CMSIS Pack Vendor :STMicroelectronics X-CUBE-ST67W61 1.1.0
2026-01-30 19:03:31,108 [INFO] ThirdPartyPackRequestProcessor:621 - CMSIS Pack Vendor :quantropi X-CUBE-qispace-sdk-base 2.1.0
2026-01-30 19:03:31,108 [INFO] ThirdPartyPackRequestProcessor:621 - CMSIS Pack Vendor :STMicroelectronics X-CUBE-MEMS1 12.0.0
2026-01-30 19:03:31,109 [INFO] ThirdPartyPackRequestProcessor:621 - CMSIS Pack Vendor :STMicroelectronics X-CUBE-ALGOBUILD 1.3.0
2026-01-30 19:03:31,109 [INFO] ThirdPartyPackRequestProcessor:621 - CMSIS Pack Vendor :STMicroelectronics X-CUBE-STSE01 2.0.0
2026-01-30 19:03:31,109 [INFO] ThirdPartyPackRequestProcessor:621 - CMSIS Pack Vendor :STMicroelectronics X-CUBE-AZRTOS-L5 1.1.0
2026-01-30 19:03:31,109 [INFO] ThirdPartyPackRequestProcessor:621 - CMSIS Pack Vendor :STMicroelectronics X-CUBE-AZRTOS-G0 1.1.0
2026-01-30 19:03:31,109 [INFO] ThirdPartyPackRequestProcessor:621 - CMSIS Pack Vendor :STMicroelectronics X-CUBE-SAFEA1 1.2.2
2026-01-30 19:03:31,109 [INFO] ThirdPartyPackRequestProcessor:621 - CMSIS Pack Vendor :STMicroelectronics X-CUBE-NFC4 3.0.0
2026-01-30 19:03:31,109 [INFO] ThirdPartyPackRequestProcessor:621 - CMSIS Pack Vendor :STMicroelectronics X-CUBE-SUBG2 5.0.0
2026-01-30 19:03:31,109 [INFO] ThirdPartyPackRequestProcessor:621 - CMSIS Pack Vendor :STMicroelectronics X-CUBE-AZRTOS-H7RS 1.1.0
2026-01-30 19:03:31,109 [INFO] ThirdPartyPackRequestProcessor:621 - CMSIS Pack Vendor :STMicroelectronics STM32_WPAN 1.0.0
2026-01-30 19:03:31,109 [INFO] ThirdPartyPackRequestProcessor:621 - CMSIS Pack Vendor :EmbeddedOffice I-CUBE-FS-RTOS 1.0.1
2026-01-30 19:03:31,110 [INFO] ThirdPartyPackRequestProcessor:621 - CMSIS Pack Vendor :STMicroelectronics lwIP 2.0.3
2026-01-30 19:03:31,110 [INFO] ThirdPartyPackRequestProcessor:621 - CMSIS Pack Vendor :Cesanta I-CUBE-Mongoose 7.13.0
2026-01-30 19:03:31,110 [INFO] ThirdPartyPackRequestProcessor:621 - CMSIS Pack Vendor :STMicroelectronics USB_HOST 1.0.0
2026-01-30 19:03:31,110 [INFO] ThirdPartyPackRequestProcessor:621 - CMSIS Pack Vendor :STMicroelectronics X-CUBE-AZRTOS-G4 2.0.0
2026-01-30 19:03:31,110 [INFO] ThirdPartyPackRequestProcessor:621 - CMSIS Pack Vendor :STMicroelectronics X-CUBE-WB05N 2.0.0
2026-01-30 19:03:31,110 [INFO] ThirdPartyPackRequestProcessor:621 - CMSIS Pack Vendor :STMicroelectronics PDM2PCM 3.1.0
2026-01-30 19:03:31,112 [INFO] ThirdPartyPackRequestProcessor:621 - CMSIS Pack Vendor :STMicroelectronics FP-ATR-ASTRA1 1.1.1
2026-01-30 19:03:31,112 [INFO] ThirdPartyPackRequestProcessor:621 - CMSIS Pack Vendor :wolfSSL I-CUBE-wolfTPM 3.8.0
2026-01-30 19:03:31,112 [INFO] ThirdPartyPackRequestProcessor:621 - CMSIS Pack Vendor :STMicroelectronics X-CUBE-BLEMGR 1.3.0
2026-01-30 19:03:31,112 [INFO] ThirdPartyPackRequestProcessor:621 - CMSIS Pack Vendor :wolfSSL I-CUBE-wolfSSH 1.4.20
2026-01-30 19:03:31,112 [INFO] ThirdPartyPackRequestProcessor:621 - CMSIS Pack Vendor :STMicroelectronics X-CUBE-NFC7 2.0.0
2026-01-30 19:03:31,113 [INFO] ThirdPartyPackRequestProcessor:621 - CMSIS Pack Vendor :STMicroelectronics X-CUBE-TCPP 4.2.0
2026-01-30 19:03:31,113 [INFO] ThirdPartyPackRequestProcessor:621 - CMSIS Pack Vendor :RealThread X-CUBE-RT-Thread_Nano 4.1.1
2026-01-30 19:03:31,113 [INFO] ThirdPartyPackRequestProcessor:621 - CMSIS Pack Vendor :STMicroelectronics FP-ATR-SIGFOX1 3.2.0
2026-01-30 19:03:31,113 [INFO] ThirdPartyPackRequestProcessor:621 - CMSIS Pack Vendor :STMicroelectronics X-CUBE-AZRTOS-G4 1.0.0
2026-01-30 19:03:31,113 [INFO] ThirdPartyPackRequestProcessor:621 - CMSIS Pack Vendor :STMicroelectronics X-CUBE-AZRTOS-L4 1.0.0
2026-01-30 19:03:31,113 [INFO] ThirdPartyPackRequestProcessor:621 - CMSIS Pack Vendor :STMicroelectronics MBEDTLS 2.16.2
2026-01-30 19:03:31,113 [INFO] ThirdPartyPackRequestProcessor:621 - CMSIS Pack Vendor :STMicroelectronics X-CUBE-IPS 3.1.0
2026-01-30 19:03:31,113 [INFO] ThirdPartyPackRequestProcessor:621 - CMSIS Pack Vendor :STMicroelectronics X-CUBE-ALS 1.0.2
2026-01-30 19:03:31,113 [INFO] ThirdPartyPackRequestProcessor:621 - CMSIS Pack Vendor :ITTIA_DB I-CUBE-ITTIADB 8.9.0
2026-01-30 19:03:31,113 [INFO] ThirdPartyPackRequestProcessor:621 - CMSIS Pack Vendor :STMicroelectronics X-CUBE-AZRTOS-WL 1.0.0
2026-01-30 19:03:31,113 [INFO] ThirdPartyPackRequestProcessor:621 - CMSIS Pack Vendor :STMicroelectronics X-CUBE-STSE01 1.0.0
2026-01-30 19:03:31,113 [INFO] ThirdPartyPackRequestProcessor:621 - CMSIS Pack Vendor :portGmbH I-Cube-SoM-uGOAL 1.1.0
2026-01-30 19:03:31,114 [INFO] ThirdPartyPackRequestProcessor:621 - CMSIS Pack Vendor :STMicroelectronics X-CUBE-ALS 1.0.1
2026-01-30 19:03:31,114 [INFO] ThirdPartyPackRequestProcessor:621 - CMSIS Pack Vendor :STMicroelectronics X-CUBE-NFC6 3.2.0
2026-01-30 19:03:31,114 [INFO] ThirdPartyPackRequestProcessor:621 - CMSIS Pack Vendor :STMicroelectronics X-CUBE-MEMS1 9.5.0
2026-01-30 19:03:31,114 [INFO] ThirdPartyPackRequestProcessor:621 - CMSIS Pack Vendor :STMicroelectronics X-CUBE-ST67W61 1.0.0
2026-01-30 19:03:31,114 [INFO] ThirdPartyPackRequestProcessor:621 - CMSIS Pack Vendor :STMicroelectronics X-CUBE-AI 10.2.0
2026-01-30 19:03:31,114 [INFO] ThirdPartyPackRequestProcessor:621 - CMSIS Pack Vendor :STMicroelectronics ThreadX 1.0.0
2026-01-30 19:03:31,114 [INFO] ThirdPartyPackRequestProcessor:621 - CMSIS Pack Vendor :STMicroelectronics X-CUBE-AZRTOS-WB 1.1.0
2026-01-30 19:03:31,114 [INFO] ThirdPartyPackRequestProcessor:621 - CMSIS Pack Vendor :SEGGER I-CUBE-embOS 1.3.1
2026-01-30 19:03:31,114 [INFO] ThirdPartyPackRequestProcessor:621 - CMSIS Pack Vendor :STMicroelectronics X-CUBE-ALGOBUILD 1.4.0
2026-01-30 19:03:31,114 [INFO] ThirdPartyPackRequestProcessor:621 - CMSIS Pack Vendor :STMicroelectronics X-CUBE-MEMS1 11.3.0
2026-01-30 19:03:31,114 [INFO] ThirdPartyPackRequestProcessor:621 - CMSIS Pack Vendor :STMicroelectronics X-CUBE-TOF1 3.4.3
2026-01-30 19:03:31,115 [INFO] ThirdParty:514 - exiting critical section [add software pack]
2026-01-30 19:03:31,116 [INFO] LoadServerUpdatesThread:375 - End of LoadServerUpdate Thread
2026-01-30 19:03:31,469 [INFO] ThirdPartyModel:298 - Start build external matchings
2026-01-30 19:03:31,518 [INFO] MainUpdater:1610 - ProgressBar Return now
2026-01-30 19:03:32,966 [INFO] ThirdPartyModel:316 - End build external matchings
2026-01-30 19:03:33,227 [INFO] CheckServerUpdateThread:120 - End of CheckServer Thread
2026-01-30 19:03:53,578 [INFO] I2cTimingTraitement:330 - 0x40621236
2026-01-30 19:04:03,363 [INFO] CADModel:198 - CPN selected (Project mode): STM32G473CET6
2026-01-30 19:04:03,363 [INFO] CADModel:200 - Internet connection configuration mode: 1
2026-01-30 19:04:03,364 [INFO] CADModel:203 - rpn retrievedSTM32G473CE
2026-01-30 19:04:03,376 [INFO] WebAppUi:336 - Instantiating new browser for Project
2026-01-30 19:04:04,014 [INFO] WebAppUi:1235 - Register for checkConnection events
2026-01-30 19:04:04,014 [INFO] WebAppUi:1270 - Apply proxy settings
2026-01-30 19:04:04,015 [INFO] WebAppUi:1308 - Chromium requires no authentication
2026-01-30 19:04:04,018 [INFO] WebAppUi:1294 - Direct internet connection detected
2026-01-30 19:04:04,027 [INFO] WebAppUi:1166 - Web application path used D:\Programy\STM32CubeIDE_1.19.0\STM32CubeIDE\plugins\com.st.stm32cube.common.mx_6.15.0.202507011659\db\plugins\mcufinder\reactClient\index.html
2026-01-30 19:04:04,066 [INFO] WebAppUi:938 - Path where api_config.json is located C:\Users\kujon\.stmcufinder\plugins\mcufinder//mcu/api_config.json
2026-01-30 19:04:04,067 [INFO] WebAppUi:939 - Setting api config in window object
2026-01-30 19:04:04,131 [INFO] WebAppUi:947 - Path where cad_preferences.json is located C:\Users\kujon/.stm32cubeide/
2026-01-30 19:04:04,132 [INFO] WebAppUi:948 - Setting consent info in window object
2026-01-30 19:04:04,754 [INFO] WebAppUi:843 - Allow Downloads
2026-01-30 19:04:04,755 [INFO] WebAppUi:336 - Instantiating new browser for Finder
2026-01-30 19:04:04,867 [INFO] WebAppUi:1100 - Web application message: [UlApiManager component] Connecting to SSO
2026-01-30 19:04:05,003 [INFO] WebAppUi:1235 - Register for checkConnection events
2026-01-30 19:04:05,004 [INFO] WebAppUi:1270 - Apply proxy settings
2026-01-30 19:04:05,004 [INFO] WebAppUi:1308 - Chromium requires no authentication
2026-01-30 19:04:05,004 [INFO] WebAppUi:1294 - Direct internet connection detected
2026-01-30 19:04:05,013 [INFO] WebAppUi:1166 - Web application path used D:\Programy\STM32CubeIDE_1.19.0\STM32CubeIDE\plugins\com.st.stm32cube.common.mx_6.15.0.202507011659\db\plugins\mcufinder\reactClient\index.html
2026-01-30 19:04:05,029 [INFO] WebAppUi:938 - Path where api_config.json is located C:\Users\kujon\.stmcufinder\plugins\mcufinder//mcu/api_config.json
2026-01-30 19:04:05,030 [INFO] WebAppUi:939 - Setting api config in window object
2026-01-30 19:04:05,071 [INFO] WebAppUi:947 - Path where cad_preferences.json is located C:\Users\kujon/.stm32cubeide/
2026-01-30 19:04:05,071 [INFO] WebAppUi:948 - Setting consent info in window object
2026-01-30 19:04:05,563 [INFO] WebAppUi:1100 - Web application message: [UlApiManager component] Connected to Ultra Librarian SSO
2026-01-30 19:04:05,564 [INFO] WebAppUi:1100 - Web application message: [UlApiManager component] Connected to Ultra Librarian API
2026-01-30 19:04:05,612 [INFO] WebAppUi:843 - Allow Downloads
2026-01-30 19:04:05,613 [INFO] WebAppUi:664 - RPN selected STM32G473CE
2026-01-30 19:04:05,614 [INFO] WebAppUi:665 - RefName selected STM32G473CETx
2026-01-30 19:04:05,614 [INFO] WebAppUi:666 - CPN selected STM32G473CET6
2026-01-30 19:04:05,620 [INFO] WebAppUi:829 - Which Bigleton in use 2 and which CPN is about STM32G473CET6
2026-01-30 19:04:05,627 [INFO] WebAppUi:703 - Have injected Javascript into web application
2026-01-30 19:04:05,627 [INFO] WebAppUiContainer:153 - Web application run mode: Project CPN: STM32G473CET6
2026-01-30 19:04:05,661 [INFO] WebAppUi:1100 - Web application message: [UlApiManager component] Connecting to SSO
2026-01-30 19:04:06,442 [INFO] WebAppUi:1100 - Web application message: [UlApiManager component] Connected to Ultra Librarian SSO
2026-01-30 19:04:06,444 [INFO] WebAppUi:1100 - Web application message: [UlApiManager component] Connected to Ultra Librarian API
2026-01-30 19:04:08,444 [INFO] WebAppUi:938 - Path where api_config.json is located C:\Users\kujon\.stmcufinder\plugins\mcufinder//mcu/api_config.json
2026-01-30 19:04:08,446 [INFO] WebAppUi:939 - Setting api config in window object
2026-01-30 19:04:08,481 [INFO] WebAppUi:947 - Path where cad_preferences.json is located C:\Users\kujon/.stm32cubeide/
2026-01-30 19:04:08,481 [INFO] WebAppUi:948 - Setting consent info in window object
2026-01-30 19:04:09,671 [INFO] WebAppUi:1100 - Web application message: THREE.WebGLRenderer 101
2026-01-30 19:08:14,708 [INFO] UtilMem:75 - End SaveConfig() Used Memory: 989367024 Bytes (1073741824)
2026-01-30 19:08:24,793 [INFO] WebAppUi:305 - Path where cad_preferences.json is located C:\Users\kujon/.stm32cubeide/
2026-01-30 19:08:24,793 [INFO] WebAppUi:306 - Updating consent from JSON file
2026-01-30 19:08:24,799 [INFO] WebAppUi:305 - Path where cad_preferences.json is located C:\Users\kujon/.stm32cubeide/
2026-01-30 19:08:24,799 [INFO] WebAppUi:306 - Updating consent from JSON file
2026-01-30 19:08:25,456 [INFO] WebApp:403 - JxBrowser engine has been closed 
2026-01-30 19:08:25,458 [INFO] WebAppUi:504 - JxBrowser engine has been closed 
2026-01-30 19:08:25,458 [INFO] WebAppUi:541 - Close the Jxbrowser engine manually
2026-01-30 19:08:49,367 [ERROR] LogOutputStream:75 - [STDERR_REDIRECT] 
2026-01-30 19:09:02,467 [INFO] Activator:176 - 


2026-01-30 19:09:02,470 [INFO] Activator:177 - !SESSION log4j initialized
2026-01-30 19:09:09,611 [INFO] LogOutputStream:77 - [STDOUT_REDIRECT] 
2026-01-30 19:09:11,132 [INFO] ApplicationProperties:184 - Using Application install path: D:\Programy\STM32CubeIDE_1.19.0\STM32CubeIDE\plugins\com.st.stm32cube.common.mx_6.15.0.202507011659
2026-01-30 19:09:11,150 [INFO] DbMcusXml:78 - Set database path to: D:\Programy\STM32CubeIDE_1.19.0\STM32CubeIDE\plugins\com.st.stm32cube.common.mx_6.15.0.202507011659\\db\/mcu/
2026-01-30 19:09:11,150 [INFO] ApiDb:274 - Set plugin database path to: D:\Programy\STM32CubeIDE_1.19.0\STM32CubeIDE\plugins\com.st.stm32cube.common.mx_6.15.0.202507011659\\db\/plugins/boardmanager/
2026-01-30 19:09:11,150 [WARN] ApiDb:259 - Overriding images path with different value:  => D:\Programy\STM32CubeIDE_1.19.0\STM32CubeIDE\plugins\com.st.stm32cube.common.mx_6.15.0.202507011659\\db\/plugins/mcufinder/images/
2026-01-30 19:09:11,157 [INFO] ApiDb:250 - Set database path to: C:\Users\kujon\.stmcufinder\plugins\mcufinder//mcu/
2026-01-30 19:09:11,158 [INFO] DbMcusAds:125 - Set database path to: C:\Users\kujon\.stmcufinder\plugins\mcufinder//mcu/
2026-01-30 19:09:11,160 [INFO] CrossReferenceDbSqlite:203 - Set database path to: C:\Users\kujon\.stmcufinder\plugins\mcufinder//mcu/cs/
2026-01-30 19:09:11,280 [INFO] RulesReader:64 - Compatibility file has been processed (317 Rules)
2026-01-30 19:09:11,375 [INFO] DbMcusXml:78 - Set database path to: D:\Programy\STM32CubeIDE_1.19.0\STM32CubeIDE\plugins\com.st.stm32cube.common.mx_6.15.0.202507011659\\db\/mcu/
2026-01-30 19:09:11,376 [INFO] ApiDb:274 - Set plugin database path to: D:\Programy\STM32CubeIDE_1.19.0\STM32CubeIDE\plugins\com.st.stm32cube.common.mx_6.15.0.202507011659\\db\/plugins/boardmanager/
2026-01-30 19:09:11,376 [INFO] ApiDb:261 - Set plugin images path to: D:\Programy\STM32CubeIDE_1.19.0\STM32CubeIDE\plugins\com.st.stm32cube.common.mx_6.15.0.202507011659\\db\/plugins/mcufinder/images/
2026-01-30 19:09:11,376 [WARN] DbFile:41 - Overriding database path with different value: C:\Users\kujon\.stmcufinder\plugins\mcufinder/ => C:\Users\kujon\.stmcufinder\plugins\mcufinder
2026-01-30 19:09:11,376 [INFO] ApiDb:250 - Set database path to: C:\Users\kujon\.stmcufinder\plugins\mcufinder//mcu/
2026-01-30 19:09:11,376 [WARN] DbFile:41 - Overriding database path with different value: C:\Users\kujon\.stmcufinder\plugins\mcufinder/ => C:\Users\kujon\.stmcufinder\plugins\mcufinder
2026-01-30 19:09:11,376 [INFO] DbMcusAds:125 - Set database path to: C:\Users\kujon\.stmcufinder\plugins\mcufinder//mcu/
2026-01-30 19:09:11,376 [WARN] DbFile:41 - Overriding database path with different value: C:\Users\kujon\.stmcufinder\plugins\mcufinder/ => C:\Users\kujon\.stmcufinder\plugins\mcufinder
2026-01-30 19:09:11,376 [WARN] DbFile:41 - Overriding database path with different value: C:\Users\kujon\.stmcufinder\plugins\mcufinder/ => C:\Users\kujon\.stmcufinder\plugins\mcufinder
2026-01-30 19:09:11,376 [INFO] CrossReferenceDbSqlite:203 - Set database path to: C:\Users\kujon\.stmcufinder\plugins\mcufinder//mcu/cs/
2026-01-30 19:09:11,492 [INFO] MainPanel:274 - HeapMemory: 268435456
2026-01-30 19:09:11,684 [INFO] DbMcusXml:78 - Set database path to: D:\Programy\STM32CubeIDE_1.19.0\STM32CubeIDE\plugins\com.st.stm32cube.common.mx_6.15.0.202507011659\\db\/mcu/
2026-01-30 19:09:11,684 [INFO] ApiDb:274 - Set plugin database path to: D:\Programy\STM32CubeIDE_1.19.0\STM32CubeIDE\plugins\com.st.stm32cube.common.mx_6.15.0.202507011659\\db\/plugins/boardmanager/
2026-01-30 19:09:11,684 [INFO] ApiDb:261 - Set plugin images path to: D:\Programy\STM32CubeIDE_1.19.0\STM32CubeIDE\plugins\com.st.stm32cube.common.mx_6.15.0.202507011659\\db\/plugins/mcufinder/images/
2026-01-30 19:09:11,685 [WARN] DbFile:41 - Overriding database path with different value: C:\Users\kujon\.stmcufinder\plugins\mcufinder/ => C:\Users\kujon\.stmcufinder\plugins\mcufinder
2026-01-30 19:09:11,685 [INFO] ApiDb:250 - Set database path to: C:\Users\kujon\.stmcufinder\plugins\mcufinder//mcu/
2026-01-30 19:09:11,685 [WARN] DbFile:41 - Overriding database path with different value: C:\Users\kujon\.stmcufinder\plugins\mcufinder/ => C:\Users\kujon\.stmcufinder\plugins\mcufinder
2026-01-30 19:09:11,686 [INFO] DbMcusAds:125 - Set database path to: C:\Users\kujon\.stmcufinder\plugins\mcufinder//mcu/
2026-01-30 19:09:11,686 [WARN] DbFile:41 - Overriding database path with different value: C:\Users\kujon\.stmcufinder\plugins\mcufinder/ => C:\Users\kujon\.stmcufinder\plugins\mcufinder
2026-01-30 19:09:11,686 [WARN] DbFile:41 - Overriding database path with different value: C:\Users\kujon\.stmcufinder\plugins\mcufinder/ => C:\Users\kujon\.stmcufinder\plugins\mcufinder
2026-01-30 19:09:11,686 [INFO] CrossReferenceDbSqlite:203 - Set database path to: C:\Users\kujon\.stmcufinder\plugins\mcufinder//mcu/cs/
2026-01-30 19:09:11,719 [INFO] ApplicationProperties:184 - Using Application install path: D:\Programy\STM32CubeIDE_1.19.0\STM32CubeIDE\plugins\com.st.stm32cube.common.mx_6.15.0.202507011659
2026-01-30 19:09:11,721 [INFO] PluginManage:196 - Search for loadable plugins [exclusion list=, ]
2026-01-30 19:09:11,723 [INFO] PluginManage:310 - Check plugin analytics
2026-01-30 19:09:11,940 [INFO] AnalyticsPlugin:253 - Accepted Software Licenses: 
2026-01-30 19:09:11,940 [INFO] AnalyticsPlugin:255 - Accepted CMSIS Pack Licenses: 
2026-01-30 19:09:11,940 [INFO] AnalyticsPlugin:257 - Accepted Firmware Licenses: 
2026-01-30 19:09:11,944 [INFO] PluginManage:359 - Loaded plugin analytics (category:tool,tabindex:-1)
2026-01-30 19:09:11,945 [INFO] PluginManage:310 - Check plugin cadmodel
2026-01-30 19:09:11,951 [INFO] CADModel:105 - Init CAD model plugin
2026-01-30 19:09:11,951 [INFO] PluginManage:359 - Loaded plugin cadmodel (category:power,tabindex:5)
2026-01-30 19:09:11,953 [INFO] PluginManage:310 - Check plugin clock
2026-01-30 19:09:11,964 [INFO] PluginManage:359 - Loaded plugin clock (category:base,tabindex:2)
2026-01-30 19:09:11,964 [INFO] PluginManage:310 - Check plugin ddr
2026-01-30 19:09:11,966 [INFO] PluginManage:359 - Loaded plugin ddr (category:tool,tabindex:6)
2026-01-30 19:09:11,966 [INFO] PluginManage:310 - Check plugin filemanager
2026-01-30 19:09:12,134 [INFO] PluginManage:359 - Loaded plugin filemanager (category:base,tabindex:10)
2026-01-30 19:09:12,134 [INFO] PluginManage:310 - Check plugin ipmanager
2026-01-30 19:09:12,143 [INFO] PluginManage:359 - Loaded plugin ipmanager (category:base,tabindex:5)
2026-01-30 19:09:12,143 [INFO] PluginManage:310 - Check plugin lpbam
2026-01-30 19:09:12,154 [INFO] PluginManage:359 - Loaded plugin lpbam (category:base,tabindex:0)
2026-01-30 19:09:12,154 [INFO] PluginManage:310 - Check plugin memorymap
2026-01-30 19:09:12,178 [INFO] PluginManage:359 - Loaded plugin memorymap (category:base,tabindex:4)
2026-01-30 19:09:12,179 [INFO] PluginManage:310 - Check plugin pinoutandconfiguration
2026-01-30 19:09:12,189 [INFO] PluginManage:359 - Loaded plugin pinoutandconfiguration (category:base,tabindex:1)
2026-01-30 19:09:12,190 [INFO] PluginManage:310 - Check plugin pinoutconfig
2026-01-30 19:09:12,302 [WARN] SupportedApi:132 - Cannot load RTOS API schema: s4s-elt-must-match.1: The content of 'definitions' must match (annotation?, (simpleType | complexType)?, (unique | key | keyref)*)). A problem was found starting at: attribute.
2026-01-30 19:09:12,522 [INFO] PluginManage:359 - Loaded plugin pinoutconfig (category:base,tabindex:0)
2026-01-30 19:09:12,523 [INFO] PluginManage:310 - Check plugin power
2026-01-30 19:09:12,532 [INFO] PluginManage:359 - Loaded plugin power (category:power,tabindex:4)
2026-01-30 19:09:12,533 [INFO] PluginManage:310 - Check plugin projectmanager
2026-01-30 19:09:12,554 [INFO] PluginManage:359 - Loaded plugin projectmanager (category:projectmanager,tabindex:4)
2026-01-30 19:09:12,554 [INFO] PluginManage:310 - Check plugin rif
2026-01-30 19:09:12,564 [INFO] PluginManage:359 - Loaded plugin rif (category:base,tabindex:3)
2026-01-30 19:09:12,564 [INFO] PluginManage:310 - Check plugin thirdparty
2026-01-30 19:09:12,732 [INFO] PluginManage:359 - Loaded plugin thirdparty (category:base,tabindex:-1)
2026-01-30 19:09:12,731 [WARN] IntegrityCheckThread:84 - waiting for thirdparty lock release [integrity check]
2026-01-30 19:09:12,732 [INFO] IntegrityCheckThread:86 - entering critical section [integrity check]
2026-01-30 19:09:12,732 [INFO] PluginManage:310 - Check plugin tools
2026-01-30 19:09:12,732 [INFO] ThirdPartyUpdaterWithRetryManager:70 - Updater plugin not ready yet. [1/15]
2026-01-30 19:09:12,734 [INFO] PluginManage:359 - Loaded plugin tools (category:base,tabindex:7)
2026-01-30 19:09:12,736 [INFO] PluginManage:310 - Check plugin tutovideos
2026-01-30 19:09:12,967 [INFO] PluginManage:359 - Loaded plugin tutovideos (category:base,tabindex:-1)
2026-01-30 19:09:12,967 [INFO] PluginManage:310 - Check plugin updater
2026-01-30 19:09:12,988 [INFO] PluginManage:359 - Loaded plugin updater (category:base,tabindex:12)
2026-01-30 19:09:12,988 [INFO] PluginManage:310 - Check plugin userauth
2026-01-30 19:09:12,993 [INFO] UserAuth:118 - Init User Auth plugin
2026-01-30 19:09:12,994 [INFO] PluginManage:359 - Loaded plugin userauth (category:base,tabindex:14)
2026-01-30 19:09:12,995 [INFO] PluginManage:283 - PluginManage : Loaded plugins [18]
2026-01-30 19:09:13,239 [INFO] PinOutPanel:1589 - setPackage(No Configuration,No Configuration)
2026-01-30 19:09:13,342 [INFO] CADModel:165 - CPN selected for project level
2026-01-30 19:09:13,343 [INFO] CADModel:114 - Register for checkConnection events
2026-01-30 19:09:13,368 [INFO] IPUIPlugin:80 - create IPUIPlugin
2026-01-30 19:09:13,369 [INFO] PluginManager:220 - loadIPPluginJar : add adc
2026-01-30 19:09:13,372 [INFO] IPUIPlugin:80 - create IPUIPlugin
2026-01-30 19:09:13,372 [INFO] PluginManager:220 - loadIPPluginJar : add aes
2026-01-30 19:09:13,376 [INFO] IPUIPlugin:80 - create IPUIPlugin
2026-01-30 19:09:13,376 [INFO] PluginManager:220 - loadIPPluginJar : add can
2026-01-30 19:09:13,378 [INFO] IPUIPlugin:80 - create IPUIPlugin
2026-01-30 19:09:13,378 [INFO] PluginManager:220 - loadIPPluginJar : add comp
2026-01-30 19:09:13,380 [INFO] IPUIPlugin:80 - create IPUIPlugin
2026-01-30 19:09:13,381 [INFO] PluginManager:220 - loadIPPluginJar : add cryp
2026-01-30 19:09:13,384 [INFO] IPUIPlugin:80 - create IPUIPlugin
2026-01-30 19:09:13,385 [INFO] PluginManager:220 - loadIPPluginJar : add ddr_ctrl_phy
2026-01-30 19:09:13,389 [INFO] IPUIPlugin:80 - create IPUIPlugin
2026-01-30 19:09:13,390 [INFO] PluginManager:220 - loadIPPluginJar : add dfsdm
2026-01-30 19:09:13,396 [INFO] IPUIPlugin:80 - create IPUIPlugin
2026-01-30 19:09:13,396 [INFO] PluginManager:220 - loadIPPluginJar : add dma
2026-01-30 19:09:13,401 [INFO] IPUIPlugin:80 - create IPUIPlugin
2026-01-30 19:09:13,401 [INFO] PluginManager:220 - loadIPPluginJar : add dma3
2026-01-30 19:09:13,403 [INFO] IPUIPlugin:80 - create IPUIPlugin
2026-01-30 19:09:13,403 [INFO] PluginManager:220 - loadIPPluginJar : add extmemmanager
2026-01-30 19:09:13,405 [INFO] IPUIPlugin:80 - create IPUIPlugin
2026-01-30 19:09:13,405 [INFO] PluginManager:220 - loadIPPluginJar : add fatfs
2026-01-30 19:09:13,409 [INFO] IPUIPlugin:80 - create IPUIPlugin
2026-01-30 19:09:13,410 [INFO] PluginManager:220 - loadIPPluginJar : add fmc
2026-01-30 19:09:13,416 [INFO] IPUIPlugin:80 - create IPUIPlugin
2026-01-30 19:09:13,416 [INFO] PluginManager:220 - loadIPPluginJar : add freertos
2026-01-30 19:09:13,418 [INFO] IPUIPlugin:80 - create IPUIPlugin
2026-01-30 19:09:13,418 [INFO] PluginManager:220 - loadIPPluginJar : add genericplugin
2026-01-30 19:09:13,420 [INFO] IPUIPlugin:80 - create IPUIPlugin
2026-01-30 19:09:13,420 [INFO] PluginManager:220 - loadIPPluginJar : add gfxmmu
2026-01-30 19:09:13,426 [INFO] McuFinderGlobals:63 - Set McuFinder mode to 2 (CubeIDE integrated)
2026-01-30 19:09:13,429 [INFO] IPUIPlugin:80 - create IPUIPlugin
2026-01-30 19:09:13,429 [INFO] PluginManager:220 - loadIPPluginJar : add gic
2026-01-30 19:09:13,434 [INFO] IPUIPlugin:80 - create IPUIPlugin
2026-01-30 19:09:13,435 [INFO] PluginManager:220 - loadIPPluginJar : add gpio
2026-01-30 19:09:13,438 [INFO] IPUIPlugin:80 - create IPUIPlugin
2026-01-30 19:09:13,438 [INFO] PluginManager:220 - loadIPPluginJar : add gtzc
2026-01-30 19:09:13,440 [INFO] IPUIPlugin:80 - create IPUIPlugin
2026-01-30 19:09:13,441 [INFO] PluginManager:220 - loadIPPluginJar : add hash
2026-01-30 19:09:13,443 [INFO] IPUIPlugin:80 - create IPUIPlugin
2026-01-30 19:09:13,444 [INFO] PluginManager:220 - loadIPPluginJar : add i2c
2026-01-30 19:09:13,447 [INFO] IPUIPlugin:80 - create IPUIPlugin
2026-01-30 19:09:13,447 [INFO] PluginManager:220 - loadIPPluginJar : add i2s
2026-01-30 19:09:13,450 [INFO] IPUIPlugin:80 - create IPUIPlugin
2026-01-30 19:09:13,450 [INFO] PluginManager:220 - loadIPPluginJar : add i3c
2026-01-30 19:09:13,454 [INFO] IPUIPlugin:80 - create IPUIPlugin
2026-01-30 19:09:13,454 [INFO] PluginManager:220 - loadIPPluginJar : add ipddr
2026-01-30 19:09:13,462 [INFO] IPUIPlugin:80 - create IPUIPlugin
2026-01-30 19:09:13,462 [INFO] PluginManager:220 - loadIPPluginJar : add linkedlist
2026-01-30 19:09:13,467 [INFO] IPUIPlugin:80 - create IPUIPlugin
2026-01-30 19:09:13,467 [INFO] PluginManager:220 - loadIPPluginJar : add lorawan
2026-01-30 19:09:13,469 [INFO] IPUIPlugin:80 - create IPUIPlugin
2026-01-30 19:09:13,469 [INFO] PluginManager:220 - loadIPPluginJar : add ltdc
2026-01-30 19:09:13,475 [INFO] IPUIPlugin:80 - create IPUIPlugin
2026-01-30 19:09:13,475 [INFO] PluginManager:220 - loadIPPluginJar : add mdma
2026-01-30 19:09:13,478 [INFO] IPUIPlugin:80 - create IPUIPlugin
2026-01-30 19:09:13,478 [INFO] PluginManager:220 - loadIPPluginJar : add nvic
2026-01-30 19:09:13,481 [INFO] IPUIPlugin:80 - create IPUIPlugin
2026-01-30 19:09:13,481 [INFO] PluginManager:220 - loadIPPluginJar : add opamp
2026-01-30 19:09:13,484 [INFO] IPUIPlugin:80 - create IPUIPlugin
2026-01-30 19:09:13,485 [INFO] PluginManager:220 - loadIPPluginJar : add openamp
2026-01-30 19:09:13,488 [INFO] IPUIPlugin:80 - create IPUIPlugin
2026-01-30 19:09:13,488 [INFO] PluginManager:220 - loadIPPluginJar : add pdm2pcm
2026-01-30 19:09:13,492 [INFO] IPUIPlugin:80 - create IPUIPlugin
2026-01-30 19:09:13,497 [INFO] PluginManager:220 - loadIPPluginJar : add plateformsettings
2026-01-30 19:09:13,498 [INFO] IPUIPlugin:80 - create IPUIPlugin
2026-01-30 19:09:13,498 [INFO] PluginManager:220 - loadIPPluginJar : add quadspi
2026-01-30 19:09:13,500 [INFO] IPUIPlugin:80 - create IPUIPlugin
2026-01-30 19:09:13,501 [INFO] PluginManager:220 - loadIPPluginJar : add radio
2026-01-30 19:09:13,505 [INFO] IPUIPlugin:80 - create IPUIPlugin
2026-01-30 19:09:13,505 [INFO] PluginManager:220 - loadIPPluginJar : add resmgrutility
2026-01-30 19:09:13,509 [INFO] IPUIPlugin:80 - create IPUIPlugin
2026-01-30 19:09:13,509 [INFO] PluginManager:220 - loadIPPluginJar : add sai
2026-01-30 19:09:13,511 [INFO] IPUIPlugin:80 - create IPUIPlugin
2026-01-30 19:09:13,511 [INFO] PluginManager:220 - loadIPPluginJar : add spi
2026-01-30 19:09:13,518 [INFO] IPUIPlugin:80 - create IPUIPlugin
2026-01-30 19:09:13,518 [INFO] PluginManager:220 - loadIPPluginJar : add stm32_wpan
2026-01-30 19:09:13,521 [INFO] IPUIPlugin:80 - create IPUIPlugin
2026-01-30 19:09:13,521 [INFO] PluginManager:220 - loadIPPluginJar : add tim
2026-01-30 19:09:13,524 [INFO] IPUIPlugin:80 - create IPUIPlugin
2026-01-30 19:09:13,525 [INFO] PluginManager:220 - loadIPPluginJar : add touchsensing
2026-01-30 19:09:13,528 [INFO] IPUIPlugin:80 - create IPUIPlugin
2026-01-30 19:09:13,528 [INFO] PluginManager:220 - loadIPPluginJar : add tracer_emb
2026-01-30 19:09:13,530 [INFO] IPUIPlugin:80 - create IPUIPlugin
2026-01-30 19:09:13,530 [INFO] PluginManager:220 - loadIPPluginJar : add ts
2026-01-30 19:09:13,532 [INFO] IPUIPlugin:80 - create IPUIPlugin
2026-01-30 19:09:13,532 [INFO] PluginManager:220 - loadIPPluginJar : add tsc
2026-01-30 19:09:13,534 [INFO] IPUIPlugin:80 - create IPUIPlugin
2026-01-30 19:09:13,534 [INFO] PluginManager:220 - loadIPPluginJar : add ucpd
2026-01-30 19:09:13,538 [INFO] IPUIPlugin:80 - create IPUIPlugin
2026-01-30 19:09:13,538 [INFO] PluginManager:220 - loadIPPluginJar : add usart
2026-01-30 19:09:13,541 [INFO] IPUIPlugin:80 - create IPUIPlugin
2026-01-30 19:09:13,541 [INFO] PluginManager:220 - loadIPPluginJar : add usbx
2026-01-30 19:09:13,681 [FATAL] Updater:351 - Updater called before beeing initialized
2026-01-30 19:09:13,710 [INFO] RulesReader:64 - Compatibility file has been processed (317 Rules)
2026-01-30 19:09:13,721 [INFO] RulesReader:64 - Compatibility file has been processed (317 Rules)
2026-01-30 19:09:13,729 [INFO] CADModel:165 - CPN selected for project level
2026-01-30 19:09:13,729 [INFO] CADModel:114 - Register for checkConnection events
2026-01-30 19:09:13,729 [FATAL] Updater:351 - Updater called before beeing initialized
2026-01-30 19:09:13,729 [ERROR] CADModel:125 - Updater not yet initialized, retry later 
2026-01-30 19:09:13,893 [FATAL] Updater:351 - Updater called before beeing initialized
2026-01-30 19:09:13,897 [INFO] CADModel:165 - CPN selected for project level
2026-01-30 19:09:13,897 [INFO] CADModel:114 - Register for checkConnection events
2026-01-30 19:09:13,897 [FATAL] Updater:351 - Updater called before beeing initialized
2026-01-30 19:09:13,897 [ERROR] CADModel:125 - Updater not yet initialized, retry later 
2026-01-30 19:09:13,900 [FATAL] Updater:351 - Updater called before beeing initialized
2026-01-30 19:09:14,031 [FATAL] Updater:351 - Updater called before beeing initialized
2026-01-30 19:09:14,035 [INFO] DbMcusAds:53 - JSON generation date=Thu Oct 02 11:36:05 CEST 2025 (1759397765645)
2026-01-30 19:09:14,036 [FATAL] Updater:351 - Updater called before beeing initialized
2026-01-30 19:09:14,074 [WARN] DetailPanel:346 - Failed to get advertising image, set to default
2026-01-30 19:09:14,158 [FATAL] Updater:351 - Updater called before beeing initialized
2026-01-30 19:09:14,160 [FATAL] Updater:351 - Updater called before beeing initialized
2026-01-30 19:09:14,160 [FATAL] Updater:351 - Updater called before beeing initialized
2026-01-30 19:09:14,160 [WARN] DetailPanel:346 - Failed to get advertising image, set to default
2026-01-30 19:09:14,161 [FATAL] Updater:351 - Updater called before beeing initialized
2026-01-30 19:09:14,210 [ERROR] Updater:1198 - MainUpdater not yet initialized. External WinMGr cannot be set.
2026-01-30 19:09:14,212 [INFO] Updater:1134 - Updater Version found : 6.15.0
2026-01-30 19:09:14,229 [INFO] ApplicationProperties:184 - Using Application install path: D:\Programy\STM32CubeIDE_1.19.0\STM32CubeIDE\plugins\com.st.stm32cube.common.mx_6.15.0.202507011659
2026-01-30 19:09:15,733 [INFO] ThirdPartyUpdaterWithRetryManager:70 - Updater plugin not ready yet. [2/15]
2026-01-30 19:09:15,802 [ERROR] LogOutputStream:75 - [STDERR_REDIRECT] Jan 30, 2026 7:09:15 PM java.util.prefs.WindowsPreferences <init>
2026-01-30 19:09:15,803 [ERROR] LogOutputStream:75 - [STDERR_REDIRECT] WARNING: Could not open/create prefs root node Software\JavaSoft\Prefs at root 0xffffffff80000002. Windows RegCreateKeyEx(...) returned error code 5.
2026-01-30 19:09:15,803 [ERROR] LogOutputStream:75 - [STDERR_REDIRECT] 
2026-01-30 19:09:16,245 [INFO] MainUpdater:2872 - connection check result : 10
2026-01-30 19:09:16,246 [INFO] MainUpdater:289 - Updater Check For Update Now.
2026-01-30 19:09:16,246 [INFO] MicroXplorer:498 - Change Database Version : DB.6.0.150
2026-01-30 19:09:16,252 [INFO] McuFinderGlobals:63 - Set McuFinder mode to 2 (CubeIDE integrated)
2026-01-30 19:09:16,253 [INFO] UserAuth:487 - Internet connection configuration mode: 1
2026-01-30 19:09:16,288 [INFO] JxBrowserEngine:152 - Initiate JxBrowser Engine with user profile folder
2026-01-30 19:09:16,443 [INFO] CheckServerUpdateThread:120 - End of CheckServer Thread
2026-01-30 19:09:16,454 [INFO] MainUpdater:2872 - connection check result : 10
2026-01-30 19:09:16,456 [INFO] MainUpdater:2872 - connection check result : 10
2026-01-30 19:09:16,525 [INFO] MicroXplorer:468 - Change Database Path : 
2026-01-30 19:09:16,526 [INFO] MicroXplorer:498 - Change Database Version : DB.6.0.150
2026-01-30 19:09:16,542 [WARN] ThirdParty:871 - waiting for thirdparty lock release [close project]
2026-01-30 19:09:17,397 [INFO] WebApp:169 - Instantiating new browser for Auth
2026-01-30 19:09:18,337 [INFO] WebApp:463 - Apply proxy settings
2026-01-30 19:09:18,338 [INFO] WebApp:548 - Chromium requires no authentication
2026-01-30 19:09:18,350 [INFO] WebApp:491 - Direct internet connection detected
2026-01-30 19:09:18,378 [INFO] WebApp:900 - Register for checkConnection events
2026-01-30 19:09:18,378 [INFO] WebApp:463 - Apply proxy settings
2026-01-30 19:09:18,378 [INFO] WebApp:548 - Chromium requires no authentication
2026-01-30 19:09:18,379 [INFO] WebApp:491 - Direct internet connection detected
2026-01-30 19:09:18,594 [INFO] WebApp:191 - Connection restablished
2026-01-30 19:09:18,638 [INFO] WebApp:225 - Starting web application
2026-01-30 19:09:18,638 [INFO] WebApp:593 - Web application path used D:\Programy\STM32CubeIDE_1.19.0\STM32CubeIDE\plugins\com.st.stm32cube.common.mx_6.15.0.202507011659\db\plugins\mcufinder\reactClient1\index.html
2026-01-30 19:09:18,801 [INFO] UserAuth:487 - Internet connection configuration mode: 1
2026-01-30 19:09:19,231 [WARN] PackLoader:240 - Cannot read IP mode file for STMicroelectronics.FP-SNS-MOTENVWB1.1.4.0
2026-01-30 19:09:19,248 [WARN] PackLoader:240 - Cannot read IP mode file for STMicroelectronics.FP-ATR-ASTRA1.2.0.2
2026-01-30 19:09:19,264 [WARN] PackLoader:240 - Cannot read IP mode file for STMicroelectronics.X-CUBE-SMBUS.2.1.0
2026-01-30 19:09:19,276 [WARN] PackLoader:240 - Cannot read IP mode file for STMicroelectronics.X-CUBE-ST60.1.0.0
2026-01-30 19:09:19,318 [WARN] PackLoader:240 - Cannot read IP mode file for STMicroelectronics.X-CUBE-AZRTOS-F7.1.1.0
2026-01-30 19:09:19,335 [WARN] PackLoader:240 - Cannot read IP mode file for STMicroelectronics.X-CUBE-BLE1.6.2.4
2026-01-30 19:09:19,345 [WARN] PackLoader:240 - Cannot read IP mode file for STMicroelectronics.FP-SNS-MOTENV1.5.1.0
2026-01-30 19:09:19,362 [WARN] PackLoader:240 - Cannot read IP mode file for WES.I-CUBE-Cesium.1.4.0
2026-01-30 19:09:19,397 [WARN] PackLoader:240 - Cannot read IP mode file for Infineon.AIROC-Wi-Fi-Bluetooth-STM32.1.7.1
2026-01-30 19:09:19,442 [WARN] PackLoader:240 - Cannot read IP mode file for STMicroelectronics.X-CUBE-AZRTOS-H7.3.4.0
2026-01-30 19:09:19,460 [WARN] PackLoader:240 - Cannot read IP mode file for STMicroelectronics.X-CUBE-DISPLAY.3.0.0
2026-01-30 19:09:19,475 [WARN] PackLoader:240 - Cannot read IP mode file for STMicroelectronics.X-CUBE-NFC10.1.0.0
2026-01-30 19:09:19,485 [WARN] PackLoader:240 - Cannot read IP mode file for STMicroelectronics.X-CUBE-ST60.1.1.0
2026-01-30 19:09:19,494 [WARN] PackLoader:240 - Cannot read IP mode file for emotas.I-CUBE-CANOPEN.1.3.0
2026-01-30 19:09:19,503 [WARN] PackLoader:240 - Cannot read IP mode file for STMicroelectronics.X-CUBE-GNSS1.7.1.0
2026-01-30 19:09:19,543 [WARN] PackLoader:240 - Cannot read IP mode file for STMicroelectronics.FP-SNS-STBOX1.2.1.0
2026-01-30 19:09:19,556 [WARN] PackLoader:240 - Cannot read IP mode file for STMicroelectronics.FP-SNS-SMARTAG2.1.2.0
2026-01-30 19:09:19,564 [WARN] PackLoader:240 - Cannot read IP mode file for STMicroelectronics.FP-SNS-FLIGHT1.5.1.0
2026-01-30 19:09:19,578 [INFO] LogOutputStream:77 - [STDOUT_REDIRECT] 1 : Invalid condition id : UX_CORESTACK_Condition cause : null
2026-01-30 19:09:19,580 [INFO] LogOutputStream:77 - [STDOUT_REDIRECT] 1 : Invalid condition id : UX_CORESTACK_Condition cause : null
2026-01-30 19:09:19,582 [INFO] LogOutputStream:77 - [STDOUT_REDIRECT] 1 : Invalid condition id : UX_CORESTACK_Condition cause : null
2026-01-30 19:09:19,583 [INFO] LogOutputStream:77 - [STDOUT_REDIRECT] 1 : Invalid condition id : UX_CORESTACK_Condition cause : null
2026-01-30 19:09:19,587 [INFO] LogOutputStream:77 - [STDOUT_REDIRECT] 1 : Invalid condition id : UX_CORESTACK_Condition cause : null
2026-01-30 19:09:19,591 [WARN] PackLoader:240 - Cannot read IP mode file for STMicroelectronics.X-CUBE-AZRTOS-WL.2.0.0
2026-01-30 19:09:19,602 [WARN] PackLoader:240 - Cannot read IP mode file for STMicroelectronics.FP-SNS-MOTENV1.5.0.0
2026-01-30 19:09:19,627 [WARN] PackLoader:240 - Cannot read IP mode file for STMicroelectronics.X-CUBE-AZRTOS-H7RS.1.2.0
2026-01-30 19:09:19,641 [WARN] PackLoader:240 - Cannot read IP mode file for STMicroelectronics.X-CUBE-BLE2.3.3.0
2026-01-30 19:09:19,703 [WARN] PackLoader:240 - Cannot read IP mode file for STMicroelectronics.X-CUBE-TOF1.3.2.0
2026-01-30 19:09:19,722 [WARN] PackLoader:240 - Cannot read IP mode file for STMicroelectronics.X-CUBE-NFC9.1.0.0
2026-01-30 19:09:19,733 [WARN] PackLoader:240 - Cannot read IP mode file for wolfSSL.I-CUBE-wolfSSL.5.8.2
2026-01-30 19:09:19,740 [WARN] PackLoader:240 - Cannot read IP mode file for STMicroelectronics.X-CUBE-BLE1.7.1.0
2026-01-30 19:09:19,748 [WARN] PackLoader:240 - Cannot read IP mode file for wolfSSL.I-CUBE-wolfMQTT.1.19.2
2026-01-30 19:09:19,758 [WARN] PackLoader:240 - Cannot read IP mode file for STMicroelectronics.X-CUBE-FREERTOS.1.4.0
2026-01-30 19:09:19,766 [WARN] PackLoader:240 - Cannot read IP mode file for STMicroelectronics.X-CUBE-EEPRMA1.5.2.0
2026-01-30 19:09:19,777 [WARN] PackLoader:240 - Cannot read IP mode file for STMicroelectronics.X-CUBE-TOUCHGFX.4.21.1
2026-01-30 19:09:19,786 [WARN] PackLoader:240 - Cannot read IP mode file for STMicroelectronics.X-CUBE-ST67W61.1.1.0
2026-01-30 19:09:19,851 [WARN] PackLoader:240 - Cannot read IP mode file for STMicroelectronics.X-CUBE-MEMS1.12.0.0
2026-01-30 19:09:19,961 [WARN] PackLoader:240 - Cannot read IP mode file for STMicroelectronics.X-CUBE-ALGOBUILD.1.3.0
2026-01-30 19:09:19,977 [WARN] PackLoader:240 - Cannot read IP mode file for STMicroelectronics.X-CUBE-AZRTOS-G0.1.1.0
2026-01-30 19:09:19,987 [WARN] PackLoader:240 - Cannot read IP mode file for STMicroelectronics.X-CUBE-SAFEA1.1.2.2
2026-01-30 19:09:19,996 [WARN] PackLoader:240 - Cannot read IP mode file for STMicroelectronics.X-CUBE-NFC4.3.0.0
2026-01-30 19:09:20,009 [WARN] PackLoader:240 - Cannot read IP mode file for EmbeddedOffice.I-CUBE-FS-RTOS.1.0.1
2026-01-30 19:09:20,018 [WARN] PackLoader:240 - Cannot read IP mode file for STMicroelectronics.X-CUBE-WB05N.2.0.0
2026-01-30 19:09:20,023 [WARN] PackLoader:240 - Cannot read IP mode file for wolfSSL.I-CUBE-wolfTPM.3.8.0
2026-01-30 19:09:20,033 [WARN] PackLoader:240 - Cannot read IP mode file for STMicroelectronics.X-CUBE-BLEMGR.1.3.0
2026-01-30 19:09:20,042 [WARN] PackLoader:240 - Cannot read IP mode file for STMicroelectronics.X-CUBE-TCPP.4.2.0
2026-01-30 19:09:20,051 [WARN] PackLoader:240 - Cannot read IP mode file for RealThread.X-CUBE-RT-Thread_Nano.4.1.1
2026-01-30 19:09:20,057 [WARN] PackLoader:240 - Cannot read IP mode file for STMicroelectronics.FP-ATR-SIGFOX1.3.2.0
2026-01-30 19:09:20,064 [WARN] PackLoader:240 - Cannot read IP mode file for ITTIA_DB.I-CUBE-ITTIADB.8.9.0
2026-01-30 19:09:20,074 [WARN] PackLoader:240 - Cannot read IP mode file for STMicroelectronics.X-CUBE-NFC6.3.2.0
2026-01-30 19:09:20,124 [WARN] PackLoader:240 - Cannot read IP mode file for STMicroelectronics.X-CUBE-MEMS1.9.5.0
2026-01-30 19:09:20,243 [WARN] PackLoader:240 - Cannot read IP mode file for STMicroelectronics.X-CUBE-ST67W61.1.0.0
2026-01-30 19:09:20,248 [WARN] PackLoader:240 - Cannot read IP mode file for STMicroelectronics.X-CUBE-AI.10.2.0
2026-01-30 19:09:20,275 [WARN] PackLoader:240 - Cannot read IP mode file for SEGGER.I-CUBE-embOS.1.3.1
2026-01-30 19:09:20,315 [WARN] PackLoader:240 - Cannot read IP mode file for STMicroelectronics.X-CUBE-ALGOBUILD.1.4.0
2026-01-30 19:09:20,367 [WARN] PackLoader:240 - Cannot read IP mode file for STMicroelectronics.X-CUBE-MEMS1.11.3.0
2026-01-30 19:09:20,506 [WARN] PackLoader:240 - Cannot read IP mode file for STMicroelectronics.X-CUBE-PM33A1.1.0.0
2026-01-30 19:09:20,512 [WARN] PackLoader:240 - Cannot read IP mode file for STMicroelectronics.X-CUBE-GNSS1.6.0.0
2026-01-30 19:09:20,529 [WARN] PackLoader:240 - Cannot read IP mode file for STMicroelectronics.X-CUBE-AZRTOS-F4.1.1.0
2026-01-30 19:09:20,533 [WARN] PackLoader:240 - Cannot read IP mode file for Avnet-IotConnect.X-CUBE-IoTC-DA16k-PMOD.1.0.0
2026-01-30 19:09:20,539 [WARN] PackLoader:240 - Cannot read IP mode file for STMicroelectronics.X-CUBE-ISPU.2.1.0
2026-01-30 19:09:20,551 [WARN] PackLoader:240 - Cannot read IP mode file for STMicroelectronics.X-CUBE-IPS.3.2.0
2026-01-30 19:09:20,565 [WARN] PackLoader:240 - Cannot read IP mode file for STMicroelectronics.X-CUBE-NFC12.1.0.0
2026-01-30 19:09:20,580 [WARN] PackLoader:240 - Cannot read IP mode file for STMicroelectronics.X-CUBE-AZRTOS-L5.2.0.0
2026-01-30 19:09:20,590 [WARN] PackLoader:240 - Cannot read IP mode file for STMicroelectronics.X-CUBE-NFC6.3.1.0
2026-01-30 19:09:20,601 [WARN] PackLoader:240 - Cannot read IP mode file for emotas.I-CUBE-CANOPEN.1.1.3
2026-01-30 19:09:20,607 [WARN] PackLoader:240 - Cannot read IP mode file for wolfSSL.I-CUBE-wolfSSL.5.5.4
2026-01-30 19:09:20,613 [WARN] PackLoader:240 - Cannot read IP mode file for STMicroelectronics.X-CUBE-FREERTOS.1.3.1
2026-01-30 19:09:20,621 [WARN] PackLoader:240 - Cannot read IP mode file for STMicroelectronics.X-CUBE-NFC7.1.0.0
2026-01-30 19:09:20,629 [WARN] PackLoader:240 - Cannot read IP mode file for STMicroelectronics.X-CUBE-TOUCHGFX.4.26.0
2026-01-30 19:09:20,637 [WARN] PackLoader:240 - Cannot read IP mode file for STMicroelectronics.X-CUBE-EEPRMA1.4.1.0
2026-01-30 19:09:20,645 [WARN] PackLoader:240 - Cannot read IP mode file for STMicroelectronics.FP-SNS-STAIOTCFT.1.0.0
2026-01-30 19:09:20,653 [WARN] PackLoader:240 - Cannot read IP mode file for STMicroelectronics.X-CUBE-DPower.1.3.0
2026-01-30 19:09:20,673 [WARN] ConditionMgr:438 - getConditionDescription Invalid condition id : LAN8742 Phy interface Condition cause : null
2026-01-30 19:09:20,673 [WARN] PackLoader:240 - Cannot read IP mode file for STMicroelectronics.X-CUBE-AZRTOS-L4.2.0.0
2026-01-30 19:09:20,674 [WARN] ConditionMgr:1044 - genDependencies : Invalid condition id : LAN8742 Phy interface Condition cause : null
2026-01-30 19:09:20,676 [WARN] ConditionMgr:1044 - genDependencies : Invalid condition id : LAN8742 Phy interface Condition cause : null
2026-01-30 19:09:20,677 [WARN] ConditionMgr:1044 - genDependencies : Invalid condition id : LAN8742 Phy interface Condition cause : null
2026-01-30 19:09:20,686 [WARN] PackLoader:240 - Cannot read IP mode file for STMicroelectronics.X-CUBE-SFXS2LP1.4.0.0
2026-01-30 19:09:20,707 [WARN] PackLoader:240 - Cannot read IP mode file for STMicroelectronics.X-CUBE-AZRTOS-H7.3.0.0
2026-01-30 19:09:20,719 [WARN] PackLoader:240 - Cannot read IP mode file for STMicroelectronics.X-CUBE-ST67W61.1.2.0
2026-01-30 19:09:20,724 [WARN] PackLoader:240 - Cannot read IP mode file for STMicroelectronics.X-CUBE-ISPU.1.1.0
2026-01-30 19:09:20,733 [WARN] PackLoader:240 - Cannot read IP mode file for RoweBots.I-CUBE-UNISONRTOS.5.5.0-4
2026-01-30 19:09:20,744 [WARN] PackLoader:240 - Cannot read IP mode file for STMicroelectronics.X-CUBE-BLEMGR.4.1.0
2026-01-30 19:09:20,752 [WARN] PackLoader:240 - Cannot read IP mode file for STMicroelectronics.X-CUBE-AI.8.0.0
2026-01-30 19:09:20,764 [WARN] ConditionMgr:438 - getConditionDescription Invalid condition id : UX DEVICE CLASS RTOS Condition cause : null
2026-01-30 19:09:20,764 [WARN] ConditionMgr:438 - getConditionDescription Invalid condition id : UX DEVICE CLASS RTOS Condition cause : null
2026-01-30 19:09:20,767 [WARN] PackLoader:240 - Cannot read IP mode file for STMicroelectronics.X-CUBE-AZRTOS-WB.2.0.0
2026-01-30 19:09:20,768 [WARN] ConditionMgr:1044 - genDependencies : Invalid condition id : UX DEVICE CLASS RTOS Condition cause : null
2026-01-30 19:09:20,768 [WARN] ConditionMgr:1044 - genDependencies : Invalid condition id : UX DEVICE CLASS RTOS Condition cause : null
2026-01-30 19:09:20,769 [WARN] ConditionMgr:1044 - genDependencies : Invalid condition id : UX DEVICE CLASS RTOS Condition cause : null
2026-01-30 19:09:20,769 [WARN] ConditionMgr:1044 - genDependencies : Invalid condition id : UX DEVICE CLASS RTOS Condition cause : null
2026-01-30 19:09:20,769 [WARN] ConditionMgr:1044 - genDependencies : Invalid condition id : UX DEVICE CLASS RTOS Condition cause : null
2026-01-30 19:09:20,775 [WARN] PackLoader:240 - Cannot read IP mode file for STMicroelectronics.X-CUBE-GNSS1.7.0.1
2026-01-30 19:09:20,784 [WARN] PackLoader:240 - Cannot read IP mode file for STMicroelectronics.X-CUBE-TOUCHGFX.4.25.0
2026-01-30 19:09:20,793 [WARN] ConditionMgr:438 - getConditionDescription Invalid condition id : Cortex-A Device cause : null
2026-01-30 19:09:20,806 [WARN] ConditionMgr:1044 - genDependencies : Invalid condition id : Cortex-A Device cause : null
2026-01-30 19:09:20,807 [WARN] ConditionMgr:1044 - genDependencies : Invalid condition id : Cortex-A Device cause : null
2026-01-30 19:09:20,807 [WARN] ConditionMgr:1044 - genDependencies : Invalid condition id : Cortex-A Device cause : null
2026-01-30 19:09:20,815 [WARN] PackLoader:240 - Cannot read IP mode file for STMicroelectronics.X-CUBE-STSE01.2.0.0
2026-01-30 19:09:20,829 [WARN] PackLoader:240 - Cannot read IP mode file for STMicroelectronics.X-CUBE-AZRTOS-L5.1.1.0
2026-01-30 19:09:20,841 [WARN] PackLoader:240 - Cannot read IP mode file for STMicroelectronics.X-CUBE-SUBG2.5.0.0
2026-01-30 19:09:20,862 [WARN] PackLoader:240 - Cannot read IP mode file for STMicroelectronics.X-CUBE-AZRTOS-H7RS.1.1.0
2026-01-30 19:09:20,875 [WARN] PackLoader:240 - Cannot read IP mode file for Cesanta.I-CUBE-Mongoose.7.13.0
2026-01-30 19:09:20,891 [WARN] PackLoader:240 - Cannot read IP mode file for STMicroelectronics.X-CUBE-AZRTOS-G4.2.0.0
2026-01-30 19:09:21,114 [WARN] PackLoader:240 - Cannot read IP mode file for STMicroelectronics.FP-ATR-ASTRA1.1.1.1
2026-01-30 19:09:21,120 [WARN] PackLoader:240 - Cannot read IP mode file for wolfSSL.I-CUBE-wolfSSH.1.4.20
2026-01-30 19:09:21,125 [WARN] PackLoader:240 - Cannot read IP mode file for STMicroelectronics.X-CUBE-NFC7.2.0.0
2026-01-30 19:09:21,137 [WARN] PackLoader:240 - Cannot read IP mode file for STMicroelectronics.X-CUBE-AZRTOS-G4.1.0.0
2026-01-30 19:09:21,159 [WARN] PackLoader:240 - Cannot read IP mode file for STMicroelectronics.X-CUBE-AZRTOS-L4.1.0.0
2026-01-30 19:09:21,171 [WARN] PackLoader:240 - Cannot read IP mode file for STMicroelectronics.X-CUBE-IPS.3.1.0
2026-01-30 19:09:21,179 [WARN] PackLoader:240 - Cannot read IP mode file for STMicroelectronics.X-CUBE-ALS.1.0.2
2026-01-30 19:09:21,189 [WARN] PackLoader:240 - Cannot read IP mode file for STMicroelectronics.X-CUBE-AZRTOS-WL.1.0.0
2026-01-30 19:09:21,198 [WARN] PackLoader:240 - Cannot read IP mode file for STMicroelectronics.X-CUBE-STSE01.1.0.0
2026-01-30 19:09:21,207 [WARN] PackLoader:240 - Cannot read IP mode file for portGmbH.I-Cube-SoM-uGOAL.1.1.0
2026-01-30 19:09:21,211 [WARN] PackLoader:240 - Cannot read IP mode file for STMicroelectronics.X-CUBE-ALS.1.0.1
2026-01-30 19:09:21,222 [WARN] PackLoader:240 - Cannot read IP mode file for STMicroelectronics.X-CUBE-AZRTOS-WB.1.1.0
2026-01-30 19:09:21,246 [WARN] PackLoader:240 - Cannot read IP mode file for STMicroelectronics.X-CUBE-TOF1.3.4.3
2026-01-30 19:09:21,253 [INFO] ThirdParty:978 - Integrity check success = true
2026-01-30 19:09:21,253 [INFO] IntegrityCheckThread:100 - exiting critical section [integrity check]
2026-01-30 19:09:21,253 [INFO] IntegrityCheckThread:103 - End integrity checks thread
2026-01-30 19:09:21,253 [INFO] ThirdParty:873 - entering critical section [close project]
2026-01-30 19:09:21,257 [INFO] ThirdParty:883 - exiting critical section [close project]
2026-01-30 19:09:21,261 [INFO] PinOutPanel:1589 - setPackage(No Configuration,No Configuration)
2026-01-30 19:09:21,264 [INFO] UtilMem:75 - Begin LoadConfig() Used Memory: 178301216 Bytes (351272960)
2026-01-30 19:09:21,267 [INFO] MicroXplorer:468 - Change Database Path : 
2026-01-30 19:09:21,267 [INFO] MicroXplorer:498 - Change Database Version : DB.6.0.150
2026-01-30 19:09:21,267 [INFO] OpenFileManager:355 - Change cursor
2026-01-30 19:09:21,300 [INFO] Mcu:2029 - Initializing MCU STM32G473C(B-C-E)Tx STM32G473CETx STM32G473CET6
2026-01-30 19:09:26,829 [INFO] Context:786 - Trying to add GPIOservice into a context  which must be forbidden
2026-01-30 19:09:28,403 [INFO] ImportTextPane:234 - (OptionalMessage_ERROR) Pin40 (VP_RIF_VS_RIF1) cannot be retrieved for this MCU
2026-01-30 19:09:28,551 [INFO] RtosManager:558 - Registered RTOS mode: class=CMSIS, group=RTOS, mode=CMSIS_V1, owner=FREERTOS
2026-01-30 19:09:28,551 [INFO] RtosManager:558 - Registered RTOS mode: class=CMSIS, group=RTOS2, mode=CMSIS_V2, owner=FREERTOS
2026-01-30 19:09:28,551 [INFO] RtosManager:558 - Registered RTOS mode: class=RTOS, group=Core, mode=CMSIS_V1, owner=FREERTOS
2026-01-30 19:09:28,551 [INFO] RtosManager:558 - Registered RTOS mode: class=RTOS, group=Core, mode=CMSIS_V2, owner=FREERTOS
2026-01-30 19:09:28,551 [WARN] ModelIntegratedComponent:184 - Missing modes for component STMicroelectronics:FreeRTOS:0.0.1:STMicroelectronics:RTOS:FreeRTOS:Core:::10.2.0:
2026-01-30 19:09:28,563 [WARN] ModelIntegratedComponent:63 - No mode defined for component null
2026-01-30 19:09:28,563 [WARN] ModelIntegratedComponent:63 - No mode defined for component null
2026-01-30 19:09:28,564 [WARN] ModelIntegratedComponent:63 - No mode defined for component null
2026-01-30 19:09:28,564 [WARN] ModelIntegratedComponent:63 - No mode defined for component null
2026-01-30 19:09:28,564 [WARN] ModelIntegratedComponent:63 - No mode defined for component null
2026-01-30 19:09:28,564 [WARN] ModelIntegratedComponent:63 - No mode defined for component null
2026-01-30 19:09:28,564 [WARN] ModelIntegratedComponent:63 - No mode defined for component null
2026-01-30 19:09:28,564 [WARN] ModelIntegratedComponent:63 - No mode defined for component null
2026-01-30 19:09:28,564 [WARN] ModelIntegratedComponent:63 - No mode defined for component null
2026-01-30 19:09:28,564 [WARN] ModelIntegratedComponent:63 - No mode defined for component null
2026-01-30 19:09:28,564 [WARN] ModelIntegratedComponent:63 - No mode defined for component null
2026-01-30 19:09:28,564 [WARN] ModelIntegratedComponent:63 - No mode defined for component null
2026-01-30 19:09:28,564 [WARN] ModelIntegratedComponent:63 - No mode defined for component null
2026-01-30 19:09:28,564 [WARN] ModelIntegratedComponent:63 - No mode defined for component null
2026-01-30 19:09:28,564 [WARN] ModelIntegratedComponent:63 - No mode defined for component null
2026-01-30 19:09:28,564 [WARN] ModelIntegratedComponent:63 - No mode defined for component null
2026-01-30 19:09:28,564 [WARN] ModelIntegratedComponent:63 - No mode defined for component null
2026-01-30 19:09:28,564 [WARN] ModelIntegratedComponent:63 - No mode defined for component null
2026-01-30 19:09:28,564 [WARN] ModelIntegratedComponent:63 - No mode defined for component null
2026-01-30 19:09:28,564 [WARN] ModelIntegratedComponent:63 - No mode defined for component null
2026-01-30 19:09:28,565 [WARN] ModelIntegratedComponent:63 - No mode defined for component null
2026-01-30 19:09:28,565 [WARN] ModelIntegratedComponent:63 - No mode defined for component null
2026-01-30 19:09:28,565 [WARN] ModelIntegratedComponent:63 - No mode defined for component null
2026-01-30 19:09:28,565 [WARN] ModelIntegratedComponent:63 - No mode defined for component null
2026-01-30 19:09:28,565 [WARN] ModelIntegratedComponent:63 - No mode defined for component null
2026-01-30 19:09:28,565 [WARN] ModelIntegratedComponent:63 - No mode defined for component null
2026-01-30 19:09:28,565 [WARN] ModelIntegratedComponent:63 - No mode defined for component null
2026-01-30 19:09:28,565 [WARN] ModelIntegratedComponent:63 - No mode defined for component null
2026-01-30 19:09:28,565 [WARN] ModelIntegratedComponent:63 - No mode defined for component null
2026-01-30 19:09:28,565 [WARN] ModelIntegratedComponent:63 - No mode defined for component null
2026-01-30 19:09:28,565 [WARN] ModelIntegratedComponent:63 - No mode defined for component null
2026-01-30 19:09:28,565 [WARN] ModelIntegratedComponent:63 - No mode defined for component null
2026-01-30 19:09:28,567 [WARN] ModelIntegratedComponent:63 - No mode defined for component null
2026-01-30 19:09:28,567 [WARN] ModelIntegratedComponent:63 - No mode defined for component null
2026-01-30 19:09:28,567 [WARN] ModelIntegratedComponent:63 - No mode defined for component null
2026-01-30 19:09:28,567 [WARN] ModelPack:524 - Component already loaded: STMicroelectronics:HAL Drivers:0.0.0:STMicroelectronics:Device:STMicro_Driver:XSPI:HAL::0.0.1:HAL_XSPI
2026-01-30 19:09:28,881 [INFO] ThirdPartyModel:298 - Start build external matchings
2026-01-30 19:09:29,994 [INFO] ThirdPartyModel:316 - End build external matchings
2026-01-30 19:09:30,051 [INFO] ImportTextPane:234 - (OptionalMessage_ERROR) IP (ADC1) : Parameter (CommonPathInternal) has invalid value (null|null|null|null)
2026-01-30 19:09:30,052 [INFO] ImportTextPane:234 - (OptionalMessage_ERROR) IP (DMA) : Parameter (Instance) has Id (I2C2_TX) currently not set
2026-01-30 19:09:30,052 [INFO] ImportTextPane:234 - (OptionalMessage_ERROR) IP (DMA) : Parameter (Request) has Id (I2C2_TX) currently not set
2026-01-30 19:09:30,052 [INFO] ImportTextPane:234 - (OptionalMessage_ERROR) IP (DMA) : Parameter (Direction) has Id (I2C2_TX) currently not set
2026-01-30 19:09:30,052 [INFO] ImportTextPane:234 - (OptionalMessage_ERROR) IP (DMA) : Parameter (PeriphInc) has Id (I2C2_TX) currently not set
2026-01-30 19:09:30,052 [INFO] ImportTextPane:234 - (OptionalMessage_ERROR) IP (DMA) : Parameter (MemInc) has Id (I2C2_TX) currently not set
2026-01-30 19:09:30,053 [INFO] ImportTextPane:234 - (OptionalMessage_ERROR) IP (DMA) : Parameter (PeriphDataAlignment) has Id (I2C2_TX) currently not set
2026-01-30 19:09:30,053 [INFO] ImportTextPane:234 - (OptionalMessage_ERROR) IP (DMA) : Parameter (MemDataAlignment) has Id (I2C2_TX) currently not set
2026-01-30 19:09:30,053 [INFO] ImportTextPane:234 - (OptionalMessage_ERROR) IP (DMA) : Parameter (Mode) has Id (I2C2_TX) currently not set
2026-01-30 19:09:30,053 [INFO] ImportTextPane:234 - (OptionalMessage_ERROR) IP (DMA) : Parameter (Priority) has Id (I2C2_TX) currently not set
2026-01-30 19:09:30,053 [INFO] ImportTextPane:234 - (OptionalMessage_ERROR) IP (DMA) : Parameter (SignalID) has Id (I2C2_TX) currently not set
2026-01-30 19:09:30,055 [INFO] ImportTextPane:234 - (OptionalMessage_ERROR) IP (DMA) : Parameter (Polarity) has Id (I2C2_TX) currently not set
2026-01-30 19:09:30,055 [INFO] ImportTextPane:234 - (OptionalMessage_ERROR) IP (DMA) : Parameter (RequestNumber) has Id (I2C2_TX) currently not set
2026-01-30 19:09:30,055 [INFO] ImportTextPane:234 - (OptionalMessage_ERROR) IP (DMA) : Parameter (SyncSignalID) has Id (I2C2_TX) currently not set
2026-01-30 19:09:30,055 [INFO] ImportTextPane:234 - (OptionalMessage_ERROR) IP (DMA) : Parameter (SyncPolarity) has Id (I2C2_TX) currently not set
2026-01-30 19:09:30,055 [INFO] ImportTextPane:234 - (OptionalMessage_ERROR) IP (DMA) : Parameter (SyncEnable) has Id (I2C2_TX) currently not set
2026-01-30 19:09:30,055 [INFO] ImportTextPane:234 - (OptionalMessage_ERROR) IP (DMA) : Parameter (EventEnable) has Id (I2C2_TX) currently not set
2026-01-30 19:09:30,055 [INFO] ImportTextPane:234 - (OptionalMessage_ERROR) IP (DMA) : Parameter (SyncRequestNumber) has Id (I2C2_TX) currently not set
2026-01-30 19:09:30,055 [INFO] ImportTextPane:234 - (OptionalMessage_ERROR) IP (DMA) : Parameter (Instance) has Id (I2C2_RX) currently not set
2026-01-30 19:09:30,055 [INFO] ImportTextPane:234 - (OptionalMessage_ERROR) IP (DMA) : Parameter (Request) has Id (I2C2_RX) currently not set
2026-01-30 19:09:30,055 [INFO] ImportTextPane:234 - (OptionalMessage_ERROR) IP (DMA) : Parameter (Direction) has Id (I2C2_RX) currently not set
2026-01-30 19:09:30,055 [INFO] ImportTextPane:234 - (OptionalMessage_ERROR) IP (DMA) : Parameter (PeriphInc) has Id (I2C2_RX) currently not set
2026-01-30 19:09:30,055 [INFO] ImportTextPane:234 - (OptionalMessage_ERROR) IP (DMA) : Parameter (MemInc) has Id (I2C2_RX) currently not set
2026-01-30 19:09:30,055 [INFO] ImportTextPane:234 - (OptionalMessage_ERROR) IP (DMA) : Parameter (PeriphDataAlignment) has Id (I2C2_RX) currently not set
2026-01-30 19:09:30,055 [INFO] ImportTextPane:234 - (OptionalMessage_ERROR) IP (DMA) : Parameter (MemDataAlignment) has Id (I2C2_RX) currently not set
2026-01-30 19:09:30,055 [INFO] ImportTextPane:234 - (OptionalMessage_ERROR) IP (DMA) : Parameter (Mode) has Id (I2C2_RX) currently not set
2026-01-30 19:09:30,056 [INFO] ImportTextPane:234 - (OptionalMessage_ERROR) IP (DMA) : Parameter (Priority) has Id (I2C2_RX) currently not set
2026-01-30 19:09:30,056 [INFO] ImportTextPane:234 - (OptionalMessage_ERROR) IP (DMA) : Parameter (SignalID) has Id (I2C2_RX) currently not set
2026-01-30 19:09:30,056 [INFO] ImportTextPane:234 - (OptionalMessage_ERROR) IP (DMA) : Parameter (Polarity) has Id (I2C2_RX) currently not set
2026-01-30 19:09:30,056 [INFO] ImportTextPane:234 - (OptionalMessage_ERROR) IP (DMA) : Parameter (RequestNumber) has Id (I2C2_RX) currently not set
2026-01-30 19:09:30,056 [INFO] ImportTextPane:234 - (OptionalMessage_ERROR) IP (DMA) : Parameter (SyncSignalID) has Id (I2C2_RX) currently not set
2026-01-30 19:09:30,056 [INFO] ImportTextPane:234 - (OptionalMessage_ERROR) IP (DMA) : Parameter (SyncPolarity) has Id (I2C2_RX) currently not set
2026-01-30 19:09:30,056 [INFO] ImportTextPane:234 - (OptionalMessage_ERROR) IP (DMA) : Parameter (SyncEnable) has Id (I2C2_RX) currently not set
2026-01-30 19:09:30,056 [INFO] ImportTextPane:234 - (OptionalMessage_ERROR) IP (DMA) : Parameter (EventEnable) has Id (I2C2_RX) currently not set
2026-01-30 19:09:30,056 [INFO] ImportTextPane:234 - (OptionalMessage_ERROR) IP (DMA) : Parameter (SyncRequestNumber) has Id (I2C2_RX) currently not set
2026-01-30 19:09:30,056 [INFO] ImportTextPane:234 - (OptionalMessage_ERROR) IP (DMA) : Parameter (Instance) has Id (SPI1_RX) currently not set
2026-01-30 19:09:30,056 [INFO] ImportTextPane:234 - (OptionalMessage_ERROR) IP (DMA) : Parameter (Request) has Id (SPI1_RX) currently not set
2026-01-30 19:09:30,056 [INFO] ImportTextPane:234 - (OptionalMessage_ERROR) IP (DMA) : Parameter (Direction) has Id (SPI1_RX) currently not set
2026-01-30 19:09:30,056 [INFO] ImportTextPane:234 - (OptionalMessage_ERROR) IP (DMA) : Parameter (PeriphInc) has Id (SPI1_RX) currently not set
2026-01-30 19:09:30,056 [INFO] ImportTextPane:234 - (OptionalMessage_ERROR) IP (DMA) : Parameter (MemInc) has Id (SPI1_RX) currently not set
2026-01-30 19:09:30,056 [INFO] ImportTextPane:234 - (OptionalMessage_ERROR) IP (DMA) : Parameter (PeriphDataAlignment) has Id (SPI1_RX) currently not set
2026-01-30 19:09:30,056 [INFO] ImportTextPane:234 - (OptionalMessage_ERROR) IP (DMA) : Parameter (MemDataAlignment) has Id (SPI1_RX) currently not set
2026-01-30 19:09:30,057 [INFO] ImportTextPane:234 - (OptionalMessage_ERROR) IP (DMA) : Parameter (Mode) has Id (SPI1_RX) currently not set
2026-01-30 19:09:30,057 [INFO] ImportTextPane:234 - (OptionalMessage_ERROR) IP (DMA) : Parameter (Priority) has Id (SPI1_RX) currently not set
2026-01-30 19:09:30,057 [INFO] ImportTextPane:234 - (OptionalMessage_ERROR) IP (DMA) : Parameter (SignalID) has Id (SPI1_RX) currently not set
2026-01-30 19:09:30,057 [INFO] ImportTextPane:234 - (OptionalMessage_ERROR) IP (DMA) : Parameter (Polarity) has Id (SPI1_RX) currently not set
2026-01-30 19:09:30,057 [INFO] ImportTextPane:234 - (OptionalMessage_ERROR) IP (DMA) : Parameter (RequestNumber) has Id (SPI1_RX) currently not set
2026-01-30 19:09:30,057 [INFO] ImportTextPane:234 - (OptionalMessage_ERROR) IP (DMA) : Parameter (SyncSignalID) has Id (SPI1_RX) currently not set
2026-01-30 19:09:30,057 [INFO] ImportTextPane:234 - (OptionalMessage_ERROR) IP (DMA) : Parameter (SyncPolarity) has Id (SPI1_RX) currently not set
2026-01-30 19:09:30,057 [INFO] ImportTextPane:234 - (OptionalMessage_ERROR) IP (DMA) : Parameter (SyncEnable) has Id (SPI1_RX) currently not set
2026-01-30 19:09:30,057 [INFO] ImportTextPane:234 - (OptionalMessage_ERROR) IP (DMA) : Parameter (EventEnable) has Id (SPI1_RX) currently not set
2026-01-30 19:09:30,057 [INFO] ImportTextPane:234 - (OptionalMessage_ERROR) IP (DMA) : Parameter (SyncRequestNumber) has Id (SPI1_RX) currently not set
2026-01-30 19:09:30,058 [INFO] ImportTextPane:234 - (OptionalMessage_ERROR) IP (DMA) : Parameter (Instance) has Id (SPI1_TX) currently not set
2026-01-30 19:09:30,058 [INFO] ImportTextPane:234 - (OptionalMessage_ERROR) IP (DMA) : Parameter (Request) has Id (SPI1_TX) currently not set
2026-01-30 19:09:30,058 [INFO] ImportTextPane:234 - (OptionalMessage_ERROR) IP (DMA) : Parameter (Direction) has Id (SPI1_TX) currently not set
2026-01-30 19:09:30,058 [INFO] ImportTextPane:234 - (OptionalMessage_ERROR) IP (DMA) : Parameter (PeriphInc) has Id (SPI1_TX) currently not set
2026-01-30 19:09:30,058 [INFO] ImportTextPane:234 - (OptionalMessage_ERROR) IP (DMA) : Parameter (MemInc) has Id (SPI1_TX) currently not set
2026-01-30 19:09:30,058 [INFO] ImportTextPane:234 - (OptionalMessage_ERROR) IP (DMA) : Parameter (PeriphDataAlignment) has Id (SPI1_TX) currently not set
2026-01-30 19:09:30,058 [INFO] ImportTextPane:234 - (OptionalMessage_ERROR) IP (DMA) : Parameter (MemDataAlignment) has Id (SPI1_TX) currently not set
2026-01-30 19:09:30,058 [INFO] ImportTextPane:234 - (OptionalMessage_ERROR) IP (DMA) : Parameter (Mode) has Id (SPI1_TX) currently not set
2026-01-30 19:09:30,058 [INFO] ImportTextPane:234 - (OptionalMessage_ERROR) IP (DMA) : Parameter (Priority) has Id (SPI1_TX) currently not set
2026-01-30 19:09:30,058 [INFO] ImportTextPane:234 - (OptionalMessage_ERROR) IP (DMA) : Parameter (SignalID) has Id (SPI1_TX) currently not set
2026-01-30 19:09:30,058 [INFO] ImportTextPane:234 - (OptionalMessage_ERROR) IP (DMA) : Parameter (Polarity) has Id (SPI1_TX) currently not set
2026-01-30 19:09:30,058 [INFO] ImportTextPane:234 - (OptionalMessage_ERROR) IP (DMA) : Parameter (RequestNumber) has Id (SPI1_TX) currently not set
2026-01-30 19:09:30,058 [INFO] ImportTextPane:234 - (OptionalMessage_ERROR) IP (DMA) : Parameter (SyncSignalID) has Id (SPI1_TX) currently not set
2026-01-30 19:09:30,058 [INFO] ImportTextPane:234 - (OptionalMessage_ERROR) IP (DMA) : Parameter (SyncPolarity) has Id (SPI1_TX) currently not set
2026-01-30 19:09:30,059 [INFO] ImportTextPane:234 - (OptionalMessage_ERROR) IP (DMA) : Parameter (SyncEnable) has Id (SPI1_TX) currently not set
2026-01-30 19:09:30,059 [INFO] ImportTextPane:234 - (OptionalMessage_ERROR) IP (DMA) : Parameter (EventEnable) has Id (SPI1_TX) currently not set
2026-01-30 19:09:30,059 [INFO] ImportTextPane:234 - (OptionalMessage_ERROR) IP (DMA) : Parameter (SyncRequestNumber) has Id (SPI1_TX) currently not set
2026-01-30 19:09:30,059 [INFO] ImportTextPane:234 - (OptionalMessage_ERROR) IP (DMA) : Parameter (Instance) has Id (SPI2_RX) currently not set
2026-01-30 19:09:30,059 [INFO] ImportTextPane:234 - (OptionalMessage_ERROR) IP (DMA) : Parameter (Request) has Id (SPI2_RX) currently not set
2026-01-30 19:09:30,059 [INFO] ImportTextPane:234 - (OptionalMessage_ERROR) IP (DMA) : Parameter (Direction) has Id (SPI2_RX) currently not set
2026-01-30 19:09:30,059 [INFO] ImportTextPane:234 - (OptionalMessage_ERROR) IP (DMA) : Parameter (PeriphInc) has Id (SPI2_RX) currently not set
2026-01-30 19:09:30,059 [INFO] ImportTextPane:234 - (OptionalMessage_ERROR) IP (DMA) : Parameter (MemInc) has Id (SPI2_RX) currently not set
2026-01-30 19:09:30,059 [INFO] ImportTextPane:234 - (OptionalMessage_ERROR) IP (DMA) : Parameter (PeriphDataAlignment) has Id (SPI2_RX) currently not set
2026-01-30 19:09:30,059 [INFO] ImportTextPane:234 - (OptionalMessage_ERROR) IP (DMA) : Parameter (MemDataAlignment) has Id (SPI2_RX) currently not set
2026-01-30 19:09:30,059 [INFO] ImportTextPane:234 - (OptionalMessage_ERROR) IP (DMA) : Parameter (Mode) has Id (SPI2_RX) currently not set
2026-01-30 19:09:30,059 [INFO] ImportTextPane:234 - (OptionalMessage_ERROR) IP (DMA) : Parameter (Priority) has Id (SPI2_RX) currently not set
2026-01-30 19:09:30,060 [INFO] ImportTextPane:234 - (OptionalMessage_ERROR) IP (DMA) : Parameter (SignalID) has Id (SPI2_RX) currently not set
2026-01-30 19:09:30,060 [INFO] ImportTextPane:234 - (OptionalMessage_ERROR) IP (DMA) : Parameter (Polarity) has Id (SPI2_RX) currently not set
2026-01-30 19:09:30,060 [INFO] ImportTextPane:234 - (OptionalMessage_ERROR) IP (DMA) : Parameter (RequestNumber) has Id (SPI2_RX) currently not set
2026-01-30 19:09:30,060 [INFO] ImportTextPane:234 - (OptionalMessage_ERROR) IP (DMA) : Parameter (SyncSignalID) has Id (SPI2_RX) currently not set
2026-01-30 19:09:30,060 [INFO] ImportTextPane:234 - (OptionalMessage_ERROR) IP (DMA) : Parameter (SyncPolarity) has Id (SPI2_RX) currently not set
2026-01-30 19:09:30,060 [INFO] ImportTextPane:234 - (OptionalMessage_ERROR) IP (DMA) : Parameter (SyncEnable) has Id (SPI2_RX) currently not set
2026-01-30 19:09:30,060 [INFO] ImportTextPane:234 - (OptionalMessage_ERROR) IP (DMA) : Parameter (EventEnable) has Id (SPI2_RX) currently not set
2026-01-30 19:09:30,060 [INFO] ImportTextPane:234 - (OptionalMessage_ERROR) IP (DMA) : Parameter (SyncRequestNumber) has Id (SPI2_RX) currently not set
2026-01-30 19:09:30,060 [INFO] ImportTextPane:234 - (OptionalMessage_ERROR) IP (DMA) : Parameter (Instance) has Id (SPI2_TX) currently not set
2026-01-30 19:09:30,060 [INFO] ImportTextPane:234 - (OptionalMessage_ERROR) IP (DMA) : Parameter (Request) has Id (SPI2_TX) currently not set
2026-01-30 19:09:30,060 [INFO] ImportTextPane:234 - (OptionalMessage_ERROR) IP (DMA) : Parameter (Direction) has Id (SPI2_TX) currently not set
2026-01-30 19:09:30,060 [INFO] ImportTextPane:234 - (OptionalMessage_ERROR) IP (DMA) : Parameter (PeriphInc) has Id (SPI2_TX) currently not set
2026-01-30 19:09:30,060 [INFO] ImportTextPane:234 - (OptionalMessage_ERROR) IP (DMA) : Parameter (MemInc) has Id (SPI2_TX) currently not set
2026-01-30 19:09:30,060 [INFO] ImportTextPane:234 - (OptionalMessage_ERROR) IP (DMA) : Parameter (PeriphDataAlignment) has Id (SPI2_TX) currently not set
2026-01-30 19:09:30,060 [INFO] ImportTextPane:234 - (OptionalMessage_ERROR) IP (DMA) : Parameter (MemDataAlignment) has Id (SPI2_TX) currently not set
2026-01-30 19:09:30,061 [INFO] ImportTextPane:234 - (OptionalMessage_ERROR) IP (DMA) : Parameter (Mode) has Id (SPI2_TX) currently not set
2026-01-30 19:09:30,061 [INFO] ImportTextPane:234 - (OptionalMessage_ERROR) IP (DMA) : Parameter (Priority) has Id (SPI2_TX) currently not set
2026-01-30 19:09:30,061 [INFO] ImportTextPane:234 - (OptionalMessage_ERROR) IP (DMA) : Parameter (SignalID) has Id (SPI2_TX) currently not set
2026-01-30 19:09:30,061 [INFO] ImportTextPane:234 - (OptionalMessage_ERROR) IP (DMA) : Parameter (Polarity) has Id (SPI2_TX) currently not set
2026-01-30 19:09:30,061 [INFO] ImportTextPane:234 - (OptionalMessage_ERROR) IP (DMA) : Parameter (RequestNumber) has Id (SPI2_TX) currently not set
2026-01-30 19:09:30,061 [INFO] ImportTextPane:234 - (OptionalMessage_ERROR) IP (DMA) : Parameter (SyncSignalID) has Id (SPI2_TX) currently not set
2026-01-30 19:09:30,061 [INFO] ImportTextPane:234 - (OptionalMessage_ERROR) IP (DMA) : Parameter (SyncPolarity) has Id (SPI2_TX) currently not set
2026-01-30 19:09:30,061 [INFO] ImportTextPane:234 - (OptionalMessage_ERROR) IP (DMA) : Parameter (SyncEnable) has Id (SPI2_TX) currently not set
2026-01-30 19:09:30,061 [INFO] ImportTextPane:234 - (OptionalMessage_ERROR) IP (DMA) : Parameter (EventEnable) has Id (SPI2_TX) currently not set
2026-01-30 19:09:30,061 [INFO] ImportTextPane:234 - (OptionalMessage_ERROR) IP (DMA) : Parameter (SyncRequestNumber) has Id (SPI2_TX) currently not set
2026-01-30 19:09:30,061 [INFO] ImportTextPane:234 - (OptionalMessage_ERROR) IP (DMA) : Parameter (Instance) has Id (USART1_RX) currently not set
2026-01-30 19:09:30,061 [INFO] ImportTextPane:234 - (OptionalMessage_ERROR) IP (DMA) : Parameter (Request) has Id (USART1_RX) currently not set
2026-01-30 19:09:30,061 [INFO] ImportTextPane:234 - (OptionalMessage_ERROR) IP (DMA) : Parameter (Direction) has Id (USART1_RX) currently not set
2026-01-30 19:09:30,061 [INFO] ImportTextPane:234 - (OptionalMessage_ERROR) IP (DMA) : Parameter (PeriphInc) has Id (USART1_RX) currently not set
2026-01-30 19:09:30,061 [INFO] ImportTextPane:234 - (OptionalMessage_ERROR) IP (DMA) : Parameter (MemInc) has Id (USART1_RX) currently not set
2026-01-30 19:09:30,061 [INFO] ImportTextPane:234 - (OptionalMessage_ERROR) IP (DMA) : Parameter (PeriphDataAlignment) has Id (USART1_RX) currently not set
2026-01-30 19:09:30,062 [INFO] ImportTextPane:234 - (OptionalMessage_ERROR) IP (DMA) : Parameter (MemDataAlignment) has Id (USART1_RX) currently not set
2026-01-30 19:09:30,062 [INFO] ImportTextPane:234 - (OptionalMessage_ERROR) IP (DMA) : Parameter (Mode) has Id (USART1_RX) currently not set
2026-01-30 19:09:30,062 [INFO] ImportTextPane:234 - (OptionalMessage_ERROR) IP (DMA) : Parameter (Priority) has Id (USART1_RX) currently not set
2026-01-30 19:09:30,062 [INFO] ImportTextPane:234 - (OptionalMessage_ERROR) IP (DMA) : Parameter (SignalID) has Id (USART1_RX) currently not set
2026-01-30 19:09:30,062 [INFO] ImportTextPane:234 - (OptionalMessage_ERROR) IP (DMA) : Parameter (Polarity) has Id (USART1_RX) currently not set
2026-01-30 19:09:30,062 [INFO] ImportTextPane:234 - (OptionalMessage_ERROR) IP (DMA) : Parameter (RequestNumber) has Id (USART1_RX) currently not set
2026-01-30 19:09:30,062 [INFO] ImportTextPane:234 - (OptionalMessage_ERROR) IP (DMA) : Parameter (SyncSignalID) has Id (USART1_RX) currently not set
2026-01-30 19:09:30,062 [INFO] ImportTextPane:234 - (OptionalMessage_ERROR) IP (DMA) : Parameter (SyncPolarity) has Id (USART1_RX) currently not set
2026-01-30 19:09:30,062 [INFO] ImportTextPane:234 - (OptionalMessage_ERROR) IP (DMA) : Parameter (SyncEnable) has Id (USART1_RX) currently not set
2026-01-30 19:09:30,062 [INFO] ImportTextPane:234 - (OptionalMessage_ERROR) IP (DMA) : Parameter (EventEnable) has Id (USART1_RX) currently not set
2026-01-30 19:09:30,062 [INFO] ImportTextPane:234 - (OptionalMessage_ERROR) IP (DMA) : Parameter (SyncRequestNumber) has Id (USART1_RX) currently not set
2026-01-30 19:09:30,062 [INFO] ImportTextPane:234 - (OptionalMessage_ERROR) IP (DMA) : Parameter (Instance) has Id (USART1_TX) currently not set
2026-01-30 19:09:30,062 [INFO] ImportTextPane:234 - (OptionalMessage_ERROR) IP (DMA) : Parameter (Request) has Id (USART1_TX) currently not set
2026-01-30 19:09:30,063 [INFO] ImportTextPane:234 - (OptionalMessage_ERROR) IP (DMA) : Parameter (Direction) has Id (USART1_TX) currently not set
2026-01-30 19:09:30,063 [INFO] ImportTextPane:234 - (OptionalMessage_ERROR) IP (DMA) : Parameter (PeriphInc) has Id (USART1_TX) currently not set
2026-01-30 19:09:30,063 [INFO] ImportTextPane:234 - (OptionalMessage_ERROR) IP (DMA) : Parameter (MemInc) has Id (USART1_TX) currently not set
2026-01-30 19:09:30,063 [INFO] ImportTextPane:234 - (OptionalMessage_ERROR) IP (DMA) : Parameter (PeriphDataAlignment) has Id (USART1_TX) currently not set
2026-01-30 19:09:30,063 [INFO] ImportTextPane:234 - (OptionalMessage_ERROR) IP (DMA) : Parameter (MemDataAlignment) has Id (USART1_TX) currently not set
2026-01-30 19:09:30,063 [INFO] ImportTextPane:234 - (OptionalMessage_ERROR) IP (DMA) : Parameter (Mode) has Id (USART1_TX) currently not set
2026-01-30 19:09:30,063 [INFO] ImportTextPane:234 - (OptionalMessage_ERROR) IP (DMA) : Parameter (Priority) has Id (USART1_TX) currently not set
2026-01-30 19:09:30,063 [INFO] ImportTextPane:234 - (OptionalMessage_ERROR) IP (DMA) : Parameter (SignalID) has Id (USART1_TX) currently not set
2026-01-30 19:09:30,063 [INFO] ImportTextPane:234 - (OptionalMessage_ERROR) IP (DMA) : Parameter (Polarity) has Id (USART1_TX) currently not set
2026-01-30 19:09:30,063 [INFO] ImportTextPane:234 - (OptionalMessage_ERROR) IP (DMA) : Parameter (RequestNumber) has Id (USART1_TX) currently not set
2026-01-30 19:09:30,063 [INFO] ImportTextPane:234 - (OptionalMessage_ERROR) IP (DMA) : Parameter (SyncSignalID) has Id (USART1_TX) currently not set
2026-01-30 19:09:30,063 [INFO] ImportTextPane:234 - (OptionalMessage_ERROR) IP (DMA) : Parameter (SyncPolarity) has Id (USART1_TX) currently not set
2026-01-30 19:09:30,063 [INFO] ImportTextPane:234 - (OptionalMessage_ERROR) IP (DMA) : Parameter (SyncEnable) has Id (USART1_TX) currently not set
2026-01-30 19:09:30,063 [INFO] ImportTextPane:234 - (OptionalMessage_ERROR) IP (DMA) : Parameter (EventEnable) has Id (USART1_TX) currently not set
2026-01-30 19:09:30,063 [INFO] ImportTextPane:234 - (OptionalMessage_ERROR) IP (DMA) : Parameter (SyncRequestNumber) has Id (USART1_TX) currently not set
2026-01-30 19:09:30,063 [INFO] ImportTextPane:234 - (OptionalMessage_ERROR) IP (DMA) : Parameter (Instance) has Id (USART2_RX) currently not set
2026-01-30 19:09:30,063 [INFO] ImportTextPane:234 - (OptionalMessage_ERROR) IP (DMA) : Parameter (Request) has Id (USART2_RX) currently not set
2026-01-30 19:09:30,064 [INFO] ImportTextPane:234 - (OptionalMessage_ERROR) IP (DMA) : Parameter (Direction) has Id (USART2_RX) currently not set
2026-01-30 19:09:30,064 [INFO] ImportTextPane:234 - (OptionalMessage_ERROR) IP (DMA) : Parameter (PeriphInc) has Id (USART2_RX) currently not set
2026-01-30 19:09:30,064 [INFO] ImportTextPane:234 - (OptionalMessage_ERROR) IP (DMA) : Parameter (MemInc) has Id (USART2_RX) currently not set
2026-01-30 19:09:30,064 [INFO] ImportTextPane:234 - (OptionalMessage_ERROR) IP (DMA) : Parameter (PeriphDataAlignment) has Id (USART2_RX) currently not set
2026-01-30 19:09:30,064 [INFO] ImportTextPane:234 - (OptionalMessage_ERROR) IP (DMA) : Parameter (MemDataAlignment) has Id (USART2_RX) currently not set
2026-01-30 19:09:30,064 [INFO] ImportTextPane:234 - (OptionalMessage_ERROR) IP (DMA) : Parameter (Mode) has Id (USART2_RX) currently not set
2026-01-30 19:09:30,064 [INFO] ImportTextPane:234 - (OptionalMessage_ERROR) IP (DMA) : Parameter (Priority) has Id (USART2_RX) currently not set
2026-01-30 19:09:30,064 [INFO] ImportTextPane:234 - (OptionalMessage_ERROR) IP (DMA) : Parameter (SignalID) has Id (USART2_RX) currently not set
2026-01-30 19:09:30,064 [INFO] ImportTextPane:234 - (OptionalMessage_ERROR) IP (DMA) : Parameter (Polarity) has Id (USART2_RX) currently not set
2026-01-30 19:09:30,064 [INFO] ImportTextPane:234 - (OptionalMessage_ERROR) IP (DMA) : Parameter (RequestNumber) has Id (USART2_RX) currently not set
2026-01-30 19:09:30,064 [INFO] ImportTextPane:234 - (OptionalMessage_ERROR) IP (DMA) : Parameter (SyncSignalID) has Id (USART2_RX) currently not set
2026-01-30 19:09:30,064 [INFO] ImportTextPane:234 - (OptionalMessage_ERROR) IP (DMA) : Parameter (SyncPolarity) has Id (USART2_RX) currently not set
2026-01-30 19:09:30,064 [INFO] ImportTextPane:234 - (OptionalMessage_ERROR) IP (DMA) : Parameter (SyncEnable) has Id (USART2_RX) currently not set
2026-01-30 19:09:30,064 [INFO] ImportTextPane:234 - (OptionalMessage_ERROR) IP (DMA) : Parameter (EventEnable) has Id (USART2_RX) currently not set
2026-01-30 19:09:30,064 [INFO] ImportTextPane:234 - (OptionalMessage_ERROR) IP (DMA) : Parameter (SyncRequestNumber) has Id (USART2_RX) currently not set
2026-01-30 19:09:30,064 [INFO] ImportTextPane:234 - (OptionalMessage_ERROR) IP (DMA) : Parameter (Instance) has Id (USART2_TX) currently not set
2026-01-30 19:09:30,064 [INFO] ImportTextPane:234 - (OptionalMessage_ERROR) IP (DMA) : Parameter (Request) has Id (USART2_TX) currently not set
2026-01-30 19:09:30,064 [INFO] ImportTextPane:234 - (OptionalMessage_ERROR) IP (DMA) : Parameter (Direction) has Id (USART2_TX) currently not set
2026-01-30 19:09:30,064 [INFO] ImportTextPane:234 - (OptionalMessage_ERROR) IP (DMA) : Parameter (PeriphInc) has Id (USART2_TX) currently not set
2026-01-30 19:09:30,065 [INFO] ImportTextPane:234 - (OptionalMessage_ERROR) IP (DMA) : Parameter (MemInc) has Id (USART2_TX) currently not set
2026-01-30 19:09:30,065 [INFO] ImportTextPane:234 - (OptionalMessage_ERROR) IP (DMA) : Parameter (PeriphDataAlignment) has Id (USART2_TX) currently not set
2026-01-30 19:09:30,065 [INFO] ImportTextPane:234 - (OptionalMessage_ERROR) IP (DMA) : Parameter (MemDataAlignment) has Id (USART2_TX) currently not set
2026-01-30 19:09:30,065 [INFO] ImportTextPane:234 - (OptionalMessage_ERROR) IP (DMA) : Parameter (Mode) has Id (USART2_TX) currently not set
2026-01-30 19:09:30,065 [INFO] ImportTextPane:234 - (OptionalMessage_ERROR) IP (DMA) : Parameter (Priority) has Id (USART2_TX) currently not set
2026-01-30 19:09:30,065 [INFO] ImportTextPane:234 - (OptionalMessage_ERROR) IP (DMA) : Parameter (SignalID) has Id (USART2_TX) currently not set
2026-01-30 19:09:30,065 [INFO] ImportTextPane:234 - (OptionalMessage_ERROR) IP (DMA) : Parameter (Polarity) has Id (USART2_TX) currently not set
2026-01-30 19:09:30,065 [INFO] ImportTextPane:234 - (OptionalMessage_ERROR) IP (DMA) : Parameter (RequestNumber) has Id (USART2_TX) currently not set
2026-01-30 19:09:30,065 [INFO] ImportTextPane:234 - (OptionalMessage_ERROR) IP (DMA) : Parameter (SyncSignalID) has Id (USART2_TX) currently not set
2026-01-30 19:09:30,065 [INFO] ImportTextPane:234 - (OptionalMessage_ERROR) IP (DMA) : Parameter (SyncPolarity) has Id (USART2_TX) currently not set
2026-01-30 19:09:30,065 [INFO] ImportTextPane:234 - (OptionalMessage_ERROR) IP (DMA) : Parameter (SyncEnable) has Id (USART2_TX) currently not set
2026-01-30 19:09:30,065 [INFO] ImportTextPane:234 - (OptionalMessage_ERROR) IP (DMA) : Parameter (EventEnable) has Id (USART2_TX) currently not set
2026-01-30 19:09:30,065 [INFO] ImportTextPane:234 - (OptionalMessage_ERROR) IP (DMA) : Parameter (SyncRequestNumber) has Id (USART2_TX) currently not set
2026-01-30 19:09:30,730 [INFO] ApiDb:581 - Connected to CubeFinder SQLite database (C:\Users\kujon\.stmcufinder\plugins\mcufinder\mcu\cube-finder-db.db)
2026-01-30 19:09:30,844 [INFO] ApiDb:668 - CubeFinder database Data Model version=2.1
2026-01-30 19:09:30,844 [INFO] ApiDb:669 - CubeFinder database Configuration version=3.0.39
2026-01-30 19:09:30,844 [INFO] ApiDb:670 - CubeFinder database generation date=2025-08-25 (1756130511)
2026-01-30 19:09:30,844 [INFO] ApiDb:671 - CubeFinder database FW Pack versions=[FP-ATR-ASTRA1_V2.0.0, FP-SNS-FLIGHT1_V5.1.0, FP-SNS-MOTENV1_V5.0.0, FP-SNS-MOTENVWB1_V1.4.0, FP-SNS-SMARTAG2_V1.2.0, FP-SNS-STBOX1_V2.1.0, STM32Cube_FW_C0_V1.4.0, STM32Cube_FW_F4_V1.28.3, STM32Cube_FW_F7_V1.17.4, STM32Cube_FW_G0_V1.6.2, STM32Cube_FW_G4_V1.6.1, STM32Cube_FW_H5_V1.5.0, STM32Cube_FW_H7RS_V1.2.0, STM32Cube_FW_H7_V1.12.1, STM32Cube_FW_L0_V1.12.2, STM32Cube_FW_L4_V1.18.1, STM32Cube_FW_L5_V1.5.1, STM32Cube_FW_N6_V1.2.0, STM32Cube_FW_U0_V1.3.0, STM32Cube_FW_U3_V1.2.0, STM32Cube_FW_U5_V1.8.0, STM32Cube_FW_WB0_V1.3.0, STM32Cube_FW_WBA_V1.7.0, STM32Cube_FW_WB_V1.23.0, STM32Cube_FW_WL3_V1.2.0, STM32Cube_FW_WL_V1.3.1, X-CUBE-ALGOBUILD_V1.4.0, X-CUBE-ALS_V1.0.2, X-CUBE-AZRTOS-F4_V1.1.0, X-CUBE-AZRTOS-F7_V1.1.0, X-CUBE-AZRTOS-G0_V1.1.0, X-CUBE-AZRTOS-G4_V2.0.0, X-CUBE-AZRTOS-H7RS_V1.1.0, X-CUBE-AZRTOS-H7_V3.4.0, X-CUBE-AZRTOS-L4_V2.0.0, X-CUBE-AZRTOS-L5_V2.0.0, X-CUBE-AZRTOS-WB_V2.0.0, X-CUBE-AZRTOS-WL_V2.0.0, X-CUBE-BLE1_V7.1.0, X-CUBE-BLE2_V3.3.0, X-CUBE-BLEMGR_V4.1.0, X-CUBE-EEPRMA1_V5.2.0, X-CUBE-FREERTOS_V1.3.1, X-CUBE-GNSS1_V6.0.0, X-CUBE-MEMS1_V11.3.0, X-CUBE-NFC4_V3.0.0, X-CUBE-NFC7_V2.0.0, X-CUBE-SFXS2LP1_V4.0.0, X-CUBE-ST67W61_V1.0.0, X-CUBE-SUBG2_V5.0.0, X-CUBE-TOF1_V3.4.3]
2026-01-30 19:09:30,991 [INFO] DbBoardsSqlite:226 - include board P-NUCLEO-WB55-NUCLEO as a kit item of type 'Nucleo-64'
2026-01-30 19:09:30,992 [INFO] DbBoardsSqlite:226 - include board P-NUCLEO-WB55-USBDONGLE as a kit item of type 'Nucleo USB Dongle'
2026-01-30 19:09:30,993 [INFO] DbBoardsSqlite:226 - include board STEVAL-IDP005V1 as a kit item of type 'Evaluation Board'
2026-01-30 19:09:30,993 [INFO] DbBoardsSqlite:226 - include board STEVAL-IDP005V2 as a kit item of type 'Evaluation Board'
2026-01-30 19:09:31,479 [INFO] ApiDb:240 - Found 880 in-development CPN: [B-G473E-ZEST1S, B-WB1M-WPAN1, B-WBA5M-WPAN, B-WL5M-SUBG1, NUCLEO-C031C6, NUCLEO-C051C8, NUCLEO-C071RB, NUCLEO-C092RC, NUCLEO-H503RB, NUCLEO-H533RE, NUCLEO-H563ZI, NUCLEO-H7S3L8, NUCLEO-N657X0-Q, NUCLEO-U031R8, NUCLEO-U083RC, NUCLEO-U385RG-Q, NUCLEO-U545RE-Q, NUCLEO-U5A5ZJ-Q, NUCLEO-WB05KZ, NUCLEO-WB07CC, NUCLEO-WB09KE, NUCLEO-WBA52CG, NUCLEO-WBA55CG, NUCLEO-WL33CC1, NUCLEO-WL33CC2, STEVAL-PROTEUS1, STEVAL-SMARTAG2, STEVAL-STWINBX1, STM320518-EVAL, STM32C0116-DK, STM32C011D6Y3TR, STM32C011D6Y6TR, STM32C011F4P3, STM32C011F4P6, STM32C011F4U3, STM32C011F4U6TR, STM32C011F6P3, STM32C011F6P6, STM32C011F6U3, STM32C011F6U6TR, STM32C011J4M3, STM32C011J4M6, STM32C011J6M3, STM32C011J6M6, STM32C0316-DK, STM32C031C4T3, STM32C031C4T6, STM32C031C4U3, STM32C031C4U6, STM32C031C6T3, STM32C031C6T6, STM32C031C6U3, STM32C031C6U6, STM32C031F4P3, STM32C031F4P6, STM32C031F6P3, STM32C031F6P6, STM32C031G4U3, STM32C031G4U6, STM32C031G6U3, STM32C031G6U6, STM32C031K4T3, STM32C031K4T6, STM32C031K4U3, STM32C031K4U6, STM32C031K6T3, STM32C031K6T6, STM32C031K6U3, STM32C031K6U6, STM32C051C6T6, STM32C051C6U6, STM32C051C8T6, STM32C051C8U6, STM32C051D8Y6TR, STM32C051F6P6, STM32C051F8P6, STM32C051G6U6, STM32C051G8U6, STM32C051K6T6, STM32C051K6U6, STM32C051K8T6, STM32C071C8T6, STM32C071C8T6N, STM32C071C8U6, STM32C071C8U6N, STM32C071CBT6, STM32C071CBT6N, STM32C071CBU6, STM32C071CBU6N, STM32C071F8P6, STM32C071F8P6N, STM32C071FBP6, STM32C071FBP6N, STM32C071FBY6TR, STM32C071G8U6, STM32C071G8U6N, STM32C071GBU6, STM32C071GBU6N, STM32C071K8T6, STM32C071K8T6N, STM32C071K8U6, STM32C071K8U6N, STM32C071KBT6, STM32C071KBT6N, STM32C071KBU6, STM32C071KBU6N, STM32C071R8T6, STM32C071R8T6N, STM32C071RBI6N, STM32C071RBT6, STM32C071RBT6N, STM32C091CBT6, STM32C091CBU6, STM32C091CCT6, STM32C091CCU6, STM32C091ECY6TR, STM32C091FBP6, STM32C091FCP6, STM32C091GBU6, STM32C091GCU6, STM32C091KBT6, STM32C091KBU6, STM32C091KCT6, STM32C091KCU6, STM32C091RBT6, STM32C091RCI6, STM32C091RCT6, STM32C092CBT6, STM32C092CBU6, STM32C092CCT6, STM32C092CCU6, STM32C092ECY6TR, STM32C092FBP6, STM32C092FCP6, STM32C092GBU6, STM32C092GCU6, STM32C092KBT6, STM32C092KBU6, STM32C092KCT6, STM32C092KCU6, STM32C092RBT6, STM32C092RCI6, STM32C092RCT6, STM32G071K8TXN, STM32G071K8UXN, STM32G081GBU6N, STM32G081KBT6N, STM32G081KBUXN, STM32G0B1CCT6N, STM32G0B1KCT6, STM32G0B1NEY6TR, STM32G0B1RCT6N, STM32G0C1CCT6, STM32G0C1CCT6N, STM32G0C1CCU6N, STM32G0C1CET6N, STM32G0C1CEU6N, STM32G0C1KCT6, STM32G0C1NEY6TR, STM32G0C1RCI6N, STM32G0C1RCT6N, STM32G0C1REI6N, STM32G0C1RET6N, STM32G0C1VCI6, STM32G0C1VEI6, STM32G411C6T3, STM32G411C6T6, STM32G411C6U3, STM32G411C6U6, STM32G411C8T3, STM32G411C8T6, STM32G411C8U3, STM32G411C8U6, STM32G411CBT3, STM32G411CBT6, STM32G411CBU3, STM32G411CBU6, STM32G411K6T3, STM32G411K6T6, STM32G411K6U3, STM32G411K6U6, STM32G411K8T3, STM32G411K8T6, STM32G411K8U3, STM32G411K8U6, STM32G411KBT3, STM32G411KBT6, STM32G411KBU3, STM32G411KBU6, STM32G411M6T3, STM32G411M6T6, STM32G411M8T3, STM32G411M8T6, STM32G411MBT3, STM32G411MBT6, STM32G411R6T3, STM32G411R6T6, STM32G411R8T3, STM32G411R8T6, STM32G411RBT3, STM32G411RBT6, STM32G414CBT3, STM32G414CBT6, STM32G414CBU3, STM32G414CBU6, STM32G414CCT3, STM32G414CCT6, STM32G414CCU3, STM32G414CCU6, STM32G414MBT3, STM32G414MBT6, STM32G414MCT3, STM32G414MCT6, STM32G414RBT3, STM32G414RBT6, STM32G414RCT3, STM32G414RCT6, STM32G414VBT3, STM32G414VBT6, STM32G414VCT3, STM32G414VCT6, STM32G431CBT3Z, STM32G431RBT3Z, STM32G471CCT6, STM32G471CCU6, STM32G471CET3, STM32G471CET6, STM32G471CEU3, STM32G471CEU6, STM32G471MCT6, STM32G471MET3, STM32G471MET6, STM32G471MEY6TR, STM32G471QCT6, STM32G471QET3, STM32G471RCT6, STM32G471RET3, STM32G471RET6, STM32G471VCH6, STM32G471VCI6, STM32G471VCT6, STM32G471VEH3, STM32G471VEH6, STM32G471VEI3, STM32G471VEI6, STM32G471VET3, STM32G471VET6, STM32G473QET3Z, STM32G473RET3Z, STM32G474CCT6, STM32G491RET3Z, STM32H503CBT6, STM32H503CBU6, STM32H503EBY6TR, STM32H503KBU6, STM32H503RBT6, STM32H523CCT6, STM32H523CCU6, STM32H523CET6, STM32H523CEU6, STM32H523HEY6TR, STM32H523RCT6, STM32H523RET6, STM32H523VCI6, STM32H523VCT6, STM32H523VEI6, STM32H523VET6, STM32H523ZCJ6, STM32H523ZCT6, STM32H523ZEJ6, STM32H523ZET6, STM32H533CET6, STM32H533CEU6, STM32H533HEY6TR, STM32H533RET6, STM32H533VEI6, STM32H533VET6, STM32H533ZEJ6, STM32H533ZET6, STM32H562AGI6, STM32H562AII6, STM32H562IGK6, STM32H562IGT6, STM32H562IIK6, STM32H562IIT6, STM32H562RGT6, STM32H562RGV6, STM32H562RIT6, STM32H562RIV6, STM32H562VGT6, STM32H562VIT6, STM32H562ZGT6, STM32H562ZIT6, STM32H563AGI6, STM32H563AII3Q, STM32H563AII6, STM32H563IGK6, STM32H563IGT6, STM32H563IIK3Q, STM32H563IIK6, STM32H563IIT3Q, STM32H563IIT6, STM32H563MIY3QTR, STM32H563RGT6, STM32H563RGV6, STM32H563RIT6, STM32H563RIV6, STM32H563VGT6, STM32H563VIT3Q, STM32H563VIT6, STM32H563ZGT6, STM32H563ZIT3Q, STM32H563ZIT6, STM32H573AII3Q, STM32H573AII6, STM32H573I-DK, STM32H573IIK3Q, STM32H573IIK6, STM32H573IIT3Q, STM32H573IIT6, STM32H573MIY3QTR, STM32H573RIT6, STM32H573RIV6, STM32H573VIT3Q, STM32H573VIT6, STM32H573ZIT3Q, STM32H573ZIT6, STM32H7R3A8I6, STM32H7R3I8K6, STM32H7R3I8T6, STM32H7R3L8H6, STM32H7R3L8H6H, STM32H7R3R8V6, STM32H7R3V8H6, STM32H7R3V8T6, STM32H7R3V8Y6TR, STM32H7R3Z8J6, STM32H7R3Z8T6, STM32H7R7A8I6, STM32H7R7I8K6, STM32H7R7I8T6, STM32H7R7L8H6, STM32H7R7L8H6H, STM32H7R7Z8J6, STM32H7S3A8I6, STM32H7S3I8K6, STM32H7S3I8T6, STM32H7S3L8H6, STM32H7S3L8H6H, STM32H7S3R8V6, STM32H7S3V8H6, STM32H7S3V8T6, STM32H7S3V8Y6TR, STM32H7S3Z8J6, STM32H7S3Z8T6, STM32H7S78-DK, STM32H7S7A8I6, STM32H7S7I8K6, STM32H7S7I8T6, STM32H7S7L8H6, STM32H7S7L8H6H, STM32H7S7Z8J6, STM32L4R5QGI6STR, STM32MP131AAE3, STM32MP131AAF3, STM32MP131AAG3, STM32MP131CAE3, STM32MP131CAF3, STM32MP131CAG3, STM32MP131DAE7, STM32MP131DAF7, STM32MP131DAG7, STM32MP131FAE7, STM32MP131FAF7, STM32MP131FAG7, STM32MP133AAE3, STM32MP133AAF3, STM32MP133AAG3, STM32MP133CAE3, STM32MP133CAF3, STM32MP133CAG3, STM32MP133DAE7, STM32MP133DAF7, STM32MP133DAG7, STM32MP133FAE7, STM32MP133FAF7, STM32MP133FAG7, STM32MP135AAE3, STM32MP135AAF3, STM32MP135AAG3, STM32MP135CAE3, STM32MP135CAF3, STM32MP135CAG3, STM32MP135DAE7, STM32MP135DAF7, STM32MP135DAG7, STM32MP135F-DK, STM32MP135FAE7, STM32MP135FAF7, STM32MP135FAF7T, STM32MP135FAF7U, STM32MP135FAG7, STM32MP211AAL3, STM32MP211AAM3, STM32MP211AAN3, STM32MP211AAO3, STM32MP211CAL3, STM32MP211CAM3, STM32MP211CAN3, STM32MP211CAO3, STM32MP211DAL3, STM32MP211DAM3, STM32MP211DAN3, STM32MP211DAO3, STM32MP211FAL3, STM32MP211FAM3, STM32MP211FAN3, STM32MP211FAO3, STM32MP213AAL3, STM32MP213AAM3, STM32MP213AAN3, STM32MP213AAO3, STM32MP213CAL3, STM32MP213CAM3, STM32MP213CAN3, STM32MP213CAO3, STM32MP213DAL3, STM32MP213DAM3, STM32MP213DAN3, STM32MP213DAO3, STM32MP213FAL3, STM32MP213FAM3, STM32MP213FAN3, STM32MP213FAO3, STM32MP215AAL3, STM32MP215AAM3, STM32MP215AAN3, STM32MP215AAO3, STM32MP215CAL3, STM32MP215CAM3, STM32MP215CAN3, STM32MP215CAO3, STM32MP215DAL3, STM32MP215DAM3, STM32MP215DAN3, STM32MP215DAO3, STM32MP215F-DK, STM32MP215FAL3, STM32MP215FAM3, STM32MP215FAN3, STM32MP215FAO3, STM32MP231AAJ3, STM32MP231AAK3, STM32MP231AAL3, STM32MP231CAJ3, STM32MP231CAK3, STM32MP231CAL3, STM32MP231DAJ3, STM32MP231DAK3, STM32MP231DAL3, STM32MP231FAJ3, STM32MP231FAK3, STM32MP231FAL3, STM32MP233AAJ3, STM32MP233AAK3, STM32MP233AAL3, STM32MP233CAJ3, STM32MP233CAK3, STM32MP233CAL3, STM32MP233DAJ3, STM32MP233DAK3, STM32MP233DAL3, STM32MP233FAJ3, STM32MP233FAK3, STM32MP233FAL3, STM32MP235AAJ3, STM32MP235AAK3, STM32MP235AAL3, STM32MP235CAJ3, STM32MP235CAK3, STM32MP235CAL3, STM32MP235DAJ3, STM32MP235DAK3, STM32MP235DAL3, STM32MP235FAJ3, STM32MP235FAK3, STM32MP235FAL3, STM32MP251AAI3, STM32MP251AAK3, STM32MP251AAL3, STM32MP251CAI3, STM32MP251CAK3, STM32MP251CAL3, STM32MP251DAI3, STM32MP251DAK3, STM32MP251DAL3, STM32MP251FAI3, STM32MP251FAK3, STM32MP251FAL3, STM32MP253AAI3, STM32MP253AAK3, STM32MP253AAL3, STM32MP253CAI3, STM32MP253CAK3, STM32MP253CAL3, STM32MP253DAI3, STM32MP253DAK3, STM32MP253DAL3, STM32MP253FAI3, STM32MP253FAK3, STM32MP253FAL3, STM32MP255AAI3, STM32MP255AAK3, STM32MP255AAL3, STM32MP255CAI3, STM32MP255CAK3, STM32MP255CAL3, STM32MP255DAI3, STM32MP255DAK3, STM32MP255DAL3, STM32MP255FAI3, STM32MP255FAK3, STM32MP255FAL3, STM32MP257AAI3, STM32MP257AAK3, STM32MP257AAL3, STM32MP257CAI3, STM32MP257CAK3, STM32MP257CAL3, STM32MP257DAI3, STM32MP257DAK3, STM32MP257DAL3, STM32MP257F-DK, STM32MP257F-EV1, STM32MP257FAI3, STM32MP257FAK3, STM32MP257FAL3, STM32N645A0H3Q, STM32N645B0H3Q, STM32N645I0H3Q, STM32N645L0H3Q, STM32N645X0H3Q, STM32N645Z0H3Q, STM32N647A0H3Q, STM32N647B0H3Q, STM32N647I0H3Q, STM32N647L0H3Q, STM32N647X0H3Q, STM32N647Z0H3Q, STM32N655A0H3Q, STM32N655B0H3Q, STM32N655I0H3Q, STM32N655L0H3Q, STM32N655X0H3Q, STM32N655Z0H3Q, STM32N6570-DK, STM32N657A0H3Q, STM32N657B0H3Q, STM32N657I0H3Q, STM32N657L0H3Q, STM32N657X0H3Q, STM32N657Z0H3Q, STM32U031C6T6, STM32U031C6U6, STM32U031C8T6, STM32U031C8U6, STM32U031F4P6, STM32U031F6P6, STM32U031F8P6, STM32U031G6Y6TR, STM32U031G8Y6TR, STM32U031K4U6, STM32U031K6U6, STM32U031K8U6, STM32U031R6I6, STM32U031R6T6, STM32U031R8I6, STM32U031R8T6, STM32U073C8T6, STM32U073C8U6, STM32U073CBT6, STM32U073CBU6, STM32U073CCT6, STM32U073CCU6, STM32U073H8Y6TR, STM32U073HBY6TR, STM32U073HCY6TR, STM32U073K8U6, STM32U073KBU6, STM32U073KCU6, STM32U073M8I6, STM32U073M8T6, STM32U073MBI6, STM32U073MBT6, STM32U073MCI6, STM32U073MCT6, STM32U073R8I6, STM32U073R8T6, STM32U073RBI6, STM32U073RBT6, STM32U073RCI6, STM32U073RCT6, STM32U083C-DK, STM32U083CCT6, STM32U083CCU6, STM32U083HCY6TR, STM32U083KCU6, STM32U083MCI6, STM32U083MCT6, STM32U083RCI6, STM32U083RCT6, STM32U375CET6, STM32U375CET6Q, STM32U375CEU6, STM32U375CEU6Q, STM32U375CEY6QTR, STM32U375CGT6, STM32U375CGT6Q, STM32U375CGU6, STM32U375CGU6Q, STM32U375CGY6QTR, STM32U375KEU6, STM32U375KGU6, STM32U375REI6, STM32U375REI6Q, STM32U375RET6, STM32U375RET6Q, STM32U375REY6GTR, STM32U375REY6QTR, STM32U375RGI6, STM32U375RGI6Q, STM32U375RGT6, STM32U375RGT6Q, STM32U375RGY6GTR, STM32U375RGY6QTR, STM32U375VEI6, STM32U375VEI6Q, STM32U375VET6, STM32U375VET6Q, STM32U375VGI6, STM32U375VGI6Q, STM32U375VGT6, STM32U375VGT6Q, STM32U385CGT6, STM32U385CGT6Q, STM32U385CGU6, STM32U385CGU6Q, STM32U385CGY6QTR, STM32U385KGU6, STM32U385RGI6, STM32U385RGI6Q, STM32U385RGT6, STM32U385RGT6Q, STM32U385RGY6GTR, STM32U385RGY6QTR, STM32U385VGI6, STM32U385VGI6Q, STM32U385VGT6, STM32U385VGT6Q, STM32U535CBT6, STM32U535CBT6Q, STM32U535CBU6, STM32U535CBU6Q, STM32U535CCT6, STM32U535CCT6Q, STM32U535CCU6, STM32U535CCU6Q, STM32U535CET6, STM32U535CET6Q, STM32U535CEU6, STM32U535CEU6Q, STM32U535JEY6QTR, STM32U535NCY6QTR, STM32U535NEY6QTR, STM32U535RBI6, STM32U535RBI6Q, STM32U535RBT6, STM32U535RBT6Q, STM32U535RCI6, STM32U535RCI6Q, STM32U535RCT6, STM32U535RCT6Q, STM32U535REI6, STM32U535REI6Q, STM32U535RET6, STM32U535RET6Q, STM32U535VCI6, STM32U535VCI6Q, STM32U535VCT6, STM32U535VCT6Q, STM32U535VEI6, STM32U535VEI6Q, STM32U535VET6, STM32U535VET6Q, STM32U545CET6, STM32U545CET6Q, STM32U545CEU6, STM32U545CEU6Q, STM32U545JEY6QTR, STM32U545NEY6QTR, STM32U545REI6, STM32U545REI6Q, STM32U545RET6, STM32U545RET6Q, STM32U545VEI6, STM32U545VEI6Q, STM32U545VET6, STM32U545VET6Q, STM32U595AIH6, STM32U595AIH6Q, STM32U595AJH6, STM32U595AJH6Q, STM32U595QII6, STM32U595QII6Q, STM32U595QJI6, STM32U595QJI6Q, STM32U595RIT6, STM32U595RIT6Q, STM32U595RJT6, STM32U595RJT6Q, STM32U595VIT6, STM32U595VIT6Q, STM32U595VJT6, STM32U595VJT6Q, STM32U595ZIT6, STM32U595ZIT6Q, STM32U595ZIY6QTR, STM32U595ZJT6, STM32U595ZJT6Q, STM32U595ZJY6QTR, STM32U599BJY6QTR, STM32U599NIH6Q, STM32U599NJH6Q, STM32U599VIT6Q, STM32U599VJT6, STM32U599VJT6Q, STM32U599ZIT6Q, STM32U599ZIY6QTR, STM32U599ZJT6Q, STM32U599ZJY6QTR, STM32U5A5AJH6, STM32U5A5AJH6Q, STM32U5A5QII3Q , STM32U5A5QJI6, STM32U5A5QJI6Q, STM32U5A5RJT6, STM32U5A5RJT6Q, STM32U5A5VJT6, STM32U5A5VJT6Q, STM32U5A5ZJT6, STM32U5A5ZJT6Q, STM32U5A5ZJY6QTR, STM32U5A9BJY6QTR, STM32U5A9J-DK, STM32U5A9NJH6Q, STM32U5A9VJT6Q, STM32U5A9ZJT6Q, STM32U5A9ZJY6QTR, STM32U5F7VIT6, STM32U5F7VIT6Q, STM32U5F7VJT6, STM32U5F7VJT6Q, STM32U5F9BJY6QTR, STM32U5F9NJH6Q, STM32U5F9VIT6Q, STM32U5F9VJT6Q, STM32U5F9ZIJ6QTR, STM32U5F9ZIT6Q, STM32U5F9ZJJ6QTR, STM32U5F9ZJT6Q, STM32U5G7VJT6, STM32U5G7VJT6Q, STM32U5G9BJY6QTR, STM32U5G9J-DK1, STM32U5G9J-DK2, STM32U5G9NJH6Q, STM32U5G9VJT6Q, STM32U5G9ZJJ6QTR, STM32U5G9ZJT6Q, STM32WB05KZV6TR, STM32WB05KZV7TR, STM32WB05TZF6TR, STM32WB05TZF7TR, STM32WB06CCF6TR, STM32WB06CCF7TR, STM32WB06CCV6TR, STM32WB06CCV7TR, STM32WB06KCV6TR, STM32WB06KCV7TR, STM32WB07CCF6TR, STM32WB07CCF7TR, STM32WB07CCV6TR, STM32WB07CCV7TR, STM32WB07KCV6TR, STM32WB07KCV7TR, STM32WB09KEV6TR, STM32WB09KEV7TR, STM32WB09TEF6TR, STM32WB09TEF7TR, STM32WB1MMCH6, STM32WBA50KGU6, STM32WBA50KGU6TR, STM32WBA52CEU6, STM32WBA52CEU6TR, STM32WBA52CEU7, STM32WBA52CEU7TR, STM32WBA52CGU6, STM32WBA52CGU6TR, STM32WBA52CGU6U, STM32WBA52CGU7, STM32WBA52CGU7TR, STM32WBA52KEU6, STM32WBA52KEU6TR, STM32WBA52KGU6, STM32WBA52KGU6TR, STM32WBA54CEU6, STM32WBA54CEU6TR, STM32WBA54CEU7, STM32WBA54CEU7TR, STM32WBA54CGU6, STM32WBA54CGU6TR, STM32WBA54CGU7, STM32WBA54CGU7TR, STM32WBA54KEU6, STM32WBA54KEU6TR, STM32WBA54KEU7, STM32WBA54KEU7TR, STM32WBA54KGU6, STM32WBA54KGU6TR, STM32WBA54KGU7, STM32WBA54KGU7TR, STM32WBA55CEU6, STM32WBA55CEU6TR, STM32WBA55CEU7, STM32WBA55CEU7TR, STM32WBA55CGU6, STM32WBA55CGU6TR, STM32WBA55CGU6U, STM32WBA55CGU7, STM32WBA55CGU7TR, STM32WBA55G-DK1, STM32WBA55HEF6, STM32WBA55HEF7, STM32WBA55HGF6, STM32WBA55HGF7, STM32WBA55UEI6, STM32WBA55UEI6TR, STM32WBA55UEI7, STM32WBA55UEI7TR, STM32WBA55UGI6, STM32WBA55UGI6TR, STM32WBA55UGI7, STM32WBA55UGI7TR, STM32WBA5MMGH6TR, STM32WBA62MGF6, STM32WBA62MIF6, STM32WBA65MGF7, STM32WBA65MIF6, STM32WBA65MIF7, STM32WL30K8V6, STM32WL30KBV6, STM32WL31C8V6, STM32WL31CBV6, STM32WL31K8V6, STM32WL31KBV6, STM32WL33C8V6, STM32WL33C8V6X, STM32WL33CBV6, STM32WL33CBV6X, STM32WL33CCV6, STM32WL33CCV6A, STM32WL33CCV6X, STM32WL33K8V7, STM32WL33K8V7X, STM32WL33KBV7 , STM32WL33KBV7X, STM32WL33KCV7, STM32WL33KCV7X, STM32WL5MOCH6, STM32WL5MOCH6TR]
2026-01-30 19:09:31,602 [INFO] BoardInfo:889 - No configuration file found for board P-NUCLEO-WB55
2026-01-30 19:09:31,602 [INFO] DbBoards:161 - Kit is not supported: P-NUCLEO-WB55
2026-01-30 19:09:31,605 [INFO] BoardInfo:889 - No configuration file found for board STEVAL-BFA001V1B
2026-01-30 19:09:31,605 [INFO] DbBoards:161 - Kit is not supported: STEVAL-BFA001V1B
2026-01-30 19:09:31,606 [INFO] BoardInfo:889 - No configuration file found for board STEVAL-BFA001V2B
2026-01-30 19:09:31,606 [INFO] DbBoards:161 - Kit is not supported: STEVAL-BFA001V2B
2026-01-30 19:09:31,719 [INFO] DbBoards:168 - Found 212 boards, 209 are supported
2026-01-30 19:09:31,720 [INFO] DbBoards:169 - Found 212 boards, 43 of them is supported for  Bsp
2026-01-30 19:09:31,723 [INFO] ApiDb:668 - CubeFinder database Data Model version=2.1
2026-01-30 19:09:31,723 [INFO] ApiDb:669 - CubeFinder database Configuration version=3.0.39
2026-01-30 19:09:31,723 [INFO] ApiDb:670 - CubeFinder database generation date=2025-08-25 (1756130511)
2026-01-30 19:09:31,723 [INFO] ApiDb:671 - CubeFinder database FW Pack versions=[FP-ATR-ASTRA1_V2.0.0, FP-SNS-FLIGHT1_V5.1.0, FP-SNS-MOTENV1_V5.0.0, FP-SNS-MOTENVWB1_V1.4.0, FP-SNS-SMARTAG2_V1.2.0, FP-SNS-STBOX1_V2.1.0, STM32Cube_FW_C0_V1.4.0, STM32Cube_FW_F4_V1.28.3, STM32Cube_FW_F7_V1.17.4, STM32Cube_FW_G0_V1.6.2, STM32Cube_FW_G4_V1.6.1, STM32Cube_FW_H5_V1.5.0, STM32Cube_FW_H7RS_V1.2.0, STM32Cube_FW_H7_V1.12.1, STM32Cube_FW_L0_V1.12.2, STM32Cube_FW_L4_V1.18.1, STM32Cube_FW_L5_V1.5.1, STM32Cube_FW_N6_V1.2.0, STM32Cube_FW_U0_V1.3.0, STM32Cube_FW_U3_V1.2.0, STM32Cube_FW_U5_V1.8.0, STM32Cube_FW_WB0_V1.3.0, STM32Cube_FW_WBA_V1.7.0, STM32Cube_FW_WB_V1.23.0, STM32Cube_FW_WL3_V1.2.0, STM32Cube_FW_WL_V1.3.1, X-CUBE-ALGOBUILD_V1.4.0, X-CUBE-ALS_V1.0.2, X-CUBE-AZRTOS-F4_V1.1.0, X-CUBE-AZRTOS-F7_V1.1.0, X-CUBE-AZRTOS-G0_V1.1.0, X-CUBE-AZRTOS-G4_V2.0.0, X-CUBE-AZRTOS-H7RS_V1.1.0, X-CUBE-AZRTOS-H7_V3.4.0, X-CUBE-AZRTOS-L4_V2.0.0, X-CUBE-AZRTOS-L5_V2.0.0, X-CUBE-AZRTOS-WB_V2.0.0, X-CUBE-AZRTOS-WL_V2.0.0, X-CUBE-BLE1_V7.1.0, X-CUBE-BLE2_V3.3.0, X-CUBE-BLEMGR_V4.1.0, X-CUBE-EEPRMA1_V5.2.0, X-CUBE-FREERTOS_V1.3.1, X-CUBE-GNSS1_V6.0.0, X-CUBE-MEMS1_V11.3.0, X-CUBE-NFC4_V3.0.0, X-CUBE-NFC7_V2.0.0, X-CUBE-SFXS2LP1_V4.0.0, X-CUBE-ST67W61_V1.0.0, X-CUBE-SUBG2_V5.0.0, X-CUBE-TOF1_V3.4.3]
2026-01-30 19:09:33,917 [INFO] ApiDb:240 - Found 880 in-development CPN: [B-G473E-ZEST1S, B-WB1M-WPAN1, B-WBA5M-WPAN, B-WL5M-SUBG1, NUCLEO-C031C6, NUCLEO-C051C8, NUCLEO-C071RB, NUCLEO-C092RC, NUCLEO-H503RB, NUCLEO-H533RE, NUCLEO-H563ZI, NUCLEO-H7S3L8, NUCLEO-N657X0-Q, NUCLEO-U031R8, NUCLEO-U083RC, NUCLEO-U385RG-Q, NUCLEO-U545RE-Q, NUCLEO-U5A5ZJ-Q, NUCLEO-WB05KZ, NUCLEO-WB07CC, NUCLEO-WB09KE, NUCLEO-WBA52CG, NUCLEO-WBA55CG, NUCLEO-WL33CC1, NUCLEO-WL33CC2, STEVAL-PROTEUS1, STEVAL-SMARTAG2, STEVAL-STWINBX1, STM320518-EVAL, STM32C0116-DK, STM32C011D6Y3TR, STM32C011D6Y6TR, STM32C011F4P3, STM32C011F4P6, STM32C011F4U3, STM32C011F4U6TR, STM32C011F6P3, STM32C011F6P6, STM32C011F6U3, STM32C011F6U6TR, STM32C011J4M3, STM32C011J4M6, STM32C011J6M3, STM32C011J6M6, STM32C0316-DK, STM32C031C4T3, STM32C031C4T6, STM32C031C4U3, STM32C031C4U6, STM32C031C6T3, STM32C031C6T6, STM32C031C6U3, STM32C031C6U6, STM32C031F4P3, STM32C031F4P6, STM32C031F6P3, STM32C031F6P6, STM32C031G4U3, STM32C031G4U6, STM32C031G6U3, STM32C031G6U6, STM32C031K4T3, STM32C031K4T6, STM32C031K4U3, STM32C031K4U6, STM32C031K6T3, STM32C031K6T6, STM32C031K6U3, STM32C031K6U6, STM32C051C6T6, STM32C051C6U6, STM32C051C8T6, STM32C051C8U6, STM32C051D8Y6TR, STM32C051F6P6, STM32C051F8P6, STM32C051G6U6, STM32C051G8U6, STM32C051K6T6, STM32C051K6U6, STM32C051K8T6, STM32C071C8T6, STM32C071C8T6N, STM32C071C8U6, STM32C071C8U6N, STM32C071CBT6, STM32C071CBT6N, STM32C071CBU6, STM32C071CBU6N, STM32C071F8P6, STM32C071F8P6N, STM32C071FBP6, STM32C071FBP6N, STM32C071FBY6TR, STM32C071G8U6, STM32C071G8U6N, STM32C071GBU6, STM32C071GBU6N, STM32C071K8T6, STM32C071K8T6N, STM32C071K8U6, STM32C071K8U6N, STM32C071KBT6, STM32C071KBT6N, STM32C071KBU6, STM32C071KBU6N, STM32C071R8T6, STM32C071R8T6N, STM32C071RBI6N, STM32C071RBT6, STM32C071RBT6N, STM32C091CBT6, STM32C091CBU6, STM32C091CCT6, STM32C091CCU6, STM32C091ECY6TR, STM32C091FBP6, STM32C091FCP6, STM32C091GBU6, STM32C091GCU6, STM32C091KBT6, STM32C091KBU6, STM32C091KCT6, STM32C091KCU6, STM32C091RBT6, STM32C091RCI6, STM32C091RCT6, STM32C092CBT6, STM32C092CBU6, STM32C092CCT6, STM32C092CCU6, STM32C092ECY6TR, STM32C092FBP6, STM32C092FCP6, STM32C092GBU6, STM32C092GCU6, STM32C092KBT6, STM32C092KBU6, STM32C092KCT6, STM32C092KCU6, STM32C092RBT6, STM32C092RCI6, STM32C092RCT6, STM32G071K8TXN, STM32G071K8UXN, STM32G081GBU6N, STM32G081KBT6N, STM32G081KBUXN, STM32G0B1CCT6N, STM32G0B1KCT6, STM32G0B1NEY6TR, STM32G0B1RCT6N, STM32G0C1CCT6, STM32G0C1CCT6N, STM32G0C1CCU6N, STM32G0C1CET6N, STM32G0C1CEU6N, STM32G0C1KCT6, STM32G0C1NEY6TR, STM32G0C1RCI6N, STM32G0C1RCT6N, STM32G0C1REI6N, STM32G0C1RET6N, STM32G0C1VCI6, STM32G0C1VEI6, STM32G411C6T3, STM32G411C6T6, STM32G411C6U3, STM32G411C6U6, STM32G411C8T3, STM32G411C8T6, STM32G411C8U3, STM32G411C8U6, STM32G411CBT3, STM32G411CBT6, STM32G411CBU3, STM32G411CBU6, STM32G411K6T3, STM32G411K6T6, STM32G411K6U3, STM32G411K6U6, STM32G411K8T3, STM32G411K8T6, STM32G411K8U3, STM32G411K8U6, STM32G411KBT3, STM32G411KBT6, STM32G411KBU3, STM32G411KBU6, STM32G411M6T3, STM32G411M6T6, STM32G411M8T3, STM32G411M8T6, STM32G411MBT3, STM32G411MBT6, STM32G411R6T3, STM32G411R6T6, STM32G411R8T3, STM32G411R8T6, STM32G411RBT3, STM32G411RBT6, STM32G414CBT3, STM32G414CBT6, STM32G414CBU3, STM32G414CBU6, STM32G414CCT3, STM32G414CCT6, STM32G414CCU3, STM32G414CCU6, STM32G414MBT3, STM32G414MBT6, STM32G414MCT3, STM32G414MCT6, STM32G414RBT3, STM32G414RBT6, STM32G414RCT3, STM32G414RCT6, STM32G414VBT3, STM32G414VBT6, STM32G414VCT3, STM32G414VCT6, STM32G431CBT3Z, STM32G431RBT3Z, STM32G471CCT6, STM32G471CCU6, STM32G471CET3, STM32G471CET6, STM32G471CEU3, STM32G471CEU6, STM32G471MCT6, STM32G471MET3, STM32G471MET6, STM32G471MEY6TR, STM32G471QCT6, STM32G471QET3, STM32G471RCT6, STM32G471RET3, STM32G471RET6, STM32G471VCH6, STM32G471VCI6, STM32G471VCT6, STM32G471VEH3, STM32G471VEH6, STM32G471VEI3, STM32G471VEI6, STM32G471VET3, STM32G471VET6, STM32G473QET3Z, STM32G473RET3Z, STM32G474CCT6, STM32G491RET3Z, STM32H503CBT6, STM32H503CBU6, STM32H503EBY6TR, STM32H503KBU6, STM32H503RBT6, STM32H523CCT6, STM32H523CCU6, STM32H523CET6, STM32H523CEU6, STM32H523HEY6TR, STM32H523RCT6, STM32H523RET6, STM32H523VCI6, STM32H523VCT6, STM32H523VEI6, STM32H523VET6, STM32H523ZCJ6, STM32H523ZCT6, STM32H523ZEJ6, STM32H523ZET6, STM32H533CET6, STM32H533CEU6, STM32H533HEY6TR, STM32H533RET6, STM32H533VEI6, STM32H533VET6, STM32H533ZEJ6, STM32H533ZET6, STM32H562AGI6, STM32H562AII6, STM32H562IGK6, STM32H562IGT6, STM32H562IIK6, STM32H562IIT6, STM32H562RGT6, STM32H562RGV6, STM32H562RIT6, STM32H562RIV6, STM32H562VGT6, STM32H562VIT6, STM32H562ZGT6, STM32H562ZIT6, STM32H563AGI6, STM32H563AII3Q, STM32H563AII6, STM32H563IGK6, STM32H563IGT6, STM32H563IIK3Q, STM32H563IIK6, STM32H563IIT3Q, STM32H563IIT6, STM32H563MIY3QTR, STM32H563RGT6, STM32H563RGV6, STM32H563RIT6, STM32H563RIV6, STM32H563VGT6, STM32H563VIT3Q, STM32H563VIT6, STM32H563ZGT6, STM32H563ZIT3Q, STM32H563ZIT6, STM32H573AII3Q, STM32H573AII6, STM32H573I-DK, STM32H573IIK3Q, STM32H573IIK6, STM32H573IIT3Q, STM32H573IIT6, STM32H573MIY3QTR, STM32H573RIT6, STM32H573RIV6, STM32H573VIT3Q, STM32H573VIT6, STM32H573ZIT3Q, STM32H573ZIT6, STM32H7R3A8I6, STM32H7R3I8K6, STM32H7R3I8T6, STM32H7R3L8H6, STM32H7R3L8H6H, STM32H7R3R8V6, STM32H7R3V8H6, STM32H7R3V8T6, STM32H7R3V8Y6TR, STM32H7R3Z8J6, STM32H7R3Z8T6, STM32H7R7A8I6, STM32H7R7I8K6, STM32H7R7I8T6, STM32H7R7L8H6, STM32H7R7L8H6H, STM32H7R7Z8J6, STM32H7S3A8I6, STM32H7S3I8K6, STM32H7S3I8T6, STM32H7S3L8H6, STM32H7S3L8H6H, STM32H7S3R8V6, STM32H7S3V8H6, STM32H7S3V8T6, STM32H7S3V8Y6TR, STM32H7S3Z8J6, STM32H7S3Z8T6, STM32H7S78-DK, STM32H7S7A8I6, STM32H7S7I8K6, STM32H7S7I8T6, STM32H7S7L8H6, STM32H7S7L8H6H, STM32H7S7Z8J6, STM32L4R5QGI6STR, STM32MP131AAE3, STM32MP131AAF3, STM32MP131AAG3, STM32MP131CAE3, STM32MP131CAF3, STM32MP131CAG3, STM32MP131DAE7, STM32MP131DAF7, STM32MP131DAG7, STM32MP131FAE7, STM32MP131FAF7, STM32MP131FAG7, STM32MP133AAE3, STM32MP133AAF3, STM32MP133AAG3, STM32MP133CAE3, STM32MP133CAF3, STM32MP133CAG3, STM32MP133DAE7, STM32MP133DAF7, STM32MP133DAG7, STM32MP133FAE7, STM32MP133FAF7, STM32MP133FAG7, STM32MP135AAE3, STM32MP135AAF3, STM32MP135AAG3, STM32MP135CAE3, STM32MP135CAF3, STM32MP135CAG3, STM32MP135DAE7, STM32MP135DAF7, STM32MP135DAG7, STM32MP135F-DK, STM32MP135FAE7, STM32MP135FAF7, STM32MP135FAF7T, STM32MP135FAF7U, STM32MP135FAG7, STM32MP211AAL3, STM32MP211AAM3, STM32MP211AAN3, STM32MP211AAO3, STM32MP211CAL3, STM32MP211CAM3, STM32MP211CAN3, STM32MP211CAO3, STM32MP211DAL3, STM32MP211DAM3, STM32MP211DAN3, STM32MP211DAO3, STM32MP211FAL3, STM32MP211FAM3, STM32MP211FAN3, STM32MP211FAO3, STM32MP213AAL3, STM32MP213AAM3, STM32MP213AAN3, STM32MP213AAO3, STM32MP213CAL3, STM32MP213CAM3, STM32MP213CAN3, STM32MP213CAO3, STM32MP213DAL3, STM32MP213DAM3, STM32MP213DAN3, STM32MP213DAO3, STM32MP213FAL3, STM32MP213FAM3, STM32MP213FAN3, STM32MP213FAO3, STM32MP215AAL3, STM32MP215AAM3, STM32MP215AAN3, STM32MP215AAO3, STM32MP215CAL3, STM32MP215CAM3, STM32MP215CAN3, STM32MP215CAO3, STM32MP215DAL3, STM32MP215DAM3, STM32MP215DAN3, STM32MP215DAO3, STM32MP215F-DK, STM32MP215FAL3, STM32MP215FAM3, STM32MP215FAN3, STM32MP215FAO3, STM32MP231AAJ3, STM32MP231AAK3, STM32MP231AAL3, STM32MP231CAJ3, STM32MP231CAK3, STM32MP231CAL3, STM32MP231DAJ3, STM32MP231DAK3, STM32MP231DAL3, STM32MP231FAJ3, STM32MP231FAK3, STM32MP231FAL3, STM32MP233AAJ3, STM32MP233AAK3, STM32MP233AAL3, STM32MP233CAJ3, STM32MP233CAK3, STM32MP233CAL3, STM32MP233DAJ3, STM32MP233DAK3, STM32MP233DAL3, STM32MP233FAJ3, STM32MP233FAK3, STM32MP233FAL3, STM32MP235AAJ3, STM32MP235AAK3, STM32MP235AAL3, STM32MP235CAJ3, STM32MP235CAK3, STM32MP235CAL3, STM32MP235DAJ3, STM32MP235DAK3, STM32MP235DAL3, STM32MP235FAJ3, STM32MP235FAK3, STM32MP235FAL3, STM32MP251AAI3, STM32MP251AAK3, STM32MP251AAL3, STM32MP251CAI3, STM32MP251CAK3, STM32MP251CAL3, STM32MP251DAI3, STM32MP251DAK3, STM32MP251DAL3, STM32MP251FAI3, STM32MP251FAK3, STM32MP251FAL3, STM32MP253AAI3, STM32MP253AAK3, STM32MP253AAL3, STM32MP253CAI3, STM32MP253CAK3, STM32MP253CAL3, STM32MP253DAI3, STM32MP253DAK3, STM32MP253DAL3, STM32MP253FAI3, STM32MP253FAK3, STM32MP253FAL3, STM32MP255AAI3, STM32MP255AAK3, STM32MP255AAL3, STM32MP255CAI3, STM32MP255CAK3, STM32MP255CAL3, STM32MP255DAI3, STM32MP255DAK3, STM32MP255DAL3, STM32MP255FAI3, STM32MP255FAK3, STM32MP255FAL3, STM32MP257AAI3, STM32MP257AAK3, STM32MP257AAL3, STM32MP257CAI3, STM32MP257CAK3, STM32MP257CAL3, STM32MP257DAI3, STM32MP257DAK3, STM32MP257DAL3, STM32MP257F-DK, STM32MP257F-EV1, STM32MP257FAI3, STM32MP257FAK3, STM32MP257FAL3, STM32N645A0H3Q, STM32N645B0H3Q, STM32N645I0H3Q, STM32N645L0H3Q, STM32N645X0H3Q, STM32N645Z0H3Q, STM32N647A0H3Q, STM32N647B0H3Q, STM32N647I0H3Q, STM32N647L0H3Q, STM32N647X0H3Q, STM32N647Z0H3Q, STM32N655A0H3Q, STM32N655B0H3Q, STM32N655I0H3Q, STM32N655L0H3Q, STM32N655X0H3Q, STM32N655Z0H3Q, STM32N6570-DK, STM32N657A0H3Q, STM32N657B0H3Q, STM32N657I0H3Q, STM32N657L0H3Q, STM32N657X0H3Q, STM32N657Z0H3Q, STM32U031C6T6, STM32U031C6U6, STM32U031C8T6, STM32U031C8U6, STM32U031F4P6, STM32U031F6P6, STM32U031F8P6, STM32U031G6Y6TR, STM32U031G8Y6TR, STM32U031K4U6, STM32U031K6U6, STM32U031K8U6, STM32U031R6I6, STM32U031R6T6, STM32U031R8I6, STM32U031R8T6, STM32U073C8T6, STM32U073C8U6, STM32U073CBT6, STM32U073CBU6, STM32U073CCT6, STM32U073CCU6, STM32U073H8Y6TR, STM32U073HBY6TR, STM32U073HCY6TR, STM32U073K8U6, STM32U073KBU6, STM32U073KCU6, STM32U073M8I6, STM32U073M8T6, STM32U073MBI6, STM32U073MBT6, STM32U073MCI6, STM32U073MCT6, STM32U073R8I6, STM32U073R8T6, STM32U073RBI6, STM32U073RBT6, STM32U073RCI6, STM32U073RCT6, STM32U083C-DK, STM32U083CCT6, STM32U083CCU6, STM32U083HCY6TR, STM32U083KCU6, STM32U083MCI6, STM32U083MCT6, STM32U083RCI6, STM32U083RCT6, STM32U375CET6, STM32U375CET6Q, STM32U375CEU6, STM32U375CEU6Q, STM32U375CEY6QTR, STM32U375CGT6, STM32U375CGT6Q, STM32U375CGU6, STM32U375CGU6Q, STM32U375CGY6QTR, STM32U375KEU6, STM32U375KGU6, STM32U375REI6, STM32U375REI6Q, STM32U375RET6, STM32U375RET6Q, STM32U375REY6GTR, STM32U375REY6QTR, STM32U375RGI6, STM32U375RGI6Q, STM32U375RGT6, STM32U375RGT6Q, STM32U375RGY6GTR, STM32U375RGY6QTR, STM32U375VEI6, STM32U375VEI6Q, STM32U375VET6, STM32U375VET6Q, STM32U375VGI6, STM32U375VGI6Q, STM32U375VGT6, STM32U375VGT6Q, STM32U385CGT6, STM32U385CGT6Q, STM32U385CGU6, STM32U385CGU6Q, STM32U385CGY6QTR, STM32U385KGU6, STM32U385RGI6, STM32U385RGI6Q, STM32U385RGT6, STM32U385RGT6Q, STM32U385RGY6GTR, STM32U385RGY6QTR, STM32U385VGI6, STM32U385VGI6Q, STM32U385VGT6, STM32U385VGT6Q, STM32U535CBT6, STM32U535CBT6Q, STM32U535CBU6, STM32U535CBU6Q, STM32U535CCT6, STM32U535CCT6Q, STM32U535CCU6, STM32U535CCU6Q, STM32U535CET6, STM32U535CET6Q, STM32U535CEU6, STM32U535CEU6Q, STM32U535JEY6QTR, STM32U535NCY6QTR, STM32U535NEY6QTR, STM32U535RBI6, STM32U535RBI6Q, STM32U535RBT6, STM32U535RBT6Q, STM32U535RCI6, STM32U535RCI6Q, STM32U535RCT6, STM32U535RCT6Q, STM32U535REI6, STM32U535REI6Q, STM32U535RET6, STM32U535RET6Q, STM32U535VCI6, STM32U535VCI6Q, STM32U535VCT6, STM32U535VCT6Q, STM32U535VEI6, STM32U535VEI6Q, STM32U535VET6, STM32U535VET6Q, STM32U545CET6, STM32U545CET6Q, STM32U545CEU6, STM32U545CEU6Q, STM32U545JEY6QTR, STM32U545NEY6QTR, STM32U545REI6, STM32U545REI6Q, STM32U545RET6, STM32U545RET6Q, STM32U545VEI6, STM32U545VEI6Q, STM32U545VET6, STM32U545VET6Q, STM32U595AIH6, STM32U595AIH6Q, STM32U595AJH6, STM32U595AJH6Q, STM32U595QII6, STM32U595QII6Q, STM32U595QJI6, STM32U595QJI6Q, STM32U595RIT6, STM32U595RIT6Q, STM32U595RJT6, STM32U595RJT6Q, STM32U595VIT6, STM32U595VIT6Q, STM32U595VJT6, STM32U595VJT6Q, STM32U595ZIT6, STM32U595ZIT6Q, STM32U595ZIY6QTR, STM32U595ZJT6, STM32U595ZJT6Q, STM32U595ZJY6QTR, STM32U599BJY6QTR, STM32U599NIH6Q, STM32U599NJH6Q, STM32U599VIT6Q, STM32U599VJT6, STM32U599VJT6Q, STM32U599ZIT6Q, STM32U599ZIY6QTR, STM32U599ZJT6Q, STM32U599ZJY6QTR, STM32U5A5AJH6, STM32U5A5AJH6Q, STM32U5A5QII3Q , STM32U5A5QJI6, STM32U5A5QJI6Q, STM32U5A5RJT6, STM32U5A5RJT6Q, STM32U5A5VJT6, STM32U5A5VJT6Q, STM32U5A5ZJT6, STM32U5A5ZJT6Q, STM32U5A5ZJY6QTR, STM32U5A9BJY6QTR, STM32U5A9J-DK, STM32U5A9NJH6Q, STM32U5A9VJT6Q, STM32U5A9ZJT6Q, STM32U5A9ZJY6QTR, STM32U5F7VIT6, STM32U5F7VIT6Q, STM32U5F7VJT6, STM32U5F7VJT6Q, STM32U5F9BJY6QTR, STM32U5F9NJH6Q, STM32U5F9VIT6Q, STM32U5F9VJT6Q, STM32U5F9ZIJ6QTR, STM32U5F9ZIT6Q, STM32U5F9ZJJ6QTR, STM32U5F9ZJT6Q, STM32U5G7VJT6, STM32U5G7VJT6Q, STM32U5G9BJY6QTR, STM32U5G9J-DK1, STM32U5G9J-DK2, STM32U5G9NJH6Q, STM32U5G9VJT6Q, STM32U5G9ZJJ6QTR, STM32U5G9ZJT6Q, STM32WB05KZV6TR, STM32WB05KZV7TR, STM32WB05TZF6TR, STM32WB05TZF7TR, STM32WB06CCF6TR, STM32WB06CCF7TR, STM32WB06CCV6TR, STM32WB06CCV7TR, STM32WB06KCV6TR, STM32WB06KCV7TR, STM32WB07CCF6TR, STM32WB07CCF7TR, STM32WB07CCV6TR, STM32WB07CCV7TR, STM32WB07KCV6TR, STM32WB07KCV7TR, STM32WB09KEV6TR, STM32WB09KEV7TR, STM32WB09TEF6TR, STM32WB09TEF7TR, STM32WB1MMCH6, STM32WBA50KGU6, STM32WBA50KGU6TR, STM32WBA52CEU6, STM32WBA52CEU6TR, STM32WBA52CEU7, STM32WBA52CEU7TR, STM32WBA52CGU6, STM32WBA52CGU6TR, STM32WBA52CGU6U, STM32WBA52CGU7, STM32WBA52CGU7TR, STM32WBA52KEU6, STM32WBA52KEU6TR, STM32WBA52KGU6, STM32WBA52KGU6TR, STM32WBA54CEU6, STM32WBA54CEU6TR, STM32WBA54CEU7, STM32WBA54CEU7TR, STM32WBA54CGU6, STM32WBA54CGU6TR, STM32WBA54CGU7, STM32WBA54CGU7TR, STM32WBA54KEU6, STM32WBA54KEU6TR, STM32WBA54KEU7, STM32WBA54KEU7TR, STM32WBA54KGU6, STM32WBA54KGU6TR, STM32WBA54KGU7, STM32WBA54KGU7TR, STM32WBA55CEU6, STM32WBA55CEU6TR, STM32WBA55CEU7, STM32WBA55CEU7TR, STM32WBA55CGU6, STM32WBA55CGU6TR, STM32WBA55CGU6U, STM32WBA55CGU7, STM32WBA55CGU7TR, STM32WBA55G-DK1, STM32WBA55HEF6, STM32WBA55HEF7, STM32WBA55HGF6, STM32WBA55HGF7, STM32WBA55UEI6, STM32WBA55UEI6TR, STM32WBA55UEI7, STM32WBA55UEI7TR, STM32WBA55UGI6, STM32WBA55UGI6TR, STM32WBA55UGI7, STM32WBA55UGI7TR, STM32WBA5MMGH6TR, STM32WBA62MGF6, STM32WBA62MIF6, STM32WBA65MGF7, STM32WBA65MIF6, STM32WBA65MIF7, STM32WL30K8V6, STM32WL30KBV6, STM32WL31C8V6, STM32WL31CBV6, STM32WL31K8V6, STM32WL31KBV6, STM32WL33C8V6, STM32WL33C8V6X, STM32WL33CBV6, STM32WL33CBV6X, STM32WL33CCV6, STM32WL33CCV6A, STM32WL33CCV6X, STM32WL33K8V7, STM32WL33K8V7X, STM32WL33KBV7 , STM32WL33KBV7X, STM32WL33KCV7, STM32WL33KCV7X, STM32WL5MOCH6, STM32WL5MOCH6TR]
2026-01-30 19:09:33,921 [INFO] DbMcus:218 - Found 4801 MCUs, 4801 are supported
2026-01-30 19:09:33,922 [INFO] ApiDb:423 - Load user favorites file C:\Users\kujon/.stm32cubeide/favorites.mcus.txt: 0 item(s)
2026-01-30 19:09:33,922 [INFO] ApiDb:427 - User favorites MCUs=[]
2026-01-30 19:09:33,922 [INFO] DbMcus:224 - Set 0 / 0 favorites MCUs
2026-01-30 19:09:34,295 [INFO] ApiDb:423 - Load user favorites file C:\Users\kujon/.stm32cubeide/favorites.boards.txt: 0 item(s)
2026-01-30 19:09:34,295 [INFO] ApiDb:427 - User favorites Boards=[]
2026-01-30 19:09:34,295 [INFO] DbBoards:198 - Set 0 / 0 favorites Boards
2026-01-30 19:09:34,336 [INFO] UtilMem:75 - End LoadConfig() Used Memory: 374223536 Bytes (398458880)
2026-01-30 19:09:34,515 [WARN] ThirdParty:833 - waiting for thirdparty lock release [change project]
2026-01-30 19:09:34,516 [INFO] ThirdParty:835 - entering critical section [change project]
2026-01-30 19:09:34,516 [INFO] ThirdParty:1030 - CMSIS Pack Vendor :STMicroelectronics X-CUBE-PM33A1 1.0.0
2026-01-30 19:09:34,516 [INFO] ThirdParty:1030 - CMSIS Pack Vendor :STMicroelectronics USBPD 4.1
2026-01-30 19:09:34,516 [INFO] ThirdParty:1030 - CMSIS Pack Vendor :STMicroelectronics X-CUBE-GNSS1 6.0.0
2026-01-30 19:09:34,516 [INFO] ThirdParty:1030 - CMSIS Pack Vendor :STMicroelectronics USB_HOST 2.0.0
2026-01-30 19:09:34,516 [INFO] ThirdParty:1030 - CMSIS Pack Vendor :STMicroelectronics FP-SNS-MOTENVWB1 1.4.0
2026-01-30 19:09:34,516 [INFO] ThirdParty:1030 - CMSIS Pack Vendor :STMicroelectronics X-CUBE-AZRTOS-F4 1.1.0
2026-01-30 19:09:34,516 [INFO] ThirdParty:1030 - CMSIS Pack Vendor :STMicroelectronics LIBJPEG 8.0.0
2026-01-30 19:09:34,516 [INFO] ThirdParty:1030 - CMSIS Pack Vendor :STMicroelectronics FP-ATR-ASTRA1 2.0.2
2026-01-30 19:09:34,516 [INFO] ThirdParty:1030 - CMSIS Pack Vendor :Avnet-IotConnect X-CUBE-IoTC-DA16k-PMOD 1.0.0
2026-01-30 19:09:34,516 [INFO] ThirdParty:1030 - CMSIS Pack Vendor :STMicroelectronics X-CUBE-SMBUS 2.1.0
2026-01-30 19:09:34,517 [INFO] ThirdParty:1030 - CMSIS Pack Vendor :STMicroelectronics X-CUBE-ISPU 2.1.0
2026-01-30 19:09:34,517 [INFO] ThirdParty:1030 - CMSIS Pack Vendor :STMicroelectronics X-CUBE-IPS 3.2.0
2026-01-30 19:09:34,517 [INFO] ThirdParty:1030 - CMSIS Pack Vendor :STMicroelectronics X-CUBE-ST60 1.0.0
2026-01-30 19:09:34,517 [INFO] ThirdParty:1030 - CMSIS Pack Vendor :STMicroelectronics X-CUBE-NFC12 1.0.0
2026-01-30 19:09:34,517 [INFO] ThirdParty:1030 - CMSIS Pack Vendor :STMicroelectronics X-CUBE-AZRTOS-F7 1.1.0
2026-01-30 19:09:34,517 [INFO] ThirdParty:1030 - CMSIS Pack Vendor :STMicroelectronics X-CUBE-AZRTOS-L5 2.0.0
2026-01-30 19:09:34,517 [INFO] ThirdParty:1030 - CMSIS Pack Vendor :STMicroelectronics USB_DEVICE 2.0.0
2026-01-30 19:09:34,517 [INFO] ThirdParty:1030 - CMSIS Pack Vendor :STMicroelectronics X-CUBE-NFC6 3.1.0
2026-01-30 19:09:34,517 [INFO] ThirdParty:1030 - CMSIS Pack Vendor :STMicroelectronics X-CUBE-BLE1 6.2.4
2026-01-30 19:09:34,517 [INFO] ThirdParty:1030 - CMSIS Pack Vendor :STMicroelectronics FP-SNS-MOTENV1 5.1.0
2026-01-30 19:09:34,517 [INFO] ThirdParty:1030 - CMSIS Pack Vendor :STMicroelectronics FreeRTOS 0.0.1
2026-01-30 19:09:34,517 [INFO] ThirdParty:1030 - CMSIS Pack Vendor :emotas I-CUBE-CANOPEN 1.1.3
2026-01-30 19:09:34,517 [INFO] ThirdParty:1030 - CMSIS Pack Vendor :WES I-CUBE-Cesium 1.4.0
2026-01-30 19:09:34,517 [INFO] ThirdParty:1030 - CMSIS Pack Vendor :Infineon AIROC-Wi-Fi-Bluetooth-STM32 1.7.1
2026-01-30 19:09:34,517 [INFO] ThirdParty:1030 - CMSIS Pack Vendor :STMicroelectronics PDM2PCM 3.3.0
2026-01-30 19:09:34,517 [INFO] ThirdParty:1030 - CMSIS Pack Vendor :STMicroelectronics X-CUBE-AZRTOS-H7 3.4.0
2026-01-30 19:09:34,517 [INFO] ThirdParty:1030 - CMSIS Pack Vendor :STMicroelectronics X-CUBE-DISPLAY 3.0.0
2026-01-30 19:09:34,517 [INFO] ThirdParty:1030 - CMSIS Pack Vendor :STMicroelectronics X-CUBE-NFC10 1.0.0
2026-01-30 19:09:34,517 [INFO] ThirdParty:1030 - CMSIS Pack Vendor :wolfSSL I-CUBE-wolfSSL 5.5.4
2026-01-30 19:09:34,517 [INFO] ThirdParty:1030 - CMSIS Pack Vendor :STMicroelectronics X-CUBE-FREERTOS 1.3.1
2026-01-30 19:09:34,517 [INFO] ThirdParty:1030 - CMSIS Pack Vendor :STMicroelectronics HAL Drivers 0.0.0
2026-01-30 19:09:34,517 [INFO] ThirdParty:1030 - CMSIS Pack Vendor :STMicroelectronics X-CUBE-ST60 1.1.0
2026-01-30 19:09:34,517 [INFO] ThirdParty:1030 - CMSIS Pack Vendor :emotas I-CUBE-CANOPEN 1.3.0
2026-01-30 19:09:34,517 [INFO] ThirdParty:1030 - CMSIS Pack Vendor :STMicroelectronics MBEDTLS 2.14.1
2026-01-30 19:09:34,517 [INFO] ThirdParty:1030 - CMSIS Pack Vendor :STMicroelectronics X-CUBE-GNSS1 7.1.0
2026-01-30 19:09:34,518 [INFO] ThirdParty:1030 - CMSIS Pack Vendor :STMicroelectronics X-CUBE-NFC7 1.0.0
2026-01-30 19:09:34,518 [INFO] ThirdParty:1030 - CMSIS Pack Vendor :STMicroelectronics X-CUBE-TOUCHGFX 4.26.0
2026-01-30 19:09:34,518 [INFO] ThirdParty:1030 - CMSIS Pack Vendor :STMicroelectronics X-CUBE-EEPRMA1 4.1.0
2026-01-30 19:09:34,518 [INFO] ThirdParty:1030 - CMSIS Pack Vendor :STMicroelectronics FP-SNS-STBOX1 2.1.0
2026-01-30 19:09:34,518 [INFO] ThirdParty:1030 - CMSIS Pack Vendor :STMicroelectronics FP-SNS-STAIOTCFT 1.0.0
2026-01-30 19:09:34,518 [INFO] ThirdParty:1030 - CMSIS Pack Vendor :STMicroelectronics FP-SNS-SMARTAG2 1.2.0
2026-01-30 19:09:34,518 [INFO] ThirdParty:1030 - CMSIS Pack Vendor :STMicroelectronics FP-SNS-FLIGHT1 5.1.0
2026-01-30 19:09:34,518 [INFO] ThirdParty:1030 - CMSIS Pack Vendor :STMicroelectronics X-CUBE-AZRTOS-WL 2.0.0
2026-01-30 19:09:34,518 [INFO] ThirdParty:1030 - CMSIS Pack Vendor :STMicroelectronics X-CUBE-DPower 1.3.0
2026-01-30 19:09:34,518 [INFO] ThirdParty:1030 - CMSIS Pack Vendor :STMicroelectronics FP-SNS-MOTENV1 5.0.0
2026-01-30 19:09:34,518 [INFO] ThirdParty:1030 - CMSIS Pack Vendor :STMicroelectronics USB_DEVICE 1.0.0
2026-01-30 19:09:34,518 [INFO] ThirdParty:1030 - CMSIS Pack Vendor :STMicroelectronics X-CUBE-AZRTOS-H7RS 1.2.0
2026-01-30 19:09:34,518 [INFO] ThirdParty:1030 - CMSIS Pack Vendor :STMicroelectronics X-CUBE-AZRTOS-L4 2.0.0
2026-01-30 19:09:34,518 [INFO] ThirdParty:1030 - CMSIS Pack Vendor :STMicroelectronics ThreadX 0.0.2
2026-01-30 19:09:34,518 [INFO] ThirdParty:1030 - CMSIS Pack Vendor :STMicroelectronics lwIP 2.1.2
2026-01-30 19:09:34,518 [INFO] ThirdParty:1030 - CMSIS Pack Vendor :STMicroelectronics X-CUBE-SFXS2LP1 4.0.0
2026-01-30 19:09:34,518 [INFO] ThirdParty:1030 - CMSIS Pack Vendor :STMicroelectronics X-CUBE-BLE2 3.3.0
2026-01-30 19:09:34,518 [INFO] ThirdParty:1030 - CMSIS Pack Vendor :Avnet-IOTCONNECT X-CUBE-iotc-st67-sdk 1.0.0
2026-01-30 19:09:34,518 [INFO] ThirdParty:1030 - CMSIS Pack Vendor :STMicroelectronics X-CUBE-TOF1 3.2.0
2026-01-30 19:09:34,518 [INFO] ThirdParty:1030 - CMSIS Pack Vendor :STMicroelectronics PDM2PCM 3.2.0
2026-01-30 19:09:34,518 [INFO] ThirdParty:1030 - CMSIS Pack Vendor :STMicroelectronics X-CUBE-AZRTOS-H7 3.0.0
2026-01-30 19:09:34,519 [INFO] ThirdParty:1030 - CMSIS Pack Vendor :STMicroelectronics X-CUBE-ST67W61 1.2.0
2026-01-30 19:09:34,519 [INFO] ThirdParty:1030 - CMSIS Pack Vendor :STMicroelectronics X-CUBE-ISPU 1.1.0
2026-01-30 19:09:34,519 [INFO] ThirdParty:1030 - CMSIS Pack Vendor :RoweBots I-CUBE-UNISONRTOS 5.5.0-4
2026-01-30 19:09:34,519 [INFO] ThirdParty:1030 - CMSIS Pack Vendor :STMicroelectronics X-CUBE-NFC9 1.0.0
2026-01-30 19:09:34,519 [INFO] ThirdParty:1030 - CMSIS Pack Vendor :wolfSSL I-CUBE-wolfSSL 5.8.2
2026-01-30 19:09:34,519 [INFO] ThirdParty:1030 - CMSIS Pack Vendor :STMicroelectronics X-CUBE-BLE1 7.1.0
2026-01-30 19:09:34,519 [INFO] ThirdParty:1030 - CMSIS Pack Vendor :wolfSSL I-CUBE-wolfMQTT 1.19.2
2026-01-30 19:09:34,519 [INFO] ThirdParty:1030 - CMSIS Pack Vendor :STMicroelectronics USB_DEVICE 3.0.0
2026-01-30 19:09:34,519 [INFO] ThirdParty:1030 - CMSIS Pack Vendor :STMicroelectronics X-CUBE-FREERTOS 1.4.0
2026-01-30 19:09:34,519 [INFO] ThirdParty:1030 - CMSIS Pack Vendor :STMicroelectronics X-CUBE-EEPRMA1 5.2.0
2026-01-30 19:09:34,519 [INFO] ThirdParty:1030 - CMSIS Pack Vendor :STMicroelectronics X-CUBE-BLEMGR 4.1.0
2026-01-30 19:09:34,519 [INFO] ThirdParty:1030 - CMSIS Pack Vendor :STMicroelectronics X-CUBE-AI 8.0.0
2026-01-30 19:09:34,519 [INFO] ThirdParty:1030 - CMSIS Pack Vendor :STMicroelectronics X-CUBE-AZRTOS-WB 2.0.0
2026-01-30 19:09:34,519 [INFO] ThirdParty:1030 - CMSIS Pack Vendor :STMicroelectronics X-CUBE-TOUCHGFX 4.21.1
2026-01-30 19:09:34,519 [INFO] ThirdParty:1030 - CMSIS Pack Vendor :STMicroelectronics X-CUBE-GNSS1 7.0.1
2026-01-30 19:09:34,519 [INFO] ThirdParty:1030 - CMSIS Pack Vendor :STMicroelectronics X-CUBE-TOUCHGFX 4.25.0
2026-01-30 19:09:34,519 [INFO] ThirdParty:1030 - CMSIS Pack Vendor :STMicroelectronics X-CUBE-ST67W61 1.1.0
2026-01-30 19:09:34,519 [INFO] ThirdParty:1030 - CMSIS Pack Vendor :quantropi X-CUBE-qispace-sdk-base 2.1.0
2026-01-30 19:09:34,519 [INFO] ThirdParty:1030 - CMSIS Pack Vendor :STMicroelectronics X-CUBE-MEMS1 12.0.0
2026-01-30 19:09:34,519 [INFO] ThirdParty:1030 - CMSIS Pack Vendor :STMicroelectronics X-CUBE-ALGOBUILD 1.3.0
2026-01-30 19:09:34,519 [INFO] ThirdParty:1030 - CMSIS Pack Vendor :STMicroelectronics X-CUBE-STSE01 2.0.0
2026-01-30 19:09:34,519 [INFO] ThirdParty:1030 - CMSIS Pack Vendor :STMicroelectronics X-CUBE-AZRTOS-L5 1.1.0
2026-01-30 19:09:34,519 [INFO] ThirdParty:1030 - CMSIS Pack Vendor :STMicroelectronics X-CUBE-AZRTOS-G0 1.1.0
2026-01-30 19:09:34,519 [INFO] ThirdParty:1030 - CMSIS Pack Vendor :STMicroelectronics X-CUBE-SAFEA1 1.2.2
2026-01-30 19:09:34,519 [INFO] ThirdParty:1030 - CMSIS Pack Vendor :STMicroelectronics X-CUBE-NFC4 3.0.0
2026-01-30 19:09:34,519 [INFO] ThirdParty:1030 - CMSIS Pack Vendor :STMicroelectronics X-CUBE-SUBG2 5.0.0
2026-01-30 19:09:34,520 [INFO] ThirdParty:1030 - CMSIS Pack Vendor :STMicroelectronics X-CUBE-AZRTOS-H7RS 1.1.0
2026-01-30 19:09:34,520 [INFO] ThirdParty:1030 - CMSIS Pack Vendor :STMicroelectronics STM32_WPAN 1.0.0
2026-01-30 19:09:34,520 [INFO] ThirdParty:1030 - CMSIS Pack Vendor :EmbeddedOffice I-CUBE-FS-RTOS 1.0.1
2026-01-30 19:09:34,520 [INFO] ThirdParty:1030 - CMSIS Pack Vendor :STMicroelectronics lwIP 2.0.3
2026-01-30 19:09:34,520 [INFO] ThirdParty:1030 - CMSIS Pack Vendor :Cesanta I-CUBE-Mongoose 7.13.0
2026-01-30 19:09:34,520 [INFO] ThirdParty:1030 - CMSIS Pack Vendor :STMicroelectronics USB_HOST 1.0.0
2026-01-30 19:09:34,520 [INFO] ThirdParty:1030 - CMSIS Pack Vendor :STMicroelectronics X-CUBE-AZRTOS-G4 2.0.0
2026-01-30 19:09:34,520 [INFO] ThirdParty:1030 - CMSIS Pack Vendor :STMicroelectronics X-CUBE-WB05N 2.0.0
2026-01-30 19:09:34,520 [INFO] ThirdParty:1030 - CMSIS Pack Vendor :STMicroelectronics PDM2PCM 3.1.0
2026-01-30 19:09:34,520 [INFO] ThirdParty:1030 - CMSIS Pack Vendor :STMicroelectronics FP-ATR-ASTRA1 1.1.1
2026-01-30 19:09:34,520 [INFO] ThirdParty:1030 - CMSIS Pack Vendor :wolfSSL I-CUBE-wolfTPM 3.8.0
2026-01-30 19:09:34,520 [INFO] ThirdParty:1030 - CMSIS Pack Vendor :STMicroelectronics X-CUBE-BLEMGR 1.3.0
2026-01-30 19:09:34,520 [INFO] ThirdParty:1030 - CMSIS Pack Vendor :wolfSSL I-CUBE-wolfSSH 1.4.20
2026-01-30 19:09:34,520 [INFO] ThirdParty:1030 - CMSIS Pack Vendor :STMicroelectronics X-CUBE-NFC7 2.0.0
2026-01-30 19:09:34,520 [INFO] ThirdParty:1030 - CMSIS Pack Vendor :STMicroelectronics X-CUBE-TCPP 4.2.0
2026-01-30 19:09:34,520 [INFO] ThirdParty:1030 - CMSIS Pack Vendor :RealThread X-CUBE-RT-Thread_Nano 4.1.1
2026-01-30 19:09:34,520 [INFO] ThirdParty:1030 - CMSIS Pack Vendor :STMicroelectronics FP-ATR-SIGFOX1 3.2.0
2026-01-30 19:09:34,520 [INFO] ThirdParty:1030 - CMSIS Pack Vendor :STMicroelectronics X-CUBE-AZRTOS-G4 1.0.0
2026-01-30 19:09:34,520 [INFO] ThirdParty:1030 - CMSIS Pack Vendor :STMicroelectronics X-CUBE-AZRTOS-L4 1.0.0
2026-01-30 19:09:34,520 [INFO] ThirdParty:1030 - CMSIS Pack Vendor :STMicroelectronics MBEDTLS 2.16.2
2026-01-30 19:09:34,521 [INFO] ThirdParty:1030 - CMSIS Pack Vendor :STMicroelectronics X-CUBE-IPS 3.1.0
2026-01-30 19:09:34,521 [INFO] ThirdParty:1030 - CMSIS Pack Vendor :STMicroelectronics X-CUBE-ALS 1.0.2
2026-01-30 19:09:34,521 [INFO] ThirdParty:1030 - CMSIS Pack Vendor :ITTIA_DB I-CUBE-ITTIADB 8.9.0
2026-01-30 19:09:34,521 [INFO] ThirdParty:1030 - CMSIS Pack Vendor :STMicroelectronics X-CUBE-AZRTOS-WL 1.0.0
2026-01-30 19:09:34,521 [INFO] ThirdParty:1030 - CMSIS Pack Vendor :STMicroelectronics X-CUBE-STSE01 1.0.0
2026-01-30 19:09:34,521 [INFO] ThirdParty:1030 - CMSIS Pack Vendor :portGmbH I-Cube-SoM-uGOAL 1.1.0
2026-01-30 19:09:34,521 [INFO] ThirdParty:1030 - CMSIS Pack Vendor :STMicroelectronics X-CUBE-ALS 1.0.1
2026-01-30 19:09:34,521 [INFO] ThirdParty:1030 - CMSIS Pack Vendor :STMicroelectronics X-CUBE-NFC6 3.2.0
2026-01-30 19:09:34,521 [INFO] ThirdParty:1030 - CMSIS Pack Vendor :STMicroelectronics X-CUBE-MEMS1 9.5.0
2026-01-30 19:09:34,521 [INFO] ThirdParty:1030 - CMSIS Pack Vendor :STMicroelectronics X-CUBE-ST67W61 1.0.0
2026-01-30 19:09:34,521 [INFO] ThirdParty:1030 - CMSIS Pack Vendor :STMicroelectronics X-CUBE-AI 10.2.0
2026-01-30 19:09:34,521 [INFO] ThirdParty:1030 - CMSIS Pack Vendor :STMicroelectronics ThreadX 1.0.0
2026-01-30 19:09:34,521 [INFO] ThirdParty:1030 - CMSIS Pack Vendor :STMicroelectronics X-CUBE-AZRTOS-WB 1.1.0
2026-01-30 19:09:34,521 [INFO] ThirdParty:1030 - CMSIS Pack Vendor :SEGGER I-CUBE-embOS 1.3.1
2026-01-30 19:09:34,521 [INFO] ThirdParty:1030 - CMSIS Pack Vendor :STMicroelectronics X-CUBE-ALGOBUILD 1.4.0
2026-01-30 19:09:34,521 [INFO] ThirdParty:1030 - CMSIS Pack Vendor :STMicroelectronics X-CUBE-MEMS1 11.3.0
2026-01-30 19:09:34,521 [INFO] ThirdParty:1030 - CMSIS Pack Vendor :STMicroelectronics X-CUBE-TOF1 3.4.3
2026-01-30 19:09:34,521 [INFO] ThirdParty:841 - exiting critical section [change project]
2026-01-30 19:09:35,267 [INFO] PinOutPanel:1589 - setPackage(No Configuration,No Configuration)
2026-01-30 19:09:35,269 [INFO] PinOutPanel:1589 - setPackage(STM32G473CETx,LQFP48)
2026-01-30 19:09:35,809 [INFO] UtilMem:75 - Before build in PCC Used Memory: 333755600 Bytes (398458880)
2026-01-30 19:09:36,811 [INFO] UtilMem:75 - After build in PCC Used Memory: 357225080 Bytes (403701760)
2026-01-30 19:09:36,871 [INFO] IPUIPlugin:80 - create IPUIPlugin
2026-01-30 19:09:36,872 [INFO] IPUIPlugin:80 - create IPUIPlugin
2026-01-30 19:09:36,872 [INFO] IPUIPlugin:80 - create IPUIPlugin
2026-01-30 19:09:36,872 [INFO] IPUIPlugin:80 - create IPUIPlugin
2026-01-30 19:09:36,873 [INFO] IPUIPlugin:80 - create IPUIPlugin
2026-01-30 19:09:36,873 [INFO] IPUIPlugin:80 - create IPUIPlugin
2026-01-30 19:09:36,873 [INFO] IPUIPlugin:80 - create IPUIPlugin
2026-01-30 19:09:36,873 [INFO] IPUIPlugin:80 - create IPUIPlugin
2026-01-30 19:09:36,873 [INFO] IPUIPlugin:80 - create IPUIPlugin
2026-01-30 19:09:36,873 [INFO] IPUIPlugin:80 - create IPUIPlugin
2026-01-30 19:09:36,873 [INFO] IPUIPlugin:80 - create IPUIPlugin
2026-01-30 19:09:36,873 [INFO] IPUIPlugin:80 - create IPUIPlugin
2026-01-30 19:09:36,874 [INFO] IPUIPlugin:80 - create IPUIPlugin
2026-01-30 19:09:36,874 [INFO] IPUIPlugin:80 - create IPUIPlugin
2026-01-30 19:09:36,875 [INFO] IPUIPlugin:80 - create IPUIPlugin
2026-01-30 19:09:36,875 [INFO] IPUIPlugin:80 - create IPUIPlugin
2026-01-30 19:09:36,875 [INFO] IPUIPlugin:80 - create IPUIPlugin
2026-01-30 19:09:36,876 [INFO] IPUIPlugin:80 - create IPUIPlugin
2026-01-30 19:09:36,876 [INFO] IPUIPlugin:80 - create IPUIPlugin
2026-01-30 19:09:36,876 [INFO] IPUIPlugin:80 - create IPUIPlugin
2026-01-30 19:09:36,876 [INFO] IPUIPlugin:80 - create IPUIPlugin
2026-01-30 19:09:36,876 [INFO] IPUIPlugin:80 - create IPUIPlugin
2026-01-30 19:09:36,876 [INFO] IPUIPlugin:80 - create IPUIPlugin
2026-01-30 19:09:36,876 [INFO] IPUIPlugin:80 - create IPUIPlugin
2026-01-30 19:09:36,877 [INFO] IPUIPlugin:80 - create IPUIPlugin
2026-01-30 19:09:36,879 [INFO] IPUIPlugin:80 - create IPUIPlugin
2026-01-30 19:09:36,880 [INFO] IPUIPlugin:80 - create IPUIPlugin
2026-01-30 19:09:36,880 [INFO] IPUIPlugin:80 - create IPUIPlugin
2026-01-30 19:09:36,880 [INFO] IPUIPlugin:80 - create IPUIPlugin
2026-01-30 19:09:36,880 [INFO] IPUIPlugin:80 - create IPUIPlugin
2026-01-30 19:09:36,880 [INFO] IPUIPlugin:80 - create IPUIPlugin
2026-01-30 19:09:36,881 [INFO] IPUIPlugin:80 - create IPUIPlugin
2026-01-30 19:09:36,881 [INFO] IPUIPlugin:80 - create IPUIPlugin
2026-01-30 19:09:36,881 [INFO] IPUIPlugin:80 - create IPUIPlugin
2026-01-30 19:09:36,881 [INFO] IPUIPlugin:80 - create IPUIPlugin
2026-01-30 19:09:36,882 [INFO] IPUIPlugin:80 - create IPUIPlugin
2026-01-30 19:09:36,882 [INFO] IPUIPlugin:80 - create IPUIPlugin
2026-01-30 19:09:36,882 [INFO] IPUIPlugin:80 - create IPUIPlugin
2026-01-30 19:09:36,883 [INFO] IPUIPlugin:80 - create IPUIPlugin
2026-01-30 19:09:36,883 [INFO] IPUIPlugin:80 - create IPUIPlugin
2026-01-30 19:09:36,883 [INFO] IPUIPlugin:80 - create IPUIPlugin
2026-01-30 19:09:36,883 [INFO] IPUIPlugin:80 - create IPUIPlugin
2026-01-30 19:09:36,883 [INFO] IPUIPlugin:80 - create IPUIPlugin
2026-01-30 19:09:36,883 [INFO] IPUIPlugin:80 - create IPUIPlugin
2026-01-30 19:09:36,884 [INFO] IPUIPlugin:80 - create IPUIPlugin
2026-01-30 19:09:36,884 [INFO] IPUIPlugin:80 - create IPUIPlugin
2026-01-30 19:09:36,884 [INFO] IPUIPlugin:80 - create IPUIPlugin
2026-01-30 19:09:36,885 [INFO] IPUIPlugin:80 - create IPUIPlugin
2026-01-30 19:09:36,886 [INFO] IPUIPlugin:80 - create IPUIPlugin
2026-01-30 19:09:36,886 [INFO] IPUIPlugin:80 - create IPUIPlugin
2026-01-30 19:09:36,886 [INFO] IPUIPlugin:80 - create IPUIPlugin
2026-01-30 19:09:36,887 [INFO] IPUIPlugin:80 - create IPUIPlugin
2026-01-30 19:09:36,887 [INFO] IPUIPlugin:80 - create IPUIPlugin
2026-01-30 19:09:36,888 [INFO] IPUIPlugin:80 - create IPUIPlugin
2026-01-30 19:09:36,888 [INFO] IPUIPlugin:80 - create IPUIPlugin
2026-01-30 19:09:36,888 [INFO] IPUIPlugin:80 - create IPUIPlugin
2026-01-30 19:09:36,888 [INFO] IPUIPlugin:80 - create IPUIPlugin
2026-01-30 19:09:36,890 [INFO] IPUIPlugin:80 - create IPUIPlugin
2026-01-30 19:09:36,890 [INFO] IPUIPlugin:80 - create IPUIPlugin
2026-01-30 19:09:36,890 [INFO] IPUIPlugin:80 - create IPUIPlugin
2026-01-30 19:09:36,891 [INFO] IPUIPlugin:80 - create IPUIPlugin
2026-01-30 19:09:36,891 [INFO] IPUIPlugin:80 - create IPUIPlugin
2026-01-30 19:09:36,891 [INFO] IPUIPlugin:80 - create IPUIPlugin
2026-01-30 19:09:36,892 [INFO] IPUIPlugin:80 - create IPUIPlugin
2026-01-30 19:09:36,892 [INFO] IPUIPlugin:80 - create IPUIPlugin
2026-01-30 19:09:36,892 [INFO] IPUIPlugin:80 - create IPUIPlugin
2026-01-30 19:09:36,893 [INFO] IPUIPlugin:80 - create IPUIPlugin
2026-01-30 19:09:36,893 [INFO] IPUIPlugin:80 - create IPUIPlugin
2026-01-30 19:09:36,894 [INFO] IPUIPlugin:80 - create IPUIPlugin
2026-01-30 19:09:36,894 [INFO] IPUIPlugin:80 - create IPUIPlugin
2026-01-30 19:09:36,894 [INFO] IPUIPlugin:80 - create IPUIPlugin
2026-01-30 19:09:36,896 [INFO] IPUIPlugin:80 - create IPUIPlugin
2026-01-30 19:09:36,896 [INFO] IPUIPlugin:80 - create IPUIPlugin
2026-01-30 19:09:36,897 [INFO] IPUIPlugin:80 - create IPUIPlugin
2026-01-30 19:09:37,243 [INFO] CADModel:165 - CPN selected for project levelSTM32G473CET6
2026-01-30 19:09:37,243 [INFO] CADModel:114 - Register for checkConnection events
2026-01-30 19:09:37,301 [INFO] OpenFileManager:386 - Restore cursor
2026-01-30 19:11:19,175 [INFO] ApiDbMcu:532 - Load IP Config File for STMicroelectronics.X-CUBE-AZRTOS-G4.2.0.0
2026-01-30 19:11:19,464 [WARN] SupportedApi:132 - Cannot load RTOS API schema: s4s-elt-must-match.1: The content of 'definitions' must match (annotation?, (simpleType | complexType)?, (unique | key | keyref)*)). A problem was found starting at: attribute.
2026-01-30 19:11:19,469 [INFO] RtosManager:558 - Registered RTOS mode: class=RTOS, group=ThreadX, mode=RTOSJjThreadX, owner=STMicroelectronics.X-CUBE-AZRTOS-G4.2.0.0
2026-01-30 19:11:19,828 [INFO] IPUIPlugin:80 - create IPUIPlugin
2026-01-30 19:11:25,252 [INFO] RtosManager:1018 - Current active RTOS is STMicroelectronics.X-CUBE-AZRTOS-G4.2.0.0 [Cortex-M4NS]
2026-01-30 19:11:25,525 [WARN] IP:2250 - TX_NO_TIMER not found: check if there is a RefParameter without a condition.
2026-01-30 19:11:25,525 [WARN] IP:2250 - ALIGN_TYPE_VAL not found: check if there is a RefParameter without a condition.
2026-01-30 19:11:25,525 [WARN] IP:2250 - TX_BASEPRI_VALUE not found: check if there is a RefParameter without a condition.
2026-01-30 19:11:25,525 [WARN] IP:2250 - TX_APP_CREATION not found: check if there is a RefParameter without a condition.
2026-01-30 19:11:25,526 [WARN] IP:2250 - TX_APP_THREAD_ENTRY not found: check if there is a RefParameter without a condition.
2026-01-30 19:11:25,526 [WARN] IP:2250 - TX_APP_THREAD_NAME not found: check if there is a RefParameter without a condition.
2026-01-30 19:11:25,526 [WARN] IP:2250 - TX_APP_THREAD_PRIO not found: check if there is a RefParameter without a condition.
2026-01-30 19:11:25,526 [WARN] IP:2250 - TX_APP_STACK_SIZE not found: check if there is a RefParameter without a condition.
2026-01-30 19:11:25,526 [WARN] IP:2250 - TX_APP_SEM_CREATION not found: check if there is a RefParameter without a condition.
2026-01-30 19:11:25,526 [WARN] IP:2250 - TX_SEMAPHORE_NAME not found: check if there is a RefParameter without a condition.
2026-01-30 19:11:25,526 [WARN] IP:2250 - TX_SEMAPHORE_COUNT not found: check if there is a RefParameter without a condition.
2026-01-30 19:11:25,526 [WARN] IP:2250 - TX_APP_MUTEX_CREATION not found: check if there is a RefParameter without a condition.
2026-01-30 19:11:25,526 [WARN] IP:2250 - TX_MUTEX_NAME not found: check if there is a RefParameter without a condition.
2026-01-30 19:11:25,526 [WARN] IP:2250 - TX_Mutex_INHERITANCE not found: check if there is a RefParameter without a condition.
2026-01-30 19:11:25,526 [WARN] IP:2250 - TX_APP_MSG_QUEUE_CREATION not found: check if there is a RefParameter without a condition.
2026-01-30 19:11:25,526 [WARN] IP:2250 - TX_MSG_QUEUE_NAME not found: check if there is a RefParameter without a condition.
2026-01-30 19:11:25,526 [WARN] IP:2250 - TX_MSG_SIZE_WORDS not found: check if there is a RefParameter without a condition.
2026-01-30 19:11:25,526 [WARN] IP:2250 - TX_NB_MSG not found: check if there is a RefParameter without a condition.
2026-01-30 19:12:43,706 [WARN] IP:2250 - TX_NO_TIMER not found: check if there is a RefParameter without a condition.
2026-01-30 19:12:43,707 [WARN] IP:2250 - ALIGN_TYPE_VAL not found: check if there is a RefParameter without a condition.
2026-01-30 19:12:43,707 [WARN] IP:2250 - TX_BASEPRI_VALUE not found: check if there is a RefParameter without a condition.
2026-01-30 19:12:43,707 [WARN] IP:2250 - TX_APP_THREAD_ENTRY not found: check if there is a RefParameter without a condition.
2026-01-30 19:12:43,707 [WARN] IP:2250 - TX_APP_THREAD_NAME not found: check if there is a RefParameter without a condition.
2026-01-30 19:12:43,707 [WARN] IP:2250 - TX_APP_THREAD_PRIO not found: check if there is a RefParameter without a condition.
2026-01-30 19:12:43,707 [WARN] IP:2250 - TX_APP_STACK_SIZE not found: check if there is a RefParameter without a condition.
2026-01-30 19:12:43,707 [WARN] IP:2250 - TX_SEMAPHORE_NAME not found: check if there is a RefParameter without a condition.
2026-01-30 19:12:43,707 [WARN] IP:2250 - TX_SEMAPHORE_COUNT not found: check if there is a RefParameter without a condition.
2026-01-30 19:12:43,707 [WARN] IP:2250 - TX_MUTEX_NAME not found: check if there is a RefParameter without a condition.
2026-01-30 19:12:43,708 [WARN] IP:2250 - TX_Mutex_INHERITANCE not found: check if there is a RefParameter without a condition.
2026-01-30 19:12:43,708 [WARN] IP:2250 - TX_MSG_QUEUE_NAME not found: check if there is a RefParameter without a condition.
2026-01-30 19:12:43,708 [WARN] IP:2250 - TX_MSG_SIZE_WORDS not found: check if there is a RefParameter without a condition.
2026-01-30 19:12:43,708 [WARN] IP:2250 - TX_NB_MSG not found: check if there is a RefParameter without a condition.
2026-01-30 19:12:56,201 [WARN] IP:2250 - TX_APP_MEM_POOL_SIZE not found: check if there is a RefParameter without a condition.
2026-01-30 19:12:56,201 [WARN] IP:2250 - TX_NO_TIMER not found: check if there is a RefParameter without a condition.
2026-01-30 19:12:56,201 [WARN] IP:2250 - ALIGN_TYPE_VAL not found: check if there is a RefParameter without a condition.
2026-01-30 19:12:56,201 [WARN] IP:2250 - TX_BASEPRI_VALUE not found: check if there is a RefParameter without a condition.
2026-01-30 19:12:56,201 [WARN] IP:2250 - TX_APP_GENERATE_INIT_CODE not found: check if there is a RefParameter without a condition.
2026-01-30 19:12:56,201 [WARN] IP:2250 - TX_APP_CREATION not found: check if there is a RefParameter without a condition.
2026-01-30 19:12:56,201 [WARN] IP:2250 - TX_APP_THREAD_ENTRY not found: check if there is a RefParameter without a condition.
2026-01-30 19:12:56,201 [WARN] IP:2250 - TX_APP_THREAD_NAME not found: check if there is a RefParameter without a condition.
2026-01-30 19:12:56,201 [WARN] IP:2250 - TX_APP_THREAD_PRIO not found: check if there is a RefParameter without a condition.
2026-01-30 19:12:56,201 [WARN] IP:2250 - TX_APP_STACK_SIZE not found: check if there is a RefParameter without a condition.
2026-01-30 19:12:56,201 [WARN] IP:2250 - TX_APP_SEM_CREATION not found: check if there is a RefParameter without a condition.
2026-01-30 19:12:56,201 [WARN] IP:2250 - TX_SEMAPHORE_NAME not found: check if there is a RefParameter without a condition.
2026-01-30 19:12:56,202 [WARN] IP:2250 - TX_SEMAPHORE_COUNT not found: check if there is a RefParameter without a condition.
2026-01-30 19:12:56,202 [WARN] IP:2250 - TX_APP_MUTEX_CREATION not found: check if there is a RefParameter without a condition.
2026-01-30 19:12:56,202 [WARN] IP:2250 - TX_MUTEX_NAME not found: check if there is a RefParameter without a condition.
2026-01-30 19:12:56,202 [WARN] IP:2250 - TX_Mutex_INHERITANCE not found: check if there is a RefParameter without a condition.
2026-01-30 19:12:56,202 [WARN] IP:2250 - TX_APP_MSG_QUEUE_CREATION not found: check if there is a RefParameter without a condition.
2026-01-30 19:12:56,202 [WARN] IP:2250 - TX_MSG_QUEUE_NAME not found: check if there is a RefParameter without a condition.
2026-01-30 19:12:56,202 [WARN] IP:2250 - TX_MSG_SIZE_WORDS not found: check if there is a RefParameter without a condition.
2026-01-30 19:12:56,202 [WARN] IP:2250 - TX_NB_MSG not found: check if there is a RefParameter without a condition.
2026-01-30 19:12:58,086 [WARN] IP:2250 - TX_NO_TIMER not found: check if there is a RefParameter without a condition.
2026-01-30 19:12:58,086 [WARN] IP:2250 - ALIGN_TYPE_VAL not found: check if there is a RefParameter without a condition.
2026-01-30 19:12:58,087 [WARN] IP:2250 - TX_BASEPRI_VALUE not found: check if there is a RefParameter without a condition.
2026-01-30 19:12:58,087 [WARN] IP:2250 - TX_APP_THREAD_ENTRY not found: check if there is a RefParameter without a condition.
2026-01-30 19:12:58,087 [WARN] IP:2250 - TX_APP_THREAD_NAME not found: check if there is a RefParameter without a condition.
2026-01-30 19:12:58,087 [WARN] IP:2250 - TX_APP_THREAD_PRIO not found: check if there is a RefParameter without a condition.
2026-01-30 19:12:58,087 [WARN] IP:2250 - TX_APP_STACK_SIZE not found: check if there is a RefParameter without a condition.
2026-01-30 19:12:58,087 [WARN] IP:2250 - TX_SEMAPHORE_NAME not found: check if there is a RefParameter without a condition.
2026-01-30 19:12:58,087 [WARN] IP:2250 - TX_SEMAPHORE_COUNT not found: check if there is a RefParameter without a condition.
2026-01-30 19:12:58,087 [WARN] IP:2250 - TX_MUTEX_NAME not found: check if there is a RefParameter without a condition.
2026-01-30 19:12:58,087 [WARN] IP:2250 - TX_Mutex_INHERITANCE not found: check if there is a RefParameter without a condition.
2026-01-30 19:12:58,087 [WARN] IP:2250 - TX_MSG_QUEUE_NAME not found: check if there is a RefParameter without a condition.
2026-01-30 19:12:58,087 [WARN] IP:2250 - TX_MSG_SIZE_WORDS not found: check if there is a RefParameter without a condition.
2026-01-30 19:12:58,087 [WARN] IP:2250 - TX_NB_MSG not found: check if there is a RefParameter without a condition.
2026-01-30 19:13:10,074 [INFO] UtilMem:75 - End SaveConfig() Used Memory: 837681368 Bytes (1073741824)
2026-01-30 19:13:11,394 [INFO] UtilMem:75 - End SaveConfig() Used Memory: 855756840 Bytes (1073741824)
2026-01-30 19:13:15,205 [INFO] UtilMem:75 - End SaveConfig() Used Memory: 963762216 Bytes (1073741824)
2026-01-30 19:13:16,112 [INFO] BlockDiagram:2775 - set Specific Code input for plugin: SPI
2026-01-30 19:13:16,112 [INFO] BlockDiagram:2775 - set Specific Code input for plugin: SPI
2026-01-30 19:13:16,113 [INFO] BlockDiagram:2775 - set Specific Code input for plugin: TIM1_8G4
2026-01-30 19:13:16,113 [INFO] BlockDiagram:2775 - set Specific Code input for plugin: SYS
2026-01-30 19:13:16,113 [INFO] BlockDiagram:2775 - set Specific Code input for plugin: ADC
2026-01-30 19:13:16,113 [INFO] BlockDiagram:2775 - set Specific Code input for plugin: RCC
2026-01-30 19:13:16,113 [INFO] BlockDiagram:2775 - set Specific Code input for plugin: I2C
2026-01-30 19:13:16,113 [INFO] BlockDiagram:2775 - set Specific Code input for plugin: STMicroelectronics.X-CUBE-AZRTOS-G4.2.0.0
2026-01-30 19:13:16,113 [INFO] BlockDiagram:2775 - set Specific Code input for plugin: NVIC
2026-01-30 19:13:16,113 [INFO] BlockDiagram:2775 - set Specific Code input for plugin: USART
2026-01-30 19:13:16,113 [INFO] BlockDiagram:2775 - set Specific Code input for plugin: USART
2026-01-30 19:13:16,113 [INFO] BlockDiagram:2775 - set Specific Code input for plugin: DMA
2026-01-30 19:13:16,113 [INFO] BlockDiagram:2775 - set Specific Code input for plugin: TIM1_8G4
2026-01-30 19:13:16,113 [INFO] BlockDiagram:2775 - set Specific Code input for plugin: CORDIC
2026-01-30 19:13:16,114 [INFO] BlockDiagram:2775 - set Specific Code input for plugin: GPIO
2026-01-30 19:13:16,120 [WARN] IP:2250 - TX_NO_TIMER not found: check if there is a RefParameter without a condition.
2026-01-30 19:13:16,120 [WARN] IP:2250 - ALIGN_TYPE_VAL not found: check if there is a RefParameter without a condition.
2026-01-30 19:13:16,121 [WARN] IP:2250 - TX_BASEPRI_VALUE not found: check if there is a RefParameter without a condition.
2026-01-30 19:13:16,121 [WARN] IP:2250 - TX_APP_THREAD_ENTRY not found: check if there is a RefParameter without a condition.
2026-01-30 19:13:16,121 [WARN] IP:2250 - TX_APP_THREAD_NAME not found: check if there is a RefParameter without a condition.
2026-01-30 19:13:16,121 [WARN] IP:2250 - TX_APP_THREAD_PRIO not found: check if there is a RefParameter without a condition.
2026-01-30 19:13:16,121 [WARN] IP:2250 - TX_APP_STACK_SIZE not found: check if there is a RefParameter without a condition.
2026-01-30 19:13:16,121 [WARN] IP:2250 - TX_SEMAPHORE_NAME not found: check if there is a RefParameter without a condition.
2026-01-30 19:13:16,121 [WARN] IP:2250 - TX_SEMAPHORE_COUNT not found: check if there is a RefParameter without a condition.
2026-01-30 19:13:16,121 [WARN] IP:2250 - TX_MUTEX_NAME not found: check if there is a RefParameter without a condition.
2026-01-30 19:13:16,121 [WARN] IP:2250 - TX_Mutex_INHERITANCE not found: check if there is a RefParameter without a condition.
2026-01-30 19:13:16,121 [WARN] IP:2250 - TX_MSG_QUEUE_NAME not found: check if there is a RefParameter without a condition.
2026-01-30 19:13:16,121 [WARN] IP:2250 - TX_MSG_SIZE_WORDS not found: check if there is a RefParameter without a condition.
2026-01-30 19:13:16,121 [WARN] IP:2250 - TX_NB_MSG not found: check if there is a RefParameter without a condition.
2026-01-30 19:13:16,128 [WARN] ThirdPartyIpManager:480 - Condition 'CM4 IAR Condition' not fulfilled in pack 'STMicroelectronics.X-CUBE-AZRTOS-G4.2.0.0'
2026-01-30 19:13:16,128 [WARN] ThirdPartyIpManager:480 - Condition 'CM4 IAR Condition' not fulfilled in pack 'STMicroelectronics.X-CUBE-AZRTOS-G4.2.0.0'
2026-01-30 19:13:16,129 [WARN] ThirdPartyIpManager:480 - Condition 'CM4 IAR Condition' not fulfilled in pack 'STMicroelectronics.X-CUBE-AZRTOS-G4.2.0.0'
2026-01-30 19:13:16,129 [WARN] ThirdPartyIpManager:480 - Condition 'CM4 IAR Condition' not fulfilled in pack 'STMicroelectronics.X-CUBE-AZRTOS-G4.2.0.0'
2026-01-30 19:13:16,129 [WARN] ThirdPartyIpManager:480 - Condition 'CM4 IAR Condition' not fulfilled in pack 'STMicroelectronics.X-CUBE-AZRTOS-G4.2.0.0'
2026-01-30 19:13:16,129 [WARN] ThirdPartyIpManager:480 - Condition 'CM4 IAR Condition' not fulfilled in pack 'STMicroelectronics.X-CUBE-AZRTOS-G4.2.0.0'
2026-01-30 19:13:16,129 [WARN] ThirdPartyIpManager:480 - Condition 'CM4 IAR Condition' not fulfilled in pack 'STMicroelectronics.X-CUBE-AZRTOS-G4.2.0.0'
2026-01-30 19:13:16,129 [WARN] ThirdPartyIpManager:480 - Condition 'CM4 IAR Condition' not fulfilled in pack 'STMicroelectronics.X-CUBE-AZRTOS-G4.2.0.0'
2026-01-30 19:13:16,129 [WARN] ThirdPartyIpManager:480 - Condition 'CM4 IAR Condition' not fulfilled in pack 'STMicroelectronics.X-CUBE-AZRTOS-G4.2.0.0'
2026-01-30 19:13:16,129 [WARN] ThirdPartyIpManager:480 - Condition 'CM4 IAR Condition' not fulfilled in pack 'STMicroelectronics.X-CUBE-AZRTOS-G4.2.0.0'
2026-01-30 19:13:16,129 [WARN] ThirdPartyIpManager:480 - Condition 'CM4 IAR Condition' not fulfilled in pack 'STMicroelectronics.X-CUBE-AZRTOS-G4.2.0.0'
2026-01-30 19:13:16,131 [WARN] ThirdPartyIpManager:480 - Condition 'CM4 ARMC6 Condition' not fulfilled in pack 'STMicroelectronics.X-CUBE-AZRTOS-G4.2.0.0'
2026-01-30 19:13:16,131 [WARN] ThirdPartyIpManager:480 - Condition 'CM4 ARMC6 Condition' not fulfilled in pack 'STMicroelectronics.X-CUBE-AZRTOS-G4.2.0.0'
2026-01-30 19:13:16,131 [WARN] ThirdPartyIpManager:480 - Condition 'CM4 ARMC6 Condition' not fulfilled in pack 'STMicroelectronics.X-CUBE-AZRTOS-G4.2.0.0'
2026-01-30 19:13:16,131 [WARN] ThirdPartyIpManager:480 - Condition 'CM4 ARMC6 Condition' not fulfilled in pack 'STMicroelectronics.X-CUBE-AZRTOS-G4.2.0.0'
2026-01-30 19:13:16,132 [WARN] ThirdPartyIpManager:480 - Condition 'CM4 ARMC6 Condition' not fulfilled in pack 'STMicroelectronics.X-CUBE-AZRTOS-G4.2.0.0'
2026-01-30 19:13:16,132 [WARN] ThirdPartyIpManager:480 - Condition 'CM4 ARMC6 Condition' not fulfilled in pack 'STMicroelectronics.X-CUBE-AZRTOS-G4.2.0.0'
2026-01-30 19:13:16,132 [WARN] ThirdPartyIpManager:480 - Condition 'CM4 ARMC6 Condition' not fulfilled in pack 'STMicroelectronics.X-CUBE-AZRTOS-G4.2.0.0'
2026-01-30 19:13:16,132 [WARN] ThirdPartyIpManager:480 - Condition 'CM4 ARMC6 Condition' not fulfilled in pack 'STMicroelectronics.X-CUBE-AZRTOS-G4.2.0.0'
2026-01-30 19:13:16,132 [WARN] ThirdPartyIpManager:480 - Condition 'CM4 ARMC6 Condition' not fulfilled in pack 'STMicroelectronics.X-CUBE-AZRTOS-G4.2.0.0'
2026-01-30 19:13:16,132 [WARN] ThirdPartyIpManager:480 - Condition 'CM4 ARMC6 Condition' not fulfilled in pack 'STMicroelectronics.X-CUBE-AZRTOS-G4.2.0.0'
2026-01-30 19:13:16,136 [INFO] CodeGenerator:892 - code generatio: config db path: D:\Programy\STM32CubeIDE_1.19.0\STM32CubeIDE\plugins\com.st.stm32cube.common.mx_6.15.0.202507011659\\db\
2026-01-30 19:13:16,596 [INFO] IP:3329 - RTE Config file name : RTE_Component
2026-01-30 19:13:16,596 [INFO] IP:3347 - RTE template : RTE_Components.ftl
2026-01-30 19:13:16,620 [INFO] CodeEngine:265 - oldGeneratedFile, D:\Projekty\TrinityTrack6000\MainControlBoard\STM32\STM32G473CET6\MXTmpFiles\license.tmp_save
2026-01-30 19:13:17,124 [INFO] CodeEngine:289 - Generated code: D:\Projekty\TrinityTrack6000\MainControlBoard\STM32\STM32G473CET6\MXTmpFiles\license.tmp
2026-01-30 19:13:17,375 [INFO] CodeEngine:265 - oldGeneratedFile, D:\Projekty\TrinityTrack6000\MainControlBoard\STM32\STM32G473CET6\MXTmpFiles\gpio.tmp_save
2026-01-30 19:13:17,655 [INFO] CodeEngine:289 - Generated code: D:\Projekty\TrinityTrack6000\MainControlBoard\STM32\STM32G473CET6\MXTmpFiles\gpio.tmp
2026-01-30 19:13:27,723 [INFO] Middleware:1452 - No code input for Bsp Dependency
2026-01-30 19:13:27,746 [INFO] Middleware:1452 - No code input for Bsp Dependency
2026-01-30 19:13:27,755 [INFO] CodeEngine:265 - oldGeneratedFile, D:\Projekty\TrinityTrack6000\MainControlBoard\STM32\STM32G473CET6\Core\Inc\tx_user.h_save
2026-01-30 19:13:27,976 [INFO] CodeEngine:289 - Generated code: D:\Projekty\TrinityTrack6000\MainControlBoard\STM32\STM32G473CET6\Core\Inc\tx_user.h
2026-01-30 19:13:27,999 [INFO] CodeEngine:265 - oldGeneratedFile, D:\Projekty\TrinityTrack6000\MainControlBoard\STM32\STM32G473CET6\Core\Src\tx_initialize_low_level.S_save
2026-01-30 19:13:28,149 [INFO] CodeEngine:289 - Generated code: D:\Projekty\TrinityTrack6000\MainControlBoard\STM32\STM32G473CET6\Core\Src\tx_initialize_low_level.S
2026-01-30 19:13:28,171 [INFO] CodeEngine:265 - oldGeneratedFile, D:\Projekty\TrinityTrack6000\MainControlBoard\STM32\STM32G473CET6\AZURE_RTOS\App\app_azure_rtos_config.h_save
2026-01-30 19:13:28,289 [INFO] CodeEngine:289 - Generated code: D:\Projekty\TrinityTrack6000\MainControlBoard\STM32\STM32G473CET6\AZURE_RTOS\App\app_azure_rtos_config.h
2026-01-30 19:13:28,315 [INFO] CodeEngine:265 - oldGeneratedFile, D:\Projekty\TrinityTrack6000\MainControlBoard\STM32\STM32G473CET6\Core\Src\app_threadx.c_save
2026-01-30 19:13:28,441 [INFO] CodeEngine:289 - Generated code: D:\Projekty\TrinityTrack6000\MainControlBoard\STM32\STM32G473CET6\Core\Src\app_threadx.c
2026-01-30 19:13:28,461 [INFO] CodeEngine:265 - oldGeneratedFile, D:\Projekty\TrinityTrack6000\MainControlBoard\STM32\STM32G473CET6\Core\Inc\app_threadx.h_save
2026-01-30 19:13:28,568 [INFO] CodeEngine:289 - Generated code: D:\Projekty\TrinityTrack6000\MainControlBoard\STM32\STM32G473CET6\Core\Inc\app_threadx.h
2026-01-30 19:13:28,590 [INFO] CodeEngine:265 - oldGeneratedFile, D:\Projekty\TrinityTrack6000\MainControlBoard\STM32\STM32G473CET6\AZURE_RTOS\App\app_azure_rtos.c_save
2026-01-30 19:13:28,701 [INFO] CodeEngine:289 - Generated code: D:\Projekty\TrinityTrack6000\MainControlBoard\STM32\STM32G473CET6\AZURE_RTOS\App\app_azure_rtos.c
2026-01-30 19:13:28,722 [INFO] CodeEngine:265 - oldGeneratedFile, D:\Projekty\TrinityTrack6000\MainControlBoard\STM32\STM32G473CET6\AZURE_RTOS\App\app_azure_rtos.h_save
2026-01-30 19:13:28,814 [INFO] CodeEngine:289 - Generated code: D:\Projekty\TrinityTrack6000\MainControlBoard\STM32\STM32G473CET6\AZURE_RTOS\App\app_azure_rtos.h
2026-01-30 19:13:29,699 [INFO] CodeEngine:265 - oldGeneratedFile, D:\Projekty\TrinityTrack6000\MainControlBoard\STM32\STM32G473CET6\MXTmpFiles\dma.tmp_save
2026-01-30 19:13:29,859 [INFO] CodeEngine:289 - Generated code: D:\Projekty\TrinityTrack6000\MainControlBoard\STM32\STM32G473CET6\MXTmpFiles\dma.tmp
2026-01-30 19:13:29,875 [INFO] CodeEngine:265 - oldGeneratedFile, D:\Projekty\TrinityTrack6000\MainControlBoard\STM32\STM32G473CET6\MXTmpFiles\dma_GV.tmp_save
2026-01-30 19:13:29,935 [INFO] CodeEngine:289 - Generated code: D:\Projekty\TrinityTrack6000\MainControlBoard\STM32\STM32G473CET6\MXTmpFiles\dma_GV.tmp
2026-01-30 19:13:29,960 [INFO] CodeEngine:265 - oldGeneratedFile, D:\Projekty\TrinityTrack6000\MainControlBoard\STM32\STM32G473CET6\Core\Src\stm32g4xx_it.c_save
2026-01-30 19:13:30,213 [INFO] CodeEngine:289 - Generated code: D:\Projekty\TrinityTrack6000\MainControlBoard\STM32\STM32G473CET6\Core\Src\stm32g4xx_it.c
2026-01-30 19:13:30,221 [INFO] CodeEngine:265 - oldGeneratedFile, D:\Projekty\TrinityTrack6000\MainControlBoard\STM32\STM32G473CET6\Core\Inc\stm32g4xx_it.h_save
2026-01-30 19:13:30,331 [INFO] CodeEngine:289 - Generated code: D:\Projekty\TrinityTrack6000\MainControlBoard\STM32\STM32G473CET6\Core\Inc\stm32g4xx_it.h
2026-01-30 19:13:30,337 [INFO] IP:3329 - RTE Config file name : RTE_Component
2026-01-30 19:13:30,337 [INFO] IP:3347 - RTE template : RTE_Components.ftl
2026-01-30 19:13:30,337 [INFO] CodeGenerator:2312 - Add RTE Code Input 
2026-01-30 19:13:30,343 [INFO] CodeEngine:265 - oldGeneratedFile, D:\Projekty\TrinityTrack6000\MainControlBoard\STM32\STM32G473CET6\Core\Inc\RTE_Components.h_save
2026-01-30 19:13:30,497 [INFO] CodeEngine:289 - Generated code: D:\Projekty\TrinityTrack6000\MainControlBoard\STM32\STM32G473CET6\Core\Inc\RTE_Components.h
2026-01-30 19:13:30,530 [INFO] CodeEngine:265 - oldGeneratedFile, D:\Projekty\TrinityTrack6000\MainControlBoard\STM32\STM32G473CET6\Core\Src\stm32g4xx_hal_msp.c_save
2026-01-30 19:13:30,835 [INFO] CodeEngine:289 - Generated code: D:\Projekty\TrinityTrack6000\MainControlBoard\STM32\STM32G473CET6\Core\Src\stm32g4xx_hal_msp.c
2026-01-30 19:13:30,850 [INFO] CodeEngine:265 - oldGeneratedFile, D:\Projekty\TrinityTrack6000\MainControlBoard\STM32\STM32G473CET6\MXTmpFiles\system.tmp_save
2026-01-30 19:13:30,926 [INFO] CodeEngine:289 - Generated code: D:\Projekty\TrinityTrack6000\MainControlBoard\STM32\STM32G473CET6\MXTmpFiles\system.tmp
2026-01-30 19:13:30,941 [INFO] CodeEngine:265 - oldGeneratedFile, D:\Projekty\TrinityTrack6000\MainControlBoard\STM32\STM32G473CET6\Core\Src\stm32g4xx_hal_timebase_tim.c_save
2026-01-30 19:13:31,057 [INFO] CodeEngine:289 - Generated code: D:\Projekty\TrinityTrack6000\MainControlBoard\STM32\STM32G473CET6\Core\Src\stm32g4xx_hal_timebase_tim.c
2026-01-30 19:13:31,071 [INFO] CodeEngine:321 - oldGeneratedFile, D:\Projekty\TrinityTrack6000\MainControlBoard\STM32\STM32G473CET6\Core\Inc\stm32g4xx_hal_conf.h_save
2026-01-30 19:13:31,230 [INFO] CodeEngine:345 - Generated code: D:\Projekty\TrinityTrack6000\MainControlBoard\STM32\STM32G473CET6\Core\Inc\stm32g4xx_hal_conf.h
2026-01-30 19:13:31,276 [WARN] IPConfigManager:3238 - Warning: the RefConfig RCC_CommonPeriphClockConfig is not available in your config.xml file
2026-01-30 19:13:31,284 [INFO] ApiDbMcu:532 - Load IP Config File for ADC1
2026-01-30 19:13:31,286 [INFO] ApiDbMcu:532 - Load IP Config File for CORDIC
2026-01-30 19:13:31,289 [INFO] ApiDbMcu:532 - Load IP Config File for I2C2
2026-01-30 19:13:31,293 [INFO] ApiDbMcu:532 - Load IP Config File for SPI1
2026-01-30 19:13:31,296 [INFO] ApiDbMcu:532 - Load IP Config File for SPI2
2026-01-30 19:13:31,324 [INFO] ApiDbMcu:532 - Load IP Config File for TIM3
2026-01-30 19:13:31,339 [INFO] ApiDbMcu:532 - Load IP Config File for TIM8
2026-01-30 19:13:31,349 [INFO] ApiDbMcu:532 - Load IP Config File for USART1
2026-01-30 19:13:31,359 [INFO] ApiDbMcu:532 - Load IP Config File for USART2
2026-01-30 19:13:31,362 [INFO] ApiDbMcu:532 - Load IP Config File for RCC
2026-01-30 19:13:31,365 [WARN] IPConfigManager:3811 - IP not found : TIM
2026-01-30 19:13:31,366 [WARN] CodeGenerator:4259 - IP not found : null
2026-01-30 19:13:31,376 [INFO] CodeEngine:265 - oldGeneratedFile, D:\Projekty\TrinityTrack6000\MainControlBoard\STM32\STM32G473CET6\Core\Inc\main.h_save
2026-01-30 19:13:31,570 [INFO] CodeEngine:289 - Generated code: D:\Projekty\TrinityTrack6000\MainControlBoard\STM32\STM32G473CET6\Core\Inc\main.h
2026-01-30 19:13:31,587 [INFO] CodeEngine:265 - oldGeneratedFile, D:\Projekty\TrinityTrack6000\MainControlBoard\STM32\STM32G473CET6\Core\Src\main.c_save
2026-01-30 19:13:31,841 [INFO] CodeEngine:289 - Generated code: D:\Projekty\TrinityTrack6000\MainControlBoard\STM32\STM32G473CET6\Core\Src\main.c
2026-01-30 19:13:32,343 [INFO] ProjectBuilder:3606 - Time for Copy HAL[1] : 278mS.
2026-01-30 19:13:32,343 [ERROR] Middleware:2950 - Invalid RefComponent list
2026-01-30 19:13:32,344 [ERROR] Middleware:2950 - Invalid RefComponent list
2026-01-30 19:13:32,344 [ERROR] Middleware:2950 - Invalid RefComponent list
2026-01-30 19:13:32,344 [ERROR] Middleware:2950 - Invalid RefComponent list
2026-01-30 19:13:32,344 [ERROR] Middleware:2950 - Invalid RefComponent list
2026-01-30 19:13:32,344 [ERROR] Middleware:2950 - Invalid RefComponent list
2026-01-30 19:13:32,344 [ERROR] Middleware:2950 - Invalid RefComponent list
2026-01-30 19:13:32,344 [ERROR] Middleware:2950 - Invalid RefComponent list
2026-01-30 19:13:32,344 [ERROR] Middleware:2950 - Invalid RefComponent list
2026-01-30 19:13:32,344 [ERROR] Middleware:2950 - Invalid RefComponent list
2026-01-30 19:13:32,344 [ERROR] Middleware:2950 - Invalid RefComponent list
2026-01-30 19:13:32,344 [ERROR] Middleware:2950 - Invalid RefComponent list
2026-01-30 19:13:32,344 [ERROR] Middleware:2950 - Invalid RefComponent list
2026-01-30 19:13:32,344 [ERROR] Middleware:2950 - Invalid RefComponent list
2026-01-30 19:13:32,344 [ERROR] Middleware:2950 - Invalid RefComponent list
2026-01-30 19:13:32,344 [ERROR] Middleware:2950 - Invalid RefComponent list
2026-01-30 19:13:32,344 [ERROR] Middleware:2950 - Invalid RefComponent list
2026-01-30 19:13:32,344 [ERROR] Middleware:2950 - Invalid RefComponent list
2026-01-30 19:13:32,344 [ERROR] Middleware:2950 - Invalid RefComponent list
2026-01-30 19:13:32,344 [ERROR] Middleware:2950 - Invalid RefComponent list
2026-01-30 19:13:32,344 [ERROR] Middleware:2950 - Invalid RefComponent list
2026-01-30 19:13:32,344 [ERROR] Middleware:2950 - Invalid RefComponent list
2026-01-30 19:13:32,345 [ERROR] Middleware:2950 - Invalid RefComponent list
2026-01-30 19:13:32,345 [ERROR] Middleware:2950 - Invalid RefComponent list
2026-01-30 19:13:32,345 [ERROR] Middleware:2950 - Invalid RefComponent list
2026-01-30 19:13:32,345 [ERROR] Middleware:2950 - Invalid RefComponent list
2026-01-30 19:13:32,345 [ERROR] Middleware:2950 - Invalid RefComponent list
2026-01-30 19:13:32,345 [ERROR] Middleware:2950 - Invalid RefComponent list
2026-01-30 19:13:32,345 [ERROR] Middleware:2950 - Invalid RefComponent list
2026-01-30 19:13:32,345 [ERROR] Middleware:2950 - Invalid RefComponent list
2026-01-30 19:13:32,345 [ERROR] Middleware:2950 - Invalid RefComponent list
2026-01-30 19:13:32,345 [ERROR] Middleware:2950 - Invalid RefComponent list
2026-01-30 19:13:32,345 [ERROR] Middleware:2950 - Invalid RefComponent list
2026-01-30 19:13:32,345 [ERROR] Middleware:2950 - Invalid RefComponent list
2026-01-30 19:13:32,346 [ERROR] Middleware:2950 - Invalid RefComponent list
2026-01-30 19:13:32,346 [ERROR] Middleware:2950 - Invalid RefComponent list
2026-01-30 19:13:32,346 [ERROR] Middleware:2950 - Invalid RefComponent list
2026-01-30 19:13:32,346 [ERROR] Middleware:2950 - Invalid RefComponent list
2026-01-30 19:13:32,346 [ERROR] Middleware:2950 - Invalid RefComponent list
2026-01-30 19:13:32,346 [ERROR] Middleware:2950 - Invalid RefComponent list
2026-01-30 19:13:32,346 [ERROR] Middleware:2950 - Invalid RefComponent list
2026-01-30 19:13:32,346 [ERROR] Middleware:2950 - Invalid RefComponent list
2026-01-30 19:13:32,346 [ERROR] Middleware:2950 - Invalid RefComponent list
2026-01-30 19:13:32,346 [ERROR] Middleware:2950 - Invalid RefComponent list
2026-01-30 19:13:32,346 [ERROR] Middleware:2950 - Invalid RefComponent list
2026-01-30 19:13:32,346 [ERROR] Middleware:2950 - Invalid RefComponent list
2026-01-30 19:13:32,346 [ERROR] Middleware:2950 - Invalid RefComponent list
2026-01-30 19:13:32,347 [ERROR] Middleware:2950 - Invalid RefComponent list
2026-01-30 19:13:32,347 [ERROR] Middleware:2950 - Invalid RefComponent list
2026-01-30 19:13:32,347 [ERROR] Middleware:2950 - Invalid RefComponent list
2026-01-30 19:13:32,347 [ERROR] Middleware:2950 - Invalid RefComponent list
2026-01-30 19:13:32,347 [ERROR] Middleware:2950 - Invalid RefComponent list
2026-01-30 19:13:32,347 [ERROR] Middleware:2950 - Invalid RefComponent list
2026-01-30 19:13:32,347 [ERROR] Middleware:2950 - Invalid RefComponent list
2026-01-30 19:13:32,347 [ERROR] Middleware:2950 - Invalid RefComponent list
2026-01-30 19:13:32,347 [ERROR] Middleware:2950 - Invalid RefComponent list
2026-01-30 19:13:32,347 [ERROR] Middleware:2950 - Invalid RefComponent list
2026-01-30 19:13:32,347 [ERROR] Middleware:2950 - Invalid RefComponent list
2026-01-30 19:13:32,347 [ERROR] Middleware:2950 - Invalid RefComponent list
2026-01-30 19:13:32,347 [ERROR] Middleware:2950 - Invalid RefComponent list
2026-01-30 19:13:32,347 [ERROR] Middleware:2950 - Invalid RefComponent list
2026-01-30 19:13:32,347 [ERROR] Middleware:2950 - Invalid RefComponent list
2026-01-30 19:13:32,347 [ERROR] Middleware:2950 - Invalid RefComponent list
2026-01-30 19:13:32,347 [ERROR] Middleware:2950 - Invalid RefComponent list
2026-01-30 19:13:32,347 [ERROR] Middleware:2950 - Invalid RefComponent list
2026-01-30 19:13:32,347 [ERROR] Middleware:2950 - Invalid RefComponent list
2026-01-30 19:13:32,347 [ERROR] Middleware:2950 - Invalid RefComponent list
2026-01-30 19:13:32,347 [ERROR] Middleware:2950 - Invalid RefComponent list
2026-01-30 19:13:32,348 [ERROR] Middleware:2950 - Invalid RefComponent list
2026-01-30 19:13:32,348 [ERROR] Middleware:2950 - Invalid RefComponent list
2026-01-30 19:13:32,348 [ERROR] Middleware:2950 - Invalid RefComponent list
2026-01-30 19:13:32,348 [ERROR] Middleware:2950 - Invalid RefComponent list
2026-01-30 19:13:32,348 [ERROR] Middleware:2950 - Invalid RefComponent list
2026-01-30 19:13:32,348 [ERROR] Middleware:2950 - Invalid RefComponent list
2026-01-30 19:13:32,348 [ERROR] Middleware:2950 - Invalid RefComponent list
2026-01-30 19:13:32,348 [ERROR] Middleware:2950 - Invalid RefComponent list
2026-01-30 19:13:32,349 [ERROR] Middleware:2950 - Invalid RefComponent list
2026-01-30 19:13:32,349 [ERROR] Middleware:2950 - Invalid RefComponent list
2026-01-30 19:13:32,349 [ERROR] Middleware:2950 - Invalid RefComponent list
2026-01-30 19:13:32,349 [ERROR] Middleware:2950 - Invalid RefComponent list
2026-01-30 19:13:32,349 [ERROR] Middleware:2950 - Invalid RefComponent list
2026-01-30 19:13:32,349 [ERROR] Middleware:2950 - Invalid RefComponent list
2026-01-30 19:13:32,349 [ERROR] Middleware:2950 - Invalid RefComponent list
2026-01-30 19:13:32,349 [ERROR] Middleware:2950 - Invalid RefComponent list
2026-01-30 19:13:32,349 [ERROR] Middleware:2950 - Invalid RefComponent list
2026-01-30 19:13:32,349 [ERROR] Middleware:2950 - Invalid RefComponent list
2026-01-30 19:13:32,349 [ERROR] Middleware:2950 - Invalid RefComponent list
2026-01-30 19:13:32,349 [ERROR] Middleware:2950 - Invalid RefComponent list
2026-01-30 19:13:32,351 [WARN] ThirdPartyIpManager:480 - Condition 'CM4 IAR Condition' not fulfilled in pack 'STMicroelectronics.X-CUBE-AZRTOS-G4.2.0.0'
2026-01-30 19:13:32,351 [WARN] ThirdPartyIpManager:480 - Condition 'CM4 IAR Condition' not fulfilled in pack 'STMicroelectronics.X-CUBE-AZRTOS-G4.2.0.0'
2026-01-30 19:13:32,351 [WARN] ThirdPartyIpManager:480 - Condition 'CM4 IAR Condition' not fulfilled in pack 'STMicroelectronics.X-CUBE-AZRTOS-G4.2.0.0'
2026-01-30 19:13:32,351 [WARN] ThirdPartyIpManager:480 - Condition 'CM4 IAR Condition' not fulfilled in pack 'STMicroelectronics.X-CUBE-AZRTOS-G4.2.0.0'
2026-01-30 19:13:32,351 [WARN] ThirdPartyIpManager:480 - Condition 'CM4 IAR Condition' not fulfilled in pack 'STMicroelectronics.X-CUBE-AZRTOS-G4.2.0.0'
2026-01-30 19:13:32,351 [WARN] ThirdPartyIpManager:480 - Condition 'CM4 IAR Condition' not fulfilled in pack 'STMicroelectronics.X-CUBE-AZRTOS-G4.2.0.0'
2026-01-30 19:13:32,351 [WARN] ThirdPartyIpManager:480 - Condition 'CM4 IAR Condition' not fulfilled in pack 'STMicroelectronics.X-CUBE-AZRTOS-G4.2.0.0'
2026-01-30 19:13:32,351 [WARN] ThirdPartyIpManager:480 - Condition 'CM4 IAR Condition' not fulfilled in pack 'STMicroelectronics.X-CUBE-AZRTOS-G4.2.0.0'
2026-01-30 19:13:32,351 [WARN] ThirdPartyIpManager:480 - Condition 'CM4 IAR Condition' not fulfilled in pack 'STMicroelectronics.X-CUBE-AZRTOS-G4.2.0.0'
2026-01-30 19:13:32,351 [WARN] ThirdPartyIpManager:480 - Condition 'CM4 IAR Condition' not fulfilled in pack 'STMicroelectronics.X-CUBE-AZRTOS-G4.2.0.0'
2026-01-30 19:13:32,351 [WARN] ThirdPartyIpManager:480 - Condition 'CM4 IAR Condition' not fulfilled in pack 'STMicroelectronics.X-CUBE-AZRTOS-G4.2.0.0'
2026-01-30 19:13:32,352 [WARN] ThirdPartyIpManager:480 - Condition 'CM4 ARMC6 Condition' not fulfilled in pack 'STMicroelectronics.X-CUBE-AZRTOS-G4.2.0.0'
2026-01-30 19:13:32,352 [WARN] ThirdPartyIpManager:480 - Condition 'CM4 ARMC6 Condition' not fulfilled in pack 'STMicroelectronics.X-CUBE-AZRTOS-G4.2.0.0'
2026-01-30 19:13:32,352 [WARN] ThirdPartyIpManager:480 - Condition 'CM4 ARMC6 Condition' not fulfilled in pack 'STMicroelectronics.X-CUBE-AZRTOS-G4.2.0.0'
2026-01-30 19:13:32,352 [WARN] ThirdPartyIpManager:480 - Condition 'CM4 ARMC6 Condition' not fulfilled in pack 'STMicroelectronics.X-CUBE-AZRTOS-G4.2.0.0'
2026-01-30 19:13:32,352 [WARN] ThirdPartyIpManager:480 - Condition 'CM4 ARMC6 Condition' not fulfilled in pack 'STMicroelectronics.X-CUBE-AZRTOS-G4.2.0.0'
2026-01-30 19:13:32,352 [WARN] ThirdPartyIpManager:480 - Condition 'CM4 ARMC6 Condition' not fulfilled in pack 'STMicroelectronics.X-CUBE-AZRTOS-G4.2.0.0'
2026-01-30 19:13:32,352 [WARN] ThirdPartyIpManager:480 - Condition 'CM4 ARMC6 Condition' not fulfilled in pack 'STMicroelectronics.X-CUBE-AZRTOS-G4.2.0.0'
2026-01-30 19:13:32,352 [WARN] ThirdPartyIpManager:480 - Condition 'CM4 ARMC6 Condition' not fulfilled in pack 'STMicroelectronics.X-CUBE-AZRTOS-G4.2.0.0'
2026-01-30 19:13:32,352 [WARN] ThirdPartyIpManager:480 - Condition 'CM4 ARMC6 Condition' not fulfilled in pack 'STMicroelectronics.X-CUBE-AZRTOS-G4.2.0.0'
2026-01-30 19:13:32,352 [WARN] ThirdPartyIpManager:480 - Condition 'CM4 ARMC6 Condition' not fulfilled in pack 'STMicroelectronics.X-CUBE-AZRTOS-G4.2.0.0'
2026-01-30 19:13:32,643 [INFO] ProjectBuilder:9437 - Time for Copy ThirdParty[1] : 288mS.
2026-01-30 19:13:32,657 [INFO] ProjectBuilder:5216 - Project Generator version: 4.7.0-B52
2026-01-30 19:13:32,759 [INFO] ConfigFileManager:1595 - The Die is : DIE469
2026-01-30 19:13:32,773 [INFO] ApiDbMcu:532 - Load IP Config File for FATFS
2026-01-30 19:13:32,792 [INFO] ApiDbMcu:532 - Load IP Config File for FREERTOS
2026-01-30 19:13:32,809 [INFO] ApiDbMcu:532 - Load IP Config File for USBPD
2026-01-30 19:13:32,833 [INFO] ApiDbMcu:532 - Load IP Config File for USB_DEVICE
2026-01-30 19:13:33,901 [INFO] LogOutputStream:77 - [STDOUT_REDIRECT] 
2026-01-30 19:13:37,835 [INFO] ProjectBuilder:5496 - Time for Generating toolchain IDE Files: 5177mS.
2026-01-30 19:13:37,837 [INFO] ProjectBuilder:3463 - Time for Copy CMSIS : 1mS.
2026-01-30 19:13:37,843 [INFO] ProjectBuilder:3463 - Time for Copy CMSIS : 0mS.
2026-01-30 19:21:10,757 [ERROR] LogOutputStream:75 - [STDERR_REDIRECT] 
